text,label
"ನನಗೆ ತುಂಬಾ ದುಃಖವಾಗಿದೆ, ಏನು ಮಾಡಬೇಕೆಂದು ತಿಳಿಯುತ್ತಿಲ್ಲ",Sadness
ನಾನು ಇದನ್ನು ನೋಡಿ ಆಶ್ಚರ್ಯಚಕಿತನಾದೆ!,Surprise
ಇದು ನೋಡಲು ಅಸಹ್ಯವಾಗಿದೆ,Disgust
"ಒಲವು ಅಥವಾ ಪಕ್ಷಪಾತದ ಕಾರಣದಿಂದ ವ್ಯಕ್ತಿಗಳು ಅನ್ಯಾಯವಾಗಿ ವರ್ತಿಸಿದಾಗ ಅದು ಕೋಪೋದ್ರಿಕ್ತವಾಗಿ ವರ್ತಿಸುತ್ತದೆ, ಇದು ಆಕ್ರೋಶ ಭಾವನೆಯನ್ನು ಉಂಟುಮಾಡುತ್ತದೆ.",Anger
ನನಗೆ ಅವನ ಧರ್ಮದ ಮೇಲೆ ದ್ವೇಷ ಹುಟ್ಟಿದೆ.,Anger
4. ನಿರ್ಣಯ ಅಥವಾ ಚಿಕಿತ್ಸೆಯಲ್ಲಿ ಪಕ್ಷಪಾತವನ್ನು  ಅನುಭವಿಸುವುದು ಒಳಾಂಗಗಳ ಕೋಪವನ್ನು ಪ್ರಚೋದಿಸುತ್ತದೆ.,Anger
5. ಪಕ್ಷಪಾತದ ಕಾರಣದಿಂದ  ಕಡೆಗಣಿಸಲ್ಪಟ್ಟಿರುವ ಗ್ರಹಿಕೆಯು ಆಳವಾದ ಕೋಪ ಮತ್ತು ದ್ರೋಹದ ಭಾವನೆಯನ್ನು ಪ್ರಚೋದಿಸುತ್ತದೆ.,Anger
"6. ವೈಯಕ್ತಿಕ ಪಕ್ಷಪಾತಗಳ ಆಧಾರದ ಮೇಲೆ ವ್ಯಕ್ತಿಗಳಿಗೆ ಆದ್ಯತೆ ನೀಡಿದಾಗ ಅದು ಕೋಪವನ್ನು ಉಂಟುಮಾಡುತ್ತದೆ, ಇದು ಕೋಪದ ಭಾವನೆಗಳಿಗೆ ಕಾರಣವಾಗುತ್ತದೆ.",Anger
"7. ಇತರರ ಪಕ್ಷಪಾತದ  ಕ್ರಮಗಳು ಕೋಪ ಮತ್ತು ಅಸಮಾಧಾನವನ್ನು ಕೆರಳಿಸಬಹುದು, ವಿಶೇಷವಾಗಿ ಅವರು ಅಸಮಾನ ಚಿಕಿತ್ಸೆಗೆ ಕಾರಣವಾಗುತ್ತಾರೆ.",Anger
8. ಸಮಾನ ಅವಕಾಶಗಳ ನಿರಾಕರಣೆದಿಂದಾಗಿ  ನ್ಯಾಯದ ಕೋಪ ಮತ್ತು ನ್ಯಾಯದ ಆವೇಶ ಉತ್ತೇಜಿಸುತ್ತದೆ.,Anger
9. ಇತರರ ಮೇಲೆ ಪಕ್ಷಪಾತದ ಋಣಾತ್ಮಕ ಪರಿಣಾಮಗಳಿಗೆ ಸಾಕ್ಷಿಯಾಗುವುದು ಅನ್ಯಾಯ ಮತ್ತು ಹಾನಿಯ ಬಗ್ಗೆ ಕೋಪ ಮತ್ತು ದ್ವೇಷವನ್ನು ಪ್ರಚೋದಿಸುತ್ತದೆ.,Anger
ಪಕ್ಷಪಾತವು ನಿರ್ಧಾರಗಳು ಮತ್ತು ಕ್ರಿಯೆಗಳ ಮೇಲೆ ಪ್ರಭಾವ ಎಂಬ ಅರಿವು ಕೋಪ ಮತ್ತು ಭ್ರಮನಿರಸನವನ್ನು ಕೆರಳಿಸಬಹುದು.,Anger
11. ನಿರ್ಧಾರ ತೆಗೆದುಕೊಳ್ಳುವಲ್ಲಿ ನ್ಯಾಯಸಮ್ಮತತೆ ಮತ್ತು ನಿಷ್ಪಕ್ಷಪಾತದ ಕೊರತೆಯ ಗ್ರಹಿಕೆಯು ಕೋಪ ಮತ್ತು ಅಪನಂಬಿಕೆಯ ಭಾವವನ್ನು ಹೊತ್ತಿಸಬಹುದು.,Anger
"12. ವ್ಯಕ್ತಿಗಳು ಒಲವು ತೋರಿಸಲು ತಮ್ಮ ಅಧಿಕಾರವನ್ನು ದುರುಪಯೋಗಪಡಿಸಿಕೊಂಡಾಗ ಅದು ಕೆರಳಿಸುತ್ತದೆ, ಇದು ಅನ್ಯಾಯ ಮತ್ತು ಕೋಪದ ಭಾವನೆಯನ್ನು ಉಂಟುಮಾಡುತ್ತದೆ.",Anger
13. ಪಕ್ಷಪಾತದ ಕಾರಣದಿಂದ ಕೆಲವು ವ್ಯಕ್ತಿಗಳಿಗೆ ನೀಡಲಾದ ಅನ್ಯಾಯದ ಅನುಕೂಲಗಳು ಅಥವಾ ಸವಲತ್ತುಗಳು ಕಡೆಗಣಿಸಲ್ಪಟ್ಟವರಲ್ಲಿ ಕೋಪ ಮತ್ತು ದ್ವೇಷ ಭಾವನೆಗಳನ್ನು ಉಂಟುಮಾಡಬಹುದು.,Anger
14. ಪಕ್ಷಪಾತದಿಂದ ಉಂಟಾಗುವ ಅಸಮಾನ ಚಿಕಿತ್ಸೆ ಅಥವಾ ಅವಕಾಶಗಳು ಅದನ್ನು ಶಾಶ್ವತಗೊಳಿಸುವವರ ಕಡೆಗೆ ಕೋಪ ಮತ್ತು ಅಸಮಾಧಾನವನ್ನು ಉಂಟುಮಾಡಬಹುದು.,Anger
15. ವೈಯಕ್ತಿಕ ಪಕ್ಷಪಾತಗಳ ಕಾರಣದಿಂದ ವ್ಯಕ್ತಿಗಳಿಗೆ ಸಮಾನ ಚಿಕಿತ್ಸೆ ಅಥವಾ ಅವಕಾಶಗಳನ್ನು ನಿರಾಕರಿಸಿದಾಗ ಕೋಪ ಮತ್ತು ಆವೇಶ ಭಾವಕ್ಕೆ ಕಾರಣ.,Anger
16. ಜೀವನದ ವಿವಿಧ ಅಂಶಗಳಲ್ಲಿ ಪಕ್ಷಪಾತದ ನಿರಂತರ ಉಪಸ್ಥಿತಿಯು ನ್ಯಾಯಸಮ್ಮತತೆ ಮತ್ತು ಸಮಾನತೆಯ ಕೊರತೆಯಿಂದ ಕೋಪ ಮತ್ತು ಆವೇಶ ಭಾವನೆಯನ್ನು ಉಂಟುಮಾಡುತ್ತದೆ.,Anger
17. ವ್ಯಕ್ತಿಗಳು ಅಥವಾ ಗುಂಪುಗಳ ಮೇಲೆ ಪಕ್ಷಪಾತದ ಋಣಾತ್ಮಕ ಪ್ರಭಾವಕ್ಕೆ ಸಾಕ್ಷಿಯಾಗುವುದು ಕೋಪ ಮತ್ತು ಅದನ್ನು ಸವಾಲು ಮಾಡಲು ಮತ್ತು ಎದುರಿಸಲು ನಿರ್ಣಯವನ್ನು ಉಂಟುಮಾಡಬಹುದು.,Anger
18. ಪಕ್ಷಪಾತದಿಂದ ಉಂಟಾದ ಹಾನಿಯ ಗುರುತಿಸುವಿಕೆ ಇನ್ನೂ ಕೋಪದ ಸಂಖ್ಯೆಯನ್ನು ಮತ್ತು ನ್ಯಾಯ ಮತ್ತು ಸಮಾನತೆಗೆ ಚಾಲನೆಯನ್ನು ಉಂಟುಮಾಡಬಹುದು.,Anger
19. ಪಕ್ಷಪಾತವನ್ನು ಒಪ್ಪಿಕೊಳ್ಳಲು ಮತ್ತು ಪರಿಹರಿಸಲು ಇಷ್ಟವಿಲ್ಲದಿರುವುದು ಅಥವಾ ನಿರಾಕರಣೆ ಕೋಪ ಮತ್ತು ಕ್ರೋದ ತೀವ್ರಗೊಳಿಸುವುದು.,Anger
20. ಪಕ್ಷಪಾತಕ್ಕೆ ಸಂಬಂಧಿಸಿದ ಎರಡು ಸ್ಥಳಗಳು ಮತ್ತು ಬೂಟಾಟಿಕೆಗಳು ಅದರಲ್ಲಿ ತೊಡಗಿರುವವರ ಕಡೆಗೆ ಕೋಪ ಮತ್ತು ಅಸಮಾಧಾನವನ್ನು ಉಂಟುಮಾಡುತ್ತವೆ.,Anger
"21. ವ್ಯಕ್ತಿಗಳ ನಿರ್ಧಾರ ತೆಗೆದುಕೊಳ್ಳುವಲ್ಲಿ ಅಥವಾ ಚಿಕಿತ್ಸೆಯಲ್ಲಿ ಒಲವು ಅಥವಾ ಪಕ್ಷಪಾತವನ್ನು ತೋರಿಸಿದಾಗ ಅದು ಕೆರಳಿಸುತ್ತದೆ, ಇದು ಕ್ರೋದ ಮತ್ತು ಕೋಪದ ಭಾವನೆಗಳನ್ನು ಉಂಟುಮಾಡುತ್ತದೆ.",Anger
22. ಪಕ್ಷಪಾತದ ನಿರಾಕರಣೆ ಅಥವಾ ವಜಾಗೊಳಿಸುವುದರ ಜೊತೆಗೆ ಅದನ್ನು ಶಾಶ್ವತಗೊಳಿಸುವವರ ಕಡೆಗೆ ಕೋಪ ಮತ್ತು ಅಸಮಾಧಾನವನ್ನು ತೀವ್ರಗೊಳಿಸುತ್ತದೆ.,Anger
23. ಅಂಚಿನಲ್ಲಿರುವ ವ್ಯಕ್ತಿಗಳು ಅಥವಾ ಗುಂಪುಗಳ ಮೇಲೆ ಪಕ್ಷಪಾತದ ಋಣಾತ್ಮಕ ಪರಿಣಾಮಗಳಿಗೆ ಸಾಕ್ಷಿಯಾಗುವುದು ಕೋಪದ ಭಾವನೆ ಮತ್ತು ಅದರ ವಿರುದ್ಧ ಹೋರಾಡುವ ನಿರ್ಣಯವನ್ನು ಹೆಚ್ಚಿಸುತ್ತದೆ.,Anger
24. ಪಕ್ಷಪಾತವು ನ್ಯಾಯಸಮ್ಮತತೆ ಮತ್ತು ಸಮಾನತೆಯನ್ನು ದುರ್ಬಲಗೊಳಿಸುತ್ತದೆ ಎಂಬ ಗುರುತಿಸುವಿಕೆ ಇನ್ನೂ ಕೋಪದ ಬಲವಾದ ಅರ್ಥವನ್ನು ಮತ್ತು ಬದಲಾವಣೆಯ ಕರೆಯನ್ನು ಉಂಟುಮಾಡುತ್ತದೆ.,Anger
25. ಪಕ್ಷಪಾತದ ಕಾರಣದಿಂದ ಅನ್ಯಾಯವಾಗಿ ಅಥವಾ ಕಡೆಗಣಿಸಲಾಗಿದೆ ಎಂಬ ಗ್ರಹಿಕೆಯು ನಿಷ್ಪಕ್ಷಪಾತ ಮತ್ತು ನ್ಯಾಯಸಮ್ಮತತೆಯ ಕೊರತೆಯಿಂದ ಆಳವಾದ ಕೋಪ ಮತ್ತು ಹತಾಶೆಯನ್ನು ಪ್ರಚೋದಿಸುತ್ತದೆ.,Anger
"1. ಮೊಬೈಲ್ ಫೋನ್ ಚಟವು ಕೋಪವನ್ನು ಉಂಟುಮಾಡುತ್ತದೆ ಏಕೆಂದರೆ ಅದು ಒಬ್ಬರ ಆರೋಗ್ಯ, ಸಂಬಂಧಗಳು ಮತ್ತು ಉತ್ಪಾದಕತೆಯ ಮೇಲೆ ಋಣಾತ್ಮಕ ಪರಿಣಾಮ ಬೀರುತ್ತದೆ.",Anger
2. ಜನರು ತಮ್ಮ ಸುತ್ತಮುತ್ತಲಿನ ಮತ್ತು ಪ್ರೀತಿಪಾತ್ರರನ್ನು ನಿರ್ಲಕ್ಷಿಸಿ ತಮ್ಮ ಮೊಬೈಲ್ ಫೋನ್‌ಗಳಿಗೆ ನಿರಂತರವಾಗಿ ಅಂಟಿಕೊಂಡಿರುವುದನ್ನು ನೋಡಲು ಇದು ರೋಮಾಂಚನಕಾರಿಯಾಗಿದೆ.,Anger
3. ಮೊಬೈಲ್ ಫೋನ್‌ಗಳ ವ್ಯಸನಕಾರಿ ಸ್ವಭಾವವನ್ನು ಕೆರಳಿಸಬಹುದು ಏಕೆಂದರೆ ಅದು ಸ್ವಯಂ ನಿಯಂತ್ರಣದ ನಷ್ಟ ಮತ್ತು ಅತಿಯಾದ ಪರದೆಯ ಸಮಯಕ್ಕೆ ಕಾರಣವಾಗುತ್ತದೆ.,Anger
ಅವರು ಹೇಳಿದ ವಿಷಯ ನನಗೆ ಕಿರಿಕಿರಿಯಾಗಿತ್ತು.,Anger
"5. ಮೊಬೈಲ್ ಫೋನ್ ವ್ಯಸನದ ಹಾನಿಕಾರಕ ಪರಿಣಾಮಗಳಿಗೆ ಸಾಕ್ಷಿಯಾಗುವುದು, ಕಡಿಮೆ ಗಮನ ಸೆಳೆಯುವುದು ಮತ್ತು ದುರ್ಬಲಗೊಂಡ ಅರಿವಿನ ಕಾರ್ಯವು ಕೋಪವsನ್ನು ಪ್ರಚೋದಿಸುತ್ತದೆ.",Anger
"6. ಕೆಲಸ ಅಥವಾ ಅಧ್ಯಯನದಂತಹ ಪ್ರಮುಖ ಕಾರ್ಯಗಳಿಗೆ ಅಡ್ಡಿಪಡಿಸಿದಾಗ ಮೊಬೈಲ್ ಫೋನ್‌ಗಳ ಗೀಳು ಕೆರಳಿಸಬಹುದು, ಇದು ಉತ್ಪಾದನೆ ಮತ್ತು ದಕ್ಷತೆ ಕಡಿಮೆಯಾಗುತ್ತದೆ.",Anger
"7. ಮೊಬೈಲ್ ಫೋನ್ ಚಟವು ಅರ್ಥಪೂರ್ಣ ಮಾನವ ಸಂಪರ್ಕಕ್ಕೆ ಹೋದಾಗ ಅದು ಕೆರಳಿಸುತ್ತದೆ, ಇದು ಸಂವಹನಗಳು ಮತ್ತು ಬಾಹ್ಯ ಸಂಬಂಧಗಳಿಗೆ ತಡೆರಹಿತ.",Anger
8. ಮೊಬೈಲ್ ಫೋನ್‌ಗಳಿಂದ ಉಂಟಾಗುವ ನಿರಂತರ ವ್ಯಾಕುಲತೆ ಮತ್ತು ಅದರ ಕೋಪವನ್ನು ಕೆರಳಿಸಬಹುದು ಏಕೆಂದರೆ ಅದು ಗಮನ ಮತ್ತು ಏಕಾಗ್ರತೆಗೆ ಅಡ್ಡಿಯಾಗುತ್ತದೆ.,Anger
"""ನೀವು ನನ್ನ ಕೋಪವನ್ನು ಎದುರಿಸಲು ಬಯಸದಿದ್ದರೆ, ನೀವು ಈಗ ಹಿಂದೆ ಸರಿಯುತ್ತೀರಿ.""",Anger
ನನ್ನ ಸ್ನೇಹಿತರು ನನ್ನ ಜೊತೆ ಹೇಳಿದ ವಿಷಯ ನಮಗೆ ಕಿರಿಕಿರಿಯಾಗಿತ್ತು.,Anger
11. ಸಾಮಾಜಿಕ ಮಾಧ್ಯಮ ಮತ್ತು ಗೇಮಿಂಗ್‌ನಂತಹ ಮೊಬೈಲ್ ಫೋನ್‌ಗಳ ವ್ಯಸನಕಾರಿ ವೈಶಿಷ್ಟ್ಯಗಳು ಅತಿಯಾದ ಬಳಕೆ ಮತ್ತು ಜೀವನದ ಇತರ ಪ್ರಮುಖ ಅಂಶಗಳ ನಿರ್ಲಕ್ಷ್ಯಕ್ಕೆ ಕಾರಣವಾಗುವುದಿಲ್ಲ.,Anger
ನನ್ನ ಹೆಸರನ್ನು ಹೇಳಿದಾಗ ಅವರಿಗೆ ಕಿರಿಕಿರಿಯಾಗಿತ್ತು.,Anger
"13. ಸಾರ್ವಜನಿಕ ಸ್ಥಳಗಳಲ್ಲಿ ಮೊಬೈಲ್ ಫೋನ್‌ಗಳ ಅತಿಯಾದ ಬಳಕೆ, ಉದಾಹರಣೆಗೆ ಊಟ ಅಥವಾ ಸಾಮಾಜಿಕ ಕೂಟಗಳ ಸಮಯದಲ್ಲಿ, ಮೂಲಭೂತ ಸಾಮಾಜಿಕ ಶಿಷ್ಟಾಚಾರದ ಕೊರತೆಯನ್ನು ತೋರಿಸುವ ಕೋಪವನ್ನು ಕೆರಳಿಸಬಹುದು.",Anger
"14. ಮೊಬೈಲ್ ಫೋನ್ ಚಟವು ಅಸುರಕ್ಷಿತ ನಡವಳಿಕೆಗಳಿಗೆ ಕಾರಣವಾದಾಗ ಅದು ನಿರಾಶಾದಾಯಕವಾಗಿರುತ್ತದೆ, ಉದಾಹರಣೆಗೆ ಡ್ರೈವಿಂಗ್ ಅಥವಾ ವಾಕಿಂಗ್ ಮಾಡುವಾಗ ಸಂದೇಶ ಕಳುಹಿಸುವುದು, ತನ್ನನ್ನು ಮತ್ತು ಇತರರನ್ನು ಅಪಾಯಕ್ಕೆ ತಳ್ಳುತ್ತದೆ.",Anger
ಅವನ ಹಾಗೂ ನನ್ನ ನಡವಳಿಕೆಯ ಸಮಾನ ದ್ವೇಷ ಇದೆ.,Anger
16. ಮೊಬೈಲ್ ಫೋನ್‌ಗಳನ್ನು ಪರಿಶೀಲಿಸುವ ಮತ್ತು ನಿರಂತರ ಪ್ರತಿಕ್ರಿಯೆಯು ಕೋಪಗೊಳ್ಳುವುದರಿಂದ ಅದು ಕ್ಷಣದಲ್ಲಿ ಸಂಪೂರ್ಣವಾಗಿ ಇರುವ ಒಬ್ಬರ ಸಾಮರ್ಥ್ಯವನ್ನು ಅಡ್ಡಿಪಡಿಸುತ್ತದೆ.,Anger
"17. ಮೊಬೈಲ್ ಫೋನ್ ವ್ಯಸನವು ದೈಹಿಕ ಚಟುವಟಿಕೆ ಮತ್ತು ಹೊರಾಂಗಣವನ್ನು ತೊಡಗಿಸಿಕೊಳ್ಳುವಿಕೆಯಲ್ಲಿ ಇಳಿಕೆಗೆ ಕಾರಣವಾಗುವುದು, ಜಡ ಮತ್ತು ಅನಾರೋಗ್ಯಕರ ಜೀವನಶೈಲಿಗೆ ಕಾರಣವಾಯಿತು.",Anger
ನನಗೆ ಅವನ ವ್ಯಕ್ತಿತ್ವದಿಂದ ದ್ವೇಷವಾಗಿದೆ.,Anger
"19. ಮೊಬೈಲ್ ಫೋನ್ ಚಟವು ಪರದೆಯ ಸಮಯ ಮತ್ತು ಕೆಲಸ, ಹವ್ಯಾಸಗಳು ಮತ್ತು ಇತರ ಸ್ವಯಂ-ಆರೈಕೆಯಂತಹ ಪ್ರಮುಖ ಚಟುವಟಿಕೆಗಳ ನಡುವಿನ ಸಮತೋಲನದ ಕೊರತೆಯಿಂದಾಗಿ ಅದು ಅಸಮಾಧಾನವಾಗಿರುತ್ತದೆ.",Anger
20. ಶೈಕ್ಷಣಿಕ ಅಥವಾ ವೃತ್ತಿಪರರ ಮೇಲೆ ಮೊಬೈಲ್ ಫೋನ್ ಚಟದ ಋಣಾತ್ಮಕ ಪ್ರಭಾವಕ್ಕೆ ಸಾಕ್ಷಿಯಾಗುವುದು ಕೋಪ ಮತ್ತು ಆವೇಶವನ್ನು ಉಂಟುಮಾಡಬಹುದು.,Anger
21. ಮೊಬೈಲ್ ಫೋನ್ ವ್ಯಸನದಿಂದ ಉತ್ತೇಜಿತವಾದ ನಿರಂತರ ಹೋಲಿಕೆ ಮತ್ತು ಮೌಲ್ಯೀಕರಣ-ಕೋರಿಕೆಯ ನಡವಳಿಕೆಯು ಕೆರಳಿಸಬಹುದು ಏಕೆಂದರೆ ಅದು ಕಡಿಮೆ ಸ್ವಾಭಿಮಾನ ಮತ್ತು ಸ್ವಾಭಿಮಾನಕ್ಕೆ ಕಾರಣವಾಗುತ್ತದೆ.,Anger
ವೈಯಕ್ತಿಕ ಗೌಪ್ಯತೆ ಮತ್ತು ಸುರಕ್ಷತೆಯಲ್ಲಿ ಇಳಿಕೆಗೆ ಕಾರಣವಾದಾಗ ಅದು ಕೋಪವನ್ನು ಉಂಟುಮಾಡುತ್ತದೆ.,Anger
23. ಮೊಬೈಲ್ ಫೋನ್‌ಗಳ ವ್ಯಸನಕಾರಿ ಸ್ವಭಾವವು ಕೋಪವನ್ನು ಕೆರಳಿಸಬಹುದು ಏಕೆಂದರೆ ಅದು ನಿಯಂತ್ರಣವನ್ನು ಕಳೆದುಕೊಳ್ಳಬಹುದು ಮತ್ತು ಅತಿಯಾದ ಸ್ಕ್ರೋಲಿಂಗ್ ಮತ್ತು ಗೇಮಿಂಗ್‌ನಂತಹ ಅನಾರೋಗ್ಯಕರ ನಡವಳಿಕೆಗಳಿಗೆ ಕಾರಣವಾಗುತ್ತದೆ.,Anger
24. ಮೊಬೈಲ್ ಫೋನ್ ಚಟವು ಮುಖಾಮುಖಿ ಸಂವಹನ ಮತ್ತು ಇತರರೊಂದಿಗೆ ಅರ್ಥಪೂರ್ಣ ಸಂಪರ್ಕಗಳಲ್ಲಿ ಇಳಿಕೆಗೆ ಕಾರಣವಾದಾಗ ಅದು ಕೆರಳಿಸುತ್ತದೆ.,Anger
ನನಗೆ ಆ ಕಾರ್ಯಕ್ಕೆ ಸಂಬಂಧಿಸಿದ ವ್ಯಕ್ತಿಯ ಮೇಲೆ ಆಕ್ರೋಶವಿದೆ.,Anger
ನನಗೆ ಆತನ ನಡವಳಿಕೆಯ ಮೇಲೆ ದ್ವೇಷ ಹುಟ್ಟಿದೆ.,Anger
ಚಂಡಮಾರುತದ ಸಮಯದಲ್ಲಿ ಗುಡುಗಿನ ಜೋರಾಗಿ ಬಿರುಕುಗಳು ನನ್ನ ಬೆನ್ನುಮೂಳೆಯ ಕೆಳಗೆ ನಡುಗುತ್ತವೆ.,Fear
ದೂರದಲ್ಲಿ ಗುಡುಗು ಸದ್ದು ಕೇಳಿದಾಗ ನನಗೆ ಅಶಾಂತಿ ಮತ್ತು ಆತಂಕದ ಅನುಭವವಾಗುತ್ತದೆ.,Fear
ಚಂಡಮಾರುತದ ಸಮಯದಲ್ಲಿ ಕಪ್ಪು ಮೋಡಗಳು ಮತ್ತು ಮಿಂಚುಗಳು ನನಗೆ ಮುನ್ಸೂಚನೆಯ ಅರ್ಥವನ್ನು ನೀಡುತ್ತವೆ.,Fear
ಚಂಡಮಾರುತದ ಸಮಯದಲ್ಲಿ ನಾನು ಆತಂಕಕ್ಕೊಳಗಾಗುತ್ತೇನೆ ಏಕೆಂದರೆ ಅದು ಉಂಟುಮಾಡಬಹುದಾದ ಸಂಭಾವ್ಯ ಹಾನಿಯ ಬಗ್ಗೆ ನಾನು ಚಿಂತಿಸುತ್ತೇನೆ.,Fear
"ಚಂಡಮಾರುತದ ಸಮಯದಲ್ಲಿ ಹಠಾತ್ ಮಿಂಚುಗಳು ಭಯಾನಕವಾಗಬಹುದು, ವಿಶೇಷವಾಗಿ ಅವು ಆಕಾಶವನ್ನು ಮಾಡಿದೆ.",Fear
ಚಂಡಮಾರುತದ ಸಮಯದಲ್ಲಿ ನಾನು ಜೋರಾಗಿ ಗುಡುಗುಗಳನ್ನು ಕೇಳಿದಾಗ ನನ್ನ ಅಡ್ರಿನಾಲಿನ್ ಸ್ಪೈಕ್ ಅನ್ನು ನಾನು ಅನುಭವಿಸುತ್ತೇನೆ.,Fear
ಚಂಡಮಾರುತವು ಪ್ರಕೃತಿಯ ಕಚ್ಚಾ ಶಕ್ತಿಯ ಎದುರು ನನ್ನನ್ನು ಸಣ್ಣ ಮತ್ತು ಶಕ್ತಿಹೀನನನ್ನಾಗಿ ಮಾಡುತ್ತದೆ.,Fear
ಚಂಡಮಾರುತದ ಸಮಯದಲ್ಲಿ ಕಿಟಕಿಗಳ ವಿರುದ್ಧ ಮಳೆಯ ಶಬ್ದವು ಅಶಾಂತವಾಗಿದೆ.,Fear
ಗುಡುಗು ಸಹಿತ ಬಿರುಗಾಳಿಯ ಸಮಯದಲ್ಲಿ ನಾನು ಉದ್ವಿಗ್ನನಾಗಿದ್ದೇನೆ ಮತ್ತು ಮುಂದಿನ ಗುಡುಗು ಸಿಡಿಲನ್ನು ನಿರೀಕ್ಷಿಸುತ್ತಿದ್ದೇನೆ.,Fear
ಗುಡುಗು ಸಿಡಿಲಿನ ಸಮಯದಲ್ಲಿ ನಾನು ಭಯಪಡುತ್ತೇನೆ ಏಕೆಂದರೆ ನಾನು ಸಿಡಿಲು ಬಡಿದುಕೊಳ್ಳುವ ಭಯದಲ್ಲಿದ್ದೇನೆ.,Fear
"ಗುಡುಗು ಸಿಡಿಲುಗಳತೆಯು ನನಗೆ ಆತಂಕವನ್ನುಂಟುಮಾಡುತ್ತದೆ, ಏಕೆಂದರೆ ಅವು ಯಾವಾಗ ಹೊಡೆಯುತ್ತವೆ ಅಥವಾ ಅವು ಎಷ್ಟು ಅನಿರೀಕ್ಷಿತವಾಗಿ ಸಂಭವಿಸುತ್ತವೆ ಎಂದು ನನಗೆ ತಿಳಿದಿಲ್ಲ.",Fear
"ಚಂಡಮಾರುತದ ಸಮಯದಲ್ಲಿ ನಾನು ದುರ್ಬಲತೆಯ ಭಾವನೆಯನ್ನು ಅನುಭವಿಸುತ್ತೇನೆ, ಏಕೆಂದರೆ ಪ್ರಕೃತಿಯು ಹೇಗೆ ಅನಿಯಂತ್ರಿತವಾಗಿದೆ ಎಂದು ನಾನು ನೆನಪಿಸಿಕೊಳ್ಳುತ್ತೇನೆ.",Fear
ಚಂಡಮಾರುತದ ಕತ್ತಲೆ ಮತ್ತು ಅವ್ಯವಸ್ಥೆಯು ಭಯ ಮತ್ತು ಅಸ್ವಸ್ಥತೆಯ ಭಾವನೆಗಳನ್ನು ಪ್ರಚೋದಿಸುತ್ತದೆ.,Fear
"ಚಂಡಮಾರುತದ ಸಮಯದಲ್ಲಿ ವಿಶ್ರಾಂತಿ ಪಡೆಯುವುದು ನನಗೆ ಕಷ್ಟಕರವಾಗಿದೆ, ಏಕೆಂದರೆ ನಾನು ಮುಂದಿನ ಗುಡುಗು ಸಿಡಿಲು ನಿರಂತರವಾಗಿ ಕಾವಲು ಕಾಯುತ್ತೇನೆ.",Fear
ಚಂಡಮಾರುತದ ಸಮಯದಲ್ಲಿ ಗುಡುಗಿನ ವಿಜೃಂಭಣೆಯ ಶಬ್ದವು ನನ್ನನ್ನು ಗಾಬರಿಗೊಳಿಸಬಹುದು ಮತ್ತು ನನ್ನ ಹೃದಯದ ಓಟವನ್ನು ಉಂಟುಮಾಡಬಹುದು.,Fear
"ಚಂಡಮಾರುತದ ಸಮಯದಲ್ಲಿ ನಾನು ಶಕ್ತಿಯನ್ನು ಕಳೆದುಕೊಳ್ಳುವ ಭಯದಲ್ಲಿದ್ದೇನೆ, ಇದು ನನ್ನ ಆತಂಕವನ್ನು ಹೊಂದಿದೆ.",Fear
"ಚಂಡಮಾರುತದ ತೀವ್ರತೆಯು ಅಗಾಧವಾಗಿರಬಹುದು, ನನಗೆ ಭಯ ಮತ್ತು ಆತಂಕವನ್ನು ಉಂಟುಮಾಡುತ್ತದೆ.",Fear
"ಚಂಡಮಾರುತದ ಸಮಯದಲ್ಲಿ ನನ್ನ ಪ್ರೀತಿಪಾತ್ರರ ಸುರಕ್ಷತೆಯ ಬಗ್ಗೆ ಚಿಂತಿಸುತ್ತೇನೆ, ಅದು ನನ್ನ ಭಯವನ್ನು ಸೂಚಿಸುತ್ತೇನೆ.",Fear
"ಚಂಡಮಾರುತದ ಸಮಯದಲ್ಲಿ ಗುಡುಗು, ಮಿಂಚು ಮತ್ತು ಮಳೆಯ ಸಂಯೋಜನೆಯು ನನಗೆ ಅವ್ಯವಸ್ಥೆ ಮತ್ತು ಭಯದ ಭಾವನೆಯನ್ನು ಉಂಟುಮಾಡಬಹುದು.",Fear
"ನನ್ನ ಭಯವು ಕಡಿಮೆಯಾದಾಗ, ಗುಡುಗು ಸಹಿತವಾದಾಗ ಮತ್ತು ಆಕಾಶವು ಸ್ಪಷ್ಟವಾದಾಗ ನಾನು ಸಮಾಧಾನದ ಭಾವನೆಯನ್ನು ಅನುಭವಿಸುತ್ತೇನೆ.",Fear
"ಚಂಡಮಾರುತಗಳು ನನಗೆ ಹಿಂದಿನ ತಮ್ಮ ಅನುಭವಗಳ ನೆನಪುಗಳನ್ನು ಪ್ರಚೋದಿಸುತ್ತವೆ, ಅದು ನನ್ನ ಭಯವನ್ನು ತೀವ್ರಗೊಳಿಸುತ್ತದೆ.",Fear
"ಗುಡುಗು ಸಿಡಿಲಿನ ಜೋರಾಗಿ, ಹಠಾತ್ ಶಬ್ದಗಳು ನನ್ನನ್ನು ಗಾಬರಿಗೊಳಿಸಬಹುದು ಮತ್ತು ನನ್ನನ್ನು ಜಿಗಿಯುವಂತೆ ಮಾಡಬಹುದು.",Fear
ಗ್ರಹಿಸಿದ ಅಪಾಯದಿಂದ ನನ್ನನ್ನು ರಕ್ಷಿಸಿಕೊಳ್ಳಲು ಗುಡುಗು ಸಿಡಿ ಸಮಯದಲ್ಲಿ ಆಶ್ರಯ ಪಡೆಯುವ ಬಯಕೆಯನ್ನು ನಾನು ಯಾವಾಗಲೂ ಅನುಭವಿಸುತ್ತೇನೆ.,Fear
"ಚಂಡಮಾರುತದ ಹಿಂದಿನ ವಿಜ್ಞಾನವನ್ನು ತಿಳಿದಿದ್ದರೂ, ಅವರ ಶಕ್ತಿ ಮತ್ತು ಅನಿರೀಕ್ಷಿತತೆಯ ಬಗ್ಗೆ ನಾನು ಇನ್ನೂ ಪ್ರಾಥಮಿಕ ಭಯವನ್ನು ಅನುಭವಿಸುತ್ತೇನೆ.",Fear
ನನಗೆ ಭೀತಿಯಾಗಿದೆ.,Fear
ನನಗೆ ಅಂಜಿಕೆ ಆಗಿದೆ.,Fear
ನನಗೆ ದೈವಿಕ ಭಯ ಹುಟ್ಟಿದೆ.,Fear
ಈ ಸ್ಥಳದಲ್ಲಿ ಭಯಂಕರ ವಾತಾವರಣವಿದೆ.,Fear
ಅನ್ಯಾಯ ನಡೆದು ಭಯ ಹುಟ್ಟಿದೆ.,Fear
ದೊಡ್ಡ ಹುಡುಗನೊಬ್ಬನನ್ನು ಕಂಡು ಭಯಪಟ್ಟಿದ್ದಾನೆ.,Fear
ಈ ಕೆಲಸದಲ್ಲಿ ಹೇಗೆ ಮುಂದುವರಿಯಬೇಕೆಂಬುದು ನನಗೆ ಭಯಂಕರ.,Fear
ಆ ಹುಡುಗಿ ನನ್ನನ್ನು ಹೆದರಿಸುತ್ತಿದ್ದಾಳೆ.,Fear
ಕತ್ತಲೆ ಕಡಿಮೆಯಾಗಿ ಭಯಂಕರ ಶಬ್ದಗಳು ಕೇಳುತ್ತಿವೆ.,Fear
ಆ ಪ್ರಾಣಿ ನನ್ನನ್ನು ದಾಳಿಯಿಂದ ಭಯಪಡಿಸುತ್ತದೆ.,Fear
ಭಯಂಕರ ಕನಸುಗಳು ನನಗೆ ಆವರಿಸುತ್ತವೆ.,Fear
ಕಾಡುಮೃಗ ಹತ್ತಿರ ಬಂದಾಗ ಭಯಗ್ರಸ್ತನಾಗಿದ್ದೇನೆ.,Fear
ನೀರಿನಲ್ಲಿ ಹೊಸ ಪ್ರಾಣಿಗಳನ್ನು ಕಂಡಾಗ ಭಯಪಡುತ್ತೇನೆ.,Fear
ಅಕ್ಕಸಾಲಿಗರ ಸಮೀಪದಲ್ಲಿ ಹೋಗುವಾಗ ನನಗೆ ಭಯವಾಗುತ್ತದೆ.,Fear
ಹುಲಿಯನ್ನು ಕಂಡಾಗ ನನಗೆ ದಿಗಿಲು ಹುಟ್ಟುತ್ತದೆ.,Fear
ಹೆಣ್ಣಿನ ಕೈಯಿಂದ ಹಿಡಿದು ಬರೆ ನುಗ್ಗಿದಾಗ ನನಗೆ ಹೆದರಿಕೆಯಾಗುತ್ತದೆ.,Fear
ರಾತ್ರಿ ಕಾಡಿಗೆ ಹೋಗುವಾಗ ಭಯವಾಗುತ್ತದೆ.,Fear
ಅಂಟು ಹೊಡೆಯುವ ಧ್ವನಿಯನ್ನು ಕೇಳಿದಾಗ ನನಗೆ ಗಾಬರಿಯಾಗುತ್ತದೆ.,Fear
ಹಸಿವಾಗಿ ಸಾರಿದ ಹೆಂಗಸಿನ ದೂರದಿಂದ ಬಂದಾಗ ನನಗೆ ತಟ್ಟೆಯಾಗುತ್ತದೆ.,Fear
ಮರದ ಮೇಲೆ ಹೂಗಳು ಕಾಣಿಸಿದಾಗ ನನಗೆ ಭಯವಾಗುತ್ತದೆ.,Fear
ಕತ್ತರಿಸಿದ ಕತ್ತರಿಸಿದ ಧ್ವನಿಯನ್ನು ಕೇಳಿದಾಗ ನನಗೆ ಹೆದರಿಕೆಯಾಗಿದೆ.,Fear
ಕತ್ತಲೆ ಕೊಳೆತ ಸ್ಥಳದಲ್ಲಿ ಹೋದಾಗ ನನಗೆ ಭಯವಾಗುತ್ತದೆ.,Fear
ಕೆಂಪು ಹೊಳೆಯ ಬಾವಿಯಲ್ಲಿ ಹೆದರಿಕೆಗೆಡುತ್ತೇನೆ.,Fear
ಭೂತದ ಕಥೆಗಳನ್ನು ಕೇಳಿದಾಗ ನನಗೆ ಭಯಂಕರ ಭಯ ಹುಟ್ಟುತ್ತದೆ.,Fear
ಚಂಡಮಾರುತಗಳು ಯಾವಾಗಲೂ ನನ್ನ ಹೃದಯವನ್ನು ಭಯದಿಂದ ಓಡಿಸುತ್ತವೆ.,Fear
ಆನಂದದ ಮುಖವನ್ನು ನೋಡಿ ನನ್ನ ಉಲ್ಲಾಸ ಹೆಚ್ಚುತ್ತದೆ,Happiness
ನಾನು ಆರೋಗ್ಯವಾಗಿದ್ದರೆ ನನಗೆ ಸಂತೋಷವಾಗುತ್ತದೆ.,Happiness
ಹರ್ಷದಿಂದ ನನ್ನ ಹೃದಯ ತುಂಬಿದೆ,Happiness
ಬೆಕ್ಕು ತುಂಬಾ ಸಂತೋಷವಾಗಿದೆ ಎಂದು ತೋರುತ್ತದೆ.,Happiness
ನನ್ನ ಸುಖಾನುಭವದ ಹಿಂದೆ ಅನೇಕ ಸುಖೋತ್ಸಾಹಗಳು ಇರುತ್ತವೆ,Happiness
ನನ್ನ ಕುಟುಂಬದ ಆನಂದ ಅಸದುಕ್ಕೆ ತಕ್ಕಂತೆ ಸದಾ ಉಲ್ಲಾಸದ ರೂಪವನ್ನು ತಾಳುತ್ತದೆ,Happiness
ನನ್ನ ಕುಟುಂಬದವರು ನನಗೆ ಸುಖಾನುಭವವನ್ನು ನೀಡುವುದರ ಮೂಲಕ ನಾನು ಹರ್ಷಿಸುತ್ತೇನೆ,Happiness
ನಮ್ಮ ಕುಟುಂಬದಲ್ಲಿ ಸುಖದ ಅನುಭವಗಳು ಮತ್ತು ಸುಖೋದ್ರೇಕಗಳು ಹರ್ಷದ ಸ್ರೋತವಾಗಿವೆ,Happiness
ನಮ್ಮ ಕುಟುಂಬದ ಸುಖದ ಹೃದಯಗಳು  ತುಂಬಿದ್ದುವು,Happiness
ಉನ್ನತ ಶಿಕ್ಷಣ ಪಡೆದವರಿಗೆ ಸುಖೋದ್ರೇಕ ಸಾಧ್ಯವಾಗುತ್ತದೆ,Happiness
ಪರಿಪೂರ್ಣ ಶಿಕ್ಷಣವು ವಿದ್ಯಾರ್ಥಿಗಳಿಗೆ ಸುಖವನ್ನು ತರುತ್ತದೆ,Happiness
ಶಿಕ್ಷಣದ ಮೂಲಕ ನಮ್ಮ ಜೀವನಕ್ಕೆ ಹರ್ಷ ಬಂದಿದೆ,Happiness
ವಿದ್ಯಾರ್ಥಿಗಳು ಪಡೆದ ಶಿಕ್ಷಣ ಅವರಿಗೆ ಉಲ್ಲಾಸವನ್ನು ತರುತ್ತದೆ,Happiness
ಸಂಶೋಧನೆಯ ಮೂಲಕ ಶಿಕ್ಷಣವು ಸುಖವನ್ನು ಹೆಚ್ಚಿಸಬಹುದು,Happiness
ಹುಲಿಯ ಗುರುತಿನ ಬಳಿ ಹೋಗಿ ಅದರ ಸುಖೋನ್ಮೇಷದಲ್ಲಿ ನಾನು ಸೇರಿ ಆನಂದವನ್ನು ಪಡೆದೆ,Happiness
ವಿದ್ಯಾರ್ಥಿಗಳು ಹರ್ಷದಿಂದ ಮತ್ತು ಉಲ್ಲಾಸದಿಂದ ಕ್ಲಾಸ್ ಮುಗಿಸುತ್ತಾರೆ,Happiness
ನಿಮ್ಮ ಸ್ನೇಹಿತರು ನೀವು ಎಷ್ಟು ಸಂತೋಷವನ್ನು ತರುತ್ತೀರಿ ಎಂಬುದು ನನಗೆ ಅದ್ಭುತವಾಗಿದೆ.,Happiness
"ನಿಮ್ಮ ಹಾಸ್ಯ ಪ್ರವರ್ತನೆಯು ನನ್ನ ದಿನವನ್ನು ಕೆಡಿಸಲಿಲ್ಲ, ಅದು ನನ್ನ ಮನಸ್ಸಿಗೆ ನೆಮ್ಮದಿಯನ್ನು ತಂದಿತು.",Happiness
ಈ ಪುಸ್ತಕವನ್ನು ಓದುವುದು ನನಗೆ ಹೆಚ್ಚು ಆನಂದವನ್ನು ತಂದಿತು ಮತ್ತು ನಾನು ನಿಜಕ್ಕೂ ಆಗಿನಿಂದ ಪಠ್ಯದ ಬಗ್ಗೆ ಹೆಚ್ಚು ತಿಳಿಯಲು ಉತ್ಸುಕನಾದೆ.,Happiness
ನಾವು ಸಂತೋಷದ ಮನೋಭಾವನೆಯನ್ನು ಬೆಳೆಸಬಹುದು,Happiness
ಸುಖವು ನಮ್ಮ ಜೀವನದ ಅಂಗವಾಗಿದೆ ಮತ್ತು ಶಿಕ್ಷಣದ ಮೂಲಕ ಅದು ನಮ್ಮಲ್ಲಿ ಹೆಚ್ಚು ಹೆಚ್ಚು ಬೆಳೆದು ಬಂದಿದೆ,Happiness
ಖೆರಿಯಾದ ಬಂಡೆಗಳ ಮೇಲೆ ಆಡುವುದು ಸುಖೋದ್ರೇಕವಾದ ಕ್ರೀಡೆಯೊಂದಿಗೆ ಬರುತ್ತದೆ,Happiness
ವೀರಸಂಪದೆಯನ್ನು ಹಿಡಿದ ಟೀಮ್‌ಗಳು ಉಲ್ಲಾಸದಿಂದ ಸ್ವಾಗತಿಸಲ್ಪಡುತ್ತವೆ,Happiness
ಟೀಮ್‌ಗಳು ಹರ್ಷದಿಂದ ಅನ್ಯ ಟೀಮ್‌ಗಳನ್ನು ಎದುರಿಸುತ್ತವೆ,Happiness
ಸ್ಪೋರ್ಟ್ಸ್‌ನಲ್ಲಿ ಪರಸ್ಪರ ಸುಖಾನುಭವದ ಆನಂದ ಹೆಚ್ಚಿನದಾಗಿದೆ,Happiness
"ವಿಜಯವೆಂದರೆ ಸುಖೋತ್ಸಾಹ ಅನುಭವಿಸುವುದು, ಹಾಗೂ ಸ್ಪೋರ್ಟ್ಸ್‌ನಲ್ಲಿ ಈ ಸುಖವನ್ನು ಕಂಡಾಗ ಹೃದಯವು ತುಂಬುವುದು",Happiness
ಜಯವೆಂದರೆ ಸುಖೋಪಜೀವನವನ್ನು ಪಡೆಯುವುದು,Happiness
ಕ್ರೀಡೆ ಆಡುವಾಗ ಸುಖೋನ್ಮೇಷದ ಭಾವನೆಯು ತುಂಬಾ ಹೆಚ್ಚಾಗುತ್ತದೆ,Happiness
"ಸ್ಪೋರ್ಟ್ಸ್‌ನಲ್ಲಿ ಹಲವಾರು ವೈವಿಧ್ಯಗಳಿವೆ, ಆದರೆ ಸಮಸ್ತ ಕ್ರೀಡೆಗಳಲ್ಲಿ ಸುಖದ ಭಾವನೆ ಸಾಮಾನ್ಯವಾಗಿರುತ್ತದೆ",Happiness
ಯುವ ಪ್ರತಿಭೆಯ ಹೆಸರಿನಲ್ಲಿ ಅನೇಕ ಸ್ಪೋರ್ಟ್ಸ್‌ ಸಂಘಟನೆಗಳು ಸುಖವನ್ನು ಸಂತೋಷದಿಂದ ಕೊಡುತ್ತವೆ,Happiness
ಕ್ರೀಡೆಯಲ್ಲಿ ಗೆಲುವು ಪಡೆದಾಗ ಸುಖೋದ್ರೇಕ ಹೆಚ್ಚುತ್ತದೆ ಮತ್ತು ಹರ್ಷ ತುಂಬುತ್ತದೆ,Happiness
ಸ್ಪೋರ್ಟ್ಸ್‌ನಲ್ಲಿ  ಸುಖಾನುಭವಿಸಲು ಸಾಧ್ಯವಾಗುತ್ತದೆ,Happiness
ಸ್ಪೋರ್ಟ್ಸ್‌ನಲ್ಲಿ ಅಧಿಕಾರ ಸಂಪಾದನೆಯ ಸುಖೋಪಜೀವಿಗಳು ಹೆಚ್ಚುತ್ತಾರೆ,Happiness
ಹಬ್ಬದಲ್ಲಿ ಆನಂದ ಮತ್ತು ಉಲ್ಲಾಸದ ವಾತಾವರಣ ಬೆಳಗುತ್ತದೆ,Happiness
ಹರ್ಷ ಮತ್ತು ಸುಖವನ್ನು ಕೊಡುವ ಹಬ್ಬದ ಸಂದರ್ಭ ಎಲ್ಲರಿಗೂ ಪ್ರಿಯವಾಗಿದೆ,Happiness
ಈ ಹಬ್ಬದಲ್ಲಿ ಸುಖಾನುಭವಗಳು ಮತ್ತು ಉಲ್ಲಾಸವಿದೆ ಅನೇಕರಿಗೆ,Happiness
ಸುಖೋದ್ರೇಕ ಹಬ್ಬದ ಸಮಯದಲ್ಲಿ ಎಲ್ಲರಲ್ಲೂ ತುಂಬಿದೆ,Happiness
ಈ ಹಬ್ಬದಲ್ಲಿ ಸುಖೋತ್ಸಾಹ ಮತ್ತು ಉಲ್ಲಾಸ ಕಾಣಿಸಿಕೊಳ್ಳುವುವು,Happiness
ಹಬ್ಬದಲ್ಲಿ ಸುಖೋನ್ಮೇಷಗಳು ಸಂಭವಿಸುತ್ತವೆ ಮತ್ತು ನಿರಂತರವಾಗಿ ನಡೆಯುತ್ತಿವೆ,Happiness
ಹಬ್ಬದ ಸಮಯದಲ್ಲಿ ಸುಖವು ಎಲ್ಲರಿಗೂ ಸಿಗುತ್ತದೆ,Happiness
ಈ ಹಬ್ಬದಲ್ಲಿ ಉಲ್ಲಾಸ ವಾತಾವರಣ ಕಾಣಿಸಿಕೊಳ್ಳುವುದು,Happiness
ಈ ಹಬ್ಬದಲ್ಲಿ ಸುಖ ಮತ್ತು ಉಲ್ಲಾಸವು ವೈಭವಮಯವಾಗಿರುತ್ತದೆ,Happiness
ನಮ್ಮ ಹುಡುಗರಿಗೆ ಸಂತೋಷ ತರುವ ಮಾರಾಟ ಸುಖೋದ್ರೇಕ ಹೊಂದಿದೆ.,Happiness
ಸಂತೋಷದ ಹಾರೆಯಲ್ಲಿ ಉಲ್ಲಾಸದ ಹೊಳೆಯಿತು ಕಾಣಿಸಿತು.,Happiness
ಪ್ರಾಣಿಗಳ ಆನಂದದ ತೀವ್ರ ಮೊದಲಾದ ಅನುಭವಗಳು ನಮ್ಮ ಮನಸ್ಸನ್ನು ಸುಖೋನ್ಮೇಷದಲ್ಲಿ ತುಂಬುತ್ತವೆ.,Happiness
ಮರಿಮಾತೆ ತನ್ನ ಕುರಿಗಳ ಹರ್ಷದಲ್ಲಿ ಒಂದು ಸಣ್ಣ ಸುಖೋತ್ಸಾಹವನ್ನು ಅನುಭವಿಸಿದಳು.,Happiness
ಸುಖೋಪಜೀವಿಗಳಾದ ನೆನಪು ಮನಸ್ಸಿನಲ್ಲಿ ನಿಲ್ಲುತ್ತಿದ್ದಾಗ ಹಾವುಗಳ ಉಲ್ಲಾಸದ ಹರ್ಷ ತುಂಬಾ ಕಾಣಿಸಿಕೊಂಡಿತು.,Happiness
ನಮ್ಮ ಸ್ನೇಹಿತರಿಗೆ ಸುಖಾನುಭವವನ್ನು ತರಲು ಆನಂದವು ಅತಿ ಮುಖ್ಯವಾಗಿದೆ,Happiness
ವನ್ಯ ಪ್ರಾಣಿಗಳು ತಮ್ಮ ಸುಖಾನುಭವದಲ್ಲಿ ಉಲ್ಲಾಸ ಹೊಂದುತ್ತವೆ,Happiness
ನಮ್ಮ ಹಸುಗಳು ತಮ್ಮ ಸುಖೋದ್ರೇಕದಿಂದ ನಮಗೆ ಸಂತೋಷ ತರುತ್ತವೆ,Happiness
ಸರೋವರದ ಹೊರಗಿನ ಸಮುದ್ರದಂತೆ ಹರ್ಷಿಸುತ್ತಿರುವ ನೀರಿನ ಮೇಲೆ ತಿರುಗುತ್ತಿರುವ ಕಾರ್ಪುರುಷ ನನಗೆ ಆನಂದವನ್ನು ತಂದಿತು,Happiness
"ಸಂತೋಷ ತರುವ ಸುಖೋತ್ಸಾಹದಲ್ಲಿ, ನಮ್ಮ ಹುಡುಗರು ಸ್ನೇಹಿತರ ಸಹವಾಸದಿಂದ ಹರ್ಷಿಸುತ್ತಾರೆ",Happiness
ಹೆಚ್ಚುತ್ತಿರುವ ನಿರುದ್ಯೋಗ ದರಗಳು ಅನೇಕ ವ್ಯಕ್ತಿಗಳು ತಮ್ಮ ಭವಿಷ್ಯದ ನಿರೀಕ್ಷೆಗಳ ಬಗ್ಗೆ ಹತಾಶ ಮತ್ತು ಹತಾಶೆಯನ್ನು ಅನುಭವಿಸುತ್ತಿದ್ದಾರೆ.,Sadness
"ಉದ್ಯೋಗದ ನಷ್ಟ ಮತ್ತು ಹತಾಶೆಗೆ ಕಾರಣ, ಏಕೆಂದರೆ ವ್ಯಕ್ತಿಗಳು ಉದ್ಯೋಗವನ್ನು ಹುಡುಕಲು ಮತ್ತು ಅವರ ಮೂಲಭೂತ ಅಗತ್ಯಗಳನ್ನು ಪೂರೈಸಲು ಹೆಣಗಾಡುತ್ತಾರೆ.",Sadness
"ನಿರುದ್ಯೋಗವು ಸಾಮಾನ್ಯವಾಗಿ ಹಣಕಾಸಿನ ಒತ್ತಡಕ್ಕೆ ಕಾರಣವಾಗುತ್ತದೆ, ಇದು ಮತ್ತು ಆತಂಕವನ್ನು ಉಲ್ಬಣಗೊಳಿಸುತ್ತದೆ.",Sadness
ನಿರುದ್ಯೋಗದ ಭಾವನಾತ್ಮಕ ಟೋಲ್ ಸ್ವಾಭಿಮಾನದ ನಷ್ಟ ಮತ್ತು ನಿಷ್ಪ್ರಯೋಜಕತೆಯ ಭಾವನೆಗೆ ಕಾರಣವಾಗುತ್ತದೆ.,Sadness
"ಪ್ರೀತಿಪಾತ್ರರು ನಿರುದ್ಯೋಗದೊಂದಿಗೆ ಹೋರಾಡುವುದನ್ನು ನೋಡುವುದು ಹೃದಯವನ್ನು ಹಿಂಡುತ್ತದೆ, ಸಹಾಯಕತೆ ಮತ್ತು ನೋವಿನ ಭಾವನೆಯನ್ನು ಉಂಟುಮಾಡುತ್ತದೆ.",Sadness
ದೀರ್ಘಾವಧಿಯ ನಿರುದ್ಯೋಗವು ಪ್ರತ್ಯೇಕವಾದ ಸಾಮಾಜಿಕ ವಾಪಸಾತಿಗೆ ಮತ್ತು ಭಾವನೆಗಳಿಗೆ ಮತ್ತು ಒಂಟಿತನದ ಕೊಡುಗೆಗಳನ್ನು ನೀಡಿದೆ.,Sadness
"ನಿರುದ್ಯೋಗವು ವ್ಯಕ್ತಿಗಳ ವೃತ್ತಿ ಯೋಜನೆಗಳು ಮತ್ತು ಆಕಾಂಕ್ಷೆಗಳನ್ನು ಅಡ್ಡಿಪಡಿಸಬಹುದು, ಇದು ನಿರಾಶೆ ಮತ್ತು ತೊಡಕುಗಳಿಗೆ ಕಾರಣವಾಗುತ್ತದೆ.",Sadness
"ನಿರುದ್ಯೋಗಿಗಳ ಅನಿಶ್ಚಿತತೆ ಮತ್ತು ಅಸ್ಥಿರತೆಯು ಚಿಂತೆ ಮತ್ತು ತೊಂದರೆಗಳನ್ನು ಉಂಟುಮಾಡಬಹುದು, ಇದು ವ್ಯಾಪಕವಾದ ಅರ್ಥಕ್ಕೆ ಕಾರಣವಾಗುತ್ತದೆ.",Sadness
"ನಿರುದ್ಯೋಗದೊಂದಿಗೆ ಸಂಬಂಧಿಸಿದ ಕಳಂಕವು ಭಾವನಾತ್ಮಕ ಹೊರೆಯನ್ನು ಹೆಚ್ಚಿಸಬಹುದು, ವ್ಯಕ್ತಿಗಳು ನಾಚಿಕೆಪಡುತ್ತಾರೆ ಮತ್ತು ನಿರಾಶೆಗೊಳ್ಳುತ್ತಾರೆ.",Sadness
"ನಿರುದ್ಯೋಗವು ಸಂಬಂಧಗಳನ್ನು ತಗ್ಗಿಸಬಹುದು ಮತ್ತು ಕುಟುಂಬದ ಡೈನಾಮಿಕ್ಸ್ನ ಮೇಲೆ ಪರಿಣಾಮ ಬೀರಬಹುದು, ಪ್ರೀತಿಪಾತ್ರರ ನಡುವೆ ಮತ್ತು ಉದ್ವೇಗವನ್ನು ಉಂಟುಮಾಡಬಹುದು.",Sadness
"ಕೆಲಸದ ನಷ್ಟವು ವ್ಯಕ್ತಿಯ ಉದ್ದೇಶ ಮತ್ತು ಗುರುತಿನ ಪುಸ್ತಕವನ್ನು ಅಡ್ಡಿಪಡಿಸಬಹುದು, ಇದು ಮತ್ತು ಶೂನ್ಯತೆಯ ಆಳವಾದ ಪುಸ್ತಕಕ್ಕೆ ಕಾರಣವಾಗುತ್ತದೆ.",Sadness
"ನಿರುದ್ಯೋಗವು ತಪ್ಪಿದ ಅವಕಾಶಗಳು ಮತ್ತು ಸಂತೋಷದ ಕನಸುಗಳಿಗೆ, ಇದು ವಿಷಾದ ಮತ್ತು ಭಾವನೆಗಳ ಭಾವನೆಗೆ ಕಾರಣವಾಯಿತು.",Sadness
"ಯಶಸ್ಸು ಇಲ್ಲದೆ ಉದ್ಯೋಗವನ್ನು ಹುಡುಕುವ ನಿರಂತರ ಹೋರಾಟವು ಭಾವನಾತ್ಮಕವಾಗಿ ಬರಬಹುದು ಮತ್ತು ನಿರಾಶಾದಾಯಕವಾಗಿರುತ್ತದೆ, ಇದು ಆಳವಾದ ಫಲಿತಾಂಶಕ್ಕೆ ಕಾರಣವಾಗುತ್ತದೆ.",Sadness
"ನಿರುದ್ಯೋಗವು ಶಕ್ತಿಹೀನತೆಯ ಭಾವನೆಯನ್ನು ಉಂಟುಮಾಡುತ್ತದೆ ಮತ್ತು ಒಬ್ಬರ ಜೀವನದ ಮೇಲೆ ನಿಯಂತ್ರಣದ ಕೊರತೆಯನ್ನು ಉಂಟುಮಾಡುತ್ತದೆ, ಮತ್ತು ಹತಾಶೆಯ ಭಾವನೆಗಳಿಗೆ ಕೊಡುಗೆ ನೀಡುತ್ತದೆ.",Sadness
"ನಿರುದ್ಯೋಗದ ಅಗತ್ಯವಿರುವ ಆರ್ಥಿಕ ಅಭದ್ರತೆಯೊಂದಿಗೆ ಒತ್ತಡ ಮತ್ತು ಆತಂಕದ ಮಾನಸಿಕ ಆರೋಗ್ಯದ ಮೇಲೆ ಭಾರಿ ಟೋಲ್ ತೆಗೆದುಕೊಳ್ಳಲಾಗಿದೆ, ಇದು ನಿರಂತರ ಸಮಸ್ಯೆಗೆ ಕಾರಣವಾಗಿದೆ.",Sadness
"ನಿರುದ್ಯೋಗವು ವ್ಯಕ್ತಿಗಳ ದೈನಂದಿನ ದಿನಚರಿ ಮತ್ತು ರಚನೆಯ ಪುಸ್ತಕವನ್ನು ಅಡ್ಡಿಪಡಿಸಬಹುದು, ಅವರು ಅಲೆದಾಡುವ ಮತ್ತು ವಿಷಣ್ಣತೆಯ ಭಾವನೆಯನ್ನು ಅನುಭವಿಸುತ್ತಾರೆ.",Sadness
ಆರ್ಥಿಕ ಸ್ವಾತಂತ್ರ್ಯದ ಮತ್ತು ನಿರುದ್ಯೋಗದ ನಷ್ಟ ತನಗೆ ಅಥವಾ ಪ್ರೀತಿಯನ್ನು ಒದಗಿಸಲು ಅಸಮರ್ಥತೆಯು ಭಾವನಾತ್ಮಕವಾಗಿ ವಿನಾಶಕಾರಿಯಾಗಿದೆ.,Sadness
"ನಿರುದ್ಯೋಗವು ಸಾಮಾಜಿಕ ಸ್ಥಾನಮಾನ ಮತ್ತು ವೃತ್ತಿಪರ ಗುರುತಿನ ನಷ್ಟಕ್ಕೆ ಕಾರಣವಾಗುತ್ತದೆ, ಇದು ಅಸಮರ್ಪಕ ಮತ್ತು ನೋವಿನ ಭಾವನೆಗಳನ್ನು ಉಂಟುಮಾಡುತ್ತದೆ.",Sadness
ಸ್ಪರ್ಧಾತ್ಮಕ ಉದ್ಯೋಗ ಮಾರುಕಟ್ಟೆ ಮತ್ತು ಅವಕಾಶಗಳ ಕೊರತೆಯು ಉದ್ಯೋಗವನ್ನು ಹುಡುಕುತ್ತಿರುವವರಿಗೆ ಮತ್ತು ಹತಾಶೆಯ ಭಾವನೆಗಳನ್ನು ತೀವ್ರಗೊಳಿಸುತ್ತದೆ.,Sadness
"ನಿರುದ್ಯೋಗವು ವ್ಯವಸ್ಥೆ ಮತ್ತು ಸಮಾಜದೊಂದಿಗೆ ಭ್ರಮೆಯನ್ನು ಉಂಟುಮಾಡಬಹುದು, ಇದು ಮತ್ತು ನಿರಾಶೆಯ ಭಾವನೆ ಉಂಟಾಗುತ್ತದೆ.",Sadness
"ನಿರುದ್ಯೋಗದ ದೀರ್ಘಾವಧಿಯ ಪರಿಣಾಮಗಳು, ಕೌಶಲ್ಯಗಳ ನಷ್ಟ ಮತ್ತು ಕಡಿಮೆಯಾದ ಉದ್ಯೋಗಾವಕಾಶಗಳು, ನಿರಾಶಾದಾಯಕ ಚಿಕಿತ್ಸೆ ಮತ್ತು ನಂತರದ ಫಲಿತಾಂಶಗಳು.",Sadness
ನಿರುದ್ಯೋಗವು ಪ್ರೇರಣೆ ಮತ್ತು ಉದ್ದೇಶದ ಪುಸ್ತಕದ ನಷ್ಟಕ್ಕೆ ಕಾರಣವಾಗುವ ವ್ಯಕ್ತಿಗಳು ಸಿಲುಕಿಕೊಳ್ಳುತ್ತಾರೆ.,Sadness
"ಹೆಚ್ಚಿದ ಒತ್ತಡ, ಆತಂಕ ಮತ್ತು ಖಿನ್ನತೆ ಸೇರಿದಂತೆ ನಿರುದ್ಯೋಗದ ಮಾನಸಿಕ ಪ್ರಭಾವವು ಆಳವಾದ ಮತ್ತು ಹತಾಶೆಗೆ ಕಾರಣವಾಗುತ್ತದೆ.",Sadness
"ವ್ಯಕ್ತಿಯ ದೈಹಿಕ, ಭಾವನಾತ್ಮಕ ಮತ್ತು ಮಾನಸಿಕಕ್ಷೇಮದ ಮೇಲೆ ನಿರುದ್ಯೋಗದ ವ್ಯಾಪಕವಾದ ಪ್ರಭಾವವು ಅಗಾಧವಾದ ಪ್ರಭಾವವನ್ನು ಉಂಟುಮಾಡುತ್ತದೆ.",Sadness
ಸಾವು ಒಂದು ಆಳವಾದ ಮತ್ತು ಅನಿವಾರ್ಯ ಘಟನೆಯು ಹೆಚ್ಚಾಗಿ ಕಾಣಿಸುತ್ತದೆ ಮತ್ತು ಅದನ್ನು ಉಂಟುಮಾಡುತ್ತದೆ.,Sadness
"ಪ್ರೀತಿಪಾತ್ರರನ್ನು ಕಳೆದುಕೊಳ್ಳುವುದು ಭಾವನಾತ್ಮಕವಾಗಿ ವಿನಾಶಕಾರಿಯಾಗಬಹುದು, ವ್ಯಕ್ತಿಗಳು ಮತ್ತು ಶೂನ್ಯತೆಯಿಂದ ಮುಳುಗುತ್ತಾರೆ.",Sadness
"ಅಂತಿಮ ಮತ್ತು ಶಾಶ್ವತವಾಗಿ ಗ್ರಹಿಸಲು ಕಷ್ಟವಾಗಬಹುದು, ಇದು ಮತ್ತು ನಷ್ಟದ ಆಳವಾದ ಅರ್ಥಕ್ಕೆ ಕಾರಣವಾಗುತ್ತದೆ.",Sadness
"ಪ್ರೀತಿಪಾತ್ರರ ಮರಣವನ್ನು ನಿಭಾಯಿಸುವುದು ತೀವ್ರವಾದ, ಮತ್ತು ವೇದನೆ ಸೇರಿದಂತೆ ಹಲವಾರು ಭಾವನೆಗಳನ್ನು ಪ್ರಚೋದಿಸಬಹುದು.",Sadness
"ಇರುವ ಯಾರೊಬ್ಬರ ಸಾವಿನಿಂದಾಗಿ ಶೂನ್ಯವು ದುಸ್ತರವನ್ನು ಅನುಭವಿಸಬಹುದು, ವ್ಯಕ್ತಿಗಳು ಆಳವಾದ ಹಿಡಿತ ಸಾಧಿಸುತ್ತಾರೆ.",Sadness
"ಮರಣದಂಡನೆ ಮತ್ತು ಪ್ರೀತಿಪಾತ್ರರನ್ನು ಪ್ರೀತಿಸುತ್ತದೆ, ಇದು ವ್ಯಕ್ತಿಯ ಜೀವನದ ಎಲ್ಲಾ ಅಂಶಗಳ ಮೇಲೆ ಪರಿಣಾಮ ಬೀರುತ್ತದೆ.",Sadness
"ಯಾರನ್ನಾದರೂ ಕಳೆದುಕೊಳ್ಳುವ ನೋವು ಅವರ ಮರಣದ ನಂತರ ದೀರ್ಘಕಾಲ ಉಳಿಯಬಹುದು, ಇದು ಸಂಭವಿಸುವ ಮತ್ತು ಭಾವನಾತ್ಮಕ ಯಾತನೆಗೆ ಕಾರಣವಾಗುತ್ತದೆ.",Sadness
"ಸಾವಿನ ಹಠಾತ್ ಅಥವಾ ಅನಿರೀಕ್ಷಿತತೆಯು ಮತ್ತು ಅಸಾಧ್ಯವಾದ ಭಾವನೆಗಳನ್ನು ತೀವ್ರಗೊಳಿಸಬಹುದು, ವ್ಯಕ್ತಿಗಳು ನಷ್ಟವನ್ನು ಎದುರಿಸಲು ಹೆಣಗಾಡುತ್ತಾರೆ.",Sadness
"ಸತ್ತವರಿಗಾಗಿ ಶೂನ್ಯತೆ ಮತ್ತು ಹಾತೊರೆಯುವ ಭಾವನೆಯು ಅಗಾಧವಾಗಿರಬಹುದು, ಇದು ಆಳವಾದ ಮತ್ತು ದೀರ್ಘಕಾಲದ ಭಾವನೆಗೆ ಕೊಡುಗೆ ನೀಡುತ್ತದೆ.",Sadness
"ಪ್ರೀತಿಪಾತ್ರರನ್ನು ಕಳೆದುಕೊಂಡಿರುವುದು ಮತ್ತು ದೈಹಿಕವಾಗಿ ಪ್ರಕಟವಾಗುವುದು, ಇದರ ಪರಿಣಾಮವಾಗಿ ಭಾರವಾದ ಹೃದಯ, ಹಸಿವಿನ ನಷ್ಟ ಮತ್ತು ಆಯಾಸದಂತಹ ಲಕ್ಷಣಗಳು ಕಂಡುಬರುತ್ತವೆ.",Sadness
"ಸತ್ತವರ ನೆನಪುಗಳು ಮತ್ತು ನಾಸ್ಟಾಲ್ಜಿಯಾದ ಅಲೆಗಳನ್ನು ಪ್ರಚೋದಿಸಬಹುದು, ಅವರ ಅನುಪಸ್ಥಿತಿಯಿಂದ ಉಳಿದಿರುವ ಖಾಲಿತನವನ್ನು ವ್ಯಕ್ತಿಗಳಿಗೆ ನೆನಪಿಸುತ್ತದೆ.",Sadness
"ಪ್ರೀತಿಪಾತ್ರರನ್ನು ಕಳೆದುಕೊಂಡ ಮತ್ತು ತಿನ್ನುವ ತೊಂದರೆ ಮತ್ತು ದೈನಂದಿನ ಜೀವನವನ್ನು ಅಡ್ಡಿಪಡಿಸುತ್ತದೆ, ನಿದ್ರೆ ಮಾಡುವುದು ಏಕಾಗ್ರತೆಗೆ ಕಾರಣವಾಗುತ್ತದೆ.",Sadness
ಸತ್ತವರನ್ನು ಮತ್ತೊಮ್ಮೆ ನೋಡುವುದಿಲ್ಲ ಅಥವಾ ಸಂವಹನ ನಡೆಸುವುದಿಲ್ಲ ಎಂಬ ಅರಿವು ಆಳವಾಗಿ ಯಾರಿಗಾದರೂ ಒಪ್ಪಿಕೊಳ್ಳಲು ಕಷ್ಟವಾಗುತ್ತದೆ.,Sadness
"ಪ್ರೀತಿಪಾತ್ರರನ್ನು ಕಳೆದುಕೊಳ್ಳುವ ನೋವು ವಿಶೇಷ ಜನರು, ವಾರ್ಷಿಕೋತ್ಸವಗಳು ಮತ್ತು ರಜಾದಿನಗಳಲ್ಲಿ ಮರುಕಳಿಸಬಹುದು, ಮತ್ತು ಹಾತೊರೆಯುವ ಭಾವನೆಗಳನ್ನು ವರ್ಧಿಸುತ್ತದೆ.",Sadness
ಪ್ರೀತಿಪಾತ್ರರ ಮರಣದ ಚಟುವಟಿಕೆ ಮತ್ತು ಚಟುವಟಿಕೆಯಿಂದ ಬೇರ್ಪಡುವಿಕೆ ಮತ್ತು ಹಿಂದೆ ಆನಂದಿಸಿದ ಆಸಕ್ತಿಯ ನಷ್ಟವನ್ನು ಉಂಟುಮಾಡಬಹುದು.,Sadness
"ಪ್ರೀತಿಪಾತ್ರರ ಮರಣದಿಂದ ಶೂನ್ಯತೆ ಮತ್ತು ಮೌನ ಅವರ ಅನುಪಸ್ಥಿತಿಯಲ್ಲಿ ನಿರಂತರ ಜ್ಞಾಪಕವಾಗಬಹುದೆಂದು, ಇದು ನಿರಂತರವಾದ ಅರಿವಿಗೆ ಕಾರಣವಾಗಿದೆ.",Sadness
"ಒಂದು ಸವಾಲಿನ ಪ್ರಕ್ರಿಯೆಯು ದೀರ್ಘವಾದ ಮತ್ತು ಪ್ರಯಾಣವಾಗಿರಬಹುದು, ಇದು ತೀವ್ರವಾದ ಮತ್ತು ಗುರುತಿಸಲ್ಪಟ್ಟಿದೆ.",Sadness
"ಸಾವಿನ ಅಂತಿಮ ಮತ್ತು ಬದಲಾಯಿಸಲಾಗದ ಭಾವನೆಯನ್ನು ಉಂಟುಮಾಡಬಹುದು, ಮತ್ತು ಹತಾಶೆಯ ಭಾವನೆಗೆ ಕೊಡುಗೆ ನೀಡಲಾಗುತ್ತದೆ.",Sadness
"ಪ್ರೀತಿಪಾತ್ರರನ್ನು ಕಳೆದುಕೊಳ್ಳುವ ಮತ್ತು ಇತರರೊಂದಿಗಿನ ಸಂಬಂಧಗಳ ಮೇಲೆ ಪರಿಣಾಮ ಬೀರಬಹುದು, ಏಕೆಂದರೆ ನಷ್ಟದ ವ್ಯಕ್ತಿಗಳು ತಮ್ಮ ಭಾವನೆಗಳನ್ನು ನ್ಯಾವಿಗೇಟ್ ಮಾಡಲು ಸಹಾಯ ಮಾಡುತ್ತಾರೆ.",Sadness
"ನಿಕಟ ವ್ಯಕ್ತಿಯನ್ನು ಕಳೆದುಕೊಳ್ಳುವ ನೋವು ಅನ್ಯಾಯ ಮತ್ತು ಅನ್ಯಾಯದ ಭಾವನೆಯನ್ನು ಉಂಟುಮಾಡಬಹುದು, ಮತ್ತು ಸಂಕೀರ್ಣತೆಯನ್ನು ಸೇರಿಸುತ್ತದೆ.",Sadness
"ಸತ್ತವರನ್ನು ನೋಡಲು, ಕೇಳಲು ಮತ್ತು ಸ್ಪರ್ಶಿಸುವ ಹಂಬಲವು ಅಗಾಧವಾಗಿರಬಹುದು, ಮತ್ತು ಹಂಬಲದ ಭಾವನೆಗಳನ್ನು ತೀವ್ರಗೊಳಿಸುತ್ತದೆ.",Sadness
"ಸತ್ತವರ ಉಪಸ್ಥಿತಿಯಿಲ್ಲದೆ ಹೊಂದಿಕೊಳ್ಳುವ ಪ್ರಕ್ರಿಯೆಯು ಭಾವನಾತ್ಮಕವಾಗಿ ಬದಲಾಗಬಹುದು, ಇದು ದೀರ್ಘಕಾಲದ ಮತ್ತು ದಿಗ್ಭ್ರಮೆಯನ್ನು ಉಂಟುಮಾಡುತ್ತದೆ.",Sadness
"ಪ್ರೀತಿಪಾತ್ರರ ಮರಣದ ಮತ್ತು ಸಾಮಾನ್ಯವಾಗಿ ಕೋಪ, ಗೊಂದಲ ಅಸಹಾಯಕತೆಯ ಭಾವನೆಗಳನ್ನು ಪ್ರಚೋದಿಸುತ್ತದೆ, ಭಾವನೆಗಳ ಸಂಕೀರ್ಣತೆಯನ್ನು ಹೊಂದಿದೆ.",Sadness
ಪ್ರೀತಿಪಾತ್ರರ ಮರಣದ ನಂತರ ಜೀವನವು ಯಾವಾಗಲೂ ಒಂದೇ ಆಗಿಲ್ಲ ಎಂಬ ಅರಿವು ಆಳವಾದ ವಿಷಯವಾಗಿದೆ.,Sadness
"ಒಬ್ಬರ ಜೀವನದ ಮೇಲೆ ಸಾವಿನ ಆಳವಾದ ಪ್ರಭಾವವು ಶಾಶ್ವತವಾದ ಭಾವನಾತ್ಮಕ ಮುದ್ರೆಯನ್ನು ಬಿಡಬಹುದು, ಇದರ ಪರಿಣಾಮವಾಗಿ ನಿಧನರಾದ ವ್ಯಕ್ತಿ ಮತ್ತು ಹಂಬಲವನ್ನು ಸಹಿಸಿಕೊಳ್ಳಬಹುದು.",Sadness
"ನಿರುದ್ಯೋಗವು ಇಂದಿನ ಸಮಾಜದಲ್ಲಿ ನಿರಂತರ ಸಮಸ್ಯೆಯಾಗಿ ಮಾರ್ಪಟ್ಟಿದೆ, ಇದು ಬಾಧಿತರಿಗೆ ಗಂಭೀರವಾದ ಮತ್ತು ಸಂಕಟವನ್ನು ಉಂಟುಮಾಡುತ್ತದೆ.",Sadness
ನಯಾಪೈಸೆ ಒಗ್ಗಟ್ಟಿಲ್ದಿರೋ ಈ ಟೀಮ್‌ ಕಟ್ಕೊಂಡು ಮುಂದೆ ಬರೋ ಗ್ರೂಪ್‌ ಪ್ರಾಜೆಕ್ಟ್‌ ಮಾಡ್ಬೇಕಿರೋದ್ ನೆನ್ಸ್‌ಕೊಂಡ್ರೇ ನಂಗ್ ಎದೆ ಹೊಡ್ಕೊತಿದೆ.,Fear
ಭವಿಷ್ಯದಲ್ಲಿ ನಿನ್ನನ್ನ ಸಾಕಷ್ಟ್‌ ದೊಡ್ಡ್ ಶ್ರೀಮಂತ ಆಗ್ಸೋ ಥರ ನಿನ್ ಸಂಪಾದ್ನೆ ಒಂದೇ ಸಮನಾಗ್ ಜಾಸ್ತಿ ಆಗ್ತಿರೋದ್‌ ನೋಡುದ್ರೆ ರೋಮಾಂಚನ ಆಗತ್ತೆ ನಮ್ಗೆ.,Happiness
"ಆದ್ರೆ ಜಾಸ್ತಿ ಜಾಗ ಇಲ್ದಿರೋದ್ರಿಂದ, ನಾವು ಕೇಕ್ ಮೇಲೆ ಚಿಕ್ದೊಂದ್ ಸಂದೇಶನ್ ಮಾತ್ರ ಬರೀಬೋದು. ಕೇಕ್ ಮೇಲೆ ‌ಆದಷ್ಟೂ ಪುಟ್ಪುಟ್ ಪದಗಳ್ನಷ್ಟೇ ಬರ್ಸಿದ್ರೆ ಒಳ್ಳೇದು ನೋಡಿ.",Sadness
"ಸರ್, ದಯ್ವಿಟ್ಟು ನೀವು ಕೂತಿದ್ದ್‌ ಜಾಗಕ್ಕೆ ವಾಪಸ್‌ ಹೋಗಿ. ಇದು ವಿಮಾನ, ಫುಡ್ ಬಜ಼ಾರ್ ಅಲ್ಲ!",Anger
"ಏಯ್‌ ತಲಿಖರಾಬ್‌ ಆಗ್ಯದ್‌ ನಂಗ, ನಾ ಅಮೆರಿಕಾಕ್ಕ ಹೋಗಿದ್ದೆ ಅನ್ನ ಸಲ್ವಾಗಿ ಮತ್ತೊಮ್ ಪೂರಾ ಡ್ರೈವಿಂಗ್‌ ಲೈಸನ್ಸ್‌ ಎಲ್ಲಾ ಮಾಡಸ್ಕೋಬೇಕಂತ.",Anger
ಬಾಂಡ್ ಮಾರ್ಕೆಟ್ಲಿ ಪರಿಸ್ಥಿತಿ ಇಷ್ಟ್‌ ಡೋಲಾಯಮಾನವಾಗಿರೋದ್‌ ನೋಡುದ್ರೆ ನಂಗ್ ಸ್ವಲ್ಪ ಭಯ ಆಗ್ತಿದೆ.,Fear
ಏಷ್ಯನ್ ಗೇಮ್ಸಲ್ಲಿ ಭಾರತ ಫುಟ್ಬಾಲ್ ಆಡೋದ್ನ ನೋಡಕ್ಕೆ ನಾನ್ ಖುಷಿಯಿಂದ ಕಾಯ್ತಾ ಇದೀನಿ.,Happiness
"ಅರೆ ವ್ಹಾ, ಈ ವಿಶ್ರಾಂತಿ ನನ್‌ ಫೆವರೇಟ್‌ ಕಾಫಿ ಅಂಗ್ಡಿ, ಇದರಬಲ್ಲೇ ನಂಗ್ ಬಾಡ್ಗಿ ಮನಿ ಸಿಗ್ತದಂತ ನಂಗನಸಿರ್ಲಿಲ್ಲ. ಭಾರೀ ಬೋನಸ್ ಹೊಡದೆ!",Surprise
ಏನು?! ನನ್ ನೇಮಕಾತಿ ಆಗೋಕೆ ನಾನಿನ್ನೂ ಒಂದ್‌ ವಾರ ಕಾಯ್ಬೇಕಾ?! ಏನ್‌ ಹುಡುಗಾಟ ಏನ್ರಿ.. ನಾನ್‌ ಖಂಡಿತ ಒಪ್ಪಲ್ಲ ಇದ್ನ!,Anger
ನಂಗೆ ಡ್ರಾಯಿಂಗ್‌ ಕ್ಲಾಸ್‌ ಅಂದ್ರೆ ಸಿಕ್ಕಾಪಟ್ಟೆ ಇಷ್ಟ. ನಮ್ಗ್‌ ಯಾವ್‌ ಬಣ್ಣ ಇಷ್ಟನೋ ಅದ್ರಲ್ಲೇ ಚಿತ್ರ ಬಿಡಿಸ್ಬೋದು ನಾವು.,Happiness
"ನೀವು ಯಾರಾದ್ರೂ ಹೂಡಿಕೆ ಸಲಹೆಗಾರ್ರ ಹತ್ರ ಸಹಾಯ ತಗೊತಿದೀರಿ ಅನ್ಕೊಂಡಿದ್ದೆ ನಾನು, ನಿಮ್‌ ಹಣಕಾಸಿನ್‌ ವಿಷ್ಯನೆಲ್ಲ ನೀವೇ ನಿಭಾಯ್ಸ್ತಾ ಇದೀರಾಂತ ಗೊತ್ತೇ ಇರ್ಲಿಲ್ಲ.",Surprise
ಡೆಲ್ಲಿಲಿ ಅದೆಷ್ಟ್‌ ಥರಾವರಿ ಮ್ಯೂಸಿಯಮ್‌ಗಳಿವ್ಯಪ್ಪ! ನಂಗಂತೂ ನೋಡಿ ನಿಬ್ಬೆರಗಾಗೋಯ್ತು.,Surprise
"ನಾನ್ ರೆಸ್ಟೋರಂಟಲ್ಲ್ ಕೂತ್ಕೊಳಕ್‌ ಜಾಗ ಸಿಗತ್ತಾ ಅಂತ ಕಾಯ್ತಿದ್ರೆ ಅಲ್ಲಿಯೋರ್ಯಾರೂ ನನ್ ಕಡೆ ಗಮ್ನನೇ ಕೊಡ್ಲಿಲ್ಲ, ನಂಗ್‌ ಕೋಪ ಹತ್ತಿ ಆಚೆ ಬಂದ್ಬಿಟ್ಟೆ.",Anger
ಒಂದ್ ಸಲ  ಆರೋಗ್ಯ ಕೇಂದ್ರದಿಂದ್  ಬಿಡುಗಡೆಯಾದ್  ಮೇಲೆ ಎಲ್ಲ ಕೆಲ್ಸನ ನಾನೇ ಮಾಡ್ಬೇಕಲ್ಲ ಅಂತ ನಂಗ್ ಬೇಜಾರಾಗ್ತಿದೆ.,Sadness
ಊಟ ಮಾಡೋ ಜಾಗದ್‌ ಬಗ್ಗೆ ರೆಸ್ಟೋರೆಂಟ್ನೋರು ಚೂರೂ ಗಮನ ಕೊಡ್ದೇ ಅಷ್ಟ್ ಗಲೀಜಾಗ್‌ ಇಟ್ಕೊಂಡಿದ್ದಿದ್‌ ನೋಡಿ ನಂಗಲ್ಲ್ ತಿನ್ನೋ ಮನ್ಸೇ ಹೊರ್ಟೋಯ್ತು.,Disgust
ಬಸ್ಸಲ್‌ ಬರ್ತಿದ್ದೋನೊಬ್ಬ ತನ್ ಟಿಕೆಟ್ಗೆ ದುಡ್ಡ್ ಕೊಡಲ್ಲ ಅಂದಾಂತ ಬಸ್ನೇ ನಿಲ್ಸ್‌ಬಿಟ್ರು. ನಾನೋ ಸಮಯಕ್ ಸರ್ಯಾಗಿ ಆಫೀಸಿಗ್ ಹೋಗಕ್ಕಾಗ್ತಿಲ್ವಲ ಅಂತ ಕೆಂಡಾಮಂಡ್ಲ ಆಗೋಗಿದ್ದೆ.,Anger
ನಾನ್ ನೆನ್ನೆ ರಾತ್ರಿ ನನ್ ಟಿಕೆಟ್‌ನ ಕ್ಯಾನ್ಸಲ್‌ ಮಾಡಿದೀನಿ ಸರ್. ನಂಗೆ ದುಡ್ಡ್ ವಾಪಸ್‌ ಸಿಗತ್ತೋ ಇಲ್ವೋ ಅಂತ ಚಿಂತೆ ಆಗ್ತಿದೆ.,Fear
ನಾವ್‌ ಹೊಸ್ದಾಗ್‌ ಪರಿಚಯ್ಸಿದ್‌ ಸರಳವಾದ್ ಆರ್ಡರಿಂಗ್‌ ವ್ಯವಸ್ಥೆ ನಮ್‌ ಗ್ರಾಹಕ್ರಿಗೆಲ್ಲ ಭಾಳ ಇಷ್ಟ ಆಗಿದೆ.,Happiness
"ನಮ್ ಪಕ್ಕದ್ಮನೆಯೋರ್ಗೆ ಬೀದಿ ಬದಿ ಗಾಡಿಲಿ ಏನೋ ತಿಂದು ಈಕೋಲೈ ಸೋಂಕಾಗೋಗಿದೆ, ಅದ್ಕೆ ನಂಗೀಗ ಸ್ಟ್ರೀಟ್ ಫುಡ್ ತಿನ್ನೋಕೇ ಭಯ.",Fear
"ಅಮ್ಮ ಅಂತ್ಲೂ ನೋಡ್ದೇ ನನ್ನೇ ರೂಮಿಂದ ಆಚೆ ಹೋಗು ಅಂದ್ಬಿಟ್ಯಲ್ಲೋ, ಎಷ್ಟ್‌ ನೋವಾಗತ್ತೆ ಗೊತ್ತಾ ಅಂಥ ಮಾತ್‌ ಕೇಳಕ್ಕೆ. ಆದ್ರೆ ನಾನ್‌ ಹೋಗಕ್ಮುಂಚೆ ನಿಂಗೊಂದ್‌ ವಿಷ್ಯ ಹೇಳ್ಬೇಕಿತ್ತು. ಅದ್ಕೇಂತ್ಲೇ ಬಂದಿದ್ದಿದ್ದು ನಾನು, ಇನ್ನೇನಲ್ಲ.",Sadness
"ಅಮ್ಮಾ, ನನ್ ಟೀಚರ್ಸು ಈ ವರ್ಷ ರಂಗ ನಾಟಕ್ದಲ್ಲಿ ನಾನು ರಾಜ ಮಹಾಬಲಿಯ ಪಾತ್ರ ಮಾಡ್ಬೋದು ಅಂತಂದಿದಾರೆ.",Happiness
ಆ ದೇವಸ್ಥಾನಕ್ ಹೋಗ್ಬಂದ್ಮೇಲೆ ನಾನ್  ಅನ್ಕೊಂಡಿದ್ದಿದ್ದೆಲ್ಲ ನೆರವೇರ್ತು ಅಂತ ನಂಗಂತೂ ಇನ್ನಿಲ್ದಷ್ಟ್ ಸಂತೋಷ ಆಯ್ತು.,Happiness
ನೀವು ವಿದ್ವತ್ಪೂರ್ಣ ಸಂಶೋಧನೆನ ಕಡೆಗಣ್ಸಿ ಜನಪ್ರಿಯತೆಗೋಸ್ಕರ ದಾರಿತಪ್ಸೋಂಥ ವಾದಗಳ್ನ ಪ್ರಚಾರ ಮಾಡೋಕ್‌ ಹೊರ್ಟೀರೋದ್‌ ನೋಡುದ್ರೆ ನಿಮ್ಮಲ್ಲಿ ವಿದ್ವತ್ತಿಗೆ ನಿಜ್ವಾಗ್ಲೂ ಗೌರವ ಇದ್ಯಾ ಅಂತ ನಂಗ್ ಅನುಮಾನ ಬರ್ತಿದೆ.,Disgust
"""""""ಆರೋಗ್ಯ ಕೇಂದ್ರದಲ್ಲಿ ಜಾಸ್ತಿ ದಾದೀರು ಇರ್ತಾರೆ ಅಂದ್ಕೊಂಡಿದ್ದೆ, ಆದ್ರೆ ಹಾಗಿರ್ಲಿಲ್ಲ. ಎಲ್ಲ ನಾವೇ ನಿಭಾಯ್ಸ್‌ಬೇಕಾಗಿದ್ದು ತುಂಬಾ ಕಷ್ಟ ಆಯ್ತು"""". """,Sadness
"ಇದೇನೋ ಒಳ್ಳೆ ಫ್ರಿಡ್ಜ್ ಅನ್ಕೊಂಡ್ ತಗೊಂಡ್ಬಂದೆ, ಆದ್ರೆ ಇದ್ರಿಂದಾಗ್ತಿರೋ ಸಮಸ್ಯೆಗಳ್ನ ಸರಿಪಡ್ಸೋ ಹೊತ್ಗೇ ನಂಗ್‌ ಸಾಕ್ಸಾಗ್‌ಹೋಗ್ತಿದೆ.",Sadness
ನೀವ್‌ ಈ ಟೀಮ್ ಬಿಟ್ಹೋದ್ರ ಕೆಲ್ಸದಾಗ ನಿಮಗಿರ ಅನುಭವ ಮತ್‌ ತಿಳವಳ್ಕಿ ನಾವ್‌ ಕಳಕೋತೀವಿ ಅದನ್‌ ಬ್ಯಾರೆಯವ್ರು ಭರ್ತಿ ಮಾಡದ್‌ ಅಷ್ಟ್‌ ಸರಳಲ್ಲ ಅಂತ ಒಬ್‌ ಎಚ್.‌ಆರ್.‌ ಪಾರ್ಟ್ನರ್‌ ಆಗಿ ನಂಗ ಚಿಂತ್ಯಾಗ್ತದ.,Fear
ಪ್ರೀಮಿಯರ್ ಏರ್ಲೈನ್ಸ್ನ ಇಬ್ರು ವಿಮಾನ ಪರಿಚಾರಕ್ರು ಪ್ರಯಾಣಿಕನನ್ ಗೇಲಿ ಮಾಡಿ ನಂತ್ರ ಅವನನ್  ನೆಲಕ್ಕೆ ಬೀಳ್ಸಿ  ಹೊಡೆದ್ರು ಅಂತ ಕೇಳಿ ನಂಗ್ ನಂಬಕ್ ಆಗಿಲ್ಲ.,Disgust
"ಜನ್ರು ಗೊತ್ತಿಲ್ದೆ  ನಕಲಿ ಚಿನ್ನನ್  ತಗೊಳ್ತಾ ಇರೋ  ಕಥೆಗಳನ್ ನಾನ್  ಕೇಳಿದ್ದೀನಿ,  ಮತ್ ನಾನಂತೂ  ನಿಜ್ವಾಗ್ಲೂ  ಸರ್ಯಾಗ್ ಇದ್ದಿದ್ರಲ್ಲಿ  ಹೂಡಿಕೆ ಮಾಡ್ತಾ ಇದ್ದೇನಾ ಅಂತ ಒಂದ್ ಸಲ ನೋಡ್ಕೋಬೇಕು.",Fear
ಫುಟ್ಬಾಲ್ ಆಟಗಾರ್ರು ಒರ್ಟೊರ್ಟಾಗ್ ಆಟ ಆಡೋದು ನಾಚಿಕ್ಗೇಡು ಅಷ್ಟೇ.,Disgust
"ನಂಗ್ ಎತ್ರದ್‌ ಜಾಗಾಂದ್ರೆ ಆಗಲ್ಲಪ್ಪ. ನೆಲಮಟ್ಟಕ್ಕಿಂತ ತುಂಬಾ ಎತ್ರಕ್ ಹೋದ್ರೆ ನನ್ ಕಾಲ್ಗಳು ನಡುಗತ್ವೆ, ನನ್ ಬಾಯೆಲ್ಲ ಒಣಗೋಗತ್ತೆ.",Fear
ಸೈಬರ್ ಅಪರಾಧಿಗಳು ಜನ್ರ ವೈಯಕ್ತಿಕ ಮಾಹಿತಿನ ಬಳಸ್ಕೊಂಡು ಅವ್ರನ್ನ ಪೀಡಿಸೋ ದುರುದ್ದೇಶದಿಂದ ಮಾಡೋ ಥರಾವರಿ ತಂತ್ರಗಳ್ನ ನೋಡ್ತಿದ್ರೆ ಜುಗುಪ್ಸೆ ಬರತ್ತೆ ನಂಗೆ.,Disgust
"ಮೇಡಂ, ನಿಮ್ಮ ಲ್ಯಾಪ್ಟಾಪ್ ಸಾಫ್ಟ್ವೇರ್ಲಿ ಏನೇ ಸಮಸ್ಯೆಗಳಿದ್ರೂ ನಾವದ್ನ ಸರಿಮಾಡ್ಕೊಡ್ತೀವಿ, ಆದ್ರೆ ದಯ್ವಿಟ್ಟು ನಮ್ಹತ್ರ ಅಲ್ದೇ ಬೇರೇವ್ರ್‌ ಹತ್ರ ವ್ಯವಹಾರ ಮಾಡ್ಬೇಡಿ, ಆ ದೇವ್ರ್‌ ಮೇಲಾಣೆ ನಿಮ್ಗೆ.",Fear
"ನಿನ್ನೆ ತಗೊಂಡ್ ಸಿಲಿಂಡರ್ ಮೊದ್ಲು ಇರ್ತಾ ಇದ್ದಿದ್ಕಿಂತ ಕಡ್ಮೆ ತೂಕ ಇರೋದ್‌ ನೋಡುದ್ರೆ ನಾವೀಗ ಕಡ್ಮೆ ಗ್ಯಾಸ್‌ಗೆ ಜಾಸ್ತಿ ದುಡ್ಡ್‌ ಕೊಟ್ಟಂಗಾಗಿದೆ, ಏನ್‌ ಜನ್ರಿಗ್‌ ಅಷ್ಟ್‌ ಸುಲಭ್ವಾಗ್‌ ಮೋಸ ಮಾಡ್ಬೋದು ಅನ್ಕೊಂಡಿದಾರ ಇವ್ರು!",Anger
"ನಂಗಿವತ್ತ್‌ ಏನೂ ದುಡ್ಮೆ ಆಗ್ಲಿಲ್ಲ ಅಂದ್ರೆ ನಮ್ಮನೆಯೋರೆಲ್ಲ ಉಪ್ವಾಸ ಬಿದ್ದ್‌ ಸಾಯ್ಬೇಕಾಗತ್ತೆ, ಅವ್ರೆಲ್ಲ ಏನಾದ್ರೂ ತಿಂದೇ ಒಂದ್ವಾರ ಆಗ್ತಾ ಬಂತು.",Fear
"ಭಾರತದ್ ಮಹಿಳಾ ಕ್ರಿಕೆಟ್ ತಂಡದ್ ಕ್ಯಾಪ್ಟನ್ನು ಅಷೆಲ್ಲ ತಲಹರಟೆ, ತಕರಾರ್‌ ಮಾಡಿದ್ದು ನಂಗಂತೂ ಅಸಹ್ಯ ಆನ್ನಿಸ್ತಪ್ಪ.",Disgust
ಒಬ್ಬಾವ್‌ ಬ್ಯಾಂಕಿನವಾ ನಮ್ ಜೊತಿ ಮರ್ಯಾದಿರ್ಲಾರ್ದಂಗ ಮಾತಾಡಿದ್ದಾ ಅಂತ ನಾ ಹೇಳ್ದಾಗ ಆ ಬ್ಯಾಂಕ್‌ ಆಫೀಸರ್‌ ಎಷ್ಟ್‌ ಛೊಲೋ ನಿಭಾಯ್ಸಿದ ಅದ್‌ ನೋಡಿ ನಂಗೂ ಛಂದನಸ್ತು.,Happiness
ಪಿಂಕ್ ಪ್ಯಾಂಥರ್ ಸಿನಿಮಾದಾಗ ಪೀಟರ್ ಸೆಲ್ಲರ್ಸ್‌ಗ್ ನೋಡಿ ನಂಗ ನಕ್‌ನಕ್‌ ಹೊಟ್ಟಿಹಿಡ್ಕೊಂಡ್ತು .,Happiness
"ಈ ಆಪ್ತಸಲಹೆಗಾರ್ತಿ ನನ್ ಸಮಸ್ಯೆಗಳ್ನ ನಿಭಾಯ್ಸೋ ರೀತಿನೇ ಭಾಳ ಮೆಚ್ಗೆ ‌ಆಗತ್ತ್ ನಂಗೆ. ಆಕೆ ನನ್‌ ಸಮಸ್ಯೆನ ತಮ್ದೇ ಅನ್ನೋಮಟ್ಗೆ ಅರ್ಥ ಮಾಡ್ಕೊತಾರೆ, ಯಾವಾಗ್ಲೂ ತಾಳ್ಮೆಯಿಂದಿರ್ತಾರೆ.",Happiness
"""""""ಮದುವೆಯ ಕರಾಳ ಅಧ್ಯಾಯಕ್ಕೆ ಸ್ವಾಗತ"""" ಅಂತಿದ್ರೆ ಹೇಗೇಂತ ಕೇಳ್ತಿದ್ದ. ಥು ಹೇಗಾದ್ರೂ ಮನ್ಸ್‌ ಬರತ್ತೋ ಹಾಗೆಲ್ಲ ಬರ್ಯೋಕೆ!""",Disgust
ವಿಶೇಷ ದರ್ಶನಕ್ಕೇಂತ ನಾವ್ ಯಾರ್ಗೂ ಹಣ ಕೊಟ್ಟಿಲ್ದಿದ್ರೂ ನಮ್ಮನ್ನ ದೇವಸ್ಥಾನದ್ ಗರ್ಭಗುಡಿಗ್ ಕರ್ದಾಗ ನಮ್ಗೆ ತುಂಬಾನೇ ಆಶ್ಚರ್ಯ ಆಯ್ತು.,Surprise
ಆ ಆರೋಗ್ಯ ಕೇಂದ್ರದಲ್ಲಿ ಎಂ.ಆರ್‌.ಐ.ಗೋಸ್ಕರ ಪ್ರತ್ಯೇಕ ಸೌಲಭ್ಯನೇ ಇಲ್ವಂತೆ! ಈ ಥರದ್ ಜಾಗದಲ್ಲಿ ಎಲ್ಲಾ ಆಧುನಿಕ ಸೌಲಭ್ಯಗಳೂ ಇರತ್ವೆ ಅನ್ಕೊಂಡಿದ್ದೆ ನಾನು.,Surprise
"ಭಾರಿ ಗಾಳಿ ಮಳೆ ಜೊತೆ ಗುಡ್ಗು ಮಿಂಚು ಬಂದ್ ನಂತ್ರ, ನಾನ್  ಸ್ನಾನಗೃಹದ್  ಬಾಗ್ಲು ತೆಗ್ದಾಗ ಅಲ್ಲಿದ್ ದೊಡ್ ಹಾವನ್ ಕಂಡ್ ಭಯದಿಂದ್  ಹಿಂದೆ ಸರ್ದೇ.",Fear
ಡಾಕ್ಟ್ರು ನನ್ ಆರೋಗ್ಯದ್ ವರದಿ ನೋಡಿ ತುಂಬಾ ಸಂತೋಷಪಟ್ರು ಮತ್ತೆ ನಾನ್ ವ್ಯಾಯಾಮ ಮಾಡೋದನ್ನ ಮುಂದುವರಿಸ್ಬೇಕೂಂತ ಹೇಳಿದಾರೆ.,Happiness
"ಮನೆಗೆ ಹಿಂತಿರ್ಗಿ ಬರುವಾಗ, ನಾನು ಒಂದು ಕಲ್ಲು ಎಡವಿ ಬಿದ್ದೆ ಮಾರಾಯ, ನಾನು ಕೊಂಡು ಬರ್ತಿದ್ದ ಹಾಲೆಲ್ಲ ನೆಲದ್ಮೇಲೆ ಚೆಲ್ಲಿಹೋಯ್ತು.",Sadness
ತೀರಾ ವಯಸ್ಸಾಗಿರೋ ಆ ಭಿಕ್ಷುಕ ನೆನ್ನೆ ಈ ರಸ್ತೆಲ್ ನಿಧಾನ್ವಾಗ್ ನಡ್ಕೊಂಡ್ ಹೋಗ್ತಾ ಇದ್ದಿದ್ದ್‌ ನೋಡಿ‌ ನಂಗ್ ಮನ್ಸಿಗ್‌ ಒಂಥರ ಕಳವಳ ಆಯ್ತು.,Sadness
ಪ್ರದರ್ಶನಕ್ಕಿಟ್ಟಿದ್ದ್ ಕಲಾಕೃತಿಗಳ್ ವ್ಯಾಪ್ತಿ ಮತ್ತೆ ವೈವಿಧ್ಯ ನೋಡಿ ಮಾತೇ ಹೊರಡ್ಲಿಲ್ಲ ನಂಗೆ.,Surprise
ನಾ ಏನೇನ್‌ ಮಾಡ್ಬೇಕ್ ಅನ್ಕೊಂಡಿನೊ ಅವೆಲ್ಲಾ ನನ್‌ ಕೈಯಾಗ್ ಸಾಧಸ್ಲಿಕ್ಕಿ ಆಗ್ತದೊ ಇಲ್ಲೊ‌.,Fear
ಇವತ್‌ ನಮ್ ಬಾಲ್ಕನಿಲಿ‌ ಒಂದ್ ಮುದ್ದಾದ್ ಪುಟಾಣಿ ಅಳಿಲ್ ಬಂದು ನಾವಲ್ಲ್ ಹಾಕಿ‌ದ್ದಿದ್‌ ಅಕ್ಕಿ ಕಾಳ್ಗಳ್ನ‌ ನಿಧಾನ್ವಾಗ್‌ ತಿಂತಾ ಕೂತಿತ್ತು.,Happiness
"ಧತ್, ನೀವ್ ಪುನಾ ಆ ವೇಳಾಪಟ್ಟಿ ಬಗ್ಗೆನೇ ಕೇಳ್ತಿದೀರಿ ಅಂದ್ರೆ ನಂಬಕ್ಕಾಗ್ತಿಲ್ಲ ನಂಗೆ! ಅದೆಷ್ಟ್‌ ಸಲ ಅದದ್ನೇ ಕೇಳ್ತೀರ್ರಿ?!",Disgust
"ನಾನ್ ಈ ದೊಡ್ದೊಡ್ ಎಲೆಕ್ಟ್ರಾನಿಕ್ಸ್ ಅಂಗ್ಡಿಲಿ ಏನೂ ತಗೊಳಕ್‌ ಹೋಗಲ್ಲ, ಅವ್ರ್‌ ಕೊಡೋ ಸರ್ವಿಸ್‌ ಅದ್ಹೇಗಿರತ್ತೋ ಏನೋ ಯಾರಿಗ್ಗೊತ್ತು, ನಂಗಂತೂ ನಂಬ್ಕೆನೇ ಇಲ್ಲ.",Fear
ಈ ಮೇಲೋಗ್ರದ್ ಮಸಾಲೆ ಪರಿಮಳ ನನ್ನ ಬೇರೆದೇ ಲೋಕಕ್ ಕರ್ಕೊಂಡ್ ಹೋಗ್ತಿದೆ.,Happiness
ಕೆಸ್ರು ತುಂಬಿದ್ ರಸ್ತೆಲಿ ಕಾರ್‌ ಓಡ್ಸಿದ್ರಿಂದ ಅದು ಮಣ್ಣೆಲ್ಲ ಮೆತ್ಕೊಂಡು ಪೂರ್ತಿ ಕೊಳೆ ಆಗೋಗಿದೆ. ಅದ್ನೆಲ್ಲ ಕ್ಲೀನ್‌ ಮಾಡೋದೆಷ್ಟ್‌ ಕಷ್ಟ ಗೊತ್ತಾ?,Sadness
ತನ್‌ ಗಂಡ ಮಕ್ಳನ್ನೆಲ್ಲ ಬಿಟ್ಟು ಅದ್ಯಾರೋ ಪಾಕಿಸ್ತಾನ್‌ದೋನ್ನ ಮದ್ವೆ ಆಗಕ್‌ ಹೊರ್ಟಿರೋ ಭಾರತದ್‌ ಮಹಿಳೆ ಬಗ್ಗೆ ಓದಿ ರೇಜ್ಗೆ ಆಗೋಯ್ತು ನಂಗೆ.,Disgust
ಸಾವಿರದ ಒಂಭೈನೂರ ಎಂಭತ್ತಮೂರು ರಲ್ಲಿ ವೆಸ್ಟ್ ಇಂಡೀಸ್ ವಿರುದ್ಧ ಭಾರತದ್ ಕ್ರಿಕೆಟ್ ತಂಡ ಗೆಲ್ಬಹುದು ಅಂತ ಯಾರೊಬ್ರೂ ಎಣ್ಸಿರ್ಲಿಲ್ಲ!,Surprise
"ಲೀ ಸೆಡಾಲ್ ಅವ್ರು ""ಗೋ"" ಅನ್ನೋ ಆಟದಲ್ಲಿ ಒಂದ್ ಕಂಪ್ಯೂಟರ್ ಅವ್ರ್ ವಿರುದ್ಧ ಗೆದ್ಮೇಲೆ ಆಟ ಆಡೋದ್ನೇ ನಿಲ್ಲಿಸ್ಬಿಡೋ ನಿರ್ಧಾರ ಮಾಡುದ್ರು. ಅವ್ರು ಶ್ರೇಷ್ಠ ಆಟಗಾರ್ರಾಗಿದ್ರು, ನಾನವ್ರ್ ಆಟ ನೋಡೋದ್ನ ಮಿಸ್ ಮಾಡ್ಕೊಳ್ತೀನಿ.",Sadness
ಎಲ್ಲಾ ಥರದ ವಾಹನಗಳ್ಗೂ ಅತ್ಯುತ್ತಮವಾದ ಸರ್ವಿಸ್ ಒದಗಿಸ್ಕೋಡೋದಕ್ಕೆ ನಾವು ಬದ್ಧರಾಗಿದೀವಿ.,Happiness
"ಇವತ್ ನಾನ್‌ ಈ ಟ್ರಾಫಿಕ್ಕಲ್ಲಿ ನಿಲ್ಬೇಕಾದಾಗ್ಲೆಲ್ಲ ನನ್ ಹಿಂದೆನೇ ಚೆನ್ನೈ ಸಿಟಿ ಬಸ್ ಇದೆ‌, ಈ ಬಸ್‌ಗಳ್ಗೋ ಬ್ರೇಕ್‌ ಇರೋದೇ ಅಪ್ರೂಪ.. ನನ್‌ ಕೈ-ಕಾಲೆಲ್ಲ ತರತರ ನಡುಗ್ತಾ ಇವೆ.",Fear
"ನಮ್ ಅಂಗ್ಡಿ ಯಾಕೋ ಹಳೇಕಾಲದ್‌ ಅನ್ಸ್ಲಿಕತ್ತದ, ಅದ್ಕಾ ಮಾರ್ಕೆಟ್ನಾಗ್ ಮೊದ್ಲಿನ್‌ ವಜ಼ನ್‌ ಉಳಿದಿಲ್ಲೇನೊ ಅಂತ‌ ಚಿಂತಿ ಹತ್ಯದ್‌‌ ನಂಗ.",Sadness
ಈ ಡಬ್ಬಾ ಬಟ್ಟೆಗಳ್ನ ಹಾಕೊಳಿ ಅಂತ ಯಾಕ್‌ ಬಲ್ವಂತ ಮಾಡ್ತಿದೀರ ನಮ್ಗೆ?! ಚೆನ್ನಾಗ್‌ ಕಾಣ್ಸೋ ಬಟ್ಟೆ ಯಾವ್ದೂ ಇಲ್ವಾ ನಿಮ್ಹತ್ರ?!,Anger
ಸ್ಪೈಡರ್ ಮ್ಯಾನ್ ಸಿನ್ಮಾದ್ ಸಂಗೀತ ಎಷ್ಟ್  ಚೆನ್ನಾಗಿದೆ ಅಂದ್ರೆ ಅದ್‌ ಕೇಳ್ದಾಗೆಲ್ಲ ನನ್‌ ಮುಖದಲ್ಲಿ ನಗು ಅರಳತ್ತೆ.,Happiness
ನಾನ್ ಚೆಕ್ ಕ್ಯಾಶ್ ಮಾಡಕ್ಕೆ  ನನ್ ಸರ್ದಿಗಾಗಿ ತಾಳ್ಮೆಯಿಂದ್  ಕಾಯ್ತಿದ್ದಾಗ ಬ್ಯಾಂಕ್ ಉದ್ಯೋಗಿ ನನ್ನ ತರಾಟೆಗೆ ತಗೊಂಡ್ರು  ಇದ್ರಿಂದ ನಂಗ್  ತುಂಬಾ ಕೋಪ ಬಂತು.,Anger
ಇವತ್ತು ನನ್ ವಿದ್ಯಾರ್ಥಿ ಒಬ್ಬ ಲಿಂಕ್ಡ್ಇನ್ನಲ್ಲಿ ನನ್ ಬಗ್ಗೆ ಬರ್ದಿದ್ದಿದ್‌ ನೋಡಿ ಮನ್ಸು ತುಂಬಿ ಬಂತು.,Happiness
"ಅವ್ರು ನಿರಂತರವಾಗಿ ಗಮನನೇ ಕೊಡ್ದೇ ಇರೋದು, ಅಗೌರವ ತೋರಿಸ್ತಿರೋದು ಮತ್ತೆ ಸೂಚ್ನೆಗಳ್ನ ಅನುಸರಿಸೋಕೆ ನಿರಾಕರಿಸ್ತಾ ಇರೋದೆಲ್ಲ ತುಂಬಾನೇ ನಿರಾಶೆ ಆಗಿದೆ ನಮ್ಗಂತೂ.",Sadness
ನಾನ್  ಪ್ರತಿಕ್ರಿಯೆ ಹೇಳ್ದಾಗ  ರೆಸ್ಟೋರೆಂಟ್ ಮ್ಯಾನೇಜರ್ರ  ತೀಕ್ಷ್ಣ ಪ್ರತಿಕ್ರಿಯೆಯಿಂದ ನಂಗ್  ನಿರಾಸೆ ಆಯ್ತು. ಅವ್ರಿಗೆ ನಾನ್  ಆಹಾರ ವಿಮರ್ಶಕ ಅಂತ ತಿಳ್ದಿರ್ಲಿಲ್ಲ.,Sadness
ಎ.ಟಿ.ಎಂ.ಇಂದ ಮನೆಗ್‌ ವಾಪಸ್‌ ಬರ್ತಿದ್ದಾಗ ಯಾರೋ ಒಬ್ಬ ಅಪರಿಚಿತ ನನ್ ಹಿಂದ್ಹಿಂದೆನೇ ಬರ್ತಿದ್ದ. ನಂಗ್‌ ತುಂಬ ಭಯ ಆಗಿ ಎಷ್ಟಾಗತ್ತೋ ಅಷ್ಟ್‌ ಜೋರಾಗ್‌ ಓಡೋಡ್ತಾ ಮನೆಗ್ಬಂದ್‌ ಸೇರ್ಕೊಂಬಿಟ್ಟೆ.,Fear
ಬೇಕ್ರಿಲಿ  ಹೊಸ ರೀತಿಯ ರುಚಿಕರ್ವಾದ ಪೌಷ್ಠಿಕಾಂಶ ಇರೋ ಮೃದುವಾದ್  ಬ್ರೆಡ್ ಸಿಕ್ಕಿದಕ್ಕೆ  ನಂಗ್  ಖುಷಿ ಆಯ್ತು.,Happiness
ಈ ಸ್ಟ್ರೀಮಿಂಗ್ ಅಪ್ಲಿಕೇಶನ್‌ಗಳ್ ಒಂದಿನ ಕೇಬಲ್ ಟಿ.ವಿ.ಗೆ ಹಿಂದ್ಹಾಕ್ತಾವಂತ ನಾ ಯೆಂದೂ ಅನ್ಕೊಂಡಿರ್ಲಿಲ್ಲ.,Surprise
ಹೊಸ ರೆಸ್ಟೋರೆಂಟ್ ನಲ್ ಪಾಲಕ್ ಪನೀರ್ನ ರುಚಿ ಅದ್ಬುತವಾಗಿತ್. ಅದ್ರ  ಗಮ  ಎಷ್ಟ್  ಚೆನ್ನಾಗಿತ್ ಅಂದ್ರೆ ಆಹಾ...,Happiness
ನಮ್‌ ಕಂಪ್ನಿ ಹಣಕಾಸನ್ನ ಪ್ಲಾನ್‌ ಮಾಡೋರು ಇಷ್ಟ್ ಅಯೋಗ್ಯವಾಗ್‌ ಕೆಲ್ಸ ಮಾಡಿರೋದ್‌ ನೋಡಿ ನಂಗ್ ಬರ್ತಿರೋ ಸಿಟ್ಗೆ ನಾನ್‌ ಏನ್‌ ಮಾಡ್ತೀನೋ ನಂಗೇ ಗೊತ್ತಿಲ್ಲ!,Anger
ಮೇಡಂ ನೀವ್ಯಾಕ್‌ ನನ್ನನ್ನ ಆ ಥರ ಕೆಕ್ಕರಿಸ್ಕೊಂಡ್ ನೋಡ್ತಾ ಇದೀರಿ?,Disgust
"ನಾವ್ ಯಶಸ್ವಿ ಪ್ರಚಾರ ಕಾರ್ಯಕ್ರಮವನ್ ಆಯೋಜಿಸಿದ್ವಿ , ಅದಕ್  ಜನಸಮೂಹನೇ  ಬಂದಿತ್ತು.",Happiness
"ಏನ್ ಭಾರೀ ಇತಿಹಾಸ್‌ ಅದಪ್ಪಾ ಈ ಚೋಳರ್ದು ಅಂತನ್ಕೋತ ನಾವ್‌ ಅವೆಲ್ಲಾ ಅವಶೇಷ್ ನೋಡ್ಕೊತ ನಡದಿದ್ವಿ, ಆ ಗೈಡರೇ ಜಬರ್ದಸ್ತ್‌ ಹೇಳ್ಕೋತ್ಹೊಂಟಿದ್ದಾ.. ಭಾಳ ವಿಷ್ಯ ತಿಳ್ದಂಗಾತ್‌ ನಮ್ಗಂತೂ.",Happiness
ನಂಗಂತೂ ಈ ಫ್ರಿಜ್‌ನೊಂದಿಗೆ ಸಾಕಾಗ್ ಬಿಟ್ಟಿದೆ.  ನನ್ ಅಡುಗೆಮನೆನ್  ಐಸ್ ರಿಂಕ್ ಆಗಿ ಮಾಡೋ  ಉಪಕರಣನ್ ಯಾರ್ ತಾನೇ  ಇಷ್ಟ್  ಪಡ್ತಾರೆ?,Anger
"ಚೆಕ್-ಇನ್ ಆದಾಗ ಟಿ.ವಿ. ಕೆಲ್ಸ ಮಾಡ್ತಿರ್ಲಿಲ್ಲ, ಹೋಟೆಲ್ ಸಿಬ್ಬಂದಿ ಬಂದು ಅದ್ನ ಸರಿ ಮಾಡ್ಕೊಟ್ರು. ಈಗ ನಾನ್‌ ಆರಾಮಾಗ್  ಹಾಸ್ಗೆ ಮೇಲ್‌ ಮಲ್ಕೊಂಡು ಟಿ.ವಿ. ನೋಡ್ತಾ ಇದೀನಿ.",Happiness
ನಾವ್‌ ನಿರೀಕ್ಷಿಸಿದ್ದ್ ಫಲಿತಾಂಶಗಳ್ನ ಕೊಡೋದ್ರಲ್ಲಿ ಯಾವಾಗ್ಲೂ ಸೋಲೋಂಥ ಒಂದ್‌ ದುಬಾರಿ ಸೇವೆ ಅಷ್ಟೇ ನಂಗ್‌ ಕಾಣ್ತಿರೋದು ಇಲ್ಲಿ.,Anger
ಈ ವಾರ ಡೀಸೆಲ್ ಬೆಲೆ ಮತ್ತೆ ಜಾಸ್ತಿ ಆಗೋ ಹಾಗಿದ್ಯಾ?,Surprise
"ಎಕ್ಸ್‌ಪೈರ್‌ ಆಗಿರ ಸಾಮಾನ್‌‌ ನಾವ್ ನಮ್ ಅಂಗ್ಡಿನ್ಯಾಗ್ ಇಟ್ಕೋಬೇಕಂತ ಈ ಡಿಸ್ಟ್ರಿಬ್ಯೂಟರ್ಸು ಅದ್ಹೇಗನ ಅನ್ಕೊತಾರಪ, ಧತ್! ನಂಗ್ ಇದ್ವಂಚೂರೂ ಸೇರಂಗಿಲ್ಲ.",Disgust
ಅಮೆರಿಕದಲ್ಲಿ ಚಿಕ್ಕಪುಟ್ಟ ಮಕ್ಳ ಮೇಲೆಲ್ಲ ಗುಂಡಿನ್ ದಾಳಿ ಮಾಡ್ತಿರೋದ್‌ ನೋಡ್ತಿದ್ರೆ ನಂಗ್ ತಲೆಕೆಡ್ತಿದೆ.,Anger
"ನಮ್ಗೇನೂ ಗೊತ್ತೇ ಇಲ್ದಿರೋ ಈ ಉತ್ಪನ್ನದ್ ಬಗ್ಗೆ ನಾವ್ ಪ್ರಚಾರ ಮಾಡ್ಬೇಕೂಂತ ಇದ್ರ್ ಮಾಲೀಕ್ರು ಅನ್ಕೊತಾರಲ, ಅವ್ರ್‌ ಹೀಗಾಡೋದು ನಂಗೊಂಚೂರೂ ಆಗ್ಬರಲ್ಲ.",Disgust
ನಮ್  ವಾರ್ಷಿಕೋತ್ಸವಕ್  ನಾನ್  ನನ್ ಹೆಂಡತಿನ ಅಡಯಾರ್‌ನಲ್ಲಿರೋ  ಹೊಸ ರೆಸ್ಟೋರೆಂಟ್ಲಿ  ಕರ್ಕೊಂಡ್ ಹೋಗಿದ್ದೆ ಸರ್ವಿಸ್  ಕೆಟ್ದಾಗಿತ್ ಮತ್  ನಂಗಂತೂ ತುಂಬಾನೇ ಬೇಜಾರಾಯ್ತು.,Sadness
"ಆ ಆರೋಗ್ಯ ಕೇಂದ್ರದಲ್ಲಿ ನಂಗ್ ಸಿಕ್ಕ ಚಿಕಿತ್ಸೆ, ಆರೈಕೆ, ಔಷಧಿ ಯಾವ್ದರ ಗುಣಮಟ್ಟನೂ ಏನೇನೂ ಚೆನ್ನಾಗಿರ್ಲಿಲ್ಲ.",Sadness
"ಪ್ಯಾರಿಸ್ಸಲ್ಲಿ ರೈಲ್ವೆ ಕ್ಲರ್ಕ್ ನನ್ಹತ್ರ ಇಂಗ್ಲಿಷಲ್ಲ್ ಮಾತಾಡೋಕ್‌ ಒಪ್ದಿದ್ದಾಗ ಅವ್ನನ್ನ ಸರ್ಯಾಗ್‌ ತರಾಟೆಗ್‌ ತಗೊಂಡೆ, ನಂಗ್‌ ಕೋಪ ನೆತ್ತಿಗೇರ್ಬಿಟಿತ್ತು.",Anger
ಕಾಶ್ಮೀರದ್ ಹಳ್ಳಿಗಾಡಲ್ಲಿರೋ ಈ ಪ್ರಶಾಂತ್ವಾದ್ ವಾತಾವರ್ಣ ಅದೆಷ್ಟ್‌ ಹಾಯಾಗಿದೆ ಮನ್ಸಿಗೆ.,Happiness
ನೀವ್‌ ಯಾವಾಗ್ಲೂ ಒಬ್ರೇ ಇರೋಕ್ಕೇ ಇಷ್ಟಪಡೋರಾದ್ರಿಂದ ತದ್ವಿರುದ್ಧವಾಗಿ ನೀವು ಸಂಬಂಧಗಳ್ಗೂ ಮಹತ್ತ್ವ ಕೊಡ್ತೀರಿ ಅನ್ನೋದು ನಂಗೊತ್ತಿರ್ಲಿಲ್ಲ.,Surprise
ನಮ್ ಗ್ಯಾಲರಿಗೋಸ್ಕರ ನಾನ್ ಏನನ್ನ ಹುಡ್ಕಿ ತಗೊಂಡ್ಬಂದಿದೀನಿ ಅಂತ ನಿಮ್ಗ್ ಹೇಳಿದ್ರೆ ನೀವ್ ನಂಬಲ್ಲ!,Surprise
"ಈ ಮತಧರ್ಮಗಳೆಲ್ಲಾವು ದೆವ್ವದ್‌ ಬಗ್ಗೆ ಅದೇನ್ ಹುಚ್ಚ್‌ ಹುಚ್ಚ್‌ ವಿಚಾರಾ ಹೇಳ್ತಾವಲೇ, ಅದ್ನೆಲ್ಲ ಕೇಳ್ತಿದ್ರ ನಂಗ್ ಸುಡುಸುಡು ಕೋಪ ಹತ್ಕೋತದ.",Anger
ಕ್ಲಬ್ ಮಹೀಂದ್ರಾ ರೆಸಾರ್ಟ್‌ಗಳಲ್ಲಿ ಅದ್ರ ಸದಸ್ಯರ್ಗೆ ಮಾತ್ರ ಸಿಗೋ ವಿಶೇಷ ರಿಯಾಯ್ತಿಗಳ್ನ ನೋಡಿ ನಂಗ್ ತುಂಬಾ ಆಶ್ಚರ್ಯ ಆಯ್ತು.,Surprise
"ನಂಗ್ ನಂಬಕ್ ಆಗ್ತಿಲ್ಲ! ನನ್ ಪತ್ರಿಕೆ ಯಾವಾಗ್ಲೂ  ತಡ್ವಾಗಿ ಬರುತ್ತೆ , ಮತ್ ಉಪಾಹಾರದ್  ಸಮ್ಯದಲ್ ಓದ್ಲಿಕ್  ಏನೂ ಇರೋದಿಲ್ಲ.",Anger
ಭಾಳ ಯಣ್ಣಿಹಾಕಿರ ಊಟಾತಿಂಡಿಲಿಂದ ಮಂದಿ ಬ್ಯಾನಿ ಬಿದ್ದಾರಂತ ಕೇಳಿ ನಂಗೂ ಏನರೆ ಆಗ್ಯಾದೇನಂತ ನೋಡ್ಲಿಕ್ಕಿ ಒಂಚೂರ್‌ ಹೊತ್‌ ಉಸರ್‌ ಬಿಗಿ ಹಿಡಕೊಂಡ್‌ ಕೂತಿದ್ದೆ.,Fear
ನಾನ್  ಸೂಪರ್ವೈಸರ್‌ನ ಕೆಲ್ಸನ್ ನೋಡ್ದೆ ಮತ್ ಅವ್ನಿಗೆ ಜಾಸ್ತಿ ಕಾಂಪೆನ್ಸೇಷನ್‌  ಕೊಡಕ್ ನಂಗ್ ಖುಷಿ ಆಯ್ತು.,Happiness
ಹಿಂದ ನಾ ಜೀವನ್ದಾಗ ಯಲ್ಲೆಲ್ಲಿ ಸೋತಿದ್ದೆ ‌ಅವೆಲ್ಲಾದರ್ಲಿಂದ ನನ್ ಮನಸಿನ್‌ ಮ್ಯಾಲ್‌ ವಜ್ಝ  ಹೆಚ್ಚಾಗ್ಲಿಕತ್ತಿತ್ತು ಅಂತ ತಿಳಕೊಂಡ ಭಾಳ ಹೌಹಾರ ಹಾಗನಸ್ತು. ನಾ ಆರಾಮಾಗ್ಲಿಕ್ಕಿ ಆ ಮಾತುಕಥಿ ಭಾಳ ಬೇಕಾಗಿತ್ತ.,Surprise
"ಈ ವರ್ಷ್‌ ನಂ ಅನಿವರ್ಸರಿ ಧೂಮ್‌ ಧಾಮ್‌ ಅಂತ ಮಾಡಬೇಕ ಅನ್ಕೊಂಡಿದ್ದೆ, ಅಕಿಗಿ ಮಸ್ತ್‌ ಗಿಫ್ಟ್‌ ಕೊಡ ಮನ್ಸಿತ್ತು. ಆದ್ರ ಯಾವಾಗ್ಲೂ ಖರ್ಚು ಮೂಗ್ಹಿಡಿತದ.",Sadness
ಅರ್ಜಿಲಿ ತೋರ್ಸಿರೋ ಮೊತ್ತನ ನಾನ್‌ ಕಟ್ಟೋದು ಅಂತ ಒಪ್ಕೊಂಡಿದ್ವಿ‌ ತಾನೇ ನಾವು. ನೀವ್ಯಾಕೀಗ ನನ್ಹತ್ರ ಎರಡ್ರಷ್ಟ್‌ ಕಟ್ಬೇಕು ಅಂತ ಕೇಳ್ತಾ ಇದೀರ?,Anger
ಪ್ರತಿದಿನ ಬೆಳಗ್ಗೆ ಎರಡು ಗಂಟೆಗೇ ಕೊಯಂಬೇಡು ಮಾರ್ಕೆಟ್ಟಿಗ್ ಹೋಗೋ ಹೂವ್‌ ಮಾರೋರ್‌ ಪರಿಶ್ರಮದ್‌ ಬಗ್ಗೆ ನಂಗ್‌ ಬೆರಗಾಗತ್ತೆ.,Surprise
ಆ ಸಣ್‌ ಪುಸ್ತಕ್ದ್‌ ಅಂಗ್ಡಿ ಮೂಲ್ಯಾಗಿನ್‌ ಕಪಾಟನ್ಯಾಗ ಇಂಥಾ ಅಪರೂಪದ್‌ ಮೊದಲ್ನೇ ಎಡಿಷನ್‌ ಸಿಕ್ಕದಂದ್ರ ನಂಗ ಕನಸಾ ಖರೇನಾ ತಿಳೀವಲ್ದು.,Surprise
ಈ ಕೋಣೆ ಒಳ್ಗೆ ಇಲಿ ಸತ್ತಿರೋ ಥರ ವಾಸ್ನೆ  ಬರ್ತಿದೆ ಒಂಥರ.,Disgust
"ಗ್ಯಾಸ್ ಡೆಲಿವರಿ ಮ್ಯಾನ್  ಸಿಲಿಂಡರ್‌ನ ತಗೊಂಡ್  ಯಾವಾಗ್ ಬರ್ತಾನೆ ಅಂತ ಹೇಳಿದ್ರಿಂದ್ ನಂಗ್  ಸಮಾಧಾನ ಆಯ್ತು, ಆದ್ರಿಂದ ನಾನ್ ಆ ಸಮ್ಯಕ್ಕೆ ಆಲ್ ಇರ್ಬೋದು.",Happiness
ಉಡಾವಣಾ ಪ್ಯಾಡ್ನಿಂದ ಜಿಎಸ್ಎಲ್ವಿ ರಾಕೆಟ್ ಉಡಾವಣೆ ಯಾಗ್  ಅದ್  ಆಕಾಶಕ್ ಹೋಗಿ  ಸ್ಫೋಟ ಆಗೋದನ್ ನೋಡ್ದಾಗ  ನಾನ್ ಮೂಕನಾಗಿದ್ದೆ.,Surprise
"ಆ ಮೇಷ್ಟ್ರು ನನ್ ಮಗು ಹಾಡಿದ್ನ ಸರಿ ಮಾಡಕ್ ಬಂದಾಗ ಅವ್ರನ್ನ ಸರ್ಯಾಗ್‌ ತರಾಟೆಗ್‌ ತಗೊಂಡೆ ನಾನು, ಅವ್ರಿಗಿಂತ ಚೆನ್ನಾಗಿ ನಂಗೇ  ಸಂಗೀತ ಗೊತ್ತಿದೆ.",Anger
"ಸಂಗೀತ್‌ ಮಾಸ್ತರ್‌ ಕ್ಲಾಸ್ನ್ಯಾಗ್ ಬರೀ ನನ್‌ ಮಗನ್‌ ನಡವಳಕಿ ಬಗ್ಗೆ ಮಾತ್ರ ಬಯ್ಯದ್ರು‌, ನಂಗ್ ಯದ್ಯಾಗ್ ವದ್ದಷ್ಟ್‌ ತ್ರಾಸ್ ಆಗೇದ.",Sadness
"ಒಂದ್ವರ್ಷಕ್ ಮುಂಚೆನೇ ಸೂರ್ಯೋದಯ, ಸೂರ್ಯಾಸ್ತ ಮತ್ತೆ ಗ್ರಹಣ ಆಗೋ ಸಮಯನೆಲ್ಲ ಹಿಂದೂ ಪಂಚಾಂಗ ಕರಾರ್‌ವಾಕ್ಕಾಗ್ ಹೇಳ್ಬಿಡತ್ತೆ, ನಂಗಂತೂ ಅದೊಂದ್ ದೊಡ್ ಸೋಜಿಗ ಅನ್ಸತ್ತೆ.",Surprise
"ಆ ಈವೆಂಟ್‌ ಮ್ಯಾನೇಜರ್‌ ಈ ಸರ್ತಿ ಭಾಳೇ ತೀಡಿ ತೀಡಿ ಕೆಲ್ಸಮಾಡ್ಯಾನ, ಖರೇ ನಂಗ್‌ ನಂಬ್ಕೆನೇ ಬರಾವಲ್ದು. ಆದ್ರೂ ಒಮ್ಮಿ ಮಾತ್ರ ಸಿಂಗಾರ ಮಾಡದ್ರಾಗ್ ಯಡವಟ್‌ ಮಾಡಿದ್ದಾಂತ ನಾ ಹೇಳ್ಲೇ ಬೇಕ್‌ ಮತ್ತ. ಅಪರೂಪಕ್ಕ ಹಂಗ ತಪ್ಪಾಗಿತ್ತೇನೋ ಅನಸ್ತೈತಿ.",Surprise
ಕಳ್ದುಹೋದ್  ಸಿಟಿನ ಹುಡ್ಕಕೆ  ಕುನ್-ಲುನ್ ಪರ್ವತಕ್ಕೆ  ಆಳವಾದ ದಂಡಯಾತ್ರೆಲಿ  ಸೇರಕ್ಕೆ  ನಂಗ್  ಫೋನ್ ಕಾಲ್ ಬಂದಾಗ ನಂಗ್  ತುಂಬಾ ಖುಷಿ ಆಯ್ತು.,Happiness
"ಹೇ, ನಾನ್ ಯಾವ್ ಬಣ್ಣನ್ ಕೇಳ್ದೆ ಅಂತ ನೆನ್ಪಿಲ್ವಾ ನಿಮ್ಗೆ? ಇದನ್‌ ಯಾಕ್‌ ತಂದ್‌ ತೋರಿಸ್ತಿದೀರ ನಂಗೆ?",Anger
"ಈ ಬ್ಯಾಂಕಿನವ್ರು ಎಮ್ಮಿ ಮೇಯ್ಸ್‌ತಿದ್ರ ಅಥ್ವಾ ಏನ್ ಮಾಡ್ಯಾರರೇ ಹೇಳು, ನನ್‌ ಪರ್ಸನಲ್‌ ಮಾಹಿತಿ ಯಲ್ಲಾ ಸಿಕ್ಕದ ಹ್ಯಾಕರ್ಗಳಿಗಿ, ಇವ್ರು ಹಂಗಾಗ್ಲಿಕ್ಕಿ ಬಿಡಬಾರ್ದಲಾ.",Anger
"ಅವ್ರ ಸಂಗೀತ, ನೃತ್ಯದ ಸಾಮರ್ಥ್ಯಗಳ್‌ ಬಗ್ಗೆ ನಮ್ಗೆ ಎಷ್ಟೆಲ್ಲ ನಿರೀಕ್ಷೆ, ಭರವಸೆ ಇತ್ತು.. ಎಲ್ಲ ಮಣ್ಣ್‌ ಪಾಲಾಗೋಯ್ತು.",Sadness
ನಿಮ್ಹತ್ರ ಒಂದ್‌ ಜೊತೆನೂ ಫುಟ್ಬಾಲ್ ಸ್ಟಡ್ಸ್ ಉಳ್ದಿಲ್ವಾ? ಹಾಗಾದ್ರೆ ನಾಳೆ ಪಂದ್ಯದಲ್ಲಿ ಆಡೋಕಾಗಲ್ಲ ಅನ್ಸತ್ತೆ ನಂಗೆ.,Sadness
"ಟೊಮೇಟೋಗೆ ಈ ಪಾಟಿ ಬೆಲೆ ಬಂದಿದೆ ಈಗ, ನಾನ್‌ ಬೆಳ್ದಿರೋ ಟೊಮೆಟೋಗಳ್ನೆಲ್ಲ ಮಾರ್ಕೆಟ್ಟಿಗ್‌ ತಗೊಂಡ್‌ ಹೋಗ್ಬೇಕಾದ್ರೆ ಎಲ್ಲ್ ಯಾರಾದ್ರೂ‌ ದೋಚ್ಬಿಡ್ತಾರೋ ಅಂತ ಎದೆ ಅಳುಕತ್ತೆ.",Fear
"ಅಲ್ಲಾ ಈ ಟಾಪ್‌ ಮ್ಯಾನೆಜ್ಮೆಂಟಿನವ್ರು ಹೆಂಗ ಏನು ಅಂತ ಸರೀ ಆಗಿ ಮೊದ್ಲ ಹೇಳಂಗಿಲ್ಲಾ ಆಮ್ಯಾಲ್ ಏನರೆ ತಪ್ಪಾದ್ರ ನಮ್‌ ಟೀಮಿನ್‌ ತಲಿ ಮ್ಯಾಲ್ ಗೂಗಿ ಕೂಡಸ್ತಾರ‌, ಏನ್‌ ಮಾಡ್ಬೇಕ್‌ ಇಂಥಾವ್ರಿಗಿ.",Anger
"ನಾನಿವತ್ತು ಅದ್ನ ಕ್ಲೀನ್‌ ಮಾಡಿಸ್ಬೇಕು ಅನ್ಕೊಂಡಿದ್ದೆ, ಆದ್ರೆ ಈಗ ಯಾವ್ದುಕ್ಕೂ ಮನ್ಸೇ ಇಲ್ಲ.",Sadness
"ಆ ಸಂಗೀತದ್ ಗುರುಗಳ್‌ ಮೊದ್ಲೇ ಮಹಾಶಿಸ್ತಿನವ್ರು, ಈ ಸಣ್ ಹುಡುಗುಂದು ಚೂರು ಉಡಾಳ್‌ ಬುದ್ಧಿ, ಹಿಂಗಾಗಿ ಅವಾ ಹಾದಿಗಿ ಬರ್ಲಿಲ್ಲಂದ್ರ ಯಲ್ಲಿ ಒಬ್‌ ಛೊಲೋ ಗುರುಗಳಿಗ್‌ ಕಳಕೋತಾನೇನೋ ಅಂತ ನಂಗ್ ಅಂಜ್ಕಿ.",Fear
ದುರದೃಷ್ಟವಶಾತ್‌ ಹಳೇ ಕಾಲದ ಇಂಥ ಅಪ್ರೂಪದ್ ಕುರ್ಚಿಗಳ್ನ ಮಾರಾಟ ಮಾಡೋದ್ರಲ್ಲಿ ನಾನ್ ನಿಮ್ಗೆ ಸಹಾಯ ಮಾಡೋಕ್‌ ಸಾಧ್ಯವಿಲ್ಲ.,Sadness
ಮೂರ್‌ ತಿಂಗ್ಳ್‌ ಹಿಂದ ಮಾಡ್ದ್ಹಂಗ ನಾ ಯಲ್ಲ್‌ ಮತ್ತ ತಪ್‌ ತಾರೀಕಿಗಿ ಟಿಕೀಟ್‌ ತಗಸ್ಗೊಂಡ್‌ ಬರ್ತೀನೇನೂ ಅಂತ ನಂಗ್ ಪುಕುಪುಕು ಹತ್ಯಾದ.,Fear
"ನನ್ ತಂದೆತಾಯಿ ನಂಗೋಸ್ಕರ ಎಷ್ಟೆಲ್ಲ ಮಾಡಿದಾರೆ.. ನಾನ್ ಯಾವತ್ತಿಗೂ ಅವ್ರಿಗೆ ಋಣಿ. ಏನೇ ಆದ್ರೂ ಅವ್ರ್ ಯಾವಾಗ್ಲೂ ನನ್ ಜೊತೆಗೇ, ನಂಗ್‌ ಒತ್ತಾಸೆ ಆಗೇ ಇದಾರೆ.",Happiness
ನನ್ ಸೋದರ್‌ಸೊಸೆಗೆ ಅಮೆರಿಕದಲ್ಲಿ ಕೆಲ್ಸ ಸಿಕ್ಕಿ ಅವ್ಳು ಭಾರತ ಬಿಟ್ಟು ಅಲ್ಲಿಗೇ ಹೋಗಿರ್ತೀನಿ ಅಂದಾಗ ನಂಬೋಕೇ ಆಗ್ಲಿಲ್ಲ ನಂಗೆ.,Surprise
"ನನ್ ಮಗ ಇಂಜೆಕ್ಷನ್ನಿಗ್ ಹೆದ್ರುರ್ಕೊಂಡು ಸುತ್ಲೂ ತನ್‌ ಕೈ ವದ್ರೋಕ್‌ ಶುರುಮಾಡ್ಬಿಟ್ಟ, ನಾನ್‌ ಅವ್ನನ್ನ ಎತ್ಕೊಂಡಿದ್ರೂ ಹೀಗಾಡ್ಕೊಂಡು ಎಲ್ಲ್‌ ನನ್‌ ಕೈ ಜಾರ್ ಬಿದ್ಬಿಡ್ತಾನೋ ಅಂತ ಗಾಬ್ರಿ ಆಗೋಗಿತ್ತು.",Fear
ಹುಷಾರಿಲ್ದಿರೋ ನಮ್ಮಪ್ಪ ಅಮ್ಮನ್ನ ಇಷ್ಟೆಲ್ಲ ದಿನ ನಮ್ಮಣ್ಣ ನಮ್ಗ್‌ ಯಾರ್ಗೂ ಹೇಳ್ದಂಗೆ ತಾನೊಬ್ನೇ ನೋಡ್ಕೋತಾ ಇದ್ದ ಅಂತ ಗೊತ್ತಾಗಿ ಆಶ್ಚರ್ಯ ಆಯ್ತು ನಂಗೆ. ಎಂಥ ನಿಸ್ವಾರ್ಥಿ ಅವ್ನು...ಎಷ್ಟೊಳ್ಳೆ ಮನ್ಸು!,Surprise
ಗ್ರಾಹಕ್ರ ಪ್ರತಿಕ್ರಿಯೆ ಅವ್ರಿಗೆ ತುಂಬಾನೇ ಮುಖ್ಯ. ಅದ್ರಲ್ಲೂ ಇಂಥ ವಿಷ್ಯಗಳ್ನ ಅವ್ರು ಭಾಳ ಗಂಭೀರ್ವಾಗ್‌ ಪರಿಗಣಿಸ್ತಾರೆ.,Fear
"ಅರೇ ವಾಹ್! ಈ ಟೂರಿಸ್ಟ್ ಸಿಟಿಲಿ ಇಂಟರ್ನೆಟ್ ಕನೆಕ್ಷನ್ ಎಷ್ಟ್ ಚೆನ್ನಾಗಿದೆ, ಎಷ್ಟ್ ಸ್ಪೀಡಾಗೂ ಇದೆ!",Surprise
"ನಾನ್ ಆ ಪರ್ವತದ್ ಪಕ್ದಲ್ ಕೂತ್ಕೊಂಡು, ಅಲ್ಲಿ ತಣ್ಣಗ್ ಬೀಸೋ ಗಾಳಿ ಮತ್ತೆ ಪಕ್ಷಿಗಳ್ ಕಲರವ ಕೇಳ್ತಾ ಸಮುದ್ರನ್ ನೋಡ್ತಾ ಇದ್ದೆ.. ಅಂಥ ಏಕಾಂತದಲ್ಲಿರೋ ಸುಖನೇ ಬೇರೆ.",Happiness
ನ್ಯೂಸ್ ಪೇಪರ್‌ ಹಾಕೋರು ಪ್ರತೀ ತಿಂಗ್ಳು ಬಿಲ್‌ ಕಳ್ಸೋದ್ನ ಎಷ್ಟ್‌ ವ್ಯವಸ್ಥಿತ್ವಾಗ್‌ ಮಾಡ್ತಾರೆ ಅಂದ್ರೆ ನಂಗವ್ರ್ ಶಿಸ್ತು ತುಂಬಾನೇ ಮೆಚ್ಗೆ ಆಗತ್ತೆ. ನಾನ್‌ ಆ ಖರ್ಚಿನ್‌ ಬಗ್ಗೆ ಜಾಸ್ತಿ ತಲೆನೇ ಕೆಡಿಸ್ಕೊಳ್ದೇ ಆರಾಮಾಗ್‌ ಪೇಪರ್‌ ಓದ್ಕೊಂಡಿರ್ಬಹುದು.,Happiness
ಹಣ್ಣ್ ಮಾರೋವ್ನು ಮಾವಿನ್‌ಹಣ್ಣನ್ನ ಕತ್ತರಿಸ್ದಾಗ ಅದ್ರಿಂದ ಹುಳು ಹೊರಗ್ಬಂದಿದ್ ನೋಡಿ ನಂಗೆ ಹೊಟ್ಟೆ ಎಲ್ಲ ತೊಳಸ್ಬಿಡ್ತು.,Disgust
ನನ್ ತರಬೇತುದಾರರು ನಾ ಕಳ್ಸಿದ ನವೀಕರಿಸಿದ ಇಮೇಲ್ ಅಂಗೀಕಾರ ಮಾಡ್ಲಲ್ಲಿಲ್ ಅದಕ್ಕ ನನಗ ಬಾಳ್ ಬ್ಯಾಸರ್ ಆಯ್ತ.,Sadness
ನನ್‌ ಫ್ರೆಂಡ್ ಮಗ್ಳು ಅವರಪ್ಪಂಗೂ ಒಂದ್ಮಾತ್ ಹೇಳ್ದೆ ಹೈದರಾಬಾದಲ್ಲಿ ಕೆಲ್ಸ‌ ಗಿಟ್ಟಿಸ್ಬಿಟಿದಾಳೆ!,Surprise
ಯಾಕಾದ್ರೂ ಈ ಕೇಕ್‌ ತಿಂದ್ನೋ ಅನ್ಸ್ತಿದೆ.. ಒಂಚೂರ್ ತಿಂದಿದ್ಕೇ ಬಾಯೆಲ್ಲ ಒಂಥರಾ ಆಗೋಯ್ತು.. ವ್ಯಾಕ್.,Disgust
"ನಾನ್ ಏನಾದ್ರು ಹೇಳಕ್ ಬಂದ್ರೆ ನೀನ್ ಒಂಚೂರೂ‌ ಕಿವಿಗೊಡಲ್ಲ, ಆಮೇಲ್ ನಾನ್ ನಿಂಗೇನೂ ಹೇಳೇ ಇಲ್ಲ ಅಂತ ದೊಡ್ದಾಗ್ ಗೋಳಾಡ್ತೀಯ.",Disgust
ತುಂಬಾ ಜನಪ್ರಿಯ್ವಾದ್ ಒಂದ್ ಉತ್ಪನ್ನದ್ ಮೇಲೆ ಸಾಕಷ್ಟ್ ರಿಯಾಯ್ತಿ ಸಿಕ್ಕಿ ನಾವದ್ನ ನಮ್ ಗ್ರಾಹಕ್ರಿಗೆ ಒಳ್ಳೆ ಬೆಲೆಲ್‌ ಮಾರಾಟ ಮಾಡಕ್ಕಾಗಿದ್ದು ನಮ್ಗ್ ಭಾರಿ ಸಂತೋಷ ಆಯ್ತು.,Happiness
"ಏನ್ರೀ ನೀವ ಹಿಂಗ ಮಾಡ್ತಿರಿ, ಎಷ್ಟ ವರ್ಷದ್ಲಿಂದ ನಾ ನಿಮ್‌ ಬಲ್ಲೇ ಖರೀದಿ ಮಾಡ್ಲಿಕತ್ತೀನಿ, ಅಂದ್ರೂ ನ್ಯೂಸ್‌ ಪೇಪರ್‌ ಕೊಟ್ಟಿಲ್ಲಾಂದ್ರ ನಾ ಮತ್‌ ಮತ್ ಕೇಳ್ಕೋತ ಕೂಡಹಂಗಾಗಿ ಭಾಳ ಕಿರಿಕಿರಿ ಅನಸ್ತದ.",Anger
"ನಂಗೆ ಸರ್ಯಾಗ್ ಒಂದ್‌ ನಿಮ್ಷನೂ ಫ್ರೀ ಹ್ಯಾಂಡ್‌ ವ್ಯಾಯಾಮ ಮಾಡಕ್ಕಾಗಲ್ಲ ಅನ್ಕೊಂಡಿದ್ದೆ, ಆದ್ರೆ ಅದ್ಕಿಂತ ಜಾಸ್ತಿನೇ ಮಾಡ್ಬಿಟ್ಟೆ!",Surprise
ಕಾರ್ಪೆಂಟರ್  ನನ್ ಹತ್ರ  ಅದೇ ಶುಲ್ಕನ್ ಕೇಳ್ದ ಅಂತ ನಂಗ್ ಆಶ್ಚರ್ಯ ಆಯ್ತು. ಮೊದ್ಲು ಹೇಳಿದ್ದಕ್ಕಿಂತ  ಉದ್ದವಾದ್ ಕಬೋರ್ಡ್ ಅನ್ ಕೊಟ್ಟಿದ್ದ.,Surprise
ಹೈದರಾಬಾದಲ್ಲಿ ಅಪರಾಧಕ್ಕೆ ಕುಖ್ಯಾತ್ವಾಗಿರೋ  ಆ ಜಾಗ್ದಲ್ಲಿ ನಮ್ ಹೊಸ ಅಂಗ್ಡಿನ್ ತೆರ್ಯೋದ್ರ್ ಬಗ್ಗೆ ನಂಗ್ ಆತಂಕ ಆಗ್ತಿದೆ.,Fear
ನನ್ ಸಮಯ ವ್ಯರ್ಥ ಮಾಡೋಕ್ ಬಂದಿಲ್ಲ ನಾನಿಲ್ಲಿ! ಈ ಪಾತ್ರವನ್ನ ನಟಿಸೋ ಅವ್ಕಾಶ ಪಡ್ಕೊಳಕ್‌ ಬಂದಿರೋದು.,Anger
ಅಮೃತ್ಸರದ್ ಒಂದ್ ಸಣ್ಣ್ ಹೋಟ್ಲಲ್ಲಿ ನಾನ್‌ ತಿಂದಿದ್ ಅಮೃತ್ಸರೀ ಕುಲ್ಚಾ ತುಂಬಾ ರುಚ್ಯಾಗಿತ್ತು. ಜಡ್ಡ್‌ ಬಿದ್ದಿದ್‌ ನಾಲ್ಗೆಗೊಳ್ಳೆ ರಸವತ್ತಾಗಿತ್ತದು.,Happiness
ವಾಹ್! ಸುಭಾಷ್ ಚಂದ್ರ ಬೋಸ್ ಕೂಡ‌ ೧೦ ವರ್ಷಗಳ್ ಹಿಂದೆ ಇದೇ ಹೋಟೆಲಲ್ಲಿ ಉಳ್ಕೊಂಡಿದ್ರಾ?,Surprise
ನೀನ್ ಈ ಆಟ ಆಡೋದನ್ನ ನಾನಂತೂ ನೋಡಲ್ಲಪ್ಪ. ಅದ್ರ್ ಹಿನ್ನೆಲೆ ಸಂಗೀತ ತುಂಬಾ ಭಯ ಆಗೋ ಥರ ಇದೆ.,Fear
ಗ್ರಾಹಕರ್  ದೂರುಗಳನ್ ನಿಭಾಯಿಸ್ತ ಇರೋವಾಗ್  ನಾನ್  ತಾಳ್ಮೆನ್  ಕಳ್ಕೊಂಡ್  ವಿಷಯನ್  ಇನ್ನಷ್ಟ್  ಹದಗೆಡಿಸಿದ್ರೆ ಅಂತ ನಂಗ್ ಭಯ ಆಗ್ತಿದೆ.,Fear
ನಾನು ಮನೆಗ್ ವಾಪಾಸ್ ಹೋಗೋವಾಗ ಒಳ್ಳೆ  ಸವಾರಿ ಆಯ್ತು. ಡ್ರೈವರ್ ನಂಗಿಷ್ಟ್‌ವಾದ್‌ ಕಿಶೋರ್ ಕುಮಾರ್ ಹಾಡ್ಗಳ್ನೆಲ್ಲ ಹಾಕಿದ್ದ.,Happiness
"ಈ ತಿಂಗ್ಳೆಲ್ಲ ನಾವು ಒಂದೇ ಸಮ್ನೇ ಏ.ಸಿ. ಬಳ್ಸಿದೀವಿ, ಕರೆಂಟ್ ಬಿಲ್‌ ಇನ್ನದೆಷ್ಟ್‌ ಬರತ್ತೋ ಏನೋ.",Fear
ಮೈದಾನ್ದಲ್ಲಿ ಕೆಲ್ವು ಆಟಗಾರ್ರು ಕ್ರೀಡಾಮನೋಭಾವ ಇಲ್ದೇ ನಡ್ಕೊಂಡಿದ್ದು ನಂಗ್‌ ಚೂರೂ ಸರಿಬರ್ಲಿಲ್ಲ.. ಏನ್‌ ಅಸಹ್ಯವಾಗ್‌ ಆಡ್ತಿದ್ರಪ.. ಥು.,Disgust
"ಸ್ಯಾಮ್ಸಂಗ್‌ದು ಹೊಸ ಟಿವಿ ತಗೊಳಣ ಅಂತಿದೀನಿ, ಅದ್ರಲ್ಲಿ ಡಿಸ್ಪ್ಲೇ ಭಾರೀ ಒಳ್ಳೆ ಕ್ವಾಲಿಟಿದಿದೆ.. ನನ್ ಹೊಸ ಮನೆಲಿ‌ ಅದನ್ ನೋಡ್ಕೊಂಡು ಸಖತ್ ಮಜಾ ಮಾಡ್ಬೋದು.",Happiness
ಯು.ಕೆ. ಹವೆ ನಂಗ್ ಯಾವಾಗ್ಲೂ ಒಂಥರ ಒಗಟಾಗೇ ಇರತ್ತೆ. ಇಲ್ಲಿ ಯಾವಾಗ್ ಮಳೆ ಬರುತ್ತೆ ಅಂತ ಯಾರೂ ಹೇಳೋಕಾಗಲ್ಲ.,Surprise
"ಒಬ್ಬ ಆಹಾರ ವಿಮರ್ಶಕ ಆಗಿ, ನಂಗೆ ಈ ಹೊಸ ರೆಸ್ಟೋರೆಂಟಲ್ಲಿ ಊಟ ಏನ್ ಹೀಗಿದ್ಯಲ್ಲ ಅಂತ ಚಿಂತೆ ಆಗ್ತಿದೆ. ಅಡ್ಗೆ ಭಟ್ರು ಕೆಲ್ವೆಲ್ಲ ಮಸಾಲೆ ಪದಾರ್ಥಗಳ್ನ ಹಾಕೋದ್ನೇ ಮರ್ತ್‌ಬಿಟಿದಾರೆ ಅನ್ಸತ್ತೆ.",Fear
"ಈ ಅಂಗ್ಡಿಲಿ ಯಾವಾಗ್ಲೂ ಅದದೇ ಹಾಡ್ಗಳ್ನೇ ಅದೆಷ್ಟ್‌ ಸಲ ಹಾಕ್ತಾರಪ್ಪ, ನಂಗಂತೂ ಕೇಳಿ ಕೇಳಿ ತಲೆಚಿಟ್ಟ್‌ ಹಿಡ್ದಿದೆ.",Disgust
ನನ್ ಸ್ಟಾರ್ಟಪ್ಪಲ್ಲಿ ವ್ಯಾಪಾರೀ ಹೂಡ್ಕೆ ಕುಸೀತಾ ಇರೋದ್ರಿಂದ ನಂಗ್ ಭವಿಷ್ಯದ್ ಬಗ್ಗೆ ತುಂಬಾ ಚಿಂತೆ ಆಗ್ತಿದೆ.,Fear
ದುಡ್ಡ್‌ ತೆಕ್ಕೊಡಕ್ಕೆ ಅಂತ ನನ್‌ ಜೇಬಿಗ್‌ ಕೈ ಹಾಕುದ್ರೆ ಅಲ್ಲ್‌ ನನ್‌ ವ್ಯಾಲೆಟ್ಟೇ ಇರ್ಲಿಲ್ಲ! ಏನಪ್ಪ ಮಾಡೋದೂಂತ ಗಾಬ್ರಿಲಿ ಮೈಯೆಲ್ಲ ಬೆವ್ತ್‌ಹೋಯ್ತು.,Fear
"ಅಡ್ಗೆಮನೆ ಕ್ಯಾಬಿನೆಟ್‌ಗಳೆಲ್ಲ ಕಿತ್ತ್‌ ಹೋಗಿವೆ, ಬಣ್ಣನೂ ಸರ್ಯಾಗಿಲ್ಲ. ನಾನ್ ಎಲ್ಲದ್ನೂ ಹೊಸ್ದಾಗ್‌ ಕಾಣೋ ಥರ ಮಾಡಕ್‌ ದುಡ್ಡ್‌ ಕೊಟ್ಟಿದ್ದಿದ್ದೇ ಹೊರ್ತು ಗಾರೆ ಕೆಲ್ಸ್‌ದೋರ್‌ ಕೈಲಿ ಬೇಕಾಬಿಟ್ಟಿ ಬಣ್ಣ ಹೊಡ್ಸಿ ತೇಪೆ ಹಾಕಕ್ಕಲ್ಲ.",Anger
"ನನ್ ಸೆಮಿಸ್ಟರ್‌ಗೆ ತೊಂದ್ರೆ ಆಗೋ ಹಾಗೆ ಎಲ್ಲ್‌ ಮತ್ತೆ ನಂಗ್ ಹೊಟ್ಟೆ ನೋವು, ಬಾಧೆಗಳೆಲ್ಲ ಶುರುವಾಗತ್ವೋ ಅಂತ‌ ಭಯ ಆಗ್ತಿದೆ.",Fear
ಬಿಲ್ಡಿಂಗ್‌ ಅಸೋಸಿಯೇಷನಲ್ಲಿ ನಾನಷ್ಟ್‌ ಕಠಿಣ್ವಾದ್ ನಿರ್ಧಾರ ತಗೊಂಡ್ಮೇಲೆ ಬೇರೇವ್ರೆಲ್ಲ ನನ್ ಬಗ್ಗೆ ಏನ್ ಅನ್ಕೊತಾರೋ ಅಂತ ನಂಗ್ ಆತಂಕ ಆಗ್ತಿದೆ.,Fear
ಚಿಕ್ಕೋರು ಅಂದ್ಮಾತ್ರಕ್ಕೆ ನೀವು ಲಸಿಕೆ ತಗೊಳೋದ್ನ ತಪ್ಪಿಸ್ಬೋದು ಅಂತರ್ಥ ಅಲ್ಲ. ನಾವೆಲ್ರೂ ಲಸಿಕೆ ತಗೊಳೋದನ್ನ ಸರ್ಕಾರ ಕಡ್ಡಾಯ ಮಾಡಿದೆ ಅಂತ ಕೇಳಿಲ್ವಾ ನೀವು?,Anger
"ಎರ್ಡ್ ಬೆಡ್‌ ರೂಮಿರೋ ಅಪಾರ್ಟ್‌ಮೆಂಟೇ ಬೇಕೂಂತ ನಾನ್ ಅಷ್ಟ್‌ ಸ್ಪಷ್ಟವಾಗ್‌ ಹೇಳಿದ್ರೂ ನೀವ್‌ ಮಾತ್ರ ಒಂದ್‌ ರೂಮಿರೋವನ್ನೇ ತೋರ್ಸ್ತಾ ಇದೀರಲ! ನಿಮ್ಗೆ ನಂಗ್‌ ಬೇಕಾಗಿರೋ ಥರದ್‌ ಮನೆ ತೋರ್ಸಕ್ಕೆ ಮನ್ಸೇ ಇಲ್ಲ ಅನ್ಸತ್ತೆ, ನಾನ್‌ ಇಲ್ಲ್‌ ಇನ್ನೊಂದ್‌ ನಿಮ್ಷನೂ ಇರಲ್ಲ.",Anger
ನಾನ್ ಅವ್ರ್‌ ಕ್ಲೈಂಟು! ವಕೀಲ್ರ ಕಚೇರಿಗ್ ನುಗ್ಗಿ ಉತ್ರ ಕೇಳೋ ಹಕ್ಕಿದೆ ನಂಗೆ! ಅವ್ರ್‌ ನಂಗೆ ಉತ್ರ ಕೊಡ್ಲೇಬೇಕು!,Anger
ಈ ವರ್ಗಾವಣೆನ ನಾನ್ ಅಪ್ರೂವ್‌ ಮಾಡಿರ್ಲಿಲ್ವಲ್ಲ! ನನ್ ಬ್ಯಾಂಕ್ ಖಾತೆ ಏನಾದ್ರೂ ಹ್ಯಾಕ್ ಆಗಿದ್ಯಾ?,Fear
ಸ್ವಲ್ಪ್‌ ಮಂದಿ ಎಷ್ಟ್ ಲಗೂನ ಕ್ರೆಡಿಟ್ ಕಾರ್ಡನಿಂದ್‌ ಮೈತುಂಬಾ ಸಾಲಮಾಡ್ಕೊತಾರಂದ್ರ ನಂಗ್ ನಂಬ್ಕಿನೇ ಬರಾವಲ್ದು.,Surprise
"ಆರೋಗ್ಯವಾಗಿರೋಕೆ ತುಂಬಾ ಜನ್ರು ಸೈಕ್ಲಿಂಗ್ ಮಾಡ್ತಾ ಇದಾರೆ, ಭಾಳ ಒಳ್ಳೇದದು. ನಂಗಂತೂ ತುಂಬಾ ಖುಷಿಯಾಗತ್ತೆ.",Happiness
ಈ ಗೇಮಿಂಗ್ ಕನ್ಸೋಲಲ್ಲಿ ಆಟಗಳೆಲ್ಲ ನಾಲ್ಕುಕೆ ರೆಸಲ್ಯೂಷನ್ನಲ್ ಕಾಣ್ತಿರೋದ್ನ ನಂಗ್ ನಂಬೋಕೆ ಆಗ್ತಿಲ್ಲ.,Surprise
ಕಾರ್ಗಿಲ್ ಯುದ್ಧದಾಗ ಸೈನಿಕ್ರು ದೇಶದ್‌ ಸಲ್ವಾಗಿ ತಮ್ ಜೀವಾ ಕೊಡೂ ಚಿತ್ರಾ ನೋಡ್ಕೋತ ನಂಗ್ ತಡ್ಯಾಕಾಗ್ಲಿಲ್ಲಾ.. ಕಣ್ಣಾಗ್ ನೀರ್ ದಳಾದಳಾಂತ ಹರಿಲಿಕತ್ತಿದ್ವು.,Sadness
ನಮ್ ಕಚ್ಚಾ ತೈಲದ್ ಟ್ಯಾಂಕರ್ ಉತ್ತರ ಅಟ್ಲಾಂಟಿಕ್ಕಲ್ಲಿ ಅಷ್ಟ್ ಭೀಕರವಾದ್ ಚಂಡಮಾರುತ್ದಲ್ಲಿ ಸಿಕ್ಕೊಂಡಿದ್ದಾಗ ನಂಗಂತೂ ಜೀವ ಬಾಯ್ಗ್‌ ಬಂದಿತ್ತು.,Fear
ಕಳೆದ್ ಮೂರ್ ತಿಂಗ್ಳಿಂದ ಮಳೆನೇ ಆಗಿಲ್ಲ. ಈ ತಿಂಗ್ಳು ಚೂರೂ ದುಡ್ಡ್‌ ಸಿಗೋ ಲಕ್ಷಣ ಇಲ್ಲ ನಮ್ಗೆ.,Sadness
ಲೇಖಕ್ರು ಈ ಭಾಗದ್ ಬಗ್ಗೆ ಉಲ್ಲೇಖ್ಸಿರೋದು ಸ್ವಲ್ಪನೂ ಇಷ್ಟ ಆಗ್ಲಿಲ್ಲ ನಂಗೆ.. ತುಂಬಾ ಕೋಪ ಇದೆ ನಂಗದ್ರ್‌ ಬಗ್ಗೆ.,Anger
"ಗ್ರಹಚಾರ್ ಕೆಟ್ಟದ, ನಮ್ ಹೊಸಾ ಪ್ರೋಜೆಕ್ಟಿಗಿ ಬಂಡ್ವಾಳೇ ಸಿಗ್ಲಿಲ್ಲ.",Sadness
"ನೀವ್‌ ಮಾಡ್ಬೇಕಾದ್ ಮೊದಲ್ನೇ ಕೆಲ್ಸ ಅಂದ್ರೆ ನೆಗೆಟಿವ್ ಆಗ್‌ ಯೋಚ್ನೆ ಮಾಡೋದ್ನ ಬಿಡ್ಬೇಕು, ನಿಮ್ಮೇಲ್‌ ನೀವ್‌ ನಂಬ್ಕೆ ಬೆಳುಸ್ಕೋಬೇಕು. ಅದ್ಬಿಟ್ಟು ಯಾವಾಗ್ಲೂ ಅನಗತ್ಯವಾಗ್ ನಿಮ್ಮನ್ ನೀವೇ ದೂಷಿಸ್ಕೊತಾ ಇರ್ತೀರಲ.",Disgust
ಆ ನಾಯಿಗಳು ಗುರ್ರ್‌ ಅಂತ ನನ್ನೇ ನೋಡ್ತಾ ಇವೆ. ನಾನ್ ಆ ಕಡೆ ನಡ್ಯೋಕ್‌ ಹೋದ್ರೆ ಅವು  ನಂಗ್ ಕಚ್ಚ್‌ಬಿಡ್ಬೋದು.,Fear
"ಕಳ್ಪೆ ಸಂಘಟಿತ ಈವೆಂಟ್ ಸಂಘಟನೆನ್  ಪ್ರತಿಯೊಬ್ರೂ  ಹೊಗಳ್ತಾ  ಇದ್ದಿದನ್ ನೋಡಕ್ಕೆ ಅಸಹ್ಯ ಆಯ್ತು, ಅದು ಅಲ್ದೆ  ಇದು ಆರಂಭದಿಂದ್  ಕೊನೆವರ್ಗೆ ದುರಂತವಾಗಿತ್ತು.",Disgust
"ನಿಮ್ ಆದಾಯದ್ ಈಗಿನ್ ಸ್ಥಿತಿ ಒಪ್ಕೊಳೊ ಥರ ಇಲ್ಲ ಅಂತನ್ಸಿದೆ ನಮ್ಗೆ, ನೀವು ಪರಿಸ್ಥಿತಿನ ಸರಿ ಮಾಡೋಕೆ ತಕ್ಷಣ‌ ಕ್ರಮ ಕೈಗೊಳ್ಬೇಕು ಅಂತ ಹೇಳ್ತಿದೀವಿ.",Anger
ತಿರ್ಗೋ ಮೊದ್ಲು ನೀವ್ ಇಂಡಿಕೇಟರ್ ಯಾಕ್ರೀ  ಹಾಕ್ಲಿಲ್ಲ? ಕೊನೇಪಕ್ಷ ಕನ್ನಡಿಲಾದ್ರೂ ನೋಡ್ಬೋದಿತ್ತು ತಾನೇ ನೀವು.,Anger
"ನಮ್ ಪ್ರಯಾಣದ್ ಸಮಯ್ದಲ್ಲಿ ಎಲ್ಲ್ ಬಸ್ ಕೆಟ್‌ ಹೋಗತ್ತೋ ಅಂತ ಕಳವಳ ಆಗ್ತಿದೆ ನಂಗೆ, ಹಾಗೇನಾದ್ರು ಆದ್ರೆ ಸಾಕಷ್ಟ್ ತೊಂದ್ರೆ, ತಡ ಎಲ್ಲ ಆದೀತು.",Fear
ಸೂಚನೆಗಳ್ನ ಅನುಸರಿಸೋದು ನಿಮ್ಗೆ ಯಾಕಷ್ಟ್‌ ಕಷ್ಟ ಅಂತ ಅರ್ಥಾಗಲ್ಲ ನಂಗೆ. ಟ್ರೆಕ್ಕಿಂಗ್ ಬೂಟ್ಸ್‌ ಹಾಕೊಂಡ್ಬನ್ನಿ ಅಂತ ನಾನ್ ನಿಮ್ಗೆ ಮೊದ್ಲೇ ಹೇಳಿದ್ದೆ ತಾನೇ!,Anger
ಆ ಮಾರ್ಗದರ್ಶಿ ಪುಸ್ತಕ್ದಲ್ಲಿ‌ ರೋಮ್‌ನಲ್ಲಿರೋ ಒಳ್ಳೆ ರೆಸ್ಟೋರಂಟ್ಸ್‌ ಅಂತ ಹೇಳಿದ್ದಿದ್‌ ಯಾವ್ದೂ ಚೆನಾಗಿರ್ಲಿಲ್ಲ.,Sadness
"ನಾವ್‌ ಕೊಲಂಬಸ್ನಾಗ ಯಾವ್ದ್‌ ಏನಂತ ಗೊತ್ತಿರ್ಲಾರ್ದ್ ಸಮುದ್ರದ್ ಮ್ಯಾಲ್‌ ಹೊಂಟಿದ್ವಿ, ರಕ್ತ್‌ ಹೆಪ್ಗಟ್ಟಂಗ್ ಛಳೀ ಇತ್ತು, ಅವಾಗೇ ಕರೆಂಟ್‌ ತಂತಿ ಬ್ಯಾರೆ ಛಟ್ಟಂತ ಸಿಡ್ದ್‌ಹೋಗಿ ಆ ಕತ್ಲ್ಯಾಗ ನಮ್ಗ್ ಗಡಗಡಾಂತ ನಡ್ಕ ಹತ್ಬಿಡ್ತು.",Fear
ನಂಗ್ ವಯಸ್ಸಾದ್ಮೇಲೆ ಯಾರೂ ನನ್ನನ್ನ ನೋಡ್ಕೊಳ್ದಿದ್ರೆ ಏನ್‌ ಗತಿ?,Fear
ನಿಮ್ ಹಣ ಎಲ್ಲ ಅದ್ಯಾವ್‌ ಲೋಕ್‌ದಿಂದ ಬಂತ್ರೀ?!,Anger
ಕೊರಿಯರ್ ಸರ್ವಿಸ್ನ  ಗುಣಮಟ್ಟದಿಂದ್  ನಂಗ್  ನಿಜ್ವಾಗ್ಲೂ  ಖುಷಿ ಆಗಿದೆ. ವಿತರಣಾ ವ್ಯಕ್ತಿ ಸಭ್ಯ ಮತ್ ಪ್ರೊಫೆಷನಲ್‌  ಆಗಿದ್ದ.,Happiness
ಮಲ್ಟಿ-ಟಾಸ್ಕಿಂಗ್ ಅಂದ್ರೆ ಒಂದೇ ಸಮಯ್ದಲ್ಲಿ ನಾಲ್ಕಾರ್‌ ಕೆಲ್ಸ ಮಾಡಕ್ಹೋಗಿ ಕೊನೆಗೆ ಅವ್ಯಾವ್ದನ್ನೂ ಸರ್ಯಾಗ್‌ ಮಾಡ್ದೇ ಇರೋ ಸಾಮರ್ಥ್ಯ ಅಂತ ನನ್ ಸ್ನೇಹಿತ ಹೊಸ ವ್ಯಾಖ್ಯಾನನೇ ಮಾಡಿದ್‌ ಕೇಳಿ ನಂಗ್‌ ನಗು ತಡ್ಕೊಳಕ್ಕಾಗ್ಲಿಲ್ಲ.,Happiness
ನನ್ ಪರೀಕ್ಷೆ ಮಾಡಿದ್ದರ ಫಲಿತಾಂಶ ನೆಗೆಟಿವ್‌ ಆಗ್ ಬಂದಿದೆ ಅಂತ ಕೇಳಿ ತುಂಬಾ ಬೇಜಾರಾಗಿದೆ ನಂಗೆ. ಬೇರೆ ಏನಾದ್ರೂ ಮಾಡ್ಬೋಡ?,Sadness
"ಈ ಹೋಟಲ್ದವ್ರು ನಾ ಬಂದ್‌ ಮ್ಯಾಲ್ ಬಂದವ್ರಿಗ ಮೊದ್ಲ್ ತಿಂಡಿ ಕೊಟ್ರು, ನಂಗ್ ಸಿಡಿಸಿಡಿಯಾಗೋಯ್ತು.",Anger
ನಿಮ್ ವೃತ್ತಿ ಮತ್ತೆ ವೈಯಕ್ತಿಕ ಜೀವ್ನದ್ ಬಗ್ಗೆ ನಾನೇನಾದ್ರೂ ತಪ್ಪಾಗ್‌ ಹೇಳ್ಬಿಡ್ತಿನೇನೋ ಅಥ್ವಾ ಕೇಳ್ಬಿಡ್ತೀನೋ ಅಂತ ನಂಗ್‌ ಆತಂಕ ಆಗ್ತಿದೆ.,Fear
ನಿಮ್ಮಲ್ಲಿ ಕೆಲ್ಸ ಮಾಡ್ತಿರೋರ್‌ ನಡ್‌ವಳಿಕೆ ಸ್ವಲ್ಪನೂ ಒಪ್ಪೋಂಥದ್ದಲ್ಲ.,Anger
ತುಂಬಾ ವರ್ಷಗಳ್‌ ಅವಧಿಲಿ ಷೇರ್‌ಗಳಿಂದ ನಂಗ್‌ ಸಿಕ್ಕಿದ್ ಲಾಭದ್ಮೇಲೆ ಈಗ ಒಂದ್ಮಣ ತೆರಿಗೆ ಹಾಕ್ತಿರೋದು ನನ್ನನ್ನ ಯಾರೋ ದೋಚ್ತಿರೋ ಹಾಗನ್ನಿಸ್ತಿದೆ.,Sadness
"ನನ್‌ ಕ್ರೆಡಿಟ್‌ ಕಾರ್ಡಿನ್‌ ಮ್ಯಾಲ ಕಮ್ಮಿ ಬಡ್ಡಿಗಿ ಚೌಕಾಸಿ ಮಾಡ್ದೆ, ಅವ್ರು ಒಪಗೊಂಡ್ರು ನೋಡ್ರಿ, ನಾ ಹಿಗ್ಗಿ ಹೀರಿಕಾಯಿ ಆಗಿನಿ.",Happiness
"ನಮ್ಗೆ ಸ್ಥಳೀಯ ವ್ಯಾಪಾರಿ ಒಬ್ರಿಂದ ಭಾರಿ ದೊಡ್ ಆರ್ಡರ್ ಸಿಕ್ಕಿ, ನಾವ್‌ ಅವ್ರ್‌ ಜೊತೆ ದೀರ್ಘಾವಧಿ ಒಪ್ಪಂದಕ್‌ ಸಹಿ ಹಾಕ್ದಾಗ್‌ ನಮ್ಗಾದ್ ಖುಷಿ ಹೇಳ್‌ತೀರ್ದು.",Happiness
"ಪಾತ್ರೆಗಳ್ನ ತೊಳ್ಕೊಟ್ಟಿದ್ದಕ್ಕೆ ಧನ್ಯವಾದ, ತಂಗ್ಯಮ್ಮ. ನಿನ್ ಸಹಾಯ ಇಲ್ದಿದ್ರೆ ನಾನೇನ್ ಮಾಡ್ತೀನೋ ಗೊತ್ತಿಲ್ಲ‌ ನಂಗೆ.",Happiness
"ನನ್ ಬಜೆಟ್ ನೋಡ್ತಿದ್ರೆ, ಅಪ್ಪಟ ಚಿನ್ನದಿಂದ ಮಾಡಿರೋ, ನೋಡಕ್ಕೂ ಸೊಗ್ಸಾಗಿರೋಂಥ ಉಡುಗೊರೆ ತಗೊಳಕ್ಕೆ ನನ್ಕೈಲಾಗತ್ತೋ ಇಲ್ವೋ ಅನ್ಸ್ತಿದೆ.",Fear
ಥೂ ಈ ಪ್ಯಾರಿಸ್ ಕಾರ್ನರ್ ಅಂದ್ರ ನಂಗ ಮೈಯುರಿತದ. ಅಲ್ಲಿ ಪಾರ್ಕಿಂಗ್‌ ಹುಡಕದ್ರಾಗೇ ತಲಿ ಸೂಲಿ ಏಳ್ತದ ಮತ್‌ ಮ್ಯಾಲ ರಾತ್ರಿ ಹೊತ್‌ ಅಲ್ಲಿ ಸೇಫೂ ಇಲ್ಲಾ.,Anger
ನಂಗ ಯಾ ಗವಿ ನೋಡ್ಲಿಕ್ಕಿ ಹೋಗದಿತ್ತಲಾ ಅದ್ರಕಿಂತಾ ಹೆಚ್ಚ್‌ ಹೊತ್ತ್‌ ಇಡೀ‌ ದಿವ್ಸ ಕ್ಯಾಬ್‌ನ್ಯಾಗ್ ಕೂತ್‌ ಕಳೀಬೇಕಾಯ್ತಂತ ಬ್ಯಾಸ್ರಾಯ್ತು.,Sadness
ಮುಂಬೈಯ ಲೋಕಲ್ ಸ್ಟ್ರೀಟ್ ಫುಡ್‌ ಘಮಕ್ಕೆ ಮಾರುಹೋಗ್ದೋರೇ ಇಲ್ವೇನೋ!,Surprise
ವ್ಯಾಕ್! ಬಚ್ಚಲ್ಮನೆ ಚರಂಡಿಲಿ ಕೂದ್ಲು ಸಿಕ್ಕೊಂಡಿದೆ. ನಾನಂತೂ ಅದ್ನ ಕ್ಲೀನ್‌ ಮಾಡಲ್ಲಪ್ಪ.,Disgust
"ಅಯ್ಯಯ್ಯಪ್ಪ! ನಾನಂತೂ ಆ ದೂರದ್ ಕ್ಯಾಬಿನ್ನಲ್ ಇರಲ್ಲ, ಯಾರಾದ್ರೂ ಕಳ್ರು ಬಂದ್ಬಿಟ್ರೆ ನಂಗ್ ಸಹಾಯ ಮಾಡಕ್ ಯಾರೂ ಇರಲ್ಲ ಅಲ್ಲಿ.",Fear
ಇತಿಹಾಸ್ ತಿಳಕೊಳ ಬಗ್ಗೆ ಖಾಯ್ಷ್‌ ಇರ ಮಂದಿ‌ ಮ್ಯೂಸಿಯಂಗಿ ಬಂದು ನಾ ಹೊರಗ್‌ ತೆಗದಿರ ಕಲಾಕೃತಿಗಳನ್ ನೋಡ್ದಾಗ ನಂಗ್ ಭಾಳ ಆನಂದ್ ಆಗ್ತದ.,Happiness
ಅದ್ಕೇ ನಾನ್ ಯಾವಾಗ್ಲೂ ಹೆಲ್ಮೆಟ್ ಹಾಕ್ಕೋ ಅಂತ ಹೇಳೋದು. ನೀನ್‌ ನನ್‌ ಮಾತೇ ಕೇಳಲ್ಲ.,Anger
ವರ್ಷದಿಂದ್ ವರ್ಷಕ್ಕೆ ಬೇಸ್ಗೆಲಿ ಬಿಸಿ ಜಾಸ್ತಿ ಆಗ್ತಿದೆ ಅಂತ ಯುಎಸ್‌ಲಿ  ಜನ್ರು ಭಯ ಪಡ್ತಾ ಇದ್ದಾರೆ.,Fear
ಓಹ್! ಹಳೆ ಪುಸ್ತಕಗಳ್ ಬೆಲೆ ಗಗನಕ್ಕೇರ್ಬಿಟಿದೆ. ಅವ್ಗಳ್ನ ಭರಿಸೋದೇ ತುಂಬಾ ಕಷ್ಟ ಆಗ್ತಾ ಇದೆ.,Surprise
"ವಾಹ್, ಮೇಡಂ! ನಾನು ಇಷ್ಟ್ ಬೇಗ ಇಂಕ್ರಿಮೆಂಟ್‌ ಸಿಗತ್ತೆ ಅಂತ ನಿರೀಕ್ಷಿಸಿರ್ಲಿಲ್ಲ!",Surprise
"ನೀವ್ ಮಾರಾಟ ಮಾಡುವಾಗ್‌ ಮಾತ್ರ ಒಂದೇ ಸಮ್ನೇ ಫಾಲೋ ಅಪ್ ಮಾಡ್ತೀರಿ ಆದ್ರೆ ಸರ್ವಿಸ್ ವಿಷ್ಯಕ್ ಬಂದಾಗ, ನಮ್ ಸಮಸ್ಯೆಗಳ್ ಬಗ್ಗೆ ಜಾಣ ಕಿವುಡಾಗ್ಬಿಡತ್ತೆ ನಿಮ್ಗೆ, ಥೂ ನಾಚ್ಕೆ ಆಗ್ಬೇಕು ನಿಮ್ಗೆಲ್ಲ!",Disgust
"ಹಗಲಾರಾತ್ರಿ ಇದ್ರ್ ಮ್ಯಾಲ್ ಕೆಲ್ಸಾ ಮಾಡಿದ್ವಿ‌, ಒಂದ್‌ ಸಣ್‌ ಮಾತಿಗಿ ನಮ್‌ ಪ್ಲಾನ್ ಬ್ಯಾಡ ಅಂದ್ರು.",Sadness
"ನಾನ್ ತುಂಬಾ ಖುಷ್ಯಾಗಿ ಮತ್ತೆ ಆರಾಮ್ವಾಗಿದೀನಿ, ಇಲ್ಲಿ ವಾತಾವರಣ ಮತ್ತೆ ಇವ್ರ್‌ ಪ್ಲೇ ಮಾಡಿರೋ ಹಿನ್ನೆಲೆ ಸಂಗೀತ ಭಾಳ ಹಾಯಾಗಿದೆ!",Happiness
ರೀಫಂಡ್ ಕೊಡೋಕೆ ಲಂಚ ಕೇಳೋ ಇನ್ಕಮ್ ಟ್ಯಾಕ್ಸ್ ಅಧಿಕಾರಿಗಳು ಖಂಡಿತ ಮನುಷ್ರಲ್ಲ.. ಹೊಟ್ಟೆಬಾಕ ತೋಳಗಳು! ಚೂರೂ ಒಳ್ಳೇದಾಗಲ್ಲ ಅಂಥೋರ್ಗೆ.,Disgust
ಆ ಬ್ರೋಕರ್‌ ಖರೇನೇ ನಂಗ್‌ ತಲಿ ಕೆಡಸಿಟ್ಟಿದ್ದಾ. ನಂಗ ಬಾಲ್ಕನಿ ಇರಅಂಥಾ ಜಾಗಾ ತೋರ್ಸಂತ ಹತ್‌ ಸರ್ತಿ ಹೇಳಿನಿ. ಅವ್ನಿಗಿ ನಾ ಹೇಳಿದ್ದ್‌ ಸಂಬಂಧೇ ಇಲ್ಲ ಅನ್ನಹಂಗ ಮಾಡ್ಲಿಕತ್ತಿದ್ದಾ.,Anger
ಕೆಲ್ವು ವಿಮರ್ಶಕ್ರು ಪುರಾವೆಗಳ್ನ ಸರ್ಯಾಗ್ ನೋಡ್ದೆ ತಮಿಳ್ನಾಡಲ್‌ ಸಿಕ್ಕಿರೋ ಪುರಾತತ್ವ ವಸ್ತುವಿಶೇಷಗಳ್ನ ಕಡೆಗಣಿಸ್ತಾ ಇದಾರೆ ಅಂತ ಕೇಳುದ್ರೇನೇ ಕೋಪ ಏರ್ತಾ ಇದೆ ನಂಗೆ.,Anger
ಅಂಗ್ಡಿಯೋರು ನನ್‌ ಕೆಟ್ಹೋಗಿರೋ ಟಿ.ವಿ.ನ ವಿಶ್ವಕಪ್ ಶುರುವಾಗೋ ಹೊತ್ತಿಗ್‌ ಸರ್ಯಾಗಿ  ರಿಪೇರಿ ಮಾಡ್ಕೊಡ್ತಾರೋ ಇಲ್ವೋ ಅನ್ನೋದೇ ಯೋಚ್ನೆ ಆಗಿದೆ.,Fear
ನಿಮ್ ಇನ್ಕಮ್ ಸ್ಟೇಟ್‌ಮೆಂಟಲ್ಲಿರೋ ಸಂಖ್ಯೆ ನೋಡಿದ್ರೆ ತಲೆಬಿಸಿ ಆಗತ್ತೆ.. ಅದೊಂಥರ ನನ್ನೊಳ್ಗೆ ಆತಂಕನ ಹೆಚ್ಚ್‌ ಮಾಡ್ತಾ ಇದೆ.,Fear
ನಂಬೋಕ್ಕೇ ಆಗ್ತಾ ಇಲ್ಲ ಇದ್ನ! ಎಲ್ಲಾ ಪುಸ್ತಕಗಳ್ ಮೇಲೂ ಐವತ್ತ್ ಪ್ರತಿಶತದಷ್ಟು ರಿಯಾಯ್ತಿ ಇದೆ. ನೀವ್ ತುಂಬಾ ಒಳ್ಳೆ ಡೀಲ್‌ನ ಕೊಡ್ತಾ ಇದೀರಿ.,Surprise
ನನ್ ರೈಲ್ ಟಿಕೆಟ್ ಬುಕಿಂಗ್ ಇನ್ನೂ ವೇಯ್ಟಿಂಗ್ ಲಿಸ್ಟಲ್ಲೇ ಇರೋದ್ರಿಂದ ಸೀಟ್‌ ಸಿಗತ್ತೋ ಇಲ್ವೋ ಅಂತ ಆತಂಕ ಆಗ್ತಿದೆ ನಂಗೆ.,Fear
ನನ್ ಮಗನ್ ಕಾರ್‌ಲಿ ಪೆಟ್ರೋಲ್ ಖಾಲಿ ಆಗಿ ಮಧ್ಯರಾತ್ರಿ ಎಲ್ಲೋ ದಿಕ್ಕುದೆಸೆ ಇಲ್ದಿರೋ ಕಡೆ ಸಿಕ್ಕೊಂಡ್ರೆ ಅಂತ ನಂಗ್ ಗಾಬ್ರಿ ಆಗ್ತಿದೆ.,Fear
ನ್ಯೂಸ್‌ ಪೇಪರ್‌ ಜೊತೆಗ್ಬರೋ ಆ ಮ್ಯಾಗಜೀ಼ನ್‌ಗಳ್ನ ಓದೋದು ಸಾಮಾನ್ಯವಾಗಿ ನನ್‌ ದಿನಚರಿಲೊಂದ್‌ ಭಾಗನೇ ಆಗೋಗಿದೆ. ನಾಳೆ ನೀವ್‌ ರಜೆ ಹಾಕಿರೋದ್ರಿಂದ ನಂಗ್‌ ಅವ್ ಸಿಗಲ್ವಲ ಅಂತ ಬೇಜಾರು.,Sadness
"ಆ ಮೆಕ್ಯಾನಿಕಗೊಳು ಕಾರಿಗೇನಾಗ್ಯಾದಂತ ಕಂಡ್‌ ಹಿಡಿಯದರಾಗ ತಾವ್‌ ದೊಡ್‌ ಎಕ್ಸ್‌ಪರ್ಟ್‌ ಅಂತ ಹೇಳ್ಕೊತಾರ, ಆದ್ರ ನೋಡ್ ಏನೋ ಭಾರಿ ʼಡಯಾಗ್ನೋಸ್ಟಿಕ್‌ ಟೆಸ್ಟ್ʼ‌ಗೊಳಂತ, ಅದು ಮಾಡ್ಲಾರ್ದೇ ಅವ್ರಿಗಿ ಕಾರಿಗೆ ಏನಾಗ್ಯಾದ ಹೇಳ್ಲಿಕ್ನೂ ಬಂದಿಲ್ಲ. ಮತ್‌ ಮ್ಯಾಲ ನಾ ಮನಿಮಠಾ ಮಾರಬೇಕ್‌ ಅಂಥಾಪರಿ ರೊಕ್ಕಾ ಕೇಳ್ಳಿಕತ್ತಾರ.",Anger
ಮಕ್ಳ ಕಾಲೇಜಿಗಿ ಅಷ್ಟ್‌ ದೊಡ್ಡ್‌ ಫೀಸ್‌ ಕಟ್ಟಬೇಕಂತ ನೆನಸ್ಗೊಂಡ್ರ ಅಪ್ಪಾಅಮ್ಮಗ್‌ ರಾತ್ರಿ ನಿದ್ದಿ ಹತ್ತಲ್ಲಾ.,Fear
ಯಾವಾಗ್ಲೂ ಊಟದ್ ಕೊನೆಲಿ ಸ್ವಲ್ಪ ಮೊಸ್ರನ್ನ ತಿಂದ್ಬಿಟ್ರೆ ನಂಗ್‌ ಹೊಟ್ಟೆ ತುಂಬಿ ಸಂತೃಪ್ತಿ ಆಗೋಗತ್ತೆ.,Happiness
ಲೈವ್ ಸಂಗೀತದ್ ಶಬ್ದದಿಂದ ವಾತಾವರಣ ಎಲ್ಲ ಸಂತೋಷ್ದಿಂದ‌ ತುಂಬಿರೋ ಹಾಗನ್ಸತ್ತೆ.,Happiness
ಮೈಕೆಲ್ ಫೆಲ್ಪ್ಸ್‌ ಭಾಳ ದೊಡ್ಡ್ ಈಜುಪಟು. ಅವ್ರು ಇಷ್ಟೊಂದ್ ಪದಕಗಳ್ನ ಹೇಗ್ ಗೆದ್ರು ಅಂತ ನಂಗಾಶ್ಚರ್ಯ ಆಗತ್ತೆ!,Surprise
ಪ್ರಾಡಕ್ಟ್‌ನ ಕ್ಲೈಂಟಿಗ್ ಕಳ್ಸಕ್ಕಾಗ್ದ್‌ ಹಾಗೆ ‌ಏನೇನೋ ಸಮಸ್ಯೆಗಳಾಗಿವೆ ಅನ್ನೋದ್ನ ನಮ್‌ ಮ್ಯಾನೇಜರ್ರು ನಂಗ್‌ ಮೊದ್ಲೇ ಹೇಳ್ದೇ ಕೊನೇ ಕ್ಷಣದಲ್‌ ಬಾಯ್ಬಿಟ್ಟಿದ್ದು ನಂಗ್‌ ತುಂಬಾ ರೇಗ್ಹೋಯ್ತು.,Anger
ಯಾವ್ ಹೊಲಸು ಮೂಲಗಳಿಂದ ಇಷ್ಟ್ ಸಂಪಾದ್ನೆ ಮಾಡ್ತಿರೋದ್ ನೀವು?‌ ನಿಮ್ ಹಣಕಾಸೆಲ್ಲ ಎಲ್ಲಿಂದ ಬರ್ತಿದ್ಯೋ ಆ ಮೂಲಗಳ್ನೆಲ್ಲ ಬಾಯ್ಬಿಟ್ರೆ ಸರಿ ಈಗ್ ನಮ್ಹತ್ರ.,Disgust
"ನನ್‌ ಈ ದೋಸ್ತ ನೋಡ್‌ ಇವಾ ಬರೇ ರೊಕ್ಕ ಬೇಕಾದ್ರಷ್ಟೇ ಫೋನ್‌ ಮಾಡ್ತಾನ, ಇಲ್ಲಂದ್ರ ಏನಿಲ್ಲಾ.. ಕ್ಯಾರೇ ಅಂತ್ಲೂ ಕೇಳಂಗಿಲ್ಲಾಂವಾ.",Disgust
"ನನ್ಮನೆ ಹತ್ರ ನಡೀಬೇಕಿದ್ ಜಾತ್ರೆ, ಉತ್ಸವಗಳ್ನೆಲ್ಲ ಅನಿರ್ದಿಷ್ಟ್‌ವಾಗಿ ಮುಂದೂಡಿದಾರೆ, ನಂಗೀಗ ಬೇರೇನ್‌ ಮಾಡಕ್ಕೂ ಮನ್ಸಿಲ್ಲ.. ಬೇಜಾರಾಗ್ತಿದೆ.",Sadness
ಹೋದ್‌ ತಿಂಗ್ಳ್‌ ನನ್‌ ಮಗಾ ತನ್‌ ಯು.ಜಿ.ನ್ಯಾಗ್‌ ಕಂಪ್ಯೂಟರ್‌ ಬಿಟ್‌ ಸ್ಟ್ಯಾಟಿಸ್ಟಿಕ್ಸ್ ಮೇಜರ್‌ ಅಂತ ಬದಲಾಸ್ಕೊಂಡಾಗ ನಾ ಹಿಗ್ಗಿ ಹೀರೀಕಾಯ್ ಆಗಿದ್ದೆ.,Happiness
ಒಬ್ರು ಗ್ರಾಹಕ್ರು ನಾವ್ ಅವ್ರಿಗ್‌ ಇಷ್ಟ ಆಗೋ ಥರ ವಸ್ತುಗಳ್ನ ಶಿಫಾರ್ಸ್ ಮಾಡಿದ್ ಬಗ್ಗೆ ಮೆಚ್ಚುಗೆ ವ್ಯಕ್ತಪಡಿಸ್ದಾಗ ಸಹಜ್ವಾಗೇ ನಮ್ಗದು ಖುಷಿ ಕೊಡ್ತು.,Happiness
ಈ ಒಂದ್ ದಿನದ್ ಟ್ರಿಪ್ಪಲ್ಲಿ ಟೋಕಿಯೊದಲ್ ನಾನ್ ನೋಡ್ಬೇಕು ಅನ್ಕೊಂಡಿರೋ ಎಲ್ಲಾ ಜಾಗಗಳ್ಗೂ ಹೋಗಕ್ ನನ್ಕೈಲ್‌ ಆಗತ್ತಾ?,Fear
ನಾವು ಹಳೆಯ ಕೋಟೆಗ್  ಹೋದ್ವಿ  ಮತ್ ಅದ್ರ ಗೋಡೆಲಿ  ಅನೇಕ ಯುದ್ಧದಲ್  ಪ್ರಾಣ ಕಳ್ದುಕೊಂಡೋರಾ  ದುಃಖದ್   ಭಾವನೆಯಿಂದ ನಮ್ಗೆ ಬೇಜಾರಾಯ್ತು.,Sadness
"ಮಗಾ, ನಾನ್ ನನ್ ಜಮೀನ್ನೆಲ್ಲ ಅಡ ಇಟ್ಟು ಸಾಲ ತಕಂಡಿದ್ದೆ.. ಆದ್ರೆ ಅದುನ್ನ ಸಮಯಕ್‌ ಸರ್ಯಾಗ್‌ ತೀರ್ಸಕ್‌ ಆಗ್ನಿಲ್ಲ. ನಾಳೆ ಬ್ಯಾಂಕ್ನೋರ್ ಬಂದು ನಮ್ ವೊಲನೆಲ್ಲ ಜಪ್ತಿ ಮಾಡ್ಕತಾರಂತೆ.",Sadness
"ಅದೊಂದ್‌ ಕೆಟ್ ಬ್ಯಾಚ್‌ ಮಾರ್ಕೆಟಿಗ್ ಹೊರ್ಟೋಗಿದೆ, ಇನ್ನ್ ನಮ್ ಕಸ್ಟಮರ್ಸು‌ ಅದ್ರ್‌ ಬಗ್ಗೆ ಏನೇನೆಲ್ಲ ನೆಗೆಟಿವ್‌ ರಿವ್ಯೂಸು, ರೇಟಿಂಗ್ಸು ಕೊಡ್ತಾರೋ ಅಂತ ಹಗಲೂರಾತ್ರಿ ಅದೇ ಚಿಂತೆ‌ ಆಗೋಗಿದೆ ನಂಗಂತೂ.",Fear
ಅಭಿನಂದನೆಗಳು! ನೀವು ಯಾವ್ದೇ ಆಸ್ತಿನ ಒತ್ತೆ ಇಡ್ದಿದ್ರೂ ಬ್ಯಾಂಕ್ ಮ್ಯಾನೇಜರ್ ನಿಮ್ ಸಾಲನ  ಅನುಮೋದಿಸ್ಬಿಟ್ರಾ?!,Surprise
"ಅನುಪಮಾ ಟೀಚರ್ ಕ್ಲಾಸೂಂದ್ರೆ ಯಾವಾಗ್ಲೂ ಭಾರೀ ಮಜವಾಗಿರೋದು ಅಲ್ಲ್ ಕೂತು ಅವ್ರ್‌ ಪಾಠ ಕೇಳೋಕೆ. ನಾವಂತೂ ಕಥೆಗಳು, ಜೋಕ್ಸು, ನಾಟಕಗಳ್ನೆಲ್ಲ ಓದ್ತಾ ಇದ್ವಿ, ನಮ್‌ ಪಾಡಿಗ್‌ ನಮ್ಮನ್ನ ಅದ್ನೆಲ್ಲ ಮಾಡೀಂತ ಬಿಡೋರು ಅವ್ರು, ಎಷ್ಟ್‌ ಖುಷಿ ಇರೋದು ಆಗ.",Happiness
"ನಂಗ್ ಮೈಯೆಲ್ಲ ಉರಿತಿದೆ! ನಾನ್‌ ಈ ಹೋಟೆಲಿಗ್ ಬಂದಾಗಿಂದ ವೈ-ಫೈಗೋಸ್ಕರ ಟ್ರೈ ಮಾಡ್ತಿದೀನಿ, ಆದ್ರೆ ಬರೀ ಎರರ್‌ ಮೆಸೇಜ್‌ಗಳೇ ಬರ್ತಿದೆ. ಸರ್ಯಾದ್ ಇಂಟರ್ನೆಟ್‌ ಕನೆಕ್ಷನ್‌ ಇಲ್ಲಾಂದ್ರೆ ಇತ್ಲಾಗ್ ಕೆಲ್ಸಾನೂ ಆಗಲ್ಲ, ಅತ್ಲಾಗ್ ‌ಆರಾಮಾಗ್ ರೆಸ್ಟ್‌ ಮಾಡಕ್ಕೂ ಆಗಲ್ಲ.",Anger
"ಜನ ಶ್ರೀಮಂತ್ರಾಗಿದ್ರೆ ಕಾನೂನನ್ನ ಉಲ್ಲಂಘ್ನೆ ಮಾಡಿದ್ರೂ ಆರಾಮಾಗ್ ತಪ್ಪಿಸ್ಕೋಬೋದು ಅನ್ಸತ್ತೆ, ಅಲ್ಲೆಲ್ಲ ಹಣನೇ ಮಾತಾಡೋದಪ್ಪ!",Disgust
ಯಾರೋ ಸ್ಪ್ಯಾಮರ್‌ ಕಳ್ಸಿದ್ದಿದ್‌ ಆಪ್‌ ಮೇಲೆ ಯಾವ್ದೋ ಜ್ಞಾನ್ದಲ್ಲ್ ಕ್ಲಿಕ್‌ ಮಾಡ್ಬಿಟ್ಟೆ ಅಂತ ಒಂದರ್ಧ ಗಂಟೆ ತುಂಬಾ ಭಯ ಆಗೋಗಿತ್ತು.,Fear
ಹೊರಡೋ ಮುಂಚೆ ಆ ವೇಯ್ಟರ್ ನನ್ನನ್ನ ನೋಡಿ ಕಣ್ಣ್ ಮಿಟುಕಿಸ್ದ.‌ ಅಸಹ್ಯದೋನು..,Disgust
"ರೋಲರ್ ಕೋಸ್ಟರ್ ಮತ್ತೆ ವಾಟರ್‌ ರೈಡ್‌ ಇದೆರಡ್ರಲ್ಲಿ ನಾನ್ ಯಾವ್ದಕ್‌ ಹೋಗ್ಬೇಕು ಅಂತ ಆಯ್ಕೆ ಮಾಡ್ಕೊಳದು ನಂಗ್‌ ಬಿಟ್ಟಿದ್ದು, ಎಲ್ಲದ್ರಲ್ಲೂ ತಲೆ ಹಾಕಿ ನಿಮ್ಗೇನ್ಬೇಕೋ ಅದ್ನ ನನ್ಮೇಲ್‌ ಹೇರೋಕ್‌ ನೋಡ್ಬೇಡಿ.",Anger
ನಾವ್ ಗುರುತ್ಸಕ್ಕೂ ಸಾಧ್ಯ ಇಲ್ದಿರೋ ಜನ್ರನ್ನ ಹುಡುಕ್ಕೊಂಡ್ ಓಡ್ತಾ ಇರೋದ್‌ ಬಿಟ್ರೆ ನಮ್ಗೇನ್ ಮಾಡಕ್ಬೇರೆ ಕೆಲ್ಸ ಇಲ್ಲ ಅನ್ಕೊಂಡಿದೀರೇನ್ರಿ?!,Disgust
ಆ ಏರ್‌ಲೈನೋರು ನಮ್ ಲಗೇಜ್‌ನ ಎಲ್ಲೋ ಇಟ್ಟು ಕಳ್ದ್‌ಹಾಕಿದ್ದೂ ಅಲ್ದೇ ಇಷ್ಟ್‌ ದಿನ ಆದ್ರೂ ಇನ್ನೂ ಪರಿಹಾರನೂ ಕೊಟ್ಟಿಲ್ಲ ನಮ್ಗೆ.. ನಂಗವ್ರ್‌ ಮೇಲೆ ಕೆಂಡದಂಥ ಕೋಪ ಬಂದಿದೆ.,Anger
ನಮ್‌ ಹತ್ರ ಕೆಲ್ಸಕ್‌ ಇರೋರ್ನ ಆ ಕ್ಲೈಂಟ್‌ ಕೆಳಗೇ ನೇರ್ವಾಗ್‌ ಬಿಟ್ರೆ ಅವ್ರು ನಮ್ಮೋರ್ನೇ ತಮ್ಕಡೆಗ್‌ ಮಾಡ್ಕೊಂಡು ಅಲ್ಲೇ ಕೆಲ್ಸಕ್‌ ಸೇರ್ಸ್‌ಕೊಂಡ್ಬಿಡೋ ಸಾಧ್ಯತೆನೂ ಇರತ್ತೆ.,Fear
"ಆಕೆ ಹೊಸ್ದಾಗೊಂದ್‌ ಉದ್ಯಮ ಶುರು ಮಾಡಿದ್ಳಲ್ಲ, ಅದ್ಕೋಸ್ಕರ ಬೇಕಾಗಿದ್ ಸಾಮಾನು ಸರಂಜಾಮಿಗೆ ಅಂತ ತಗೊಂಡಿದ್ ಸಾಲನೆಲ್ಲ ತೀರ್ಸಿ, ಇನ್ನೊಂದ್‌ ಶಾಖಾ ಕಚೇರಿನೂ ಶುರುಮಾಡಿದಾಳೀಗ, ಇಷ್ಟೆಲ್ಲ ಆಗಿದ್‌ ಖುಷಿಲಿ ಅವ್ಳ್‌ ಮುಖ ಫಳಫಳ ಅಂತ ಮಿಂಚ್ತಿತ್ತು.",Happiness
"ಛೀ, ಈ ಬಾತ್‌ಟಬ್ನ್ಯಾಗ ಜೇಡ ಬಿದ್ದದ ನಾ ಅದ್ರಿಂದ್‌ ಎಷ್ಟರೆ ಅಷ್ಟ್‌ ದೂರ ಓಡ್‌ಹೊಂಟಿನಿ.",Disgust
ಕೆಲ್ವು ಆಟಗಾರ್ರು ಯಾವಾಗ್ಲೂ ಸೊಕ್ಕು ಮತ್ತೆ ದುರಹಂಕಾರ ತೋರ್ಸೋದ್‌ ನೋಡುದ್ರೆ ಹೇವರ್ಕೆ ಆಗತ್ತೆ.,Disgust
ಭಾಷಣ ಮಾಡ್ತಾ ಇರುವಾಗ ಇದ್ದಕ್ಕಿದ್ದಂಗೆ ಸಂಘಟಕ್ರು ಮೈಕ್‌ನ ಆಫ್‌ ಮಾಡ್ಬಿಟಿದ್ದು ಆ ಭಾಷಣಕಾರ್ರಿಗೆ ಆಘಾತ ಆಯ್ತು.,Surprise
"ಈ ಷೇರ್ ಮಾರ್ಕೆಟ್ ಕುಸ್ದಿರೋದು ದೊಡ್ಡ್‌ ಅನ್ಯಾಯ! ಮನ್ಸ್‌ ಮಾಡಿದ್ರೆ ಇದ್ನ ತಡೀಬೋದಿತ್ತು, ಆದ್ರೆ ಯಾರ್ಗೂ ಬೇಕಿಲ್ಲ!",Anger
ಕೆಲವ್ ನೀಲಗಿರಿ ಮರಗಳಿಂದಾಗಿ ನಾವ್  ನೆಟ್ಟಿದ್ ಹಣ್ಣಿನ್ ಮರಗಳ್  ಸತ್ತುಹೋದಾಗ ನನ್ ತೋಟಗಾರನಿಗ್  ಮತ್  ನಂಗ್  ತುಂಬಾ ದುಃಖ ಆಯ್ತು.,Sadness
ಈ ಐರಿಷ್ ಡ್ಯಾನ್ಸ್‌ಲಿಂದ ನನ್ದು ಇವತ್ತಿನ್‌ ದಿನಾ ಸಾರ್ಥ್‌ಕ ಆತು.,Happiness
"ತೋಡಾ ಬುಡಕಟ್ಟು ಜನಾಂಗ್ದೋರ್ ತಯಾರ್ಸಿರೋ‌ ಈ ಕರಕುಶಲ ವಸ್ತುಗಳು ಭಾಳ ವಿಶಿಷ್ಟವಾದ್ ಸ್ಮರಣಿಕೆಗಳು, ಜೊತೆಗೆ ನಮ್ಮಲ್ಲಿ ಎಷ್ಟೊಳ್ಳೆ ಭಾವ್ನೆ ಮೂಡ್ಸತ್ವೆ.",Happiness
ಹಂಪಿಲಿರೋ ಸ್ಮಾರಕಗಳ್ ವಾಸ್ತುಶಿಲ್ಪ‌ ತುಂಬಾ ಸಂಕೀರ್ಣವಾದ್ದು ಮತ್ತೆ ಅದೆಷ್ಟ್ ಭವ್ಯವಾಗಿದೆ ಅಂದ್ರೆ ಅವನ್ನೆಲ್ಲ ನೋಡ್ತಾ ನನ್‌ ಕಣ್ಣಲ್ಲಿ ಆನಂದಭಾಷ್ಪ ಮೂಡಿತ್ತು.,Happiness
ತೈಲದ್ ಬೆಲೆ ಜಾಸ್ತಿ ಆಗಿರೋದ್ರಿಂದ ನಮ್ಕೈಲಿರೋ ದುಡ್ಡೆಲ್ಲ ಸುಮಾರ್ ಖಾಲಿಯಾಗ್ಬಿಡತ್ತೇನೋ ಅನ್ಸ್ತಿದೆ.,Fear
"ನನ್ ಪಾಕಶಾಲೆಯ ಪ್ರಯೋಗಕ್ಕೆ  ಆಧುನಿಕ ಉಪಕರಣಗಳ್  ಮತ್ ಜಾಸ್ತಿ ಕೌಂಟರ್ ಸ್ಥಳ ಇರೋ  ಅಡುಗೆಮನೆನ್  ನಾನ್  ನಿರೀಕ್ಷಿಸ್ತ ಇದ್ದೆ, ಆದ್ರೆ ಹೆಚ್ಚಿನ್  ಬಾಡ್ಗೆ ಸ್ಥಳಗಳ್  ನಂಗ್ ನಿರಾಸೆ ಮಾಡಿದ್ವು.",Sadness
"ಆ ಎಲೆಕ್ಟ್ರಿಕಲ್‌ ಅಂಗ್ಡಿಲಿ ಅಷ್ಟೆಲ್ಲ ಖರೀದಿ ಮಾಡಿದ್ರೂ ಸ್ವಲ್ಪನೂ ರಿಯಾಯ್ತಿ ಕೊಡ್ದಿದ್ದು ರೇಗ್ಹೋಯ್ತು ನಂಗೆ, ಇನ್ಯಾವತ್ತೂ ಅಲ್ಲ್‌ ಏನ್ನೂ ವ್ಯಾಪಾರ ಮಾಡಲ್ಲ ನಾನು.",Anger
‌ಅಲ್ಲೆಲ್ಲ ಕಡಲ್ಗಳ್ರು ಜಾಸ್ತಿ ಇರೋದ್ರಿಂದ ನನ್ ಟ್ರಕ್‌ಗಳ್ನ ಆಫ್ರಿಕಾಗ್ ಕಳ್ಸೋದಂದ್ರೆ ಭಾಳ ಹೆದ್ರಿಕೆ ನಂಗೆ.,Fear
ಎಲ್ಲ ಅಚ್ಕಟ್ಟಾಗಿರೋ ಹೊಸಾ ಥರದ್ ಅಡ್ಗೆಮನೆ‌ ಅಣಿ ಮಾಡ್ಕೊಳಕ್ಕೆ ನಂಗಂತೂ ಖುಷಿ ತಡ್ಕೊಳಕ್ಕಾಗ್ತಿಲ್ಲ.,Happiness
"‌ಅಷ್ಟ್ ಪುಟ್ಟ್ ಅಂಗ್ಡಿಯಾದ್ರೂ ಅವ್ರ ಜಾಲತಾಣ ತುಂಬಾ ಅಚ್ಕಟ್ಟಾಗಿ, ಬಳ್ಸೋಕ್‌ ಸುಲಭ್ವಾಗಿರೋದ್‌ ನೋಡಿ ನಂಗ್‌ ಆಶ್ಚರ್ಯ ಆಯ್ತು.",Surprise
ಇಂಥ ಭ್ರಷ್ಟ ಪೊಲೀಸ್ರಿಗೆ ನಾವ್‌ ಜನಗಳೇ ಲಾಠಿ ರುಚಿ ತೋರ್ಸಿ ಸರ್ಯಾಗ್ ಬುದ್ಧಿ‌ ಕಲಿಸ್ಬೇಕು.,Anger
ಅರೆರೇ! ನಿಮ್ಹತ್ರ ಸೀಮಿತ ಆವೃತ್ತಿಯ ಪ್ಲಾಟಿನಂ ಕ್ರೆಡಿಟ್ ಕಾರ್ಡ್ ಇದೆ ಅಂತ ನಂಗೊತ್ತಿರ್ಲಿಲ್ಲ. ಎಲ್ಲೋ ಕೆಲವ್ರಿಗಷ್ಟೇ ಸಿಗೋದದು.,Surprise
ಸಿಟಿಲಿ ಎಲ್ಲಾ ಕಡೆ ಆ ಹೊಸ ಅಂಗ್ಡಿ ಮಳಿಗೆಗಳು ಶುರುವಾಗ್ತಾ ಇರೋದ್‌ ನೋಡುದ್ರೆ ಎಲ್ಲಿ ನಮ್ಮಲ್ಲಿರೋ ಒಳ್ಳೆ ಕೆಲ್ಸ್‌ಗಾರ್ರೆಲ್ಲ ಅವ್ರ್‌ ಹತ್ರ ಹೋಗ್ ಸೇರ್ಕೊಂಡ್ಬಿಡ್ತಾರೋ ಅಂತ ಭಯ ಆಗ್ತಿದೆ.,Fear
ಈ ತಿಂಗ್ಳು ನನ್ ಎಲ್ಲಾ ಮ್ಯೂಚುವಲ್ ಫಂಡ್‌ಗಳ್ಗೂ ಲಾಭಾಂಶ ಸಿಕ್ಬಿಟಿದೆ.,Happiness
"ಅರೇ ಸ್ವಲ್ಪ ತಡೀರಿ, ನಂಗಿಷ್ಟೆಲ್ಲ ಕೆಲ್ಸ ಇದ್ಯಲ್ಲ! ಎಲ್ಲ ಒಟ್ಟೊಟ್ಗೆ ಬಂದ್ಬಿಟಿದೆ ಇವತ್ತು!",Surprise
"ತಮಿಳ್ ಟಿವಿ ಧಾರಾವಾಹಿಗಳ್ನ ನೋಡ್ನೋಡಿ ನಮ್ ಜನ ಅದ್ರ್‌ ಗುಂಗಲ್ಲಿ ಜಗತ್ತೆಲ್ಲ ಇವ್ರ್ ವಿರುದ್ಧನೇ ಸಂಚ್‌ ಮಾಡ್ತಿದೆ ಅಂತನ್ಕೊತಾರಲ, ಇವ್ರಿಗೇನ್‌ ‌ಮಾಡಕ್‌ ಬೇರೆ ಕೆಲ್ಸ, ತಲೆಲ್ ಬುದ್ಧಿ ಎರ್ಡೂ ಇಲ್ವಾಂತ!",Anger
ಟರ್ಕಿ ಭೂಕಂಪ್ದಿಂದ ಮನುಷ್ರು ಅಷ್ಟೆಲ್ಲ ಸಂಕಷ್ಟ ಅನುಭವ್ಸ್ತಾ ಇರೋ ದೃಶ್ಯ ನೋಡಿ ನಂಗ್  ದುಃಖ ಉಮ್ಮಳ್ಸ್‌ಬಂತು.,Sadness
"ಅಬಾಬಾಬಾ, ಏನ್‌ ಆಪ್‌ ಅಂತೀನಿ ನನ್‌ ಫೋನ್‌ ಕ್ಯಾಮರಾಲಿಂದ ಇದ್‌ ಯಾ ಸಾಮಾನದ ಅಂತ ಕಂಡ್‌ ಹಿಡೀತದ ಅದೂ ಮತ್‌ ಭಾರಿ ಲಗೂನ ಪತಾ‌ ಹಚ್ತದ.",Surprise
ನನ್‌ ಮಗಾ ಸ್ಟೇಜಿನ್‌ ಮ್ಯಾಲ್‌ ನಿಂತ್‌ ತನ್‌ ದೋಸ್ತರ್‌ ಜೊತಿ ಒಂದ್‌ ವೆಸ್ಟರ್ನ್‌ ಡ್ಯಾನ್ಸ್‌ ಮಾಡ್ಲಿಕತ್ತಿದ್ದಾ ಅವ್ನಿಗಿ ಒಂಚೂರೂ ಅದ್ರಕಡಿ ಲಕ್ಷಿರ್ಲೇ ಇಲ್ಲಾ ಮತ್‌ ಭಾಳ ಅಶಿಕ್ಷತನಾ ಮಾಡ್ಲಿಕತ್ತಿದ್ದಾ ನೋಡಿ ನಂಗ್ ಮನಸ್ಸಿಗಿ ಭಾಳ ಸಂಕ್ಟಾತು.,Sadness
"ಈ ನಿರ್ಧಾರ್‌ದಿಂದ ಕಂಪ್ನಿ ಮೇಲಾಗ್ತಿರೋ ಕೆಟ್ಟ್ ಪರಿಣಾಮ, ಬಿಟ್ಹೋಗ್ತಿರೋ ಜನಗಳ್ನೆಲ್ಲ ನೋಡ್ತಿದ್ರೆ ನನ್‌ ಮನ್ಸಿಗ್‌ ಸ್ವಲ್ಪನೂ ಸಮಾಧಾನ ಇಲ್ದಂಗಾಗಿದೆ.",Sadness
ಆರೋಗ್ಯ ಕೇಂದ್ರದ್  ಅತ್ಯಂತ ಅನುಭವಿ ವೈದ್ಯರು ಈ ವಾರಾಂತ್ಯದಲ್ ಸಮಾಲೋಚನೆಗೆ ಸಿಗ್ತಾರೆ ಅಂತ  ನಂಗ್  ಸಂತೋಷ ಆಗ್ತಿದೆ.,Happiness
"ಈ ಸಂಗೀತ ನಂಗೆ ತುಂಬಾ ಗಂಭೀರ್ವಾದ್ದು, ಭಾವತೀವ್ರವಾದ್ದು ಅನ್ಸತ್ತೆ.. ಇದ್ರಿಂದ ಏನೇನೋ ಬೇಡ್ದೇ ಇರೋ ಕಹಿ ನೆನ್ಪುಗಳು ಮತ್ತೆ ಮರುಕಳಿಸ್ಬಹುದು ಅಂತ ಅಂಜಿಕೆ ನಂಗೆ.",Fear
ನಂಗ್ ಕೊರಿಯರಲ್ಲ್ ಬಂದ್ ಪ್ಯಾಕೇಜ್ನ ನಂಗದ್‌ ಸಿಗೋ ಮುಂಚೆನೇ ಯಾರೋ ಓಪನ್‌ ಮಾಡಿದ್‌ ಗುರ್ತಿದ್ದಿದ್ ನೋಡಿ ಎಷ್ಟ್‌ ಬೇಜಾರಾಯ್ತು ಗೊತ್ತಾ?,Sadness
"ಡ್ರೈವಿಂಗ್ ಸ್ಕೂಲಲ್ಲಿ ಇನ್ನೂ ಸುಮಾರೆಲ್ಲ ಕಲ್ಯೋದ್ ಬಾಕಿಯಿದ್ರೂ ಆ ಕೊಳಕಾಗಿರೋ ಡ್ರೈವಿಂಗ್ ಸಿಮ್ಯುಲೇಟರ್‌ನ ಬಳಸ್ಬೇಕಲ ಅನ್ನೋಕೆ ಯಾವ್‌ ಟ್ರೈನಿಂಗೂ ಬೇಡ, ಸಾಕು ಅನ್ಸ್ಬಿಟಿದೆ.",Disgust
ಛೇ ಏನ್ ಅನ್ಯಾಯನಪ್ಪ ಇದು.. ಈ ಥರ ಇದ್ಕೆಲ್ಲ ಶುಲ್ಕ ಅಂತ ವಸೂಲಿ ಮಾಡೋದು ನಿಜಕ್ಕೂ ನಾಚಿಕ್ಗೇಡು.,Disgust
ಅವ್ರು ಮೊದ್ಲು ಇದ್ ಹಾಗೆ ಇಲ್ಲ ತಂಡಕ್ ಸೇರ್ದ್ ಮೇಲೆ  ತುಂಬಾನೇ ಕಲ್ತು ಕೊಂಡಿದ್ದಾರೆ. ಉದ್ಯೋಗಿಯಲಿ ಇರೋ ಸ್ಕಿಲ್ ನೋಡ್  ನಂಗ್ ಆಶ್ಚರ್ಯ ಆಗಿದೆ.,Surprise
ನನ್ನ ಅಕೌಂಟನ್ನು ಕ್ರಿಯೇಟ್ ಮಾಡ್ಲಿಕ್ಕೆ ನೀವು ಯಾಕೆ ಇಷ್ಟು ಸಮಯ ತಕೊಳ್ತಾ ಇದ್ದೀರಾ? ನಾನು ಇಲ್ಲಿ ಒಂದು ಗಂಟೆಗಿಂತ ಜಾಸ್ತಿ ಹೊತ್ತಿನಿಂದ ಕಾಯಿತಾ ಇದ್ದೇನೆ. ನಂಗೆಂತ ಬೇರೆ ಕೆಲಸ ಇಲ್ಲಾಂತ ಮಾಡಿದ್ರಾ?!,Anger
"ಅಬಾಬಾಬಾ ನಂ ಮನಿತನಾ ಇಪ್ಪತೈದು ಸಾವಿರ ವರ್ಷದ್‌ ಹಿಂದಿನ್ ಸೈಬೀರಿಯಾದ್ ಮಾಲ್ಟಾ ಬಾಯ್‌ಲಿಂದ್‌ ಬಂದದಂತ ಜೀನ್‌ ಟೆಸ್ಟಿನ್ಯಾಗ್‌ ಗೊತ್ತಾಗಿ, ನಂಗ್ ಅಗ್ದಿ ಆಶ್ಚರ್ಯಾತು.",Surprise
"ನಾನು ನನ್ಕೈಲಿ ಸಾಧ್ಯವಾದಷ್ಟ್ ಫಾಸ್ಟಾಗ್ ಓಡೋಕ್ ಪ್ರಯತ್ನಪಟ್ಟೆ, ಆದ್ರೂ ರೇಸಲ್ಲಿ ನಾನೇ ಕೊನೇಗ್‌ ಬಂದಿದ್ದು.",Sadness
ಪ್ರತೀ ಸಲ ಫೌಲ್ ಆದಾಗ್ಲೂ ರೆಫರಿಗಳ್ ಸುತ್ಲೂ ಗುಂಪ್‌ಕಟ್ಕೊಂಡು ಅವ್ರನ್ನ‌ ಹಿಂಸೆ ಮಾಡೋ ಫುಟ್ಬಾಲ್ ಆಟಗಾರ್ರೂಂದ್ರೆ ನಂಗೊಂಥರ ಹೇವರ್ಕೆ ಆಗತ್ತೆ.,Disgust
"ನಾನು ಒಂದ್ ಪ್ರಾಡಕ್ಟ್‌ನ ಇನ್ನೂ ಹೇಗ್‌ ಸುಧಾರಿಸ್ಬೋದು ಅಂತ ಸಲಹೆ ಕೊಟ್ಟಾಗ ಎಲ್ರೂ ಅದ್ನ ಒಪ್ಕೊಂಡು ಜಾರಿಗ್‌ ತಂದಿದ್ದು, ಆಮೇಲ್‌ ಅದು ಎಲ್ರಿಗೂ ಅಷ್ಟ್‌ ಇಷ್ಟ ಆಗಿದ್ನೋಡಿ ನಂಗ್‌ ತೃಪ್ತಿಯಾಯ್ತು.",Happiness
"ನಂಗೆ ಎಷ್ಟ್ ಕಹಿಯಾಗಿರೋ, ಕಟು ವಾಸ್ನೆ ಇರೋ ಔಷಧಿಗಳ್ನ ಕೊಟ್ಟಿದಾರೇಂದ್ರೆ ಆ ಬಾಟ್ಲಿಗಳ್ ಮುಚ್ಚುಳ ತೆಗ್ಯಕ್ಕೂ ಮನ್ಸಾಗಲ್ಲ ನಂಗೆ.",Disgust
ಈ ಫಿಟ್ನೆಸ್ ಟ್ರ್ಯಾಕರ್ ನನ್ ಹೃದಯದ್ ಬಡಿತನ  ಅದ್ಹೇಗ್‌ ಇಷ್ಟ್ ನಿಖರ್ವಾಗ್ ಹೇಳ್ಬಿಡತ್ತಲ! ಅಬ್ಬಬ್ಬಾ!,Surprise
"ಕೊನೆಗೂ ನನ್ ಎಲ್ಲಾ ನಿರೀಕ್ಷೆಗಳ್ಗೂ ಹೊಂದ್ಕೆ ಆಗೋ ಥರದ್‌ ಜಾಗ ಸಿಕ್ಕಿದೆ, ತುಂಬಾ ಸಂತೋಷ, ಸಮಾಧಾನ ಇದೆ ನಂಗದ್ರ್‌ ಬಗ್ಗೆ.",Happiness
"ನಾನು ಇವತ್ತ್ ರಾತ್ರಿ ಒಳ್ಗೆ ಈ ಕೆಲ್ಸನ  ಮುಗಿಸ್ದಿದ್ರೆ, ನಾಳೆ ಮೇಡಂ ನಂಗೆ ಬೈಬೋದು.",Fear
"ಶ್ರೀಹರಿಕೋಟಾದಿಂದ ಚಂದ್ರಯಾನ-‌ಮೂರನ್ನ ಹಾರ್ಸಿದ್ ನೋಡ್ದಾಗ ನಮಗ್ ಭಾಳ ಖುಷಿಯಾತು‌, ಅಭಿಮಾನ ಉಕ್ಕ್‌ಹರೀತು.",Happiness
ಬೇರೆ ಯಾರ್ಗಿಂತಲೂ ಚೆನ್ನಾಗಿ ವಾಹನಗಳ್ನ ಕ್ಲೀನ್ ಮಾಡ್ಕೊಡ್ತೀವಿ ನಾವು ಅನ್ನೋ ಬಗ್ಗೆ ಹೆಮ್ಮೆ ಇದೆ ನಮ್ಗೆ.,Happiness
"ಬೆಂಗ್ಳೂರ್‌ನ್ಯಾಗ್ ಭಾಳ ಮಂದಿ ಅಡ್ಯಾಡ ಹೊತ್ತನ್ಯಾಗ ಯಾಪರಿ ಟ್ರಾಫಿಕ್‌ ಆಗ್ತದ ಛೀ, ಛೀ, ಬ್ಯಾಡದು. ಅಂಥಾ ರೋಡಿನ್‌ ಮ್ಯಾಲ್‌ ಸಿಗಿಹಾಕ್ಕೋಳದಂದ್ರ ನಂಗ್ ಉಸರ್‌ಗಟ್ಟದ್ಹಂಗ ಆಗ್ತದ.",Disgust
"ಈ ಷೇರ್ ಮಾರುಕಟ್ಟೆಯಿಂದ ಶ್ರೀಮಂತ್ರಿಗೇ ಎಲ್ಲ ಒಳ್ಳೇದಾಗತ್ತೆ, ನಮ್ಮಂಥೋರ್ಗೆ ಯಾವಾಗ್ಲೂ ಬರೀ ಚೊಂಬೇ.. ಧತ್‌, ಸುಟ್ಬಿಡೋಷ್ಟ್‌ ಸಿಟ್ಟ್‌ ಬರತ್ತೆ ನಂಗೆ.",Anger
ನಮ್ ಶಾಶ್ವತ್ ಒಬ್ಬ ಪ್ರತಿಭಾವಂತ ವಿದ್ಯಾರ್ಥಿ! ಅವ್ನು ಅಖಿಲ ಭಾರತ ಎಂಜಿನಿಯರಿಂಗ್ ಪ್ರವೇಶ ಪರೀಕ್ಷೆಲಿ ಒಳ್ಳೆ ರ್ಯಾಂಕಿಂಗ್‌ ಪಡ್ದು ಉತ್ತೀರ್ಣ ಆಗಿದಾನೆ.,Happiness
ಆ ಮೆಕ್ಯಾನಿಕ್ಕು ನನ್ ಕಾರಿನ್‌ ಪಾರ್ಟ್ಸ್‌ನೆಲ್ಲ ಬದ್ಲಾಯ್ಸೋಕ್ಕಿಂತ ರಿಪೇರಿ ಮಾಡ್ತೀನಂತ ಹೇಳಿದ್ದು ನಂಗ್‌ ಪರಮಾಶ್ಚರ್ಯ ಆಯ್ತು! ದುಡ್ಡ್‌ ಹೇಗ್ ಸುಲ್ಯೋದಂತ್ಲೇ ನೋಡೋ ಈ ಕಾಲ್ದಲ್ಲಿ ಹೀಗಿರೋರೇ ಅಪ್ರೂಪ!,Surprise
ಕೆಲವ್  ಈವೆಂಟ್ ಮ್ಯಾನೇಜರ್ಗಳು  ಕಡ್ಮೆ ಅಥ್ವಾ ಯಾವ್ದೇ ರದ್ದತಿ ಮತ್ ಮರುಪಾವತಿ ಪಾಲಿಸಿಗಳಿಲ್ಲದೆ  ನಮ್ಮನ್ ಹೇಗ್  ಬಲೆಗೆ ಬೀಳಿಸ್ತಾರೆ ಅನ್ನೋದು ಅಸಹ್ಯ ಅನಿಸ್ಥಿದೆ.,Disgust
"ಸಂಜೆ ನ್ಯೂಯಾರ್ಕಲ್ಲೆಲ್ಲ ಸುತ್ತಾಡಿದ್ದು ನಂಗ್ ತುಂಬಾ ಖುಷಿ ಆಯ್ತು. ಈ ಸಿಟಿಲಿರೋ ಉತ್ಸಾಹ, ಶಕ್ತಿ ಎಲ್ಲರ್ಗೂ ಒಂಥರ ಸ್ಫೂರ್ತಿ ಕೊಡತ್ತೆ.",Happiness
ಆ ಆಟ ಚಿಕ್ಕ ಮಕ್ಳಿಗೋಸ್ಕರ ಇರೋದು. ಬೆಳ್ದ್‌ ಇಷ್ಟ್‌ ದೊಡ್ಡೋರಾಗಿರೋ ನಿಮ್ಮಂಥೋರು ಹೇಗಾದ್ರೂ ಆಡ್ತೀರೋ ಅದ್ನ?,Disgust
ಏನು? ಪ್ರಯತ್ನ ಪಡ್ಬೇಕಾ? ಇದಕ್ಕೆ ಪ್ರಯತ್ನಗಳ್ ಬೇಕಿಲ್ಲ; ಇದು ತೀರಾ ಮೂಲಭೂತ್ವಾದ್ ನಿರೀಕ್ಷೆ ಆಗಿರ್ಬೇಕು.,Disgust
ಭೂಮಿಯಿಂದ ಅತ್ಯಂತ ದೂರದಲ್ಲಿರೋ ನಕ್ಷತ್ರಪುಂಜಗಳ್ ಚಿತ್ರಗಳ್ನ ನೋಡ್ತಾ ಈ ಇಡೀ ಬ್ರಹ್ಮಾಂಡ ಆರಂಭ ಆಗಿದ್ದನ್ನ ಊಹಿಸ್ಕೊಳ್ಳೋದೂಂದ್ರೆ ನಂಗೇನೋ ಪುಳಕ!,Happiness
ನಂಗ್‌ ಬಡ್ತಿ ಕೊಡ್ದೇ ಇರೋ ಬಗ್ಗೆ ಲೀಡರ್ಷಿಪ್‌ ಟೀಮ್ನೋರು ಈಗ ಕೆಲ್ವ್‌ ವರ್ಷಗಳಿಂದ ಹೇಳ್ಕೊಂಡ್ ಬಂದಿರೋ ಥರನೇ ಏನೋ ಒಂದ್‌ ಕುಂಟ್‌ನೆಪ ಹೇಳ್‌ಕಳ್ಸುದ್ರು ಅಷ್ಟೇ.,Disgust
ಕತ್ತೆ ನನ್ಮಗ್ನೇ.. ಅವ್ನ್‌ ಸುತ್ತ ಯಾರೂ ಇಲ್ದಿದ್ದಾಗ ನೀನ್ ಅವ್ನಿಗೆ ಬಾಲ್‌ ಪಾಸ್‌ ಮಾಡ್ಬೇಕಿತ್ತು. ಮೈದಾನ್ದಲ್ಲಿ ಏನ್‌ ಯೋಚ್ನೆ ಮಾಡ್ಕೊಂಡ್‌ ನಿಂತಿದ್ದೆ?,Anger
ಹೆಚ್ಚಿನ್  ಪ್ರತಿಭೆನ್  ತರಲು ನೇಮಕಾತಿ ಪ್ರಯತ್ನಕ್ಕೆ  ಸೇರೋ ತಂತ್ರಜ್ಞಾನ ಉದ್ಯೋಗಿಯ ನಿರ್ಧಾರನ್  ನಿಜ್ವಾಗ್ಲೂ  ಪ್ರಶಂಸಿಸಲಾಯ್ತು.,Happiness
"ಆ ಆಟಗಾರಂದಂತೂ ಬರೀ ಡೌಲು ಬಿಡು, ಏನ್‌ ದುರಹಂಕಾರ ಅಂತೀಯ ಅವ್ನಿಗೆ! ನಂಗಂತೂ ಅವ್ನ್‌ ಮುಖ ಕಂಡ್ರೇನೇ ಆಗಲ್ಲ.",Disgust
ಶ್ಶೀ.. ಆ ಮಗುವಿನ್‌ ತಂದೆತಾಯಿ ವಿಮಾನ್ದಲ್ಲಿ ಮಗುದ್ ಡಯಾಪರ್ ತೆಗ್ದು ಗ್ಯಾಲಿಲೇ ಸುಸ್ಸೂ ಮಾಡ್ಸ್‌ಬಿಟ್ರು.,Disgust
"ನೀವ್ ಯಾವಾಗ್ಲೂ ಯಾಕ್ ನನ್ನೇ ಬೈತಾ ಇರ್ತೀರಿ, ಆದ್ರೆ ಅನಘಾಗ್‌ ಮಾತ್ರ ಯಾವತ್ತೂ ಬೈಯ್ಯೋದೇ ಇಲ್ಲ?",Sadness
ನನ್ ಇಷ್ಟದ್  ಪುಸ್ತಕ  ಲೂಯಿಸ್ ಎಲ್'ಅಮೌರ್ ಸಂಗ್ರಹವನ್ ಬಿಟ್ಟು ಅದನ್ ಸೆಕೆಂಡ್ ಹ್ಯಾಂಡ್ ಪುಸ್ತಕ್  ಮಾರೋನಿಗೆ  ಮಾರಾಟ ಮಾಡ್ಬೇಕಾಗಿ ಬಂದಾಗ ನಂಗ್  ಬೇಜಾರಾಯ್ತು.,Sadness
ಆ ಟಿ.ವಿ. ಕಾರ್ಯಕ್ರಮನ ಎಷ್ಟ್‌ ಕೆಟ್ದಾಗ್ ಎಡಿಟ್‌ ಮಾಡಿದ್ರು ಅಂದ್ರೆ ಅದ್ರ್‌ ತಲೆಬುಡ ಏನೂಂತ್ಲೇ ಅರ್ಥಾಗ್ದೇ ಎಲ್ಲ ಬರೀ ಗೋಜಲಾಗಿತ್ತು.,Disgust
"ಕೆಲ್ಸ್‌ ಮಾಡೋದು ನಂಗೊಂದ್ ಸಮಸ್ಯೆನೆ ಅಲ್ಲ, ಆದ್ರೆ ಆ ಹೊಲಗಳಲ್ಲಿ ಗಂಟೆಗಟ್ಲೆ ಬೆನ್ನ್‌ ಬಗ್ಗಿಸ್ಕೊಂಡು, ಆ ಕೆಟ್ಟ್ ಬಿಸ್ಲು, ಸುಸ್ತನ್ನೆಲ್ಲ ಸಹಿಸ್ಕೊಳೋದಿದ್ಯಲ್ಲ, ಅದ್ಮಾತ್ರ ನನ್ಕೈಲಾಗಲ್ಲಪ್ಪ.",Disgust
ಒನ್-ಪ್ಲಸ್ ಟಿವಿ ಆಕಸ್ಮಿಕ ಹಾನಿಗೆ  ಕೂಡ ವಾರಂಟಿನ ಕೊಡ್ತಾರೆ ಅಂತ  ನಾನ್  ಅನ್ಕೊಂಡಿರ್ಲಿಲ್ಲ.,Surprise
ಯು.ಪಿ.ಐ. ಬಂದಾಗಿಂದ ನಾನ್ ಎಲ್ಲಿಗೂ ನನ್ ವ್ಯಾಲೆಟ್ ತಗೊಂಡ್‌ ಹೋಗೋ ಪ್ರಮೇಯನೇ ಇಲ್ಲ. ನನ್ ಫೋನಿಂದ್ಲೇ ಯಾವಾಗ್ ಬೇಕಾದ್ರೂ ಎಲ್ಲ್ ಬೇಕಿದ್ರೂ ಯಾರ್ಗೇ ಆದ್ರೂ ದುಡ್ಡ್ ಕೊಡ್ಬಹುದು ನಾನು.,Happiness
"ನಾನು ಪುಸ್ತಕದ್ ಬಗ್ಗೆ ವಿಚಾರ್ಸೋಕಂತ ಇಲ್ಲಿಗ್ಬಂದೆ, ಆದ್ರೆ ಇಲ್ಲಿ ಈ ಅಂಗ್ಡಿಲಿ ಇಷ್ಟ್ ಅವ್ಯವಸ್ಥೆ, ಗಲೀಜಾಗಿರೋದ್ ನೋಡಿ‌ ನಂಗ್‌ ಬೇಗ ಇಲ್ಲಿಂದ ಓಡ್‌ ಹೋಗ್ಬಿಡಣ ಅನ್ಸ್ತಿದೆ.",Disgust
"ಆ ಸ್ಟಾರ್ಟಪ್ ಬಗ್ಗೆ ಯಾರ್ಗೂ ಗೊತ್ತೇ ಇರ್ಲಿಲ್ಲ, ಅಂಥಾದ್ರಲ್ಲಿ ಅದೆಷ್ಟ್‌ ಬೇಗ ಕೋಟ್ಕೋಟಿ ಬೆಲೆಬಾಳೋ ಕಂಪ್ನಿಯಾಗ್ ಬೆಳೆದ್ಬಿಟಿದೆ ಅಂತ ಆಶ್ಚರ್ಯ ಆಗತ್ತೆ.",Surprise
ಕೊನೇ ಕ್ಷಣದಲ್ಲಿ ಟಿಕೆಟ್ ರದ್ದು ಮಾಡೋದಕ್ಕೆ ನಂಗ್ ಸಹಾಯ ಮಾಡಿದ್ದಕ್ಕೋಸ್ಕರ ತುಂಬಾ ಧನ್ಯವಾದ ಆಫೀಸರ್!‌ ನಿಮ್ಮಲ್ಲಿರೋ ರದ್ದತಿ ಮತ್ತೆ ಮರುಪಾವತಿ ನೀತಿಗಳು ಭಾಳ ಸೂಕ್ತವಾಗಿವೆ.,Happiness
"ಬ್ರಸೆಲ್ಸ್ನಲ್ಲಿ ಸ್ಟ್ರೀಟ್‌ ಆರ್ಟ್ ಬಿಡ್ಸೋರು ಎಷ್ಟೆಲ್ಲ ಒಳ್ಳೊಳ್ಳೆ ಬಣ್ಣಗಳ್ನ ಬಳ್ಸಿ ರಸ್ತೆನ ಚೆಂದಗಾಣ್ಸಿರ್ತಾರೆ, ನೋಡಕ್ಕೆಷ್ಟ್ ಮುದ ಕೊಡತ್ತದು ಮನ್ಸಿಗೆ.",Happiness
"ನಮ್ ನ್ಯಾಯಾಲಯಗಳು ಪ್ರಕರಣಗಳ್ನ ಬಗೆಹರ್ಸೋಕೆ ವರ್ಷಾನ್‌ಗಟ್ಲೆ ಎಳ್ದಾಡ್ತವಲ, ಜನಕ್ಕೇನ್‌ ಕೋರ್ಟಿಗಲ್ಯೋದ್‌ ಬಿಟ್ರೆ ಮಾಡಕ್‌ ಬೇರೆ ಕೆಲ್ಸ ಇಲ್ಲ ಅನ್ಕೊಂಡಿದೀರ?!",Anger
ಬ್ಲೇಡ್‌ನ ಬಳಸ್ಬೇಡಿ. ಅದು ನನ್ ಚರ್ಮನ ಕತ್ತರಿಸ್ಬೋದು.,Fear
"ಜಾಹೀರಾತಲ್ಲೇ ಒಂದ್‌ ಬೆಲೆ ಹೇಳಿ, ಅಂಗ್ಡಿಗ್‌ ಬಂದ್ರೆ ಇನ್ನೊಂದ್‌ ಹೇಳ್ತೀರಲ್ರೀ! ಜನಕ್‌ ಟೋಪಿ ಹಾಕಕ್ಕೆ ಏನೆಲ್ಲ ಚಾಲಾಕಿ ಮಾಡ್ತೀರ, ಆದ್ರೆ ಇಲ್ಯಾರೂ ಅಷ್ಟ್‌ ದಡ್ರಿಲ್ಲ, ತಿಳ್ಕೊಳಿ.",Anger
"ಓಹ್, ನಾನದನ್ನ ನಿರೀಕ್ಷಿಸಿರ್ಲಿಲ್ಲ. ನಾವ್ ಮನೇಲಿ ಅಂಥ ನಡವಳಿಕೆನ ಗಮನ್ಸಿಲ್ಲ.",Surprise
"ನಿಮ್ಗಿದ್ ಗೊಂದಲ, ಪ್ರಶ್ನೆಗಳ್ನ ನನ್‌ ಹತ್ರ ಮೊದ್ಲೇ ಕೇಳಿ ಬಗೆಹರಿಸ್ಕೊಳದ್‌ ಬಿಟ್ಟು ಈಗ್‌ ಈ ಥರ ಪ್ರಾಜೆಕ್ಟ್‌ನೆಲ್ಲ ಗಬ್ಬೆಬ್ಸಿದೀರಲ್ರೀ! ಯಾರ್‌ ಸರಿ ಮಾಡ್ತಾರೆ ಇದ್ನೆಲ್ಲ ಈಗ?!",Anger
"ಸಿನ್ಮಾಕ್ಕೆ ಆಡಿಷನ್ ಆದ್ಮೇಲೆ ಕಾಸ್ಟಿಂಗ್ ನಿರ್ದೇಶಕ್ರು ನಂಗ್ ಥಮ್ಸಪ್ ಮಾಡಿ, ಮೆಚ್ಕೊಂಡು ಮುಗುಳ್ನಕ್ದಾಗ ನಂಗ್‌ ಸ್ವರ್ಗಕ್‌ ಮೂರೇ ಗೇಣು ಅನ್ಸ್‌ಬಿಡ್ತು.",Happiness
ಈ ಕೇಕ್‌ಗೆ ನಿಜ್ವಾಗ್ಲೂ ಎಷ್ಟ್‌ ದುಡ್ಡಾಗತ್ತೋ ಅದ್ಕಿಂತ ಒಂದ್‌ ಪೈಸೆನೂ ಜಾಸ್ತಿ ಕೊಡಲ್ಲ ನಾನು! ನೆನ್ಪಿರ್ಲಿ ಅದು!,Anger
ಆ ತಿಂಡಿನ ತಿನ್ನೋ ಮಾತ್‌ ಹಾಗಿರ್ಲಿ ಸದ್ಯ ನಂಗದ್ನ ಕಣ್ಣಲ್ಲಿ ನೋಡಕ್ಕೂ ಆಗ್ತಿಲ್ಲ.. ಅಷ್ಟ್‌ ಕೆಟ್ದಾಗಿದೆ ಅದು.,Disgust
ಕೊಲ್ಕತ್ತಾದಲ್ಲಿ ಬಸ್‌ಗಳ್ ಸ್ಥಿತಿ ತುಂಬಾನೇ ಕೆಟ್ದಾಗಿದೆ! ಅದೆಷ್ಟ್‌ ಸರ್ತಿ ಕೆಟ್‌ ನಿಂತ್ಕೋತಾವೆ ಅಂದ್ರೆ ಅದ್ರಲ್ಲ್ ಹೋಗ್ತಿರೋರು ಅರ್ಧ ದಾರಿಲಿ  ಅತಂತ್ರ ಆಗ್ಬಿಡೋ ಹಾಗಾಗತ್ತೆ.,Disgust
ನನ್ ಸ್ನೇಹಿತರೊಬ್ರು ತನ್ಗೆ ಗೊತ್ತಿಲ್ಲದ್  ಜನರೊಂದ್ಗೆ  ಅಷ್ಟ್  ಸಲೀಸಾಗಿ ಹೊಂದಿಕೊಳ್ಳೋದನ್ ಕಂಡ್  ನಂಗ್   ಆಶ್ಚರ್ಯ ಆಯ್ತು.,Surprise
"ಏ ಈ ಫ್ರಿಜ್ಜನ್ಯಾಗಿಂದ್‌ ಜೋರ್‌ ಜೋರ್‌ ಎಂಥಾವೊ ಸಪ್ಪಳಾ ಬರ್ತಾವಲಾ ಕೇಳಿದ್ರ ಹೊಟ್ಯಾಗ್‌ ರುಂ ಅಂತದ, ಏನೋ ದೊಡ್‌ ತಪ್ಪಾಗ್ಯಾದ ಅನ್ಸ್ತದ.",Fear
ಹೂಡಿಕೆ ಹಗರಣಗಳ್ಗೆ ಬಲಿಪಶು ಆಗ್ತಿರೋ ಜನ್ರ ಸಂಖ್ಯೆ ನೋಡೇ ನಂಗ್‌ ಆಘಾತ ಆಯ್ತು.,Surprise
"ನನ್ ಗೆಳೆಯ ಎಲ್ಲದ್ರಲ್ಲೂ ಅವ್ನಿಗೊಂದ್ ನ್ಯಾಯ  ಬೇರೇವ್ರಿಗೇ ಒಂದ್‌ ನ್ಯಾಯದ್‌ ಥರ ಆಡ್ತಾನೆ, ನಂಗ್‌ ಅದ್‌ ರೇಗ್ಹೋಗತ್ತೆ.",Anger
ನಿಮ್ ಹತಾಶೆ ನಂಗ್ ಚೆನ್ನಾಗ್‌ ಅರ್ಥಾಗತ್ತೆ. ಯಾರ್ಗೇ ಆದ್ರೂ ತಮ್ ಕಾರಿನ್ಮೇಲೆ ಹೀಗೆ ಅಸಹ್ಯವಾಗ್ ಕಾಣ್ತಿರೋ ಉಜ್ಜಿರೋ ಗುರ್ತನ್ನ ನೋಡಿ ಸಹಿಸ್ಕೊಳೋಕೆ ಸ್ವಲ್ಪ ಕಷ್ಟ ಆಗತ್ತೆ.,Disgust
"ಅವ್ರ್ ಏನ್‌ ಮಾಡ್ಬಿಡ್ತಾರೋ ಅಂತ ನಂಗ್ ನಿಜ್ವಾಗ್ಲೂ ಆತಂಕ, ಚಿಂತೆ ಕಾಡ್ತಿದೆ.",Fear
ನಾನ್ ಅನುಭವಿಸ್ತಿರೋ ಈ ನೋವಿನ್‌ ಬಗ್ಗೆನೇ ತುಂಬಾ ಚಿಂತೆ ಆಗೋಗಿದೆ ನಂಗೆ. ಗಂಭೀರ್‌ವಾದ್ದೇನಾದ್ರೂ ಆಗಿದ್ಯೋ ಏನ್ಕಥೆನೋ!,Fear
ನಮ್ ಬಿಸನಸ್ಸಿಗಿ ಬೇಕಾಗಿರ ರೊಕ್ಕಾ ಬರ್ತಲೇ ಇರಹಂಗ ಮಾಡಿರ ‌ಈ ನಮ್‌ ಹಣಕಾಸ್  ವ್ಯವಸ್ಥಾ ನಂಗ್ ಭಾಳ ಹಿಡಸ್ಯಾದ.,Happiness
ಏನ್ರಿ ಇದ್‌ ಗಿಗ್‌ ಎಕೊನಮಿ ಅಂತಲಾ ನೌಕ್ರಿಗಳಿಗ್‌ ಭಾರೀ ಜಲ್ದಿ ಬದ್ಲಾಸ್ಲಿಕತ್ತದ.. ಆಶ್ಚರ್ಯ್‌ ಆಕ್ಕೈತಿ.,Surprise
"ಶ್ರೀಮಂತ ಮಧ್ಯವರ್ತಿಗಳು ರೈತ್ರನ್ನ ಶೋಷ್ಣೆ ಮಾಡ್ತಾ ಇದ್ರೆ ಸದುದ್ದೇಶ ಇಟ್ಕೊಂಡಿರೋ ಭಾರತೀಯ್ರು ಗೊತ್ತಾಗ್ದೇ ‌ಅಂಥವ್ರನ್ನ ಬೆಂಬಲಿಸ್ತಾ ಇದಾರೆ, ಏನ್ಹೇಳೋದು ಇದಕ್ಕೆ?!",Disgust
ಈ ಸಿನಿಮಾ ಟಾಕೀಸ್‌ದವ್ರು ವಯಸ್ಸಾದವ್ರಿಗಿ ಏನ್‌ ಬೇಕು ಏನ್‌ ಬ್ಯಾಡಂತ ಲಕ್ಷೇ ಕೊಡಲ್ಲ.,Anger
ಅವ್ನು ಪ್ರತೀ ಸಲ ಬೌಲ್ ಮಾಡ್ವಾಗ್ಲೂ ಯಾಕ್‌ ಹಾಗ್ ಚೆಂಡನ್ನ ನೆಕ್ತಾನೆ?!,Disgust
ಅಡ್ಗೆಮನೆಲಿ ಜಿರಳೆಗಳ್ನ ನೋಡಿ ನೋಡಿ ನಂಗಂತೂ ಸಾಕಾಗ್ ಹೋಗಿದೆ..ಅದೆಷ್ಟ್ ಅಸಹ್ಯನಪ ಅವಂತೂ.,Disgust
ಗೊಬ್ರ ಮತ್ತೆ ರಾಶಿ ಹುಳಗಳಿಂದ ಇಡೀ ತಾರಸಿಗಬ್ಬು ನಾತ ಹೊಡೀತಿದೆ.,Disgust
"ಎಷ್ಟ್‌ ಆಸಿ ಹತ್ತಿ ಐಸ್‌ ಕ್ರೀಂ ಕೋನ್‌ ತೊಗೊಂಡಿದ್ದೆ, ಕೈ ಜಾರಿ ಮಣ್ಣಾಗೇ ಬಿದ್ಬಿಡ್ತ.",Sadness
ನೀವು ನಿಮ್ಮಾತಿನ್‌ ಪ್ರಕಾರ ನಡ್ಕೊಂಡ್ರೆ ಸರಿ. ನಾನ್‌ ಹೇಳಿದ್‌ ಸೈಜಿ಼ಗಿಂತ ಸ್ವಲ್ಪ ಆಚೀಚೆ ಆಗಿದ್ರೂ ನಾನ್‌ ಆ ಕೇಕ್‌ನ ಸುತರಾಂ ತಗೊಳಲ್ಲ.,Anger
"ಆ ಅಂಗ್ಡಿಯವ್ರು ಹಳೇದಾಗಿರೋ, ಹಾಳಾಗಿರೋ ತಿಂಡಿನೆಲ್ಲ ಮಾರ್ತಾರೆ, ಅದ್ಕೇ ನಾನಂತೂ ಅಲ್ಲ್ ಏನೂ ಕೊಂಡ್ಕೊಳಲ್ಲಪ್ಪ.",Fear
ಕೊಡಾಕ್ ಕಂಪ್ನಿ ದಿವಾಳಿ ಎದ್ದ್‌ಹೋದ್ಮೇಲೆ ಅವ್ರ ಕೊನೇ ಅಂಗ್ಡಿ ಬಾಗ್ಲು ಮುಚ್ಚೋದ್‌ ನೋಡಿ ನಂಗ್‌ ತುಂಬಾನೇ ಬೇಜಾರಾಯ್ತು.,Sadness
ಗುಡಿಗ್‌ ಹೋಗ್‌ ಬಂದ್‌ ಮ್ಯಾಲ ಖರೇನೇ ಭಾಳ ತೃಪ್ತ್ಯಾಗ್ಯಾದ.,Happiness
ಇಂಡೋನೇಷ್ಯಾದ್ ಎಕ್ಸ್‌ಚೇಂಜ್‌ ರೇಟಲ್ಲಿ ನಂಗ್ ಒಂದ್ರೂಪಾಯ್ ಬದ್ಲಿಗೆ ಸಾಕಷ್ಟ್‌ ಆ ದೇಶದ್‌ ಕರೆನ್ಸಿ ಸಿಗುತ್ತೆ ಅನ್ನೋದೇ ದೊಡ್ಡ್ ಖುಷಿ ನಂಗೆ.,Happiness
ಆದಾಯ ತೆರಿಗೆ ಅಧಿಕಾರಿಗಳು ಈ ಹಿಂದೆ‌ ತಾವ್ ಹೇಳಿದ್‌ ಥರ ನಂಗ್ ರೀಫಂಡ್ ಕೊಡೋ ಬದ್ಲು ನಾನೇ ಹೆಚ್ಚುವರಿ ತೆರಿಗೆ ಹಣ ಕಟ್ಬೇಕೂಂತ ಹೇಳ್ತಿದಾರೆ ಈಗ.. ಇದೇನ್‌ ಹಗಲ್‌ ದರೋಡೆ ಇವ್ರದ್ದು!,Anger
"ನಾ ಏನ್‌ ನಿಮ್ಗ್‌ ಪೂರಾ ಬ್ಯಾಂಕ್‌ ಖಾತಾ ಖಾಲಿ ಮಾಡ್ತೀನಂತ ಹೇಳಿನೇನ, ಒಂದ್‌ ಸಣ್ದು ಬದ್ಲಾಸ್ಕೊಡ್ರಿ ಅಂದಿನಿ! ಅತೀ ಆತ್ ಇದು.",Anger
ಅಲ್ಲಾ ಛಾ‌ಪುಡಿ ಡಬ್ಬಿಗಿ ಇಷ್ಟ್‌ ಸಿಂಗಾರ ಮಾಡಿ ಭಾರಿ ಗಿಫ್ಟ್‌ ಅನ್ನಂಗ ಮಾಡ್ಬೌದು ಅಂತ ನಂಗ ಯಂದೂ ಹೊಳದಿರ್ಲಿಲ್ಲ ಬಿಡು.,Surprise
ಚೆನ್ನೈಲಿ ಹೆಚ್ಚಿನ್ ಬಿಲ್ಡರ್ಗಳ್ಗೆ ಪರಿಸರದ್ ಬಗ್ಗೆಯಾಗ್ಲಿ ಅಥ್ವಾ ಮುಂದಿನ್ ಪೀಳ್ಗೆಯೋರ್ ಭವಿಷ್ಯದ್ ಬಗ್ಗೆಯಾಗ್ಲಿ ಸ್ವಲ್ಪನಾದ್ರೂ ಕಾಳ್ಜಿ ಇದ್ದಂಗಿಲ್ಲ.,Disgust
"ಈ ಗ್ರೂಪ್‌ ಪ್ರಾಜೆಕ್ಟ್‌ಗಳಂದ್ರೆ ನಂಗಂತೂ ಅಷ್ಟಕ್ಕಷ್ಟೇ; ಅದ್ರಲ್ಲಿ ಯಾವಾಗ್ಲೂ ನಾನೇ ಎಲ್ಲಾ ಕೆಲ್ಸ ಮಾಡೋಹಾಗ್‌ ಆಗ್ಬಿಡತ್ತೆ, ಬಾಕಿಯೋರೆಲ್ಲ ಆರಾಮಾಗ್ ಮಜಾ ಮಾಡ್ಕೊಂಡಿರ್ತಾರೆ.",Disgust
ಡೆಲ್ಲಿಲಿ ರೋಡ್ ರೇಜ್ ಘಟನೆಗಳು ಹೆಚ್ಚಾಗ್ತಿರೋದ್‌ ನೋಡ್ತಿದ್ರೆ ಅಲ್ಲಿಗ್‌ ಹೋಗಕ್ಕೇ ಭಯ ಆಗತ್ತೆ.,Fear
"ಕಳ್ದ್‌ ಸಲ ಕ್ಲೀನಿಂಗ್ ಮಾಡ್ದಾಗ ಕೆಲ್ವು ಜಾಗಗಳ್ ಬಿಟ್ಹೋಗಿದ್ರ್ ಬಗ್ಗೆ ಕ್ಲೈಂಟ್ ಕಡೆಯಿಂದ ನೆಗೆಟಿವ್‌ ಫೀಡ್‌ಬ್ಯಾಕ್‌ ಬಂದಿತ್ತು. ಈ ಸಲ ಹಾಗಾಗ್ದೇ ಇರೋ ಥರ ನೋಡ್ಕೊಬೇಕು, ಅವ್ರಿಗ್ ತೃಪ್ತಿಯಾಗೋ ಹಾಗ್‌ ಕೆಲ್ಸ ಮಾಡ್ಬೇಕು, ಇದು ನಮ್‌ ರೆಪ್ಯುಟೇಷನ್‌ ಪ್ರಶ್ನೆ.",Fear
ನಮ್ಮಲ್ಲಿಗ್ ಬಂದ್ಹೋದ್ ಒಂದ್ ದಿನದೊಳ್ಗೇ ಗ್ರಾಹಕ್ರೊಬ್ರು ತಮ್ ಕುಟುಂಬ್ದೋರ್ನ ನಮ್ ಅಂಗ್ಡಿಗ್ ಹೋಗಿ ಅಂತ ಹೇಳ್ಕಳ್ಸಿದ್ರು.,Happiness
"ಪ್ರಪಂಚ್ದಲ್ಲಿ ದಿನನಿತ್ಯ ನಡೀತಿರೋ ಘಟನೆಗಳು ಇತ್ತೀಚ್ಗೆ ತುಂಬಾ ಧೈರ್ಯಗೆಡೋ ಹಾಗ್‌ ಮಾಡಿವೆ, ನಂಗ್‌ ಅಂಥ ಸುದ್ದಿಗಳ್ನ ಓದೋದೇ ಬೇಡ ಅನ್ಸತ್ತೆ.",Sadness
"ಏನ್ರಿ ನಾ ನನ್‌ ಬಜೆಟ್‌ ಹೇಳಿದ್ರೂ ನೀವ್‌ ಇಂಥಾ ತುಟ್ಟಿ ವಜ್ರದ್‌ ಹರಳ್‌ ತೋರಸ್ಲಕತ್ತಿರಿ, ನಾ ಮ್ಯಾಲಿಂದ್‌ ಉದರಿನಿ ಅಂತ ಅನ್ಕೊಂಡಿರೇನ್?",Anger
"ಇಲ್ಲೇ ಹತ್ರದಲ್ಲಿರೋ ಸೈಕಲ್ ಅಂಗ್ಡಿಲಿ ನನ್ ಬಜೆಟ್ಟೊಳ್ಗೇ ಸಿಗೋಂಥ ಬೈಕ್‌ಗಳ್ನ ನೋಡ್ದೆ, ನಾಳೆನೇ ಒಂದ್‌ ಸೈಕಲ್‌ ತಗೊಂಡ್ಬಿಡ್ತೀನಿ!",Happiness
"ಅಷ್ಟ್‌ ದೊಡ್ಡ್ ಪುಸ್ತಕದಂಗ್ಡಿಲೂ ""ಕೌಂಟ್ ಆಫ್ ಮಾಂಟೆ ಕ್ರಿಸ್ಟೋ"" ಪುಸ್ತಕದ್ದು ಪೂರ್ಣಪಾಠ ಇರೋ ಆವೃತ್ತಿ ಸಿಗ್ಲೇ ಇಲ್ಲ ನಂಗೆ.",Sadness
ಛೇ! ನಾವ್ ಈ ಮುರ್ದ್‌ಹೋಗಿರೋ ಹಲಗೆಗಳ್ನ ಬಳ್ಸ್‌ಕೊಂಡ್ ಕೆಲ್ಸ ಮಾಡ್ಬೇಕು ಅಂತ ಅವ್ರ್‌ ಅದ್ಹೇಗ್ ನಿರೀಕ್ಷಿಸ್ತಾರೆ!,Disgust
"ಹೊಸ ಆರೋಗ್ಯ ಕೇಂದ್ರನ ನೋಡ್ಕೊಂಡ್‌ ಬರೋಕ್‌ ಹೋಗಿದ್ದೆ. ಎಲ್ಲ ಸೌಲಭ್ಯಗಳೂ ಇವೆ ಅಲ್ಲಿ, ತುಂಬಾ ಕ್ಲೀನಾಗೂ ಇಟ್ಕೊಂಡಿದಾರೆ.",Happiness
ನಾನ್ ನನ್ನ ಕುಟುಂಬಕ್ಕೋಸ್ಕರ   ಇರೋ ಬಾಡ್ಗೆ  ಮನೆ ಅಕ್ ಪಕ್ಕ  ಸುರಕ್ಷಿತ ಮತ್ ಭದ್ರವಾಗಿದೆ ಅಂತ್ ಆಂದಕೊಳ್ತೇನೆ.,Fear
ಬ್ರೋಕರ್ ತೋರ್ಸಿದ್ ಈ ಮನೆಲಿ ಬಿಲ್ಟ್-ಇನ್ ಹೋಮ್ ಥಿಯೇಟರ್ ಇದೆ ಅಂದ್ರೆ ನಂಗ್‌ ನಂಬಕ್ಕೇ ಆಗ್ತಿಲ್ಲ. ಬೊಂಬಾಟಾಯ್ತಿದು!,Surprise
ಈ ಆನ್ಲೈನ್ ಕ್ರೌಡ್‌ಫಂಡಿಂಗ್ ಅಭಿಯಾನ್ಗಳು ಅದೆಷ್ಟ್‌ ಬೇಗ ತಮ್ಗ್‌ ಬೇಕಾಗಿರೋಷ್ಟ್‌ ಹಣನ ಸಂಗ್ರಹ ಮಾಡ್ಕೊಂಡ್ಬಿಡತ್ವೆ ಅಂದ್ರೆ ಅದೇನಷ್ಟ್‌ ಸುಲ್ಭನಾ ಅಂತ ಆಶ್ಚರ್ಯ ಆಗತ್ತಪ.,Surprise
ಹಡಗಲ್ಲಿ ನಮ್ ಕ್ಯಾಬಿನ್‌ಗೋಸ್ಕರ ಅವ್ರು ನಮ್ಹತ್ರ ಅಷ್ಟೊಂದ್‌ ದುಡ್ಡ್‌ ತಗೊತಿದಾರೆ ಅಂತ ಗೊತ್ತಾಗಿ ನಂಗೆ ಆ ಕ್ರೂಸ್ ಕಂಪನಿ ಅಧಿಕಾರಿಗಳ್ಮೇಲೆ ರೇಗ್ಹೋಯ್ತು.,Anger
ನಂಗಿಷ್ಟವಾದ್ ಐಜೋ಼ಡ್ ಟಿ-ಷರ್ಟ್‌ಗೋಸ್ಕರ ನಾನ್ ನಿನ್ನೆ ಚೆನ್ನೈಲಿ ಇರೋಬರೋ ಅಂಗ್ಡಿಲೆಲ್ಲ ಹುಡ್ಕುದ್ರೂ ಅದ್‌ ಎಲ್ಲೂ ಸಿಗ್ಲೇ ಇಲ್ಲ.,Sadness
ನನ್ ಇ-ಕಾಮರ್ಸ್ ವ್ಯವಹಾರದಲ್ಲಾಗ್ತಿರೋ ಮಾರಾಟಗಳು ಎಲ್ಲ ದಾಖ್ಲೆಗಳ್ನೂ ಹಿಂದಿಕ್ತಾ ಇವೆ.,Happiness
ನಾನಂತೂ ಈ ಆಟ ಆಡೋಲ್ಲಪ್ಪ. ಈ ಬೋರ್ಡ್ ಗೇಮ್ ಆಡಿದ್ ಕೊನೇ ವ್ಯಕ್ತಿ ಈಗ ಜೀವಂತ್ವಾಗ್‌ ಉಳ್ದಿಲ್ಲ.,Fear
"ನಾನು ನನ್ ಕ್ರೆಡಿಟ್ ಕಾರ್ಡ್ ಬಿಲ್ ಕಟ್ಟೋಕ್ ಪ್ರಯತ್ನಿಸ್ದೆ, ಆದ್ರೆ ಬ್ಯಾಂಕ್ ಸರ್ವರಲ್ಲೇ ಏನೋ ಸಮಸ್ಯೆ ಇತ್ತು ಅಂತ ನಾನ್ ಈಗಾಗ್ಲೇ ಹತ್ತ್‌ ಸಲ ಹೇಳಾಯ್ತು ನಿಮ್ಗೆ. ನನ್ ತಪ್ಪಲ್ಲ ಅದು!",Anger
ನಂಗ್ ಸಪೋರ್ಟ್‌ ಮಾಡು ಅಂದಿದ್ದೆ ತಾನೇ ‌ನಿಂಗೆ! ನಿನ್ನಿಂದಾಗಿ ನಾನ್ ಆಟ್ದಲ್ ಸೋಲೋ ಹಾಗಾಯ್ತು‌ ನೋಡು!,Anger
ಬೇರೆಯವ್ರ್‌ ಮೇಲೆ ಸೀನೋದನ್ನ ನಿಲ್ಸು ಅಥರ್ವ. ದಯ್ವಿಟ್ಟು ನಿನ್ ಬಾಯನ್ನ ಸರ್ಯಾಗ್ ಮುಚ್ಕೋ. ಎಷ್ಟ್‌ ಅಸಹ್ಯ ಇದು!,Disgust
"ಆರೋಗ್ಯ ಕೇಂದ್ರದ್  ಬಿಲ್ ನಿಂದ್  ನಂಗ್ ಕಿರ್ಕಿರಿ ಆಯ್ತು ಯಾಕಂದ್ರೆ ಅವ್ರು ವಿಮೆನ ತಗೋಳಲ್ಲ ಅಂತೆ, ಮತ್ ಅದನ್ ನಂಗ್ ಮೊದ್ಲು  ಹೇಳೇ ಇಲ್ಲ.",Anger
ನನ್ ಅಮ್ಮನ ಬೆರಳಿನ್  ನೊವನ್ ಯಾವ್  ವೈದ್ಯರಿಗು ಪರಿಹಾರ ಮಾಡಕ್  ಆಗಿಲ್ಲಾಂತ  ನಂಗ್  ಬೇಸ್ರ ಆಯ್ತು.,Sadness
ಆ ವ್ಯಕ್ತಿ ಸ್ನಾನನೂ ಮಾಡ್ದೆ ಕಾರ್ಯಕ್ರಮ ಕೊಡ್ಲಿಕ್ಕೆ ವೇದಿಕೆ ಮೇಲೆ ಹೋದ. ಎಂಥ ಜನ ಮಾರ್ರೆ!,Disgust
"ಕಾರ್ತೀಕ್! ವಾಪಸ್‌ ಹೋಗಿ ಸಾಲಲ್ಲಿ ಸರ್ಯಾಗ್‌ ನಿಂತ್ಕೋ, ಮಾತಾಡೋದ್‌ ನಿಲ್ಸು ಮೊದ್ಲು.",Anger
ಆ ನಟ ತನ್ ಆಡಿಷನ್‌ನ ಮುಗಿಸ್ತಿದ್ಹಾಗೇ  ನಿರ್ದೇಶಕ್ರು ಮುಖ ತಿರುವಿದ್ರು ಅನ್ಸ್ತು ನಂಗೆ.,Disgust
"ನಸಿಕ್‌ನ್ಯಾಗ್‌ ನಾಕೂವರಿಗ್‌ ಎದ್ರ ವಾತಾವರಣ ಎಷ್ಟ ಶಾಂತಿರ್ತದ, ಅದ್ರ್ಲಿಂ‌ದ ನಂಗ್ ಇಡೀ‌ ದಿವ್ಸ ಹಿತಾ ಅನಸ್ತದ.",Happiness
ಹೀಗಾ ನೀವ್ ನಿಮ್ ಮಕ್ಳನ್ ಬೆಳ್ಸಿರೋದು? ಇದೇನಾ ನಿಮ್‌ ಸಂಸ್ಕಾರ?! ಅವ್ರಿಗೆ ಪ್ರಶ್ನೆ ಕೇಳ್ದಾಗ್ಲೆಲ್ಲಾ ಜೋರಾಗಿ ನಂಗೇ ಎದ್ರು ಮಾತಾಡ್ತಾರೆ ಅವ್ರು.,Anger
ಕಂಪನಿದಾಗ ಹಗಲೆಮುಗಲೆ ಬಜೆಟ್‌ ಕಟ್‌ ಮಾಡ್ಲಿಕತ್ತಾರ ಹಿಂಗಾಗಿ ಯಾರಿಗ್ನೂ ಕೆಲ್ಸದಾಗ ಮನ್ಸೇ ಉಳದಿಲ್ಲಾ.,Sadness
"ನಾನ್ ಆಗೆಲ್ಲ ಹೂಡಿಕೆ ಮಾಡಿದ್ದಿದ್ರಿಂದ, ಈಗ ನಿವೃತ್ತಿ ಆದ್ಮೇಲೆ ಹಾಯಾಗ್ ಬದ್ಕೋಕ್ ಎಷ್ಟ್‌ ಬೇಕೋ ಅಷ್ಟ್‌ ಹಣ ಇದೆ ನನ್ಹತ್ರ.",Happiness
ಗ್ಯಾಸ್ ಏಜೆನ್ಸಿಯವ್ರು  ನನ್ ಎಕ್ಸ್ಟ್ರಾ ಗ್ಯಾಸ್ ಸಿಲಿಂಡರ್ ಬುಕ್ ಮಾಡ್ಕೊಳ್ಳದೇ ಒರ್ಟಾಗಿ ಮಾತಾಡ್ದಾಗ ನಂಗ್  ತುಂಬಾ ಕೋಪ ಬಂತು.,Anger
"ಯಪ್ಪಾ, ಆ ಹೆಣಭಾರದ್‌ ಕೇಕ್‌ನ ಊಹಿಸ್ಕೊಂಡ್ರೇ ಮೈ ಜುಮ್ಮಂತಿದೆ ನಂಗೆ.",Disgust
"ಅಮ್ಮಾ! ಅಂಗ್ಡಿಲಿ ನನ್ಮೇಲ್ ಯಾಕ್  ಕೂಗಾಡ್ತಾ ಇದ್ರಿ ನೀವು, ಎಷ್ಟ್‌ ಬೇಜಾರಾಯ್ತು ಗೊತ್ತಾ ನಂಗೆ.",Sadness
ನಾನ್ ಆ ಸಂಸ್ಥೆಲಿ ಕೆಲ್ಸ ಬಿಟ್ಮೇಲೆ ನನ್ ಟೀಮ್ನೋರೆಲ್ಲ ಹರ್ದ್‌ಹಂಚೋಗಿ ಬೇರ್ಬೇರೆ ಕಡೆ ಹೊರ್ಟ್‌ಹೋದ್ರು ಅಂತ ಕೇಳಿ ನಂಗ್ ಮನ್ಸೆಲ್ಲ ಒಂಥರ ಭಾರ ಆಗೋಯ್ತು.,Sadness
ಕೇಕ್‌ಗೆ ತಪ್ಪು ಫ್ಲೇವರ್‌ನ ಆಯ್ಕೆ ಮಾಡ್ಬಿಡ್ತಿನೇನೋ ಅಂತ ಒಂದೇ ಗಾಬ್ರಿ ನಂಗೆ.,Fear
"ಆ ಎಂಪ್ಲಾಯಿ ಬಲ್ಲಿ ಎಷ್ಟ್‌ ವಿಶ್ವಾಸದ.. ಮತ್‌ ಅವ್ರ್‌ ನಡವಳ್ಕಿನ್ಯಾಗ ಒಂದ್‌ ಒಪ್ಪ ಮರ್ಯಾದಿಯದ, ಅದ್‌ ನೋಡ್ಲಿಕ್ಕಿ ಭಾಳ ಖುಷಿಯಾಯ್ತು.",Happiness
ನನ್ ತರಗತಿ ವರ್ಕ್‌ಲೋಡ್ ದಿನದಿಂದ್ ದಿನಕ್ಕೆ ಜಾಸ್ತಿಯಾಗ್ತಾ ರಾಶಿ ಬೀಳ್ತಿರೋದ್‌ ನೋಡುದ್ರೆ ಅದನ್ ನನ್ಕೈಲ್ ಮುಗ್ಸಕ್ಕಾಗತ್ತಾ ಅಂತ ನಂಗ್ ಭಯ ಆಗ್ತಿದೆ.,Fear
"ಮೊದ್ಲ ನಾ ಸಿಲಿಂಡರ್‌ ರೊಕ್ಕಾ ಕಡಿಮಿ ಆಗ್ದೇನೂ ಅಂತ ಕಾಯ್ತಿದ್ದೆ‌ ಆದ್ರ ಅದ್ ತುಟ್ಟಿನೇ ಆಗ್ಕೋತ ಹೊಂಟದ, ಹಿಂಗಾಗಿ ನನಗ ಮನಸ್ಸೇ ಇರ್ಲಾರ್ದಹಂಗಾಗ್ಯಾದ.",Sadness
ನನ್ ಕಾರ್‌ ವಾಷ್‌ ಮಾಡ್ಸಿದ್ದು ಏನೂ ಪ್ರಯೋಜ್ನ ಆಗ್ಲಿಲ್ಲ. ಚೆನಾಗ್‌ ತೊಳ್ದೇ ಇಲ್ಲ ಅವ್ರು.,Sadness
ಆ ಬಸ್ಸಿನ್‌ ಕಂಡಕ್ಟರಿಗ್‌ ನೋಡಿ ಶಬ್ಬಾಸ್‌ ಅನ್ಕೊಂಡೆ ಏನ್‌ ಪಟಾಪಟಾ ಟಿಕಿಟ್‌ ಕೊಟ್ಟಾ. ಬಸ್‌ ಏರಮುಂದ್‌ ಒಂಚೂರು ಗಡಬಡ ಆಗ್ಲಿಲ್ಲಾ ಅಗ್ದೀ ಆರಾಮಿತ್ತು.,Happiness
"ಧತ್! ಇನ್ನೂ ಅದೆಷ್ಟ್‌ ದಿನ ಈ ಕೆಲ್ಸಕ್‌ ಬಾರ್ದಿರೋ, ಜೋರ್‌ ಶಬ್ದ ಮಾಡೋ ಫ್ರಿಡ್ಜ್‌ ಇಟ್ಕೊಂಡು ನನ್‌ ನೆಮ್ದಿ ಹಾಳ್ಮಾಡ್ಕೋಬೇಕೋ ಆ ದೇವ್ರಿಗೇ ಗೊತ್ತು!",Anger
"ಕಿಟಕಿಗಳೆಲ್ಲ ಸೀಳಿದ್ವು, ಗೋಡೆ ಮೇಲೆಲ್ಲ ಇನ್ನೂ ಕಲೆಗಳು ಹಾಗೇ ಇದ್ವು.. ನಂಗಂತೂ ಅದ್ನೆಲ್ಲ ನೋಡಿ ಮೈ ನಡ್ಕ ಹತ್ಕೊಂಬಿಡ್ತು.",Fear
"ಕಂಪ್ನಿಲಿ ಮೇಲ್ನೋರು ತಮ್ಮಲ್ಲ್‌ ಕೆಲ್ಸ ಮಾಡೋರೆಲ್ಲ ಹೊಸ್ದಾಗ್‌ ಯೋಚ್ನೆ ಮಾಡ್ಬೇಕು, ಬದ್ಲಾವಣೆ ತರ್ಬೇಕು ಅಂತೆಲ್ಲ ಹೇಳ್ತಾರೆ, ಆದ್ರೆ ನಾವ್‌ ಏನೇ ಹೊಸ ಆಲೋಚ್ನೆ ಮುಂದಿಟ್ರೂ ಅದ್ನ ಒಪ್ಕೊಳಲ್ಲ, ಸುಮ್ನೆ ಸಿಟ್ಟ್‌ ಹತ್ತುಸ್ತಾರೆ.",Anger
ಪಾಪ ಈ ನಟ-ನಟೀರು ತಮ್ ಕಷ್ಟದ್ ಜೀವ್ನ ಜೊತೆಗೆ ಮತ್ಮತ್ತೆ ಟೀಕೆಗ್ ಒಳ್ಗಾಗೋದ್ರಿಂದ ಬೇಸತ್ತು ಎಲ್ಲೂ ಕಾಣುಸ್ಕೊಳ್ದಂಗ್‌ ಮರೆಯಾಗ್‌ ಹೋಗ್ಬಿಡ್ತಾರೆ.,Sadness
ನಾವು ತ್ರೈಮಾಸಿಕ ವರದಿ ಸಲ್ಸೋ ಅವಧಿ ಇನ್ನೇನ್‌ ಹತ್ರದಲ್ಲಿದೆ. ಇನ್ನೂ ಕಂಪ್ನಿಯ ಹಣಕಾಸಿನ್‌ ಪರಿಸ್ಥಿತಿ ಬಗ್ಗೆ ಏನೂ ಸರ್ಯಾಗ್‌ ಮಾಹಿತಿ ಕೊಡ್ದೇ ಕತ್ಲಲ್ಲಿಟ್ಟಿರೋದ್ಕೆ ಕೆಟ್ಟ್‌ ಕೋಪ ಬರ್ತಿದೆ ನಂಗೆ.,Anger
ಅಷ್ಟೆಲ್ಲ ಪ್ರಸಿದ್ಧನಾಗಿದ್ದ ಆ ತಮಿಳು ರಾಜನ್ನ ಸಮಾಧಿ ಮಾಡಿರೋ ಜಾಗದ್ ಬಗ್ಗೆ ಸರ್ಯಾಗ್ ಏನೂ ವಿವರಣೆನೇ ಇಲ್ದಿರೋ ಯಾವ್ದೋ ಲೇಖನ ಓದಿ ನಂಗೊಂಥರ ಜೀವ್ನ ಅಂದ್ರೆ ಇಷ್ಟೇನಾ ಅನ್ಸ್‌ಬಿಡ್ತು.,Sadness
ಯಾವ್ದಾದ್ರೂ ದೆವ್ವ ನನ್‌ ಎದ್ರಿಗೆ ಬಂದ್ರೆ ಅನ್ನೋ ಕಲ್ಪನೆಗೇ ಮೈಚಳಿ ಹತ್ಕೊಂಬಿಡತ್ತೆ ನಂಗೆ.,Fear
ರಸಭರಿತ ಕಲ್ಲಂಗಡಿ ಹಣ್ಣಿನ್ ದೊಡ್ ಬೈಟ್ ಅನ್  ಕಚ್ದಾಗ ನಂಗ್ ಖುಷಿ ಆಯ್ತು.,Happiness
ಎಲ್ರೂ ಯಾವಾಗ್ಲೂ ಮೊದ್ಲಿಗೆ ನನ್ನನ್ನೇ ಯಾಕ್ ದೂಷಿಸ್ತಾರೆ? ನಾನೇನ್‌ ಬಿಟ್ಟಿ ಬಿದ್ದಿದೀನಾ!,Anger
ಹಿಂದೆ ಯಾವ್ಯಾವ್ದೋ ಚಟಗಳ್ಗೆ ದಾಸರಾಗಿದ್ದೋರು ಅದ್ರಿಂದ ಬಿಡುಸ್ಕೊಂಡು ತಮ್ ಜೀವ್ನನ ಪುನಃ ಕಟ್ಕೊಳಕ್ಕೆ ಅವ್ರಿಗ್‌ ಸಹಾಯ ಮಾಡೋದ್ರಲ್ಲಿ ನಂಗ್‌ ಭಾಳ ತೃಪ್ತಿ ಸಿಗತ್ತೆ.,Happiness
ನಂಗ್‌ ಬಡ್ಸಿದ್‌ ಅನ್ನದಲ್ಲಿ ಕಲ್ಲ್ ಯಾಕಿದೆ? ಧಾನ್ಯಗಳ್ನ ಸರ್ಯಾಗ್ ‌ಆಯ್ದು ಸ್ವಚ್ಛ ಮಾಡೋದ್ ಹೇಗೆ ಅಂತ ಗೊತ್ತಿಲ್ವಾ ನಿಮ್ಗೆ?,Anger
ಮೆಟ್ರೋ ಪ್ರಯಾಣಿಕ್ರು  ಇಳಿಯಕ್ಕೂ  ಬಿಡದೆ ಕಂಪಾರ್ಟ್ಮೆಂಟ್ಗೆ ನುಗ್ದಾಗ ನಂಗ್  ಅವ್ರ ಬಗ್ಗೆ  ಅಸಹ್ಯ ಆಯ್ತು.,Disgust
ನನ್ ಅತ್ತೆ ಆರೋಗ್ಯದ್‌ ವಿಷ್ಯವಾಗಿ ಏನೂ ತೊಂದ್ರೆಯಿಲ್ಲ ಅಂತ ಡಾಕ್ಟ್ರು ಹೇಳ್ದಾಗ ನಮ್ಗೆಲ್ಲ ದೊಡ್ಡ್ ಸಮಾಧಾನ ಆಯ್ತು.,Happiness
ಏನ್‌ ಮಂದಿ ಅಂತೀನಿ ಹೊತ್ತುವ್ಯಾಳಿ ಮ್ಯಾಲ್ ಬೇಕಾಗ್ತದಂತ ಒಂದಿಷ್ಟ್ ಗಂಟಿಟ್ಟಿರಲ್ಲಲಾ.,Surprise
ಇದನ್ನ ನಮ್ ಗಮನಕ್ ತಂದಿದ್ದಕ್ಕೆ ಧನ್ಯವಾದ. ನಿಮ್ ಪ್ರತಿಕ್ರಿಯೆನ ನಾವ್‌ ತುಂಬಾನೇ ಗೌರವಿಸ್ತೀವಿ. ಸಕಾರಾತ್ಮಕ ಬ್ಯಾಂಕಿಂಗ್ ಅನುಭವನ ಒದಗ್ಸೋದಕ್ಕೆ ನಾವು ಬದ್ಧರಾಗಿದೀವಿ. ಇನ್ಮುಂದೆ ಇಂಥದ್ದೇನೂ ಆಗದ್ಹಾಗೆ ನೋಡ್ಕೊತೀವಿ.,Sadness
ಹೆಡ್‌ಫೋನ್‌ನಿಂದ್ ಬರ್ತಾ ಇರೋ ಶಬ್ದನ ನಂಬ್‌ಬೇಕು ಅಂದ್ರೆ ಅದ್ನ ಕೇಳ್ಲೇಬೇಕು!,Surprise
ನನ್ಮಗ ಕಾಲೇಜಿಗ್ ತಗೊಂಡ್ ಹೋಗಕ್ಕೆ ಮಡ್ಚಿ ಕೈಲ್‌ ಹಿಡ್ಕೊಳಕ್ಕಾಗೋ ಥರದ್ ಸೈಕಲ್‌ನ ತಗೊಂಡ್ಬಂದಿದೀನಿ.,Happiness
ಮುಂಬೈಯಲ್ಲಿ ಎಲ್ಲೆಡೆ ಸುಲಭ ಶೌಚಾಲಯಗಳಿರೋದು ಮತ್ತೆ ಅವ್ಗಳ್ನ ಅಷ್ಟ್‌ ಸ್ವಚ್ಛವಾಗಿಟ್ಟಿರೋದ್‌ ನೋಡಿ ನಂಗ್‌ ತುಂಬಾನೇ ಆಶ್ಚರ್ಯ ಆಯ್ತು.,Surprise
ನನ್ ಮೈಕ್ರೋವೇವ್ ಆರ್ಡರ್ ಒಟ್ಗೆ  ಸುಂದರವಾದ್  ಉಡುಗೊರೆ ಸಿಕ್ಕಾಗ್ ನಂಗ್   ಆಶ್ಚರ್ಯ ಆಯ್ತು.,Surprise
"ನಂಗ ಪ್ರಮೋಷನ್‌ ಸಿಕ್ತು ಮತ್ತ ದೊಡ್ಡ್‌ ಪೋಸ್ಟ್ನೂ ಸಿಗ್ತು, ಈಗ್ ನಂಗ್ ಯಾರೂ ಹಿಡಿಯವ್ರೇ ಇಲ್ಲ ಅನ್ನ‌ಸ್ತೈತಿ.",Happiness
ಭಾರತ ಮಂಗಳಯಾನ್ದಲ್ಲಿ ಯಶಸ್ವಿಯಾಗಿದ್ ನೋಡಿ ಇಡೀ ಪ್ರಪಂಚನೇ ನಿಬ್ಬೆರಗಾಗಿತ್ತು!,Surprise
"ಗ್ರಾಹಕಃ ನಾಟಿ ಮತ್ ಕೊಯ್ಲು ಮಾಡಕ್ ""ಈ ಸರ್ತಿ ನಮ ಹತ್ರ ಬೇಕಾದಷ್ಟ್ ಜನ ಇದ್ದಾರೆ ಅಂತ ನಾನ್ ಅನ್ಕೊಂಡಿದ್ದೀನಿ. ಕಳ್ದ ವರ್ಷ ನಮ್ಗೆ ಜನನೇ ಸಾಕಾಗಿಲ್ಲ ಮತ್ ಅದ್ರಿಂದ   ನಾವ್ ತುಂಬಾ ಕಷ್ಟ ಪಟ್ವಿ  "".",Fear
"ಆ ಧೋನಿನೋ ಅವ್ನ್ ವಿಳಂಬ ಮಾಡೋ ತಂತ್ರನೋ, ನಂಗಂತೂ ಇನ್ನಿಲ್ದಷ್ಟ್‌ ಕೋಪ ಬಂದ್ಬಿಟಿತ್ತು.",Disgust
ನನ್ ಬಾಲ್ಯದಲ್ಲಿ ನಾನು ಪ್ರತೀ ದಿನ ಆಡ್ತಾ ಇದ್ದ  ನನ್ನಿಷ್ಟದ್ ಆಟನ ಅವ್ರು ರಿಮೇಕ್ ಮಾಡಿದಾರೆ!,Surprise
"ಫ್ರಿಜ್ ಥಣ್ಣಗೇ ಇಲ್ಲಾ ಹಿಂಗಾಗಿ ತಿನ್ನ ಪದಾರ್ಥ್‌ ಯೆಲ್ಲಾ ಕೆಟ್ಹೋದ್ವು‌, ನಂಗ್‌ ಭಾಳ ಬ್ಯಾಸರಾಗ್ಲಿಗತ್ತದ.",Sadness
ನನ್ ನಿವೃತ್ತಿ ಉಳಿತಾಯವು ನನ್ ಹಣಕಾಸಿನ್  ಗುರಿಗಳನ್ ಪೂರೈಸುವಸ್ಟಿದೆ ಅಂತ ನಂಗ್  ತೃಪ್ತಿ ಇದೆ.,Happiness
"ವಾಹ್, ಎರಡು ವರ್ಷದಲ್ಲೇ ಇದೇ ಮೊದಲ್ನೇ ಸಲ ಬಸ್ ಬರೋದ್ ತಡ ಆಗಿದೆ‌ ಇವತ್ತು.",Surprise
ಈ ವೀಡಿಯೊ ಎಡಿಟಿಂಗ್ ಸಾಫ್ಟ್ವೇರು ಇಷ್ಟ್‌ ಪ್ರೊಫೆಷನಲ್‌ ಆಗ್ ಕಾಣೋ ವೀಡಿಯೊಗಳ್ನ ಅದ್ಹೇಗ್‌ ಮಾಡತ್ತೋ ಏನೋಪ್ಪ!,Surprise
ನನ್ ಕೆಲ್ಸನ್ ಸಮಯಕ್ ಸರ್ಯಾಗ್ ಮುಗ್ಸಕ್ ಆಗ್ದಿದ್ರೆ ನಂಗ್‌ ಬೇಜಾರಾಗೋಗತ್ತೆ.,Sadness
ತುಂಬಾ ವರ್ಷಗಳಿಂದ ನಾವಷ್ಟ್‌ ಆತ್ಮೀಯರಾಗಿದ್ರೂ ನೀವೀಗ ಹೀಗ್‌ ನನ್ವಿರುದ್ಧ ತಿರುಗ್ಬಿದ್ದ್‌ ನಡ್ಕೊತಿರೋದು ನಮ್ಮಧ್ಯೆ ವೈರತ್ವ ಬೆಳ್ಯೋ ಹಾಗ್‌ ಮಾಡ್ತಿದೆ.,Anger
ಈ ಅಂಗ್ಡಿಲಿ ಈಗಾಗ್ಲೇ ಯಾರಾದ್ರೂ ಬಳ್ಸಿರೋ ಪುಸ್ತಕಗಳ್ನ ಮಾರಾಟ ಮಾಡ್ತಾರೆ ಅಂತ ನನ್‌ ಸ್ನೇಹಿತ ಹೇಳಿದ್ದ. ಆದ್ರೆ ಅಂಗ್ಡಿಯೋರು ಇಲ್ಲಿ ಅಂಥವನ್ನ ಮಾರಾಟ ಮಾಡೋಲ್ಲ ಅಂದ್ಬಿಟ್ರು. ಇಷ್ಟ್ ದೂರ ಬಂದಿದ್ದು ವ್ಯರ್ಥ ಆಯ್ತು.,Sadness
ನನ್ ವೀಡಿಯೊ ನೋಡಿ ಅಷ್ಟೊಂದ್ ಜನ ಖುಷಿಪಡ್ತಾರೆ ಅಂತ ನಂಗೊತ್ತಿರ್ಲಿಲ್ಲ!,Surprise
ಈ ಮಾನಿಟರ್‌ನ ಹೈ-ಡೆಫಿನಿಷನ್ ಡಿಸ್ಪ್ಲೇಲಿರೋ ಕ್ಲ್ಯಾರಿಟಿ ನೋಡಿ ನಾನಂತೂ ದಂಗ್‌ ಬಡ್ದ್‌ಹೋದೆ.,Surprise
ಇಲ್ಲಪ್ಪ! ಅಷ್ಟೊಂದ್‌ ಜಾಸ್ತಿ ಬಡ್ಡಿದರ ಇರೋ ಸಾಲದಲ್ಲಿ ನಮ್ಗೆ ಆಸಕ್ತಿ ಇಲ್ಲ.,Disgust
"ನಾವೀಗಾಗ್ಲೇ ಇದ್ನ ಚರ್ಚೆ ಮಾಡಾಗಿದೆ, ಮೀರಾ! ಮತ್ಮತ್ತೆ ನನ್ಹತ್ರ ಅದದೇ ಪ್ರಶ್ನೆಗಳ್ನ ಕೇಳೋದ್‌ ನಿಲ್ಸು ನೀನು.",Anger
ಭಾರತ್ದಲ್ಲೊಂದ್ಸಲ ನಾನ್ ಗಾಡಿ ಓಡ್ಸುವಾಗ ನಡ್ಕೊಂಡ್‌ ಹೋಗ್ತಿದ್ದೋರೊಬ್ರು ರಸ್ತೆ ದಾಟ್ಲಿ ಅಂತ ಜೀಬ್ರಾ ಕ್ರಾಸಿಂಗಲ್ಲಿ ಗಾಡಿ ನಿಲ್ಸ್‌ಕೊಂಡಿದ್ರೆ  ಹಿಂದಿದ್ದೋರು ಅದ್ರ್‌ ಪರಿವೆನೇ ಇಲ್ದೇ ಅಷ್ಟೊಂದ್‌ ಹಾರ್ನ್‌ ಮಾಡ್ತಿದ್ದಿದ್ದು ನಂಗ್ ತಲೆನೋವೇ ಬಂದ್ಬಿಡ್ತು.,Sadness
ನೌಕರರು ನಮ್ಮನ್ ನೋಡುದ್ರು ನೋಡ್ದೆ ಇರೋರ್ ತರ   ತಿರ್ಗಾಡ್ತ ಇದ್ರು. ಯಾಕಂದ್ರೆ ಬ್ಯಾಂಕ್ಲಿ  ಗ್ರಾಹಕರನ್ ನಡ್ಸ್  ಕೊಳ್ತಾ  ಇರೋ ರೀತಿಯಿಂದ್ ನಾನ್ ರೋಸಿ ಹೋದೆ.,Disgust
ಓಹ್! ಈ ಹೂಗಳ್ನೆಲ್ಲ ಇವತ್ತ್ ಬೆಳಗ್ಗೆ ಹೊಸ್ದಾಗ್ ಕಿತ್ತಿರೋದಾ?,Surprise
"ನಂಗೆ ಗ್ಯಾಸ್‌ ವಾಸ್ನೆ ಬರ್ತಿದೆ, ಇಂಥ ಟೈಮಲ್ಲಿ ಲೈಟ್‌ ಸ್ವಿಚ್‌ ಆನ್‌ ಮಾಡಕ್ಕೇ ಭಯನಪ್ಪ! ಅಪ್ಪಿತಪ್ಪಿ ಸಿಲಿಂಡರ್‌ ಢಮ್‌ ಅಂದ್ಬಿಟ್ರೆ ಏನ್‌ ಗತಿ ಆಮೇಲೆ!",Fear
ನನ್ ಮಕ್ಳ ಆರೈಕೆಯ ವೆಚ್ಚಗಳು ಎಷ್ಟ್  ಹೆಚ್ಚಾಗಿದೆ ಅಂತ  ನೋಡಿದ್ರೆ ತುಂಬಾ ಬೇಜಾರಾಗುತ್ತೆ.,Sadness
"ಭರವಸೆಗಳ್ನೆಲ್ಲ ಮಣ್ಣ್‌ಪಾಲ್ ಮಾಡಿ, ಸಮೃದ್ಧಿಯ ಸಣ್ಣದೊಂದ್‌ ಬೆಳಕನ್ನು ನಂದಿಸ್ಬಿಡೋಂಥ, ಎಲ್ರಿಗೂ ನೋವಾಗುವಂಥ ಕಹಿ ಸತ್ಯ ದಾಖಲೆಗಳಲ್ಲಿ ಹೊರಬಿದ್ದಾಗ ರೂಮಲ್ಲಿ ಸ್ಮಶಾನ ಮೌನ ಆವರಿಸ್ಬಿಡ್ತು.",Sadness
ಯು.ಎಸ್.ಗೆ ಪ್ರಯಾಣ ಮಾಡೋಕೆ ಅಧಿಕೃತ ಅನುಮತಿ ಇಲ್ಲಾಂತ ದುಬೈಯಲ್ಲಿ ನನ್ ಮಗಂಗೆ ಬೋರ್ಡಿಂಗ್ ಪಾಸ್‌ನೇ ಕೊಡ್ದೇ ಇದ್ದಿದ್ದು ನಂಗ್ ದೊಡ್ಡ್‌ ಷಾಕ್‌ ಆಗಿತ್ತು.,Surprise
ಭೂಮಿಯ ಇತಿಹಾಸ್ದಲ್ಲಿ ಸುಮಾರ್ಸಲ ಪ್ರಳಯ ಆಗಿರ್ಬೋದು ಅನ್ನೋದ್ನ ಜನ ಚೂರೂ ಗಂಭೀರ್ವಾಗ್‌ ತಗೊಳ್ದಿರೋದು ಬೇಜಾರಿನ್‌ ವಿಷ್ಯ.,Sadness
ಈ ಪುಸ್ತಕಕ್ಕೆ ನೀವ್ಯಾಕ್ ಇಷ್ಟೊಂದ್‌ ದುಡ್ಡ್‌ ಕೇಳ್ತಿದೀರ? ಇದೇನ್ ಈಗಾಗ್ಲೇ ಬಳ್ಸಿರೋದಾ ಅಥ್ವಾ ಪ್ರಿಂಟಿಂಗ್‌ ಪ್ರೆಸ್ಸಿಂದ ಬಂದಿರೋ ಹೊಸ ಪ್ರತಿನಾ?,Anger
ತೆರಿಗೆ ಸಲ್ಲಿಸೋ ಪ್ರಕ್ರಿಯೆ ಇಷ್ಟೊಂದ್‌ ಅಗಾಧ ಮತ್ತೆ ಇಷ್ಟೆಲ್ಲ ಸವಾಲಾಗಿರತ್ತೆ ಅಂತ ನಾನ್‌ ಕನ್ಸಲ್ಲೂ ಅನ್ಕೊಂಡಿರ್ಲಿಲ್ಲ.,Surprise
"ನಾಳೆನೇ ಈ ಪ್ರಾಜೆಕ್ಟ್‌ ರಿಪೋರ್ಟ್‌ನ ಕಂಪ್ನಿ ಮುಖ್ಯಸ್ಥ್ರಿಗ್‌ ತೋರಿಸ್ಬೇಕು, ಆದ್ರೆ ಇದ್ನೋಡಿದ್ರೆ ಇಷ್ಟ್‌ ಕೆಟ್ದಾಗ್‌ ಮಾಡ್ಕೊಂಡ್‌ಬಂದಿದೀರಲ್ರೀ! ನಿಮ್ನೆಲ್ಲ ನನ್‌ ಟೀಮಲ್ಲಿಟ್ಕೊಂಡಿದೀನಲ ಮೊದ್ಲು ನಂಗ್‌ ನಾನೇ ಬೈಕೋಬೇಕು.",Anger
ಆ ಆಟದಲ್ಲಿ ಕೆಟ್‌ಕೆಟ್ದಾಗಿ ಟ್ಯಾಕಲ್‌ ಮಾಡೋದು ಮತ್ತೆ ಬೇಕ್ಬೇಕೂಂತ್ಲೇ ಫೌಲ್‌ ಮಾಡೋದೆಲ್ಲ ಅಸಹ್ಯ ಅನ್ಸ್ತು ನಂಗೆ.,Disgust
ನಾನು ಸಮಯಕ್ ಸರ್ಯಾಗಿ ಕೋವಿಡ್ ಲಸಿಕೆಯ ಎರಡ್ನೇ ಡೋಸ್ ಪಡ್ದಿತ್ತಿಲ್ಲ ಅಂತ ನನ್ ವೀಸಾನ ರದ್ದು ಮಾಡಿದ್ರು.,Sadness
ನನ್ ಬಾಸ್ ಊಟಕ್ ಬಂದಾಗ್  ನನ್ ಅಡುಗೆಯವ್ಳು  ರಜೆ ತಗೊಂಡ್ಳು  ಅಂತ ನಂಗ್  ಕೋಪ ಬಂತು.,Anger
ರಾಡ್‌ಗಳ್ನ ತಗೊಂಡ್‌ಹೋಗ್ತಿದ್‌ ಟ್ರಕ್ಕು ಇದ್ಕಿದ್ದಂಗೆ ನನ್ ಗಾಡಿ ಮುಂದೆ ಬ್ರೇಕ್‌ ಹಾಕ್‌ ನಿಂತ್ಬಿಟಾಗ ನಂಗ್‌ ಜೀವ ಬಾಯಿಗ್‌ ಬಂದಂಗಾಗಿತ್ತು.,Fear
"ನಾನ್ ಇನ್ಯಾವತ್ತೂ‌ ಈ ಭಿಕ್ಷುಕ್ರಿಗೆ ಊಟ ಕೊಡ್ಸಕ್‌ ಹೋಗಲ್ಲ, ಸ್ವಲ್ಪನೂ ಕೃತಜ್ಞತೆ ಇಲ್ಲ ಅವ್ರಿಗೆ, ಭಿಕ್ಷೆ ಎತ್ಕೊಂಡ್ ತಿನ್ನೋದಾದ್ರೂ ಇನ್ನೂ ಅನ್ನದ್‌ ಬೆಲೆ ಗೊತ್ತಿಲ್ಲ ಅವ್ರಿಗೆ.",Disgust
"ಈ ಸರ್ಕಾರಕ್ಕ ಸಾರ್ವಜನಿಕ ಶಿಕ್ಷಣದ್‌ ಕಡಿಗ್ ಸಾಸ್ವೆ ಕಾಳಷ್ಟೂ ಲಕ್ಷಿಲ್ಲ, ಬೆಂಕಿ‌ ಸಿಟ್‌ ಬರ್ತದ.",Anger
ಈ ವಿಮಾ ಕಂಪ್ನಿಯೋರು ಯಾವಾಗ್ಲೂ ‌ಬರೀ ಸುಳ್ಳ್ ಭರವಸೆಗಳು ಮತ್ತೆ ದಾರಿತಪ್ಸೋ ಥರ ಮಾಹಿತಿ‌ ಕೊಡೋದು.. ನಂಗಂತೂ ಸಾಕ್ ಸಾಕಾಗಿ ಹೋಗಿದೆ.,Disgust
ರಿಪೇರಿ  ಮಾಡಕ್ಕೆ ಅಂತ ನಾನ್ ನನ್ ಕಾರ್ನ  ಮೆಕ್ಯಾನಿಕ್ ಹತ್ರ ತಗೊಂಡ್ ಹೋಗಿದ್ದೆ.  ಅಲ್ ಹೋಗಿ ಬೇರೆ ಹಾಕಿದ್ರೆ ಎಷ್ಟ್  ಆಗುತ್ತೆ ಅಂತ ಕೇಳ್ದಾಗ ಅವ್ರು ಹೇಳಿದ್ ಖರ್ಚು ಕೇಳಿ  ನಂಗ್ ಸಿಟ್ಟು ಬಂತು.,Anger
ಈ ಅಂಗ್ಡಿಲಿ ಯಾವ್‌ ವಸ್ತುನೂ ಅದದ್ರ ಜಾಗ್ದಲ್ ಸಿಗ್ತಿಲ್ಲ ಅಂತ ನಂಗ್ ಸಿಟ್ ಬರ್ತಾ ಇದೆ.,Anger
ಓಹ್ ಹೌದಾ! ನೀವ್ಯಾಕ್‌ ನಿಮ್‌ ಖಾತೆ ಮುಚ್ಬೇಕು ಅನ್ಕೊಂಡಿದೀರಿ ಅಂತ ಕೇಳ್ಬೋದಾ ನಾನು?,Surprise
"ಅಂಗ್ಡಿಯವ್ರಿಂದೆಲ್ಲ ದುಡ್ಡ್‌ ವಸೂಲಿ ಮಾಡಕ್ಕೆ ಗೂಂಡಾಗಳು ಮಾರ್ಕೆಟ್ಟಿಗ್‌ ನುಗ್ಗಿ ರಂಪ ಮಾಡಕ್‌ ಶುರು ಮಾಡ್ದಾಗ ನಂಗ್‌ ಬೇಗ ಅಲ್ಲಿಂದ ತಪ್ಪಿಸ್ಕೊಂಡ್‌ ಹೋದ್ರೆ ಸಾಕಾಗಿತ್ತು, ತುಂಬಾ ಹೆದ್ರೋಗಿದ್ದೆ.",Fear
ಒಬ್ಬ ವ್ಯಕ್ತಿಯ ಲಭ್ಯತೆಯ ಮೇಲೆ ಈವೆಂಟ್ ಅನ್ನ ಮಾಡ್ಬೇಕಾದ ಅಗತ್ಯ ಇದೆ  ಅಂತ ನಾನ್  ಹೆದ್ರಿದೆ ಮತ್ ನಾನ್ ಇಲ್ದೆ ಇದ್ರೂ ಈವೆಂಟ್ನ  ಸರ್ಯಾಗಿ ನಡ್ಸ್ಕೊಂಡ್ ಹೋಗೋ ತರ ಮಾಡ್ಕೊಟ್ಟೆ.,Fear
ಹ್ಯಾಕರ್‌ಗಳು ಆನ್‌ಲೈನಲ್ಲಿ ನಮ್ ಗೌಪ್ಯತೆನ ಬೇಧಿಸ್ತಾ ಇರೋ ಬಗ್ಗೆ ಈ ಲೇಖನ ಓದಾದ್ಮೇಲೆ ಆನ್ಲೈನಲ್ಲ್‌ ಏನಾದ್ರೂ ವ್ಯವಹಾರ ಮಾಡಕ್ಕೇ ಭಯ ಆಗ್ತಿದೆ ನಂಗೀಗ.,Fear
"ನಿಂಗ್ಯಾಕ್ ಇಷ್ಟ್‌ ಅಶಿಸ್ತು?! ಒಂದ್‌ ಪರೀಕ್ಷೆಗೆ ಚೆನ್ನಾಗ್‌ ಓದ್ಕೊಂಡ್ಹೋಗಿ ಅಂಕ ತೊಗೊಳೋದು‌ ಅಂದ್ರೆ ಅಷ್ಟ್‌ ಕಷ್ಟನಾ ನಿಂಗೆ, ಆಂ?",Anger
ಈಗ  ಎಬಿ- ನೆಗೆಟಿವ್  ರಕ್ತದ್  ಕೊರತೆ ಇದೆ ಅಂತ ನಂಗ್  ನಂಬಕ್ ಆಗ್ತಿಲ್ಲ. ಆರೋಗ್ಯ ಕೇಂದ್ರದಲ್  ಯಾವಾಗ್ಲೂ  ತುರ್ತು ಪರಿಸ್ಥಿತಿಗೆ ಅವ್ರತ್ರ ಸಪ್ಲಯ್ ಇದ್ದೆ ಇರುತ್ತೆ ಅಂತ ನಾನ್ ಅನ್ಕೊಂಡೆ.,Surprise
"ನಾನ್‌ ಎಷ್ಟ್ ವರ್ಷಗಳಿಂದ ನಿಮ್ಮಲ್ಲಿಗ್‌ ಬರ್ತಿದೀನಿ, ನಿಮ್ಮಂಗ್ಡಿಲ್‌ ಬಿಟ್ರೆ ಬೇರೆಲ್ಲೂ ಒಡವೆ ತಗೊಂಡಿಲ್ಲ, ಅಂಥಾದ್ರಲ್ಲೂ ನೀವ್ ನಂಗ್ ಎಂತೆಂಥದೋ ಡಿಸೈನ್‌ ತೋರಿಸ್ತಿದೀರಲ! ಇನ್ಮೇಲ್‌ ನಾನ್‌ ಇಲ್ಲಿಗ್‌ ಬರ್ಬೇಕೋ ಬೇಡ್ವೋ?!",Anger
ಈ ಫ್ರಿಡ್ಜ್‌ ಸರ್ಯಾಗ್‌ ಕೆಲ್ಸ ಮಾಡ್ದೇ ಒಳಗಿಟ್ಟ್‌ ಪದಾರ್ಥ ಎಲ್ಲ ಕೆಟ್ಟ್‌ಹೋಗಿ ಅವನ್ನ ಎಸೀಬೇಕು ಅಂದ್ರೆ ಮೈಯೆಲ್ಲ ಪರ್ಚ್‌ಕೊಳೋಷ್ಟ್‌ ಸಿಟ್ಟ್‌ ಬರತ್ತೆ ನಂಗೆ.,Anger
ದುಡ್ಡಿಗಿ ಗಂಡಕಾಲ್ ಬಂದದ ಅಂದ್ರ ಅದು ಏನೇನ್‌ ಮಾಡಭೌದು ಅಂತ ನಂಗ್ ಎದಿ ಢವಢವ ಅಂತದ.,Fear
ಈ ಬಾಡ್ಗೆ ಮನೆಗೆ ಈಗಾಗ್ಲೇ ಸೋಲಾರ್‌ ಪ್ಯಾನಲ್ಸ್‌ನ ಅಳವಡ್ಸ್‌ಬಿಟಿರೋದ್‌ ನೋಡಿ ನಂಗ್ ಹಿತವಾದ್‌ ಆಶ್ಚರ್ಯ ಆಯ್ತು!,Surprise
ಊರಲ್ಲಿರೋ ಈ ಪಾರ್ಕ್‌ಗಳು ನಗರ ಜೀವ್ನದ ಜಂಜಾಟ್ದಿಂದ ಹೊರಗ್ಬಂದು ಹಾಯಾಗ್ ಸಮಯ ಕಳ್ಯಕ್ಕೆ ಸಹಾಯ ಮಾಡತ್ವೆ.,Happiness
"ಆ ಪುಸ್ತಕದ್ ಅಂಗ್ಡಿಲಿ ಎಲ್ಲ ಪೂರ್ತಿ ಕೊಳೆ, ಧೂಳ್‌ಮಯ ಆಗಿದ್ದಿದ್ರಿಂದ ಯಾವ್ ಪುಸ್ತಕ ತಗೊಳಕ್ಕೂ ಮನ್ಸಾಗ್ಲಿಲ್ಲ ನಂಗೆ.",Disgust
ನಂಗೆ ಜುಗುಪ್ಸೆ ಆಗ್ತಿದೆ! ನಾವು ಆ ದೇಣಿಗೆ ಹಿಂದೆ ಬೀಳೋಕ್ ಸಾಧ್ಯ ಇಲ್ಲ.,Disgust
"ಈ ಸಲ ನಮ್‌ ಬೆಳೆಗಳೆಲ್ಲ ಸಮೃದ್ಧವಾಗ್‌ ಬಂದಿವೆ ಅಂದ್ರೆ ಅದೆಲ್ಲ ನಮ್‌ ಕೃಷಿ ಕಾರ್ಮಿಕ್ರ ಬೆವರು, ಪರಿಶ್ರಮದ್‌ ಫಲ.. ಅವ್ರು ಎಷ್ಟ್ ಕಷ್ಟ ಪಟ್ಟಿದಾರೆ ಅನ್ನೋಕೆ ಇದ್ಕಿಂತ ಸಾಕ್ಷಿ ಬೇಕಿಲ್ಲ. ಅದ್ರ್‌ ಬಗ್ಗೆ ಯೋಚಿಸ್ತಿದ್ರೆ ನಾವೆಲ್ಲ ಒಳ್ಳೆ ಸಾಧ್ನೆ ಮಾಡಿರೋ ಸಂತೃಪ್ತ ಭಾವ ಮೂಡ್ತಿದೆ.",Happiness
ನೀವ್‌ ನಿಮ್‌ ಹಣನ್ ಹಾಕಿರೋ ಕಂಪ್ನಿಗಳ್‌ ಪಟ್ಟಿ ನೋಡ್ತಿದ್ರೆ ಯಾಕೋ ನೀವ್‌ ಇನ್ವೆಸ್ಟ್‌ ಮಾಡಿರೋದ್‌ ಯಾವ್ದೂ ಕೈಗ್‌ ಹತ್ತಲ್ವೇನೋ ಅಂತನ್ನಿಸ್ತಿದೆ.,Fear
ಸಂಪನ್ಮೂಲಗಳು ವ್ಯರ್ಥ ಆಗೋದಲ್ದೇ ಬಾಹ್ಯಾಕಾಶ ಪರಿಶೋಧನೆಯಿಂದ ಪರಿಸರಕ್ಕಾಗೋ ಸಂಭಾವ್ಯ ಹಾನಿ ಬಗ್ಗೆ ಯೋಚ್ಸಿ ಯೋಚ್ಸಿ ನಂಗ್‌ ಅದ್ರ್‌ ಬಗ್ಗೆ ಜುಗುಪ್ಸೆ ಬಂದ್ಬಿಟಿದೆ.,Disgust
ತಂಡದ್ ವೈಫಲ್ಯಗಳ್ ಜವಾಬ್ದಾರಿ ತಗೊಳಕ್ಕೆ ಆ ಕೋಚು ಒಪ್ದೇ ಇರೋದ್ನೋಡ್ತಿದ್ರೆ ನಖಶಿಖಾಂತ ಉರ್ದ್ಹೋಗತ್ತೆ ನಂಗೆ.,Disgust
"ಈ ರಾಜ್ಯದಲ್ಲಿ ಇಲ್ಲಿನ್‌ ಜನ್ರು ಕಷ್ಟಪಟ್ಟ್‌ ದುಡ್ಯೋ ಕಾರ್ಮಿಕ್ರು ಅಂತ್ಲೂ ನೋಡ್ದೇ ಪದೇ ಪದೇ ನಮ್ಮೇಲ್‌‌ ಹಲ್ಲೆ ಮಾಡ್ತಿದಾರೆ, ನಾವ್ ಆದಷ್ಟ್‌‌ ಬೇಗ್ನೆ ಈ ಊರ್‌ ಬಿಡೋದ್‌ ಒಳ್ಳೇದು, ಇಲ್ಲೇ ಇದ್ರೆ ಇವ್ರ್‌ ನಮ್ನ ಉಳ್ಸಲ್ಲ.",Fear
ನಮ್ ಹಣಕಾಸಿನ್ ವರದಿ ಎಲ್ಲ ವ್ಯವಸ್ಥಿತ್ವಾಗ್‌ ಇರೋದು ಮತ್ತೆ ನಮ್ ಲಾಭ ಎಲ್ಲ ಒಂದೇ ತೆರನಾಗ್ ಜಾಸ್ತಿ ಆಗ್ತಿರೋದ್ ನೋಡ್ದಾಗ  ನಂಗೆ ಏನೋ ದೊಡ್ಡ್‌ ಸಾಧ್ನೆ ಮಾಡ್ದ್‌ ಹಾಗೆ ಎದೆ ಉಬ್ಬ್‌ಹೋಗತ್ತೆ.,Happiness
ಅಂಬತ್ತೂರಿಗೆ ಹೋಗೋ  ನಮ್ ಗಮ್ಯಸ್ಥಾನದ್  ಆಯ್ಕೆಯ ಬಗ್ಗೆ ಕ್ಯಾಬ್ ಡ್ರೈವರ್ಗೆ  ಇಷ್ಟ್  ಬಲ್ವಾದ ನಂಬಿಕೆ ಇರುತ್ತೆ ಅಂತ  ನಾನ್ ಅನ್ಕೊಂಡೆ ಇರ್ಲಿಲ್ಲ.,Surprise
ನಮ್‌ ಉಗ್ರಾಣಕ್ಕೆ ಯಾರೋ ಅಪರಿಚಿತ್ರು ಬಂದು ಎಲ್ಲ ಲೂಟಿ ಮಾಡ್ಹೋದ್ಮೇಲೆ ಈಗ‌ ಮುಂಬರ್ಲಿರೋ ದಾಸ್ತಾನು ಪರಿಶೀಲ್ನೆ ಬಗ್ಗೆ ನಂಗ್ಯಾಕೋ ಸ್ವಲ್ಪ ಭಯ ಆಗ್ತಿದೆ.,Fear
"ಯಪ್ಪಾ ಆತಗ ಕಾಮಿಡಿಯನ್‌ ಅನ್ಲಿಕ್ಕ ಆಗಲ್ಲಾಗ್ಯಾದ ಅವಾ ಮಾತಾಡ ಸ್ಟೈಲೇ ಛಂದಿಲ್ಲಾ, ಯಾರರೇ ಅವನ್ ಜುಟ್ಟಾ ಹಿಡದ್‌ ಈ ಇವೆಂಟ್‌ ಮಾಡ್ಸ್ಯಾರ ಅನ್ನಹಂಗ್ ಇತ್.‌ ಇನ್ನೊಮ್ಮ್ ಅವ್ನ್ ಷೋಕ್ಕ ಹೋಗಲ್ಲ ನಾ.",Disgust
ಪೇಟೆಲಿ ನನ್ ನೆಚ್ಚಿನ ಎಷ್ಟೋ ಪುಸ್ತಕದಂಗ್ಡಿಗಳು ಮುಚ್ಚೋಗಿದ್‌ ನೋಡಿ ನಂಗೆ ಮಂಕ್‌ ಬಡ್ದಂಗಾಗೋಯ್ತು.,Sadness
"ಅಬ್ಬಾ ಅಂತೂ ಯಾವ್ದೇ ಹೈರಾಣಿಲ್ದಂಗ ನಾ ಒಂದ್‌ ತುಂಬಿದ್‌ ಸಿಲಿಂಡರ್‌ ಬಳಸ್ಭೌದು, ಇದ್‌ ನಂಗ ಮತ್‌ ನಮ್ ಮನಿಯವ್ರೆಲ್ಲಾರಿಗೂ ಛೊಲೋ.",Happiness
ಭಾರತದ್ ಫುಟ್ಬಾಲ್ ತಂಡ ಸತತ್ವಾಗಿ ಮೂರು ಟ್ರೋಫಿ ಗೆದ್ದಿರೋದು ನಂಗ್ ಸಿಕ್ಕಾಪಟ್ಟೆ ಖುಷಿ ಆಗೋಗಿದೆ.,Happiness
ಆ ಅಂಗ್ಡಿ ರೆಫ್ರಿಜರೇಟ್ರಲ್ಲಿರೋ ಪದಾರ್ಥ ಎಲ್ಲ ಕೊಳ್ತ್‌ ಹೋಗಿ ದುರ್ವಾಸ್ನೆ ಬರ್ತಿತ್ತು.. ತರ್ಕಾರಿ ಎಲ್ಲ ಸತ್ತ್‌ ಇಲಿ ಥರ ಕಾಣ್ತಿದ್ವು.,Disgust
ಈ ಏರ್ಲೈನ್ಸೋರು ಏನ್ ವಿವರಣೆನೂ ಕೊಡ್ದೇ ನಮ್ ವಿಮಾನನ ತಡ ಮಾಡಿದಾರೆ.,Anger
ಅದ್ಭುತ! ಇದ್ರರ್ಥ ಈ ವರ್ಷ ಮುಗ್ಯೋದ್ರೊಳಗೆ ನಾವು ೧೦ ದಶಲಕ್ಷ ಇಯರ್ಫೋನ್‌ಗಳ್ನ ಮಾರಾಟ ಮಾಡ್ಬಹುದು ಅಂತಾಯ್ತು!,Surprise
ಕಲೆ ಬಗ್ಗೆ ನಿಮ್ಗಿರೋ ಸಂಕುಚಿತ ದೃಷ್ಟಿಯಿಂದಾಗಿ ಈ ಕಲಾಕೃತಿಗಳ್ ಹಿಂದಿರೋ ಸೃಜನಶೀಲತೆ ಮತ್ತೆ ಹೊಸತನನ ಗುರುತ್ಸೋಕೆ ಅಗಲ್ಲ ನಿಮ್ಗೆ.,Disgust
ಓಹ್! ಇಷ್ಟ್ ಕಡ್ಮೆ ಬಡ್ಡಿದರ ಇರೋ ಸಾಲ ನಂಗ್‌ ಸಿಗ್ಬಹುದು ಅಂತ ನಂಗೊತ್ತೇ ಇರ್ಲಿಲ್ಲ. ಈ ಮಾಹಿತಿ ಕೊಟ್ಟಿದ್ದಕ್ಕೆ ಧನ್ಯವಾದ ಡೇವಿಡ್ಅವ್ರೇ.,Surprise
ಯರಡ ವರ್ಷ ಒಂದ್ಹನಿ ಕುಡಿಲಾರ್ದೆ ನನ್‌ ಮ್ಯಾಲ್‌ ನಾ ಹಿಡಿತ ಇಟ್ಕೊಂಡಿದ್ದೆ ಮತ್‌ ಕುಡಿಲಿಕ್ಕಿ ಸುರು ಮಾಡ್ದಾಗ ನಂಗ ಭಾಳ ಕಾಲ್ ಜಾರ್ದಂಗನಿಸ್ತು.,Sadness
"ಬೇರ್ಯೋರ್‌ ವ್ಯಾಪಾರ ಎಲ್ಲ ನಿಂತ್ಹೋಗ್ತಿರೋದಕ್ಕೆ ನಾನೇ ಕಾರಣ ಅನ್ನೋ ಥರ ಏನೋ ಗಾಳಿ ಸುದ್ದಿ ಹಬ್ಬಿದ್ಯಂತೆ, ದೇವ್ರೇ! ಏನಪ್ಪಾ ಮಾಡೋದೀಗ?!",Fear
"ನೀವ್ ಯಾವಾಗ್ಲೂ ಯಾಕ್ ತಡ ಮಾಡ್ತೀರಿ? ನಾನೀಗ ಕೆಲ್ಸಕ್ ಹೊರಡ್ಬೇಕು! ನಾಳೆ ಬೇಗ  ಬನ್ನಿ, ಇಲ್ದಿದ್ರೆ ನಾನ್ ಈ ತಿಂಗ್ಳು ನಿಮ್ಗೆ ಹಣ ಕೊಡಲ್ಲ.",Anger
ಯವ್ವಾ ಘಾಟ್‌ ಸೆಕ್ಷನ್ಯಾಗ ಬಸ್‌ ಮ್ಯಾಲಾಮ್ಯಾಲಾ ಗುಡ್ಡ್‌ ತುದಿಗಿ ಹತ್ಕೊಂಡೇ ಹೋಯ್ತು ಅನ್ನಷ್ಟ್ ಸನೀ ಹೋಗ್ಲಿಕತ್ತಾಗ ನಂಗ್ ಅಂಜ್ಕಿ ಹತ್ತಿ ಕೈಕಾಲೇ ಶೆಟದ್ಹೋಗಿದ್ವು.,Fear
"ಪುಸ್ತಕನ ಮುಂಚಿತ್ವಾಗ್ ಆರ್ಡರ್ ಮಾಡೋಕೆ ಆತಂಕ ಆಗ್ತಿದೆ ನಂಗೆ, ಆಮೇಲ್ ಅವ್ರ್ ನಂಗೇನಾದ್ರೂ ಮೋಸ ಮಾಡ್ಬಿಟ್ರೆ ಏನ್ ಮಾಡೋದು?",Fear
ಅಖಿಲ ಭಾರತ ಗಾಯನ ಸ್ಪರ್ಧೆ ತೀರ್ಪುಗಾರರೊಂದಿಗ್  ಅಸಭ್ಯವಾಗ್  ಮಾತ್ನಾಡಿದ ನಂತ್ರ ಗಾಯಕನ ಭವಿಷ್ಯದ್ ಬಗ್ಗೆ ನಂಗ್ ಗಾಬರಿ ಆಯ್ತು.,Fear
ಟೀಮ್ ಈ ಸೀಸನಲ್ಲಿ ನಿಜ್ವಾಗ್ಲೂ ಚೆನ್ನಾಗ್‌ ಆಡ್ತು ಮತ್ತೆ ಎಲ್ಲಾ ಪಂದ್ಯಗಳ್ನೂ ಗೆಲ್ತು.,Happiness
ನಾನ್ ಹೂಡಿಕೆ ಮಾಡಿದ್ದೆಲ್ಲ ತುಂಬಾ ನಷ್ಟ ಆಗೋಗಿದೆ.,Sadness
ಇವತ್ತು ಜನಸಂದಣಿ ಕಡ್ಮೆ ಇದೆ ಅಂತ ಗಾರ್ಡ್ ಹೇಳುದ್ರು. ಆದ್ರಿಂದ ಅವ್ರು ನಮ್ಮನ್ನ ಇಲ್ಲಿ ಜಾಸ್ತಿ ಹೊತ್ತು ಇರೋಕ್ ಬಿಡ್ತಿದಾರೆ.,Happiness
ಶ್ಶೀ.. ಆ ಹೂವಿನ್ ಕುಂಡದ್ಮೇಲೆಲ್ಲ ಒಂದ್ರಾಶಿ ಹುಳಗಳು ಪುತುಪುತೂಂತ ಹರ್ದಾಡ್ತಾ ಇವೆ.,Disgust
ಮೊದ್ಲು ಪಾಲಿಸಿ ತಗೊಂಡ್ಬಿಡೋ ಥರ ಜನ್ರನ್ನ ಯಾಮಾರ್ಸಿ ಆಮೇಲೆ ಏನೇನೋ ಷರತ್ತುಗಳಿರೋದ್ನ ಹೇಳೋ ಈ ವಿಮಾ ಮಾರಾಟಗಾರ್ರ ತಂತ್ರಗಳು ನಂಗೊಂಚೂರೂ ಹಿಡ್ಸಲ್ಲ.,Disgust
ಪ್ರತೀ ಸಲ ನನ್‌ ಬಿಲ್‌ ನೋಡ್ದಾಗ್ಲೂ ನಂಗ್ ಎದೆ ಧಸಾಕ್‌ ಅನ್ನುತ್ತೆ. ಏರ್ತಿರೋ ಗ್ಯಾಸ್‌ ಸಿಲಿಂಡರ್‌ ಬೆಲೆ ನೋಡ್ತಿದ್ರೆ ನನ್‌ ಬೇರೆ ಖರ್ಚ್‌ಗಳ್ಗೆಲ್ಲ ಕತ್ರಿ ಹಾಕ್ಬೇಕೋ ಏನೋ.,Sadness
ನನ್ ಒಡಹುಟ್ದೋರೇ ನನ್‌ ಬಗ್ಗೆ ಹಾಗೆಲ್ಲ ಸುಳ್ಳ್‌ ಸುದ್ದಿ ಹಬ್ಬಿಸ್ತಾರೆ ಅಂದ್ರೆ ನಂಬ್ಕೆನೇ ಬರ್ತಿಲ್ಲ ನಂಗೆ! ಚೂರೂ ಸರಿಯಲ್ಲ ಅವ್ರ್‌ ಹೀಗ್‌ ಮಾಡ್ತಿರೋದು.. ಛೇ! ಯಾಕಿಂಥ ದುರ್ಬುದ್ಧಿ ಬಂತು ಅವ್ರಿಗೆ.,Disgust
ನನ್ ಆರೋಗ್ಯ ವಿಮಾ ಪ್ರೀಮಿಯಂ ಎಷ್ಟ್  ಜಾಸ್ತಿ ಆಗಿದೆ  ಅಂತ  ನೋಡುವುದಕ್ಕೂ  ಬೇಜಾರಾಗ್ತಿದೆ.,Sadness
ನಮ್ಮ ಗ್ರಾಹಕ ಸೇವೆಗೆ ಕರೆ ಮಾಡಿದ್ದಕ್ಕೆ  ಧನ್ಯವಾದಗಳು. ನಿಮ್ಗೆ ಸಹಾಯ ಮಾಡೋಕೆ ನಾವು ಸಂತೋಷವಾಗ ತಯಾರಿದ್ದೀವಿ.,Happiness
"ಅರೆ ವಾಹ್, ಮನಿ ಬಾಡ್ಗಿನ್ಯಾಗ ಜಿಮ್‌ ಮತ್ತ ಪೂಲಿಗ್‌ ಹೋಗ್ಲಿಕ್ಕೂ ಸಿಗ್ತದಂತ ನಂಗ ಅನಸಿರ್ಲಿಲ್ಲಾ.",Surprise
ಧತ್! ಮನೆಲಿರೋ ಸಾಮಾನ್ಗಳ್ನ ಮುರ್ದ್‌ ಹಾಕಕ್ಕೆ ನಿಂಗ್ಯಾವಾಗ್ಲೂ ಏನಾದ್ರೊಂದ್‌ ನೆಪ ಇರತ್ತೆ.. ಈ ಸಲ ಏನು?,Disgust
ಆ ಗಿಫ್ಟ್‌ ಅಂಗ್ಡಿಯವ್ರು ಸಿಕ್ಕಂಗಾ ರೊಕ್ಕ ಹೆಚ್ಚ ಮಾಡಿಟ್ಟಾರಂತ ಅವ್ರ ದಗಾಬಾಜಿ ನೋಡಿ ನಂಗ್ ಬೇಸ್ರ ಹುಟ್ಟೈತಿ.,Sadness
"ಟೆನ್ನಿಸ್ ಚೆಂಡು ಬಡ್ದು ಒಂದ್ ಹುಳ ಅಪ್ಪಚ್ಚಿ ಆಗೋಯ್ತು, ಈಗ ಕೋಚ್‌ ಅದ್ನ ಕ್ಲೀನ್‌ ಮಾಡು ಅಂತ ಹೇಳ್ತಿದಾರೆ ನಂಗೆ.",Disgust
"ನಾನು ನನ್ ಪ್ಯಾನ್‌ಕಾರ್ಡ್‌ನ ತೋರಿಸ್ದಿದ್ರೆ, ಅವ್ಳು ನನ್ ನೋಂದಣಿನ ರದ್ದು ಮಾಡ್ತೀನಿ ಅಂತ  ಹೇಳುದ್ಳು.",Fear
ರೆಸ್ಟೋರೆಂಟ್ ಸೇವೆಯ ಬಗ್ಗೆ  ನಂಗ್ ಆತಂಕ ಆಗ್ತಿದೆ; ಒಟ್ಟಾರೆ ಊಟದ್ ಅನುಭವವನ್ನೇ  ಪ್ರಶ್ನೆ ಮಾಡೋ ತರ ಆಗಿದೆ. ಸಿಬ್ಬಂದಿಗಳ್  ನಮ್ ಕಡೆ ಗಮ್ನನೇ  ಕೊಡ್ತಾ ಇಲ್ಲ,Fear
ಕೆಲವ್  ಆಫೀಸ್ಲಿ  ಕೆಲವ್ ಕಡೆ  ಸ್ವಚ್ಛ ಮಾಡಿಲ್ಲ ಅನ್ನೋ ಬಗ್ಗೆ ಕ್ಲೈಂಟ್‌ನಿಂದ್  ನಮ್ಗೆ ದೂರು ಬಂತ್  ಇದ್ರಿಂದ ನಂಗ್ ತುಂಬಾ ಬೇಜಾರಾಯ್ತು.,Sadness
"ನೋಡಿ, ನೀವಿದ್ನ ಸರ್ಯಾಗ್ ಅರ್ಥಮಾಡ್ಕೊಂಡ್ರೆ ನಿಮ್ಗೇ ಒಳ್ಳೇದು. ತಪ್ಪ್‌ಗಳಾದ್ರೆ ಮಾತ್ರ ನಾನ್ ಯಾವ್ದೇ ನೆಪಗಳ್ನೂ ಒಪ್ಕೊಳಲ್ಲ.",Anger
ನಾಯಿಗಳ್ನ ನೋಡ್ಕೊಳಕ್ಕೇಂತ ನಮ್ಮೂರಲ್ಲಿರೋ ಪ್ರಾಣಿಕೇಂದ್ರದಲ್ಲಿ ಒಂದ್‌ ತುಂಟ್ ನಾಯಿಮರಿ‌ ಜೊತೆ ಆಟಾಡ್ತ ಭಾಳ ಒಳ್ಳೆ ಸಮಯ ಕಳೆದ್ವಿ ನಾವೆಲ್ಲ.,Happiness
"ಏನೋ ಪಾಪ ಆ ಭಿಕ್ಷುಕಂಗ್‌ ಹಸ್ವಾಗಿರತ್ತೆ ಅಂತ ಊಟ ಕೊಡ್ಸಿದ್ರೆ ಅದ್ನ ಮುಲಾಜಿಲ್ದೇ ಕಸದ್‌ ಬುಟ್ಟಿಗ್‌ ಎಸಿತಾನಲ ಅವ್ನು, ಎಷ್ಟ್‌ ಅಹಂಕಾರ ಇರ್ಬೇಕ್‌ ಅವ್ನಿಗೆ!",Anger
ಕೊರಿಯರ್ ಸರ್ವೀಸ್ನೋರು ನನ್ ಪಾರ್ಸೆಲ್‌ನ ಕಳ್ದ್‌ಹಾಕಿದ್ದಲ್ದೇ ನಂಗ್ ಅದ್ರ್‌ ಬಗ್ಗೆ ಒಂದ್ಮಾತೂ ಹೇಳ್ದೇ ಇದ್ದಿದ್ದು ನಂಗ್ ಮೈಯೆಲ್ಲ ಉರ್ದೋಗಿತ್ತು.,Anger
"ಬಸ್ ತುಂಬಾ ಚೆನಾಗಿದೆ ಅಂತ ನಮ್ಮನ್ನೆಲ್ಲ ಯಾಮಾರ್ಸಿ ಚೂರೂ ಆರಾಮಿಲ್ದಿರೋ ಸೀಟ್ಗಳು ಮತ್ತೆ ಕಾಲಿಟ್ಕೊಳಕ್‌ ಸಾಕಷ್ಟ್‌ ಜಾಗನೇ ಇಲ್ದಿರೋ ಈ ಟೂರ್ ಬಸ್ಸಲ್ಲ್‌ ಹೋಗೋ ಹಾಗ್‌ ಮಾಡುದ್ರಲ, ನಿಮ್ಮೇಲ್‌ ನಂಗೆಷ್ಟ್‌ ಕೋಪ ಬಂದಿದೆ ಗೊತ್ತಾ?",Anger
ನಾನು ಅವ್ರ್‌ ಮನೆಲಿ ಒಲೆ ಹಚ್ಚಿದ್ದವ್ಳು ಅದ್ನ ಹಾಗೇ ಬಿಟ್ಬಂದೆ ಅನ್ಸ್ತಿದೆ. ಮನೆಲೇನಾದ್ರೂ ಬೆಂಕಿ ಹೊತ್ಕೊಂಡ್ರೆ ಅವ್ರ್‌ ನಂಗೊಂದ್‌ ಗತಿ ಕಾಣಿಸ್ತಾರೆ.,Fear
ಅಪಘಾತದಲ್ಲಿ ನನ್ ಕುಟುಂಬನ್ ಕಳ್ಕೊಂಡಾಗ ನಂಗ್‌ ಎದೆಯೆಲ್ಲ ಭಾರ ಆಗಿ ಶೂನ್ಯ ಆವರ್ಸಿತ್ತು.,Sadness
"ಇನ್ಸ್ಟಾಲೇಶನ್‌ ಆದ್ಮೇಲೆ ಕೆಲ್ವು ಕ್ಯಾಬಿನೆಟ್ ಬಾಗ್ಲುಗಳು ಸರ್ಯಾಗ್ ಕೂರ್ದೇ ಇದ್ದಿದ್ನೋಡಿ ಬೇಜಾರಾಗೋಯ್ತು, ಅಷೆಲ್ಲ ಜೋಪಾನ್ವಾಗ್‌ ಮಾಡಿದ್ರೂ ಹೀಗಾಗೋಗಿದೆ.",Sadness
"ಕೆಲ್ವು ದುಷ್ಟ ಬಾಡ್ಗೆದಾರ್ರು ತಮ್ದೇ ಮನೆ ಅನ್ನೋ ಹಾಗೆ ಹಿಡ್ತ ಸಾಧ್ಸೋಕ್‌ ಹೋಗಿ‌ ಪಾಪ ವಾಸಕ್ಕೇಂತ ಬಾಡ್ಗೆ ಮನೆ ಹುಡುಕ್ತಿರೋ ಪ್ರಾಮಾಣಿಕ್ರಾದೋರ್ಗೂ ಕೆಟ್ಟ್ ಹೆಸ್ರು ತರ್ತಾರೆ, ಅಂಥೋರಿಂದಾಗಿ ಯಾರ್ನೂ ನಂಬೋದೇ ಕಷ್ಟ ಆಗೋಗಿದೆ.",Disgust
ಎಟಿಎಂನಿಂದ್  ಹಣ ತೆಗ್ದಾಗ ಅದ್ರ ಮೇಲೂ ಸಹ  ಚಾರ್ಜ್  ಮಾಡೋ ಬ್ಯಾಂಕಿನ್  ಬಗ್ಗೆ ನಂಗ್  ತುಂಬಾ ಸಿಟ್ಟು ಬಂತು.,Anger
"ಈ ಕ್ಲೈಂಟ್ ಮೊದ್ಲೇ ಸಮಯಕ್ ಸರ್ಯಾಗ್ ದುಡ್ಡ್‌ ಕೊಡಲ್ಲ‌, ಇನ್ನೀಗ ಡೆಲಿವರ್‌ ಮಾಡೋದ್ರಲ್ಲಿ ನಮ್ಕಡೆಯಿಂದ್ಲೇ ತಡ ಆಗಿದೆ ಅಂದ್ರೆ ಕೇಳ್ಬೇಕಾ,‌ ನಮ್ಗ್‌ ದುಡ್ಡ್‌ ಕೊಡೋದ್ನ ಇನ್ನೊಂದ್‌ ಯುಗ ಮಾಡಕ್ಕೆ ಅವ್ನಿಗಿನ್ನೊಂದ್ ನೆಪ ಸಿಕ್ಕಂಗಾಯ್ತಷ್ಟೇ ಇದು!",Disgust
ಮುಂಬರೋ ಪ್ರದರ್ಶನದ್‌ ಬಗ್ಗೆ ಎಲ್ರಿಗೂ ಇರೋ ನಿರೀಕ್ಷೆಗಳ್ನ ಅವ್ರ್‌ ಕೈಲಿ ತೃಪ್ತಿಪಡ್ಸೋಕಾಗೋ ಬಗ್ಗೆ ನಂಗ್‌ ಚಿಂತೆ ಕಾಡ್ತಿದೆ.,Fear
"ಆಟ ಆಡೋದ್ರಿಂದ ಮಗುವಿನ್ ಮನ್ಸು ಅರಳತ್ತೆ, ಅದ್ರಿಂದ ಎಷ್ಟೋ ಒಳ್ಳೆ ಗುಣಗಳ್ನ ಬೆಳೆಸ್ಕೋಬಹುದು ಅನ್ನೋದ್ನ ಅರ್ಥನೇ ಮಾಡ್ಕೊಳ್ದೇ ಮಕ್ಳನ್ನ ಆಟಾಡೋಕ್ಕೇ ಬಿಡ್ದಿರೋ ತಂದೆತಾಯ್ಗಳು, ಶಾಲೆಗಳ್ನ ಕಂಡ್ರೇ ಆಗಲ್ಲ ನಂಗೆ.",Disgust
ಎರಡೂ ದಿಕ್ಕುಲಿ  ಯಾವ್ದೇ ಅಪಘಾತ ಆಗದೆ  ಟ್ರಾಫಿಕ್  ಅಸ್ತವ್ಯಸ್ತವಾಗ್  ಹೋದಾಗ್  ಯಾವಾಗ್ಲೂ  ವಿದೇಶಿಯರ್ಗೆ ಆಶ್ಚರ್ಯ ಆಗುತ್ತೆ.,Surprise
ನಾ ಈಜಾಡ್ಲಿಕ್ಕಿ ನನ್‌ ಬಟ್ಟಿ ವಯ್ದಿದ್ದೆ ಖರೆ ಆದ್ರ ಆ ಹೋಟೆಲ್ನವ್ರು ಮೆಂಟೆನನ್ಸ್‌ ಅಂತ್ಹೇಳಿ ಸ್ಮಿಮಿಂಗ್‌ ಪೂಲೇ ಬಂದ್‌ ಮಾಡಿದ್ರು.,Sadness
"ಪ್ರತಿದಿನ ಬೆಳಬೆಳಗ್ಗೆ ಎದ್ದ್‌ ತಕ್ಷಣ ಆ ಚರಂಡಿಯಿಂದ‌ ಗಬ್ಬು ದುರ್ವಾಸ್ನೆ ಮೂಗಿಗ್‌ ಬಡ್ಯತ್ತೆ..‌ ಥು, ಮೂಡೇ ಹಾಳಾಗ್ಬಿಡತ್ತೆ ನಂಗೆ.",Disgust
ಸಿನ್ಮಾಗೆ ಆಡಿಷನ್ ಕೊಡ್ವಾಗ ನಾನ್‌ ಪಾತ್ರದಲ್ಲೇ ಮುಳ್ಗ್‌ಹೋಗೋದು ನಂಗ್‌ ಇನ್ನಿಲ್ಲದ್‌ ಸಂತೋಷ ಕೊಡತ್ತೆ.,Happiness
"ಅವನ್‌ ಒಳಗೆ ಸುಟ್ಟು ಕರಕ್ಲಾಗಿದ್ ಕುಕೀಗಳ್ನ  ನೋಡಿ ನಾನ್‌ ಯಾವ್‌ ಕೆಲ್ಸಕ್ಕೂ ಲಾಯಕ್ಕಿಲ್ಲ ಅನ್ನಿಸ್ಬಿಡ್ತು, ಛೇ, ನಂಗ್‌ ಒಂದ್ಸಲನೂ ಈ ಕುಕೀಗಳ್ನ ಹದವಾಗ್ ಮಾಡಕ್‌ ಆಗೇ ಇಲ್ಲ.",Sadness
ಪಾಸ್ಟಾನ ನಾನ್ ತುಂಬಾ ಜಾಸ್ತಿ ಬೇಯ್ಸಿದ್ರಿಂದ ಅದು ಮೆಡ್ಮೆಡ್ಡೆ ಆಗೋಗಿದ್ ನೋಡಿ ಫುಲ್‌ ಬೇಜಾರಾಗೋಯ್ತು.,Sadness
ನಿರ್ಭಯಾ ಅತ್ಯಾಚಾರದ್ ಪ್ರಕರಣ ನೆನ್ಸ್‌ಕೊಂಡ್ರೆ ನಂಗೀಗ್ಲೂ ದುಃಖ ಆಗುತ್ತೆ.,Sadness
ನನ್ಜೊತೆ ಕೆಲ್ಸ ಮಾಡೋರೊಬ್ರು ಬಹು ಅಂಗಾಂಗ ವೈಫಲ್ಯದಿಂದ ಇದ್ಕಿದ್ಹಾಗೆ ತೀರ್ಕೊಂಡ್ಬಿಟ್ರು.. ನಂಗಿನ್ನೂ ಅದ್ನ ಅರ್ಗಿಸ್ಕೊಳಕ್ಕೇ ಆಗ್ತಿಲ್ಲ.,Sadness
ಅನಿರೀಕ್ಷಿತ ಪರಿಸ್ಥಿತಿ ಬಂದಿರೋದ್ರಿಂದ  ನಮ್  ಕಾರ್ಯಕ್ರಮಕ್ಕೆ ಕಟ್ಟುನಿಟ್ಟಾದ ರದ್ದತಿ ನೀತಿನ  ಅನ್ವಯಿಸಲು ನಮ್ಗೆ ಯಾವ್ದೇ ನಮ್ಯತೆ ಇಲ್ಲ ಅಂತ ನಂಗ್  ನಿರಾಸೆ ಆಗಿದೆ.,Sadness
ಅಲ್ಲಾ ನಂಗ ಆರಾಮಾಗ್ಲಿಕ್‌ ಈ ಕೌನ್ಸಲಿಂಗ್‌ ಸಾಕಾಗ್ಲಿಲ್ಲಂದ್ರ ಮತ್ತೀನ್ನೇನರೆ ಬ್ಯಾರೆದ್‌ ಮಾಡ್ಬೇಕಾಗ್ತದಂತ ಚಿಂತಿ ಹತ್ಯಾದ.,Fear
ಭವಿಷ್ಯದಲ್ಲಿ ಹಣಕಾಸಿನ್ ವಿಷ್ಯವಾಗಿ ಏನೂ ಕೊರತೆ ಆಗ್ದಿರೋಷ್ಟು ಪಿತ್ರಾರ್ಜಿತ ಆಸ್ತಿ ಬಂದಿದೆ ನಂಗೆ.,Happiness
"ಕೆಲವ್ರು ಎಷ್ಟ್‌ ಕೇಡಿಗಳು, ಅಸಹ್ಯದೋರಿರ್ತಾರೆ ಅಂದ್ರೆ ಆ ಹಾಡುಗಾರ ಪಾಪ ಚೆನ್ನಾಗ್ ಹಾಡ್ಲಿಲ್ಲ ಅಂತ ಅವ್ನ್‌ ಮೇಲೆಲ್ಲ ಎಷ್ಟೊಂದ್ ಟೊಮೆಟೊ ಎಸೀತಿದ್ರು.",Disgust
ನಾಳೆ ಪರೀಕ್ಷೆ ಇಟ್ಕೊಂಡು ನೀನ್ಯಾಕ್‌ ಇಲ್ಲ್  ಕೂತ್ಕೊಂಡ್ ವೀಡಿಯೋ ಗೇಮ್ ಆಡ್ತಿದ್ಯಾ? ಸ್ವಲ್ಪನೂ ಜವಾಬ್ದಾರಿ ಇಲ್ವಾ ನಿಂಗೆ?,Anger
ನಾವ್‌ ಹಿಂಗ್‌ ಕೂತು ಮುಂದ್ವರಿಲಾರ್ದಕ್ಕೇ ಮಾರ್ಕೆಟ್‌ನ್ಯಾಗ ನಮಗ್‌ ಪೈಪೋಟಿ ಮಾಡವ್ರು ಹೆಚ್ಗೊಳಿಕತ್ತಾರ.,Sadness
ಬಡ್ತಿ ಸಿಗೋಷ್ಟ್‌ ಅದೃಷ್ಟ ನಂಗಿಲ್ಲ.,Sadness
"ನನ್‌ ಸಮಸ್ಯೆ ಬಗ್ಗೆ ನೀವೊಂಚೂರೂ ಗಂಭೀರ್ವಾಗ್‌ ಯೋಚ್ನೆನೇ ಮಾಡ್ದೆರೋದ್‌ ನೋಡುದ್ರೆ ನಾನ್‌ ನಿಮ್ಮೇಲ್‌ ನಂಬ್ಕೆ ಇಟ್ಟು ಏನ್ನೂ ಹೇಳ್ಕೊಳ್ಲೇಬಾರ್ದಿತ್ತೇನೋ, ಛೇ ದುಡುಕ್ಬಿಟ್ಟೆ.",Disgust
ಆ ಮನುಷ್ಯನ್ ನೋಡಿ ಅಲ್ಲಿ. ದುಡ್ಡ್ ಎಣ್ಸೋವಾಗ  ಅವ್ನು ಬೆರಳನ್ನ ನೆಕ್ಕಿ ನೆಕ್ಕಿ‌ ಎಣಿಸ್ತಿದಾನೆ.,Disgust
"ಚೆನ್ನೈಲಿ ಆ ಎಗ್ಮೋರ್ ಮ್ಯೂಸಿಯಮ್ಮಲ್ಲಿರೋ ಆಡಿಯೋ ಗೈಡ್‌ ಏನೇನೂ ಚೆನಾಗಿಲ್ಲ, ಗೊರಗೊರ ಶಬ್ದ ಕೇಳಿ ತಲೆಚಿಟ್ಟ್‌ ಹಿಡೀತು.",Disgust
ನನ್ ಟಿಕೆಟ್‌ನ ಮುಂದೂಡೋದಕ್ಕೆ ಬುಕಿಂಗ್ ಅಧಿಕಾರಿ ಜೊತೆ ಅಷ್ಟೊಂದ್ಸಲ ಮಾತಾಡಿ ಅವ್ರನ್ನ ಒಪ್ಸೋ ಹೊತ್ಗೆ ನಂಗ್ ಸಾಕಾಗೋಯ್ತು..‌ ರೋಸ್ ಹೋಗಿದೀನಿ‌ ನಾನು.,Disgust
"ಕಳವಾದ್‌ ದುಡ್ಡು, ಪದಾರ್ಥ ಎಲ್ಲ ನಮ್ಗ್‌ ಮತ್ತೆ ಸಿಗ್ದೇ ಹೋದ್ರೆ ನಮ್ಮಗ್ಳ್‌ ಮದ್ವೆನ್‌ ಹೇಗಪ್ಪಾ ಮಾಡೋದು?!",Fear
ನನ್ ಒತ್ತಡ ಮತ್ತೆ ಆತಂಕನ ಕಡ್ಮೆ ಮಾಡ್ಕೊಳೋಕೆ ಕೌನ್ಸೆಲಿಂಗ್‌ ಮೂಲ್ಕ ಸರ್ಯಾದ್‌ ಉಪಾಯಗಳ್ನ ಕಲ್ತ್‌ಕೊಳಕ್ಕಾಗ್ತಾ ಇರೋದು ಎಷ್ಟೋ ಸಮಾಧಾನ ಆಗಿದೆ.,Happiness
"ಸರ್ಕಾರಿ ಶಾಲೆಲಿ ಶೌಚಾಲಯಗಳು ಬಳ್ಸೋಕೇ ಆಗ್ದಿರೋಷ್ಟು ಕೊಳಕಾಗಿ, ಗಬ್ಬೆದ್ದ್‌ಹೋಗಿವೆ.",Disgust
ಎಷ್ಟೆಲ್ಲ ಮಾಡಿದ್ರೂ ಪ್ರಾಜೆಕ್ಟ್‌ ಕೈಗೂಡ್ತಾ ಇಲ್ವಲ ಅನ್ನೋ ಆತಂಕ್ದಲ್ಲಿ ನಿದ್ದೆಯಿಲ್ದೇ ರಾತ್ರಿಗಳ್ನ ಕಳೀತಾ ಇದೀನಿ.,Fear
"ಸಣ್ಣ್ ಅಪಘಾತ ಆಗಿ ನಂಗೆ ಪ್ರಯಾಣ ಮಾಡೋಕಾಗ್ತಿಲ್ಲ, ನಾಳೆಗಿರೋ ನನ್ ಟಿಕೆಟ್‌ನ ಮುಂದೂಡ್ಬೇಕಾಗಿದೆ. ದಯ್ವಿಟ್ಟು ನಂಗ್  ಸಹಾಯ ಮಾಡಿ ಸರ್.",Sadness
ನನ್ ಗಾಡಿ ನೋಂದಣಿ ಮಾಡ್ಸಕ್ ಅರ್ಜಿ ಸಲ್ಲಿಸ್ದಾಗ್ಲೇ ಆರ್.ಟಿ.ಒ. ಕಚೇರಿಲಿ ರೂಲ್ಸೆಲ್ಲ ಬದ್ಲಾಗ್ತಿರೋದು ನಂಗ್‌ ತಡೀಲಾರ್ದಷ್ಟ್ ಕೋಪ ಬಂದಿದೆ.,Anger
"ಅಷ್ಟೆಲ್ಲ ಕೆಲ್ಸ ಮಾಡುದ್ರೂ ಈ ತಿಂಗ್ಳು ನಾವ್ ಅನ್ಕೊಂಡಷ್ಟನ್ನ ಸಾಧ್ಸಕ್ ಆಗ್ಲಿಲ್ಲ, ಇದ್ನ ಮುಂದ್ವರ್ಸೋ ಉತ್ಸಾಹನೇ ಇಲ್ದಂಗಾಗಿದೆ.",Sadness
ಕಾಸ್ಟಿಂಗ್ ಡೈರೆಕ್ಟರ್ ನಂಗ್‌ ಆಡಿಷನ್‌ ಕೊಡಕ್ಕೂ ಬಿಡ್ದೇ ಸಿನ್ಮಾದಲ್ಲೊಂದ್‌ ಮುಖ್ಯವಾದ್‌ ಪಾತ್ರದಲ್ಲ್‌ ಅಭಿನಯ್ಸೋ ಅವ್ಕಾಶನ ನೇರವಾಗೇ ಕೊಟ್ಬಿಟಿದಾರೆ! ನಂಗಿದೆಲ್ಲ ಕನ್ಸೋ ನನ್ಸೋ ಒಂದೂ ಗೊತ್ತಾಗ್ತಿಲ್ಲ!,Surprise
ಸಾರ್ವಜನಿಕ ಶೌಚಾಲಯಗಳು ಎಷ್ಟ್‌ ಕೊಳಕಾಗಿರತ್ವೆ ಅಂದ್ರೆ ಅವನ್ನ ಬಳ್ಸೋ ಜನ್ರಿಗೆ ಸ್ವಲ್ಪನೂ ಜವಾಬ್ದಾರಿ ಇಲ್ವಲ ಅಂತ ಬೇಜಾರಾಗತ್ತೆ ನಂಗೆ.,Sadness
ಅಂಗ್ಡಿ ಕೌಂಟರ್ನ್ಯಾಗ ಒಬ್ ಕಸ್ಟಮರ್ರು ಎಷ್ಟರೆ ಕಸಾ ಬಿಸಾಕಿದ್ದಾಂದ್ರ ನೋಡಿ ಹೊಟ್ಟಿ ತೊಳಸ್ಲಿಕತ್ತಿತ್ತು.,Disgust
ಆಹ್! ನಿಮ್ ಬಗ್ಗೆ ಇಷ್ಟೆಲ್ಲ ಆಳವಾದ್ ಭಾವನೆ ಬೆಳೆಯತ್ತೆ ಅಂತ ನಾನ್‌ ಯಾವತ್ತೂ ಅನ್ಕೊಂಡಿರ್ಲಿಲ್ಲ. ಎಷ್ಟ್‌ ಅದ್ಭುತ್ವಾದ್ ಅನುಭವ ಇದು!,Surprise
ರೈಲ್ವೆ ಬುಕಿಂಗ್ ಗುಮಾಸ್ತ್ರು ನಾನ್ ದೆಹಲಿಗೆ ಪ್ರಯಾಣ ಮಾಡೋವಾಗ್ ಮೇಲಿನ ಬರ್ತ್ ಅನ್ ಕಾಯ್ದಿರಿಸಿ ಮತ್ ಚೆನ್ನಾಗಿ ನಿದ್ರೆ ಮಾಡಿ ಅಂತ  ಸಲಹೆ ಕೊಟ್ಟಾಗ್  ನಂಗ್ ತುಂಬಾ ಖುಷಿ ಆಯ್ತು.,Happiness
ನಮ್ ಪೀಳಿಗೆಯೋರ್ನ ಸರ್ಯಾಗ್ ಅರ್ಥಮಾಡ್ಕೊಳ್ದೆ ಇರೋ ಅಪ್ಪಂದ್ರಲ್ಲಿ ನೀವೂ ಒಬ್ರು.. ಛೆ! ಮಾತಾಡೋಕೇ ಮನ್ಸಾಗಲ್ಲ ನಿಮ್ಹತ್ರ.,Disgust
"ಚೂರೂ ನಿಯತ್ತಿಲ್ದೇ ನಕಲಿ ಆಟಿಕೆಗಳ್ನ ಮಾರಾಟ ಮಾಡೋ ಪೂರೈಕೆದಾರ್ರು ಜೊತೆ ಕೆಲ್ಸ ಮಾಡಕ್‌ ನೀವ್‌ ಯೋಚ್ನೆ ಮಾಡ್ತಿದೀರ ಅನ್ನೋದ್ನ ಅರಗಿಸ್ಕೊಳಕ್ಕೇ ಆಗ್ತಿಲ್ಲ ನಂಗೆ, ಯಾಕಾದ್ರೂ ಅಂಥ ಯೋಚ್ನೆ ಬಂತೋ ನಿಮ್ಗೆ.",Disgust
"ನೀವು ಇತ್ತೀಚ್ಗೆ ಪದೇ ಪದೇ ನನ್ಮೇಲ್‌ ಸಿಟ್ಮಾಡ್ಕೊಂಡು, ಒರ್ಟಾಗ್‌ ಮಾತಾಡ್ತಾ ಇದೀರ. ಏನ್‌ ನಿಮ್ಮೊಬ್ರಿಗೆ ಕೋಪ ಬರೋದು ಅನ್ಕೊಂಡಿದೀರ?! ನಂಗೆ ನಿಮ್ಗಿಂತ ಜಾಸ್ತಿನೇ ಬರತ್ತೆ!",Anger
"ಬೆಳಗ್ಗೆ ತಿಂಡಿಗೆ ಮೆದುವಾಗಿರೋ ಈ ಪ್ಯಾನ್‌ಕೇಕ್‌ಗಳಿದ್ರೆ ಒಳ್ಳೆ ರುಚಿ, ಹೊಟ್ಟೆಗೂ ಹಾಯಾಗಿರತ್ತೆ.",Happiness
ಫಾರಿನ್‌ ಟೂರಿಂದ ಭಾರತಕ್ ವಾಪಸ್‌ ಬಂದ್ಮೇಲೆ ನನ್ ಪಾಸ್ಪೋರ್ಟೇ ಕಳ್ದ್‌ಹೋಯ್ತು.,Sadness
"ಬಡಬಡಾಂತ ಬಾಯಿಗ್‌ ಬಂದಿದ್ದೆಲ್ಲ ಮಾತಾಡ್ಬಿಡ್ತೀನಿ, ಆದ್ರೆ ಅದ್ರಿಂದ ಜನ್ರನ್ನೆಲ್ಲ ದೂರ ಮಾಡ್ಕೊಂಡು ಆಮೇಲೆ ಜೀವ್ನದಲ್ಲಿ ನಾನೊಬ್ನೇ ಒಬ್ಬಂಟಿಯಾಗ್ ಉಳ್ಯೋ ಹಾಗಾಗ್ಬಿಡೋದು ನಂಗ್‌ ಖಂಡಿತಾ ಬೇಡಪ್ಪ.",Fear
ರಸ್ತೆಬದಿ ಸ್ಟಾಲ್‌ನಲ್ಲಿರೋ ಜಿಡ್ಡಿನ್  ಆಹಾರ ನನ್ ಹೊಟ್ಟೆನ  ಹಾಳ್ ಮಾಡುತ್ವೆ.,Disgust
"ನಾನು ನನ್ ಆಧಾರ್ ಕಾರ್ಡ್‌ನ ಕೊಡ್ದಿದ್ರೆ, ಅವ್ರು  ನನ್ ಅರ್ಜಿನ ಪ್ರಾಸೆಸ್‌ ಮಾಡಲ್ಲ ಅಂತ ಆ ಅಧಿಕಾರಿ ಹೇಳಿದ್ರು. ನಾನ್ ನಾಳೆ ಪುನಾ ಹೋಗ್ಬೇಕಾಗುತ್ತೆ.",Sadness
"ನಾನ್ ಎಷ್ಟ್ ಗಂಟೆಗಳ ಕಾಲ ಬೇಕಾದರೂ ವಿಜ್ಞಾನ, ತತ್ವಶಾಸ್ತ್ರ ಮತ್ತು ಬ್ರಹ್ಮಾಂಡದ ಕುರಿತು ಚರ್ಚಿಸ್ತೇನೆ",Happiness
ಯಪ್ಪಾ ಹಿಂಗ್ ಕೊರಿಯ ಅಂಥ ಇನ್ನೂ ಒಂದ್‌ ಭಾಷ್ಣನೂ ನಾವ್‌ ಕೇಳ್ಬೆಕಂತಾರ ಇವ್ರು.,Disgust
ಭಾರ ಎತ್ತೋದು ನಂಗ್ ತುಂಬಾ ಆತ್ಮವಿಶ್ವಾಸ ಕೊಡತ್ತೆ ಮತ್ತೆ ನಂಗದ್ರಲ್ಲಿ ತೃಪ್ತಿ ಇದೆ. ಅದ್ನ ಮಾಡ್ತಾ ಇರೋಕ್‌ ಇಷ್ಟ ನಂಗೆ.,Happiness
ಇತ್ತೀಚ್ಗೆ ಸ್ಟೇಬಲ್‌ ಕನೆಕ್ಷನ್‌ ಇಲ್ದೇ ಹೋದ್ರೆ ನಂದ್‌ ಯಾವ್‌ ಕೆಲ್ಸನೂ ಆಗಲ್ಲ. ಅದ್ಕೇ ವೈ-ಫೈಗೆ ಕನೆಕ್ಟ್‌ ಆಗೋಕ್ ಆಗ್ದಿದ್ದಾಗ ಸ್ವಲ್ಪ ಷಾಕ್‌ ಆಗೋಯ್ತು.,Surprise
ಹೇ ನನ್‌ ಹೊಸಾ ಲಾಪ್‌ಟಾಪ್‌ ಜಲ್ದಿ ಬರ್ಲಿಕತ್ತದ.,Happiness
ಆ ರಾಜಕಾರ್ಣಿ ಸತ್ತಾಗ ಅವ್ರ್‌ ಗೂಂಡಾಗಳ್‌ ಬಂದು ಹೆದ್ರಿಸಿ ನಮ್ಗಳ್ ಅಂಗ್ಡಿ ಮುಂಗಟ್ನೆಲ್ಲ ಮುಚ್ಸುದ್ರು.,Fear
"ಲೆಕ್ಕಾಚಾರ ಮಾಡುವಾಗ, ನಾವು ತೆರಿಗೆ ಕಟ್ಟೋ ಸಮಯ್ದಲ್ಲಿ ನಮ್‌ ಜೇಬು ತೂತಾಗ್ದೇ ಇರೋ ಹಾಗ್ಮಾಡೋ ಒಂದ್‌ ಉಪಾಯ ಕಂಡ್ಕೊಂಬಿಟ್ವಿ!",Happiness
"ನನ್ ಅಂಗ್ಡಿ ಇರೋ ಜಾಗ ಸುತ್ತಮುತ್ತ ಎಲ್ಲ ಅಷ್ಟ್‌ ಸರಿ ಇಲ್ಲ, ಯಾರಾದ್ರೂ ಕಳ್ರು ನುಗ್ಗಿ ಎಲ್ಲ ದೋಚ್ಕೊಂಡ್‌ ಹೋಗ್ಬಿಡ್ತಾರೋ ಅಂತ ಭಯ ಆಗತ್ತೆ.",Fear
ನಮ್ ಪ್ರತಿಸ್ಪರ್ಧಿಗಳ್ ಹತ್ರ ಇನ್ನೂ ವ್ಯಾಪಕ್ವಾದ್‌ ಪ್ರಾಡಕ್ಟ್ ಆಯ್ಕೆಗಳಿರತ್ವೇನೋ ಅಂತ ನಂಗ್ ಆತಂಕ ಆಗ್ತಿದೆ.,Fear
"ದುರದೃಷ್ಟಕ್ಕೆ ನಂಗ್ ತುಂಬಾನೇ ಸಮಸ್ಯೆಗಳಾಗಿವೆ ಇಲ್ಲಿ, ನಿಮ್ ಬ್ಯಾಂಕಿನ್‌ ಜೊತೆ ವ್ಯವಹಾರನೇ ಸಾಕು ಅನ್ಸೋ ಹಂತ ತಲ್ಪ್‌ಬಿಟ್ಟಿದೀನಿ ನಾನು.",Disgust
ಈ ದಿನ ಮುಗ್ಯೋದ್ರೊಳ್ಗೆ ನಾನ್ ಮಾಡ್‌ ಮುಗುಸ್ಬೇಕಿರೋ ಅಡ್ಮಿನಿಸ್ಟ್ರೇಟಿವ್ ಕೆಲ್ಸದ್ ರಾಶಿ ನೆನ್ಸ್‌ಕೊಂಡ್ರೇ ಆತಂಕ್ದಿಂದ ತಲೆಬಿಸಿ ಆಗ್ತಿದೆ.,Fear
"ಅದ್ರ್ ಕೆಳ್ಗೆ ಅಮೆಜ಼ಾನ್‌ ನದಿಗಿಂತ ದೊಡ್ದಾಗಿರೋ ಒಂದ್ ನದಿ ಇದೆ ಅಂತ ಹೇಳುದ್ರು, ನಂಗಂತೂ ಅದ್ನ ನಂಬಕ್ಕೇ ಆಗ್ತಿಲ್ಲ!",Surprise
ರಸ್ತೆ ಬದಿ ಅಂಗ್ಡಿಲೊಬ್ರು ತಮ್ ಬಾಯ್ಗೆ ಉರಿತಾ ಇರೋ ಪಾನ್ ಹಾಕುಸ್ಕೊಳೋದ್‌ ನೋಡಿ ನಾನ್‌ ಗಾಬ್ರಿ ಬಿದ್ದೋದೆ.. ಹೀಗೂ ಇರತ್ತಾ?!,Surprise
ನಾನ್‌ ನಿಮ್ಗೆ ಕಾಲ್ ಮಾಡಿದ್ದು ನಿಜ್ಜ ಒಳ್ಳೆದಾಯ್ತು - ನೀವ್‌ ನನ್‌ ಫ್ರಿಡ್ಜಲ್ಲಿ ಏನ್‌ ಹಾಳಾಗಿದೆ ಅಂತ ವಿವರ್ಸಿ ಅದ್ನ ಹೇಗ್‌ ಸರಿ ಮಾಡ್ತೀರಿ ಅಂತೆಲ್ಲ ತಿಳ್ಸಿದ್ದು ನಂಗೀಗ ಕೊನೆಗೂ ಅದ್ ರಿಪೇರಿ ಆಗತ್ತೆ‌ ಅಂತ ನಂಬ್ಕೆ ಹುಟ್ಟಿದೆ.,Happiness
"ಅಲ್ಲಾ ಇಷ್ಟ್‌ ವರ್ಷಾದ್‌ಮ್ಯಾಲೂ, ಮಂದಿ ಹಬಲ್‌ ಟೆಲಿಸ್ಕೋಪ್ ಮನಷ್ಯಾರಿಗಿ ಏನ್‌ ಕೊಟ್ಟದಂತ ಕೇಳ್ತಾರಲಾ ನಂಗ ಜೀವಾ ಚುರ್ರ್ ಅಂತದ.",Sadness
"ನಂಗಿವತ್ತು ನಿಮ್ಗೆ ಬ್ಯಾಂಕ್ ಖಾತೆನ ತೆರ್ಕೊಡೋಕೆ ಸಾಧ್ಯವಾಗೋಲ್ಲ. ಅದ್ಕೆ ನಮ್ಗೆ ನಿರ್ದಿಷ್ಟ ದಾಖಲೆಗಳು ಬೇಕಾಗ್ತವೆ, ಆದ್ರೆ ಅವ್ಯಾವೂ ಸದ್ಯಕ್ಕೆ ಸಿಗ್ತಿಲ್ಲ. ನಿಮ್ಗೇನಾದ್ರೂ ಅನನುಕೂಲ ಆಗಿದ್ರೆ ದಯ್ವಿಟ್ಟು ಕ್ಷಮ್ಸಿ.",Sadness
ನಾ ಪ್ಲೈಮೌತ್ ಮೀಟಿಂಗ್‌ನ್ಯಾಗಿರೋ ಒಂದ್ ಭಾರತದ್ ಅಂಗ್ಡಿಲಿಂದ ‌೨೦ ಕೆ.ಜಿ. ವಜ್ಝಿದಿದ್ ಅಕ್ಕಿ ಚೀಲಾ ಹೊತಗೊಂಡ್‌ ಬರೋ ಹೊತ್ತಿಗ್ ನಂಗ್ ಭಯಂಕ್ರ ಹೈರಾಣಾಗಿತ್ತ್‌ ಮತ್‌ ಅಷ್ಟೇ ಬ್ಯಾಸ್ರೂ ಆಯ್ತು.,Sadness
"ಅನಿತಾ ಮೂರ್ಜಾನಿಯವ್ರಿಗೆ ಕ್ಯಾನ್ಸರ್ ನಾಲ್ಕನೇ ಸ್ಟೇಜಲ್ಲಿದ್ರೂ ಅದ್ರಿಂದ ಪವಾಡ ಅನ್ಸೋ ಥರ ಚೇತರ್ಸ್ಕೊಂಡ್ಬಿಟ್ರಂತಲ ಅವ್ರು, ಅದ್ರ್ ಬಗ್ಗೆ ಓದಿ ನಾನಂತೂ ದಂಗಾಗ್‌ಹೋದೆ.",Surprise
ಬಫೆಟ್ ರೆಸ್ಟೋರೆಂಟ್ನ ಸೇವೆ ಎಷ್ಟ್  ಚೇನ್ನಾಗಿತ್  ಅಂದ್ರೆ  ಆ ತರ ಇರುತ್ತೆ ಅಂತ ನಾನ್ ಅನ್ಕೊಂಡೆ ಇರ್ಲಿಲ್ಲ.,Surprise
ಇಷ್ಟ್ ನಿಧಾನ್ವಾಗಿರೋ ಆರ್ಥಿಕತೆಲಿ ಸ್ಟಾರ್ಟ್ಅಪ್‌ಗಳ್ಗೆ ಮಾಡ್ತಿರೋ ಹೂಡ್ಕೆ ಪ್ರಮಾಣ ನೋಡ್ತಿದ್ರೆ ನಂಗ್ ಆಶ್ಚರ್ಯ ಆಗತ್ತೆ.,Surprise
"ರಾಹುಲ್! ಇವತ್ತು ಪಿ.ಟಿ. ಸರ್ ನಮ್ಗೆ ಯಾವ್ದೇ ವ್ಯಾಯಾಮ ಇರಲ್ಲ ಮತ್ತೆ ಒಂದು ಗಂಟೆ ಕಾಲ ಬರೀ ಆಟಗಳ್ನೇ ಆಡ್ಬೋದು ಅಂತ ಹೇಳುದ್ರು! ಬೇಗ್ ಬಾ, ನಾವ್ ಚೆಂಡನ್ನ ತಗೊಂಡ್ಬಿಡೋಣ!",Surprise
"ಏನರೇ ಹೆಚ್ಚುಕಡ್ಮಿ ಆದ್ರ ಬೇಕಾಗ್ತದ ಅಂತ ನಾನ್‌ ಏನೂ ರೊಕ್ಕನೇ ಇಟ್ಟಿಲ್ಲ, ಅದ್ ನೆನಿಸ್ಕೊಂಡ್ರ ಹಳ್‌ಹಳಿಸೋ ಹಾಗಾಗ್ತದ.",Sadness
"ಅಲಾ, ಸಾಲಿ ಹುಡುಗ್ರು ಇಷ್ಟ್‌ ಗೂಂಡಾಗಿರಿಗಿ ಇಳದಾವ ಅಂದ್ರನೂ ಈ ಸಾಲಿಮಂದಿ ಕೈಮ್ಯಾಲ್‌ ಕೈಇಟ್ಕೊಂಡ ಕೂತಾರಲ.. ಇದ್ಕಾ ಕಲಿಗಾಲ್ ಅನ್ನೂದು.",Disgust
"ನನ್ ತರಗತಿಲಿ ತುಂಬಾನೇ ಖಿನ್ನತೆಗ್ ಒಳಗಾಗಿರೋ ‌ಒಬ್ಬ ಚಿಕ್ಕ್ ಹುಡ್ಗ ಇದಾನೆ, ಯಾರೂ ಅವ್ನ್‌ ಹತ್ರ ಮಾತೇ ಆಡೋಲ್ಲ. ನಂಗ್ ಅವ್ನ್ ಬಗ್ಗೆ ಯೋಚಿಸ್ದಾಗೆಲ್ಲ ಬೇಜಾರಾಗತ್ತೆ.",Sadness
"ನಾನ್  ಆ ಸಬ್ವೆ  ನಿಲ್ದಾಣಕ್ ಮತ್ ಹೋಗಲ್ಲ. ಫ್ಲಾಟ್ ಫಾರ್ಮ್ ಕೊಳ್ಕಾಗಿತ್, ಮತ್ ಅಲ್ಲಿ  ಕೆಟ್ದಾದ ವಾಸ್ನೆ ಬೇರೆ ಬರ್ತಿತ್ತು.",Disgust
ಈ ಜಾತಿಪಾತಿ ಜಗ್ಳಕ್ಕೆ ರಾಜ್‌ಕೀಯನ್‌ ಬೇರೆ ಸೇರಿಸ್ಬಿಟ್ರೆ‌ ಬೇಡ್ದಿರೋ ಗಲಭೆಗಳಾಗಿ ನಮ್‌ ವ್ಯಾಪಾರದ್ ಗತಿ ಏನಾಗತ್ತೋಂತ ನಂಗ್ ಎದೆ ಢವಗುಡ್ತಾಯಿದೆ.,Fear
ಇಡೀ ವೀಡಿಯೊನ ನಾನೇ ರೆಕಾರ್ಡ್ ಮಾಡಿದ್ದಿದ್ದು.. ಆದ್ರೂ ನನ್ ವೀಡಿಯೊಗೆ ಏನೂ  ಕಾರಣನೇ ಇಲ್ದೇ ಕಾಪಿರೈಟ್ ಸ್ಟ್ರೈಕ್‌ ಮಾಡುದ್ರು.,Anger
ಪುಸ್ತಕ ಮಾರೋನು ಅವ್ನ್ ಅಂಗ್ಡಿಗ್‌ ಬಂದಿದ್ ಹೆಣ್ಮಕ್ಳನ್ನ ಓರೆನೋಟ್ದಲ್‌ ನೋಡ್ತಾ ಕಿಚಾಯಿಸ್ತಾ ಇದ್ದಿದ್ದು ನಂಗ್ ಒಂಚೂರು ಸರಿ ಅನ್ಸ್ಲಿಲ್ಲ.,Disgust
ಶಭಾಷ್! ಈ ಕಾರ್ಯಕ್ರಮಕ್ಕೆ ತುಂಬಾ ಆಟಗಾರ್ರನ್ನ ಆಹ್ವಾನಿಸೋದಿಲ್ಲ. ನೀವು ನಿಜ್ವಾಗ್ಲೂ ಒಳ್ಳೆ ಕ್ರೀಡಾಪಟು ಅನ್ಸತ್ತೆ!,Surprise
ನಾನ್ ಬೆಂಗಳೂರ್ಗೆ ಬಸ್ಲಿ  ಹೋಗೋ ಪ್ಲಾನ್ ಮಾಡಿದ್ದೆ ಆದ್ರೆ ಅರ್ಜೆಂಟ್ಲ್ಲಿ ಟಿಕೆಟ್ ಬುಕ್ ಮಾಡ್ಲಿಕ್ಕೆ  ರೈಲ್ವೆ  ಸ್ಟೇಷನ್ಗೆ ಹೋಗಿದ್ದೆ.,Fear
ಶತಾಬ್ದಿ ಎಕ್ಸ್‌ಪ್ರೆಸ್ಸಲ್ ಕೊಟ್ಟಿದ್‌ ಊಟ್ದಲ್ಲಿ ಕೂದ್ಲು ಸಿಕ್ಕಿ ನಂಗ್‌ ವಾಕರಿಕೆ ಬಂದ್ಬಿಡ್ತು.,Disgust
"ಲಾಕರ್‌ ಬಳಿ ಹೋಗ್ಲಿಕ್ಕಿ ನಾ ಬ್ಯಾಂಕಿನ್‌ ಹಿಂದಿನ್‌ ಖೋಲಿಗ್‌ ಹೋಗಿದ್ದೆ, ರಾಮ್ರಾಮಾ ಅಲ್ಲಿ ರಾಶಿ ಧೂಳ ಮತ್ ರದ್ದಿ ‌ತುಂಬಿದ್ ನೋಡಿ ಮೈ ಮಳಮಳ ಅಂತು.",Disgust
ಅಮೆಜಾ಼ನ್ ಅವ್ರು ಆನ್ಲೈನ್ ಆರ್ಡರ್‌ನ ಅದೆಷ್ಟ್ ಬೇಗ ಪ್ರಾಸೆಸ್ ಮಾಡ್ತಾರೆ ಅನ್ನೋದ್ ನೋಡಿ ನಂಗ್ ಆಶ್ಚರ್ಯ ಆಯ್ತು.,Surprise
ನಾನ್  ವಾಸ ಇರೋ ಏರಿಯಾಲಿ ನಾನ್  ಬಸ್ಗೆ  ಕಾಯೋ ಅಗತ್ಯ ಅಲ್ಲ. ಶೇರ್ಡ್ ಆಟೋ ಎಷ್ಟ್ ಇದೆ ಅಂತ ನಂಗ್ ಗೊತ್ತು.,Happiness
"ನಾನಿರೋ ಜಾಗ ನಂಗ್‌ ತುಂಬಾ ಇಷ್ಟ ಯಾಕಂದ್ರೆ ನಾನಿಲ್ಲಿಂದ ಎಲ್ಲ ಅಂಗ್ಡಿಗಳ್ಗೂ ನಡ್ಕೊಂಡೇ ಹೋಗ್ಬಹುದು, ಅವೆಲ್ಲ ಅಷ್ಟ್‌ ಹತ್ರದಲ್ಲಿವೆ.",Happiness
"ಆ ಬ್ಯಾಂಕಿನವ್ರು ನನ್‌ ಮಗಳ್‌ ಭವಿಷ್ಯಕ್ ಛೋಲೋ ಆಗಹಂಗ ಬ್ಯಾರೆಬ್ಯಾರೆ ಸ್ಕೀಮ್‌ ಹೇಳಿದ್ರು, ನಂಗ್ ಖರೇನೇ ಭಾಳ ಹಿಗ್ಗಾಯ್ತು.",Happiness
ಸುಮಾರಷ್ಟು ಹೊಸ ಸ್ಟಾರ್ಟಪ್‌ಗಳು ಮಾನಸಿಕ ಆರೋಗ್ಯದ್ಮೇಲೆ ಗಮನ ಹರಿಸ್ತಾ ಇವೆ! ನಮ್ ಭಾರತ ಈ ಕ್ಷೇತ್ರದಲ್ಲಿ ಇಷ್ಟು ವೇಗ್ವಾಗಿ ಪ್ರಗತಿ ಸಾಧ್ಸತ್ತೆ ಅಂತ ನಾನಂತೂ ಯಾವತ್ತೂ ಅನ್ಕೊಂಡಿರ್ಲಿಲ್ಲ.,Surprise
"ನಂಗ್ ಸಮೋಸ ಬೇಕಿತ್ತು, ಆದ್ರೆ ಅದು ಸ್ಟಾಕಿಲ್ಲ ಅಂತ ಹೇಳುದ್ರು ಅವ್ರು.",Sadness
ಆ ಮನಷಾ ನೂರಡಿ ಎತ್ರದ್ ಎರ್ಡ್ ಬಿಲ್ಡಿಂಗ್‌ ನಡು‌ ಕಟ್ಟಿದ್‌ ಹಗ್ಗದ್‌ ಮ್ಯಾಲ್‌ ನಡಕೊತ್‌ ಹೊಂಟಾನ.. ನೋಡಿ ನಂಗೇ ಪುಕ್ಕಲ್‌ಹತ್ತಿತ್ತು.,Fear
"ಅಮೃತ್‌ಸರಕ್ ಹೋಗೋ ಕೊನೇ ರೈಲು ಹೊರ್ಟೋಯ್ತಾ? ನಂಗೆ ನಾಳೆ ಒಂದ್‌ ಮೀಟಿಂಗ್ ಇದೆ, ಹೇಗಪ್ಪಾ ಹೋಗೋದು ಅದ್ಕೀಗ?!",Fear
ಶಿಕ್ಷಣ ಇಲಾಖೆಯೋರು ಮಕ್ಳು ಬಾಯ್ಪಾಠ ಮಾಡೋ ಅಗತ್ಯ ಇಲ್ದ್‌ಹಾಗೆ ಹೊಸ ಕಲಿಕಾ ವಿಧಾನಗಳ್ನ ಜಾರಿಗ್‌ ತಂದಿರೋದು ನಂಗಂತೂ ಭಾರೀ ಖುಷಿ ಆಯ್ತು.,Happiness
"ಆ ಕ್ಲೈಂಟ್ ದೇಣಿಗೆ ‌ಕೊಡೋ ನಿರ್ಧಾರ ಮಾಡಿದ್ದನ್ನ ಯಾರೂ ನಿರೀಕ್ಷೆ ಮಾಡಿರ್ಲಿಲ್ಲ, ಆದ್ರೆ  ಅದು ಸ್ವಾಗತಾರ್ಹ!",Surprise
ಇಷ್ಟು ಸ್ವಚ್ಛವಾಗಿರೋ ರೈಲನ್ನ ನಾನ್ ಯಾವತ್ತೂ ನೋಡಿರ್ಲಿಲ್ಲ! ‌ಭಾರಿ ಕ್ಲೀನಾಗಿದೆ ಈ ಟ್ರೈನು!,Surprise
ಸಿಟಿಲಿ  ಅಷ್ಟ್ ದೊಡ್  ಪುಸ್ತಕ ಮಾರೋನಿಗ್ ಸಹ  ನಾನ್  ಹುಡುಕ್ತಾ ಇದ್ದ ಪುಸ್ತಕ ಸಿಗ್ಲೇ ಇಲ್ಲ ಅಂತ ನಂಗ್ ಬೇಜಾರಾಯ್ತು.,Sadness
"ನನ್‌ ಜೀವನ್ದಲ್ಲಿ ಏನೆಲ್ಲ ನಡೀತಿದೆ ಅನ್ನೋ ಬಗ್ಗೆ ಕಲ್ಪನೆನೂ ಇಲ್ದೇ ನಾನೂಂದ್ರೆ ನೀವೆಲ್ಲ ಇಷ್ಟ್‌ ಹಗುರ್ವಾಗ್‌ ತಗೋತೀರಲ, ‌ಏನನ್ಕೊಂಡಿದೀರ ನನ್ನ? ನಿಮ್ಗಳ್‌ ಜೊತೆ ಏಗಿ ಏಗಿ ನಂಗೂ ಸಾಕಾಗೋಗಿದೆ.",Anger
ಎಲ್.ಜಿ.ಬಿ.ಟಿ.ಕ್ಯೂ. ಸಮುದಾಯದವ್ರ ಹಕ್ಕುಗಳ್ನ ಹಿಂಪಡೀತಾ ಇರೋದು ಸರ್ವಥಾ ಸರಿಯಲ್ಲ.,Anger
ಈ ವಾಸ್ನೆ ತಡ್ಕೊಳಕ್ಕಾಗ್ತಿಲ್ಲ. ನಾವ್ ಬೇಗ್ನೆ ದುಡ್ಡ್‌ ಕೊಟ್ಟು ಹೊರ್ಟ್‌ಬಿಡಣ.,Disgust
"ನನ್‌ ಟೀಮಲ್ಲೊಬ್ಬ ಒಳ್ಳೆ ಕೆಲ್ಸ್‌ಗಾರ ಇದಾನೆ, ತುಂಬಾ ಯೋಗ್ಯ.. ಅಂಥೋನ್ಗೆ ನನ್ಕೈಲೀಸಲ ಬಡ್ತಿ ಕೊಡ್ಸಕ್ಕಾಗ್ಲಿಲ್ವಲ ಅಂತ ಭಾಳ ನೋವಾಗ್ತಿದೆ.",Sadness
ಮೊದ್ಲೇ ಹೇಳಿದ್ ಅಧಿವೇಶನಕ್ಕೆ  ಬರ್ದೇ ಇದ್ದಾಗ  ತರ್ಬೇತಿ ಪಡೀತಾ ಇದ್ ಉದ್ಯೋಗಿಗಳ್  ನಿರಾಸಕ್ತಿನ್ ನೋಡ್ಬಿಟ್ಟು  ನಂಗ್  ಆಶ್ಚರ್ಯ  ಆಯ್ತು.,Surprise
"ಅರೇ ವಾಹ್, ಪಿ.ವಿ. ಸಿಂಧೂ ಎರಡು ಸಾವಿರದ ಇಪ್ಪತ್ತರ ಒಲಿಂಪಿಕ್ಸಲ್ಲಿ ಕಂಚಿನ್ ಪದಕ ಗೆದ್ಬಿಟ್ರು.",Surprise
ಬ್ಯಾಂಕಿನಲ್ ನನ್ ಮಗುವಿನ್  ಖಾತೆ ಓಪನ್ ಮಾಡಕ್ ನನ್ ಹತ್ರ  ಕೆಲವ್  ಅಗತ್ಯ ದಾಖ್ಲೆ ಇಲ್ಲದ್ ಕಾರಣ ಆಗಿಲ್ಲ ಅಂತ  ನಂಗ್ ಬೇಜಾರಾಯ್ತು.,Sadness
ಕೆಲ್ವು ವರ್ಷದ್ ಹಿಂದೆ ಜೆ.ಎನ್.ಯು.ನಲ್ಲಾದ್ ಘಟನೆಗಳ್ ಬಗ್ಗೆ ಪಕ್ಷಪಾತದ್‌ ವರದಿ ಮಾಡಿದ್ ಪತ್ರಕರ್ತರನ್ನ ನೆನ್ಸ್ಕೊಂಡ್ರೆ ನಂಗೀಗ್ಲೂ ರೋಷ ಉಕ್ಕುತ್ತೆ.,Anger
ಈ ಬೆಲೆಬಾಳೋ ಹಳೇ ಕುರ್ಚಿಗಳ್ನ ಮಾರಾಟ ಮಾಡೋ ಬಗ್ಗೆ ನಂಗ್‌ ಸ್ವಲ್ಪ ಕಳವಳ ಆಗ್ತಾ ಇದೆ.,Fear
ಆ ಆಟದಲ್ಲಿ ನ್ಯಾಯವಾಗ್‌ ಆಡ್ದೇ ಇರೋದು ಮತ್ತೆ ಪ್ರಾಮಾಣಿಕತೆ ಇಲ್ದಿದ್ದಿದ್ದು ತೀರಾ ಜುಗುಪ್ಸೆ ಬಂದ್ಹೋಯ್ತು ನಂಗೆ.,Disgust
"ಆಪ್ತಸಮಾಲೋಚ್ನೆಗೆ ಅಂತ್‌ ಹೋದಾಗ ಅಲ್ಲಿ ಮತ್ಮತ್ತೆ ನನ್‌ ಸಮಸ್ಯೆಗಳ್‌ ಬಗ್ಗೆ ಮಾತಾಡಿ ಆಡಿ ನಂಗ್‌ ಸಾಕಾಗೋಗತ್ತೆ, ತಲೆ ಕೆಟ್ಟು ಕೋಪ ಇನ್ನೂ ಜಾಸ್ತಿ ಆಗತ್ತೆ.",Anger
ನಾವ್‌ ಉಪಾಸ ಬೀಳ್ಲಾರ್ದ್ಹಂಗ ಜಪಾನ್ಯಾಗ ಒಂದ್‌ ವೀಗನ್‌ ಇಲ್ಲಂದ್ರ ಕಡೀಗ್ ಒಂದ್‌ ವೆಜಿಟೇರಿನ್ ಊಟ‌ನಾದ್ರೂ ಸಿಗ್ತದ ಅನ್ಕೋತೀನಿ.,Fear
ನೀವ್‌ ದುರಾಸೆ ಪಡ್ದಿದ್ರೆ ಮತ್ತೆ ನಿಮ್ಗ್‌ ಒಂದ್ರಾಶಿ ದುಡ್ಡ್‌ ಕೊಡ್ತೀವಿ ಅಂತೆಲ್ಲ ಹೇಳೋ ಬೇಡ್ದಿರೋ ಆನ್ಲೈನ್‌ ಲಿಂಕ್‌ಗಳ್ನೆಲ್ಲ ಕ್ಲಿಕ್‌ ಮಾಡ್ದಿದ್ರೆ ಸುಖವಾಗ್‌ ಇರ್ಬೋದು. ಅದ್ಬಿಟ್ಟು ಎಲ್ಲ ದೋಚ್ಕೊಂಡ್‌ ಹೋದ್ಮೇಲ್ ಗೋಳಾಡುದ್ರೆ ಏನ್‌ ಪ್ರಯೋಜ್ನ?,Disgust
ಆ ಅಂಗ್ಡಿಯೋನು ಮೈಕ್ರೋವೇವ್ ಓವನ್‌ಗೆ ಯರ್ರಾಬಿರ್ರಿ ಬೆಲೆ ಹೇಳಿದ್‌ ಕೇಳಿ ನಂಗ್‌ ರೇಗ್ಹೋಯ್ತು.,Anger
"ಬೆರಳಿಂದ ಪೇಂಟ್ ಮಿಕ್ಸ್ ಮಾಡೋದು, ಆಮೇಲದ್ನೇ ನೆಕ್ಕೋದು.. ಥು, ಮೊದ್ಲು ನಿಲ್ಸು ಅದ್ನ.. ಅಸಹ್ಯ.",Disgust
ಕೆಲ್ಸದಲ್ಲಿ ಎಲ್ರಿಗಿಂತ ಚೆನ್ನಾಗಿ ಗ್ರಾಹಕ ಸೇವೆ ಒದಗ್ಸಿದ್ದಕ್ಕೆ ನಂಗೀಸಲ ಒಳ್ಳೆ ಬೋನಸ್ ಸಿಕ್ಕಿದೆ.,Happiness
"ಈ ಆನ್ಲೈನ್‌ ಕಂಪನಿಂದ ನಾನಂತೂ ಯಾವ್‌ ಕಾರ್ಣಕ್ಕೂ ಏನೂ ಆರ್ಡರ್‌ ಮಾಡಲ್ಲಪ, ಅವ್ರು ಆರ್ಡರ್‌ ಮಾಡಿದ್‌ ವಸ್ತು ಬಿಟ್ಟು ಇಟ್ಟಿಗೆ ಕಳ್ಸ್ತಾರೆ ಅಂತ ಎಷ್ಟೊಂಜನ ಹೇಳಿದಾರ್ ನಂಗೆ.",Fear
ನಿಮ್‌ ಕ್ಲೀನಿಂಗ್‌ ಸರ್ವಿಸ್‌ ಸ್ವಲ್ಪನೂ ಸರ್ಯಾಗಿಲ್ಲ.  ನಿಮ್ಮೋರ್ ಮಾಡಿರೋ ಕೆಲ್ಸ ನೋಡ್ತಿದ್ರೆ ನಂಗ್‌ ಕೆಂಡದಂಥ ಕೋಪ ಬರ್ತಿದೆ.,Anger
"ಗ್ರಾಹಕ್ರೊಬ್ರು ನಮ್ ಅಂಗ್ಡಿಲಿ ಅವ್ರಿಗೆ ಆರಾಮಾಗ್‌ ಷಾಪಿಂಗ್‌ ಮಾಡಕ್ಕಾಗಿದ್ ಬಗ್ಗೆ, ಅವ್ರಿಗ್‌ ಬೇಕಾಗಿದ್ದೆಲ್ಲ ಸಿಕ್ಕಿದ್ರ್‌ ಬಗ್ಗೆ ಸೋಷಿಯಲ್‌ ಮೀಡಿಯಾದಲ್ಲಿ ಒಳ್ಳೆ ಅಭಿಪ್ರಾಯ ಹಂಚ್ಕೊಂಡಿದಾರೆ.",Happiness
"ಒಂದ್‌ ಮುಖ್ಯವಾದ್‌ ಮೀಟಿಂಗ್‌ ಇರೋದ್ರಿಂದ ನಿನ್ನೆ ರೈಲ್ ಟಿಕೆಟ್‌ನ ಮುಂದೂಡ್ಸಿ ಅಂತ ನಾನ್ ನಿಮ್ಗೆ ಹೇಳಿದ್ದೆ ತಾನೇ! ಆದ್ರೆ ಇನ್ನೂ ಯಾಕ್‌ ಮಾಡಿಲ್ಲ ನೀವದ್ನ, ಏನ್‌ ಮಾಡ್ತಾ ಇದೀರ ಆಗ್ಲಿಂದ?",Anger
"ನನ್‌ ಕಾರಿನ್ ಎಕ್ಸಾಸ್ಟ್‌ ‌ಸಿಸ್ಟಮ್ ಹೊಸಾದ್‌ ಮಾಡ್ಸಬೇಕಾ ಇಲ್ಲಾ ಗೊತ್ತಾಗಲ್ಲಾಗ್ಯಾದ, ಅಷ್ಟ್‌ ರೊಕ್ಕಾ ಖರ್ಚ್‌ ಮಾಡಿದ್ದಕ್ಕ ಅದ್‌ ಉಪಯೋಗ್ ಆಗ್ತದೇನಿಲ್ಲಂತ‌ ತಿಳಿವಲ್ದು ಹಿಂಗಾಗಿ ಒಂಚೂರ್ ಹಿಂದೇಟ್ಹಾಕ್ಲಿಕತ್ತಿನಿ.",Fear
"ಓಹ್ ದೇವ್ರೇ, ನಾನ್ ಒಂದೇ ಹೊತ್ತಲ್ಲಿ ಎರ್ಡೆರಡ್ ಕಾಮನ್‌ಬಿಲ್ಲ್‌ ನೋಡ್ದೆ ಅಂದ್ರೆ ನನ್‌ ಕಣ್ಣ್‌ ನಂಗೇ ನಂಬಕ್ಕಾಗ್ತಿಲ್ಲ!",Surprise
ನಿಮ್ಜೊತೆ ಬೀರು ಆಯ್ಕೆಗಳ್ ಬಗ್ಗೆ ನಾನ್‌ ಮಾತಾಡ್ಬೇಕು ಅನ್ನೋದೇ ದೊಡ್ಡ್‌ ಆಶ್ಚರ್ಯ ನಂಗೆ. ನಿಮ್ಗ್‌ ಯಾವಾಗಿಂದ ಇದ್ರಲ್ಲೆಲ್ಲ ಆಸಕ್ತಿ ಶುರುವಾಗಿರೋದು?,Surprise
ನನ್ ಖಾತೆಲಿ ಸಾಕಷ್ಟ್ ದುಡ್ಡಿದ್ರೂ ನೀವ್ಯಾಕ್ ನನ್ ಪೇಮೆಂಟ್‌ ಲಿಮಿಟ್‌ನ ಜಾಸ್ತಿ ಮಾಡ್ತಿಲ್ಲ?,Anger
"ಬಜೆಟ್ ಹೋಟೆಲ್‌ನ್ಯಾಗ್ ಇರ್ಲಿಕ್ ನಂಗ್ಯಾಕೊ ವಲ್ಲ್ಯಾಗಾದ, ಅಂತಾವು ಸೇಫಿರ್ತಾವೊ ಇಲ್ಲೊ ಯಾರಿಗ್ಗೊತ್ತ.",Fear
ವಾಷಿಂಗ್ಟನ್ನಲ್ಲಿರೋ ಕಲಾ ಗ್ಯಾಲರಿಗಳಲ್ಲಿ ಇಷ್ಟೆಲ್ಲ ಬಗೆಬಗೆಯಾದ್‌ ಕಲಾಕೃತಿಗಳ್ನಿಟ್ಟಿರ್ತಾರೆ ಅಂತ ನಂಗ್‌ ಕಲ್ಪನೆನೇ ಇರ್ಲಿಲ್ಲ.,Surprise
"ಹೇ, ನಿಮ್ ಮೊಬೈಲ್‌ ನೆಲದ್ಮೇಲಿದೆ, ಎತ್ಕೊಳಿ ಮೊದ್ಲು ಅದ್ನ..‌ ನಾನ್ ಡಂಬೆಲ್ಸ್ ಕೆಳಗಿಟ್ರೆ ಮೊಬೈಲ್ ನಜ್ಜುಗುಜ್ಜಾಗತ್ತಷ್ಟೇ.. ಜಿಮ್ನಲ್ಲಿರೋವಾಗ ಸ್ವಲ್ಪ ಎಚ್ಚರ್ಕೆಯಿಂದಿರೋದ್‌ ಕಲ್ತ್‌ಕೊಳಿ.",Anger
"ನನ್‌ ಮಗ ಕೌನ್ಸೆಲಿಂಗ್ ತಗೊಂಡು ಗೆಲುವಾದ್ಮೇಲೆ ಅವ್ನು ಹಿಂದೆಲ್ಲ ಎಂಥ ಕೆಟ್ಟ್‌ ಪರಿಸ್ಥಿತಿಗಳ್ನ ಅನ್ಭವಿಸಿದ್ದ, ಅದ್ರಿಂದ ಅವ್ನ್ ಮನ್ಸು ಎಷ್ಟ್‌ ಜರ್ಜರಿತ ಆಗೋಗಿತ್ತು ಅಂತೆಲ್ಲ‌ ನಮ್ಹತ್ರ ಹೇಳ್ಕೊಂಡಾಗ ನಮ್ಗೆ ಸಂಕ್ಟಕ್ಕೆ ಎದೆ ಒಡ್ದ್‌ಹೋದಾಗಾಯ್ತು.",Sadness
"ನಾ ಒಂಚೂರ್‌ ಜಾಸ್ತಿ ಟ್ಯಾಕ್ಸ್‌ ಕಟ್ಬಿಟ್ಟಿದ್ದೆ, ಈ ವಾರ್ ಆ ರೊಕ್ಕಾ ವಾಪಾಸ್‌ ಕೊಟ್ರು‌, ಇನ್ನೇನ್‌ ಬೇಕ್ ನಂಗ ಖುಷೀಲ್ ಕುಣಿಲಿಕತ್ತೀನಿ.",Happiness
"ಆಲ್ಕೋಹಾಲ್ ಮತ್ ಮಾದಕ ವ್ಯಸನಿಗಳ ಸಂಖ್ಯೆನ್  ನೋಡ್ತಾ ಇದ್ದೇನೆ ವ್ಯಸನ ಸಲಹೆಗಾರನಾಗ್, ಚಿಕಿತ್ಸೆನ  ನಿರಾಕರಿಸ್ತಾ ಇರೋ  ಮತ್ ಕೆಟ್ ಹೋಗಿರೋ ವ್ಯವಸ್ಥೆನ  ದ್ವೇಷಿಸ್ತೇನೆ.",Disgust
"ಛೀ ಬ್ಯಾಗೇಜ್‌ ಜಾಗಾದಾಗಿನ್‌ ಗೊಂದಳ ನೋಡಿದ್ರ, ಈ ವಿಮಾನ್‌ ಸಂಸ್ಥಾದವ್ರು ಭಾಳ ಸಾಮಾನ್ ಕಳಕೊಳದೇನ್‌ ದೊಡದಲ್ಲ ಬಿಡು.",Disgust
"ರೀ ಸುಂದರ್‌ಶ್ಯಾಮ್ ಅವ್ರೇ, ಸುದ್ದಿ ಕೇಳುದ್ರಾ ನೀವು? ಪ್ರೊಫೆಸರ್ ಸೌಮ್ಯ ಪರೀಕ್ಷೆನ ರದ್ದ್ ಮಾಡಿದಾರೆ ಕಣ್ರೀ.. ಮತ್ತೆ ನಾವು ರಜೆ ತಗೊಳ್ಬೋದು ಅಂತ್ಲೂ ಹೇಳಿದಾರೆ!",Surprise
"ಎಷ್ಟೋ ಮಂದಿ ಜನನಾಯಕ್ರು ಅನ್ಸ್‌ಕೊಂಡೋರು ಜನಗಳ್ಗೆ ಒಳ್ಳೇದ್‌ ಮಾಡೋಕ್ಕಿಂತ ತಮ್‌ ಸ್ವಾರ್ಥ ಮತ್ತೆ ಅಲ್ಪಾವಧಿ ಲಾಭಗಳ್ನೇ ನೋಡ್ಕೊತಾ ಯುವಪೀಳಿಗೆಯೋರ್ಗೆ ಕೆಟ್ಟ ಮಾದರಿಯಾಗ್ತಾ ಇದಾರೆ, ಇದು ಯಾವ್ಕಾಲಕ್ಕೂ ಬದ್ಲಾಗೋದೇ ಇಲ್ಲ ಅನ್ಸತ್ತೆ.",Disgust
"ಸರ್, ಅಮೃತ್ಸರ್ ಎಕ್ಸ್‌ಪ್ರೆಸ್‌ನ ನಿರ್ವಹಣೆ ಈಗ ಚೆನ್ನಾಗಿದ್ಯಾ? ನಾನ್ ಹೋದ್ಸಲ ಅದ್ರಲ್ ಹೋಗಿದ್ದಾಗ ನಂಗ್ ಅಸಹ್ಯ ಆಗೋಗಿತ್ತು. ಶೌಚಾಲಯಗಳೆಲ್ಲ ತುಂಬಾ ಗಲೀಜಾಗಿದ್ವು.",Disgust
"ಬೈಸಿಕಲ್ ಮಾರೋನು ಒಳ್ಳೆ ಬೈಸಿಕಲ್ ಅಂತ್ಹೇಳ್ಕೊಂಡು ಈ ಲಡ್ಕಾಸಿ ಬೈಕ್‌ನ ನಂಗ್ ಮಾರಕ್‌ ನೋಡ್ದಾಗ ನಂಗ್‌ ಇನ್ನಿಲ್ದಷ್ಟ್‌ ಕೋಪ ಬಂತು, ಏನ್‌ ನಂಗೇ ಟೋಪಿ ಹಾಕಕ್‌ ನೋಡ್ತಾನ್‌ ಅವ್ನು!",Anger
ಕ್ಲೈಂಟ್ ಆಫೀಸಲ್ಲಿ ಮೇಲ್ವಿಚಾರಕ್ರು ದೂರ್‌ಗಳ್ನೆಲ್ಲ  ಪರಿಹರ್ಸೋ ಜೊತೆಗೆ ಕಚೇರಿನ ಜಿಲ್ಲೆಲೇ ಅತ್ಯುತ್ತಮ್ವಾದ್ದು ಅನ್ನೋ ಹಾಗ್‌ ಮಾಡೋ ಮೂಲ್ಕ ಪರಿಸ್ಥಿತಿನ ಯಾರೂ ನಿರೀಕ್ಷೆನೇ ಮಾಡಿಲ್ದಿರೋ ಥರ ಬದ್ಲಾಯಿಸ್ಬಿಟ್ರು.,Surprise
"ನಾನ್ ಕ್ಯಾಬಲ್ಲಿ ವಾಪಸ್ ಬರ್ತಿದ್ದಾಗ, ಮಳೆ ಬರೋಕ್‌ ಶುರು ಆಯ್ತು,‌ ಅದ್ ಸಾಲ್ದೂಂತ ಉದ್ದಕ್ಕೂ ಪೂರ್ತಿ ಟ್ರಾಫಿಕ್ ಜಾಮ್ ಆಗಿತ್ತು.",Sadness
"ಮುಂದಿನ್ ತಿಂಗ್ಳು ಮನೆಗೆ ನೆಂಟ್ರು ಬರೋರಿದಾರೆ, ಆದ್ರೆ ನನ್ಹತ್ರ ಎಕ್ಸ್ಟ್ರಾ ಸಿಲಿಂಡರ್‌ಗೆ ದುಡ್ಡೇ ಇಲ್ವಲ್ಲ ಅನ್ನೋದೇ ದಿನಾ ರಾತ್ರಿ ಚಿಂತೆ ಆಗೋಗಿದೆ ನಂಗೆ.",Fear
ಹರಟೆ ಹೊಡ್ದಿದ್‌ ಸಾಕು! ಮಾತಾಡೋದ್ ನಿಲ್ಸಿ ಆಗ್ಬೇಕಾಗಿರೋ ಕೆಲ್ಸದ್‌ ಕಡೆ ಗಮನ ಕೊಡಿ!,Anger
"ಯಾಕೋ ಏನೋ ಇತ್ತೀಚ್ಗೆ ನಾನ್‌ ಸಣ್ಪುಟ್‌ ವಿಷ್ಯಗಳ್ನೂ ತುಂಬಾ ಮನ್ಸಿಗ್ ಹಚ್ಕೊತಿದೀನಿ, ಮಾತಾಡೋ ಮೊದ್ಲು ಎರ್ಡೆರ್ಡ್ ಸರ್ತಿ  ಯೋಚಿಸ್ಬೇಕಾಗಿದೆ, ಎಲ್ಲ ನನ್‌ ಕರ್ಮ.",Disgust
ಟ್ರಾನ್ಸ್‌ಪೋರ್ಟೇಷನ್‌ ಬೆಲೆಗಳು ಪದೇ ಪದೇ  ಜಾಸ್ತಿ ಆಗ್ತಿರೋದ್ರಿಂದ ನಿಜ್ವಾಗ್ಲೂ ನನ್ಕೈಲಿ ಏನೂ ದುಡ್ಡ್‌ ಉಳೀತಾನೇ ಇಲ್ಲ.,Sadness
"ನಾನ್ ಆನ್ಲೈನಲ್ಲಿ ಲ್ಯಾಪ್ಟಾಪ್ ಆರ್ಡರ್ ಮಾಡಿದೀನಿ, ಆದ್ರೆ ಈಗ ನಮ್ ಅಕ್ಕಪಕ್ಕದ್‌ ಮನೆಯೋರಲ್ಲೊಬ್ರು ಅದೇ ಥರ ಆರ್ಡರ್‌ ಮಾಡಿದ್ದೋರ್ಗೆ ಲ್ಯಾಪ್ಟಾಪ್‌ ಬದ್ಲು ಇಟ್ಟಿಗೆ ಬಂದಿರೋದ್‌ ನೋಡಿ ನಂಗ್‌ ಎದೆ ಢವಢವಾಂತ ಹೊಡ್ಕೊತಿದೆ, ನಂಗೂ ಹಾಗೇ ಆಗ್ಬಿಟ್ರೆ ಏನ್‌ ಗತಿ!",Fear
"ಜನ ಮನೆ ಕಟ್ಸುವಾಗ ಇಟ್ಗೆ, ಮರಳು ಎಲ್ಲನೂ ರಸ್ತೆ ಮೇಲ್‌ ಹಾಕಿಸ್ಬಿಡ್ತಾರೆ,‌ ಅಲ್ಲ್ ಗಾಡಿಲ್ ಓಡಾಡೋರ್ಗೆಲ್ಲ ಎಷ್ಟ್‌ ತೊಂದ್ರೆ‌ ಆಗತ್ತೆ ಅಂತ ಯೋಚ್ನೆನೇ ಮಾಡಲ್ಲ.",Disgust
ಪಾಪ ಛೇ.. ಚೆನ್ನೈಲಿ ಟ್ರಾಫಿಕ್‌ ಸಿಗ್ನಲ್‌ಗಳಲ್ ಸಿಗೋ ಈ ಭಿಕ್ಷುಕ್ರನ್ ನೋಡಿದ್ರೇ ಹೊಟ್ಟೆಲ್‌ ಸಂಕ್ಟ ಆಗತ್ತೆ.,Sadness
"ನಾ ಒಬ್ ಪುರಾತತ್ವಶಾಸ್ತ್ರಜ್ಞ ಅನಸ್ಕೊಂಡು, ತಮಿಳ್ನಾಡಿನ್ಯಾಗ ಈ ಹಳೀ ಮೂರ್ತಿಗಳ್ದು ಪತಾಹಚ್ಚಿ ಅವಕ್ಕ ಹೊರಗ್‌ ತಗಿಯಮುಂದ ನಂಗ ಖುಷಿಲಿಂದ್ ಮೈ ಜುಂ ಅನ್ಸಲಿಕತ್ತಿತ್ತು.",Happiness
ನನ್‌ ಟೀಮ್ನೋರು ಅನ್ಕೊಂಡಿದ್ ಡೇಟ್‌ಗಿಂತ ಎರಡು ವಾರ ಮುಂಚಿತ್ವಾಗೇ ಹೊಸಾ ಥರದ್ ಪ್ರಾಡಕ್ಟ್‌ನ ತಯಾರ್ಸ್‌ಕೊಟ್ಟಿದಾರೆ! ಅದೆಷ್ಟ್‌ ಬೇಗ ಮಾಡ್ಬಿಟಿದಾರಪ್ಪ!,Surprise
ಆರೋಗ್ಯ ಕೇಂದ್ರದಾಗ ಡಾಕ್ಟರ್‌ ಸಲ್ವಾಗಿ ಯಷ್ಟಹೊತ್‌ ಕಾಯ್ಕೋತ ಕೂತಿದ್ದೆ ಅಂದ್ರ ಇಂಥಾ ಸೇವಾಕ್ಕ ರೊಕ್ಕಾ ಕೊಡದ್ರಾಗ್ ಅರ್ಥಿಲ್ಲ.,Anger
"ಪ್ಯಾರಿಸ್ ಮತ್ ಆಮ್ಸ್ಟರ್ಡ್ಯಾಮ್ ನಡುವಿನ್  ಸುಗಮ, ಫಾಸ್ಟ್  ರೈಲ್ಲಲ್ಲಿ  ಹೋದ್ ಮೇಲೆ  ನಂಗ್ ಏನೋ  ಶಕ್ತಿ ಬಂದ್ ಹಾಗ್ ಆಗಿದೆ.",Happiness
ಕೃಷಿ ಕಾರ್ಮಿಕರ್ ತಂಡ ಮಾಡಿದ್  ಎಲ್ಲಾ ಕಠಿಣ ಪರಿಶ್ರಮದ್  ನಂತ್ರ ಹೊಲಗಳ್ ಎಷ್ಟು ಕ್ಲೀನ್ ಆಗಿ  ಕಾಣುತ್ವೆ ಅಂತ  ನಂಗ್  ನಿಜ್ವಾಗ್ಲೂ ಸಂತೋಷ ಆಗಿದೆ.,Happiness
ಯೇ ಐ.ಪಿ.ಒ.ದಾಗ ಯಷ್ಟ ಜಲ್ದೀ ನಂ ದೋಸ್ತನ್‌ ಕಂಪ್ನಿದ್‌ ಶೇರ್‌ ಖರೀದ್ಯಾಗ್ಯಾವಂದ್ರ ನಂಗರೆ ನಂಬ್ಲಿಕ್ಕೇ ಆಗಲ್ತು.,Surprise
ಎಷ್ಟ್‌ ಕೋಪ ಬರತ್ತೇಂದ್ರೆ! ನಾನ್ ಪ್ರತಿ ಸರ್ತಿ ಈ ಬಸ್ ಹತ್ದಾಗ್ಲೂ ಇದೊಳ್ಳೆ ಎತ್ತಿನ್‌ಗಾಡಿ ಥರ ಹೋಗತ್ತೆ.,Anger
ಇವೆಂಟ್ ಮ್ಯಾನೇಜರ್ ಈ ಕಾರ್ಯಕ್ರಮಕ್ಕೋಸ್ಕರ ಮಾತಾಡಿರೋ ಸೇಫ್ಟಿ ವ್ಯವಸ್ಥೆ ನಮ್ ಅತಿಥಿಗಳ್ಗೆ ತಕ್ಕನಾಗಿಲ್ವಲ ಅಂತ ಸ್ವಲ್ಪ ಬೇಜಾರಾಗ್ತಿದೆ.,Sadness
ವರ್ಕ್‌ಲೋಡ್‌ ಹೆಚ್ಚಾಗ್ತಾನೇ ಇರೋದು ನಂಗ್ ಕೆಲ್ಸ ಮಾಡಕ್ಕಿರೋ ಉತ್ಸಾಹಕ್ಕೇ ದೊಡ್ಡ್ ಹೊಡ್ತ ಕೊಡ್ತಿದೆ.,Sadness
ಅರೆರೇ! ವಿಮಾನ ನಿಲ್ದಾಣದಿಂದ ನನ್ ಮನೆಗೆ ಬರೀ ಮೂವತ್ತು ನಿಮಿಷ್ದಲ್ಲಿ ತಲುಪ್ಬಹುದು ಅಂತ ನಂಗಿವತ್ತಿನ್ವರ್ಗೂ ಗೊತ್ತಿರ್ಲಿಲ್ಲ.,Surprise
ಒಕ್ಕಲ್‌ತನಾ ಮಾಡ್ಲಿಕ್ಕಿ ಇಷ್ಟೆಲ್ಲಾ ಥರದ್ ಸಾಮಾನ್‌ ಬೇಕಾಗ್ತಾವಂತ ನಂಗ್ ಅಗಾಧಾಯ್ತು. ಗುದ್ದಲಿ ಸಲಿಕಿನೇ ಇಷ್ಟ್‌ ಬ್ಯಾರೆಬ್ಯಾರೆ ಇರ್ತಾವಂತ ಯಾರಿಗ್‌ ಗೊತ್ತಿತ್‌ ಹೇಳ?,Surprise
"ಈ ಸಂಸ್ಥಾದಾಗ ಭಾರೀ ಲೀಡರ್ಸ್‌ ಅನ್ಕೋತಾರಲಾ ಅವ್ರಿಗಿ ಬರೀ ಷೇರ್‌ನ್ಯಾಗ ಲಾಭ್‌ ಆದ್ರ ಸಾಕ, ಒಂಚೂರು ತಮ್‌ ಕೆಲ್ಸದವ್ರಿಗೂ ಛಲೋ ಆಗ್ಲಿ ಅಂತ ಸ್ಪಲ್ಪೂ ಇಲ್ಲಾ.",Disgust
"ಕೊನೆಯದಾಗಿ ಗಟ್ಟಿಮುಟ್ಟಾದ್ ಕಾಂಪೌಂಡ್ ಗೋಡೆ ಆಗಿರೋದಕ್ಕೆ  ತುಂಬಾ ಒಳ್ಳೆದಾಯ್ತು, ಅದು ಭದ್ರತೆನ್  ಕೊಡೊದಲ್ದೆ  ಒಟ್ಟಾರೆ ಅಸ್ತಿಯ ನೋಟವನ್ನು ಚೆನ್ನಾಗಿ ಕಾಣು ಹಾಗೆ ಮಾಡುತ್ತೆ.",Happiness
ಆ ಫೈನಾನ್ಸ್‌ ಕಂಪನಿ ಮಾಲಕ ಮಂದಿ ರೊಕ್ಕಾ ತೊಗೊಂಡ್‌ ಓಡ್‌ಹೋಗ್ಯಾನ ಅಂತ ಗೊತ್ತಾಗಿ ಮಂದಿ ಸಿಕ್ಕಂಗ ಓಡ್ಯಾಡಿ ಗಾಡಿಗೊಳಿಗೆಲ್ಲಾ ಹೊಡದಾರಂತ.,Anger
ನಮ್ ಬುದ್ಧಿವಂತ ಸಿಬ್ಬಂದಿಯೊಬ್ರು ಅವ್ರಿಗ್ ಸಹಾಯ‌ ಮಾಡಿದ್ದಕ್ಕೆ ಗ್ರಾಹಕ್ರು ಕೃತಜ್ಞತೆ ಸೂಚಿಸ್ದಾಗ ನಂಗ್ ತುಂಬಾ ಖುಷಿ ಆಯ್ತು.,Happiness
ನಾವ್‌ ಬೇರೆ ಊರಿಗ್‌ ಟ್ರಿಪ್‌ ಹೋದಾಗ ನಮ್‌ ಹೊಸ ಡ್ರೈವರ್‌ ಎಚ್ಚರ್ಕೆಯಿಂದ ಡ್ರೈವ್ ಮಾಡಿ ನಮ್ ಕಾರ್‌ನ ಭಾಳ ಜೋಪಾನ್ವಾಗ್‌ ನೋಡ್ಕೊಂಡ್ರು.,Happiness
ಅಮೆಜಾ಼ನಲ್ಲಿ ಪ್ರಾಡಕ್ಟ್ ಡಿಸ್ಕ್ರಿಪ್ಷನ್ಸ್‌‌ ಅಷ್ಟ ಸರ್ಯಾಗಿರೋದ್ ನೋಡಿ ನಂಗ್ ಆಶ್ಚರ್ಯ ಆಯ್ತು.,Surprise
"ಎಷ್ಟೊಂದ್‌ ಜನಕ್ಕೆ ಬಡ್ಡಿ, ಚಕ್ರ ಬಡ್ಡಿ ಅಂದ್ರೆಲ್ಲ ಏನೂ ಅಂತ್ಲೇ ಗೊತ್ತಿಲ್ವಲ ಅಂತ ಆಶ್ಚರ್ಯ ಆಗತ್ತೆ ನಂಗೆ.",Surprise
ಸಾವ್ರಾರ್ ‌ಜನ ಬಡವ್ರಿಗ್ ಮೋಸ ಮಾಡಿ ಅವ್ರ್   ಹಣನೆಲ್ಲ ಲಪಟಾಯ್ಸಿ ಓಡ್ಹೋಗಿದ್ದ ಆ ಸ್ಟಾಕ್ ಬ್ರೋಕರ್ ಸಿಕ್ಕಾಗ ಅವ್ನ್‌ ಮುಖ ನೋಡೇ ನನ್‌ ದಿನ ಎಲ್ಲ ಹಾಳಾದ್ಹಾಗಾಯ್ತು.,Disgust
"ಏನ್‌ ಆಗ್ಯಾದ ಈ ಮಂದಿಗಂತೀನಿ, ಅಲ್ಲಾ ನಂ ಬಳಗ್ರೊಬ್ರಿಗಿ ಆಪರೇಷನ್‌ ಸಲ್ವಾಗಿ ಅರ್ಜೆಂಟ್‌ ಎ.ಬಿ.‌ ನೆಗೆಟಿವ್‌ ರಕ್ತ್ ಬೇಕಾಗ್ಯಾದ ನಿಮ್‌ ಬಲ್ಲಿ ಸಿಗ್ತದೇನಂತ ಕೇಳಿದ್ರ ಹ್ಞೂ ಅಥ್ವಾ ಇಲ್ಲಾಂತ ಸೀದಾಸೀದಾ ಹೇಳಬೇಕಲಾ. ಒಬ್ಬರ್ದು ಜೀವದ್‌ ಪ್ರಶ್ನದ ಇದು!",Anger
"ಎಲ್ಲಾ ಗೈಡನ್ಸ್‌ ಜೊತೆಗೆ ಡ್ರೈವಿಂಗ್ ಲೈಸೆನ್ಸ್ ಪ್ರಕ್ರಿಯೆ ಇಷ್ಟ್ ಸುಲ್ಭವಾಗ್‌ ಆಗತ್ತೆ ಅಂತ ನಂಗ್ ಗೊತ್ತೇ ಇರ್ಲಿಲ್ಲ, ನಿಜ್ವಾಗ್ಲೂ ದಂಗಾಗೋದೆ ನಾನು!",Surprise
ಅದಂತೂ ಸಖತ್ತಾಗಿದೆ! ಕಪ್‌ಬೋರ್ಡು ಹೀಗೆ ನಾನ್ ಮಲ್ಕೊಳೋ ರೂಮಿನ್ ವಿನ್ಯಾಸಕ್ಕೆ ಹೊಂದ್ಕೆ ಆಗೋ ಥರ ಇರ್ಬೇಕು ಅಂತಾಸೆ ಇತ್ತು ನಂಗೆ.,Happiness
ನಾನ್ ದೇವಸ್ಥಾನಕ್ಕೆ ಗಾಡಿ ಡ್ರೈವ್ ಮಾಡ್ಕೊಂಡ್ ಹೊರ್ಟಿದ್ದೆ ಆದ್ರೆ ಅದು ಮುಚ್ಚೋ ಮೊದ್ಲು ಸಮಯಕ್ ಸರ್ಯಾಗಿ ನಂಗ್ ಅಲ್ಲಿಗ್ ತಲ್ಪಕ್ಕಾಗ್ಲೇ ಇಲ್ಲ.,Sadness
"ಏನಕ್ಕೋ ನಾನಲ್ಲೇ ಸ್ವಲ್ಪ ದೂರ ಹೋಗಿದ್ದಾಗ ನನ್ ಸೈಕಲ್ ಮೇಲೆ ಮರ ಬಿದ್ಬಿಡ್ತು, ಮನೆವರ್ಗೂ ನಡ್ಕೊಂಡೇ ಹೋಗ್ಬೇಕು ನಾನೀಗ.",Sadness
ನಮ್ಮಪ್ಪ ಆಗಿ ಹಿಂದೆಲ್ಲ ಯಾವತ್ತೂ ಏನ್‌ ನೀವ್‌ ನನ್ ಪಾಲಿಗಿರ್ಲೇ ಇಲ್ಲ. ಈಗ್ಯಾಕ್ ಇದ್ಕಿದ್ದಂಗೆ ನನ್ಮೇಲ್‌ ಹಕ್ಕ್‌ ಜತಾಯ್ಸಕ್‌ ನೋಡ್ತಿದೀರ?!,Surprise
"ಕೆಲ್ಸ ಹೆಂಗ್‌ ನಿಭಾ‌ಯ್ಸ್ಬೇಕಂತ ಯಷ್ಟರೇ ಹೈರಾಣ ಆಗ್ಲಿಕತ್ತದ ಮತ್‌ ಮನಸ್ಸಿಗಿ ಭಾಳ ತಳ್‌ಮಳ್‌ ಅನಸ್ಲಿಗತ್ತದ, ನಂಗೀ ತಲಿನೋವ್ ತಡೀಲಿಕ್ಕೇ ಆಗಲ್ದು.",Anger
ತಾವ್‌ ಮಾಡೋ ಮಾಲಿನ್ಯದ್ ಬಗಿಗೆ ರವಷ್ಟೂ ವಿಚಾರ ಮಾಡ್ದಿರೋ ರೈತ್ರು ಕಂಡ್ರೆ ನಂಗೊಂಚೂರೂ ಆಗ್ಬರಾಕಿಲ್ಲ.,Disgust
ದೂರದೂರಕ್ ಸವಾರಿ‌ ಹೋಗಕ್ಕೆ ನಂಗೊಂದ್ ಸೈಕಲ್ ಬೇಕಿತ್ತು. ಸೈಕಲ್‌ ಹೊಡ್ಯೋದನ್ನ ಒಂದ್‌ ಖುಷಿಯಾದ್‌ ಅನುಭವ ಆಗ್ಸೋಕೆ ಈಗೆಲ್ಲ ಎಷ್ಟೊಂದ್‌ ಥರಾವರಿ ಸೈಕಲ್‌ಗಳಿರೋದ್‌ ನೋಡಕ್ಕೆ ಎರಡ್‌ ಕಣ್ಣ್‌ ಸಾಲ್ದು.,Happiness
ನಿಮ್ ಒ.ಟಿ.ಪಿ. ಅವ್ನಿಗ್ಹೇಳ್ಬೇಡಿ. ಅವ್ನು ನಿಮ್ ಹಣನ ಕದಿಬೋದು.,Fear
ಸಿಲಿಂಡರ್ನ ಬೆಲೆ ನಂಗ್ ಗೊತಿದ್ರೆ ನಂಗ್  ತುಂಬಾ ಖುಷಿಯಾಗುತ್ತೆ  ಯಾಕೆಂದ್ರೆ ಅದು ನನ್ ಬಜೆಟ್ ಅನ್ ಪ್ಲಾನ್ ಮಾಡೋಕೆ ಸಹಾಯ ಮಾಡುತ್ತೆ.,Happiness
ಹೋದ್ ಶುಕ್ರವಾರ ಅಂಗ್ಡಿಲಿ ಕೆಲ್ವೆಲ್ಲ ರಿಯಾಯ್ತಿ ಮಾರಾಟ ನಡೀತಿದೆ ಅಂತ ನೋಡ್ದೆ ನಾನು. ಅದು ಇನ್ನೂ ನಡೀತಿದ್ಯೋ ಅಥ್ವಾ ಮುಗ್ದೇಹೋಯ್ತೋ ಅಂತ ಯೋಚ್ನೆ ಆಗ್ತಿದೆ ನಂಗೆ.,Fear
ಈ ಪಾರ್ಟಿದವ್ರು ಕರ್ನಾಟಕದಾಗ ಯಲ್ಲಾರ್ಗಿನೂ ಫ್ರೀದಾಗ್ ಕರೆಂಟ್‌ ಕೊಡ್ತೀವಿ ಅಂತ ಹೇಳ್ಯಾರ ಏನ್‌ ಯಾಕ್‌ ಯಲ್ಲಿಂದ್‌ ಕೊಡ್ತಾರಂತ.,Anger
ನಾನು ಒಂದ್ ತಪ್ಪ್ ಹೆಜ್ಜೆ ಇಟ್ರೂ ಈ ಕಡಿಕಲು ಬಂಡೆಯಿಂದ ಬಿದ್ದು ಸತ್ತೇ ಹೋಗ್ಬೋದು.,Fear
ಕ್ಲೈಂಟೊಬ್ರು ನನ್ನನ್ನ ಮನೆಯಿಂದ ಕರ್ಕೊಂಡ್ಹೋಗಕ್ಕೆ ಕಾರ್‌ ಕಳ್ಸಿದ್ದಿದ್ನೋಡಿ ಆಶ್ಚರ್ಯದಿಂದ ಕಣ್ಣುಜ್ಕೊಂಡ್‌ ನೋಡೋ ಹಾಗಾಯ್ತು ನಂಗೆ.,Surprise
ಆ ಮಳಿಕಾಡಿನ್ಯಾಗನ್‌ ಝಿಪ್‌-ಲೈನಿಂಗ್‌ ಭದ್ರ್ ಅವನಾ ಹೆಂಗ? ನಂಗಂತೂ ಅದಂದ್ರ ಭಾರೀ ಪುಕ್ಲು.,Fear
ದುಡ್ಡಿನ್‌ ಬಗ್ಗೆ ನಾವ್‌ ಹಾಕೊಂಡಿರೋ ಗುರಿಗಳ್ಗೆ ಸರಿಹೊಂದೋಂಥದ್ದನ್ನ ಗುರುತ್ಸೋದಕ್ಕೆ ನಾವು ಬೇರ್ಬೇರೆ ಥರದ ಸಾಲದ ಆಯ್ಕೆಗಳ್ನ ಕಾತರದಿಂದ ಹುಡುಕಾಡಿದ್ವಿ.. ಅದೊಂಥರ ಒಳ್ಳೆದಾಯ್ತು ಹಾಗ್ಮಾಡಿದ್ದು.,Happiness
ನಾನ್ ಕೊನೆಗೂ ಮನೆಗ್ ವಾಪಸ್ ಹೋಗ್ಬೋದು. ಈ ಸಲ ದೀಪಾವಳಿಗೆ ಲಾಂಗ್‌ ವೀಕೆಂಡ್‌ ಬರ್ತಾ ಇದೆ.,Happiness
ಅರೇ ವಾಹ್! ನನ್ ಮಾಡ್ಯುಲರ್ ಕಿಚನ್ ಆರ್ಡರ್‌ ಇಷ್ಟ್ ಬೇಗ ರೆಡಿ ಆಗುತ್ತೆ ಅಂತ ನಾನ್ ಅನ್ಕೊಂಡೇ ಇರ್ಲಿಲ್ಲ.,Surprise
ವಾವ್! ಈ ವಾಣಿಜ್ಯ ಮಳಿಗೆ  ಕಚೇರಿಯಲ್ಲಿ ಮೊದ್ಲೇ ಪೀಠೋಪಕರಣ  ಇರೊದ್ರಿಂದ ದೊಡ್ಡ ವೆಚ್ಚದ ಉಳಿತಾಯ್ ಆಗಿದೆ. ಅದಕ್ಕೆ ಆಶ್ಚರ್ಯ ಆಗಿದೆ.,Surprise
"ನಾನ್‌ ನೆನ್ನೆ ರಾತ್ರಿ ಗೊತ್ತಾಗ್ದೇ ಹಾಸ್ಟೆಲ್ ಮೆಸ್ಸಲ್ಲಿ ನಲ್ಲಿ ಮುರ್ದ್‌ಬಿಟ್ಟೆ, ಅವ್ರ್ ನಂಗೆ ಬೈತಾರೆ ಅಂತ ತುಂಬಾ ಹೆದ್ರಿಕೆ ಆಗ್ತಿದೆ.",Fear
ಛೇ.. ನನ್ನನ್ನ ಅಗೌರವದಿಂದ ನಡೆಸಿಕೊಂಡಿದ್ದೂ ಅಲ್ದೇ ನಂಗೇನಾದ್ರೂ ಸಹಾಯ ಬೇಕಾದಾಗ್ಲೆಲ್ಲಾ ತುಂಬಾ ಕಾಯೋ ಹಾಗ್‌ ಮಾಡಿ ಸತಾಯ್ಸಿದಾರೆ. ಇದ್ರ್‌ ಬಗ್ಗೆಯೆಲ್ಲ ಜುಗುಪ್ಸೆ ಬಂದ್ಹೋಗಿದೆ ನಂಗಂತೂ.,Disgust
ನಾನ್  ನೆಲದ್  ಮೇಲೆ ಸ್ವಲ್ಪ  ನೀರನ್  ಕಂಡ್ರು ಅದು ಫ್ರಿಜ್ನಿಂದ ಬಂತ್ ಏನೋ ಅಂತ ಅನ್ಸುತ್ತೆ.,Sadness
ನಾನ್  ಹೋಟೆಲ್ಲಿ  ಆರ್ಡರ್ ಮಾಡ್ದ  ಊಟದಿಂದ್ ನಂಗ್  ಸಂತೋಷ ಆಯ್ತು. ಅದ್  ತುಂಬಾ  ರುಚಿಯಾಗಿತ್ತು.,Happiness
ನಿಮ್ ಹೆಂಡ್ತಿ ಜೊತೆ ನೀವ್ ಆಚರಿಸ್ತಾ ಇರೋ ವಿಶೇಷ ಸಂದರ್ಭಕ್ಕೆ ಈ ಹೊಳೆಯೋ ಹಾರ ಸೂಕ್ತವಾಗಿದೆ.,Happiness
ಬುಕಿಂಗ್ ಗುಮಾಸ್ತೆ ಹತ್ರ ನನ್ ರೈಲ್ ಟಿಕೆಟ್‌ನ ನಾಳೆಗ್ ಮುಂದೂಡಿ ಅಂತ ಕೇಳೋಕ್ಕೆ ನಂಗ್ ತುಂಬಾ ಭಯ ಆಗ್ತಿದೆ.,Fear
ಹೋ ಚಿ ಮಿನ್ಹ್‌ನ್ಯಾಗ ರಸ್ತೆ ಬದ್ಯಾಗಿರ ಮಾರ್ಕೆಟ್‌ಗಳಂದ್ರ ಷಾಪಿಂಗ್‌ ಮಾಡವ್ರಿಗಿ ಸ್ವರ್ಗ ಇದ್ದಂಗ.,Happiness
"ನಂ ಮನಿಯೋಳ್ ಅಪ್ಪಾವ್ರು ಒಮ್ಮಿದೊಮ್ಮೆ ಹೋಗ್ಬಿಟ್ರು‌, ಆಕಿ ಹಗಲಾರಾತ್ರಿ ಅದಾ ಕೊರಗ್ ಹಚ್ಗೊಂಡ್ ಕೂತ್ಬಿಟಾಳ.",Sadness
ಹ್ಯಾರಿ ಸ್ಟೈಲ್ಸ್‌ ಈ ವಾರ ಮುಂಬೈಯಲ್ಲಿ ಹಾಡ್ತಿದಾನೆ ಅಂದ್ರೆ ನಂಗ್‌ ನಂಬಕ್ಕೇ ಆಗ್ತಿಲ್ಲ.,Surprise
ನಂಗಿರೋ ಒಬ್ಬೇ ಒಬ್ಬ ಆತ್ಮೀಯ ಸ್ನೇಹಿತ ರಾಮ್ ಈ ಪ್ರವಾಸ್ದಲ್ಲಿ ನನ್ ಜೊತೆಗಿದ್ದಿದ್ರೆ ಅದ್ರ್‌ ಕಥೆ ಇನ್ನೂ ಬೇರೆನೇ ಇರ್ತಿತ್ತು.,Sadness
ಆ ಫೌಲ್‌ ಬಗ್ಗೆ ರೇಗ್‌ ಹೋಗಿದೆ ನಂಗೆ! ರೆಫರಿ ಫೌಲ್‌ ಅಂತ ಹೇಳ್ಬೇಕಿತ್ತು ಅದ್ನ. ಸರಿಯಿಲ್ಲ ಅವ್ರ್‌ ಮಾಡಿದ್ದು.,Anger
ಅಮೆರಿಕದಲ್ಲಿರೋ  ನನ್ ಮಗುವಿನ್  ಖಾತೆನ್  ನಿರ್ವಹಿಸಕ್ಕೆ  ಬ್ಯಾಂಕ್ ನಂಗ್  ಅವ್ಕಾಶ ಕೊಡ್ತಿಲ್ಲ ಅಂತ  ನಂಗ್ ಕೋಪ ಬರ್ತಿದೆ.,Anger
ನಾನು ಈ ರೆಸ್ಟೋರಂಟ್‌ಗೆ ಹಿಂದೊಂದ್ಸಲ ಬಂ‌ದಿದ್ದಾಗ್‌ ಆಗಿದ್ ಕೆಟ್ಟ್ ಅನುಭವದಿಂದಾಗಿ ಇಲ್ಲಿ‌ ಊಟತಿಂಡಿ ರುಚಿ ನೋಡಕ್ಕೇ ಭಯ ಆಗತ್ತೆ ನಂಗೆ.,Fear
"ಅಯ್ಯಯ್ಯಾ, ನಿಮ್ ಕಾಸ್ಟ್ಯೂಮ್‌ನ ಆ ಥರ ಕಚ್ತಾ ಇರ್ಬೇಡಿ.",Disgust
ನನ್ ಸ್ಟಾರ್ಟ್ಅಪ್ಗೆ ವೆಂಚರ್ ಕ್ಯಾಪಿಟಲಿಸ್ಟ್‌ ಒಬ್ರಿಂದ ಸಾಕಷ್ಟ್ ಬಂಡ್ವಾಳ ಸಿಕ್ಕಾಗ ನಂಗಾದ್‌ ಸಂತೋಷ ಅಷ್ಟಿಷ್ಟಲ್ಲ.,Happiness
ಯಲ್ಲಾರ್‌ ಮುಂದ್‌ ನಂಗ್ ಮನ್ಸಿಗಿ ಬಂದ್ಹಂಗ ಅನ್ಲಿಕ್ಕಿ ನಿಂಗೇನ್ ಹಕ್‌ ಅದ?!,Anger
ಕೌನ್ಸೆಲಿಂಗ್‌ನ  ಸಮ್ಯದಲ್ ನನ್ ಹಿಂದಿನ್  ಅನುಭವಗಳ್  ಬಗ್ಗೆ  ನಂಗ್  ಹೇಳಕ್  ಹೇಳಿದ್ರೆ  ನನ್ ಬಗ್ಗೆ ಎಲ್ರಿಗೂ  ಗೊತ್ತಾಗುತ್ತಲ್ಲ ಅಂತ ನಂಗ್ ಭಯ ಆಗ್ತಿದೆ.,Fear
ನಾನ್‌ ಏನ್‌ ಮಾಡ್ಬಲ್ಲೆ ಅಂತ ಎಲ್ಲರ್ಗೂ ತೋರ್ಸೋ ಅವ್ಕಾಶಕ್ಕೋಸ್ಕರ ಎದುರ್ನೋಡ್ತಾ ಇದೀನಿ ನಾನು.,Happiness
ನಮ್ಮಿಬ್ರದ್ದೂ ಹುಟ್ಟ್‌ಹಬ್ಬ ಒಂದೇ ದಿನ ಬರತ್ತೆ ಅಂತ ನಂಗೊತ್ತಿರ್ಲಿಲ್ಲ!,Surprise
ನನ್ ಚಿಕಿತ್ಸೆ ನಡೀತಿರೋ ಈ ಆಸ್ಪತ್ರೆಲಿ ಕೆಲ್ವೆಲ್ಲ ಸಮಸ್ಯೆಗಳಿರೋದ್ನ ನಾನ್ ಗಮನ್ಸಿದೀನಿ. ಈ ಆರೋಗ್ಯ ಕೇಂದ್ರದಲ್ಲಿ ಸಾಕಷ್ಟ್‌ ತಿಳ್ಕೊಂಡಿರೋ ಡಾಕ್ಟ್ರು ಇದಾರೋ ಇಲ್ವೋ ಅಂತ ನಂಗ್ ಅನ್ಮಾನ ಶುರುವಾಗಿದೆ.,Fear
ನನ್ ಕ್ರೆಡಿಟ್ ಕಾರ್ಡಲ್ಲಿ ನಾನ್ ಒಟ್‌ಮಾಡಿಟ್ಟಿದ್‌ ಪಾಯಿಂಟ್ಸಿಂದ ನನ್ ಕನ್ಸಿನ್ ಕಾರ್ ತಗೊಳಕ್ ಸಹಾಯ ಆಗಿದ್ರಿಂದ ಅದೊಂಥರ ಕಿನ್ನರ ಕಥೆ ಥರ ಸುಖಾಂತ್ಯ ಆಯ್ತು.,Happiness
"ಕಾದಂಬರಿ ಎರಡ್ನೇ ಭಾಗ ಸಿಕ್ದಾಗ ರೋಮಾಂಚನ ಆಗೋಯ್ತು ನಂಗೆ, ಎಷ್ಟ್‌ ಚೆನ್ನಾಗಿದೆ ಗೊತ್ತಾ ಇದ್ನ ಓದ್ತಿದ್ರೆ!",Happiness
ಬಿಲ್ನ್ಯಾಗ್ ಹೊಸಾ ಡೆಲಿವರಿ ಚಾರ್ಜ್‌ ಹಾಕ್ಯಾರ. ನಮ್ ಗ್ಯಾಸ್‌ ಸಿಲಿಂಡರ್ ಸೈತ ಇನ್‌ ಮ್ಯಾಲ್‌ ಡೌಲ್ನ್ಯಾಗ್ ಅಡ್ಯಾಡತದ ಮತ್!,Surprise
"ಹಾಲ್‌ ವಡದು ನಂಗ್ ಛಾ ಕುಡ್ಯದಾಗಿಲ್ಲ, ತಲಿ ಧೀಂ ಅನ್ಲಿಕತ್ತದ ಏನೂ ಸುಧಾರ್ಸವಲ್ದು.",Sadness
"ಈ ರಾಜಕಾರಣಿಗಳು ಅಕ್ರಮವಾಗ್‌ ಗಳ್ಸಿದ್‌ ದುಡ್ಡು, ಆಸ್ತಿನೆಲ್ಲ ಉಳುಸ್ಕೊಳಕ್ಕೆ ಯಾವ್‌ ಮಟ್ಟಕ್‌ ಬೇಕಾದ್ರೂ ಇಳ್ಯೋದ್ನೋಡಿ ನಂಗವ್ರ್‌ ಬಗ್ಗೆ ಇದ್ದ್‌ ಗೌರವಯೆಲ್ಲ ಮಣ್ಣ್‌ ಪಾಲಾಯ್ತು.",Disgust
ಮಧ್ಯಾನ್ಹದ ಊಟದಲ್ಲಿ ಮಗು ಇನ್ನೊಂದು ದಹಿ ವಡಾ ಕೇಳಿದ್ರ ಕೊಡಲಿಲ್ಲ ಅದಕ್ಕ ನನಗ ಬೇಜಾರಾತ್.,Sadness
ಅಂಗ್ಡಿಲಿ ಆ ಪದಾರ್ಥ ಇದ್ಯೋ ಇಲ್ವೋ ಅಂತ ಫೋನ್‌ ಮಾಡಿ ಮೊದ್ಲೇ ತಿಳ್ಕೊಳ್ದೇ ನಾನ್‌ ಸುಮ್ನೇ ಅಷ್ಟ್‌ ದೂರ ಹೋಗ್ಬಿಡ್ತೀನಿ ಅಂತ ಅದ್ಹೇಗ್‌ ಅನ್ಕೊಂಡ್ರಿ ನೀವು?!,Disgust
"ದೊಡ್‌ ದೊಡ್‌ ಹೈವೇ ಮ್ಯಾಲ ಗಾಡಿ ನಡಸ್ಬೇಕಂದ್ರ ನಂಗ ಯದಿ ಡಬ್‌ ಅಂತದ, ನಾ ಇನ್ನಾ ಕಲಿಬೇಕಂತ ಅನಸ್ತದ.",Fear
ನೀವ್‌ ಇವತ್ತು ಏನೂ ತಿಂದಿಲ್ದಿದ್ರೂ ನಿಮ್ ಸಕ್ರೆ ಮಟ್ಟ ನಾರ್ಮಲ್ ಇದೆ!,Surprise
ಹತ್ರದಲ್ಲಿ ಅಷ್ಟೆಲ್ಲ ಸುಂದರವಾದ್ ಪಾರ್ಕುಗಳಿರೋ ಜಾಗದಲ್ಲಿ ನಂಗ್ ಬಾಡ್ಗೆ ಮನೆ ಸಿಕ್ಕಿ‌ದ್ದೇ ದೊಡ್ಡ್ ಆಶ್ಚರ್ಯ.,Surprise
"ವಾವ್ಹಾ, ಏನ್‌ ಎಷ್ಟ ಶಾಂತ ಅದಲಾ ಇಲ್ಲಿ ಕ್ರೈಮ್‌ ರೇಟ್ ಭಾಳ ಕಡಿಮವ! ಇಂಥ ಛೊಲೋ ಜಾಗ್ದಾಗ ಇಷ್ಟ್ ಛಂದ ಮನಿ ಬಾಡ್ಗಿಗಿ ಸಿಕ್ಕದಂದ್ರ ಪುಣ್ಯಾ.",Surprise
ನಂಗ್  ಮಹಿಳಾ ಚಾಲನಾ ಬೋಧಕರನ್ ಕೊಡಿ ಅಂತ್  ನಾನ್ ಹೇಳಿದನ್  ಚಾಲನಾ ಶಾಲೆ ಗಂಭೀರವಾಗಿ ತಗೋತಾ ಇಲ್ಲ  ಮತ್  ಯಾವಾಗ್ಲೂ ಪುರುಷ ಬೋಧಕರನ್  ಕೊಡ್ತಾರೆ ಅಂತ ಸಿಟ್ ಬರ್ತಾ ಇದೆ.,Anger
"ಈ ನ್ಯೂಸ್‌ಪೇಪರ್‌ನೋರು ಒಂದ್ ದೇಶ ಯಾವ್ದೋ ಪ್ರತಿಭಟನೆನ ಹಿಂಸಾತ್ಮಕ್ವಾಗ್ ಹತ್ತಿಕ್ಕಿದ್ದನ್ನ ಹೊಗಳಿ ಅಟ್ಟಕ್ಕೇರ್ಸಿ, ಇನ್ನೊಂದ್‌ ದೇಶ ಅಂಥದೇ ಕೆಲ್ಸ ಮಾಡ್ದಾಗ ಅದ್ನ ಮಾತ್ರ ಹಿಗ್ಗಾಮುಗ್ಗಾ ಟೀಕೆ ಮಾಡಿರೋ ಲೇಖನಗಳ್ನ ಹಾಕಿದಾರೆ. ಇವ್ರ ಇಂಥ ಇಬ್ಬಗೆ ನಿಲುವುಗಳ್ನ ನೋಡ್ತಿದ್ರೆ ಪತ್ರಿಕಾ ವೃತ್ತಿ ಬಗ್ಗೆನೇ ಜುಗುಪ್ಸೆ ಬಂದ್ಬಿಡತ್ತೆ.",Disgust
ಈಗೀಗ ತುಂಬಾ ಜನ್ರು ಮಾನಸಿಕ ಆರೋಗ್ಯನ ಹೆಚ್ಚು ಗಂಭೀರ್ವಾಗ್ ತಗೊಳ್ತಾ ಇದಾರೆ ಅನ್ನೋದೇ ಸಂತೋಷ ನಂಗೆ.,Happiness
"ನಮ್ ಸಂಬಂಧ ಮುರ್ದ್‌ಬಿದ್ದಿದೆ, ನಂಗೀ ನೋವ್‌ ತಡ್ಕೊಳಕ್ಕಾಗ್ತಿಲ್ಲ.",Sadness
ನಾನು ನನ್ ಪರ್ಸ್‌ನ ಮನೆಲೇ ಬಿಟ್ಬಂದಿದೀನಿ. ಮತ್ತೆ ಮನೆಗ್ ಹೋಗಿ ವಾಪಸ್ ಬರ್ಬೇಕಾಗತ್ತೆ ನಾನೀಗ.,Sadness
ನನ್ ಹೊಸ ಡಯಟ್‌ ಕಳೆದ್ ಐದು ತಿಂಗ್ಳಲ್ಲಿ ಹತ್ತು ಕೆ.ಜಿ. ತೂಕ ಇಳ್ಸೋಕ್‌ ಸಹಾಯ ಮಾಡಿದೆ ನಂಗೆ.,Happiness
ಬೆಂಗ್ಳೂರಿನಲ್ ಬೈಕ್ ಟ್ಯಾಕ್ಸಿಗಳ್  ಜನಪ್ರಿಯತೆ ಜಾಸ್ತಿ ಆಗ್ತಿರೋದ್  ಬಗ್ಗೆ ಆಟೋ ರಿಕ್ಷಾ ಒಕ್ಕೂಟಗಳ್  ಅಸ್ಮಾಧಾನ ವ್ಯಕ್ತಪಡ್ಸಿವೆ.,Anger
ಮುಂಬೈಯಲ್ಲಿ ಫ್ಯಾಷನ್‌ ಯಾವಾಗ್ಲೂ ಸಖತ್ ಟ್ರೆಂಡಿ ಮತ್ತೆ ಸ್ಟೈಲಿಷ್ ಆಗಿರತ್ತೆ.,Happiness
ನನ್ ಎ.ಸಿ.ಟಿ. ಕನೆಕ್ಷನ್ನಲ್ಲಿ ನಂಗೆಷ್ಟೆಲ್ಲ ಸಮಸ್ಯೆಗಳಾಗಿವೆ ಅಂತ ಗೊತ್ತಿದ್ದೂ ಗೊತ್ತಿದ್ದೂ ನೀನೂ ಎ.ಸಿ.ಟಿ. ಬ್ರಾಡ್‌ಬ್ಯಾಂಡ್‌ನೇ ಹಾಕುಸ್ಕೊಂಡ್ಯಾ?! ನೀನ್ ಅದುಕ್ಕೊಂದ್‌ ಕಾರಣ ಬೇರೆ ಹೇಳ್ತಿರೋದ್ನ ನಂಗ್‌ ಅರಗಿಸ್ಕೊಳಕ್ಕೇ ಆಗ್ತಿಲ್ಲ.,Surprise
ಈ ಪ್ರಾಜೆಕ್ಟಲ್ಲಿ ಇಷ್ಟೆಲ್ಲ ರಿಸ್ಕ್‌ಗಳಿರೋದು ನಂಗ್‌ ತುಂಬಾನೇ ಯೋಚ್ನೆ ಆಗೋಗಿದೆ. ದಿನಾ ಬೆಳಗಾದ್ರೆ ಯಾಕಾದ್ರೂ ಆಯ್ತೋ ಅಂತ ಟೆನ್ಷನ್‌ ಆಗತ್ತೆ.,Fear
ಮಾಡ್ಯುಲರ್ ಅಡ್ಗೆಮನೆನ ಇನ್ಸ್ಟಾಲ್ ಮಾಡ್ದಾಗ ನನ್ ಹೆಂಡ್ತಿಗೆ ಸಿಕ್ಕಾಪಟ್ಟೆ ಖುಷಿ ಆಗೋಯ್ತು. ಅದಂತೂ ನಮ್ಮನೆಗ್ ಹೇಳ್ಮಾಡ್ಸಿರೋ ಹಾಗಿದೆ.,Happiness
ಈ ಫ್ರಿಜ್ಜು ತಾನೇನೋ ಸರ್ಯಾಗಿರೋಕ್‌ ಕಷ್ಟಪಡ್ತಿರೋ ಥರ ಒಂದೇ ಸಮ್ನೇ ಗಡಗಡಾಂತ ಶಬ್ದ ಮಾಡದ್‌ ಕೇಳಿ ಕೇಳಿ ತಲೆನೋವ್‌ ಬಂದಿದೆ ನಂಗೆ.,Sadness
ನಾನ್  ರೈಲ್  ಟಿಕೆಟ್ ಕಾಯ್ದಿರ್ಸಕ್ಕೆ  ಹೋದಾಗ ರೈಲ್ವೆ ಬುಕಿಂಗ್ ಗುಮಾಸ್ತರು  ಹಿರಿಯ ನಾಗರಿಕರೊಂದಿಗೆ ಕಟುವಾಗ್  ಮಾತಾಡಿದ್ದನ್ ಕೇಳ್ ನಂಗ್  ಬೇಸರ ಆಯ್ತು.,Disgust
"ಕೊನೆಗೂ ಮಾಡ್ಯುಲರ್‌ ಕಿಚನ್‌ ಡಿಸೈನು ನಾನನ್ಕೊಂಡಿದ್‌ ಥರ ಇರಲ್ವೇನೋ ಅಂತ ನನ್‌ ಮನ್ಸಿಗ್ ಒಂದೇ ಸಮ್ನೇ ಅನ್ಸ್ತಾ ಇದೆ. ನನ್‌ ಅಭಿರುಚಿಗೆ, ಅಗತ್ಯಕ್ಕೆ ಸರಿ ಹೊಂದೋಂಥದ್ದಲ್ದೇ ಬೇರೆ ಎಂಥದ್ದೋ ಆದ್ರೆ ಏನಪ್ಪಾ ಮಾಡೋದು?",Fear
"ವಾಹ್, ನಮ್ ಈವೆಂಟ್ ಮ್ಯಾನೇಜರ್ ಕಾರ್ಯಕ್ರಮದಾಗ ಸೇಫ್ಟಿಗಿ ಭಾಳ ಕಾಳ್ಜಿ‌ ತೊಗೊಂಡಾರಂತ ನಂಗ ಗೊತ್ತೇ ಆಗ್ಲಿಲ್ಲಾ! ಅಂತೂ ನಮ್ ಅತಿಥಿಗಳಿಗಿ ಛೋಲೋ ನೋಡ್ಕೊತಾರಂತ ಗೊತ್ತಾಗಿ ಆನಂದಾಯ್ತು.",Surprise
"ಹಲೋ ಮೇಡಂ, ನನ್ ಹೆಸ್ರು ಖಾನ್‌ ಅಂತ. ನಂಗೆ ನಿಮ್ಗೋಸ್ಕರ ಕೆಲ್ಸ ಮಾಡೋಕೆ ಸಂತೋಷ ಆಗ್ತಿದೆ.",Happiness
ನಮ್‌ ನೆರೆಹೊರೆಲಿ ಒಂದೆರ್ಡು ಭಯಂಕರ ಕಳ್ತನಗಳಾಗಿ ಎಲ್ರಿಗೂ ಭಾರಿ ಭಯ ಹತ್ಬಿಟಿದೆ. ನಾವೀಗ ರಾತ್ರಿ ಹೊತ್ತು ಗುಂಪಾಗಿ ಗಸ್ತ್‌ ತಿರ್ಗೋಕ್‌ ಶುರು ಮಾಡಿದೀವಿ.,Fear
"ಅಷ್ಟ್‌ ಸಲ ಕಾಲ್ ಮಾಡುದ್ರೂ ಯುರೇಕಾ ಫೋರ್ಬ್ಸ್‌ನೋರು ನನ್ ನೀರಿನ್ ಫಿಲ್ಟರ್‌ನ ಸಮಯಕ್ ಸರ್ಯಾಗಿ ಸರ್ವಿಸ್ ಮಾಡ್ಕೊಡಕ್ ಬರೋ ಬಗ್ಗೆ ಏನೂ ನೆಟ್ಟಗ್ ಹೇಳ್ತನೇ ಇಲ್ಲ, ಅವ್ರ್‌ ಹೀಗ್‌ ನಿರ್ಲಕ್ಷ್ಯ ಮಾಡೋದ್ನೋಡಿ ಸಿಟ್ಟ್‌ ಏರ್ತಾ ಇದೆ ನಂಗೆ.",Anger
ಭೇಷ್! ನೀವಿಷ್ಟ್‌ ಬೇಗ ಚೇತರ್ಸ್ಕೊತೀರಿ ಅಂತ  ನಾನ್ ಖಂಡಿತ ಅನ್ಕೊಂಡಿರ್ಲಿಲ್ಲ.,Surprise
ಅಬ್ಬಬ್ಬಾ! ಯು.ಪಿ.ಐ. ಒಂದ್ ತಿಂಗ್ಳಲ್ಲಿ ಸುಮಾರು ಹದಿಮೂರು ಲಕ್ಷ ಕೋಟಿ ರೂಪಾಯಿ ಮೌಲ್ಯದ ಎಂಟು ಬಿಲಿಯನ್ ವಹಿವಾಟುಗಳ್ನ ನಿರ್ವಹಿಸತ್ತಂತೆ!,Surprise
"ನಾನ್ ಏನೂ ತಡೆಯಿಲ್ದ್‌ಹಾಗೆ ಒಳ್ಳೆ ಅನುಭವ  ಸಿಗುತ್ತೆ ಅನ್ಕೊಂಡೆ, ಆದ್ರೆ ಕಾರ್ಯಕ್ರಮ ನನ್ ನಿರೀಕ್ಷೆ ಮಟ್ಟಕ್ಕಿರ್ಲಿಲ್ಲ, ನಂಗ್‌ ತುಂಬಾನೇ ನಿರಾಶೆ ಆಯ್ತು.",Sadness
ನೋಡಿ ಅಲ್ಲಿ! ದಡದ್ ಹತ್ರ ಒಂದ್ ಶಾರ್ಕ್ ಇದೆ!,Surprise
ಇಷ್ಟೊಂದ್ ಸಿಹಿಯಾಗಿರೋ ಸೀಬೆ ಹಣ್ಣ್‌ಗಳ್ನ ನಾನ್ ಯಾವತ್ತೂ ತಿಂದೇ ಇರ್ಲಿಲ್ಲ!,Surprise
ವಾಹ್! ಈ ಸ್ಮಾರ್ಟ್‌ಫೋನಲ್ಲಿ ಫೋಟೋಗಳು ಒಳ್ಳೆ ಪ್ರೊಫೆಷನಲ್ಸ್ ತೆಗ್ದಂಗಿರತ್ತೆ.,Surprise
"ಸಿನ್ಮಾದಲ್ಲಿ ಕೆಲ್ವು ಪಾತ್ರಗಳು ಮತ್ತೆ ವಿಷ್ಯಗಳ್ನ ಚಿತ್ರಿಸಿರೋ ರೀತಿ ಚೂರೂ ಇಷ್ಟ ಆಗ್ಲಿಲ್ಲ ನಂಗೆ. ಸಾಸ್ವೆಯಷ್ಟೂ ಸಂವೇದ್ನೆ, ಸೂಕ್ಷ್ಮ ಇಲ್ಲ ಅದ್ರಲ್ಲಿ.",Disgust
ಕ್ರೀಡಾಪಟುಗಳು ಆಕ್ರಮಣ ಮಾಡೋ ಥರ ಎಗರಿ ಬೀಳೋದು ಮತ್ತೆ ಒರಟೊರ್ಟಾಗಿ ಆಡೋದೆಲ್ಲ ಮಾಡಿದ್ರೆ ಅವ್ರ್‌ ಮೇಲಿರೋ ಅಭಿಮಾನ ಎಲ್ಲ ಮಣ್ಪಾಲಾಗತ್ತಷ್ಟೇ.,Disgust
ನಂಗಿವತ್ತು ಮನ್ಸ್‌ ಯಾಕೋ ಸರಿಯಿಲ್ಲ.. ಈ ಸಂಗೀತನೋ.. ಅದ್ನ ಕೇಳ್ತಿದ್ರೆ ನನ್ ಬೇಜಾರಿನ್ನೂ ಜಾಸ್ತಿ ಆಗ್ತಿದೆ.,Sadness
"ನನ್ ಹೋಟೆಲ್‌ ರೂಮಲ್ಲಿ ಒಳ್ಳೆ ಊಟ ಬರುತ್ತೆ ಅಂತ ಆಸೆಯಾಗಿದ್ದೆ. ಆದ್ರೆ ರೂಮ್‌ ಸರ್ವಿಸ್ನೋರು ಸರ್ಯಾಗ್ ಏನೂ ಹೇಳ್ತನೇ ಇಲ್ಲ, ಕಾದೂ ಕಾದೂ ಬೇಜಾರಾಗ್ತಿದೆ.",Sadness
"ನಿಮ್ಮಲ್ಲ್‌ ಕೆಲ್ಸ ಮಾಡೋರ್ಗೆ ಒಬ್ಬ ವಯಸ್ಸಾದ್‌ ವ್ಯಕ್ತಿ ಜೊತೆ ಹೇಗ್‌ ನಡ್ಕೊಬೇಕು, ಗೌರವ ಕೊಡ್ಬೇಕು ಅನ್ನೋದೇ ಗೊತ್ತಿಲ್ವಲ್ರೀ!",Anger
ನಾನ್  ದೆಹ್ಲಿಗೆ ರೈಲ್  ಟಿಕೆಟ್ ಕಾಯ್ದಿರಿಸಕ್  ಹೋದಾಗ ಎಂಆರ್ ಟಿಎಸ್ ನಿಲ್ದಾಣದಲ್ ಮೂತ್ರದ್ ವಾಸ್ನೆ ಮತ್ ಕಸದ್ ರಾಶಿನ್ ನೋಡ್ಬಿಟ್ ನಂಗ್ ವಾಕರಿಕೆ ಬಂತು.,Disgust
"ಸೋಲೋದೂಂದ್ರೆ ನಂಗ್ ಭಯ ಆಗತ್ತೆ, ಯಾಕಂದ್ರೆ, ನಂಗ್ ಬೇರೇವ್ರಿಗ್ ನಿರಾಸೆ ಮಾಡಕ್ ಇಷ್ಟ ಆಗಲ್ಲ.",Fear
ನಮ್ ತೆರಿಗೆ ದಾಖಲೆಗಳೆಲ್ಲ ಸರ್ಯಾಗಿವೆ ಅನ್ನೋದು ದೊಡ್ಡ್‌ ಸಮಾಧಾನ. ಈಗ್ ನಾನು ಧೈರ್ಯವಾಗಿ ನಮ್‌ ಬಿಸ್ನೆಸ್‌ನ ವಿಸ್ತರ್ಸೋ ಕಡೆ ಗಮನಹರಿಸ್ಬಹುದು.,Happiness
ಇಲ್ಲೇ ಹತ್ರದಲ್ಲಿರೋ ಜಿಮ್‌ಅಲ್ಲಿ ಎಕ್ವಿಪ್ಮೆಂಟ್ಸೆಲ್ಲ ಬರೀ ಅಂಟಂಟು.. ಕೈ ಕಾಲಿಟ್ರೆ ಜಾರ್ಬಿಡೋ ಥರ ಎಷ್ಟ್ ಕೆಟ್ದಾಗಿವೆ ಅಂದ್ರೆ ನಂಗ್‌ ಅವನ್ನ ಮುಟ್ಟೋಕೂ ಮನ್ಸಾಗಲ್ಲ.,Disgust
"ಭಾರತದಲ್ಲಿನ್  ಚಾಲನಾ ಅನುಭವನ್  ಯುಎಸ್ನಲ್ಲಿನ್  ಚಾಲನಾ ಅನುಭವದೊಂದಿಗೆ ಹೋಲ್ಸಿದಾಗ, ಯುಎಸ್ನಲ್ಲಿ ಕಲಿಸ್ತಾ  ಇರೋ ವ್ಯವಸ್ಥಿತ ವಿಧಾನ ನಂಗ್ ಜಾಸ್ತಿ ಇಷ್ಟ ಆಯ್ತು.",Happiness
ನನ್ ಮಗ ಮಾನವಿಕ ವಿಷಯಗಳಿಗಿಂತ ಎಂಜಿನಿಯರಿಂಗ್ ಪದವಿನ  ಕಲೀತೇನೆ ಅಂತ  ನಿರ್ದಾರ ಮಾಡ್ದಾಗ  ನಂಗ್  ಬೇಜಾರ್ ಆಯ್ತು.,Surprise
ಶಾಲೆಲ್ ಕೊಡೋ ಊಟ ಬಾಯ್ಗಿಡಕ್ಕಾಗ್ದಷ್ಟ್‌ ಕೆಟ್ದಾಗಿರತ್ತೆ; ಅದ್ಕೆ ನಾನ್‌ ಯಾವತ್ತೂ ಅಲ್ಲ್ ಊಟ ಮಾಡಕ್ಕೇ ಹೋಗಲ್ಲ.,Disgust
ನಾನು ಆ ರೀಟೇಲ್ ಗೋದಾಮಿಗ್ ಕಾಲಿಟ್ಟಾಗ ಕೊಳ್ತ್‌ಹೋಗಿರೋ ಕಟ್ಟಿಗೆಯಿಂದ ಬರ್ತಿದ್ದ್ ದುರ್ನಾತ ಮೂಗಿಗ್‌ ಬಡ್ದು ಮೂರ್ಛೆ ಹೋಗೋಹಾಗಾಗ್ಬಿಡ್ತು.,Disgust
ಬೇಸ್ಗೆ ಸಮ್ಯದಲ್  ನನ್ ಫ್ರಿಜ್ ಜೇನುಗೂಡಿಗಿಂತ ಜೋರಾಗ್  ಗುನುಗ್ತಾ  ಇರೋದನ್ ಕೇಳ್ದಾಗ  ನಂಗ್  ನನ್ ಕಿವಿನ  ನಂಬಕ್  ಸಾಧ್ಯ ಆಗಿಲ್ಲ !,Surprise
"ಒಂದೆರಡ್ ವಾರದ್ ಹಿಂದೆ ಅಷ್ಟೇ, ಲೇನ್‌ ಬದ್ಲಾಯ್ಸೋಕೆ ಎಷ್ಟ್‌ ಹೆದರ್ತಿದ್ದೆ ನಾನು, ಆದ್ರೆ ಈಗ ಹೈವೇಲೇ ಗಾಡಿ ಓಡ್ಸೋಕಾಗಿದ್ದು ದೊಡ್ಡ್‌ ಸಾಧ್ನೆ ಮಾಡ್ದಂಗ್‌ ಅನ್ಸ್ತಿದೆ.",Happiness
ಈ ಜಾಗದ್ ಮಾಲೀಕ್ರು ಹೋದ್ವರ್ಷ ಮಾಸ್ಟರ್ ಷೆಫ್‌ಲಿ ಗೆದ್ದಿದ್ರು ಅಂತ ನಂಗೊತ್ತಿರ್ಲಿಲ್ಲ!,Surprise
"ಇಲ್ಲ ಸರ್, ನನ್ ಅಜ್ಜಂಗೆ ಹುಷಾರಿಲ್ದಿದ್ರಿಂದ ನಂಗೆ ನೆನ್ನೆ ಕೆಲ್ಸ ಮಾಡಕ್ಕಾಗ್ಲಿಲ್ಲ.",Sadness
ಹದಿಮೂರು ಫುಟ್ಬಾಲ್ ಆಟಗಾರರನ್ ಗುಹೆಯಿಂದ್ ಜೀವಂತ್ವಾಗಿ ಹೊರ್ಗೆ ತೆಗ್ದಾಗ ನಂಗ್ ನನ್ ಕಣ್ಣುಗಳನ್ನೇ ನಂಬಕ್ ಆಗಿಲ್ಲ.,Surprise
ನನ್‌ ಕಿವಿನೇ ನಂಗ್‌ ನಂಬಕ್ಕಾಗ್ತಿಲ್ಲ! ಬೆಂಗ್ಳೂರಲ್ಲಿರೋ ಜನಕ್ಕೆ ಇವತ್ತು ಆಕಾಶ್ದಲ್ ಒಂದ್ ಬಾಗ್ಲು ಕಾಣಿಸ್ತಂತೆ!,Surprise
ಸಮುದ್ರದ್‌ ಆಳಕ್ಕಿಳ್ದು ಟೈಟಾನಿಕ್‌ ಹತ್ರ ಹೋಗೋ ಬಗ್ಗೆ ನಂಗ್‌ ಭಾರಿ ಹೆದ್ರಿಕೆ ಆಗಿತ್ತು.,Fear
ನಾನ್ ಬಾಡ್ಗೆಗ್ ತಗೋಬೇಕು ಅನ್ಕೊಂಡಿದ್ ಮನೆಲಿ ಲಿವಿಂಗ್ ರೂಮಿಗ್ ‌ಯಥೇಚ್ಛವಾಗ್ ಬರ್ತಿದ್ದಿದ್ ಸೂರ್ಯನ್‌ ಬೆಳಕ್ ನೋಡಿ ನಂಗಂತೂ ಹಿತವಾದ್‌ ಆಶ್ಚರ್ಯ ಆಯ್ತು.,Surprise
"ನಂದ್ ಮೆಡಿವೆಲ್ ವಿಮಾ ಇನ್ನಾ ಭಾಳ ಖರ್ಚ್‌ ಭರಿಸ್ತದ ಅಂತ ನಂಗನಸಿತ್ತು. ಇದ್‌ ದೊಡ್‌ ಅಮೌಂಟ ಕೊಡಲ್ಲಂತಂದ್ರ ಹೆಂಗ, ಇದ್‌ ಭಾಳ ತಪ್ಪಾಗ್ತದಲಾ.",Surprise
"ಇವೆಂಟ್ ಥೀಮ್ ಬಗ್ಗೆ ಇವೆಂಟ್ ಮ್ಯಾನೇಜರ್ರು ಭಾರಿ ಕ್ರಿಯೇಟಿವ್‌ ಆಗ್‌ ಕೆಲ್ಸ ಮಾಡಿದ್ದಿದ್ದು ನಂಗ್‌ ತುಂಬಾನೇ ಇಷ್ಟ ಆಯ್ತು, ಅದ್ರಿಂದ ಇಡೀ ಜಾಗನೇ ಒಳ್ಳೆ ಮಾಯಾಲೋಕದ್‌ ಥರ ಆಗೋಗಿತ್ತು.",Happiness
ನನ್ ಹೊಸ ಮನೆಗೋಸ್ಕರ ನಾನ್ ಅವ್ರ್‌ ಹತ್ರ ಎಷ್ಟೊಂದೆಲ್ಲ ಸಾಮಾನ್‌ ಕೊಂಡ್ಕೊಂಡ್ಮೇಲೂ ಆ ಎಲೆಕ್ಟ್ರಿಕಲ್‌ ಅಂಗ್ಡಿಯೋರು ಜಾಸ್ತಿ ವಾರಂಟಿ ಕೊಡ್ಲೇ ಇಲ್ಲ. ಯಾಕಾದ್ರೂ ವ್ಯಾಪಾರ ಮಾಡುದ್ನೋ ನಾನ್‌ ಅವ್ರ್‌ ಹತ್ರ!,Anger
ನಂಗ್ ನಿನ್ ಬಗ್ಗೆ ಬೇಜಾರಿದೆ ಯಾಕೆಂದ್ರೆ ಈಗ ನಿಮ್ ವಾರ್ಷಿಕೋತ್ಸವಕ್ಕೆ ನೀವ್ ಹುಡುಕ್ತಾ ಇರೋ ಆಭರಣಗಳ್ ನೀವ್ ಖರ್ಚು ಮಾಡಕ್ಕೆ ನಿಮ್ ಹತ್ರ ಇರೋದಕ್ಕಿಂತ್ ಜಾಸ್ತಿ ಇದೆ.,Sadness
ಗಗನಯಾತ್ರಿಗಳು ಮಾಡಿರೋ ತ್ಯಾಗಗಳು ಮತ್ತೆ ಬಾಹ್ಯಾಕಾಶ ಕಾರ್ಯಾಚರಣೆಗಳಲ್ಲಿ ಜೀವಹಾನಿ ಆಗೋ ಸಾಧ್ಯತೆ ಬಗ್ಗೆ ಯೋಚಿಸ್ದಾಗ್ಲೆಲ್ಲ ನಂಗೆ ತುಂಬಾ ಬೇಜಾರಾಗತ್ತೆ.,Sadness
ಹತ್ರದಲ್ಲಿರೋ ಬೇಕ್ರಿಯಿಂದ ತಂದ ಪದರಪದರವಾಗಿರೋ ಈ ಕ್ವಾಸನ್‌‌ ತಿಂತಿದ್ರೆ ಇಲ್ಲೇ ಸ್ವರ್ಗ ಅನ್ಸ್ತಿದೆ.,Happiness
ಕಟ್ಟಡ ಕಟ್ತಿರೋ ಜಾಗ್ದಲ್ಲಿ ಭೂತಬಾಧೆ ಇದೆ ಅನ್ನಿಸ್ತಿದೆ. ನೆನ್ನೆ ರಾತ್ರಿ ನಾನು ಸೈಟ್ ಹತ್ರ ನಡ್ಕೊಂಡ್‌ ಬರುವಾಗ ದೆವ್ವನ ನೋಡ್ದೆ ಅನ್ಸ್ತು.,Fear
ನಂಗ್ ಅರ್ಥ ಆಗತ್ತೆ. ನಿಮ್ಗೆ ಸಹಾಯ ಮಾಡೋಕಂತ್ಲೇ ನಾವಿದೀವಿ ಇಲ್ಲಿ. ನೀವು ದಯ್ವಿಟ್ಟು ಸ್ವಲ್ಪ ಮಾಹಿತಿ ಒದಗಿಸ್ತೀರ? ಅದ್ ಸಿಕ್ತೂಂದ್ರೆ ನಾವು ಖಾತೆನ ಮುಚ್ಚೋ ಪ್ರಕ್ರಿಯೆ ಪ್ರಾರಂಭಿಸ್ಬಹುದು.,Happiness
ಸ್ನಾರ್ಕ್ಲಿಂಗ್ ಮತ್‌ ಅದ್ರಹಂಗಿರ ನೀರಾಟಕ್ಕ ಸುರಕ್ಷಾ ಕ್ರಮಗೊಳ್ ಏನೇನವ? ನಂಗಂತೂ ಅವಂದ್ರ ಭಾರೀ ಹೆದ್ರಿಕಿ ನೋಡವಾ.,Fear
"ನನ್ ಸಮಸ್ಯೆಗಳ್ನೆಲ್ಲ ದೇವ್ರ್‌ ಹತ್ರ ಹೇಳ್ಕೊಳೋದ್ರಿಂದ ನಂಗೊಂಥರ ನೆಮ್ದಿ, ಖುಷಿ ಆಗತ್ತೆ, ಆಮೇಲ್‌ ಅವ್ಗಳ್‌ ಬಗ್ಗೆ ನಾನ್ ಚಿಂತೆ ಮಾಡೋ ಅವಶ್ಯಕತೆನೇ ಇರಲ್ಲ.",Happiness
ತುಂಬಾ ಒಳ್ಳೇದು ವಿವೇಕ್! ಇದ್ರ್ ಬಗ್ಗೆ ನಿಂಗೆ ಮೊದ್ಲೇ ತಿಳ್ದಿತ್ತಾ?,Surprise
ರೈಲ್ವೇ ಸ್ಟೇಷನ್ಲಿರೋ ಲಗೇಜ್ ರೂಮಲ್ಲಿ ನನ್‌ ಬ್ಯಾಗ್‌ಗಳ್ನೆಲ್ಲ ಇಡ್ಬೋದ? ಅಲ್ಲಿಟ್ರೆ ಸೇಫಾಗಿರತ್ತೋ ಇಲ್ವೋ ಅಂತ ನಂಗ್ಯಾಕೋ ಭಯ ಆಗ್ತಿದೆ.,Fear
"ಬೊಂಬಾಟ್! ನಮ್ಮನೆಗೇ ಬಂದು ಕಾರ್ ವಾಷ್‌ ಮಾಡ್ಕೊಡೋರ್ಗೋಸ್ಕರ ಹುಡುಕ್ತಿದ್ದೆ ನಾನು, ನೀವ್‌ ಸಿಕ್ಕಿದ್ದು ಸರಿಹೋಯ್ತು!",Happiness
ನನ್ನಿಷ್ಟದ್ ಟೀಮ್ ಇವತ್ತು ಚೂರೂ ಚೆನಾಗಾಡ್ತಾ ಇಲ್ವಲ್ಲ ಅಂತ ಬೇಜಾರು ನಂಗೆ.,Sadness
ಬೇರ್ಯೋರ್ ಕಾಸ್‌ ಕಿತ್ಕೊಳೋ ಈ ಹ್ಯಾಕರ್‌ಗಳ್ನ ವಿಚಾರ್ಣೆನೂ ಮಾಡ್ದೆ ನಿರ್ಮೂಲ ಮಾಡ್ಬಿಡ್ಬೇಕು. ಅವ್ರ್‌ ಕ್ರಿಮಿನಲ್ಸ್‌ ಅನ್ನೋದ್ರಲ್ಲಿ ಯಾವ್‌ ಅನ್ಮಾನನೂ ಇಲ್ಲ.,Anger
ಅವ್ನು ತನ್ನ್ ಮೊಬೈಲ್ ಫೋನ್ ಮೇಲೇ ವಾಂತಿ ಮಾಡ್ಕೊಂಬಿಟ್ಟ. ಅಸಹ್ಯ ಆಗೋಯ್ತು ನಂಗೆ ಅದುನ್ನೋಡಿ.,Disgust
ಬೆಳಗ್ಗೆ ಒಂದ್ ಲೋಟ ಕೇರಳದ್ ಟೀ ಕುಡಿದ್ಬಿಟ್ರೆ ನಂಗಂತೂ ಹೊಸ ಚೈತನ್ಯ ಬಂದ್ಬಿಡತ್ತೆ.,Happiness
ನಿಮ್ ಕೌನ್ಸೆಲಿಂಗ್ ನನ್ಮೇಲೆ ಇಷ್ಟ್ ಆಳ್ವಾಗ್ ಪರಿಣಾಮ ಬೀರುತ್ತೆ ಅಂತ ನಾನ್ ಅನ್ಕೊಂಡಿರ್ಲಿಲ್ಲ! ನನ್ ಭಯ ಮತ್ತೆ ದೌರ್ಬಲ್ಯಗಳ್ನ ಎದ್ರಿಸೋದು‌ ನಂಗ್ ತುಂಬಾನೇ ಕಷ್ಟ ಆಗಿತ್ತು.. ಆದ್ರೆ ನನ್ ಆತಂಕಗಳ್ ಮೇಲೆ ಈ ಸಮಾಲೋಚ್ನೆಯಿಂದ ಆಗಿರೋ ಸಕಾರಾತ್ಮಕ ಪರಿಣಾಮಗಳ್ನ ನಾನ್ ಈಗಾಗ್ಲೇ ನೋಡ್ತಾ ಇದೀನಿ!,Surprise
"ನಿಮ್ಗೆ  ಒಳ್ಳೇದಾಗ್ಲಿ ಅಂತ ನಾವ್ ಇಷ್ಟೆಲಾ  ಪ್ರಯತ್ನ ಮಾಡಿದ್ ಮೇಲೂ, ನೀವ್  ರಾಜೀನಾಮೆ ಕೊಡೊ ಬಗ್ಗೆ  ಮಾತಾಡ್ತಾ ಇದ್ದೀರಿ ಅಂದ್ರೆ ನಂಗ್ ನಂಬಕ್ ಆಗ್ತಿಲ್ಲ.",Anger
ಆಗಸ್ಟಲ್ಲಿ ವಿಮಾ ಪಾಲಿಸಿಯಿಂದ ನನ್ ಅನ್ಯೂಇಟಿ ಸಿಕ್ಕಾಗ ನಾನ್‌ ಖುಷಿಲ್‌ ತೇಲಾಡ್ತಾ ಇರ್ತೀನಿ.,Happiness
ಈ ಜಾಗದ್‌ ಕಾರಿಗರಿ ಅನ್ಕೊಂಡಿದ್ಕಿಂತಾ ಭಾಳ ಭಾರೀ ಅದ. ಅಗ್ದೀ ಛೊಲೋಂದ್ರ ಅಗ್ದೀ ಛೊಲೋ!,Surprise
ತುಂಬಾ ದಿನದಿಂದ್  ನಮ್ ಕ್ಷೇತ್ರನ್  ಸ್ವಚ್ಛ ಮಾಡಕ್  ಯಾರೂ ತಲೆ ಕೆಡ್ಸಿ ಕೊಂಡಿಲ್ಲ ಅಂತ ಕಾಣ್ತದೆ ಅದನ್ ನಿರ್ಲಕ್ಷಿಸ್ತ ಇರೋದನ್  ನೋಡಿ  ಅವ್ರು ಎದುರಿಸ್ತಾ ಇರೋ  ಅವ್ಯವಸ್ಥೆ ಬಗ್ಗೆ ನಂಗ್ ಕೋಪ ಬರ್ತಿದೆ.  .,Anger
ಅಬ್ಬಾ ಈ ಬಾಡ್ಗಿ ಮನ್ಯಾಗ್‌ ನಿಂತ್ ಗುಡ್ಡಾಗಳ್‌ ನೋಡಭೌದಲಾ. ನಂಬ್ಲಿಕ್ಕಾಗಲ್ತು!,Surprise
ಪ್ಯಾಂಟ್‌ ಹಾಕೊಂಡು ಅಳತೆ ಸರಿಹೋಗತ್ತಾ ಅಂತ ನೋಡ್ವಾಗ ನಂಗೊತ್ತಾಗ್ದೇ ಅದ್ನ ಹರ್ದ್‌ ಬಿಟ್ಟೆ. ಏನೂಂತ ಹೇಳ್ಲಿ ಈಗ ಅಂಗ್ಡಿಯೋರ್ಗೆ?,Fear
ಲೇಖಕ್ರ ಹೋರಾಟದ್ ಬಗ್ಗೆ ಹೇಳೋ ಪುಸ್ತಕದ್ ಈ ಅಧ್ಯಾಯ ಎಷ್ಟ್ ಭಾವನಾತ್ಮಕ್ವಾಗಿದೆ ಅಂದ್ರೆ ನಂಗ್‌ ಅಳುನೇ ಬಂದ್ಬಿಡ್ತು.,Sadness
"ವಾಹ್, ಮೂಲ ಸೇವಾ ಪ್ಯಾಕೇಜನಾಗ್  ತೈಲ ಬದ್ಲಾವಣೆ, ಟೈರ್ ತಿರ್ಗುವಿಕೆ ಮತ್ ಪೂರ್ತಿ ತಪಾಸಣೆ  ಇಷ್ಟೆಲ್ಲಾ  ಬರುತ್ತೆ  ಅಂತ ನಾನ್ ಯಾವತ್ತೂ ಅನ್ಕೊಂಡಿರಲ್ಲಿಲ್ ನಾ ಯೋಚನೆ ಮಾಡಿದ್ದಕ್ಕಿಂತ ಜ್ಯಾಸ್ತಿನೆ ಅದಾವ್ !",Surprise
ಗೃಹಿಣೀರ್ ಮಾಡೋ ಕೆಲ್ಸಕ್ ತಕ್ಕಂಗೆ ಅವ್ರಿಗ್ ಸಿಗ್ಬೇಕಾದ್‌ ಗೌರವ ಸಿಗ್ತಾ ಇಲ್ಲ ಅಂತ ನಂಗೆಷ್ಟೋ ಸಲ ಬೇಜಾರಾಗ್ತಿರತ್ತೆ.,Sadness
"ನಾನು ಬೆಳಬೆಳಗ್ಗೆನೇ ಬೀಚ್‌ ಹತ್ರ ಹೋಗಿದ್ದೆ, ಆದ್ರೆ ಮೋಡ ಕವಿದಿದ್ರಿಂದ ನಂಗೆ ಸೂರ್ಯೋದಯ ನೋಡೋಕಾಗ್ಲಿಲ್ಲ.",Sadness
"ಮನೆಗ್ ವಾಪಸ್ ಹೋಗೋವಾಗ್ಲೆಲ್ಲ ಬಸ್ಸಲ್ಲೇ ಹೋಗೋಕಿಷ್ಟ ನಂಗೆ. ಅದೂಂದ್ರೆ ತುಂಬಾ ಅಗ್ಗ, ಆರಾಮಾಗೂ ಇರತ್ತೆ ಮತ್ತೆ ನಂಗ್ ಹೊಸ ಜನ್ರೂ ಸಿಗ್ತಾರೆ.",Happiness
"ನಮ್ ರೂಮ್ನಾಗ ಬೇಕಾಗಷ್ಟ್‌ ಸಾಬೂನ್‌, ಶಾಂಪೂ ಇವೆಲ್ಲಾ ಇಟ್ಟೇ ಇಲ್ಲಾ, ಅದ್ಕ ಹೋಟಲ್‌ನವ್ರ್ ಮ್ಯಾಲ್ ರೇಗ್ಯಾಡ್ಬಿಟ್ಟೆ.",Anger
"ನಂ ಒಬ್ರು ಕಸ್ಟಮರ್ರು ಅಂಗ್ಡಿ ಎಷ್ಟ್ ಸ್ವಚ್ಛದ ಅಂದ್ರು, ಹಂಗೆ ನಮ್‌ ಸಂಸ್ಥಾಕ್ಕೂ ಹೊಗಳಿಹೋದ್ರು.",Happiness
ನನ್ ಎರ್ಡೂ ನಾಯಿಗಳು ಆರಾಮಾಗ್  ಓಡಾಡ್ಕೊಂಡ್‌ ಇರೋಕ್ಕಾಗೋ ಥರ ತೋಟದೊಳಗೆ ‌ಬೆಚ್ಚಗಿರೋ ಒಂದ್ಮನೆ ಬಾಡ್ಗೆಗ್‌‌ ಸಿಕ್ಕಿದೆ.,Happiness
ಅವ್ರ್ ಕೇಕಲ್ಲಿ ಬಳ್ಸಿರೋ ಒಂದ್ ರಹಸ್ಯವಾದ್‌ ಪದಾರ್ಥದಿಂದಾಗಿ ರುಚಿ ಹೆಚ್ಚಾಗಿರೋದಲ್ದೇ ಅದ್ನ ತಿಂದಾಗ ನಂಗೆ ಸಿಹಿಯಾದ್ದೊಂದ್‌ ಆಶ್ಚರ್ಯ ಕಾದಿತ್ತು!,Surprise
ನಮ್ ಮನೆನ ಅಡ ಇಡ್ಬೇಡಿ. ನಮ್ಗೆ ಸಮಯಕ್ ಸರ್ಯಾಗಿ ಸಾಲ ತೀರ್ಸೋಕಾಗ್ದಿದ್ರೆ ಏನ್ಮಾಡೋದು ಆಮೇಲೆ?,Fear
ಈ ಬ್ಯಾರೆ ದೇಶ್ಗಳಿಂದ ಬರೋ ರಿಮಿಟ್ಟನ್ಸ್‌ಗಳ್ ಮ್ಯಾಲಿರ ಭಾರಿ ಟಿ.ಸಿ.ಎಸ್. ನೋಡಿದ್ರ ನಂಗ್ ಕೆಟ್ಟ್‌ ಸಿಟ್‌ ಬರ್ತದ.,Anger
ಈ ಸೋಷಲ್‌ ಮೀಡಿಯಾದಾಗ ಎಷ್ಟರೇ ಸುಳ್‌ಸುಳ್‌ ಸುದ್ದಿ ಹಬ್ಬಸ್ತಾರಪಾ ನಾನರೆ ಅಲ್ಲಿನ್ದ್‌ ನ್ಯೂಸ್ ಓದದೇ ಬಿಟ್ಬಿಟ್ಟಿನಿ.,Anger
"ಆ ಎ.ಸಿ.ಟಿ. ಇಂಟರ್ನೆಟ್ ಕನೆಕ್ಷನ್‌ಗೆ ಇಡೀ ವರ್ಷಕ್‌ ದುಡ್ಡ್‌ ಕೊಡೋ ಮುಂಚೆ ಒಂದ್ಸಲ ಅದ್ನ ಟ್ರೈ ಮಾಡ್‌ ನೋಡಣ ಅಂತ್ಲೂ ಯೋಚಿಸ್ದೇ ದುಡುಕಿದ್ರಲ, ಏನ್‌ ಹೇಳೋದ್‌ ನಿಮ್ಗೆ?!",Disgust
ನಾನ್ ಹೂಡಿಕೆ ಮಾಡಿದ್ ಕಂಪನಿದು ಒಂದ್‌ ದೊಡ್ಡ್ ಹಗರಣ‌ ಆಗೋಗಿದೆ. ನಂಗ್‌ ನಂಬಕ್ಕೇ ಆಗ್ತಿಲ್ಲ.. ಅವ್ರು ತಮ್ ಷೇರ್‌ಹೋಲ್ಡರ್ಸ್‌ಗೆ ಅದ್ಹೇಗ್‌ ಈ ಥರ ಮೋಸ ಮಾಡ್ತಾರೆ? ಸರ್ಯಾಗ್ ಪಾಠ ಕಲಿಸ್ಬೇಕು ಇಂಥೋರ್ಗೆ.,Anger
"ಇನ್ನೊಬ್ರ್‌ ಹೇಳೋದ್ನ ನಾನ್‌ ಕೇಳುಸ್ಕೊತೀನೋ ಬಿಡ್ತೀನೋ ಅದ್‌ ನನ್ನಿಷ್ಟ,  ಅದ್ನ ಪ್ರಶ್ನೆ ಮಾಡಕ್ಕೆ ಎಷ್ಟ್‌ರೀ ಧೈರ್ಯ ನಿಮ್ಗೆ, ಆಂ?",Anger
"ನಿಮ್ಗಂದ್ರ ಯಾವಾಗ್ಲೂ ಸಿಗ್ತದ ಆದ್ರ ಇಷ್ಟ್‌ ವರ್ಸಾತು ನಂಗ್‌ ವಂದ್ಸಲಿನೂ ಈ ಅಂಗ್ಡೀ ವಳಗ ವಂದೂ ಛಲೋ ಡೀಲ್ ಸಿಕ್ಕೇಯಿಲ್ಲಾ, ಯೇನ್‌ ನಸೀಬೊ ನಂದು..‌ ಧತ್.",Disgust
"ಬಾಡ್ಗೆ ಮನೆ ಹುಡ್ಕೋಕೆ ಬ್ರೋಕರೇಜ್‌ ಫೀಸ್‌ನ ಯಾವ್ದೇ ಗುಟ್ಟಾದ್‌ ಚಾರ್ಜಸ್ಸು, ಇನ್ನೊಂದು ಮತ್ತೊಂದು ಅಂತ ಮುಚ್ಚುಮರೆಯಿಲ್ದೇ ಮೊದ್ಲೇ ಸ್ಪಷ್ಟವಾಗ್ ಹೇಳ್ಬಿಟಿದಾರೆ ಅನ್ನೋದು ದೊಡ್ಡ್‌ ಸಮಾಧಾನ.",Happiness
ಅಬ್ಬಬ್ಬಾ! ನಿಮ್‌ ನಾಯಿ ಅದೆಷ್ಟ್‌ ಚೂಟಿಯಾಗಿದೆ! ನಿಮ್ಜೊತೆ ಮತ್ತೆ ನಿಮ್‌ ನಾಯಿ ಜೊತೆಗ್ ಕೆಲ್ಸ ಮಾಡೋದ್ನ  ಮುಂದುವರ್ಸೋಕೆ ನಾನೂ ಕಾತರದಿಂದಿದೀನಿ.,Surprise
ನಾನ್  ಪ್ಯಾಕೇಜನ್ ಓಪನ್ ಮಾಡ್ದಾಗ  ಮತ್ ನಂಗ್ ಸಿಗೋ ಮೊದ್ಲೇ ಅದನ್ ಯಾರೋ ಓಪನ್ ಮಾಡಿದ್ದಾರೆ ಅಂತ ಗೊತ್ತಾದಾಗ್  ನಂಗ್ ಅಸ್ಮಾಧಾನ ಆಯ್ತು.,Disgust
"ಈ ಹೊಸಾ ಜಿ.ಪಿ.ಎಸ್.‌ ಇತ್ತಂತ ನಾ ಆ ಗುಡ್ಡಾಗಳ್ಯಾನ್‌ ಹಾದಿ ತಪ್ಪಸ್ಗೊಳ್ಳಿಲ್ಲಾ, ಇದರಷ್ಟ್ ಛೊಲೋ ಇನ್ನೊಂದಿಲ್ಲಾ. ಇದ್‌ ಜಬರ್ದಸ್ತ್ ಅದ!",Surprise
ಈ ಚೀಸ್ ಕೇಕಿನ್‌ ಕ್ರೀಮ್‌ ಒಳ್ಳೆ ಸಖತ್ತಾಗಿದೆ.,Happiness
"ಅಯ್ಯೋ! ಅಮೃತ್‌ಸರ್ ಎಕ್ಸ್‌ಪ್ರೆಸ್ ಆಗ್ಲೇ ಹೊರಡ್ತಾ ಇದೆ. ನಾನ್ ಬೇಗ ಅದ್ನ ಹತ್ಬೇಕು, ಇಲ್ದಿದ್ರೆ ಒಂದ್ ಮುಖ್ಯವಾದ್‌ ಸಭೆಗ್‌ ಹೋಗೋದು ತಪ್ಪ್‌ಹೋಗತ್ತೆ.",Surprise
"ನಾವೊಂದ್ ರಾಷ್ಟ್ರವಾಗಿ ಏನೆಲ್ಲಾ ಮಾಡ್ಬೋದು, ಆದ್ರೆ ನಾವ್ಗಳು ಬರೀ ಕಿತ್ತಾಡೋದ್ರಲ್ಲೇ ಸಮಯ ಹಾಳ್‌ ಮಾಡ್ತಿದೀವಲ ಅಂತ ನಂಗ್ ಬೇಜಾರಾಗೋಗಿದೆ.",Sadness
ಆ ತಾಲಿಬಾನಿಗಳು ಮಹಿಳೇರು ಕೆಲ್ಸಕ್ ಹೋಗೋದ್ನ ತಡೀತಾ ಇರೋದ್ ನೋಡುದ್ರೆ ಅವ್ರ್ ಮೇಲೆ ಕೆಂಡ ಸುರ್ಯೋಷ್ಟ್ ರೋಷ ಉಕ್ಕುತ್ತೆ.,Anger
ನಿಮ್‌ ವಾಹನ್ದಲ್ಲಿ ಉಜ್ಜ್‌ಹೋಗಿರೋ ಭಾಗನ ರಿಪೇರಿ ಮಾಡಿ ಅದು ಮತ್ತೆ ಮೊದ್ಲಿನ್‌ ಥರ ಫಳಫಳಾಂತ ಹೊಳ್ಯೋ‌ ಹಾಗ್‌ ಮಾಡಕ್ಕೆ ಪೂರ್ತಿ ಉತ್ಸಾಹದಲ್ಲಿದೀನಿ ನಾನಿವತ್ತು!,Happiness
ನನ್ ವಿದ್ಯಾಭ್ಯಾಸಕ್ಕೋಸ್ಕರ ನಾನ್ ಎಷ್ಟ್  ಸಾಲ ತಗೊಂಡಿದ್ದೀನಿ ಅಂತ ನೆನ್ಪಾದಾಗ್ಲೆಲ್ಲ ಆ ಹೊರೆಯಿಂದ ಕುಗ್ಗ್‌ ಹೋದಾಗ್‌ ಆಗತ್ತೆ.,Sadness
"ಆ ಸಾಫ್ಟ್‌ವೇರೇನೋ ಹಾಕ್ಕೊಂಡೆ ಖರೆ ಆದ್ರ ಅವ್ರ್‌ ಇಂಟರ್‌ಫೇಸ್‌ನ್ಯಾಗ ಸಲೀಸಂಬದೇ ಇಲ್ಲಾ ಕೆಟ್ಟ ಅಸೈ ಅದ, ಹಿಂಗಾಗಿ ವಂದೇ ದಿನ್‌ದಾಗ ಅದ್ನ ಬಳ್ಸೂದ್ನೇ ಬಿಟ್ಟೆ.",Disgust
ವಿಮಾನ್ದಲ್ ಕೊಡೋ ಊಟ-ತಿಂಡಿ ನಂಗೊಂಚೂರೂ ಇಷ್ಟ ಆಗಲ್ಲ. ಅವು ತುಂಬಾ ಸಪ್ಪೆ ಆಗಿರತ್ವೆ ಮತ್ತೆ ಒಂಥರಾ ವಿಚಿತ್ರ ವಾಸ್ನೆ ಇರತ್ತೆ.,Disgust
ಹೊಸ ವ್ಯವಹಾರಕ್ ಹೆಚ್ಚಿನ್ ಸಹಾಯ ಮಾಡಿದ್ದಕ್ಕೆ ಒಂದೇ ವರ್ಷದಲ್ ನನ್  ಶೇಕಡ ಎಪ್ಪತ್ತೈದು ರಷ್ಟು ತಂಡದವ್ರಿಗೆ ಬಡ್ತಿ ಸಿಕ್ಕಾಗ್  ನಂಗ್ ತುಂಬಾನೇ ಸಂತೋಷ ಆಯ್ತು.,Happiness
ಅಲ್ಲಾ ಪಾಪ ಮಾಸ್ಟರ್‌ ಡಿಗ್ರಿ ತೊಗೊಬೇಕಂತ ಅಮೆರಿಕಾಕ್ ಹೋಗಿದ್‌ ಹೆಣ್ಮಗಳು ರಸ್ತಿ ಮ್ಯಾಲ್ ಉಪಾಸ ಬಿದ್ದಾಳಂತಲ.. ನೋಡಿ ಜೀವ ಮರಮರ ಅಂತು.,Sadness
ಓಹ್! ಈ ಚಿತ್ರದಲ್ಲಿ ರಜನೀಕಾಂತ್ ಇದಾರೆ ಅಂತ ನಂಗೊತ್ತಿರ್ಲಿಲ್ಲ. ಇದ್ರಲ್ಲಿ ಅವ್ರ್‌ ಎಂಟ್ರಿ ಪೂರ್ತಿ ಅನಿರೀಕ್ಷಿತ್ವಾಗಿತ್ತು.,Surprise
"ನಾವ್‌ ಎಲ್ಲಿಳಕೋಬೇಕಂತ ಬುಕ್‌ ಮಾಡ್ಸಿದ್ವಲಾ ಅದ್‌ ಆನ್ಲೈನ್‌ನ್ಯಾಗ್‌ ಹಾಕಿದ್‌ ಫೋಟೊಗಳ್ಹಂಗ್ ಇರ್ಲೇಇಲ್ಲಾ, ಭಾಳ ಬ್ಯಾಸ್ರಾತು.",Sadness
ಕಿರಾಣಿ ಅಂಗ್ಡಿಲಿ‌ ನಾವೆಲ್ಲ ಸರ್ತಿ ಸಾಲಲ್ಲ್ ನಿಂತಿದ್ರೆ ಅದ್ಯಾರೋ ಮಧ್ಯೆ ಬಂದ್‌ ಸೇರ್ಕೊಂಡಾಗ ನಂಗ್ ಅವ್ರ್‌ ಮೇಲೆ ಕೆಟ್ಟ್‌ ಕೋಪ ಬಂತು.,Anger
ದೊಡ್ಡವರಾಕ್ಕೊತ ಹೋದ್ಹಂಗ ನನ್‌ ಮಕ್ಳಿಗಿ ತಮ್‌ ಬ್ಯಾಂಕ್‌ ಖಾತಾದ್‌ ಮ್ಯಾಲ್ ಹಿಡ್ತ ಬರ್ತದ ಖರೇ ಆದ್ರ ಜೊತಿಗಿ ಅವ್ರಿಗಿ ರೊಕ್ಕದ್‌ ಕಿಮ್ಮತ್‌ನೂ ತಿಳಿತದೋ ಇಲ್ಲೊ ಅಂತ ಚಿಂತ್ಯಾಗ್ಯಾದ.,Fear
ನಾನ್ ಫುಟ್ಬಾಲ್ ಆಡೋವಾಗ್ಲೆಲ್ಲ ನಂಗ್  ತುಂಬಾ ಸಂತೋಷ ಆಗತ್ತೆ. ನಾನ್ ಆ ಆಟ ಆಡೋಕಂತ್ಲೇ ಹುಟ್ಟಿದಿನೇನೋ ಅನ್ಸತ್ತೆ.,Happiness
ಗೆದ್ದ ತಂಡದೋರು ಕ್ರೀಡಾ ಮನೋಭಾವ ಇಲ್ದೇ ನಡ್ಕೊಂಡಿದ್ದು ನಾಚಿಕ್ಗೇಡು.,Disgust
ಆಂಬ್ಯುಲೆನ್ಸ್ ಓಡ್ಸೋನು ಒಳಗಡೆ ಯಾವ್‌ ರೋಗಿನೂ ಇಲ್ದಿದ್ರೂ ಸುಮ್ಸುಮ್ನೇ ಸೈರನ್‌ ಬಾರಿಸ್ತಾ ಇದ್ದಿದ್ನೋಡಿ ನಂಗ್ ರೇಜ್ಗೆ ಆಯ್ತು.,Disgust
ನನ್‌ ಮಗ ಇಷ್ಟಪಟ್ಟಿದ್ ಸೈಕಲ್‌ ಕೊಡ್ಸಕ್ಕೂ ನನ್ಹತ್ರ ದುಡ್ಡಿಲ್ವಲ ಅನ್ನೋದೇ ಯಾವಾಗ್ಲೂ ನನ್‌ ತಲೆಲ್ ಕೊರೀತಾ ಇರತ್ತೆ.,Sadness
ನನ್ ಹೆಂಡ್ತಿ ಈಗ ನನ್ ಜೊತೆ ಗಲಾಟೆ ಮಾಡಿದ್ರೂ ಕಳ್ದ ತಿಂಗ್ಳು ನಂಗ್ ಉಷಾರಿಲ್ದೆ ಇದ್ದಾಗ ತುಂಬಾನೇ  ಕಾಳ್ಜಿ ತಗೊಂಡ್ಳು  ಅಂತ ನಂಗ್  ಖುಷಿ ಆಯ್ತು.,Happiness
"ಕಳ್ದ್ ಭಾನ್ವಾರ ನನ್ ಪಾರ್ಟ್ನರೊಬ್ರು ನಂಗಿರೋ ಶಕ್ತಿಗ್‌ ತಕ್ಕ್‌ಹಾಗೆ ನನ್ಕೈಲಿ ಸಾಕಷ್ಟ್ ವ್ಯಾಯಾಮ ಮಾಡ್ಸಿದ್ರು, ನಂಗಂತೂ ಅದಾದ್ಮೇಲೆ ಹೊಸ ಹುರ್ಪ್‌ ಬಂದಂಗಾಗಿದೆ.",Happiness
ನನ್ ನಂಬಿಕಸ್ಥ ಸಹೋದ್ಯೋಗಿಗಳಲ್ಲಿ ಸುಮಾರ್ಜನ ಬೇರೆ ಒಳ್ಳೆ ಕಂಪ್ನಿಗಳಲ್‌ ಕೆಲ್ಸ ಸಿಕ್ತು ಅಂತ ಈ ಕಂಪ್ನಿನ ಒಟ್ಗೆ ಬಿಡ್ತಿದಾರೆ ಅನ್ನೋ ಸುದ್ದಿ ಕೇಳಿ ನನ್‌ ಉತ್ಸಾಹ ಎಲ್ಲ ಉಡುಗ್ಹೋಯ್ತು.,Sadness
ನಾನ್ ನೆನ್ನೆ ಆಸ್ಪತ್ರೆಗ್ ಹೋಗಿದ್ನಲ.. ಯಪ್ಪ.. ಅಲ್ಲಿ ಎಲ್ಲಾ ತುಂಬಾ ಅಸಹ್ಯವಾಗಿತ್ತು. ರೋಗಿಗಳು ಹಾಸಿಗೆಗಳ್ನ ಹಂಚ್ಕೊಂಡ್‌ ಮಲ್ಗೋ ಪರಿಸ್ಥಿತಿ.. ಯಾರೊಬ್ರೂ ಪ್ರಾಥಮಿಕ ನೈರ್ಮಲ್ಯನೂ ಅನುಸರಿಸ್ತಿಲ್ಲ.,Disgust
ಛೇ! ಈ ಕ್ರೀಡಾಪಟುಗಳು ಅವ್ರ್ ಎದುರಾಳಿಗಳ್ ಜೊತೆ ಗೌರವ ಇಲ್ದಂಗ್‌ ನಡ್ಕೊಳದ್‌ ನೋಡಿದ್ರೆ ನಮ್‌ ಉತ್ಸಾಹ ಎಲ್ಲ ಹಾಳಾಗತ್ತೆ ಇ‌ಲ್ಲಿ.,Disgust
ಮಾನವ ಜನಾಂಗ ಅನ್ಯಗ್ರಹಜೀವಿಗಳ ದಾಳಿನ ಎದುರಿಸ್ಬೇಕಾಗ್ಬೋದು ಅನ್ನೋ ಚಿಂತೆ ಕಾಡ್ದಾಗ್ಲೆಲ್ಲ ನನ್ ಹಣೆ ಮೇಲೆ ಬೆವರ್‌ಹನಿ ಮೂಡತ್ವೆ.,Fear
"ನನ್ ಬಿಸ್ನೆಸ್‌ಗೋಸ್ಕರ ಮಾಡಿದ್‌ ಸಾಲನೆಲ್ಲ ಪೂರ್ತಿ ತೀರ್ಸಿದ್ದಾಯ್ತು, ಇನ್ನು ನೆಮ್ದಿಯಾಗಿರ್ಬೋದು.",Happiness
ಈ ಆಗ್ಮೆಂಟೆಡ್‌ ರಿಯಾಲಿಟಿ ಆಪ್‌ ಅಂತೂ ಎಷ್ಟ್ ಅದ್ಭುತ್ವಾಗಿದೆ‌ ಗೊತ್ತಾ? ಯಾವ್ದೋ ಬೇರೆನೇ ಲೋಕಕ್ ಹೋದಂಗಿರುತ್ತೆ.,Surprise
"ಆನ್ಲೈನ್ಯಾಗ ನಿಮ್‌ ಸಾಮಾನ್ಗಳ್‌ ಹೆಂಗ ಅವಾಂತೆಲ್ಲಾ ಹೇಳೀರಲಾ ಅವೆಲ್ಲಾ ಹಸಿ ಸುಳ್ಳವ ಮತ್‌ ಸುಮ್ ದಾರಿ ತಪ್ಪಸ್ತಾವ, ಇದ್ನೋಡ್ ನನ್‌ ಪಿತ್ ನೆತ್ತಿಗೆರೇದ.",Anger
"ನಂಗ್‌ ಒಂದ್‌ ಸಾಮಾನ್‌ ಹಿರೇರ್ಲಿಂದ ಬರ್ತದ ಅಂತ ಅನ್ಕೊಳಿಕತ್ತಿದೆ, ನಂ ಮನ್ಯಾಗ್‌ ಅದ್‌ ಭಾಳ ತಲಿ ದಾಟಿ ಬಂದದ. ಅದ್ರಂತಾದೇ ಇನ್ನೊಂದ್‌ ಮಾಡ್ಸದೇನ್‌ ದೊಡ್ದಲ್ಲಾ ಖರೇ ಆದ್ರ ಹೊಸಾದರ್‌ ಜೊತಿ ಆ ಭಾವನಾ ಬರಂಗಿಲ್ಲಾ.",Sadness
ನಂಗ್‌ ಭಾಳ ಆಪ್ತರಾಗಿದ್ದೋರ್ನ ಕಳ್ಕೊಂಡ್ ನೋವಲ್ಲಿ ‌ಮನ್ಸಿಗ್‌ ಹೇಗ್ ಸಮಾಧಾನ ತಂದ್ಕೊಳದು ಅಂತ್ಲೇ ಗೊತ್ತಾಗ್ತಿಲ್ಲ.,Sadness
"ನನ್ ಪಿಎಚ್‌.ಡಿ. ಕೋರ್ಸಿಗೋಸ್ಕರ ಮಾಡ್ಬೇಕಿರೋ ಕೆಲ್ಸ, ಓದ್ಬೇಕಿರೋ ಪುಸ್ತಕಗಳು ಅದೆಲ್ಲದ್ರ್ ಪಟ್ಟಿ ನೋಡೇ ನಾನ್ ಹೆದ್ರೋಗಿದೀನಿ.",Fear
"ಏನ್ ನಂಗೆ ಷೇರ್ ಮಾರ್ಕೆಟ್‌ ಬಗ್ಗೆ ಅಷ್ಟೂ ಗೊತ್ತಿಲ್ಲ ಅನ್ಕೊಂಡಿದೀರ?! ನಾನೇನ್‌ ‌ನೀವನ್ಕೊಂಡಿರೋಷ್ಟ್‌ ದಡ್ಡ ಅಲ್ಲ, ತಿಳ್ಕೊಳಿ.",Anger
ಒಂದ್ ಸಣ್ಣ್ ರಿಪೇರಿಗೆ ಈ ಮೆಕ್ಯಾನಿಕ್‌ ಒಂದ್ರಾಶಿ ಚಾರ್ಜ್‌ ಮಾಡ್ತಿದಾನೆ. ಬಿಟ್ರೆ ಇವ್ನು ನನ್‌ ಪರ್ಸಲ್ಲಿರೋದ್ನೆಲ್ಲ ದೋಚೋ ಹಾಗಿದೆ. ಹಗಲ್‌ ದರೋಡೆ ಇದು!,Anger
"ವಾಹ್! ಇದು ತುಂಬಾ ರುಚ್ಯಾಗಿದೆ, ಹೀಗಿರತ್ತೆ ಅಂತ ಅನ್ಕೊಂಡೇ ಇರ್ಲಿಲ್ಲ. ನಂಗಿದು ಸಿಕ್ಕಾಪಟ್ಟೆ ಇಷ್ಟ ಆಯ್ತು.",Surprise
ಇಶ್ಶೀ.. ಈ ಬ್ಯಾಂಕ್ ಮ್ಯಾನೇಜರ್ ಕಿವಿ ಗುಗ್ಗೆ ತೆಗ್ಯೋಕೆ ಕಿವಿಲಿ ಬೆರ್ಳ್‌ ತೂರುಸ್ಕೊಂಡ್ ಕೂತಿದಾಳೆ.,Disgust
ನಮ್ಮಪ್ಪಂಗ್ ಲಕ್ವ ಹೊಡ್ದ್‌ ಮೇಲೆ ಸರ್ಯಾಗ್‌ ಮಾತಾಡಕ್ಕಾಗ್ದೇ ಒದ್ದಾಡ್ತಾರೆ. ಅವ್ರನ್ನ ಸರ್ಯಾದ್‌ ಕಡೆ ತೋರ್ಸಕ್ಕಾಗ್ತಿಲ್ವಲ ಅಂತ ನನ್‌ ಮೇಲ್‌ ನಂಗೇ ಕೆಟ್ಟ್‌ ಕೋಪ ಬರತ್ತೆ.,Anger
ಬಸ್ಸಿನ್‌ ಕಂಡಕ್ಟರ್‌ ನಾವ್‌ ಟ್ರಾಫಿಕ್‌ನ್ಯಾಗ ಸಿಗಿಬಿದ್ದೀವಿ ಮತ್‌ ಬಸ್‌ ಚಾಲೂ ಮಾಡಿ ಮುಂದ್‌ ಹೋಗಬೇಕಂದ್ರ ಹೊತ್ತಾಗ್ತದ ಅಂತ ನಮ್ಗ ಹೇಳಮುಂದ ಅವನ್‌ ಧ್ವನಿನಾ ಸೋತ್‌ ಹೋಗಿತ್ತ ಪಾಪ.,Sadness
ಇವತ್ತು ಎಷ್ಟೊಂದ್ಕಡೆ ನನ್ ಕ್ರೆಡಿಟ್ ಡಿಕ್ಲೈನ್ ಆಗ್ತಾ ಇದೆ. ನನ್ ಬ್ಯಾಂಕ್ ಖಾತೆಲಿ ಸಾಕಷ್ಟ್ ದುಡ್ಡಿದ್ಯೋ ಇಲ್ವೋ ಗೊತ್ತಿಲ್ಲ.,Sadness
ಕೊನೆನೇ ಇಲ್ಲ ಅನ್ಸೋ ಈ ಕಗ್ಗತ್ಲಲ್ಲಿ ಒಂದೇ ಒಂದ್ ಸಣ್ಣ ಬೆಳಕಿನ್ ಕಿರಣಕ್ಕೋಸ್ಕರ ಹುಡುಕ್ತಿದೀನ್ ನಾನು.. ಏಗಿ ಏಗಿ ನಂಗೂ ಸಾಕಾಗೋಗಿದೆ.,Sadness
"ಪಾಸ್ವರ್ಡ್ ಮ್ಯಾನೇಜರ್ನ್ಯಾಗ ನನ್ನವ್ ಎಲ್ಲಾ ಪಾಸ್ವರ್ಡ್ಗಳ‌ ಭದ್ರವಾಗ್ ಉಳಿತಾವಂತ ನಂಗ್ ಗೊತ್ತೇ ಇರ್ಲಿಲ್ಲಾ, ಕಡಿಗಿ ಉಸಿರ್‌ ಬಿಡಹಂಗಾಯ್ತು!",Surprise
"ನಾನು ಸ್ಥಳೀಯ ಬುಡಕಟ್ಟು ಜನಾಂಗ್ದೋರ್‌ ಹತ್ರ ಕುಣ್ತದ್‌ ಹೆಜ್ಜೆಗಳ್ನ ಕಲ್ತು ಅಭ್ಯಾಸ ಮಾಡ್ದೆ, ನಂಗ್‌ ಅವ್ರ್‌ ಕುಣ್ತಗಳೆಲ್ಲ ತುಂಬಾನೇ ಇಷ್ಟ ಆದ್ವು.",Happiness
"ರಷ್ಯಾದ್ ಟೆನಿಸ್ ಆಟಗಾರಂಗೆ  ಟೂರ್ನಮೆಂಟ್‌ಗೋಸ್ಕರ ಪೋಲೆಂಡಿಗ್ ಹೋಗಕ್ ಅವ್ಕಾಶ ಕೊಡ್ದೇ ಇರೋದು ತೀರಾ ಅನ್ಯಾಯ, ಅಭಿಮಾನಿಗಳು ಇದ್ರ್‌ ಬಗ್ಗೆ ರೊಚ್ಚಿಗೇಳ್ದೇ ಇರಲ್ಲ.",Anger
ಈ ಹೊಸ ಬೈಕ್ಗಳಲ್ಲಿ ತುಂಬಾ ಕೆಳ್ಗಿರೋ  ಹ್ಯಾಂಡಲ್ಬಾರ್ಗಳ್ಮೇಲೆ ಜಾಸ್ತಿ ಬಗ್ಗಿ ಗಾಡಿ ಓಡ್ಸುದ್ರೆ ಎಲ್ಲ್ ಬೆನ್ನೋವ್‌ ಶುರು ಆಗ್ಬಿಡತ್ತೋ ಅಂತ ಭಯ ನಂಗೆ.,Fear
ನಾನ್ ಅವತ್ತಿಂದ‌ ಕಾಯ್ತಿದ್ದಿದ್‌ ಹೊಸ ಪುಸ್ತಕಗಳಿರೋ ನನ್‌ ಅಮೆಜ಼ಾನ್‌ ಪ್ಯಾಕೇಜ್‌ ಅಂತೂ ಇವತ್‌ ಬಂದ್ಬಿಡ್ತು!,Happiness
ಅಯ್ಯಬ್ಬ! ಈ ವೈರ್ಲೆಸ್ ಇಂಟರ್ನೆಟ್ ಕನೆಕ್ಷನ್ನು ಅದೆಷ್ಟ್ ಸ್ಪೀಡಾಗಿದೆ‌ ಗೊತ್ತಾ! ನಾನಂತೂ ಫಿದಾ ಆಗೋದೆ.,Surprise
"ಸರ್! ನಾನ್ ನನ್ ಟಿಕೆಟ್‌ನ ಕ್ಯಾನ್ಸಲ್‌ ಮಾಡಿದ್ರೂ ಹಣ ಇನ್ನೂ ನನ್ ಖಾತೆಗ್ ಜಮಾ ಆಗಿಲ್ಲ ಅಂತ ಆಗ್ಲಿಂದ ಹೇಳ್ತನೇ ಇದೀನಿ, ನೀವದ್ನ ನೋಡ್ತೀರೋ ಇಲ್ವೋ ಈಗ?",Anger
ನಿನ್ನೆ ಒಂದ್ ಮುಖ್ಯವಾದ್ ಮೀಟಿಂಗಿಗ್ ಹೋಗ್ವಾಗ ದಾರಿಲ್ ನನ್ ಕಾರ್ ಕೈಕೊಟ್ಟು ಭಾರೀ ಫಜೀತಿ ಆಗೋಯ್ತು.,Sadness
"ಅವಧಿ ಮೀರಿದ್ ವಾರಂಟಿಗ್ ಸಂಬಂಧ ಪಟ್ಟ್‌ಹಾಗೆ ಗ್ರಾಹಕ್ರೊಬ್ರು ಕೊಟ್ಟಿರೋ ದೂರ್‌ನ ಹೇಗಪ್ಪಾ ನಿಭಾಯ್ಸೋದು, ನಂಗ್ಯಾಕೋ ಏನೂ ತೋಚ್ತಿಲ್ಲ.",Fear
"ವಾಹ್, ಇದ್ನ ನೋಡ್ಕೊಳೋಕೆ  ನೀವೇ ಸರಿಯಾದ ಮೇಸ್ತ್ರಿ. ನಾವ್  ನಿರ್ಮಾಣ ಮಾಡ್ತಿರೋ ಗೋಡೆ ಮೂಲ್ಕ ನಿಜ್ವಾದ್ ನೀರಿನ್  ಪೈಪ್ ಇದ್ಯಾ ? ಒಳ್ಳೆದಾಯ್ತು",Surprise
"ತರಗತಿಲಿ ಪಾಠ ಆಗ್ವಾಗ ಕೆಲವ್ರು ಅದೆಷ್ಟ್‌ ಮಾತಾಡ್ತಾರಪ್ಪ, ತಲೆಗೊಳ್ಳೆ ಮೊಳೆ ಹೊಡ್ದಂಗ್‌ ಅನ್ಸತ್ತೆ ನಂಗದು.",Disgust
ಅಂತೂ ಈ ಸಾಂಕ್ರಾಮಿಕ ರೋಗದ್ ಮೂರ್ನೇ ಅಲೆ ಮುಗೀತಲ ಅಂತ ನಂಗೆಷ್ಟೋ ಖುಷಿ ಆಗ್ತಿದೆ. ಕೊನೆಗೂ ನಾನೀಗ ಕ್ಯಾಂಪಸ್‌ಗೆ ವಾಪಸ್ ಹೋಗ್ಬೋದು.,Happiness
ನಂಗ್ ಈ ಲಿವರ್‌ ರುಚಿ ಒಂಚೂರೂ ಇಷ್ಟ ಆಗ್ತಿಲ್ಲ.. ವ್ಯಾಕ್!,Disgust
ಈ ವೆಬ್‌ಸೈಟಲ್ಲಿರೋ ಬಣ್ಣಗಳು ಘೋರ್‌ವಾಗ್ವಿವೆ..ನೋಡಕ್ಕಾಗಲ್ಲ.. ಕಣ್ಣ್‌ ಕುಕ್ಕತ್ವೆ.,Disgust
"ಈ ಚಿನ್ನದ್ ಬ್ರೇಸ್ಲೆಟ್ ಸಖತ್ತಾಗಿದೆ, ಜೊತೆಗೆ ನನ್ ಬಜೆಟ್ಟೊಳ್ಗೂ ಇದೆ, ಇನ್ನೇನ್‌ ಬೇಕು ನಂಗೆ!",Happiness
"ಶನಿವಾರದ್ ಸಂಜೆಗಳಲ್ಲಿ ಆ ಈಸ್ಟ್‌ಕೋಸ್ಟ್ ರಸ್ತೆ ದಾಟೋದಂದ್ರೇ ತಲೆ ಧಿಂ ಅನ್ನತ್ತೆ ನಂಗೆ, ಒಂದ್ರಾಶಿ ಜನ ಇರ್ತಾರೆ, ಯಾರೂ ದಾರಿನೇ ಬಿಡಲ್ಲ ಅಲ್ಲಿ.",Anger
"ಆಕಾಶ್ದಲ್ಲಿ ಗುಡ್ಗು, ಮಿಂಚೆಲ್ಲ ನೋಡಿ ನನ್‌ ಮಗ ತುಂಬಾನೇ ಹೆದ್ರೋಗಿದ್ದ, ಅವ್ನ್‌ ಮೈಯೆಲ್ಲ ಥರಥರ ನಡುಗ್ತಾ ಇತ್ತು.",Fear
ಭಾಳ ಬ್ಯಾಸ್ರಾತು ಬಿಡ.. ಯು.ಎಸ್.‌ ಏರ್ಪೊರ್ಟ್‌ ಸೆಕ್ಯುರಿಟಿಯವ್ರ್ ನಮ್ಗ ಮತ್ತ ವಟ್ಟ್‌ ಏಷ್ಯಾದವ್ರ್ ಹೋದಾಗೆಲ್ಲಾ ಚೆಕ್ಕಿಂಗ್‌ ಅಂತ ನಿಂದ್ರಸ್ಕೊತಿದ್ರು.,Disgust
"ಸಿಟಿದ್‌ ಹೃದಯಭಾಗ ಅನ್ನೋಂಥ ಕಡೆ ಅಂಗ್ಡಿ ಮಳ್ಗೆ ಬಾಡ್ಗೆಗ್‌ ಸಿಕ್ಕಿದೆ, ಅಲ್ಲಿ ಅಷ್ಟೊಂದ್‌ ಜನ ಓಡಾಡೋದ್ರಿಂದ ನಮ್‌ ವ್ಯಾಪಾರ ಚೆನ್ನಾಗ್‌ ನಡ್ಯತ್ತೆ ಅನ್ನೋದ್ರಲ್ಲಿ ಸಂದೇಹನೇ ಇಲ್ಲ.",Happiness
ಪೊಲೀಸ್ರು ಬರೋವರ್ಗು ನೀವವ್ನಿಗೆ ಆಪ್ರೇಷನ್ ಮಾಡಲ್ಲ ಅಂತಂದ್ರೆ ಏನ್ರಿ ಅರ್ಥ? ಡಾಕ್ಟ್ರಲ್ವಾ ನೀವು? ನಿಮ್‌ ಕರ್ತವ್ಯ ಅಲ್ವಾ ಇದು?!,Anger
ಬಿಸಿಯಾದ್ ಸ್ನಾನಗೃಹದ್ ನೆಲ ಇರೋ ಬಾಡ್ಗೆ ಮನೆ ಸಿಗುತ್ತೆ ಅಂತ ನಾನ್ ಅನ್ಕೊಂಡಿರ್ಲಿಲ್ಲ   -ಅದು ಶುದ್ಧ ಐಷಾರಾಮಿ ಆಗಿದೆ!,Surprise
ಸಿನ್ಮಾ ನಾನ್‌ ಅನ್ಕೊಂಡಷ್ಟೇನು ಚೆನ್ನಾಗಿರ್ಲಿಲ್ಲ ಅಂತ ಬೇಜಾರು ನಂಗೆ. ತುಂಬಾ ಎಂಜಾಯ್‌ ಮಾಡ್ಬಹುದು ಅನ್ಕೊಂಡಿದ್ದೆ ನಾನು.,Sadness
ನಾನು ನಿನ್ನೆ ನನ್ ಮೊದಲ್ನೇ ವರ್ಣಚಿತ್ರನ ಮೂರು ಸಾವಿರದ ಆರುನೂರು ರೂಪಾಯಿಗೆ ಮಾರಾಟ ಮಾಡ್ದೆ. ಕೊಂಡ್ಕೊಂಡೋರು ನನ್ ಪೇಂಟಿಂಗ್‌ ಅವ್ರಿಗೆ ಭಾಳ ಇಷ್ಟಾಯ್ತು ಅಂತ ಹೇಳುದ್ರು!,Happiness
ನಿಧಾನ್ವಾಗ್‌ ಹೋಗಿ. ಮುಂದೆ ಸುಮಾರ್ ಆನೆಗಳು ರಸ್ತೆಲ್‌ ನಿಂತು ದಾರಿ ತಡೀತಾ ಇವೆ.,Fear
"ನಾನ್ ಹಳ್ಳಿಲ್ ನಡ್ಕೊಂಡ್ ಹೋಗ್ತಿದ್ದಾಗ, ಎಷ್ಟೋ ಜನಕ್ಕೆ ಈ ವಿಶಾಲ್ವಾದ್‌ ಜಗತ್ತನ್ನ ನೋಡಕ್ಕೆ, ಅನ್ಭವ್ಸೋಕೆ ಸಾಧ್ಯನೇ ಆಗಲ್ವಲ್ಲ ಅನ್ಸಿ ಮನ್ಸೆಲ್ಲ ಭಾರ ಆಯ್ತು.",Sadness
ಇನ್ಮುಂದೆ ಈ ಡಬ್ಬಾ ಆಟ ಆಡಕ್ಕೆ ನನ್ಕೈಲಂತೂ ಸಾಧ್ಯ ಇಲ್ಲ. ಇದ್ರ್ ನಿಯಮ ಎಲ್ಲ ತಿಕ್ಲು ತಿಕ್ಲಾಗಿದೆ.. ಅದ್ರಿಂದಾಗಿ ನಾನ್‌ ಯಾವತ್ತೂ ಗೆಲ್ಲಕ್ಕಾಗಿಲ್ಲ ಇದ್ರಲ್ಲಿ.,Anger
"ನಮ್ ಹದಗೆಟ್ಟಿರೋ ಶಿಕ್ಷಣ ವ್ಯವಸ್ಥೆನ ಮುಲಾಜಿಲ್ದೇ ತೋರ್ಸಿರೋ ರೀತಿಗೋಸ್ಕರ ""೩ ಈಡಿಯಟ್ಸ್"" ಸಿನ್ಮಾ ನಂಗಿಷ್ಟ ಆಯ್ತು.",Happiness
ಅಮ್ಯೂಸ್‌ಮೆಂಟ್‌ ಪಾರ್ಕ್‌ನ್ಯಾಗ್ ಶಿಸ್ತ್ ಸೇಫ್ಟಿ ಇಡಬೇಕಂತೂ ತಿಳಿಯಲ್ಲಲಾ ಈ ಮಂದಿಗಿ.. ಎಷ್ಟ್‌ ಅಲಕ್ಷ್ಯಾ ಮಾಡ್ಯಾರ್‌ ನೋಡ್ರಿ!,Disgust
ಏನರೇ ರೊಕ್ಕದ್‌ ನುಕ್ಸಾನಾದ್ರ ನನ್‌ ಕಂಪ್ನಿಗಿ  ಹೆಂಗ ಸಂಭಾಳಸ್ಲಿ ಅಂತ ನಂಗ ನಿದ್ದಿನೇ ಹತ್ತಲ್ಲಾಗ್ಯಾದ.,Fear
ನಾನ್ ಉಳಿತಾಯ ಮಾಡಿದ್ದೆಲ್ಲ ದಿನ ಕಳೆದ್ಹಾಗೆ ಹೇಗ್‌ ಕರಗೋಗ್ತಿದೆ ಅಂತ ನೋಡ್ತಿದ್ರೆ ನನ್‌ ಉತ್ಸಾಹ ಎಲ್ಲ ಕುಗ್ಗ್‌ಹೋಗತ್ತೆ.,Sadness
ನಾನ್ ಸಿನ್ಮಾದ್ ಆಡಿಷನ್ನಿಗ್ ಹೋದಾಗ ಅಲ್ಲಿ ನನ್ ಬಾಲ್ಯದ್ ಸ್ನೇಹಿತನೇ ಕಾಸ್ಟಿಂಗ್ ಡೈರೆಕ್ಟರ್‌ ಆಗಿರ್ತಾನೆ ಅಂತ ನಾನ್‌ ಕನ್ಸಲ್ಲೂ ಅನ್ಕೊಂಡಿರ್ಲಿಲ್ಲ.,Surprise
ಬರೀ ೨೦ ರೂಪಾಯ್ಗೋಸ್ಕರ ಪಾಪ ಆ ಬಡ ವ್ಯಾಪಾರಿ ಹತ್ರ ಚೌಕಾಶಿ ಮಾಡಿದ್ನೋಡಿ ನಮ್‌ ನೆಂಟ್ರು ಹುಡ್ಗಿ ಮೇಲೆ ರೇಗ್ ಹೋಗಿತ್ತು‌ ನಂಗೆ.,Anger
ಫ್ರೀಜರ್ ಒಳ್ಗೆ ತುಂಬಾ ಮಂಜ್‌ಗಡ್ಡೆ ಕಟ್ಕೊಳದು ಮತ್ತೆ ಫ್ರಿಡ್ಜ್ ಸುತ್ಲು ನೀರ್ ನಿಲ್ತಾ ಇರೋದ್‌ ನೋಡುದ್ರೆ ನಂಗ್‌ ಗಾಬ್ರಿ ಆಗ್ತಿದೆ; ಅದ್  ಸರ್ಯಾಗ್ ಇದ್ಯೋ ಇಲ್ವೋ ಅಂತ್ಲೇ ನಂಗ್ ಗೊತ್ತಾಗ್ತಾ ಇಲ್ಲ.,Fear
ಹೊಸ ಮನೆಗೆ ಎಲೆಕ್ಟ್ರಿಕಲ್ ಫಿಟ್ಟಿಂಗ್ಸ್‌ನ ನನ್ ಬಜೆಟ್‌ ಒಳ್ಗೇ ಮಾಡ್ಸಕ್ಹೋದ್ರೆ ಕ್ವಾಲಿಟಿ ಬಗ್ಗೆ ರಾಜಿ ಮಾಡ್ಕೋಬೇಕಲ ಅಂತ ಅದೇ ಚಿಂತೆ ಆಗಿದೆ.,Sadness
ನಿರ್ದೇಶಕ್ರಿಗೆ ಯಾವ್ದೇ  ದೂರದೃಷ್ಟಿ ಇಲ್ಲ ಅಂತ ಅನ್ನುಸ್ತು. ಆ ಬ್ರಾಡ್ವೇ ನಾಟಕನ್  ತೆಗ್ದುಕೊಂಡ್  ಹೋದ್ ರೀತಿ  ತುಂಬಾ ನೀರಸವಾಗಿತ್ತು.,Disgust
ನ್ಯೂಸ್‌ಪೇಪರ್‌ ಜೊತೆಗೆ ನೀವ್‌ ಹಾಕ್ತಿರೋ ಮ್ಯಾಗಜೀ಼ನ್‌ಗಳು ಒಂದೊಂದೂ ಭಾಳ ಚೆನಾಗಿವೆ. ಬೇರ್ಬೇರೆ ವಿಷ್ಯಗಳ್‌ ಬಗ್ಗೆ ಓದಿ ತಿಳ್ಕೊಳಕ್ಕೆ ಒಳ್ಳೆ ದಾರಿ ಇದು.,Happiness
ನಾನು ಸಾಕಷ್ಟ್ ಎಚ್ಚರ್ಕೆಯಿಂದ ಇರ್ದಿದ್ರೆ ಪೇಂಟಿಂಗ್‌ನ ಹಾಳ್‌ ಮಾಡ್ಬಿಡ್ತಿನೇನೋ ಅಂತ ಭಯ ನಂಗೆ.,Fear
"ನನ್ ಸ್ನೇಹಿತ್ರಿಗೆಲ್ಲ ತುಂಬಾನೇ ಕೆಟ್ ಅನುಭವ ಆಗಿದೆ, ಅವ್ರೆಲ್ಲ ಯಾವ್ಕಾರಣಕ್ಕೂ ನಿಮ್ಹತ್ರ ವಾಟರ್ ಫಿಲ್ಟರ್ ತಗೋಬೇಡ ಅಂತ ಅಷ್ಟಷ್ಟ್‌ ಸಲ ಹೇಳಿದ್ರು ನಂಗೆ. ನಾನ್ ಅವ್ರ್ ಮಾತ್ ಕೇಳ್ಬೇಕಿತ್ತು.",Disgust
ಯಷ್ಟ್‌ ಅನ್ಕೊಂಡ್ರೂ ಟೈಮಿನ್‌ ಮ್ಯಾಲ್‌ ಕರೆಕ್ಟಾಗಿ ರೊಕ್ಕಾ ಕಟ್ಟದೇ ಆಗಲ್ಲಾಗ್ಯಾದ ಹಿಂಗಾಗಿ ನಂಗ ಕೆಟ್‌ ಸಿಟ್‌ ಬರ್ಲಿಕತ್ತದ.,Anger
ಕೊಚ್ಚಿನ್ನಲ್ಲಿ ಈ ಸಣ್ ಹೋಟೆಲಲ್ಲಿ ಇಷ್ಟ್ ಒಳ್ಳೆ ಸರ್ವಿಸ್ ಸಿಗುತ್ತೆ ಅಂತ್ ನಾನ್ ಅನ್ಕೊಂಡಿರ್ಲಿಲ್ಲ!,Surprise
ಈ ಮರ್ಚಂಡೈಸ್‌ನ ಬಾಗ್ಲಲ್ ಇಡೋ ಮಹಾನ್‌ ಐಡಿಯಾ ಯಾರ್ದಪ್ಪ? ಓಡಾಡಕ್ಕೇ ಆಗ್ದ್‌ ಹಾಗೆ ದಾರಿಗ್ ಅಡ್ಡವಾಗ್‌ ಇದೆ ಅದು.,Disgust
ಷೇರ್ ಮಾರ್ಕೆಟ್ ಕುಸ್ದಿದ್ದು ಅದ್ರ್‌ ಬಗ್ಗೆ ಕಾಳ್ಜಿನೇ ಮಾಡ್ದೇ ಇನ್ಸೈಡ್‌ ಟ್ರೇಡಿಂಗ್ ಮಾಡ್ದೋರಿಂದ ಅನ್ನೋದು ನಾಚಿಕ್ಗೇಡು.,Disgust
ಲೈಫ್‌ಸ್ಟೈಲ್ ಸ್ಟೋರಲ್ಲಿ ಪ್ಲಸ್ ಸೈಜಿ಼ಂದು ಅದೆಷ್ಟ್‌ ಥರಾವರಿ ಬಟ್ಟೆಗಳ್ ಸಿಗತ್ವೇಂತ ನೋಡಿ ನಂಗ್ ಬೆರಗಾಗ್ಹೋಯ್ತು.,Surprise
"ವಾರೆವ್ಹಾ, ಈ ಹೊಸ ಸ್ಮಾರ್ಟ್‌ಫೋನ್ ಅದೆಷ್ಟ್ ಬೇಗ ಚಾರ್ಜ್ ಆಗತ್ತೆ ಅಂದ್ರೆ ನಂಗ್ ನಂಬಕ್ಕೇ ಆಗ್ತಿಲ್ಲ!",Surprise
"ಮಾವಿನ್ ಮರ ಮೊಳ್ಕೆ ಬಂದ್ರೆ ಬರುತ್ತೆ ಇಲ್ಲಾಂದ್ರೆ ಇಲ್ಲ ಅಂತ ತೋಟಗಾರ ಹಾಗೆ ಬಿಟ್ ಬಿಟ್ಟಿದ್ದ, ಮತ್ ಅದ್ ಮೂರು ವರ್ಷದ್ ನಂತ್ರ ಅನಿರೀಕ್ಷಿತವಾಗ್ ಹಾಗೆ ಆಯ್ತು.",Surprise
"ಆ ಗೈಡು ರಾಶಿ ರೊಕ್ಕಾ ಕೊಟ್ ಎಲ್ಲಿದೋ ಒಂದ್ ಟಿಕಿಟ್ ತಂದಾನ ಮತ್‌ ಅದಕ್‌ ನಾ ರೊಕ್ಕಾ ಕೊಡ್ಬೇಕಂತಂದಾ, ನಂದರೆ ತಲಿನೇ ಕೆಟ್ತು.",Anger
ಭಾರತ ತುಂಬಾ ಒಳ್ಳೆ ಕ್ರಿಕೆಟ್ ತಂಡನ ಹೊಂದಿದೆ. ನಮ್ ತಂಡ ನೂರ ಇಪ್ಪತ್ತೇಳಕ್ಕೂ ಹೆಚ್ಚು ಟಿ-ಟ್ವೆಂಟಿ ಅಂತಾರಾಷ್ಟ್ರೀಯ ಪಂದ್ಯಗಳ್ನ ಗೆದ್ದಿದೆ.,Happiness
ನಾವು ನಮ್ ಲ್ಯಾಪ್‌ಟಾಪಲ್ಲಿ ಏನೇನ್ ಮಾಡ್ತೀವೋ ಅದ್ನೆಲ್ಲ ಅವ್ರು ನೋಡ್ತಾ ಇರ್ತಾರೆ ಅಂತ ಟೆಕ್ನಿಕಲ್‌ ಟೀಮ್ನೋರು ಹೇಳಿದಾರೆ.,Fear
ಕೊರಿಯರ್ ಕಂಪ್ನಿಯೋರ್ ಕಳ್ದ್ ಹಾಕಿದ್ ಪ್ಯಾಕೇಜ್ ಬದ್ಲಿಗೆ ಪರಿಹಾರ ಅಂತ ದುಡ್ಡ್‌ ಕಳ್ಸಿದಾರೆ! ಹೀಗೂ ಇರತ್ತೆ ಅಂತ ನಂಗ್‌ ಗೊತ್ತೇ ಇರ್ಲಿಲ್ಲ.,Surprise
ನೀವೆಲ್ರೂ ದೊಡ್ಡೋರು! ದಯ್ವಿಟ್ಟು ಒಂದಷ್ಟ್ ಪ್ರಬುದ್ಧರಾಗಿರೋದ್ ಕಲೀರಿ ಮತ್ತೆ ನಿಮ್ ಕೆಲ್ಸನ ಜಾಸ್ತಿ ಗಂಭೀರ್ವಾಗ್ ತಗೊಳಿ.,Anger
ಈ ಸೆಮಿನಾರಲ್ಲಿ ನಂಗ್‌ ತುಂಬಾ ಉಪ್ಯೋಗಕ್‌ ಬರೋ ಕಸ್ಟಮರ್‌ ಸರ್ವಿಸ್ ಟೆಕ್ನಿಕ್‌ಗಳ್ನ ತಿಳ್ಕೊಳಕ್ಕಾಯ್ತು.,Happiness
ನನ್ ಕಾರಲ್ಲಿ ಮುರ್ದ್ಹೋಗಿರೋ ಬಿಡಿಭಾಗಗಳ್ನ ಬದ್ಲಾಯ್ಸೋದ್‌ ಬಿಟ್ಟು ದುಡ್ಡ್‌ ಉಳ್ಸಕ್ಕೆ ಅಂತ ಅದ್ನೇ ಏನೋ ರಿಪೇರಿ ಮಾಡ್ಸಿ ತೇಪೆ ಹಾಕಿಟ್ಕೊಳದು ನಂಗಂತೂ ಚೂರೂ ಸರಿಹೋಗಲ್ಲ.,Disgust
"ಪಂದ್ಯಾವಳಿಗಳಲ್ಲಿ ಕೆಲ್ವು ಟೆನಿಸ್ ಆಟಗಾರ್ರು ಪ್ರತೀ ಸಲ ಚೆಂಡನ್ನ ಹೊಡ್ಯುವಾಗ್ಲೂ ಜೋರಾಗ್ ಕಿರ್ಚೋದು ಎಷ್ಟ್‌ ಕೆಟ್ಟನ್ಸತ್ತೆ, ಸ್ಪರ್ಧೆ ಮೇಲಿನ್ ಗಮನ ತಪ್ಸಿ ತಬ್ಬಿಬ್ಬ್‌ ಮಾಡ್ಬಿಡತ್ತದು.",Disgust
ನನ್ ಪೋಷಕ್ರು ಕಳ್ದ ವಾರಾಂತ್ಯದ ಕುಟುಂಬ ಕೂಟದಲ್  ಆನಂದಿಸ್ತ ಇರೋದನ್ ನೋಡ್  ನಂಗ್  ಸಂತೋಷ ಆಯ್ತು.,Happiness
"ಒಬ್ಬ ವ್ಯಾಪಾರಸ್ಥನಾಗಿ, ತೆರಿಗೆ ಅಧಿಕಾರಿಗಳ್‌ ದಿಢೀರಂತ ಬಂದು ನಮ್‌ ಬಿಸ್ನೆಸ್‌ನ ಆಡಿಟ್‌ ಮಾಡೋದ್ ನೆನ್ಸ್‌ಕೊಂಡ್ರೆ ನಂಗ್ ಬೆನ್ನ್‌ಮೂಳೆ ನಡುಗತ್ತೆ.",Fear
ನನ್ ವಿಮೆಯು ಆರೋಗ್ಯ ಕೇಂದ್ರದಲ್ ಅಗತ್ಯವಿರೋ  ಎಲ್ಲಾ ಚಿಕಿತ್ಸೆನ್  ಬರ್ಸುತ್ತ  ಅಂತ ನಂಗ್ ಆಶ್ಚರ್ಯ ಆಗಿದೆ. ನಂಗ್  ಯಾವ್ದೇ ಅನಿರೀಕ್ಷಿತ ಆರ್ಥಿಕ ಹೊರೆಗಳ್ ಬರ್ಬಾರ್ದು ಅಂತ  ನಾನ್  ಬಯಸ್ತೀನಿ.,Fear
ತಪ್ಪಾಗಿ ಯಾವ್ದೋ ಐಟಮ್‌ ಬಂದ್ ತಲ್ಪಿದೆ ಅಂತ ಮತ್ತೆ ಅದ್ನ ವಾಪಾಸ್‌ ಕಳ್ಸೋ ಕೆಲ್ಸ ಅಂದ್ರೆ ಭಾರೀ ಬೇಜಾರಪ್ಪ.,Sadness
"ಈ ವಿಶ್ವವಿದ್ಯಾಲಯ ವಿಶೇಷ್ವಾದ್ದು ಅಂತ ಇದುನ್ ಆಯ್ಕೆ ಮಾಡ್ಕೊಂಡು ಬೇರೆ ಒಳ್ಳೆ ಆಯ್ಕೆಗಳಿದ್ದ ಸಂಸ್ಥೆಗಳನ್ನ ಕಡೆಗಣಿಸ್ದೆ. ನಾನೇ ನನ್‌ ಕೈಯಾರೆ ಎಲ್ಲ ಹಾಳ್ಮಾಡ್ಕೊಂಡೆ, ಛೇ! ನಾನೀಗಿರೋ ಸ್ಥಿತಿಗೆ ನಾನೇ ಹೊಣೆ.",Disgust
"ಕಳೆ ತೆಗ್ಯೋವಾಗ ಕಣ್ತಪ್ಪಿ ಕೆಲ್ವು ಗುಲಾಬಿ ಗಿಡಗಳ್ನೂ ಕಿತ್ತ್ ಹಾಕ್ಬಿಟಿದ್ದ ಆ ಮಾಲಿ, ಸ್ವಲ್ಪನೂ ನಿಗಾ ಇಲ್ಲ.. ನಾನಲ್ಲೇ ಅವ್ನನ್ನ ಕೆಲ್ಸ್‌ದಿಂದ ತೆಗ್ದ್‌ಹಾಕಿ ಮನೆಗ್‌ ಕಳ್ಸ್‌ಬಿಟ್ಟೆ.",Anger
ಬಫಲೋ ಡೌನ್‌ಟೌನಲ್ಲಿರೋ ಆ ಕುಖ್ಯಾತ್ವಾದ್‌ ಕೊಳಕು ರಸ್ತೆಲಿ ಮನೆ ಇಲ್ದಿರೋ ನಿರ್ಗತಿಕ್ರು ಮತ್ತೆ ಮಾದಕವಸ್ತು ವ್ಯಸನಿಗಳ್ ಮಧ್ಯೆ ಗಾಡಿ ಓಡುಸ್ಕೊಂಡ್‌ ಬರುವಾಗ ನಂಗ್‌ ಒಳಗೊಳಗೇ ಏನೋ ಒಂಥರ ಭಯ ಆಗ್ತಿತ್ತು.,Fear
ಊಟ್ದಲ್ಲಿ ಸಿಕ್ಕಾಪಟ್ಟೆ ಎಣ್ಣೆ ಇದ್ದಿದ್ನೋಡಿ ನಂಗೆ ವಾಂತಿ ಬರೋ ಹಾಗ್‌ ಆಗ್ಬಿಡ್ತು.,Disgust
"ನಾನು ಶಾಂತವಾಗಿರ್ಬೇಕೂಂತ್ಲೇ ಪ್ರಯತ್ನಿಸ್ತೀನಿ, ಆದ್ರೆ ಎಷ್ಟೋ ವರ್ಷಗಳ್‌ ಕಾಲ ಬರೀ ಕೆಟ್ದನ್ನೇ ನೋಡ್ತಾ, ಕೇಳ್ತಾ ನಂಗ್‌ ಬುದ್ಧಿ- ಮನ್ಸಲ್ಲೆಲ್ಲ ಅದೇ ಅಚ್ಚೊತ್ಬಿಟಿದೆ, ಈಗದೆಲ್ಲ ಒಂದೇ ಸಲ ಬದ್ಲಾಗ್ಬೇಕೂಂದ್ರೆ ಅದಷ್ಟ್‌ ಸುಲ್ಭ ಅಲ್ಲ.",Disgust
"ಈ ಜಾಗ್ದಲ್ಲಿ ಬಾಂಬ್ ಇರ್ಬೋದು, ನಾವ್ ಆದಷ್ಟ್ ಬೇಗ ಜಾಗ ಖಾಲಿ ಮಾಡ್ಬೇಕು ಅಂತ ಅವ್ರ್  ಹೇಳ್ತಾ ಇದಾರೆ.",Fear
"ನಾನು ಮೊದಲ್ನೇ ಸೆಟ್ ಗೆಲ್ತೀನಿ ಅಂತ ಅನ್ಕೊಂಡಿದ್ದೆ, ಆದ್ರೆ ಆಮೇಲೆ ನಾನ್ ತುಂಬಾ ಬೇಗ್ನೇ ಸುಸ್ತಾಗೋದೆ, ಎಲ್ಲ ನಂದೇ ತಪ್ಪು.",Sadness
"ನಾರ್ತ್ ಚೆನ್ನೈಗೆ ಕ್ಯಾಬಲ್‌ ಹೋಗ್ಬೇಕು ಅಂದ್ರೆ ಯಾರೂ ಬರಲ್ಲ. ಅಲ್ಲಿ ಅಷ್ಟ್ ಕೊಳ್ಕು, ಜನಜಂಗುಳಿ ಮತ್ತೆ ಕ್ಯಾಬ್ನೋರ್‌ ವಾಪಸ್‌ ಬರ್ವಾಗ ಅವ್ರಿಗೆ ಸರ್ಯಾಗ್ ಬಾಡ್ಗೆನೂ ಸಿಗಲ್ಲ.",Disgust
ಎಂಥ ಹರಸಾಹಸ ಆಗಿತ್ತಿದು! ಮಾರ್ಕೆಟ್ಟಲ್ಲಿ ಈ ಸಣ್ಣ ಸ್ಟಾರ್ಟಪ್ ಇಷ್ಟ್ ದೊಡ್ದ್ ಪ್ಲೇಯರ್ ಆಗತ್ತೆ ಅಂತ ನಾನ್‌ ಯಾವತ್ತೂ ಅನ್ಕೊಂಡಿರ್ಲಿಲ್ಲ.,Surprise
"ಈ ಉಬರ್‌ ಡ್ರೈವರ್‌ಗೊಳು ಸುಮ್ಮೆ ಮನಸಿಗಿ ಬಂದ್ಹಂಗ ಕ್ಯಾನ್ಸಲ್‌ ಮಾಡ್ಕೊತ ಇರ್ತಾರ, ನಂಗ ಭಾಳ ಚಿರಡಿಗಿ ಬರ್ತದ, ಅದ್ರಾಗ ಏನರೇ ಅರ್ಜೆಂಟ್‌ ಮೀಟಿಂಗ್‌ ಇದ್ರ ಏನ್‌ ಮಾಡ್ಬೇಕ.",Anger
ನಮ್‌ ಗ್ರಾಹಕ್ರಿಂದ ನೆಗೆಟಿವ್‌ ಫೀಡ್‌ಬ್ಯಾಕ್‌ ಬಂದಿದ್ನೋಡಿ ನನ್‌ ಉತ್ಸಾಹ ಎಲ್ಲ ಜರ್ರಂತ ಇಳ್ದೋಗಿದೆ.,Sadness
"ಬೇಡ್ದಿರೋ ಕಾಗದಪತ್ರ, ದಾಖಲೆಗಳ್ನೆಲ್ಲ ಕೇಳ್ಕೊಂಡು, ಜೋಡುಸ್ಕೊಂಡು ಅದ್ರಲ್ಲೇ ನನ್‌ ಸಮಯನ ವ್ಯರ್ಥ ಮಾಡ್ಬೇಡಿ. ಸುಮ್ನೆ ಬೇಗ ನಂದೊಂದ್ ಖಾತೆ ತೆರೀರಿ ಅಷ್ಟೇ!",Anger
ಇವತ್ತು ಕಲಾ ಮಾರುಕಟ್ಟೆಲಿ ಕಲೆಯ ಪರಿವರ್ತಕ ಶಕ್ತಿನ ಗುರುತ್ಸೋ‌ ಸಂವೇದನೆನೇ ಮರೆಯಾಗ್ತಿರೋದ್ನ ನೋಡೋಕ್ಕೆ ತುಂಬಾ ಬೇಜಾರಾಗತ್ತೆ.,Sadness
"ತಂಗಿ ಪುಟ್ಟೂ, ನೀನ್‌ ಹೀಗೇ ಇಷ್ಟ್ ಕಡ್ಮೆ ಊಟ ಮಾಡ್ತಾ ಇದ್ರೆ ಚೂರೂ ಶಕ್ತಿನೇ ಇಲ್ದಂಗ್‌ ಆಗೋಗ್ತೀಯ ಅಷ್ಟೇ.",Fear
ಭಾರತ ಮತ್ ಇಂಗ್ಲೆಂಡ್ ನಡುವಿನ್‌ ಒನ್‌ ಡೇ ಮ್ಯಾಚ್‌ನ್ಯಾಗ ಕ್ರಿಸ್ ಬ್ರಾಡ್ ಬೌಲಿಂಗ್‌ನ್ಯಾಗ್  ಯುವರಾಜ್‌ ಸಿಂಗ್‌ ಆರ್‌ ಸಿಕ್ಸರ್‌ ಬಾರಸ್ದಾಗ ನಾ ಹಿಗ್ಗಿ ಹೀರಿಕಾಯ್‌ ಆಗಿದ್ದೆ.,Happiness
ಇದ್ ತಡ ಆದ್ರೆ ನನ್ ಕನೆಕ್ಟಿಂಗ್‌ ವಿಮಾನ ತಪ್ಪ್ ಹೋಗ್ಬಿಡುತ್ತೆ ಅಂತ ಟೆನ್ಷನ್‌ ಆಗ್ತಿದೆ ನಂಗೆ.,Fear
ನನ್‌ ಮಗನ್‌ ಸಲ್ವಾಗಿ ನಾ ಬ್ಯಾಂಕ್‌ ಖಾತಾ ತಗಸ್ಲಿಕ್ಕಿ ಹೋದಾಗ ಅಲ್ಲಿ ಮ್ಯಾನೇಜರ್‌ ಏನ್‌ ತಾನೇ ದೊಡ್‌ ತೀಸ್ಮಾರ್ಖಾನ್ ಯಲ್ಲಾ ತನ್ಗೇ ಗೊತ್ತನ್ನಹಂಗ ಮಾತಾಡ್ಲಿಗತ್ತಿದ್ದಾ ನಂಗ ಕೆಟ್‌ ಹೊಲಸ್‌ ಅನಸ್ತು.,Disgust
ಈ ಹೊತ್ತಲ್ಲಿ ಅವ್ರ್ ಮನೆ ಬಾಗ್ಲು ತಟ್ಬೇಡಿ. ಅವ್ರು  ಪೊಲೀಸ್ರಿಗೆ ಫೋನ್ ಮಾಡ್ಬೋದು.,Fear
ಈ ವಿಮಾನ ಅಡ್ಡಾದ್ಲಿಂದ ರೇಲ್ವೆ ಸ್ಟೇಷನ್‌ ಮುಟ್ಟದ್ರಾಗೇ ಎಲ್ಲಿ ನನ್‌ ಟ್ರೇನ್‌ ತಪ್ಪತದ ಅಂತ‌ ಭಯಾಗ್ಲಿಕ್ ಹತ್ಯಾದ.,Fear
ಒರ್ಲ್ಯಾಂಡೊದಲ್ಲಿರೋ ಡಿಸ್ನಿವರ್ಲ್ಡ್ ಪಾರ್ಕಿಗ್ ಹೋದಾಗ ನಂಗ್ ಮೈಯೆಲ್ಲ ರೋಮಾಂಚ್ನ ಆಗೋಗಿತ್ತು.,Happiness
ಈ ಬಾಡ್ಗೆ ಮನೆ ನನ್ ಕುಟುಂಬಕ್ಕೆ ದೊಡ್ಡ ಪ್ಲಸ್ ಆಗಿದೆ.  ಅದು ಶಾಲೆಗಳಿಗ್  ತುಂಬಾ ಹತ್ರದಲ್ಲಿದೆ ಅಂತ ನಂಗ್ ನಿಜ್ವಾಗ್ಲೂ ಸಂತೋಷ ಆಗಿದೆ.,Surprise
ನಾನಿವತ್ತು ಮಾರ್ಕೆಟ್ಟಿಂದ ತಾಜಾ ಗುಲಾಬಿ ಹೂಗಳ್ನ ತಗೊಂಡ್ಬಂದೆ.. ಒಳ್ಳೆ ಘಮ ಅವ್ಗಳ್ದು.,Happiness
"ನಾವು ನಿರಂತರವಾಗ್ ನಮ್ ಗುರಿಗಳ್ನೆಲ್ಲ ಸಾಧಿಸ್ಕೊಂಡ್‌ ಬಂದಿದೀವಿ, ಹಾಗಾಗಿ ಈಗ ಕೆಲ್ವು ನಿಜ್ವಾದ್ ಫಲಿತಾಂಶಗಳು ಕಾಣೋಕ್ ಶುರು ಆಗಿವೆ.",Happiness
ನನ್ ಸಂಬಂಧಿಕ್ರ ಶಸ್ತ್ರಚಿಕಿತ್ಸೆಗ್ ಆರೋಗ್ಯ ಕೇಂದ್ರಲಿ  ಎಬಿ- ನೆಗೆಟಿವ್  ರಕ್ತ ಸಿಗುತ್ತೆ  ಅಂತ ಗೊತ್ತಾಗ್ ನಂಗ್  ಸಮಾಧಾನ ಆಯ್ತು. ನನ್ ಭುಜದಿಂದ್ ದೊಡ್ ಬಾರನೆ  ಇಳ್ದಂಗ್ ಆಯ್ತು.,Happiness
"ನಂಗ್‌ ನಾಳೆಗೆ ಒಗಿಲೇಬೇಕಿದ್ದಿದ್ ಕೆಲ್ವೆಲ್ಲ ಬಟ್ಟೆಗಳಿದ್ವು, ಆದ್ರೆ ಯಾಕೋ ಈ ಹೋಟ್ಲಲ್ಲಿ ನಾನ್‌ ಲಾಂಡ್ರಿ ಸರ್ವಿಸ್‌ ಬೇಕೂಂದಿದ್ದು ಯಾರ್ಗೂ ಅರ್ಥನೇ ಆಗಿಲ್ಲ ಅನ್ಸತ್ತೆ, ನಂಗ್‌ ಏನ್‌ ಮಾಡೋದೂಂತ್ಲೇ ತೋಚ್ತಿಲ್ಲ.",Sadness
ಹೊಸಾ ಮಂದಿನ್ ಭೇಟಿ ಮಾಡೂದಂದ್ರ ನಂಗ್ ಭಾಳ ದಿಗಿಲಾಗ್ತದ.,Fear
"ನಿಮ್ ರಾಜೀನಾಮೆ ಉದ್ಯೋಗದಾತ್ರ ದೃಷ್ಟಿಯಿಂದ್ ನೋಡೋದಾದ್ರೆ, ನಮ್ ಸಂಬ್ಳದ್  ಬಜೆಟ್ ಮತ್ ತಂಡದ್  ಒಟ್ಟಾರೆ ಪರಿಹಾರ ರಚನೆ ಮೇಲ್  ಹೇಗ್  ಪರಿಣಾಮ ಬೀರ್ಬಹುದು ಅನ್ನೋದ್ರ ಬಗ್ಗೆ ನಂಗ್  ಸ್ವಲ್ಪ ಆತಂಕ ಇದೆ.",Fear
ಅಭ್ಯಾಸದ್ ತರಗತಿ‌ ನಡೀತಿದ್ದಾಗ ನನ್ಮಗು ಅವ್ರ್ ನೃತ್ಯ ಶಿಕ್ಷಕ್ರ ಹತ್ರ ಅಸಂಬದ್ಧವಾಗ್ ಮಾತಾಡಿದ್ನೋಡಿ ನಂಗ್ ಆಘಾತ ಆಯ್ತು.,Surprise
ಒಂದೇ ಸೌಲಭ್ಯಕ್ಕೆ ನಂಗ್ ಎರಡೆರಡ್‌ ಸಲ ದುಡ್ಡ್‌ ಕಟ್ಟಕ್‌ ಹೇಳುದ್ರೂಂತ ಆ ಹೋಟೆಲ್ ಮ್ಯಾನೇಜ್ಮೆಂಟ್ನೋರ್‌ ಜೊತೆ ಸರ್ಯಾಗ್‌ ಜಗ್ಳಾಡ್ದೆ ನಾನು.,Anger
"ನಾವು ಹಣಕಾಸಿನ್ ದಾಖಲೆಗಳ್ನ ಪರಿಶೀಲಿಸ್ತಿದ್ದಾಗ, ಮುಂದೆ ಎದುರಾಗೋ ಒಂದ್‌ ದೊಡ್ಡ್ ದುರಂತನ ಸೂಚ್ಸೋ ಹಾಗೆ ನಮ್‌ ತಲೆಯೆಲ್ಲ ಕೆಟ್ಹೋಗಿ, ಮನ್ಸಲ್ಲಿ ಒಂಥರ ಭಯ ಆವರಿಸ್ಕೊಂಡಿತ್ತು.",Fear
"ನಾನ್ ಇನ್ಯಾವತ್ತೂ ಇಲ್ಲಿ ಊಟ ಮಾಡೋ ಯೋಚ್ನೆನೂ ಮಾಡಲ್ಲ, ನನ್ ಅನ್ನದಲ್ಲಿ ಜಿರಳೆ ಇದೆ!",Disgust
"ನಾನು ಹೊಸ ಲ್ಯಾಪ್‌ಟಾಪ್ ಬೇಕು ಅಂತ ಕೇಳಿದ್ದೆ, ಆದ್ರೆ ಸಹಾಯಕ ಸಿಬ್ಬಂದಿ ನಂಗೆ ಹೊಸಾದ್ ಕೊಡಕ್ಕಾಗಲ್ಲ ಅಂತ ಹೇಳುದ್ರು.",Sadness
ನಮ್ ಸೀನಿಯರ್ರು ಪದವಿಪ್ರದಾನ ಕಾರ್ಯಕ್ರಮ್ದಲ್ಲಿ ಭಾಷಣ ಮಾಡಿದ್ ಕೇಳಿ ಎಲ್ರಿಗೂ ಕಣ್ಣಾಲಿ ತುಂಬಿತ್ತು.,Sadness
ಕಾರ್‌ ತೊಳ್ಯುವಾಗ ಎಲ್ಲಿ ನನ್‌ ಕಾರಿಗೇನಾದ್ರೂ ಜಖಂ ಆಗ್ಬಿಡತ್ತೋ ಅಂತ ಆತಂಕ ಆಗತ್ತೆ ನಂಗೆ.,Fear
"ನೀವು ಎಲ್ಲ ಚಟ ಬಿಟ್ಟು ಒಂದ್‌ ವರ್ಷ ಆಯ್ತು ಅಂದ್ರೆ ನಂಗ್ ನಂಬಕ್ಕೇ ಆಗ್ತಿಲ್ಲ! ಇದು ಎಷ್ಟ್‌ ದೀರ್ಘವಾದ್‌ ಪ್ರಯಾಣ, ಎಷ್ಟೆಲ್ಲ ಕಷ್ಟದ್ದೂ ಹೌದು.. ಆದ್ರೂ ನೀವದ್ನ ಮಾಡಿ ಗೆದ್ದಿದೀರಲ!",Surprise
ನಾನ್  ಫ್ರೀಜರ್  ಓಪನ್ ಮಾಡ್ದಾಗ  ನೀವ್ ನನ್ ಮುಖನ್  ನೋಡ್ಬೇಕಿತ್ತು. ಅಲ್ಲಿ ಪೂರ್ವನಿಯೋಜಿತ ವಾಟರ್ ಪಾರ್ಕ್ ಅನ್ ನೋಡ್ದಾಗ ಫ್ರಿಜ್ಗೆ ಸರ್ವೀಸ್ನ  ಅಗತ್ಯ ಇದೆ.,Surprise
ಶ್ರೇಯಾ ಘೋಷಾಲ್ ಹಾಡಾ ಕೇಳ್ದಾಗೊಮ್ಮೆ ಮನ್ಸ್‌ ನವಿಲಿನ್‌ ಹಂಗ್ ಕುಣೀತದ.,Happiness
ಛೇ ಈ ಡ್ರೈವಿಂಗ್‌ ಲೈಸನ್ಸ್‌ ಸಿಗ್ಬೇಕಾದ್ರ ಆರ್.ಟಿ.ಒ.ನ್ಯಾಗ್ ಪ್ರತಿಯೊಬ್ರಿಗೂ ಲಂಚಾ ಕೊಡಬೇಕಾಗ್ತದ ಅಂದ್ರ ಏನ್‌ ಅಸೈ ನೋಡ.,Disgust
"ಯಾವ್ದೋ ಕೆಲ್ಸಕ್‌ ಬಾರ್ದಿರೋ ಮ್ಯಾರಥಾನ್‌ಗೋಸ್ಕರ ರಸ್ತೆಗಳ್ನೆಲ್ಲ ಬ್ಲಾಕ್‌ ಮಾಡಿಟ್ಟಿದಾರೆ, ನಂಗಿಲ್ಲಿ ಏರ್ಪೋರ್ಟಿಗ್‌ ಹೋಗಕ್ಕೆ ಎಷ್ಟ್ ತಡ ಆಗ್ತಿದೆ, ಏನ್‌ ನಡೀತಿದ್ರೂ ಯಾರೂ ಹೇಳೋರ್‌ ಕೇಳೋರ್‌ ಇಲ್ಲ ಈ ಊರಲ್ಲಿ.",Anger
ಮುಂದೆ ಬರೋ ಪ್ರಮಾಣೀಕೃತ ಪರೀಕ್ಷೆ  ಬಗ್ಗೆ ನಂಗ್ ಸ್ವಲ್ಪ  ಆತಂಕ ಆಗ್ತಿದೆ.,Fear
"ಕಳೆದ್ವಾರದ್‌ ಕೊನೇಲಿ ರೆಸ್ಟೋರಂಟಿಗ್ ಹೋಗಿ ನಂಗಿಷ್ಟವಾದ್ ರೊಟ್ಟಿ ಊಟ ಮಾಡ್ದೆ, ಜೀವಕ್‌ ತೃಪ್ತಿಯಾಯ್ತು.",Happiness
"ಭಯನಾ? ಯಾಕೆ? ಅದೇನ್ ಅಷ್ಟೊಂದ್ ದುಬಾರಿನಾ? ಅಯ್ಯ‌ಯ್ಯಪ್ಪ, ಹೌದಲ್ಲೋ!",Fear
ಟಿವಿ ಮಾರೋನು ತನ್ ಅಂಗ್ಡಿಗೆ ಬರೋ  ಮಹಿಳೆಯರನ್ ನೋಡ್ತಾ ಇರ್ತಾನೆ  ನಂಗಂತೂ ಅಸಹ್ಯ ಅನ್ನುಸ್ತು.,Disgust
ಅವ್ರು ರಾಜಕೀಯ ಲಾಭಕ್ಕೋಸ್ಕರ ಭಯ ಮತ್ತೆ ಒಡೆದಾಳೋ ನೀತಿನ್ ಬಳಸ್ತಿರೋದ್‌ ನೋಡ್ತಿದ್ರೆ ನಂಗ್‌ ತಡ್ಕೊಳಕ್ಕಾಗ್ದಷ್ಟ್‌ ಕೋಪ ಬರ್ತಿದೆ.,Anger
ತನ್ ರೋಮಾಂಚಕ   ಪ್ರದರ್ಶನದ್  ನಂತ್ರ ಯುವತಿ ಹಿರಿಯರಿಗೆ ಎಷ್ಟ್  ನಮ್ರತೆ ಮತ್ ಗೌರವನ್  ತೋರ್ಸಿದ್ಳು ಅಂತ   ನಂಗ್  ತುಂಬಾ ಸಂತೋಷ ಆಯ್ತು.,Happiness
ನೀರಿಗ್ ಇಳೀಬೇಡಿ. ಅದ್ ತುಂಬಾ ಆಳ ಇದೆ!,Fear
ನನ್ ಹಣಕಾಸನ್ನೆಲ್ಲ ನಿಭಾಯ್ಸೋದ್ರಲ್ಲಿ ಸಹಾಯ ಮಾಡೋ ಒಬ್ರು ಒಳ್ಳೆ ಸಲಹೆಗಾರ್ರನ್ನೂ ಹುಡುಕ್ಕೊಳಕ್‌ ಆಗಿಲ್ವಲ ನನ್‌ ಕೈಲಿ ಅಂತ ನನ್ಮೇಲ್‌ ನಂಗೇ ಕೋಪ ಬರ್ತಿದೆ.,Anger
ಕಾಲೇಜ್‌ ಶುರುವಾಗೋದ್‌ ತಡ ಆಗ್ತಿರೋದಕ್ಕೆ ಆ ಹಾಳ್‌ ಸ್ಟೂಡೆಂಟ್ಸ್‌ ಯೂನಿಯನ್ನೇ ಕಾರಣ. ಅದ್ರಲ್ಲಿರೋರ್ಗೆ ಬೇರೆ ವಿದ್ಯಾರ್ಥಿಗಳ್‌ ಬಗ್ಗೆ ಸ್ವಲ್ಪನೂ ಕಾಳ್ಜಿ ಇಲ್ಲ.,Disgust
ಮಾರ್ಕೆಟ್ ಕುಸ್ದಿರೋದ್ರಿಂದ ಮುಂಬರ್ಲಿರೋ ಕಾರ್ಪೊರೇಟ್ ಅರ್ನಿಂಗ್ಸ್‌ ಸೀಸನ್ ಬಗ್ಗೆ ನಂಗ್ ಒಂಥರ ಭಯ ಆಗ್ತಿದೆ.,Fear
ನಂ ಕ್ಲೈಂಟಿನ್‌ ಆಫೀಸ್‌ನ್ಯಾಗಿರ ಸಫಾಯಿ ಮಂದಿ ಹೇಳಿದ್‌ ಮಾತೇ ಕೇಳಂಗಿಲ್ಲಾ ಹಿಂಗಾಗಿ ಅಲ್ಲೆಲ್ಲಾ ಕೆಟ್‌ ಹೊಲಸಾಗ್ಹೋಗಿತ್ತು .,Sadness
ಅಲ್ಲಿದ್ದಿದ್ ಬೈಕ್ಗಳಲ್ಲಿ ನಂಗ್‌ ಒಂದನ್ನೂ ಆಯ್ಕೆ ಮಾಡ್ಕೊಳಕ್ಕಾಗ್ದೇ ಇದ್ದಿದ್ಕೆ ಆ ಸೈಕಲ್‌ ಮಾರೋನು ಅವಮಾನ ಮಾಡೋ ಥರ ಮಾತಾಡಿದ್ದು ನಂಗ್ ಮೈಯೆಲ್ಲ ಉರ್ದ್‌ಹೋಯ್ತು.,Anger
ನಂದಲ್ದೇ ಬೇರ್ಯೋರ್ ಜೀವ್ನದ್ಮೇಲೆ ಪರಿಣಾಮ ಬೀರೋಂಥ ಯಾವ್ದಾದ್ರೂ ನಿರ್ಧಾರ ತಗೊಳುವಾಗ ನಂಗ್‌ ಎದೆ ಅಳುಕತ್ತೆ.,Fear
"ಬಸ್  ದಾರಿ ಮದ್ಯೆ ಬಾಕಿ ಆಗೋದನ್ ಕಡ್ಮೆ ಮಾಡ್ಬೇಕಂತ ,  ಮತ್ ಆರಾಮ್ವಾಗಿರೋ  ಪ್ರಯಾಣನ  ಕೊಡಕ್  ಕ್ರಮಗಳನ್ ತಗೋತಾ ಇದೆ ಅಂತ ಗೊತ್ತಾಗಿ ನಂಗ್  ಸಂತೋಷ ಆಯ್ತು.",Happiness
"ಓಹ್, ಅದಂತೂ ಚೂರೂ ಚೆನ್ನಾಗಿಲ್ಲ. ನನ್ ಬಜೆಟ್ಟಲ್ಲಿ ಏನಾದ್ರೂ ಒಳ್ಳೇದ್ ಸಿಗ್ಬೋದು ಅಂತನ್ಕೊಂಡಿದ್ದೆ ನಾನು. ಇಲ್ನೋಡುದ್ರೆ ಏನೂ ಇಲ್ಲ.",Disgust
"ನಿಮ್ಮನ್ನೀವು ವೃತ್ತಿಪರರು ಅಂತ ಹೇಳ್ಕೊತೀರಿ, ಆದ್ರೆ ಷೆಡ್ಯೂಲಲ್ಲಿ ಒಂದ್‌ ಟೈಮ್‌ಶೀಟ್ ಭರ್ತಿ ಮಾಡಕ್ಕಾಗಲ್ಲ ಅಲಾ ನಿಮ್ಕೈಲಿ, ಛೇ! ನಿಮ್ನೆಲ್ಲ ಕಟ್ಕೊಂಡು ಬರೀ ಏಗೋದೇ ಆಗೋಯ್ತು ನಂಗೆ.",Disgust
"ಅಲ್ಲಾ ನನ್‌ ಹೆಂಡ್ತಿಗರೇ ತಿಳೀಬೇಕಲಾ ಅಕಿನೂ ಮಗಾ ಹೇಳ್ಹಂಗ್ ಕುಣದ್ಲು ಆಕೀದೂ ನಂದೂ ದೊಡ್ಡ್‌ ಜಗಳಾ‌, ಮಾತಿನ್ ಚಕಮಕಿ ‌ಆಗ್ಯಾದೀಗ.",Anger
ಏನರೆ ಸಾಧಸ್ಬೇಕಂತ ಬಡದಾಡಿ ಮತ್ ಆ ಕೆಲ್ಸ ಆಗ್ಲೇವಲ್ದು ಅಂದ್ರ ನಂಗ್ ಎದಿವಡದ್ಹಂಗಾಗ್ತದ.,Sadness
ನಾನ್ ಅಗತ್ಯ ಇರೋ ಎಲ್ಲಾ ವ್ಯಾಕ್ಸಿನೇಷನ್ ಡೋಸ್‌ಗಳ್ನೂ ತಗೊಂಡಾಗಿದೆ. ಹಾಗಾಗಿ ಈಗ್ ನಂಗೆ ಎಷ್ಟೋ ರೋಗಗಳ್‌ ವಿರುದ್ಧ ನಿರೋಧಕ ಶಕ್ತಿ ಇದೆ ಅಂತಾಯ್ತು.,Happiness
ವೀಸಾಕ್ಕಾಗಿ ರಾಯಭಾರ ಕಚೇರಿಗೆ ಕಳ್ಸಿದ  ಪ್ರಮುಖ ದಾಖ್ಲೆ ಸಮ್ಯಕ್ಕೆ ಸರ್ಯಾಗಿ ತಲ್ಪದಿದ್ದಾಗ್  ನಂಗ್  ಆಶ್ಚರ್ಯ  ಆಯ್ತು.,Surprise
‌ಅಷ್ಟೊಂದ್ ಜನಪ್ರಿಯ್ವಾಗಿರೋ ಆ ಜಾಗ ಅವ್ರ್ ಹೇಳ್ದಷ್ಟೆಲ್ಲ ಏನ್ ಚೆನ್ನಾಗೇ ಇರ್ಲಿಲ್ಲ.,Sadness
ಟೈಟಾನಿಕ್ ಹತ್ರ ಹೋಗಕ್ಕೆ ಸಮುದ್ರದೊಳಕ್‌ ಇಳ್ದಿದ್ ಸಬ್ಮರ್ಸಿಬಲ್‌ದು ಏರ್‌ಟೈಮ್‌ ಮುಗ್ದೋಗಿರೋದ್ರಿಂದ ಅದಿನ್ನು ಸಿಗೋದೇ ಇಲ್ವೇನೋ ಅಂತ ಗಾಬ್ರಿ ಆಗ್ತಿದೆ.,Fear
ನಿಮ್ ಅಂಗ್ಡಿಲಿ ಯಾವಾಗ್ಲೂ ಜನದಟ್ಟಣೆ ಮತ್ ಜನ್ರು  ಒಬ್ಬರನ್ನೊಬ್ರು ತಳ್ತಾ ಇರ್ತಾರೆ  ಅದಕ್ಕ ನಂಗ್  ತುಂಬಾ ಕೋಪ ಬರ್ತಿದೆ.,Anger
ಈ ಬಾಡ್ಗೆ ಯೂನಿಟ್  ಎಷ್ಟ್  ಮಾಡರ್ನ್ ಮತ್ ಎಷ್ಟ್ ಚೆನ್ನಾಗಿ ಇಟ್ ಕೊಂಡಿದ್ದಾರೆ ಅಂದ್ರೆ ನಂಗ್ ತುಂಬಾ ಇಷ್ಟ ಆಯ್ತು. ನನ್ಗಾಗಿ ಅದನ್ ಹುಡುಕ್ ಕೊಟ್ಟ ಹೌಸ್ ಬ್ರೋಕರ್‌ಗೆ ನಾನ್ ಧನ್ಯವಾದ್  ಹೇಳ್ಬೇಕ್.,Surprise
ಆ ರಂಗಭೂಮಿಯ ನಿರ್ಮಾಣವು ಎಷ್ಟ್ ಕೆಟ್ಟದಾಗಿತ್  ಅಂದ್ರೆ ಅದ್  ಹೈಸ್ಕೂಲ್ ನಾಟ್ಕದ್ ಹಾಗ್ ಅನ್ನುಸ್ತು.,Disgust
ದಾಸ್ತಾನು ಕಮ್ಮಿ ಆಗ್ಬಿಟಿದ್ದಾಗ ಗ್ರಾಹಕ್ರ ಅಗತ್ಯಗಳ್ನ ತಪ್ದೇ ಪೂರೈಸೋ ದೃಷ್ಟಿಯಿಂದ ನಾನು ಬೇಗ್ನೆ ಆ ಸಮಸ್ಯೆನ ಬಗೆಹರ್ಸ್ದೆ.,Happiness
"ಕಪಾಟ್‌ ಗಿಪಾಟ್‌, ಮಂಚಾ ಎಲ್ಲಾ ಇರ ಬಾಡ್ಗಿ ಮನಿ ನನ್‌ ಬಜೆಟ್ನ್ಯಾಗೇ ಸಿಕ್ಕದಂದ್ರ ಇದ್‌ ಜಬರ್ದಸ್ತ್ ಬೋನಸ್ಸೇ ಆತು.",Surprise
"ಅರೆರೇ! ನನ್ ಇಬ್ರು ಮಕ್ಳು ನೃತ್ಯ ಸ್ಪರ್ಧೆಲ್‌ ಭಾಗ್ವಹಿಸಿದ್ರು, ಅದ್ರಲ್‌ ಗೆದ್ದು ಇಬ್ರಿಗೂ ಬಹುಮಾನ ಬಂದ್ಬಿಟಿದೆ!",Surprise
"ಹಲೋ ಮೇಡಂ, ನಾನೇ ಮೊದ್ಲು ಇಲ್ಲಿಗ್ ಬಂದಿದ್ದು. ಆ ಸೀಟ್ ನಂದು.",Anger
ದಾಳಿಕೋರ್ರು ನಮ್ ರಾಷ್ಟ್ರದ್ ದೊಡ್ದೊಡ್ ಗ್ರಂಥಾಲಯಗಳ್ನೆಲ್ಲ ಯಾಕ್ ನಾಶ ಮಾಡುದ್ರು ಅಂತ ನಂಗರ್ಥಾಗಲ್ಲ.,Sadness
ನಮ್‌ ಹೊಸ ಮನೆಗೆ ನಾನ್‌ ಅಷ್ಟೆಲ್ಲ ದುಡ್ಡ್‌ ಕೊಟ್ಟು ಅಂಗ್ಡಿಯಿಂದ ಅಷ್ಟೊಳ್ಳೆ ವೈರ್‌ ತಂದು ಎಲೆಕ್ಟ್ರಿಕ್ ಕೆಲ್ಸ ಮಾಡ್ಸಿದ್ರೂ ಅದ್ರಲ್ಲೂ ಷಾಕ್‌ ಹೊಡೀತು ಅಂದ್ರೆ ಎಷ್ಟ್ ಬೇಜಾರಾಗ್ಬೇಡ ನಂಗೆ! ಮೇಲಾಗ್ ಅಷ್ಟ್‌ ದುಡ್ಡೂ ಹೋಯ್ತು.,Sadness
"ನಂಗ್‌ ಈ ತಿಂಡಿ ಎಷ್ಟ್‌ ಇಷ್ಟ.. ಆದ್ರೆ ಇಲ್ಲಿ ಅದ್ರ್‌ ರುಚಿ ಚೂರೂ ಚೆನಾಗಿಲ್ಲ, ಆಸೆ ತೋರ್ಸಿ  ಮೋಸ ಮಾಡ್ದಂಗಾಯ್ತು ನಂಗೆ.",Sadness
"ಮುಕ್ಕಾಲ್ಪಾಲು ಮೂಳೆ ಡಾಕ್ಟ್ರಿಗೆಲ್ಲ ನಮ್ ಆರೋಗ್ಯಕ್ಕಿಂತ ದುಡ್ಡೇ ಮುಖ್ಯ, ಎಂಥ ಕಾಲ ಬಂತು ನೋಡು.",Disgust
ವಾಹ್! ಈ ಕ್ಯಾಮರಾ ಅದೆಷ್ಟ್‌ ಫಳಫಳ ಅನ್ನೋ ಹಾಗೆ ಬಣ್ಣಗಳ್ನ ಸೆರೆಹಿಡ್ಯತ್ತೆ ಗೊತ್ತಾ?!,Surprise
"ಏರ್ಪಾಟ್‌ ಮಾಡಿದ್ರಲ್ಲಿ‌ ಒಂದಾದ್ರೂ ವ್ಯವಸ್ಥೆ ಚೆನ್ನಾಗಿರ್ಲಿಲ್ಲ, ಆ ಈವೆಂಟ್‌ ಮ್ಯಾನೇಜರ್ನ ಕರ್ದು ಕಾರ್ಯಕ್ರಮದಲ್ಲಿ ನಂಗೆಷ್ಟ್‌ ಕೆಟ್‌ ಅನುಭವ ಅಯ್ತೂಂತ ಹೇಳ್‌ ಕಳಿಸ್ದೆ.",Disgust
"ನಾರಾಯಣ್, ಪಕ್ಕದ್ಮನೆಯೋರ್ಗೆ ಮಗು ಆಗಿರೋ ವಿಷ್ಯ ಗೊತ್ತಾಯ್ತಾ ನಿಮ್ಗೆ? ಅವ್ರ್ ಮಗುಗೆ ಹೆಸ್ರಿಡೋಕೆ ನಾನ್ ಸಹಾಯ ಮಾಡ್ಬೋದು ಅಂತ ಆಕೆ ಹೇಳ್ತಿದ್ರು.",Happiness
ಈ ಡಾರ್ಕ್ ಚಾಕ್ಲೇಟ್ ಟ್ರಫಲ್ ಅದೆಷ್ಟ್‌ ಚೆನಾಗಿರತ್ತೆ ಅಂದ್ರೆ ನಂಗದ್ನ ನೋಡ್ದಾಗ ತಿನ್ದೇ ಇರೋಕೇ ಆಗಲ್ಲ.,Happiness
"""""""ಕೆಲವ್  ಮೂಲಭೂತ ಸೌಲಭ್ಯಗಳು ಇಲ್ ಸಿಗುತ್ತೆ ಅಂತ ನಾನ್ ಇಲ್ಲಿಗೆ ಬಂದ್ರೆ ಅರ್ಧದಷ್ಟು ಉಪಕರಣಗಳ್  ಸರಿ ಇರಲ್ಲಿಲ್ಲ  ಮತ್ ಒಂದ್ ಚೂರು ಸ್ವಚ್ಛ ಇಲ್ಲ. ಇದ್ಕ್ಕಿಂತ ಒಳ್ಳೇದೇ  ತೋಗೊಬಹುದ್.""""""",Anger
ಹಬಲ್ ದೂರದರ್ಶಕ ನಾವಲ್ಲಿಗ್ ಹೋಗೋ ಬಗ್ಗೆ ಕನ್ಸಲ್ಲೂ ಯೋಚ್ನೆ ಮಾಡಕ್ಕಾಗ್ದಿರೋಷ್ಟ್ ದೂರದಲ್ಲಿರೋ ನಕ್ಷತ್ರಪುಂಜಗಳ ಚಿತ್ರಗಳ್ನ ಸೆರೆಹಿಡೀಬಲ್ದು ಅಂತ ಗೊತ್ತಾಗಿ ನಂಗ್‌ ಭಾರೀ ಆಶ್ಚರ್ಯ ಆಯ್ತು!,Surprise
ನಾನ್  ನೋಡ್ತಿದ್ದ ವಿಡಿಯೋದಲ್ ಏರ್ಪೋರ್ಟ್ನ ಒಬ್ಬ ಡ್ರೈವರ್ ಜಾರಿ ಬಿದ್ದ ಆಗ ಅವನ್ ಗಾಡಿ ಕಂಟ್ರೋಲ್ ತಪ್ಪಿ ಹೋಯ್ತ್ ಅದ್ನ ನಂಬಲಿಕ್ಕೇ ಆಗ್ಲಿಲ್ಲ.,Surprise
ಆ ಹುಡ್ಗ ನನ್ ಕ್ರೆಡಿಟ್ ಕಾರ್ಡ್ ತಗೊಂಡ್ ಓಡ್ಹೋಗ್ಬಿಟ್ಟ! ಅದ್ಕೂ ಮುಂಚೆ ಅವ್ನ್ ನನ್ ಪಿನ್‌ನೂ ನೋಡ್ಕೊಂಡಿದಾನೆ. ನಾನ್ ನಂದಷ್ಟೂ ದುಡ್ನೂ ಕಳ್ಕೊತೀನಿ ಅನ್ಸ್ತಿದೆ.,Fear
ಬಾಸ್ ಇಟ್ಕೊಂಡಿರೋ ಆಫೀಸ್ ಪಾರ್ಟಿಗೆ ನೀವ್ ಹೀಗ್ ಕಲೆ ಆಗಿರೋ ಷರ್ಟ್ ಹಾಕೊಂಡ್ಬಂದಿದೀರಿ ಅಂದ್ರೆ ನಂಗ್ ನಂಬಕ್ ಆಗ್ತಿಲ್ಲ.,Disgust
ನಾನ್ ಈ ಪುಸ್ತಕನ ಇನ್ನೂ ಯಾಕ್ ಓದಿಲ್ಲ ಅಂತ ನನ್ ಬಗ್ಗೆ ನಂಗೇ ಜುಗುಪ್ಸೆ ಆಗ್ತಿದೆ.,Disgust
ಓಹ್! ಮೆಟ್ರೋದಲ್ಲಿ ಸೈಕಲ್‌ಗಳ್ಗೆ ಅವ್ಕಾಶ ಕೊಟ್ಟಿದಾರೆ. ನಂಗೊತ್ತೇ ಇರ್ಲಿಲ್ಲ.,Surprise
"ಅವ್ನಿಗೆ ಮ್ಯಾನರ್ಸ್‌ ಇಲ್ಲ. ಎಷ್ಟ್‌ ಜೋರಾಗ್ ತೇಗಿದ ಗೊತ್ತಾ, ನಾನವ್ನ್‌ ಪಕ್ದಲ್ಲೇ ನಿಂತಿದ್ದೆ ಆಗ.",Disgust
ಈ ಫುಟ್ಬಾಲ್ ಆಟಗಾರ್ರು ಮೈದಾನ್ದಲ್ಲಿ ಯಾವಾಗ್ಲೂ ಡೈವಿಂಗ್ ಮಾಡ್ತಾ ಇರೋದು ಅದೇನ್ ಕರ್ಮನಪ.,Disgust
"ಅಂಗ್ಡಿಯವ್ನು ಡ್ಯೂರಿಯನ್ ಹಣ್ಣನ್ನ ಕತ್ತರ್ಸಿ ತೋರ್ಸ್ದ‌, ಅದ್ರ್‌ ವಾಸ್ನೆಗೇ ನಂಗ್‌ ಹೊಟ್ಟೆ ತೊಳಸ್ದಂಗಾಯ್ತು.",Disgust
ವಾಹ್! ಈ ಜಾಗ ಇಷ್ಟ್ ಸುಂದರ್ವಾಗ್‌ ಇರತ್ತೆ ಅಂತ ನಾನ್‌ ಖಂಡಿತ ಅನ್ಕೊಂಡಿರ್ಲಿಲ್ಲ. ವೆಬ್‌ಸೈಟಲ್ಲಿರೋ ಫೋಟೋಗಳಿಗ್ ಹೋಲ್ಸಿದ್ರೆ  ಇದು ತುಂಬಾ ಬೇರೆ ಥರಾನೇ ಇದೆ.,Surprise
ಎ.ಐ. ಎಷ್ಟ್ ಬೇಗ ಎಷ್ಟೆಲ್ಲ ಮುಂದ್ವರ್ದಿದೆ ಅಂತ ನೋಡಿ ಆಶ್ಚರ್ಯ ಆಯ್ತು ನಂಗೆ! ಈ ಕ್ಷೇತ್ರ ಯಾರೂ ನಂಬಕ್ಕಾಗ್ದೇರೋಷ್ಟ್ ವೇಗ್‌ದಲ್ಲಿ‌ ಪ್ರಗತಿ ಸಾಧಿಸ್ತಾ ಇದೆ.,Surprise
ಈ  ರೆಸ್ಟೋರೆಂಟ್ಲಿ  ಸರ್ವಿಸ್ ಎಷ್ಟ್  ನಿದಾನ ಅಂದ್ರೆ ನಂಗ್ ಸಿಟ್ ಬಂದ್ ಹೋಯ್ತು. ನಾನ್  ಆರ್ಡರ್ ಮಾಡಕ್ಕೆ  ತುಂಬಾ ಹೊತ್ ಕಾಯ್ಬೇಕಾಯ್ತು !,Anger
ಆ ಸೈ-ಫೈ ಸಿನ್ಮಾದಾಗಿನ್‌ ಸ್ಪೆಷಲ್‌ ಎಫಕ್ಟ್‌ ಎಷ್ಟರೇ ಬಕ್ವಾಸವ ಮತ್‌ ಹಳೀಗೊಳ್ಳಾಗ್ಯಾವಂದ್ರ ಇವತ್ತಿನ್ ದಿನಕ್ ಹೊಂದಂಗೇ‌ ಇಲ್ಲಾ.,Disgust
ನಂಗ್ಯಾಕೋ ಈ ಮರ್ಜರ್ ಮತ್‌ ಅಕ್ವಿಜೀಶನ್‌ ಸುಸೂತ್ರಾಗಿ ಆಗಲ್ದು ಅಂತ ಒಂಥರಾ ಪುಕುಪುಕು ಅನ್ಸಲಿಕತ್ತದ.,Fear
ನಮ್ಗೆ ಅನಿರೀಕ್ಷಿತ್ವಾಗಿ ಕೆಲ್ವೆಲ್ಲ ಹಣಕಾಸಿನ್‌ ಸಮಸ್ಯೆಗಳ್‌ ಎದ್ರಾಗ್ಬಿಟಿವೆ. ಫೀಸ್‌ ಕಟ್ಟೋದ್ ತಡ ಆಗ್ತಿರೋದಕ್ಕೆ ದಯ್ವಿಟ್ಟು ಕ್ಷಮ್ಸಿ.,Sadness
"ಏರ್ ಇಂಡಿಯಾ ವಿಮಾನಗಳಲ್ಲಿ ಹೊಸ ನೀತಿಗಳ್ನ ಜಾರಿಗೊಳ್ಸಿರೋದ್ರಿಂದ ನಿಮ್ ರೀಫಂಡ್‌ ಮುಂದ್ವರ್ಸೋಕಾಗ್ತಿಲ್ಲ ಅಂದ್ಬಿಟ್ರು, ಏನೋ ನನ್‌ ಹಣೆಬರಹನೇ ಹೀಗೆ ಅನ್ಸತ್ತೆ.",Sadness
ಹೊಸ ಕ್ಲೈಂಟ್‌ಗೆ ತೋರಿಸ್ಬೇಕಿರೋ ಈ ಪ್ರೆಸೆಂಟೇಷನ್‌ನ ಒಂದ್ಸಲ ನೋಡಿ ಅದೇನ್‌ ತಪ್ಪ್‌ಗಳಿವ್ಯೋ ಅವನ್ನ ಮುಂಚೆನೇ ತಿದ್ದೋದ್ಬಿಟ್ಟು ನೀವ್ ತುಂಬಾ ತಡ ಮಾಡ್ಬಿಟ್ರಿ; ಛೇ! ನೀವ್ ಯಾವಾಗ್ಲೂ ಹೀಗೇ ಮಾಡ್ತೀರಿ.,Disgust
ಸರ್ಕಾರ್‌ದಲ್ಲ್‌ ನಡೀತಿರೋ ಭ್ರಷ್ಟಾಚಾರದ್ ಬಗ್ಗೆ ಓದ್ದಾ‌ಗ ನಂಗವ್ರ್‌ನೆಲ್ಲ ಕೊಂದ್‌ ಹಾಕ್ಬಿಡ್ಬೇಕು ಅನ್ಸತ್ತೆ.,Anger
ಆ ಬಸವನ್ ಹುಳು ನನ್ ಕಡೆಗೇ ಹರ್ಕೊಂಡ್ ಬರ್ತಾ ಇರೋದ್‌ ನೋಡ್ತಿದ್ರೆ ನಂಗ್‌ ಮೈಯೆಲ್ಲ ಒಂಥರಾ ಆಗಿ ವಾಪಸ್‌ ಹೋಗ್ಬಿಡಣ ಅನ್ಸ್ತಿದೆ.,Disgust
ಈ ಹೋಟ್ಲಿನ್ ಗೋಡೆಗಳು ಎಷ್ಟ್ ತೆಳ್ಳುಗಿವೆ ಅಂದ್ರೆ ಪಕ್ಕದ್ ರೂಮಿಂದ ನಂಗ್‌ ಏನೇನೋ ಅಸಹ್ಯವಾದ್ ಶಬ್ದಗಳ್ ಕೇಳಿಸ್ತಾ ಇವೆ.,Disgust
"ನಾನ್ ನೋಡಿದ್ದಿದ್‌ ಬೇರೆ ಆಯ್ಕೆಗಳ್ಗ್ ಹೋಲ್ಸಿದ್ರೆ  ನಂಗೆ ಬಾಡ್ಗೆ ಮನೆ ಹುಡುಕ್ಕೊಟ್ಟ ಈ ಬ್ರೋಕರ್ರು ಕಡ್ಮೆ ಕಮಿಷನ್‌ ತಗೊಂಡಿದಾನೆ, ಸದ್ಯ ನಂಗೊಂದಷ್ಟ್‌ ದುಡ್ಡ್‌ ಉಳೀತು.",Happiness
"ನಿಮ್ಗೆ ತಮಾಷೆ ಆಟ, ನಂಗಿಲ್ಲಿ ಪ್ರಾಣ್‌ಸಂಕ್ಟ. ಷೇರ್‌ ಮಾರ್ಕೆಟ್ಟಲ್ಲಿ ಪರಿಸ್ಥಿತಿ ಅಷ್ಟ್‌ ಗಂಭೀರ್ವಾಗಿದ್ಯಲ್ಲ ಅಂತ ನಾನ್‌ ತಲೆಕೆಡುಸ್ಕೊಂಡಿದ್ರೆ ಇಂಥ ಹೊತ್ತಲ್ಲ್‌ ತಮಾಷೆ ಮಾಡಕ್ಕೆ ನಿಮ್ಗ್‌ ಹೇಗಾದ್ರೂ ಮನ್ಸ್‌ ಬರತ್ತೆ?!",Disgust
ಕೊರಿಯರ್ನ ಡೆಲಿವರಿ ಸ್ಪೀಡ್ ನೋಡ್  ನಂಗ್  ಸಂತೋಷ ಆಯ್ತು. ನಾನ್ ಅನ್ಕೊಂಡಿದ್ಕಿಂತ ಬೇಗನೆ  ಪಾರ್ಸಲ್  ಬಂತು !,Happiness
"ಹಿಂಭಾಗ್ದಲ್ಲೊಂದ್ ಡೆಕ್ ಜೊತೆಗೆ ಅಲ್ಲೇ ಒಂದ್‌ ಔಟ್‌ಡೋರ್ ಅಡ್ಗೆಮನೆನೂ ಇರೋಂಥ ಬಾಡ್ಗೆ ಮನೆ ಸಿಕ್ಕಿದ್ದು ನಂಗಂತೂ ಲಾಟ್ರಿ ಹೊಡ್ದಂಗ್‌ ಅನ್ಸ್ತಿದೆ, ಇಲ್ಲಿ ಇಂಥ ಮನೆನೂ ಸಿಗ್ಬಹುದು ಅಂತ ಕಲ್ಪನೆನೂ ಇರ್ಲಿಲ್ಲ.",Surprise
ಬೈಸಿಕಲ್ ಅಂಗಡಿಲಿ ನಂಗ್ ಇಷ್ಟ ಆಗಿರೋ  ಬೈಕ್ನ  ಬೆಲೆ  ನೋಡ್ದಾಗ  ನಂಗ್ ಯಾಕೋ ಬೇಜಾರಾಗ್ತಿದೆ. ಮಾರಾಟಗಾರ ಯಾವ್ದೆ  ರಿಯಾಯಿತಿ ಬೇರೆ ಕೊಡ್ತಾ ಇಲ್ಲ.,Sadness
ಅಡಿಲಿದ್ ನೀರಿನ್‌ ಪೈಪ್‌ನ ಹುಡ್ಕಿ ರಿಪೇರಿ ಮಾಡಿದ್ರಿಂದ ಯಾವ್ದೂ ಅಡೆತಡೆ ಇಲ್ದೆ ಆರಾಮಾಗ್‌ ನೀರ್ ಹರ್ದ್‌ಬರೋ ಥರ ಆಗಿದೆ ಈಗ.,Happiness
ತಮ್‌ ಲಾಭಕ್ಕ ಜಾತಿಗಳ್‌ ನಡು ಜಗಳಾ ಹಚ್ಚಸ ಈ ರಾಜಕಾರ್ಣಿಗಳಂದ್ರ ನಂಗ ಕೆಟ್ಟ ಅಸಹ್ಯ್ ಬರ್ಲಿಕತ್ತದ.,Disgust
ಚೀನಾದಲ್ಲಿ ನಾನ್ ಎದುರಿಸ್ಬೇಕಾಗ್ಬಹುದಾದ ಸಾಂಸ್ಕೃತಿಕ ವ್ಯತ್ಯಾಸಗಳ್ ಬಗ್ಗೆ ನಂಗ್ ಸ್ವಲ್ಪ ಭಯ ಆಗ್ತಿದೆ.,Fear
"ನಮ್ಹತ್ರ ಸುಳ್ಳ್ ಹೇಳಿ, ಮನೆಲಿ ಸಿ.ಸಿ.ಟಿ.ವಿ. ಕ್ಯಾಮೆರಾನೂ ಅಳವಡಿಸ್ಕೊಳ್ದೇ ಆಮೇಲ್ ಕಳ್ತನ ಆದಾಗ ಗೋಳಾಡ್ಕೊಂಡ್‌ ಬರೋ ನಿಮ್ಮಂಥ ಜನ್ರ್‌ ಜೊತೆ ಏಗಿ ಏಗಿ ನಮ್ಗೂ ಸಾಕಾಗೋಗಿದೆ.",Disgust
ವ್ಹೀಲ್ ಗಾರ್ಡ್ ಇಲ್ದಿರೋ ಬೈಕ್ ತಗೊಂಡ್ರೆ ಮಳೆ ಬಂದಾಗ ಕೆಸ್ರೆಲ್ಲ ನನ್ ಬೆನ್ನಿಗ್ ಹಾರತ್ತೇನೋ ಅಂತ ತಲೆಬಿಸಿ ನಂಗೆ.,Fear
"ವಾಹ್, ಈ ಹೊಸ ಸಾಫ್ಟ್ವೇರ್ ಅಪ್ಡೇಟ್ ಎಲ್ಲಾ ಸಮಸ್ಯೆನೂ ಸರಿ ಮಾಡ್ತು. ಈಗ್ ಈ ಲ್ಯಾಪ್ಟಾಪ್ ಒಳ್ಳೆ ಹೊಸಾದೇನೋ ಅನ್ಸ್ತಿದೆ!",Surprise
ಮನೆಲ್ ದಿನಾ ರಾಶ್ರಾಶಿ ಈ ಗಲೀಜ್ ಪಾತ್ರೆಗಳ್‌ ಬೀಳೋದ್ ನೋಡಿ ನಂಗಂತೂ ಸಾಕ್‌ಸಾಕಾಗೋಗಿದೆ.,Disgust
ಹೊಸ ಕಾನೂನಿಂದ್  ನನ್ ಡ್ರೈವಿಂಗ್ ಲೈಸೆನ್ಸ್  ಪ್ರೊಸೀಜರ್ನ ಮುಗ್ಸಕ್ಕೆ ಅನ್ಕೊಂಡಿದ್ದಕಿಂತ್   ಜಾಸ್ತಿ  ಸಮ್ಯ ತಗೋಬೋದು  ಅಂತ  ಕೇಳಿದ್  ನಂತ್ರ  ನಂಗ್ ತುಂಬಾ ನಿರಾಸೆ  ಆಯ್ತು.,Sadness
ಗ್ಯಾಸ್ ಸಿಲಿಂಡರ್ ಇನ್ವಾಯ್ಸ್ನಲ್ಲಿ ಹಾಕಿರೋ  ಚಾರ್ಜ್ ಅನ್ನೋಡಿ ನಂಗ್ ಕೋಪ ಬಂತ್ ಅದು ಯಾವುದಕ್ಕೆ  ಅಂತ ಹಾಕೋದೇ ಇಲ್ಲ.,Anger
ಒದ್ದಾಡ್ತಿರೋ ಸಾಲಗಾರ್ರ ಬಗ್ಗೆ ರಾಷ್ಟ್ರೀಕೃತ ಬ್ಯಾಂಕ್‌ಗಳೋರ್ಗೆ ಸ್ವಲ್ಪನೂ ಕರುಣೆನೇ ಇಲ್ವಾ?  ಛೇ ನಂಗಂತೂ ಇವ್ರ್‌ ಹೀಗಾಡೋದ್‌ ನೋಡಿ ಜುಗುಪ್ಸೆ ಬಂದೋಗಿದೆ.,Disgust
ಬ್ರೇಕ್‌ಗಳು ಕೆಲ್ಸ ಮಾಡ್ತಾ ಇಲ್ಲ. ನಾನೇನ್‌ ಮಾಡ್ಲಿ ಈಗ?,Fear
"ಭೂಮಿ ತಾಯಿ ನಮ್ಗೆಷ್ಟೆಲ್ಲ ಕೊಟ್ಟಿದ್ರೂ ನಾವ್‌ ದುರಾಸೆಯಿಂದ ನೈಸರ್ಗಿಕ ಸಂಪನ್ಮೂಲಗಳ್ನೆಲ್ಲ ಲೂಟಿ ಮಾಡ್ತಾ, ಪರಿಸರನೆಲ್ಲ ಹಾಳ್ಮಾಡ್ತಿರೋದ್‌ ನೆನೆಸ್ಕೊಂಡ್ರೆ ನಂಗ್‌ ಕಣ್ಣಲ್‌ ನೀರ್‌ ಬರತ್ತೆ.",Sadness
"ಪುಸ್ತಕಗಳ್ ಮೇಲಿನ್ ರಿಯಾಯ್ತಿ ತುಂಬಾ ಕಮ್ಮಿ ಆಯ್ತು.. ಅವ್ರು ‌ನನ್ನ ನಡೆಸ್ಕೊಂಡ್‌ ರೀತಿನೂ ತುಂಬಾ ಅಗೌರವವಾಗಿತ್ತು. ಇದೊಂದ್ ಕಹಿ ನೆನಪಾಗ್‌ ಉಳ್ಕೊಂಡ್ಬಿಡತ್ತೆ.. ಛೇ, ಯಾಕಾದ್ರೂ ಬಂದ್ನೋ ಇಲ್ಲಿಗೆ.",Disgust
ನಾನಿಲ್ಲ್‌ ಕೂತ್ಕೊಂಡು ಕಾಫಿ ಕುಡೀತಾ ವಿಮಾನಗಳು ಟೇಕಾಫ್ ಆಗೋದ್ನ ನೋಡ್ತಾ ಇರುವಾಗ ನಂಗ್‌ ತುಂಬಾ ಖುಷಿ ಆಗತ್ತೆ.,Happiness
ಪ್ರೇಕ್ಷಕರಲ್ಲಿದ್ ಪುಟ್ಟ ಹುಡುಗಿ ಹತ್ರ  ಬ್ಯಾಟ್ಸ್ಮನ್ ಬಾರ್ಸಿದ್ ಸಿಕ್ಸರ್ ಬಂದಾಗ್  ನಂಗ್  ಆಶ್ಚರ್ಯ ಆಯ್ತು.,Surprise
"ಯಾವಾಗ್ಲೂ ಮೇಲುಪ್ಪು ಕೇಳೋದು! ನಿಮ್ಗೆ ಈಗಾಗ್ಲೇ ಬಿ.ಪಿ. ಅಷ್ಟ್‌ ಜಾಸ್ತಿ ಇದೆ, ಊಟ್ದಲ್ಲಿ ಜಾಸ್ತಿ ಉಪ್ಪ್‌ ತಿನ್ನೋದು ನಿಮ್‌ ಆರೋಗ್ಯಕ್ ಒಳ್ಳೇದಲ್ಲ ಅಂತ ಗೊತ್ತು ತಾನೇ ನಿಮ್ಗೆ?!",Anger
ಎಷ್ಟೋ ವರ್ಷಗಳ್‌ ಕಾಲ ಕಂಪನಿ ಗಳ್ಸಿದ್ ಹೆಸ್ರು ಈ ಹಣಕಾಸಿನ್ ವಂಚ್ನೆಯಿಂದಾಗಿ ಕ್ಷಣಾರ್ಧದಲ್ಲಿ ಹಾಳಾಗ್ಬಿಡುತ್ತೇನೋ ಅನ್ನೋದೇ ನಂಗ್ ಚಿಂತೆ ಆಗ್ಬಿಟ್ಟಿತ್ತು.,Fear
"ಹೆಚ್ಚಿನ್ ನಿರೀಕ್ಷೆಗಳ್ನಿಟ್ಕೊಳೋದ್‌ ಇದ್ದೇ ಇರತ್ತೆ, ಅದ್ ಹಾಗಿರ್ಲಿ, ಆದ್ರೆ ಪ್ರೋತ್ಸಾಹ ಕೊಡೋದು ಮತ್ತೆ ತುಂಬಾ ಒತ್ತಡ ಹಾಕೋದ್ರು ಮಧ್ಯೆ ತುಂಬಾ ತೆಳುವಾದ್‌ ಒಂದ್‌ ಗೆರೆ ಇರತ್ತೆ, ಅದುನ್‌ ಮೀರ್‌ಬಾರ್ದು!",Anger
ಫ್ರಾನ್ಸಿಗ್‌ ಹೋದಾಗ ಅಲ್ಲಿ ರೆಸ್ಟೋರೆಂಟ್ಗಳಲ್ಲೆಲ್ಲ ಭಾಷೆ ಗೊತ್ತಿಲ್ದೇ ಏನ್‌ ಯಡವಟ್‌ಗಳಾಗ್ತಾವೋ ಅಂತ ನಂಗೊಂದ್ ಸ್ವಲ್ಪ ಗಾಬ್ರಿ ಆಗ್ತಿದೆ.,Fear
"ನಾನ್ ಟೆಂಪ್ರೇಚರ್ ಸೆಟ್ ಮಾಡಿದ್ಮೇಲೂ ಈ ಫ್ರಿಜ್ಜಲ್ಲಿ ಪದಾರ್ಥಗಳ್ಯಾಕೋ ತಂಪಾಗ್ ಉಳೀತಿಲ್ವಲ್ಲ, ಎಷ್ಟ್‌ ತೊಂದ್ರೆ ಆಗ್ತಿದೆ.. ದಿನಸಿ ವಸ್ತುಗಳೆಲ್ಲ ಎಲ್ಲ್ ಹಾಳಾಗ್ಬಿಡತ್ವೋ ಅಂತ ನಂಗ್ ಅದೇ ದೊಡ್ಡ್ ಚಿಂತೆ ಆಗ್ಬಿಟಿದೆ.",Fear
"ಆಟ ಆಡ್ವಾಗ ಒಂದಷ್ಟ್‌ ಅಭಿಮಾನಿಗಳು ಜನಾಂಗೀಯ್ವಾಗಿ‌ ನಿಂದ್ಸಿ ಅವ್ಮಾನ ಮಾಡೋದು, ಕೆಟ್ದಾಗ್‌ ರೇಗ್ಸೋದೆಲ್ಲ ತೀರಾ ಅಸಹ್ಯನಪ, ಛೇ! ಕೇಳ್ದೋರ್‌ ಮನ್ಸಿಗೆ ಅದೆಷ್ಟ್‌ ನೋವಾಗ್ಬೇಡ!",Disgust
ಶಾಲೆ ಮುಗಿದ್ಮೇಲೆ ನಂಗಿಷ್ಟದ್ ಯೂನಿವರ್ಸಿಟಿಗ್ ಸೇರ್ಕೊಳಕ್ಕಾಗತ್ತೋ ಇಲ್ವೋ ಅಂತ ನಂಗ್ ಚಿಂತೆ ಆಗಿದೆ.,Fear
ರೈಲಲ್ಲಿ ಟಾಯ್ಲೆಟ್ ಬಳ್ಸೋಕೆ ನಂಗೊಂಚೂರೂ ಇಷ್ಟ ಆಗಲ್ಲ.. ಹೊಟ್ಟೆ ತೊಳ್ಸೋ ಥರ ಗಬ್ಬು ವಾಸ್ನೆ ಇರತ್ತೆ ಅಲ್ಲಿ.,Disgust
"ನಿಮ್ ಸಕ್ರೆ ಮಟ್ಟ ತುಂಬಾ ಕಡ್ಮೆ ಆಗಿದೆ, ಮತ್ತೆ ನಿಮ್ ರಕ್ತದೊತ್ತಡನೂ ಹೆಚ್ಚಾಗ್ತಾ ಇದೆ.",Fear
"ಗ್ಯಾಂಗ್ಟಾಕಿನ್‌ ಗುಡ್ಡದ್‌ ಮ್ಯಾಲ್ ಸೂರ್ಯ ಹುಟ್ಟದ್‌ ನೋಡ್ಬೇಕು, ಏನ್‌ ಮಸ್ತ್‌ ಇರ್ತದಂತಿ.",Surprise
"ಆ ಚಾನೆಲಲ್ಲಿ ಟಾಕ್‌ ಷೋ ನಡ್ಸೋ ನಿರೂಪಕ್ರು ತುಂಬಾ ಪಕ್ಷಪಾತ ಮಾಡ್ತಾರಪ, ಅವ್ರ್ ಒಂದ್ಸಲನಾದ್ರೂ ಎಲ್ರೂ ಒಪ್ಪೋ ಥರ ಸಮತೂಕದ್‌ ಅಭಿಪ್ರಾಯ ಕೊಟ್ಟಿದ್ದೇ ನೋಡಿಲ್ಲ ನಾನಂತೂ.",Disgust
"ಸಿನ್ಮಾನ ಎಷ್ಟ್ ಕೆಟ್ದಾಗ್‌ ಮಾಡಿದಾರೆ ಅಂದ್ರೆ ಕೋಪ ತಡ್ಕೊಳಕ್ಕಾಗ್ತಿಲ್ಲ ನಂಗೆ. ಅದ್ಕೋಸ್ಕರ ನನ್ ಟೈಮು, ದುಡ್ಡು ಎಲ್ಲ ಕಳ್ಕೊಂಡೆ ಅಂದ್ರೆ ನನ್ಮೇಲೇ ಸಿಟ್ಟ್‌ ಬರ್ತಿದೆ.",Anger
"ನನ್‌ ಮಗು ಹೆಸ್ರಲ್ಲಿ ಖಾತೆ ತೆರ್ಯುವಾಗ ಸ್ವಲ್ಪ ಟೆನ್ಷನ್ ಆಗ್ಬಿಡ್ತು‌, ಏನೂ ಹೆಚ್ಚೂಕಮ್ಮಿ ಆಗ್ದಿರೋ ಹಾಗ್ ಮಾಡ್ಕೊಡೀಪ್ಪ ಅಂತ ಬ್ಯಾಂಕ್‌ ಮ್ಯಾನೇಜರ್‌ ಹತ್ರ ಕೇಳ್ಕೊಂಡೆ.",Fear
ಅಷ್ಟ್ ವಯಸ್ಸಾಗಿರೋರು ಜೀವ್ನಪೂರ್ತಿ ಕಷ್ಟಪಟ್ಟು‌ ದುಡ್ದಿದ್ರಲ್ಲಿ ಉಳ್‌ತಾಯ ಮಾಡಿ ಕೂಡಿಟ್ಕೊಂಡಿದ್ದಿದ್ ಹಣನ ಯಾವನೋ ಎಲೆಕ್ಟ್ರಾನಿಕ್‌ ಸಹಾಯ್ದಿಂದ ಕದೀತಾನೆ ಮತ್ತೆ ಅವ್ನಿಗೆ ಅಂಥ ಹೀನಾಯ ಕೆಲ್ಸ ಮಾಡಿದ್‌ ಬಗ್ಗೆ ಚೂರೂ ಪಶ್ಚಾತ್ತಾಪ ಇಲ್ಲ ಅಂದ್ರೆ ಅದ್ಹೇಗೇಂತ್ಲೇ ಅರ್ಥಾಗಲ್ಲ ನಂಗೆ. ಇದ್ಕೇ ಕಲಿಗಾಲ ಅನ್ನೋದು!,Disgust
ನನ್ ಹೊಸ ಮನೆಲಿ ಎಲೆಕ್ಟ್ರಿಕಲ್ ಫಿಟ್ಟಿಂಗ್ಸ್‌ಗೆ ಅಂಗ್ಡಿಯೋನು ಕಡ್ಮೆ ಗುಣಮಟ್ಟದ್ ತಂತಿ ಬಳ್ಸಕ್‌ ನೋಡ್ದಾಂತ ನಂಗ್‌ ಅವ್ನ್‌ ಬಗ್ಗೆ ರೇಜಿಗೆ ಆಗೋಗಿದೆ.,Disgust
ಈ ಆಪ್ತಸಮಾಲೋಚಕ್ರು ಗಂಟೆ ಲೆಕ್ದಲ್ಲ್ ಅಲ್ದೇ ಸಮಸ್ಯೆನ್ ಎಷ್ಟ್‌ ಪರಿಹಾರ ಮಾಡಕ್ಕಾಯ್ತು ಅನ್ನೋದ್ರ್‌ ಮೇಲೆ ಫೀಸ್‌ ತಗೊಳೋದು ಮೆಚ್ಕೊಳೋಂಥ ವಿಷ್ಯ.,Happiness
ಕಾಡಲ್ಲಿ ಒಬ್ನೇ ಇರೋ ಯೋಚ್ನೆಗೇ ನಂಗ್ ಎದೆ ಝಲ್‌ ಅಂತಿದೆ.,Fear
"ವಾಹ್‌, ಈ ಹೋಟಲನ್ಯಾಗ ಒಂದಾದ್‌ ಮ್ಯಾಲೊಂದ್‌ ಊಟಾ ತಿಂಡಿ ಪಟಾಪಾಟಾ ತಂದಿಡ್ಲಿಕತ್ತಿದ್ರು; ಹಿಂಗಾಗಿ ಊಟದ್‌ ಪೂರಾ ಮಜಾ ಬಂತು.",Happiness
ನಾನು ನನ್ ಕೆಲಸನ್ ಬಿಟ್ ಮೇಲೆ  ನನ್ ಯಾರೂ  ಗುರ್ತಿಸ್ದೆ  ಇದ್ದಾಗ ನಂಗ್  ಖುಷಿಯಿಂದ್ ಇರಕೆ  ಕಷ್ಟ ಆಯ್ತು.,Sadness
ನನ್ ಮಗುವಿಗೆ  ವಿದೇಶಿ ರಾಷ್ಟ್ರೀಯತೆ ಇರೋದ್ರಿಂದ  ಅಕೌಂಟ್ ಓಪನ್ ಮಾಡಕ್ಕೆ  ಒಂದ್  ಮಾರ್ಗನ್  ಹುಡ್ಕಿ ಕೊಡೊ ಬ್ಯಾಂಕ್ ಮ್ಯಾನೇಜರ್ನ  ಭೇಟಿಯಾದ್  ನಂತ್ರ  ನಂಗ್ ತುಂಬಾ  ಸಂತೋಷ ಆಯ್ತು.,Happiness
ಹೊಸ ಕ್ಲೈಂಟ್‌ಗೆ ಪ್ರಾಜೆಕ್ಟ್‌ ಬಗ್ಗೆ ಕೊಡ್ಬೇಕಿರೋ ಪ್ರೆಸೆಂಟೇಷನ್‌ ಸರ್ಯಾಗಾಗ್ದಿದ್ರೆ ಅಂತ ಯಾಕೋ ಏನೋ ಒಂಥರಾ ಭಯ ಆಗ್ತಿದೆ.,Fear
ನನ್‌ ಅಪ್ಪಾ ಅಮ್ಮಾಗ ಮಯಸ್ಸಾಗ್ಲಿಕತ್ತದ ಆದ್ರ ಅವ್ರಿಗಿ ನೋಡ್ಕೊಳ್ಳಿಕ್‌ ನನ್‌ ಕೈಲಿಂದಾಗಲ್ಲಾಂತ ನನ್‌ ಕರುಳ್ ಚುರ್ರ್ ಅಂತದ.,Sadness
"ಕಂಪ್ನಿ ಸಿ.ಇ.ಒ. ಅವ್ರನ್ನೇ ವ್ಯವಸ್ಥೆಯಿಂದ ದೂರ ಇಟ್ಟು, ರಾತ್ರೋರಾತ್ರಿ ಕಂಪ್ನಿಯಿಂದ ಹೊರ್ಗ್‌ಹಾಕಿದ್ನೋಡಿ ಇಡೀ ಉದ್ಯಮವಲಯಕ್ಕೇ ದೊಡ್ಡ್‌ ಆಘಾತ ಆದ್ಹಾಗಿತ್ತು.",Surprise
ಈ ಐತಿಹಾಸಿಕ ಉತ್ಖನನದ್ ಬಗ್ಗೆ ನೀವ್‌ ಇಷ್ಟೊಂದ್ ಉತ್ಸಾಹದಲ್ಲಿರೋದನ್ನ ನೋಡೋದೇ ಒಂದ್‌ ಸೊಗಸು!,Happiness
"ಕಾರಿನ್‌ ಕಿಟಕಿಗೆಲ್ಲ ಕಪ್ಪು ಗಾಜು ಇದೇಂದ್ರೆ ರಾಜಕಾರಣಿಗಳೇ ಇರ್ಬೇಕು, ಅವ್ರಿಗೆ ಸಾಸ್ವೆಕಾಳಷ್ಟೂ ಪ್ರಜ್ಞೆ ಇರಲ್ಲ.",Disgust
ಬ್ಯಾಂಕಿನ್  ಪಾಲಿಸಿ ಬಗ್ಗೆ ನಂಗ್  ಸಿಟ್ ಬರ್ತಾ ಇದೆ. ನನ್ ಅಪ್ರಾಪ್ತ ಮಗುಗೆ ಖಾತೆನ್  ತೆರ್ಯೊವಾಗ್ ಒಳ್ಳೆ ಸಪೋರ್ಟ್ ಸಿಗುತ್ತೆ ಅಂತ್  ಅನ್ಕೊಂಡಿದ್ದೆ.,Anger
ಆರ್ಟ್ ಗ್ಯಾಲರಿಲಿ ಆ ಪೇಂಟಿಂಗ್‌ನ ಕಣ್ಣಿಟ್ ನೋಡಕ್ಕೂ ಆಗಲ್ಲ ನಂಗೆ; ಅದೇನ್‌ ಮಾಡರ್ನ್‌ ಆರ್ಟೋ ಏನೋ..,Disgust
"ಆನ್‌ಲೈನಲ್ಲಿ ಒಂದಷ್ಟ್ ಮುಖ್ಯವಾದ್‌‌ ಕೆಲ್ಸಗಳ್ನ ಮಾಡಿ ಮುಗಿಸ್ಲೇಬೇಕಿದೆ ನಾನೀಗ, ಆದ್ರೆ ಇಲ್ಲಿ ವೈ-ಫೈ ಇಲ್ದಿರೋದೇ ದೊಡ್ಡ್‌ ತಲೆಬಿಸಿ, ನಂಗ್‌ ತುಂಬಾನೇ ಟೆನ್ಷನ್‌ ಆಗ್ತಿದೆ.",Fear
ಕಾರ್ಪೊರೇಷನ್ನೋರ್‌ ಬಂದು ಎಲ್ಲ ಕ್ಲೀನ್‌ ಮಾಡ್‌ ಹೋದ್ಮೇಲೆ ಮತ್ತೆ ಅಲ್ಲೇ ಹೋಗ್‌ ಕಸ ಹಾಕೋ ಜನ್ರನ್‌ ಕಂಡ್ರೆ ನಂಗ್‌ ಹೇಸ್ಗೆ ಆಗತ್ತೆ.,Disgust
ಅಯ್ಯಯ್ಯಾ.. ಅವ್ರ್‌ ಯಾಕೆ ಈ ಡಯಪರ್‌ಗಳ್ನ ಉಪ್ಪಿನಕಾಯಿನ್‌ ಜಾಡಿಗಳ್‌ ಪಕ್ಕ ಇಟ್ಟಿರ್ತಾರೆ?,Disgust
"ವರ್ಷಪೂರ್ತಿ ಚೆನ್ನಾಗ್‌ ಓದ್ಕೋ, ಎಲ್ಲನೂ ಕೊನೇಗೀಟ್ಕೊಬೇಡ ಅಂತ ನಾನ್‌ ಹೇಳ್ದಾಗ್ಲೆಲ್ಲ ನನ್ಮೇಲ್‌ ಕೂಗಾಡ್ತಿದ್ಯಲ, ಇನ್ಮೇಲಾದ್ರೂ ಹಾಗ್ಮಾಡಲ್ಲ ಅನ್ಕೋತೀನಿ.",Disgust
ಅಡುಗೆಮನೆಯ ಹೊಸ ನೋಟವು ನಾನ್  ಅನ್ಕೋಡಿದ್ಕಿಂಥ ಚನ್ನಾಗಿದೆ; ಇಲ್ಲಿರೋ  ಆಧುನಿಕ ಮತ್ ಸ್ನೇಹಶೀಲ ವಾತಾವರಣವನ್ ನಾನ್ ಇಷ್ಟಪಡದೆ ಇರಲು ಸಾಧ್ಯವಿಲ್ಲ.,Happiness
ನನ್ನೊಳ್ಗೆ ಸಕಾರಾತ್ಮಕ ಶಕ್ತಿ ತುಂಬ್ಕೊಂಡಿರೋ ಹಾಗನ್ನಿಸ್ತಿದೆ.,Happiness
ನಮ್ ಇನ್ಕಮ್ ಸ್ಟೇಟ್‌ಮೆಂಟಲ್ಲಿರೋ ಮೊತ್ತ ನೋಡಿ ನಂಗ್‌ ದಿಗ್ಭ್ರಮೆ ಆಗೋಯ್ತು.,Surprise
ನಾನ್  ನನ್ ಊರಿಗೆ ಸ್ಲೀಪರ್ ಬಸ್ಲಿ  ಹೋದಾಗ್   ಅಗಲವಾದ್  ಹಾಸ್ಗೆ ಮೇಲ್  ರಾತ್ರಿ ಒಳ್ಳೆ ನಿದ್ರೆ ಮಾಡ್ದಾಗ ನಂಗ್  ತುಂಬಾ ಸಂತೋಷ ಆಯ್ತು.,Happiness
ಈ ಹೆಂಗುಸ್ರು ಅಷ್ಟೊಂದೆಲ್ಲ ಸೀರೀ ನೋಡಿ ಒಂದೂ ಖರೀದಿ ಮಾಡ್ಲಾರ್ದೇ ಹೋಗ್ತಾರಲಪಾ.. ನ್ಯಾಯನಾ?,Sadness
ನಂಗೆ ಈ ಥರ ಬದುಕಿ ಸಾಕ್ಸಾಕಾಗಿದೆ! ಒಳ್ಳೆ ಜೀವ್ನ ಕಟ್ಕೊಳಕ್ಕೆ ನಂಗ್ ನಿಮ್ ಸಹಾಯ ಬೇಕು!,Anger
ಎದುರು ತಂಡದೋರು ನಾಚ್ಕೆ ಇಲ್ದಂಗ್‌ ಹಾಗ್ ವಂಚ್ನೆ ಮಾಡಿದ್ದು ನಿಜಕ್ಕೂ ತಲೆತಗ್ಗಿಸ್ಬೇಕಾದಂಥ ವಿಷ್ಯ.,Disgust
ವಾರೆವ್ಹಾ! ಈ ಜಾಗದಲ್ಲಿ ಇಷ್ಟ್ ಚೇತೋಹಾರಿ ಕಾಫಿ ಸಿಗತ್ತೆ ಅಂತ ನಾನ್ ಖಂಡಿತ ಅನ್ಕೊಂಡಿರ್ಲಿಲ್ಲ.,Surprise
"ಅಯ್ಯಯ್ಯಪ್ಪ! ಡೆತ್ ವ್ಯಾಲಿಲಿ ನೆನ್ನೆ ತಾಪಮಾನ ೫೩ ಡಿಗ್ರಿ ಸೆಂಟಿಗ್ರೇಡಷ್ಟಿತ್ತಂತೆ, ನಿಜನಾ?!",Surprise
ಈ ಗೈಡೆಡ್ ಟೂರ್ಗಳು ಅದೆಷ್ಟ್ ದುಬಾರಿ ಆಗಿವೆ  ಮತ್ತೆ ಪ್ರವಾಸ ಏರ್ಪಡ್ಸೋರು ಜನಸಾಮಾನ್ಯರನ್ನ ಹೇಗ್ ಲೂಟಿ ಮಾಡ್ತಿದಾರೆ ಅನ್ನೋದ್‌ ನೋಡಿ ನಂಗದ್ರ್‌ ಬಗ್ಗೆಯೆಲ್ಲ ಜುಗುಪ್ಸೆ ಬಂದೋಗಿದೆ.,Disgust
ನಾನ್  ಬೇಗ ಡೆಲಿವರಿ ಮಾಡ್ಬೇಕು ಅಂತ ಕೇಳ್ಕೊಂಡೆ ಆದ್ರೆ  ಈಗಾಗ್ಲೇ ಒಂದ್ ದಿನ ತಡ ಆಗಿದೆ.! ಕೊರಿಯರ್ ಸೇವೆಯ ಬಗ್ಗೆ ನಂಗೆ ಕೋಪ ಬರ್ತಿದೆ.,Anger
"ಇವತ್ತೊಬ್ಬ ಪುಟ್ಟ್ ಹುಡ್ಗ ಎ.ಟಿ.ಎಂ.ಇಂದ ದುಡ್ಡ್‌ ತಗೊಳಕ್ಕೆ ನಂಗ್‌ ಸಹಾಯ ಮಾಡ್ದ, ಆಮೇಲ್ ನಾನ್‌ ಎಷ್ಟ್ ‌ಬಲ್ವಂತ ಮಾಡುದ್ರೂ ನನ್ಹತ್ರ ಚಾಕ್ಲೇಟ್‌ ತೆಗುಸ್ಕೊಲ್ಲಿಲ್ಲ. ಪಾಪ ಅಷ್ಟ್‌ ಒಳ್ಳೆ ಹುಡ್ಗ ಅವ್ನು.",Happiness
ನಾನ್  ರೈಲ್ವೆ ಬುಕಿಂಗ್ ಕೌಂಟರ್ಗೆ ತಲ್ಪೋವಷ್ಟ್ ರಲ್   ಚೆನ್ನೈನಿಂದ್  ದೆಹಲಿಗೆ ಹೋಗೋ ಎಲ್ಲಾ ಟಿಕೆಟ್  ಸೇಲ್ ಆಗಿರ್ಬೋದು ಅಂತ ನಂಗ್ ಚಿಂತೆ ಆಗ್ತಿದೆ.,Fear
ಯಾವಾಗ್ ನಂಗೊಂದ್ ಅಳಿಲ್‌ ಕಂಡ್ರೂ ಆ ಬಾಚಿಹಲ್ಲಿನ್‌ ಮುಖ ನೋಡಕ್ಕೇ ಅಸಹ್ಯ ಆಗತ್ತೆ.,Disgust
ಕಂಪನಿಲಿ  ಇರೋ ಟೆಕ್ನಿಕಲ್'ಉದ್ಯೋಗಿಯ ಕೆಲ್ಸದ್ ಎಕ್ಸ್ಪೀರಿಯೆನ್ಸ್ ಬೆಳ್ದಿರೋ ರೀತಿ ನೋಡ್  ನಂಗ್  ನಿಜವಾಗ್ಲೂ ಖುಷಿ ಆಯ್ತ್.,Happiness
ಬೇಗ ಮಾಡಿ ಅಂತ ಹೇಳಿದ್ದಕ್ಕೆ ಬ್ಯಾಂಕ್ ಉದ್ಯೋಗಿ ಎಲ್ರ ಮುಂದ್  ನಂಗ್ ಜೋರ್  ಮಾಡಿದ್ದಕ್ಕೆ  ತುಂಬಾ ಬೇಜಾರಾಯ್ತು.,Sadness
"ನನ್ನ ಹೆಂಡ್ತಿ ಪಾರ್ಟಿಗೇಂತ ಒಳ್ಳೆ ಸೀರೆ ಉಟ್ಟು ಪೂರ್ತಿ ಸಿದ್ಧವಾಗ್‌ ಬಂದ್‌ ನಿಂತ್ಕೊಂಡಾಗ ಅವ್ಳ್ ಸೌಂದರ್ಯ ನೋಡಿ ಮಾರ್ಹೋಗ್ಬಿಟ್ಟೆ ನಾನು, ಮಾತೇ ಮರ್ತ್ಹೋಯ್ತು!",Surprise
"ನಂದೂ ಸೇರ್ದ್‌ಹಾಗೆ ಸುತ್ತಮುತ್ಲಿನ್ ಟೇಬಲ್‌ಗಳ್ಗೂ ಊಟ ತಂದ್ಕೊಡೋದ್ರಲ್ಲಿ ಅವ್ಯವಸ್ಥೆ ಮತ್ತೆ ಅಷ್ಟ್‌ ತಡ ಮಾಡ್ತಿದ್ದಿದ್ದು, ಒಬ್ಬ ಆಹಾರ ವಿಮರ್ಶಕನಾಗಿ ನಂಗ್‌ ಆ ರೆಸ್ಟೋರೆಂಟ್ ಬಗ್ಗೆ ಭಾಳ ನಿರಾಶೆ ಆಯ್ತು.",Sadness
"ನೀವ್ ಇನ್ಸ್ಟಾಲ್ ಮಾಡ್ಕೊಟ್ಟಿರೋ ಮಾಡ್ಯುಲರ್ ಅಡ್ಗೆಮನೆ ನಂಗೊಂಚೂರೂ ಹಿಡ್ಸಿಲ್ಲ, ಏನ್‌ ಅಡ್ಗೆ ಮಾಡಕ್ಕೂ ಸರಿಹೋಗಲ್ಲ ಅಲ್ಲಿ.",Anger
ನಂಗ್ ಒಂದ್ ಸಮಾರಂಭಕ್  ಹೋಗ್ಬೇಕಾಗಿದೆ. ರಸ್ತೆಲಿ ಇಷ್ಟ್  ಟ್ರಾಫಿಕ್ ಇದೆ  ಮತ್ ಬಸ್ ಸಮ್ಯಕ್ ಸರ್ಯಾಗಿ ನಮ್ ಸ್ಥಳಕ್ಕೆ  ತಲ್ಪುತ್ತ ಇಲ್ವಾ ಅಂತ ಚಿಂತೆ ಆಗಿದೆ.,Fear
"ವೆನಿಸ್‌ನ ಕಾಲುವೆಗಳಲ್ಲಿ ನೀರು ಎಷ್ಟ್ ದುರ್ವಾಸ್ನೆ ಬರ್ತಿತ್ತಂದ್ರೆ, ನಂಗೆ ವಾಂತಿ ಬರೋ ಹಾಗ್ ಆಗ್ತಿತ್ತು.",Disgust
ನಂಗ್ ಈ ಷೇರ್ ಮಾರ್ಕೆಟ್‌ ಎಷ್ಟರೆ ಅಭದ್ರಾಗ್ಯಾದಲಾ ಅಂತ ಮೈಯುರಿಲಿಕತ್ತದ.,Anger
ನಾನ್ ವಿದ್ಯಾರ್ಥಿ ಪರಿಷತ್‌ನೋರ್‌ ಜೊತೆಗ್‌ ಮಾತಾಡೋವಾಗ ನಂಗ್‌ ಬೆಂಬಲ ಕೊಡಕ್ಕಾಗಲ್ಲ ಅಂದ್ರೆ ನೀವ್‌ ತುಟಿ ಎರಡ್‌ ಮಾಡ್ದೇ ತೆಪ್ಪ್‌ಗಿರಿ ಸಾಕು.,Anger
ಅಬಾಬಾಬಾ ಈ ಕಿಂಡಲ್ ಒಳಗ ಸಾವಿರಗಟ್ಲೆ ಪುಸ್ತಕಾ ಹಿಡಸ್ತಾವಂತಲಾ.. ನಂಬ್ಲಿಕ್ಕ ಆಗಂಗಿಲ್ಲ.,Surprise
"ನನ್‌ ಗೆಳೆಯನ್ ಮಗ್ಳು, ಅವ್ರಜ್ಜಿ ಹುಟ್ಟಿದ್‌ ಹಬ್ಬದ್ ದಿನ ಹಾಡೋದ್‌ ಹಾಡಿ ಆಮೇಲ್‌ ಕೆಟ್ದಾಗ್‌ ಹಾಡ್ಬಿಟ್ಟೆ ಅಂತ ಅಳ್ತಾ ಕೂತಿದ್ಳು ಪಾಪ.",Sadness
"ಇಲ್ಲೀ ರೂಮ್ ಸರ್ವಿಸಲ್ಲಿ ಇಷ್ಟೊಂದ್ ಥರಾವರಿ ಊಟ-ತಿಂಡಿಗಳು, ಬೇರ್ಬೇರೆ ಊರಿನ್‌ ಖಾದ್ಯಗಳೆಲ್ಲ ಇರೋ ಮೆನು ಇರತ್ತೆ ಅಂತ ನಾನ್‌ ನಿರೀಕ್ಷೆ ಮಾಡಿರ್ಲಿಲ್ಲ, ಈ ಹೋಟೆಲಲ್ಲಿ ಇದೊಂದ್  ಒಳ್ಳೆ ಸರ್ಪ್ರೈಸಾಯ್ತು!",Surprise
ಆ ಕಾರು ಎಷ್ಟ್ ಹಳೇದು ಅಂತ ನೋಡಲ್ಲಿ. ಸೀಟ್‌ಗಳೆಲ್ಲ ಹರ್ದ್‌ಹೋಗಿವೆ ಮತ್ತೆ ಎಷ್ಟ್‌ ಕೆಟ್ಟ್  ವಾಸ್ನೆ ಬರ್ತಿದೆ.,Disgust
"ಭಾರತ್ದಲ್ಲಿ ಹೆಂಗ್‌ಬೇಕಂಗ್‌ ಡ್ರೈವಿಂಗ್‌ ಮಾಡೋರ್‌ ಮಧ್ಯೆ ಇದ್ದೋನು ಅಮೆರಿಕಾಗ್ ಹೋದ್ಮೇಲೆ ರಾತ್ರೋರಾತ್ರಿ ನಾನ್‌ ಪರ್ಫೆಕ್ಟ್‌ ಡ್ರೈವರ್‌ ಆಗ್ಬಿಡ್ಬೇಕೂಂತ ಆ ಯು.ಎಸ್.‌ ಡ್ರೈವಿಂಗ್‌ ಇನ್ಸ್‌ಟ್ರಕ್ಟರ್ಸ್‌ ನಿರೀಕ್ಷೆ ಮಾಡ್ತಾರಲ, ಅವ್ರಿಗೇನ್‌ ಅಷ್ಟೂ ಗೊತ್ತಾಗಲ್ವಾ? ಡ್ರೈವಿಂಗ್‌ ಅಂದ್ರೇನ್ ಮಕ್ಳಾಟನಾ?!",Anger
"ಈ ಸೊಗಸಾದ್  ವಜ್ರದ್  ಪೆಂಡೆಂಟ್ ಅನ್ ನೀವು ಇಷ್ಟ್ ಇಷ್ಟಪಡ್ತಿರೋವಾಗ, ಅದ್  ನಿಮ್ ವಾರ್ಷಿಕೋತ್ಸವದ್  ಆಚರಣೆಗೆ ಎಷ್ಟು ಹೊಳಪು ಕೊಡ್ಬೋದು ಅಂತ  ಕಲ್ಪಿಸ್ಕೊಳ್ಳಿ.",Happiness
ನಾನ್ ಬ್ಯಾಂಕಿಗ್ ಹೋದಾಗ ಕ್ಲೋಸಿಂಗ್‌ ಸಮಯ ಆಗಿ ೫ ನಿಮ್ಷ ಆಗೋಗಿದ್ರೂ ಬ್ಯಾಂಕ್‌  ಅಧಿಕಾರಿಯೊಬ್ರು ಮಧ್ಯೆ ಬಂದು ನಂಗ್ ಹಣ ತಗೊಳಕ್ ಸಹಾಯ ಮಾಡಿದ್ದು ತುಂಬಾನೇ ಉಪ್ಕಾರ ಆಯ್ತು.,Happiness
ಈ ಆಟಗಾರ್ರು ಪದೇ ಪದೇ ಸಮಯ ವ್ಯರ್ಥ ಮಾಡೋ ತಂತ್ರಗಳ್ನ ಮಾಡೋದು ಮೈಯೆಲ್ಲ ಪರ್ಚ್‌ಕೊಳೋ ಹಾಗಾಗತ್ತೆ ನಂಗಂತೂ.,Disgust
ನಾನ್ ಬೆಂಗ್ಳೂರಿಗ್ ಹೋಗೋ ಬಸ್ಸಿನ್ ಟಿಕೆಟ್ ಬಗ್ಗೆ ಕೇಳಿದ್ರೆ‌ ಆ ರೈಲ್ವೆ ಬುಕಿಂಗ್ ಗುಮಾಸ್ತ ನಂಗ್‌ ಬಾಯಿಗ್‌ ಬಂದಂಗ್‌ ಬೈದಾಂತ ನಂಗೂ ಕೆಂಡಾಮಂಡಲ ಕೋಪ ಬಂದು ಮುಖ ಎಲ್ಲ ಕೆಂಪಾಗೋಯ್ತು.,Anger
ಹೇ ಇದು ಹೊಸಾ‌ ಟ್ಯಾಕ್ಸ್ ಪಾಲಿಸಿಲಿಂದ ಮಧ್ಯಮ್‌ ವರ್ಗದ್ ಮಂದಿಗಿ ಭಾರೀ ಫಾಯದಾ ಆಗ್ತದಂತ ನಂಗನಿಸಿರ್ಲಿಲ್ಲಾ.,Surprise
ನಮ್ ಹೊಸಾ ಪ್ರಾಡಕ್ಟ್‌ ಬಗ್ಗೆ ಗ್ರಾಹಕ್ರಿಂದ ಒಳ್ಳೆ ಪ್ರತಿಕ್ರಿಯೆ ಕಡ್ಮೆ ಇರೋದ್ನೋಡಿ ನಂಗೊಂಥರ ಬಲೂನಿಗ್‌ ಸೂಜಿ ಚುಚ್ದಂಗಾಗಿದೆ.,Sadness
ಇಲ್ಲಿನ್  ಸರ್ವಿಸ್  ಗುಣಮಟ್ಟದ್  ಬಗ್ಗೆ ನಂಗ್  ನಿಜ್ವಾಗ್ಲೂ  ಅಸ್ಮಾಧಾನ ಆಗಿದೆ. ಸರ್ಯಾದ  ಟ್ರ್ಯಾಕಿಂಗ್ ಅಪ್ಡೇಟ್ ಬೇರೆ ಇಲ್ಲ ಪ್ಯಾಕೇಜ್ ಅನ್ ಸರ್ಯಾಗಿ  ನೋಡ್ಕೊಂಡಿಲ್ಲ.,Anger
ಅವ್ರು ಈ ಬಟ್ಟೆಗಳ್ನ ಉಚಿತ್ವಾಗ್ ಸರಿ ಮಾಡ್ಕೊಡ್ತಾರೆ ಅಂದ್ರೆ ನಂಗ್ ನಂಬಕ್ಕೇ ಆಗ್ತಿಲ್ಲ!,Surprise
"ಅಣ್ಣ! ನೀವ್ ಇಷ್ಟ್ ಭಾರವಾದ್ ತೂಕನ  ಎತ್ತುತೀರಿ ಅಂತ ನಾನ್ ಯಾವತ್ತೂ  ಅನ್ಕೊಂಡಿರ್ಲಿಲ್ಲ, ಭೀಮ ಇದ್ದಂಗೆ ನೀವು!!",Surprise
"ಈ ಶನಿವಾರ ಬ್ಯಾಂಕ್ ಓಪನ್ ಇರುತ್ತೆ ಅಂತ ನಾನ್ ಅನ್ಕೊಂಡಿರ್ಲಿಲ್ಲ, ಅಲ್ಲಿ ಅವ್ರೆಲ್ಲ ಕೆಲ್ಸ ಮಾಡ್ತಿದ್ದಿದ್ನೋಡಿ ಆಶ್ಚರ್ಯ ಆಯ್ತು.",Surprise
ಪ್ಯಾರಿಸ್ಸಲ್ಲಿ ಸದಾ ಸಡಗರದಿಂದ ತುಂಬಿರೋ ಕೆಫೆಗಳು ಅವ್ಗಳ್‌ ಮುಂದೆ ನಡ್ಕೊಂಡ್ ಹೋಗೋ ಜನ್ರನ್ನ ನೋಡ್ತಾ ಕೂರಕ್ಕೆ ಹೇಳ್ಮಾಡ್ಸಿದ್‌ ಜಾಗದ್‌ ಥರ ಇರತ್ವೆ.,Happiness
"ನಮ್‌ ಬೀದಿ ಕೆಳ್ಗಿರೋ ಅಂಗ್ಡಿಲಿ ಎಣ್ಣೆ ತಗೊಳ್ವಾಗ್ಲೆಲ್ಲ ನಂಗ್‌ ಅದ್ರಿಂದ ಎಲ್ಲ್ ಏನಾಗತ್ತೋ ಅಂತ‌ ಭಯ ಆಗ್ತಿರತ್ತೆ, ಯಾಕಂದ್ರೆ ಅದ್ರಲ್ ಯಾವಾಗ್ಲೂ ಏನೇನೋ ಕಸಕಡ್ಡಿ ಬಿದ್ದಿರತ್ವೆ.",Fear
"ಎರಡು ದಿನದ್ ಹಿಂದೆ, ಜನದಟ್ಟಣೆ ಆಗೋ ಸಮ್ಯದಲ್ ಊಟಕ್ಕಾಗಿ ರೆಸ್ಟೋರೆಂಟ್ ಮುಂದೆ ಪಾರ್ಕಿಂಗ್ ಸ್ಥಳ ಸಿಗ್ಬೋದು ಅಂತ ನಾನ್ ನಿರೀಕ್ಷಿಸಿರ್ಲಿಲ್ಲ.",Surprise
"ನನ್ ಕನ್ಸಿನ್ ತೋಟಕ್ ಸಾಕಾಗೋವಷ್ಟು ದೊಡ್ದಾದ್ ಹಿತ್ಲಿರೋ ಮನೆ ನಂಗ್ ಸಿಗತ್ತೆ ಅಂತ ನಾನ್ ಎಣ್ಸಿರ್ಲಿಲ್ಲ, ಆದ್ರೆ ನಮ್‌ ಬ್ರೋಕರ್‌ ಅಂಥ ಮನೆನ್‌ ಹುಡುಕ್ಕೊಟ್ಬಿಟ್ರು ನಂಗೆ!",Surprise
"ಓನರ್ ಮೇಲೆ ಕೂಗಾಡೋದು, ಉಲ್ಟಾ ಮಾತಾಡೋದೆಲ್ಲ ಮಾಡ್ಬೇಡ್ರೋ! ಅವ್ನ್‌ ನಮ್ನ ಇಲ್ಲಿಂದ ಒದ್ದು ಹೊರಗ್ ಹಾಕ್ಬೋದು, ನೆನ್ಪಿರ್ಲಿ!",Fear
"ನಂಗ್ ಆ ಮಾರ್ಕೆಟ್ನ್ಯಾಗ್ ಛಂದ ಷಾಪಿಂಗ್‌ ಮಾಡದಿತ್ತ, ಆ ಟೂರ್‌ ಗೈಡ್‌ ಖೋಡಿ ಭಾಳ ಗಡಬಡ ಮಾಡ್ಯಾನ.",Anger
ಅಬ್ಬಾ! ಇದು ನಾನ್ ಭಾಳ ಸಮಯ್ದಿಂದ ಹುಡುಕ್ತಾ ಇರೋ ಪುಸ್ತಕ. ಎಷ್ಟಾಗತ್ತೆ ಇದಕ್ಕೆ?,Surprise
ನಮ್ ಅಂಗ್ಡಿಗ್‌ ಬರೋರು ನಮ್ ಹತ್ರ ಬರ್ದೇ ನಮ್ ಪ್ರತಿಸ್ಪರ್ಧಿಗಳ್ ಹತ್ರ ಹೋಗ್ಬಿಡ್ತಾರೇನೋ ಅಂತ ನಂಗ್ ಭಯ.,Fear
ಇದ್ಯಾಕೋ ತುಂಬಾ ವಿಚಿತ್ರವಾಗಿದೆ ಮೇಡಂ! ಇದುವರ್ಗೂ ಯಾವ್‌ ಗೆಸ್ಟೂ ಅವ್ರ್‌ ರೂಮಿನ್ ಕೀಲಿಕೈ ಕೆಲ್ಸ ಮಾಡ್ತಿಲ್ಲ ಅಂತ ಹೀಗೆ ಹತ್ಸಲ ಮೇಲೆ ಕೆಳ್ಗೆ ಓಡಾಡಿದ್ದಿಲ್ಲ.,Surprise
ನಾನ್ ನೃತ್ಯ ಮಾಡೋವಾಗ ಯಾವಾಗ್ಲೂ ಎಲ್ರೂ ನನ್ನನ್ನ ಗೇಲಿ ಮಾಡ್ತಾರೆ.,Sadness
ನನ್ ಸ್ಟಾಕ್ಸ್‌ಗೆಲ್ಲ ಭಾರೀ ದೊಡ್ಡ್ ಹೊಡ್ತ ಬಿದ್ದಿರೋದ್‌ ನೋಡಿ ನಂಗಂತೂ ತುಂಬಾ ನಿರಾಶೆ ಆಗಿದೆ. ಈ ಹೂಡಿಕೆ ಮೇಲೆ ಸಾಕಷ್ಟ್ ನಿರೀಕ್ಷೆ ಇಟ್ಕೊಂಡಿದ್ದೆ ನಾನು.,Sadness
"ಅವ್ರು ನನ್ ದಾಖಲೆಗಳ್ನೆಲ್ಲ ಪರಿಶೀಲ್ಸಿ, ನಾನು ಈ ಯೋಜನೆಗೆ ಅರ್ಹನಿದೀನಿ ಅಂತ ಹೇಳಿದ್ರು.",Happiness
"ಗಣೇಶನ್‌ ಹಬ್ಬಕ್ಕೆ ನಮ್ಮನೆ ಕೈತೋಟದಿಂದನೇ ಅಷ್ಟೂ ಹೂಗಳ್ನ ಬಿಡುಸ್ಕೊಂಡ್‌ ಬಂದು ಪೂಜೆ ಮಾಡಕ್ಕಾಗಿದ್ದು ದಿವ್ಯವಾಗಿತ್ತು, ಸಾರ್ಥಕ ಅನ್ಸ್ತು.",Happiness
ನಾನ್  ಉಳ್ಕೊಂಡಿರೋ  ಹೋಟೆಲ್ಲಿ  ಇಂಟರ್ನೆಟ್  ತುಂಬಾ  ಫಾಸ್ಟ್ ಇತ್ತು. ಇದ್ರಿಂದ್  ವಿಡಿಯೋ ಕಾನ್ಫರೆನ್ಸಿಂಗ್ ಮಾಡಕ್ ಸಾಧ್ಯ ಆಯ್ತು ಅಂತ್  ನಂಗ್  ಸಂತೋಷ ಆಯ್ತು.,Happiness
ಎಲ್ಲಾ ವಸ್ತುಗಳೂ ಹೀಗ್‌ ಚೆಲ್ಲಾಪಿಲ್ಲಿಯಾಗ್‌ ಹರಡ್ಕೊಂಡು ಇಷ್ಟ್‌ ಅಸ್ತವ್ಯಸ್ತವಾಗಿರೋ ರೂಮಲ್ಲಿ ನೀನ್‌ ಹೇಗಾದ್ರೂ ಇರ್ತೀಯೋ?!,Disgust
"ಇಶ್ಶ್! ಈ ಟೇಬಲ್ ‌ಎಷ್ಟ್ ಕೊಳಕಾಗಿದೆ, ಸ್ವಲ್ಪನೂ ಅಚ್ಚ್‌ಕಟ್ಟಿಲ್ಲ ಮತ್ತೆ ಈ ರೆಸ್ಟೋರೆಂಟ್ ಕಸದ್ ಡಬ್ಬಿ ಥರ ಕಾಣಿಸ್ತಿದೆ, ಅಸಹ್ಯ!!",Disgust
ಅಷ್ಟೊಳ್ಳೆ ಕಾರ್‌ನ ನಮ್ಮ ವಾಶ್ ಬೇನಲ್ಲಿ ನೋಡ್ತೀವಿ ಅಂತ ನಾನ್ ಅಂದ್ಕೊಂಡೇ ಇರ್ಲಿಲ್ಲ.,Surprise
ನಿಶ್ಚಿತಾರ್ಥಕ್ಕೆ ನಮ್‌ ಪ್ರೀತಿ ಸಂಕೇತ್ವಾಗಿ ನಮ್ಗಿಷ್ಟ ಆಗೋ ಥರದ್‌ ಉಂಗ್ರ ಸಿಕ್ಕಿರೋದಕ್ಕೆ ನಂಗೆಷ್ಟ್‌ ಖುಷಿಯಾಗಿದೆ ಗೊತ್ತಾ?,Happiness
"ಅಂಕಿಅಂಶಗಳ್ನ ಪರಿಶೀಲ್ಸಿ ಮುಂದೆ ನಾವ್ ಇನ್ನೂ ಹೇಗ್‌ ಸುಧಾರಿಸ್ಬಹುದು, ಚೆನ್ನಾಗ್‌ ಮಾಡ್ಬೋದು ಅಂತೆಲ್ಲ ನೋಡೋಣ ಅಂತಿದೀನಿ ನಾನು.",Happiness
"ಕ್ಷಮ್ಸಿ, ಆದ್ರೆ ಈ ಸಮಯ್ದಲ್ಲಿ ಫ್ಲೇವರ್‌ಗಳು ಮತ್ತೆ ಕೇಕ್‌ನ ಗಾತ್ರದ್ ದೃಷ್ಟಿಯಿಂದ ನಮ್ಮಲ್ಲಿ ಕೆಲ್ವೇ ಕೆಲ್ವು ಆಯ್ಕೆಗಳಿದಾವಷ್ಟೇ.",Sadness
"ನಾವ್‌ ಹೋಗ್ಬೇಕಿದ್‌ ಪ್ರವಾಸಿ ತಾಣಕ್ಕೆ ಆ ಊರಿನ್‌ ಜನ ತಪ್‌ ತಪ್‌ ದಾರಿ ಹೇಳಿ ನಮ್‌ ದಿಕ್ಕ್‌ ತಪ್ಸಿದ್ರು ಅಂತ ರೇಗ್‌ ಹೋಯ್ತು ನಂಗೆ, ದಾರಿ ಉದ್ದಕ್ಕೂ ಅವ್ರ್‌ಗೆಲ್ಲ ಹಿಡಿ ಶಾಪ ಹಾಕ್ಕೊಂಡ್‌ ಬಂದೆ.",Anger
ಓ ಹೌದು! ನಾನ್ ಯಾವಾಗ್ಲೂ ವಿಶಿಷ್ಟವಾಗಿರೋ ಪ್ರಾಚೀನ ಪೀಠೋಪಕರಣಗಳ್ನ ಹುಡುಕ್ತಾ ಇರ್ತೀನಿ. ಇದೂ ಅಂಥದ್ದೇ!,Happiness
ಹೂಗಳ್ಮೇಲೆ ಕಾಲಿಡ್ಬೇಡಿ! ನೀವ್ ಹಾಗ್ಮಾಡಿದ್ರೆ  ನಾನ್‌ ಅವನ್ನ ಮಾರೋಕ್ಕಾಗಲ್ಲ! ಅಷ್ಟೂ ಗೊತ್ತಾಗಲ್ವಾ!,Anger
ಮೈಕ್ರೋವೇವ್‌ಗೆ ಬೆಂಕಿ ಹೊತ್ಕೊಳತ್ತೆ ಅಂತ ಭಯ ಆಗ್ತಿದೆ ನಂಗೆ. ದಯ್ವಿಟ್ಟು ಅದ್ನ ಆಫ್ ಮಾಡಿ.,Fear
ನನ್ ಅಂಗ್ಡಿ ಮುಂದೆ ನಿಮ್ ಸ್ಟಾಲ್ ಹಾಕೊಳೋ ಹಾಗಿಲ್ಲ ಅಂತ ಇನ್ನೂ ಎಷ್ಟ್‌ ಸಲ ಹೇಳ್ಬೇಕ್‌ ನಾನ್ ನಿಮ್ಗೆ?! ಭಾಷೆ ಅರ್ಥಾಗಲ್ವಾ?,Anger
ಹೊಸ ತಂತ್ರಗಳಿಂದ ಆಫಿಸ್ನ ಸ್ವಚ್ಛವಾಗಿ ಮತ್ತು ಸುಂದ್ರವಾಗಿ ಇಟ್ಟಿದ್ದನ್ನ ನೋಡಿ ಗ್ರಾಹಕರು ಸೂಪರ್ವೈಸರ್ ಗಳನ್ನು ಹೋಗಳುದ್ರು.,Happiness
"ಈ ಕಲಾಕೃತಿಗಳು ಗೌರವ ಮತ್ತೆ ಮೆಚ್ಚುಗೆಗೆ ಯೋಗ್ಯವಾಗಿರೋಂಥವು, ಹೀಗೆ ಕ್ಷುಲ್ಲಕ ಮನರಂಜನೆಗೋಸ್ಕರ ಬಳಸ್ಕೊಂಡು ಬದಿಗಿಡೋದು ನಾಚಿಕ್ಗೇಡು!",Disgust
"ನನ್‌ ಜೊತೆ ಕೆಲ್ಸ ಮಾಡೋರಲ್ಲೊಬ್ಬ ಇದಾನೆ, ನಂಗವ್ನ್‌ ಜೊತೆ ಮಾತಾಡೋದು ಅಂದ್ರೆ ಕೋಪ ಬಂದೋಗತ್ತೆ, ಒಂದ್ಸಲನೂ ನನ್‌ ಮಾತ್‌ ಪೂರ್ತಿಯಾಗ್‌ ಮುಗ್ಸಕ್ಕೇ ಬಿಡಲ್ಲ ಅವ್ನು, ಯಾವಾಗ್ಲೂ ಅಡ್ಡಬಾಯ್‌ ಹಾಕ್ತಾನೆ.",Anger
ನಾವೀಸಲ‌ ಮಾರಾಟನೆಲ್ಲ ತುಂಬಾನೇ ಚೆನ್ನಾಗ್ ಮಾಡಿದೀವಿ ಅಂತ ಮುಖ್ಯ ಕಚೇರಿಯಿಂದ ನಮ್ಗೆ ಶಭಾಷಿ ಸಿಕ್ಕಿದೆ.,Happiness
ಟಿಕೆಟ್ ಸಿಗುತ್ತಾ ಇಲ್ವಾಂತ ವಾದ ಆಗಿ ಆ ರೈಲ್ವೆ ಬುಕಿಂಗ್ ಮಾಡೋ ಗುಮಾಸ್ತ ನನ್ ಬುಕಿಂಗ್ ಫಾರ್ಮ್‌ನೇ ಕಿಟ್ಕಿಯಿಂದ ಹೊರಕ್ಕೆಸ್ದಾಗ ನಂಗ್ ಕೋಪ ತಡ್ಕೊಳಕ್ಕಾಗ್ಲಿಲ್ಲ.,Anger
"ನನ್‌ ಮಾಡ್ಯುಲರ್‌ ಕಿಚನ್ನಲ್ಲಿ ಯಾವ್ದನ್ನೂ ಒಂಚೂರೂ ಚೆನ್ನಾಗ್‌ ಮಾಡಿಲ್ಲ ಇವ್ರು. ಕ್ಯಾಬಿನೆಟ್ಸೆಲ್ಲ ಒಂದಕ್ಕೊಂದ್ ಸರ್ಯಾಗ್‌ ಕೂತಿಲ್ಲ,‌ ಡ್ರಾಯರ್‌ನ ಪೂರ್ತಿಯಾಗ್ ಮುಚ್ಚಕ್ಕೇ ಆಗಲ್ಲ, ಒಟ್ಟಾರೆ ಫಿನಿಷಿಂಗೇ ಎಷ್ಟ್ ಕೆಟ್ದಾಗಿದೆ‌ ಅಂದ್ರೆ ಒಂಚೂರೂ ದುಡ್ಡ್‌ ಕೊಡ್ಬಾರ್ದು ಅನ್ಸ್ತಿದೆ ಇವ್ರಿಗೆ.",Anger
ಈ ಬಿಲ್ಡಿಂಗ್ ಅಸೋಸಿಯೇಷನ್ನವ್ರು ಹಣನೆಲ್ಲ ಹೀಗ್ ದುರುಪ್ಯೋಗ ಮಾಡ್ತಾ ಇರೋದು ನಂಗ್ ಒಂಚೂರೂ ಸರಿ ಬರಲ್ಲ.,Anger
"ಇದ್ನ ಹೇಳೋಕೆ ನಂಗ್‌ ಬೇಜಾರಾಗ್ತಿದೆ, ಆದ್ರೆ  ದುರದೃಷ್ಟವಶಾತ್, ಸದ್ಯಕ್ಕೆ ನಮ್ ಎಲ್ಲಾ ಆರ್ಡರ್‌ಗಳೂ ಭರ್ತಿ ಆಗೋಗಿವೆ. ನಿಮ್ಗೆ ಅನನುಕೂಲ ಆಗಿದ್ದಕ್ಕೆ ಕ್ಷಮ್ಸಿ.",Sadness
ಆ ಸಾಫ್ಟ್‌ವೇರ್ ಕಂಪ್ನಿ ಕಸ್ಟಮರ್ ಸಪೋರ್ಟ್‌ನೋರು ಅಷ್ಟ್‌ ಬೇಗ ಪ್ರತಿಕ್ರಿಯ್ಸಿದ್‌ ನೋಡಿ ನಂಗ್ ಆಶ್ಚರ್ಯ ಆಯ್ತು. ಕಣ್ಮುಚ್ಚ್‌ ಬಿಡೋದ್ರೊಳ್ಗೇ ರಿಪ್ಲೈ ಮಾಡಿದ್ರು ಅವ್ರು!,Surprise
ಇತ್ತೀಚ್ಗೆ ಹೊರ್ಗಡೆ ಊಟ ಮಾಡಕ್ ನಾನ್ ಎಷ್ಟೊಂದ್ ಖರ್ಚ್ ಮಾಡ್ತಿದೀನಿ ಅಂತ ಯೋಚ್ಸಿದ್ರೆ ಬೇಜಾರಾಗುತ್ತೆ.,Sadness
"ಯೀಈ! ನಿಮ್ ಕೂದ್ಲು ಕಚ್ಚೋದ್ನ ನಿಲ್ಸಿ. ಅದ್ಕೆ ನಿಮ್ ಎಂಜ್ಲೆಲ್ಲ ಮೆತ್ಕೊಂಡು ಒದ್ದೊದ್ದೆ ಆಗೋಗಿದೆ, ನೋಡಿ.",Disgust
ಬಟ್ಲು ಭರ್ತಿ ತಾಜಾ ಹಣ್ಗಳ್‌ ರಸಾಯನ ತಿಂದಿದ್ದು ದೇಹಕ್ಕೆಷ್ಟೋ ಚೈತನ್ಯ ಸಿಕ್ಕಂಗಾಯ್ತು.,Happiness
"ಆ ಮೆಕ್ಯಾನಿಕ್ ಈ ಯಂತ್ರಗಳ್ನ ಬದ್ಲಾಯ್ಸೋ ಬದ್ಲು ಇರೋದನ್ನೇ ಸರಿ ಮಾಡೋಕ್‌ ಹೊರ್ಟಿದ್ದು ನಂಗ್ ತುಂಬಾ ಖುಷಿ ಆಯ್ತು. ಇದ್ರಿಂದಾಗಿ ನನ್‌ ದುಡ್ಡು, ಪರಿಸರ ಎರ್ಡೂ ಉಳಿದ್ವು!",Happiness
ಆ ಮಾತ್ರೆನ ನುಂಗ್ಬೇಡಿ. ಅದ್ನ ಹಂದಿ ಕರುಳಿಂದ ಮಾಡಿರ್ತಾರೆ ಅಂತ ಕೇಳಿದೀನಿ ನಾನು.,Disgust
"ಈ ಬಾಡ್ಗಿ ಮನಿ ಹುಡಕ್ಲಿಕ್ಕಿ ದಳ್ಳಾಳಿಗಿ ಕೊಡ ರೊಕ್ಕ ಭಾರೀ ಹಾಳತಿರತದ ಅಂತ ನಂಗನಸೇ ಇರ್ಲಿಲ್ಲ, ಅಗ್ದೀ ನ್ಯಾಯ!",Surprise
ವಾರಂಟಿ ಅವಧಿ ಇನ್ನೂ ಬಾಕಿಯಿದ್ರೂ ನೀವ್ ಈ ಡಿಫೆಕ್ಟಿವ್‌‌ ಪ್ರಾಡಕ್ಟ್‌ನ ಬದ್ಲಾಯ್ಸ್‌ ಕೊಡಕ್‌ ಒಪ್ಪಲ್ಲ ಅಂದ್ರೆ ಏನ್ರೀ ಅರ್ಥ?! ಏನ್‌ ನನ್ಜೊತೆ ಹುಡ್ಗಾಟ ಆಡ್ತಿದೀರ?!,Anger
"ಕಂಪನಿ ಮ್ಯಾನೇಜ್ಮೆಂಟಲ್ಲಿ ಪದೇ ಪದೇ ಬದ್ಲಾವಣೆ ಆಗ್ತಿರೋದ್ರಿಂದ ನಂಗ್‌ ಸಮಾಧಾನನೇ ಇಲ್ದಂಗಾಗಿದೆ, ಯಾವ್ದೂ ಸರ್ಯಾಗ್‌ ಬಗೆಹರೀತಿಲ್ಲ.",Sadness
"ನಾಳೆಯಿಂದ ಮನೆಗ್‌‌ ನ್ಯೂಸ್ ಪೇಪರ್ ಹಾಕಕ್‌ ಹೇಳಿದೀನಿ. ಆದ್ರೆ ಮೊದ್ಲಿನ್‌ ಥರ ಅದ್ರಲ್ಲ್‌ ಬರೋದ್ನೆಲ್ಲ ನಿಜ ಅಂತ ನಂಬ್‌ಬಹುದಾ, ಅದೀಗ ಅಷ್ಟ್‌ ವಿಶ್ವಾಸಾರ್ಹವಾಗ್‌ ಉಳ್ದಿಲ್ವೇನೋ ಅಂತ ಕಳವಳ ಆಗ್ತಿದೆ.",Fear
"ನಾಳಿಲಿಂದ್‌ ಮುಂಜಾನಿ ಎದ್ದು ಮೊದ್ಲ ಪೇಪರ್‌ ಓದ್ತೀನಿ, ಇದ್ರಿಂದ ದಿನಾದಿನಾ ಹೊಸ ಸುದ್ದಿ ಮತ್ತ್‌ ಸ್ಫೂರ್ತಿ ಎರ್ಡೂ ಸಿಗ್ತದ.",Happiness
ಸಾಲಕ್ಕೆ ಅಪ್ರೂವಲ್ ತೊಗೊಳೋದ್ರಲ್ಲಿ ನಂಗ್  ಸಹಾಯ ಮಾಡಿದ್ದಕ್ಕೆ ತುಂಬಾ ಧನ್ಯವಾದ ರಾಮರಾವ್ ಅವ್ರೇ. ಕೊನೆಗೂ ನಾನ್ ಮನೆ ಕಟ್ಸೋಕ್ ಶುರು ಮಾಡ್ಬೋದು ಅಂತಾಯ್ತು.,Happiness
"ಹೋದ್‌ ಸರ್ತಿ ನಾನೇ ಅವ್ರಿಗಿ ಭಡ್ತಿ ಕೊಟ್ಟಿನಿ‌, ಈಗರೆ ಅವ್ರೇ ನೌಕ್ರಿ ಬಿಡ್ತೀನಂತ ಅಂದಾರ, ನಂಗ ಏನೇನೂ ತಿಳೀಲಾರ್ದ್ಹಂಗಾಗ್ಯಾದ.",Surprise
ಇದು ನಾನ್ ನೋಡಿರೋದ್ರಲ್ಲೇ ಸಿಕ್ಕಾಪಟ್ಟೆ ಕೆಟ್ಟ ಮೆಸ್. ಯಾವಾಗ್ಲೂ ಎಷ್ಟೊತ್ತ್ ಕಾಯ್ಬೇಕು ಮತ್ತೆ ಊಟನೂ ಯಾವಾಗ್ಲೂ ತಣ್ಣಗಿರತ್ತೆ.,Anger
"ಮೊದ್ಲೇ ಓಪನ್‌ ಮಾಡಿರೋ ಪ್ಯಾಕೇಜ್‌ ತಗೊಳೋಹಾಗಾದ್ರೆ ಅಂತ ಕಳವಳ ಆಗ್ತಿದೆ ನಂಗೆ, ಹಿಂದೆನೂ ಆ ಥರ ಆಗಿತ್ತು. ಕೊರಿಯರ್‌ನೋರು ಈ ಸಮಸ್ಯೆ ಬಗ್ಗೆ ಪ್ರಾಮಾಣಿಕ್ವಾಗ್ ಗಮನವಹಿಸ್ತಾರೆ ಅನ್ಕೊತೀನಿ. ‌",Fear
"ಆಹಾರ ವಿಮರ್ಶಕನಾಗಿ ನಂಗ್, ಊಟ ಅಸಹ್ಯ ಅನ್ನಿಸ್ತು  ಅದನ್ ಜಾಸ್ತಿ  ಬೇಯ್ಸಿ  ರುಚಿ ಇಲ್ದಾಗೆ ಮಾಡಿದ್ರು.",Disgust
ಹೋದ್ಸಲದ್ ಬೇಸಿಗೆ ತುಂಬಾನೇ ಮಜವಾಗಿತ್ತು. ನಾನು ನನ್ನಿಷ್ಟದ್ ಎಲ್ಲಾ ವೀಡಿಯೊ ಗೇಮ್‌ಗಳ್ನೂ ಪುನಃ ಆಡಿದ್ದೆ.,Happiness
"ಅವ್ರು ಅಷ್ಟ್‌ ಉದಾರವಾಗ್ ದೇಣಿಗೆ ಕೊಟ್ಟಿದ್ರಿಂದ, ನಾವು ತೆರಿಗೆ ಕಟ್ಬೇಕಿದ್‌ ಹಣ ಎಲ್ಲ‌ ಉಳ್ಸೋಕಾಯ್ತು, ಜೊತೆಗೆ ಸಕಾರಾತ್ಮಕ ಪರಿಣಾಮನೂ ಬೀರೋಕಾಯ್ತು.",Happiness
ಹೇ ಪ್ರೀತಿ! ನಮ್ ಪುಟಾಣಿ ತಂಗಿ ಈ ವರ್ಷ ʼಮಿಸ್ ವರ್ಲ್ಡ್ʼ ಚಾಂಪಿಯನ್ಷಿಪ್‌ಗೆ ಆಯ್ಕೆ ಆಗಿದಾಳೆ!,Surprise
"ನಮ್ ನಮ್ ಕೆಲ್ಸದಲ್  ನಾವ್  ಎದುರಿಸ್ತಾ ಇರೋ ಸವಾಲುಗಳ್  ಬಗ್ಗೆ  ಹೇಳ್ಕೋತ ಇರ್ತೇವೆ. ದಿನದ್  ಕೆಲ್ಸ ಮುಗುದ್ ಮೇಲೆ  ಒಂತರ ನಿರಾಸೆ  ಆಗೇ ಆಗುತ್ತೆ ಆದ್ರೂ ನಾವ್ ಮಾತಾಡಕ್ಕೆ  ಎಲ್ರು ಸೇರ್ತೆವೆ,",Sadness
ಬಡ್ಡಿದರದಲ್ ಆಗಿರೋ ಹಠಾತ್ ಹೆಚ್ಳದಿಂದ  ತುಂಬಾ ಜನ ಸಾಲಗಾರ್ರಿಗೆ ಆಘಾತ ಆಗಿದೆ.,Surprise
ನೀವು ಇಷ್ಟೆಲ್ಲ ಕೆಲ್ಸನ ಬರೀ ಎರಡ್ದಿನದಲ್ಲಿ  ಮುಗ್ಸಿದ್ರಾ?,Surprise
ಕ್ಯಾಬ್ ಡ್ರೈವರ್  ಬೆಂಗ್ಳೂರಿನ್  ಟ್ರಾಫಿಕ್ ಅನ್ನೇ   ತಪ್ಪುಸ್ಕೊಂಡ್  ಹೋಗ್ತಾನೆ . ಕ್ಯಾಬ್ ಡ್ರೈವರ್ ಚಾಲಾಕಿತನ ನೋಡ್  ನಂಗ್  ಆಶ್ಚರ್ಯ ಆಯ್ತು;,Surprise
"ಈ ಇವೆಂಟ್‌ ಮ್ಯಾನೇಜ್ಮೆಂಟ್‌ ಕಂಪ್ನಿಯವ್ರದ್‌ ರದ್ದ್‌ ಮಾಡದು ಮತ್‌ ರೊಕ್ಕಾ ವಾಪಾಸ್‌ ಕೊಡ ಪಾಲಿಸಿ ತಿಳ್ಕೊಂಡ್‌ ನಂಗ ಭಾಳ ಛೊಲೋ ಅನಸ್ಯಾದ, ಹೊತ್ತುವ್ಯಾಳಿ ಕಾರ್ಯಕ್ರಮ ಮಾಡ್ಲಿಕ್‌ ಆಗಿಲ್ಲಂದ್ರ ನುಕ್ಸಾನ್‌ ಆಗಲ್ಲನ್ನ ಧೈರ್ಯ್‌ ಬಂದದ.",Happiness
ಆ ಪಾರೀಸ್‌ ಹೋಟಲ್ನ್ಯಾಗ ಭಾರತದ್‌ ಊಟಾತಿಂಡಿ ಎಷ್ಟರೇ ಸಪ್ಪಗಿತ್ತಂದ್ರ ನಂಗ ಹೊಟ್ಟಿ ಒಳಗ ಊಟೇ ಇಳಿನಿಲ್ಲ.,Sadness
ನನ್ ಆತ್ಮೀಯ ಸ್ನೇಹಿತ ಒಬ್ಬ ಬೇರೆ ದೇಶಕ್ ಹೋಗ್ತಿರೋದ್ರಿಂದ ನೆನ್ನೆ ಅವ್ನು ನಮ್ ಶಾಲೆ ಬಿಟ್ಟ.,Sadness
ಈ ವಾರಾಂತ್ಯದಲ್ಲಿ ಚೆನ್ನೈಯಲ್ಲಿ ರವಿಶಂಕರ್‌ ಅವ್ರ ಕಛೇರಿ ಇದೆ! ನಂಗೆ ಮುಂದಿನ್ ಸಾಲಲ್ಲೇ ಸೀಟ್‌ ಸಿಕ್ಕಿದೆ!,Happiness
ಸಲಾಡ್‌ ತಿನ್ವಾಗ ಗರಿಮುರಿಯಾದ ತಾಜಾ ಲೆಟಿಸ್‌ ಬಾಯಿಗ್ ಸಿಗ್ತಿದ್ರೆ ನಂಗ್‌ ತುಂಬಾನೇ ಇಷ್ಟ.,Happiness
ನಿಮ್ ಬೆಂಬಲ ಮತ್ತೆ ಮೆಚ್ಚುಗೆ ಒಬ್ಬ ಶಿಕ್ಷಣತಜ್ಞನಾಗಿ ನಂಗೆ ತುಂಬಾನೇ ಮುಖ್ಯವಾದ್ದು.,Happiness
"ನಿಮ್ ಮಗಂಗೆ ಆ ಥರ ಮೂಗ್ ತೋಡೋದನ್ನ ನಿಲ್ಸೋಕ್‌ ಹೇಳಿ, ಅಸಹ್ಯ ಆಗತ್ತೆ ನೋಡಕ್ಕೆ.",Disgust
ಕ್ಯಾಮರೂನ್‌ ಎದರ ಅರ್ಜೆಂಟಿನಾ ವರ್ಲ್ಡ್‌ ಕಪ್ನ್ಯಾಗ ಮೊದಲ್ನೇ ಸರ್ತಿ ಸೋತ್ ಥಣ್ಣಗೇ ಆದ್ರು..‌ ಹೀಗಾಗ್ಭೌದ್‌ ಅಂತ್ ಯಾರೂ ಎಣಸಿರ್ಲಿಲ್ಲ.,Surprise
ನೀವು ತಪ್ಪ್ ಮಾಡೋದ್‌ ಮಾಡ್ಬಿಟ್ಟು ಆಮೇಲ್‌ ನಾನದ್ನ ಹೇಳುದ್ರೆ ನನ್ಮೇಲೇ ಕೂಗಾಡೋಷ್ಟು ಧೈರ್ಯ ಬೇರೆನಾ?! ನಾಚ್ಕೆ ಆಗ್ಬೇಕ್‌ ನಿಮ್ಗೆ.,Disgust
ಇಲ್ಲಪ್ಪಾ! ಜೇಡ ಅಂದ್ರೆ ಸಿಕ್ಕಾಪಟ್ಟೆ ಭಯ ನಂಗೆ. ನಾನಂತೂ ಮುಟ್ಟಲ್ಲ ಅದ್ನ.,Fear
ಆಕೆಗೆ ಇಲ್ಲಿ ಇಷ್ಟೆಲ್ಲ ಒಳ್ಳೆ ಅನುಭವ ಆಗಿದ್ರೂ ಮುಖ್ಯಸ್ಥೆಯಾಗಿರೋ ಆಕೆನೇ ಇಲ್ಲಿಂದ ಹೊರಡೋ ಬಗ್ಗೆ ಯೋಚಿಸ್ತಾರೆ ಅಂತ ನಾನ್ ಊಹಿಸಿರ್ಲಿಲ್ಲ.,Surprise
ಅವ್ನು ಇನ್ ಕೆಲ್ವೇ ದಿನ ಮಾತ್ರ ಬದ್ಕಿರೋದು ಅಂತ ಡಾಕ್ಟ್ರು ಹೇಳುದ್ರು.,Sadness
ಆ ವ್ಯಕ್ತಿ ನಡ್ಕೊಂಡ್‌ ರೀತಿಗೆ ನಂಗ್‌ ಪಿತ್ತ ನೆತ್ತಿಗೇರಿದೆ. ಅವ್ನು ಇನ್ನೊಂದ್‌ ಸ್ವಲ್ಪ ಹೊತ್ತು ಅದೇ ಥರ ಆಡ್ತಿದ್ರೆ ನಾನವ್ನಿಗೆ ಕಪಾಳಮೋಕ್ಷ ಮಾಡ್ತೀನಷ್ಟೇ.,Anger
"ನಾನ್ ಅರ್ಥಿಂಗ್ ಮಾಡಿಸ್ದೇ ಎಲೆಕ್ಟ್ರಿಕ್‌ ಅಪ್ಲಾಯನ್ಸ್ ತಗೊಂಡ್ಬಂದೆ, ಅದ್ನ ಕನೆಕ್ಟ್ ಮಾಡಕ್‌ ಹೋದಾಗ್‌ ಹೊಡ್ದಿದ್ ಷಾಕಿಂದ ಪ್ರಾಣನೇ ಹೋದಂಗಾಯ್ತು.",Fear
"ಸಂಗೀತದ್ ಪ್ರತಿಭೆ ಇರೋರು  ಸಂಗೀತನ್  ಬಿಟ್ ಬೇರೆ ಚಟುವಟಿಕೆಗಳ್  ಮೇಲ್  ಕಾನ್ಸನ್ಟ್ರೇಟ್ ಮಾಡಕ್   ಶುರು ಮಾಡಿದ್ರು, ಇದ್ರಿಂದ ಕುಟುಂಬಕ್ಕೆ  ಸಿಕ್ಕಾಬಟ್ಟೆ  ದಿಗ್ಭ್ರಮೆ ಆಯ್ತು.",Fear
"ದಯ್ವಿಟ್ಟು ಅಷ್ಟ್ ಜೋರಾಗ್ ತೇಗ್ಬೇಡಿ, ಬೇರೇವ್ರಿಗೆ ಅಸಹ್ಯ ಆಗತ್ತೆ.",Disgust
ನಿಮ್ ಆಭರಣ ವಿನ್ಯಾಸಕ್ರು ಈ ಉಂಗುರದ್ ವಿನ್ಯಾಸ್ದಲ್ಲಿ ಉತ್ಕೃಷ್ಟತೆ ಮತ್ತೆ ಸೌಂದರ್ಯ ಎರಡ್ನೂ ಎಷ್ಟ್ ಹದವಾಗ್‌ ಕಾಣ್ಸಿದಾರಲ ಅಂತ ನಂಗ್‌ ನಿಜಕ್ಕೂ ಆಶ್ಚರ್ಯ ಆಗ್ತಿದೆ.,Surprise
"ಸೀಟಿನ್ಮೇಲೆ ಯಾರೋ ವಾಂತಿ ಮಾಡ್ಬಿಟ್ರು, ಅದು ಭಯಂಕರ ವಾಸ್ನೆ ಬರ್ತಾ ಇದೆ.",Disgust
"ನಾನ್‌ ಸ್ವಲ್ಪ ಏನೋ ತಿಂದಾಗ ಬಾಯೆಲ್ಲ ಒಂಥರಾ ಆಗೋಯ್ತು, ಆ ತಿಂಡಿ ಹಳ್ಸೋಗಿತ್ತು ಅಂತ ಆಗ್ಲೇ ಗೊತ್ತಾಗಿದ್ದು, ಈಗ್ ನಾನ್‌ ಎಲ್ಲ್ ಹುಷಾರ್‌ ತಪ್ತೀನೋ ಅಂತ ಭಯ ಆಗ್ತಿದೆ.",Fear
ಈ ವರ್ಷ ನನ್ ನೆಟ್‌ಫ್ಲಿಕ್ಸ್ ಸಬ್ಸ್‌ಕ್ರಿಪ್ಷನ್‌ ಮೇಲೆ ಭಾರೀ ರಿಯಾಯ್ತಿ ಸಿಕ್ತು ನಂಗೆ. ಏನೂ ಯೋಚ್ನೆ ಇಲ್ಲೇ ನಂಗೆಷ್ಟ್‌ ಬೇಕೋ ಅಷ್ಟ್‌ ಸಿನ್ಮಾ ನೋಡ್ಬಹುದು ನಾನೀಗ.,Happiness
ನಂಗ್ ಆ ಹುಳಗಳ್ನ ನೋಡಕ್ ಆಗ್ತಿಲ್ಲ; ಅವು ಹರ್ದಾಡೋದ್‌ ನೋಡ್ತಿದ್ರೆ ಹೊಟ್ಟೆ ತೊಳ್ಸಿ ವಾಂತಿ ಬರೋ ಹಾಗ್‌ ಅನ್ಸತ್ತೆ.,Disgust
"ನಾನ್‌ ಆ ಈಸ್ಟ್ ಕೋಸ್ಟ್ ರಸ್ತೆಲಿ ಡ್ರೈವ್ ಮಾಡ್ತಿದ್ದಾಗ ಒಬ್ಬ ಶೇರಿಂಗ್ ಆಟೋ ಡ್ರೈವರ್ ಒಂದೇ ಸಮ್ನೇ ಹಾರ್ನ್‌ ಮಾಡ್ತಿದ್ದಿದ್ದು ನನ್‌ ಪಿತ್ತನ್ ನೆತ್ತಿಗೇರ್ಸಿತ್ತು, ಕೈಗ್‌ ಸಿಕ್ಕಿದ್ದಿದ್ರೆ ಸರ್ಯಾಗ್‌ ಕ್ಲಾಸ್‌ ತಗೋತಿದ್ದೆ ಅವ್ನಿಗೆ.",Anger
ನನ್ ಚಿಕ್ಕಪ್ಪ ತಮ್ ತೋಟದಲ್ಲಿರೋ ಎಲ್ಲಾ  ಮಾವಿನ ಹಣ್ಣನ್  ನಂಗ್ ತಂದ್ ಕೊಟ್ಟಾಗ ನಂಗ್  ಆಶ್ಚರ್ಯ ಆಯ್ತು.,Surprise
ಷಾಪಿಂಗ್ ದೈತ್ಯರಿಂದ ಪದೇ ಪದೇ ಬರ್ತಾ ಇರೋ ಸ್ಪ್ಯಾಮ್ ಕರೆಗಳ್ ಬಗ್ಗೆ ನಂಗ್ ಕೆಟ್ಟ್ ಕೋಪ‌ ಬರ್ತಿದೆ.,Anger
ಡ್ರೈವರ್ ಇವತ್ತು ತುಂಬಾ ರ್ಯಾಷ್ ಆಗಿ ಡ್ರೈವ್ ಮಾಡ್ತಾ ಇದಾನೆ. ಈ ಬಸ್‌ನ ಆಂಬ್ಯುಲೆನ್ಸ್ ಅಂತ ಅನ್ಕೊಂಡಿದಾನಾ ಹೇಗೆ?,Anger
"ಕತ್ಲೆ ಕೋಣೆಲಿ ಒಬ್ಳೇ ಇರೋಕೆ ನನ್ಕೈಲಂತೂ ಆಗಲ್ಲಪ್ಪ, ನನ್ಜೊತೆ ಇನ್ಯಾರೋ ಏನೋ ಇರೋ ಥರ ಅನ್ಸಿ ಎದೆ ನಡ್ಗಕ್‌ ಶುರು ಆಗ್ಬಿಡತ್ತೆ.",Fear
"ಕೆನಡಾದ್ ಕಾಡಲ್ಲಿ ಬೆಂಕಿ ಆ ಪಾಟಿ ಹತ್ತುರಿತಿರೋದ್‌ ನೋಡಕ್ಕೇ ಭಯಂಕರವಾಗಿದೆ,‌ ಇನ್ನು ಅಲ್ಲೇ ಹತ್ರ ಇರೋರ್ ಕಥೆ ಹೇಗೋ ಏನೋ!",Fear
ನಮ್ ಸುತ್ಲೂ ಹಸಿವಿನಿಂದ್ ಎಷ್ಟೋ ಜನ ಕಷ್ಟ  ಪಡ್ತಾ    ಇರೋವಾಗ್  ಬೈಕಿಗೆ ಅಷ್ಟು  ಹಣನ್ ಖರ್ಚು ಮಾಡಕ್  ನಂಗ್ ಬೇಜಾರ್ ಆಗ್ತಿದೆ.,Disgust
"ಹೋಟೆಲ್ ಕೋಣೆ ತುಂಬಾ ಸ್ವಚ್ಛ ಆಗಿದೆ, ಅಲ್ಲಿನ್  ಸಿಬ್ಬಂದಿಗಳ್  ಸಣ್ ಕಸ ಕಂಡ್ರು ಕೂಡ್ಲೇ ಬಂದ್  ಸ್ವಚ್ಛ ಮಾಡ್ತಾರೆ.",Happiness
"ಲೋ, ನನ್ ಹೆಂಡ್ತಿನ ಗೇಲಿ ಮಾಡ್ಬೇಡ! ನಾಲ್ಗೆ ಮೇಲ್‌ ನಿಗಾ ಇರ್ಲಿ!",Anger
ಎಲಾನ್ ಮಸ್ಕ್ ಟ್ವಿಟರ್‌ನ ಸ್ವಾಧೀನಪಡ್ಸ್ಕೊಂಡ್ಮೇಲೆ ಅಲ್ಲಿದ್ದ ಒಳ್ಳೊಳ್ಳೆ ಡೆವಲಪರ್ಸ್‌ನೆಲ್ಲ ಕೆಲ್ಸದಿಂದ ತೆಗ್ದ್‌ಹಾಕಿದ್‌ ನೋಡಿ ನಂಗ್‌ ಆಶ್ಚರ್ಯ ಆಯ್ತು.,Surprise
"ಓ ದೇವ್ರೇ! ನಾನ್ ಆ ಸ್ಥಿತಿಲಿ ಅಷ್ಟ್ ಅಪಾಯ್‌ದಲ್ಲಿದೀನಿ ಅಂತ ನಂಗೊಂಚೂರೂ ಅಂದಾಜಿರ್ಲಿಲ್ಲ. ಇದ್ನ ನನ್ ಗಮನಕ್ ತಂದಿದ್ದಕ್ಕೆ ತುಂಬಾ ಧನ್ಯವಾದ, ಡಾಕ್ಟ್ರೇ!",Surprise
"ನಮ್ ಕ್ರಿಕೆಟ್ ಟೀಮ್‌ ಸೋತಾಗ ಟಿ.ವಿ.ನೇ ಒಡ್ದ್‌ ಹಾಕೋಷ್ಟ್‌ ಸಿಟ್ಟ್‌ ಬಂದಿತ್ತು ನಂಗೆ, ಸ್ವಲ್ಪನೂ ನೆಟ್ಗ್‌ ಆಡಲ್ಲ ಇವ್ರ್‌ಗಳು.",Anger
ಇಶ್ಶೀ.. ನಾನಂತೂ ಚರಂಡಿಯಿಂದ ಚೆಂಡನ್ನ ಎತ್ತಕ್ಹೋಗಲ್ಲ. ತುಂಬಾ ದುರ್ನಾತ ಬರ್ತಿದೆ ಅದ್ರಿಂದ.,Disgust
"ಈ ಹ್ಯಾಕರ್‌ಗಳು ತಮ್ ಮನ್ಸಿಗ್‌ ಬಂದ್ಹಾಗೆ ಜನ್ರ ಖಾಸಗಿತನನ ಅತಿಕ್ರಮಿಸ್ಬಹುದು ಮತ್ತೆ ಅವ್ರ್ ವಿವರಗಳ್ನೆಲ್ಲ ಕದೀಬಹುದು ಅನ್ಕೊಂಡಿರೋದು ನಂಗೆ ಕೆಟ್ಟ್ ಕೋಪ ಬರತ್ತೆ. ಇದು ಸ್ಪಷ್ಟ್‌ವಾಗಿ ಅವ್ರ್ ವಿದ್ಯೆ, ಸಾಮರ್ಥ್ಯ ಎಲ್ಲದ್ರದ್ದೂ ದುರುಪಯೋಗ, ದುರ್ವಿನಿಯೋಗ ಅಷ್ಟೇ!",Anger
"ಥೂ ಚೆನ್ನೈನ್ಯಾಗ ಕಾಲೇಜಿನ್‌ ಬಸ್‌ ಡ್ರೈವರ್‌ಗೊಳು ಹೆಂಗಂದ್ರ್‌ಹಂಗಾ ಗಾಡಿ ಓಡಸ್ತಾರ, ರೋಡಿನ್‌ ಮ್ಯಾಲ ಬ್ಯಾರೆ ಗಾಡಿ ಬರೇಬಾರ್ದು, ನಂ ಜೀವದ್‌ ಬಗ್ಗೆ ಒಂಚೂರೂ ಕಾಳ್ಜಿನೇ ಇಲ್ಲಲಾ.",Disgust
ಬ್ಯಾಂಕಿಂದ ಅಂತ ಹೇಳ್ಕೊಂಡು ‌ಒಂದ್ ಹಣಕಾಸಿನ್ ವ್ಯವಹಾರನ ವ್ಯಾಲಿಡೇಟ್ ಮಾಡಕ್ಕೆ ಒ.ಟಿ.ಪಿ. ಹೇಳಿ ಅಂತ ಫೋನ್ ಮಾಡಿದ್ದೋರ್ ಬಗ್ಗೆ ‌ನಂಗ್ಯಾಕೋ ತುಂಬಾ ಭಯ ಆಗ್ತಿದೆ.,Fear
ಸಿನ್ಮಾದಲ್ಲಿ ಒಂದ್ ಹುಡುಗ್ರು ಗುಂಪು ವಯಸ್ಸಾಗಿರೋ ಅಜ್ಜನ್‌ ಮೇಲೆ ಅಷ್ಟ್‌ ಬರ್ಬರ್‌ವಾಗ್ ಹಲ್ಲೆ ಮಾಡೋದ್‌ ನೋಡ್ತಿದ್ರೆ ನಂಗ್‌ ಅವ್ರ್‌ನೆಲ್ಲ ಚಚ್ಚಾಕ್ಬಿಡೋಷ್ಟ್‌ ಸಿಟ್ಟ್‌ ಬರ್ತಿತ್ತು.,Anger
ಈ ಅಂಗ್ಡಿ ಭರ್ತಿ ಬರೀ ಧೂಳೇ ತುಂಬಿದೆ.. ಮತ್ತೆ ಅದೆಷ್ಟ್‌ ಕೆಟ್ಟ್‌ ವಾಸ್ನೆ ಬರ್ತಿದ್ಯಪ್ಪಾ..ವುಫ್!,Disgust
ನಾನೊಂದ್ ಮುಖ್ಯವಾದ್ ದಾಖ್ಲೆ ಮೇಲ್‌ ಕೆಲ್ಸ ಮಾಡ್ತಿರುವಾಗ್ಲೇ ನನ್ ಲ್ಯಾಪ್ಟಾಪ್ ಶಟ್‌ ಡೌನಾಗೋ ಲಕ್ಷಣ ನೋಡಿ ಇಷ್ಟೊತ್ತೂ ಮಾಡಿದ್ದೆಲ್ಲ ಎಲ್ಲ್ ಅಳ್ಸ್‌ಹೋಗ್ಬಿಡತ್ತೋ ಅಂತ ಬೆವ್ರಿಳಿಯಕ್‌ ಶುರು ಆಗೋಯ್ತು ನಂಗೆ.,Fear
"ಅವ್ರ್‌ ಅಂಗ್ಡಿಲಿಟ್ಟಿರೋ ಆ ಕಸ್ಟಮ್‌ ಕೇಕ್‌ ನೋಡಕ್ಕೇ ಅಷ್ಟ್ ಭಯಂಕರ್ವಾಗಿದೆ, ಇನ್ನು ತಿನ್ನೋಕ್‌ ಹೇಗಿರತ್ತೋ!",Fear
ಆ ಹಾರರ್‌ ಸಿನ್ಮಾ ನೋಡಿ ನಿಜ್ಜ ನಂಗ್ ಮೈಯೆಲ್ಲ ಬೆವರೋಯ್ತು.. ಕತ್ಲೆ ಇರೋ ಕಡೆಲೆಲ್ಲ ದೆವ್ವಗಳೇ ಕಾಣೋಕ್‌ ಶುರು ಆಗಿವೆ ಈಗ.,Fear
"ಇದೇನ್ ಕ್ಲಾಸಾ ಅಥ್ವಾ ಮೀನ್ ಮಾರ್ಕೆಟ್ಟಾ? ನೀವೆಲ್ರೂ ಈಗ ಬೆಂಚಿನ್ ಮೇಲೆದ್ದ್‌ ನಿಂತ್ಕೊಳಿ, ಹೂಂ! ನಿಂತ್ಕೊಳಿ ಬೇಗ!",Anger
"ನಿಮ್ಮಿಂದಾಗಿ ನನ್‌ ಜೀವನ್ದಲ್ಲಿ ಎಷ್ಟೆಲ್ಲ ಖುಷಿ, ಸಂತೋಷ ಇದೆ. ನಿಮ್ಮನ್‌ ಪಡ್ಕೊಂಡಿರದು ನನ್‌ ಪುಣ್ಯ.",Happiness
ನಂಬಕ್ಕೇ ಆಗ್ತಿಲ್ಲ! ಆ ಹಣಕಾಸಿನ್ ದಾಖ್ಲೆಗಳ್ನ ಬೇಕಂತ್ಲೇ ಹಾಳ್ಮಾಡಿರೋ ಥರ ಇದೆ!,Anger
ನನ್ ಕಾರು ಕೊನೆಗೂ ಹಿಂದಿನ್‌ ಥರ ಆಗಿದೆ. ಮೆಕ್ಯಾನಿಕ್ ನನ್ ಎಂಜಿನಲ್ಲಿದ್ದಿದ್‌ ಆ ಕ್ಲಿಷ್ಟವಾದ್ ಸಮಸ್ಯೆನ ಪತ್ತೆಹಚ್ಚಿ ಎಲ್ಲನೂ ನೀಟಾಗ್ ಸರಿ ಮಾಡ್ಕೊಟ್ಟಿದಾನೆ.,Happiness
ಆತ ನೆನ್ನೆ ಅಷ್ಟೊಂದ್‌ ದುಡ್ಡ್‌ ಕೊಟ್ಟು ಆ ವಸ್ತುನ್‌ ತಗೊಂಡೇನೋ ಹೋದ್ರು ಆದ್ರೆ ಎಲ್ಲ್‌ ಅದನ್‌ ವಾಪಸ್‌ ಮಾಡ್ಬಿಡ್ತಾರೋ ಅಂತ ಆತಂಕ ಆಗ್ತಿದೆ ನಂಗೆ.,Fear
ಕ್ಯಾಬಿನೆಟ್ಗಳಿಗೆ ಪಾರ್ಟಿಕಲ್ ಬೋರ್ಡ್‌ ಬಳ್ಸೋದು ನಂಗ್ಯಾವತ್ತೂ ಇಷ್ಟ ಆಗಲ್ಲ. ಅದು ತೀರಾ ಕೆಟ್ದಾಗ್ ಕಾಣತ್ತೆ ಮತ್ತೆ ನನ್‌ ಮನ್ಸಲ್ಲಿರೋ ನಾಜೂಕಾದ್‌ ಒಳ್ಳೆ ಲುಕ್‌ನ ಪೂರ್ತಿ ಹಾಳ್‌ ಮಾಡ್ಬಿಡತ್ತೆ.,Disgust
"ನಿಮ್ ಹಣಕಾಸಿನ್ ಪರಿಸ್ಥಿತಿ ತೀರಾ ಹದಗೆಟ್ಟೋಗಿದೆ! ಅದನ್ನೊಂದ್‌ ಹಂತಕ್‌ ತರಕ್ಕೆ ಅದೇನ್‌ ಮಾಡ್ತೀರೋ ಮಾಡಿ ಬೇಗ, ಇಲ್ಲಾಂದ್ರೆ ನೀವು ದೊಡ್ಡ್ ತೊಂದ್ರೆಗ್ ಸಿಕ್ಕಾಕೊತೀರ.. ಹುಷಾರ್!",Anger
ಯಾವ್ದೇ ಆಧಾರಿಲ್ದೇ ದೆವ್ವದ್‌ ಬಗ್ಗೆ ತಲಿಗೊಂದ್‌ ಕಥಿ ಕಟ್ಟ್ ಹೇಳ್ತಾರಲಾ ಅಂಥ ಮಂದಿನ್ ನೋಡಿದ್ರ ನಂಗ್ ಮೈಲೆಲ್ಲ ಹುಳ ಹರ್ದಂಗ್‌ ಆಗ್ತದ.,Disgust
ಅಗತ್ಯನೇ ಇಲ್ದಿರೋ ಬ್ಯಾಂಕ್ ಫೀಸ್ಗೋಸ್ಕರ ವ್ಯರ್ಥ ಆಗ್ತಿರೋ ಹಣದ್‌ ಪ್ರಮಾಣ ನೋಡಿ ನಂಗ್ ಆಘಾತ ಆಯ್ತು.,Surprise
ವಿಯೆಟ್ನಾಂನ ಜನ್ರ ಹತ್ರ ಮಾತಾಡ್ವಾಗ ಭಾಷೆದೇನಾದ್ರೂ ತೊಡಕಾಗತ್ತಾ?,Fear
ಛೇ ನಾವ್‌ ಬೆಂಗ್ಳೂರಿಗ್‌ ಕಾರ್‌ನ್ಯಾಗ ಯಾಕ್‌ ಹೋಗ್ಲಿಕತ್ತೀವಿ. ಇಂಥಾಪರಿ ಅಡ್ಡಾತಿಡ್ಡಾ ರಸ್ತೆ ಅನನ್ಕೂಲ ಮ್ಯಾಲ್‌ ಟ್ರಾಫಿಕ್‌ನ್ಯಾಗಿ ಗಾಡಿ ನಡಸದಂದ್ರ ತಲಿಕೆಟ್‌ ಮೊಸ್ರಿನ್ ಗಡಗ್ಯಾಗ್ತದ.,Anger
"ನನ್ ಹಣಕಾಸನ್ನೆಲ್ಲ ಸರ್ಯಾಗ್ ನಿಭಾಯ್ಸಕ್‌ ಆಗ್ಬಿಟ್ರೆ ನಂಗದ್ಕಿಂತ ನೆಮ್ದಿ ಇನ್ನೊಂದಿಲ್ಲ, ಅದ್ರಿಂದ ಮುಂದೆ ಹೇಗ್‌ ಇನ್ವೆಸ್ಟ್‌ ಮಾಡೋದು ಅಂತ ಯೋಜ್ನೆ ಹಾಕೊಳಕ್ಕೂ ಸಾಧ್ಯ ಆಗತ್ತೆ.",Happiness
ಸ್ಮಿತ್ಸೋನಿಯನ್ ವಸ್ತುಸಂಗ್ರಹಾಲಯಗಳಲ್ಲಿ ಇಷ್ಟ್‌ ಚೆನ್ನಾಗ್ ಸಂರಕ್ಷಣೆ ಮಾಡಿಟ್ಟಿರೋ ಐತಿಹಾಸಿಕ ಕಲಾಕೃತಿಗಳ್ ಸಿಗತ್ವೆ ಅಂತ  ನಾನ್ ನಿರೀಕ್ಷೆ ಮಾಡಿರ್ಲಿಲ್ಲ.,Surprise
ರೆಸ್ಟೋರೆಂಟಲ್ ಕೂತಿರೋರ್ಗೆ ಅಂತ ಊಟ ತಗೊಂಡ್ಹೋಗೋ ಮೊದ್ಲು ಆ ಅಡುಗೆ ಭಟ್ಟ ಅದ್ರ್ ಮೇಲೆ ಸೀನಿದ್‌ ನೋಡಿ ನಂಗೆ ಹೊಟ್ಟೆ ತೊಳಸ್ಬಿಡ್ತು.,Disgust
"ವಾಹ್, ನಂಗ್  ಈ ಬಾಡಿಗೆ ಮನೆನ್  ಹುಡ್ಕಕ್  ಬ್ರೋಕರೇಜ್ ಸೇವೆಗಳ್  ಬೆಲೆ ರಚನೆ ಇದೆ ಅಂತ್  ಗೊತ್ತಾಗ್ ನಂಗ್  ನಿಜ್ವಾಗ್ಲೂ  ಆಶ್ಚರ್ಯ ಆಯ್ತು.",Surprise
"ನಮ್ಮನೆಲ್ ಬಾಡ್ಗೆಗಿದ್ದೋರು ಅಕ್ಪಕ್ಕದವ್ರಿಗೆ ತುಂಬಾ ತೊಂದ್ರೆ ಕೊಡ್ತಿದ್ರು, ಇವತ್ತ್ ಅವ್ರನ್ನ  ಹೊರ್ಗ್ ಹಾಕಿದ್ಮೇಲೆ ನಂಗೆಷ್ಟೋ ಸಮಾಧಾನ ಆಯ್ತು.",Happiness
ಆ ಕೋಚ್‌ಗೆ ಶಿಸ್ತು ಮತ್ತೆ ತಂಡದ್ ಮೇಲೆ ನಿಯಂತ್ರಣ ಎರ್ಡೂ ಇಲ್ದಿರೋದು ಹೀನಾಯ ಅನ್ಸತ್ತೆ.,Disgust
ನಾನ್ ಈ ಸಮಸ್ಯೆನೆಲ್ಲ ಹೇಳ್ಕೊಂಡ್ರೆ ಎಲ್ಲಿ ನಿಮ್ಮನ್ನ ಕಳ್ಕೊಂಬಿಡ್ತೀನೋ ಅನ್ಸತ್ತೆ.,Fear
ಆ ಲಕ್ಷಾಧಿಪತಿ‌ ಹೆಂಡ್ತಿ ಟೈಟಾನ್ ಸಬ್‌ಮರ್ಸಿಬಲ್‌ ದುರಂತ್ದಲ್ಲಿ ಸತ್ಹೋದ್‌ ತನ್ ಮಗಂಗೋಸ್ಕರ ಗೋಳಾಡೋದ್‌ ನೋಡ್ತಿದ್ರೆ ಕರುಳು ಚುರುಕ್‌ ಅನ್ನತ್ತೆ.,Sadness
ನಾನೆಲ್ಲೆಲ್ಲಿಗೋ ಹೋಗ್ಬೇಕು ಅಂತ ಯೋಜ್ನೆ ಹಾಕೊಂಡಾಗ್ಲೇ ಈ ಕಾರ್‌ ಕೈಕೊಡೋದು ಆಸೆಗೆಲ್ಲ ತಣ್ಣೀರ್‌ ಎರೆಚ್ದಂಗಾಗೋಗತ್ತೆ.,Sadness
ಎಷ್ಟ್‌ ಲಗೂನೇ ಆರಾಮಾಗ್ ಸಾಮಾನ್‌ ವಾಪಾಸ್‌ ತೊಗೊಂಡ್ರು; ಈ ಕೊರಿಯರ್‌ದವ್ರಿಗಿ ಎಷ್ಟ್‌ ಹೊಗಳಿದ್ರೂ ಕಡಿಮಿ.,Happiness
ಈವೆಂಟ್ ಮ್ಯಾನೇಜರ್ನ ಶಿಸ್ತುಬದ್ಧ ಸೇವೆಗಳ್  ನನ್ ಮನಸ್ಸಿನ್ ಬಾರನ್ ಕಡ್ಮೆ ಮಾಡಿವೆ - ಅಡುಗೆ ಮತ್ ಮನರಂಜನೆಯಿಂದ್  ಹಿಡ್ದು ಆಸನ ವ್ಯವಸ್ಥೆ ವರ್ಗೆ ಎಲ್ಲವನ್ನೂ ಚೆನ್ನಾಗ್  ನಡ್ಸ್ ಕೊಂಡ್ ಹೋಗ್ತಾರೆ ಅಂತ  ತುಂಬಾ ಖುಷಿ ಆಗ್ತಿದೆ.,Happiness
ಥೂ ಈ ಕಸದ್‌ ಬಕೆಟ್‌ನ್ಯಾಗ್‌ ಇರೋ ಊಟದ್‌ ಪದಾರ್ಥ ಹಳ್ಸಿ ಹೊಲಸ್‌ ವಾಸ್ನಿ ಬರ್ಲಿಕತ್ತದ.,Disgust
ದುಬೈ ನಗರದ್ ದಿಗಂತನ ಮರುಭೂಮಿಯಿಂದ  ನೋಡ್ದಾಗ ಆ ದೃಶ್ಯ ಸೊಗಸಾಗಿರತ್ತೆ.,Happiness
ದಯ್ಮಾಡಿ ರೋಗಿಗಳ್‌ ಸಲ್ವಾಗಿ ಏನೇನ್‌ ವ್ಯವಸ್ಥಾ ಮಾಡಿರಿ ವಮ್ಮಿ ಹೇಳ್ಬಿಡ್ರಿ. ನಂಗ ಆರಾಮಿರ್ಲಿಕ್‌ ಯಲ್ಲಾ ಸವಲತ್‌ ಈ ದವಾಖಾನ್ಯಾಗ ಸಿಗ್ತದಂತ ನಂಗ ಖಾತ್ರಿ ಮಾಡ್ಕೊಳದದ.,Fear
"ಏನು?! ಸಿ.ಇ.ಒ. ಅಷ್ಟೊಂದ್ ಹಣ ತಗೊಂಡ್ ಪರಾರಿ ಆಗಿದಾರಂತ?! ಈ ವಿಷ್ಯ ನಾನ್ ಪತ್ರಿಕೆಲೆಲ್ಲೂ ಓದ್ಲಿಲ್ವಲ, ಎಲ್ಲ್ ಬಂದಿದೆ ಅದ್ರ್‌ ಬಗ್ಗೆ?!",Surprise
ಎಲೆಕ್ಟ್ರಾನಿಕ್ಸ್ ಅಂಗಡಿಯವ್ನು ನಂಗ್  ಕೊಟ್ ಟಿವಿ ಕೆಲ್ಸ ಮಾಡೊದನ್ ನಿಲ್ಸಿತು ಅದು ಅಲ್ದೆ ಅದ್ರ ವಾರಂಟಿ ಪ್ರಾಸೆಸ್ ಬೇರೆ ಸರಿ ಇರ್ಲಿಲ್ಲ  ನಂಗ್ ಸಿಟ್ ಬಂದ್ ಹೋಯ್ತು.,Anger
"ಆ ಡ್ರೈವರ್ ಆರ್ ತಿಂಗ್ಳಿಂದ ತಲೆಗ್‌ ಸ್ನಾನ ಮಾಡಿಲ್ಲ, ಅವ್ನ್ ತಲೆ ಮೇಲೆಲ್ಲ ನೊಣಗಳು ಹಾರಾಡ್ತಾ ಇದ್ವು.",Disgust
ಪಾಪ.. ನಿಮ್ ತಂಗಿ ನಿಶ್ಚಿತಾರ್ಥಕ್ಕೇ ನಿಮ್ಗ್ ಹೋಗಕ್ಕಾಗ್ಲಿಲ್ವಲ ಅಂತ ನಂಗ್ ತುಂಬಾ ಬೇಜಾರಾಯ್ತು.,Sadness
ಪರ್ವತದಲ್ಲಿನ್ ಭಯಾನಕ ಹವಾಮಾನ ಮತ್ ಕೆಟ್ ರಸ್ತೆ ಪರಿಸ್ಥಿತಿ ಹೊರ್ತಾಗಿಯೂ ಬಸ್ ಪ್ರಯಾಣ ಎಷ್ಟ್ ಚೆನ್ನಾಗ್ ಆಯ್ತು ಅಂತ ನಂಗ್ ಆಶ್ಚರ್ಯ ಆಯ್ತು!,Surprise
"ನಾ ನನ್‌ ನ್ಯೂಸ್‌ ಪೇಪರ್ನೂ ಸೇರಿಸ್ಕೊಂಡು ಯಲ್ಲಾದಕ್ಕೂ ತಿಂಗ್ಳಾತಿಂಗ್ಳಾ ಬಜೆಟ್‌ ಹಾಕ್ಬೇಕಂತ ಮಾಡಿದ್ದೆ, ಆದ್ರ ಪರಿಸ್ಥಿತಿ ನೋಡಿದ್ರ ಇನ್ನಾನೂ ದಿನಕ್ದಿನಾ ರೊಕ್ಕ ಕೊಟ್ಟೇ ನಡಸ್ಬೇಕಾಗ್ತದ ಅನ್ನೋ ಹಂಗದ.",Sadness
ಈ ಅಂಗ್ಡಿಲಿ ದಾಸ್ತಾನು ನಿರ್ವಹಣೆ ಒಂಚೂರೂ ಸರಿ ಇಲ್ಲ. ಯಾವ್ದೂ ಇರ್ಬೇಕಾದ್ ಜಾಗ್ದಲ್ ಇರೋದೇ ಇಲ್ಲ.,Disgust
ಮಾಡ್ಯುಲರ್ ಕಿಚನ್ನ ಇನ್ಸ್ಟಾಲೇಷನ್  ಪ್ರಕ್ರಿಯೆಯ ಬಗ್ಗೆ ನಂಗ್  ಸ್ವಲ್ಪ ಆತಂಕ ಆಗ್ತಿದೆ.  ಮಾಡ್ಯುಲರ್ ಯೂನಿಟ್ಸ್  ಜೋಡ್ಸೋ ಸಮ್ಯದಲ್ ನನ್  ಕಿಚನ್ನ ಗೋಡೆಗಳ್ಗೆ  ಅಥ್ವಾ ನೆಲಕ್ಕೆ  ಏನೂ ಆಗಲ್ಲ ಅಂತ್  ನಾನ್ ಅನ್ಕೊಂಡಿದ್ದೀನಿ.,Fear
ನತದೃಷ್ಟ ಜನ್ರಿಗೆ ಸಹಾಯ ಮಾಡಕ್ಕೇಂತ ಹಮ್ಮ್‌ಕೊಂಡಿದ್ ಸಮುದಾಯ ಕಾರ್ಯಕ್ರಮ್ದಲ್ಲಿ ನ‌ಮ್ ಅಂಗ್ಡಿ ಕೆಲ್ಸ್‌ಗಾರ್ರು ಭಾಗ್ವಹಿಸಿ ಒಳ್ಳೆ ಪ್ರತಿಕ್ರಿಯೆ ಗಳ್ಸಿದಾರೆ.,Happiness
"ಪ್ರಾಜೆಕ್ಟ್‌ ಮೇಲ್‌ ಪರಿಣಾಮ ಬೀರ್ತಿರೋ ಸಾಕಷ್ಟ್‌ ಅಂಶಗಳು ನಮ್‌ ನಿಯಂತ್ರಣದಲ್ಲಿಲ್ಲ, ಈ ಅಸಹಾಯಕತೆಗೆ ನಂಗ್‌ ರೇಗ್ಹೋಗ್ಬಿಡತ್ತೆ.",Anger
ನಿಮ್ ನೃತ್ಯ ಶಾಲೆಲಿ ನನ್ ಮಗುವಿನ್ ಕಲಿಕೆಗ್‌ ಸಂಬಂಧಪಟ್ಟ್‌ಹಾಗೆ ಅಷ್ಟೆಲ್ಲ ಖರ್ಚ್ ಮಾಡಕ್ ನನ್ಕೈಲಾಗಲ್ಲ ಅಂದ್ರೆ ನಿಮ್ಗ್‌ಯಾಕ್ ಅರ್ಥನೇ ಆಗ್ತಿಲ್ಲ! ಶಾಲೆಯೋರು ನೃತ್ಯ ಕಲೆ ಅಂದ್ರೆ ದುಡ್ಡ್‌ ಮಾಡಕ್ಕಿರೋ ಒಂದ್‌ ದಾರಿ ಅನ್ಕೊಂಡ್ಬಿಟಿದೀರ ಅನ್ಸತ್ತೆ.,Disgust
ನೀವು ಬ್ಲೇಡ್ ಬದ್ಲಾಯ್ಸೋದ್ ಯಾಕ್ ಮರೆತ್ರಿ? ನೋಡಿ ಈಗ ನನ್ ಮುಖದಲ್ಲೆಲ್ಲ ದದ್ದುಗಳಾಗಿವೆ!,Anger
ಈಗೀಗ ಲಗ್ನದ್‌ ಖರ್ಚ್‌ ಎರ್ಡೂ ಕಡಿಯವ್ರು ಸಮಾಸಮಾ ನೋಡ್ಕೊಳಿಕತ್ತಾರ ಇದ್‌ ಖರೇನೆ ಭಾಳ ಛಲೋ ಪದ್ಧತಿ.,Happiness
ರಾಷ್ಟ್ರಗೀತೆ ಹಾಡ್ಲಿಲ್ಲ ಅಂತ ಯು.ಎಸ್. ರಾಜಕಾರ್ಣಿ ಒಬ್ರು ಅಮೆರಿಕದ್ ಮಹಿಳಾ ಫುಟ್ಬಾಲ್ ತಂಡನ ಸರ್ಯಾಗ್ ತರಾಟೆಗ್ ತಗೊಂಡ್ರು.,Anger
"ಅಂಗ್ಡಿಯೋರು ಆರಾಮಾಗ್ ಚೆಕ್ಔಟ್ ಆಗೋ ಥರ ವ್ಯವಸ್ಥೆ ಮಾಡಿರೋದು ಚೆನಾಗಿದೆ, ಅದ್ರಿಂದಾಗಿ ನಾನ್ ಬೇಗ ಹೊರ್ಟ್‌ಹೋಗಕ್ಕೆ ಸಾಧ್ಯ ಆಯ್ತು.",Happiness
ನನ್‌ ಮೊಬೈಲಲ್ಲಿ ಹಾಕೊಳಕ್ಕಾಗ್ದಿರೋ ಆ ಆಪ್‌ ಬಗ್ಗೆ ನೀನ್ ಆಗ್ಲಿಂದ ಹೊಗಳ್ತಾನೇ ಇರೋದು ನಂಗೆ ನನ್ ಗಾಯದ್‌ ಮೇಲ್‌ ಉಪ್ಪ್‌ ಸುರ್ದಂಗ್‌ ಆಗ್ತಿದೆ.,Anger
"ಧರ್ಮಗುರುಗಳು ವೈಜ್ಞಾನಿಕ ಸಂಶೋಧನೆ ಮತ್ತೆ  ಪರಿಣತಿನ ಕಡೆಗಣಿಸ್ತಿರೋ ರೀತಿ ನಿಜಕ್ಕೂ ಹೀನಾಯ್ವಾದ್ದು, ನಂಗಂತೂ ಭಾರೀ ಕಿರಿಕಿರಿ ಆಗತ್ತೆ ಇದೆಲ್ಲ ನೋಡ್ತಿದ್ರೆ.",Anger
"ನಮ್‌ ಟೀಮ್ನ್ಯಾಗ್ ಒಬ್ರು ಜಬರ್ದಸ್ತ್ ಕೆಲ್ಸಾ ಮಾಡ್ತಿದ್ರು, ಅವ್ರೇ ರಾಜೀನಾಮೆ ಕೊಟ್ಬಿಟ್ರು, ಹಿಂಗಾಗಿ ಒಂಥರಾ ಅಲ್ಲಿ ಭಣಭಣ ಆಗ್ಯಾದ ಮತ್‌ ಟೀಮೂ ಕಂಪನಿ ಮ್ಯಾಲಿನ್ ವಿಶ್ವಾಸೇ ಕಳಕೊಂಡದ.",Sadness
ಬ್ರಹ್ಮಾಂಡದ್ ಬಗ್ಗೆ ಪ್ರಾಯೋಗಿಕ್ವಾಗಿ ಸಾಬೀತ್‌ಪಡ್ಸ್‌ಬಹುದಾದ ಯಾವ್ದೇ ವೈಜ್ಞಾನಿಕ ಸಿದ್ಧಾಂತದ್‌ ಬಗ್ಗೆ ತಿಳ್ಕೊಂಡಾಗ್ಲೂ ನಂಗ್‌ ಭಾಳ ಆನಂದ ಆಗತ್ತೆ.,Happiness
ದುಬಾರಿ ಅಂಗ್ಡಿಲ್ ಷಾಪಿಂಗ್ ಮಾಡಕ್ ಹೋದಾಗ ನಂಗೊಂಥರ ಕೀಳರಿಮೆ ಆಗಿ ತಬ್ಬಿಬ್ಬಾಗ್ಬಿಡತ್ತೆ.,Fear
"ಬಸ್ಸಲ್ ಬಂದಿದ್ದು ತುಂಬಾ ಆರಾಮಾಗಿತ್ತು, ಎರಡು ಗಂಟೆಲಿ ತಲುಪ್‌ಬಿಟ್ಟೆ ನಾನು.",Happiness
ಇವತ್ತೇನ್ ಮಾಡ್ಬೇಕೂಂತ ನೀವ್ಬಂದು ನನ್ಹತ್ರ ಕೇಳ್ತಿದ್ದೀರಿ ಅಂದ್ರೆ ನಾಚ್ಕೆ ಆಗ್ಬೇಕು ನಿಮ್ಗೆ!,Disgust
"ನನ್ ಗೆಳ್ಯಾ ನನ್ ಕಾರ್‌ ಸರ್ವೀಸ್‌ ಮಾಡೋಕಂತ ಒಬ್ಬ ಒಳ್ಳೆ ಮೆಕಾನಿಕ್‌ನ ಹುಡುಕ್ಕೊಟ್ಟಿದ್ದ, ಅವ್ನು ತುಂಬಾ ಚೆನಾಗ್‌ ಕೆಲ್ಸ ಮಾಡ್ಕೊಟ್ಟಿದಾನೆ.",Happiness
"ಆ ಸಿನ್ಮಾ ಹಾಡನ್ನ ನೀವಿಷ್ಟ್‌ ಸೊಗ್ಸಾಗ್ ಹಾಡಿದ್‌ ಕೇಳಿ ನಂಗ್‌ ನಿಂತಲ್‌ ನಿಲ್ಲಕ್ಕಾಗ್ತಿಲ್ಲ, ನಿಜಕ್ಕೂ ಅದೆಷ್ಟ್ ಅದ್ಭುತ್ವಾಗ್‌ ಹಾಡಿದ್ರಿ, ಭಲೇ!",Surprise
ನನ್ ಹೊಸ ಮನೆಗೆ ಹೈ ಕ್ಲಾಸಾಗಿರೋ ವೈರಿಂಗ್‌ ಮಾಡಿಸ್ಬೇಕು ಅನ್ಕೊಂಡ್ರೆ ನಮ್ಮೂರಲ್ಲಿರೋ ಯಾವ್ ಅಂಗ್ಡಿಲೂ ಒಳ್ಳೆ ಆಯ್ಕೆಗಳೇ ಇಲ್ಲ.,Sadness
ನಮ್ ಶಾಖೆಲಿ ನಿಮ್ಗೆ ಕೆಟ್ಟ್ ಅನುಭವ ಆಗಿದ್ದಕ್ಕೆ ನಾನ್ ಕ್ಷಮೆ ಕೇಳ್ತೀನಿ. ಹೀಗಾಗಿದ್ದು ನಿಜಕ್ಕೂ ಆಶ್ಚರ್ಯ! ಯಾವತ್ತೂ ಈ ಥರ ಆಗಿರ್ಲಿಲ್ಲ. ಗ್ರಾಹಕ್ರಿಗೆ ಒಳ್ಳೆ ಸೇವೆ ಕೊಡ್ಬೇಕಂತ್ಲೇ ಎಷ್ಟೆಲ್ಲ ಶ್ರಮವಹಿಸ್ತೀವಿ ನಾವು!,Surprise
"ಪ್ರವಾಹಕ್‌ ಸಿಕ್ಕಿ ಹತ್ತಿ ಬೆಳೆಯೆಲ್ಲ ನಾಶ ಆಗೋಗಿದೆ, ಇದ್ರಿಂದಾಗಿ ನಮ್ ಜವಳಿ ಉದ್ಯಮಕ್ಕೆ ಕಚ್ಚಾ ವಸ್ತು ಸಮಯಕ್ ಸರ್ಯಾಗಿ ಪೂರೈಕೆ ಆಗತ್ತೋ ಇಲ್ವೋ ಅಂತ ನಂಗ್‌ ಆತಂಕ ಕಾಡ್ತಿದೆ.",Fear
"ನಂಗೆ ಟೆನಿಸ್ ಎಲ್ಬೋ ಆಗಿದೆ, ತೋಳಿಗೆ ಜಾಸ್ತಿ ಒತ್ತಡ ಹಾಕ್ಬಾರ್ದು ಅಂತ ಡಾಕ್ಟ್ರು ಹೇಳಿದಾರೆ.",Sadness
ನಾನ್ ಹೋಗ್ಬೇಕಾಗಿರೋ ಜಾಗಕ್ಕೆ ಆಗ್ಲಿಂದ ಒಂದೇ ಸಮ್ನೇ ತಪ್ತಪ್ಪಾಗೇ ದಾರಿ ತೋರಿಸ್ತಿದೀಯಲ ನೀನು! ನಿಂಗೇನಾದ್ರೂ  ಹುಚ್ಚ್-ಗಿಚ್ಚ್‌ ಹಿಡೀತಾ ಏನ್ಕಥೆ?,Anger
"ನಾವು ಟ್ಯಾಕ್ಸಿ ಜೀಪ್‌ ಭರ್ತಿ ಜನ ತುಂಬ್‌ ಹೋದಾಗ ಡ್ರೈವರ್‌ಗೋಸ್ಕರ ಹುಡುಕ್ತಿದ್ವಿ, ಆಮೇಲ್ನೋಡುದ್ರೆ ಒಳಗ್ಬರಕ್ ಜಾಗ ಇಲ್ದೇ ಜೀಪಿಂದಾಚೆ ನೇತಾಡ್ತಾ ಇದ್ದೋರೇ ಡ್ರೈವರ್‌ ಅಂತ ಗೊತ್ತಾಗಿ ನಕ್ಕೂ ನಕ್ಕೂ ಹೊಟ್ಟೆ ಹುಣ್ಣಾಯ್ತು ನಂಗಂತೂ.",Happiness
"ವಾಹ್! ಈ ಬಾಡ್ಗೆಮನೆಲಿರೋ ಸ್ಮಾರ್ಟ್ ಹೋಮ್‌ ಫೀಚರ್‌ಗಳು ನಾನ್‌ ಅನ್ಕೊಂಡಿದ್ಕಿಂತ ಒಂದ್‌ ಕೈ ಮೀರೇ ಇವೆ. ನಾನ್‌ ಬರೀ ಚಪ್ಪಾಳೆ ಹೊಡ್ದ್ರೆ ಸಾಕು, ಝಗ್ಗ್‌ ಅಂತ ಲೈಟ್‌ಗಳ್‌ ಹತ್ಕೊಳದ್‌ ನೋಡಕ್ಕೊಳ್ಳೆ ಮಾಯಾಬಜಾ಼ರ್‌ ಥರ ಅನ್ಸತ್ತೆ!",Surprise
ಅಭ್ಯಾಸ ತರ್ಗತಿ ಸಮ್ಯದಲ್ ನನ್ ಮಗುವಿನ್  ವಿಚಿತ್ರ  ವರ್ತನೆ ನೋಡ್ದಾಗ  ನಂಗ್  ನಿರಾಸೆ ಆಯ್ತು.,Sadness
"ಈ ಹಳೇ ಕುರ್ಚಿಗಳ್‌ ಬೆಲೆ ಗೊತ್ತಿಲ್ದೆರೋ, ಅವ್ಗಳು ಎಷ್ಟ್‌ ಅಪರೂಪ್ದವು ಅಂತ ಅಂದಾಜಿಲ್ದಿರೋ ಗಿರಾಕಿಗಳ್‌ ಸಿಕ್ಕಾಗ ತುಂಬಾ ಕಿರಿಕಿರಿ ಆಗ್ಬಿಡತ್ತೆ ನಂಗೆ.",Anger
"ಈ ದವಾಖಾನಿಯವ್ರ್‌ ಇನ್ನೊಂದ್ ಬೆಡ್ಡಿಗಿ ಬ್ಯಾರೆ ಚಾರ್ಜ್‌ ಅಂತ ಹೆಚ್‌ ರೊಕ್ಕಾ ತೊಗೊಳಿಕತ್ತಾರ ಅಲ್ಲಾ ಅದ ಮೊದ್ಲೇ ಹೇಳಬೇಕಲಾ ಅವ್ರ್‌, ನಂಗೀಗ್‌ ರೇಗ್ಲಿಕತ್ತದ.",Anger
ನಂಗೇನೋ ಆ ದೊಡ್‌ ವಜ್ರದ್‌ ಮ್ಯಾಲ್‌ ಆಸಿ ಖರೇ ಆದ್ರ ಕಿಸದಾಗ್‌ ಅಷ್ಟ್‌ ರೊಕ್ಕಿಲ್ಲಾ.,Sadness
ಒಂದ್ ಕಂಪ್ನಿ ಸಿ.ಇ.ಒ. ಅವ್ರ್ ಕೈಕೆಳಗ್‌ ಕೆಲ್ಸ ಮಾಡ್ತಿರೋರ್ಗೆ ಜಾಸ್ತಿ ಹಣ ಸಿಗೋ ಹಾಗಾಗ್ಲಿ ಅಂತ ತಮ್‌ ಸಂಬ್ಳನೇ ಕಡ್ಮೆ ಮಾಡ್ಕೊಂಡಿದ್ದ್ ಕೇಳಿ‌ ನಂಗ್‌ ಇಷ್ಟ್‌ ಒಳ್ಳೆ ಜನನೂ ಇರ್ತಾರಾ ಅಂತ ಬೆರಗಾಯ್ತು.,Surprise
ನನ್‌ ಕುಟುಂಬ್ದೋರು ನನ್ನಿಂದ ಎಷ್ಟೊಂದೆಲ್ಲ ನಿರೀಕ್ಷೆ ಮಾಡ್ತಾರಂದ್ರೆ ಅದ್ರ್‌ ಬಗ್ಗೆ ಯೋಚಿಸ್ದಾಗೆಲ್ಲ ಮನ್ಸ್ ಭಾರ ಆಗಿ ಉಸ್ರು ಕಟ್ಟತ್ತೆ ನಂಗೆ.,Sadness
ಕಂಪನಿ ಕಾರ್ಯಕ್ರಮ್ದಲ್ಲಿ ನಾನ್ ವೇದಿಕೆ ಮೇಲ್ ನಿರೂಪಣೆ ಮಾಡ್ಬೇಕು ಅಂತಾಗಿರೋದು ನಂಗೀಗ್ಲೇ ಕಾಲೆಲ್ಲ ನಡಗ್ತಾ ಇದೆ.,Fear
ವಿಕ್ರಮ್! ಇವತ್ ನೀವು ವೇದಿಕೆಲಿ ತುಂಬಾ ಆತ್ಮವಿಶ್ವಾಸ್ದಿಂದ ಮಾತಾಡಿದ್ರಿ!,Surprise
ಇವತ್‌ ಕೊಟ್ಟಿರೋ‌ ರಾಶಿ ಹೋಮ್‌ವರ್ಕ್‌ ನೋಡ್ತಿದ್ರೆ ನಂಗಂತೂ ಅದ್ನ ಮುಗ್ಸಕ್ಕಾಗತ್ತೋ ಇಲ್ವೋ ಅಂತ ತಲೆಬಿಸಿ ಆಗ್ತಿದೆ.,Fear
ತೆರಿಗೆ ಫೈಲಿಂಗ್‌ ಇಷ್ಟೊಂದ್ ಗೊಂದಲಮಯವಾಗಿರತ್ತೆ ಅಂತ ನಾವ್ ಅನ್ಕೊಂಡಿರ್ಲಿಲ್ಲ!,Disgust
ಕೇಂದ್ರೀಯ ಬ್ಯಾಂಕಿನ್ ಬಡ್ಡಿದರ ನಿರ್ಧಾರ ಆಗ್ಬೇಕಿದ್ದಿದ್ದು ಇನ್ನೂ ಇತ್ಯರ್ಥ ಆಗ್ದೇ ಇರೋದು ನಂಗ್ ಸ್ವಲ್ಪ ಆತಂಕ ಆಗ್ತಿದೆ.,Fear
"ಹೇ ಪ್ರಣವ್, ಈ ಕ್ಲಬ್ಬಲ್ಲಿ ಸ್ಟ್ಯಾಗ್ ಎಂಟ್ರಿಗೆ ಅವ್ಕಾಶ ಇದೇಂತ ನಿಂಗೊತ್ತಾ? ಅಂದ್ರೆ ಇದ್ರೊಳಗ್‌ ಹೋಗಕ್ಕೆ ನಾವು ನಮ್‌ ಪಾರ್ಟ್ನರ್ಸ್‌ನ ಕರ್ಕೊಂಡ್ಬರ್ಬೇಕಿಲ್ಲ, ನಾವ್‌ ಒಬ್ಬೊಬ್ರೇ ಹೋಗ್ಬಹುದು!",Surprise
"ಸೆಕೆಂಡ್ ಹ್ಯಾಂಡ್ ಬೈಕ್ ತಗೊಂಡಿದ್ದು ಒಳ್ಳೇದಾಯ್ತು ಅನ್ಕೊಂಡಿದ್ದೆ, ಆದ್ರೆ ಅದ್ರ್ ಮೇಂಟೆನನ್ಸ್‌ಗೆ ಬೈಕಿಗ್ ಕೊಟ್ಟಿದ್ದಕ್ಕಿಂತ ಎರಡ್ರಷ್ಟ್ ಜಾಸ್ತಿ ದುಡ್ ಕೊಟ್ಟಿದ್ದಾಯ್ತು.",Sadness
"ಸ್ಯಾನ್‌ ಫ್ರಾನ್ಸಿಸ್ಕೋದಲ್ಲಿ ಒಂದ್ ಅಂಗ್ಡಿಲಿ ‌ಕಸ್ಟಮರ್ಸ್‌ ಥರ ಬಂದು ಮೆಲ್ಲಗ್‌ ಯಾರ್ಗೂ ಗೊತ್ತಾಗ್ದ್‌ಹಾಗೆ ಕಳ್ತನ ಮಾಡ್ತಿದ್ದೋರ್ನ ಅಂಗ್ಡಿಯೋನು ನೋಡುದ್ರೂ ಏನೂ ಹೇಳ್ಲಿಲ್ಲ, ಅವ್ರನ್ನ ತಡ್ಯೋಕ್‌ ಹೋದ್ರೆ ಎಲ್ಲಿ ಹೊಡ್ದಾಟ, ರಂಪ ಆಗತ್ತೋ ಅಂತ ಭಯ ಆಗಿತ್ತು.",Fear
ಭಾರತದ್ ಪರಿಸ್ಥಿತಿಲಿ ಇಷ್ಟೆಲ್ಲ ಬದ್ಲಾವಣೆ‌ ಆಗ್ತಿರೋದ್‌ ನೋಡ್ತಿದ್ರೆ ನಂಗೆ ನಮ್‌ ದೇಶ್ದಲ್ಲಿ ಇನ್ಮುಂದೆ ಎಲ್ಲ ಒಳ್ಳೇದೇ ಆಗತ್ತೆ ಅನ್ನೋ ನಂಬ್ಕೆ ಹುಟ್ತಿದೆ.,Happiness
ಸಾಕುಪ್ರಾಣಿಗಳ್ನ ಸಾಕಿರೋರಲ್ಲಿ ನಿಮ್ಥರ ಭಾವಪೂರ್ಣರಾಗಿರೋ ಮತ್ತೆ ಬದ್ಧತೆಯಿರೋರ್‌ ಜೊತೆ ಕೆಲ್ಸ ಮಾಡೋಕೆ ಯಾವತ್ತೂ ಸಾರ್ಥಕ ಅನ್ಸತ್ತೆ.,Happiness
ನಾನ್‌ ನನ್‌ ಫೋನ್‌ನ ಬೀಳ್ಸಿದ್ಮೇಲೆ ಅದ್ರ್‌ ಸ್ಕ್ರೀನ್‌ ಎಷ್ಟ್ರಮಟ್ಟಿಗ್‌ ಒಡ್ದ್‌ಹೋಗಿದೆ ಅಂದ್ರೆ ಇನ್ನದ್ನ ರಿಪೇರಿ ಮಾಡ್ಸಕ್‌ ಅದೆಷ್ಟ್‌ ದುಡ್ಡ್‌ ಖರ್ಚಾಗತ್ತೋ ಅಂತ ಗಾಬ್ರಿ ಆಗ್ತಿದೆ.,Fear
"ಏನ್‌ ಅನ್ಯಾಯ್‌ ಇದಂತೀನಿ, ದವಾಖಾನಿ ಖರ್ಚ್ ಹಿಂಗ್ ಜಾಸ್ತಿ ಆದ್ರ ಯಲ್ಲಾರ್ಗೂ ದವಾಖಾನಿಗ್‌ ಹೋಗ್ಲಿಕ್ಕ ಹೆಂಗಾಗ್ತದ.",Anger
"ನಾನ್‌ ಯಾರ್ಜೊತೆ ಸೇರ್ಕೊಂಡ್ ಒಟ್ಗೆ ಕೆಲ್ಸ ಮಾಡ್ಬೇಕಿತ್ತೋ ಅವ್ನ್‌ ಹಾಗ್ಮಾಡೋಕ್‌ ಒಪ್ಕೊತಾನೇ ಇಲ್ಲ, ಏನೇನೋ ನೆಪ ಹೇಳೋದ್‌ ಕೇಳ್ತಿದ್ರೆ‌ ನಂಗ್‌ ಕೋಪ ನೆತ್ತಿಗೇರ್ತಿದೆ.",Anger
ಇಶ್ಶೀ! ಊಟ ಮಾಡೋ ಮೊದ್ಲು ಕಡೇಪಕ್ಷ ಅಷ್ಟ್‌ ಕೊಳಕಾಗಿರೋ ನಿಮ್ ಕೈಗಳ್ನಾದ್ರೂ ತೊಳ್ಕೊಂಡ್‌ ಬರ್ಬಹುದಿತ್ತು ನೀವು.,Disgust
"ಹೋಟೆಲ್ ರಿಸೆಪ್ಷನ್ನೋರು ಕೆಲ್ವೇ ಗಂಟೆಲಿ ನನ್ ಬಟ್ಟೆ ಒಗ್ದು, ಒಣಗ್ಸಿ, ಮಡ್ಚಿನೂ ಕೊಡ್ತೀವಿ ಅಂತ್ ಹೇಳ್ದಾಗ ನಂಗ್ ನಿಜ್ವಾಗ್ಲೂ ಆಶ್ಚರ್ಯ ಆಯ್ತು. ಬರೋ ಅತಿಥಿಗಳ್ಗೆ ಇವ್ರು ಏನೆಲ್ಲ ಭರವಸೆ ಕೊಡ್ತಿದಾರೆ ಅನ್ನೋದು ಲಾಂಡ್ರಿಯೋರಿಗ್‌ ಗೊತ್ತೋ ಇಲ್ವೋ ಅಂತ ನಂಗ್‌ ಸಂದೇಹ ಬರ್ತಿದೆ.",Surprise
"ನನ್‌ ಕುಟುಂಬ್ದೋರ್ನೆಲ್ಲ ಕಳ್ಕೊಂಡ್ಮೇಲೆ ನಂಗೀಗ ಜೀವನ್ದಲ್ಲಿ ಏನೂ ಉಳ್ದಿಲ್ಲ, ಮನೆ-ಮನ್ಸೆಲ್ಲ ಖಾಲ್ಕಾಲಿ ಆಗೋಗಿದೆ.",Sadness
"ಆ ಗಿರಾಕಿ ಜೊತಿಗಿ ಕೆಲ್ಸಾ ಮಾಡ್ಬೇಕಂತ ನಾ ಗಾಳ್ಯಾಗ್‌ ಗೋಪ್ರಾ ಕಟಗೋತ ಕೂತಿದ್ದೆ, ಆ ಕಾಂಟ್ರಾಕ್ಟೇ ಮುರದ್‌ ಎಲ್ಲಾ ಖಾಯಷ್‌ ಹಾಳಾದ್ವು.",Surprise
ಒಬ್ ನೌಕರಗ್ ಅಪಘಾತ್ ಆಗ್ಯಾದಂತ ಸುದ್ದಿ ಬಂತ್‌ ಕೇಳಿ ಆಫೀಸ್‌ನ್ಯಾಗ ಒಂಥರಾ ಮಬ್ಬ್‌ ಕಳಾ ಬಂದದ.,Sadness
"ಓ ದೇವ್ರೇ! ನನ್ಹತ್ರ ಈಗ ಅಷ್ಟ್ ದುಡ್ಡೇ ಇಲ್ಲ‌, ನಾನ್ ನನ್ ಪರ್ಸ್ ತಂದಿದೀನಿ ಅನ್ಕೊಂಡಿದ್ದೆ. ಆದ್ರೆ ಇಲ್ಲ.. ಈಗ್‌ ಹೇಗಪ್ಪ ಇದ್ಕೆಲ್ಲ ದುಡ್ಡ್‌ ಕೊಡೋದು?",Fear
ಅಯ್ಯೂ! ನನ್ ಅನಾನಸ್ ಜ್ಯೂಸಲ್ಲಿ ಸತ್ತೋಗಿರೋ ಜೇಡ ಇದೆ.,Disgust
ಮಹಿಳಾ ಸಿಬ್ಬಂದಿ ಜೊತೆಗೆ ಒಬ್ಬ ಗ್ರಾಹಕ ಸರಸ ಆಡೋ ಮೆಕ್‌ಡೊನಾಲ್ಡ್ ಜಾಹೀರಾತು ಅಶ್ಲೀಲ್‌ವಾಗಿದೆ ಮತ್ತೆ ಹೆಣ್ಮಕ್ಳನ್ನ ವಸ್ತು ಅನ್ನೋ ಥರ ತೋರ್ಸಿದಾರೆ ಅದ್ರಲ್ಲಿ.,Disgust
"ನೀವ್  ಸಮ್ಯಕ್ ಸರ್ಯಾಗಿ ಕೆಲ್ಸಕ್ಕೆ  ಬರಲ್ಲ  ಮತ್  ನಿಮ್ಮನ್ ಕರ್ದಿರೋ ಮೀಟಿಂಗ್ಗೂ  ಹೋಗಲ್ಲ,   ಇದು  ನಿಮ್ಮಿಂದ ಆಗ್ತಿರೋ ಬೇಜವಾಬ್ದಾರಿತನ ಆಗಿದೆ.",Anger
ಸಣ್  ಪುಟ್  ಮೂಲೆಗೂ ಗಮನ ಕೊಟ್ ಕೆಲ್ಸ ಮಾಡ್ಬೇಕು ಅಂತ ನಾನ್ ಮೊದ್ಲೇ ಹೇಳಿದ್ದೆ ಆದ್ರೆ ಕೆಲವ್ ಕಡೆ ವರ್ಸೆ ಇಲ್ಲ  ಇನ್ ಕೆಲವ್ ಕಡೆ ದೂಳು ಹಾಗೆ ಇದ್ದಿದನ್ ಕಂಡ ನಂಗ್  ಸಿಟ್  ಬಂದ್ ಹೋಯ್ತು.,Anger
ಕಾರ್ಪೊರೇಟ್‌ ಕಂಪ್ನಿಗಳು ತೆರಿಗೆ ತಪ್ಸೋಕೆ ಸರ್ಕಾರ ಅವ್ಕಾಶ ಕೊಡ್ತಿರೋದು ಅನ್ಯಾಯದ್‌ ಪರಾಕಾಷ್ಠೆ.,Anger
"ನಾನು ಕ್ರೂಸ್ ಲೈನರಲ್ಲಿ ಒಂದ್ವಾರ ಕಳ್ದೆ, ಸಮುದ್ರದ್‌ ತಂಗಾಳಿ ನನ್ ಮುಖದ್ಮೇಲ್ ಬೀಸ್ತಾ ಇರೋ‌ವಾಗ್ ಸಿಗೋ ಸುಖಕ್ಕಿಂತ ಬೇರೆ ಆರಾಮ ಇಲ್ಲ ಅನ್ನಿಸ್ಬಿಡ್ತು.",Happiness
"ಇವತ್ತಿಲ್ಲಿ ಎಷ್ಟೊಂದ್‌ ಜನ, ಗೌಜಿ ಇದ್ರೂ ನಾವ್‌ ಆರ್ಡರ್‌ ಮಾಡಿದ್ ತಿಂಡಿ ಇಷ್ಟ್‌ ಬೇಗ ಟೇಬಲ್ಲಿಗ್‌ ಬರತ್ತೆ ಅಂತ ನಾನ್‌ ಅನ್ಕೊಂಡೇ ಇರ್ಲಿಲ್ಲ.",Surprise
ಈಗಾಗ್ಲೇ ಬಳ್ಸಿರೋ ಪುಸ್ತಕಗಳ್ನ ಮಾರಾಟ ಮಾಡೋ ಬಗ್ಗೆ ಆ ಅಂಗ್ಡಿಯೋರ್‌ ಹತ್ರ ಕೇಳಕ್ಕೆ ಅದೇನೋ ಒಂಥರ ಭಯ ನಂಗೆ.,Fear
ಗ್ಯಾಸ್ ಸಿಲಿಂಡರ್ ಡೆಲಿವರಿ ಬಾಯ್ ಹೇಳಿದ್ ಸಮ್ಯಕ್  ಸರ್ಯಾಗ್  ಬರ್ಲಿಲ್ಲ  ಅಂತ ಅವನ್ ಮೇಲೆ ಸಿಟ್ ಬರ್ತಾ ಇದೆ.,Anger
ಎರಡ್ ಸರ್ತಿ ಚಾರ್ಜ್ ಮಾಡಿದ್ರು ಒಂದೇ ಡೆಲಿವರಿಗೆ ನಂಗ್ ಅಂತ್  ಗೊತ್ತಾದಾಗ್  ನಂಗ್ ಆಶ್ಚರ್ಯ ಆಯ್ತು.!,Surprise
ಕೆಟ್ಟ್‌ ಹವಾಮಾನ್ದಲ್ಲಿ ಮಳೆಮೋಡ್ಗಳ್‌ ಮಧ್ಯೆ ನಮ್‌ ವಿಮಾನ ಗಡಗಡಾಂತ ಅಲ್ಲಾಡ್ತಾ ಹೋಗ್ವಾಗ ನಂಗ್‌ ಜೀವ ಬಾಯ್ಗ್‌ ಬಂದಂಗಾಗಿ ಕುರ್ಚಿ ಕೈನ ಗಟ್ಯಾಗ್‌ ಹಿಡ್ಕೊಂಡ್‌ ಕೂತ್ಬಿಟಿದ್ದೆ.,Fear
"ನಾನೊಂದ್ ಸಿನ್ಮಾದಲ್ಲಿ ಸ್ವಲ್ಪನೂ ನೀಟಾಗಿಲ್ದಿದ್ ಆಸ್ಪತ್ರೆ ನೋಡ್ದೆ, ಪಾಪ ಬಡತನ್ದಲ್ಲಿರೋ ರೋಗಿಗಳೆಲ್ಲ ಅಂಥಲ್ಲೇ ಹೋಗ್ತಾರಲ ಅಂತ ಬೇಜಾರಾಗೋಯ್ತು.",Sadness
ಬೇಕ್ರಿಯೋರು ನನ್ ಹುಟ್ಹಬ್ಬದ್ ಕೇಕ್‌ನ ಸಮಯಕ್ ಸರ್ಯಾಗಿ ಮನೆಗ್ ತಲುಪಿಸ್ಲಿಲ್ಲ ಅಂತ ನಂಗ್‌ ತುಂಬಾನೇ ಬೇಜಾರಾಯ್ತು.,Sadness
ನಮ್ ಸೈನಿಕ್ರು ನಮ್ ದೇಶದ್ ಸೇವೆಲಿ ತಮ್‌ ಪ್ರಾಣನೇ ಕಳ್ಕೋತಿರೋದು ಮತ್ತೆ ಇತ್ಕಡೆ ಅವ್ರ್‌ ಕುಟುಂಬ್ದೋರು ದುಃಖದಲ್‌ ಮುಳ್ಗಿರೋದ್ರ್‌ ಬಗ್ಗೆಯೆಲ್ಲ ಓದಿ ನಂಗ್‌ ಮನ್ಸೆಲ್ಲ ಭಾರ ಆಗೋಗಿದೆ.,Sadness
"ಹಾಯ್ ಕೌಸಲ್ಯಾ, ನೀವಿನ್ನೂ ಮನೆಗ್ ಯಾಕ್  ಹೋಗಿಲ್ಲ? ತಡ ಆಗ್ತಾ ಇಲ್ವಾ?",Surprise
"ಈ ಇಡೀ ಬಟವಾಡೆ ಅನುಭವ್‌ದಿಂದ ನಂಗಂತೂ ಸಾಕಾಗ್ಹೋಗಿದೆ, ಅದ್ರಲ್ಲೂ ಇದ್ನ ಸಮಯಕ್‌ ಸರ್ಯಾಗ್‌ ತಲ್ಪಿಸ್ಬೇಕು ಆದ್ರೆ ಪ್ಯಾಕೇಜ್‌ ಮಾತ್ರ ಅಂದ್ಕೊಂಡಿದ್ಕಿಂತ ತುಂಬಾ ತಡವಾಗ್‌ ಬರ್ತಿದೆ ಅಂದಾಗಂತೂ ತುಂಬಾ ತಲೆನೋವಾಗ್ಬಿಡತ್ತೆ.",Sadness
"ನಾನ್ ಕೆಲ್ಸ ಬಿಡೋ ಸಮಯ ಇನ್ನೇನ್ ಹತ್ರ ಬರ್ತಿದೆ.. ನನ್ ಜಾಗಕ್ಕೆ ಈಗಾಗ್ಲೇ ಇನ್ನೊಬ್ರನ್ನ ನೇಮಿಸ್ಕೊಂಡೂ ಆಗಿದೆ ಅಂತ ಗೊತ್ತಾಗಿ ನನ್‌ ಮನ್ಸು, ಆತ್ಮವಿಶ್ವಾಸ ಎಲ್ಲ ಕುಗ್ಗ್‌ಹೋಗಿದೆ.",Sadness
"ಚೆನ್ನೈಲಿಂದ್‌ ಸೀದಾ ದಿಲ್ಲಿಗಿ ಹೋಗ್ಲಿಕ್ಕಿ ಇನ್‌ ಮೂರ್‌ ದಿವ್ಸ ಯಾ ರೈಲೂ ಇಲ್ಲಾಂತ್‌ ಗುಮಾಸ್ತ್‌ ಹೇಳ್ದಾ, ಹೆಂಗ್‌ ಮಾಡ್ಲಿ ನಂಗ ಗಾಬ್ರ್ಯಾಯ್ತು.",Surprise
ನನ್ ಒಡಹುಟ್ಟಿದೋರ್‌ ಜೊತೆ ಒಂದೇ ಸಮ್ನೇ  ಜಗ್ಳಗಳಾಗಿ ಆಗಿ ಸಾಕಾಗೋಗಿದೆ ನಂಗಂತೂ. ನಾವ್ ಒಂದ್ಸಲನಾದ್ರೂ ಹೊಂದ್ಕೊಂಡ್‌ ಹೋಗೋಕ್ಕಾಗೋದೇ ಇಲ್ವಾ?!,Anger
"ಎಲ್ಲ್ ನನ್ನ ಟ್ರೋಲ್‌‌ ಮಾಡ್ತಾರೋ ಅಂತ ಹೆದ್ರಿ ಕಳ್ದ್‌ ಒಂದೆರ್ಡ್ ತಿಂಗ್ಳಿಂದ ನಾನ್ ಆನ್ಲೈನಲ್ಲಿ  ಟ್ವಿಟರ್, ಫೇಸ್ಬುಕ್, ಲಿಂಕ್ಡ್ಇನ್‌ ಎಲ್ಲೂ ಏನ್ನೂ ಬರ್ಯೋದ್ನೇ ನಿಲ್ಸ್‌ಬಿಟಿದೀನಿ.",Fear
ನನ್ ಜೊತೆ ಆಳವಾಗ್ ಮಾತಾಡೋಂಥ  ಕಲಾಕೃತಿಗಳ್‌ ಮಧ್ಯೆ ಇರೋದ್ರಲ್ಲಿ ನಂಗೆ ಹೇಳ್ಲಾರದಷ್ಟ್‌ ಆನಂದ ಸಿಗತ್ತೆ.,Happiness
ನಮ್ಮಪ್ಪ ಅಮ್ಮ ನನ್ ನಂಬ್ಕೆನ ಬಳಸ್ಕೊಂಡು ನನ್ನನ್ನ ಮ್ಯನಿಪುಲೇಟ್‌ ಮಾಡ್ತಾರೆ ಅಂದ್ರೆ ನಂಗ್‌ ನಂಬಕ್ಕೇ ಅಗ್ತಿಲ್ಲ. ಇದು ಪೂರ್ತಿಯಾಗಿ ನನ್ ಖಾಸಗಿತನದ್ ಉಲ್ಲಂಘನೆ.,Disgust
ಬೀದಿಲಿ ಪ್ರದರ್ಶನ ಕೊಡ್ತಿದ್ದ ಆ ಪುಟ್ಟು ಹುಡ್ಗಿ ಬಿಗಿಯಾಗ್ ಕಟ್ಟಿದ್‌ ಆ ಹಗ್ಗದ್ಮೇಲೆ ‌ಅಷ್ಟ್ ಸುಲಭ್ವಾಗಿ ನಡ್ದಾಡೋದ್ನೋಡಿ ನಂಗೆ ಮಾತೇ ಹೊರಡ್ಲಿಲ್ಲ.,Surprise
ನನ್ ಹೆಂಡ್ತಿ ಮಾಡೋ ಚಹಾನ ನಾನ್ ತುಂಬಾನೇ ಇಷ್ಟ ಪಡ್ತೇನೆ ಮತ್ ಕನಿಷ್ಠ ಎರಡು ಕಪ್ಗಳನ್ ಕುಡಿದೆ ನನ್ ದಿನ ಶುರು ಆಗಲ್ಲ.,Happiness
ನಾನ್ ಈ ಸಲ ಚಳಿಗಾಲ್ದಲ್ ರಜೆ ಕಳ್ಯೋಕೆ ಆ ಗಿರಿಧಾಮಕ್ಕಂತೂ ಖಂಡಿತ ಹೋಗಲ್ಲಪ್ಪ. ಅಲ್ಲಿ ಯಾವ್ದೋ ಗುಂಪ್ನೋರು ಪ್ರವಾಸಿಗ್ರನ್ನೆಲ್ಲ ಹಿಂದುಮುಂದು ನೋಡ್ದೇ ಕೊಚ್ಚಿ ಕೊಲೆ ಮಾಡ್ತಿರೋ ವರದಿಗಳ್ನ ನೋಡಿ ನಂಗದ್ರ್‌ ಬಗ್ಗೆ ಯೋಚ್ನೆ ಮಾಡಕ್ಕೂ ಭಯ ಹತ್ತೋಗಿದೆ.,Fear
ಕಳೆದ ಕೆಲ್ವು ವಾರಗಳಲ್ಲಿ ನೀವು ಸಾಕಷ್ಟ್ ತೂಕ ಕಳ್ಕೊಂಡಿದ್ದೀರಿ!,Surprise
"ಆದ್ರೆ ಮೇಡಂ, ನಂಗೆ ಅಷ್ಟೊಂದ್ ಜನ್ರು ಮುಂದೆ ಮಾತಾಡೋದು ಅಂದ್ರೆ ಹೆದ್ರಿಕೆ ಆಗತ್ತೆ. ಅವ್ರು ನನ್ನನ್ನ ಗೇಲಿ ಮಾಡ್ಬೋದು.",Fear
ಸಾಲದಲ್ಲಿರುವಾಗ ಬೇರೆಯವ್ರೆಲ್ಲ ಕಷ್ಟ ಪಡ್ತಿದ್ರೆ ಶ್ರೀಮಂತ್ರಿಗ್ ಮಾತ್ರ ಜಾಮೀನ್ಗಳ್‌ ಸಿಕ್ಕಿ ಬಚಾವಾಗ್ತಿರೋದ್ ನೋಡ್ದಾಗ ರಕ್ತ ಕುದ್ಯತ್ತೆ.,Anger
ಪರಿಸರದ್ ಮೇಲೆ ತಮ್ ಹೂಡಿಕೆಗಳ್ ಪರಿಣಾಮದ್ ಬಗ್ಗೆ ಈ ಬಿಲ್ಡರ್ಗಳ್ಗೆ ಸ್ವಲ್ಪನೂ ಕಾಳ್ಜಿ  ಇಲ್ದಿರೋದ್‌ ನೋಡಿ ನಂಗಂತೂ ಅವ್ರ್‌ ಬಗ್ಗೆ ಜುಗುಪ್ಸೆ ಬಂದೋಗಿದೆ.,Disgust
"ಥೂ ನನ್‌ ತಲಿ, ನಾ ನನ್‌ ಕಾರಿನ್‌ ಇಂಜಿನ್ ಸರ್ವೀಸಿಗ್‌ ಕಳಸ್ಲಿಕ್ಕಿ ಭಾಳ ತಡಾ ಮಾಡ್ದೆ, ಈಗ್ ಅದ್ನ ಗ್ಯಾರೇಜ್ನ್ಯಾಗ್ ರಿಪೇರಿ ಮಾಡ್ಸದಂದ್ರ‌ ಅಲ್ಲಿ ವಾಸ್ನಿಗ್ ಅಸೈ ಬರ್ಲಿಕತ್ತದ.",Disgust
"ಕೆಲೊಂದ್‌ ಟಿ.ವಿ. ಧಾರಾವಾಹಿಗೊಳ ಭಯಂಕ್ರ ಕೆಟ್‌ಗುಣಾ ತೋರಸ್ತಾವ ಮತ್‌ ಒಂಥರಾ ಹಿಂದ್‌ ಉಳಿದಿದ್‌ ಮೆಂಟಾಲಿಟಿ ತೋರಸ್ತಾರ, ಅಂದ್ರೂ ಮಂದಿ ಅವೇ ನೋಡ್ತಾರ.",Disgust
ಓಹ್! ನಮ್‌ ರಾಜ್ಯದಲ್ಲಿ ಕಾಶ್ಮೀರಿ ವಿಲ್ಲೋ ಬ್ಯಾಟ್‌ಗಳ್ನ ಮಾರೋ ಅಂಗ್ಡಿಗಳು ತುಂಬಾನೇ ಅಪ್ರೂಪ. ನಿಮ್ಹತ್ರ ಅದು ಇದೆ ಅಂತ ಗೊತ್ತಾಗಿ  ನಂಗೆ ಆಶ್ಚರ್ಯ ಆಯ್ತು.,Surprise
ಕಾಂಬೋಡಿಯಾದ್ ಇತಿಹಾಸ ಹಂಗೇ ದೇಸೀ ಸಂಸ್ಕೃತಿ ಎಷ್ಟ್‌ ಮಹಾನ್‌ ಅದಾಂತ ಗುರ್ತೇ ಇರ್ಲಿಲ್ರಿ ನಂಗ! ಮನ್ಸಿಗ್‌ ಭಾಳ ಹಿಡಿಸ್ತ್‌ ಬಿಡ್ರಿ ಆ ದೇಶಂತೂ.,Surprise
ನಮ್‌ ಕೊರಿಯರಲ್ಲಿ ಟ್ರಾನ್ಸಿಟ್‌ನಲ್ಲಿದ್ದಾಗ ಅವ್ರ್ ಪಾರ್ಸೆಲ್ ಕಳ್ದ್‌ಹೋಗಿದೇಂತ ನಾನ್‌ ಆ ಕಸ್ಟಮರ್‌ಗೆ ಹೇಗಪ್ಪಾ ಹೇಳ್ಲಿ.,Fear
ಇಷ್ಟ್ ಸಣ್ಣ್ ರಿಪೇರಿಗೆ ನೀವೇನ್ರಿ ಇಷ್ಟೊಂದ್‌ ದುಡ್ಡ್ ಕೇಳ್ತಿದೀರ?! ಕೇಳಕ್ಕೊಂದ್‌ ರೀತಿನೀತಿ ಬೇಡ್ವಾ?!,Anger
ಥೂ ಈ ಅಂಗ್ಡ್ಯಾಗ ಎಷ್ಟ್ ಅಸಹ್ಯದ್ ಲೈಟ್ಹಾಕ್ಯಾರಂದ್ರ ಇಲ್ಲಿನ್‌ ಯಲ್ಲಾ ಸಾಮಾನೂ ನೋಡ್ಲಿಕ್ಕಿ ಭಾಳ ಹೊಲಸ್ ಅನಸ್ತಾವ.,Disgust
"ಛೇ! ಈ ಬ್ಯಾಂಕಲ್ಲಿ ಜನ್ರನ್ನ ಸಮಾಜ್ದಲ್ಲಿ ಅವ್ರಿಗಿರೋ ಸ್ಥಾನಮಾನದ್ ಆಧಾರದ್ಮೇಲೆ ನಡೆಸ್ಕೊತಾರೆ, ಮುಖ ನೋಡ್‌ ಮಣೆ ಹಾಕ್ತಾರೆ.",Disgust
ಛೇ! ಯಾರೂ ಇಂಥ ಅಸಭ್ಯ ನಡವಳಿಕೆನ ಸಹಿಸೋ ಹಾಗೆ ಅಥ್ವಾ ಸಹಾಯ ಕೇಳುವಾಗ ಯಾಕಾದ್ರೂ ಕೇಳುದ್ವೋ ಅನ್ಸೋ ಹಾಗೆ ಆಗ್ಬಾರ್ದು. ನಮ್ ಉದ್ಯೋಗಿ ಅಷ್ಟ್‌ ಒರ್ಟಾಗ್ ನಡ್ಕೊಂಡಿದ್ದಕ್ಕೆ ನಾನ್ ಕ್ಷಮೆ ಕೇಳ್ತೀನಿ.,Disgust
"ಯೇ ಖರೇ ಎಷ್ಟ್‌ ಛಂದಿತ್ತದು, ಅಂಥಾ ದೊಡ್ಡ್ ಲ್ಯಾಂಡ್‌ಮಾರ್ಕಿನ್ ಮ್ಯಾಲ್ ಕಬ್ಣದ್ ಹಂದ್ರ ಹಾಕಿಟ್ಟ್ ಅದ್ರ್‌ ಅಂದಾನೇ ಕೆಡಸ್ಬಿಟ್ಟಾರ.",Sadness
ನಾವ್  ಹೋಗ್ತಿರೋ ಹಳೆ ಕೋಟೆಲಿ  ನೋಡಕ್  ಏನೂ ಇಲ್ಲ ಅಂತ  ಕ್ಯಾಬ್ ಡ್ರೈವರ್ ಹೇಳ್ದಾಗ ನಂಗ್  ನಿರಾಸೆ ಆಯ್ತು.,Sadness
"ನಾವು ಒಂದ್ ವರ್ಷದ್ ಹಿಂದೆ ಇದ್ದಿದ್ದಕ್ಕಿಂತ ಕಡ್ಮೆ ದುಡ್ಡ್‌ ಗಳಿಸ್ತಿದೀವಿ, ಮತ್ತೆ ನಾವ್‌ ತಲುಪ್ಬೇಕಿರೋ ಗುರಿಗಳಿಂದ ಇನ್ನೂ ಭಾಳ ದೂರನೇ ಇದೀವಿ. ನಾಚ್ಕೆ ಆಗ್ಬೇಕು ನಮ್ಗೆ!",Disgust
"ನಂಗ್ ಈ ಜಾಕೆಟ್ ತಗೋಬೇಕು ಅಂತ ಎಷ್ಟ್ ಆಸೆ ಆಗಿತ್ತು, ಆದ್ರೆ ಆ ಸೇಲ್ಸ್‌ಮನ್ ನನ್‌ ಸೈಜಿ಼ಂದ್ ಯಾವ್ದೂ ಜಾಕೆಟ್ ಇಲ್ಲ ಅಂದ್ಬಿಟ್ಟ.",Sadness
ಫಂಕ್ಷನ್ನಲ್ಲಿ ನೀವ್‌ ನಮ್ಗೆ ಅಷ್ಟೆಲ್ಲ ಸಹಾಯ ಮಾಡಿದ್ನೋಡಿ ನಂಗ್ ನಿಜಕ್ಕೂ ಆಶ್ಚರ್ಯ ಆಯ್ತು.,Surprise
"ಇವ್ರು ಹೊಸ ಕ್ಲೈಂಟ್ ಆಗಿರೋದ್ರಿಂದ, ನಾವ್‌ ಅವ್ರನ್ನ ಚೆನ್ನಾಗ್‌ ನೋಡ್ಕೊಬೇಕು ಇಲ್ಲಾಂದ್ರೆ ಈ ವ್ಯವಹಾರ ಸಿಕ್ಕಷ್ಟೇ ಬೇಗ ಕೈತಪ್ಪ್‌ ಹೋಗ್ಬಿಡತ್ತೆ.",Fear
ನಾವ್‌ ಮನೆಲ್ ಸಾಕ್ಕೊಂಡಿದ್ದ್ ಅಳಿಲ್‌ನ ಹೋದ್ವಾರ ಕಾಡಿಗ್ ಬಿಟ್ಬಂದ್ಮೇಲೆ ಒಂದಷ್ಟ್‌ ದಿನ ಊಟ ತಿಂಡಿನೇ ಸೇರ್ದಷ್ಟು ಬೇಜಾರಾಗೋಗಿತ್ತು.,Sadness
ಹಿಂದುಮುಂದು ಏನೂ ವಿಚಾರ್ಸ್ದೇ ನೀವ್‌ ಆ ಕಂಪ್ನಿಲಿ ನಿಮ್‌ ಹಣನೆಲ್ಲ ಇನ್ವೆಸ್ಟ್‌ ಮಾಡಿದ್ರಿ ಅಂದ್ರೆ ನಂಗ್‌ ಆಶ್ಚರ್ಯ ಆಗ್ತಿದೆ.,Surprise
ಇತಿಹಾಸನ್  ನೋಡಕ್ಕೆ  ಅಷ್ಟೇನ್ ಸಂದರ್ಶಕರು ಇರ್ಲಿಲ್ಲ. ನಾನ್  ಕಳೆಗೆಟ್ಟ ವಸ್ತುಸಂಗ್ರಹಾಲಯ ಮತ್ತು ಧೂಳಿನ ಕಲಾಕೃತಿಗಳನ್ ದುಃಖದಿಂದ್  ನೋಡ್ಡೆ.,Sadness
ಸ್ನಾರ್ಕ್ಲಿಂಗ್‌ ಮಾಡಕ್ಕೆ ನಂಗ್ ಬರೋ ಈಜಿನ್ ಟೆಕ್ನಿಕ್ಸ್‌ ಬಗ್ಗೆ ನಂಗ್ ಯಾವ್ ನಂಬ್ಕೆನೂ ಇಲ್ಲ.,Fear
ಈ ಹಾಡಿನ ಸಾಹಿತ್ಯ ಕೇಳಿ ನಂಗೆ ಅಸಹ್ಯ ಆಗ್ತಾ ಉಂಟು. ಎಷ್ಟು ಕೆಡುಕಾಗಿ ಮತ್ತೆ ಮನಸ್ಸನ್ನ ನೋಯಿಸೋ ಹಾಗೆ ಇದೆ ಮಾರ್ರೇ.. ಸ್ವಲ್ಪಸಾ ಸರಿಯಿಲ್ಲ.,Disgust
ಒಂದ್‌ ಅಪೂರ್ವಕ್ಕ ಸಿಗ ಹಳೀಕಾಲದ್ ಸಾಮಾನ್‌ ಜಾಸ್ತಿ ರೊಕ್ಕಕ ಮಾರಿ ನಂಗ್ ಭಾಳ ಸಂಭ್ರಮ್ ಆಗ್ಯಾದ.,Happiness
"ಒಬ್ಬವಾ ಕುಡದು ವಿಮಾನೇರಿ, ಟೇಕ್‌ ಆಫ್‌ ಮಾಡಮುಂದ್‌ ತಾ ಸೀಟಿನ್‌ ಮ್ಯಾಲ ಕೂಡಲ್ಲಂತೆಲ್ಲಾ ಸುಮ್ನೆ ರಂಪಾಟ ಮಾಡ್ದಾ‌, ಅವ್ನ್‌ ದೆಸಿಂದ ನಮ್‌ ವಿಮಾನ ತಡ ಆಗಿದ್ ನಂಗ್ ಮೈಯುರದ್ಹೋಯ್ತು.",Anger
"ಈಚೀಚ್ಗಂತೂ ಇದ್ಬದ್ ವ್ಯಾಪಾರಿಗಳೆಲ್ಲ ತಮ್‌ ವಸ್ತುಗಳ್ನ ಮಾರೋಕೆ ಲೌಡ್‌ಸ್ಪೀಕರ್‌ಗಳ್ನ ಬಳ್ಸಿ ಘೋಷಣೆ ಮಾಡೋಕ್‌ ಶುರು ಮಾಡಿದಾರೆ, ನಂಗ್ ಆ ಶಬ್ದಕ್ಕೆ ಕೋಪ ನೆತ್ತಿಗೇರಿ ಹುಚ್ಚೇ ಹಿಡ್ದಂಗಾಗತ್ತೆ.",Anger
ಯಪ್ಪಾ ಪ್ರತೀ ಸಲನೂ ಪ್ರೇಕ್ಷಕ್ರಿಗೆ ಹೇಳಿ ಹೇಳಿ ಚಪ್ಪಾಳೆ ತಟ್ಟಿಸ್ಕೊತಿದ್ದಿದ್ದು ತೀರಾ ಕೃತಕ್ವಾಗಿತ್ತು.,Disgust
"ನಿಮ್ದು ನಿಜ್ಜ ಅತಿಯಾಯ್ತಿದು. ನಾನ್‌ ಊಟ ಆರ್ಡರ್‌ ಮಾಡಿ ಒಂದ್ ತಾಸಾಯ್ತು, ಹೊಟ್ಟೆ ಹಸ್ದು ಸಾಯ್ತಾ ಇದೀನಿಲ್ಲಿ, ಪೋನ್‌ ಮಾಡಿ ಕೇಳಿದ್ರೆ ನಿಮ್ಮೋರು ಬರ್ತಾ ಇದೆ ಸರ್‌ ಅಂತ ಸುಮ್ನೇ ಸಬೂಬ್ ಹೇಳ್ತಾ ಇದಾರೆ. ಹೋಟೆಲ್‌ನೋರು ತಮ್ಮಲ್ಲ್‌ ಉಳ್ಕೊಂಡೋರ್ನ ಹೀಗೇ ಏನ್ರಿ ನೋಡ್ಕೊಳೋದು?!",Anger
"ನಮ್‌ ಮ್ಯಾನೇಜರ್ರು ಅವ್ನ್‌ ಎದುರಿನೋನು ಏನ್‌ ಕೋಟ್‌ ಮಾಡಿದಾನೇಂತ ನೋಡಕ್ಕೆ ಕ್ಲೈಂಟ್‌ ರೂಮೊಳಗ್‌ ಇಣುಕ್ತಾ ಇದ್ದಿದ್ನೋಡಿ ನಂಗ್‌ ಅಸಹ್ಯ ಆಗೋಯ್ತು, ನಾಚ್ಕೆನೇ ಇಲ್ಲ ಅವ್ನಿಗೆ.",Disgust
"ಬರೀ ಒಂದ್‌ ಪಾಸ್ಬುಕ್‌ ಅಪ್ಡೇಟ್‌ ಮಾಡೋ ಕೆಲ್ಸಕ್ಕೆ ಬ್ಯಾಂಕಲ್ಲಿ ಕೌಂಟರಿಂದ ಕೌಂಟರ್‌ಗೆ ಅಷ್ಟ್‌ ಸಲ ಅಲ್ದಾಡ್ಸುದ್ರು, ನಂಗೀಗ ಏನಕ್ಕೂ ತಲೆನೇ ಓಡ್ತಿಲ್ಲ.",Sadness
ಟೋಕಿಯೊದಲ್ಲಿ ಚೆರ್ರಿ ಹೂಗಳನ್ ನೋಡಿ ನಂಗ್ ಹೊಸ ಉತ್ಸಾಹ ಬಂದಂಗಾಯ್ತು.,Happiness
ಪಾಪ ಆ ಅಳಿಲ್ಮರಿನ ಅದ್ರ್ ತಾಯಿ ಯಾಕೋ ತನ್ ಜೊತೆಗ್ ಕರ್ಕೊಳ್ಲೇ ಇಲ್ಲ.,Sadness
ಹೇ ಈ ಬಿಸಿನೆಸ್ಸಿನ್ ಬಾಡ್ಗಿ ಜಾಗಾ ದೊಡ್‌ ವ್ಯಾಪಾರೀ ಜಿಲ್ಲಾನ್ಯಾಗ್ ಅದಾಂತ ನಂಗ ಭಾಳ ಖುಷಿ ಆಗ್ಯಾದ. ನಂಗ ಇಂಥಾದೇ ಬೇಕಾಗಿತ್ತ.,Surprise
ಸೂಕ್ತವಾಗಿರೋ ಬಾಡ್ಗೆ ಸ್ಥಳನ್  ಹುಡ್ಕೋದೆ ದೊಡ್ ಕಷ್ಟ  ಅದ್ರಲ್ಲೂ ಮತ್ ಈಗ ಹೆಚ್ಚುವರಿ ಶುಲ್ಕನ್  ಬೇರೆ ಕೊಡ್ಬೇಕು ಅಂದ್ರೆ  ದುಃಖ ಆಗ್ತಿದೆ. ನನ್  ಬಜೆಟ್ ಇನ್ನೂ  ಸ್ವಲ್ಪ ಜಾಸ್ತಿ ಇರ್ತಿದ್ರೆ ಚೆನ್ನಾಗಿರ್ತಿತ್ತು ಅಂತ ಅನ್ಕೋತಿದ್ದೀನಿ.,Sadness
ನಮ್ಮಪ್ಪ ಅಮ್ಮ ನಂಗ್‌ ಕಾಲೇಜ್‌ ಓದ್ಸೋಕೋಸ್ಕರ ಇಷ್ಟೆಲ್ಲ ವರ್ಷ್‌ಗಳಿಂದ ಗುಟ್ಟಾಗಿ ಉಳಿತಾಯ ಮಾಡಿ ದುಡ್ಡ್‌ ಕೂಡಿಡ್ತಾ ಇದ್ರು ಅನ್ನೋದ್‌ ಗೊತ್ತಾಗಿ ಬೆಕ್ಕಸ ಬೆರಗಾದೆ ನಾನು. ಎಂಥ ಅಮೂಲ್ಯ ಆಶ್ಚರ್ಯ!,Surprise
"ನೀವು ನಿಜ್ವಾದ್  ಮೇಸ್ತ್ರಿನ  ಅಲ್ವಾ? ನೀರಿನ ಪೈಪ್ ಅನ್ ಸರ್ಯಾಗ್ ನೋಡ್ಕೋಬೇಕಿತ್ತು. ಮತ್ ಈಗ ಲೀಕ್ ಬೇರೆ ಆಗ್ತಿದೆ, ಇದು ಇನ್ನೂ ಜಾಸ್ತಿ  ಹಾಳ್ ಮಾಡುತ್ತೆ.!",Anger
ಷೇರ್ ಮಾರ್ಕೆಟಿನ್‌ ರೊಕ್ಕಾ ಯಲ್ಲ್ ಧೊಪಕ್ ಅಂತ ಬಿದ್ದೋಗ್ತದೇನೋ ಅಂತೊಂಚೂರ ಭುಗಲ ಹತ್ಯಾದ.,Fear
"ಪೆನ್‌ ಸ್ಟೋರ್‌ದವ್ರು ಗಿಫ್ಟ್‌ ರಾಪಿಂಗ್‌ ಕೊಟ್ಟಾರ,  ಹಂಗೇ ಸುಮ್ನೆ ರೊಕ್ಕ ತೊಗೋಳಾರ್ದೆ ಕೊಟ್ಟಾರಲಾ ಅಂತ ನಂಗ್‌ ಆಶ್ಚರ್ಯಾತು.",Surprise
"ಆದ್ರೆ ಆಮೇಲೆ ಪಾಪ ಒಬ್ರು ಅಜ್ಜಿ ಬಂದ್ರು, ಅವ್ರಿಗೆ ಸೀಟ್‌ ಬಿಟ್ಟ್‌ಕೊಡ್ಬೇಕಾಯ್ತು ನಾನು.",Sadness
ಸಂಬ್ಳ ಮತ್ತೆ ಕೆಲ್ಸಗಳ್ನ ನಿಭಾಯ್ಸೋ ಬಗ್ಗೆ ಆ ಕ್ಲೀನಿಂಗ್ ಸೂಪರ್ವೈಸರ್‌ಗಿದ್ದಿದ್ ತಿಳ್ವಳಿಕೆ ನೋಡಿ ನಂಗ್ ಆಶ್ಚರ್ಯ ಆಯ್ತು. ಆತ ಅವ್ರ್ ತಂಡದೋರ್ಗೆ ಬಹುಮಾನ ಕೊಡೋ ವಿಧಾನನೆಲ್ಲ ಅಳವಡಿಸ್ಕೊಂಡಿದಾರೆ.,Surprise
"ತುಂಬಾ ಜನ್ರು ಬರ್ತಾ ಇರೋದ್ರಿಂದ,  ಭಾಗವಹಿಸ್ತಾ ಇರೋ ಯಾರ್ಗೂ ಏನೂ ತೊಂದ್ರೆ ಆಗ್ದೇ ಇರೋ ಹಾಗೆ ಎಲ್ಲ ವ್ಯವಸ್ಥೆ ಮಾಡಿರೋ ಬಗ್ಗೆ ಇವೆಂಟ್‌ ಮ್ಯಾನೇಜರ್‌ ಹತ್ರ ಇನ್ನೂ ಒಂದ್ಸಲ ವಿಚಾರ್ಸಿ ಖಾತ್ರಿ ಮಾಡ್ಕೊಬೇಕಪ್ಪ.",Fear
ಕಾರ್ಯಕ್ರಮ್ದಾಗ ಸೆಕ್ಯೂರಿಟಿ ಕಡಿಮಿ ಮಾಡಿ ರೊಕ್ಕಾ ಉಳಿಸ್ರಿ ಅಂತ ಆ ಈವೆಂಟ್‌ ಮ್ಯಾನೇಜರ್‌ ಕೊಟ್ ಐಡಿಯಾ ಕೇಳಿ ನಂಗವ್ನ್‌ ಮ್ಯಾಲ್ ಕೆಟ್ ಅಸೈಬಂತು.,Disgust
"ಸಾಮಾನಿನ್ ಬೆಲಿ ಸೋವಿ ಮಾಡ ಜವಾಬ್ದಾರಿ ಬರೀ ಹೆಡ್‌ ಆಫೀಸಿಗಷ್ಟೇ ಅದ, ನಂಗ್‌ ಆ ಅಧಿಕಾರಿಲ್ಲಂತ ಎದೆಗುಂದ್‌ದಂಗ್ ಆಗ್ತದ.",Sadness
ನಾವ್ ಶ್ರೀನಗರಕ್ ಹೋಗಿದ್ದಾಗ ಅಲ್ಲಿ ಲವಲವಿಕೆ ಮೂಡ್ಸೋಂಥ ಶುದ್ಧವಾದ್ ಗಾಳಿಗ್ ಮೈಯೊಡ್ಡಿ ನಂಗ್‌ ಹೊಸ ಚೈತನ್ಯ ಬಂದಂಗಾಯ್ತು.,Happiness
"ಭಾರತದ್ ವಿದೇಶಿ ಸಚಿವ್ರು ಜೋರ್‌ ಇದ್ದಾರ, ಕೈಯಾಗ್‌ ಒಂದ್‌ ಚೀಟಿ ಇರ್ಲಾರ್ದೆನು ಕಠಿಣಿರ ಸವಾಲಿಗೂ ಉತ್ರಾ ಕೊಡ್ತಾರ.",Surprise
ನಮ್ಗೆ ದಿನಾ ಕೊಡೋ ಒಂದ್ರಾಶಿ ಹೋಮ್ವರ್ಕ್ ನೋಡ್ತಿದ್ರೇನೇ ತಲೆಸುತ್ತಿ ವಾಂತಿ ಬರೋ ಹಾಗಾಗತ್ತೆ.,Disgust
"ಏನ್‌ ನಡೀತಾ ಇದೆ ಅಂತ ನಾನು ನಮ್ಮಪ್ಪ ಅಮ್ಮನ್ಹತ್ರ ನಿಜ ಹೇಳಿದ್ರೆ, ಅವ್ರಿಗೆ ಅದ್ನ ತಡ್ಕೊಳಕ್ಕಾಗತ್ತೋ ಇಲ್ವೋ ಅಂತ ಹೆದ್ರಿಕೆ ನಂಗೆ.",Fear
ಸಾವಿರದ ಒಂಭೈನೂರ ತ್ತೊಂಭತ್ತೇರಡರ ವಿಶ್ವಕಪ್ಪಲ್ಲಿ ಜಾಂಟಿ ರೋಡ್ಸ್ ಬ್ಯಾಟ್ಸ್ಮನ್ನ ರನ್ ಔಟ್ ಮಾಡಕ್ಕೆ ಒಳ್ಳೆ ಆಂಜನೇಯನ್‌ ಥರ ನೆಗ್ದು ಹಾರಿದ್ದು ಅದ್ಭುತ್ವಾಗಿತ್ತು.,Surprise
ನಾನು ಪ್ರತೀ ತಿಂಗ್ಳು ನನ್ ಆದಾಯದಲ್ಲಿ ೧೦% ಉಳ್ಸಿಟ್ಟೂ ಇಟ್ಟೂ ಈಗ ನನ್ ಖಾತೆಲಿ ಸಾಕಷ್ಟ್‌ ಹಣ ಇರೋ ಹಾಗಾಗಿದೆ.,Happiness
"ಕೆಲ್ವು ವಿದ್ಯಾರ್ಥಿಗಳು ಪರೀಕ್ಷೆಲಿ ಹೇಗೆಲ್ಲ ಮೋಸ ಮಾಡ್ತಾರೆ, ಅದ್ರ್‌ ಬಗ್ಗೆ ಅವ್ರಿಗ್ ಸ್ವಲ್ಪನೂ ಪಶ್ಚಾತ್ತಾಪ ಇಲ್ದಿರೋದ್ ನೋಡ್ದಾಗ್‌‌ ನಂಗ್ ಜುಗುಪ್ಸೆ ಆಗತ್ತೆ.",Disgust
ಈ ಆಕ್ಟರಿಗಿ ಇಷ್ಟ್‌ ದೊಡ್ಡ್‌ ಪಾತ್ರ ಯಾಕರೇ ಕೊಡ್ತಾರಂತೀನಿ. ಅವನಿಗಿ ಆಕ್ಟಿಂಗೇ ಬರಲ್ಲಾ.,Disgust
"ನನ್ ಮಗಾ ಫುಟ್ಬಾಲ್ ಏನ್‌ ಆಡಂಗಿಲ್ಲ ಆದ್ರೂ ಆ ಆಟದ್ ಬಗ್ಗೆ ಎಷ್ಟ್‌ ತಿಳಕೊಂಡಾನ, ಭಾಳ ಮಾಹಿತಿ ಇಟ್ಟಾನವ.",Surprise
ಹೋದ್‌ ಕ್ವಾರ್ಟರಲ್ಲಿ ಎಷ್ಟಿತ್ತೋ ಅಷ್ಟೇ ಇದ್ದಿದ್ ತೈಲ ಬೆಲೆ ಈಗ ಇದ್ಕಿದ್ದಂಗೆ ಗಗನಕ್ಕೇರಿರೋದ್‌ ನೋಡುದ್ರೆ ಬೇಜಾರಾಗ್ತಿದೆ.,Sadness
ಮುಖಂಡ್ರು ತಮ್ಮ್ ಸುತ್ತಮುತ್ತ ಎಲ್ಲ ದುರ್ವಾಸ್ನೆ ಇದ್ದಿದ್‌ ನೋಡಿ ಅಸಹ್ಯ ಆಗಿ ಮೂಗ್ ಮುಚ್ಚ್‌ಕೊಂಡ್ರು.,Disgust
"ಅವ್ರು ದೇಣಿಗೆ ಕೊಟ್ಟಿದ್ರೂ, ತೆರಿಗೆ ಕಡ್ಮೆ ಆಗೋಕೆ  ಅಗತ್ಯ ಇದ್ದಿದ್ ಮಾನದಂಡಗಳ್ನ ಪೂರೈಸೋಕಾಗ್ಲಿಲ್ಲ ನಮ್‌ ಕೈಲಿ.",Sadness
ಕೊನೇ ಪರೀಕ್ಷೆ ಒತ್ತಡ ತಡ್ಕೊಳಕ್ ನನ್ಕೈಲ್ ಆಗಲ್ವೇನೋ ಅಂತ ಈಗ್ಲೇ ಎದೆ ಢವಢವ ಹೊಡ್ಕೋತಿದೆ ನಂಗೆ.,Fear
ಅದ್ನ ಕೇಳಿ ಬೇಜಾರಾಗ್ತಿದೆ ನಂಗೆ. ನಿಮ್ಗೆ ನಿರ್ದಿಷ್ಟವಾಗಿ ಯಾವುದ್ರ್ ಬಗ್ಗೆ ಅಸಮಾಧಾನ ಆಗಿದ್ದು ಅಂತ ವಿವರವಾಗ್‌ ಹೇಳ್ತೀರ ದಯ್ವಿಟ್ಟು?,Sadness
ಎಲ್ಲನೂ ನಿಲ್ಲಿಸ್ಬೇಕಾಗಿರೋದು ನಂಗೊಂಥರ ಧೈರ್ಯಗೆಟ್ಟ್‌ಹಾಗ್‌ ಆಗಿದೆ.,Fear
ಯು.ಎಸ್.ಲಿ ನೆನ್ಪಿಗಾಗ್ ಏನಾದ್ರೂ ವಸ್ತುಗಳ್ನ ಕೊಂಡ್ಕೊಬೇಕೂಂದ್ರೆ ಲೋಕಲ್ ಮಾರ್ಕೆಟ್ಗಳು ಮತ್ತೆ ಯಾರ್ಡ್ ಸೇಲ್ಗಳಲ್ಲಿ ಅಂಥ ವಸ್ತುಗಳ್‌ ಭಂಡಾರನೇ ಇರತ್ತೆ.,Happiness
ಈ ವರ್ಷ ನಾನು ಬೇರ್ಬೇರೆ ಯೋಜ್ನೆಗಳ್ ಸಹಾಯದಿಂದ ಸಾಕಷ್ಟ್ ತೆರಿಗೆ ಹಣನ ಉಳ್ಸಿದೀನಿ.,Happiness
"ನಿಮ್ ಷರ್ಟಲ್ಲಿ ಸಾಂಬಾರ್ ಕಲೆ ಆಗಿದೆ, ಮತ್ತೆ ನಿಮ್‌ ಪ್ಯಾಂಟ್ ಮೇಲೆ ಸ್ವಲ್ಪ ಚಟ್ನಿ ಚೆಲ್ಲಿದೆ.",Disgust
ಈ ಮಿಸ್ ವರ್ಲ್ಡ್ ಸ್ಪರ್ಧೆಗೆ ಡಯಟ್ ಮಾಡೋಕೆ ನಾನ್ ಯಾಕಾದ್ರೂ ಒಪ್ಕೊಂಡ್ನೋ ಅನ್ಸ್ತಿದೆ. ಪಿಜ್ಜಾ ತಿನ್ನೋದ್ನ ಎಷ್ಟ್ ಮಿಸ್ ಮಾಡ್ಕೊತಿದೀನಿ ಗೊತ್ತಾ?,Sadness
"ಆ ಬಸ್ಸಿನವ್ರು ಬಸ್‌ ತಡಾ ಆಗಿದ್ದಕ್ಕ ಕ್ಷಮೆ ಏನೋ ಕೇಳಿದ್ರು, ಆದ್ರ ನಂಗ ವ್ಯಾಳ್ಯಾಕ್ಕ ಊರಿಗ್ ಹೋಗಲಿಕ್‌ ಆಗಲ್ಲಲ ಅಂತ ಬ್ಯಾಸರಾಯ್ತು.",Sadness
ಈ ದಾಖಲೆಗಳಲ್ಲಿ ನಂಗ್‌ ಕಂಡ್‌ಬಂದಿರೋ ಅಕ್ರಮಗಳ್‌ ಬಗ್ಗೆ ಅಸಹ್ಯ ಆಗೋಗಿದೆ ನಂಗೆ.,Disgust
ಅಕ್ಸೆಸೊರಿಯನ್ ಹುಡುಕಾಕ್  ನಾನ್  ಒಬ್ಬ ಕಸ್ಟಮರ್‌ಗೆ  ತಮ್ ಉಡುಪನ್ ಪೂರ್ತಿ ಮಾಡಕ್ಕೆ ಸಹಾಯ ಮಾಡ್ದೆ  ನಂಗ್ ಅದ್ರಿಂದ  ತೃಪ್ತಿ ಆಯ್ತು.,Happiness
"ಈ ಆಮ್ವೇನೋರು ಜನ್ರಿಗ್ ಇನ್ನೊಂದ್ ಆದಾಯ ಇರತ್ತೆ ಅಂತ ಆಸೆ ತೋರ್ಸಿ, ಅವ್ರನ್ನೆಲ್ಲ ಕುರಿ ಮಾಡೋದ್ ನೋಡಿದ್ರೆ ನಂಗ್ ಅಸಹ್ಯ ಅನ್ಸತ್ತೆ.",Disgust
ವೈರಸ್‌ ಅಟ್ಯಾಕ್ಸ್ ಆದ್ರೆ ಅಂತ ಭಯಕ್ಕೆ ಹೊರಗ್ನೋರಿಂದ ನಮ್‌ ಕಂಪ್ನಿಲ್‌ ಕೆಲ್ಸ ಮಾಡೋರ್ಗೆ ಇಮೇಲ್‌ಗಳೇ ಬರ್ದೇ ಇರೋ ಹಾಗ್‌ ಮಾಡ್ಬಿಟಿದಾರೆ ನಮ್‌ ಕಂಪ್ನಿಲಿ.,Fear
ಆ ಆನಿಮರೀದ್ ಮುದ್ಮುದ್ ಚಾಷ್ಟಿ ನೋಡ್ಕೋತ ಹೊತ್ಹೋಗಿದ್ದೇ ಗೊತ್ತಾಗ್ಲಿಲ್ಲಾ.,Happiness
ಅದ್ರ್‌ ಬಗ್ಗೆ ಕೆಲ್ಸ ಮಾಡ್ತಾ ನಿಮ್ಗೆಲ್ಲಿ ನಿರಾಶೆ ಮಾಡ್ಬಿಡ್ತೀನೋ ಅಂತ ಹೆದ್ರಿಕೆ ನಂಗೆ.,Fear
"ನಮ್ಗೆ ಈಗಿರೋ ಬಾಸ್‌ ತುಂಬಾ ಒಳ್ಳೆಯೋರು, ಸಾಕಷ್ಟ್‌ ಅರ್ಹತೆ ಇರೋರು. ಅಂಥೋರ್ ಬದ್ಲಿಗೆ ನಮ್‌ ಅಧ್ಯಕ್ಷ್ರು ಯಾರೋ ಹೊರಗ್ನೋರ್ನ ಕಂಪ್ನಿ ನಡ್ಸಕ್‌ ಕರ್ಕೊಂಡ್ಬರ್ತಿರೋದು ನಮ್ಗೆಲ್ಲ ಸ್ವಲ್ಪನೂ ಸರಿಹೋಗ್ಲಿಲ್ಲ.",Disgust
ನೀವ್ ಸಂಗ್ರಹಿಸಿಟ್ಟಿರೋ ಕಲಾಕೃತಿಗಳ್ ವೈವಿಧ್ಯ ನೋಡಿ ನಂಗಂತೂ ನಿಜಕ್ಕೂ ತುಂಬಾನೇ ಮೆಚ್ಗೆ ಆಯ್ತು.,Happiness
ನಾನಿವತ್ತು ಒಬ್ರು ಕಸ್ಟಮರ್‌‌ಗೆ ಅವ್ರ್ ಮಗುಗೆ ಒಳ್ಳೆ ಉಡುಗೊರೆ ಆಯ್ಕೆ ಮಾಡ್ಕೊಳೋದ್ರಲ್ಲಿ ಸಹಾಯ ಮಾಡ್ದೆ.,Happiness
"ಈ ವಾರದ್‌ ಕೊನೇಲಿ ನಮ್ಮನೆಗ್‌ ನೆಂಟ್ರು ಬರ್ತಿರೋದ್ರಿಂದ ಜಾಸ್ತಿ ನ್ಯೂಸ್‌ ಪೇಪರ್ಸ್‌ ತಗೊಳಣಾಂತಿದ್ದೆ, ಆದ್ರೆ ನೀವೇ ಊರಲ್ಲಿಲ್ಲ ಅಂದ್ರೆ ಅದಿನ್ನು ಆಗ್ದೇರೋ ಮಾತು.",Sadness
ನಗರ್‌ದೊಳಗ ಗಲಭೆಕೋರ್ರ ಗುಂಪ್‌ನ್ಯಾಗಿನ್ ಗಲಾಟಿ ಕೇಳ್ತಿದ್ದಂಗೆನೆ ನನ್‌ ಕೈಕಾಲ್ ನಡ್ಗೋಕ್‌ ಶುರು ಆದ್ವು.,Fear
ಅವ್ಗಳ್ನ ರಕ್ಷಣೆ ಮಾಡಿ ಮುಂದಿನ್ ಪೀಳಿಗೆಗಳೋರ್ಗೆ ಅಂತ ಉಳ್ಸೋದಕ್ಕೆ ನಾವು ನಮ್ ಕೈಲಾದಷ್ಟ್ ಪ್ರಯತ್ನ ಮಾಡ್ತಾ ಇದೀವಿ.,Sadness
ನೊಂದಿರೋ ಕಣ್ಗಳ್ಗೆ ಐರ್ಲೆಂಡ್ನ ಸೊಂಪಾದ್ ಹಸ್ರು ನೋಡೋದೇ ಒಂದ್‌ ಹಬ್ಬ.,Happiness
ಯಾರ್ಗೂ ಹೇಳಿಲ್ಲಾ ಕೇಳಿಲ್ಲಾ ಯಾವ್ದೂ ಕೆಲ್ಸಾನೂ ಮಾಡಿಲ್ಲಾ ಅದ್ಹೆಂಗ ನೀವ್‌ ಪ್ರೋಜೆಕ್ಟ್‌ ಡೆಡ್‌ಲೈನ್‌ ತೇಲಸ್ಬಿಟ್ರಿ.,Anger
ನಾನ್ ಅವ್ರ್‌ ಹತ್ರ ಕೇಳಿದ್ ತಕ್ಷಣ ಆ ರೈಲ್ವೆ ಬುಕಿಂಗ್ ಗುಮಾಸ್ತ್ರು ನಂಗೆ ಬಸ್ ಬುಕಿಂಗ್ ಕೌಂಟರ್ಗ್ ಹೋಗೋ ದಾರಿ ತೋರ್ಸ್ಕೊಟ್ಟಿದ್ದು ಖುಷಿ ಆಯ್ತು.,Happiness
ಆದಾಯ ತೆರಿಗೆ ಕಟ್ಟೋದ್ರಿಂದ ತಪ್ಪಿಸ್ಕೊಂಡು ಬೇರೆ ದೇಶಕ್ಕೆ ರಾಶ್ರಾಶಿ ಹಣ ಕಳ್ಸೋ ಜನ್ರೇ ಇದಕ್ಕೆಲ್ಲ ಕಾರಣ.,Disgust
ಲಂಡನ್ನಲ್ಲಿ ಅಂಗ್ಡಿ ಮಾಲೀಕ್ರು‌ ವಾರಾಂತ್ಯದಲ್ಲಿ ಅಂಗ್ಡಿ ಮುಚ್ಚಿರತ್ತೆ ಅಂದ್ಬಿಟಿದ್ದು ನಂಗ್‌ ಆಘಾತ ಆಯ್ತು! ನಂಗ್‌ ಅವಾಗ್‌ ಬಿಟ್ರೆ ಇನ್ಯಾವ್‌ ಸಮಯ್ದಲ್ಲೂ ಷಾಪಿಂಗ್‌ಗೆ ಅಂತ ಹೋಗಕ್ಕಾಗಲ್ಲ.,Surprise
ನನ್‌ ಮಗಾ ತನ್‌ ಓದಿನ್‌ ಸಲ್ವಾಗಿ ಎಷ್ಟ್ ಸಾಲಾ ಮಾಡ್ಯಾನಂತ ನೋಡಿದ್ರ ನಂಗ್ ಭಾಳ ಸೋತ್ಹೋದಂಗ್ ಅನ್ಸಿಬಿಡ್ತದ.,Sadness
ನಂಗ್  ಕೋಪ  ಬರ್ತಾ ಇದೆ ಯಾಕಂದರ ಭೂಮಾಲೀಕರಿಂದ್  ಬೆಂಬ್ಲ ಮತ್ ಸಂಘಟನೆಯ ಕೊರತೆಯಿಂದಾಗ್  ಕಾರ್ಮಿಕರ ಕಠಿಣ ಪರಿಶ್ರಮ ವ್ಯರ್ಥ ಆಗುತ್ತೆ ಅಂತ.,Anger
ರೆಸ್ಟೋರಂಟ್ನೋರು ಅನಿರೀಕ್ಷಿತ್ವಾಗಿ ಬರ್ತ್‌ಡೇ ಕೇಕ್‌ನ ನನ್‌ ಹೆಂಡ್ತಿ ಮುಂದೆ ತಂದಿಟ್ಟಾಗ ಅವ್ಳಿಗದ್ನ ನಂಬಕ್ಕೇ ಆಗ್ಲಿಲ್ಲ.,Surprise
"ಡಾಕ್ಟ್ರೇ, ನನ್‌ ಟೆಸ್ಟ್‌ ರಿಸಲ್ಟ್ಸಲ್ಲಿ ಏನ್ ಸರ್ಯಾಗಿಲ್ಲ ಅಂತ ಬಂದಿದೆ? ನಾನ್ ಚೆನ್ನಾಗಿರ್ತೀನ್ ತಾನೇ?",Fear
"ನಾನ್ ಮಗು ಆಗಿದ್ದಾಗ ನೀವ್ ಏನ್ ಮಾಡುದ್ರಿ  ಅಥ್ವಾ ಮಾಡ್ಲಿಲ್ಲ ಅನ್ನೋದಕ್ಕೆ ಈಗ್‌ ಯಾವ್‌ ಮಹತ್ತ್ವನೂ ಇಲ್ಲ ಅಪ್ಪ. ಮೊದ್ಲು ಅದ್ನರ್ಥ ಮಾಡ್ಕೊಳಿ, ಸ್ವಲ್ಪನಾದ್ರೂ ಆತ್ಮಗೌರವ ಬೆಳೆಸ್ಕೊಳಿ!",Disgust
ಆ ವಿಸಿಟರ್ರು ನನ್ ಕಾರ್ ನಿಲ್ಸಿದ್ ಜಾಗದ್ ಮುಂದೆನೇ ಅವ್ರ್ ಕಾರ್‌ನ ನಿಲ್ಲಿಸ್ದಾಗ ನಂಗ್‌ ಸುಟ್ಬಿಡೋಷ್ಟ್ ಕೋಪ ಬಂದಿತ್ತು.,Anger
ಈಗ ಪಾಳ್ಬಿದ್ದಿರೋ ಆ ಹಳೇ ತೋಟದ್ಮನೆಲಿ ಒಂದ್ ಕಾಲ್ದಲ್ಲಿ ಎಷ್ಟೆಲ್ಲ ಸಂತೋಷ ತುಂಬಿತ್ತು ಅಂತ ನೆನ್ಸ್ಕೊಂಡ್ರೆ ಎದೆ ಭಾರವಾಗತ್ತೆ.,Sadness
ತಂಪಾದ್ ದಿನ ಇದ್ದಾಗ್  ಬಿಸಿಯಾದ್  ಕೊಕೊನ  ಸವಿತಾ ಆನಂದಿಸ್ದಾಗ  ತೃಪ್ತಿ ಆಗುತ್ತೆ.,Happiness
ನಾವ್ ಹೊಲದಾಗ ಕೆಲಸಾ ಮಾಡಬೇಕಾದಾಗ ಮಧ್ಯಾನ್ಹ ಊಟಕ್ಕ ಕೂಡಾಕ್ ಒಳ್ಳೆ ಜಾಗ ಹುಡುಕಿ ಕುಡಾಕ್ ಇಷ್ಟಪಡ್ತೇನೆ.,Happiness
ಹುಡುಗಿಯೊಬ್ಳು ಸಸ್ಯಾಹಾರಿ ಆಹಾರಕ್ರಮನ್  ಶುರು ಮಾಡಿ ಹಣ್ಣುಗಳನ್ ಮಾತ್ರ ತಿಂದ್ ನಂತ್ರ ಸತ್ಲು ಅಂತ  ಕೇಳ್ ನಂಗ್  ಆಘಾತ  ಆಯ್ತು.,Sadness
ನಮ್ ಬೀದಿಲಿ ಎಷ್ಟೋ ಮನೆಗಳ್ನ ಅಕ್ರಮವಾಗ್ ಕಟ್ಕೊಂಡಿರೋದ್‌ ನೋಡಿದ್ರೆ ನಂಗ್ ಮೈಯೆಲ್ಲ ಉರ್ಯುತ್ತೆ.,Anger
ಯಾವ್ದೇ ಕ್ರೀಡೆಲಿ ಒಳ್ಳೆ ಆಟಗಾರ್ರಾಗ್ಬೇಕು ಅಂದ್ರೆ ತುಂಬಾ ಮುಖ್ಯವಾಗ್‌ ಬೇಕಾಗಿರೋದು ಶಿಸ್ತು. ನೀವು ಅರ್ಧ ಗಂಟೆ ತಡವಾಗ್ ಬಂದು ಒಳ್ಳೆ ಕ್ರೀಡಾಪಟು ಆಗ್ಬಹುದು ಅಂತ ಕನ್ಸಲ್ಲೂ ಅನ್ಕೋಬೇಡಿ.,Anger
ಹೋ! ಇದು ಪೆಟ್ರೋಲೇ ಇಲ್ದೇ ಓಡೋಂಥ ಹೊಸಾ ಹೈಬ್ರಿಡ್ ಕಾರಾ?!,Surprise
ನಮ್‌ ಮಕ್ಳೆಲ್ಲ ಯು.ಎಸ್.ನಲ್ಲಿರೋದ್ರಿಂದ ಎಷ್ಟೋ ಸಲ ನಾವಿಲ್ಲಿ ಒಬ್ಬಂಟಿಗ್ರು ಅನ್ಸಿ ಯಾವುದ್ರಲ್ಲೂ ಖುಷಿನೇ ಇಲ್ದಂಗಾಗ್ಬಿಡತ್ತೆ.,Sadness
ಊಟದ್ ವಿರಾಮದ್  ಸಮ್ಯದಲ್ ಕಾರ್ಮಿಕ್ರಾದ ನಾವ್ ಇಲ್ಲಿ  ಕೆಲ್ಸ ಮಾಡೋವಾಗ  ಹಸಿವಿನಿಂದ್ ಕಷ್ಟ ಪಡ್ಲಿ ಅಂತ ಭೂಮಾಲೀಕರು ಬಯಸ್ತಾ ಇದ್ದಾರೆ ಅನ್ಸುತ್ತೆ. ಸರ್ಯಾದ್  ವ್ಯವಸ್ಥೆ  ಕೊಡ್ದೆ  ಮತ್ ಊಟದ್ ಆಯ್ಕೆ ಮಾಡಕ್ಕೂ ಇಲ್ಲ ಅಂತ ಬೇಜಾರ ಆಗ್ತಿದೆ.,Anger
"ಆ ಕೊಳಕು ಅಂಗ್ಡಿಲಿ ಅಷ್ಟೆಲ್ಲ ಹಳೇದಾಗಿರೋ, ಬೂಸ್ಟ್‌ ಹಿಡ್ದಿರೋ ಬಟ್ಟೆಗಳ್ನ ನೋಡಿ ತಡ್ಕೊಳಕ್ಕಾಗ್ಲಿಲ್ಲ ನಂಗೆ, ಒಂದ್ನಿಮ್ಷನೂ ಇರ್ದೇ ಬಂದ್ಬಿಟ್ಟೆ, ಇಲ್ಲಾಂದ್ರೆ ಅಲರ್ಜಿ ಆಗೋಗಿರೋದು ನಂಗೆ.",Disgust
ಆ ರೆಫ್ರಿ ಚೆಂಡಿನ್ಮೇಲೇ ಉಗುಳಿದ್ರು. ನಾನಂತೂ ಮುಟ್ಟಲ್ಲ ಈಗದ್ನ.,Disgust
ಆ ಯುವ ಸಂಗೀತ್ಗಾರ ವೇದಿಕೆ ಮೇಲ್‌ ಹಾಡಾದ್ಮೇಲೆ ಅವ್ನ್ ಸಂಗೀತದ ಗುರುಗಳ್ಗೆ ಸರ್ಯಾದ್ ಗೌರವ ತೋರ್ಸ್ಲಿಲ್ಲ ಅಂತ ನನ್‌ ಮನ್ಸಿಗೊಂಥರ ಪೆಚ್ಚಾಯ್ತು.,Sadness
ಆ ಎಲೆಕ್ಟ್ರಿಕಲ್‌ ಅಂಗ್ಡಿಯೋರು ನನ್ಹತ್ರ ಆ ಪಾಟಿ ದುಡ್ಡಿಸ್ಕೊಂಡು ನನ್ ಹೊಸ ಮನೆಗೆ ಕಳಪೆ ವೈರ್‌ ಕೊಡಕ್‌ ನೋಡ್ದಾಗ ನಂಗ್‌ ಎಲ್ಲಿಲ್ಲದ್‌ ಕೋಪ ಬಂದು ರೇಗಾಡ್ಬಿಟ್ಟೆ.,Anger
"ನಿಮ್ ಹತಾಶೆ ನಂಗ್ ಅರ್ಥಾಗತ್ತೆ, ಗುಣಮಟ್ಟದ್‌ ವಿಷ್ಯದಲ್ಲಿ ಆಗಿರೋ ಸಮಸ್ಯೆಗಳ್ನ ಪರಿಹರ್ಸೋಕೆ ನಾನ್ ಸಾಧ್ಯ ಇರೋ ಎಲ್ಲಾ ಆಯ್ಕೆಗಳ್ನೂ ನೋಡ್ತೀನಿ.",Sadness
"ನನ್ ಆತಂಕನ  ಕಡ್ಮೆ ಮಾಡೋವಲ್ಲಿ  ಕೌನ್ಸೆಲಿಂಗ್ ಸೆಷನ್ಗಳು ಎಷ್ಟು ಯಶಸ್ವಿಯಾಗಿದೆ  ಅಂದ್ರೆ   ನಂಗ್  ನಂಬಕ್ಕೆ  ಆಗ್ತಿಲ್ಲ. ಮೊದ್ಲಿಗೆ ನನ್ಗೆ ಸಂಶಯ ಇತ್ತು, ಆದ್ರೆ  ಈಗ ನನ್ ಹೆಗಲಿನಿಂದ್ ದೊಡ್  ಭಾರ ಇಳ್ದ ಹಾಗೆ  ಅನಿಸ್ತಿದೆ.",Surprise
ದೊಡ್ದೊಡ್ ಆಡಿಟ್ ಸಂಸ್ಥೆಗಳು ನಿಯಮಗಳಲ್ಲಿರೋ ಲೋಪದೋಷಗಳ್ನ ತಮ್‌ ಲಾಭಕ್ಕೋಸ್ಕರ ಹೇಗೇಗೆಲ್ಲ ಬಳಸ್ಕೊಳತ್ವೆ ಅನ್ನೋದ್ನೋಡುದ್ರೆ ಅಸಹ್ಯ ಆಗತ್ತೆ.,Disgust
ನಮ್ ಆರ್ಥಿಕ ಭವಿಷ್ಯವನ್ನೇ ಅಪಾಯಕ್ ತಳ್ಳೋಂಥ ಸಾಲನ ನಾವ್ ಸುತರಾಂ ತಗೊಳಲ್ಲ!,Anger
ಸಾಗ್ರದಲ್ಲಿರೋ ಸ್ಫಟಿಕ ಸ್ಪಷ್ಟ್  ನೀರ್  ಪದಗಳಲ್ ಹೇಳಕಾಗ್ದಾಸ್ಟ್  ಆಶ್ಚರ್ಯಕರ ಆಗಿದೆ.!,Surprise
ವಾಹ್! ವಿಳಾಸದ್ ಬಗ್ಗೆ ನಮ್ಗೆ ಸುಮಾರ್ ಗೊಂದಲಗಳಿದ್ರೂ ನೀವು ವಿಳಾಸದ್ ನಿಖರವಾದ್‌ ಜಾಗಕ್ಕೆ ಅಂತೂ ಕರ್ಕೊಂಡ್‌ ಬಂದ್ಬಿಟ್ರಿ ನಮ್ಮನ್ನ.,Surprise
ಅಯ್ಯಯ್ಯಾ.. ನನ್ ಕಕ್ಕಸ್ಸಿನ್ ಮಾದರಿ ಯಾಕ್ಬೇಕು ನಿಮ್ಗೆ?!,Disgust
ನಾವಿಬ್ರೂ ಒಟ್ಟಿಗಿ ಇಷ್ಟೆಲ್ಲಾ ದಾಟಗೊಂಡ್‌ ಬಂದಿವಿ ಅಂದ್ರನೂ ನನ್‌ ಬೆನ್‌ ಹಿಂದ್‌ ನೀ ಏನರೇ ಅನ್ಯಾಯದ್‌ ಮಾತಾಡ್ತಿ ಅಂದ್ರ ನಂಗ್ ನಖಶಿಖಾಂತ ರೇಗ್ಲಿಕತ್ತದ.,Anger
"ಬೇ ಏರಿಯಾದಾಗ್ ಈ ಸಿ.ಇ.ಓ.ಗಳ್ದು ಏನ್ ಪಗಾರೋಪಾ ‌ಇದಂತೂ ಹೆಚ್ಚಿನ್ದಾಯ್ತು, ತೀರಾ ಅತಿ.. ನಂಗಂತೂ ರಕ್ತ ಕುದೀತದ.",Anger
"ಡ್ರೈವರ್ ಅವ್ರೇ! ನಾನ್ ನಿಮ್ಗೆ ವಿಳಾಸನ ತಪ್ಪಾಗ್‌ ಹೇಳ್ಬಿಟಿದೀನಿ, ಕ್ಷಮ್ಸಿ. ವಿಳಾಸದ್ ಬಗ್ಗೆ ನಂಗೆ ಗೊಂದಲ ಆಗೋಗಿತ್ತು.",Sadness
ಪಿಯರ್-ಟು-ಪಿಯರ್ ಸಾಲ ಕೊಡೋ-ತಗೋಳೋ ಪ್ಲಾಟ್ಫಾರ್ಮ್‌ಗಳು ಎಷ್ಟ್ ಬೇಗ ಇಷ್ಟೆಲ್ಲ ಜನಪ್ರಿಯತೆ ಗಳ್ಸಿವೆ ಅಂತ ಆಶ್ಚರ್ಯ ಆಗತ್ತೆ.,Surprise
ಫಿಲಡೆಲ್ಫಿಯಾ ರೈಲು ನಿಲ್ದಾಣದ್  ಹತ್ರ  ಹೋಗೋವಾಗ್  ನಾವ್ ತುಂಬಾ ಜಾಗೃತೆಯಿಂದ್ ಇರ್ಬೇಕು; ಅಲ್ಲಿ ಕಳ್ರು  ಇದ್ದಾರೆ ಅವ್ರು ಹಾಗ್ ಮಾಡ್ತಾರೆ ಹೀಗ್ ಮಾಡ್ತಾರೆ ಅಂತ ಕೇಳಿದ್ದೆ.,Fear
"ನಮ್ಮಲ್ಲಿರೋ ‌ಹಳೇ ಯಂತ್ರಗಳೆಲ್ಲ ಯಾವ್‌ ಕ್ಷಣದಲ್‌ ಬೇಕಾದ್ರೂ ಕೈಕೊಡ್ಬೋದೂಂತ ಕಾರ್ಖಾನೆಲಿ ಕೆಲ್ಸ್‌ಗಾರ್ರು ಮಾತಾಡ್ಕೊತಿದ್ದಿದ್‌ ಕೇಳ್ದೆ, ಹಾಗೇನಾದ್ರೂ ಆದ್ರೆ ಅದ್ರಿಂದಾಗೋ ವಿಳಂಬ, ನಷ್ಟಗಳ್ನೆಲ್ಲ ಯೋಚ್ಸುದ್ರೇ ಮೈ ಬೆವರ್ತಿದೆ.",Fear
ನಾನ್ ಗೊತ್ತಿಲ್ದೇ ಆ ಅವಧಿ ಮೀರಿದ್ ಮೊಸ್ರು ಕುಡ್ದು ಆಮೇಲ್ ವಾಂತಿ ಮಾಡೋ ಹಾಗಾಗೋಯ್ತು.,Disgust
ವಾಹನ ತೊಳ್ಯೋವಾಗ ಅದೇನಾದ್ರೂ ಜಖಂ ಆಗ್ಬಿಟ್ರೆ ಅಂತ ಚಿಂತೆ ಆಗ್ತಿದೆ ನಂಗೆ.,Fear
ಕಾರ್ಬೆಟ್ ರಾಷ್ಟ್ರೀಯ ಉದ್ಯಾನ್ದಲ್ಲಿರೋ ಹೋಮ್‌ಸ್ಟೇನಲ್ ಉಳ್ಯೋ ಯೋಚ್ನೆಗೇ ನಂಗ್‌ ಎದೆಯೆಲ್ಲ ಝಲ್ಲಂತಿದೆ.. ಅಲ್ಲಿ ಸುತ್ಲೂ ಎಷ್ಟೊಂದ್ ಹುಲಿಗಳಿವ್ಯಂತಲ್ಲ!,Fear
ಭಾರತ ಅಮೆರಿಕಾಗ್ ಅಕ್ಕಿ ರಫ್ತ್ ಮಾಡದ್‌ ಬಂದ್‌ ಮಾಡ್ತದಂತ ಸುದ್ದಿ ಹಬ್ಸಿದ್ದಕ್ಕ ಎನ್.‌ಆರ್.ಐ.ಗಳ್‌ ಕಂಡ್‌ಕಂಡಂಗ್ ಅಕ್ಕಿ ಖರೀದಿ ಮಾಡ್ಕೊಂಡ್ ಕುಂತಾರಂತ ಈಗ!,Surprise
ನೀವ್‌ ಸರ್ಯಾಗ್‌ ರೆಸ್ಟ್‌ ಮಾಡ್ಲಿಲ್ಲ ಅಂದ್ರೆ ಅದ್ರಿಂದ ನಿಮ್‌ ಬೆನ್ನಿನ್‌ ಮೇಲೆ ಕೆಟ್‌ ಪರಿಣಾಮ ಆಗತ್ತೇನೋ ಅಂತ ನಂಗ್‌ ಆತಂಕ ಆಗ್ತಿದೆ.,Fear
"ಜನ ಚೆನ್ನಾಗ್‌ ಕೆಲ್ಸ ಮಾಡ್ತಿದಾರೆ ಅಂದ್ರೂ ಪ್ರತೀವರ್ಷ ಅವ್ರಿಗ್‌ ಬಡ್ತಿ ಕೊಡ್ತಾ ಇದ್ರೆ ಅದು ಅಷ್ಟ್‌ ಸರಿಯಲ್ಲ‌, ಕಂಪ್ನಿಗೂ ಒಳ್ಳೇದಲ್ಲ ಅನ್ನೋ ಸಾಮಾನ್ಯ ಪ್ರಜ್ಞೆನೂ ಇಲ್ವಾ ನಿಮ್ಗೆ?!",Disgust
ನನ್ ಮಗ್ನಿಗೆ  ಇವತ್  ಡ್ರೈವಿಂಗ್ ಲೈಸೆನ್ಸ್  ಸಿಕ್ತು  ಮತ್ ಈಗ ಅವ್ನು ಸ್ವತಂತ್ರವಾಗ್  ಡ್ರೈವಿಂಗ್  ಮಾಡ್ಬೋದು  ಅಂತ  ನಂಗ್  ತುಂಬಾ ಸಂತೋಷ ಆಯ್ತು.,Happiness
ಈ ಬೇಸಿಗೆಲಿ ಹಿಮಾಲಯದ್ ಗಿರಿಧಾಮಗಳಲ್ಲಾಗಿರೋ ಟ್ರಾಫಿಕ್‌ ಜಾಮ್‌ ನೋಡಿ ನಂಗ್‌ ದಿಗ್ಭ್ರಮೆ ಆಗೋಯ್ತು. ಅಬ್ಬಬ್ಬಾ! ಅದೇನ್‌ ಜನ ಮರುಳೋ ಜಾತ್ರೆ ಮರುಳೋ ಅಂತಾರಲ ಹಾಗೆ!,Surprise
ನಾನು ಅತ್ಯುತ್ತಮ ಆಟಗಾರ ಅಲ್ದೇ ಇರ್ಬಹುದು ಆದ್ರೆ ಕಳೆದ ಕೆಲ್ವು ತಿಂಗ್ಳಲ್ಲಿ ನಾನ್ ಹೇಗೆಲ್ಲ ಸುಧಾರ್ಸಿದೀನಿ ಅನ್ನೋ ಬಗ್ಗೆ ನಂಗೆ ನಿಜ್ವಾಗ್ಲೂ ಸಮಾಧಾನ ಇದೆ.,Happiness
"ಈ ಟೈಲ್ಸ್‌ಇಂದಾಗಿ ಹಳೇ ಬಚ್ಚಲ್ಮನೆ ಎಷ್ಟ್‌ ಹೊಸ್ದಾಗಿ, ಚೆನ್ನಾಗ್‌ ಕಾಣ್ತಿದ್ಯಲ ಅಂತ ನಂಗ್ ನಿಜ್ವಾಗ್ಲೂ‌ ತುಂಬಾ ಖುಷಿ ಆಗಿದೆ.",Happiness
ಫ್ರಿಜ್ಜಿಂದ ನೀರ್ ಸೋರ್ತಿರೋದ್‌ ನೋಡ್ದ್ರೆ ಯಾಕೋ ಆತಂಕ ಆಗ್ತಿದೆ - ಇದ್ರಿಂದ ಅಡ್ಗೆಮನೆ ನೆಲ ಅಥ್ವಾ ಫ್ರಿಜ್ಜೇ ಹಾಳಾಗ್ಬಿಡಲ್ಲ ತಾನೇ?!,Fear
ನಾನಿರೋ ಒಂದ್ ವಾಟ್ಸಾಪ್‌ ಗ್ರೂಪ್‌ನ ನಿರ್ವಹಿಸ್ತಾ ಇರೋರು ಗ್ರೂಪಲ್ಯಾರೋ ಭಾರತೀಯ್ರ ಬಗ್ಗೆ ಆಕ್ಷೇಪಾರ್ಹವಾಗ್‌ ಮಾತಾಡಿದ್ರೂ ಸುಮ್ನಿರೋದ್ನೋಡಿ ನಂಗ್‌ ಕೋಪ ಹೊತ್ತುರಿತಿದೆ.,Anger
ಬಸವನ್‌ ಹುಳನ್ ಮುಟ್ಬೇಕಂತ ನೆನಸ್ಕೊಂಡ್ರೇ ಮೈತುಂಬಾ ಹುಳಾಹರ್ದ್ಹಂಗ್ ಜುಂ ಅನ್ತದ.,Disgust
ಹೇಯ್! ಈ ಪುಸ್ತಕಕ್ಕೆ ಶೇಕಡ ಇಪ್ಪತ್ತೈದ್ರಷ್ಟ್  ರಿಯಾಯ್ತಿ ಇದ್ರೂ ನನ್ಹತ್ರ ಜಾಸ್ತಿ ದುಡ್ಡ್ ತೊಗೋತಿದೀರಲ ನೀವು. ಏನ್‌ ಮೋಸ ಮಾಡಕ್‌ ನೋಡ್ತಿದೀರ ನಂಗೆ?,Anger
ನಾನ್ ಈ ವಿಷ್ಯದಲ್ಲಿ ಎಷ್ಟ್ ಹಿಂದೆ ಇದೀನಿ ಅಂದ್ರೆ ಅದಕ್ಕೆ ಸಂಬಂಧ್ಸಿದ್ ಪುಸ್ತಕಗಳ್ನ ಮುಟ್ಟಕ್ಕೂ ಭಯ ಆಗತ್ತೆ ನಂಗೆ.,Fear
ನಿಮ್‌ ಅಂಗ್ಡ್ಯಾಗ ಯಾವಾಗ್ಲೂ ನಂಗ ಅಗ್ದೀ ಬೇಕಾಗಿರ ಸಾಮಾನೇ ಖಾಲಿ ಮಾಡ್ಕೊಂಡ್‌ ನಮ್ ಜೀವ್‌ ತಿನ್ತೀರ್ ನೀವ್..ಧತ್..‌ ಇವತ್ತಿನ್ ಕೆಲ್ಸೆಲ್ಲ ಕೆಟ್ವು.,Anger
ಇವ್ರ್‌ ಅಂಗ್ಡ್ಯಾಗ ಮೊದಲ್ನೇ ಸರ್ತಿ ಖರೀದಿ ಮಾಡವ್ರಿಗಿ ಕೊಡ್ಲಿಕತ್ತಿದ್‌ ಡಿಸ್ಕೌಂಟ್‌ ನೋಡಿ ನಾ ಅಂತೂ ಖುಷಿಲೇ ದಂಗಾಗೀನಿ.,Surprise
"ಯಾವ್ದೇ ಸಂಸ್ಥೆಗೆ ಅದ್ರಲ್ಲಿರೋ ಅತ್ಯುತ್ತಮ ಉದ್ಯೋಗಿಗಳೂ ಕೂಡ ಅನಿವಾರ್ಯರೇನಲ್ಲ ಅನ್ನೋದ್ನ ನಂಗ್ ಅರ್ಗಿಸ್ಕೊಳಕ್ಕೇ ಆಗಲ್ಲ. ಎಂಥ ವಿಪರ್ಯಾಸ ಇದು, ಛೇ.",Disgust
ಸಿನ್ಮಾದಲ್ಲಿ ನನ್ ಅಭಿನಯಕ್ಕೆ ಥಿಯೇಟ್ರಲ್ಲಿದ್ದೋರೆಲ್ಲ ಕಿವಿಗಡಚಿಕ್ಕೋ ಹಾಗೆ ಚಪ್ಪಾಳೆ ತಟ್ಟಿ ಮೆಚ್ಗೆ ಸೂಚ್ಸಿದ್ದು ನಂಗಂತೂ ಆಕಾಶ್ದಲ್ಲೆಲ್ಲೊ ತೇಲಾಡ್ತಾ ಇರೋ ಹಾಗ್‌ ಅನ್ಸ್ತಿತ್ತು.,Happiness
ಯಪ್ಪಾಹ್.. ಮೈಯೆಲ್ಲ ಮಣ್ಣ್‌ ಮೆತ್ಕೊಳತ್ತೆ ಅಂದ್ರೂ ಡರ್ಟ್ ಬೈಕಿಂಗ್‌ನ ನೀವ್‌ ಅದ್ಹೇಗ್‌ ಎಂಜಾಯ್‌ ಮಾಡ್ತೀರೋ ಏನೋಪ್ಪ.,Disgust
"ಬೇಗ ನನ್ನನ್ನ ದೋಣಿ ಮೇಲ್ ಎಳ್ಕೊಳಿ‌, ನೀರಲ್ಲಿ  ಶಾರ್ಕ್ ಇದೆ.",Fear
"ನಮ್ ಅಪಾರ್ಟ್ಮೆಂಟಿನ್ಯಾಗ ಇರ್ತಾನ ಒಬ್ಬಾವ ಒಂಚೂರೂ ಮರ್ಯಾದಿಲಿಂದ ಇರಲ್ಲಾ, ಅವನ್ ಮಾರಿ ನೋಡಿದ್ರ ನಂಗ್ ಮೈ ಉರಿತದ.",Anger
ನಿರ್ದೇಶಕ್ರು ತಲೆ ಅಲ್ಲಾಡಿಸ್ತಿದ್ಹಾಗೇ ನಂಗೆ ಯಶಸ್ಸು ಕಾಣೋಕಿದ್ದ ಕೊನೇ ಅವ್ಕಾಶನೂ ತಪ್ಪ್‌ಹೋಯ್ತು.,Sadness
ನಮ್ ಸಾಗರಗಳು ಆ ಪಾಟಿ ಆಳ ಇರತ್ವೆ ಅಂತ ಗೊತ್ತಾಗಿ ನಾನ್‌ ದಂಗಾಗೋದೆ!,Surprise
"ನನ್‌ ಬಳಿ ಕೆಲ್ಸಾ ಮಾಡ ಮ್ಯಾನೆಜರ್‌ ಒಬ್ಬಾವ ತಾ ರಾತ್ರಿ ಲೇಟಾಗ್ ಇ-ಮೇಲ್‌ ಕಳ್ಸ್ಯಾನ ಅದ್ಕ ಅವನ್‌ ಟೀಮಿನವ್ರು ಜಲ್ದಿ ರಿಪ್ಲೈ ಮಾಡಿಲ್‌ ಮತ, ಅದ್ಕಂತ ಅವ್ರ ಮ್ಯಾಲ್‌ ಚೀರ್ಯಾಡಿ ಹೊಲಸ್‌ ಭಾಷಾದಾಗ ಮಾತಾಡ್ಯಾನಂತ, ನನ್‌ ಮೈಯುರಿಲಿಕತ್ತದ.",Anger
ನನ್ ಹೊಸ ಮನೆಗೆ  ತಕೊಂಡ್  ವಯರ್ನ ಗುಣಮಟ್ಟದಿಂದ್  ನಂಗ್  ನಿಜ್ವಾಗ್ಲೂ ಆಶ್ಚರ್ಯ ಆಗಿದೆ. ಅದೇನು ದೊಡ್ಡ ವ್ಯತ್ಯಾಸವಿರಲ್ಲ ಅಂದ್ಕೊಂಡಿದ್ದೆ!,Surprise
ಇದ್ಕಿದ್ದಂಗೆ ನಿಮ್ ಆದಾಯ ಇಷ್ಟೊಂದ್‌ ಜಾಸ್ತಿ ಆಗಿದೆ ಅಂದ್ರೆ ಯಾರೋ ಹೂತಿಟ್ಟಿದ್‌ ನಿಧಿ ಏನಾದ್ರೂ ಸಿಕ್ತಾ ಹೇಗೆ?!,Surprise
"ಹಳೆ ಕತ್ಲೆ ಮನೆಲಿ ಗಾಳಿ ಇದ್ದಕ್ಕಿದ್ದಂತೆ ತಣ್ಣಗಾದ್  ಹಾಗಾಯ್ತು,  ಆತ್ಮ ಇರಬೋದೇನೋ ಅನ್ನೋ ಯೋಚ್ನೆ ಯಿಂದ್ ನಂಗ್ ಭಯ ಆಯ್ತು.",Fear
ನನ್ ರೊಟ್ಟಿಗೆ ಕಡ್ಮೆ ತುಪ್ಪ ಹಾಕೋಕಾಗಲ್ವಾ ನಿಮ್ಗೆ? ನಂಗ್ ಕೊಲೆಸ್ಟ್ರಾಲ್‌ ಜಾಸ್ತಿ ಇದೆ ಅಂತ ನಿಮ್ಗೆ ಗೊತ್ತಿಲ್ವ?,Anger
ಶಸ್ತ್ರಚಿಕಿತ್ಸೆ ಮಾಡಕ್ಕೆ  ನನ್ ರಕ್ತದ ಟೈಪ್ಗೆ   ಸರಿ ಆಗೋ ರಕ್ತ ಸಿಗುತ್ತೋ ಅನ್ನೋದ್ರ  ಬಗ್ಗೆ ನಂಗ್  ನಿಜ್ವಾಗ್ಲೂ  ಭಯ ಆಗ್ತಿದೆ.  ನನ್ ಚಿಕಿತ್ಸೆಗೆ ಆರೋಗ್ಯ ಕೇಂದ್ರದಲ್ ಸರ್ಯಾದ ಸಂಪನ್ಮೂಲಗಳ್ ಇದ್ಯಾ ?,Fear
‌ಭಾರತ್ದಲ್ಲಿ ಜನ್ರು ಇಷ್ಟ್ ಅಸ್ತವ್ಯಸ್ತವಾಗಿರೋ ಟ್ರಾಫಿಕ್‌ ವ್ಯವಸ್ಥೆನ ಯಾವ್ದೇ ತೊಂದ್ರೆಯಿಲ್ದೇ ನಿಭಾಯ್ಸೋದ್‌ ನೋಡಿದ್ರೆ ನಂಗಂತೂ ತುಂಬಾ ಆಶ್ಚರ್ಯ ಆಗತ್ತಪ್ಪ.,Surprise
ಈ ಐಟಂಗಿರೋ ವಾರಂಟಿನ ನೀವ್‌ ಗಣನೆಗ್‌ ತಗೊಳಲ್ಲ ಅಂದ್ರೆ ಏನ್ರಿ ಅರ್ಥ?!,Anger
ಈ ಪಾಸ್ಟಾ ಸಾಸ್‌ನ ನೆಕ್ತಿದ್ರೆ ನನ್‌ ನಾಲ್ಗೆಗೂ ಅದ್ಕೂ ಒಳ್ಳೆ ಹೇಳ್ಮಾಡಿಸ್ದಂಗಿದೆ.,Happiness
ಬರೀ ಈ ಪೌಳಿ ಸುತ್ತ ಅಡ್ಯಾಡ್ಸಿ ಆ ಗೈಡ್‌ ನಂಗ ಇಷ್ಟ್‌ ಜಾಸ್ತಿ ರೊಕ್ಕಾ ಕೇಳ್ಯಾನಂತ ನಂಗ್‌ ಪಿತ್ತ್‌ ನೆತ್ತಿಗೇರ್ತು.,Anger
"ಶತಕ ಗಳ್ಸಾದ್ಮೇಲೆ ಆ ಕ್ರಿಕೆಟಿಗ ತನ್ ಎದುರಾಳಿಗಳ್ಮೇಲೆ ಕೆಟ್‌ಕೆಟ್ದಾಗ್ ಮಾತಾಡಿದ್ದು ಎಷ್ಟ್‌ ಅವ್ಮಾನ ಆಗೋ ಹಾಗಿತ್ತು, ಛೆ ನಾಚಿಕ್ಗೇಡು.",Disgust
"ಆ ನರ್ಸ್ ಸೂಜಿ ಬದ್ಲಾಯ್ಸೋಕ್ ಮರೆತ್ರು, ಮುಂದಿನ್ ರೋಗಿಗೂ ಅದ್ನೇ ಚುಚ್ಚಿದ್ರು.",Disgust
ಆ ಬಸ್ ಬರ್ತಿದ್‌ ಹಾಗೇ ನಂಗ್ ತುಂಬಾ ಬೇಜಾರಾಗೋಯ್ತು. ನಾನ್‌ ಮತ್ತೆ ಯಾವಾಗ್‌ ವಾಪಸ್‌ ಬರ್ತೀನೋ ಗೊತ್ತಿಲ್ಲ ನಂಗೆ.,Sadness
"ಈ ಪುಟಾಣಿ ನಾಯಿಮರಿಗಳ್ಮಾಡೋ ಮುದ್ದಾದ್ ಚೇಷ್ಟೆಗಳ್ನ ನೋಡಿದ್ರೇ ಸಾಕು, ನನ್‌ ಮುಖ ಅರಳ್‌ಬಿಡುತ್ತೆ.",Happiness
ಕ್ಲೈಂಟ್‌ ಕಡೆ ಗ್ರಾಹಕ್ರಿಗೆ ನಾವು ವಸ್ತುಗಳ್ನ ತಲುಪ್ಸೋದ್‌ ತಡ ಆಯ್ತೂಂತ ಆ ಕ್ಲೈಂಟ್‌ ದೂರ್‌ ಕೊಟ್ಬಿಟಿದಾರೆ. ಇದ್ನ ಹೇಗ್ ಬಗೆಹರ್ಸೋದಂತ್ಲೇ ನಂಗ್ ತೋಚ್ತಿಲ್ಲ.,Fear
ಅರೇ ವಾಹ್! ಈ ಸೇಬುಗಳು ಜಪಾನ್ನಿಂದ ಬಂದದ್ದಾ?,Surprise
ನಾ ಮೈಮ್ಯಾಲ್‌ ಕಟ್ಕೊಂಡೀನಲಾ ಈ ಡಿವೈಸು ಇದ ನಾ ಎಷ್ಟ್ ಹೆಜ್ಜಿ ನಡದೀನಿ ಮತ್‌ ಎಷ್ಟ್ ಕ್ಯಾಲೋರಿ ಸುಟ್ವು ಅಂತ ಟ್ರಾಕ್‌ ಮಾಡ್ತದಂದ್ರ ಏನ್‌ ಭಾರೀ ಆಯ್ತಂತೀನಿ.,Surprise
ಭಾರತ್ದಲ್ಲೇನೋ ಗಾಡಿ ಓಡ್ಸ್ತಿದ್ದೆ ಆದ್ರೆ ಅಮೆರಿಕಾದಲ್ಲ್‌ ಓಡ್ಸೋ ಬಗ್ಗೆ ನಂಗಷ್ಟ್‌ ಧೈರ್ಯ ಇಲ್ಲ. ಅಲ್ಲಿ ಅದ್ನ ಮ್ಯಾನೇಜ್ ಮಾಡಕ್ಕಾಗತ್ತೋ ಇಲ್ವೋ ಗೊತ್ತಿಲ್ಲ.,Fear
"ನಾನ್ ಕಷ್ಟಾಪಟ್ಟ್ ಓದಿದ್ದೆ, ಆದ್ರೂ ಪರೀಕ್ಷೆಲಿ ಸಾಕಷ್ಟ್ ಅಂಕ ತಗೊಳಕ್‌ ಆಗ್ಲಿಲ್ಲ.",Sadness
ನನ್ಹತ್ರ ನಿಂತ್ಕೊಬೇಡಿ! ಎ.ಟಿ.ಎಂ.ಗೆ ನಾನ್ ನನ್ ಪಿನ್ ಎಂಟರ್‌ ಮಾಡ್ತಾ ಇರೋದು ಕಾಣ್ತಿಲ್ವಾ ನಿಮ್ಗೆ?! ದೂರ ಇರಿ.,Anger
"ನಾನಿರೋ ಕಡೆ ನಂಗ್‌ ಪರಿಚಯ ಇರೋರು ತುಂಬಾ ಜನ ಇದಾರೆ ಆದ್ರೆ ಸ್ನೇಹಿತ್ರು ಅಂತ ಒಬ್ರೂ ಇಲ್ಲ, ನಂಗದೇ ತುಂಬಾ ಬೇಜಾರು.",Sadness
ಕಾಲೇಜ್‌ ಮುಗೀತಂದ್ರ ಒಂದ್ ಸ್ವಲ್ಪ್ ಮಂದಿ ಹುಡುಗ್ರ ತಲೀ ಮ್ಯಾಲ್ ಯಾಪಾಟಿ ಸಾಲಾ ಇರ್ತದಂದ್ರ ನಂಗರೆ ಮಾತೇ ಹೊಂಡ್ವಲ್ದು.,Surprise
ಚೆನ್ನೈಲಿಂದ ದಿಲ್ಲಿಗ್‌ ಹೋಗ್ಲಿಕ್ಕಿ ರೈಲ್ ಟಿಕೆಟ್‌ ರಗಡ ಬುಕ್‌ ಮಾಡಭೌದ್ ಅಂತ ರೇಲ್ವೆ ಗುಮಾಸ್ತ್ ಹೇಳ್ದಾ ಕೇಳಿ ಬಲೇ ಹಿಗ್ಗಾಯ್ತು.,Happiness
"ಕೃಷಿಕಾರ್ಮಿಕ್ರು ಪಾಪ ಕೆಲ್ಸನಲ್ದೇ ಊಟನೂ ಬಿಸ್ಲಲ್ ಕೂತ್ಕೊಂಡ್‌ ಮಾಡೋದ್ನೋಡಕ್ಕೆ ಕರುಳು ಚುರುಕ್‌ ಅನ್ನತ್ತೆ. ಊಟ, ವಿಶ್ರಾಂತಿ ಹೊತ್ತಲ್ಲಾದ್ರೂ ಅವ್ರ್‌ ತಲೆ ಮೇಲೊಂದ್‌ ಸೂರೋ, ನೆರಳೋ ಇರ್ಬೇಕು.",Sadness
ಕೊನೆಗೆ ನಂಗ್‌ ಬೇಕಾಗಿರೋ ಥರದ್ದಲ್ದೇ ಬೇರೆದೇ ಫರ್ನೀಚರ್‌ ಕಳ್ಸ್‌ಬಿಡ್ತಾರೇನೋ ಅಂತ ಗಾಬ್ರಿ ಆಗ್ತಿದೆ ನಂಗೆ.,Fear
ಶ್ರೀಮಂತ ಸಾಹುಕಾರ್ರು ಹಳ್ಳಿಲೆಲ್ಲ ಬಡವ್ರಿಗೆ ವಂಚ್ನೆ ಮಾಡ್ಕೊಂಡು ಇನ್ನೂ ರಾಶಿ ಶ್ರೀಮಂತ್‌ರಾದ್ರು. ಅವ್ರ್‌ಗಳ್ಹತ್ರ ಇರೋದೆಲ್ಲ ಈ ಥರ ತಲೆಒಡ್ದು ಸಂಪಾದ್ಸಿರೋ ದುಡ್ಡೇ.. ಅದ್ಹೇಗ್‌ ನಿದ್ದೆ ಬರತ್ತೋ ಏನೋ ಅವ್ರಿಗೆ.,Disgust
ರಾತ್ರಿಲಿ ಹೊಸ ರೆಸ್ಟೋರೆಂಟ್ಗೆ ಅಪಾಯಕಾರಿ ಪ್ರದೇಶದ್ ಮೂಲ್ಕ್   ಹೋದಾಗ ನಂಗೆ ಭಯ ಆಯ್ತು.,Fear
ರಾಜೀನಾಮೆ ಕೊಡೋ ನಿಮ್‌ ನಿರ್ಧಾರದಿಂದ ನಮ್‌ ಟೀಮಲ್ಲಿ ಮುಂದೆ ಕೌಶಲ್ಯ ಮತ್ತೆ ಅನುಭವ ಇವೆರಡ್ರದ್ದೂ ಸಮತೋಲನ ಕಾಪಾಡ್ಕೊಳೋದ್ ಹೇಗಪ್ಪ ಅಂತ ನಂಗ್‌ ಯೋಚ್ನೆ ಆಗ್ತಿದೆ.,Fear
"ನನ್ ಮಗನ ಸಂಗೀತ ಕಾರ್ಯಕ್ರಮಕ್ಕ ನಂಗ್ ಯಾವಾಗಲ್ಲು ಹೋಗಾಕ್  ಆಗಿಲ್ಲ, ಅದಕ್ಕ  ನಾನ್  ಸಮ್ಯಕ್ಕೆ ಸರ್ಯಾಗಿ ಹೋಗಿ ಪೂರ್ತಿ ಕಾರ್ಯಕ್ರಮನ್  ನೋಡ್ದಾಗ  ಅವ್ನಿಗೆ  ಆಶ್ಚರ್ಯ ಆಯ್ತು.",Surprise
ಇದ್ನೂ ಕಟ್ಟಸ್ಕೋತ ಮನಿಮಂದಿದು ವಾಡಕಿ ಕೆಲ್ಸಾನೂ ಸರಳ ಆಗಹಂಗ ಹೆಂಗ್ ಮಾಡ್ಬೇಕಂತ ನಂಗ್ ಚಿಂತ್ಯಾಗ್ಯಾದ. ಅವ್ರಿಗಿ ದಿನದ್‌ ರೂಢಿಗಿ ತ್ರಾಸಾದ್ರ ಅವ್ರ್ ಗಾಬ್ರಿ ಬೀಳ್ತಾರ.,Fear
"ನನ್ ಹುಟ್ದ್‌ಹಬ್ಬಕ್ಕೆ ಬ್ಯಾಟ್‌ಮ್ಯಾನ್‌ ಥೀಮ್‌ ಕೇಕ್‌ ಮಾಡಿಸ್ತಾರೆ ಅಂತ ನಾನ್ ಕನ್ಸಲ್ಲೂ ಅನ್ಕೊಂಡಿರ್ಲಿಲ್ಲ, ಭಾರೀ ಬೊಂಬಾಟಾಗಿತ್ತದು!",Surprise
ನಿಯಮ ಉಲ್ಲಂಘನೆ ವಿರುದ್ಧ ಕಠಿಣ ಕ್ರಮ ಕೈಗೊಳ್ಳೋದ್ರಿಂದಾಗ್ಬಹುದಾದ್ ಪರಿಣಾಮದ್ ಬಗ್ಗೆ ನಂಗ್ ತುಂಬಾ ಭಯ ಆಗ್ತಿದೆ.,Fear
ನನ್ ಫ್ರಿಡ್ಜ್ ಯಾಕ್ ಅಷ್ಟ್ ಜೋರಾಗ್ ಶಬ್ದ ಮಾಡ್ತಿದೆ ಅಂತ ಅರ್ಥಮಾಡ್ಕೊಂಡು ಅದ್ನ ರಿಪೇರಿ ಮಾಡಕ್ಕಾಗೋರು ಒಬ್ರಾದ್ರೂ ಇದಾರೆ ಅಂತಾಯ್ತಲ ಸದ್ಯ - ಇದಂತೂ ವಾರ್‌ಗಟ್ಲೆ ದೊಡ್ಡ್‌ ಕಿರಿಕಿರಿ ಆಗ್ಬಿಟಿತ್ತು ನಂಗೆ! ಈಗ್‌ ನಿಸೂರಾಯ್ತು.,Happiness
ಹೊಸ್ದಾಗಿ ವಾರಕ್ಕೆ ಎರ್ಡು ಸರ್ತಿ ಮಾತ್ರ ಬರೋ  ಸೂಪರ್ಫಾಸ್ಟ್ ರೈಲು ದೆಹಲಿನ  ತಲ್ಪಕ್ಕೆ  ಅರ್ಧದಷ್ಟು ಸಮ್ಯನ್ ಮಾತ್ರ ತಗೊಳುತ್ತೆ  ಅಂತ  ಗುಮಾಸ್ತ ಹೇಳ್ದಾಗ  ನಂಗ್  ಆಶ್ಚರ್ಯ ಆಯ್ತು!,Surprise
ಮೊದ್ಲೇ ಓಪನ್ ಆಗಿದ್  ಪ್ಯಾಕೇಜಿನ್  ಸಮಸ್ಯೆನ  ಬೇಗನೆ  ಸರಿ ಮಾಡಿದ್ರು ಅಂತ ನಂಗ್ ಸಮಾಧಾನ ಆಗಿದೆ. ಕೊರಿಯರ್ ಕಂಪನಿ ಅದನ್ ತುಂಬಾ ಚೆನ್ನಾಗಿ ನಿಭಾಯಿಸಿದ್ರು.,Happiness
ನನ್   ಅಪಾಯಿಂಟ್ಮೆಂಟ್‌ಗೆ ನಂಗ್ ತಡ ಆಯ್ತು. ! ಈ ಬಸ್ ಸರ್ವಿಸ್ನ ಒಂದ್ ಚೂರು ನಂಬಕ್  ಆಗಲ್ಲ ದಾರಿ ಮದ್ಯೇನೆ ಅದ್  ಹಾಳಾಯ್ತು.,Anger
ನನ್ ಮೊಬೈಲ್ ಫೋನ್‌ ಜೊತೆ ಆಟ ಆಡ್ಬೇಡ ನೀನು. ನಾನ್‌ ನನ್ ಫೋನ್‌ನ ಬ್ಯಾಂಕಿಂಗ್‌ಗೆಲ್ಲ ಬಳಸ್ತೀನಿ. ಏನಾದ್ರೂ ಹೆಚ್ಚೂಕಮ್ಮಿ ಆದ್ರೆ ಏನ್ಕಥೆ!,Anger
"ಈ ರೆಸ್ಟೋರೆಂಟಲ್ಲಿ ಅದೆಷ್ಟ್ ಗೌಜಿ ಗದ್ದಲನಪ.. ಇಡೀ ಜಾಗವೆಲ್ಲ ಅಸ್ತವ್ಯಸ್ತ ಆಗೋಗಿದೆ, ನಾನ್‌ ಯಾಕಾದ್ರೂ ಇಲ್ಲಿಗ್‌ ಬಂದ್ನೋ.. ಕರ್ಮ, ನಂಗೊಂಚೂರೂ ಇಷ್ಟ ಇಲ್ಲ ಇದು.",Anger
"ಆ ಗವ್ಯಾಗ ಒಂದ್‌ ಹಳ್ಳಾನ ಕೊರಕಾ ಏನೋ ಇತ್ತ, ಅದ್ರಾಗಿಂದ್ ರಪಾರಪಾ ದೆವ್ವನಂಥಾ ಕಲ್‌ಗೊಳು ಮತ್‌ ನೀರ್ ಹೆಂಗ್ ನುಗ್ಗಿ ಬರ್ಲಿಕತ್ತಿದ್ವು ಅಂದ್ರ ಶಿವಶಿವಾ ನನ್‌ ಕೂದ್ಲ ಖಡಿ ಆದ್ವು.",Fear
"ಆ ನೌಕ್ರಿ ಬಿಟ್ಮ್ಯಾಲ್ ಅಲ್ಲಿನೌರ್‌ ಒಬ್ರೂ ನಂಗ್ ಕೇಳಲ್ಲಾಗ್ಯಾರಲ, ನಂಗ್ ಭಾಳ ಬ್ಯಾಸರಾಗ್ಯಾದ ನಾ ಒಬ್ಬಂಟಾಗೀನಿ ಅನಸ್ತದ.",Sadness
ಕೆಲ್ವು ಪಿಎಚ್.ಡಿ. ಗೈಡ್‌ಗಳು ತಮ್ ವಿದ್ಯಾರ್ಥಿಗಳ್ನ ಕೀಳಾಗ್‌ ನಡ್ಸ್‌ಕೊಳದು ಮತ್ತೆ ಅವ್ರು ತಮ್ಗ್‌ ಬೇಕಾಗಿರೋ ವಿಷ್ಯನ ಆಯ್ಕೆ ಮಾಡ್ಕೊಳಕ್‌ ಬಿಡ್ದೇ ತಾವ್‌ ಹೇಳಿದ್ದೇ ತಗೊಬೇಕೂಂತ ಬಲ್ವಂತ ಮಾಡೋದು ತೀರ ಅಸಹ್ಯ.,Disgust
ಹಿತವಾದ್ ಹರ್ಬಲ್ ಚಹಾನ ಒಂದೊಂದೇ ಗುಟುಕು ಕುಡೀತಾ ಇದ್ರೆ ಎಷ್ಟ್‌ ಹಾಯಾಗಿರತ್ತೆ.,Happiness
"ಈ ಸಾಲದ್‌ ಹೊರೆ ಅಷ್ಟೊಂದ್‌ ವರ್ಷ ಇರತ್ತೆ, ನಿನ್‌ ಕೈಲಿ ಅದ್ನ ಭರಿಸೋಕಾಗತ್ತಾ ಅಂತ ನಮ್ಗೆ ಖಾತ್ರಿ ಇಲ್ಲ, ಆತಂಕ ಆಗ್ತಿದೆ ಅದ್ರ್‌ ಬಗ್ಗೆ.",Fear
ನಮ್ ಈವೆಂಟ್ ಮ್ಯಾನೇಜರ್ರು ಕಾರ್ಯಕ್ರಮದಾಗ ಸೇಫ್ಟಿಗಿ ಭಾಳ ಕಾಳ್ಜಿ‌ ತೊಗೊತಾರೆ ಮತ್ ರಿಸ್ಕ್‌ ಮ್ಯಾನೇಜ್ಮೆಂಟಿನ್ದು ಪೂರಾ ಪ್ಲಾನ್‌ ಇಟ್ಟಾರ ಅಂತ ಕೇಳಿ ಭಾಳ ಹಗೂರಾತು.,Happiness
ನಮ್ಮಪ್ಪ ಅವ್ರ್ ಗೂಗಲ್ ಪೇ ಪಾಸ್‌ವರ್ಡ್‌ನ ತರ್ಕಾರಿ ಮಾರೋನಿಗ್ ಕೊಟ್ಟಿದೀನಿ ಅಂತ್‌ ಹೇಳ್ದಾಗ ನಂಗ್‌ ಎದೆ ಢಗ್‌ ಅಂತು.,Surprise
ಯಾವ್ ಮಾರ್ಗದಲ್ಲಾದ್ರೂ ಸರಿ‌ ಒಟ್ಟು ದುಡ್ಡ್ ಮಾಡಿದ್ರಾಯ್ತು ಅನ್ನೋ ಶ್ರೀಮಂತ್ರನ್ನ ನೋಡ್ದ್ರೆ ನಂಗೆ ವಾಕರಿಕೆ ಬರುತ್ತೆ.,Disgust
ಜನ್ರ ಕೆನ್ನೆಗೆ ಮುತ್ತಿಡೊ ಮೂಲ್ಕ ಅವ್ರನ್ ಸ್ವಾಗತಿಸೋದ್ರ ಬಗ್ಗೆ  ನಂಗ್ ಏನು ಖುಷಿ ಇಲ್ಲ.,Sadness
"ಜಾಸ್ತಿ ಭಾರ ಇರೋ ತೂಕಗಳ್ನ ಎತ್ತೋಕ್ ತುಂಬಾ ಭಯ ನಂಗೆ. ನಂಗೇನಾದ್ರೂ ಗಾಯ, ಉಳುಕು ಅಥ್ವಾ ಇನ್ನೇನೋ ನೋವಾಗ್ಬಿಟ್ರೆ ಏನ್ಗತಿ ಆಮೇಲೆ?",Fear
"ಹಳ್ಳಿಲಿದ್‌ ರಸ್ತೆ ಅಕ್ಕಪಕ್ಕ ಎರ್ಡೂ ಕಡೆ ತೆರ್ದಿರೋ ಚರಂಡಿ ಇತ್ತು, ವಾಂತಿ ಬರ್ದೇ ಇರೋ ಥರ ತಡ್ಕೊಂಡು ಅಲ್ಲಿ ಓಡಾಡೋದೇ ಅಸಾಧ್ಯ ಅನ್ಸ್‌ಬಿಡ್ತು.",Disgust
ಅಯ್ಯೋ! ತೆರಿಗೆ ಫೈಲ್‌ ಮಾಡೋ ದಿನ ಇನ್ನೇನ್ ಹತ್ರ ಬರ್ತಿದೆ ಅಂತ ನೆನಪ್ಸೋಕ್ ಫೋನ್‌ ಮಾಡಿದ್ರು ಅವ್ರ್‌ ನಮ್ಗೆ.,Sadness
"ಅಂತೂ ಕಡೆಗೂ ನನ್‌ ತಲೆಮೇಲಿಂದೊಂದ್‌ ಭಾರ ಇಳ್ದಂಗನ್ಸ್ತಿದೆ. ಈ ಫ್ರಿಜ್ಜೊಳ್ಳೆ ತಿಕ್ಲ್‌ ಹಿಡ್ದಂಗಾಡಿ ಅದ್ರೊಳಗಿರೋ ತರ್ಕಾರಿ, ದಿನಸಿ ಎಲ್ಲ ಹಾಳಾಗೋ ಪರಿಸ್ಥಿತಿ ಇರಲ್ಲ ಇನ್ನು.. ನಾನ್‌ ಹೊಸ ಫ್ರಿಜ್‌ ತಗೊತಿದೀನಿ!",Happiness
ಬೆಂಗ್ಳೂರಿಗೆ ಹೋಗ್ವ ರೈಲು ತಾನ್ ನಿಲ್ಬೇಕಿದ್ದ  ನಿಲ್ದಾಣದಲ್ಲಿ ನಿಲ್ದಿದ್ದಾಗ ನಮ್ಗೆಲ್ಲಾ  ದಿಗ್ಭ್ರಮೆ ಆಯ್ತು.,Surprise
ಬೆಳಿಗ್ಗೆ ನಮ್ ಗುಂಪ್ನೋರ್ ಜೊತೆ ವ್ಯಾಯಾಮ ಮಾಡ್ಬಿಟ್ರೆ ನಂಗ್ ದೇಹ ಮನ್ಸೆಲ್ಲ ಎಷ್ಟೋ ಹಗೂರ ಅನ್ಸತ್ತೆ.,Happiness
"ಒಂದ್ಸರ್ತಿ ನಾ ಅಂಟ್ಲಾಂಟಿಕ್‌ ಸಮುದ್ರದ್‌ ಮ್ಯಾಲ್ ಹಡಗಿನ್ಯಾಗಿದ್ದಾಗ ಧೋ ಧೋ ಮಳಿ ಹೊಡಿತು‌, ಆವಾಗ ಖರೆನ ಸೆಟದೇ ಹೋಗಿದ್ದೆ.",Surprise
"ನನ್ ಚಿಕ್ಕಪ್ಪ ತುಂಬಾನೇ ತಮಾಷೆ ಮಾಡ್ಕೊಂಡು ಯಾವಾಗ್ಲೂ ನಗ್ತಾ ನಗಿಸ್ತಾ ಇರ್ತಾರೆ, ಅವ್ರ್‌ ಯಾವಾಗ್‌ ನಮ್ಮನೆಗ್‌ ಬರ್ತೀನಿ ಅಂದ್ರೂ ನಂಗಂತೂ ಭಾರೀ ಖುಷಿ.",Happiness
ನನ್‌ ಖಾತೆನ ನನ್‌ ಜೊತೆಗೆ ನನ್ ಸ್ನೇಹಿತ್ರೂ ಬಳಸ್ತಾ ಇದ್ರು ಅಂತ ಅವ್ರಿಗ್ ಗೊತ್ತಾಗಿದ್ರಿಂದ ಅದ್ನ ಬ್ಲಾಕ್‌ ಮಾಡ್ಬಿಟಿದಾರೆ.,Sadness
ಏನು? ಮರದ್‌ ಆಚಾರಿ ಅಂದ್ಮೇಲೆ ಸಾಕಷ್ಟು ಬೇರ್ಬೇರೆ ಥರದ್‌ ಕಬೋರ್ಡ್‌ ಆಯ್ಕೆಗಳ್ನ ಇಟ್ಕೊಂಡಿರ್ಬೇಕ್‌ ತಾನೇ! ಇವ್ರ್‌ ಹತ್ರ ಇಷ್ಟೇ ಇರೋದಂತಾ? ಏನ್‌ ಆಟ ಆಡ್ತಿದಾರಾ ನಮ್ಜೊತೆ?,Anger
"ನಮ್ಮೆಜ್ಮಾನ್ರಿಗೆ ನಾಳೆ ಕಣ್ಣಿನ್ ಆಪರೇಷನ್ ಮಾಡ್ತೀವಿ ಅಂದಿದಾರೆ, ಆದ್ರೆ ನಮ್ಕೈಲಿ ಅದ್ರ್‌ ಖರ್ಚು ಭರಿಸೋಕೆ ಸಾಧ್ಯ ಆಗ್ತಾ ಇಲ್ಲ.",Sadness
ಬೆಲೆ ಜಾಸ್ತಿ ಮಾಡುದ್ರೆ ಎಲ್ಲಿ ಮಾರಾಟನೇ ಕಮ್ಮಿ ಆಗ್ಬಿಡತ್ತೋ ಅಂತ ನಂಗ್ ಆತಂಕ ಆಗ್ತಿದೆ.,Fear
ಆರೋಗ್ಯ ಕೇಂದ್ರಕ್ಕೆ  ಹೋಗಿ ಹಾಸ್ಗೆ ಹುಡ್ಕಕೆ ಎಷ್ಟ್ ಸಮ್ಯ ತಗೊಂಡೆ ಅಂದ್ರೆ ನಂಗೆ  ಕಿರ್ಕಿರಿ  ಆಯ್ತು.,Anger
ಕೌನ್ಸೆಲಿಂಗ್ ಪ್ರಾಸೆಸ್ ನನ್ ಜೀವನಕ್ ಹೊಸ ಅರ್ಥನ್  ಕೊಡ್ತು ಮತ್ ಅದ್ರಿಂದ್  ನನ್ ಜೀವನದಲ್ ಶಾಂತಿ ಸಿಕ್ತು.,Happiness
"ನಾನ್‌ ಬೋನಸ್ಗಳ್ನ ಕೊಡ್ಬೇಕಿರುವಾಗ್ಲೇ ಈ ಕಾರ್ಪೊರೇಟ್ ಪ್ರಾಫಿಟ್ಸ್‌ ಕುಸೀತಾ ಇವ್ಯಲ್ಲಪ್ಪ, ಏನ್ಮಾಡೋದೋ, ಹೇಗ್‌ ನಿಭಾಯ್ಸೋದೋ ಈಸಲ ಅಂತೂ ಒಂದೂ ತೋಚ್ತಿಲ್ಲ.",Fear
ನಮ್‌ ಆರೋಗ್ಯ ಹಾಳ್‌ ಮಾಡ್ತತಿ ಅಂತ ತಿಳ್ದಾಗ್ನಿಂದ ನಾನ್‌ ಮ್ಯಾಗಿ ಕೊಳ್ಳೋದ ನಿಲ್ಸಬಿಟ್ನಪ್ಪ.,Fear
ಸಾಮಾನ್ಯವಾಗಿ ಸರಿ ಇರೋ  ಬಸ್ ಎಲ್ಲಿ ಬೇಕಾದ್ರು  ಮಧ್ಯದಲ್ ಕೆಟ್ಟು ಹೋಗ್ಬೋದು ಅಂತ  ಕಂಡಕ್ಟರ್ ಹೇಳ್ದಾಗ  ನಂಗ್ ನಂಬಕ್  ಸಾಧ್ಯ ಆಗ್ಲಿಲ್ಲ!,Surprise
ಸಮುದ್ರದಲ್ಲಿ ದೊಡ್ದೊಡ್ ಅಲೆಗಳ್ ಜಾಸ್ತಿಯಾಗಿ‌ ಹವಾಮಾನ ಪ್ರಕ್ಷುಬ್ಧವಾಗ್‌ ಇದ್ದಿದ್ರಿಂದ ನಮ್ ದೋಣಿ ಪ್ರಯಾಣ ರದ್ದಾಗಿ ನಮ್ಗೆಲ್ಲ ಭಾಳ ನಿರಾಸೆ ಆಯ್ತು.,Sadness
ನಂಗ್  ಈ ಸರ್ತಿ ಸಿಲಿಂಡರ್ ಅನ್ನ ಸರ್ಸಕ್ಕೂ ಆಗಿಲ್ಲ ಬೆನ್ ಬೇರೆ ಹಿಡ್ಕೋ ಬಿಡ್ತು. ನಂಗಂತೂ  ಆಶ್ಚರ್ಯ ಆಯ್ತು  ಯಾಕಂದ್ರೆ  ನಾನ್ ಮೊದ್ಲೆಲ್ಲಾ ಸಿಲಿಂಡರ್ ಅನ್ ಸುಲ್ಭವಾಗ್ ತಗೊಂಡ್ ಹೋಗ್ತಿದ್ದೆ.,Surprise
ಈ ರಾಜಕಾರಣಿಗಳು ಚುನಾವಣೆಲ್ ಗೆಲ್ಲೋಕೆ ಜಾತಿ ಮತ್ತೆ ಪ್ರಾದೇಶಿಕ ರಾಜಕೀಯನ ದಾಳವಾಗ್ ಬಳ್ಸ್‌ಕೊಳೋದ್‌ ನೋಡ್ದ್ರೆ ನಂಗ್‌ ಕೆಟ್ಟ್‌ ಕೋಪ ಬರತ್ತೆ.,Anger
"ನಾನು ತುಂಬಾ ವರ್ಷದಿಂದ ಈ ಬ್ಯಾಂಕ್‌ ಬಿಟ್ರೆ ಬೇರೆ ಯಾವ್‌ ಬ್ಯಾಂಕಲ್ಲೂ ವ್ಯವಹಾರ ಮಾಡೋಕ್ ಹೋಗಿಲ್ಲ.. ಅಂಥಾದ್ರಲ್ಲಿ ಇವತ್ತು ಇಲ್ಲಿ ನನ್ಜೊತೆ ನಡ್ಕೊಂಡಿರೋ ರೀತಿ ಖಂಡಿತ ಒಪ್ಕೊಳೋಂಥದ್ದಲ್ಲ. ಮೇಲ್ವಿಚಾರಕ್ರ ಹತ್ರ ಮಾತಾಡ್ಬೇಕು ನಾನು, ಕರೀರಿ ಅವ್ರನ್ನ!",Anger
ವಿಮಾನ್ದಲ್ಲಿ ನನ್‌ ಸೀಟಿನ್ ಹಿಂದೆ ಕೂತಿದ್ದೋನು ನನ್ ಸೀಟಿನ್ ಮೇಲೆ ಅದೂ ಆಲ್ಮೋಸ್ಟ್‌ ನನ್ ತಲೆ ಮೇಲಕ್ಕೇ ತನ್ ಕಾಲ್ಗಳ್ನ ಚಾಚ್ಕೊಂಡಾಗ ನಂಗ್ ಇದೇನಪ್ಪಾ ಅಂತ ಷಾಕ್ ಆಯ್ತು.,Surprise
"ಅಬ್ಬಾ, ಈ ಮಲ್ಲಖಂಬದ್‌ ಪಟುಗಳ್‌ ಮೈಯಾಗ ಯೆಲಬರೇ ಅವನಾ ಇಲ್ಲಾ ಅನ್ಸಹಂಗ ಮೈಹೊಳ್ಳಸ್ತಾರಲಾ.",Surprise
"ನಾನ್‌ ಈಗಷ್ಟೇ ನನ್ ಅಕೌಂಟ್ ಚೆಕ್‌ ಮಾಡ್ದೆ..‌ ಅದ್ರಲ್ಲಿ ದೊಡ್ಡ ಮೊತ್ತದ, ಅನಧಿಕೃತ ವಿದ್‌ಡ್ರಾವಲ್ ತೋರಿಸ್ತಾ ಇದೆ. ಏನ್‌ ನಡೀತಾ ಇದೆ ಇಲ್ಲಿ? ನನ್ ದುಡ್ಡೆಲ್ಲ ಸುರಕ್ಷಿತ್ವಾಗಿದೆ ತಾನೇ?",Fear
ಈ ಪ್ರಕರಣಕ್ಕೆ ಆ ಹೆಸರಾಂತ ವಕೀಲ್ರು ಹೇಗ್‌ ಪ್ರತಿಕ್ರಿಯಿಸ್ತಾರೋ ಏನೋ.. ಕ್ಲೈಂಟಾಗಿ ನಂಗ್ ಅದ್ರ್‌ ಬಗ್ಗೆ ಏನೂ ಖಾತ್ರಿ ಇಲ್ಲ.,Fear
ವಾಹ್! ನೀವು ಬೆಳಗ್ಗೆ ಒಂದ್ ಪಾಳಿಲಿ ಮತ್ತೆ ಸಂಜೆ ಇನ್ನೊಂದ್ ಪಾಳಿಲಿ ಕೆಲ್ಸ ಮಾಡ್ತೀರ!ಸ್ವಲ್ಪನೂ ವಿಶ್ರಾಂತಿನೇ ತಗೊಳಲ್ವಾ ನೀವು?,Surprise
ಈ ರೆಸ್ಟೋರಂಟ್ನೋರು ಆಸ್ಥೆಯಿಂದ ಎಲ್ಲನೂ ಬಡ್ಸಿದ್ದು ಮತ್ತೆ ಸಣ್ ಸಣ್ ವಿಷ್ಯನೂ ಸರ್ಯಾಗಿರೋ ಥರ ನೋಡ್ಕೊಂಡಿದ್ರಿಂದ ಒಳ್ಳೆ ಊಟ ಮಾಡಿದ್‌ ಖುಷಿ ಇನ್ನಷ್ಟ್ ಜಾಸ್ತಿ ಆಯ್ತು.,Happiness
"ನೀನೇನ್ ಇಡೀ ದಿನ ಸೋಫಾ ಮೇಲ್ ಕೂತ್ಕೊಂಡ್ ಸಿನ್ಮಾ ನೋಡೋದು, ಆಂ? ಹೊರ್ಗಡೆ ಹೋಗಿ ಆಟಾಡಿದ್ರೇ ಸರಿ ಈಗ!",Anger
ಯುಎಸ್ ನಲ್  ವಸ್ತಿ ಹುಡುಕ್ತಾ ಇರೋ  ನಮ್ ಮಗನಿಗೆ ಸಹಾಯ ಮಾಡಕ್ ಸಾಧ್ಯ ಆಗ್ತಿಲ್ಲ ಅಂತ್  ನನ್ ಹೆಂಡ್ತಿ ಅಸಮಾಧಾನದಿಂದ್ ಇದ್ಲು.,Sadness
"ಅದ್ಭುತ! ಕೊನೇ ಓವರಲ್ಲಿ ಯುವರಾಜ್ ಒಂದಾದ್ಮೇಲೊಂದು ಮೂರ್ ಸಿಕ್ಸರ್ ಬಾರ್ಸ್‌ಬಿಟ್ಟ, ನಮ್‌ ತಂಡ ಗೆದ್ಬಿಡ್ತು.",Surprise
ನಾ ಮನ್ಯಾಗ್ ಮತ್‌ ಕೆಲ್ಸದಾಗ ಯಷ್ಟೆಲ್ಲಾ  ನಿಭಾಯ್ಸ್‌ಬೇಕಂತ ವಿಚಾರ ಮಾಡಿದ್ರ ಕೆಲೊಮ್ಮೆ ಯದಿ ಹೊಡ್ಕೊತದ.,Fear
ಸಿಟಿ ಬಸ್ಸಲ್ಲೆಲ್ಲ ಗಲಾಟೆ ಎಬ್ಸಿ ಸಾರ್ವಜನಿಕ್ರಿಗೆಲ್ಲ ತೊಂದ್ರೆ ಕೊಡಕ್ಕೆ ಈ ವಿದ್ಯಾರ್ಥಿಗಳ್ಗೆ ಬಸ್ ಡೇ ಒಂದ್‌ ನೆಪ ಅಷ್ಟೇ.,Disgust
ಗ್ರಾಹಕ್ರು ತಮ್ ಷಾಪಿಂಗ್ ಅನುಭವದ್ ಬಗ್ಗೆ ಏನೂ ಪ್ರತಿಕ್ರಿಯೆನೇ ಕೊಡ್ದೇ ಇದ್ದಾಗ ನಂಗ್ ನಿರಾಸೆ ಆಗುತ್ತೆ.,Sadness
ಚೆನ್ನೈಯಿಂದ ಬೆಂಗ್ಳೂರ್ಗ್‌ ಬರಕ್ಕೆ ರೈಲ್ ಟಿಕೆಟ್ ಕಾಯ್ದಿರ್ಸೋದು ಇತ್ತೀಚ್ಗಂತೂ ತುಂಬಾ ಕಷ್ಟ ಆಗೋಗಿದೆ. ಎಲ್ರೂ ಅಷ್ಟ್‌ ಬೇಗ ಟಿಕೆಟ್ಗಳ್ನ ಬುಕ್ ಮಾಡ್ಕೊಂಡ್ಬಿಡೋದ್ರಿಂದ ನಂಗೆ ಯಾವ್‌ ಸಲನೂ ಟಿಕೆಟ್‌ ಬುಕ್‌ ಮಾಡಕ್ಕಾಗ್ತಿಲ್ಲ.,Sadness
"ನೀವ್ ಪಾರ್ಕೌರ್ ಸ್ಟಂಟ್ಗಳ್ನೂ ಮಾಡ್‌ಬಲ್ರಿ ಅಂತ ನಾನ್‌ ಕನ್ಸಲ್ಲೂ ಅನ್ಕೊಂಡಿರ್ಲಿಲ್ಲ, ಇವತ್ ಅದನ್ನೋಡಿ ರೋಮಾಂಚ್ನ ಆಗೋಯ್ತು.",Surprise
ಆ ಮೇಸ್ತ್ರಿ ಸ್ವಚ್ಛತಾದ್‌ ಟೈಂಟೇಬಲ್ ಎಷ್ಟ್ ಛಂದಾಗ್ ಯೋಜ್ನ ಮಾಡಿದ್ದಾಂದ್ರ ಒಂದಾದ್ ಮ್ಯಾಲೊಂದ್ ಕೆಲ್ಸ ಸಟಾಸಟಾ ಆಕ್ಕೊತ್‌ ನಡದಿದ್ವು.,Surprise
ಗಳ್ಯಾ ಹೊಡದ್‌ ಹೊಲದಾಗ ಬಿತ್ತಣಿಕಿ ಮಾಡದಕ್ನೂ ಹಂಗೇ ಮಾಡದಕ್ನೂ ಎಷ್ಟ್ ಬಿಡಸ್ತದಂತ ನಂಗ್ ಮೊದ್ಲ್ ಗೊತ್ತೇ ಇರ್ಲಿಲ್ಲಾ. ಇದೊಂದ್‌ ಬ್ಯಾರೆ ಜಗತ್ತೇ ಅದ ನಂಗ!,Surprise
ಈ ಫುಟ್ಬಾಲ್‌ ಕೋಚ್‌ ಯಾಕ್‌ ಸುಮ್ಸುಮ್ನೆ ಕಾಲ್ ಕೆದರಿ ಜಗಳ್ಕ ನಿಂದ್ರತಾನಂತ ತಿಳಿಯಲ್ಲಾ.,Disgust
"ಅಳಿಲಿನಷ್ಟ್ ಸಣ್ಣ ಪ್ರಾಣಿ ಇಪ್ಪತೈದು ಅಡಿ‌ ಮೇಲಿಂದ ನೆಲಕ್ ಬಿದ್ರೂ ಬದ್ಕುಳಿಯತ್ತಲ, ಅದ್ಹೇಗೆ ಅಂತನೇ ಊಹಿಸಕ್ಕಾಗಲ್ಲ ನಂಗೆ!",Surprise
"ನಾನ್‌ ಸಾಧಿಸ್ಬೇಕು ಅನ್ಕೊಂಡಿದ್ನೆಲ್ಲ ಸಾಧ್ಸಿದ್ದಾದ್ಮೇಲೆ ಈಗ್‌ ಈ ಪ್ರಪಂಚ್ದಲ್ಲಿ ಏನೂ ಅರ್ಥನೇ ಇಲ್ಲ, ನನ್‌ ಜೀವ್ನಕ್ ಏನೂ ಉದ್ದೇಶನೇ ಇಲ್ಲ ಅನ್ಸ್ತಿದೆ.",Sadness
ಈ ಸಾಂಕ್ರಾಮಿಕದ್ ಸಮಯ್ದಲ್ಲಿ ಪಾಪ ಎಷ್ಟೋ ಜನ್ರು ಅದೆಷ್ಟೋ ಪ್ರೀತಿಪಾತ್ರರನ್ನ ಕಳ್ಕೊಂಡ್ರು.,Sadness
"ನೀನು ಪದೇ ಪದೇ ಎಲ್ರೂ ನಿನ್ನನ್ನ ಒಪ್ಕೊಬೇಕು, ಯಾವಾಗ್ಲೂ ಮೆಚ್ಗೆ ಮಾತಾಡ್ತಿರ್ಬೇಕು ಅಂತ ಬಯ್ಸೋದ್‌ ನೋಡ್ತಿದ್ರೆ ನಂಗ್‌ ಪಿತ್ತ ಕೆರಳತ್ತೆ.",Anger
"ಈ ದರಿದ್ರ ಫ್ರಿಜ್ಜ್‌ ಇಟ್ಕೊಂಡು ದಿನಾ ಬೆಳ್ಗಾಗೆದ್ರೆ ಅಡ್ಗೆಮನೆಯೆಲ್ಲ ಕೆರೆ ಆಗೋಗಿರತ್ತೆ, ಆ ನೀರ್ನೆಲ್ಲ ಬಾಚಿ ಬಾಚಿ ನಂಗ್ ಸಾಕಾಗೋಗಿದೆ, ಇನ್ನ್‌ ನನ್ಕೈಲಾಗಲ್ಲ. ಇದ್ನ ಮಾಡಿದ್‌ ಕಂಪ್ನಿಗೊಂದ್ ದೊಡ್‌ ನಮ್ಸ್ಕಾರ! ‌",Anger
ನನ್ ಎದ್ರಿನ ಓಣಿಯಿಂದ್  ಸೈಕ್ಲಿಸ್ಟ್ ಯಾವ್ದೇ ಮುನ್ಸೂಚನೆಯಿಲ್ದೆ  ಬಂದು ನಂತ್ರ ನನ್ ಮೇಲೆ ಕೂಗಿದಾಗ ನಂಗ್ ಸಿಟ್ ಬಂತು.,Anger
ಗೊತ್ತಿಲ್ದೆ ಇರೋ ನಂಬರಿಂದ ಫೋನ್‌ ಬಂದ್ರೆ ಸೈಬರ್ ಕ್ರೈಂ ಮಾಡೋರಿರ್ಬಹುದು ಅಂತ ನಾನ್‌ ಎತ್ತೋಕೇ ಹೋಗಲ್ಲ.,Fear
ಪಲೀಕರನೈಯಲ್ಲಿರೋ ಕಸದ್ ರಾಶಿ ಮುಂದೆ ಮೂಗ್‌ ಮುಚ್ಕೊಳ್ದೇ ಗಾಡಿ ಓಡ್ಸ್ಕೊಂಡ್‌ ಹೋಗಕ್ಕಾಗದೇ ಇಲ್ಲ. ಚೂರ್ ಉಸ್ರೆಳ್ಕೊಂಡ್ರೂ ಗಬ್ಬು ವಾಸ್ನೆಗೆ ವಾಂತಿನೇ ಬಂದ್ಬಿಡತ್ತೆ.,Disgust
ನಮ್ ಗತಕಾಲದ ಅಂಥ ಮಹತ್ತ್ವದ್ ಕಲಾಕೃತಿನ ಕಳ್ಕೊಂಡಿದ್ದು ನಿಜಕ್ಕೂ ಎದೆ ಒಡ್ದೋದಂಗಾಯ್ತು ನಂಗೆ.,Sadness
"ನಮ್ ಅಂಗ್ಡಿಲಿ ಕೆಲ್ಸಕ್ಕೆ ಅಂತ ಬರೋರ್ಗೆ ತರಬೇತಿ ಕೊಡೋ ಅವ್ಕಾಶ, ಸೌಲಭ್ಯ ಏನೂ ಇಲ್ಲ, ಅಂಥದ್ದೇನಾದ್ರೂ ‌ಒಂದ್ ವ್ಯವಸ್ಥೆ ಮಾಡೋವರ್ಗೂ ನಂಗ್ ಸಮಾಧಾನ ಇರಲ್ಲ.",Sadness
ತಾವ್‌ ಮಾತ್ರ ಏನೂ ಕೆಲ್ಸನೇ ಮಾಡ್ದೇ ಸಮಾಜ್ದಲ್ಲಿ ಕಷ್ಟಪಟ್ಟು ದುಡ್ದು ನ್ಯಾಯವಾಗ್‌ ಬದುಕ್ತಿರೋರ್ ಮೇಲೆ ಅವಲಂಬಿತ್ರಾಗಿ ಅವ್ರ್‌ ರಕ್ತ ಹೀರ್ಕೊಂಡ್‌ ಪರೋಪಜೀವಿಗಳ್‌ ಥರ ಇರೋ ಜನಗಳು ನಮ್‌ ಸಮಾಜಕ್ಕೇ ಕಳಂಕ‌ ಅನ್ಸತ್ತೆ ನಂಗೆ.,Disgust
ಸಂದರ್ಶನದಲ್ಲಿ ಎಲ್ಲಿ ನನ್ನನ್ನ ಬೇಡ ಅಂದ್ಬಿಡ್ತಾರೋ ಅನ್ನೋ ಯೋಚ್ನೆಗೇ ಬೆವ್ರಿಳೀತಿದೆ ನಂಗೆ.,Fear
ನ್ಯೂಸ್‌ಪೇಪರ್ ಹಾಕೋ ಹುಡ್ಗ ಎಷ್ಟ್ ಕರೆಕ್ಟಾಗಿ‌ ಅದ್ನ ಮೊದಲ್ನೇ ಮಹಡಿಗ್ ಎಸಿತಾನಲ ಅನ್ನೋದೇ ಒಂದ್‌ ಬೆರಗು ನಂಗೆ.,Surprise
ಈ ಕಂಪ್ನಿ ಪಿರಮಿಡ್ ಮಾರ್ಕೆಟಿಂಗ್‌ ಬಳ್ಸ್ಕೊಂಡು ಮಂದಿಗ್ ಹೆಂಗ್ ಹುಚ್ಚ ಮಾಡ್ಯಾದಂತ ನೆನಸ್ಕೊಂಡ್ರ ವಾಕರಿಕಿ ಬರ್ತದ.,Disgust
ಈ ಬಾಡ್ಗಿ ಅಂಗ್ಡಿ ಜಾಗಾ ಎಷ್ಟ್‌ ದೊಡ್ದ್‌ ಅದ ಅಂತ ನಂಗ ದಂಗಾಯ್ತು. ಇಂಥಾದ್ ಖಾಲಿ ಇದ್ ಒಂದೇ ವಾರ್‌ದಾಗ್ ಇಲ್ ಬರ್ಲಿಕ್ಕ್‌ ಆಗ್ತದಂತ ನಾ ಅನ್ಕೊಂಡಿರ್ಲಿಲ್ಲಾ.,Surprise
ಬುಡಾಪೆಸ್ಟ್‌ ಮೂಲೆಮೂಲೆಲೂ ಆ ಊರಿನ್‌ ಶ್ರೀಮಂತ ಇತಿಹಾಸ ಕಣ್ಣಿಗ್‌ ಕಟ್ದ್‌ ಹಾಗ್‌ ಕಾಣೋದು ನಿಜಕ್ಕೂ ಸೊಗಸೇ ಹೌದು.,Happiness
ಪ್ರಮುಖ ವಹಿವಾಟುಗಳ್  ಮತ್ ರಸೀದಿಗಳನ್ ಫೈಲ್ ಮಾಡೋ  ಬದ್ಲು ಆಫೀಸ್ಲಿ  ಈ ರೀತಿ ಎಲ್ಲ ಕಡೆ ಹರ್ಡ್ಕೊಂಡಿರೋದನ್  ನೋಡ್ದಾಗ  ನಂಗ್  ಕೋಪ ಬರುತ್ತೆ.,Anger
ನಾನ್ ಇವತ್‌ ರಜೆ ಮೇಲಿದ್ದೀನಿ ಅಂತ ಮೊದ್ಲೇ ತಿಳಿಸ್ದೇ ಇರೋರ್‌ ಬೇಜವಾಬ್ದಾರಿ ನೋಡಿದ್ರೆ ನಂಗ್ ಪಿತ್ತ ನೆತ್ತಿಗೇರುತ್ತೆ.,Anger
ಭಾರತ್ದಲ್ಲಿ ಇಲ್ಲಿನ್‌ ಲೇವಾದೇವಿಗಾರ್ರು ಸ್ವಲ್ಪನೂ ಮಾನವೀಯತೆ ಇಲ್ದೇ ಗೂಂಡಾಗಿರಿ ಮಾಡ್ಕೊಂಡ್ ಹಣ ವಸೂಲಿ ಮಾಡೋದು ಸ್ವಲ್ಪನೂ ಆಗ್ಬರಲ್ಲ ನಂಗೆ.,Disgust
"ಇಲ್ಲಿದ್ ಊಟಂದ್ರ ನಂಗ್ ಬ್ಯಾಡೇಬ್ಯಾಡ ಅನ್ನಹಂಗಾಗ್ಯಾದ, ಆಜೂಬಾಜೂ ಚೂರೂ ಸ್ವಚ್ಛಿಲ್ಲಾ, ಜಿಡ್‌ಜಿಡ್ ಟೇಬಲ್‌ ಇವೆಲ್ಲಾ ನೋಡಿ ಅಸೈ ಬರ್ಲಿಕತ್ತದ.",Disgust
ನನ್ ಹಣಕಾಸಿನ್‌ ಸ್ಥಿತಿ ನಾನ್ ಕಟ್ಬೇಕಾದ್ ತೆರಿಗೆಗಳ್ಮೇಲೆ ಇಷ್ಟೊಂದ್ ಪರಿಣಾಮ ಬೀರತ್ತೆ ಅಂತ ನಾನ್‌ ಎಣಿಸಿರ್ಲಿಲ್ಲ.,Surprise
ಈಗ್ ಹುಟ್ಕೊಳ್ತಾ ಇರೋ ಮಾರ್ಕೆಟ್‌ಗಳ್ ಸ್ಥಿತಿ ಬಗ್ಗೆ ಯೋಚ್ಸುದ್ರೆ‌ ಯಾಕೋ ಒಂಥರ ಭಯ ಆಗ್ತಿದೆ.,Fear
ಅಯ್ಯೋ! ತುಂಬಾ ನೋಯ್ತಿದೆ ಇದು. ನಾನು ಡಂಬಲ್ಸ್‌ನ ನನ್‌ ಕಾಲ್ಮೇಲ್ ಬೀಳಿಸ್ಕೊಂಡ್‌ಬಿಟ್ಟೆ.. ನೋವಾಗ್ತಾ ಇದೆ. ನನ್ ಕಾಲ್ನ ಎತ್ತೋಕೇ ಆಗ್ತಿಲ್ಲ ನಂಗೆ.,Sadness
ನನ್ ಮಕ್ಳು ಆಟ ಆಡಕ್  ಮತ್ ನೆನಪುಗಳನ್ ಮಾಡೋ  ದೊಡ್ ಹಿತ್ತಲನ್ ತೊಗೊಳಾಕ್ ನನ್ ಬಜೆಟ್ ಸಾಕಾಗ್ತಿಲ್ಲ ಅಂತ  ನಂಗ್  ದುಃಖ ಆಯ್ತು.,Sadness
ತಿಂಗ್ಳಾ ತಿಂಗ್ಳ ಎಷ್ಟರೇ ರೊಕ್ಕಾ ಬಾಡ್ಗಿ ಮ್ಯಾಲ ಸುರೀಲಿಕತ್ತೀನಿ ಅಂತ ನೋಡಿದ್ರ ಹೊಟ್ಯಾಗ್ ಸಂಕ್ಟ ಆಗ್ತೈತಿ.,Sadness
"ನಮ್‌ ಮನೇಲಿ ನಂಗೋಸ್ಕರ ನೀವ್ ಮಾಡ್ಕೊಟ್ಟಿರೋ ಕೆಲ್ಸಗಳೆಲ್ಲ ತುಂಬಾ ಚೆನ್ನಾಗಾಗಿವೆ, ಯಾರ್ಗಾದ್ರೂ ಒಳ್ಳೆ ಗಾರೆಕೆಲ್ಸದೋರ್‌ ಬೇಕೂಂದ್ರೆ ನಿಮ್ಹೆಸ್ರೇ ಹೇಳ್ತೀನಿ.",Happiness
ನೀವು ಓಟದ್ ಮೇಲೆ ಯಾಕ್ ಗಮನ ಹರ್ಸಲ್ಲ? ಯಾವಾಗ್ಲೂ ವಿಚಲಿತ ಆಗ್ಬಿಡ್ತೀರಿ. ನಂಗ್‌ ತುಂಬಾ ನಿರಾಶೆ ಮಾಡ್ಬಿಟ್ರಿ.,Anger
ನಾವ್‌ ಗಾಡಿ ಓಡ್ಸೋ ದಾರಿಲಿ ನಿರ್ಮಾಣ ಸಾಮಗ್ರಿಗಳ್ನೆಲ್ಲ ಬಿಸಾಕಿದ್ರೂಂತ ಆ ಅಂಗ್ಡಿಯೋರ್ಗೂ ನಂಗೂ ಮಾತಿನ್ ಚಕಮಕಿ ಆಯ್ತು.,Anger
ಅಭ್ಯಾಸದ್ ತರಗತಿ ನಡ್ಯುವಾಗ ನನ್ ಮಗ ಅವ್ನ್ ಸಂಗೀತದ್‌ ಮೇಷ್ಟ್ರು ಹೇಳ್ಕೊಟ್ ಥರ ಹಾಡ್ದೇ ಹಠ ಮಾಡಿದ್ನೋಡಿ ನಂಗ್‌ ತಾಳ್ಮೆ ಕೆಟ್ಟು ಸರ್ಯಾಗ್ ಒಂದೇಟ್‌‌ ಕೊಟ್ಟೆ ಅವ್ನಿಗೆ.,Anger
"ಈ ಸಾಸಲ್ಲಿ ಸಿಹಿ, ಹುಳಿ ಎರ್ಡೂ ಹದವಾಗಿವೆ. ಅದ್ಕೇ ಇಷ್ಟೊಂದ್ ರುಚಿ!",Happiness
ನಂಗೆ ಇವತ್ತಿನ್ ಪರೀಕ್ಷೆ ಬರ್ಯೋಕೆ ಧೈರ್ಯನೇ ಇಲ್ಲ. ನಾನೇನಾದ್ರೂ ಪಾಸ್ ಆಗ್ದಿದ್ರೆ ಏನಾಗ್ಬೋದು?,Fear
"ಈ ಕಲಾಕೃತಿಗಳು ನಮ್ ಗತಕಾಲಕ್ಕೆ ಅನನ್ಯ ಕೊಂಡಿಗಳೇ ಹೌದು, ಒಂದ್ಸಲ ಅವು ಕಳಚಿ ಬಿದ್ವು ಅಂದ್ರೆ ನಾವು ನಮ್ಮೆಲ್ರಿಗೂ ಸೇರಿದ ಇತಿಹಾಸದ ಒಂದ್ ಭಾಗವನ್ನೇ ಕಳ್ಕೊತೀವಿ.",Fear
"ನಮ್ಮಪ್ಪ ನನ್ ಅಂಕಪಟ್ಟಿ ನೋಡಿದ್ರೆ, ಅವ್ರ್ ಇನ್ನೇನ್‌ ಹೇಳ್ತಾರೋ ಗೊತ್ತಿಲ್ಲ ನಂಗೆ.",Fear
"ನಂಗೆ ""ಏಲಿಯನ್"" ಸಿನ್ಮಾ ನೋಡ್ದಾಗ್ಲೆಲ್ಲಾ ವಿಪ್ರೀತ ಭಯ ಆಗುತ್ತಪ್ಪ, ಮುಂದೊಂದ್‌ ದಿನ ಆ ಥರದ್‌ ಜೀವಿಗಳ್‌ ಬಂದು ನಮ್‌ ಮೇಲೆ ಹಿಡಿತ ಸಾಧಿಸ್ಬೋದಾ ಅಂತ ಆತಂಕ ಕಾಡತ್ತೆ.",Fear
ಥು.. ಆ ಇಬ್ರು ಹುಡುಗ್ರು ಆ ಅಜ್ಜಿದ್ ಲ್ಯಾಪ್ಟಾಪಲ್ಲಿ ಅವ್ರ್ ಬ್ಯಾಂಕ್ ಪಾಸ್ವರ್ಡ್‌ ಕಂಡ್ಕೊಳಕ್ ಪ್ರಯತ್ನ‌ ಪಡ್ತಿದಾರೆ.,Disgust
ನನ್ ಆರೋಗ್ಯ ಕೇಂದ್ರದ್ ಬಿಲ್ನಲ್ಲಿ ಅನಿರೀಕ್ಷಿತ ಜಾಸ್ತಿ ಚಾರ್ಜ್ ಮಾಡಿದ್ರಿಂದ ನಂಗ್ ಸ್ವಲ್ಪ ನಿರಾಸೆ ಆಯ್ತ್.,Sadness
ಥೂ ನಿನ್ನೆ ಗಾಡಿ ನಡಸ್ಕೋತ್ ಹೊಂಟಿದ್ದೆ‌ ಕಾಗಿ ನನ್‌ ಮ್ಯಾಲೇ ಹೊಲಸ್‌ ಮಾಡ್ತು ಯಪ್ಪಾ ಎಷ್ಟರೆ ಮೈ ಮಳಮಳ ಅಂತು.,Disgust
ಮಧ್ಯರಾತ್ರಿಲಿ ತುರ್ತು ಅಗತ್ಯ ಬಿದ್ದಾಗ ಆರೋಗ್ಯ ಕೇಂದ್ರದ್ ವೈದ್ಯರು ನಂಗೋಸ್ಕರ ನಮ್ಮನೆಗೇ ಬಂದಿದ್ನೋಡಿ ನಂಗ್‌ ಮಾತೇ ಹೊರಡ್ಲಿಲ್ಲ.,Surprise
ಆ ಕರೆಂಟಿನ್‌ ಸಾಮಾನ್‌ ಅಂಗ್ಡಿಯವ್ರು ಯಷ್ಟ್‌ ಛಂದ ಯಲ್ಲಾದಕ್ಕೂ ವಾರಂಟಿ ಕೊಡ್ತಾರ ಮತ್‌ ಅವ್ರು ಕೆಟ್ಟಿದ್‌ ಸಾಮಾನ್‌ ಹೊಳ್ಳಿ ವಾಪಾಸ್‌ ತೊಗೊತಾರ ಹಿಂಗಾಗಿ ಅವ್ರ್‌ ಮ್ಯಾಲ ಭರೋಸಾ ಅದ.,Happiness
ನಾನ್ ತೀರ್ಸ್ ಬೇಕಾಗಿರೋ ಸಾಲದ್ ಬಗ್ಗೆ ಯೋಚ್ನೆ ಮಾಡ್ದಾಗೆಲ್ಲ ನಂಗ್ ಮಂಕ್‌ ಕವ್ದಂಗ್‌ ಆಗೋಗತ್ತೆ.,Sadness
ಪ್ರತಿದಿನ ಬೆಳಿಗ್ಗೆ ಫ್ರಿಜ್ ಒಳಗಿಂದ ಮಂಜುಗಡ್ಡೆನ್  ಹೊರ್ಗೆ ಹಾಕೋದೇ  ನಿರಾಸೆ ತರ್ತಿದೆ.,Sadness
ಪಶ್ಚಿಮ ಆಫ್ರಿಕಾದ್  ಡೋಗನ್ ಬುಡಕಟ್ಟು ಜನಾಂಗಕ್ಕೆ ಬರಿಗಣ್ಣಿಗೆ ಗೋಚರಿಸದ್  ಸಿರಿಯಸ್ ಬಿ ಎಂಬ ನಕ್ಷತ್ರದ್  ಬಗ್ಗೆ ಗೊತ್ತಿದೆ  ಅಂತ ಓದ್ ದಾಗ ನಂಗ್ ಆಶ್ಚರ್ಯ ಆಯ್ತು.,Surprise
ಫಿಫಾ ವಿಶ್ವಕಪ್ಗೆ ವಿಶ್ವದರ್ಜೆಯ ಟೀಮ್‌ ಕಟ್ಟೋ ಬಗ್ಗೆ ಗಮನ ಹರ್ಸೋದ್ಬಿಟ್ಟು ನಮ್ ದೇಶ್ದಲ್ಲಿ ಅದೆಷ್ಟ್‌ ರಾಜ್ಕೀಯ ನಡ್ಯತ್ತಪ.. ಈ ಥರ ಆದ್ರೆ ‌ಯಾವ್‌ ಕಾಲಕ್ಕೂ ಟೀಮ್ ಕಟ್ಟಕ್ಕಾಗಲ್ಲ.,Disgust
"ಅಬ್ಬಬ್ಬಾ! ತಂಜಾವೂರ್ ದೇವಸ್ಥಾನನ ಕಟ್ಟಿರೋ ರೀತಿ, ಅದ್ರಲ್ಲೂ ಅದ್ರ್ ಗೋಪ್ರದ್ ಮೇಲ್ಗಡೆ ಇರೋ ಆ ಕಲ್ಲಿನ್‌ ಗುಂಬ ಎಲ್ಲ ನಿಜಕ್ಕೂ ಅದ್ಭುತ!",Surprise
"ಕ್ಯಾಮೆರಾ ಇನ್ಸ್ಟಾಲ್ ಮಾಡೋದ್ಬೇಡ ಅಂತ ತೀರ್ಮಾನ ಮಾಡ್ಬಿಡೋ ಮೊದ್ಲು ಈ ಥರ ಏನಾದ್ರೂ ಕಳ್ತನ ಆದ್ರೆ ನಿಮ್ಮನೆಯೋರ್‌ ಗತಿ ಏನು, ಅವ್ರೆಲ್ಲ ಎಷ್ಟ್‌ ತೊಂದ್ರೆ ಅನುಭವಿಸ್ಬೇಕಾಗತ್ತೆ ಅಂತೆಲ್ಲ ಒಂದ್ಸಲನಾದ್ರೂ ಯೋಚ್ನೆ ಮಾಡ್ಬೇಕಲ್ವೇನ್ರಿ ನೀವು, ಅಷ್ಟೂ ಜವಾಬ್ದಾರಿ ಇಲ್ಲಾಂದ್ರೆ ಹೇಗೆ?!",Anger
"ಈ ಸರ್ಕಾರಿ ಆಫೀಸ್‌ಗೊಳ್‌ ದಿನಾದಿನಾ ಹಾಳಾಗ್ಲಿಕತ್ತಾವ, ಅಗತ್ಯ ಸೇವಾ ಅಂತ ಬರೀ ಲಿಸ್ಟ್‌ನ್ಯಾಗಷ್ಟೇ ಹೆಸ್ರದ, ಆ ಕೆಲ್ಸಾಗಳ್ನೂ ಸು‌ಮ್‌ ಶಾಸ್ತ್ರಕ್ಕ ಅನ್ನಂಗ್ ಯಕಡರೆ ಮಾಡ್ತಾರ.",Anger
"ನಾನು ಅವ್ರ್‌ ಹೇಳಿದ್ನ ತಪ್ಪಾಗರ್ಥ ಮಾಡ್ಕೊಂಡಿದ್ದೆ ಅಂದಿದ್ದಲ್ದೇ ನಾನ್‌ ಕೇಳಿದ್ನೂ ಮಾಡ್ಕೊಡಕ್ಕಾಗಲ್ಲ ಅಂತ ಕ್ಷಮೆ ಬೇರೆ ಕೇಳ್ತಾರೆ, ಥೋ ಏನ್‌ ಜನನಪ..ಅಸಹ್ಯ!",Disgust
"ನಾನ್ ನಂಗೆ ಇಂಟರ್ನೆಟ್‌ ಸಮಸ್ಯೆ ಆಗಿದೆ ಅಂತ ಹೇಳ್ದಾಗ್ಲೆಲ್ಲ ಯಾರಾದ್ರೂ ತಕ್ಷಣ ಬರ್ತೀವಿ ಅಂತ ಹೇಳೋದೇನೋ ಹೇಳ್ತಾರೆ, ಆದ್ರೆ ಬರೋದ್‌ ಮಾತ್ರ ಎರಡ್‌ ದಿನ ಆದ್ಮೇಲೇನೇ.",Disgust
"ನಾನು ಇದೇ ರಸ್ತೆಲಿರೋ ಹೊಸ ಕ್ಲಬ್ಬಲ್ಲಿ‌ ಒಂದಷ್ಟ್‌ ಜನ್ರನ್ನ ಸ್ನೇಹಿತ್ರನ್ ಮಾಡ್ಕೊಳಣ ಅಂತ ಪ್ರಯತ್ನ ಪಟ್ಟೆ, ಆದ್ರೆ ಯಾರೂ ನನ್ಜೊತೆ ಮಾತಾಡೋಕೆ ಆಸಕ್ತಿನೇ ತೋರಿಸ್ಲಿಲ್ಲ.",Sadness
"ಕಾರ್ಯಕ್ರಮದಾಗ ಅಷ್ಟ್‌ ಮಸ್ತ್ ಥೀಮ್‌ ಇಟ್ಟಿದ್ರನೂ ಗದ್ದಲ್‌ ಗಡಬಡ್‌ ಆಗಿ ವ್ಯವಸ್ಥಾ ಢೇಣೆದ್ಹೋಯ್ತು, ನಂಗ ಆ ಈವೆಂಟ್‌ ಮ್ಯಾನೆಜರ್‌ಗ ಕಪಾಳಕ್ಕ ಹಾಕಷ್ಟ್‌ ಸಿಟ್ಟ್‌ ಬರ್ಲಿಕತ್ತದ.",Anger
ನಾನು ಇನ್ನೊಂದ್ ರಜಕ್ಕೋಸ್ಕರ ಬಾಸ್ ಹತ್ರ ಕೇಳೋ ಪ್ರಶ್ನೆನೇ ಇಲ್ಲಪ್ಪ. ಕೇಳಿದ್ರೆ ಅವ್ನು ನನ್ನನ್ನ ಕೆಲ್ಸದಿಂದ್ಲೇ ತೆಗ್ದ್ ಹಾಕ್ಬೋದು.,Fear
"ಇಂಡಿಯಾ ಸಿಮೆಂಟ್ಸ್‌ನೋರು ಧೋನಿ ಉಪಾಧ್ಯಕ್ಷ ಆದ್ರೆ ‌ಅವ್ನಿಗೆ ೪೩,೦೦೦ ರೂಪಾಯ್ ಸಂಬ್ಳ ಕೊಡ್ತೀವಿ ಅಂತ ಪತ್ರ ಬರ್ದಿದಾರಲ, ಅಷ್ಟೊಂದ್‌ ಹಣ ಯಾಕೆ ಅಂತ್ಲೇ ನಂಗರ್ಥ ಆಗ್ತಿಲ್ಲ.",Surprise
ಈ ಬ್ಯಾಂಕಿಂಗ್‌ನ್ಯಾಗ್ ನಾ ಯಾರ್‌ ಮ್ಯಾಲ್ ಭರೋಸಾ ಇಟ್ಟಿದ್ನೋ ಅವ್ರೇ ಠಕ್ಕಿದಾರಂದ್ರ ನಾ ಯೇನ್‌ ಮಾಡ್ಲೀಗ.,Sadness
ನಾನ್‌ ಸೇರ್ಬೇಕು ಅನ್ಕೊಂಡಿರೋ ಕಾಲೇಜ್‌ ಬಗ್ಗೆ ನೀವ್‌ ಒಗಟೊಗಟಾಗ್‌ ಮಾತಾಡುದ್ರೆ ನಂಗ್‌ ಇದ್ದಿದ್ದೂ ತಲೆ ಕೆಡುತ್ತೆ. ಅದೇನ್‌ ಹೇಳ್ಬೇಕೂಂತಿದಿರೋ ನೇರ್ವಾಗ್‌ ಹೇಳಿ.,Anger
"ಖಾತೆನ ಮುಚ್ಚೋಕೆ ಯಾವ್ದೇ ಹೆಚ್ಚುವರಿ ಶುಲ್ಕ ಇರೋದಿಲ್ಲ ಅನ್ನೋದೇನೋ ಸರಿ, ಆದ್ರೆ ನಾನ್‌ ಕಟ್ಬೇಕಿರೋ ದಂಡಗಳು ಕೆಲ್ವೆಲ್ಲ ಬಾಕಿಯಿವೆ. ಏನಪ್ಪ ಮಾಡೋದೀಗ?!",Fear
"ನನ್ ಆನ್ಲೈನ್ ಭದ್ರತೆನ ರಕ್ಷಿಸ್ಕೊಳಕ್ಕೆ ಅಗತ್ಯವಾಗಿರೋ ಕ್ರಮಗಳ್ನ ನಾನ್ ತಗೊಳ್ದಿದ್ರೆ, ಸೈಬರ್ ಅಪರಾಧಿಗಳ್ಗೆ ಬಲಿಯಾಗ್ತೀನೇನೋ ಅಂತ ಹೆದ್ರಿಕೆ ಆಗ್ತಿದೆ ನಂಗೆ.",Fear
ನಾನ್‌ ಹುಟ್ಟಿ ಒಂದೆರಡ್‌ ದಿನಗಳ್ವರ್ಗೂ ನಂಗೆ ನೀಲಿ ಕಣ್ಗಳಿದ್ವು ಅಂತ ನಮ್ಮಮ್ಮ ಹೇಳ್ದಾಗ ನನ್ ಕಿವಿ ನಾನೇ ನಂಬಕ್ಕಾಗ್ಲಿಲ್ಲ.,Surprise
ತಮ್‌ ಗಿರಾಕಿಗೊಳ್‌ ಸೇಫ್ಟಿ ಕಡೆ ಚೂರೂ ಕಿಮ್ಮತ್ತ್‌ ಇರ್ಲಾರ್ದೇ ಅಸೈ ಕ್ವಾಲಿಟಿ ವೈರಿಗಿ ಛೊಲೋ ಅಂದ್ ಮಾರಿ ಬರೀ ತಮ್‌ ಫಾಯಿದಾ ನೋಡ್ಕೊತಾರಲಾ ಅಂಥಾ ವ್ಯಾಪಾರಂದ್ರ ನಂಗ ಹೇಸ್ಗಿ.,Disgust
ನಾನ್ ಚೆನ್ನೈಯಿಂದ ಬೆಂಗ್ಳೂರಿಗ್‌ ಗಾಡಿ ಓಡ್ಸ್ಕೊಂಡ್‌ ಬಂದಾಗ ವೆಲ್ಲೂರ್‌ವರ್ಗೂ ದೊಡ್ ದೊಡ್ ಟ್ರಕ್‌ಗಳ್‌ ಮಧ್ಯೆನೇ ಓಡ್ಸ್‌ಬೇಕಾಗ್ಬಂದು ನಂಗ್ಯಾಕೋ ಆ ಹೈವೇ ಅಷ್ಟ್‌ ಸೇಫಲ್ಲ ಅನ್ಸ್‌ಬಿಡ್ತು.,Fear
ದೆಹಲಿಲಿ ಸಣ್ ಮಕ್ಳಿರೋ ಕುಟುಂಬಗಳೋರ್ಗೆ ಗೈಡೆಡ್ ಸಿಟಿ ಟೂರ್ಸ್ ಎಷ್ಟ್ರಮಟ್ಗೆ ಸೇಫಾಗಿವೆ? ನಂಗಂತೂ ಅದ್ರಲ್‌ ಹೋಗಕ್ಕೆ ಏನೋ ಅಳುಕು.,Fear
"ಬೇಸ್ಗೆಗಾಲ್ದಲ್ಲಿ ಆಗಷ್ಟೇ ಮಾಡಿದ್‌ ಕಬ್ಬಿನ್‌ಹಾಲೂಂದ್ರೆ ಕುಡ್ಯೋಕೊಳ್ಳೆ ರುಚ್ಯಾಗಿ, ಹೊಟ್ಟೆಗೆಷ್ಟ್ ತಂಪಾಗಿರತ್ತೆ‌ ಗೊತ್ತಾ?",Happiness
"ಸಮಯಪ್ರಜ್ಞೆ ಮತ್ತು ಸರ್ಯಾದ್  ವೇಳಾಪಟ್ಟಿ ಇರ್ಬೇಕು  ಅಂತ ನಾನು ಸ್ಪಷ್ಟವಾಗ್  ಮೊದ್ಲೇ ಹೇಳಿದ್ದೆ, ಆದ್ರೂ  ರೂಮ್‌ಗಳ್  ಕ್ಲೀನ್ ಇರಬೇಕಾದಾಗ್ಲೂ ಕ್ಲೀನ್  ಇಲ್ಲ ಅಂತ ತುಂಬಾ ಬೇಜಾರಾಯ್ತು. !",Anger
ಈ ಆಟ್ದಲ್ಲಿ ಬರೀ ರಕ್ತ ಮತ್ತೆ ಹಿಂಸೆನೇ ತುಂಬಿದ್ಯಪ್ಪ. ಯಾರಾದ್ರೂ ಯಾಕಾದ್ರೂ ಆಡ್ತಾರೋ ಅದ್ನ?,Disgust
ನನ್ ಕ್ರಿಪ್ಟೋಕರೆನ್ಸಿ ಹೋಲ್ಡಿಂಗ್ಸ್ ಬೆಲೆ ಜಾಸ್ತಿ ಆಗಿದೆ.,Happiness
"ನಾನು ಡಾಕ್ಟ್ರಿಂದ ಏನೂ ಒಳ್ಳೆ ಸುದ್ದಿ ನಿರೀಕ್ಷಿಸಿರ್ಲಿಲ್ಲ. ಆದ್ರೆ ಅವ್ರು ನಮ್ಮತ್ತೆದ್‌ ರಿಪೋರ್ಟ್ಸೆಲ್ಲ ಸರಿಯಿದೆ, ಆರೋಗ್ಯವಾಗಿದಾರೆ ಅಂತಂದಿದ್‌ ಕೇಳಿ ಆಶ್ಚರ್ಯ ಆಯ್ತು!",Surprise
ಈ ಸ್ಮಾರ್ಟ್ ಟಿವಿಲಿ  ಇಷ್ಟ್  ದೊಡ್ ಪ್ರಮಾಣದ್  ಸ್ಟ್ರೀಮಿಂಗ್ ಅಪ್ಲಿಕೇಶನ್  ಇರುತ್ತೆ ಅಂತ ನಾನ್ ಅನ್ಕೊಂಡೆ ಇರ್ಲಿಲ್ಲ.!,Surprise
ಓಹೋ! ಇವತ್ತು ಕಟಿಂಗ್‌ ಷಾಪಿಗ್ ಬರೋಕ್ಮುಂಚೆ ನೀವು ತಲೆಗ್ ಸ್ನಾನ ಮಾಡಿದ್ರಾ?,Surprise
ಲಾಕರ್ ಬಗ್ಗೆ ವಿಚಾರ್ಸಕೆ  ನಾನ್ ಬ್ಯಾಂಕ್ಗೆ ಹೋಗಿದ್ದೆ ಒಂದ್  ಗಂಟೆ ಕಾದ್ರೂ ಯಾರೂ ನನ್ ಕಡೆ  ಗಮ್ನನೇ ಕೊಟ್ಟಿಲ್ಲ ಅಂತ ನಂಗ್ ತುಂಬಾ ಬೇಜಾರಾಯ್ತು.,Sadness
ಮನೇಲಿ ಕೆಲ್ವು ಜವಾಬ್ದಾರಿಗಳ್ನ ನಿಭಾಯ್ಸೋಕೆ ಸಾಲ ತಗೊಳ್ಬೇಕಾಗ್‌ ಬಂದಾಗ ಮನ್ಸಿಗ್‌ ಒಂಥರ ಹಿಂಸೆ ಆಗ್ಬಿಡ್ತು.,Sadness
ಈ ಬ್ಯಾಟ್ ಗುಣಮಟ್ಟ ತುಂಬಾ ಕಳಪೆ ಆಗಿದೆ. ನಿಮ್ಹತ್ರ ಇಲ್ಲಿ ಯಾವ್ದೂ ಒಳ್ಳೆ ಮಜಬೂತಾದ್ ಬ್ಯಾಟ್ ಇಲ್ವಾ?,Anger
"ಅವ್  ಜಗತ್ತನ್ ನೋಡಕ್ ಹಾತೊರೆಯುತಿದ್ ಹಾಗೆ. !ವಾಹ್, ನಾವ್  ಅವುಗಳನ್ ನೆಟ್ ಕೂಡ್ಲೇ  ಬೀಜಗಳ್  ಎಷ್ಟ್  ಬೇಗ ಮೊಳಕೆ ಬಂದ್ವು ಅಂದ್ರೆ ನಂಗ್ ನಂಬಕ್   ಆಗ್ತಿಲ್ಲ.",Surprise
ಇಷ್ಟು ದೊಡ್ಡ ಹೋಟೆಲ್ನಲ್ಲಿ ನಾನ್ ರೂಮ್ ಸರ್ವಿಸ್ಗೆ ಕಾಲ್ ಮಾಡ್ದಾಗ ಅದು ಐದು ನಿಮಿಷದಲ್ ಬರುತ್ತೆ ಅಂತ ಅವ್ರು ಹೇಳ್ದಾಗ ನಂಗ್ ಆಶ್ಚರ್ಯ ಆಯ್ತ್. ಇದು ತುಂಬಾ ಒಳ್ಳೇದು.,Surprise
ಅವ್ನು ಬರೀ ಐದು ಅಡಿ ಎತ್ರ ಇರೋದಾದ್ರೂ ಗಾಳಿಲ್ ಎತ್ರಕ್‌ ಹಾರಿ ಬ್ಯಾಸ್ಕೆಟ್ ಬಾಲ್ ಹೂಪ್‌ನ ಅಂಚನ್ನ ಮುಟ್ದ.,Surprise
ನಾನ್ ಯಾವಾತ್ತು ಕ್ಲೌಡ್ ಆರ್ಕಿಟೆಕ್ಚರ್ ಗೆ  ಒಳ್ಳೆ  ಅಭ್ಯರ್ಥಿನ್  ಹುಡುಕ್ ಬೇಕು ಅಂತ ಇರ್ತೇನೆ.  ನಮ್ ಸ್ಪರ್ಧೆಯು ಅವ್ರನ್ ಬೇಟೆಯಾಡೋದ್ರಲ್ಲೇ  ಮುಗ್ಯುತ್ತೆ.,Fear
ಮೈಲಾಪುರ ಮೆಸ್ನಲ್ಲಿ ಪೊಂಗಲ್ನ ರುಚಿ ನಿಜ್ವಾಗ್ಲೂ  ನನ್ ನಿರೀಕ್ಷೆನ ಮೀರಿಸ್ತ್. ಅದು ತುಂಬಾ  ರುಚಿಯಾಗಿತ್.,Happiness
ರ್ಯಾಂಪ್‌ ಮೇಲೆ ನಡ್ಕೊಂಡ್‌ ಬರುವಾಗ ಜಾರ್‌ಬಿದ್ದೆ ನಾನು. ನನ್ ಮಂಡಿ ತುಂಬಾ ನೋಯ್ತಾ ಇದೆ.,Sadness
"ನಾನ್ ಎಂ.ಆರ್.ಟಿ.ಎಸ್. ನಿಲ್ದಾಣ್ದಿಂದ ಹೊರಗ್‌ ಬಂದ್ರೆ ಅಲ್ಲ್‌ ಎದ್ರುಗಡೆ ರಸ್ತೆ ಮೇಲೆ ಒಂದ್ರಾಶಿ  ಕಸ, ಹೊಲ್ಸು ಚೆಲ್ಲಾಡಿದ್ದಿದ್ ನೋಡಿ ನಂಗ್‌ ವಾಂತಿ ಬಂದ್ಬಿಡ್ತು.",Disgust
"ಹಾಗ್ ಮಾಡ್ಬೇಡಿ ಅಂತ ನಾನ್ ಎಷ್ಟ್ ಸರ್ತಿ ಹೇಳಿದ್ರೂ ವಿಮಾನ್ದಲ್ಲಿ ನನ್ ಹಿಂದಿನ್ ಸೀಟಲ್ಲಿದ್ದೋನು ನನ್ ಸೀಟ್‌ನ ಒದಿತಾನೆ ಇದ್ದ, ಕೊನೆಗಿನ್ನೇನೂ ತೋಚ್ದೇ ಅವ್ನ್‌ ಹತ್ರ ಒದುಸ್ಕೊಂಡೇ ಪ್ರಯಾಣ ಮುಗ್ಸಿದ್ದಾಯ್ತು.",Sadness
ಸೋಷಿಯಲ್‌ ಮೀಡಿಯಾದಲ್ಲೆಲ್ಲ ಭಾರೀ ಫೇಮಸ್ ಆಗಿರೋ ಆದ್ರೆ ‌ನಿಜ್ವಾಗಿ ಆತ ಯಾರೂಂತ್ಲೇ ಗೊತ್ತಿಲ್ದಿರೋ ಒಬ್ಬ ಷಾಪರ್‌ ನಮ್ಗೆ ತುಂಬಾನೇ ಒಳ್ಳೆ ಫೀಡ್‌ಬ್ಯಾಕ್ ಕೊಟ್ಟಿದಾನೆ.,Happiness
"ನಿಮ್ ಆರೋಗ್ಯದ್‌ ಬಗ್ಗೆ ನೀವ್‌ ಹೇಳ್ತಿರೋದ್‌ ಕೇಳಿದ್ರೆ ಪಾಪ ನಿಮ್‌ ಹೊಟ್ಟೆ ಎಲ್ಲನೂ ತುಂಬಾನೇ ಸಹಿಸ್ಕೊಂಡು ನಿಮ್ಗೆ ಒಳ್ಳೆ ಸಾಥ್‌ ಕೊಟ್ಟಿದೆ ಅನ್ಸತ್ತೆ, ಇಲ್ಲಾಂದ್ರೆ ನೀವ್‌ ಇಷ್ಟ್ರಮಟ್ಟಿಗಾದ್ರೂ ಇರೋಕೆ ಸಾಧ್ಯನೇ ಇರ್ಲಿಲ್ಲ!",Surprise
ನೀವ್‌ ಹೂಡಿಕೆ ಮಾಡಿರೋ ಕಂಪ್ನಿಯೋರು ಹಣಕಾಸಿನ್ ವಿವರಗಳ್ನೆಲ್ಲ ಅವ್ರಿಗ್‌ ಬೇಕಾದ್‌ ಹಾಗ್‌ ತಿರ್ಚಿ ಜನ್ರಿಗ್‌ ಹೇಗ್‌ ಟೋಪಿ ಹಾಕ್ತಾರೆ ಗೊತ್ತಾ?,Disgust
ಇಲ್ದಿದ್ದರೆ ನನ್ ಕುಟುಂಬದ್  ಸದಸ್ಯರು ಜಗಳ ಮಾಡ್ತಾರೆ ಅಂತ ನಂಗೆ ಹೆದ್ರಿಕೆ ಅಗ್ತಿದೆ. ನಂಗ್  ಜಾಸ್ತಿ  ಪತ್ರಿಕೆನ್ ಕೊಡಬೋದಾ?,Fear
ಅವ್ರು ನಮ್‌ ಜೊತಿ ಪೈಪೋಟಿ ಮಾಡ್ಬೇಕಂತ ಸಾಮಾನ್ ಸೋವಿ‌ ಇಟ್‌ ನಮ್ ಗಿರಾಕಿಗಳಿಗ್‌ ತಮ್ ಕಡೆ ಮಾಡ್ಕೋತಾರಂತ ನಂಗ್ ಧೈರ್ಯ್‌ಗೆಟ್ಟದ.,Fear
"ಈ ಹಾಸ್ಟೆಲ್ ಮಾಲೀಕ್ರು ಒಂದೇ ಸಮ್ನೇ ಬಾಡಿಗೆನ ಜಾಸ್ತಿ ಮಾಡ್ತಾ ಇದಾರೆ, ಅವ್ರ್‌ ಕೇಳ್ದಷ್ಟೆಲ್ಲ ಬಾಡ್ಗೆ ಕಟ್ಟೋ ಶಕ್ತಿ ಇಲ್ಲ ನಂಗೆ.",Sadness
ನಾನ್  ರಿಟರ್ನ್ ಮಾಡಿದ್  ಪ್ಯಾಕೇಜ್  ನಿಮ್  ಗೋದಾಮ್ಗೆ ತಲ್ಪೇ  ಇಲ್ಲ  ಅಂತ  ತಿಳ್ದಾಗ  ನಂಗ್  ಆಶ್ಚರ್ಯ ಆಯ್ತು!,Surprise
ಎನ್ರಾನ್ ನಾಯಕತ್ವ ಅವ್ರ ವೈಫಲ್ಯಗಳ್ ಜವಾಬ್ದಾರಿ ತಗೊಳಕ್ ನಿರಾಕರ್ಸಿದ್ದು ತೀರಾ ಅಸಹ್ಯ.,Disgust
ಇವೆಂಟ್ ಮ್ಯಾನೇಜರ್ ಮೊದ್ಮೊದ್ಲು ಕೊಡ್ತಿದ್ದಿದ್ ಥರಾವರಿ ಸರ್ವಿಸ್‌ಗಳಲ್ಯಾವ್ದೂ ಈಗ ನಮ್ ಕಾರ್ಯಕ್ರಮ ನಡ್ಯೋ ಹೊತ್ಗೆ ಲಭ್ಯವಿಲ್ಲ ಅಂತ ಕೇಳಿ ನಂಗ್ ಮುಖ ಸಪ್ಪಗಾಗೋಯ್ತು.,Sadness
ಚೆನ್ನೈನ್ಯಾಗ್ ಇಲ್ಲಿನ್‌ ಈ ಬಿಯರ್ ಕುಡಿಲಿಕ್ಕೇ ಆಗಲ್ತು ಸ್ವಲ್ಪೂ ರುಚಿ ಇಲ್ಲಾ ಭಾಳ ಖರಾಬದ.,Disgust
ಪಿಎಚ್.ಡಿ. ಮಾಡಕ್ ನಂಗ್ ಸೀಟ್ ಸಿಕ್ಕಿರೋದ್‌ ಗೊತ್ತಾದ್ಮೇಲೆ ನನ್‌ ಕಾಲು ಭೂಮಿ ಮೇಲೇ ಇಲ್ಲ.,Happiness
ಏನು... ಈ ಅದ್ಬುತ ಹಾರನ್  ಕೈಯಿಂದ ಮಾಡಿದ್ದಾರಾ? ಅದ್ರಲ್ಲಿರೋ ಡೀಟೇಲ್ಸ್ ಮತ್ ವಿಶ್ವಾಸಾರ್ಹತೆಯು ನನ್  ನಿರೀಕ್ಷಿಸಿದ್ದಕ್ಕಿಂತ್  ಮೀರಿದೆ!,Surprise
ಬಿಡಿಭಾಗಗಳ್ನ ಬದ್ಲಾಯ್ಸೋಕೆ ರಾಶಿ ದುಡ್ಡ್‌ ಸುರ್ಯೋ ಬದ್ಲು ರಿಪೇರಿ ಮಾಡ್ಸಣ ಅನ್ಕೊಂಡ್ರೆ ರಿಪೇರಿಗೂ ಅಷ್ಟೊಂದ್‌ ಖರ್ಚ್‌ ಬೀಳತ್ತೆ ಅಂತ್‌ ಗೊತ್ತಾಗಿ ಏನ್‌ ಮಾಡ್ಸಕ್ಕೂ ಉತ್ಸಾಹನೇ ಇಲ್ದಂಗಾಗಿದೆ.,Sadness
ಓಹ್‌ ಹೌದಾ!‌ ಹಾಗಾದ್ರೆ ನಮ್ ಪಾಠಗಳ್ನ ಮುಂದ್ವರ್ಸೋಕೆ ಇನ್ನಂತೂ ಕಾಯೋಕಾಗಲ್ಲ ನಂಗೆ.. ಅಷ್ಟ್ ಕಾತರ ಆಗ್ತಿದೆ!,Happiness
ಎ.ಐ. ಈಗ ಬೋರ್ಡ್ ಗೇಮ್‌ಗಳಲ್ಲೆಲ್ಲ ಮನುಷ್ಯರನ್ನ ಸೋಲಿಸ್ತಾ ಇರೋದ್ ನೋಡೋಕ್ಕೆ ಖುಷಿ ಆಗತ್ತೆ.,Happiness
"ಈ ಸ್ಪ್ಯಾಮ್ ಕಾಲ್ಸ್ಅಂದ್ರೆ ನಂಗ್‌ ರೋಷ ಉಕ್ಕತ್ತೆ. ‌ನಿಮ್ ಬ್ಯಾಂಕಿಗ್ ನನ್ ಖಾಸಗಿ ನಂಬರ್ ಹೇಗ್ರಿ ಸಿಕ್ತು ಮತ್ತೆ ನಂಗ್ ಫೋನ್ ಮಾಡಕ್ ನಿಮ್ಗ್ ಯಾರ್‌ ಅನುಮತಿ ಕೊಟ್ಟಿದ್ದು, ಆಂ?",Anger
ಚೆನ್ನೈಯ ಕುಮರನ್ ಸಿಲ್ಕ್ಸ್ ಅಂಗ್ಡಿಲಿ  ಪ್ರತಿಯೊಂದ್ ಬಟ್ಟೆಗೂ ಸೈಜ಼್ ಚಾರ್ಟ್ ಇದೆ ಅಂದ್ರೆ ನಂಗ್ ನಂಬಕ್ಕೇ ಆಗ್ಲಿಲ್ಲ.,Surprise
ನನ್ ಸೋದರಳಿಯನ್  ಪೋಷಕ್ರು  ಅವ್ನ ಅಣ್ಣನ್   ಮದುವೆ ಸಮಾರಂಭದಿಂದ್ ಅವನನ್ ದೂರ ಇಟ್ಟಾಗ್  ನಂಗ್  ಬೇಜಾರಾಯ್ತು.,Sadness
ಕಳೆದ್ ಇಪ್ಪತ್ತ್ ವರ್ಷದಲ್ಲಿ ನನ್ ರಿಯಲ್ ಎಸ್ಟೇಟ್ ಆಸ್ತಿ ಬೆಲೆ ಈ ಪಾಟಿ ಜಾಸ್ತಿ ಆಗಿರೋದು ನಂಗಂತೂ ಪರಮಾನಂದ ಆಗೋಗಿದೆ.,Happiness
ಈ ಸಂಗೀತ ಕೇಳೊಕೆ ನಂಗ್ ತುಂಬಾ ಸಂತೋಷ ಆಗತ್ತೆ. ಇದ್ನ ಕೇಳ್ದಾಗ್ಲೆಲ್ಲ ನನ್‌ ಮನ್ಸು ಹಗೂರ ಆಗಿ ಒಳ್ಳೆ ಮೂಡ್‌ ಇರತ್ತೆ.,Happiness
"ಹಿಂಭಾಗ್ದಲ್ಲಿ ಹಿಡ್ಕೊಳಕ್‌ ಒಂದ್ ರಾಡ್ ಇಲ್ದಿರೋ ಇಂಟರ್‌-ಸಿಟಿ ಬಸ್ಗಳೂಂದ್ರೇ ಆಗಲ್ಲ ನಂಗೆ, ನಾನ್‌ ಹತ್ತೋದೇ ಇಲ್ಲ ಅವನ್ನ. ಡ್ರೈವರ್‌ ಒಂದ್ಸಲ ಬ್ರೇಕ್‌ ಹಾಕ್ದಾಂದ್ರೆ ಹಿಂದೆ ನಿಂತಿದ್ದೋರು ರಪ್ಪಂತ ಪೂರ್ತಿ ಮುಂದುಕ್‌ ಹೋಗಿರ್ತಾರೆ.",Disgust
"ನಿಮ್ಗೆ ತೃಪ್ತಿ ಆಗೋಂಥದ್ದು ಸಿಗ್ದೇ ಹೋಗಿದ್ದಕ್ಕೆ ಕ್ಷಮ್ಸಿ, ಒಳ್ಳೆ ಗುಣಮಟ್ಟದ ಕೆತ್ತನೆ, ಅಚ್ಕಟ್ಟಾದ ಕಸುಬುಗಾರಿಕೆ ಒದಗ್ಸೋಕೆ ನಾನ್‌ ಇನ್ನಷ್ಟ್‌ ಪ್ರಯತ್ನ ಪಡ್ತೀನಿ.",Sadness
ಇಶ್ಶೀ! ಆ ಚಿಕ್ಕ್ ಹುಡ್ಗ ಸ್ವಿಮ್ಮಿಂಗ್‌ ಪೂಲ್‌ ಒಳ್ಗೆ ಅವ್ನ್‌ ಮೂಗಿಂದ ಸಿಂಬ್ಳ ತೆಗ್ದ. ನಾವ್ ಇದ್ರಿಂದ ಆಚೆ ಹೋಗಣ ನಡೀರೋ!,Disgust
ರಸ್ತೆಲಿ ರಾಂಗ್ ಸೈಡಲ್‌ ಗಾಡಿ ಓಡ್ಸೋ ವಿದ್ಯಾವಂತ ಜನ್ಗಳ್ಗೆ ಬುದ್ಧಿ ಹೇಳಕ್ಕೆ ಆ ದೇವ್ರಿಂದ್ಲೂ ಸಾಧ್ಯ ಇಲ್ವೇನೋ.,Disgust
"ಪ್ರತಿ ಸರ್ತಿ ನನ್ ಕಾರಲ್ಲಿ  ಸಮಸ್ಯೆ ಬಂದಾಗ, ನನ್ ಕಾರನ್ ಸರಿ ಮಾಡಕ್ಕೆ  ಒಳ್ಳೆ ಮೆಕ್ಯಾನಿಕ್ ಅನ್ ಹುಡ್ಕಿ ಕೊಡೊ   ವಿ.ಪಿನ ಕಂಡ್ರೆ ನಂಗ್ ಖುಷಿ ಆಗುತ್ತೆ.",Happiness
ನಮ್‌ ಅಂಗ್ಡಿ ಸಾಮಾನ್‌ ಏನಾ ಹೊಸಾತನಾ ಹಿಂಗ್ ಏನರೆ ವಿಶೇಷ ಅನ್ಸಹಂಗ ಏನೂ ಇಲ್ಲೇಇಲ್ಲಾ.,Sadness
ಅವ್ರ್ ಸಾಧ್ಸಿರೋ ಪ್ರಗತಿ ಮತ್ತೆ ಒಟ್ಟಾರೆ ಪ್ರಸ್ತುತಿ ನೋಡಿ ನಂಗಂತೂ ಮೈಯೆಲ್ಲ ರೋಮಾಂಚನ ಆಗೋಗಿತ್ತು.,Happiness
"ನಾನು ಸಮಯಕ್ ಸರ್ಯಾಗಿ ಕ್ಲಾಸಿಗ್ ಸೇರ್ದಿದ್ರೆ, ಮೇಡಂ ಮತ್ತೆ ಬೈತಾರೆ ನಂಗೆ.",Fear
"ಈ ಆಪ್ ನನ್ ದಿನದ್ ಕೆಲ್ಸ ಎಷ್ಟ್‌ ಸರಳ ಮಾಡ್ಸತ್‌ ನೋಡ, ಜಾದೂ ಅನಸ್ತದ!",Surprise
ಈ ಡಿವೈಸ್‌ ಇದ್ರೆ ಎಲ್ಲಿಂದ್ಲಾದ್ರೂ ಅಂತರ್ಜಾಲಕ್ಕೆ ಸಂಪರ್ಕ ಸಿಗತ್ತೆ ಅಂತ ನಂಗ್‌ ಕಲ್ಪನೆನೇ ಇರ್ಲಿಲ್ಲ.,Surprise
"ಆ ಭಟ್ರು ಮಾಡಿದ್ ಅಡ್ಗೆ, ಒಬ್ಬ ಫುಡ್‌ ಕ್ರಿಟಿಕ್‌ ಆಗಿ, ನಂಗೆ ಭಾಳ ವಿಶೇಷ ಅನ್ಸ್ತು, ಎಲ್ಲನೂ ಅದೆಷ್ಟ್‌ ಹದವಾಗ್ ಮಾಡಿದ್ರು ಅಂದ್ರೆ ಅವ್ರಿಗಿದ್ರಲ್ಲ್ ಎಷ್ಟ್ ಅನುಭವ ಇದೆ ಅನ್ನೋದ್‌ ಗೊತ್ತಾಗ್ತಿತ್ತು.",Happiness
ಇವತ್ ನಾನು ಎಲ್ಲೋ ಹೋಗ್ಬೇಕು ಅಂತ  ಸಾರ್ವಜನಿಕ ಬಸ್ ಹತ್ತಿದೆ  ಅಲ್ಲಿ  ತುಂಬಾ  ದುರ್ವಾಸನೆ ಇತ್ತು ನಂಗಂತೂ ಸಹಿಸ್ಕೊಳ್ಳಾಕ್  ಆಗಿಲ್ಲ.,Disgust
ಜಬರ್ದಸ್ತ್‌ ಅದ ನೋಡ್‌ ಇದು! ನಾ ಇದ್‌ ಹಿಂಗಿರ್ತದಂತ ಎಣಸೇ ಇರ್ಲಿಲ್ಲ!,Surprise
ಅಯ್ಯಪ್ಪಾ ಏನ್‌ ಅನಬೇಕ್‌ ಇದಕ್ಕ್ ನೋಡು ಭಾರತ್ದ ನೌಕಾಸೈನ್ಯದಾಗಿನವರ್‌ ಯಾರೋ ತಾವೊಬ್ರ ಇಡೀ ಜಗತ್ ಸುತ್ತ್ಹಾಕ್ಯಾರಂತ ಹಡಗಿನ್ಯಾಗ.,Surprise
ಕಾಂಪೌಂಡ್ ಗೋಡೆನ ಇಷ್ಟ್‌ ಬೇಗ ಕಟ್ಟ್ ಮುಗಿಸ್ತಾರೆ ಅಂತ ನಾನ್‌ ಅನ್ಕೊಂಡಿರ್ಲಿಲ್ಲ. ಇದೊಂಥರ ಮ್ಯಾಜಿಕ್‌ ಅನ್ಸ್ತಿದೆ! ಮೇಸ್ತ್ರಿ ಏನೋ ಜಾದೂಮಂತ್ರ ಹಾಕಿ ಜಬರ್ದಸ್ತಾಗ್ ಗಾರೆ ಕೆಲ್ಸ ಮಾಡ್ಕೊಟ್ಟಿದಾರೆ.,Surprise
ನಾನ್‌ ಬದ್ಕಿರೋದು ಇನ್ನ್‌ ಕೆಲ್ವೇ ದಿನಗಳು ಅನ್ಸತ್ತೆ. ಡಾಕ್ಟ್ರು ನನ್‌ ರೋಗನಿರೋಧಕ ಶಕ್ತಿ ದುರ್ಬಲ ಆಗ್ತಾ ಇದೆ ಅಂತ ಹೇಳಿದಾರೆ.,Sadness
ನಾನ್ ಅಂಗ್ಡಿ ನಡೆಸ್ತಾ ಇದ್ ಕಟ್ಟಡದ್ ಬಾಡ್ಗೆನ ಮಾಲೀಕ್ರು ಒಂದೇ ಸಲಕ್ಕೆ ಮೂರ್ ಪಟ್ಟ್ ಜಾಸ್ತಿ ಮಾಡ್ದಾಗ ನಂಗ್ ಕೋಪ ನೆತ್ತಿಗೇರ್ಬಿಡ್ತು.,Anger
ಮೊದ್ಲೆಲ್ಲಾ  ಗ್ಯಾಸ್ ಸಿಲಿಂಡರ್ ಬೆಲೆ ತುಂಬಾ ಕಡ್ಮೆ ಇತ್ತು.  ಈಗಂತೂ ಹೆಚ್ಚಾದ್  ಸಿಲಿಂಡರ್ ವೆಚ್ಚನ  ಹೇಗಪ್ಪಾ ಬರ್ಸೋದು ಅಂತ ಆಗ್ತಿದೆ.,Sadness
ವರ್ಷಾಂತ್ಯದ್ ಮಾರಾಟದ್ ಸಮಯ್ದಲ್ಲಿ ನಾನ್‌ ಐಕಿಯಾಗ್ ಹೋಗೋದ್ರೊಳಗೇ ಅಲ್ಲಿ ಜನಪ್ರಿಯ ವಸ್ತುಗಳ್ದೆಲ್ಲ ಸ್ಟಾಕ್ ಖಾಲಿ ಆಗೋಗತ್ತೇನೋ ಅಂತ ನಂಗ್‌ ಕಳವಳ ಆಗ್ತಿದೆ.,Fear
ಈಗಷ್ಟೇ ಒಂದ್ ಇಲಿ ಅಡ್ಗೆಮನೆಗ್ ಹೋಗೋದ್ನ ನೋಡ್ದೆ. ಈಗಾಗ್ಲೇ ಅರ್ಧ ಊಟ ಮಾಡಾಗೋಗಿದೆ ನಾನು. ಏನೂ ಹುಷಾರ್‌ ತಪ್ದಿದ್ರೆ ಸಾಕಪ್ಪ ಇನ್ನು!,Fear
ಈ ಟೂರ್ ಗುಂಪು ಎಷ್ಟ್ ಅವ್ಯವಸ್ಥಿತ್ವಾಗಿದೆ ಅಂದ್ರೆ ನಂಗ್‌ ಯಾಕಾದ್ರೂ ಇವ್ರ್‌ ಜೊತೆ ಬಂದ್ನೋ ಅನ್ಸ್ತಿದೆ.,Disgust
ವಾರೆವ್ಹಾ! ಪಂದ್ಯದ್ ಕೊನೇ ಹತ್ತ್ ನಿಮ್ಷಗಳಲ್ಲಿ ಫ್ರಾನ್ಸ್ ಎರಡೆರಡ್ ಗೋಲ್‌ಗಳ್ನ ಗಳಿಸ್ಬಿಡ್ತು! ಅದುವರ್ಗೂ ಅವ್ರು ಖಂಡಿತ್ವಾಗೂ ಸೋಲ್ತಾರೆ ಅನ್ಕೊಂಡಿದ್ದೆ ನಾನು.,Surprise
"ನಂಗ್‌ ಮನೆಕಡೆ ಸಿಕ್ಕಾಪಟ್ಟೆ ಜವಾಬ್ದಾರಿ ಇವೆ, ಈಗ್‌ ಇವ್ರ್‌ ಬಡ್ತಿ ಕೊಡ್ಲಿಲ್ಲ ಅಂತ ಜಗ್ಳ ಮಾಡ್ಕೊಂಡ್ರೆ ಎಲ್ಲ್‌ ಕೆಲ್ಸ್‌ದಿಂದ್ಲೇ ತೆಗ್ದ್‌ಹಾಕ್ಬಿಡ್ತಾರೋ ಅಂತ ಭಯ ಆಗತ್ತೆ.",Fear
ನೀವ್‌ ಯಾವತ್ತೂ ಆ ಕ್ರೆಡಿಟ್‌ ಕಾರ್ಡ್‌ನ ಬಳ್ಸೋದೇ ಇಲ್ಲ ಅಂದ್ಮೇಲೆ ಯಾಕಾದ್ರೂ ಇಟ್ಕೊಂಡಿದೀರಿ ಅದ್ನ?,Disgust
ಒಂದ್ ವಿಶೇಷ ಸಮಾರಂಭಕ್ಕೋಸ್ಕರ ಅಂತ ನಾನ್ ಆನ್ಲೈನಲ್ ಆರ್ಡರ್ ಮಾಡಿದ್ ಷೂಗಳು ನನ್ ಅಳತೆಗ್‌ ಸರ್ಯಾಗ್‌ ಇರ್ಲೇಇಲ್ಲ.,Sadness
ವಾಹ್! ನನ್ನಿಷ್ಟದ್‌ ಅಂಗ್ಡಿಲೀಗ ಸುಮಾರ್‌ ಆಫರ್ಸ್‌ ನಡೀತಿವೆ. ನಾನೀಸಲ ಒಂದೆಂಟ್ ಹತ್ತ್‌ ಬಟ್ಟೆ ತಗೊಂಬಿಡ್ತೀನಿ.,Surprise
ಕಂಪನಿಯ ಬೋರ್ಡ್ ಸದಸ್ಯರು ತಮ್ ಹಿತಾಸಕ್ತಿಗಳು ಹೊಂದ್ಕೆ ಆಗ್ದಿರೋದ್ನ ಬಾಯ್ಬಿಟ್‌ ಹೇಳ್ದೆ ಮುಸುಕಿನ್‌ ಯುದ್ಧ ಮಾಡ್ತಿರೋದ್ ನೋಡುದ್ರೆ‌ ಅಸಹ್ಯ ಆಗ್ತಿದೆ.,Disgust
"ದಯ್ವಿಟ್ಟು ಕ್ಷಮ್ಸಿ, ನನ್ಕೈಲಿ ಅದ್ನ ಮಾಡೋಕಾಗ್ಲಿಲ್ಲ! ನಾನ್ ನಿಮ್ಗೆ ಸಹಾಯ ಮಾಡ್ಬಹುದಾದ ಬೇರೆ ಯಾವ್ದೇ ವಿಷ್ಯ ಇದ್ರೂ ದಯ್ವಿಟ್ಟು ನನ್ನನ್ನ ಸಂಪರ್ಕ್‌ಸೋದಕ್ಕೆ ಹಿಂಜರಿಬೇಡಿ.",Sadness
ನನ್ನ ಒಡಹುಟ್ಟಿದವ್ರ ಜೊತೆ ಸಮಯ ಕಳೆಯೋದು ಭಾರೀ ಇಷ್ಟ ಆಗ್ತದೆ ನಂಗೆ. ನಾವು ಯಾವಾಗ್ಲೂ ಒಟ್ಟಿಗೆ ಬಹಳ ಮೋಜು ಮಾಡ್ತೇವೆ.,Happiness
ಕಾರಿನ್ ಸ್ಟೀರಿಯೊ ಸಿಸ್ಟಮ್‌ ಜೊತೆ ಕೊಟ್ಟಿದ್ದ್ ಪುಸ್ತಕ್ದಲ್ಲಿ ವಿವರ್‌ವಾದ್ ಸೂಚ್ನೆಗಳ್ನ ನೋಡಿ ನಂಗ್ ಆಶ್ಚರ್ಯ ಆಯ್ತು. ಅದ್ನ ಹೇಗ್‌ ಬಳಸ್ಬೇಕೂಂತೆಲ್ಲ ಎಷ್ಟ್‌ ಚೆನ್ನಾಗ್‌ ಹೇಳ್ಕೊಟ್ಟಿದಾರೆ ಆದ್ರಲ್ಲಿ!,Surprise
ಬೇಗ ಹೊರ್ಡಿ! ನಾವ್ ತಡವಾಗ್ ಹೋದ್ರೆ ನಮ್ಗೆ ಸೀಟ್ ಸಿಗೋಲ್ಲ ಅಂತ ನಾನ್ ನಿಮ್ಗೆ ಮೊದ್ಲೇ ಹೇಳಿರ್ಲಿಲ್ವಾ!,Anger
"ಹೇ ಇವ್ರೇ! ನನ್ ಕಾರಿನ್ಮೇಲೆ ಗೀರುಗಳಾಗಿದೆ, ನೀವೇನಾದ್ರೂ ಅದ್ನ ಸರಿ ಮಾಡ್ತೀರೋ ಅಂತ ಯೋಚಿಸ್ತಿದ್ದೆ. ಅಷ್ಟ್ರಲ್ಲಿ ಇಲ್ಲೇ ಬಂದ್ಬಿಟ್ರಿ ನೀವು!",Surprise
"ಈ ಮೊದ್ಲು ನಮ್ಗ ಭಾರೀ ಮೋಸಾಗ್ಯಾದ‌, ಹಿಂಗಾಗಿ ನನ್‌ ಹೆಂಡ್ತಿ ಕಾಂಜಿಪುರಂನ್ಯಾಗ ಎಲ್ಲ್ಯೂ ಸೀರಿ ತೊಗೊಳದೇ ಬ್ಯಾಡ ಅಂತಾಳ.",Fear
"ಆ ಸಿನ್ಮಾ ನೋಡಾದ್ಮೇಲೆ ರಾತ್ರಿ ಮಲ್ಕೊಳುವಾಗ ನಂಗೆ ಭಯ, ಆತಂಕ ಕಾಡ್ತಿದೆ.",Fear
"ನನ್ ಕಾರನ್ ಚೆನ್ನಾಗ್ ಕಾಣ್ಸೊ ತರ  ಮಾರ್ಪಾಡು ಮಾಡ್ವ ಅಂತ  ನಾನ್  ಒಳ್ಳೆ  ಆಲೋಚನೆನ್ ಮಾಡ್ಕೊಂಡಿದ್ದೆ, ಆದ್ರೆ ಆಮೇಲ್ ಅದ್ರ  ಬೆಲೆನ  ಕೇಳಿದ್  ನಂತ್ರ, ನನ್ ಉತ್ಸಾಹ ನಿರಾಸೆಯಾಗ್  ತಿರುಗ್ತು.",Sadness
ನನ್ ಮೆಡಿವೆಲ್ ವಿಮೆಯ ವ್ಯಾಪ್ತಿಗೆ ಬರುತ್ತೆ ಅಂತ ಅನ್ಕೊಂಡೆ. ನಾನ್  ನಿರ್ದಿಷ್ಟವಾಗ್  ಈ ಆರೋಗ್ಯ ಕೇಂದ್ರವನ್ನೇ  ಅರುಸ್ಕೊಂಡೆ ಯಾಕಂದ್ರೆ  ಇದ್   ನನ್ ಇತ್ತೀಚಿನ ಯಾವ್ದೇ ಭೇಟಿಗಳ್ ಇದ್ರಲ್ ಕವರ್ ಆಗಲ್ಲ  ಅಂತ  ಈಗ ನೀವ್  ಹೇಳ್ತ ಇದ್ದೀರಾ ? ಅದನ್ ನಂಬಕ್ ಆಗ್ತಿಲ್ಲ!,Anger
ನನ್ ಸಿಟಿಬ್ಯಾಂಕ್ ರಿಲೇಶನ್‌ಷಿಪ್ ಮ್ಯಾನೇಜರ್ ನನ್ ಪೋರ್ಟ್‌ಫೋಲಿಯೋನ ಪದೇ ಪದೇ ನಿರ್ಲಕ್ಷ್ಯ ಮಾಡೋದ್ನೋಡಿ ನಂಗ್‌ ಆ ಬ್ಯಾಂಕ್‌ ಮೇಲೇ ಜುಗುಪ್ಸೆ ಬಂದ್ಬಿಟಿದೆ.,Disgust
ಇಂಟರ್ನೆಟ್‌ ಕೆಟ್‌ ಸ್ಲೋ ಇತ್ತ ಹಿಂಗಾಗಿ ಆಫೀಸ್‌ ಮೀಟಿಂಗ್‌ನ್ಯಾಗ ನನ್‌ ಮಾತ ಅರ್ಧಕ್ಕ ನಿಂತ್ ನಿಂತ್ ಭಾಳ ಸಿಡಿಸಿಡಿ ಆಗ್ಲಿಕತ್ತಿತ್ತು.,Anger
"ಅಣ್ಣ, ಈ ವಾರ ಡೀಸೆಲ್ ಬೆಲೆ ಕಡ್ಮೆ ಆಗಿದೆ ಅಂತ ಕಾಣತ್ತೆ. ದಯ್ವಿಟ್ಟು ಟ್ಯಾಂಕ್ ಪೂರ್ತಿ ತುಂಬ್ಸಿ.",Happiness
ನಾನ್‌ ಹೇಳಿದ್ನ ನೀನ್‌ ಕೇಳಿಸ್ಕೊಂಡೇ ಇಲ್ಲ ಅಂದಾಗ ನಂಗ್ ಮೈಯೆಲ್ಲ ಉರ್ದೋಗತ್ತೆ ನೋಡು. ನನ್ಹತ್ರ ಲ್ಯೂಕ್ ಸ್ಕೈವಾಕರ್‌ದು ಒರಿಜಿನಲ್‌ ಗೊಂಬೆ ಇದೆ ಅಂತ ನಾನ್ ನಿನ್ನೆ ಹೇಳಿದ್ನೋ ಇಲ್ವೋ? ಗಮ್ನ ಎಲ್ಲಿರತ್ತೆ ನಿಂದು?!,Anger
ಸ್ಕೈಡೈವಿಂಗ್ ಥರ ವಿಪರೀತದ್ ಸಾಹಸ್ದಾಟ್‌ಗಳೂಂದ್ರೆ ನಂಗೊಂದ್ಸ್ವಲ್ಪ ಅಳುಕಾಗತ್ತೆ.,Fear
ನಿಮ್ಗೇನ್‌ ಹುಚ್ಚ? ಮೊದ್ಲೇ ಸಿನ್ಮಾನ್‌ ನೋಡಿರೋರು ಅದ್ರ್‌ ಬಗ್ಗೆ ಏನ್ಹೇಳಿದಾರೆ ಅಂತ್ಲೂ ನೋಡ್ದೇ ಬ್ಲ್ಯಾಕಲ್ ಟಿಕೆಟ್‌ ತಗೊಂಡ್ಬಂದಿದೀರಲ!  ನೀವ್‌ ಹೀಗ್‌ ಮೋಸ ಹೋಗ್ತೀರಿ ಅನ್ಕೊಂಡಿರ್ಲಿಲ್ಲ.,Surprise
"ಸಿಗ್ನಲಲ್ಲಿ ಕೆಂಪ್‌ ಲೈಟ್‌ ಬರೋಕ್ಮುಂಚೆ ದಾಟ್ಕೊಂಡ್ಬಿಡಣ ಅಂತಿದ್ರೆ ಅವ್ನ್‌ ಯಾರೋ ಕಾರ್‌ನೋನು ನನ್‌ ಆಟೋಗ್‌ ಅಡ್ಡ ಬಂದ್ ನಿಲ್ಸ್ಕೊಂಡ್ಬಿಟ್ಟ, ಸರ್ಯಾಗ್‌ ಬೈದ್ಹಾಕ್ದೆ ಅವ್ನನ್ನ.",Anger
ಆ ಹಣ್ಣನ್ನ ತಿನ್ಬೇಡಿ. ಇದು ವಿಷ ಇರೋ ಹಣ್ಣು!,Fear
"ಈ ರೆಸ್ಟೋರೆಂಟ್ ಮೆನುಲಿ ಚೂರೂ ವೆರೈಟಿನೇ ಇಲ್ಲ, ಹತ್ತ್‌ ವರ್ಷದಿಂದ್ಲೂ ಅದದೇ ಊಟ, ತಿಂಡಿಗಳೇ ಇವ್ಯಪ್ಪ.",Disgust
"ಹಾಯ್ ರವಿ, ನಾನು ಫಲಿತಾಂಶಗಳ್ನೆಲ್ಲ ನೋಡ್ದೆ, ಅವು ತುಂಬಾನೇ ಭರವಸೆ ಹುಟ್ಸೋಹಾಗಿವೆ.",Happiness
ಇದು ಪ್ರಪಂಚ್ದಲ್ಲೇ ಅತ್ಯಂತ ಎತ್ತರವಾಗಿರೋ ಕಟ್ಟಡ ಅಂತ ನಂಗ್ ಹೇಳಿದ್ರು. ಎಷ್ಟ್‌ ಸೊಗ್ಸಾಗಿದೆ ಇದು!,Surprise
ನಾನ್‌ ಮಾಡಿರೋ ಹೂಡ್ಕೆಗಳಿಂದಾಗಿ ನಂಗ್‌ ಆರಾಮಾಗ್‌ ಒಂದಷ್ಟ್ ಆದಾಯ ಬರೋ ಥರ ಆಗಿದೆ.,Happiness
ವಾಹ್! ಕಂಪ್ಯೂಟರಲ್ಲಿ ಪ್ರೋಗ್ರಾಮಿಂಗ್ ವಿಷ್ಯಕ್ ಬಂದಾಗ ನೀವ್ ತುಂಬಾ ಪ್ರತಿಭಾವಂತ್ರು‌ ಬಿಡಪ್ಪ!,Surprise
"ಹೋದ್ವಾರ ಇಲ್ಲ್‌ ನಡ್ದಿದ್ ಪಂದ್ಯಾವಳಿಲಿ ಆ ಫುಟ್ಬಾಲ್ ರೆಫ್ರಿ ಪಕ್ಷಪಾತ ಮಾಡಿ ನಿರ್ಧಾರ ತಗೊಂಡಿದ್ದು ಅಕ್ಷಮ್ಯ, ನಾನದ್ನ ಗಟ್ಯಾಗಿ ಖಂಡ್ಸಿ ತರಾಟೆಗ್‌ ತಗೊಂಡಿದ್ದೆ ಅವ್ರನ್ನ.",Anger
ನಾನ್ ನನ್ ಜೀವ್ನಕ್ಕೊಂದ್ ಅರ್ಥ‌ ಅಥ್ವಾ ಉದ್ದೇಶದ್‌ ಹುಡುಕಾಟ್ದಲ್ಲಿರುವಾಗ ಜೀವ್ನ ಎಷ್ಟ್‌ ಬೇಗ್‌ ಕಳ್ದ್ ಹೋಗ್ತಿದ್ಯಲ್ಲ ಅಂತ ಯಾಕೋ ಎಲ್ಲ ಖಾಲಿ ಖಾಲಿ ಅನ್ನಿಸ್ತಿದೆ.,Sadness
"ನನ್ ಸ್ನೇಹಿತ್ರನ್ನ ನನ್ ಆಟೋಮೊಬೈಲ್ ಎಕ್ಸ್ಪರ್ಟ್‌ ಹತ್ರ ಕಳ್ಸುವಾಗ ನಾನ್‌ ಎರಡ್ನೇ ಯೋಚ್ನೆನೇ ಮಾಡಲ್ಲ, ಅವ್ನು ಅವ್ರಿಗೆಲ್ಲ ಏನ್‌ ಕೆಲ್ಸ ಆಗ್ಬೇಕಿದ್ರೂ ಅಚ್ಚ್‌ಕಟ್ಟಾಗ್ ಮಾಡ್ಕೊಡ್ತಾನೆ.",Happiness
ಚೆನ್ನೈಯಿಂದ ದುಬೈಗೆ ನನ್ ವಿಮಾನ ತಡ ಆಗಿದ್ರಿಂದ ನಾನ್ ವಾಷಿಂಗ್ಟನ್ನಿಗ್ ಹೋಗ್ಬೇಕಿದ್‌ ಕನೆಕ್ಟಿಂಗ್ ಫ್ಲೈಟೇ ತಪ್ಪ್‌ಹೋಯ್ತು.,Sadness
ತರ್ಬೇತಿ ಕೊಡೋರಲ್ಲೇ ಕ್ರೀಡಾ ಮನೋಭಾವ ಇಲ್ದಿರೋದು ತೀರಾ ನಿರಾಶೆ ವಿಷ್ಯನಪ್ಪ.,Disgust
"ಇಶ್ಶೀ! ಮ್ಯಾರಥಾನ್ ಆದ್ಮೇಲೆ ಆ ಕ್ರೀಡಾಂಗಣದ್ ಅವಸ್ಥೆ ನೋಡ್ಬೇಕಿತ್ತು, ಅದೆಷ್ಟ್ ಗಲೀಜ್‌ ಮಾಡಿದ್ರಪ ಎಲ್ಲಾ ಕಡೆ.",Disgust
"ಮನೆಲಿ ಇದೊಂದ್‌ ಕಳ್ತನ ಆಗಿದ್ದು ನಂಗ್‌ ಸರ್ಯಾಗ್‌ ಪಾಠ ಕಲ್ಸಿದೆ, ನೆನ್ಸ್‌ಕೊಂಡ್ರೆ ಈಗ್ಲೂ ಬೆಚ್ಚ್‌ಬೀಳೋಹಾಗಾಗತ್ತೆ, ನಾಳೆ ಒಳ್ಗೇ ಸಿ.ಸಿ.ಟಿ.ವಿ. ಕ್ಯಾಮರಾ ಹಾಕಿಸ್ಬಿಡ್ತೀನಿ, ಇನ್ನ್‌ ತಡ ಮಾಡಲ್ಲ.",Fear
"ಎ.ಐ. ಪೂರ್ವಾಗ್ರಹದಿಂದ ಪ್ರೇರಿತ್‌ವಾದ ನಿರ್ಧಾರಗಳ್ನ ತಗೊಳೋ ಪರಿಕಲ್ಪನೆ, ಮತ್ತೆ ಅದ್ರಿಂದಾಗಿ ವ್ಯವಸ್ಥಿತ್‌ವಾದ್ ತಾರತಮ್ಯ ಮುಂದ್ವರೀತಾ ಇರೋದು ನಂಗೆ ಹೇಸಿಗೆ ಅನ್ಸತ್ತೆ.",Disgust
"ನಾನ್ ಚೆನ್ನೈಯಿಂದ ಕನ್ಯಾಕುಮಾರಿಗೆ ಏಳುನೂರು ಕಿಲೋ.ಮೀಟರ್. ರಸ್ತೆ ಮೇಲೇ ಹೋಗಿದ್ದೆ, ಅದು ನನ್ ಜೀವ್ನದಲ್ಲೇ ಅದ್ಭುತ್ವಾದ್ ಅನುಭವ ಆಗಿತ್ತು.",Happiness
ನನ್‌ ಅಪ್ಪ ಅಮ್ಮನ ವಿವಾಹ ವಾರ್ಷಿಕೋತ್ಸವ ಆಚರ್ಸೋಕಂತ ನಾವ್ ಅವ್ರನ್ನ ಹೊರ್ಗಡೆ ಊಟಕ್ ಕರ್ಕೊಂಡ್ ಹೋಗಿದ್ದು ಅವ್ರಿಗ್‌ ಭಾರೀ ಖುಷಿ ಆಯ್ತು.,Happiness
ಈ ರಸ್ತೀ ಬಾಜೂಕ್‌ ವ್ಯಾಪಾರ್ ಮಾಡೂ ಮಂದಿಲಿಂದ್ ಯಾವ್ದೇ ಜಾಗದ್‌ ದೇಸೀ ಸಂಸ್ಕೃತಿ ಸ್ವಲ್ಪ್‌ಸ್ವಲ್ಪರೆ ನೋಡ್ಲಿಕ್ಕಿ ಸಿಕ್ಕೇಸಿಗ್ತದ.,Happiness
ಛತ್ರಿ ತರ್ಲಿಕ್ಕೆ‌ ಯಾಕೆ ಮರೆತ್ರಿ ನೀವು? ಈ ಬಿಸಿಲಿನಲ್ಲಿ ಈಗ ನಾವು ಹೇಗೆ ಕುಳ್ತುಕೊಳ್ಳೋದು?,Anger
"ಅಕ್ಕಪಕ್ಕದ್ ದೇಶಗಳಲ್ಲಿ ಅಲ್ಪಸಂಖ್ಯಾತ ಸಮುದಾಯಗಳೋರ್ನ ದಬ್ಬಾಳ್ಕೆ ಮಾಡೋದು, ಕಡೆಗಣ್ಸೋದೆಲ್ಲ ಇನ್ನೂ ಮುಂದ್ವರಿತಾನೇ ಇರೋದ್ ನೋಡ್ತಿದ್ರೆ ನಂಗ್ ರಕ್ತ ಕುದಿಯತ್ತೆ.",Anger
ನಾನ್ ಯು.ಎಸ್.‌ಗೆ ಹೋದಾಗ ನನ್ ಮಗುನ ಭಾರತ್ದಲ್ಲಿ ಒಬ್ಬಂಟಿಯಾಗ್ ಬಿಟ್ಹೋಗಿದ್ದಕ್ಕೆ ನಂಗ್‌ ತುಂಬಾ ಪಶ್ಚಾತ್ತಾಪ ಆಯ್ತು.,Sadness
ನನ್ ಖಾತೆಲಿ ಬ್ಯಾಲೆನ್ಸ್ ಕನಿಷ್ಠ ಎಷ್ಟ್ ಇರ್ಬೇಕೋ ಅದ್ಕಿಂತ್ಲೂ ಕಮ್ಮಿ ಆಗೋಗಿದೆ ಅಂತ ಗೊತ್ತಾದಾಗ ತುಂಬಾ ಟೆನ್ಷನ್‌ ಆಗೋಯ್ತು ನಂಗೆ.,Fear
"ಕ್ಲೈಂಟ್: ನಂಗ್ ಶಬ್ಧ ಅಂದ್ರೆ ಆಗಲ್ಲ. ""ನಾನ್  ತುಂಬಾ ಜನ ಓಡಾಡೋ  ಬೀದಿಯಿಂದ್   ದೂರ ಇರೋ ಮನೆನ  ಹುಡುಕ್ತಾ ಇದ್ದೇನೆ .",Fear
"ನನ್ ಸಕ್ರೆ ಮಟ್ಟ ಈಗ ನಾರ್ಮಲ್ ಆಗಿದೆ, ನಂಗ್ ಬೇಕಾದ್ ಯಾವ್ದೇ ಸಿಹಿನಾದ್ರೂ ತಿನ್ಬೋದು ನಾನು.",Happiness
ಬಾಹ್ಯಾಕಾಶ ಪರಿಶೋಧನೆಲಿ ಪ್ರಗತಿ ಆಗ್ತಿರೋ ಬಗ್ಗೆ ನಾನ್ ತುಂಬಾ ಉತ್ಸಾಹದಿಂದಿದೀನಿ! ಇನ್ನೂ ಎಷ್ಟೆಲ್ಲಾ ಸಾಧ್ಯತೆಗಳಿವೆ ಅಂತ ಯೋಚಿಸ್ತಾ ಇದ್ರೆ ಅದ್ಭುತ ಅನ್ಸತ್ತೆ.,Happiness
ಇಷ್ಟೆಲ್ಲ ಆದ್ಮೇಲೂ ಅಪರಾಧಿಗಳಿಂದ ನಿಮ್ಮನ್ ನೀವ್ ಕಾಪಾಡ್ಕೊಳಕ್ಕೆ ಕೈಗೊಳ್ಬೇಕಿರೋ ಕ್ರಮಗಳ್‌ ಮಹತ್ತ್ವ ನಿಮ್ಗರ್ಥ ಆಗಿಲ್ಲ ಅಂದ್ರೆ ನಂಗ್‌ ಏನ್‌ ಹೇಳ್ಬೇಕಂತ್ಲೇ ಗೊತ್ತಾಗ್ತಿಲ್ಲ.,Disgust
ಷರ್ಟಿನ್‌ ಅಳತೆ ನಂಗ್‌ ಹೇಳ್ಮಾಡ್ಸಿರೋ ಹಾಗಿದೆ. ಇದ್ರಲ್ಲಿ ಇನ್ನೂ ಚೆನಾಗ್‌ ಕಾಣ್ತಿದೀನಿ ನಾನು.,Happiness
ಈ ಎ.ಟಿ.ಎಂ.ಅಲ್ಲಿ ಯಾವತ್ತೂ ಜಾಸ್ತಿ ಜನ ಇರಲ್ಲ.. ನಾನ್ ಇಲ್ಲಿಗ್ ಬಂದಾಗ್ಲೆಲ್ಲ ಚೂರೂ ಕಾಯ್ಬೇಕಾಗೋದೇ ಇಲ್ಲ!,Surprise
ನಾನ್‌ ಈಗಷ್ಟೇ ಒಂದ್ ಅಮೂಲ್ಯವಾದ್ ಸಂಗ್ರಹಯೋಗ್ಯ ವಸ್ತುನ ಒಳ್ಳೆ ಲಾಭಕ್ ಮಾರ್ದೆ.,Happiness
ಅವ್ನು ಆಗ್ಲಿಂದ ನನ್‌ ಸೀಟಿಗ್‌ ಒದೀತಿದ್ರೂ ಅವ್ನ್‌ ಜೊತೆ ಜಗ್ಳ ಮಾಡಿದ್ರೆ ಎಲ್ಲ್‌ ನನ್ನ ವಿಮಾನ್ದಿಂದ ಕೆಳಗಿಳಿಸ್ಬಿಡ್ತಾರೋ ಅಂತ ಏನೂ ಹೇಳ್ದೆ ತಡ್ಕೊಂಡ್ ಸುಮ್ನಿದ್ದೆ ನಾನು.,Fear
"ಅವ್ರು ಎಲ್ಲನೂ ಸ್ವಚ್ಛ ಮಾಡ್ವಾಗ ಮೂಲೆಮೂಲೆನೂ ಬಿಡ್ದ್‌ ಹಾಗೆ, ಸಣ್ಪುಟ್‌ ವಸ್ತುಗಳ್ನೂ ಕ್ಲೀನ್‌ ಮಾಡಿದ್ನೋಡಿ ಭಾಳ ಆಶ್ಚರ್ಯ ಆಯ್ತು ನಂಗೆ.",Surprise
ನಾವ್ ಹುಡುಕಿದ ಒಂದೆರಡು ವಾರದಲ್ಲೇ ಇಷ್ಟ್ ಜಾಸ್ತಿ ಜನ ಓಡಾಡೋ ಜಾಗದಲ್ ವ್ಯವಹಾರ ಬಾಡಿಗೆ ಸಿಗುತ್ತೆ ಅಂತ ನಾನು ಅನ್ಕೊಂಡಿರ್ಲಿಲ್ಲ - ಅದು ಒಂದ್ ದೊಡ್ಡ ಪ್ರಯೋಜನವಾಗಿದೆ.,Surprise
ನಂಗ್‌ ನಾನೇ ಮತ್ತೆ ನಿಮ್ಗೂ ಎಲ್ಲ್‌ ನಿರಾಶೆ ಮಾಡ್ಬಿಡ್ತೀನೋ ಅಂತ ಹೆದ್ರಿಕೆ ಆಗ್ತಿದೆ ನಂಗೆ.,Fear
"ಅವ್ನು ಕಾಪಿ ಹೊಡ್ದಿದ್ರಿಂದ್ಲೇ ಪರೀಕ್ಷೆಲ್‌ ಪಾಸಾಗಿರೋದು, ಆದ್ರೂ ಏನ್‌ ಜಂಬ ಕೊಚ್ಕೊತಿದಾನೆ ನೋಡು..ಥು.",Disgust
ಈ ಬ್ಯಾಸ್ಗಿನ್ಯಾಗ್ ಚೆನ್ನೈದಾಗ್‌‌ ಹ್ಯುಮಿಡಿಟಿ ಮತ್ತ ತಲಿ ವಡಿಯಹಂಗ್ ಬಿಸ್ಲು ಎರ್ಡೂ ನಂಗ್ ಹೈರಾಣಕ್ಕ ಹಾಕ್ಯಾವ.,Sadness
ಈ ಊರಿನ್ ಕುಶಲಕರ್ಮಿಗಳ್ ನೈಪುಣ್ಯ ಮತ್ತೆ ಕೌಶಲ್ಯ ನಿಜಕ್ಕೂ ಅದ್ಭುತ! ಇಂಥದನ್ನ ನಾನೆಲ್ಲೂ ನೋಡಿರ್ಲಿಲ್ಲ.,Surprise
ನಾನ್ ಫೀಡ್‌ಬ್ಯಾಕ್ ಕೊಟ್ಮೇಲೆ ಅದ್ರ್‌ ಬಗ್ಗೆ ನೀವೇನೂ ಮಾಡಲ್ಲ ಅಂತಾದ್ರೆ ನಮ್‌ ಸಲಹೆ ಬೇಕೂಂತ ಯಾಕಾದ್ರೂ ಕೇಳ್ತೀರಿ?,Disgust
"ಸಾಲೀ ಲೈಬ್ರರಿ ಏನ್ ಅಸೈಯಾಗ್ಯಾದ ಛೀ, ಛೀ, ಪೂರಾ ಅಡ್ಡಾದಿಡ್ಡಿ ಬಿದ್ದದ ಒಂಚೂರೂ ಸ್ವಚ್ಛ್‌ ಇಲ್ಲಾ.",Disgust
ಆ ಹೆಚ್ಚುವರಿ ಪಾಠಗಳನ್ ತಗೊಳುದು ಒಳ್ಳೆ  ಆಲೋಚನೆ ಆಗಿತ್ತು.!ಈಗ ನಂಗ್  ಚಾಲನಾ ಪರವಾನಗಿ ಪರೀಕ್ಷೆ ಬಗ್ಗೆ ನಿರಾಳ ಆಗಿದೆ.,Happiness
"""""""ಸ್ಲೀಪ್ಲೆಸ್ ಇನ್ ಸಿಯಾಟಲ್"""" ಸಿನ್ಮಾದಲ್ಲಿ ಟಾಮ್ ಹ್ಯಾಂಕ್ ಅಭಿನಯ ನೋಡೋದೇ ಒಂದ್‌ ಖುಷಿ.""",Happiness
ನೀವು ಇನ್ನೂ ಆ ಹಳೆ ಮತ್ತೆ ಕಠಿಣ್ವಾದ್ ತರಬೇತಿ ವಿಧಾನಗಳ್ನೇ ಬಳ್ಸೋದಕ್ಕೆ ಒತ್ತಾಯ ಮಾಡ್ತಿದೀರಿ ಅಂದ್ರೆ ನಂಗ್ ನಂಬಕ್ಕಾಗ್ತಿಲ್ಲ!,Disgust
"ನಮ್‌ ಅಂಗ್ಡ್ಯಾಗಿಂದು ಕಸ್ಟಮರ್‌ ಸರ್ವೀಸ್‌ ಅಷ್ಟ್‌ ಛಲೋ ಇಲ್ಲಾ, ಒಂದ್‌ ದಿವ್ಸ ಇದ್ದಂಗ ಮತ್ತೊಂದ್‌ ದಿವ್ಸ ಇರಲ್ದು.",Sadness
ಮಾಡ್ಯುಲರ್ ಅಡ್ಗೆಮನೆಯ ಅಳತೆಗಳ್  ಸರಿ ಇಲ್ದಿರ್ಬೋದು ಮತ್ ಕ್ಯಾಬಿನೆಟ್‌ಗಳ್  ಕೂರ್ಸಿದ್  ಜಾಗದಲ್ ಸರ್ಯಾಗಿ  ಕೂತಿಲ್ದೆ ಇರ್ಬೊದ್  ಅಂತ  ನಾನ್  ನಿಜ್ವಾಗ್ಲೂ ಕಾಳ್ಜಿ ತಗೋತೇನೆ.,Fear
ನನಗ್ ಡ್ರೈವಿಂಗ್‌ ಕಲಸ್ಲಿಕತ್ತವ್ರು ಬ್ಯಾರೆಬ್ಯಾರೆ ಪಾಠಾನೂ ಹೇಳ್ಕೊಟ್ಟಾಗ ನಂಗ್ ಇವೆಲ್ಲಾ ಯಾಕ ಬೇಕನ್ಸಿತ್ತು. ಅವು ಖರೇನೆ ನಂಗ ರೋಡಿನ್‌ ಮ್ಯಾಲ್‌ ಛಂದ್‌ ಗಾಡಿ ನಡಸಹಂಗ ವಿಶ್ವಾಸ್‌ ಕೊಟ್ಟಾವಂತ ಆಮ್ಯಾಲ ಅಗಾಧಾಯ್ತು.,Surprise
ಎಲೆಕ್ಟ್ರಿಕಲ್ ಅಂಗ್ಡಿಯು  ಗುಣಮಟ್ಟದ್ ವಯರ್ನ    ಕೊಡ್ತಾ ಇದೆ  ಅಂತ್  ಗೊತ್ತಾಗ್ ನಂಗ್  ಸಮಾಧಾನ ಆಯ್ತು. ನನ್ ಕುಟುಂಬ ಮತ್ ಮನೆ ಸುರಕ್ಷತೆಗೆ ಇದು ಅತ್ಯಗತ್ಯ.,Happiness
"ನೀನ್‌ ಯಾವತ್ತೂ ನನ್‌ ಜಾಗ್ದಲ್‌ ನಿಂತು ಯೋಚ್ನೆನೇ ಮಾಡಲ್ಲ, ನನ್ನನ್ನ ಚೂರೂ ಅರ್ಥನೇ ಮಾಡ್ಕೊಳಲ್ಲ, ಅದ್ಕೇ ನಾನ್‌ ನಿನ್ಮೇಲ್‌ ಈ ಥರ ಕೂಗಾಡೋ ಹಾಗಾಗೋದು.",Anger
ನನ್ ಸಂಬಂಧಿನ ದಾಖ್ಲೆ  ಮಾಡಿದ್ ನಂತ್ರ ಅವರನ್ ಭೇಟಿ ಮಾಡಕ್ ಆರೋಗ್ಯ ಕೇಂದ್ರ ನಂಗ್  ಅವ್ಕಾಶ ಕೊಡ್ಲಿಲ್ಲ. ಅದ್ರಿಂದ  ನಂಗ್  ಸಿಬ್ಬಂದಿ ಮೇಲೆ ಕೋಪ ಬಂತು.,Anger
"ನಂಗ್ ತುಂಬಾ ಹಸ್ವಾಗ್ತಿದೆ, ಹೋಟೆಲ್ ರೂಮ್‌ಗೇ ಊಟ ತರ್ಸ್‌ಕೊಳಕ್‌ ನೋಡ್ದೆ, ಏನೋ ತೊಂದ್ರೆ ಇದೆ ಅನ್ಸತ್ತೆ, ಆರ್ಡರ್ ಮಾಡಕ್ಕಾಗ್ತಿಲ್ಲ. ಇವತ್ತಿನ್‌ ಸಂಜೆಯೆಲ್ಲ ಇದ್ರಲ್ಲೇ ಹೋಯ್ತು.",Sadness
"ನೀವ್‌ ಹೋಗ್ತಾ ಇರೋದು ನಮ್ಗ್ ತುಂಬಾ ಬೇಜಾರಾಗಿದೆ, ನಿಮ್ಗೆ ರೂಮಲ್ಲಾದ್‌ ತೊಂದ್ರೆಗಳ್ಗೆ ಹೋಟೆಲ್ ಮ್ಯಾನೇಜ್ಮೆಂಟ್ ಕಡೆಯಿಂದ ನಾವ್‌ ನಿಮ್ಹತ್ರ ಕ್ಷಮೆ ಕೇಳ್ತಿದೀವಿ ಸರ್.",Sadness
ನನ್‌ ಹೆಂಡ್ತಿ ಆಕಿ ಮಾಡಿದ್ ಮೊದಲ್ನೇ ಗೊಂಬಿ ಮಾರಾಟ್‌ ಆದಾಗ ಭಾರೀ ಖುಷ್ಯಾಗಿ ಕುಣ್ಯಾಕ್‌ ಹತ್ತಿದ್ಲು.,Happiness
"ನಾನ್ ಮನೆಗ್ ಹೋಗೋಕೇಂತ ತತ್ಕಾಲ್ ಟಿಕೆಟ್ ಕಾಯ್ದಿರ್ಸೋಕೆ ಪ್ರಯತ್ನಿಸ್ದೆ‌, ಆದ್ರೆ ನಂಗದು ಸಿಗ್ಲಿಲ್ಲ.",Sadness
ನಮ್‌ ಮನೆ ಹತ್ರ ಇದ್ದ್‌ ಅಂಗ್ಡಿ ವ್ಯಾಪಾರನೇ ಇಲ್ದೇ ಮುಚ್ಚ್‌ಹೋಗಿದ್ದು ನಂಗಂತೂ ತುಂಬಾ ಸಂಕ್ಟ ಆಯ್ತು.. ಪಾಪ ಎಷ್ಟ್‌ ಒಳ್ಳೇವ್ರಿದ್ರು ಆ ಅಂಗ್ಡಿ ಇಟ್ಟಿದ್ದೋರು.,Sadness
ನಂಗ ನಡ್‌ ರಾತ್ರಿ ಎಂಥೆಂಥಾರೆ ದನಿ ಕೇಳ್ಸಿದ್ರ ಕೈಕಾಲೇ ಥಂಡಾ ಹೊಡ್ದೋಗ್ತಾವ.,Fear
‌ಎರಡ್ನೇ ಯೋಚ್ನೆನೇ ಇಲ್ದೇ ನೀವು ಮಾಡ್ಯುಲರ್ ಅಡ್ಗೆಮನೆನೇ ಬೇಕು ಅಂದಿದ್ದು ವಿಶೇಷ ಅನ್ಸ್ತು ನಂಗೆ. ಹಳೇ ಕಾಲ್ದೋರು ಅದ್ನ ಬೇಕು ಅನ್ನೋದು ತುಂಬಾ ಅಪ್ರೂಪ.,Surprise
ಕಸ್ಟಮೈಸ್ ಮಾಡ್ಸೋ ತಲೆಬಿಸಿಯೆಲ್ಲ ಇಲ್ದೇ ನನ್ ಅಗತ್ಯಗಳ್ಗೆ ಸರಿಹೊಂದೋಂಥ ಒಳ್ಳೆ ಗುಣಮಟ್ಟದ್ ಪೀಠೋಪಕರಣಗಳಿರತ್ವೆ ಅನ್ಕೊಂಡ್‌ಬಂದೆ. ಇಲ್ಲಿ ಅಂಥವ್ಯಾವು ಸಿಗ್ದೇ ಹೋಗಿದ್ದು ನಿರಾಶೆ ಆಯ್ತು.,Sadness
"ಗೈಡ್‌ ನಮ್ಜೊತೆಗೇ ಇದ್ರೂ ನಮ್‌ ಪ್ರವಾಸ್ದಲ್ಲಿ ವ್ಯವಸ್ಥೆಯೆಲ್ಲ ಏನೂ ಸರ್ಯಾಗಿರ್ಲಿಲ್ಲ. ಕೆಲ್ವೊಂದಷ್ಟ್ ಮುಖ್ಯವಾದ್‌ ಮಾಹಿತಿನೇ ತಿಳ್ಕೊಳಕ್ಕಾಗ್ಲಿಲ್ಲ ನಮ್ಗೆ, ಅಲ್ಲೆಲ್ಲ ಹೋಗಿದ್ದೂ ವ್ಯರ್ಥ ಅನ್ನೋ ಹಾಗಾಗೋಯ್ತು.",Sadness
ನನ್ ಜೀವದ್ ಗೆಳೆಯ ನಂಗೋಸ್ಕರ ಪಾರ್ಟಿ ಏರ್ಪಾಟ್‌ ಮಾಡ್ತಿದಾನೆ ಅಂದ್ರೆ ಕೇಳೋಕೇ ಆಶ್ಚರ್ಯ ಆಗ್ತಿದೆ ನಂಗೆ!,Surprise
"ಮನೆಲಿ ಸಿ.ಸಿ.ಟಿ.ವಿ. ಕ್ಯಾಮೆರಾ ಇನ್ಸ್ಟಾಲ್ ಮಾಡ್ದೇ ನಾನ್‌ ದೊಡ್ಡು ತಪ್ಪ್‌ ಮಾಡ್ಬಿಟ್ಟೆ ಅಂತ ಒಪ್ಕೊತೀನಿ, ಅದ್ರಿಂದಾಗಿ ಈಗ್ ಇಷ್ಟ್‌ ದೊಡ್ಡ್ ಬೆಲೆನೂ ತೆರೋದಾಗ್ತಿದೆ.",Sadness
"ಆಸ್ಪತ್ರೆಲಿ ಸರ್ಜರಿಗ್‌ ಆಗಿದ್ ಖರ್ಚಲ್ಲಿ ಸಾಕಷ್ಟೆಲ್ಲ ನನ್‌ ಇನ್ಶೂರೆನ್ಸಲ್ ಕವರ್‌ ಆಗತ್ತೆ ಅನ್ಕೊಂಡಿದ್ದೆ, ಆದ್ರೆ ಏರ್ತಾನೇ ಇರೋ ಬಿಲ್ಸ್‌ ನೋಡ್ತಿದ್ರೆ ಬೇಜಾರಾಗತ್ತೆ.",Sadness
ನೀವ್ ನನ್ನನ್ನ ಓವರ್‌ಬುಕ್ ಆಗಿದ್ದಿದ್ ವಿಮಾನ್ದಲ್ ಕೂರ್ಸಿ ನಂಗ್‌ ಇಷ್ಟೆಲ್ಲ ತಡ ಆಗತ್ತೆ ಅಂತ ಮೊದ್ಲೇ ಗೊತ್ತಿದ್ದಿದ್ರೆ ನಾನ್ ನಿಮ್ ಸಂಸ್ಥೆ ವಿಮಾನನ ಯಾವತ್ತೂ ಬುಕ್ ಮಾಡ್ತಾ ಇರ್ಲಿಲ್ಲ.,Disgust
ನಿಮ್ಗೆ ಅದ್ನ ಸರಿಮಾಡೋಕ್ ಆಗ್ದಿದ್ರೆ ನೀವ್ ನಿಜ್ವಾಗ್ಲೂ ನನ್ ಟಿ.ವಿ. ಬದ್ಲು ಬೇರೆ ಟಿ.ವಿ.ನ ದುಡ್ಡಿಲ್ದೇ ಕೊಡ್ತೀರಾ?,Surprise
"ರಾತ್ರಿ ಕ್ಲಬ್ಬಲ್ಲಿ ಆ ಹುಡ್ಗ ಅದಾಗ್ಲೇ ವಿಪ್ರೀತ ಕುಡ್ದಿದ್ದ, ಮತ್ತೆ ಅವ್ನಿಗ್ ಡ್ರಿಂಕ್‌ ಕೊಡಲ್ಲ ಅಂದಿದ್ಕೆ ಅದೆಷ್ಟ್‌ ರಂಪ ಮಾಡ್ದ ಅಂದ್ರೆ ಈಗಿನ್‌ ಹುಡ್ಗರ್ಗೆ ಸ್ವಲ್ಪನೂ ಜವಾಬ್ದಾರಿ, ಮರ್ಯಾದೆ ಏನೂ ಇಲ್ಲ.",Anger
"ಸಿಸ್ಟೀನ್ ಚಾಪೆಲ್ಲಿಗ್ ಹೋಗೋದ್ನ ರದ್ದ್‌ ಮಾಡಿರೋ ಬಗ್ಗೆ ಟೂರ್ ಆಪರೇಟರ್ ಆಗಿ ನೀವ್ ನಮ್ಗೆ ಮೊದ್ಲೇ ಯಾಕ್ರಿ ಹೇಳ್ಲಿಲ್ಲ, ಆಂ?!",Anger
ನನ್ ಕ್ಯಾಬ್ ಡ್ರೈವರ್ ಕಾಂಚೀಪುರಂಗೆ ಶಾರ್ಟ್ ಕಟ್ ಮೂಲ್ಕ ಹೋಗಿ ಮೂವತ್ತು ನಿಮಿಷ ಉಳಿಸಿದ್ದಕ್ ನಂಗ್  ಆಶ್ಚರ್ಯ ಆಯ್ತು.,Surprise
"ಆ ಮಾಲ್‌ಅಲ್ಲಿ ಅದೇನ್‌ ಅವಸ್ಥೆ ಆಗಿತ್ತೋ ಏನೋಪ, ನಾನಂತೂ ಅದ್ರ್‌ ತಂಟೆನೇ ಬೇಡಾಂತ ಆ ಕಡೆ ತಲೆನೂ ಹಾಕ್ದೇ ಬಂದ್ಬಿಟ್ಟೆ.",Disgust
"ನೀನ್ ಏನ್ ಮಾಡುದ್ಯೋ ನಂಗೊತ್ತಿಲ್ಲ, ಆದ್ರೆ ಹಲ್ಲಲ್‌ ಜಗ್ದಿಟ್ಟಿರೋ ಆ ಪೆನ್‌ ನೋಡಕ್ಕೇ ಹೇಸ್ಗೆ ಆಗ್ತಿದೆ.",Disgust
ಕುಂಭಲ್‌ಗಢ ಕೋಟೆಗ್ ಹೋಗಿದ್ದಾಗ ನಂಗೆ ಭಗ್ನವಾದ್ ಕನ್ಸ್‌ಗಳ ಮೈದಾನದಲ್ಲಿ ಓಡಾಡ್ತಾ ಇದೀನೇನೋ ಅನ್ಸ್ತಿತ್ತು.,Sadness
ಈ ವರ್ಷ ನನ್‌ ಸೇಲ್ಸ್‌ ಗುರಿ ತಲ್ಪೋ ಬಗ್ಗೆ ನಂಗ್ ಸ್ವಲ್ಪ ಟೆನ್ಷನ್‌ ಆಗ್ತಿದೆ.,Fear
ನನ್ ಬಟ್ಟೆ ಹರ್ದ್‌ಹೋಗಿದೆ. ಈ ಅವಸ್ಥೆಲಿ ವೇದಿಕೆ ಮೇಲ್ ಹೋಗಕ್ಕಾಗಲ್ಲ ನಾನು.,Sadness
ತಮ್ತಮ್ಮ ಕ್ಷೇತ್ರದಲ್ಲಿ ಏಕಸ್ವಾಮ್ಯ ಹೊಂದಿರೋ ಕಂಪ್ನಿಗಳ್ನ ಈ ಸರ್ಕಾರ ಯಾಕ್ ತೆಗ್ದ್‌ಹಾಕ್ತಾ ಇಲ್ಲ?! ನಂಗಂತೂ ತೀರಾ ಅಸಮಾಧಾನದ್‌ ವಿಷ್ಯ ಇದು.,Anger
ಈ ಮಿಕ್ಸರ್ ವಾರಂಟಿ ಮುಗ್ದಿದೆ ಅಂದ್ರೆ ಏನರ್ಥ?!ನಾನದ್ನ ಒಂದ್ವಾರದ್‌ ಹಿಂದೆ ಅಷ್ಟೇ ಕೊಂಡ್ಕೊಂಡಿದ್ದಿದ್ದು!,Anger
ಜನಪ್ರಿಯರಾಗ್ಬ‌ಹುದಾದ ಯಾವ್ದೇ ಕಲಾವಿದ್ರ್‌ ಜೊತೆಗೆ ನಿಮ್ ಹೆಸ್ರನ್ನ ಜೋಡಿಸ್ಬಿಡೋ ಬರಗೆಟ್ಟ ಪ್ರಯತ್ನ ಅಷ್ಟೇ ಕಾಣ್ತಿರೋದು ನಂಗೆ.,Anger
ಅವ್ರು ರಾಷ್ಟ್ರೀಯ ಭದ್ರತೆ ಹೆಸ್ರಲ್ಲಿ ನಮ್ ವಾಕ್ ಸ್ವಾತಂತ್ರ್ಯನ ಹತ್ತಿಕ್ಕ್‌ದಾಗ ನನ್ ರಕ್ತ ಕುದಿಯುತ್ತೆ.,Anger
ನಾನು ಮ್ಯಾರಥಾನ್ ಪೂರ್ತಿ ಓಡಿ ಎಲ್ರಿಗಿಂತ್ಲೂ ಮೊದ್ಲು ಬಂದು ತಲುಪ್ದೆ.,Happiness
"ಅವ್ಳನ್ನ ಗೇಲಿ ಮಾಡ್ಬೇಡ್ವೋ. ಅವ್ಳು ನಮ್ ತರಗತಿ ಶಿಕ್ಷಕ್ರಿಗೆ ದೂರ್ ಕೊಡ್ತಾಳೆ, ಆಮೇಲೆ ನಮ್ಮನ್ನ ಪ್ರಿನ್ಸಿಪಾಲ್‌ ಹತ್ರ ಕಳಿಸ್ತಾರಷ್ಟೇ.",Fear
ಬ್ಯಾಂಕ್ಲಿಂದ ಹೊಸಾ ಗರಿಗರಿ ನೋಟ್‌ ಇಸ್ಕೊಂಡ್‌ ಅದ್ರ ವಾಸ್ನಿ ತೊಗೊಂಡ್ರ ನಂಗ ಖುಷಿಲೇ ಕುಣಿಯಹಂಗಾಗ್ತದ.,Happiness
"ನೇರವಾಗ್‌ ಮಾತಾಡೋ ಗುಣನೇ ಒಂದ್‌ ನೆಪ ಮಾಡ್ಕೊಂಡು ಇನ್ನೊಬ್ರ್‌ ಮನ್ಸಿಗೆ ಘಾಸಿ ಮಾಡೋದ್ನ ನಾನ್‌ ಸಾಕಷ್ಟ್‌ ನೋಡ್ಬಿಟಿದೀನಿ, ನಿಮ್‌ ವಿಷ್ಯದಲ್ಲೂ ಅಷ್ಟೇ.. ನೀವು ಇದ್ದಿದ್ ಇದ್ದಂಗೆ ಹೇಳ್ತೀನಿ ಅಂತ ಹಿಂದುಮುಂದು ಯೋಚ್ನೆ ಮಾಡ್ದೇ ಮಾತಾಡೋದು ನಂಗೊಂಚೂರೂ ಆಗ್ಬರಲ್ಲ.",Disgust
ಸ್ವಿಟ್ಜರ್ಲೆಂಡ್ ಪ್ರವಾಸ್ದಲ್ಲಿ ಆ ಮಾರ್ಗದರ್ಶಿ ನಮ್ಮೊಟ್ಟಿಗ್ ತುಂಬಾ ಒರ್ಟಾಗ್ ವರ್ತಿಸಿದ್ರಿಂದ ನಮ್ಗ್‌ ಅವ್ಳ್‌ ಮೇಲೆ ಭಾಳ ಕೋಪ ಬಂದಿತ್ತು.,Anger
ವಿಮಾನ್ದಲ್ಲಿ ನನ್ ಸೀಟ್‌ನ ಅಷ್ಟ್ ಸರ್ತಿ ಮೆಟ್ಟಿದ್ಮೇಲೆ ಆ ಪ್ರಯಾಣಿಕ ಕೊನೆಗೂ ಕ್ಷಮೆ ಕೇಳಿದ್ರಿಂದ ನಂಗ್‌ ಸ್ವಲ್ಪ ಸಮಾಧಾನ ಆಯ್ತು.,Happiness
ಇಲ್ಲಿ ಉಪಸ್ಥಿತರಿರೋ ನಿಮ್ಮೆಲ್ಲರಿಗೂ ಶುಭೋದಯ. ಈ ತ್ರೈಮಾಸಿಕದಲ್ಲಿ ನಮ್ಮ ಮಾರಾಟ ದ್ವಿಗುಣ ಆಗಿದೆ ಮತ್ತು ಒಂದು ದಶಲಕ್ಷಕ್ಕೂ ಹೆಚ್ಚು ರಿಪೀಟ್ ಆರ್ಡರ್‌ಗಳು ನಮ್ಗೆ ಬಂದಿವೆ.,Happiness
ನೆಲದ್ಮೇಲೆ ಎಷ್ಟ್ ಕೂದ್ಲು ಹರ್ಡಿದೆ ಅಂದ್ರೆ ನಂಗದ್ನ ನೋಡ್ತಿದ್ರೆ ವಾಕರ್ಕೆ ಬರ್ತಿದೆ.,Disgust
ಇದು ನಿಜ್ವಾದ್ ಷೋರೂಮ್ ಥರ ಕಾಣ್ತಿಲ್ಲ. ಕಾರ್ ಕೊಂಡ್ಕೊಳ್ಳೇಬೇಕು ಅಂತ ‌ಆ ಡೀಲರ್‌ ಯಾಕ್‌ ಅಷ್ಟ್‌ ಬಲ್ವಂತ ಮಾಡಿ ಹೆದ್ರಿಸ್ತಾ ಇದಾನೆ ನಮ್ಗೆ?!,Fear
"ನಮ್ಮೇಲೆ ನಂಬಿಕೆ ಇಟ್ಟಿದ್ದಕ್ಕೆ ಧನ್ಯವಾದ, ಸರ್. ಮುಂದೆ ನಿಮ್ಗೆ ಮತ್ತೆ ಸೇವೆ ಒದಗಿಸ್ಲಿಕ್ಕೆ ನಾವು ಸಂತೋಷದಿಂದ ಸಿದ್ಧರಿರ್ತೇವೆ.",Happiness
ಕರೆಂಟಿನ್‌ ಸಾಮಾನ್‌ ಸೋವಿನ್ಯಾಗ ಸಿಕ್ಕು ಮತ್‌ ಒಂಚೂರು ಹೊಂದ್ಕೊಂಡ್ ಹೋಗಹಂಗ ರಿಟರ್ನ್‌ ಪಾಲಸಿ ಇರ ಒಂದೂ ಅಂಗ್ಡಿ ಸಿಗಲ್ಲಾಗ್ಯಾದಂತ ನಂಗ ಮತ್‌ ನಂ ಮನಿ ಮಂದಿಗಿ ಬ್ಯಾಸರಾಗ್ಯಾದ.,Sadness
"ನಾನು ಮಾತ್ರೆ ತಗೊಂಡೆ, ಆದ್ರೆ ಈಗ ನಂಗೇನೂ ಸ್ಪಷ್ಟವಾಗ್‌ ಕಾಣ್ತಿಲ್ಲ ಮತ್ತೆ ನನ್ ಕೈಗಳ್ಯಾಕೋ ನಡುಗ್ತಾ ಇವೆ.",Fear
"‌ಅರೇ ವಾಹ್! ರದ್ದು ಮಾಡಿದ್ರೆ ಪೂರ್ತಿ ದುಡ್ಡು ವಾಪಸ್ ಸಿಗತ್ತಾ, ಅದು ಬರೀ ಅರ್ಧದಷ್ಟ್ ಮಾತ್ರ ಸಿಗೋದು ಅಂದ್ಕೊಂಡಿದ್ದೆ. ಧನ್ಯವಾದ ಸಾರ್.",Surprise
"ಈ ಅಭಿಮಾನಿಗಳು ಹುಚ್ಚುಚ್ಚಾಗ್‌ ಆಡೋದು, ಹೊಡ್ಯಕ್ಕೇ ಹೋಗಿದ್ದೆಲ್ಲ ಏನ್‌ ಅಸಹ್ಯ! ಬರ್ತಾ ಬರ್ತಾ ಯಾಕೋ ಅತಿ ಆಗ್ತಿದೆ ಇದೆಲ್ಲ.",Disgust
ಈ ವರ್ಷ ಮುಗ್ಯೋ ಹೊತ್ಗೆ ಕಟ್ಟಡ ಕಟ್ಟೋ ಕೆಲ್ಸ ಪೂರ್ತಿ ಆಗ್ಬೋದು ಅನ್ಕೊಂಡಿದೀನಿ.,Happiness
"ನಾನ್ ನಿಮ್ ಸಂಬ್ಳದ್ ಬೇಡಿಕೆ ನೋಡ್ತಿದ್ದೆ, ನಿಜ ಹೇಳ್ಬೇಕಂದ್ರೆ, ನಾವ್ ಕೊಡ್ತಿರೋ ನ್ಯಾಯಯುತ್ವಾದ್ ಸಂಬ್ಳದ್‌ ಬಗ್ಗೆ ನಿಮ್ಗೆ ಕಿಂಚಿತ್ತಾದ್ರೂ ಸಮಾಧಾನ, ಗೌರವ ಇಲ್ಲ ಅನ್ನೋದ್ನೋಡಿ ನಂಗ್‌ ಭಾರಿ ಕೋಪ ಬಂತು, ಆಸೆಗೂ ಒಂದ್‌ ಮಿತಿ ಬೇಡ್ವೇನ್ರಿ!",Anger
ನೀವ್ಯಾಕೆ ಜವಾಬ್ದಾರಿ ಇಲ್ದಿರೋರ್‌ ಥರ ಆಡ್ತೀರ? ಯಾವಾಗ್ಲೂ ಕುಡ್ಕೊಂಡು ತಡರಾತ್ರಿ ಮನೆಗ್ ಬರ್ತೀರಿ.,Anger
ಈ ಹೋಟೆಲ್ ಸಿಬ್ಬಂದಿ ತುಂಬಾ ಒರಟು ಜನ. ಅವ್ರಲ್ಲೊಬ್ಬ ನನ್ನನ್ನ ಕುಂಬಳಕಾಯ್‌ ಥರ ಕಾಣ್ತಿದ್ದೀನಿ ಅಂತಂದ.,Sadness
ನಂಗ್ ಇವತ್ತ್‌ ಇಡೀ ದಿನ ಒಂದ್ರೂಪಾಯೂ ವ್ಯಾಪಾರ ಆಗಿಲ್ಲ. ದಯ್ವಿಟ್ಟು ‌ಒಂದ್‌ ಗಂಟೆನಾದ್ರೂ ನಿಮ್ ಅಂಗ್ಡಿ ಮುಂದೆ ನನ್‌ ಸ್ಟಾಲ್‌ ಹಾಕಕ್‌ ಅವ್ಕಾಶ ಮಾಡ್ಕೊಡಿ.,Sadness
ಕಗ್ಗತ್ಲಲ್ಲಿ ಆ ಖಾಲಿ ಸ್ಟೋರ್‌ ರೂಂ ಒಳ್ಗೆ ಯಾರೋ ಉಸಿರಾಡ್ತಿರೋ ಶಬ್ದ ಕೇಳಿ ನನ್ ಮೈಮೇಲಿರೋ ಕೂದ್ಲೆಲ್ಲ ನೆಟ್ಗಾಗ್‌ ಬಿಟ್ವು.,Fear
ಅವ್ರು ವಾರಕ್ಕೊಂದ್ಸಲ ಮಾತ್ರ ನೀರ್‌ ಬದ್ಲಾಯ್ಸೋದು ಅಂತ ಗೊತ್ತಿದ್ದೂ ನಿಜ್ವಾಗ್ಲೂ ನಿಮ್ಗೆ ವಾಟರ್ ರೈಡ್‌ಗಳ್ಗೆ ಹೋಗ್ಬೇಕು ಅನ್ಸತ್ತಾ?!,Disgust
"ಆ ಕೊನೆ ತರಗತಿ ಮುಗುದ್ಮೇಲೆ ಕ್ಲಾಸ್‌ರೂಂ  ಎಷ್ಟ್ ಗಲೀಜಾಗಿತ್ತು ಅಂತ ನೀವ್ ನೋಡಿದ್ರಾ? ಥೂ, ಅಸಹ್ಯನಪ.",Disgust
"ಏ, ನಂಗ ಊರಾಗ್ ಅಡ್ಡ್ಯಾಡದಿತ್ತು, ‌ಆದ್ರ ಅಲ್ಲಿಂದ ಯಷ್ಟ ದೂರ ರೂಮ್‌ ಕೊಟ್ಟಾರಂತ ನೋಡಾ ಬ್ಯಾಸ್ರ ಬಂದೋತ್ ನಂಗ.",Sadness
ನನ್ ಸಮಾನಾಂತರ ಪಾರ್ಕಿಂಗ್ ಕೌಶಲ್ಯನ್ ಸುಧಾರ್ಸಕೆ ನಂಗ್ ಇನ್ನೂ ಪಾಠಗಳ್ ಬೇಕಾಗ್ಬೋದು ಅಂತ ಮಹಿಳಾ ಬೋಧಕ್ರು  ಹೇಳ್ದಾಗ ನಂಗ್  ಸ್ವಲ್ಪ ನಿರಾಸೆ ಆಯ್ತು.,Sadness
ಕಾರ್ಯಕ್ರಮ್‌ ಛಂದ ಅನಸ್ಬೇಕಂದ್ರ ಏನೇನ್‌ ಸಣ್‌ ಸಣ್‌ ವ್ಯವಸ್ಥಾ ಮಾಡ್ಬೇಕು ಅವೆಲ್ಲಾ ಬಿಟ್ ಬರೀ ಒಂಚೂರ್ ಬೇಸಿಕ್‌ ಸವಲತ್‌ ಕೊಡ್ತಿನಿ ಅನ್ನ ಇವೆಂಟ್‌ ಮ್ಯಾನೆಜರ್ಗಳಿಗಿ ಭೆಟ್ಯಾಗದಂದ್ರ ನಂಗ ಬ್ಯಾಡೇಬ್ಯಾಡನಸ್ತದ.,Disgust
ರಿಯಾಯ್ತಿ ಜೊತೆಗೆ ಸುಂದರ್ವಾದ್ ಬ್ರಾಂಡೆಡ್ ವಸ್ತು ಮೇಲೆ ಡೀಲ್‌ ಇರೋದ್ ನೋಡಿ ಅದ್ನ ತಗೊಳ್ಳೇಬೇಕು ಅನ್ಸ್ಬಿಡ್ತು.,Happiness
ಈ ಬ್ಯಾಂಕಲ್ಲಿ ಯಾವತ್ತೂ ಸ್ಪರ್ಧಾತ್ಮಕ್ವಾದ್ ಬಡ್ಡಿದರಗಳ್ನೇ ಕೊಡಲ್ವಲ್ಲ ಅಂತ ನಂಗ್ ಕೋಪ ಬರ್ತಿದೆ.,Anger
ನನ್ ಕಸ್ಟಮರ್‌ಗೆ  ಕಳ್ಸಿದ್  ವಿಶೇಷ ಉಡುಗೊರೆ ಆಕೆಗೆ ತಲುಪ್ಲೇ ಇಲ್ಲ ಅಂತ ಗೊತ್ತಾದಾಗ್  ನಂಗ್ ಬೇಜಾರಾಯ್ತು.,Sadness
ನಂಗೆ ಇತ್ತೀಚಿಗ್‌ ಬಂದಿರೋ ಕಪ್ಪು ಬಣ್ಣದ್‌ ಮಾಡೆಲ್ ಬೇಕಿದ್ದಿದ್ದು. ನೀವ್ಯಾಕ್‌ ನಂಗೆ ಈ ಹಳೇ ಹಳದಿ ಕಾರ್‌ನ ಮಾರೋಕ್‌ ನೋಡ್ತಿದೀರ?!,Anger
"ನನ್‌ ಮಗು ಹೆಸ್ರಲ್ಲ್‌ ಖಾತೆ ತೆರ್ಯುವಾಗ ಏನಾದ್ರೂ ಸಮಸ್ಯೆ ಆಗಿ ಬ್ಯಾಂಕ್ನೋರು ಮಾಡಕ್ಕಾಗಲ್ಲ ಅಂದ್ಬಿಡ್ತಾರೋ‌ ಅಂತ ಕಳವಳ ಆಗ್ತಿದೆ, ಎಲ್ಲ ಸಲೀಸಾಗ್‌ ಆಗ್ಬಿಟ್ರೆ ಸಾಕಪ್ಪ.",Fear
ಚೆನ್ನೈಯಲ್ಲಾದ್ ಪಂದ್ಯಾವಳಿಲಿ ಆ ಫುಟ್ಬಾಲ್ ರೆಫರಿ ನಮ್ ಎದುರಾಳಿಗಳ್ನ ಬಹಿರಂಗ್ವಾಗೇ ಬೆಂಬಲಿಸ್ತಾ ಇದ್ನಲ್ಲ! ಅದೆಷ್ಟ್‌ ಧೈರ್ಯ ಇರ್ಬೇಕ್‌ ಅವ್ನಿಗೆ!,Anger
"ನನ್  ತಟ್ಟೆಲಿ ಅತಿಯಾಗ್  ಬೇಯಿಸಿದ  ಫೋರ್ಕ್ ಮತ್ ಒಣ ಕೋಳಿನ ನೋಡ್ದಾಗ  ಆಹಾರ ವಿಮರ್ಶಕನಾಗಿ, ನಂಗ್ ನಿರಾಸೆ ಆಯ್ತು.",Sadness
"ಯುರೋಪ್‌ಗೆ ಭಾರತ್ದಿಂದ ಬರ್ತಿರೋ ಕೆಲ್ವು  ಪ್ರವಾಸಿಗ್ರ ವರ್ತನೆ ‌ತೀರಾ ಅಸಹ್ಯವಾಗಿದೆ, ತುಂಬಾನೇ ಅಗೌರವ್ದಿಂದ ನಡ್ಕೊತಾ ಇದಾರೆ.",Disgust
"ಮಾಮೂಲಿ ಆಟೋಗಳ್ಗಿಂತ, ನಂಗೆ ಶೇರಿಂಗ್ ಆಟೋಗಳೇ ಆರಾಮನ್ಸತ್ತೆ, ಇದ್ರಲ್ಲಾದ್ರೆ ಸರ್ಯಾದ್‌ ರೇಟ್‌ಗೋಸ್ಕರ ಅವ್ರ್‌ ಹತ್ರ ಚೌಕಾಶಿ ಮಾಡೋ ಪ್ರಮೇಯನೇ ಇರಲ್ಲ.",Happiness
ನೋಡು ಜೀವನ್ದಾಗ ನಂದೇ ನಂಗ್ ಹಾಸ್ಗೊಂಡ್‌ ಹೊಚಗೊಳಷ್ಟದ.. ನಿನ್‌ ಬೂಟಾಟ್ಕಿ ಅಂದ್ರ ನಂಗ್‌ ಆಗ್ವಲ್ದು. ನಿನ್‌ ನಾಟ್ಕಾ ನೋಡಿ ನೋಡಿ ತಲಿ ಚಿಟ್‌ ಅಂದದ.,Anger
ಕ್ಲೈಂಟ್‌ ಎಷ್ಟ್‌ ಅಪ್ಸೆಟ್‌ ಆಗಿದ್ರು ಗೊತ್ತೇನ್ರಿ.. ನೀವ್ಗಳ್‌ ಸರ್ಯಾಗ್‌ ಕ್ಲೀನ್‌ ಮಾಡಿಲ್ಲಾಂತ ಅವ್ರ್‌ ಹತ್ರ ನಾನ್‌ ಬೈಸ್ಕೊಳೋ ಹಾಗಾಯ್ತು. ನೆಟ್ಟುಗ್‌ ಕೆಲ್ಸ ಮಾಡಕ್ಕೇನ್‌ ಧಾಡಿ ನಿಮ್ಗೆಲ್ಲ?!,Anger
ಬಿಡುವೇ ಇಲ್ದಿರೋ ಥರ ಷೆಡ್ಯೂಲು ಮತ್ತೆ ಹೆಚ್ಚಾಗಿ ಸಿಗೋಕಾಗ್ತಿಲ್ದೇ ಇರೋದ್ರಿಂದ ನಂಗೆ ಆಗಿಂದಾಗ್ಗೆ ಪಾಠಗಳ್ನ ಮಾಡೋದಕ್ಕೆ ಸಾಧ್ಯವೇ ಆಗ್ತಿಲ್ಲ.,Sadness
"ಪಾಪ ನಮ್ ನಾಯಿ ತಾ ಸಾಯಮುಂದ ನಮ್ ಅಪ್ಪಾ ಮನಿಗ್‌ ಬಂದು ತನಗ್‌ ನೋಡ್ಲಿ ಅಂತ ಕಾಯ್ಲಿಕತ್ತಿತ್ತು, ಅದ್ನೋಡಿ‌ ನಮ್ಗ ಯದಿ ಹಿಂಡ್ದಂಗ್ ಆಗ್ಲಿಕತ್ತಿತ್ತು.",Sadness
ಗ್ಯಾರೇಜ್ಲಿ ಸಿಕ್ಕ ಒಳ್ಳೆ ಸರ್ವಿಸ್  ನನ್ ಕಾರ್ಗೆ ಹೊಸತನ್ನ   ಕೊಡ್ತು ; ಇದು ಮೊದ್ಲಿಗಿಂತ ತುಂಬಾ  ಸಲೀಸಾಗ್ ಹೋಗ್ತಾ ಇದೆ!,Happiness
ಜಿ.ಎಸ್.ಟಿ. ನೀತಿಲಿ ಬದ್ಲಾವಣೆ ಮಾಡಿದ್ರೆ ಅದ್ರಿಂದಾಗ್ಬಹುದಾದ್ ಪರಿಣಾಮಗಳ್ ಬಗ್ಗೆ ಒಳಗೊಳಗೇ ಒಂಥರಾ ಭಯ ಕಾಡ್ತಿದೆ ನಂಗೆ.,Fear
"ಒಳ್ಳೇದೋ ಅಥ್ವಾ ಕೆಟ್ದೋ ಏನಾದ್ರಾಗ್ಲಿ ಅಂತ ಈ ವರ್ಷಕ್‌ ಪೂರ್ತಿ ಸಬ್ಸ್‌ಕ್ರಿಪ್ಷನ್‌ ತಗೊಂಡ್ಬಿಟಿದೀನಿ, ಹೇಗೋ ಒಟ್ಟು ನನ್‌ ಆಫೀಸ್‌ ಕಾಲ್ಸ್‌ಗೆ ಏನೂ ತೊಂದ್ರೆ ಆಗ್ದಿದ್ರೆ ಸಾಕಪ್ಪ.",Fear
ಅಹಮದಾಬಾದ್ ವಿಮಾನ ನಿಲ್ದಾಣದಾನ್ ರನ್ವೇನ್ಯಾಗ ಒಂದ್ ಅಡಿ ನೀರ್‌ ನಿಂತಾವ ನೋಡಿ ನಂಗ ಖರೇನ ಸುಳ್ಳ ಅನಸ್ತು.,Surprise
"ಯಪ್ಪಾ, ಇಷ್ಟ್‌ ಎಲ್ಲಾ ಪಟ್ಟಿ, ಕಾಗದ್‌ಪತ್ರ ಬರೀಯದದ ನಂಗ, ಯಲ್ಲರೆ ಯೇನರ ತಪ್ ಆದ್ರ ಹೆಂಗಪ ಮತ್ತ.",Fear
ಭಾರತದ್ ಬಗ್ಗೆ‌ ಬೇಕಾಬಿಟ್ಟಿ ನಾಲ್ಗೆ ಹರಿಬಿಟ್ಟ್‌ ಮಾತಾಡಿರೋ ಒಬಾಮಾ ಬಗ್ಗೆ ಪಿತ್ತ ನೆತ್ತಿಗೇರಿದೆ ನಂಗೆ.,Anger
ನಂಗ ವಳಗ ಛೊಲೋ ಬೆಳಕ್‌ ಬರಅಂಥಾ ಮನಿನೇ ಬೇಕ್ರಿ; ಕತ್ಲಕತ್ಲಿದ್ರ ನಂಗ ಒಂಥರಾ ಆತಂಕ್ ಆಗ್ತದ.,Fear
ಜೀವಶಾಸ್ತ್ರದ್ ತರಗತಿಲಿ ಪ್ರಾಣಿಗಳ್ನ ಕತ್ತರ್ಸೋದ್ ನೋಡಕ್ಕೆ ನನ್ನಿಂದ್ಲಂತೂ ಆಗಲ್ಲಪ್ಪ.,Disgust
ಆ ಪುಸ್ತಕ ಮಾರೋನು ನನ್ ಹಳೆ ಪುಸ್ತಕಗಳ್ನ ಕೊಂಡ್ಕೊಳಕ್ ಮನ್ಸ್ ಮಾಡಿದ್ನಲ ಅಂತ‌ ಎಷ್ಟೋ ಸಮಾಧಾನ ಆಯ್ತು ನಂಗೆ. ಕೊನೆಗೂ ಅವ್ಗಳ್ಗೆ ಹೊಸ ಓದುಗ್ರು ಸಿಗ್ತಾರೆ.,Happiness
ಕೆಲ್ವು ಲೀಡರ್ಸು ನಯಾಪೈಸೆ ಕೆಲ್ಸ ಮಾಡಿಲ್ಲಾಂದ್ರೂ ಬೋನಸ್ ಮಾತ್ರ ಚೆನ್ನಾಗ್ ತಗೊಳದ್ ನೋಡುದ್ರೆ ಅಸಹ್ಯ ಆಗುತ್ತೆ.,Disgust
"ಒಂದ್ ಗೋಲ್ ಹೊಡ್ದಿದ್ದಿಕ್ಕೇ ಏನ್‌ ಅಷ್ಟೆಲ್ಲ ಸಂಭ್ರಮ, ಕೇಕೆ, ಅಬ್ಬಬ್ಬಾ ನಮ್‌ ಜನ ಒಳ್ಳೆ ಬರ್ಗೆಟ್ಟಿರೋರ್‌ ಹಾಗೆ ಆಡ್ತಾರೆ.",Disgust
ನಿಮ್‌ ಮಾತಿನ್‌ ರೀತಿ ನಂಗೊಂಚೂರೂ ಹಿಡ್ಸಂಗಿಲ್ಲ. ನೀವ್‌ ಆಡ ಮಾತು ಬ್ಯಾರೆಯವ್ರ್‌ ಮನಸ್ಸಿಗಿ‌ ಎಷ್ಟ್ ತ್ರಾಸ ಮಾಡಭೌದ್ ಅನ್ನದು ನಿಮ್ಗ್ ಲಕ್ಷ್ಯಕ್ಕಾ ಇಲ್ಲಲಾ.,Anger
ಪಂದ್ಯ ಆದ್ಮೇಲೆ ಒಂದ್ ಸಂದರ್ಶನ್ದಲ್ಲಿ ‌ಆ ಫುಟ್ಬಾಲ್ ತಂಡದ್ ಕೋಚು ಇನ್ನೊಂದ್ ತಂಡದ್ ಆಟ್ಗಾರನ್ ಬಗ್ಗೆ ಎಷ್ಟ್ ಕೀಳಾಗ್‌ ಮಾತಾಡುದ್ರು ಅಂದ್ರೆ ನಂಗವ್ರ್‌ ಬಗ್ಗೆ ಇದ್ದ್‌ ಗೌರವ ಎಲ್ಲ ಜರ್ರಂತ ಇಳ್ದೋಯ್ತು.,Disgust
"ಇದೆಲ್ಲ ಮಾರ್ಪಾಡ್‌ ಮಾಡ್ಸಾದ್ಮೇಲೆ ನನ್ ಕಾರು ಇನ್ನೂ ಸಖತ್ತಾಗ್‌ ಓಡತ್ತೆ ಅನ್ನೋ ‌ಕಲ್ಪನೆಗೇ ರೋಮಾಂಚ್ನ ಆಗ್ತಿದೆ. ಜೊತೆಗೆ, ಇವೆಲ್ಲ ಬರೀ ಸಿಂಗಾರಕ್ಕಷ್ಟೇ ಅನ್ಕೊಂಡಿದ್ದೆ ಆದ್ರೆ ಇವ್ಗಳಿಂದ ಪೆಟ್ರೋಲೂ ಸರ್ಯಾಗ್‌ ಬಳಕೆ ಆಗಿ ಖರ್ಚ್‌ ಕಡ್ಮೆ ಆಗತ್ತೆ ಅನ್ನೋದಂತೂ ಬೋನಸ್ಸು!",Surprise
ತೀರ್ಹೋಗಿರೋ ಅವ್ಳ್‌ ಗಂಡನ್ನ ಆತನ್‌ ಹುಟ್ದ್‌ಹಬ್ಬದ್‌ ದಿನ ನೆನ್ಸ್ಕೊಂಡು ಅವ್ಳ್‌ ಬಿಕ್ಕಿ ಬಿಕ್ಕಿ ಅಳ್ತಿದ್ಳು ಪಾಪ.,Sadness
"ನಾನ್‌ ಅನ್ಕೊಂಡಷ್ಟ್‌ ಚೆನ್ನಾಗ್‌ ಓದ್ಕೊಳಕ್ಕಾಗಿಲ್ಲ, ಎಕ್ಸಾಮ್‌ ಹಾಲಿಗ್‌ ಕಾಲಿಡಕ್ಕೇ ಎದೆ ನಡುಗ್ತಿದೆ.",Fear
ಎ.ಐ. ತುಂಬಾ ಮುಂದ್ವರ್ದು ನಕಾರಾತ್ಮಕ ಪರಿಣಾಮಗಳಿರೋ ನಿರ್ಧಾರಗಳ್ನ ತಗೊಳಕ್ ಶುರುಮಾಡ್ಬಿಟ್ರೆ ಏನಾಗ್ಬೋದು ಅಂತ ನಂಗ್ ಆತಂಕ ಆಗತ್ತೆ.,Fear
ಕ್ಲೈಂಟ್ ಆಫೀಸ್‌ನ ಕ್ಲೀನ್‌ ಮಾಡೋ ವೇಳಾಪಟ್ಟಿ ಪ್ರಕಾರ ಕೆಲ್ಸ ಮಾಡೋಕೆ ಕ್ಲೀನಿಂಗ್ ತಂಡ್ದಲ್ಲಿ ಸಾಕಷ್ಟ್‌ ಜನ ಇಲ್ದಿರೋದು ನಂಗ್ ಚಿಂತೆ ಆಗಿದೆ.,Fear
ನನ್ ಗಂಡ ಇವತ್ತು ಕುತ್ಗೆ ಮಟ್ಟ ಕುಡ್ದು ಮನೆಗ್‌ ಬಂದಿದಾನೆ. ನಂಗಿನ್ನು ಹೊಡಿತಾನೇನೋ ಅನ್ನಿಸ್ತಿದೆ.,Fear
ಒಂದೆರಡ್ ತಿಂಗ್ಳು ನಂತ್ರ ನನ್ ಉದ್ಯೋಗ ಮತ್ ಶಿಕ್ಷಣದ್  ಭಾರನ್  ನಿಭಾಯಿಸಕ್  ನಂಗ್ ಸಾಧ್ಯ ಆಗುತ್ತೋ ಇಲ್ವೋ ಅಂತ  ಭಯ ಆಗ್ತಿದೆ.,Fear
ಥೂ ಈ ಅಂಗ್ಡಿದು ಹೊಸಾ ಪಾಲಿಸಿ ಕಟ್ಟ ಅಸಡ್ಡಾಳ್ ಅದ ನೋಡ. ವ್ಯವಸ್ಥಾ ಇಲ್ದಿರೋ ಇದರ್ ಪಾರ್ಕಿಂಗ್‌ ಮತ್ ಮ್ಯಾಲ್ ಪೊಲ್ಯುಷನ್‌ ಆಜೂಬಾಜುದವ್ರಿಗಿ ಭಾಳ ಅನನ್ಕೂಲ ಆಗ್ಲಿಕತ್ತದ.,Disgust
"ನಮ್ ಅಪಾರ್ಟ್ಮೆಂಟ್ ಕಾಂಪ್ಲೆಕ್ಸಲ್ಲಿರೋ ಕಸದ್‌ ಡಬ್ಬಿ ತುಂಬ್‌ ತುಳುಕ್ತಿದೆ, ಹೋಗ್ತಾ ಬರ್ತಾ ಅದ್ರ್‌ ದುರ್ನಾತ ಮೂಗಿಗ್‌ ಬಡ್ದ್ರೆ ಹೊಟ್ಟೆ ತೊಳ್ಸಿದಂಗಾಗತ್ತೆ.",Disgust
ತ್ಯಾಗರಾಜ್ರ ಕೃತಿನ ವೇದಿಕೆ ಮೇಲ್  ಪ್ರಸ್ತುತಪಡ್ಸುವಾಗ ಆ ಗಾಯಕ್ರು ಪಕ್ಕಾವಾದ್ಯದೋರ್‌ ಜೊತೆಗೆ ತುಂಬಾ ಚೆನ್ನಾಗ್ ಹೊಂದ್ಕೊಂಡು ಕೇಳೋಕ್ ಹಿತವಾಗೋ ಥರ ಹಾಡಿದ್ರು.,Happiness
ಅದು ಇಷ್ಟ್ ವರ್ಷ ಬಾಳ್ಕೆ ಬರತ್ತೆ ಅಂತ ನಾನ್‌ ಅನ್ಕೊಂಡೆ ಇರ್ಲಿಲ್ಲ.,Surprise
"ಬ್ಯಾಂಕಲ್ಲಿ ಜನ್ರನ್ನ ಅವ್ರಿಗ್‌ ಸರಿಹೊಂದದೇ ಇರೋ ಹುದ್ದೆಗಳ್ಗೆ ನೇಮಕ ಮಾಡ್ಕೊಂಡ್ಬಿಡ್ತಾರೆ, ಆಮೇಲೆ ಅವ್ರ್ ಸರ್ಯಾಗ್‌ ಕೆಲ್ಸ ಮಾಡ್ತಿಲ್ಲ ಅಂತ ದೂರ್ತಾರೆ, ನಂಗಂತೂ ಇಂಥ ಕಿರಿಕಿರಿನೆಲ್ಲ ಒಂಚೂರೂ ಸಹಿಸಕ್ಕಾಗಲ್ಲ.",Anger
ನಿಮ್ ವಾಹನದ್ಮೇಲೆ ಇಷ್ಟೊಂದ್‌ ಗೀರುಗಳಾಗಿ ಉಜ್ಜ್‌ಹೋಗಿರೋದ್‌ ನೋಡಕ್ಕೇ ಬೇಜಾರಾಗ್ತಿದೆ ನಂಗೆ. ಅದ್ನ ಸರಿ ಮಾಡಕ್ಕೆ ನಾನ್‌ ನನ್‌ ಕೈಲಾದಷ್ಟ್‌ ಪ್ರಯತ್ನ ಮಾಡ್ತೀನಿ. ಬೇರೆ ಹೇಗಾದ್ರೂ ರಿಪೇರಿ ಮಾಡಕ್ಕಾಗತ್ತಾ ನೋಡಣ.,Sadness
"ಥೂ ಅಸಹ್ಯ್, ಕೆಲ ಮಂದಿ ವಿದ್ಯಾರ್ಥಿಗೊಳು ಕ್ಯಾಂಪಸ್‌ ತುಂಬಾ ಕಸಾ ವಕಾಟ್ತಾರ.",Disgust
"ಇನ್ನೇನ್‌ ಪೇರೆಂಟ್-ಟೀಚರ್‌ ಮೀಟಿಂಗ್‌ ಇಡ್ತಾರ, ನನ್‌ ಮಗನ್‌ ಬಗ್ಗೆ ಟೀಚರ್‌ ಏನ್‌ ಹೇಳ್ತಾರೊ ಅಂತ ಒಂಚೂರ್ ಕಳವಳ ಆಗ್ಲಿಕತ್ತದ.",Fear
"ಅಯ್ಯೋ ಬೇಡ! ಬಸ್ಸಲ್ಲಿ ಶಾಲೆಗ್ ಹೋಗೋಕ್  ನಂಗಿಷ್ಟ ಇಲ್ಲ, ಅಮ್ಮ. ಎಲ್ಲಾ ಮಕ್ಳು ನನ್ನನ್ನ ಆಡ್ಕೊತಾರೆ.",Fear
"ಅಲ್ಲಾ ನಮ್‌ ಕೆಲ್ಸದವ್ರಿಗಿ ರಗಡ ಗೊತ್ತಿರ್ತದಂತ ಈ ಖರೀದ್ದಾರ್ರು ಭರೋಸಾನೇ ಮಾಡಂಗಿಲ್ಲ, ಒಂದೇ ಸವ್ನೇ ಅದೂ ಇದೂ ಕೇಳ್ಕೋತ ಇರ್ತಾರ.",Sadness
ನಾವ್  ಬೀಜಗಳನ್ ಹಾಕಿದ್  ನಂತ್ರ  ಮೊಳ್ಕೆಕಾಳುಗಳ್  ಮಣ್ಣಿನ ಮೂಲ್ಕ ತಳ್ಳೊದನ್  ನೋಡ್ದಾಗ  ನಂಗ್ ತುಂಬಾನೇ ಸಂತೋಷ ಆಗುತ್ತೆ.,Happiness
"ಆ ಕ್ಲೈಂಟಿನ್‌ ಆಫೀಸ್‌ನ್ಯಾಗ ಕೆಲೊಂದ್‌ ಜಾಗ ಝಳಾಝಳಾ ಅನ್ನಂಗ ಸ್ವಚ್ಛ್‌ ಇಟ್ಟಿರ್ಲಿಲ್ಲಾ, ಎಲ್ರೂ ಬಂದ್‌ ಕೂಡಂಥಾ ಜಾಗ‌ ಗಲೀಜಿದ್ದಿದ್ ನೋಡಿದ್ರ ಬ್ಯಾಸರಾಗ್ಲಿಕತ್ತಿತ್ತು.",Sadness
"ಅವ್ಳ್ ಮೂಳೆಗಳು ಮೂರು ತಿಂಗ್ಳಲ್ಲಿ ಮತ್ತೆ ಬೆಳೆಯತ್ವೆ, ಅವ್ಳು ಪುನಃ ಆಟ ಆಡ್ಬೋದು ಅಂತ ಡಾಕ್ಟ್ರು ಹೇಳುದ್ರು.",Happiness
ವೈನ್ ನೆಲಮಾಳಿಗೆ ಹೊಂದಿರೋ  ಮನೆ ಸಿಗುತ್ತೆ ಅಂತ ನಾನ್  ಅನ್ಕೊಂಡಿರ್ಲಿಲ್ಲ  - ಅದು ಅನನ್ಯ ಮತ್ ರೋಮಾಂಚಕಾರಿ ವೈಶಿಷ್ಟ್ಯವಾಗಿದೆ.,Surprise
"ಹೇ, ಚೆನ್ನಾಗಿದೆ! ನೀನು ಈ ಬಣ್ಣದ್ ಬೈಕ್ ತಗೊಳ್ತೀಯ ಅಂತ ನಾನ್ ಅನ್ಕೊಂಡೇ ಇರ್ಲಿಲ್ಲ.",Surprise
"ನಾನು ಈ ವಸ್ತುಸಂಗ್ರಹಾಲಯ ನೋಡೋಕೆ ದುಡ್ಡ್‌ ಕೊಟ್ಟಿದೀನಿ, ನಂಗ್ ಬೇಕಾದ್ ಹಾಗೆ ಕಲಾಕೃತಿಗಳ್‌ ಜೊತೆ ವ್ಯವಹರಿಸ್ಕೊತೀನಿ. ನೀವ್ಯಾರ್ರೀ ಕೇಳೋಕೆ?!",Anger
"ವ್ಯಾಕ್! ‌ಥು ಅಸಹ್ಯ! ಇದ್ರು ರುಚಿ ಕೊಳ್ತೋಗಿರೋ ಟೊಮೆಟೊಗಳ್‌ ಥರ ಇದೆ,  ನಾನ್‌ ಇನ್ಯಾವತ್ತೂ ಈ ರೆಸ್ಟೋರೆಂಟಲ್ಲಿ ಊಟ ಬಾಯ್ಗಿಡಲ್ಲ.",Disgust
ಈ ಅಡ್ಗೆ ಯಾರ್ರೀ ಮಾಡಿದ್ದು? ಇದು ಎಷ್ಟ್ ಖಾರ ಆಗಿದೆ ಅಂದ್ರೆ ತಿಂದಾಗ ನನ್‌ ನಾಲ್ಗೆನೇ ಸುಟ್ಟೋಯ್ತೇನೋ ಅನ್ಸ್ತು ನಂಗೆ.,Anger
ಹೋಟೆಲಲ್ಲಿ ನಾವ್ ಎಂತೆಂಥದಕ್ಕೋ ದುಡ್ಡ್‌ ಕಟ್ಬೇಕು ಅಂತ ದೋಚ್ಬಿಟ್ರು ನಮ್ನ.. ಯಾಕಾದ್ರೂ ಆ ಹೋಟೆಲಿಗ್‌ ಹೋದ್ವೋ ಅನ್ಸ್ತಿದೆ.,Sadness
"ಯು.ಪಿ.ಎಸ್.ಸಿ.ಗೆ ತಯಾರಿ ನಡ್ಸೋಕಂತ್ಲೇ ನಾನ್ ಒಂದ್ವರ್ಷ ರಜೆ ತಗೊಂಡಿದ್ದೆ, ಆದ್ರೂ ಅದ್ರಲ್ಲಿ ತೇರ್ಗಡೆ ಆಗೋಕಾಗ್ಲಿಲ್ಲ. ಈಗೇನ್‌ ಮಾಡ್ಲಿ ನಾನು?",Sadness
ಮಾಡ್ಯುಲರ್ ಕಿಚನ್ನ  ಇನ್ಸ್ಟಾಲ್ ಮಾಡಕ್ಕೆ  ಕಾರ್ಮಿಕ್ರು ಈಗ ಇರೋ  ಕಬೋರ್ಡ್ ಅನ್ನ ಒಡ್ದಾಗ ಅಲ್ಲಿ ಇರೋ ಜಿರಳೆನ ನೋಡ್ ನಂಗ್  ಆಶ್ಚರ್ಯ ಆಯ್ತು.,Surprise
"ನಮ್ ಭಾರತದ್ ಪ್ರಧಾನಮಂತ್ರಿಗಳ್‌ ಮುಂದೆ ಆ ಈಜಿಪ್ಟಿನ್ ಹುಡ್ಗಿ ಹಿಂದಿ ಹಾಡ್ ಹಾಡಿದ್ದು ಎಲ್ರಿಗೂ ಭಾರೀ ಖುಷಿ, ಹೆಮ್ಮೆ ಉಂಟ್ಮಾಡ್ತು.",Happiness
ಚೆಂಡನ್ನ ನನ್ ಕಡೆಗೆ ಅಷ್ಟ್ ಜೋರಾಗ್ ಹೊಡಿಬೇಡಿ. ಅದು ನಂಗ್ ಬಡ್ದು ನೋವಾಗ್ಬೋದು.,Fear
"ವ್ಯಸನದ್  ಸಲಹೆಗಾರನಾಗಿದ್ರೂ, ಮಾದಕ ವ್ಯಸನದಿಂದ್  ಬಳಲ್ತಾ ಇರೋ ಸಾವಿರಾರು ಜನ್ರಿಗೆ ಸಹಾಯ ಮಾಡಕ್  ನಂಗ್  ಸಾಧ್ಯ ಆಗ್ದೇ ಇದ್ದಾಗ್ ಬೇಜಾರಾಯ್ತು.",Sadness
"ಬಸ್ ಡ್ರೈವರ್ ಯಾವ್ದೇ ಬೇರೆ  ರೂಟ್ಲಿ  ಹೋಗ್ಲಿಲ್ಲ ಅಲ್ದೆ  ಲೇಟ್ ಆಗೋದ್ರ  ಬಗ್ಗೆ ನಮ್ಗೆ  ಹೇಳೇ ಇಲ್ಲ, ಇದು ಇಡೀ ಪ್ರಯಾಣನ್  ಎಂದಿಗೂ ಮುಗಿಯದ್  ಅಗ್ನಿಪರೀಕ್ಷೆಯನ್ನಾಗಿ ಮಾಡ್ತು!ಟ್ರಾಫಿಕ್  ಪರಿಸ್ಥಿತಿ ಇಂದು ದುಃಸ್ವಪ್ನ ತರ ಆಗಿತ್ತು.",Anger
ಕಾಲೇಜಲ್ಲಿ ನಾನ್ ಮೊದಲ್ನೇ ಸಲ ನಗದು ಬಹುಮಾನ ಗೆದ್ದಾಗ ಭಾರೀ ಖುಷಿ ಮತ್ತೆ ಹೆಮ್ಮೆ ಅನ್ಸಿತ್ತು.,Happiness
ಕೆಲೊಬ್ರು ಸ್ಟುಡೆಂಟ್ಗಳು ಕ್ಲಾಸಿನ್ಯಾಗ ಚೀವಿಂಗಂ ತಿನ್ಕೋತ ಕುತಿರ್ತಾವ ನೋಡಿದ್ರ ವಯ್ಕ ಅನಸ್ತದ.,Disgust
"ಗೋವಾದ್‌ ಸಂಗೀತ್‌ದಾಗ್‌ ಅದೇನರೇ ಅಳವು, ಹುರ್ಪು, ಜೀವಂತ್ಕೆ ಅದ ಅಂತಿನಿ, ಆ ಸಂಭ್ರಮ್ ನಮ್‌ ಕಣ್ನಿಂದ ನೋಡೇ ತಿಳಕೋಬೇಕ.",Surprise
"ಎಲ್ಲಾ ಟಿ.ವಿ. ಚಾನೆಲ್‌ಗಳ್ಗೂ ತಮ್ ಟಿ.ಆರ್.ಪಿ. ರೇಟಿಂಗೇ ಮುಖ್ಯ. ಅದ್ ಜಾಸ್ತಿ ಆಗ್ಲೀಂತ ಎಂಥ ಸೆನ್ಸೇಷನಲ್‌ ಸುದ್ದಿನ್‌ ಬೇಕಾದ್ರೂ ತೋರ್ಸ್‌ಬಿಡ್ತಾರೆ, ಅದ್ನ ನೋಡೋರ್‌ ಮೇಲೆ ಅದ್ರಿಂದ ಎಂಥ ಕೆಟ್‌ ಪರಿಣಾಮ ಆಗತ್ತೆ ಅನ್ನೋದ್ನೆಲ್ಲ ಚೂರೂ ಯೋಚ್ನೆನೇ ಮಾಡಲ್ಲ.",Disgust
ಸರ್ಕಸ್ಸಲ್ಲಿ ಆ ದೊಂಬರಾಟದೋನ್‌ ಮಾಡಿದ್‌ ಸಾಹಸ ಅದ್ಭುತ್ವಾಗಿತ್ತು!,Surprise
"ಹಣಕಾಸು ವಿಭಾಗ್ದಲ್ಲಿ ಯಾಕೋ ಎಲ್ರೂ ಸೋಮಾರಿಗಳೇ ಇದಾರನ್ಸುತ್ತೆ. ನಿಮ್ಗೆ ಅಕ್ಸೆಸ್‌ ಕೊಡಿ ಅಂತ ನಾನವ್ರಿಗ್‌ ಮೂರ್ಸಲ ಹೇಳಾಯ್ತು, ಇನ್ನೂ ಆ ಕೆಲ್ಸ ಮಾಡಿಲ್ಲ ಅವ್ರು.",Disgust
"ಗೇಣುದ್ದ ಹೊಟ್ಟೆಗೋಸ್ಕರ ಎಷ್ಟೆಲ್ಲ ಪಡಿಪಾಟ್ಲು ಪಡ್ಬೇಕಪ್ಪ, ಮೂರ್ಕಾಸ್‌ ದುಡೀಬೇಕೂಂದ್ರೆ ನೂರ್‌ ಕೆಲ್ಸ ಮಾಡ್ಬೇಕು.",Sadness
ಅಬ್ಬಬ್ಬಾ! ನಾಗಾಲ್ಯಾಂಡ್‌ನ ಸ್ಥಳೀಯ ನೃತ್ಯಗಾರರ ಕೌಶಲ್ಯ ಮತ್ತೆ ಸೊಗಸು ಅದೇನ್‌ ಮೋಡಿ ಹಾಕೋ ಹಾಗಿರತ್ವಪ್ಪ!,Surprise
ನನ್ ಹೆಂಡ್ತಿ ನನ್ ಸಹಾಯ ಇಲ್ದೆ ಮನೆಕೆಲಸನ್  ತಾನೇ ಮಾಡ್ ಮುಗ್ಸಿದಾಗ  ನಂಗ್ ಬೇಜಾರಾಗುತ್ತೆ.,Sadness
ನಾನಿವತ್ತು ಎರಡು ಕೆ.ಜಿ. ಗೋಧಿ ಕೊಂಡ್ಕೊಂಡಿದ್ದಕ್ಕೆ ಅಂಗ್ಡಿಯೋರು ನಂಗೆ ಅರ್ಧ ಲೀಟ್ರು ತುಪ್ಪ ಫ್ರೀಯಾಗ್ ಕೊಟ್ರು.,Happiness
"ಇತ್ತೀಚೆಗೆಲ್ಲ ಹೆಂಗಿದ್ಯಪ್ಪ ನಿನ್‌ ಇನ್ಕಮ್ಮು, ವ್ಯಾಪಾರ ಭಾರೀ ಜೋರಾಗಿರೋ ಹಾಗಿದೆ.",Happiness
ಅಲ್ಲಾ ನಾವ್‌ ಇಂಥಾ ಕಳಪೆ ಸಾಮಾನ್‌ ನಮ್‌ ಅಂಗ್ಡ್‌ಯಾಗ್ ಮಾರ್ಬೇಕಂತ ಅಂತಾರೇನ್ ಈ ಡಿಸ್ಟ್ರೀಬ್ಯೂಟರ್ಗಳ..‌ ನಂಗಂತೂ ರವಷ್ಟೂ ಸರಿಬರಂಗಿಲ್ಲಿದು.,Disgust
"ನಂಗ ನಾ ಆಡಿಬೆಳದಿದ್‌ ಆ ಓಣ್ಯಾಗೇ ಮನಿ ತೊಗೊಬೇಕಂತ ಭಾಳ ಖಾಯ್ಷಿತ್ತು, ಆದ್ರ ಅದ್‌ ಎಷ್ಟ್‌ ತುಟ್ಯಾಗ್ಯಾದಂದ್ರ ಇನ್ನೇನ್‌ ಅದೊಂದ್ ಕನಸೇ ಅಂತ ಮರೀಬೇಕು.",Sadness
ಬ್ಯಾಂಕ್ ಖಾತೆನ  ಓಪನ್ ಮಾಡಕ್  ನನ್ ಪೋಷಕರ್ಗೆ ಸಹಾಯ ಮಾಡಕ್  ಬ್ಯಾಂಕ್ ಉದ್ಯೋಗಿ ಮನೆಗೆ ಬಂದಾಗ್  ನಂಗ್  ಆಶ್ಚರ್ಯ ಆಯ್ತು.,Surprise
ನಮ್ ಮುಂಚೂಣಿ ಕೆಲ್ಸಗಾರ್ರನ್ನ ಬದ್ಲಾಯ್ಸಿದ್ಮೇಲೆ ಕಸ್ಟಮರ್ಸ್‌ಗೆ ತೃಪ್ತಿಯಾಗೋ ಥರ ಕೆಲ್ಸ ಮಾಡೋರಿಲ್ದೇ ನಮ್ ರೇಟಿಂಗ್ಸೆಲ್ಲ ಕುಸ್ದ್‌ಹೋಗಿವೆ.,Sadness
"ಈ ತ್ರೈಮಾಸಿಕದಲ್ಲಿ ಕಂಪ್ನಿ ಆದಾಯ ಕುಸ್ದ್‌ಹೋಗಿರೋದು ನಂಗ್ ಭಾಳ ನಿರಾಶೆ ಆಗಿದೆ, ಇದ್ರಿಂದಾಗಿ ಇನ್ನೊಂದಷ್ಟ್‌ ತಿಂಗ್ಳು ಹೆಚ್ಚಿನ್‌ದೇನನ್ನೂ ಸಾಧ್ಸೋಕಾಗಲ್ಲ ಅನ್ಸತ್ತೆ.",Sadness
"ನಾರ್ತ್ ಚೆನ್ನೈಲಿ ಕಾರ್‌ ಪಾರ್ಕ್‌ ಮಾಡೋದಂದ್ರೇ ನಂಗ್ ಭಯ ಆಗತ್ತೆ, ಯಾಕಂದ್ರೆ ಅಲ್ಲಿ ನಾನ್‌ ವಾಪಸ್‌ ಬರೋಹೊತ್ಗೆ ನನ್‌ ಕಾರ್‌ ಹಾಗೇ ಇರತ್ತೋ ಅಥ್ವಾ ಚೂರ್ಚೂರಾಗಿರತ್ತೋ ಅಂತ ಹೇಳಕ್ಕಾಗಲ್ಲ.",Fear
ಇಬ್ರು ಲೀಡರ್ಸ್ ಮಧ್ಯೆ ಅನಾರೋಗ್ಯಕರ್ವಾದ್ ಸ್ಪರ್ಧೆ ಜಾಸ್ತಿ ಆಗಿ ನಮ್ ಪ್ರಾಜೆಕ್ಟ್ ಡೆಲಿವರಿ ಪೂರ್ತಿ ಹಳಿ ತಪ್ಪಿದೆ.. ಕೋಪ್ದಲ್ ಕುದೀತಾ ಇದೀನಿ ನಾನಿಲ್ಲಿ.,Anger
"ದೇವ್ರೇ, ಆ ಬೇಕರಿನ್ಯಾಗ ನಾ ಕೇಕ್‌ ಹೇಳಿದ್ದೆ‌, ಈಗ ಈ ಬಂದ್‌ ಕಾಲಾಗ ಅದ್‌ ಟೈಮಿನ್‌ ಮ್ಯಾಲ್‌ ಸಿಗ್ತದೊ ಇಲ್ಲೊ ಅನ್ನ ಡುಕುಡುಕಿ ಅದ.",Fear
ಕೊರಿಯರ್ ಕಂಪನಿ ನನ್ ಪತ್ರನ್  ತಲ್ಪಿಸಕ್  ನಿರಾಕರಿಸಿ ವಾಪಾಸ್ ತಕೊಂಡು ಹೋಗಿ ಅಂತ ಹೇಳ್ದಾಗ ನಂಗ್  ತುಂಬಾ ಕೋಪ ಬಂತು.,Anger
ಅವ್ನೀಗ ಟೀನೇಜರ್‌ ಆಗಿದ್ರೂ ಇನ್ನೂ ತನ್ಗಿಂತ ಹಿರಿಯರನ್ನ ಹೇಗ್‌ ಮಾತಾಡ್ಸ್‌ಬೇಕು ಅಂತ ಗೊತ್ತಿಲ್ಲ ಅವ್ನಿಗೆ. ಚೂರೂ ಗೌರವ ಕೊಡ್ದಂಗಿರ್ತಾನೆ.,Disgust
ಜಾಸ್ತಿ ದುಡ್  ಸಿಗುತ್ತೆ ಅಂತ  ಡ್ರೈವರ್ ಲಾಂಗ್  ರೂಟ್ಲಿ ಹೋಗ್ತಾ ಇದ್ದಾನೆ ಅಂತ ನಂಗ್  ಕಿರ್ಕಿರಿ ಆಯ್ತು.,Anger
"ನಂಗೋಸ್ಕರ ನಾನು ಗಟ್ಯಾಗಿ ನಿಂತ್ಕೊಳ್ದಿದ್ರೆ, ನನ್‌ ಪರವಾಗಿ ನಾನೇ ಇಲ್ದೇ ಹೋದ್ರೆ ನನ್ ಒಡಹುಟ್ಟಿದೋರು ಯಾವಾಗ್ಲೂ ನನ್ನನ್ನ ಚಿಕ್ಕೋಳು ಚಿಕ್ಕೋಳು ಅಂತ ಕಡೆಗಣ್ಸಿ ನನ್ನನ್ನ ಆಟ ಕಾಯಿಸ್ತಾರೆ, ಗೋಳ್‌ ಹುಯ್ಕೋತಾರೆ ಅಂತ ನಂಗ್‌ ಆತಂಕ ಆಗತ್ತೆ.",Fear
ಓಹ್! ಈ ಬಸ್ ದೆಹಲಿಗೂ ಹೋಗ್ತದಾ? ಅದು ಇಲ್ಲಿಂದ ಐನೂರು ಕಿಲೋ ಮೀಟರ್ ದೂರ ಆಗ್ತದಲ್ವಾ?,Surprise
ವೇದಿಕೆ ಹಿಂಭಾಗ್ದಲ್ಲಿ ಅಷ್ಟ್‌ ಜೋರಾಗ್‌ ಗಲಾಟೆ ಮಾಡ್ಬೇಡಿ. ನೀವ್ ಮಾತಾಡೋದೆಲ್ಲ ಪ್ರೇಕ್ಷಕರಿಗೆ ಕೇಳ್ಸತ್ತೆ. ಅಷ್ಟೂ ಗೊತ್ತಾಗಲ್ವಾ ನಿಮ್ಗೆ!,Anger
"ಏನ್ ತಮಾಷೆಯೇನ್ರಿ ನಿಮ್ಗಿದು?! ಅಕ್ಕಪಕ್ದಲ್ಲಿ ಏನೂ ಗಲಾಟೆ ಇಲ್ದೇ ಶಾಂತ್ವಾಗಿರೋ ಜಾಗ್ದಲ್ಲ್ ಮನೆ ಕೊಡ್ಸಿ ಅಂತ ನಾನ್‌ ಕೇಳಿದ್ರೆ, ನೀವೊಳ್ಳೆ ಬ್ಯುಸಿ ರಸ್ತೆಗಳ್ಹತ್ರ, ಸಿಕ್ಕಾಪಟ್ಟೆ ಗಲಾಟೆ ಇರೋ ಜಾಗ್ದಲ್ಲೇ ಮನೆ ತೋರುಸ್ತಿದೀರಲ್ಲ? ನೀವೇನ್ ತೋರ್ಸಿದ್ರೂ ನಾನ್ ಒಪ್ಕೊಂಡ್‌ಬಿಡ್ತೀವಿ ಅನ್ಕೊಂಡಿದೀರ, ಆಂ?!",Anger
ಮಣಿಪುರದಲ್ಲಿ ಅಷ್ಟೆಲ್ಲ ಗಲಭೆಗಳಾಗಿ ನೂರಾರ್ ಜನ ಸಾಯ್ತಿರುವಾಗ ನಿಜ್ವಾದ್‌ ಭಾರತೀಯರಾದೋರ್‌ ಯಾರ್ಗೂ‌ ಮನ್ಸಿಗ್ ನೆಮ್ದಿ ಇರಲ್ಲ.,Sadness
"ಈಗ್ ನನ್ ಮನೆಗ್ ತರಿಸ್ತಿರೋ ವಸ್ತುಗಳ್‌ ಜೊತೆಗೆ ಒಂದ್‌ ನ್ಯೂಸ್‌ ಪೇಪರ್ನೂ ತರ್ಸಿದ್ರೆ ಚೆನಾಗಿರತ್ತೆ ಅನ್ಸತ್ತೆ! ಹೇಗೂ ಮನ್ಯೋರೆಲ್ಲ ಬರ್ತಾ ಇದಾರೆ, ಎಲ್ರೂ ಅವ್ರಿಗ್‌ ಬೇಕಾದ್‌ ಸುದ್ದಿ, ಅಂಕಣಗಳ್ನೆಲ್ಲ ಆರಾಮಾಗ್‌ ಕೂತ್ಕೊಂಡ್‌ ಓದ್ಬಹುದು.",Happiness
ಆಟೋಮೊಬೈಲ್ ಎಕ್ಸ್‌ಪರ್ಟ್‌ ನನ್‌ ಸಲ್ವಾಗಿ ಒಂದ್‌ ಸೆಕೆಂಡ್‌ಹ್ಯಾಂಡ್‌ ಕಾರ್‌ ಏಕ್ದಂ ಒಪ್ಪಹಂಗ ರೊಕ್ಕಕ್ಕ ಹುಡಕೊಟ್ಟಾಗ ನಂಗ ಖುಷಿಲೇ ಕುಣಿಯಹಂಗಾಗಿತ್ತ.,Happiness
"ಹವಾಮಾನ ಸರಿಯಿಲ್ದಿರೋದ್ರಿಂದ ಪ್ರವಾಸ ರದ್ದ್‌ ಆಗಿರೋದ್ನ ನಮ್ಗ್‌ ಹೇಳೋ ತೊಂದ್ರೆನೂ ತಗೊಂಡಿಲ್ಲ ಅವ್ರು, ಎಷ್ಟ್‌ ಧಿಮಾಕಿರ್ಬೇಕ್‌ ಅವ್ರಿಗೆ!",Anger
ಅಲ್ಲಾ ನಾ ಅಗಳೇ ರೊಕ್ಕಾ ಕೊಟ್‌ ಬುಕ್‌ ಮಾಡ್ಸಿಟ್ಟಿನಿ ಆ ಹೋಟಲಿನವ್ರು ನೋಡ್ಲಿಕ್ಕೂ ತಯಾರಿರ್ಲಿಲ್ಲ ಅವರ್‌ ಮ್ಯಾಲ್ ಸಿಕ್ಕಂಗ ವದರಾಡ್ದೆ.,Anger
ಬಾಡಿಗೆ ಕೊಡೊ ದುಡ್ಡಲ್ಲಿ ಎಲ್ಲಾ ಸೌಲಭ್ಯನು ಸಿಗತದ್ ಅಂತ ಗೊತ್ತಾದಾಗ್  ನಂಗ್ ನಿಜ್ವಾಗ್ಲೂ ಆಶ್ಚರ್ಯ ಆಯ್ತು!,Surprise
"ವಿದ್ಯಾವಂತ ಗ್ರಾಹಕ್ರೂ ಇಷ್ಟ್ ಸರಳ್ವಾದ್ ಅರ್ಜಿ ನಮೂನೆಗಳ್ನ ಸರ್ಯಾಗ್ ಭರ್ತಿ ಮಾಡಕ್ಕಾಗ್ದೇ ತಿಣುಕಾಡ್ತಾರೆ ಅಂದ್ರೆ ಏನಪ್ಪಾ ಹೇಳೋದು, ನಾಚಿಕ್ಗೇಡು ಅಷ್ಟೇ!",Disgust
"ಹೊಸ ಮಾಡ್ಯುಲರ್ ಕಿಚನ್ ಅಲ್ಲಿ ಎಲ್ಲ ತುಂಬಾ ಚೆನ್ನಾಗಿರತ್ತೆ, ಫಳಫಳ ಅಂತ ಹೊಳಿತಿರತ್ತೆ ಅಂತ ಭಾರೀ ಆಸೆ ಇಟ್ಕೊಂಡಿದ್ದೆ ನಾನು, ಆದ್ರೆ ನನ್‌ ಗ್ರಾಚಾರನೇ ಸರಿಯಿಲ್ಲ, ಕೌಂಟರ್‌ ಟಾಪ್‌ ಮೇಲೆ ಎದ್ದ್‌ಕಾಣೋ ಥರ ಇಷ್ಟಿಷ್ಟ್‌ ದೊಡ್ಡ್‌ ಗೀರ್‌ಗಳಾಗ್ಬಿಟಿವೆ.",Sadness
"ನಾನೇ ಖುದ್ದಾಗ್ ಮಾಡಿದ್‌ ಒಂದ್‌ ತಿಂಡಿನ ನನ್ ಬಾಸ್ ಮತ್ತೆ ಸಿ.ಇ.ಒ. ಇಬ್ರೂ ತಿನ್ನೋಕ್ ಧೈರ್ಯ ಮಾಡಿದ್ರು, ಅವ್ರದ್ನ ತಿಂದು ಏನ್‌ ಹೇಳ್ತಾರೋ ಅಂತ ನಾನ್ ಉಸ್ರು ಬಿಗಿ ಹಿಡ್ಕೊಂಡ್‌ ಕಾಯ್ತಾ ನಿಂತಿದ್ದೆ.",Fear
ಮುಚ್ಚಿರೋ ಜಾಗಗಳಲ್ಲಿದ್ದಾಗ ನಂಗ್ ತುಂಬಾನೇ ಭಯ ಆಗುತ್ತೆ.,Fear
ಅರೆರೇ! ಇದು ನಾನ್ ತುಂಬಾ ದಿನಗಳಿಂದ ಹುಡುಕ್ತಿದ್‌ ಟೀ-ಷರ್ಟು! ಕೊನೆಗೂ ಸಿಕ್ಬಿಡ್ತು ನಂಗೆ!,Surprise
ಕಾಸ್ಟಿಂಗ್ ನಿರ್ದೇಶಕ್ರು ಆಯೋಜಿಸಿದ್ದ ಸಿನ್ಮಾ  ಆಡಿಷನ್ಗೆ ಹೋಗೋವಾಗ ತಡ ಆಗಿದ್ದ್ರಿಂದ  ನಾನ್  ನಟ್ನೆ  ಮಾಡೋ ಅವ್ಕಾಶನ  ಕಳ್ ಕೊಳ್ತೇನೆ  ಅಂತ ನಂಗ್ ಹೆದ್ರಿಕೆ ಆಗಿತ್ತು.,Fear
ವ್ಯಾಪಾರ ಮನೋಭಾವ ಕುಸೀತ ಇರೋದ್ರಿಂದ  ನಂಗ್ ಸ್ವಲ್ಪ ಚಿಂತೆ ಆಗ್ತಿದೆ.,Fear
ನಾನ್ ಮಾಡಿದ್ ಕೇಕ್ ಯಾಕೋ ಸರ್ಯಾಗ್ ಉಬ್ಬೇ ಇಲ್ಲ.,Sadness
"ನಮ್‌ ಕಂಪ್ನಿ ದಿವಾಳಿಯೆದ್ದು ಮುಂದಿನ್ವಾರ್ದಲ್ಲಿ ಮುಚ್ಚೋಗ್ತಿದೇಂದ್ರೆ ನನ್‌ ಸಂಕ್ಟನ್ ಯಾರ್ಹತ್ರ ತೋಡ್ಕೊಳ್ಳಿ, ಮುಗೀತು, ಎಲ್ಲ ಮುಗ್ದ್‌ಹೋಯ್ತು.",Sadness
"ನಾನ್ ನಿಮ್‌ ಒಡವೆ ಅಂಗ್ಡಿಗ್‌ ಬಂದು ಒಂದ್‌ ಗಂಟೆ ಆಗ್ತಾ ಬಂತು, ಇನ್ನೂ ಒಬ್ರೂ ನಂಗೇನ್‌ ಬೇಕೂಂತ ಕೇಳೋರಿಲ್ವಲ್ರೀ! ಇನ್ಯಾವತ್ತೂ ಇಲ್ಲಿಗ್‌ ಕಾಲಿಡಲ್ಲ ನಾನು.",Anger
"ಸರ್, ದಯ್ವಿಟ್ಟು ವರ್ಣಚಿತ್ರಗಳ್ನ ಮುಟ್ಬೇಡಿ! ನೀವು ಅದ್ರ್ ಮೇಲೆ ಕಲೆ ಮಾಡಿದ್ರೆ, ನೀವೇ ಹಣ ಕೊಡ್ಬೇಕಾಗುತ್ತೆ ಅದಕ್ಕೆ.",Anger
ಈ ಸರ್ತಿ ನಂಗ ತಲಿ ಪೂರ್ತಿ ಕೆಟ್ಟ್‌ ಮೊಸ್ರಿನ್ ಹಡಿಗ್ಯಾಗ್ಯಾದ. ನಂದ್‌ ಸಾಮಾನ್ ಬಂದಾಗ ಖುಲ್ಲಾ ಆಗಿತ್ತು ಮತ್‌ ಮ್ಯಾಲ್‌ ಮುರಿದ್ಹೋಗ್ಯಾದ.,Anger
ಪರ್ವಾಗಿಲ್ವೇ! ಈ ಇವೆಂಟ್ ಮ್ಯಾನೇಜರ್ರು ಹಿಂದೆ ಕೆಲ್ಸ ಮಾಡಿರೋ ಕಡೆಯಿಂದೆಲ್ಲ ಭಾರಿ ಒಳ್ಳೆ ಫೀಡ್‌ಬ್ಯಾಕೇ ಬಂದಿದೆ. ಈ ಥರ ಪ್ರತೀ ಸಲನೂ ಕಾರ್ಯಕ್ರಮಗಳ್ನ ಚೆನ್ನಾಗ್‌ ವ್ಯವಸ್ಥೆ ಮಾಡಿರೋರ್‌ ಸಿಗೋದೇ ಅಪ್ರೂಪ.,Surprise
ಎಲ್ರೂ ಭಾರೀ ಇಷ್ಟಪಡೋ ಆ ಜಾಗಕ್‌ ನಾನ್‌ ಹೋದ್‌ ದಿನ ಅಲ್ಲಿ ಸಿಕ್ಕಾಪಟ್ಟೆ ಜನಜಂಗುಳಿ ಇದ್ದಿದ್ರಿಂದ ಗೈಡ್‌ ಹತ್ರ ಅದ್ರ ಇತಿಹಾಸನ ಸರ್ಯಾಗ್ ಕೇಳ್‌ ತಿಳ್ಕೊಳಕ್ಕಾಗ್ಲಿಲ್ಲ ಅಂತ ನಂಗ್ ತುಂಬಾನೇ ಬೇಜಾರಾಯ್ತು.,Sadness
"ವಂದೇ ರೋಡ್ನ್ಯಾಗ್ ನಮ್‌ ಬರಾಬರಿಯವ್ರ್‌ ಬಾಜೂಕ್ಕ ನಮ್‌ ಅಂಗ್ಡಿ ತೆಗಿಬೇಕೊ ಬ್ಯಾಡೊ‌, ಅದೇ ನಮ್ಗ ಮುಳಗಸ್ತದೇನೂ ಅಂತ ನಂಗ್ ಡುಕುಡುಕಿ ಇದ್ದೇಇತ್ತ.",Fear
ನಮ್‌ ಅಟ್ಟದ್‌ ಮ್ಯಾಲಿಟ್ಟಿದ್‌ ಒಂದ ಪೆಟಗ್ಯಾಗ ಅಚಾನಕ್‌ ಪೊನ್ನಿಯಿನ್ ಸೆಲ್ವನ್ನಿನ್ದು ಒಂದ್ ಕಾಪಿ ಅದೂನೂ ಕಲ್ಕಿ ಸಹಿ ಮಾಡಿದ್ ಸಿಕ್ಕಾಗ ನಂಗ ನಂಬ್ಲಿಕ್ಕೇ ಆಗ್ಲಿಲ್ಲಾ!,Surprise
"ನಿಮ್‌ ಸಂಸ್ಥಾದವ್ರು ಟೂರ್‌ನ್ಯಾಗ ಅದ್‌ ಮಾಡ್ತೀವಿ ಇದ್‌ ಕೊಡ್ತೀವಿ ಅಂತೆಲ್ಲಾ ಬರೇ ಬ್ರೋಷರ್ನ್ಯಾಗ್ ಕೊಟ್ಟಿರಿ, ಏನೂ ವ್ಯವಸ್ಥಾ ಶಿಸ್ತಾಗ್ ಮಾಡಿಲ್ಲ.",Anger
"ಡೆಲ್ಲಿಯಿಂದ ಮನಾಲಿಗ್‌ ಹೋಗ್ವಾಗಿರೋ ಆ ಕೆಟ್ಟ್ ಟ್ರಾಫಿಕ್‌ ನೆನ್ಸ್‌ಕೊಂಡ್ರೆ ಡ್ರೈವ್‌ ಮಾಡೋದೇ ಬೇಡ ಅನ್ಸತ್ತೆ, ಆದ್ರೆ ಬೇರೆ ಆಯ್ಕೆನೂ ಇಲ್ಲ.",Disgust
"ಸಮಸ್ಯೆನ್‌ ಕಂಡ್ಹಿಡ್ಯೋದ್ ತುಂಬಾ ಸುಲ್ಭ ಅನ್ಕೊಂಡಿದ್ದೆ ನಾನು, ಆದ್ರೆ ಇದು ಸಂಕೀರ್ಣವಾದ್ ಸಮಸ್ಯೆ, ರಿಪೇರಿ ಅಂದ್ರೆ ಜೇಬೆಲ್ಲ ಖಾಲಿಯಾಗತ್ತೆ ಅಂತ ಗೊತ್ತಾದ್ಮೇಲೆ ಅದೇ ದೊಡ್ಡ್ ತಲೆನೋವಾಗಿದೆ.",Sadness
ನಾನ್ ನನ್ ಕನ್ಸಿನ್ ಕಾರ್‌ನ ಯಾವ್ದೇ ಸಾಲ ಮಾಡ್ದೆ ತಗೊಳಕ್ಕಾಗಿದ್ದು ನಂಗಂತೂ ಚಂದ್ರಲೋಕಕ್ಕೇ ಲಗ್ಗೆ ಇಟ್ಟ್‌ ಹಾಗ್ ಅನ್ಸ್ತಿದೆ.,Happiness
"ನಿನ್ ಬಾಯಿಂದ ಬರ್ತಿರೋ ಹಸಿ ಈರುಳ್ಳಿ ವಾಸ್ನೆಗೆ ನಂಗ್ ವಾಂತಿ ಬರೋ ಹಾಗಾಗ್ತಿದೆ, ವ್ಯಾಕ್..!",Disgust
ನನ್ ಲ್ಯಾಪ್‌ಟಾಪ್‌ಲಿ ಎಸ್ಎಸ್ಡಿ ಡಿಸ್ಕ್ ಅನ್ ಇನ್ಸ್ಟಾಲ್ ಮಾಡಿದ್ ಮೇಲೆ ತುಂಬಾ ಬೇಗ ಲ್ಯಾಪ್‌ಟಾಪ್‌ ಆನ್ ಆಗೋದನ್ ನೋಡಿ ನಂಗ್ ಆಶ್ಚರ್ಯ ಆಯ್ತು.,Surprise
ಮನಸ್ಸಿಗಿ ತ್ರಾಸಾಗ್ಲಿಕತ್ತದ.. ಎಷ್ಟ್‌ ಕಾಳ್‌ಜೀ ತೊಗೊಂಡ್‌ ನಾಜೂಕ್ಲಿಂದ ಬಿತ್ತಣಿಕಿ ಮಾಡಿದ್ವಿ ಆ ಬೀಜಾಗೊಳ್‌ ನಾವನ್ಕೊಂಡ್ಹಂಗ ಛಂದಕ್ಕ ಬೆಳೀಲೇಇಲ್ಲಾ.,Sadness
ಯವ್ವಾ ನಂಗ್ ಡ್ರೈವಿಂಗ್‌ ಕಲಸ್ದವ್ರು ನಾ ಡ್ರೈವಿಂಗ್‌ ಹೆಂಗ ಮಾಡ್ತೀನಿ ನೋಡ್ತಾರಂತ ಹಿಂಗಾಗಿ ನಂಗ್ ಪುಕುಪುಕು ಹತ್ಯಾದ. ನಾ ಏನರೇ ಯಡವಟ್‌ ಮಾಡಿದ್ರ ಹೆಂಗ.,Fear
ನಂಗ್‌ ಡ್ರೈವಿಂಗ್‌ ಬರತ್ತೋ ಇಲ್ವೋ ಅಂತ ಅವ್ರ್ ಮತ್ಮತ್ತೆ ಪರೀಕ್ಷೆ ಮಾಡೋದು ನಂಗೊಂಚೂರೂ ಆಗ್ಬರಲ್ಲ. ಹೋದ್ಸಲ ಅಂತೂ ಎಂಥ ಕೆಟ್ಟ್‌ ಅನುಭವ ಆಗಿತ್ತು. ಆ ಇನ್ಸ್ಪೆಕ್ಟರ್‌ಗಳು ಬಹುಶಃ ದುಡ್ಡ್‌ ಪೀಕೋಕೋ ಏನೋ ಎಷ್ಟ್ ಒರ್ಟಾಗ್‌ ನಡ್ಕೊಂಡಿದ್ರೂಂದ್ರೆ ನಂಗಂತೂ ಮತ್ತೆ ಅವ್ರ್‌ ಮುಖ ನೋಡಕ್ಕೂ ಇಷ್ಟ ಇಲ್ಲ.,Disgust
ಜನ ಯಾಕಿಷ್ಟ್‌ ಪ್ರಜ್ಞೆ ಇಲ್ದೋರ್‌ ಥರ ಆಡ್ತಾರೆ? ಇದು ಯುನೆಸ್ಕೋ ಪಾರಂಪರಿಕ ತಾಣ ಆಗಿದ್ರೂ ಎಲ್ಲಾ ಕಡೆ ಕಸ ಹಾಕಿ ಅದೆಷ್ಟ್ ಗಲೀಜ್‌ ಮಾಡಿದಾರೆ. ಸ್ವಲ್ಪನೂ ಜವಾಬ್ದಾರಿ ಇಲ್ಲ ಇವ್ರಿಗೆ.,Anger
"ನಾನು ವಿಮೆ ಮರುಪಾವತಿಗೇಂತ ಎಲ್ಲಾ ವೈದ್ಯರು ಮತ್ತೆ ಕಚೇರಿ ಸಿಬ್ಬಂದಿ ಹತ್ರ ಸಹಾಯಕ್ಕೋಸ್ಕರ ಪ್ರಯತ್ನಪಟ್ಟೆ, ಆದ್ರೆ ಅವ್ರ್‌ಯಾರೂ ನಂಗ್ ಸಹಾಯ ಮಾಡ್ಲಿಲ್ಲ.",Disgust
ಪರೀಕ್ಷೆ ಬಗ್ಗೆ ಯೋಚ್ನೆ ಮಾಡ್ದಾಗ್ಲೆಲ್ಲ ಟೆನ್ಷನ್‌ಗೆ ನನ್ ಉಸ್ರಾಟದ್ ವೇಗ‌ ಜಾಸ್ತಿ ಆಗ್ಬಿಡತ್ತೆ.,Fear
ಫೀಸ್‌ ಜಾಸ್ತಿ ಆಗಿರೋದು ನಿಮ್ ಕುಟುಂಬದ್ಮೇಲೆ ಅನಗತ್ಯವಾಗಿ ಹಣಕಾಸಿನ್ ಒತ್ತಡ ಆಗತ್ತೋ ಏನೋ.,Fear
ಜಿ.ಪಿ.ಎಸ್. ಇಲ್ದೇ ಆ ಅಮೆಜಾ಼ನ್ ಕಾಡಲ್ಲಿ ನಾನ್‌ ದಾರಿ ಹುಡುಕ್ಕೊಂಡ್‌ ಆಚೆ ಬರಕ್ಕಾಗತ್ತೋ ಇಲ್ವೋ ಅಂತ ಗಾಬ್ರಿ ಆಗ್ತಿದೆ.,Fear
ಸದ್ಯಕ್ಕೆ ಕಸ್ಟಮೈಸ್ ಮಾಡ್ಬೋದಾದ್ ವಿನ್ಯಾಸಗಳ್ಗೆ ನಮ್ಮಲ್ಲಿರೋ ಆಯ್ಕೆಗಳು ತುಂಬಾ ಕಡ್ಮೆ ಇವೆ. ದಯ್ವಿಟ್ಟು ಕ್ಷಮ್ಸಿ. ನಮ್ಮಲ್ಲಿ ಲಭ್ಯ ಇರೋ ಈಗಾಗ್ಲೇ ವಿನ್ಯಾಸಗೊಳ್ಸಿರೋಂಥವಲ್ಲೇ ಯಾವ್ದನ್ನಾದ್ರೂ ಆಯ್ಕೆ ಮಾಡ್ಬಹುದಾ ನೋಡಿ ಒಂದ್ಸಲ.,Sadness
"ಛಪ್ರಿರ್ಲಾರ್ದ್‌ ಆಟೋದಾಗ್‌ ಕೂತಿದ್ದೆ ರಪಾರಪಾ ಮಳಿ ಹೊಡದು ತೊಯ್ಸಗೊಂಡೆ, ಗಡಾಗಡಾ ನಡಗ್ಕೊತ ನಂಗ್ ತೊಬಾತೊಬಾ ಅನ್ನಸ್ತು.",Sadness
"ಮ್ಯಾನೇಜರ್ ನಂಗೆ ಕಣ್ಣ್ ಹೊಡುದ್ರು, ಆಮೇಲೆ ತುಂಬಾ ವಿಚಿತ್ರವಾಗಿ ನಗ್ತಾ ನನ್ಕಡೆನೇ ನೋಡ್ತಿದ್ರು.. ಥು, ಏನ್‌ ಮನುಷ್ಯನಪ.",Disgust
"ಈ ಆಭರಣದ್ ಕುಸುರಿ ಕೆಲ್ಸ ಜೊತೆಗೆ ಇದ್ನ ಅಪ್ಪಟ ಚಿನ್ನದಿಂದ ಮಾಡಿರೋದು, ಎಲ್ಲ ಸೇರಿ ನಮ್‌ ಮಗಳಿಗೆ‌ ಒಳ್ಳೆ ಸೊಗ್ಸಾಗಿರೋ ಮತ್ತೆ ಬೆಲೆಬಾಳೋಂಥ ಗ್ರಾಜುಯೇಷನ್‌ ಗಿಫ್ಟ್ ಆಗತ್ತಿದು.",Happiness
"ಕಟ್ಬೇಕಿದ್ದಿದ್ದಕ್ಕಿಂತ ಜಾಸ್ತಿ ಬ್ಯಾಂಕಿಂಗ್ ಫೀಸ್ ಕಟ್ಬಿಟಿದ್ದೆ, ಸದ್ಯ ಆ ದುಡ್ಡ್ ವಾಪಸ್ ಬಂದಿದ್ದು ದೊಡ್ಡ್‌ ಸಮಾಧಾನ ಆಯ್ತ್ ಈಗ.",Happiness
ಮೀಟರ್ ಸರಿ ಇರ್ಲಿಲ್ಲ ಅಂತ ೨ ತಿಂಗ್ಳ ಹಿಂದೆ ಎಲೆಕ್ಟ್ರಿಸಿಟಿ ಬಿಲ್ ಅಷ್ಟೊಂದ್ ಜಾಸ್ತಿ ಬಂದಿ‌ದ್ದಿದ್ದು ನಂಗ್‌ ರೇಗ್ಹೋಗಿತ್ತು.,Anger
"ಇಷ್ಟ್‌ ವರ್ಷ ಅಕಿ ಕೆಲ್ಸಾ ಮಾಡ ಪದ್ಧತಿ, ಅಕಿದ್‌ ಜೀವೇ ಕೆಲ್ಸಕ ಮೀಸಲಿಟ್ಟಾಳ ಅನ್ನಂಗ ಇದ್ದಾಳನ್ನದ್‌ ನೋಡಿ ನಂಗ ಖರೆನೇ ಅಗಾಧಾಗ್ತಿತ್ತು; ಅಕಿ ಇದ್‌ ಬಿಟ್ಟಹೋಗ ವಿಚಾರ ಮಾಡ್ತಾಳಂದ್ರನೇ ನಂಬ್ಲಿಕ್ಕಾಗಲ್ಲಾ.",Surprise
"ನೀವ್ ಆರು ವರ್ಷಗಳಿಂದ ಈ ಹುದ್ದೆಲಿದ್ರೂ ಈ ವರ್ಷ ಬಡ್ತಿ ಕೊಡೋಕೆ ನಿಮ್ಮನ್ನ ಪರಿಗಣ್ಸಿಲ್ಲ ಅನ್ನೋದು ನಿಜಕ್ಕೂ ಆಶ್ಚರ್ಯ, ಯಾಕ್‌ ಹೀಗಾಯ್ತು?!",Surprise
ಮುಂದಿನ್ ಭಾನ್ವಾರ ಚೆನ್ನೈಯಲ್ಲಿ ಚಾಂಪಿಯನ್ಸ್ ಹಾಕಿ ಪಂದ್ಯಗಳ್ನ ನೋಡ್ಬೇಕೂಂತ ನಾನ್ ತುದಿಗಾಲಲ್ಲ್‌ ನಿಂತಿದೀನಿ.,Happiness
"ನನ್ ಮಗು ಯಾವಾಗ್ಲೂ ಏಕಾಗ್ರತೆಯಲ್ಲಿರುತ್ತೆ, ಆದ್ರೆ  ಪ್ರದರ್ಶನದ್  ಸಮ್ಯದಲ್ ಅವ್ನು ವೇದಿಕೆಲಿ ಚಡಪಡಿಸ್ತಾ ಇರೋದನ್ ನೋಡ್ ನಂಗ್ ಆಶ್ಚರ್ಯ ಆಯ್ತು.",Surprise
"ಟಿಕೆಟ್ ಕೌಂಟರ್ ತುಂಬಾ ಕೊಳಕಾಗಿ ಗಬ್ಬು ನಾತ ಹೊಡೀತಿದೆ. ನಾನ್ಬೇರೆ ಚೆನ್ನೈಗೆ ಟಿಕೆಟ್ ಬುಕ್‌ ಮಾಡ್ಬೇಕು, ಹೇಗಪ್ಪಾ ಅಲ್ಲ್ ನಿಂತ್ಕೊಳೋದೀಗ?",Disgust
ಈ ವೀಡಿಯೋ ಗೇಮ್ಲಿ ನಾನ್‌ ಊಹೆನೇ ಮಾಡಕ್ಕಾಗ್ದಿರೋ ಒಂದ್ ಟ್ವಿಸ್ಟ್ ಇದ್ಯಂತೆ! ಅದನ್ ಆಡ್ದೆ ಬಿಡಕ್ ಮನ್ಸಾಗ್ತಿಲ್ಲ!,Surprise
"ಗ್ರಾಹಕ್ರ ರಕ್ಷಣೆ ಮೇಲೆ ಹೊಸ ಹಣಕಾಸು ನಿಯಮಗಳು ಎಷ್ಟೆಲ್ಲ ಸಕಾರಾತ್ಮಕ ಪರಿಣಾಮ ಬೀರ್ತಿವೆ, ಹೀಗಾಗೋದು ನಿಜಕ್ಕೂ ಅಪ್ರೂಪ!",Surprise
ಅವ್ರು ಹಳೆ ಪುಸ್ತಕಗಳ್ನ ಇಷ್ಟೆಲ್ಲ ಜಾಸ್ತಿ ಬೆಲೆಗ್ ಮಾರಾಟ ಮಾಡ್ತಿರೋದು ನಂಗಂತೂ ತೀರಾ ಅಸಹ್ಯ ಮತ್ತೆ ಅರ್ಥಹೀನ ಅನ್ಸ್ತು.,Disgust
"ನೀವ್ ಮೀಟಿಂಗ್ಸಲ್ಲೆಲ್ಲ ಹಿಂದುಮುಂದು ನೋಡ್ದೇ ಬೇರೆವ್ರ್ ಬಗ್ಗೆ ನಾಲ್ಗೆ ಹರಿಬಿಡೋದ್‌ ನೋಡುದ್ರೆ ನಿಮ್‌ ಕಸುಬುದಾರಿಕೆ, ಸಂಸ್ಕಾರದ್‌ ಬಗ್ಗೆನೇ ಅನುಮಾನ ಬರ್ತಿದೆ ನಂಗೆ.",Anger
ಸ್ವಲ್ಪನೂ ಕನಿಕರ ಇಲ್ದ್‌ ಹಾಗೆ ಅಕೌಂಟಂಟ್‌ ಕೊಟ್ಟಿರೋ ಹಣಕಾಸು ವರದಿ ನೋಡಿದ್ರೆ ನಮ್‌ ಭವಿಷ್ಯ ಹಾಳ್ ಸುರಿಯೋ ಥರ ಕಾಣ್ತಿದೆ.,Sadness
"ಹೊಲದಲ್ಲಿ ಕೆಲ್ಸ ಸುಲ್ಭ ಆಗ್ಲಿ ಅಂತ ಈ ಮಷಿನ್‌ ತಗೊಂಡ್ಬಂದ್ರೆ ಇದೊಂಚೂರೂ ಚೆನಾಗಿಲ್ಲ, ಇದ್ರಿಂದಾಗಿ ನಮ್‌ ಕೆಲ್ಸ ಎಲ್ಲ ಇನ್ನೂ ನಿಧಾನ ಆಗ್ತಿದೆ, ಈಗ್ ಮತ್ತೆ ಇದುನ್‌ ಸರಿ ಮಾಡಿ ಇದ್ರಿಂದ ಕೆಲ್ಸ ತೆಗೀಬೇಕೂಂದ್ರೆ ನನ್‌ ತಲೆ ಕೆಟ್‌ ಗೊಬ್ರ ಆಗತ್ತಷ್ಟೇ.",Anger
ಏನಂದೆ?! ಈ ಗ್ಯಾಜೆಟ್ ರಿಯಲ್‌-ಟೈಮಲ್ಲಿ ವಿದೇಶಿ ಭಾಷೆಗಳ್ನ ಅನುವಾದ ಮಾಡ್ಬಿಡತ್ತಾ?!,Surprise
ಉದ್ಯಮ್ದಲ್ ಲಾಭಕ್ಕೋಸ್ಕರ ಅವ್ರು ಪರಿಸರದ್‌ ಬಗೆಗಿನ್‌ ನಿಯಮಗಳ್ನ ಪೂರ್ತಿ ಅಸಡ್ಡೆ ಮಾಡ್ತಿರೋದು ನಂಗ್‌ ತಡ್ಕೊಳಕ್ಕಾಗ್ದಷ್ಟ್ ಕೋಪ‌ ಬರ್ತಿದೆ.,Anger
"ನನ್‌ ಇನ್ನೊವೇಟಿವ್‌ ಸ್ಟಾರ್ಟಪ್ಪಿಗಿ ವಿ.ಸಿ. ಬಂಡ್ವಾಳ ಕೊಟ್ಟಾರ, ಅದನೂ ಮೊದ್ಲ ೧೫ ಮಂದಿ ಬ್ಯಾರೆಯವ್ರಿಗಿ ವಲ್ಲಂದ್‌ ಮ್ಯಾಲ ನಂದಕ್ಕ ಒಪಗೊಂಡ್ರು!",Happiness
‌ನಮ್ ಗ್ರಾಹಕ್ರು ನಮ್ಮೇಲ್ ವಿಶ್ವಾಸ ಕಳ್ಕೋತ ಇರೋದು ನಂಗ್ ತುಂಬಾ ಆತಂಕ ಆಗ್ತಿದೆ.,Fear
"ನನ್‌ ಸ್ವಾದರ್‌ ಸೊಸಿಗಿ ಈಗ ಹದಿನೇಳು ವರ್ಷವ, ಆಕಿ ಕರ್ನಾಟಕ್‌ ಸಂಗೀತದ್‌ ಒಂದ್‌ ಕಚೇರಿನೇ ಕೊಟ್ಲು ಮೆಚ್ಚಹಂಗಿತ್ತು ನಾ ಅರೇ ದಂಗಾದೆ.",Surprise
ಕ್ರೀಡಾಪಟುಗಳು ಗೆಲ್ಲೋಕ್ಕೇಂತ ಮಾದಕವಸ್ತುಗಳ್ನ ತಗೊಳೋದ್‌ ನೋಡಿದ್ರೆ ಜುಗುಪ್ಸೆ ಆಗತ್ತೆ ನಂಗೆ.,Disgust
"ಆ ಐ.ಟಿ. ಕಂಪ್ನಿದವ್ರು ಮೊದ್ಲ ತಮ್ ಕೆಲ್ಸದವ್ರಿಗಿ ದುಡಸ್ಗೊಂಡ್‌ ಆಮ್ಯಾಲ್‌ ಒಂಚೂರೂ ನಾಚಿಕಿ ಇರ್ಲಾರ್ದೇ  ತಗದ್‌ಹಾಕ್ಯಾರ, ಇಂಥಾ ದಗಾದ್‌ ಮಂದಿಗಿ ನೋಡಿದ್ರ ನಂಗ ಸಿಟ್‌ ಬೆಂಕ್ಯಾಗ್ತದ.",Anger
ಪ್ರಾಚೀನ್ವಾದ್ ಕೈಲಾಸ ದೇವಸ್ಥಾನದ ಬೃಹತ್‌ ಗಾತ್ರ ನೋಡಿ ನಾನ್‌ ದಂಗಾಗ್‌ ಹೋದೆ!,Surprise
ಸದಾ ಅವ್ರ್ ಉಗ್ರುಗಳ್ನ ಕಡೀತಾ ಇರೋ ಜನ್ರ್ ಬೆರಳ್ಗಳ್ನ ಕಂಡ್ರೇ ನಂಗ್ ವಾಕರಿಕೆ ಬರುತ್ತೆ.,Disgust
ನಂಗ್  ಯಾವತ್ತೂ  ಇಷ್ಟ್  ಕಿರ್ಕಿರಿ ಆಗಿರ್ಲಿಲ್ಲ. ಮತ್ ಯಾವಾಗ್ಲೂ ಕೆಲ್ಸ ಮಾಡ್ತಾ ಇರೋ ಏನೂ  ಸಮಸ್ಯೆ ಬರ್ದೇ ಇರೋ ಒಂದ್ ಫ್ರಿಜ್ ನಂಗ್ ಬೇಕು.,Anger
"ಕ್ಷಮ್ಸಿ, ಆದ್ರೆ ನನ್ ಖಾತೆ ಓವರ್ ಡ್ರಾಫ್ಟ್‌ಲ್ಲಿದೆ, ಈ ತಿಂಗ್ಳ ಕೊನೇ ಒಳ್ಗೆ ನಂಗ್‌ ದುಡ್ಡ್‌ ಕಟ್ಟೋಕಾಗಲ್ಲ ಅನ್ಸತ್ತೆ.",Sadness
ನಾನ್‌ ಜೋಡಿ ಮಾಡ್ಕೊಟ್ ಹುಡ್ಗಿ ಜೊತಿಗೆ ನನ್‌ ಗೆಳೆಯ ಸುತ್ತಾಡೋದ್ ನೋಡಿ ಆ ಚೆಷರ್ ಬೆಕ್ಕು ಹಲ್ಲ್ ಕಿಸ್ಯೋ ಹಂಗೆ ನಕ್ಕೋತ ನಿಂತಿದ್ದೆ ನಾನು.,Happiness
ನನ್ ಫ್ರಿಜ್ ತಣ್ಣಗಾಗೋ  ಬದ್ಲು ಬಿಸಿಯಾಗೋ  ಮೂಲ್ಕ ಚೆನ್ನೈ ಶಾಖಕ್ಕೆ ಸವಾಲ್ ಹಾಕ್ತದೆ ಅಂತ ನಾನ್ ಯಾವಾತ್ತು ಅನ್ಕೊಂಡಿರ್ಲಿಲ್ಲ !,Surprise
ಇವತ್ತಿನ್ ರೇಸಲ್ಲಿ ನಾನ್ ಚೆನ್ನಾಗ್ ಓಡ್ದೇ ಇದ್ರೆ ಕೋಚ್ ನಂಗೆ ಕಪಾಳಮೋಕ್ಷ ಮಾಡ್ತಾರೆ.,Fear
"ಈ ಗೀರ್‌ಗಳು ಮತ್ತೆ ಉಜ್ಜ್‌ಹೋಗಿರೋದ್ನೆಲ್ಲ ಪೂರ್ತಿ ರಿಪೇರಿ ಮಾಡಿ ಚೆನ್ನಾಗ್ ಮಾಡ್ಕೊಟ್ರೇ ಸರಿ, ಇಲ್ದಿದ್ರೆ ಪರಿಣಾಮ ನೆಟ್ಗಿರಲ್ಲ!",Anger
ಯು.ಪಿ.ಐ. ಜಾರಿಗ್‌ ಬಂದಾಗ್ಲಿಂದ ನಾನ್ ಹೊರ್ಗಡೆ‌ ಸಿಕ್ಕಾಪಟ್ಟೆ ದುಡ್ಡ್‌ ಖರ್ಚ್‌ ಮಾಡ್ತಿದೀನಿ.. ನನ್‌ ಖಾತೆಲಿ ಬ್ಯಾಲೆನ್ಸ್ ತುಂಬಾ ಕಡ್ಮೆ ಆಗೋಗಿದೆ.,Sadness
"ಈ ಸೈಬರ್ ದಾಳಿಗಳಲ್ಲಿ ಕೆಲ್ವು ಎಷ್ಟೆಲ್ಲ ಆಧುನಿಕವಾಗಿರತ್ವೆ ಅಂತ ಗೊತ್ತಾಗಿ ಬೆರಗಾಯ್ತು ನಂಗೆ! ಎಚ್ಚರ್ಕೆಯಿಂದ ಇರೋದು, ಜೊತೆಗೆ ಆನ್‌ಲೈನಲ್ಲಿ ನಮ್ಮನ್ನ್ ನಾವು ರಕ್ಷಿಸ್ಕೊಳದು ತುಂಬಾ ಮುಖ್ಯನಪ.",Surprise
ಯಪ್ಪಾಹ್! ನೀವಿಷ್ಟ್‌ ತಿಳ್ದೋರಾಗಿ ಮೂಗು ಬಾಯಿ ಮರೆಮಾಡ್ಕೊಳ್ದೆ ಅಷ್ಟ್‌ ಜೋರಾಗ್‌ ಸೀನ್ತಿದೀರ ಅಂದ್ರೆ ಏನ್ಹೇಳೋದು!,Disgust
ಹ್ವಾದ್ ವರ್ಷ್ ಚೆನ್ನೈನ್ಯಾಗ ಸೂರ್ಯಗ್ರಹಣ್ ನೋಡ್ಬೇಕಂದ್ರ ಮೋಡ ಅಡ್ಬಂದ್ವು ನಂಗ ಭಾಳ ದುಃಖ್ಖಾಗಿತ್ತು.,Sadness
"ಅಂಗ್ಡಿ ಒಳ್ಗೆ ತುಂಬಾ ಕತ್ಲೆ, ಮಬ್ಬು ಮಬ್ಬಾಗಿದೆ.  ಅವ್ನ್‌ ಹಿಂದೆ ನಾವು ಒಳ್ಗಡೆ ಹೋಗೋದ್ಬೇಡ ಅನ್ಸತ್ತೆ. ನೀನ್ ಒಳಗ್ ಹೋಗಿ ಮತ್ತೆ ವಾಪಸ್‌ ಬರ್ದೇ ಇದ್ರೆ ನಾನೇನ್‌ ಮಾಡ್ಲಿ ಆಮೇಲೆ?!",Fear
"ಪ್ರತೀ ಸರ್ತಿ ಆರ್ಡರ್ ಮಾಡ್ದಾಗ್ಲೂ ಫ್ಲಿಪ್ಕಾರ್ಟಿಂದ  ಒಂದಲ್ಲ ಒಂದ್ ತಪ್ಪ್ ಆಗ್ತಾನೇ ಇದೆ, ನಂಗಿನ್ನು ಅವ್ರ್ ಜೊತೆ ಏಗಕ್ಕಾಗಲ್ಲ, ಸಾಕು ಇನ್ಯಾವತ್ತೂ ಅವ್ರ್‌ ಹತ್ರ ಏನನ್ನೂ ತಗೊಳಲ್ಲ ನಾನು.",Anger
"ಈ ವಜ್ರದ್  ಹೊಳಪನ್ ನಂಗ್  ನಂಬಕ್  ಆಗ್ತಿಲ್ಲ! ಅದ್ರ ಚಂದಕ್ಕೆ ನಾನ್ ಮಾರ್ ಹೋಗ್ತಾ ಇದ್ದೀನಿ, ಮತ್ ಅದು  ನನ್ ಬಜೆಟ್ ಅಲ್ಲೇ ಬರುತ್ತೆ .",Surprise
ಟಿವಿ ಕಾರ್ಯಕ್ರಮವೊಂದ್ರಲ್ಲಿ ಜಾದೂಗಾರನೊಬ್ಬ ತನ್ನನ್ ತಾನ್ ಮೇಲಕ್ಕೆತ್ತಿಕೊಂಡಾಗ ನನ್ ಕಣ್ಣುಗಳಿಂದ ನಮ್ಬಲಿಕ್ಕೆ  ಆಗ್ಲಿಲ್ಲ.,Surprise
ನಿಮ್ಮಲ್ಲಿದ್ದ ಅಸಾಧಾರಣ ಸಾಫ್ಟ್‌ ಸ್ಕಿಲ್ಸ್‌ ಮತ್ತೆ ಅವ್ಗಳಿಂದಾಗಿ ನಮ್‌ ಕಂಪ್ನಿಗ್‌ ಆಗಿದ್ದ್ ಲಾಭದ್‌ ಬಗ್ಗೆ ಯೋಚ್ನೆ ಮಾಡಿದ್ರೆ ನಿಮ್‌ ಸ್ಥಾನಕ್ಕೆ ಇನ್ನೊಬ್ರ್‌ ಯಾರ್ನಾದ್ರೂ ಕರ್ಕೊಂಡ್ಬರ್ಬೇಕು ಅಂದ್ರೆ ನಿಮ್ ಹಾಗೆ ಟೀಮ್‌ನ ಲೀಲಾಜಾಲವಾಗ್ ನಿಭಾಯ್ಸೋರ್ನ ಹುಡ್ಕೋದು ಎಂಥ ಸವಾಲಿನ್‌ ಕೆಲ್ಸನಪ್ಪಾ ಅಂತ ಆತಂಕ ಆಗತ್ತೆ.,Fear
ಖಂಡಿತ! ನಿಮ್ ಪಾರ್ಟಿ ಥೀಮ್‌ಗೆ ಹೊಂದ್ಕೆ ಆಗೋ ಥರ ಕೇಕ್ ವಿನ್ಯಾಸನ ಕಸ್ಟಮೈಸ್ ಮಾಡೋ ಬಗ್ಗೆ ಒಂದ್ಸಲ ಮಾತಾಡ್ಬಿಡೋಣ.,Happiness
ನೀವ್ಯಾಕ್ ‌ಪದೇ ಪದೇ ನನ್ ವಯಸ್ಸನ್ನ ನೆನಪಿಸ್ತಾ ಇರ್ತೀರಿ?,Anger
"ಡಿಸೈನರ್‌ ಆಗಿ ನಾವ್‌ ನಮ್‌ ಪ್ರೋಡಕ್ಟ್‌ಗಳ್‌ ಛಂದಿರ್ಲಿ ಅಂತ ಇಷ್ಟೆಲ್ಲಾ ಮಾಡಿರ್ತೀವಿ, ಈ ಕಸ್ಟಮರ್ಗಳ್‌ ಅದ್ರ‌ ಕಡಿಗ್ ಒಂಚೂರ್ ಲಕ್ಷ್ಯಸೈತ ಕೊಡಂಗಿಲ್ಲ.",Sadness
"ಮೊದ್ಲು ನೀವ್ ನಮ್ ಟೂರ್‌ನ ಡಬಲ್-ಬುಕ್ ಮಾಡುದ್ರಿ, ಅದ್ ಸಾಲ್ದೂಂತ ಈಗ ನಾವ್ ನಮ್ ಗೈಡ್‌ನ ಇನ್ನೊಂದ್ ಗುಂಪ್ನೋರ್ ಜೊತೆ ಹಂಚ್ಕೊ‌ಬೇಕು ಅಂತ್ ಹೇಳ್ತಾ ಇದೀರಲ, ಏನ್ ತಲೆ ಕೆಟ್ಟಿದ್ಯಾ ನಿಮ್ಗೆ?",Anger
"ಮೇಕೆ ಅವ್ನ್ ಕೈ ನೆಕ್ತು, ಆಮೇಲೆ ಅವ್ನದ್ನ ತೊಳ್ಕೊಳ್ದೇ ಅದೇ ಕೈಯಿಂದ ಬಿಸ್ಕತ್ ತಿಂತಿದ್ದ.",Disgust
ಮೊದಲ್ನೇ ಸಲ ಶುರು ಮಾಡ್ತಿರೋರ್ಗಿರೋ ಆಯ್ಕೆಗಳ್ ಬಗ್ಗೆ ಒಂದ್ಸಲ ಮಾತಾಡ್ದೇ ನೀವ್ನೀವೇ ಏನೇನೋ ಊಹಿಸ್ಕೊಬೇಡಿ ಅಂತ ನಿಮ್ಗ್‌ ನಾನ್‌ ಹೇಳ್ಹೇಳ್‌ ಸಾಕಾಗೋಯ್ತು.. ನಿಮ್ಗಿದ್ ಇಷ್ಟ ಇಲ್ಲಾಂದ್ರೆ ದಯ್ವಿಟ್ಟು ಇಲ್ಲಿಂದ ಹೋಗ್ಬೋದು.,Disgust
ಇಷ್ಟೊಂದ್‌ ಜನ ಬರೋ ಈ ಅಂಗ್ಡಿಲಿ ಸರ್ಯಾದ್ ಗ್ರಾಹಕ ಸೇವೆನೇ ಇಲ್ದಿರೋದು ನಾಚಿಕ್ಗೇಡು.,Disgust
ನಾವ್‌ ಅಷ್ಟ್‌ ಕಷ್ಟಪಟ್ಟ್‌ ಬಿತ್ತಿರೋ ಬೆಳೆಯೆಲ್ಲ ಆ ಭಯಂಕರ ಬಿರುಗಾಳಿಗಳಿಂದ ಎಲ್ಲ್‌ ಹಾಳಾಗ್ಬಿಡತ್ವೋ ಅಂತ ಹಗಲೂರಾತ್ರಿ ಅದೇ ಚಿಂತೆ ಕಾಡ್ತಿದೆ. ಹೋದ್ಸಲ ನಾವ್ ಎಲ್ಲನೂ  ಕಳ್ಕೊಂಡಿದ್ದ್ ನಿಮ್ಗ್ ನೆನ್ಪಿದೆ ತಾನೇ?,Fear
"ನಾವ್‌ ಹೋಗಿದ್ ಹೋಟೆಲ್ ರೂಮಲ್ಲಿ ಮಾಡಿದ್ದ್ ಅಲಂಕಾರಗಳ್ನೆಲ್ಲ ನಾನು ಮತ್ತೆ ನನ್‌ ಹೆಂಡ್ತಿ ಬಿಟ್‌ ಕಣ್‌ ಬಿಟ್ಟಂಗೇ ನೋಡ್ತಿದ್ವಿ, ಅಷ್ಟ್‌ ಸೊಗ್ಸಾಗಿತ್ತು ಅದು!",Surprise
ಇಸ್ಸೀ... ನನ್ ಸಹಪಾಠಿ ಒಬ್ಬ ಮೂಗಿಗ್ ಬೆರ್ಳ್‌ ಹಾಕಿ ಆಮೇಲದ್ನೇ ಬಾಯ್ಗಿಟ್ಕೊಂಡಿದ್ನೋಡಿ ವಾಂತಿ ಬರೋ ಹಾಗಾಯ್ತು ನಂಗೆ.,Disgust
ತೆರಿಗೆ ವ್ಯವಸ್ಥೆಲಿರೋ ಲೋಪದೋಷಗಳ್ನ ಉದ್ಯಮಿಗಳು ತಾವ್‌ ನ್ಯಾಯವಾಗ್‌ ಕಟ್ಬೇಕಿರೋ ತೆರಿಗೆಯಿಂದ ತಪ್ಪಿಸ್ಕೊಳಕ್‌ ಬಳ್ಸೋದ್ನೋಡುದ್ರೆ ಅವ್ರ್ ಬಗ್ಗೆ ರೇಜಿಗೆ ಆಗತ್ತೆ.,Disgust
"ಅವ್ಳು ಎಲ್ಲೋ ನೋಡ್ತಾ ನನ್‌ ಮೈಸೂರ್‌ ಸಿಲ್ಕ್‌ ಸೀರೆ ಮೇಲೆ ಕೇಕ್‌ ಚೆಲ್ಲ್‌ ಬಿಟ್ಳು, ಅಕ್ಕಪಕ್ಕ ಸ್ವಲ್ಪನೂ ಗಮ್ನ ಇರಲ್ಲ ಇವ್ರಿಗೆ, ಯಾವಾಗ್ಲೂ ಅವ್ರದೇ ಲೋಕ್ದಲ್ಲಿರ್ತಾರೆ.",Anger
"ಇನ್ನೂ ವಯ್ಸಿಗ್‌ ಬಂದಿಲ್ದೆರೋ ನನ್ ಮಗನ್ ಹೆಸ್ರಲ್ಲಿ ಖಾತೆ ತೆಗ್ಯಕ್ಕೆ ಈ ಬ್ಯಾಂಕಲ್ಲಿ ಏನೂ ತಕರಾರು, ತೊಂದ್ರೆ ಆಗ್ದಿದ್ರೆ ಸಾಕಪ್ಪ! ಗಾಬ್ರಿಗ್‌ ನನ್ ಎದೆ ಹೊಡ್ಕೊತಿದೆ.",Fear
ವಿಮಾನದಲ್ಲಿ ಇಬ್ಬರ್ ಪ್ರಯಾಣಿಕರ ಮಧ್ಯೆ ನಾನು ಸಿಕ್ ಹಾಕೊಂಡ್ ಸ್ಯಾಂಡ್ವಿಚ್ ತರ ಆಗಿದ್ದೆ ಯಾಕಂದರ ನನ್ನ ಆರ್ಮರೆಸ್ಟ್ ಕಿತ್ ಹಾಕಿದ್ದರ ಅದಕ್ಕ ನನಗೆ ಬಾಳ ಬೇಜಾರಾಯ್ತು.,Sadness
ಅಯ್ಯಾ ನಮ್ ಹಣೀಬಾರ! ಈ ಊರಿನ್ದ್‌ ದೇಸೀ ಪದ್ಧತಿ ಏನವ ಅಂತ ನೋಡ್ಬೇಕ್‌ ಅಂತನ್ಕೊಂಡ್ರ ಅದಾ ಆಗ್ಲಿಲ್ಲಲಾ.,Sadness
"ಕಾರ್ಪೆಂಟರ್ರು ಕೆಲ್ಸ ಮುಗ್ಸೋ ಮೊದ್ಲೇ ಮಾಡ್ಯುಲರ್ ಅಡ್ಗೆಮನೆಗೆ ಹೇಳ್ದೆ ಕೇಳ್ದೆ ದುಡ್ಡ್‌ ಜಾಸ್ತಿ ಮಾಡ್ಬಿಟಿದಾನೆ, ಸರ್ಯಾಗ್‌ ತರಾಟೆಗ್‌ ತಗೋಬೇಕು ಅವ್ನನ್ನ.",Anger
ಆ ವಿದ್ಯಾರ್ಥಿ ತನ್ ಕುಟುಂಬ್ದೋರ್ಗೆ ತನ್ಕೈಲಿ ಏನೂ ಮಾಡಕ್ ಆಗಿಲ್ಲ ಅಂತ ಪಾಪ ಬೇಜಾರ್‌ ಮಾಡ್ಕೊತಿದ್ದ.,Sadness
"ನಂಗೆ ಯಾವಾಗ್ಲೂ ದಿಕ್ಕ್ ತಪ್ಹೋಗತ್ತೆ, ಯಾಕಂದ್ರೆ ಸುತ್ತಮುತ್ತ ಏನಿದೆ ಅಂತೆಲ್ಲ ಸರ್ಯಾಗ್‌ ಗಮನ್ಸಿರಲ್ಲ ನಾನು, ಏನೂ ನೆನ್ಪೇ ಇರಲ್ಲ ಅತ್ಲಾಗೆ.",Disgust
"ಆ ಪ್ರವಾಸದ್ ಬಸ್ಸಲ್ಲಿ ಪ್ರಯಾಣ ಮಾಡಿದ್ದು ನಂಗ್ಯಾಕೋ ಚೂರೂ ಸರಿನೇ ಹೋಗ್ಲಿಲ್ಲ, ಸ್ವಲ್ಪನೂ ಆರಾಮಿಲ್ಲ ಅದ್ರಲ್ಲಿ, ‌ಹಾಯಾಗ್ ಕಾಲ್‌ ಚಾಚಕ್ಕೂ ಜಾಗ ಇರ್ಲಿಲ್ಲ‌, ತುಂಬಾನೇ ಇಕ್ಕಟ್ಟು.",Anger
"ಇಶ್ಶೀ! ಟೀಚರ್, ಈ ಕೇಶವ್ ಅವ್ನ್ ರಬ್ಬರ್‌ನ ಜಗೀತಾ ಇದಾನೆ.",Disgust
ಸ್ವಿಸ್‌ ಟ್ರೇನ್ಗಳು ಟೈಂ ಅಂದ್ರ ಟೈಂ ಅಂತ ಯಲ್ಲಾರೂ ಹಾಡಿ ಹೊಗಳ್ತಾರ ಅಂಥಾದ್ರಾಗ್ ಅದು ಐದು ನಿಮಿಷ್ ತಡಾಮಾಡ್ ಬಂದದಂದ್ರ ನಂಬ್ಲಿಕ್ಕಾಗಂಗಿಲ್ಲ.,Surprise
ನಾನ್ ಎಷ್ಟ್ ಅರ್ಜಿ ಹಾಕುದ್ರೂ ಅದೆಲ್ಲ ರಿಜೆಕ್ಟ್ ಆಗೋದ್‌ ನೋಡ್ನೋಡಿ ನಂಗ್‌ ಕೆಲ್ಸ ಹುಡ್ಕೊಕ್ ಉತ್ಸಾಹನೇ ಇಲ್ದಂಗಾಗಿದೆ.,Sadness
ನೀವು ಆ ಹಳ್ಸೋಗಿರೋ ತಿಂಡಿ ತಿಂದ್ರಾ?! ವ್ಯಾಕ್!‌,Disgust
ಚೆನ್ನೈ ಹೊರವಲಯ್ದಲ್ಲಿ ಹಸಿರನ್ನ ಮತ್ತೆ ಶುದ್ಧವಾದ್ ನೀರಿನ್ಮೂಲನ ಪುನಃ ಸ್ಥಾಪ್ಸೋ ನನ್ ಪ್ರಯತ್ನಕ್ಕೆ ಹಲ್ವಾರು ವ್ಯಕ್ತಿಗಳು ಧನಸಹಾಯ ಮಾಡಿರೋದು ನಂಗ್‌ ಆನೆಬಲ ಬಂದಂಗಾಗಿದೆ.,Happiness
ಯೇ ಏನ್‌ ಭಾರಿ ಅಂತೀನಿ! ಕಾರಿನ್ ಡ್ಯಾಶ್ಬೋರ್ಡ್‌ ಮ್ಯಾಲ್ ಒಂದ್ ಗ್ಲಾಸ್ ನೀರಿಟ್ರ ಒಂದ್ ಹನಿನೂ ಚಲ್ಲಾರ್ದೇ ದಿಲ್ಲಿ-ಮುಂಬೈ ಎಕ್ಸ್ಪ್ರೆಸ್ವೇ ದಾಟಗೊಂಡ್ಹೋಗ್ಬೌದಲೇ.,Surprise
ಆ ಸ್ಮಶಾನದಿಂದ ರಕ್ತನ್‌ ಹೆಪ್ಪ್ಗಟ್ಸೋಂಥ ಜೋರಾದ್‌ ಕೂಗ್‌ ಕೇಳಿಸ್ದಾಗ ಭಯಕ್ಕೆ ನನ್‌ ಮೈಯೆಲ್ಲ ಮರಗಟ್ಟ್‌ಹೋಯ್ತು.,Fear
"ಬಾಕ್ಸಿಂಗ್ ಪಂದ್ಯ ನಡೀವಾಗ ಆ ಮೈಕ್‌ ಟೈಸನ್ ಎದುರಾಳಿ ಬಾಕ್ಸರ್‌ನ ಕಿವಿನೇ ಕಚ್ಬಿ ಕಿತ್ಹಾಕ್ಬಿಟ್ಟ, ಯಪ್ಪಾ ಅವ್ನೇನ್‌ ನಿಜ್ವಾಗ್ಲೂ ಮನುಷ್ಯನೇ ಹೌದಾ?!",Disgust
ಇಂಡಿಯಾನಾ ಜೋನ್ಸ್ ಆಗಿದ್ನಲಾ ಹ್ಯಾರಿಸನ್ ಫೋರ್ಡ್ ಅವಂದು ಎಲ್ಲಾ ಸಿನ್ಮಾದಾಗಿನ್ ಆಕ್ಟಿಂಗ್‌ ನಂಗ್ ಭಾಳ ಮನಸ್ಸಿಗಿ ಹಿಡಸ್ಯಾವ.,Happiness
"ನಾವ್‌ ಹೋಗಿದ್ದಾಗ ಅಲ್ಲಿನ್ ಸ್ಥಳೀಯ ವಸ್ತುಸಂಗ್ರಹಾಲಯನ ‌ಯಾವ್ದೋ ಖಾಸಗಿ ಕಾರ್ಯಕ್ರಮ ಇತ್ತೂಂತ ಮುಚ್ಬಿಟಿದ್ರು, ಅದನ್ ನೋಡೋ ಅದೃಷ್ಟ ಇರ್ಲಿಲ್ಲ ನಮ್ಗೆ.",Sadness
ಬೆಲೆ ಇಳಿಕೆಯಿಂದ ನಮ್ ಲಾಭದ್ಮೇಲೆ ನಕಾರಾತ್ಮಕ ಪರಿಣಾಮ ಆಗೋ ಸಾಧ್ಯತೆ ಬಗ್ಗೆ ನಂಗ್ ಆತಂಕ ಆಗ್ತಿದೆ.,Fear
ಎಷ್ಟರೇ ಮಳಿ ಹೊಡಿಲಿಕತ್ತದ ನಮಗ್‌ ಕೆಲ್ಸಕ್ಕ ಹೋಗ್ಲಿಕ್ಕಿ ತಡಾ ಆಗ್ಲಿಕತ್ತದ.,Sadness
ಏನ್ರಿ ಇಷ್ಟ್‌ ಜಾಸ್ತಿ ಬೆಲೆ ಹೇಳ್ತಿದೀರ ಎಲ್ಲಕ್ಕೂ! ಅಕ್ಕಪಕ್ಕದ್‌ ಅಂಗ್ಡಿಗಳಲ್ಲೆಲ್ಲ ಇದ್ಕಿಂತ ಕಡ್ಮೆಗೇ ಸಿಗ್ತಿವೆ. ನಂಗ್ ಟೋಪಿ ಹಾಕ್ಬೇಕೂಂತಿದೀರೋ ಹೇಗೆ?,Anger
ಧೂಮಕೇತುಗಳ್  ಮಧ್ಯಯುಗದಲ್ ಪ್ಲೇಗ್ ನಂತಹ ನೈಸರ್ಗಿಕ ವಿಪತ್ತಿನ್  ಜೊತೆ  ಸಂಬಂಧ ಇದೆ  ಅಂತ  ಗೊತ್ತಾದಾಗ್   ನಂಗ್  ಆಘಾತ ಆಯ್ತು.,Sadness
ಆ ಶೇರಿಂಗ್‌ ಆಟೋಗಳ್‌ ನನ್‌ ಎದ್ರ ಅಡ್ಡಾದಿಡ್ಡಿ ಕಟ್‌ ಹೊಡ್ದು ಇನ್ನೇನ ಆಕ್ಸಿಡೆಂಟೇ ಮಾಡ್ತಾವ ಅಂತ ರೇಗೋಗಿತ್ತ್‌ ನಂಗ.,Anger
ವಯಸ್ಸು ಬರೀ ಒಂದ್ ಸಂಖ್ಯೆ‌ ಅಷ್ಟೇ. ನಾನ್ ಯಾವಾಗ್ಲೂ ಚಿಕ್ಕವ್ನು ಅಂತ್ಲೇ ಅನ್ಸತ್ತೆ ನಂಗೆ.,Happiness
ವಾಹ್! ಈ ಪರ್ವತದ್ ತುದಿಯಿಂದ ಕಾಣೋ ನೋಟ ರುದ್ರರಮಣೀಯ!,Surprise
"ನಮ್ ಜೀವ್ನನ ಸುಲಭ ಮತ್ತೆ ಇನ್ನಷ್ಟು ಫಲಕಾರಿಯಾಗ್ಸೋದ್ರಲ್ಲಿ ಕೃತಕ ಬುದ್ಧಿಮತ್ತೆಗಿರೋ ಸಾಮರ್ಥ್ಯದ್ ಬಗ್ಗೆ ನಾನ್‌ ತುಂಬಾ ಕಾತುರದಿಂದಿದೀನಿ. ಅದ್ರ ಬಗ್ಗೆ ತಿಳ್ಕೊಳೊದೂಂದ್ರೆ ಭಾಳ ಆಸಕ್ತಿ, ಕುತೂಹಲ ನಂಗಂತೂ!",Happiness
"ಅಮೆರಿಕದಲ್ಲಿ ಗಾಡಿ ಓಡ್ಸ್‌ ಬಂದ್ಮೇಲೆ, ಇಲ್ಲಿ ಭಾರತದ್‌ ರಸ್ತೆಗಳಲ್ಲಿ ಜನ ಹೇಗಂದ್ರೆ ಹಾಗೇ ಯಡ್ಡಾದಿಡ್ಡಿ ಗಾಡಿ ಓಡ್ಸೋದ್‌ ನೋಡುದ್ರೆ ನಾವ್‌ ರಸ್ತೆಗಿಳ್ಯೋದೇ ಬೇಡ ಅನ್ಸ್‌ಬಿಡತ್ತೆ.",Disgust
ತೆರಿಗೆ ರಿಟರ್ನಲ್ಲಿ ತಪ್ಪ್ ಮಾಡೋದ್ರಿಂದ ಆಗೋ ಪರಿಣಾಮಗಳ್‌ ಬಗ್ಗೆ ನಂಗ್ ತಿಳ್ದಿರ್ಲಿಲ್ಲ.,Fear
"ಸ್ಪೇನ್‌ನಲ್ಲಿ ಟಿಕ್‌ಟಾಕ್ ನೋಡ್ತಿರೋ ಭವಿಷ್ಯಕಾಲದ್‌ ಒಬ್ಬಂಟಿ ವ್ಯಕ್ತಿ ಥರ ಇಡೀ ಭೂಮಿ ಮೇಲೆ ನಾನೊಬ್ನೇ ಇರೋ ಹಾಗೆ, ಎಲ್ರೂ ನನ್ನನ್ನ ಬಿಟ್ಹೋಗಿರೋ ಹಾಗೆಲ್ಲ ಇತ್ತೀಚ್ಗೆ ಭಾರೀ ಭಯಂಕರ ಕನ್ಸ್‌ಗಳು ಬೀಳ್ತಿವೆ ನಂಗೆ.",Fear
ಆ ವ್ಯಕ್ತಿ ನನ್ನನ್ನ ಆ ಥರ ನೋಡ್ದಾಗೆಲ್ಲ ನಂಗ್  ಅಸಹ್ಯ ಅನ್ಸತ್ತೆ. ಸಾಕಾಗೋಗಿದೆ ನಂಗಿದೆಲ್ಲ.,Disgust
ಪ್ರತೀ ಸಲ ಪವರ್‌ ಔಟೇಜ್‌ ಆದ್ಮೇಲೂ ನಾನ್ ಫ್ರಿಡ್ಜ್ ತೆಗ್ದಾಗ ಹಳ್ಸೋಗಿರೋ ಪದಾರ್ಥಗಳ್‌ ಗಬ್ಬು ವಾಸ್ನೆ ಮೂಗಿಗ್‌ ಬಡ್ದು ಮೂರ್ಛೆ ಹೋಗೋ ಥರ ಆಗತ್ತೆ ನಂಗೆ.,Disgust
ನಾ ರಿಟೈರ್ಮೆಂಟ್‌ ಸಲ್ವಾಗಿ ಮಾಡ್ಸಿದ್ ಪ್ಲಾನಿಂದು ಕಿಮ್ಮತ್ತ್‌ ‌ಎಷ್ಟ್ ಕಡಿಮ್ಯಾಗಾದ ಅನ್ನೂದ್ ನೆನಸ್ಕೊಂಡಾಗೆಲ್ಲಾ ನಂಗ್ ಜೀವ ಮರಮರಾ ಅಂತದ.,Sadness
ಬಿಹಾರದಲ್ ನಡ್ಯೋ ಪರೀಕ್ಷೆಗಳ್ನ ನಿರ್ವಹಿಸೋ ಕೆಲ್ಸಾಂದ್ರೇನೇ ನಂಗ್‌ ತಳಮಳ ಶುರುಆಗತ್ತೆ. ಅಲ್ಲಿ ವಿದ್ಯಾರ್ಥಿಗಳು ಏನ್‌ ಮಾಡ್ತಾರೆ ಅಂತ್ಲೇ ಹೇಳೋಕಾಗಲ್ವಂತೆ.,Fear
ಯಾರೋ ಒಬ್ಬಾವ ಎನ್. ಎಸ್.ಇ.ಗ ನೀರ್‌ ಕುಡಸಷ್ಟ್ ಠಕ್ಕ ಇದ್ದಾನ ಅಂತ್ಹೇಳಿ‌ ಈಗ್ ನಾ ಹಾಕಿದ್‌ ರೊಕ್ಕದ್‌ ಕಿಮ್ಮತ್‌ ಕಡಿಮ್ಯಾಗಾದಲಾ ನನ್‌ ಮನ್ಸ್‌ ಕುದೀಲಿಕತ್ತದ.,Anger
ಇಷ್ಟ್‌ ದೂರ ಬರಾಮುಂದ ಕಾರಿನ್‌ ಡ್ರೈವರಿಗಿ ಕರ್ಕೊಂಡ್‌ ಬಂದ್‌ ನಾ ಆರಾಮ್‌ ಮಾಡಿದ್‌ ಮಸ್ತ್‌ ಆತು.,Happiness
"ಆ ಡಬ್ಲ್ಯೂ.ಡಬ್ಲ್ಯೂ.ಇ. ನೋಡೋದಂದ್ರೆ ನಂಗಾಗಲ್ಲಪ್ಪ, ಎಲ್ಲ ಪೂರ್ತಿ ನಾಟ್ಕ ಅನ್ಸುತ್ತೆ.",Disgust
"ಆರೋಗ್ಯ ಕೇಂದ್ರದ್‌ ಬಿಲ್ಲಲ್ಲಿ ಡಾಕ್ಟ್ರು ಮತ್ತೆ ಟ್ರಾನ್ಸ್ಪೋರ್ಟ್‌ಗೆ ಪ್ರತ್ಯೇಕ್ವಾಗ್‌ ದುಡ್ಡ್‌ ಕಟ್ಬೇಕು ಅಂತಿದೆ, ನಾನಿಲ್ಲಿಗ್‌ ಬರ್ಲೇ ಬಾರ್ದಿತ್ತು. ಪೂರ್ತಿ ಹುಷಾರೂ ಆಗಿಲ್ಲ, ದುಡ್ಡೂ ಹೋಯ್ತು.",Sadness
ಸಣ್‌ ಹುಡುಗ್ರ ಸಲ್ವಾಗಿ ಯಷ್ಟರೇ ಥರದ್ ಬ್ಯಾಂಕ್‌‌ ಖಾತಾ ಬರ್ಲಿಕತ್ತಾವಂತ ನೋಡ್ದಾಗೊಮ್ಮಿ ನನ್‌ ಮಗ್ಳ್‌ ಯಷ್ಟ್‌ ಲಗೂಲಗೂ ಬೆಳಿಲಿಕತ್ತಾಳಲಾ ಅಂತ ಹಳ್ಯಾಳಾಗ್ತದ.,Sadness
ನಿಮ್ ಮಗನ್ನ ಮುಂದಿನ್ ತರಗತಿಗ್‌ ಕಳಿಸ್ತಾರೆ ಅನ್ಸ್ತಿಲ್ಲ ನಂಗೆ. ಅವ್ನು ಯಾವ್ದೇ ಪರೀಕ್ಷೆಲೂ  ಒಳ್ಳೆ ಅಂಕ ಪಡ್ಕೊಂಡಿಲ್ಲ.,Sadness
ಅಸಾದ್ಯ! ಈ ಗ್ಯಾಜೆಟ್ ನನ್ ಲೈಟ್ನ ದೂರ್ದಿಂದಲೇ ಆನ್ ಮತ್ ಆಫ್ ಮಾಡುತ್ತ?,Surprise
"ಈ ಸಲನೂ ಮತ್ತೆ ಈ ಕೀಟಗಳ್ ಸಮಸ್ಯೆನ್ ನಿಭಾಯ್ಸ್‌ಬೇಕಲ್ಲ ಅನ್ನೋ ಯೋಚ್ನೆಗೇ ತಲೆಬಿಸಿ ಆಗ್ತಿದೆ ನಂಗೆ. ಹಿಂದೊಂದ್ಸಲ ಮಿಡತೆಗಳು ನಮ್‌ ಫಸಲನ್ನೆಲ್ಲ ಹಾಳ್ಮಾಡಿ ನಾವೆಲ್ಲ ಎಷ್ಟ್‌ ಕಷ್ಟ ಅನ್ಭವಿಸಿದ್ವು, ಎಷ್ಟೆಲ್ಲ ನಷ್ಟ ಆಗಿತ್ತು ಅಂತ ನೆನ್ಪಿದೆ ತಾನೇ?",Fear
"ಯು.ಎಸ್. ಮತ್ತೆ ಯುರೋಪಿನ್ ಮಾರ್ಕೆಟ್ಗಳಲ್ಲಿ ಇತ್ತೀಚ್ಗೆ ಎಲ್ಲಾ ಉಲ್ಟಾ ಹೊಡಿತಿರೋದು, ಜನ್ರೆಲ್ಲ ವಿರುದ್ಧ್‌ವಾಗ್‌ ಮಾತಾಡ್ತಿರೋದ್ ನೋಡ್ತಿದ್ರೆ ನಂಗ್ಯಾಕೋ ಸ್ವಲ್ಪ ಅಳುಕಾಗ್ತಾ ಇದೆ.",Fear
ನನ್ ಎಂಜಿನ್ನಲ್ಲಾಗಿರೋ ತೊಂದ್ರೆನ ಸರಿ ಮಾಡೋದ್ರಲ್ಲಿ ನಂಗ್ ಸಹಾಯ ಮಾಡೋಕೆ ಚೆನ್ನೈಯಲ್ಲಿರೋ ವಿ.ಪಿ. ಎಷ್ಟೆಲ್ಲ ತಿಳ್ಕೊಂಡಿರೋ ಸರ್ವಿಸ್‌ ವ್ಯಕ್ತಿ ಅಂದ್ರೆ ನಂಗಂತೂ ಪೂರ್ತಿ ನಿರಾಳ ಆಗೋಗಿದೆ ಈಗ.,Happiness
"ನಾನು ವೀಳ್ಯದೆಲೆಗಾಗಿ ಎಲ್ಲಾ ಕಡೆ ಹುಡುಕ್ದೆ‌, ಆದ್ರೆ ಅದು ಎಲ್ಲೂ ಸಿಗ್ಲಿಲ್ಲ.",Sadness
ನಮ್ಗೆ ಡ್ರೈವಿಂಗ್‌ ಎಷ್ಟ್ರಮಟ್ಟಿಗ್‌ ಬರತ್ತೆ ಅಂತ ಪರೀಕ್ಷೆ ಮಾಡ್ಕೊಳಕ್ಕಿರೋ ಈ ಸೆಷನ್‌ಗಳಲ್ಲಿ ಎಷ್ಟ್‌ ವಿವರ್ವಾಗ್‌ ಎಲ್ಲನೂ ಹೇಳ್ಕೊಡ್ತಾರೆ ಅಂದ್ರೆ ನಂಗ್‌ ನನ್‌ ಸಾಮರ್ಥ್ಯನ ಅರ್ಥ ಮಾಡ್ಕೊಳಕ್ಕೆ ಮತ್ತೆ ಎಲ್ಲೆಲ್ಲಿ ಇನ್ನೂ ಸುಧಾರಿಸ್ಬೇಕು ಅಂತ ತಿಳ್ಕೊಳಕ್ಕೆ ಇದ್ರಿಂದ ತುಂಬಾ ಸಹಾಯ ಆಯ್ತು.,Happiness
ಎಷ್ಟೆಲ್ಲ ಜನ ಸೈಬರ್ ದಾಳಿಗೆ ಬಲಿಯಾಗಿ ಅವ್ರ್ ವೈಯಕ್ತಿಕ ಮಾಹಿತಿನ ಕಳ್ಕೊಂಡಿದಾರೆ ಅಂತ ಕೇಳಿ ಭಾಳ ಬೇಜಾರಾಯ್ತು ನಂಗೆ.,Sadness
"ಈ ಕಳಪೆ ಸರ್ವಿಸ್ ಬಗ್ಗೆ ನಂಗ್ ಸಿಕ್ಕಾಪಟ್ಟೆ ಸಿಟ್ಟಿದೆ, ನನ್ ಪ್ಯಾಕೇಜ್‌ಗಳ್ನ ಇವ್ರು ಹಾಳ್ಮಾಡಿರೋದು, ಕಳ್ದ್‌ಹಾಕಿರೋದು ಇದೇ ಮೊದ್ಲೇನಲ್ಲ.",Sadness
"ಪಾರಿವಾಳಗಳು ಮನೆ ಒಳಗ್ಬಂದು ಎಲ್ಲ ಗಲೀಜ್ ಮಾಡ್ತವೆ ಅಂತ ಭಯ ಆಗಿತ್ತು, ಅದ್ಕೇ ನಾನ್ ಕಿಟ್ಕಿಗಳ್ಗೆಲ್ಲ ಬಲೆ ಹಾಕ್ಸ್‌ಬಿಟಿದಿನಿ.",Fear
"ನನ್ ಸಹೋದ್ಯೋಗಿ ರಾಜೀನಾಮೆ ಕೊಟ್ಮೇಲೆ ಅವ್ರಿಲ್ದೇ ನಾನ್‌ ಮಾತ್ರ ಇಲ್ಲಿ ಎಚ್‌.ಆರ್.‌ ಹೆಡ್‌ಆಗಿ ಮುಂದ್ವರ್ದಿದೀನಿ, ಆದ್ರೆ ಯಾವಾಗ್ಲೂ ಅವ್ರಿನ್ನೂ ಜೊತೆಗಿದ್ದಿದ್ರೇ ಅಂತ ಹಾತೊರ್ಯೋ ಹಾಗಾಗತ್ತೆ.",Sadness
"ವಾಹ್, ಅದಂತೂ ಅದ್ಭುತ್ವಾಗಿದೆ! ಅದ್ನ ಪ್ರಯತ್ನಿಸೋಕೆ ಕಾಯೋಕಾಗ್ತಿಲ್ಲ ನಂಗೆ!",Surprise
ಬಾಹ್ಯಾಕಾಶ ಕಾರ್ಯಾಚರಣೆಯ ಸಮಯ್ದಲ್ಲಿ ಏನಾದ್ರೂ ತಪ್ಪಾದ್ರೆ ಏನಾಗ್ಬೋದು ಅಂತ ಭಯ ಆಗತ್ತೆ ನಂಗೆ.,Fear
ತೆರಿಗೆ ಫೈಲಿಂಗ್ ಪ್ರಕ್ರಿಯೆ ಅದೆಷ್ಟ್ ಸಂಕೀರ್ಣವಾಗಿದ್ಯಪ್ಪ ‌ಅಂದ್ರೆ ನನ್ ತಲೆ ಕೆಟ್ಟ್‌ ಗೊಬ್ರ ಆಗೋಗಿದೆ!,Anger
"ಅಯ್ಯೋ! ‌ಆ ""ಆದಿಪುರುಷ್"" ನೋಡಕ್ಕೇಂತ ನಮ್ಮನೆಯೋರ್ಗೆಲ್ಲ ಟಿಕೆಟ್ ತಗೊಳಕ್‌ ಮೊದ್ಲು ನಾನ್‌ ನಿನ್ಹತ್ರ ಒಂದ್ಸಲ ಅದ್ಹೇಗಿದೆ ಅಂತ ಕೇಳ್ಕೊಂಡಿದ್ದಿದ್ರೆ ಚೆನಾಗಿರೋದು. ಈಗ್‌ ನಮ್ಮನೆಯೋರು ಅದ್ರಲ್ಲೂ ನನ್ ಹೆಂಡ್ತಿ ಹತ್ರ ಸರ್ಯಾಗ್‌ ಬೈಸ್ಕೊತೀನಿ ಅನ್ಸ್ತಿದೆ.",Fear
ನನ್‌ ಕಾಲ್‌ ನೋವ್‌ ಬಗ್ಗೆ ತೋರ್ಸಣ ಅಂತ ಆಸ್ಪತ್ರೆಗ್ ಹೋದ್ರೆ ಅಲ್ಲಿನ್ ದೊಡ್ ಡಾಕ್ಟ್ರು ನೋಡ್‌ದೇ ಯಾರೋ ಇನ್ನೂ ಕಲೀತಿರೋ ಸಣ್‌ ಡಾಕ್ಟ್ರ ಹತ್ರ ನೋಡ್ಸಿದ್ದು ನಂಗ್ಯಾಕೋ ಸಮಾಧಾನನೇ ಆಗ್ಲಿಲ್ಲ.,Sadness
ಹಿಮಾಚಲ ಪ್ರದೇಶದ್ಯಾಗ ನೆರಿಬಂದು ಅಲ್ಲಿನ್‌ ಮನಿಮಠಾ ಎಲ್ಲಾ ನೀರಾಗ ಕೊಚಗೊಂಡ್ ಹೊಂಟಿದ್ ನೋಡಿ ಎದಿ ಹಿಂಡದ್ಹಂಗಾತು.,Sadness
"ನಮ್‌ ಆಫೀಸಲ್ ಕೆಲ್ಸ ಮಾಡೋರೆಲ್ಲ ಅಯೋಗ್ಯರು, ಎಲ್ರು ನನ್‌ ತಾಳ್ಮೆ ಪರೀಕ್ಷೆ ಮಾಡ್ತಿದಾರೆ ಅನ್ಸತ್ತೆ, ಇದ್ರ್‌ ಪರಿಣಾಮ ನೆಟ್ಗಿರಲ್ಲ.",Anger
ಎರಡು ಸಾವಿರದ ಆರರ ವಿಶ್ವಕಪ್ ಆದ್ಮೇಲೆ ನಾನು ಟಿ.ವಿ.ಲ್‌ ನೋಡಿದ್‌ ಪಂದ್ಯಗಳಲ್ಲೇ ಬೆಸ್ಟಾಗಿತ್ತು ಇದು.,Happiness
"ಉತ್ತಮ ಫಿಟ್ ಅನ್ ಖಚಿತಪಡಿಸಿಕೊಳ್ಳಲು ನೇಮಕಾತಿ ಪ್ರಕ್ರಿಯೆಯು ಸಮಗ್ರವಾಗಿತ್ತು, ಆದ್ರೆ ಈಗ ಇದು ಟೈಮ್  ಮತ್ ರಿಸೋರ್ಸ್ನ ವೇಸ್ಟ್ ಮಾಡಿದೆ ಅಂತ್  ನೀವ್  ನಂಗೆ ಹೇಳ್ತ ಇದ್ದೀರಿ.",Anger
"ಯಾವಾಗ್ಲೂ ನಿಮ್ಮನ್ ನೀವ್‌ ಸಮರ್ಥಿಸ್ಕೊಳೋದ್ನ ಸ್ವಲ್ಪ ಬಿಡಿ,‌ ನಾನ್ ಏನ್ ಹೇಳ್ತಿದೀನೀಂತ ಅಂತ ಸರ್ಯಾಗ್ ಕೇಳುಸ್ಕೊಳದ್‌ ಕಲೀರಿ ಮೊದ್ಲು.",Anger
ಕಳ್ದ ವಾರ ಆರೋಗ್ಯ ಕೇಂದ್ರಕ್ಕೆ   ಕೆಲವ್  ಆಂಬ್ಯುಲೆನ್ಸ್  ಸೇರ್ಸಿದಾಗ್  ನಂಗ್  ತುಂಬಾ ಸಂತೋಷ ಆಯ್ತು.,Happiness
ಆ ಹೋಟೆಲಲ್ಲಿ ಬೆಳಗಿನ್ ತಿಂಡಿ ಹಳೇದಾಗೋಗಿತ್ತು ಮತ್ತೆ ಚೂರೂ ರುಚ್ಯಾಗೂ ಇರ್ಲಿಲ್ಲ ಅಂತ ನಂಗ್ ಅಲ್ಲಿನ್‌ ಅಡ್ಗೆ ಭಟ್ರ್‌ ಮೇಲೆ ನಖಶಿಖಾಂತ ಕೋಪ ಬಂತು.,Anger
ನಾನ್ ಕಪಾಟಲ್ಲಿ ಪುಸ್ತಕಗಳ್ನ ಹಾಗೇ ಬಿಟ್ರೆ ಗೆದ್ಲು ಹತ್ಬಿಡತ್ತೇನೋ ಅಂತ ಭಯ ಆಗ್ತಿದೆ.,Fear
ಓಹ್! ಶ್ಯಾಮ್ ಅಷ್ಟೊಂದ್ ಬೇಗ ಓಡ್ತಾನೆ ಅಂತ ಯಾರಿಗ್ತಾನೇ ಗೊತ್ತಿತ್ತು?!,Surprise
ಈ ಅಂಗ್ಡಿಲಿ ಏ.ಸಿ.ನ ತುಂಬಾ ಇಕ್ಕಟ್ಟಾದ್‌ ಜಾಗ್ದಲ್‌ ಇಟ್ಟಿರೋ ಕಾರಣ ಅದ್ರಿಂದ ಬರ್ತಿರೋ ವಾಸ್ನೆ ತಡ್ಕೊಳಕ್ಕಾಗ್ತಿಲ್ಲ.,Disgust
"ಅಷ್ಟ್ ಸಣ್‌ ಹುಡಗಿ ಕರ್ನಾಟಕ್‌ ಸಂಗೀತ್ದಾಗಿಂದ್‌ ಎಲ್ಲಾ ಸ್ಥಾಯಿಗಳ್ನಾಗ ಧ್ವನಿ ಏರಸಿದ್ರ ನಂಗ ಅಗಾಧ ಆಯ್ತರಿ, ಬಿಟ್ಟಕಣ್ ಬಡಿಲಾರ್ದ್ ಹಂಗ ಸ್ಟೇಜ್‌ ಮ್ಯಾಲ್ ಅಕೀನ್ನೇ ನೋಡ್ಲಿಕತ್ತಿದ್ದೆ.",Happiness
ನನ್ ಇಷ್ಟದ್  ತಿಂಡಿ ಜೊತೆ  ನನ್ ಭೇಟಿಯಾಗಾಕ್  ಬಂದ ಹೊಸ ರೆಸ್ಟೋರೆಂಟ್ನ ಶೆಫ್ ನೋಡಿ ನಂಗ್ ತುಂಬಾ ಖುಷಿ ಆಯ್ತು.,Happiness
"ಲಕ್ಷ್ಮಿ, ನಾವ್ ಸರ್ಯಾದ್ ದಾರಿಲಿ ಹೋಗ್ತಾ ಇದೀವೋ ಇಲ್ವೋ ಅಂತ ನಂಗೊತ್ತಿಲ್ಲ. ಫೋನಲ್ಲಿ ಬೇರೆ ದಾರಿ ತೋರಿಸ್ತಿದೆ, ಆದ್ರೆ ಡ್ರೈವರ್ ತಪ್ಪು ತಿರುವು ತಗೊಂಡಿದಾನೆ.",Fear
ಆ ಹುಡ್ಗನ್ನ ಅವ್ನ್ ಸ್ನೇಹಿತ್ರೆಲ್ಲ ಮೂಲೆಗುಂಪ್‌ ಮಾಡ್ಬಿಟ್ಟು ಪಾರ್ಟಿ ನಡ್ಯುವಾಗ ಪಾಪ ಅವ್ನೊಬ್ನೇ ಅಲ್ಲೆಲ್ಲೋ ಹ್ಯಾಪ್‌ ಮೋರೆ ಹಾಕ್ಕೊಂಡ್‌ ಕೂತಿದ್ದ.,Sadness
"ಸಂಸ್ಥೆ ಒಳ್ಗಿರೋ ಎಲ್ಲಾ ಸವಾಲ್‌ಗಳ್ನೂ ಎದ್ರುಸ್ಕೊಂಡು, ಜೊತೆಗ್ ಉತ್ಸಾಹನೂ ಇಟ್ಕೊಂಡ್‌ ಕೆಲ್ಸ ಮಾಡ್ಬೇಕೂಂದ್ರೆ ನಂಗ್‌ ತುಂಬಾನೇ ಕಷ್ಟ ಅಗ್ತಿದೆ.",Sadness
ನಾನ್ ಅಲ್ಲೇ  ನಿಂತಿದ್ರೂ  ಬ್ಯಾಂಕ್ ಅಧಿಕಾರಿ ಬೇರೆ ಗ್ರಾಹಕ್ರು  ಬಂದ್ರು ಅಂತ್  ನನ್ ನಿರ್ಲಕ್ಷಿಸಿದಾಗ್   ನಂಗ್ ಅವಮಾನ ಆಯ್ತು  ಮತ್ ಕೋಪದಿಂದ್  ಮುಖ ಕೆಂಪಾಯ್ತು.,Anger
"ನಾನ್  ಸ್ವಲ್ಪ ಕೆಲ್ಸ ಮಾಡಿ ಆಮೇಲ್ ನನ್ ಹೋಟೆಲ್ ರೂಮ್ಲಿ  ಸಿನ್ಮಾ ನೋಡ್ಕೊಂಡ್  ಅರಾಮ್ವಾಗಿ ಇರುವ ಅಂತ ಅನ್ಕೊಂಡಿದ್ದೆ,  ಆದ್ರೆ ಈಗ ವೈಫೈಗೆ ಕನೆಕ್ಟ್ ಆಗಕೆ ಆಗ್ತಿಲ್ಲ, ಇದ್ ಯಾಕೋ ನನ್ ಪ್ಲಾನ್ನ ಉಲ್ಟಾ ಮಾಡುತ್ತೆ ಅನ್ಸುತ್ತೆ.",Sadness
"ಈ ಕಂಪ್ನಿದು ವಂಚ್ನೆ ಪ್ರಕರಣಗಳ್ ದಾಖಲೆ ನೋಡುದ್ರೆ ತಲೆ ಕೆಟ್ಟೋಗತ್ತೆ, ಅಷ್ಟೊಂದಿವೆ.",Disgust
ಡಿಸ್ಲೆಕ್ಸಿಯ ಇರೋ ಮಗು ಬಗ್ಗೆ ಭಾವುಕಗೊಳ್ಸೋಂಥ ಆ ಸಿನ್ಮಾ ನೋಡಿ ನಂಗ್‌ ಕಣ್ಣೀರ್‌ ತಡ್ಕೊಳಕ್ಕಾಗ್ಲಿಲ್ಲ.,Sadness
"ಶ್ರೀಲಂಕಾದಲ್ಲಿ ಅಲ್ಲಿನ್‌ ಅಡುಗೆ ಭಾಳ ವಿಶೇಷ ಅನ್ನಿಸ್ತು, ಬೇರ್ಬೇರೆ ಫ್ಲೇವರ್ಸ್‌ನ ಅದೆಷ್ಟ್‌ ಅದ್ಭುತ್ವಾಗ್ ಹೊಂದ್ಸಿ ಹದವಾಗ್‌ ಮಾಡಿದ್ರೂಂದ್ರೆ ಅದ್ರ್ ಕಲ್ಪನೆನೂ ಇರ್ಲಿಲ್ಲ ನಂಗೆ.",Surprise
ನಿಮ್ ಸಂಭ್ರಮಕ್ಕೆ ಪಕ್ಕಾ ಹೊಂದೋ ಥರ ನಿಮ್ ಕೇಕ್ ಮೇಲೆ ಸಿಹಿಯಾದ್‌ ಒಂದ್ ಸಂದೇಶ ಬರ್ಯೋಣ ಇರಿ.,Happiness
"ನೀವು ಪದಾರ್ಥಗಳ್ ಬೆಲೆಗಳ್ನ ಆಗಾಗ್ಗೆ ನೋಡಿ ತಿಳ್ಕೊಳೋಂಥವ್ರಾಗಿ, ಅವ್ಗಳ್‌ ಬೆಲೆಲಿ ವ್ಯತ್ಯಾಸ ಮಾಡಿರೋ ಬಗ್ಗೆ ನಾವ್‌ ಈ ತಿಂಗ್ಳ ಮೊದ್ಲಲ್ಲೇ ನಿಮ್ಗ್‌ ಕಳ್ಸಿದ್‌ ಪಟ್ಟಿನ ನೀವ್‌ ಓದೇ ಇಲ್ಲ ಅಂದ್ರೆ ನಂಗ್‌ ಆಶ್ಚರ್ಯ ಆಗ್ತಿದೆ.",Surprise
"ಏನ್ರಿ ತಿಂಗ್ಳಾತಿಂಗ್ಳಾ ಬರೀ ನನ್‌ ಬಿಲ್ ಜಾಸ್ತಿ ಮಾಡ್ಲಿಕತ್ತೀರಿ, ನಂಗ್ ಬೇಕಾಗಿರ ಸರ್ವೀಸ್‌ ಸೈತ ಕೊಡಲ್ಲಾ. ನಾ ನಿಮ್‌ ಮ್ಯಾಲಿನವ್ರಿಗಿ  ಕಂಪ್ಲೇಂಟ್‌ ಕೊಡ್ತೀನಿ.",Anger
"ಇಂಗ್ಲಿಷ್ ಪ್ರೀಮಿಯರ್ ಲೀಗಲ್ಲಿ ಆಡೋಕೆ ಸುನೀಲ್ ಛೇತ್ರಿಯವ್ರಿಗೆ ಯು.ಕೆ.ಯಿಂದ ಕೆಲ್ಸದ್  ಪರವಾನಗಿ ಸಿಗ್ಲೇ ಇಲ್ವಂತೆ, ನಂಗಿನ್ನು ಆ ಲೀಗ್‌ ನೋಡಕ್ಕೇ ಆಸಕ್ತಿಯಿರಲ್ಲ.",Sadness
"ಅವ್ನಿಗೆ ಫೋನ್ ಕೊಡ್ಬೇಡಿ ಆಯ್ತಾ! ಅವ್ನು ನನ್ದೊಂದು ತಮಾಷೆ ವೀಡಿಯೊ ಏನಾದ್ರೂ  ರೆಕಾರ್ಡ್ ಮಾಡಿದ್ರೆ, ನಾನು ನನ್ನ ಎಲ್ಲಾ ಫಾಲೋವರ್ಸ್‌ನೂ ಕಳ್ಕೋಬೇಕಾಗ್ತದೆ!",Fear
"ಹೇ ಸುಧಾ, ನೀನು ಹೊಸ ಹೇರ್ ಕಟ್ ಮಾಡಿಸ್ಕೊಂಡಿದೀಯ! ನಂಗ್‌ ನಿನ್ ಗುರ್ತೇ ಸಿಗ್ಲಿಲ್ಲ!",Surprise
ಈ ಕ್ರೆಡಿಟ್ ಕಾರ್ಡ್ ಕಂಪ್ನಿಗಳು ಯರ್ರಾಬಿರ್ರಿ ದುಡ್ಡ್ ಕಟ್ಟುಸ್ಕೊಳೋದ್ ನೋಡ್‌ದ್ರೆ ನಂಗ್ ಪಿತ್ತ ನೆತ್ತಿಗೇರುತ್ತೆ.,Anger
ನನ್ಮಟ್ಟಿಗೆ ಸಿನ್ಮಾ ತುಂಬಾ ಉಗ್ರವಾಗಿರತ್ತೇನೋ ಮತ್ತೆ ಹಾಗೆಲ್ಲ ಇದ್ರೆ ನಂಗದ್ನ ನೋಡಿ ತಡ್ಕೊಳಕ್ಕಾಗಲ್ಲ ಅಂತ ಹೆದ್ರಿಕೆ ನಂಗೆ.,Fear
"ನಿಮ್ಮಲ್ಲಿ ಸ್ವಲ್ಪನಾದ್ರೂ ಪ್ರಾಮಾಣಿಕತೆ, ಗೌರವ ಇಲ್ದೇ ಇರೋದ್‌ ನೋಡಿ ನಂಗ್‌ ಜುಗುಪ್ಸೆ ಬಂದ್ಬಿಟಿದೆ.",Disgust
ನಾನ್  ಸಿನ್ಮಾಕ್ಕೆ  ಆಡಿಷನ್ ಕೊಡಕ್  ಪ್ರಾರಂಭಿಸಿದ್  ಕೂಡ್ಲೇ ಕಾಸ್ಟಿಂಗ್ ನಿರ್ದೇಶಕ್ರು  ನನ್ನ ಹೊರ್ಗ್ ಹೋಗೋದಕ್ಕೆ  ಹೇಳ್ದಾಗ ನಂಗ್  ಬೇಜಾರ್ ಆಯ್ತು.,Sadness
"ನಂಗ್‌ ತುಂಬಾ ಇಷ್ಟವಾದ್ ಲೇಖಕ್ರ ಪುಸ್ತಕಗಳ್ನೇ ಉಡ್ಗೊರೆ ಕೊಟ್ಟಿದೀರಲ, ನಿಮ್ಗ್‌ ಹೇಗ್‌ ಗೊತ್ತಾಯ್ತು?! ನಂಗ್‌ ಮಾತೇ ಹೊರಡ್ತಿಲ್ಲ!",Surprise
ಸವಾರಿಗಳ್ನ ಹಂಚ್ಕೊಳಕ್ಕೆ ನಂಗಿಷ್ಟ ಆಗಲ್ಲ. ನನ್‌ ಪಕ್ಕ ಯಾರೋ ಅಪರಿಚಿತ್ರು ಬಂದ್ ಕೂತ್ರೆ ಅವ್ರ್‌ ಉಸಿರಿನ್‌ ವಾಸ್ನೆನ ಸಹಿಸ್ಕೊಳಕ್ಕಾಗಲ್ಲ ನಂಗೆ.,Disgust
"ಡಿಟರ್ಜೆಂಟ್ಗಳ್ನ ಮಾರಾಟ ಮಾಡೋಕ್‌ ಕಂಡ್ಕೊಂಡಿರೋ ಹೊಸ ಉಪಾಯ್ದಲ್ಲಿ ನೀವು ಗೃಹಿಣಿಯರ್ನ ಲೆಕ್ಕಕ್ಕೇ ತಗೊಂಡಿಲ್ವಲ ಅಂತ  ನಂಗ್ ಆಶ್ಚರ್ಯ ಆಗ್ತಿದೆ, ಅವ್ರೇ ತಾನೇ ಅದ್ನ ಜಾಸ್ತಿ ಕೊಂಡ್ಕೊಳೋರು!",Disgust
‌ಅಬ್ಬಬ್ಬೋ! ಈ ಮೊಬೈಲ್ ಪೇಮೆಂಟ್ಗಳ್ ಅದೆಷ್ಟ್‌ ಜಲ್ದಿ ಯೆಲ್ಲಾ ಕಡೆ ಬಂದ್ಬಿಟಾವ್ ನೋಡ್ರಿ.,Surprise
ಬ್ರೇಕ್ಗಳು ಕೆಲ್ಸ ಮಾಡ್ತಾ ಇಲ್ಲ. ನಾವೇನ್‌ ಮಾಡ್ಬೇಕು ಈಗ? ಅಯ್ಯೋ ದೇವ್ರೇ! ಕಾಪಾಡಪ್ಪಾ!,Fear
ನಂಗ್ ನಕಲಿ ಆಭರಣನ್  ನೀವ್ ಕೊಡಲ್ಲ ಅಲ್ಲಾ?  ಈ ಚಿನ್ನದ್  ಸರ ಮಸ್ಕ್ ಆಗಿದೆ  ಮತ್ ನೀವ್  ಅದನ್ ಅಸ್ಲಿ  ಅಂತ  ಕರಿತೀರಾ ?,Anger
ಇವತ್ತು ಅಂಗ್ಡಿ ಮುಚ್ಚಿದಾರೆ ಅಂದ್ರೆ ನಂಗ್ ನಂಬಕ್ಕೇ ಅಗ್ತಿಲ್ಲ! ಇವತ್ತೇನ್ ರಜಾದಿನನೂ ಅಲ್ವಲ್ಲ!,Surprise
ನನ್ ಕಾರ್  ಸರ್ವಿಸ್ ಅದ್ ಮೇಲೆ ಗ್ಯಾರೇಜ್ ಗುಪ್ತ ಶುಲ್ಕಗಳ್  ಮತ್ ಅನಿರೀಕ್ಷಿತ ವೆಚ್ಚನ್ ಮೂಲ ಸರ್ವಿಸ್ ಬಿಲ್ಗೆ ಸೇರ್ಸಲ್ಲ ಅಂತ ನಾನ್ ಅನ್ಕೊಂಡಿದ್ದೇನೆ.,Fear
ಆ ಗಲೀಜ್ ಹುಡುಗ್ರು ಬಗ್ಗೆ ಎಚ್ಚರ್ಕೆ ಇರ್ಲಿ. ಅವ್ರು  ನಮ್ ಆಭರಣಗಳ್ನ ಕದಿಯೋಕೆ ಹೊಂಚ್ತಿದಾರೆ ಅಂತನ್ನಿಸ್ತಿದೆ ನಂಗೆ.,Fear
ಹಾ ಏನ?! ವಾಷಿಂಗ್‌ ಮಷೀನಿಂದ್ ಮೋಟರ್‌ ಮ್ಯಾಲ ಲೈಫ್‌ ಟೈಮ್‌ ವಾರಂಟಿ ಕೊಡ್ಲಿಕತ್ತಾರಂತಾ?! ವಾರೆವ್ಹಾ!,Surprise
"ನನ್ನನ್ನ ನಾನ ದ್ವೇಷಿಸ್ತನೆ, ಯಾಕಂದರ್ ವೈಫಲ್ಯದ್ ಆಲೋಚನೆಯಿಂದ ನಂಗ್ ತುಂಬಾನೇ ಅಸಹ್ಯ ಆಗುತ್ತೆ.",Disgust
ಫೀನಿಕ್ಸ್ ಮಾಲಲ್ಲಿ ಷಾಪಿಂಗ್ ಮಾಡೋವಾಗ ಎಲ್ಲ್ ಪಿಕ್‌ ಪಾಕೆಟ್‌ ಆಗ್ಬಿಡತ್ತೋ ಅಂತ ನನ್‌ ಮನ್ಸಿಗ್ ಯಾವಾಗ್ಲೂ ಕಳವಳ ಆಗ್ತಿರತ್ತೆ.,Fear
"ಇವತ್‌ ಒಬ್ ಕಸ್ಟಮರ್‌ಗ ಒಂದ್‌ ಸಾಮಾನ್‌ ಬೇಕಾಗಿತ್ತು ಭಾಳ ಮಂದಿ ಕೇಳ್ತಾರದಕ್ಕ ಮತ್‌ ಅದ್‌ ಯಲ್ಲಾಕಡೆ ಸಿಗಂಗೂ ಇಲ್ಲ, ನಾ ಅವ್ರಗಿ ಹುಡಕಿಕೊಟ್ಟಿದ್ದಕ್ಕ ಮನ್ಸಿಗಿ ಹಿಗ್ಗ್ ಆಗ್ಯಾದ.",Happiness
ರೆಸ್ಟೋರೆಂಟಲ್ಲಿ ಅಡ್ಗೆಮನೆನ ಒಂಚೂರಾದ್ರೂ ಕ್ಲೀನಾಗ್‌ ಇಟ್ಕೊಂಡಿಲ್ವಲ್ರೀ! ಆ ಕೊಳ್ಕಾಗಿರೋ ಪಾತ್ರೆ ಮತ್ತೆ ಎಲ್ಲ ಹರಡ್ಕೊಂಡು ಗಬ್ಬೆದ್ದಿರೋ ಕೌಂಟರ್‌ಗಳ್ನ ನೋಡ್ತಿದ್ರೆ ಆರೋಗ್ಯ ಇಲಾಖೆಯೋರ್ಗೆ ನಿಮ್ಮೇಲ್ ಕಂಪ್ಲೇಂಟ್‌ ಕೊಡಣ ಅನ್ಸ್ತಿದೆ.,Anger
"ನಾ ಮೊದ್ಲ್‌ ಗ್ಯಾರೇಜಿನ್‌ ವಳಗ್ಹೋಗಿದ್ದೆ ಆದ್ರ ಅಲ್ಲಿ ಭಯಂಕ್ರ ಜಿಗಿಜಿಗಿ ಇತ್ತು, ಹೊಲಸ್ಮಾಡ್ಕೊಳಾರ್ದೆ ಅಲ್ಲಿ ನಿಂದ್ರಲಿಕ್‌ ಆಗಲ್ಲನ್ನ ಹಂಗಿತ್ತು ಹಿಂಗಾಗಿ ಹೊಳ್ಳಿ ಹೊರಗ್ ಬಂದ್ಬಿಟ್ಟೆ.",Disgust
ನಾನ್ ಬಿದ್ದಾಗ ಒಂದ್ ಕಲ್ಲು ನನ್ ಮಂಡಿ ಒಳ್ಗೆ ಆಳವಾಗ್‌ ಹೊಕ್ಕೊಂಬಿಡ್ತು. ಮುಂದಿನ್ ಕೆಲ್ವು ವಾರಗಳ್‌ ಮಟ್ಗೆ ನಂಗ್ ಆಟ ಆಡೋಕ್‌ ಆಗಲ್ವೇನೋ ಅನ್ನಿಸ್ತಿದೆ.,Fear
ಭಾರತ್ದಲ್ಲಿ ಮೀಸಲಾತಿ ಬಗ್ಗೆ ಯಾರಾದ್ರೂ ಮಾತಾಡಿದ್ರೇ ನಂಗ್ ಪಿತ್ತ ನೆತ್ತಿಗೇರುತ್ತೆ.,Anger
"ಒಂದ್ ದೇಶ, ಮತ್ತೊಂದ್ ದೇಶಕ್ಕೆ ಶಸ್ತ್ರಾಸ್ತ್ರಗಳ್ನ ಕೊಟ್ಟು ಆ ದೇಶ್ದಲ್ ಯುದ್ಧ ಆಗೋ ಹಾಗ್‌ ಮಾಡೋದಿದ್ಯಲ್ಲ, ಅದ್ಕಿಂತ ಕೆಟ್‌ ಕೆಲ್ಸ ಇನ್ನೊಂದಿಲ್ಲ. ನಂಗಂತೂ ಅಂಥ ದೇಶಗಳೂಂದ್ರೆ ರೋಷ ಉಕ್ಕುತ್ತೆ.",Anger
"ಯು.ಕೆ.ಗ್ ಹೋದ್ಮೇಲೆ ಎಲ್ಲನೂ ಅಲ್ಲಿನ್ ಕರೆನ್ಸಿಗ್ ಕನ್ವರ್ಟ್ ಮಾಡ್ಕೊಳಕ್ ನನ್ಕೈಲ್ ಆಗತ್ತಾಂತ ನಂಗ್ ಖಾತ್ರಿಯಿಲ್ಲ, ಅದ್ನ ಯೋಚ್ಸುದ್ರೇ ಟೆನ್ಷನ್‌ ಆಗತ್ತೆ.",Fear
ಧನ್ಯವಾದ! ಪರಿಣತಿ ಮತ್ತೆ ವೈಯಕ್ತಿಕವಾಗಿ ಗಮನ ಕೊಡೋದ್ ಬೇಕೂಂದ್ರೆ ಜಾಸ್ತಿ ದುಡ್ಡ್ ಕೊಡ್ಬೇಕಾಗತ್ತೆ ಅಂತ ನಂಗೆ ಈಗ್‌ ಅರ್ಥ ಆಯ್ತು!,Surprise
ಬಾಲಿವುಡ್‌ನ ತವರು ಅಂತ್ಲೇ ಕರೆಯೋ ಮುಂಬೈಯಲ್ಲಿ ರಂಗಭೂಮಿ ಇಷ್ಟ್ರಮಟ್ಟಿಗ್ ಗಟ್ಯಾಗ್‌ ಉಳ್ಕೊಂಡು ಮುಂದ್ವರೀತಾ ಇದೆ‌ ಅಂದ್ರೆ ಅದ್ಕಿಂತ ಆಶ್ಚರ್ಯ ಇನ್ನೊಂದಿಲ್ಲ.,Surprise
ನಾವು ರೆಡಿಮೇಡ್‌ ಫರ್ನೀಚರ್‌ನೇ ಕೊಂಡ್ಕೊಬಹುದು ಅಂದಾಕ್ಷಣ ಕನ್ಸೋ ನಿಜಾನೋ ಅಂತ ರೋಮಾಂಚನ ಆಗೋಯ್ತು ನಂಗೆ!,Surprise
ಮ್ಯಾರಥಾನ್ ಆದ್ಮೇಲೆ ಬೆಸಂಟ್ ನಗರ್‌ ಬೀಚ್ ಪೂರ್ತಿ ಕಸದಿಂದ ತುಂಬೋಗಿದ್ದಿದ್‌ ನೋಡಿ ನಂಗ್ ತುಂಬಾ ನಿರಾಶೆ ಆಯ್ತು.,Sadness
ಜನ್ಮದಲ್ಲೇ ಇಸ್ರೇಲಿ ಸರ್ಕಾರ ಆ ದೇಶದ್ ಸರ್ವೋಚ್ಚ ನ್ಯಾಯಾಲಯದ್ ಅಧಿಕಾರನೇ ಮೊಟಕುಗೊಳ್ಸತ್ತೆ ಅಂತ ನಾನ್ ಅನ್ಕೊಂಡಿರ್ಲಿಲ್ಲ.,Surprise
ಟ್ರಾಫಿಕ್ ಜಾಮ್‌ ಆಗಿದ್ದಾಗ ಎಲ್ರಿಗಿಂತ ಮುಂದೆ ನುಗ್ಗೋ ಭರದಲ್ಲಿ ಜನ ನಾನ್ ನಡ್ಕೊಂಡ್ ಹೋಗ್ತಿದ್ ಫುಟ್ಪಾತ್ಮೇಲೆಲ್ಲ ಗಾಡಿ ಹತ್ಸಿದ್ನೋಡಿ ನಂಗ್‌ ಪಿತ್ತ ನೆತ್ತಿಗೇರಿತ್ತು.,Anger
"ನೋಡ್ಕೊಂಡ್ ಗಾಡಿ ಓಡ್ಸಿ ಅಂತ ನಾನ್ ಅವ್ರಿಗ್‌ ಪದೇ ಪದೇ ಹೇಳ್ತಾನೇ ಇದೀನಿ, ಆದ್ರೆ ಅವ್ರ್ ನನ್ಮಾತ್ನ ಕಿವಿಗೇ ಹಾಕೋತಿಲ್ಲ, ನಂಗ್ ಕೋಪ ಕುದೀತಾ ಇದೆ.",Anger
ತೊಂದ್ರೆಲಿರೋ ಈ ಪ್ರಾಜೆಕ್ಟ್‌ಗೆ ಸಹಾಯ ಮಾಡೋಕ್ಕಂತ್ಲೇ ಸಿ.ಇ.ಒ. ಇವತ್ತೇ ವಿಮಾನ್ದಲ್ಲ್ ಬರ್ತಾ ಇರೋದು ನಿಮ್ಗ್ ಗೊತ್ತಿರ್ಲಿಲ್ವಾ?!,Surprise
"ರೊಕ್ಕಾ ತುಂಬ್‌ಬೇಕಾಗಿರ ಕಡಿ ದಿವ್ಸನೂ ತುಂಬಂಗಿಲ್ಲಾ ಮತ್ ಪುನಾ ಪುನಾ ದಂಡಾ ಕೊಡದೇ ನಡದದ, ಹಿಂಗಾಗಿ ನಂಗ್ ಸಿಡಿಸಿಡಿ ಆಗ್ಲಿಕತ್ತದ.",Anger
"ಕಂಪ್ನಿ ಮುಖ್ಯಸ್ಥ್ರು ಈ ವಿಫಲವಾಗ್ತಿರೋ ಪ್ರಾಜೆಕ್ಟ್‌ನ ಈಗಾಗ್ಲೇ ಕೈತೊಳ್ಕೊಂಡ್ಬಿಟಿದಾರೆ‌ ಅನ್ಸತ್ತೆ, ಅವ್ರು ನಮ್‌ ಸಹಾಯಕ್‌ ನಿಲ್ದೇ ಇರೋದು ನಿಜಕ್ಕೂ ನಾಚಿಕ್ಗೇಡು.",Disgust
ಸಿಕ್ಕಿಂನ ಸ್ಥಳೀಯ ಜನ್ರ ಆತಿಥ್ಯ ಹೀಗೆ ಮನಮುಟ್ಟೋ ಥರ ಇರತ್ತೆ ಅಂತ ನಿಜ್ವಾಗ್ಲೂ ಅನ್ಕೊಂಡಿರ್ಲಿಲ್ಲ.,Surprise
ಆಸ್ಪತ್ರೆಲಿ ನನ್ ರಕ್ತದ್ ಗುಂಪಿಗ್‌ ಹೊಂದ್ಕೆ ಆಗೋ ರಕ್ತ ಸಿಗ್ದೇ ತುಂಬಾ ಕಷ್ಟ ಆಯ್ತು. ನಾನಿದ್ದಿದ್‌ ಪರಿಸ್ಥಿತಿಲಿ ಸರ್ಜರಿ ಆಗ್ಲೇಬೇಕು ಅಂದಿದ್ರು ಡಾಕ್ಟ್ರು.,Sadness
ಎದುರಾಳಿ ತಂಡದ್ ಬಗ್ಗೆ ಕೋಚ್‌ ಆ ಥರ ಅಗೌರವವಾಗ್ ಮಾತಾಡಿದ್ದು ಅಕ್ಷಮ್ಯ.,Disgust
"ಪರಿಶ್ರಮ ಪಡೋರ್ನ ಗುರುತ್ಸಿ ಹುರಿದುಂಬ್ಸೋ ಬದ್ಲು ಕಡೆಗಣ್ಸೋ ಕೆಟ್‌ಬುದ್ಧಿ ಯಾಕೋ ಮೇಲ್ನೋರಿಂದ ಕೆಳಮಟ್ಟದ್‌ ಕೆಲ್ಸ್‌ಗಾರ್ರಿಗೂ ಬರ್ತಿರೋ ಹಾಗಿದೆ, ಈ ಕಂಪ್ನಿಲಂತೂ ತುಂಬಾ ಜನ ಲೀಡರ್ಸ್‌ ಮನಸ್ಥಿತಿ ಹಾಗೇ ಇದ್ಯಪ್ಪ.",Disgust
"ಈಗ್‌ ಹೋಗಿ ಬ್ಯಾಟಿಂಗ್ ಮಾಡೋಕೆ ನಂಗ್ ಹೆದ್ರಿಕೆ ಆಗ್ತಿದೆ. ಮಾಲಿಂಗ ಯಾರ್ಕರ್ಸ್ ಬೌಲಿಂಗ್ ಮಾಡೋಕ್ ಶುರು ಮಾಡಿದಾನೆ, ಅವ್ನ್ ಚೆಂಡು ನನ್ ತಲೆಗ್ ಬಡೀಬೋದು.",Fear
ಆ ಕಸ್ಟಮರ್‌ ಅವ್ರ್ ಕೇಕ್‌ ಎಷ್ಟ್‌ ತೂಕ ಇರ್ಬೇಕು ಅಂತ ಸರ್ಯಾಗ್‌ ಹೇಳ್ತಿಲ್ಲ. ನಾವಾಗೇ ಏನೋ ಮಾಡಿ ಅದು ತಪ್ಪಾದ್ರೆ ಅಂತ ಆತಂಕ ಆಗ್ತಿದೆ ನಂಗೆ.,Fear
ನಾನ್ ಹೊಸ ಬ್ಯಾಂಕ್ಲಿ ಮಗುಗೆ ಖಾತೆನ್ ಓಪನ್ ಮಾಡ್ದಾಗ ನಂಗ್ ಆಶ್ಚರ್ಯ ಆಯ್ತು ಮತ್ ಅವ್ರು ಇನ್ಸೆಂಟಿವ್‌ ಆಗಿ ಹತ್ತು ಪ್ರತಿಶತ ಬಡ್ಡಿನ ಬೇರೆ ಕೊಟ್ರು.,Surprise
ಪುಸ್ತಕ ಮಾರೋರು ನನ್ಹತ್ರ ತಗೊಂಡು ಮತ್ತೆ ಮಾರಕ್ಕಾಗೋಷ್ಟು ನನ್‌ ಹಳೆ ಪುಸ್ತಕ ಒಳ್ಳೆ ಸ್ಥಿತಿಲಿಲ್ವೇನೋ ಅಂತ ಸ್ವಲ್ಪ ಕಳವಳ ಆಗ್ತಿದೆ.,Fear
ನಾಳಿನ್ ಗುಂಪ್ ಚರ್ಚೆಲಿ ಏನಾಗತ್ತೋ ಅಂತ ನಂಗ್ಯಾಕೋ ಸ್ವಲ್ಪ ಭಯ ಆಗ್ತಿದೆ.,Fear
"ವಾಹ್, ಈ ಬಾಡ್ಗೆ ಮನೆಲಿರೋ ವಿಶಾಲ್ವಾದ್ ಹಿತ್ಲು ಜಾಗ ನಾನ್‌ ಅನ್ಕೊಂಡಿದ್ಕಿಂತ ಸಿಕ್ಕಾಪಟ್ಟೆ ದೊಡ್ದಾಗೇ ಇದೆ!",Surprise
ಕೌಟುಂಬಿಕ ಸಮಾರಂಭದಲ್ ನನ್ ತಾಯಿ ನನ್ ದಿವಂಗತ ತಂಗಿನ್  ನೆನಪಿಸಿಕೊಂಡಾಗ್  ನಂಗ್  ದುಃಖ ಆಯ್ತು.,Sadness
ರೋಮನ್ನರೊಂದಿಗಿನ್  ತಮಿಳುನಾಡ್ನ ವ್ಯಾಪಾರದ್ ಕಲಾಕೃತಿಗಳನ್ ವಸ್ತುಸಂಗ್ರಹಾಲಯದಲ್  ನೋಡಿದ್ದಕ್ಕೆ  ನಂಗ್  ತುಂಬಾ ಖುಷಿ ಆಯ್ತು.,Happiness
ಜೋರ್‌ ಮಳಿ ಬೀಳದ್‌ ಕೂಡೆ ಇಲ್ಲಿನ್‌ ನೀರ್‌ ಮತ್‌ ಊಟದ್ ಜೊತೀಗೆ ಬ್ಯಾನಿ ಬರ್ತದ ಅಂತ್ ನಂಗ್ ಚಿಂತಿ ಆಕ್ಕೈತಿ.,Fear
ವ್ಯಾಕ್. ನಿಮ್ ಬೆವ್ತಿರೋ ಕೈಗಳ್ನ ಹಾಗೆ ನಿಮ್ ಷರ್ಟಿಗೆ ಒರೆಸ್ಕೋಬೇಡಿ.,Disgust
ಸಿನ್ಮಾದ್  ಪಾತ್ರಕ್ಕಾಗಿ ಆಡಿಷನ್ ಮಾಡಕ್ಕೆ  ನಾನ್  ಕ್ಯಾಮ್ರಾದ  ಮುಂದ್  ನಿಂತಾಗ ನನ್ ಅಂಗೈ ಒದ್ದೆಯಾದ್ವು ಮತ್ ನನ್ ಹೃದಯ ಬಡಿತ  ಬೇರೆ ಜಾಸ್ತಿ ಆಯ್ತು.,Fear
ಬೀರುಗಳ್ ಆಯ್ಕೆ ಬಗ್ಗೆ ಎಲ್ರ ಹತ್ರನೂ ಚರ್ಚೆ ಮಾಡ್ಬೇಕಂದ್ರೆ ನಂಗೊಂಥರ ಕಸಿವಿಸಿ ಆಗತ್ತೆ.,Fear
"ಇಲ್ಲಿ ಸಾಕುಪ್ರಾಣಿಗಳ್ಗೆ ಏನೂ ತೊಂದ್ರೆ ಆಗ್ದೇ ಅವು ಆರಾಮಾಗ್‌ ಓಡಾಡ್ಕೊಂಡ್‌ ಇರೋಕ್ಕಾಗೋ ಥರ ನಿಯಮಗಳ್ನ ಮಾಡಿರೋದು ಭಾಳ ಅದ್ಭುತ್ವಾಗಿದೆ, ನಾನ್‌ ಖಂಡಿತ ಇದನ್ನ ಊಹಿಸಿರ್ಲಿಲ್ಲ.. ನನ್‌ ಪುಟಾಣಿ ನಾಯಿಮರಿಗೆ ಇಲ್ಲಿದೆಲ್ಲ ಭಾರೀ ಇಷ್ಟ ಆಗತ್ತೆ!",Surprise
ನಾನ್ ಈ ಸಲ ಪ್ರವಾಸಕ್‌ ಬರೋಕಾಗಲ್ಲ. ಭಾನ್ವಾರ್‌ದೊಳ್ಗೆ ಒಂದ್ ಅಸೈನ್ಮೆಂಟ್ ಸಬ್ಮಿಟ್ ಮಾಡ್ಬೇಕಿದೆ ನಾನು.,Sadness
ನನ್‌ ಮಗನಿಗಿ ಮಂದಿಯದ್ರ ಸ್ಟೇಜ್‌ ಮ್ಯಾಲ ನಿಂದ್ರಲಿಕ್ಕಿ ಅಂಜ್ಕ್ಯದ ಹಿಂಗಾಗಿ ಅವಾ ಹಾಡದ್‌ ಬಿಟ್‌ ಬ್ಯಾರೆ ಯಾವ್ದರೆ ಸಣ್ ಕೆಲ್ಸ ಮಾಡ್ಕೊಂತಾನೇನೂ ಅಂತ ನಂಗ ತಳಮಳಾಗ್ತದ.,Fear
"ಭಾನ್ವಾರ ‌ಸಂಗೀತ್ ಕಛೇರಿ ನಡ್ಯೋ ಜಾಗದ್‌ ಹತ್ರ ಪಾರ್ಕಿಂಗ್‌ಗೆ ಅಂತ ಜಾಗ ಹುಡುಕ್ತಿದ್ದೆ, ಒಂದ್‌ ಮೈಲಿವರ್ಗೂ ಹೋದ್ರೂ ಸರ್ಯಾದ್‌ ಜಾಗ ಸಿಗ್ದೇ ಸಾಕ್‌ಸಾಕಾಗೋಯ್ತು.",Sadness
ಕಸ್ಟಮ್-ಮೇಡ್ ಹಾಸಿಗೆಗೋಸ್ಕರ ಅಷ್ಟೆಲ್ಲ ದುಡ್ಡ್‌ ಸುರ್ದು ಆಮೇಲೆ ಅದು ಸ್ವಲ್ಪನೂ ನಾನ್‌ ಅನ್ಕೊಂಡ್‌ ಹಾಗಿಲ್ಲ ಅಂದ್ರೆ ಎಷ್ಟ್‌ ಕೋಪ ಬರ್ಬೇಡ ನಂಗೆ.,Anger
ಆ ಪಾತ್ರನ ಪಡ್ಕೊಳಕ್ಕೆ ಇದು ನಂಗಿರೋ ಒಂದೇ ಅವ್ಕಾಶ ಅಂತ ಗೊತ್ತಿದ್ದಿದ್ರಿಂದ ನಾನ್ ಕಾಸ್ಟಿಂಗ್ ನಿರ್ದೇಶಕ್ರ ಕಚೇರಿ ಒಳಗ್‌ ಕಾಲಿಟ್ಟಾಗ ನನ್ ಎದೆ ಢವಢವ ಹೊಡ್ಕೊತಾ ಇತ್ತು.,Fear
"ಆ ಅಂಗ್ಡಿಯೋನು ಎಷ್ಟ್ ಕಳಪೆ ಬಲ್ಬ್ ಕೊಟ್ಟಿದ್ದಾಂದ್ರೆ ಏನ್ಮಾಡುದ್ರೂ ಹತ್ಕೊಳ್ಲೇ ಇಲ್ಲ ಅದು, ನಾನ್ಹೋಗಿ ಸರ್ಯಾಗ್‌ ತರಾಟೆ ತಗೊಂಡು ಅವ್ನ್‌ ಗ್ರಾಚಾರ ಬಿಡ್ಸ್‌ಬಂದಿದೀನಿ.",Anger
ಆ ಅಕ್ಸೆಸರೀಸ್ ಎಲ್ಲಾ ಸೇರ್ಸಿ ಆ ಗೇರ್ ಸೈಕಲ್‌ಗೆ ಬರೀ ಐದು ಸಾವಿರ ರೂಪಾಯ್‌ ಅಷ್ಟೇ ಆಗಿದ್ದಾ?,Surprise
ನೀವ್ ಅದಾಗ್ಲೇ ಕಳ್ರನ್ನ ಹಿಡ್ದಿದ್ರಿ ಅಂದ್ಮೇಲೆ ಕಳ್ದ್‌ ಅರ್ಧ ಘಂಟೆಯಿಂದ ಸಿ.ಸಿ.ಟಿ.ವಿ. ಕ್ಯಾಮೆರಾದ್ ಬಗ್ಗೆ ಪ್ರಶ್ನೆಗಳ್ನ ಕೇಳಿ ಕೇಳಿ ನಂಗ್ಯಾಕ್‌ ಚಿತ್ರಹಿಂಸೆ ಕೊಡ್ತಿದ್ರಿ ಹಾಗಾದ್ರೆ?!,Anger
ಭಾರಿ ಮಳೆಗೆ  ಪರ್ವತದ್  ಮೇಲೆ ಫಾಸ್ಟ್ ಆಗಿರೋ ಟ್ರಾಫಿಕ್ನಲ್  ಡ್ರೈವ್  ಮಾಡೋವಾಗ ನಂಗ್ ಭಯ ಆಗ್ತಿತ್ತು. ರೋಡ್ ಕೆಲವ್  ಮೀಟರ್  ದೂರ ಮಾತ್ರ ಕಾಣಿಸ್ತಿಸ್ತು.,Fear
"ಒಬ್ಬ್‌ ಕುಡಕ ತನ್‌ ಚಟದ್ಲಿಂದ್‌ ಹೊರಗ್ಬಂದ್ರೂ ಸೈತ ಈ ಸಮಾಜಕ್ಕ ಆತ್ಮ್‌ಸಾಕ್ಷಿ ಬೇಕಲಾ, ಅದ್ ಅವನಿಗಿ ಕಳಂಕ ಹಚ್ಚದ್‌ ನಿಂದ್ರಸಂಗಿಲ್ಲಾ‌.",Disgust
ನಾನ್ ಕ್ಲಬ್ಬಲ್ಲಿ ಜೋರಾಗ್ ಸಂಗೀತ ಕೇಳ್ತಾ ರಾತ್ರಿ ಪೂರ್ತಿ ಕುಣೀತಾನೇ ಇದ್ದೆ. ಆ ಅನುಭವ ಎಷ್ಟ್‌ ಚೆನ್ನಾಗಿತ್ತು ಗೊತ್ತಾ!,Happiness
"ನಾನ್‌ ರಜಾದಿನಗಳ್ನ ಕಳ್ಯೋಕೆ ಅಂತ ಪ್ರವಾಸ ಹೊರ್ಟ್ರೆ ಮೊದ್ಮೊದ್ಲೇ ಆ ಏರ್‌ಲೈನ್‌ನೋರು ನನ್‌ ಲಗೇಜ್ ಕಳ್ದ್‌ಹಾಕಿ ಅಪಶಕುನ ಆದಂಗಾಗೋಯ್ತು, ಏನಕ್ಕೂ ಮನ್ಸಿಲ್ಲ ನಂಗೀಗ.",Sadness
ಆ ತಿಂಡಿನ ಅವ್ರು ನನ್ ಮೇಜಿನ್‌ ಮೇಲಿಟ್ಟ್‌ ತಕ್ಷಣ ಅದ್ರದ್ದೇನೋ ವಿಚಿತ್ರ ವಾಸ್ನೆ ಮೂಗಿಗ್‌ ಬಡ್ದು ಅದ್ರಲ್ಲ್ ಒಂದ್‌ ತುತ್ತು ತಗೊಳಕ್ಕೂ ನಂಗ್‌ ಕೈ ಮುಂದೆ ಬರ್ಲಿಲ್ಲ.,Disgust
"ಯಾವಾಗ್ಲೂ ಬೆಳಿಗ್ಗೆ   ಪೇಪರ್ ಹಾಕೋ ಹುಡ್ಗ ಬಯದಿಂದ್ಲೇ  ಬರ್ತಿದ್ದ ಯಾಕಂದ್ರೆ ನಾಯಿಗಳ್ ಗುಂಪು ಅವನನ್ ಬೆನ್ನಟ್ಟುತಿದ್ವ್ . ಆದ್ರಿಂದ, ಅದ್ರ ಬಗ್ಗೆ ಕ್ರಮಗಳನ್ ತಗೋಬೇಕು ಅಂತ  ಕಾರ್ಪೊರೇಷನ್ಗೆ ಹೇಳಿದ್ದೇನೆ.",Fear
ಅರೆರೇ! ನಡ್ಕೊಂಡ್‌ ಹೋಗೋಷ್ಟ್ ಹತ್ರದಲ್ಲೇ ಶಾಲೆ ಇದೆ ಅಂದ್ರೆ ಭರ್ಜರಿ ಆಯ್ತಿದು! ನನ್‌ ಮಕ್ಳಿಗೆ ಈ ಜಾಗ ಹೇಳ್‌ ಮಾಡಿಸ್ದಂಗಿದೆ.,Surprise
ನನ್‌ ಮಗಾ ಏನ್‌ ಜಬರ್ದಸ್ತ್ ಗಾಡಿ ಹೊಡಿತಾನ್ರೀ! ಒಂದು ಸಾವಿರ ಮೈಲಿಗಿಂತಾ ಹೆಚ್‌ ಅವಾ ವಬ್ಬವ್ನೇ ಗಾಡಿ ನಡಸ್ಯಾನ.,Surprise
ಆ ಮ್ಯೂಸಿಕ್‌ ಟೀಮ್‌ನೋರು ಹಾಡಿದ್ನೇ ಹಾಡು ಕಿಸ್ಬಾಯ್ ದಾಸ ಅನ್ನಂಗ್‌ ಹಾಡಿದ್ರೂ ಜನ ಯಾಕ್‌ ಅವ್ರನ್‌ ಅಷ್ಟಿಷ್ಟ ಪಡ್ತಾರೆ ಅನ್ನೋದೆ ನಂಗ್‌ ತಿಳಿವಲ್ದು.,Disgust
"""""""ಆದಿಪುರುಷ್"""" ಸಿನ್ಮಾ ಟಿಕೆಟ್ ತಗೊಂಡಿದ್ಯಾ.. ನಿಮ್ಮನೆಯೋರೆಲ್ಲ ಅದ್ನ ನೋಡುದ್ಮೇಲೆ ಅವ್ರ್‌ ಹತ್ರ ಸರ್‌ಸರ್ಯಾಗ್‌ ಬೈಸ್ಕೊಳಕ್‌ ರೆಡಿಯಾಗಿರು, ನಿನ್‌ ನೋಡ್ತಿದ್ರೆ ಪಾಪಚ್ಚಿ ಅನ್ಸ್ತಿದೆ.""",Sadness
ಸಂಘದ್ ಸಭೆ ಉದ್ದಕ್ಕೂ ಮಹಿಳಾ ನಿವಾಸಿಗಳಲ್ಲೊಬ್ರು ಇಲ್ಲ್‌ ವಾಸ ಇರೋ ಬೇರ್ಯೋರ್‌ ಮೇಲೆಲ್ಲ ಕಿರ್ಚಾಡ್ತಾ ಇದ್ದಿದ್‌ ಕೇಳಿ ಆ ಕಿರ್ಕಿರಿಗೆ ತಲೆಯೆಲ್ಲ ಧಿಂ ಅಂತಿದೆ.,Disgust
"ಅವ್ರು ವಿಶ್ಲೇಷಣೆಲಿ ಮುಳ್ಗಿದ್ದಾಗ, ಆ ಹಣಕಾಸಿನ್ ದಾಖಲೆಗಳಲ್ಲಿ ಅನಿರೀಕ್ಷಿತ್ವಾಗ್‌ ರಟ್ಟಾಗ್ತಿದ್‌ ಗುಟ್ಟುಗಳಿಂದಾಗಿ ಅವ್ರ್‌ ಮಾತುಕತೆ ಇನ್ನಷ್ಟ್ ಚುರುಕಾಯ್ತು.",Surprise
"ಇತಿಹಾಸ್ದಾಗ ಬೃಹದೀಶ್ವರ ದೇವಾಲಯಕ್ಕ ಭಾಳ ಮಹತ್ವ್‌ ಅದ ಅಂತ ನಂಗ್ ಗೊತ್ತೇ ಇರ್ಲಿಲ್ಲಾ, ಅದಂತೂ ಖರೇನ ಭಾರೀ ನಂಬ್ಲಿಕ್ಕೆ ಆಗಲ್ಲ ಅನ್ನಂಗ್ ಅದ.",Surprise
ಇನ್ನೆರಡ್ ವಾರ್‌ದಲ್ಲಿ ನಂಗೆ ನಿಜ್ವಾಗ್ಲೂ ಮತ್ತೆ ನಡ್ಯೋಕ್ ಸಾಧ್ಯ ಆಗುತ್ತಾ?,Surprise
"ಈ ಊಟಾ ಇಷ್ಟ್‌ ರುಚಿಯದಂತ ಮೊದ್ಲ ಗೊತ್ತೇ ಇರ್ಲಿಲ್ಲಾ; ಮಸಾಲಿಯೆಲ್ಲಾ ಮಸ್ತ್‌ ಹೀರ್ಕೊಂಡ್‌ ಇಷ್ಟ್‌ ಮೆತ್ತಗ ರಸಾರಸಾ ಆಗ್ಯಾದ, ಇಲ್ಲಿತನಾ ನಾ ಇಂಥಾದ್‌ ಯಂದೂ ತಿಂದಿರ್ಲಿಲ್ಲಾ, ಇಷ್ಟ್‌ ರುಚಿ ಇರ್ತದಂತ ಅನ್ಕೊಂಡ್ನೂ ಇರ್ಲಿಲ್ಲಾ.",Surprise
ಇನ್ನರ್ಧ ಗಂಟೆಲಿ ಪಂದ್ಯ ಶುರು ಆಗೋಗತ್ತೆ. ನೀವ್ಯಾರೂ ಇನ್ನೂ ವಾರ್ಮಪ್ ಯಾಕ್ ಆಗಿಲ್ಲ?,Anger
ಯೇ ಹಿಂಗ್‌ ಹಿಮ ಬೀಳ್ಲಿಕತ್ತಾಗ ಅಮೆರಿಕಾದ್‌ ಆ ಸಣ್‌ ಊರಿಗೆ ಗವರ್ಮೆಂಟಿನ್‌ ಗಾಡ್ಯಾಗ್‌ ಹೋಗುದ್ ಬ್ಯಾಡೋಪಾ.. ನಂಗ್ ಹುಷಾರೇ ತಪ್ದಂಗ್‌ ಆಕ್ಕೈತಿ.,Fear
ನನ್ದ್‌ ಇನ್ವೆಸ್ಟ್‌ಮೆಂಟ್‌ ಅಕೌಂಟ್ಗಳ್‌ ಮ್ಯಾಲ ಎಷ್ಟ್‌ ಫೀಸ್‌ ತುಂಬ್ಲಿಕತ್ತೀನಿ ಅಂತ್ ನೋಡಿ‌ ನಂಗ್ ಮಂಕ್ ಹಿಡದ್ಹಂಗಾಗ್ಯಾದ.,Sadness
"ಇವತ್ತು ಕಾರ್‌ ತೊಳ್ಯುವಾಗ ನಂಗ್‌ ಎದುರಾದ್‌ ಸಮಸ್ಯೆಗಳ್ ಬಗ್ಗೆ ಆಶ್ಚರ್ಯ ಆಯ್ತು ನಂಗೆ, ಇವೆಲ್ಲ ಹೀಗಿರತ್ತೆ ಅಂತ್ಲೇ ಗೊತ್ತಿರ್ಲಿಲ್ಲ ಇದುವರ್ಗೂ.",Surprise
"ಈ ಆಸ್ಪತ್ರೆಲಿ ನನ್ ಆರೋಗ್ಯದ್‌ ವಿಷ್ಯವಾಗಿ ನಡ್ಕೊಂಡ್‌ ರೀತಿ ನಂಗೊಂಚೂರೂ ಹಿಡಿಸ್ಲಿಲ್ಲ. ಯಾರೂ ಸರ್ಯಾಗ್‌ ಏನ್ನೂ ಹೇಳಲ್ಲ, ಮಾತೇ ಆಡೋಲ್ಲ ಇಲ್ಲಿ! ಮತ್ತೆ ನನ್ ಆರೋಗ್ಯದ್‌ ಸಮಸ್ಯೆಗಳ್‌ ಬಗ್ಗೆ ಇವ್ರ್ ಹೀಗ್ ನಿರ್ಲಕ್ಷ್ಯದಿಂದ ಇರೋದು ಖಂಡಿತ ಸರಿ ಅಲ್ಲ.",Disgust
ನಂಗೆ  ತೀವ್ರ ಅಗತ್ಯ ಇದ್ದಾಗ  ಸಹಾಯ ಮಾಡಕ್ಕೆ  ಈ ಅಂಗ್ಡಿಲಿ  ಯಾವಾತ್ತು  ಯಾರೂ ಇರಲ್ಲ.,Disgust
"ಹೊಸ ರೆಸ್ಟೋರಂಟಲ್ಲಿ ಊಟ ಮಾಡ್ವಾಗ ಅಲ್ಲೀ ವೇಯ್ಟರ್ರು ನಮ್ ಮನೆಯೋರ್‌ ಜೊತೆ ಅಸಭ್ಯವಾಗ್‌ ನಡ್ಕೊಂಡ, ನಾನ್‌ ಅಲ್ಲೇ ಅವ್ನಿಗ್‌ ಸರ್ಯಾಗ್‌ ಬೈದು ಗ್ರಾಚಾರ ಬಿಡಿಸ್ದೆ.",Anger
"ನಂಗ ಈ ಚಮ್ಕಿಚಮ್ಕಿ ಸೈಕಲ್‌ಗೊಳು ಸ್ವಲ್ಪೂ ಸೇರಂಗಿಲ್ಲಾ ಅವಗಳ್ದು ಡೌಲೇ ಭಾಳಂತನಸ್ತದ, ಹಿಂಗಾಗಿ ನಾ ಅವು ವಟ್ಟಾ ಖರೀದಿ ಮಾಡಂಗಿಲ್ಲಾ.",Disgust
ಅದ್ಭುತ! ಸಿನ್ಮಾ‌ ಈ ಥರ ಕೊನೆಯಾಗತ್ತೆ ಅಂತ ನಾನ್‌ ಖಂಡಿತ ಅನ್ಕೊಂಡಿರ್ಲಿಲ್ಲ. ಮುಂದಿನ್ ಭಾಗಕ್ಕೋಸ್ಕರ ಕಾತರದಿಂದ ಕಾಯ್ತಾ ಇದೀನಿ ನಾನು.,Surprise
"ಷೇರ್ ಮಾರ್ಕೆಟ್ ‌ಈ ಪಾಟಿ ಕುಸ್ದಿರೋದ್ ನೋಡಿದ್ರೆ, ಇನ್ನೊಂದಷ್ಟ್‌ ತಿಂಗ್ಳು ಮಾರ್ಕೆಟ್‌ ಮೇಲೇಳಲ್ವೇನೋ ಅನ್ಸ್ತಿದೆ.",Fear
"ಒಂದ್‌ ತಪ್‌ ಯುಟಿಲಿಟಿ ಬಿಲ್‌ ಬಂದಿತ್ತ‌, ಅದ್ಕ ರೀಫಂಡ್‌ ಕೊಟ್ರು.",Happiness
ನನ್ ಹೆಂಡ್ತಿ ಭಾರತಕ್ ಬಂದಿಳ್ದಾಗ ಆಸ್ಪತ್ರೆಲಿ ಸರ್ಜರಿ ಆದ್ಮೇಲೆ ಅವ್ರ್‌ ತಂದೆ ತೀರ್ಕೊಂಡಿರೋ ವಿಷ್ಯ ಗೊತ್ತಾಗಿ ಏರ್ಪೋರ್ಟಲ್ಲಿ ಅವ್ಳನ್ನ ಹೇಗ್ ಸಂಭಾಳ್ಸೋದು‌ ಅಂತ್ಲೇ ಗೊತ್ತಾಗ್ಲಿಲ್ಲ.,Sadness
ಕಸ್ಟಮರ್‌ ಸಮಸ್ಯೆಗೆ ನಂಗ್  ಪರಿಹಾರನ್  ಹುಡುಕಕ್  ಆಗ್ದೇ ಇದ್ರೆ  ಮತ್ ಅವ್ರು ಅದನ್ ದೊಡ್ಡದಾಗ್ ಮಾಡಿದ್ರೆ  ಏನು ಮಾಡ್ಬೇಕ್ ?,Fear
ಇತ್ತೀಚಿನ್  ದಿನಗಳಲ್ಲಿ ಗ್ಯಾಸ್ ಸಿಲಿಂಡರ್ ತಗೋಳಕ್   ನಾನ್  ಹೆದರ್ತ್ತೇನೆ ಯಾಕಂದ್ರೆ  ಹೆಚ್ಚಿನ್ ಸಿಲಿಂಡರ್  ತುಕ್ಕು ಹಿಡ್ದಿದೆ ಮತ್ ನನ್ ಕೈ ಕುಯ್ದು  ಹೋಗೋ ಅಪಾಯನ್  ನಾನ್ ಬಯ್ಸುದಿಲ್ಲ.,Fear
"ನಂಗ್ ಕತ್ಲೆ ಅಂದ್ರೆ ತುಂಬಾ ಹೆದ್ರಿಕೆನಪ್ಪ, ಸುತ್ತಮುತ್ತ ಏನಿದೆ ಏನಿಲ್ಲ ಒಂದೂ ಗೊತ್ತಾಗಲ್ಲ.",Fear
"ಅಮೆರಿಕದ್ ರೆಸಾರ್ಟಲ್ಲಿ ನಾವ್ ಬುಕ್‌ ಮಾಡಿದ್‌ ರೂಮ್‌ಗಳ್ಗೂ ಆನ್ಲೈನಲ್ ಇದ್ದಿದ್‌ ಅವ್ಗಳ್ ಫೋಟೋಗಳ್ಗೂ ಸ್ವಲ್ಪಾನೂ ತಾಳಮೇಳ ಇರ್ಲಿಲ್ಲ, ಸರ್ಯಾಗ್‌ ಟೋಪಿ ಬಿದ್ವಿ ನಾವಂತೂ.",Sadness
ಇರೋಬರೋರ್ನೆಲ್ಲ ತುಂಬಾ ಕೆಟ್ಟೋರು ಅನ್ನೋ ಥರ ತೋರ್ಸೋ ಕೆಲ್ವು ತಮಿಳು ಟಿ.ವಿ. ಧಾರಾವಾಹಿಗಳೂಂದ್ರೆ ನಂಗಂತೂ ವಾಂತಿ ಬರೋ ಹಾಗಾಗತ್ತೆ.,Disgust
ಹಾಂಗ್‌ಕಾಂಗಲ್ಲಿ ಮೀನ್ ಮಾರ್ಕೆಟ್ಟಲ್  ನಡ್ಕೊಂಡ್ ಹೋಗ್ಬೇಕಾದಾಗ ಅಲ್ಲಿನ್‌ ವಾಸ್ನೆ ಸ್ವಲ್ಪನೂ ತಡ್ಕೊಳಕ್ಕಾಗ್ಲಿಲ್ಲ ನಂಗೆ.,Disgust
"ನಿಮ್ಹತ್ರ ತಗೊಂಡ್ ವಸ್ತುನ ವಾಪಸ್‌ ಕೊಟ್ಟು‌ ಬೇರೆದ್‌ ತಗೊಳಕ್ ಅವ್ಕಾಶ ಇದೆ ಅಂತ ನಿಮ್ ಅಂಗ್ಡಿ ಗುಮಾಸ್ತನೇ ಹೇಳಿದ್ರು ನಂಗೆ, ಅಷ್ಟಾಗ್ಯೂ ನೀವ್ ನನ್ ಮಾತಿನ್ಮೇಲ್ ಅನುಮಾನ ಪಡ್ತಿದೀರ ಅಂದ್ರೆ ಅತಿ ಆಯ್ತು ನಿಮ್ದು, ನಾನೀಗ್ಲೇ ನಿಮ್ ಸ್ಟೋರ್ ಮ್ಯಾನೇಜರ್‌ನ ನೋಡ್ಬೇಕು, ಕರೀರಿ ಅವ್ರ್‌ನ!",Anger
ಬೈಸಿಕಲ್ ಅಂಗ್ಡಿಲಿ ದುಬಾರಿ ಬೆಲೆಯ ಬೈಕನ್ ನೋಡ್  ನಂಗ್ ಸಾಕಾಗ್ ಬಿಡ್ತು. ಅವಗಳನ್ ನೋಡೇ ನಂಗ್ ಸುಸ್ತ್ ಆಯ್ತು.,Disgust
ಆ ಜಾದುಗಾರ ಒಬ್‌ ಮನ್ಷನ್ನೇ ಮಾಯ ಮಾಡಿದ್ನೋಡಿ ನಾ ದಂಗ್‌ ಬಡದ್‌ ಹೋಗಿದ್ನಿ.,Surprise
"ನಾನು ಅವ್ರ್ ಎಷ್ಟೋ ಗೋಲ್‌ಗಳ್ನ ಸ್ಕೋರ್‌ ಆಗದ್ಹಾಗೆ ಮಾಡ್ದೆ, ನಾನಷ್ಟೆಲ್ಲ ಕಷ್ಟಪಟ್ರೂ ಏನೂ ಸಾಕಾಗ್ಲಿಲ್ಲ, ಇನ್ನೊಂದ್ ತಂಡದೋರೇ ಗೆದ್ಬಿಟ್ರು.",Sadness
ದಕ್ಷಿಣ ಭಾರತಕ್ ಹೋದಾಗೆಲ್ಲ ನಾನ್‌ ಬೆಳಗ್ಬೆಳಗ್ಗೆ ಕುಡ್ಯೋ ತಾಜಾ ಕಾಫಿದ್ ಘಮ ಅಂದ್ರೆ ನಂಗ್‌ ಸಿಕ್ಕಾಪಟ್ಟೆ ಇಷ್ಟ.,Happiness
ಅಬ್ಬಬ್ಬಾ! ಈ ಮನೆಲಿರೋ ಎಲೆಕ್ಟ್ರಿಕಲ್‌ ಐಟಂಗಳ್ ಬೆಲೆ ನೋಡೇ ನಂಗ್ ತಲೆಬಿಸಿ ಆಗೋಯ್ತು! ಆದ್ರೆ ಮನೆ ಸುಸಜ್ಜಿತ್ವಾಗಿರ್ಬೇಕೂಂದ್ರೆ ನಾನ್‌ ಸ್ವಲ್ಪ ಎಚ್ಚರ್ಕೆಯಿಂದ ಬಜೆಟ್‌ ಮಾಡ್ಬೇಕು ಅನ್ಸತ್ತೆ.,Surprise
ಬಳಕೆಲಿಲ್ದಿರೋ ಬ್ಯಾಂಕ್‌ ಖಾತೆಗಳಿಂದ ಹಣ ಕದ್ಯೋ ಬ್ಯಾಂಕ್ ಸಿಬ್ಬಂದಿನೂ ಇದಾರೆ ಅಂತ ಗೊತ್ತಾಗಿ ನಂಗ್‌ ಜುಗುಪ್ಸೆ ಆಗೋಯ್ತು.,Disgust
"ಈವೆಂಟ್ ಮ್ಯಾನೇಜರ್ರ  ಪರಿಣತಿಯ ಮೇಲೆ ತುಂಬಾ ನಂಬಿಕೆನ್  ಇಟ್ಟಿದ್ದೆ ಈವೆಂಟ್ ಬಗ್ಗೆ  ಭಾಗವಹಿಸಿದವ್ರ  ಪ್ರತಿಕ್ರಿಯೆ ತುಂಬಾ ನಕಾರಾತ್ಮಕವಾಗಿತ್ತು,  ಆದ್ರೆ ಹೀಗ್ ಆಗುತ್ತೆ ಅಂತ ನಾನ್ ಅನ್ಕೊಂಡಿರ್ಲಿಲ್ಲ.",Sadness
ಈ ಹುಡುಗ್ರು ಅವ್ರ್ ಸಾಕ್ಸ್‌ನೆಲ್ಲ ಪೂರ್ತಿ ಕೆಸ್ರು ಮಾಡ್ಕೊತಾರೆ.. ಆಮೇಲೆ ಮುಂದಿನ್‌ ಪಂದ್ಯಕ್ಕಾದ್ರೂ ಅವನ್ನ ತೊಳೀದೇ ಹಾಗ್ಹಾಗೇ ಹಾಕೊಂಡ್‌ ಬಂದ್ಬಿಡ್ತಾರೆ.,Disgust
"ಕೊರಿಯರ್‌ ಪೇಮೆಂಟ್‌ ಪ್ರಾಸೆಸ್ ತಪ್ಪಾಗಿ ಆ ಸಮಸ್ಯೆ ಬಗೆಹರ್ಸೋಕೆ ಬೇಡದ್ದೆಲ್ಲ ತೊಂದ್ರೆ ಆಯ್ತು. ಎಷ್ಟ್ ಅನಾನ್ಕೂಲ, ತಲೆಬಿಸಿನಪ್ಪ ಇದ್ರಿಂದೆಲ್ಲ.",Sadness
ವಾಹ್! ನೀವಿವತ್ತು ಲಸಿಕೆ ಹಾಕಿಸ್ಕೊಂಡ್ರೂ ನಿಮ್ಗೆ ಯಾವ್ದೇ ಜ್ವರ ಅಥ್ವಾ ನಿಶ್ಶಕ್ತಿ ಆಗಿಲ್ಲ ಅಂದ್ರೆ ನಿಮ್ಗೆ ಭಾರೀ ಒಳ್ಳೆ ರೋಗನಿರೋಧಕ ಶಕ್ತಿ ಇರ್ಬೇಕು!,Surprise
ನನ್ ಮಗ್ಳು ಪದ್ಮಾ ಆಟದಲ್ಲೆಲ್ಲ ತುಂಬಾ ಚೂಟಿ.. ಚುರ್ಕಾಗಿದಾಳೆ. ಹೋದ್ವರ್ಷ ನೂರು ಮೀಟರ್ ಓಟದ್ ಸ್ಪರ್ಧೆಲಿ ಮೊದಲ್ನೇ ಸ್ಥಾನ ಪಡ್ದಿದ್ಳು ಅವ್ಳು.,Happiness
ರಾತ್ರಿ ‌ನಾನ್‌ ಸಾಮಾನ್ಯವಾಗ್‌ ಹೋಗೋ ದಾರಿ ಅಲ್ದೇ ನಂಗ್ ಗೊತ್ತಿಲ್ದೇ ಇರೋ ಬೇರೆ ದಾರಿಲ್ ಹೋದ್ರೆ ದಾರಿ ತಪ್ತಿನೇನೋ ಅಥ್ವಾ ಅಲ್ಲ್ ಯಾರಾದ್ರೂ ಕಳ್ರು ಇರ್ತಾರೇನೋ ಅಂತ ಭಯ ಆಗತ್ತೆ.,Fear
ಇಂಥ ಶ್ರೇಷ್ಠ ಕಲಾಕೃತಿಗಳ್‌ ಬಗ್ಗೆ ಸರ್ಯಾದ್ ಸಂಶೋಧನೆ ಮತ್ತೆ ಅರ್ಥವಿವರಣೆ ಮಾಡೋದಾಗ್ಬೇಕೇ ಹೊರ್ತು ಬರೀ ಮಾಮೂಲಿ ಪ್ರವಾಸಿಗರ ಗುಂಪನ್ನ ತೃಪ್ತಿಪಡ್ಸೋಂಥ ಅರೆಮನಸ್ಸಿನ್ ಪ್ರಯತ್ನಗಳಲ್ಲ‌.,Anger
"ಹೇ ಏನಂತಿ ನನ್‌ ಕನಸ್ನ್ಯಾಗ್ ಶಂಕರಾಚಾರ್ರು ಬಂದಿದ್ರು, ನಾ ಅವ್ರನ್‌ ಕಂಡ್ ಅವಾಕ್ಕಾಗ್‌ ನಿಂತ್ಬಿಟ್ಟಿದ್ನಿ.",Surprise
ವಾಹ್! ಅವ್ರು ಈಗಾಗ್ಲೇ ಬಳ್ಸಿರೋ ಪುಸ್ತಕಗಳ್ನೂ ಮಾರಾಟ ಮಾಡ್ತಾರಾ? ಅವ್ರು ಅವ್ಗಳ್ನೆಲ್ಲ ಮಾರ್ತಾರೆ ಅಂತ ನಾನ್ ಅನ್ಕೊಂಡಿರ್ಲಿಲ್ಲ.,Surprise
ಷೇರು ಮಾರುಕಟ್ಟೆಲಿ ಆಂತರಿಕ ವ್ಯಾಪಾರ ಮತ್ತೆ ಮಾರುಕಟ್ಟೆ ಕುತಂತ್ರ ಇನ್ನೂ ನಡೀತಾನೇ ಇದೆ ಅನ್ನೋದು ನಿಜಕ್ಕೂ ಅಸಹ್ಯ ಆಗತ್ತೆ. ಇದು ಸ್ಪಷ್ಟವಾಗಿ ಅಧಿಕಾರದ್ ದುರುಪಯೋಗನೇ ಹೌದು.. ಜೊತೆಗೆ ಇದ್ರಿಂದ ಮಾರುಕಟ್ಟೆಯ ಋಜುತ್ವನೇ ಹಾಳಾಗ್ಬಿಡತ್ತೆ.,Disgust
ಹುರ್ರೇ! ಪುಸ್ತಕಕ್ಕೋಸ್ಕರ ನಾನ್‌ ಪ್ರೀ-ಆರ್ಡರ್ ಮಾಡಿ‌ದ್ದಿದ್ದು ಕನ್ಫರ್ಮ್ ಆಗಿದೆ. ಈ ಪುಸ್ತಕಕ್ಕಾಗೇ ಕಾಯ್ತಿದ್ದಿದ್ದು ನಾನು.,Surprise
ಈ ವಾರದೊಳ್ಗೆ ನಾನು ನನ್ ಕೆಲ್ಸನೆಲ್ಲ ಮುಗ್ಸಿದ್ರೆ ಒಂದ್ ತಿಂಗ್ಳು ರಜೆ ತಗೋಳ್ಬೋದು ಅಂತ ಸರ್ ಹೇಳಿದ್ರು!,Happiness
ಅಲೆದಾಡೋ  ಕ್ಷುದ್ರಗ್ರಹದಿಂದ್  ಭೂಮಿ ನಾಶ ಅಗ್ಬೋದು  ಅಂತ ಯೊಚ್ಸಕೆ  ನಂಗ್ ಭಯ ಆಗುತ್ತೆ.,Fear
ಅಲ್ಲಾ ಮಂದಿ ಕ್ರೆಡಿಟ್ ಕಾರ್ಡಿನ್ ಬಡ್ಡಿ ಮ್ಯಾಲ್ ಇಷ್ಟೊಂದ್ ಖರ್ಚ್‌ ಮಾಡ್ಲಿಕ್ ತಯಾರಾಗ್ಯಾರಾ ಯಾಕಂತ ನಂಗ್ ತಿಳೀವಲ್ದು.,Surprise
ಅವ್ರು ನನ್ ದಾಖಲೆಗಳ್ನೆಲ್ಲ ಪರಿಶೀಲ್ಸಿ ಬರೀ ಐದು ನಿಮಿಷ್ದಲ್ಲಿ ಅರ್ಜಿನ ಅನುಮೋದಿಸ್ಬಿಟ್ರು!,Surprise
ನೆಲದಡಿಲಿರೋ ನೀರಿನ್‌ ಪೈಪಿಂದ ಮನೆಗ್‌ ಕನೆಕ್ಷನ್‌ ತಗೊಳ್ವಾಗ ಸೋರೋದೋ ಅಥ್ವಾ ಬೇರೆ ಏನೂ ತೊಂದ್ರೆ ಆಗ್ದೇ ಇರೋ ಥರ ಮಾಡ್ಬೇಕೂಂದ್ರೆ ಅದು ಎಷ್ಟ್ ಸವಾಲಿನ್‌ ಕೆಲ್ಸಾಂತ ನಂಗದೇ ಯೋಚ್ನೆ ಆಗಿದೆ.,Fear
"ಕೆಲ್ವು ಗ್ರಾಹಕ್ರು ಅದೆಷ್ಟ್ ಕಿರಿಕಿರಿ ಮಾಡ್ತಾರೆ! ನೆನ್ನೆ ಗೇಟ್ ಹತ್ರ ಜೋರಾಗ್ ಕೂಗಾಡ್ತಾ, ನನ್ ದಾರಿಗ್‌ ಅಡ್ಡ ಹಾಕಿ ನಂಗ್ ಮನೆಗ್ ಹೋಗೋಕೇ ಬಿಡ್ಲಿಲ್ಲ!",Anger
ಈ ಬಾಗ್ಲು ಈ ರೀತಿ ಕಚ್ ಕೊಂಡಿದ್ರೆ ನಂಗ್ ಹೋಟೆಲ್ನಿಂದ ಹೊರಗ್ ಬರಕ್ ಸಾಧ್ಯ ಆಗುತ್ತಾ ಇಲ್ವಂತ   ನಿಜ್ವಾಗ್ಲೂ  ಚಿಂತೆ ಆಗಿದೆ.,Fear
ನಾವು ದೇಣಿಗೆಗಳ್ ಬಗ್ಗೆ ಚರ್ಚೆ ಮಾಡಿ ಒಪ್ಕೊಂಡಿದ್ ಒಪ್ಪಂದದಿಂದ ನೀವೀಗ ಹಿಂದೆ ಸರೀತಾ ಇದೀರಿ ಅಂದ್ರೆ ನಂಬ್ಕೆನೇ ಬರ್ತಿಲ್ಲ ನಂಗೆ! ಹೀಗ್‌ ಮಾಡ್ಬೋದೇನ್ರಿ ನೀವು?!,Anger
ಯಬ್ಬೇ.. ಒಂದ್ ದಿನ ಒಬ್ಬ ವಿದ್ಯಾರ್ಥಿ ಅವ್ನ್ ಕೈಯಿಂದ ಮೂಗಲ್ಲಿ ಸಿಂಬ್ಳ ತೆಗ್ದು ಅದ್ನ ಉತ್ತರ ಪತ್ರಿಕೆ ಮೇಲೆ ಒರ್ಸಿದ್ದನ್ನ ನೋಡಿದ್ದೆ ನಾನು.,Disgust
"ದೊಡ್ದೊಡ್ ಆಸ್ಪತ್ರೆಗಳಲ್ಲಿರೋ ಡಾಕ್ಟ್ರೆಲ್ಲ ಏನಕ್ಕೂ ಪ್ರಯೋಜ್ನ ಇಲ್ಲ, ಆದ್ರೂ ಒಂದ್ರಾಶಿ ದುಡ್ಡ್‌ ಕಿತ್ಕೋತಾರೆ ಮತ್ತೆ ಅದ್ಕ್‌ ತಕ್ಕಂಗೆ ಏನೇನೋ ನೂರಾರ್‌ ಟೆಸ್ಟ್‌ಗಳೂಂತ ಎಲ್ಲ ಥರದ್ ನಾಟ್ಕನೂ ಆಡ್ತಾರೆ.",Anger
ಹೆಸರಾಂತ್  ಆಸ್ಪತ್ರೆ ಹೆಚ್ಚಿನ್  ಹಣನ್ ಗಳ್ಸಸಕ್ಕೆ  ಸುಮ್ ಸುಮ್ನೆ  ರೋಗಿಯನ್ ದಾಖಲಿಸ್ತಾ  ಇರೋದನ್ ನೋಡ್ತಾ ಇರೋದಕ್ಕೆ  ಅಸಹ್ಯ ಆಗ್ತಿದೆ.,Disgust
"ನಂಗೆ ಆ ಪ್ಯಾಕೇಜ್‌ ಅರ್ಜೆಂಟಾಗ್‌ ಬೇಕು, ಆದ್ರೆ ಕೊರಿಯರ್ನೋರು ಅದ್ನ ಡೆಲಿವರಿ ಮಾಡೋದ್ ತಡ ಆಗ್ಬೋದು ಅಂತ ಕಳವಳ ಆಗ್ತಿದೆ.",Fear
ನಾನ್ ಕಸ್ಟಮರ್ ಕಾಲ್ ಅನ್ ತಗೋಳಲ್ಲ ಯಾಕಂದ್ರೆ  ನಾನ್ ಇನ್ನೂ ಅವ್ರ ಪಾರ್ಸೆಲ್ನ ಕಳ್ಸೆ ಇಲ್ಲ.,Fear
"ನನ್‌ ಪಕ್ಕದ್‌ ಮನೆಯೋನು ಯಾವತ್ತೂ ತೆರಿಗೆ ಕಟ್ಟಲ್ಲ, ಅಲ್ದೇ ಅದ್ನ ಬೀದಿಯೋರ್ಗೆಲ್ಲ ಸಾರ್ಕೊಂಡು ದೊಡ್ಡ್‌ ಸಾಧ್ನೆ ಮಾಡ್ದೋರ್‌ ಥರ ಕೊಚ್ಕೊಳೋದ್‌ ಬೇರೆ.. ಇನ್ನದೆಷ್ಟ್‌ ಮಾನಗೆಟ್ಟೋನ್‌ ಇರ್ಬೇಕ್ ಅವ್ನು.",Disgust
ನನ್ ಬಗ್ಗೆ ನಿಮ್ ಇತ್ತೀಚಿನ್ ನಡವಳಿಕೆ ಸರಿ ಇಲ್ಲ.‌ ನಂಗಿದು ತುಂಬಾ ಕಿರಿಕಿರಿ ಆಗ್ತಿದೆ.,Anger
ಪಕ್ಕದ್ ಮನೆಯವ್ರು ಅಷ್ಟ್ ಸಣ್ ವಿಷ್ಯಕ್ಕೆ ನಂಗ್ ಅವ್ಮಾನ ಆಗೋ ಹಾಗ್‌ ಮಾತಾಡಿದ್ದು ನಮ್ಮನೆಯೋರ್ಗೆಲ್ಲ ತುಂಬಾ ಬೇಜಾರಾಯ್ತು.,Sadness
ಪ್ರದರ್ಶನಗಳೆಲ್ಲ ಮನಸೂರೆಗೊಳ್ಳೋ ಹಾಗಿವೆ! ವಿಶೇಷ್ವಾಗಿ ಪ್ರಾಚೀನ ನಾಗರಿಕತೆಗಳ್ಗೆ ಸಂಬಂಧ್ಸಿರೋವು!,Surprise
ಖಾಸ್ಗಿ ಲೇವಾದೇವಿಯವ್ರು ತಮಗ ಫಾಯಿದಾ ಆದ್ರ ಸಾಕಂತ ಹೆಂಗ ಬಡ್ಡಿಮ್ಯಾಲ್ ಕೈವಾಡ್ ಮಾಡ್ತಾರ್ ನೋಡ್ರಿ.,Disgust
ಹೈದರಾಬಾದ್ ಸ್ವಾಂಕ್ ಹೋಟೆಲಲ್ಲಿ ಜಿಮ್ ಬಳ್ಸಿದ್ದೆ ಅಂತ ನಂಗ್ ಜಾಸ್ತಿ ಚಾರ್ಜ್‌ ಮಾಡಿದ್ರು. ಎಲ್ರನ್ನೂ ತರಾಟೆಗ್‌ ತಗೊಂಡು ಆಕಾಶ ಭೂಮಿ ಒಂದ್‌ ಮಾಡ್ಬಿಟ್ಟೆ ನಾನು! ಏನ್‌ ಅವ್ರಾಡಿದ್ದೇ ಆಟ ಅನ್ಕೊಂಡ್ಬಿಟಿದಾರೆ ಎಲ್ಲ!,Anger
"ಬ್ಯಾಂಕಲ್ಲಿ ದರೋಡೆಕೋರ್ರು ನುಗ್ಗಿ ದರೋಡೆ ಮಾಡ್ವಾಗ ನಮ್ಗೆಲ್ಲ ನೆಲದ್ಮೇಲ್‌ ಮಕಾಡೆ ಮಲ್ಗಕ್‌ ಹೇಳಿದ್ರು, ಅಲ್ಲಿಂದ ಜೀವಂತ್ವಾಗ್‌ ಆಚೆ ಬಂದ್ರೆ ಸಾಕಪ್ಪ ಅಂತಾಗಿತ್ತು ನಮ್ಗೆಲ್ಲ.",Fear
ಭಾಪರೇ! ಈ ಅಮೆಜಾ಼ನ್‌ ಮೊಬೈಲ್‌ ಆಪ್‌ ಮನ್ಯಾಗ್‌ ಕುಂತಲ್ಲೇ ಷಾಪಿಂಗ್‌ ಮಾಡ್ಲಿಕ್ಕಿ ಎಷ್ಟರೇ ಅರಾಮ್‌ ಮಾಡಿಕೊಟ್ಟದಲಾ!,Surprise
ಬ್ರೇಕ್ ಕೆಲ್ಸ ಮಾಡ್ತಾ ಇಲ್ಲ ಅಂತ ಡ್ರೈವರ್ ಹೇಳ್ತಾ ಇದಾನೆ. ಗಾಡಿ ಎಲ್ಲಿಗಾದ್ರೂ ಡಿಕ್ಕಿ ಹೊಡ್ದು ಅನಾಹುತ ಆಗತ್ತೆ ಅನ್ಸ್ತಿದೆ ನಂಗೆ.,Fear
ಕಷ್ಟಪಟ್ಟ್ ದುಡ್ಯೋ ನಮ್ ಕ್ಲೀನಿಂಗ್‌ ಸೂಪರ್‌ವೈಸರ್‌ಗೆ ‌ನಮ್ ಬಜೆಟ್‌ ಸಾಕಷ್ಟ್ ಇಲ್ದೇ ಇರೋದ್ರಿಂದ ಸಂಬ್ಳ ಜಾಸ್ತಿ ಮಾಡಕ್ಕಾಗ್ತಿಲ್ವಲ ಅಂತ ಬೇಜಾರಾಗ್ತಿದೆ‌ ನಂಗೆ.,Sadness
ಹಾಳಾದ್  ಆಹಾರ ಮತ್ ಮುರ್ದ ಉಪಕರಣದೊಂದಿಗೆ ಯಾವಾಗ್ಲೂ ಹೆಣಗಾಡಕ್ ನಂಗ್ ಇಷ್ಟ ಇಲ್ಲ. ಫ್ರಿಜ್ ಆಗಾಗ ಕೈ ಕೊಡ್ತಾ ಇದೆ ಇದ್ರಿಂದ ನನ್ ಒತ್ತಡ ಜಾಸ್ತಿ ಆಗ್ತಿದೆ;  ನಾನ್ ಅದ್ರ ಮೇಲೆ ಎಷ್ಟ್   ಅವಲಂಬಿತ ಆಗಿದ್ದೇನೆ ಅಂದ್ರೆ,Fear
ಅವ್ರ ಸರ್ವಿಸ್ ಚೆನ್ನಾಗಿಲ್ಲ ಹಾಗಾಗಿ  ಈ ಕೊರಿಯರ್ ಅನ್ ಮತ್ತೆ ಬಳಸೋದ್ರ ಬಗ್ಗೆ ನಂಗ್  ಅಸ್ಮಾಧಾನ ಇದೆ.,Fear
ಸಾಲ ಆಯ್ಕೆ ಮಾಡೋವಾಗ ಪರಿಗಣಿಸ್ಬೇಕಾದಂಥ ಅಂಶಗಳು ಎಷ್ಟೊಂದಿರತ್ವೆ ಅಂತ ಅವ್ರಿಗ್ ಗೊತ್ತೇ ಇರ್ಲಿಲ್ಲ!,Surprise
ನಾವ್ ವಾಸಮಾಡ್ತಿರೋ ಅಪಾರ್ಟ್ಮೆಂಟ್ ಕಾಂಪ್ಲೆಕ್ಸಲ್ಲಿ ಪ್ರತಿದಿನ ಚಿಕ್‌ ಚಿಕ್ ಮಕ್ಳು ತುಂಬಾ ಉತ್ಸಾಹ್ದಿಂದ ಒಟ್ಗೆ ಕೂಡಿ ಆಟ ಆಡೋದ್ರಿಂದ ಇಲ್ಲಿನ್‌ ವಾತಾವರಣನೇ ಗೆಲುವಾಗಿರೋ ಹಾಗನ್ನಿಸ್ತಿದೆ.,Happiness
"""""""ದಿ ಕಾಸ್ಬಿ ಷೋ"""" ಮತ್ತೆ ಟಿ.ವಿ.ಲ್ ಬರ್ತಿರೋದ್ ನೋಡಿ ತುಂಬಾನೇ ಖುಷಿ ಆಯ್ತು.""",Happiness
"ಪ್ರಿಯ ಪ್ರಯಾಣಿಕರೇ, ನಿಮ್ಮ ರೈಲು ಟಿಕೆಟನ್ನ ಯಶಸ್ವಿಯಾಗಿ ನಾಳೆಗೆ ಮುಂದೂಡಲಾಗಿದೆ. ನಿಮ್ಮ ಪ್ರಯಾಣ ಸುಖಕರವಾಗಿರ್ಲಿ!",Happiness
ನಮ್ ಟೀಮಲ್ಲಿ ಸುಮಾರ್‌ ಜನ್ರನ್ನ ಕೆಲ್ಸದಿಂದ ತೆಗೀತಾ ಇರೋದ್ರಿಂದ ಆಫೀಸಲ್ಲಿ ಎಲ್ರ ಮನ್ಸಲ್ಲೂ ಅಭದ್ರತೆ ಭಾವ್ನೆ ಮನೆಮಾಡಿದೆ.,Sadness
ನಾವ್  ರೆಸಾರ್ಟ್ಗೆ ಹೋಗ್ತಾ  ಇರ್ತಿದ್ದ್ವಿ ಮತ್ ಶೆಫ್  ನನ್ ಇಷ್ಟದ್  ತಿಂಡಿನ  ಇಷ್ಟ್ ಚೆನ್ನಾಗ್ ಮಾಡ್ತಾರೆ  ಅಂತ ನಾನ್ ಅನ್ಕೊಂಡೆ ಇರ್ಲಿಲ್ಲ.,Surprise
ನೆಟ್‌ಫ್ಲಿಕ್ಸಲ್ಲಿ ಸಿನ್ಮಾ ನೋಡೋವಾಗ ವಿ.ಪಿ.ಎನ್. ಬಳಸ್ಬೇಡಿ. ಹಾಗೇನಾದ್ರೂ ಮಾಡುದ್ರೆ ನೀವು ದಂಡ ಕಟ್ಬೇಕಾಗ್ಬಹುದು.,Fear
ಸಿನ್ಮಾದಲ್ಲಿ ಸೆರೆಮನೆ ಶಿಬಿರನ ತೋರ್ಸಿರೋ ದೃಶ್ಯ ಎಷ್ಟ್‌ ಅಸಹ್ಯ ಹುಟ್ಸೋಹಾಗಿತ್ತು ಅಂದ್ರೆ ನಂಗೆ ಒಂದಷ್ಟ್‌ ದಿನ ನೆಮ್ದಿಯಾಗಿ ನಿದ್ದೆ ಮಾಡೋಕೇ ಆಗ್ಲಿಲ್ಲ.,Disgust
ಬಲ್ಗೇರಿಯಾದಲ್ಲೆಲ್ಲೋ ನೆಲಮಾಳಿಗೆಲ್ ಕೂತಿರೋ ಹ್ಯಾಕರ್ರು ಇಲ್ಲಿರೋ ನನ್ ಫೋನಲ್ಲಿ ಸೈಬರ್ ಸೆಕ್ಯುರಿಟಿನ ಬ್ರೀಚ್‌ ಮಾಡಿದಾನೆ ಅಂತ ಕೇಳಿ ನಂಗ್‌ ಸಿಡ್ಲ್‌ ಬಡ್ದಂಗಾಯ್ತು! ಇದೆಲ್ಲ ಹೇಗ್‌ ಸಾಧ್ಯ?!,Surprise
ಶಿಕ್ಷಣದ್‌ ಮಹತ್ತ್ವ ಅಥ್ವಾ ತಮ್ ಅಪ್ಪ ಅಮ್ಮ ತಮ್ಗೋಸ್ಕರ ಎಷ್ಟೆಲ್ಲ ಖರ್ಚ್‌ ಮಾಡ್ತಾರಲ ಅದ್‌ ಎಷ್ಟ್‌ ಅಮೂಲ್ಯವಾದ್ದು ಅನ್ನೋದ್ನೇ ಅರ್ಥ ಮಾಡ್ಕೊಳ್ದಿರೋ ಈಗಿನ್‌ ಕಾಲದ್‌ ಹುಡ್ಗುರ್‌ ಹತ್ರ ಮಾತಾಡ್ಬೇಕಾಗೋದೇ ಒಂದ್‌ ಶಾಪ ಅಂತಾಗೋಗಿದೆ ನಂಗೆ.,Disgust
"ಹೇಳದಿಲ್ಲಾ ಕೇಳದಿಲ್ಲಾ ನನ್‌ ಕ್ಲಾಸ್‌ ತಪ್ಸ್ಯಾರ ಇವ್ರು ತಮ್‌ ತಾವ್‌ ಲೀಡರ್‌ ಅಂತ ಅನ್ಕೊತಾರ, ನಂಗ ತಲಿ ಕೆಟ್‌ ವದರ್ದೆ.",Anger
ಅವ್ರ್ ನಂಗೆ ಮುರ್ದ್ಹೋಗಿರೋ ಶವರ್ ಇರೋ ಕೋಣೆನ್ ಕೊಟ್ರೂಂತ ನಂಗ್‌ ಪಿತ್ತ ನೆತ್ತಿಗೇರಿ ಅದ್ರ್‌ ಬಗ್ಗೆ ದೂರ್‌ ಕೊಟ್ರೂ ಅವ್ರದ್ನ ರಿಪೇರಿ ಮಾಡಿಸ್ತಿಲ್ಲ.,Anger
ವಾಲ್ಮಾರ್ಟಲ್ಲಿ ಮಕ್ಳಿಗ್‌ ಸಂಬಂಧಪಟ್ ಉತ್ಪನ್ನಗಳಲ್ಲಿ ಇಷ್ಟೆಲ್ಲ ಆಯ್ಕೆಗಳ್ ಸಿಗುತ್ವೆ ಅಂತ ನಾನ್ ಅನ್ಕೊಂಡಿರ್ಲಿಲ್ಲ.,Surprise
ಈ ಸಂಗೀತ್‌ಗಾರ ಎಷ್ಟ್ ಪ್ರತಿಭಾವಂತ ಅಂತ  ನಂಗ್ ಭಾಳ ಆಶ್ಚರ್ಯ ಆಯ್ತು. ಅವ್ರ್‌ ಪ್ರಸ್ತುತಿ ತುಂಬಾನೇ ಸೊಗ್ಸಾಗಿತ್ತು.,Surprise
ನಾನ್ ಆರ್ಡರ್‌ ಮಾಡಿದ್‌ ಕೇಕ್‌ನ ನಾನೇ ಇಪ್ಪತ್ತು ಕಿಲೋ.ಮೀಟರ್.ವರ್ಗೂ ಹೋಗಿ ತಗೊಂಡ್ಬರ್ಬೇಕೇನೋ ಅನ್ಕೊಂಡಿದ್ದೆ. ಆದ್ರೆ ಬೇಕರಿಯವ್ರೇ ಮನೆಗ್ ತಲುಪಿಸ್ತಾರಂತೆ ಸದ್ಯ ನನ್‌ ಕೆಲ್ಸ ಕಡ್ಮೆ ಆಯ್ತು.,Happiness
ಇದಕ್‌ ಸ್ವಚ್ಛ್ ಮಾಡದ್ರಾಗ ನಂಗ ಸಾಕ್‌ ಸಾಕಾಗ್ಹೋಗಿತ್ತ. ಅಂತೂಇಂತೂ ಈ  ಐಸ್‌ ಜಮಾಆಗದು ಮತ್ತ ನೀರ್‌ ಸೋರದಕ್ಕ ರಿಪೇರಿ ಮಾಡ್ಭೌದು ಅಂತ ಗೊತ್ತಾಗಿ ನಂಗ್ ಸಮಾಧಾನ ಆಗ್ಯದ.,Happiness
ಆ ಗುಡ್ಡದ್‌ ಮ್ಯಾಲ್‌ ಆಕ್ಸಿಡೆಂಟ್‌ ಆಗಿದ್‌ ಜಾಗದ್‌ ಮ್ಯಾಲ್ ಹೋಗಮುಂದ ಆ ಮಂದಿ ಸಲ್ವಾಗಿ ಜೀವ ಮರಮರ ಅನ್ತು.,Sadness
ನಾನ್ ಪ್ಯಾರಿಸ್ಸಲ್ಲಿ ನೋಟ್ರ-ಡಾಮ್ ಕ್ಯಾಥೆಡ್ರಲ್‌ಗೆ ಕಾಲಿಟ್ಟ್‌ ತಕ್ಷಣ ಅಲ್ಲಿ ಒಳ್ಗಡೆ ದೊಡ್ಡ್ ಗವಿ ಥರ ಇದ್ದಿದ್ ಜಾಗ ನೋಡಿ ಬಾಯ್ಕಳ್ಕೊಂಡ್‌ ನಿಂತ್ಬಿಟ್ಟೆ.,Surprise
"ಎಲೆಕ್ಟ್ರಿಕಲ್ ಅಂಗ್ಡಿಯಿಂದ್  ಅವುಗಳ ಪ್ರೀಮಿಯಂ ಬೆಲೆಯೊಂದಿಗೆ ಲಾಭ ಪಡ್ಯೋದನ್  ನಾನ್ ಸ್ವಲ್ಪನೂ ಇಷ್ಟ ಪಡಲ್ಲ. ದುರಾಸೆನ್  ನೋಡುದ್ರೆ  ವಾಕರಿಕೆ ಬರ್ತಾ ಇದೆ,",Disgust
ಈ ಫುಟ್ಬಾಲ್ ಪಂದ್ಯನ ಯಾವಾಗ್‌ ನೋಡ್ತೀನೋ ಅನ್ಸ್ತಿದೆ! ಈ ಸಲ ಆಟ ಸಖತ್ತಾಗಿರತ್ತೆ!,Happiness
ಲಂಡನ್‌ನ ಓಯಿಸ್ಟರ್ ಟಿಕೆಟ್ ತಗೊಂಡ್ರೆ  ಮೆಟ್ರೋ ಮತ್ತು ಬಸ್  ಎರಡರಲ್ಲೂ  ಹೊಗ್ಬೋದು ಅಂತ ನಂಗ್ ಗೊತ್ತೇ ಇರ್ಲಿಲ್ಲ.,Surprise
ಪಕ್ದಲ್ಲಿರೋ ನಿರ್ಮಾಣ ಸ್ಥಳಕ್‌ ಸಂಬಂಧಪಟ್ಟೋರು ಜನ್ರ ಅನ್ಕೂಲದ್ ಬಗ್ಗೆ ಒಂಚೂರೂ ಯೋಚ್ನೆನೇ ಮಾಡ್ದೇ ಯಾವಾಗ್ಲೂ ಒಂದಲ್ಲಾ ಒಂದ್ ಕಿರಿಕ್‌ ಮಾಡ್ತಲೇ ಇರೋದು ನಿಜಕ್ಕೂ ನಾಚಿಕ್ಗೇಡು.,Disgust
"ಮೇಡಂ, ನಾನು ಸಾಲಲ್ಲಿ ಮೊದ್ಲು ಬಂದಿದೀನಿ, ಆದ್ರಿಂದ ಅವ್ನು ಮೊದ್ಲು ನನ್ ಬೈಕಿನ್ ಟೈರ್ಸ್‌ ತುಂಬಿಸ್ಬೇಕು.",Anger
"ನೀವ್‌ ಯಾವಾಗ್ಲೂ ನನ್ನನ್ನ ಟೀಕೆ ಮಾಡೋ ಥರನೇ ಮಾತಾಡ್ತಿದ್ರೆ, ಹೀಯಾಳಿಸ್ತಿದ್ರೆ ನಂಗ್‌ ನಿಮ್ಮೇಲ್‌ ದ್ವೇಷ ಬೆಳ್ಯತ್ತಷ್ಟೇ.",Anger
"ಯಾಕ್‌ ಬೇಕು, ಯಾವ್ದಕ್‌ ಬೇಕಿರೋದು ಅಂತೆಲ್ಲ ಬೇಡ್ದಿರೋ ಪ್ರಶ್ನೆಗಳ್ನ ಕೇಳಿ ನನ್‌ ತಲೆತಿನ್ದೇ ಸುಮ್ನೆ ಕೇಕ್‌ ಮಾಡ್ಕೊಡಿ ಅಷ್ಟೇ!",Anger
ನನ್ ಲೇಖನದ್ ಬಗ್ಗೆ ನನ್‌ ಬಾಸ್ ಬರ್ದಿರೋ ವಿಮರ್ಶೆಗೋಸ್ಕರ ನಾನ್‌ ಉಸ್ರು ಬಿಗಿಹಿಡ್ಕೊಂಡ್‌ ಕಾಯ್ತಿದ್ದೆ. ಆದ್ರೆ ಯಾವಾಗ್‌‌ ನಾನ್‌ ಅದ್ರ್‌ ಬಗ್ಗೆ ಮರ್ತೇಹೋಗಿದ್ನೋ ಆಗ ಅಚಾನಕ್ಕಾಗ್‌ ಬಂತದು!,Surprise
"ಈ ನೀರಿನ್‌ ಪೈಪ್ಗಳ್‌ ಸಿಗ್ಲಾರ್ದ್ಹಂಗ ಮ್ಯಾಲ್‌ ಇಷ್ಟೆಲ್ಲಾ ಕಟ್ಬಿಟ್ಟಾರ, ಮುಂದ್‌ ಭಾಳ ಫಜೀತ್ಯದಾಂತ ನಂಗ್‌ ಚಿಂತಿ ಕಾಡ್ಲಿಕ್‌ ಹತ್ತದ.",Sadness
"ಒಂದ್ ಭಾನ್ವಾರ ನಾನ್ ಮೆಸ್ಸಲ್ಲಿ ಬಿರಿಯಾನಿ ತಿಂತಾ ಇದ್ದಾಗ ಹುಳ ಸಿಕ್ಬಿಡ್ತು ಅದ್ರಲ್ಲಿ, ತಕ್ಷಣ ಬಾಯಲ್ಲಿದ್ ತುತ್ತನ್ನ‌ ಅಲ್ಲೇ ಉಗುಳ್ಬಿಟ್ಟೆ. ನಾನ್ ಇನ್ಯಾವತ್ತೂ ಆ ಮೆಸ್ಸಲ್ಲಿ ಬಾಸ್ಮತಿ ಅನ್ನನ ಬಾಯ್ಗಿಡಲ್ಲ.",Disgust
"ನನ್ ಸಂಬ್ಳ ಜಾಸ್ತಿ ಮಾಡಿ ಅಂತ ಎಚ್.ಆರ್. ಮ್ಯಾನೇಜರ್ ಹತ್ರ ಕೇಳ್ದೆ ನಾನು, ಆದ್ರೆ ಅವ್ಳು ಆಗಲ್ಲ ಅಂತ ಹೇಳ್ಬಿಟ್ಳು.",Sadness
"ವಾಹ್, ನನ್ ಸ್ಟಾಕ್ಸೆಲ್ಲ ಗಗನಕ್ಕೇರ್ತಿವೆ! ಇದು ನನ್ ಪೋರ್ಟ್‌ಫೋಲಿಯೊಗೆ ಒಳ್ಳೆ ಸುದ್ದಿ.",Happiness
ಪಕ್ಕದ್ಮನೆಯವ್ರು ರಾತ್ರಿ ಅವ್ರ್ ನಾಯಿನ ಮನೆಯಿಂದ ಹೊರ್ಗ್ ಹಾಕುದ್ರೂಂತ ಅದ್ ಪಾಪ ದುಃಖದಿಂದ ಊಳಿಡ್ತಾ ಇದ್ದಿದ್‌ ಕೇಳಿ ನಂಗ್‌ ಕರ್ಳು ಚುರುಕ್‌ ಅಂತು.,Sadness
"ಈ ಎಷ್ಟೋ ಕಂಪ್ನಿಗಳೋರು ನೇಮಕಾತಿ ಮಾಡ್ಕೊಳುವಾಗ ವಯಸ್ಸನ್ನ ಪರಿಗಣ್ಸಲ್ಲ ಅಂತ ದೊಡ್ದೊಡ್ ಹೇಳಿಕೆಗಳ್ನ ಕೊಡ್ತಾರೆ, ಆದ್ರೆ ವಾಸ್ತವ್‌ವಾಗಿ ಅವ್ರೆಲ್ಲ ೪೫ ವರ್ಷಕ್ಕಿಂತ ಮೇಲ್ಪಟ್ ಯಾರ್ನೇ ಆದ್ರೂ ತಿರಸ್ಕರ್ಸಿ ತಮ್‌ ಮಾತಿಗ್‌ ತಾವೇ ವಿರುದ್ಧ್‌ವಾಗ್‌ ನಡ್ಕೋತಾರೆ.",Disgust
"ಹೇ ಈ ತಿಂಗ್ಳ್‌ ಎಷ್ಟ ಖರ್ಚ ಮಾಡ್ಬಿಟ್ಟೀನಿ, ರೊಕ್ಕ ಉಳಿಯಂಗಿಲ್ಲ ಇನ್ನ.. ಏನಪ್ಪಾ ಮಾಡೂದು?!",Fear
"ಸುಚೀ, ಸಂಗೀತ್ ಕಚೇರಿಗೆ ಒಬ್ಬಂಟಿಯಾಗ್ ಹೋಗ್ಬೇಡ. ಜನ್ರು ಕುಡ್ಕೊಂಡು ಬಂದಿರ್ತಾರೆ ಅಂತ ಕೇಳಿದೀನಿ ನಾನು.. ಅಂಥವ್ರು ನಿಂಜೊತೆ ಕೆಟ್ದಾಗ್‌ ನಡ್ಕೋಬಹುದು.",Fear
ಇತ್ತೀಚೆಗೆ ಬಾಹ್ಯಾಕಾಶ ಪರಿಶೋಧನೆಲಿ ಸಾಧ್ಸಿರೋ ಅಷ್ಟೆಲ್ಲಾ ತಾಂತ್ರಿಕ ಪ್ರಗತಿ ಬಗ್ಗೆ ತಿಳ್ದಾಗ ದಿಗ್ಭ್ರಾಂತಿ ಆಯ್ತು‌ ನಂಗೆ.,Surprise
"ಹಾಯ್ ಜಯಾ, ನಿಮ್ ಮಗ್ಳು ಭಾಳ ಒಳ್ಳೆ ವಿದ್ಯಾರ್ಥಿ ಮತ್ತೆ ತುಂಬಾ ವಿನಯ ಇರೋ ಹುಡ್ಗಿ. ಅವ್ಳು ಯಾವಾಗ್ಲೂ ನಂಗೆ ಶುಭೋದಯ ಹೇಳ್ತಾಳೆ.",Happiness
"ಹೇ ತಾರೀಫದ ಬಿಡ್ರಿ, ಎಷ್ಟರೇ ಸೂಕ್ಷ್ಮ್ ಒಂದೂ ಬಿಡ್ಲಾರ್ದ್ಹಂಗ ಬಾರೀಕ್‌ ಕೆಲ್ಸಾ ಮಾಡಿ ಮಾಡುಲಾರ್‌ ಕಿಚನ್‌ ಮಾಡ್ಯಾರ! ನಾ ಇಷ್ಟ್ ಛಂದ ಇರ್ತದಂತ ವಿಚಾರ್ ಸೈತ ಮಾಡಿರ್ಲಿಲ್ಲಾ.",Surprise
ಆ ಸಿಂಥೆಟಿಕ್ ಬಟ್ಟೆಗಳ್ನ ತೊಟ್ಕೊಳಕ್ಕೇ ಭಯ ನಂಗೆ.. ಅವನ್ನೇನಾದ್ರೂ ಹಾಕೊಂಡ್ರೆ ಅಲರ್ಜಿಯಾಗಿ ಮೈಯೆಲ್ಲ ಗಂದೆಗಳಾಗ್ಬಿಡತ್ವೆ.,Fear
"ಬೆಂಗ್ಳೂರಲ್ಲಿ ಈ ಬಸ್‌ ವ್ಯವಸ್ಥೆನ ನಂಬ್ಕೊಳಕ್ಕಾಗಲ್ಲಪ್ಪ, ಯಾವತ್ತೂ ಸಮ್ಯಕ್ ಸರ್ಯಾಗ್ ಬರಲ್ಲ ಮತ್ತೆ ಕಾಯೋದೇ ದೊಡ್‌ ತಲೆನೋವ್‌ ಆಗೋಗತ್ತೆ.",Sadness
ಅಯ್ಯೋ! ಟಿಕೆಟ್ ಕಾಯ್ದಿರಿಸಿದ್ ಗುಮಾಸ್ತರು ಟಿಕೆಟ್‌ನ ನಾಳೆಗ್ ಮುಂದೂಡೋದ್ನ ಮರ್ತ್‌ಬಿಟಿದಾರೆ. ನಾಳೆ ನಾನ್ಹೇಗಪ್ಪ ಹೋಗ್ಲಿ?,Surprise
"ಈ ಕಾಮೆಂಟ್‌ನ ಜನ್ರು ನೋಡ್ಲಿ ಅಂತ ಹಾಗೆ ಬಿಟ್ಟು, ಬೇರೆ ಕಾಮೆಂಟ್ಸ್ ಇದ್ರಷ್ಟೇನ್‌ ಕೆಡುಕಾಗ್ ಇರ್ದಿದ್ರೂ ಅವ್ಗಳ್ನ ಮಾತ್ರ ಥಟ್‌ ಅಂತ ತೆಗ್ದ್‌ಹಾಕ್ಬಿಟಿದ್ನೋಡಿ ನಂಗ್ ಇವ್ರ್‌ ರೀತಿಗೆ ಏನ್‌ ಹೇಳ್ಬೇಕಂತ್ಲೇ ಗೊತ್ತಾಗ್ತಿಲ್ಲ.",Surprise
ಆ ಪುಸ್ತಕ ಮಾರೋನತ್ರ ನಾನ್ ತುಂಬಾ ವರ್ಷ್‌ದಿಂದ ಹುಡುಕ್ತಾ ಇರೋ ಪುಸ್ತಕ ಇದೆ ಅಂತ ಗೊತ್ತಾಗಿ ನಂಗ್‌ ನಿಂತಲ್‌ ನಿಲ್ಲಕ್ಕಾಗ್ಲಿಲ್ಲ.,Happiness
ಪಕ್ದಲ್ಲಿರೋ ಮಿಠಾಯ್ ಅಂಗ್ಡಿಯಿಂದ ಸಮೋಸಾದ್ ಪರಿಮಳ ಬರ್ತಿದ್ರೆ.. ಆಹಾ.. ಇಲ್ಲೇ ಸ್ವರ್ಗ ಅನ್ಸ್ತಿದೆ.,Happiness
"ಬೇಸಿಕ್‌ ಸರ್ವಿಸ್ ಮಾಡ್ಸಕ್ಕೆ ಅಷ್ಟೇನ್‌ ಖರ್ಚಾಗಲ್ಲ ಅನ್ಕೊಂಡಿದ್ದೆ, ಆದ್ರೆ ಈಗೆಲ್ಲ ಅದ್ಕೇ ಎಷ್ಟೊಂದ್‌ ದುಡ್ಡಾಗತ್ತೆ ಅಂತ ಗೊತ್ತಾಗಿ ಪೆಚ್ಚಾಯ್ತು.",Sadness
ನಂಗ್ ಈ ಬಟ್ಟೆ ಕೊಡ್ಸಿದ್ದಕ್ಕೆ ತುಂಬಾ ಥ್ಯಾಂಕ್ಸ್‌ ಅಮ್ಮ! ನಂಗಿದು ತುಂಬಾ ಇಷ್ಟ ಆಯ್ತು.,Happiness
ಇವೆಂಟ್‌ ಮ್ಯಾನೇಜರ್‌ ನಮ್‌ ಕಾರ್ಯಕ್ರಮದಲ್ಲಿ ಸೇಫ್ಟಿ ಬಗ್ಗೆ ಸ್ವಲ್ಚನೂ ನಿಗಾ ವಹಿಸ್ದೇ ಇದ್ದಿದ್ದು ನಂಗ್‌ ರೇಗ್ಹೋಯ್ತು. ನಮ್‌ ಸೇಫ್ಟಿ ಬಗ್ಗೆ ಅವ್ನಿಗ್‌ ಚೂರಾದ್ರೂ ಕಾಳ್ಜಿ ಇದ್ದಂಗಿಲ್ಲ! ಎಷ್ಟ್ ಬೇಜವಾಬ್ದಾರಿ‌ ಅವ್ನಿಗೆ!,Anger
ಗ್ರೇಟ್ ಬ್ಯಾರಿಯರ್ ಕೋರಲ್ ರೀಫಿನ್ಯಾಗಂತೂ ಏನ್‌ ನಮೂನಿ ನಮೂನಿ ಸಮುದ್ರದ್ ಪ್ರಾಣಿಗಳವ ಅಬಾಬಾಬಾ ಹೇಳ್ಳಿಕ್ಕಿ ಸೊಲ್ಲಿಲ್ಲ.,Surprise
"ತುಂಬಾ ಧನ್ಯವಾದ, ಡಾಕ್ಟ್ರೇ! ನಾನೀಗ ಎಷ್ಟೋ ಆರಾಮಾಗಿದೀನಿ. ನಿಮ್ ಸಹಾಯ ತುಂಬಾ ಮುಖ್ಯ ನಂಗೆ. ನೀವಿಲ್ದಿದ್ರೆ ಇದೆಲ್ಲ ಸಾಧ್ಯ ಆಗ್ತಿರ್ಲಿಲ್ಲ.",Happiness
ಇದ್ನ ಯಾವ್ ಕಾರಣಕ್ಕೂ ಒಪ್ಕೊಳಕ್ಕಾಗಲ್ಲ! ನಾನ್ ಪ್ರೀಮಿಯಂ ಡೆಲಿವರಿಗೇಂತ ಜಾಸ್ತಿ ದುಡ್ಡ್‌ ಕೊಟ್ಟಿದ್ರೂ ನನ್ ಪ್ಯಾಕೇಜ್ ಇನ್ನೂ ಬಂದಿಲ್ಲ!,Anger
ನಮ್‌ ಅಂಗ್ಡಿಗ್‌ ಬರ್ಲಿಕ್ ಕಸ್ಟಮರ್‌ಗಳಿಗೆ‌ ಭಾಳ ದೂರ್‌ ಆಗ್ತದೇನೋ ಅಂತ ನಂಗ್ ಚೂರ್‌ ಧೈರ್ಯಗೆಡಲಿಕತ್ತದ.,Sadness
ಸಂಗೀತ ಅಭ್ಯಾಸದ್  ಸಮ್ಯದಲ್ ನನ್ ಮಗನನ್ ಬೇರೆ  ವಿದ್ಯಾರ್ಥಿಗಳ್ ಬೆದ್ರಿಸಿ ಹಿಂದೆ ತಳ್ಳುದ್ರು ಅಂತ ಕೇಳ್ ನಂಗ್ ಬೇಜಾರ್ ಆಯ್ತು.,Surprise
ಲ್ಯಾಬಲ್ಲಿ ಪ್ರಯೋಗ ಮಾಡ್ವಾಗ ಎಲ್ಲ್‌ ಏನ್ ತಪ್ಪ್ ಮಾಡ್ಬಿಡ್ತೀನೋ ಅಂತ ಆತಂಕ ಆಗ್ತಿದೆ.,Fear
"ಬ್ಯಾಂಕ್ ಮುಚ್ಚೋಗಿದೆ, ಸಿ.ಇ.ಒ. ಒಂದ್ರಾಶಿ ದುಡ್ಡೆತ್ಕೊಂಡ್ ಪರಾರಿ ಆಗ್ಬಿಟಿದಾನಂತೆ, ಈಗ್‌ ನನ್‌ ಹಣದ್‌ ಕಥೆ ಏನು ಹಾಗಾದ್ರೆ? ಯಾವತ್ತಾದ್ರೂ ಅದ್‌ ನಂಗ್‌ ವಾಪಸ್‌ ಸಿಗತ್ತೋ ಇಲ್ವೋ?!",Fear
"ಸಕಾರಾತ್ಮಕ ಕಲಿಕೆಯ ವಾತಾವರಣನ ಸೃಷ್ಟಿಸೋದಕ್ಕೆ ನಾವು ನಮ್ ಕೈಮೀರಿ ಪ್ರಯತ್ನ ಮಾಡ್ತೀವಿ, ಆದ್ರೆ ಅದು ಯಾವಾಗ್ಲೂ ಪೂರ್ತಿ ಸರ್ಯಾಗಾಗತ್ತೆ ಅಂತ ಹೇಳೋಕಾಗಲ್ಲ.",Sadness
ಆರು ತಿಂಗ್ಳ ಹಿಂದೆ ನಾನು ರಿಟರ್ನ್ ಮಾಡಿರೋ ಐಟಂಗೆ ನನ್ ಬ್ಯಾಂಕ್ ಖಾತೆಗೆ ಅನಿರೀಕ್ಷಿತ ಮರುಪಾವತಿ ಸಿಕ್ದಾಗ ನಂಗ್ ಆಶ್ಚರ್ಯ ಆಯ್ತು.,Surprise
ಎಸ್‌.ಬಿ.ಐ.ಲಿ ಒಳ್ಳೆ ಇಂಟರ್ನೆಟ್ ಬ್ಯಾಂಕಿಂಗ್ ಸೌಲಭ್ಯ ಇದೆ. ನಾನ್ ಯಾವ್ದೇ ಸಮಸ್ಯೆಯಿಲ್ದೆ ಬೇಗ ಹಣ ವರ್ಗಾಯಿಸ್ಬಹುದು.,Happiness
"ಮಾಡ್ಯುಲರ್ ಅಡ್ಗೆಮನೆನ ತಯಾರ್‌ ಮಾಡೋ ಪ್ರಕ್ರಿಯೆ ನೋಡ್ತಿದ್ರೆ ಹೆದ್ರಿಕೆ ಆಗ್ತಿದೆ ನಂಗೆ, ಇದೆಲ್ಲ ಸೇಫಾಗಿರತ್ತೆ ತಾನೇ?",Fear
ಆ ಕೊರಿಯರ್ ಕಂಪನಿ ಅಂದ್ರೆ ನಂಗೊಂಚೂರೂ ಆಗಲ್ಲ. ನಾನ್‌ ಮೊದ್ಲೇ ದುಡ್ಡ್‌ ಕೊಟ್ಟಾಗಿದ್ರೂ ಈಗ ಅದವ್ರಿಗ್‌ ಬಂದೇ ಇಲ್ಲ ಅಂತ ವಾದ ಮಾಡ್ತಿದಾರೆ!,Anger
ಆ ಮೇಷ್ಟ್ರಂತೂ ಓಬಿರಾಯನ್‌ ಕಾಲ್ದೋರ್‌ ಥರ ಆಡ್ತಾರಪ.. ಗೊಡ್ಡೂಂದ್ರೆ ಗೊಡ್ಡು.,Disgust
"ನಾನು ನನ್ ಫೋನಲ್ಲಿ ಬ್ಯಾಂಕ್ ಅಪ್ಲಿಕೇಷನ್ ಇನ್ಸ್ಟಾಲ್ ಮಾಡ್ದಾಗಿಂದ, ಏನೋ ಸಣ್ಣ್ ಸಮಸ್ಯೆ ಆದ್ರೂ ನಾನ್ ಬ್ಯಾಂಕಿಗ್‌ ಹೋಗ್ಬೇಕು ಅನ್ನೋ ಪ್ರಮೇಯ ಇಲ್ಲ. ಎಲ್ಲ ಇದ್ರಲ್ಲೇ ಬಗೆಹರ್ದೋಗತ್ತೆ.",Happiness
"ನನ್ ಮನೆಲಿ ಕಳ್ತನ ಆಗೋಗಿದೆ, ನಂಗ್‌ ಏನಾದ್ರೂ ಆ ಕಳ್ರು ಸಿಕ್ರೆ‌ ಅವ್ರ್‌ ಹುಟ್ಲಿಲ್ಲ ಅನ್ಸ್‌ಬಿಡ್ತೀನಿ.",Anger
"ಮೊಬೈಲಲ್ಲಿ ಇಂಟರ್ನೆಟ್ ಬ್ಯಾಂಕಿಂಗ್ ಕೆಲುಸಲ ಯು.ಪಿ.ಐ.ಗಿಂತ ಬೇಗ ಆಗತ್ತೆ, ಗೊತ್ತಾ ನಿಂಗೆ?",Surprise
"ಕೆರೆಗಳ್ನೆಲ್ಲ ಒತ್ತುವರಿ ಮಾಡ್ಕೊಂಡು ಅಲ್ಲೆಲ್ಲ ಮನೆಗಳ್ ಕಟ್ಟೋಕೆ ಬಿಲ್ಡರ್‌ಗಳ್ಗೆ ಅವ್ಕಾಶ ಕೊಟ್ಟಿರೋ ಈ ರಾಜಕಾರಣೆಗಳ್ಗೆ ಪರಿಸರನ್‌ ಕಾಪಾಡ್ಬೇಕು ಅಂತ ಸ್ವಲ್ಪನೂ ಜವಾಬ್ದಾರಿ ಇಲ್ಲ, ನಂಗಂತೂ ಎಲ್ರುನ್ನೂ ಆ ಕೆರೆಲೇ ಮುಳ್ಗಿಸ್ಬಿಡಣ ಅನ್ಸತ್ತೆ.",Anger
"ಈ ಗಿಡಗಳ್‌ ಮ್ಯಾಲ ನಾ ಜೀವೇ ಇಟ್ಗೊಂಡಿನಿ‌, ಅವಕ್ಕ ಧಕ್ಕಿ ಆಗ್ಲಾರ್ದ್ಹಂಗ ಮತ್ ಇಲ್ಲಿ ಆಜೂಬಾಜು ಜಾಗಾನೂ ಛಂದಿರಹಂಗ ನಾವ್ ಗ್ವಾಡಿ ಹೆಂಗ್ ಕಟ್ಟಸ್ಬೇಕಂತ ನನ್‌ ಮನಸ್ನ್ಯಾಗ ಕೊರಿಲಿಕತ್ತದ.",Fear
"ಅಪ್ಪನ್ ಥರನೇ ಮಗನೂ. ಸರ್, ದಯ್ವಿಟ್ಟು ಜನ ಎಲ್ಲ ಇರುವಾಗ ಮೂಗಲ್ಲಿ ಬೆರಳ್ಹಾಕಿ ತೋಡೋದನ್ನ ನಿಲ್ಸಿ.",Disgust
"ಹೋದ್‌ ೫ ವರ್ಷದಿಂದ್ಲೂ ಒಂದೇ ಸಮ್ನೆ ನಿಮ್‌ ಟೀಕೆ, ಟಿಪ್ಪಣಿ ಕೇಳಿ ಕೇಳಿ ನಂಗೂ ಸಾಕಾಗೋಗಿದೆ, ಏನ್ಮಾಡುದ್ರೂ ಯಾರ್‌ ಕೈಲೂ ನಿಮ್ಮನ್ನಂತೂ ಮೆಚ್ಸಕ್ಕಾಗಲ್ಲ.",Disgust
"ನೀನ್ಯಾಕೆ ಇಷ್ಟ್ ಸೋಮಾರಿ ಆಗಿದ್ದೀಯ, ಯಾವಾಗ್ಲೂ ಇಲ್ಲ್ ಕೂತ್ಕೊಂಡು‌ ಮ್ಯಾಚ್ ನೋಡ್ತಿರ್ತೀಯ. ಹೊರಗ್‌ ಹೋಗಿ ಆಟ ಆಡಕ್ಕೇನ್‌ ಧಾಡಿ ನಿಂಗೆ?",Anger
ನಿನ್ನಂಥಾ ಅನುಭವಸ್ಥ ಮತ್‌ ಕೆಲ್ಸೇ ದೇವ್ರ್‌ ಅನ್ಕೊಂಡಥಾವ್ರಿಗಿ ಮತ್‌ ನಾವ್‌ ಈ ನೌಕ್ರಿನ್ಯಾಗ್ ಹೆಂಗ ಹುಡಕ್ಬೇಕ್‌ ಅನ್ನದೇ ನನ್‌ ತಲಿ ಕೊರಿಲಿಕತ್ತದ.,Fear
ಥಿಯೇಟರಲ್ಲಿ ನನ್ ಸೀಟಿನ್ ಹಿಂದೆ ಕೂತ್ಕೊಂಡಿದ್ ವ್ಯಕ್ತಿ ಆಡ್ತಿದ್‌ ರೀತಿ ಅಸಹ್ಯ ಆಯ್ತು ನಂಗೆ.,Disgust
"ಆ ಲೀಡರ್‌ ಹೊರಗ್ಹೋಂಟಾಗ ಅವನ್‌ ಮುಖದ್‌ ಮ್ಯಾಲ್‌ ತೃಪ್ತಿ ಇತ್‌ ಮತ್‌ ಮುಂದಿನ್ದು ಮಾಡ್ಲಿಕ್ಕಿ ತಯಾರ್‌ ಆಗಿರ ನಿರ್ಧಾರ್‌ ಇತ್ತು, ಇದ್‌ ಖರೇನ ಎಚ್.‌ಆರ್.‌ನವ್ರದ್ ದೊಡ್‌ ಸಾರ್ಥಕತಾ.",Happiness
ವಿತರಣಾ ಪ್ರಕ್ರಿಯೆಯ ಸಮ್ಯದಲ್ ಕೊರಿಯರ್ ಪ್ಯಾಕೇಜ್  ಕಳ್ದು ಹೊಗ್ಬೋದು ಅಂತ ನಂಗ್  ನಿಜ್ವಾಗ್ಲೂ  ಕಾಳಜಿ ಇತ್ತು.,Fear
"ಆ ಕೊರಿಯರ್ ಕಂಪ್ನಿಯೋರ್‌ ಸರ್ವಿಸ್‌ ಎಷ್ಟ್‌ ಕೆಟ್ದಾಗಿತ್ತು ಅಂದ್ರೆ ಛೇ, ನನ್ ಪ್ಯಾಕೇಜ್ನ ಸ್ವಲ್ಪನೂ ಸರ್ಯಾಗ್ ನೋಡ್ಕೊಂಡಿಲ್ಲ‌ ಅವ್ರು, ಅದ್ನವ್ರ್‌ ತಂದ್ಕೊಟ್ಟಾಗ ಎಲ್ಲ ಕಿತ್ತೋಗಿ ಪೂರ್ತಿ ಹಾಳೆದ್ದೋಗಿತ್ತು.",Disgust
"ಮುಂಬೈಯಲ್ಲಾದ್ ಕೊಲೆಗೆ‌ ಆ ರಾಜಕಾರಣಿ ಕೋಮು ಬಣ್ಣ ಹಚ್ಚಿದ್ನೋಡಿ ನಂಗ್‌ ಜುಗುಪ್ಸೆ ಬಂದೋಗಿದೆ, ಬರೀ ಇದೇ ಆಯ್ತು ಇವ್ರ್‌ಗಳ್ದು.",Disgust
ನನ್ನ ಬೋಧಕರು ನನ್ ಚಾಲನಾ ಕೌಶಲವನ್ನ ಸರಿಯಾಗಿ ನೋಡ್ದಾಗ ನಂಗ್ ಆಶ್ವರ್ಯ ಆತ. ನಾನೆ ನನ್ನ ಕಣ್ಣುಗಳಿಂದ ಹೊಸ ಜಗತ್ ನೋಡಿದೆ.,Surprise
ನವೀಕರಿಸ್ಬಹುದಾದ್ ಇಂಧನದಲ್ ಹೂಡ್ಕೆ ಮಾಡಕ್ಕೆ ಸರ್ಕಾರ ನಕಾರ ಹೇಳ್ತಿರೋದು ನಂಗ್‌ ನಖಶಿಖಾಂತ ಸಿಟ್ಟ್‌ ಬಂದಿದೆ.,Anger
ಮುಂದಿನ್ ಸಾಲಲ್ಲಿರೋ ಸೀಟ್ ತಗೋಬೇಡ. ಅವ್ನು ನನ್ನನ್ನ ವೇದಿಕೆ ಮೇಲೆ ಬರೋಕ್ ಹೇಳ್ಬೋದು ಅಂತ ಭಯ ನಂಗೆ.,Fear
"ನಾನ್ ಇವತ್ತು ಟಿ.ವಿ. ಆನ್ ಮಾಡೋಕ್‌ ನೋಡ್ದೆ, ಆದ್ರೆ ಬರೀ ಕಪ್ಪು ಪರದೆ ಅಷ್ಟೇ ಕಾಣ್ತಿದೆ.",Sadness
"ಛೀ, ಆ ಕೊರಿಯರ್‌ ಕಂಪ್ನಿನ್ಯಾಗ ರೊಕ್ಕಾ ತೊಗೊಳಿಕ್‌ ಸೈತ ನೂರಾಯಂಟ್‌ ಸರ್ತಿ ಅಡ್ಯಾಡಸ್ಯಾರ, ಮತ್‌ ಏನೇನ ಹೇಳದಿಲ್ಲಾ ಕೇಳದಿಲ್ಲಾ ಜಾಸ್ತಿ ರೊಕ್ಕಾ ತೊಗೊಂಡಾರ, ನೆನಸ್ಗೊಂಡ್ರ ವಾಕರಕಿ ಬರ್ತದ.",Disgust
ಗ್ಯಾರೇಜ್ ನಂಗ್ ಇಷ್ಟ್ ದೊಡ್ ಬಿಲ್ ಕೊಟ್ಟಿದ್ದನ್ ನೋಡಿ ನಂಗ್ ಒಂದ್ ತರಾ ಆಯ್ತು. ಸಣ್ ಡೆಂಟ್‌ನ ಸರಿ ಮಾಡಿದ್ದಕ್,Disgust
ನನ್ ಗ್ಯಾಸ್ ಸಿಲಿಂಡರ್ ಮತ್ ನಾನ್  ಸ್ವಲ್ಪ ಸಂಭ್ರಮ ಪಡ್ಬೋದು! ಸದ್ಯದಲ್ಲೇ ಯಾವ್ದಾದ್ರು ವಿಶೇಷ ಡೀಲ್ ಬರುತ್ತಾ  ಅಂತ  ನಾನು ಆಶ್ಚರ್ಯ ಪಡ್ತಾ ಇದ್ದೆ.,Surprise
ಆ ಹಳೀ ಸಿಂಕ್‌ ಅಡಿಗಿಮನ್ಯಾಗ ಕಾಣಸ್ಲಾರ್ದ್‌ ಹಂಗ ವಳೀಕಾಗಿತ್ತು ಅದಕ್‌ ಮಸ್ತ್‌ ಹೊರಗತಂದ್‌ ಮೊದ್ಲಿನ್ಹಂಗ ಮಾಡಿರಿ. ನಂಗನಸ ಮಟ್ಟಿಗಿ ಶಾಣೆ ಗೌಂಡಿಗಳ್‌ ಹಿಂಗೇ ಮಾಡ್ತಾರ.,Surprise
"ಹೌದು ಅಣ್ಣ, ನಂಗೂ ಗ್ಲೋವ್ಸ್ ಬೇಕು. ಇದು ನಿಜ್ವಾಗ್ಲೂ ಫ್ರೀನಾ? ಏನೂ ದುಡ್ಡ್‌ ಕೊಡೋ ಹಾಗಿಲ್ವಾ? ಥ್ಯಾಂಕ್ಯೂ!",Happiness
"ಮಗನೇ, ನನ್ ಆಫೀಸ್ ಲ್ಯಾಪ್‌ಟಾಪಲ್ಲಿ ಆಟ ಆಡ್ಬೇಡ ಅಂತ ನಾನ್ ನಿಂಗೆಷ್ಟ್ ಸಲ ಹೇಳಿದೀನಿ? ಅರ್ಥನೇ ಆಗಲ್ವಾ ನಿಂಗೆ?!",Anger
"ನಾನು ಬಸ್ ಸ್ಟ್ಯಾಂಡ್‌ಗೆ ಸಮಯಕ್ ಸರ್ಯಾಗ್ ತಲುಪ್ಲಿಲ್ಲ, ನನ್ ಬಸ್ ತಪ್ಪ್‌ಹೋಯ್ತು.",Sadness
"ನಂಗೆ ಯೂಟ್ಯೂಬಲ್ಲಿ ಐವತ್ತು ಸಾವಿರಕ್ಕೂ ಜಾಸ್ತಿ ಸಬ್ಸ್‌ಕ್ರೈಬರ್ಸ್‌ ಇದಾರೆ. ನಾನು ವೀಡಿಯೊ ಮಾಡೋದನ್ನ ಮುಂದುವರಿಸಿದ್ರೆ, ""ಯೂಟ್ಯೂಬ್ ಸಿಲ್ವರ್ ಪ್ಲೇ ಬಟನ್"" ಪ್ರಶಸ್ತಿನ ಗೆಲ್ತೀನಿ ಅನ್ಸತ್ತೆ.",Happiness
"ಆ ಪುಸ್ತಕ ತಗೊಂಡ್ಬನ್ನಿ ಅಂತ ನಾನ್ ನಿಮ್ಹತ್ರ ಐದ್ಸಲ ಕೇಳಿದೀನಿ, ಆದ್ರೆ ಪ್ರತೀ ಸಲನೂ ಮರ್ತೇಬಿಡ್ತೀರಲ ನೀವು. ಯಾಕ್‌ ಹೀಗ್‌ ಮಾಡ್ತಿದೀರ, ಏನಾಗಿದೆ ನಿಮ್ಗೆ?",Anger
ಪ್ರವೇಶ ಪರೀಕ್ಷೆಲಿ ನಮ್ ಕಾಮಾಕ್ಷಿ ಎರಡ್ನೇ ರ್ಯಾಂಕ್ ಪಡೀತಾಳೆ ಅಂತ ಯಾರ್‌ ತಾನೇ ಅನ್ಕೊಂಡಿದ್ರು?!,Surprise
ನೀವ್ ಕಟ್ಟಿದ್ ಕಾಂಪೌಂಡ್ ಗೋಡೆ ಒಂದ್  ಬದಿಗೇ ವಾಲ್ತಾ ಇದೆ - ‌ಎಷ್ಟ್ ದೊಡ್ ಅನರ್ಥ ಮಾಡ್ಬಿಟ್ರಲ್ಲ! ನನ್ ದುಡ್ಡೆಲ್ಲ ಹೋಯ್ತು. ನಿಮ್ ಗಾರೆ ಕೆಲ್ಸ ಹೇಗಿರುತ್ತೆ ಅಂತ ಕಣ್ಣಿಗ್‌ ರಾಚ್ತಿದೆ ನೋಡಿ.,Anger
ನಿನ್‌ ಹತ್ರ ಸ್ಟಾರ್ ವಾರ್ಸ್ ದಿನಗಳ್ದು ಅಷ್ಟೆಲ್ಲ ಒಳ್ಳೆ ಸಂಗ್ರಹ ಇದೆ ಅಂದ್ರೆ ನಂಗ್‌ ನಂಬ್ಕೆನೇ ಬರ್ತಿಲ್ಲ!,Surprise
"ಈ ಮಾಲಿಗ್‌ ಬಂದ್ರೆ ಒಂಥರ ಕೆಟ್ ಕನ್ಸ್ ಬಿದ್ದಂಗಾಗ್ಬಿಡತ್ತೆ, ನಾನ್ ಹುಡುಕ್ತಿರೋ ಯಾವ್‌ ವಸ್ತುನೂ ಯಾವತ್ತೂ ಸಿಗಲ್ಲ ಇಲ್ಲಿ.",Anger
ಈ ಅಂಗ್ಡಿಲಿರೋ ರೆಸ್ಟ್‌ರೂಮ್ಗಳು ಎಷ್ಟ್ ಕೊಳಕಾಗಿವೆ ಅಂದ್ರೆ ನಂಗ್ ಅವನ್ನ ಬಳ್ಸಕ್ಕೇ ಅಸಹ್ಯ ಆಗ್ತಿದೆ.,Disgust
ನನ್ ಕಾರಿನ್ ಬಾಡಿ ರಿಪೇರಿ ಇಷ್ಟ್ ಕಡ್ಮೆಲ್ ಆಗಿದ್ದಕ್ಕೆ ನನ್‌ ಜೇಬು ಝಣಝಣಾಂತ ನಗ್ತಾ ಇದೆ.,Happiness
"ನಾನ್ ಕಾರಲ್ಲ್‌ ಕರ್ಕೊಂಡ್‌ ಹೋಗ್ತೀನಿ ಅಂದ್ರೆ ನನ್‌ ಸ್ನೇಹಿತ್ರು ಎಲ್ಲಾ ಜಾಗ ಬಿಟ್ಟು ಆ ಮನಾಲಿಗ್ ಹೋಗಣ ಅನ್ನೋದಾ? ಬೇರೇನಿಲ್ಲ, ಅವ್ರಿಗೆ ನನ್ ಟೈಮು ಮತ್ತೆ ಪೆಟ್ರೋಲ್‌ ದುಡ್ಡು ಎರಡ್ನೂ ವೇಸ್ಟ್‌ ಮಾಡಿಸ್ಬೇಕಿತ್ತು ಅಷ್ಟೇ!",Anger
"ವಿಳಾಸದ್ ನಿಖರವಾದ್‌ ಜಾಗನ ಕಂಡ್ಹಿ‌ಡ್ಯೋದ್ರಲ್ಲಿ ಗೊಂದಲ ಆದ್ರೂ, ನಾನ್ಯ‌ ತಲುಪ್ಬೇಕಾಗಿದ್‌ ಜಾಗನ ತಲ್ಪೋಕಾಯ್ತು ಸದ್ಯ!",Happiness
"ನಾರ್ಥ್‌ ಮಿಚಿಗನ್ನ್ಯಾಗ ಕಾಡಹಾದ್ಯಾಗ ಬ್ಯಾರೆ ಹೊಂಟಿವಿ, ಸಿಗ್ನಲ್‌ ಕಟ್ ಆಗ್ಬಿಡ್ತು ನಂಗ ಯಲ್ಲಿ ಕಳದೋಗ್ತಿವಂತ ಯದಿನೇ ವಡದಿತ್ತು.",Fear
ನೀವ್‌ ಕೇಳಿದ್ರಿ ಅಂತ ಅಲ್ಲಲ್ಲೇ ಐಡಿಯಾಗಳ್ನ ಯೋಚ್ಸಿ ಹೇಳ್ಬೇಕು ಅಂದ್ರೆ ನನ್‌ ಕೆಲ್ಸ ಅದಲ್ಲ.,Anger
ನನ್ ಟೀಮಲ್ಲಿದ್ದೋರಲ್ಲಿ ಮುಖ್ಯವಾದೋರ್‌ ಕೆಲವ್ರೆಲ್ಲ ಸಂಸ್ಥೆನ್‌ ಬಿಟ್ಹೋದ್ಮೇಲೆ ಪ್ರಾಜೆಕ್ಟ್‌ನ ಪೂರೈಸಿ ಕ್ಲೈಂಟಿಗ್‌ ವಹಿಸ್ಕೊಡ್ಬೇಕಿರೋ ದಿನಕ್‌ ಸರ್ಯಾಗಿ ಎಲ್ಲ ಕೆಲ್ಸಗಳ್ನೂ ಮುಗ್ಸಕ್ಕಾಗತ್ತೋ ಇಲ್ವೋ ಅಂತ ನಂಗ್‌ ಆತಂಕ ಆಗಿದೆ.,Fear
ಆಟದಲ್ಲಿ ಹಾಗೆ ಅನಿರೀಕ್ಷಿತ್ವಾಗಿ ತಿರುವು ಸಿಕ್ಕಿ ಎಲ್ಲ ಬದ್ಲಾಗೋಗಿದ್ದು ನಂಗೆ ಆಶ್ಚರ್ಯ ಆಗೋಯ್ತು.,Surprise
"ಸಿ.ಎಸ್‌.ಕೆ. ಮ್ಯಾಚ್ ನೋಡಿದ್ ನಂತ್ರ ಫ್ಯಾನ್ಸೆಲ್ಲ  ಅಲ್ಲಿ ಬಿಸಾಡಿದ್‌ ಕಸ ನೋಡ್ಲಿಕ್ಕಾಗ್ಲಿಲ್ಲ ನಂಗೆ, ಅಷ್ಟ್‌ ರಾಶಿ ಬಿಸಾಡಿ ಹೋಗಿದಾರೆ, ಎಂತ ಜನ ಮಾರ್ರೆ ಇವ್ರೆಲ್ಲ.. ಶ್ಯೇ..!",Disgust
ಅಮೃತ್ಸರಕ್ ಹೋಗೋ ರೈಲ್ ತಪ್ಪೋಯ್ತು ನಂಗೆ. ನಾನಲ್ಲಿ ಒಂದ್ ಮುಖ್ಯವಾದ್ ಸಭೆಗ್ ಹೋಗ್ಬೇಕಿತ್ತು.,Sadness
ನಮ್ ಪ್ರಾಡಕ್ಟ್‌ನ ತಯಾರ್ಸಿ ಸಮ್ಯಕ್ ಸರ್ಯಾಗ್‌ ಡೆಲಿವರಿ ಮಾಡಕ್ಕಾಗೋ ಹಾಗೆ ನಮ್ಗೆ  ಕಚ್ಚಾ ವಸ್ತುಗಳ್ ಸಿಗ್ತಾವ ಅಂತ ನಂಗ್ ಗ್ಯಾರಂಟಿ ಇಲ್ಲ.,Fear
"ಯಾವಾಗ್ಲೂ ನಿಮ್ ಅಂಗ್ಡಿಲಿ ಅಷ್ಟುದ್ದ ಚೆಕ್‌ಔಟ್ ಲೈನ್ ಇರತ್ತೆ ಮತ್ತೆ ಸಾಕಷ್ಟ್ ಕ್ಯಾಷಿಯರ್ಸೂ ಇರಲ್ಲ, ಅದ್ಕೇ ನಿಮ್‌ ಅಂಗ್ಡಿಗ್‌ ಬರಕ್ಕೇ ಇಷ್ಟ ಆಗಲ್ಲ ನಂಗೆ, ಸಿಟ್ಟ್‌ ಬರತ್ತೆ.",Anger
ನನ್ ಕಂಪನಿ ನನ್ ಲ್ಯಾಪ್‌ಟಾಪ್‌ನ ಇಷ್ಟ್ ಬೇಗ ಬದಲಾಯ್ಸ್‌ಕೊಡತ್ತೆ ಅಂತ ನಾನ್‌ ಖಂಡಿತ ಅನ್ಕೊಂಡಿರ್ಲಿಲ್ಲ.,Surprise
ಸಿಟಿಲಿ ಕರೆಂಟ್‌ ಹೋಗಿದ್ದಿದ್ಕೆ ಏನ್‌ ಕಾರಣ ಅಂದ್ರೆ ಶಾಖ ಜಾಸ್ತಿ ಆಗಿ ತಂತಿಗಳೆಲ್ಲ ಕರ್ಗೋಗಿದ್ವು ಅಂತ ಕೇಳಿ ಹೌಹಾರ್ಬಿಟ್ಟೆ ನಾನು!,Surprise
"ಆಸ್ಟ್ರೇಲಿಯಾದವ್ರು ಜಾರಿಗ್ ತರ್ತಾ ಇರೋ ತಾರತಮ್ಯದ್ ವಲ್ಸೆ ನೀತಿಗಳು ನಿಜಕ್ಕೂ ಸರಿಯಾದ್ದಲ್ಲ, ಇವ್ರಾಡಿದ್ದೇ ಆಟ, ಕುಣ್ದಿದ್ದೇ ಕುಣ್ತ ಅಂತಾಗಿದೆ!",Anger
"ನಾವು ಪ್ರವಾಸ ಹೋಗಿದ್ದಾಗ ದಾರಿಲಿ ಕಸದ್ ರಾಶಿ ನೋಡಿ ತಕ್ಷಣ ಮುಗು ಬಾಯಿ ಮುಚ್ಕೊಂಡು ಪಕ್ಕದ್‌ ದಾರಿಗ್‌ ತಿರುಗ್ಬಿಟ್ವಿ, ಎಷ್ಟ್‌ ಗಬ್ಬು ವಾಸ್ನೆನಪ, ವಾಂತಿ ಬರೋದೊಂದ್‌ ಬಾಕಿ.",Disgust
ಈ ವಾಯ್ಸ್‌ ರಿಕಗ್ನಿಷನ್‌ ಸಾಫ್ಟವೇರ್‌ ಅದ್ಭುತ್‌ ಅದ! ಎಷ್ಟ್ ಬರೊಬ್ಬರಿ ಧ್ವನಿ ಕಂಡ್‌ ಹಿಡಿತದ!,Surprise
"ತಾನು ಪರಮಾಣು ಬಾಂಬ್‌ ಕಂಡ್ಹಿಡ್ದಿದ್ದು ಅಂಥ ದೊಡ್ ವಿನಾಶಕ್ಕ್ ಕಾರಣ ಆಯ್ತಲ್ಲ ಅಂತ ಓಪನ್ಹೈಮರ್‌ ವಿಷಾದ ವ್ಯಕ್ತಪಡ್ಸಿದ್‌ ನೋಡ್ದೆ, ಎಷ್ಟ್‌ ಪಶ್ಚಾತ್ತಾಪ ಆಗಿದ್ಯೋ ಏನೋ ಅವ್ನಿಗೆ.",Sadness
"ಈ ಅಂಗ್ಡಿಲೋ ಬರ್ಗೆಟ್ಟೋರ್‌ ಥರ ಯಾವಾಗ್ಲೂ ಅದೇ ಹಾಡ್ನೇ ಮತ್ಮತ್ತೆ ಹಾಕ್ತಾ ಇರ್ತಾರೆ, ನಂಗಂತೂ ತಲೆ ಚಿಟ್ಟ್‌ ಹಿಡ್ದೋಗಿದೆ.",Anger
ನೀವೆಷ್ಟ್ ನಿಧಾನಕ್ ಡ್ರೈವ್‌ ಮಾಡ್ತಿದೀರಿ ಅಂದ್ರೆ ನಂಗೆ ನನ್‌ ಫ್ಲೈಟ್‌ ಸಿಗುತ್ತೋ ಇಲ್ವೋ ಅಂತ ಗಾಬ್ರಿ ಆಗ್ತಿದೆ.,Fear
ನನ್ ಮಗ ವಿಶ್ವವಿದ್ಯಾನಿಲಯ್ದಲ್ಲಿ ಸಂಶೋಧನಾ ಹುದ್ದೆನ್ ಹುಡ್ಕಕ್ ಮನ್ಸ್‌ ಮಾಡಿಲ್ಲಾಂದ್ರೆ ಅವ್ನ್  ಪ್ರಾಧ್ಯಾಪಕ್ರು ಅವ್ನಿಗ್ ರೆಫರೆನ್ಸ್ ಕೊಡಕ್ ಸಾಧ್ಯ ಆಗಲ್ವೇನೋ ಅಂತ ನಂಗ್ ಭಯ ಆಗ್ತಿದೆ.,Fear
"ಹೇ ರಾಹುಲ್, ನಿಮ್ಗೆ ಈಗಾಗ್ಲೇ ಅರವತ್ತು ವರ್ಷ ಆಗಿರ್ಬೇಕು ಅಲ್ವಾ, ಆದ್ರೂ ನೀವಿನ್ನೂ ಕಟ್ಟುಮಸ್ತಾಗಿ ಕಾಣ್ತೀರಿ.",Happiness
"ಅಯ್ಯೋ ಛೇ! ಕ್ಲಿಯರೆನ್ಸ್ ಮಾರಾಟದ್ ಮೇಲಿನ್ ರಿಯಾಯಿತಿಗಳೆಲ್ಲ ಮುಗ್ದೇಹೋಗಿವೆ, ಅದು ಇನ್ನು ಇರುತ್ತೆ ಅಂತ ಅನ್ಕೊಂಡಿದ್ದೆ ನಾನು.",Sadness
ಮದ್ಯವ್ಯಸನಿಗಳ್ಗೆ  ಸಹಾನುಭೂತಿ ತೋರ್ಸೋ ಮತ್ ಅದ್ರಿಂದ ಹೊರಗ್ ಬರಾಕೆ  ಸಹಾಯ ಮಾಡೋ ಬದ್ಲು   ಅವರನ್ ಬಹಿಷ್ಕೃತರು ಅಂತ  ಪರಿಗಣಿಸೊದನ್  ನೋಡಕ್  ಸಿಟ್ಬಟು ಬರ್ತಿದೆ.,Anger
ಪ್ರೊಫೆಸರ್‌ ಯಾವ್ದಾದ್ರೂ ಪ್ರಶ್ನೆ ಕೇಳಿ ಅದ್ಕೆ ಉತ್ರ ಹೇಳು ಬಾ ಅಂತ ನನ್ನ ಕರ್ದಾಗೆಲ್ಲ ಎದೆ ಡವಡವ ಅನ್ನತ್ತೆ ನಂಗೆ.,Fear
"ನಾನು ಈ ಪ್ರಯೋಗನ ತುಂಬಾ ಸಲ ನಡ್ಸಿದೀನಿ, ಆದ್ರೆ‌ ಒಳ್ಳೆ ಫಲಿತಾಂಶ ಸಿಗ್ಲೇ ಇಲ್ಲ.",Sadness
ನಂಗ್  ವೈದ್ಯರ್  ಮೇಲೆ ಕೋಪ ಬಂತು. ಡೈಗೊನಿಸಿಸ್ ಮಾಡ್ದೆ  ನನ್ ಅತ್ತೆಯ ಚರ್ಮದ್ ಸಮಸ್ಯೆಗೆ ಅನಗತ್ಯ ಔಷಧಿಗಳನ್ ಶಿಫಾರಸು ಮಾಡ್ದಾಗ,Anger
ಡಲ್ಲಾಸಲ್ಲಿ ಹೀಗ್ ಒಂದ್ರ್ ಮೇಲೊಂದ್ ಕೂತಿರೋ ಥರ ಇರೋ ಎಷ್ಟೊಂದ್ ಮೇಲ್‌ಸೇತುವೆಗಳ್ನ ನೋಡಿ ಕಕ್ಕಾಬಿಕ್ಕಿ ಆಗೋಯ್ತು ನಂಗೆ.,Surprise
"ನಿಮ್ ತಾಯಿಗ್ ಆರೋಗ್ಯ ಸರಿಯಿಲ್ಲ ಅಂತ ಕೇಳಿ ತುಂಬಾ ಬೇಜಾರಾಯ್ತು. ಯಾಕ್‌ ಸ್ವಲ್ಪ ದಿನದಿಂದ ನೀವ್ ಒಂಥರ ಸಪ್ಪಗಿದೀರಲ ಅನ್ಕೋತಿದ್ದೆ, ಕಾರಣ ಇದೂಂತ ಈಗ್‌ ಗೊತ್ತಾಯ್ತು.",Sadness
ಕಳ್ದ ೬ ತಿಂಗ್ಳಿಂದ ಮದ್ಯದ್  ಚಟನ  ಬಿಟ್ ನಂತ್ರ ನಂಗ್ ತುಂಬಾನೇ ಖುಷಿ ಆಗಿದೆ.,Happiness
ಇದುಕ್‌ ಮುಂಚೆ ಒಂದ್‌ ಕಾರ್ಯಕ್ರಮನ ಏರ್ಪಾಟ್‌ ಮಾಡೋದ್ರಲ್ಲಿ ಈ ಸಂಸ್ಥೆಯಿಂದ ಏನೆಲ್ಲ ಯಡವಟ್ಟುಗಳಾಗಿದ್ವು ಅಂತ ಒಂದ್‌ ರಿವ್ಯೂ ಓದ್‌ದೆ ನಾನೀಗ. ನಮ್ ಕಾರ್ಯಕ್ರಮಕ್ಕೆ ಆಥರ ಏನೂ ಆಗ್ದೇ ಇರೋ ಥರ ಭಾಳ ಎಚ್ಚರ್ಕೆಯಿಂದ ಎಲ್ಲನೂ ಪ್ಲಾನ್‌ ಮಾಡಿ ನಡೆಸ್ಕೊಡ್ತೀವಿ ಅಂತ ಅವ್ರ್‌ ಮ್ಯಾನೇಜರ್‌ ನಂಗ್‌ ಭರವಸೆ ಕೊಡ್ಬೇಕು. ಇಲ್ಲಾಂದ್ರೆ ನಂಗ್‌ ಈಗಿಂದ್ಲೇ ಒಂಥರ ಆತಂಕ ಶುರುವಾಗಿದೆ.,Fear
ಆಟೋ ಯೂನಿಯನ್ಗಳು ಬೆಂಗ್ಳೂರಲ್ಲಿ ಪ್ರಯಾಣಿಕ್ರ ಕ್ಷೇಮಕ್ಕಿಂತ ತಮ್ ಸ್ವಾರ್ಥಕ್ಕೇ ಆದ್ಯತೆ ಕೊಡ್ತಾ ಇರೋದು ಬೇಜಾರಿನ್‌ ವಿಷ್ಯ.,Sadness
"ನಾನಿಷ್ಟೊತ್ತಿಗೆಲ್ಲ ಕ್ಲಾಸಲ್‌ ಕೂತ್ಕೊಂಡು ಕಲೀತಾ ಇರ್ತೀನಿ ಅನ್ಕೊಂಡಿದ್ದೆ.. ಆದ್ರೆ ಈಗ್ ನಾನು ಮನೆಲೇ ಸಿಕ್ಕಾಕೊಂಡಿದೀನಿ, ನನ್ ಲ್ಯಾಪ್‌ಟಾಪಲ್ಲೇ ಲೆಕ್ಚರ್ ವೀಡಿಯೊಗಳ್ನ ನೋಡ್ಬೇಕಾಗಿದೆ.",Sadness
ತುಂಬಾ ವರ್ಷ್‌ದಿಂದ ನನ್ಜೊತೆ ಒಟ್ಗೆ ಕೆಲ್ಸ ಮಾಡಿದ್ದೋಳು ಸಂಸ್ಥೆನ್ ಬಿಟ್ಹೋಗೋ ನಿರ್ಧಾರ ಮಾಡ್ದಾಗ ನಂಗ್ ನಾವಿಬ್ರು ಒಟ್ಟಾಗ್‌ ಕಳ್ದ್‌ ದಿನಗಳೆಲ್ಲ ನೆನ್ಪಾಗಿ ಒಂಥರ ಮಂಕ್‌ ಕವ್ದಂಗಾಗ್ಬಿಡ್ತು.,Sadness
ಈ ಷರ್ಟಿನ್‌ ಡಿಸೈನ್‌ ಎಷ್ಟ್‌ ಗಲೀಜಾಗಿದೆ ಅಂದ್ರೆ ನಾನ್‌ ನನ್ ಜೀವ್ಮಾನ್ದಲ್ಲೇ ಹಾಕೊಳಲ್ಲ ಇದ್ನ.,Disgust
"ನಂಗೆ ಟಿ.ವಿ. ರಿಪೇರಿ ಮಾಡ್ತಿದ್ದೋನ್ನ ನೋಡ್ಕೊಂಡ್ ನಿಂತಿರೋಕಾಗ್ಲಿಲ್ಲಪ್ಪ ಅಲ್ಲಿ, ಅವ್ನ್ ಪಿಂಕ್ ಷರ್ಟ್‌ ಪೂರ್ತಿ ಮಣ್ಣಿನ್ ಕಲೆಗಳಿದ್ವು.",Disgust
ನನ್ ಮನೆ ಪಕ್ಕದವನ್ ಅಜ್ಜಿ ತೀರಿಕೊಡ್ರು ಅಂತ ನೆಪ ಇಟ್ಕೊಂಡು ಅವ್ನು  ಕಂಪನಿಗೆ ಸೇರ್ಕೊಳ್ಳೋಕೆ ಹೋಗ್ಲಿಲ್ಲ. ಇದ್ನ ಕೇಳ್  ನಂಗೆ ಒಂಥರಾ ಆಯ್ತ್,Disgust
ನಂಗರೇ ಥಕಥಕ ಕುಣಿಯಹಂಗಾಗ್ಯಾದ ಯಾಕಂದ್ರ ನಂದ್ ಸ್ಟಾಕ್ ಪೋರ್ಟ್‌ಫೋಲಿಯೋ ಸದಾ ಮಾರ್ಕೆಟ್‌ನಾಗ್ ಮುಂದದ.,Happiness
ಅಬ್ಬಾ! ಈ ವಿದ್ಯುತ್ ಕುಕ್ಕರ್‌ನ ಎನರ್ಜಿ-ಎಫಿಷಿಯಂಟ್ ಫೀಚರ್ಸ್‌ ಭಾರೀ ಚೆನ್ನಾಗಿವೆ!,Surprise
"ನಾನ್ ಅಸೈನ್ಮೆಂಟ್‌ನ ಒಪ್ಕೊಳೋದೇನೋ ಒಪ್ಕೊಂಡ್ಬಿಟ್ಟೆ, ಆದ್ರೆ ಈಗ್‌ ಏನ್‌ ಮಾಡ್ಬೇಕೂಂತ್ಲೇ ತೋಚ್ತಿಲ್ಲ, ತಲೆಯೆಲ್ಲ ಖಾಲ್ಖಾಲಿ ಅನ್ಸ್ತಿದೆ.",Fear
"ಕೊನೆಗೂ, ನನ್ನಿಷ್ಟದ್ ಹೀರೋ ಮಾಡಿರೋ ಸಿನ್ಮಾ ೨ ವರ್ಷಗಳಾದ್ಮೇಲೆ ಬಿಡುಗಡೆ ಆಗ್ತಾ ಇದೆ, ಈ ಬಿಡುಗಡೆ ಒಳ್ಳೆ ಹಬ್ಬದ್‌ ಥರ ಅನ್ಸ್ತಿದೆ.",Happiness
ನಮ್ ಪಾಠಕ್ಕೋಸ್ಕರ ಚಟುವಟಿಕೆಗಳ್ನ ಯೋಜಿಸೋದಕ್ಕೆ ಪ್ರೇರಣೆ ಕಂಡ್ಕೊಳೋದು ಕಷ್ಟ ಆಗ್ತಿದೆ ನಂಗೆ.,Sadness
ಹಾಸಿಗೆ ತಯಾರ್ಸೋ ಕೆಲ್ಸದ್‌ ಬಗ್ಗೆ ನೀವ್‌ ಇಷ್ಟೊಂದ್‌ ಆಸಕ್ತಿ ವಹಿಸ್ತೀರ ಅಂತ ನಾನ್‌ ಊಹಿಸಿರ್ಲಿಲ್ಲ.,Surprise
ಹಳೆ ಪುಸ್ತಕಗಳ್ ಬೆಲೆ ನೋಡ್ತಿದ್ರೇ ಗಾಬ್ರಿ ಆಗತ್ತೆ ನಂಗೆ.,Fear
ನನ್ ಚಾಲನಾ ಕೌಶಲ್ಯ ಸುದಾರಿಸ್ತಾ ಇಲ್ಲ ಡ್ರೈವಿಂಗ್ ಶಾಲೆಯಿಂದ್  ತುಂಬಾ  ಹೆಚ್ಚುವರಿ ಕ್ಲಾಸ್ ತಗೊಂಡ್ ನಂತ್ರನೂ   ಅಂತ  ಸಿಟ್ ಬರ್ತಾ ಇದೆ.,Anger
ಈ ರೈಲಲ್ಲಿ ಅವ್ರಿಗೆ ಸರ್ಯಾದ್ ಚಹಾನೂ ಮಾಡೋಕ್‌ ಬರಲ್ಲ!,Anger
ಮೈಕ್ ಟೈಸನ್ ಇವಾಂಡರ್ ಹೋಲಿಫೀಲ್ಡ್‌ನ  ಕಿವಿನೇ ಕಚ್ಚಿ ತುಂಡ್‌ ಮಾಡೋ ದೃಶ್ಯ ನೋಡಿ ನಂಗ್‌ ವಾಂತಿನೇ ಬಂದ್ಬಿಡ್ತು.,Disgust
ಏನರೇ ಹುಚ್ಚುಚ್ಚ್‌ ಸಪ್ಪಳಾ ಮಾಡ್ಕೋತ್‌ ಇದೇನ್ ಫ್ರಿಜ್ಜಾ ಏನ್‌ ಡಿ.ಜೆ. ಆಗ್ಯಾದಾ ಅಂತ ನಂಗ್‌ ತಲಿಬಿಸಿ ಆಗ್ಲಿಕತ್ತದ!,Surprise
"ವಾಹ್, ಇವತ್ತು ನೀವ್‌ ಮಾಡಿದ್ದ್‌ ಸಹಾಯಕ್ಕೆಲ್ಲ ನಿಮ್ಗೆ ತುಂಬಾ ಧನ್ಯವಾದ ಸ್ಮಿತ್‌ ಅವ್ರೇ. ನಂಗ್  ನಿಜ್ವಾಗ್ಲೂ‌ ನಿಮ್ಮೀ ಗುಣ ಭಾಳ ಮೆಚ್ಗೆ ಆಯ್ತು!",Happiness
ತುಂಬಾ ಹೊತ್ ಪವರ್ ಇರ್ಲೇ ಇಲ್ಲ ಆಮೇಲ್ ಬಂದಾಗ್  ನಂಗ್ ಖುಷಿ ಆಯ್ತು.,Happiness
"ಕೆಲ್ವು ಅಭಿಮಾನಿಗಳು ಬೈಗುಳ, ಅವಾಚ್ಯ ಪದಗಳ್ನೆಲ್ಲ ಬಳ್ಸೋದು ಎಷ್ಟ್ ಕಿರ್ಕಿರಿ‌ ಆಗತ್ತೆ ಮನ್ಸಿಗೆ.. ಕೇಳ್ತಿದ್ರೆ ತಲೆನೋವೇ ಬಂದ್ಬಿಡತ್ತೆ ನಂಗೆ.",Disgust
"ನನ್ ಲ್ಯಾಪ್ಟಾಪ್ ಕ್ರ್ಯಾಷ್ ಆಗ್ಬಿಡ್ತು ನನ್‌ ಬಲ್ಲಿ ಡಾಟಾ ಬ್ಯಾಕಪ್ಪೇ ಇಲ್ಲಾ‌, ಏನ್‌ ಮಾಡ್ಬೇಕು ನಂಗ್‌ ಏನೇನೂ ತಿಳೀವಲ್ದು.",Sadness
ಆ ನರ್ಸ್ ಸೂಜಿನ ಸರ್ಯಾಗ್ ಚುಚ್ದೇ ಅವ್ನ್ ತೋಳಿಂದ ರಕ್ತ ಸೋರೋಕ್‌ ಶುರುವಾಗಿ ಎಲ್ಲಾ ಕಡೆ ಹರಡ್ಬಿಟಿತ್ತು.,Disgust
ಆ ನಟ ಅಷ್ಟು ದೃಢವಿಶ್ವಾಸ್‌ದಿಂದ ಸಾಲುಗಳ್ನ ಹೇಳ್ತ ಇದ್ರೆ ನಿರ್ದೇಶಕ್ರು ಇಷ್ಟಗ್ಲ ಕಣ್ಣ್‌ಬಿಟ್ಕೊಂಡ್‌ ನೋಡ್ತಾ ಇದ್ರು.,Surprise
"ಈ ಸ್ಮಾರ್ಟ್ ಹೋಮ್ ಸೆಕ್ಯುರಿಟಿ ಸಿಸ್ಟಮ್ಮಲ್ಲಿ ಮುಖ ಗುರುತ್ಸೋದೆಲ್ಲ ಇರತ್ತೆ ಅಂತ ನಾನ್ ಅನ್ಕೊಂಡಿರ್ಲಿಲ್ಲ, ಅಬ್ಬಬ್ಬಾ! ಅದೇನೇನೆಲ್ಲ ಬಂದಿದ್ಯಪ್ಪ ಈಗ!",Surprise
ವಿಯೆಟ್ನಾಮಲ್ಲಿ ವಸಂತಕಾಲ್ದಲ್ ನಡ್ಯೋ ಈ ಸಾಂಪ್ರದಾಯಿಕ್ವಾದ್ ಸುಗ್ಗಿ ಹಬ್ಬ ನೋಡಿ ನನ್‌ ಕಣ್ಣಿಗೂ ಹಬ್ಬ ಆಯ್ತು! ನಂಗ್‌ ಇಷ್ಟ್‌ ದಿನ ಇದ್ರ್‌ ಬಗ್ಗೆ ಗೊತ್ತೇ ಇರ್ಲಿಲ್ಲ.,Surprise
"ಆ ಹಾಡ್ಗಾರ ಹಾಡಿದ್ದೆಲ್ಲ ಪೂರ್ತಿ ಅಪಶ್ರುತಿನೇ, ಅದ್ ಕೇಳೇ ತಲೆನೋವ್‌ ಬಂದ್ಬಿಡ್ತು.",Disgust
"ನಾ ಹೋಗ್ತಿದ್ ವಿಮಾನ್ದಲ್ಲಿದ್ದೋನೊಬ್ಬ ಅವ್ನ್‌ ಪಕ್ಕದ್‌ ಸೀಟಲ್ಲಿದ್ದೋನು ಕಪ್ಪುಗಿದಾನೆ, ಅವ್ನ್‌ ಪಕ್ಕ ತಾನ್‌ ಕೂರಲ್ಲ ಅಂತೆಲ್ಲ ಅವ್ನಿಗ್‌ ಅವ್ಮಾನ ಮಾಡ್ತಾ ರಂಪ ಎಬ್ಸ್ತಿದ್ದಿದ್‌ ಕೇಳಿ ನಂಗ್‌ ತುಂಬಾ ಕಿರಿಕಿರಿ ಆಯ್ತು, ಅದ್ಯಾಕ್‌ ಹೀಗ್ಮಾಡ್ತಾರೆ.. ಛೇ.",Disgust
ಸೆಕೆಂಡ್‌-ಹ್ಯಾಂಡ್ ಪುಸ್ತಕಗಳ್ನ ಮಾರಾಟ ಮಾಡೋ ಅಂಗ್ಡಿ‌ ಸಿಕ್ಕಿದ್ದು ಎಷ್ಟ್‌ ಒಳ್ಳೇದಾಯ್ತು! ಎಷ್ಟೋ ಅಪರೂಪದ್ದು ಮತ್ತೆ ಜನಪ್ರಿಯವಾದ್ ಪುಸ್ತಕಗಳು ಕೈಗೆಟ್ಕೋ ಬೆಲೆಲಿ ಸಿಗತ್ವೆ ನಂಗಿಲ್ಲಿ.,Happiness
"ಹೊಸ ಬೈಕ್ ತಗೊಳುವಾಗ್  ನಂಗ್ ಆಶ್ಚರ್ಯ ಆಯ್ತು. ಬೈಸಿಕಲ್ ಮಾರೋನು ಕೆಲವ್ ಅನಿರೀಕ್ಷಿತ್  ಉಚಿತ ಉಡುಗೊರೆನ್  ಕೊಟ್ಟ,",Surprise
"ಅಲ್ಯೂಮಿನಿಯಂ ಮರುಬಳಕೆ ಘಟಕದಲ್ಲಿ ಕೆಲ್ಸ ಮಾಡೋಕೆ ಅಲ್ಲೀ ಪರಿಸ್ಥಿತಿ ನಿಜಕ್ಕೂ ಭಯಾನಕ್ವಾಗಿದೆ, ನಾನ್‌ ಅಲ್ಲಿಗ್‌ ಹೋದಾಗ್ಲೆಲ್ಲ ತಲೆಸುತ್ತಿ ವಾಂತಿನೇ ಬರೋ ಹಾಗಾಗತ್ತೆ.",Disgust
"ನಾ ಬ್ಯಾಂಕಿಗಿ ಹೋದಾಗ ಖರೇನೆ ಗಾಳ್ಯಾಗ್‌ ತೇಲ್ದಂಗ್ ಖುಷಿ ಆಗ್ಲಕತ್ತಿತ್ತು, ಅಲ್ಲಿ ನನ್‌ ಮಗಂದ್‌ ಖಾತಾ ಹದನೈದೇ ನಿಮಿಷ್ನ್ಯಾಗ ತಗದ್ಕೊಟ್ರು.",Happiness
ನಂಗ್ ಮತ್ತೆ ರ್ಯಾಂಪ್ ಮೇಲ್ ನಡ್ಯೋಕ್ಕಿಷ್ಟ ಇಲ್ಲ. ‌ಹೋದ್ಸಲ ತುಂಬಾ ನೋವಾಗೋ ಥರ ಬಿದ್ದಿದ್ದೆ ನಾನು..,Fear
"ಚೈನ್ನೈಲಿ ಪಕ್ಕಾ ತಮಿಳ್ನಾಡಿನ್ ಊಟ-ತಿಂಡಿ ತಿನ್ನೋದೂಂದ್ರೆ ಅದೊಂಥರ ಪ್ರಸಾದ ಇದ್ಹಾಗೆ, ನಂಗಂತೂ ತಿಂದಷ್ಟೂ ಇನ್ನೂ ಬೇಕೂಂತ್ಲೇ ಅನ್ಸತ್ತೆ.",Happiness
"ನಾನ್ ಈ ಪುಸ್ತಕನ ಹದಿನೈದ್ ದಿನ ಹಿಂದೆನೇ ಆರ್ಡರ್ ಮಾಡಿದ್ದೆ, ಆದ್ರೂ ಇನ್ನೂ ಒಂದ್ ಕನ್ಫರ್ಮೇಷನ್ ಮೇಲ್ ಕೂಡ ಬಂದಿಲ್ಲ ನಂಗೆ. ಅದ್ನ ಕಳ್ಸೋಕೆ ಇನ್ನೂ ಎಷ್ಟ್‌ ದಿನ ಬೇಕು ನಿಮ್ಗೆ?",Anger
ಪಾಳ್‌ಬಿದ್ದಿರೋ ಆ ಹಳೇ ದೇವಸ್ಥಾನ ಶಾಪಗ್ರಸ್ತವಾದ್ದು ಅಂತ‌ ಅವ್ರ್ ಹೇಳ್ದಾಗ ನಂಗ್‌ ಒಳಗ್‌ ಹೋಗಕ್ಕೇ ಭಯ ಆಗಿ ಬಾಗ್ಲಲ್ಲೇ ನಡುಗ್ಕೊಂಡ್ ನಿಂತಿದ್ದೆ.,Fear
ಸ್ಟಾಕ್ ಬೆಲೆಗಳು ಈ ಥರ ಕುಸೀತಾ ಇರೋದ್‌ ನೋಡ್ತಿದ್ರೆ ನಂಗ್‌ ತುಂಬಾ ಆತಂಕ ಆಗ್ತಿದೆ.,Fear
"ನಂಗ್  ಸ್ವಲ್ಪ ಹೆದ್ರಿಕೆ ಆಗ್ತಿದೆ. ನನ್ ಆಹಾರದ್  ನಿರ್ಬಂಧಗಳನ್ ಪರಿಗಣಿಸಿ, ನನ್ ಫುಡ್ ಆರ್ಡರ್  ಸರ್ಯಾಗ್ ಇರ್ತದ ಅಂತ.",Fear
ನಿಮ್ ಖಾತೆನ ಮುಚ್ಬೇಕು ಅಂತ ನೀವ್ ನಿರ್ಧಾರ ಮಾಡಿರೋದು ನಂಗ್‌ ಬೇಜಾರಾಗ್ತಿದೆ. ನಮ್ ಬ್ಯಾಂಕ್‌ ಜೊತೆಗಿನ್ ನಿಮ್ ಸಂಬಂಧ ನಮ್ಗೆ ತುಂಬಾ ಅಮೂಲ್ಯವಾದ್ದು. ನೀವಿನ್ನು ನಮ್ಜೊತೆ ವ್ಯವಹಾರ ಮಾಡೋಲ್ಲ ಅನ್ನೋದು ಬೇಜಾರಿನ್‌ ವಿಷ್ಯ.,Sadness
ಕಳೆದ್ ವೀಕೆಂಡಲ್ಲಿ ಟೆಲಿಸ್ಕೋಪ್ ಮೂಲಕ ಗುರು ಗ್ರಹ ಮತ್ತೆ ಅದ್ರ ಮೂರು ಉಪಗ್ರಹಗಳ್ ಫೋಟೋ ಕ್ಲಿಕ್ಕಿಸಿದ್ಮೇಲೆ ನನ್‌ ಮಗನ್ ಕಾಲು ನೆಲದ್‌ ಮೇಲೇ ಇರ್ಲಿಲ್ಲ.,Happiness
ವಿಶ್ವವಿದ್ಯಾಲಯದ್  ಕೆಫೆಟೇರಿಯಾದಲ್ಲಿನ್  ಉಟಾನ್  ತೆರ್ದೆ ಇಟ್ಟಿದ್ರು. ಇದ್  ಇಷ್ಟ್  ಒಳ್ಳೆದಿರುತ್ತೆ ಅಂತ ನಾನ್ ಅನ್ಕೊಂಡಿರ್ಲಿಲ್ಲ.,Surprise
ಸಮಯಕ್ ಸರ್ಯಾಗಿ ಔಷಧಿ ತಲುಪ್ಸಿದ್ದಕ್ಕೆ  ಧನ್ಯವಾದ. ಜೀವ ಉಳ್ಸೋರ್ ನೀವು.,Happiness
ಕೆಲ್ವು ವಿದ್ಯಾರ್ಥಿಗಳು ತಮ್ ಶಿಕ್ಷಕ್ರನ್ನ ಗೇಲಿ ಮಾಡೋ ಮೂಲ್ಕ ಅವ್ರಿಗ್ ಅಗೌರವ ತೋರ್ಸೋದು ನಿಜಕ್ಕೂ ಹೀನಾಯ.,Disgust
ನಿಮ್ಮಂಥ ಹಿರಿಯರು ಹೊಸ ಗ್ರಾಹಕರಾಗಿ ನಮ್ಮಲ್ಲಿ ಖಾತೆ ತೆರಿತಾ ಇರೋದು ನಮ್ ಪಾಲಿಗೆ ತುಂಬಾನೇ ದೊಡ್ಡ್‌ ವಿಷ್ಯ!,Surprise
"ಈ ಲೆಬನೀಸ್ ಊಟ ಮಸ್ತ್‌ ರುಚಿ ಅದ, ಸ್ವಾದ್ ಹೆಂಗ ನಾಜೂಕ್‌ ಹಿತಾ ಅದಲಾ.",Happiness
ಹೆಸರಾಂತ ವ್ಯಕ್ತಿ ಅನ್ಸ್‌ಕೊಂಡೋರು ಅವ್ರ್‌ ವೃತ್ತಿಬದುಕು ಮತ್ತೆ ವೈಯಕ್ತಿಕ ಅನುಭವಗಳ್ ಬಗ್ಗೆ ಹೆಚ್ಚಾಗಿ ಏನೂ ಹಂಚ್ಕೊಳ್ದೇ ಇದ್ರೆ ರೇಗ್ಹೋಗತ್ತೆ ನಂಗೆ.,Anger
"ಅಪ್ಪಾ,‌ ಆ ಡಾಕ್ಟ್ರು ಅವ್ರ್ ಕೈಯಲ್ಲಿ ದೊಡ್ಡು ಸೂಜಿ ಹಿಡ್ಕೊಂಡ್ ಬರ್ತಿದಾರೆ. ಅದು ತುಂಬಾ ಭಯಂಕರ್ವಾಗ್ ಕಾಣ್ತಿದೆ ನಂಗೆ.",Fear
ನನ್ ಟ್ಯಾಕ್ಸ್‌ ಫೈಲ್‌ ಮಾಡೋದ್‌ ಯಾಕ್‌ ಮರ್ತೆ ಶಾಲಿನಿ? ನಾನ್‌ ನೆನ್ನೆನೇ ಮಾಡ್ಬಿಡು ಅಂತ ಹೇಳಿರ್ಲಿಲ್ವಾ ನಿಂಗೆ?!,Anger
ನಾನ್ ಆತ್ಮವಿಶ್ವಾಸದಿಂದ್  ರಸ್ತೆಗೆ ಇಳಿಯೋ  ಮೊದ್ಲು ನನ್ ಡ್ರೈವಿಂಗ್ ಸ್ಕಿಲ್ ಗೆ  ಹೆಚ್ಚಿನ್  ಪರಿಶೀಲ್ನೆ ಬೇಕು ಅಂತ  ಡ್ರೈವಿಂಗ್ ಸ್ಕೂಲ್ ಹೇಳ್ದಾಗ  ನಂಗ್   ಸ್ವಲ್ಪ ನಿರಾಸೆ ಆಯ್ತು.,Sadness
ನಾನ್ ನಿಮ್ ಜೊತೆ ಸರ್ಯಾಗ್ ಮಾತಾಡಲ್ಲ ಅನ್ನೋದ್ನೇ ನೆಪ ಮಾಡ್ಕೊಂಡು ನೀವ್ ನನ್ನನ್ನ ಬೋರ್ಡಿಂಗ್ ಸ್ಕೂಲಿಗ್‌ ಸೇರ್ಸಕ್‌ ನೋಡ್ತಿಲ್ಲ ತಾನೇ?!,Fear
ನಿಮ್ ಸಂಗೀತ ಮತ್ತೆ ನೃತ್ಯದ್‌ ಪಾಠಗಳ್‌ ಬಗ್ಗೆ ನಿಮ್ಗೆ ನಿಜ್ವಾಗ್ಲೂ ಗಂಭೀರ್ವಾದ್ ಆಸಕ್ತಿ ಇರೋದೇ ಆದ್ರೆ ಈ ತರಗತಿ ನಿಮ್ಗೆ ಬಾಕಿ ಎಲ್ಲಕ್ಕಿಂತ ಹೆಚ್ಚಿನ ಆದ್ಯತೆ ಆಗಿರ್ಬೇಕು. ಆದ್ರೆ ನಂಗೇನ್‌ ಅಂಥ ಆಸಕ್ತಿ ಕಾಣ್ತಿಲ್ಲ ನಿಮ್ ಯಾರಲ್ಲೂ!,Anger
ನಾನ್  ಟಿಕೆಟ್ ಬುಕ್ ಮಾಡೋವಾಗ ರೈಲ್ವೆ ಬುಕಿಂಗ್ ಗುಮಾಸ್ತ ನನ್ ಜೊತೆ  ಅಸಭ್ಯವಾಗ್  ನಡ್ಕೊಂಡಾಗ  ನಂಗ್ ಕಿರ್ಕಿರಿ ಆಯ್ತು.,Anger
ಎ.ಟಿ.ಎಂ.ಅಲ್ಲಿ ಚೇಂಜ್ ತಗೊಳಕ್ಕಾಗಿದ್ದು ನಂಗ್‌ ಖುಷಿ ಆಯ್ತು.,Happiness
"ಮಾಡ್ಯುಲರ್ ಕಿಚನ್ ಇನ್ಸ್ಟಾಲ್ ಮಾಡೋವಾಗ ನಮ್‌ ಆಚಾರಿಗಿರೋ ಕೌಶಲ್ಯ, ಸಣ್‌ ಸಣ್ ವಿಷ್ಯಕ್ಕೂ ‌ಅಷ್ಟ್ ಗಮ್ನ ಕೊಡ್ತಿದ್ದಿದ್ದು ಅದ್ನೆಲ್ಲ ನೋಡೋಕ್ಕೇ ಖುಷಿ ಆಗೋದು.",Happiness
ಈ ಬಾಡ್ಗಿ ಜಾಗಾದಾಗ ಮನಿ ಒಳಗಾ ಆಫೀಸ್‌ ಕಟ್ಸ್ಯಾರಂತ ನೋಡಿ ನಂಗ ಅಗಾಧಾಯ್ತು.,Surprise
"ಅಷ್ಟೆಲ್ಲ ಸರ್ಕಸ್‌ ಮಾಡಿ ಇ.ಪಿ.ಎಫ್.ಒ. ದುಡ್ಡನ್ ತಗೊಳೋಷ್ಟ್ರಲ್ಲೇ ಸುಸ್ತಾಗೋಗತ್ತೆ, ನಾನದ್ಕೋಸ್ಕರ ಇನ್ಯಾವತ್ತೂ ಪ್ರಯತ್ನನೇ ಮಾಡಲ್ಲ.",Disgust
ಟೆನಿಸ್ ಚೆಂಡನ್ನ ಸರ್ವ್ ಮಾಡೋದ್ರಲ್ಲಿ ನಾನ್ ಚೆನ್ನಾಗ್‌ ಪಳಗ್‌ಬಿಟಿದೀನಿ ಈಗ. ಬರೀ ಸರ್ವ್‌ ಮಾಡ್ಕೊಂಡೇ ಮ್ಯಾಚಲ್ಲೆಲ್ಲ ಸುಮಾರಷ್ಟು ಸೆಟ್‌ಗಳ್ನ ಗೆದ್ದಾಗಿದೆ ನಾನು.,Happiness
"ಶ್ರೀ ಸುಬ್ರಮಣಿಯನ್ ಅವ್ರು ಭಾಳ ಮಜ್ವಾಗ್ ಮಾತಾಡೋ ಹಾಸ್ಯಗಾರ. ಅವ್ರ್ ಕಾರ್ಯಕ್ರಮಕ್ಕೆ ಹೋಗಿದ್ದಿದ್ದು ತುಂಬಾ ಒಳ್ಳೆದಾಯ್ತು, ಪಾರ್ವತಿ.",Happiness
ಹೊಸ ರೆಸ್ಟೋರೆಂಟಲ್ಲಿ ವೇಟರ್‌ಗಳು ಎಷ್ಟ್ ಹೊತ್ತಾದ್ರು ನನ್ ಟೇಬಲ್ ಕಡೆ ಬರ್ದೇ ಇದ್ದಿದ್ದು ನನ್‌ ತಾಳ್ಮೆ ಕೆಡಿಸ್ತು. ಇನ್ಯಾವತ್ತೂ ಅಲ್ಲಿ ಕಾಲಿಡಲ್ಲ ನಾನು.,Disgust
ಪಾಠ ಮಾಡಕ್ ಪ್ರಾರಂಭ ಮಾಡೋ ಮೊದ್ಲು ನಂಗ್ ಯಾವಾಗ್ಲೂ ಒಂದ್ ಸಣ್ ಭಯ ಇದ್ದೇ ಇರುತ್ತೆ.,Fear
"ಸೀನಿಯರ್ ಕ್ಲೈಂಟ್ ಮ್ಯಾನೇಜ್‌ಮೆಂಟ್‌ ಟೀಮ್ನೋರು ಈ ಹೊಸ ಯೋಜ್ನೆಗ್‌ ಸಂಬಂಧಪಟ್ಟ್‌ಹಾಗೆ ನಮ್‌ ಸ್ಟ್ರ್ಯಾಟಜಿನೆಲ್ಲ ಚರ್ಚೆ ಮಾಡ್ಬೇಕಿದ್‌ ಮುಖ್ಯವಾದ್‌ ಮೀಟಿಂಗಿಗೇ ಬರ್ಲಿಲ್ಲ, ನಂಗಂತೂ ಅವ್ರ್‌ ಮೇಲ್‌ ಕೆಂಡಕಾರೋಷ್ಟ್‌ ಕೋಪ ಬಂದಿತ್ತು.",Anger
ಹ್ಞೂ ಅಂತ ತಾಸಿನ್‌ ಲೆಕ್ಕಕ್ಕ ರೊಕ್ಕಾ ಯಳ್ಕೊಂಡ್ರುನೂ ಉಪಯೋಗ ಆಗ ಅಂಥಾದೇನೂ ತಿಳಿಸ್ಹೇಳಲ್ಲಲಾ ಅಂಥಾ ಕೌನ್ಸೆಲರ್‌ಗಳಂದ್ರ ನಂಗ ಥೂ ಇವ್ರ ಜನ್ಮ ಅಂತನಸ್ತದ.,Disgust
ಆ ಬೇಕ್ರಿಯೋರು ಹೇಳಿದ್ ಸಮಯಕ್  ಸರ್ಯಾಗಿ ಕೇಕ್ ತಲ್ಪಿಸ್ಲೇ ಇಲ್ಲ ಅಂತ ನಂಗೆ ಪಿತ್ತ ನೆತ್ತಿಗೇರ್ಬಿಟಿತ್ತು.,Anger
ನಾವು ಬ್ಯಾಂಕ್ ಲಾಕರ್‌ಗೇಂತ ದುಡ್ಡ್‌ ಕೊಟ್ಟಿದ್ರೂ ಈ ಲಾಕರ್ ರೂಮೆಲ್ಲ ಬೂಸ್ಟ್‌ ಹತ್ತಿ ಕೆಟ್ಟ್ ವಾಸ್ನೆ‌ ಬರ್ತಿರೋದ್ನೋಡುದ್ರೆ ‌ನಂಗ್ ಒಳಗ್‌ ಹೋಗಕ್ಕೇ ಮನ್ಸ್‌ ಬರ್ತಿಲ್ಲ.,Disgust
ಸ್ವಾಸ್ಥ್ಯಾಕ್ ಛಲೋ ಅಂತ ಗೊತ್ತದ ಯವ್ವಾ ಅಂದ್ರೂ ಆ ಬ್ರೊಕೊಲಿ ಬಾಯಾಗ ಹಾಕ್ಕೋಳಿಕ್ಕೀ ನಂಗ್ ಆಗಂಗಿಲ್ಲ.,Disgust
"ಇನ್ನೊಂದೆರ್ಡ್ ದಿನ್ದಲ್ಲೇ ಅಂಗ್ಡಿ ತೆರಿಬೇಕು‌, ಅಷ್ಟ್ರಲ್ಲಿ ನಾನ್ ಮುಗಿಸ್ಬೇಕಿರೋ ಕೆಲ್ಸಗಳ್‌ ರಾಶಿ ನೋಡ್ತಿದ್ರೆ ತಲೆಯೆಲ್ಲ ಧಿಮ್‌ ಅಂದು ಭಯ ಆಗ್ತಿದೆ.",Fear
"ಒಂದ್ವಾರದ್ ಹಿಂದೆ ತಂದಿದ್ದಿದ್ ಬ್ರೆಡ್ ತಿಂದ್ಮೇಲೆ ನಂಗೆಲ್ಲ್‌ ಹುಷಾರ್‌ ತಪ್ಪತ್ತೋ ಅಂತ ಭಯ ಆಗ್ತಿದೆ ಈಗ. ಗಂಟ್ಲು, ಹೊಟ್ಟೆಲೆಲ್ಲ ಒಂಥರಾ ಕಿರ್ಕಿರಿ.. ಫುಡ್‌ ಪಾಯ್ಸನಿಂಗ್‌ ಏನಾದ್ರೂ ಆಗ್ಬಿಟಿದ್ಯಾ?",Fear
ಈ ಮೊದ್ಲು ತುಂಬಾ ಆಕ್ಟಿವ್ ಇದ್ದ  ನನ್ ಸಂಬಂಧಿ ಅಲ್ಝೈಮರ್ ಕಾಯಿಲೆಯಿಂದ್  ಸುತ್ತ ಇರೋ ಜಗತ್ತನ್ನೇ  ಮರ್ತಿದ್ದಾರೆ ಅಂತ ಕೇಳಿ ನಂಗ್ ದುಃಖ ಆಯ್ತು.,Sadness
ಯು.ಎಸ್. ಸೆನೆಟ್ಟಲ್ಲಿ ಮೋದಿಯವ್ರನ್ನ ಗೌರವಿಸ್ದಾಗ‌ ಆನಂದಕ್ಕೆ ನಂಗ್ ಮಾತೇ ಹೊರಡ್ಲಿಲ್ಲ.,Happiness
"ತನ್ನ್ ಸ್ವಂತ ಲಾಭಕ್ಕೋಸ್ಕರ ಇನ್ನೊಬ್ರ ಆಲೋಚ್ನೆಗಳ್ನ, ವಿಚಾರ್‌ಗಳ್ನ ಕದ್ದಿರೋ ವ್ಯಕ್ತಿ ಇರೋ ಕಡೆ ನಾನ್‌ ಒಂದ್ ಕ್ಷಣನೂ ಇರೋಕ್‌ ಇಷ್ಟಪಡಲ್ಲ.",Disgust
ಹೊಸ ಕ್ಲೈಂಟ್ ಬಗ್ಗೆ ನಾನ್‌ ಅಷ್ಟೆಲ್ಲ ಎಚ್ಚರ್ಕೆ ಹೇಳಿದ್ರೂ ಅದ್ಹೇಗ್‌ ಅದ್ನೆಲ್ಲ ಅಷ್ಟ್ ಲಘುವಾಗ್ ತಗೊಂಡ್ರಿ ನೀವು! ಸ್ವಲ್ಪನಾದ್ರೂ ಜವಾಬ್ದಾರಿ ಬೇಡ್ವೇನ್ರಿ!,Anger
ಈ ಒಳಚರಂಡಿ ಸಂಸ್ಕರಣಾ ಘಟಕದ್‌ ಹತ್ರ ಓಡಾಡ್ವಾಗ ಮೂಗಿಗ್‌ ಬಡ್ಯೋ ಗಬ್ಬು ವಾಸ್ನೆ ನಂಗ್ ತಡ್ಕೊಳಕ್ಕಾಗಲ್ಲ.,Disgust
ಆನ್ಲೈನ್ ಕ್ಲಾಸ್‌ಗಳು ಸಖತ್ತಾಗಿವೆ. ನಾನು ಸುಮ್ನೇ ನನ್ ಲ್ಯಾಪ್ಟಾಪ್ ಆನ್ ಮಾಡಿ ಮೀಟಿಂಗ್‌ಗೆ ಸೇರ್ಕೊಂಡು ಆಮೇಲೆ ಗಡದ್ದಾಗಿ ನಿದ್ದೆ ಹೊಡೀಬೋದು.. ಯಾರ್ಗೂ ಗೊತ್ತಾಗಲ್ಲ.,Happiness
ನನ್ನ ಒಡಹುಟ್ಟಿದವ್ರು ದೂರದೂರದ ಊರುಗಳಿಗೆ ಹೋದ್ಮೇಲೆ ಅವ್ರನ್ನೆಲ್ಲ ತುಂಬಾ ಮಿಸ್ ಮಾಡ್ಕೊಳ್ತಾ ಇದ್ದೇನೆ ನಾನು. ಅವ್ರು ಇನ್ನೂ ಇಲ್ಲಿಯೇ ಇರ್ಬೇಕಿತ್ತಂತ ಸದಾ ಅನ್ನಿಸ್ತದೆ ನಂಗೆ.,Sadness
ಧತ್..‌ ಈ ಗುತ್ತಿಗೆದಾರ್ರು ಮತ್ತೆ ರಾಜಕಾರಣಿಗಳು ಜನ್ರಿಗೆ ಸಹಾಯ ಮಾಡೋದ್ಬಿಟ್ಟು ಯಾವಾಗ್ಲೂ ಬರೀ ದುಡ್ಡ್ ಮಾಡೋಕೇ ನೋಡ್ತಿರ್ತಾರೆ.,Disgust
"ನಮ್‌ ಫ್ರಿಜ್ಜಲ್ಲಿ  ಕೂಲಿಂಗ್‌ ಸಮಸ್ಯೆ ಆಗಿ ನಾನ್‌ ಭಾಳ ದಿನದಿಂದ ಒದ್ದಾಡ್ತಿದ್ದೆ, ಆದ್ರೆ ಅದ್ನೀಗ ಮೆಕಾನಿಕ್ ಆಗಿರೋ ನಿಮ್‌ ಸಹಾಯ್ದಿಂದ ಬಗೆಹರಿಸ್ಕೋಬೋದು ಅಂತಾಗಿ ನಿರಾಳ ಆಯ್ತು ನಂಗೆ.",Happiness
ಒಳ್ಳೆ ದನ ನುಗ್ದಂಗ್‌ ನುಗ್ಗಿ ನಾನ್‌ ನನ್‌ ಮೊಬೈಲ್ನೇ ಬೀಳ್ಸ್‌ಕೊಳೋ ಹಾಗ್‌ ಮಾಡ್ಬಿಟ್ರಲ್ರೀ!,Anger
"ನನ್ ಸೆಕೆಂಡ್ ಹ್ಯಾಂಡ್ ಪುಸ್ತಕಕ್ಕೆ ಆ ಪುಸ್ತಕ ಮಾರಾಟಗಾರ್ರು ನ್ಯಾಯವಾದ್ ಬೆಲೆ ‌ಕಟ್ತಾರೆ ಅನ್ನೋ ಗ್ಯಾರಂಟಿ ಇಲ್ಲ, ಅದ್ಕೇ ನಂಗದ್ನ ಮಾರೋಕೇ ಹಿಂಜರ್ಕೆ ಆಗತ್ತೆ.",Fear
ನಾನ್‌ ಮಾತಾಡ್ವಾಗ್ಲೆಲ್ಲ ಮಧ್ಯ ಬಾಯ್‌ ಹಾಕಿ ನಾನ್‌ ಏನ್‌ ಹೇಳ್ಬೇಕು ಅಂತಿದೀನೋ ಅದ್ನ ಸರ್ಯಾಗ್‌ ಹೇಳಕ್ಕೇ ಬಿಡ್ದೇ ಇರೋ ನಿನ್‌ ಸ್ವಭಾವದಿಂದ ನಮ್‌ ಸಂಬಂಧನೇ ಬಿಗಡಾಯ್ಸ್ತಿರೋದು ನಿಂಗ್‌ ಅದ್ಹೇಗ್‌ ಕಾಣ್ತನೇ ಇಲ್ಲ ಅಂತ ನಂಗ್ ಅರ್ಥನೇ ಆಗ್ತಿಲ್ಲ!,Surprise
ಫುಟ್ಬಾಲ್ ವಿಶ್ವಕಪ್ಪಲ್ಲಿ ನನ್ನಿಷ್ಟದ್ ತಂಡ ಒಂದಾದ್ಮೇಲೊಂದ್‌ ಪಂದ್ಯದಲ್ಲಿ ಸೋಲ್ತಲೇ ಇದ್ದಿದ್‌ ನೋಡಿ ನಂಗ್‌ ಬೇಜಾರಿಂದ ಮನ್ಸೆಲ್ಲ ಕುಗ್ಗ್‌ ಹೋಗಿತ್ತು.,Sadness
ಭೇಷ್! ನೀವ್ ನಿಜ್ವಾಗ್ಲೂ ಚೆನ್ನಾಗ್ ಕೆಲ್ಸ ಮಾಡಿದೀರಿ. ಕಾರ್‌ ಅಂತೂ ಹೊಚ್ಚ ಹೊಸ್ದು ಅನ್ನೋ ಹಾಗ್ ಕಾಣ್ತಿದೆ!,Surprise
ಪಂದ್ಯ ನೋಡಕ್ಕೇಂತ ನಾನೇನಾದ್ರೂ ಮಧ್ಯರಾತ್ರಿಲ್ ಎದ್ರೆ‌ ನಮ್ಮಪ್ಪ ನಂಗೆ ಗ್ರಾಚಾರ ಬಿಡಿಸ್ಬೋದು.,Fear
"ಬೆಳ್ಯೋ ವಯಸ್ಸಲ್ಲಿ, ನಂಗ್ ನನ್ ಶಿಕ್ಷಕ್ರ ನಿರೀಕ್ಷೆಗಳ್ನ ಪೂರೈಸಕ್ ಆಗತ್ತೋ ಇಲ್ವೋ ಅಂತ ಯಾವಾಗ್ಲೂ ಭಯ ಕಾಡೋದು.",Fear
ಈ ವಿಳಾಸನ ಸರ್ಯಾಗ್‌ ಗುರ್ತಿಸೋದ್ರಲ್ಲಿ  ಗೊಂದಲ ಆಗ್ತಿದೆ. ನಾವೆಲ್ಲ್‌ ಕಳ್ದ್‌ಹೋಗ್ತೀವೋ ಅಂತ ಆತಂಕ ನಂಗೆ.,Fear
"ಅಯ್ಯ ರಾಮಾ, ನಾ ನನ್‌ ಹೋಟಲ್‌ ರೂಮಿನ್‌ ಬಾಗ್ಲಾ ತಗೀಲಿಕ್‌ ಬರ್ಲಾರ್ದೇ ಹೊರಗ ಸಿಗಿಬಿದ್ದೀನಿ ಹೆಂಗ ಮಾಡ್ಲಿ.",Sadness
ನನ್ ಮಾಡ್ಯುಲರ್ ಕಿಚನ್‌ಗೆ‌ ಆ ಬಡಗಿ ಎಲ್ಲನೂ ತಪ್ಪ್ ತಪ್ಪಾಗ್ ಅಳತೆ ಮಾಡಿಟ್ಟಿದ್ದಿದ್ನೋಡಿ ಅವ್ನ್‌ ಬಗ್ಗೆ ಬೇಜಾರಾಗೋಯ್ತು.,Sadness
ವಾಯುವ್ಯ ಗಡಿನಾಡಲ್ಲಿ ಒಬ್ಬೊಬ್ರೇ ಊರ್‌ ಸುತ್ತೋಕ್‌ ಹೋಗೋರ್ಗೆ ಅಲ್ಲ್‌ ಸಿಗೋ ಟ್ಯಾಕ್ಸಿಗಳು ಅಷ್ಟೇನ್ ಸುರಕ್ಷಿತ ಅಲ್ಲ ಅನ್ಸತ್ತಪ.,Fear
ಆ ಟೂರಿಸ್ಟ್ ಆಪರೇಟರ್ ಬುಕ್ ಮಾಡಿದ್ದಿದ್ ಹೋಟೆಲಲ್ಲಿ ರೂಂಗಳಲ್ಲೆಲ್ಲ ರಾಶ್ರಾಶಿ ಜಿರಳೆಗಳಿದ್ವು. ಈಗ್‌ ನೆನುಸ್ಕೊಂಡ್ರು ಮೈಯಲ್ಲೆಲ್ಲ ಅವೇ ಹರ್ದಾಡ್ದಂಗಾಗತ್ತೆ ನಂಗೆ.,Disgust
ನಮ್‌ ಕುಟುಂಬ್ದೋರ್‌ ನಡೆಸ್ತಿದ್ದಿದ್ ವ್ಯಾಪಾರ ನಿಂತ್ಹೋಗಕ್ಕೆ ನಾನೇ ಕಾರಣ ಅಂತ ನೀವ್‌ ಅದ್ಹೇಗ್‌ ನನ್ಮೇಲ್‌ ಆರೋಪ ಮಾಡ್ತಿದೀರ? ನಿಮ್‌ ಜೊತೆ ಮಾತಾಡಕ್ಕೂ ಅಸಹ್ಯ ಆಗ್ತಿದೆ.,Disgust
ಬೀದಿಗಳಲ್ಲಿ ಕಲೆಗಳ್ನ ಪ್ರದರ್ಶಿಸೋರಲ್ಲಿ ಅಷ್ಟ್ ಒಳ್ಳೆ ಪ್ರತಿಭೆ ಇರ್ಬಹುದು ಅಂತ್ ನಾನ್‌ ಕನ್ಸಲ್ಲೂ ಅನ್ಕೊಂಡಿರ್ಲಿಲ್ಲ.,Surprise
"ಇದು ಯಾವತ್ತಿಗೂ ನಂಗ್‌ ತುಂಬಾ ಇಷ್ಟವಾದ್‌ ತಿಂಡಿ, ನಂಗೇನಾದ್ರೂ ಬಿಟ್ರೆ ಇಡೀ ದಿನ ನಾನ್ ಇದ್ನೇ ತಿಂತೀನಿ.",Happiness
"ಇಲ್ಲಿ ನಮ್ಗೆ ಈಗಾಗ್ಲೇ ಬಳ್ಸಿದ್ರೂ ಒಳ್ಳೆ ಸ್ಥಿತಿಲಿರೋ ಒಂದಷ್ಟ್ ಪುಸ್ತಕಗಳೆಲ್ಲ ಸಿಗತ್ವೆ ಅಂತ ದೊಡ್ದಾಗ್‌ ಹೇಳ್ಬಿಟ್ರು ಅವ್ರು, ಇಲ್ನೋಡುದ್ರೆ ಬರೀ ಪುಟಗಳೆಲ್ಲ ಹರ್ದ್‌ ಹೋಗಿರೋ ಪುಸ್ತಕಗಳೇ ಇವೆ.",Anger
ಏನ್ ಮಂದಿ ಆ ಈವೆಂಟ್‌ ಮ್ಯಾನೆಜರ್ಗ ಹೊಗಳಿ ಹೋಗ್ಯಾರ ಅಂದ್ರನೂ ಅವಾ ಭಾಳಭಾಳ ಕಡಿ ಏನೂ ಛಂದ ವ್ಯವಸ್ಥಾ ಮಾಡಿರ್ಲಿಲ್ಲಾ.‌ ಹಿಂಗ ತಾಳಿಲ್ಲಾ ತಂತಿಲ್ಲಾ ಅಂದ್ರ ತಲಿ ಕೆಡ್ತದ.,Anger
"ಅಯ್ಯೋ, ರಾತ್ರಿ ಊಟಕ್ ಅಡ್ಗೆ ಮಾಡಕ್ಕೆ ತಾಜಾ ತರ್ಕಾರಿಗಳ್ನ ಕೊಂಡ್ಕೊಳೋದೇ ಮರ್ತ್‌ಹೋಯ್ತು, ಏನ್‌ ಹಾಳ್‌ ಮರೆವಪ್ಪ ನಂಗೆ.",Sadness
"‌ನಾವ್ ಯಾವಾಗ್ಲೂ ಕರೆಂಟ್ ಕೊಡ್ಬೇಕು ಅಂತ್ಲೇ ಪ್ರಯತ್ನಿಸ್ತೀವಿ, ಆದ್ರೆ ಸರ್ಕಾರ ಹೊಸ ಉಪಕರಣಗಳ್ನ ತೊಗೊಳೋದಕ್ಕೆ ಒಪ್ಗೆ ಕೊಡ್ತಿಲ್ಲ, ಎಲ್ಲ ಕಡೆ ಬರೀ ಭ್ರಷ್ಟರೇ ತುಂಬ್ಕೊಂಡಿದಾರೆ, ಛೆ!",Disgust
ಆ ಹಾಳಾಗಿರೋ ತಿಂಡಿ ತಿಂದ್ಮೇಲೆ ಯಾಕೋ ನೀವ್‌ ಹುಷಾರಾಗಿರೋ ಥರ ಕಾಣ್ತಿಲ್ಲ. ನಿಮ್ ಮುಖ ನೋಡಿದ್ರೆ ನಿಮ್ ಆರೋಗ್ಯ ಕೆಟ್ಟಿದೆ ಅನ್ಸ್ತಿದೆ.,Fear
ಅವ್ನು ಚೆಂಡಿನ್‌ ಜೊತೆಗೆ ತುಂಬಾ ವೇಗ್ವಾಗ್ ಓಡ್ತಾನೆ!,Surprise
ಆ ಸಿನ್ಮಾದಲ್ಲಿ ಮತಾಂಧ್ರು ಅಷ್ಟ್ ಚಿಕ್ ಹುಡ್ಗನ್ನ ಗುಂಡಿಕ್ಕಿ ಕೊಲ್ಲೋದ್ ನೋಡ್ತಾ ನಾನ್‌ ಕಣ್ಣೀರಾದೆ.,Sadness
"ನಾನ್ ನನ್ ಹೋಟೆಲ್ ರೂಮ್ ಒಳ್ಗೆ ಹೋಗಕ್ ಅವಾಗಿಂದ್ ಪ್ರಯತ್ನ ಮಾಡ್ತಾ ಇದ್ದೀನಿ,  ಆದ್ರೆ ಬಾಗ್ಲು ಒಂದ್ ಚೂರೂ  ಅಲುಗಾಡ್ತಿಲ್ಲ, ಮತ್ ಇಲ್ಲಿ  ಇರೋರ್ ಯಾರೂ ಸಹಾಯ ಮಾಡಕ್  ಮುಂದ್  ಬರ್ತಿಲ್ಲ ಅಂತ ಸಿಟ್ ಬರ್ತಾ ಇದೆ.",Anger
ಆ ಕಿತ್ಳೆ ಹಣ್ಣ್‌ಗಳು ಕೆಟ್ಟ್ ವಾಸ್ನೆ ಹೊಡೀತಿವೆ.. ಮುಟ್ಟಿದ್ರೆ ಮೆತ್ಮೆತ್ಗೆ ಕೈಗೆಲ್ಲ ಮೆತ್ಕೊಳೋ ಥರ ಆಗೋಗಿವೆ.,Disgust
"ಅಪಾರ್ಟ್ಮೆಂಟಿನ್ಯಾಗ್‌ ಅಲ್ಲಿ ಹೊಳ್ಳಿಹೊಗಬೇಕಲಾ ಅಲ್ಲಿ ಭಾಳ ಗಾಬ್ರ್ಯಾಗ್ತದ, ಸಣ್‌ ಹುಡುಗ್ರು ಯಲ್ಲಂದಲ್ಲಿ ಓಡ್ಕೋತ ಹೋಗ್ತಾವ, ಯಲ್ಲಿ ಅವ್ರಿಗಿ ಗಾಡಿ ಹಾಯ್ಸತೀನಿ ಅಂತ ಅಂಜ್ಕಿ ಬರ್ತದ.",Fear
ಮಸೂರಿಲಿ ಊಟ ತುಂಬಾನೇ ರುಚ್ಯಾಗಿತ್ತು. ನನ್ ಜೀವನ್ದಲ್ಲಿ ಇದುವರ್ಗೂ ತಿಂದಿರೋದ್ರಲ್ಲೇ ಬೆಸ್ಟ್ ಮಲೈ ಕೋಫ್ತಾ ತಿಂದೆ ನಾನಲ್ಲಿ.,Happiness
"ಈ ವಸ್ತುಸಂಗ್ರಹಾಲಯನ ಸ್ವಲ್ಪನೂ ಸರ್ಯಾಗ್ ನೋಡ್ಕೊಂಡಿಲ್ಲ, ಅದೆಷ್ಟ್ ಕತ್ಲೆ, ಕೊಳ್ಕು ತುಂಬ್ಕೊಂಡಿದೆ ಇಲ್ಲೀಂದ್ರೆ ಒಳಗ್‌ ಹೋಗಕ್ಕೇ ಅಸಹ್ಯ ಆಗತ್ತೆ.",Disgust
ದಿವಾಳಿ ಆಗ್ತಿರೋ ಕಾರ್ಪೊರೇಷನ್‌ಗಳ್ಗೆ ಸರ್ಕಾರ ಸಾರ್ವಜನಿಕ್ರ ಹಣದಿಂದ ಜಾಮೀನ್ ಕೊಡ್ಸೋದು‌ ನಂಗ್‌ ರಕ್ತ ಕುದ್ಯತ್ತೆ.,Anger
ನಾನ್ ಹೇಳ್ದೆ ಕೇಳ್ದೆ ಮಧ್ಯರಾತ್ರಿಲ್‌ ಬಂದು ಬಾಗ್ಲು ತಟ್ದಾಗ ನಮ್ಮಪ್ಪ ಅಮ್ಮಂಗೆ ಆಶ್ಚರ್ಯ ಆಗೋಯ್ತು.,Surprise
ನಾವಷ್ಟುದ್ದ ಸಾಲಾಗ್‌ ನಿಂತ್ಕೊಂಡ್‌ ಕಾಯ್ತಿದ್ರೆ ಅವ್ರ್‌ ಯಾರೋ ಮಧ್ಯ ಬಂದು ತಮ್‌ ವಸ್ತುಗಳ್ನ ಬಿಲ್‌ ಮಾಡ್ಸಕ್‌ ಹೋದಾಗ ನಂಗ್‌ ಸಿಕ್ಕಾಪಟ್ಟೆ ರೇಗ್ಹೋಯ್ತು.,Anger
"ನಮ್ ಅಂಗ್ಡಿಲಿ ಸ್ನೇಹ, ವಿಶ್ವಾಸದ್‌ ವಾತಾವರಣನೇ ಇಲ್ಲ. ಕೆಲ್ಸದೋರೆಲ್ಲ ಗುಮ್ಮ್‌ ಅಂತಿರ್ತಾರೆ.",Sadness
ಈ ಬಿಸಿನೆಸ್ಸು ಆನ್ಲೈನ್ಯಾಗ ಎಷ್ಟಕ್ಕೊಂದ್‌ ಪೇಮೆಂಟ್‌ ಆಪ್ಷನ್ಸ್‌ ಕೊಟ್ಟದಂತ್‌ ನೋಡಿ ನಂಗ್ ಅವಾಕ್‌ ಆಗಿತ್ತ.,Surprise
"ಭಾರತೀಯ್ರು ಕಾಂಬೋಡಿಯಾ, ವಿಯೆಟ್ನಾಮ್ ಅಥ್ವಾ ಇಂಡೋನೇಷ್ಯಾಕ್ ಹೋದಾಗ ನಮ್ಗೆ ಜಾಸ್ತಿ ಲಾಭ ಸಿಗುತ್ತೆ ಅಂತ ಈಗಷ್ಟೇ ಗೊತ್ತಾಯ್ತು ನಂಗೆ!",Happiness
"ನಾನ್‌ ಯಾವಾಗ್ಲೂ ನನ್‌ ರಿಯರ್‌ವ್ಯೂ ಮಿರರ್‌ನ ನೋಡ್ತಲೇ ಇರ್ತೀನಿ, ಅದ್ರಲ್ಲೂ ಹಿಂದ್ಗಡೆ ಸಿಟಿ ಬಸ್‌ ಬರ್ತಿದೆ ಅಂದ್ರೆ ಕಣ್ ಮಿಟುಕ್ಸಕ್ಕೂ ಭಯ ನಂಗೆ. ಅವಕ್ಕೆ ಬ್ರೇಕೇ ಇರಲ್ಲ ಅನ್ಸತ್ತೆ.",Fear
ಈ ತಿಂಗ್ಳು ನನ್ ಅಕೌಂಟಿಗ್‌ ಅನ್ಯೂಇಟಿ ಬಂದಿರೋದ್‌ ನೋಡಿ ಎಷ್ಟೋ ನೆಮ್ದಿ ಆಯ್ತು ನಂಗೆ.,Happiness
ನನ್ಹತ್ರ ಎರಡ್ಮೂರ್ಸಲ ಸಾಲ ಇಸ್ಕೊಂಡು ಮತ್ತೆ ವಾಪಸ್ಸೇ ಕೊಡ್ದಿರೋ ಆ ಟೀಚರ್‌ನ ಮೊನ್ನೆ ಎಲ್ಲೋ ನೋಡಿ ಜುಗುಪ್ಸೆ ಆಯ್ತು ನಂಗೆ. ಟೀಚರ್ಗಳೇ ಹೀಗಾದ್ರೆ ಮಕ್ಳು ಕಥೆ ಏನು?!,Disgust
ನಾನ್ ವರ್ಗಾವಣೆ ಮಾಡ್ತಿರುವಾಗ್ಲೇ ನನ್ ಕಂಪ್ಯೂಟರ್ ಕೈಕೊಡ್ತು.,Sadness
ಕೊರಿಯರ್ ಡೆಲಿವರ್‌ ಮಾಡುವ ನಮ್ಮ ಸಿಬ್ಬಂದಿ ಒಬ್ರು ನಿಮ್ಗೆ ಪತ್ರ ತಲುಪಿಸ್ಲಿಕ್ಕೆ ನಿಮ್ಮನೆಗೆ ಮೂರು ಬಾರಿ ಬಂದಿದ್ರೂ ನೀವಲ್ಲಿ ಇರ್ಲಿಲ್ಲ ಅಂತ ನಮ್ಮ ಟ್ರ್ಯಾಕಿಂಗ್ ವ್ಯವಸ್ಥೆಯಲ್ಲಿ ನೋಟ್ ಬರ್ದು ಹಾಕಿದ್ದಾರೆ.,Surprise
"ಹೋಗ್ಲಿ, ನಾನ್ ನಿಮ್ ಬ್ಯಾಂಕ್ನ ಗ್ರಾಹಕ ಅನ್ನೋದೂ ಗೊತ್ತಿಲ್ವಾ ನಿಮ್ಗೆ? ಯಪ್ಪ, ಏನ್‌ ಅವ್ಯವಸ್ಥೆನಪ ಈ ಬ್ಯಾಂಕಲ್ಲಿ..",Disgust
"ನಾ ಹೊಲಗೊಳ್‌ ಬಲ್ಲಿ ಛೊಲೋ ಊಟದ್‌ ವ್ಯವಸ್ಥಾ ಹುಡಕ್ಬೇಕ. ಛಂದ ಊಟಾ ಇರ್ಲಾರ್ದೇ ಕೆಲ್ಸಾ ಮಾಡ್ಲಿಕ್‌ ಆಗಲ್ಲಾ, ಹ್ವಾದ್‌ ವರ್ಷ ಕೆಲೊಬ್ರು ಕೂಲಿಯವ್ರು ಚಕ್ಕರ್‌ ಬಂದ್‌ ಬಿದ್ದೇ ಬಿಟ್ಟಿದ್ರು.",Fear
ವಿದ್ಯಾಭ್ಯಾಸದ್ ಖರ್ಚ್‌ಗಳು ವರ್ಷದಿಂದ ವರ್ಷಕ್ಕೆ ಜಾಸ್ತಿ ಆಗ್ತಲೇ ಇರೋದ್ರಿಂದ ನಂಗಂತೂ ಅದೇ ಒಂದ್‌ ದೊಡ್ ಹೊರೆ ಆಗೋಗಿದೆ.,Sadness
ಕೆಲ್ವು ಕಂಪ್ನಿಗಳು ತಮ್ ಉದ್ಯೋಗಿಗಳ್ ಮೇಲಾಗೋ ಪರಿಣಾಮನ ಸ್ವಲ್ಪನೂ ಪರಿಗಣಿಸ್ದೇ ಪ್ರಕ್ರಿಯೆಗಳ್ನೆಲ್ಲ ಸ್ವಯಂಚಾಲಿತಗೊಳ್ಸೋದಕ್ಕೆ ಎ.ಐ.ನ ಬಳಸ್ತಿರೋದು ನಂಗ್‌ ತುಂಬಾ ಕೋಪ ಬಂದಿದೆ. ಸ್ವಲ್ಪನಾದ್ರೂ ಜವಾಬ್ದಾರಿ ಬೇಡ್ವಾ ಅವ್ರಿಗೆ!,Anger
ಟೊಮೆಟೊ ಬೆಲೆ ಜಾಸ್ತಿಯಾಗಿರೋದೇ ಗೊತ್ತಿಲ್ವಾ ನಿಮ್ಗೆ? ಕೆಲ್ವ್‌ ವಾರಗಳಿಂದ ಏನ್‌ ಕಾಡಲ್ಲಿದೀರೋ ಹೇಗೆ?!,Disgust
ಈ ಸಾಂಕ್ರಾಮಿಕ ರೋಗದ್ದು ಇನ್ನೊಂದ್ ಅಲೆ ಬರ್ತಾ ಇದ್ಯೇನೋ ಅನ್ಕೊಂಡೆ ನಾನು. ಅದು ಸುಳ್ಳ್ ಸುದ್ದಿನಾ?!,Surprise
"ರೈಲ್ವೆ ಬುಕಿಂಗ್ ಗುಮಾಸ್ತರೊಂದಿಗ್  ಮಾತಾಡಿ ವಿಷಯನ್ ಯಾಕ್ ಗೊಂದ್ಲ ಮಾಡ್ಬೇಕ್  ಅಂತ ನಾನ್  ಹೆದರ್ತೆನೆ,  ಯಾಕಂದ್ರೆ ಮೊದ್ಲೆಲ್ಲಾ ನಾನ್  ಯಾವಾಗ್ಲೂ  ಆನ್‌ಲೈನ್‌ನಲ್ ಬುಕ್ ಮಾಡ್ತಿದ್ದೆ.",Fear
"ಹೋಟೆಲ್‌ ಅಡ್ಗೆಲಿ ಈ ನಲ್ಲಿ ನೀರಿನ್ ರುಚಿ ನನ್ಕೈಲಂತೂ ಸಹಿಸಕ್ಕಾಗಲ್ಲಪ, ಒಂಥರ ಪಾಚಿ ವಾಸ್ನೆ.",Disgust
"ಆ ಕ್ಯೂ.ಆರ್. ಕೋಡ್‌ನ ಸ್ಕ್ಯಾನ್ ಮಾಡ್ಬೇಡಿ. ನೀವ್‌ ಹಾಗ್ಮಾಡುದ್ರೆ, ನಿಮ್ ಎಲ್ಲಾ ದುಡ್ಡೂ   ಕಳ್ಕೊತೀರಿ ಅನ್ಸ್ತಿದೆ ನಂಗೆ.",Fear
ಕ್ಲೈಂಟು ಮತ್ತೆ ಅಡ್ವೊಕೇಟು ಇಬ್ರೂ ಒಬ್ರೇ ವಕೀಲ್ರಿಂದ ಕಾನೂನು ಸಲಹೆ ಪಡೆದಿದ್ರಿಂದ ಅಲ್ಲಿ ಅನಿರೀಕ್ಷಿತ್ವಾಗಿ ಮುಖಾಮುಖಿ ಆದಾಗ ಇಬ್ರೂ ಹಣೆ ಚಚ್ಕೊಂಡ್ರು.,Disgust
ಈ ಹೋಟೆಲ್‌ ಸುತ್ತಮುತ್ತ ಏನೇನೋ ಕಟ್ತಾ ಇರೋದ್ರಿಂದ ಆ ಕೆಲ್ಸಗಳ್‌ ಶಬ್ದ ಅದ್ಯಾವ್‌ ಪಾಟಿ ಕೇಳಿಸ್ತಿದೆ ಅಂದ್ರೆ ನಂಗ್‌ ತಲೆ ಸಿಡ್ಯೋಷ್ಟ್‌ ಚಿಟ್ಟಾಗೋಗಿದೆ.,Anger
ನಾನ್ ಏನೇ ದೂರ್‌ ಹೇಳ್ದಾಗ್ಲೂ ತಕ್ಷಣ ಅದಕ್ಕೆ ಪ್ರತಿಕ್ರಿಯ್ಸಿ ಸಮಸ್ಯೆನ್ ಬಗೆಹರ್ಸೋಕ್‌ ಪ್ರಯತ್ನ ಪಡೋ ನಿಮ್‌ ಗುಣ ನಂಗ್‌ ತುಂಬಾನೇ ಹಿಡಿಸ್ತು. ನೀವು ಒಂದಿನನೂ ತಪಿಸ್ದೇ ಎಲ್ಲಾರ್‌ ಮನೆಗಳ್ಗೂ ದಿನಪತ್ರಿಕೆ ತಲುಪ್ಸೋದೂ ಮೆಚ್ಕೋಬೇಕಾದ್ದೇ.,Happiness
ನಾನ್ ಟಿ.ವಿ. ಹಾಕ್ದಾಗ್ಲೆಲ್ಲಾ ಅದ್ರಿಂದ ಮೂರ್ಸಲ ಬೀಪ್ ಶಬ್ದ ಬಂದು ಹೊಗೆ ಬರೋಕ್ ಶುರು ಆಗತ್ತೆ! ಎಲ್ಲಿ ಢಂ ಅಂತ ಸಿಡ್ದ್‌ಬಿಡತ್ತೋ ಅಂತ ಭಯ ಆಗತ್ತೆ ನಂಗೆ.,Fear
"ನೀನ್ ನನ್ಜೊತೆ ಅದೆಷ್ಟ್‌ ಒರ್ಟಾಗ್ ಮಾತಾಡ್ತ್ಯಾ ನೋಡು, ನನ್‌ ಷಾಪಿಂಗ್ ಗುಟ್ಟ್‌ಗಳ್ಯಾವ್ದನ್ನೂ ನಿನ್ಹತ್ರ ಹೇಳಲ್ಲ ಹೋಗ್.",Anger
ನಂಗೆ ಈ ಅಂಗ್ಡಿಗ್ ಬರೋದಂದ್ರೆ ಭಾಳ ಇಷ್ಟ. ಅವ್ರು ಯಾವಾಗ್ಲೂ ಇತ್ತೀಚಿಗ್‌ ಬಂದಿರೋ ಎಲ್ಲ ಹೊಸಾ ಫೋನ್‌ಗಳ್ನೂ ಇಟ್ಟಿರ್ತಾರೆ.. ಎಲ್ಲನೂ ನೋಡ್ಬಹುದು ನಾನು.,Happiness
"ನಂಗೆ ನನ್‌ ತಲೆ ಯಾಕೋ ಸರಿಯಿಲ್ವೇನೋ ಅಂತ ಭಯ ಆಗ್ತಿದೆ, ಇಲ್ದಿದ್ರೆ, ನೀನ್  ಮಾತಾಡ್ವಾಗ ನಂಗ್ಯಾಕ್ ಗಮ್ನ ಇಟ್ ಕೇಳಿಸ್ಕೊಳಕ್ಕೇ ಆಗ್ತಾ ಇಲ್ಲ?",Fear
ನಂಗ್‌ ಒಳ್ಗಡೆ ಎಂಥ ಕೋಪ ಮಡುಗಟ್ಟಿತ್ತು ಅಂದ್ರೆ ಕೋರ್ಟಲ್ಲಿ ನಾನೇ ಏನಾದ್ರೂ ಜಡ್ಜ್‌ ಆಗಿದ್ದಿದ್ರೆ ಆ ಡ್ರಗ್‌ ಧಣಿಗಳ್ಗೆ ಮುಲಾಜಿಲ್ದೇ ಮರಣದಂಡನೆ ಕೊಡ್ತಿದ್ದೆ.,Anger
ಜೂಲಿಯಸ್‌ ಸೀಸರಂದು ಏನ್‌ ಭಾರಿ ನಾಟಗಾ ಮಾಡಿದ್ರು ಅವ್ರೆಲ್ಲಾ ಪಳಗಿರೋ ಕಲಾಕಾರ್ರು ಜಬರ್ದಸ್ತ್‌ ಇತ್‌ ಒಂದ್‌ ನಿಮ್ಷೂ ಬ್ಯಾಸ್ರ ಆಗ್ಲಿಲ್ಲ.,Happiness
"ಯಾರೇ ಆದ್ರೂ ಓಟ್ಸು, ಮೊಸ್ರು‌ ಒಟ್ಗೆ ಬೆರೆಸ್ಕೊಂಡ್ ತಿಂತಾರಾ?! ಎಷ್ಟ್‌ ಕೆಟ್ದಾಗಿರತ್ತೆ ಅದ್ರ್‌ ರುಚಿ..ವ್ಯಾಕ್!",Disgust
ಕಳ್ದ ಮಳೆಗಾಲದಲ್ ನಮ್ ಏರಿಯಾದಲ್  ಒಳಚರಂಡಿಯಿಂದ್  ಅಂತರ್ಜಲ ಕಲುಷಿತ ಆದಾಗ್ ನಂಗ್  ಅಸಹ್ಯ ಆಯ್ತು.,Disgust
ಹೈದ್ರಾಬಾದಲ್ಲಿ ರಸಪ್ರಶ್ನೆ ಸ್ಪರ್ಧೆಲ್ ಗೆದ್ಮೇಲೆ ಪತ್ರಿಕೆಲಿ ನನ್ ಚಿತ್ರ ಬಂದಿದ್ ನೋಡಿ ಆಕಾಶ್ದಲ್‌ ತೇಲಾಡ್ತಿರೋ ಥರ ಅನ್ಸ್ತಿದೆ ನಂಗೆ.,Happiness
ಎತ್ರದ್ ಜಾಗ ಅಂದ್ರೆ ಎಲ್ಲಿ ಕೆಳಗ್‌ ಬಿದ್ಬಿಡ್ತೀನೋ ಅಂತ ನಂಗ್ ಎದೆಯೆಲ್ಲ ಹೊಡ್ಕೊಳತ್ತೆ.,Fear
ವಕೀಲ್ರು ಈ ಪ್ರಕರಣನ ತಾವ್ ಗಂಭೀರ್ವಾಗ್ ತಗೊಳೋದಾಗ್ ಹೇಳ್ದಾಗ ನಂಗ್ ನನ್ ಕಿವಿಗಳ್ನೇ ನಂಬೋಕಾಗ್ಲಿಲ್ಲ.,Surprise
ಅವ್ರ ಊದಿಕೊಂಡ್  ಮೊಣಕಾಲಿಗೆ ಯಾವ್ದೇ ಚಿಕಿತ್ಸೆ ಇಲ್ಲ ಅಂತ  ಹೇಳ್ದಾಗ  ಭದ್ರತಾ ಸಿಬ್ಬಂದಿ ತುಂಬಾ ಬೇಜಾರ್ ಪಟ್ಕೊಂಡ್ರು.,Sadness
ವಿಳಂಬವಾದ ರೈಲು ಮಧ್ಯರಾತ್ರಿ ಆದ್ಮೇಲು ಬರುತ್ತೆ ಅಂತ ಕಾಯ್ತಾ ಇದ್ದೆ ನಿಲ್ದಾಣದ ಸುತ್ತಲು ಒಂದ್ ಸಲ ನೋಡ್ದೆ ಯಾರು ಇರಲ್ಲಿಲ್ಲ. ಆಗ ನಂಗ ಸ್ವಲ್ಪ ಭಯಾ ಆಯ್ತು,Fear
"ನಾನ್‌ ಡ್ರೈವರ್‌ಗೆ ಮೆಸೇಜ್ ಕಳ್ಸಿದೀನಿ‌, ಆದ್ರೆ ಅವ್ನು ಕುಡ್ದಿ‌ದಾನೆ ಅನ್ಸತ್ತೆ ಮತ್ತೆ ಈ ಹೊತ್ತಲ್ಲಿ ಬೇರೆ ಯಾವ್ ಕ್ಯಾಬೂ ಸಿಗೋ ಲಕ್ಷಣ ಇಲ್ಲ.",Fear
"ನಾವ್ ಕೆಲ್ಸ ಮಾಡೋ ಜಾಗನ ಯಾವಾಗ್ಲೂ ಸುಂದ್ರವಾಗಿ, ಅಚ್ಚ್‌ಕಟ್ಟಾಗಿರೋ ಥರ ನೋಡ್ಕೊಳೋದ್ರಲ್ಲಿ ನಮ್‌ ಕ್ಲೀನಿಂಗ್‌ ಸೂಪರ್ವೈಸರ್‌ ಅವ್ರ್‌ ಬದ್ಧತೆ ನಂಗೆ ಮತ್ತೆ ನಮ್‌ ಟೀಮ್ನೋರ್ಗೆಲ್ಲ ಅಚ್ಮೆಚ್ಚು; ಎಷ್ಟ್ ಹೊಗಳಿದ್ರೂ ಸಾಲಲ್ಲ ಅವ್ರನ್ನ.",Happiness
ಜಿ.ಡಿ.ಪಿ. ಬೆಳವಣಿಗೆಲಿ ಕುಸಿತ ಆಗ್ತಿರೋದ್ರಿಂದ ಅದು ನನ್ ಖರ್ಚ್ ಮಾಡೋ ಶಕ್ತಿ ಮೇಲ್  ಪರಿಣಾಮ ಬೀರತ್ತೇನೋ ಅಂತ ನಂಗ್‌ ಸ್ವಲ್ಪ ಆತಂಕ ಆಗ್ತಿದೆ.,Fear
ಕೌಶಲ್ಯ ಇರೋರು ಸುಲ್ಭವಾಗ್‌ ಸಿಗಲ್ಲ ಅಂತ ಹೇಳಕ್ಕೆ ನೀವ್‌ ಕೊನೇ ಕ್ಷಣದ್ವರ್ಗೂ ನನ್ನ ಸತಾಯ್ಸ್‌ಬಿಟ್ರಲ್ಲ.,Disgust
"‌ಪಲಾವ್‌ನ ಇಷ್ಟ್ ಅಂದವಾಗಿ, ಅಚ್ಕಟ್ಟಾಗಿ ತಟ್ಟೆಲ್‌ ಬಡ್ಸಿಟ್ಟಿರೋದ್ ನೋಡ್ತಿದ್ರೆ ಈಗಿಂದೀಗ್ಲೇ ತಿನ್ಬೇಕು ಅನ್ಸ್ತಿದೆ.",Happiness
ಚೆನ್ನೈಯಿಂದ ಡೆಲ್ಲಿಗ್ ರೈಲ್ ಹುಡ್ಕಕ್ಕೆ ನಂಗ್ ಸಹಾಯ ಮಾಡಿ ಅಂದ್ರೆ ಆ ರೈಲ್ವೆ ಬುಕಿಂಗ್ ಗುಮಾಸ್ತ ಕಿವಿನೇ ಕೇಳಿಸ್ದಂಗೆ ಸುಮ್ನಿದ್ದಿದ್ ನೋಡಿ ನಂಗ್‌ ಅವ್ನ್‌ ಮನಸ್ಥಿತಿ ಬಗ್ಗೆನೇ ಅಸಹ್ಯ ಆಯ್ತು.,Disgust
ಆರೋಗ್ಯ ಕೇಂದ್ರದಲ್ ನನ್ ಯಾರು ಅಷ್ಟೇನು ಕೇರ್ ಮಾಡ್ತಿರ್ಲಿಲ್ಲ ನಂಗೇನೋ ಅವ್ರು ನನ್ ಆರೋಗ್ಯದ್   ಬಗ್ಗೆ ಸೀರಿಯಸ್ ಆಗಿದ್ದಾರೆ  ಅಂತ  ಅನ್ನಿಸ್ತಿಲ್ಲ.,Sadness
"ಆ ಕೊರಿಯರ್‌ ಕಂಪ್ನಿಯೋರ್ಗೆ ಪೇಮೆಂಟ್ ಮಾಡೋದು ಭಾಳ ಸುಲ್ಭ. ನೇರವಾಗಿ, ಸರಳವಾಗಿದೆ ಎಲ್ಲ, ನಂಗಂತೂ ಏನೂ ತೊಂದ್ರೆ ಆಗ್ಲಿಲ್ಲ.",Happiness
ವೇತನದಾರರ ತಂಡ ಒಪ್ಪಂದದ್  ಪ್ರಕಾರ ಸ್ವಚ್ಛತಾ ಸಿಬ್ಬಂದಿಗೆ ಮುಯ್ಯಿ  ಕೊಡ್ದೆ ಇದ್ದಾಗ ಮತ್ ಅವ್ರಿಗೆ ಕಡ್ಮೆ ಹಣನ್  ಕೊಟ್ಟಾಗ  ನಂಗ್ ತುಂಬಾ ಸಿಟ್ ಬರುತ್ತೆ.,Anger
"ನಿಮ್ ಮ್ಯಾನೇಜರ್ ಆಗಿದ್ಕೊಂಡು ನನ್ ಜೀವನ್ದಲ್ಲೇ ಯಾವತ್ತೂ ನೀವಿಷ್ಟ್‌ ಮಂಕಾಗಿರೋದು, ಹತಾಶ್ರಾಗಿರೋದ್ನ ನಾನ್‌ ನೋಡಿರ್ಲಿಲ್ಲ.",Surprise
ಏನೂ ಕಾರಣನೇ ಇಲ್ದೇ ನನ್ನನ್ನ ಕೆಲ್ಸದಿಂದ ತೆಗ್ದ್‌ಹಾಕಕ್‌ ನೋಡುದ್ರೆ ಮ್ಯಾನೇಜ್ಮೆಂಟ್ನೋರ್ಗೆ ಸರ್ಯಾಗ್‌ ಪಾಠ ಕಲಿಸ್ದೇ ಬಿಡಲ್ಲ ನಾನು.,Anger
ನನ್‌ ಕಾರಿನ್‌ ತುದಿಲಿ ಸ್ವಲ್ಪ ಜಜ್ಜ್‌ ಹೋಗಿರೋದ್ನ ರಿಪೇರಿ ಮಾಡ್ಸ್ಬೇಕು ಅಂದ್ರೆ ಇನ್ನದೆಷ್ಟ್‌ ದುಡ್ಡ್‌ ಸುರಿಬೇಕಾಗತ್ತೋ ಅದ್ಕೆ ಅಂತ ಗಾಬ್ರಿ ಆಗತ್ತೆ.,Fear
"ಮಾರ್ಷಲ್ ಆರ್ಟ್ಸ್ ಸ್ಪರ್ಧೆಲಿ ಕರಾಟೆ ಆಡೋರಲ್ಲೊಬ್ಬ ನಿಯಂತ್ರಣ ಕಳ್ಕೊಂಡು ಎದುರಾಳಿ ಮೂಗ್ನೇ ಮುರ್ದ್‌ಬಿಟ್ಟ, ನಂಗವ್ನ್ ಕಂಡ್ರೇ ಆಗಲ್ಲ.",Disgust
"ಎಷ್ಟ್‌ ದಿವ್ಸಾದ್‌ ಮ್ಯಾಲ್‌ ಚೆನ್ನೈನ್ಯಾಗಿನ್‌ ನನ್‌ ಭಾಳ ಸೇರ ಬೇಕರಿಲಿಂದ್‌ ಕೇಕ್‌ ತರಸ್ಗೊಂಡಿನಿ‌, ನಂಗ್ ಬಾಯಾಗ್‌ ನೀರ್‌ ಬರ್ಲಿಕತ್ತಾವ.",Happiness
ನೀವೆಲ್ಲ ತಲೆಗೊಂದು ಅನ್ನೋ ಥರ ನಂಗ್ ಹೇಳ್ತಿರೋ ಥರಾವರಿ ಕಥೆಗಳ್ನ ಕೇಳಿ ಕೇಳಿ‌ ಸಾಕಾಗೋಗಿದೆ ನಂಗೆ.,Disgust
"ಯಪ್ಪಾ ವಿಮಾನ್ದಾಗ್ ನನ್‌ ಹಿಂದ್‌ ಕೂತಿದ್‌ ವಬ್ಬವ ಪ್ಯಾಸಿಂಜರ್‌ ಕಾಲ್‌ ಚಾಚಿದ್ರ ಅವು ನನ್‌ ಸೀಟ್‌ ದಾಟಿ ಹೋದ್ವು, ನೋಡಿ ನನ್‌ ಕಣ್ಣೇ ತಿರಗಿದ್ವು.",Surprise
ನಮ್‌ ಕಾರ್ಯಕ್ರಮ ನಡದಾಗ ಬೆಂಕಿ ಮತ್ತ್‌ ತುಳದಾಟೆಲ್ಲಾ ಆದ್ರ ಅವನ್ನ ನಿಭಾಸ್ಲಿಕ್ಕಿ ಈ ಈವೆಂಟ್‌ ಮ್ಯಾನೆಜರ್‌ ಏನೇನ್‌ ವ್ಯವಸ್ಥಾ ಮಾಡ್ಯಾನಂತ ನಂಗ ಯದಿವಡದು ಹುಚ್ಚ್‌ಹಿಡ್ದಂಗಾಗಿತ್ತ.,Fear
ನನ್ ಕ್ರೆಡಿಟ್ ಕಾರ್ಡಲ್ಲಿ ಸುಮಾರ್‌ ಉಪ್ಯೋಗ ಆಗೋಂಥ ಪ್ರಯೋಜ್ನಗಳಿದಾವೆ. ‌ಇದ್ರಿಂದಾಗೇ ನಂಗವತ್ತು ಏರ್ಪೋರ್ಟ್ ಲಾಂಜ್‌ಗೆ ಏನೂ ದುಡ್ಡ್‌ ಕೊಡ್ದೇ ಹೋಗೋಕ್ಕಾಯ್ತು.,Happiness
ನೀವ್‌ ಕಳಿಸ್ಕೊಟ್ಟಿದೋರು ಮನೆ ಕೆಲ್ಸಗಳ್ನ ಚೂರೂ ಚೆನ್ನಾಗ್‌ ಮಾಡಿಲ್ಲ. ನಾವೇನೋ ಚೆನ್ನಾಗ್‌ ಮಾಡ್ತಾರೆ ಅಂತನ್ಕೊಂಡಿದ್ರೆ ಎಲ್ಲ ಬೇಕಾಬಿಟ್ಟಿ ಮಾಡ್ಹೋಗಿದಾರೆ.,Anger
"ದೊಡ್ಡೋರ್ ಖಾತೆಗ್ ಹೋಲ್ಸಿದ್ರೆ ಮೈನರ್‌ಗಳ್ ಖಾತೆಲಿರೋ ಥರಾವರಿ ಫೀಚರ್ಸ್ ನೋಡಿ ಆಶ್ಚರ್ಯ ಆಯ್ತು ನಂಗೆ, ಇದ್ಕೋಸ್ಕರನಾದ್ರೂ ನಾನ್‌ ಮತ್ತೆ ಮಗುವಾಗ್ಬೇಕು ಅನ್ಸ್ಬಿಡ್ತು.",Surprise
"ನನ್‌ ಬಟ್ಟೆನ ಲಾಂಡ್ರಿಗ್ ತಗೊಂಡ್ಹೋಗಿ ಅಂತ ನಿಮ್ ಹೋಟೆಲ್‌ ಸ್ಟಾಫ್‌ಗೆ ಹೇಳಿ ಒಂದ್ ಗಂಟೆ ಮೇಲಾಯ್ತ, ಇದ್ವರ್ಗೂ ಯಾರೂ ಈ ಕಡೆ ಸುಳ್ದಿಲ್ಲ. ನಿಮ್‌ ಬೇಜವಾಬ್ದಾರಿಯಿಂದ ನಂದ್‌ ಇವತ್ತಿನ್ ಕೆಲ್ಸ ಎಲ್ಲ ತಡ ಆಗ್ತಿದೆ!",Anger
"ಯುರೋಪಿಯನ್ ಕಪ್ ಪಂದ್ಯ ಆದ್ಮೇಲೆ ಇಂಗ್ಲಿಷ್ ಫುಟ್ಬಾಲ್ ಅಭಿಮಾನಿಗಳು ನಡ್ಕೊಂಡ್‌ ರೀತಿ, ಕ್ರೀಡಾಂಗಣನ ಅಷ್ಟ್‌ ಅಸ್ತವ್ಯಸ್ತ ಮಾಡಿ ಬಿಟ್ಹೋಗಿದ್ದು ಅಸಹ್ಯ್‌ವಾಗಿತ್ತು, ಸರಿಯಲ್ಲ ಅದು.",Disgust
ಓಡಿದ್ದೆಲ್ಲ ಆದ್ಮೇಲೆ ಅವ್ನು ಸ್ನಾನನೇ ಮಾಡ್ದೇ ಬೆವರಲ್ಲಿ ತೊಯ್ದು ತೊಪ್ಪೆ ಆಗಿರೋ ಅದೇ ಅಂಗಿಲೇ ಮಲ್ಕೊಂಡ್ಬಿಟ್ಟ.,Disgust
ಫಿಲಡೆಲ್ಫಿಯಾದ್‌ ಊರಾಗ ಶೌಚಾಲಯಕ್ಕ್ ಹೋದಾಗ ಹೊಡ್ದು ಕಳ್ಳತನಾ ಮಾಡ್ತಾರನೋ ಅನ್ನ ಅಂಜಿಕದ ನನಗ.,Fear
ನೀ ಅನ್ನವ್ರಿಲ್ಲಾ ಅಂಥಾ ಕಾಡಿನ್ಯಾಗ ಯಾರೋ ನನ್‌ ಹೆಗಲ್ ಮ್ಯಾಲ್‌ ಕೈ ಹಾಕ್ಬಿಟ್ರು ನನ್ ಯದಿ ಛಲ್ಲಂತು.,Surprise
ಆ ಐತಿಹಾಸಿಕ ತಾಣನ ಏನೂ ಸರ್ಯಾಗ್ ರಕ್ಷಣೆನೇ ಮಾಡಿಲ್ಲ ಮತ್ತೆ ಅದು ಅಷ್ಟೊಂದ್ ಹಾಳಾಗಿದ್ಯಲ ಅನ್ನೋದು ನನ್‌ ಮನ್ಸಿಗೆಲ್ಲ ಒಂಥರ ಕಸಿವಿಸಿ ಆಯ್ತು.,Sadness
ಆಹ್! ಕೊನೆಗೂ ನಂಗೆ ಚೆನ್ನೈಗ್ ಹೋಗಕ್ಕೆ ಟಿಕೆಟ್ ಸಿಕ್ತು. ಕೆಲ್ವೇ ಕೆಲ್ವು ಸೀಟ್‌ಗಳ್ ಮಾತ್ರ ಇದ್ದಿದ್ ನೋಡಿದ್ದೆ ನಾನು. ನಿಮ್ಮಿಂದ ತುಂಬಾ ಸಹಾಯ ಆಯ್ತು ಸರ್.,Surprise
"ವ್ಯಾಪಾರ್ದಲ್ಲಿ ನಮ್ಜೊತೆ ಪೈಪೋಟಿಗಿಳ್ದಿರೋರು  ನಮ್ಗಿಂತ ಜಾಸ್ತಿ ಆಕರ್ಷಕ್ವಾದ್ ಪ್ರಚಾರಗಳ್ನ ಮಾಡಿ, ಜನ್ರಿಗೆ ಭಾರೀ ರಿಯಾಯ್ತಿಗಳ್ನ ಕೊಡ್ತಾರೇನೋ ಅಂತ ನಂಗ್ ಆತಂಕ ಆಗ್ತಿದೆ.",Fear
"ನಾನಲ್ಲಿ ಆ ಹುಡುಗ್ರು ಜೊತೆ ಮಾತಾಡ್ತಾ ಇದ್ದೆ, ಆದ್ರೆ ಅವ್ರ್‌ ಉಸಿರಿನ್ ವಾಸ್ನೆ‌ ಕೆಟ್ದಾಗಿತ್ತು.. ಆಗ್ತಾನೇ ಈರುಳ್ಳಿ ತಿಂದಿದ್ರು ಅನ್ಸತ್ತೆ.. ಬಾಯೆಲ್ಲ ದುರ್ನಾತ.",Disgust
ಚೀನಾದ್ ಈ ದೇಸೀ ತಿಂಡಿ ರುಚಿ‌ ಯಾಕೋ ವಾಂತಿ ಬರ್ಸೋ ಥರ ಇದೆ.,Disgust
ನನ್ ಬ್ಯಾಂಕ್ ಯಾಕೆ ನೆಗೆಟಿವ್ ಬ್ಯಾಲೆನ್ಸ್ ತೋರಿಸ್ತಾ ಇದೆ? ಯಾರಾದ್ರೂ ನನ್ನ ಹಣನೆಲ್ಲ  ಕದ್ಬಿಟಿದಾರಾ ಏನ್ಕಥೆ?,Fear
ನಂಗ್  ಪ್ರಮುಖ ಸಂದರ್ಶನ ಇದ್ದಾಗ ಎಲ್ಲ ಆಟೋ ಡ್ರೈವರ್  ನನ್ ಕರ್ಕೊಂಡ್ ಹೋಗಕ್ ಆಗಲ್ಲ ಅಂತ  ಹೇಳ್ದಾಗ  ನಂಗ್ ಕಣ್ಣಲ್ಲಿ ನೀರ್ ಬರೋ ತರ ಆಯ್ತು.,Sadness
ನಂಗೆ ಈ ಪ್ಲಾಟ್‌ಫಾರ್ಮ್‌ ಇಷ್ಟ ಇಲ್ಲ. ವೀಡಿಯೊಗಳ್ನ ಮಾಡೋ ಕ್ರಿಯೇಟರ್ಸ್‌ಗೆ ಅವ್ರು ತುಂಬಾನೇ ಕಡ್ಮೆ ದುಡ್ಡ್‌ ಕೊಡ್ತಾರೆ.,Disgust
ಪ್ರಾಮಾಣಿಕ ಆಟೋ ಚಾಲಕನ್  ಬಗ್ಗೆ ನಂಗ್ ತುಂಬಾ ದುಃಖ ಆಯ್ತು. ಆಟೋ ಚಾಲಕ ಪ್ರಾಯಾಣಿಕ್ನಿಗೆ ಉಚಿತ್ವಾಗಿ ಸಹಾಯ ಮಾಡಿದ್ ಮೇಲೂ ತನ್ ಪ್ರಯಾಣಿಕನಿಂದ್ಲೇ  ದರೋಡೆಗೊಳಗಾದ,Sadness
ಕಾಲೇಜಿಗಿ ಅಪ್ಲೈ ಮಾಡ್ಲಿಕತ್ತಾಗ ಅಷ್ಟ್‌ ಧಪ್‌ಧಪ್ಪ ಅಕೌಂಟನ್ಸಿ ಪುಸ್ತಕಾ ಓದ್ಬೇಕಾಗ್ತದ ಅಂತ ವಿಚಾರ ಮಾಡೇ ಕೈಕಾಲ್‌ ಥಣ್ಣಗಾಗ್ಯಾವ.,Fear
"ಆಡಳಿತ ಮಂಡ್ಳಿಯೋರು ಮಾರಾಟಗಾರ್ರಿಗೆ ಅನ್ಕೂಲ ಮಾಡ್ಕೊಡಕ್ಕೆ ವರ್ಷಗಟ್ಲೆ ಅವ್ರ್ ಹತ್ರ‌ ದುಡ್ಡಿಸ್ಕೊಂಡಿದಾರಂತೆ, ಕೇಳಿ ರಕ್ತ ಕುದೀತಿದೆ ನಂಗೆ.",Anger
ಈ ಕೇಕಲ್ಲೇನಾದ್ರೂ ನಾನ್‌ ಹೇಳಿದ್ ಚಾಕ್ಲೇಟ್‌ ಫ್ಲೇವರ್‌ ಸರ್ಯಾಗಿಲ್ಲ ಅಂತಾದ್ರೆ ನಿಮ್ಗೊಂದ್‌ ಗತಿ ಕಾಣಿಸ್ದೇ ಬಿಡಲ್ಲ ನಾನು!,Anger
ಹೋಮ್‌ವರ್ಕ್‌ ಅಸೈನ್ಮೆಂಟ್‌ ಸಬ್ಮಿಟ್‌ ಮಾಡೋಕಿರೋ ಕೊನೇ ದಿನ ನೆನ್ಪಾದ್ರೆ ನಾನಿನ್ನೂ ಎಷ್ಟ್‌ ಹಿಂದಿದಿನಲಪ್ಪ ಅಂತ ಗಾಬ್ರಿ ಆಗತ್ತೆ.,Fear
ನಮ್ಗ್ ಸ್ವಲ್ಪನೂ ತೊಂದ್ರೆ ಕೊಡ್ದ್‌ ಹಾಗೆ ಕ್ಯಾಂಬಿಯಮ್ ಕಂಪ್ನಿಯೋರು ನಮ್‌ ವ್ಯಾಕ್ಯೂಮ್‌ ಕ್ಲೀನರ್‌ನ ಎಷ್ಟ್‌ ಸುಲಭ್ವಾಗ್‌ ರಿಪೇರಿ ಮಾಡ್ಕೊಟ್ರೂಂದ್ರೆ ನಂಗ್‌ ಭಾರಿ ಆಶ್ಚರ್ಯ ಆಯ್ತು.,Surprise
ಯಾವಾಗ್ಲೂ ನಿಮ್ ದೃಷ್ಟಿ ಚೆಂಡಿನ್ಮೇಲೇ ಇರ್ಲಿ! ಅಂಕಣ್ದಲ್ಲಿ ಕುಣ್ಯೋದ್‌ ನಿಲ್ಸಿ ಸರ್ಯಾಗ್‌ ಆಟ ಆಡಿ ಮೊದ್ಲು.,Anger
"ಆ ಹಾಲಿವುಡ್ ಸಿನ್ಮಾ ""ಒಪೆನ್ಹೈಮರ್""ದಾಗಿರೋ  ಒಂದ್ ಸೀನ್ನ್ಯಾಗ ಭಗವದ್ಗೀತಾ ತೋರ್ಸ್ಯಾರ.. ಅದೆಷ್ಟ್ ಅತಿರೇಕದ್ದದ ಅಂದ್ರ ಕೆಟ್ಟ ಸಿಟ್‌ ಬರ್ತದ ನೋಡಿದ್ರ.",Anger
‌ಎಷ್ಟೋ ವರ್ಷಗಳಾದ್ಮೇಲೆ ಹಳೇ ಸ್ನೇಹಿತ್ರು ಪುನಃ ನಮ್ ಜೊತೆ ವ್ಯಾಯಾಮ ಮಾಡಕ್ ಬಂದಿದ್ದಿದ್ದು ನಂಗಂತೂ ಭಾರೀ ಖುಷಿ ಆಯ್ತು.,Happiness
ಹಣಕಾಸು ಉದ್ಯಮದ ಕೆಲ್ವೆಲ್ಲ ಭಾಗಗಳಲ್ಲಿ ಏನೇನೂ ರೆಗ್ಯುಲೇಷನ್ಸೇ ಇಲ್ದಿರೋದ್‌ ಗೊತ್ತಾಗಿ ಆಶ್ಚರ್ಯ ಆಯ್ತು.,Surprise
ಏನ್ರಿ ನೀವ್‌ ಯಾಕ್‌ ನನ್‌ ತಲಿ ಕೆಡಸ್ಲಿಕತ್ತೀರಿ. ಮೊದ್ಲಿನ್ ಅಪಾರ್ಟ್‌ಮೆಂಟ್‌‌ ಎರ್ಡೂ ಎಷ್ಟ್‌ ತುಟ್ಟಿ ತೋರ್ಸಿರಿ. ನಾ ಎಷ್ಟ್‌ ಬಜೆಟ್‌ ಹೇಳಿನಿ ಅಂತ್‌ ಲಕ್ಷ್ ಅದನೋ ಇಲ್ಲೋ.,Anger
ಟೀಮ್ನೋರೆಲ್ಲ ಪ್ರತಿದಿನ ೫ ಗಂಟೆಗಳ್ ಕಾಲ ಅಭ್ಯಾಸ ಮಾಡಿದ್ರೂ ಅವ್ರು ಪಂದ್ಯಾವಳಿಲಿ ಸೋತ್ರು. ಪಾಪ ಅವ್ರು ಗೆಲ್ಬೇಕಿತ್ತು ಅನ್ಸತ್ತೆ ನಂಗೆ. ಅವ್ರಿಗೆ ಆ ಅರ್ಹತೆ ಇತ್ತು.,Sadness
"ಗ್ಯಾಸ್ ಸಿಲಿಂಡರ್ ಬೆಲೆಗಳು ಸ್ಥಿರವಾಗ್  ಏರ್ತಾ  ಇರೋದನ್ ನೋಡುದ್ರೆ  ಬೇಜಾರಾಗುತ್ತೆ. ಇದ್  ನನ್ ಬಜೆಟ್ ಮೇಲ್  ಪರಿಣಾಮ ಬೀರುತ್ತೆ, ಮತ್ ಹೇಗ್  ನಿಭಾಯಿಸೋದ್  ಅಂತ  ನಂಗ್ ಗೊತ್ತಾಗ್ತಾ ಇಲ್ಲ.",Sadness
ಈವೆಂಟ್ ಮ್ಯಾನೇಜರ್ನ ರದ್ದತಿ ಮತ್ತು ರಿಫಂಡ್  ಪಾಲಿಸಿ  ನಂಗಂತೂ ಇಷ್ಟ ಆಯ್ತು ಯಾಕಂದ್ರೆ ಮುಂದ್   ಏನಾದ್ರು ಅನಿರೀಕ್ಷಿತ ಬದ್ಲಾವಣೆನ್  ಮಾಡಕ್ ಇದ್ರೆ  ಇದು  ಆರಾಮ ಆಗುತ್ತೆ.,Surprise
ಅವ್ರಿಗೆ ತಮ್ ತೆರಿಗೆ ಫೈಲಿಂಗ್ ಅನುಭವದ್‌ ಬಗ್ಗೆ ತೃಪ್ತಿ ಇದೆ ಅಂತ ಕೇಳಿ ಸಮಾಧಾನ ಆಯ್ತು ನಮ್ಗೆ.,Happiness
ಪೇಪರ್ನವ್ರ್‌ ಆ ರಾಜಕಾರ್ಣಿಗಿ ಅವನ್‌ ಆಸ್ತಿಪಾಸ್ತಿ ಲೆಕ್ಕ ಕೇಳಿದ್ರ ಅವ್ನಿಗಿ ಎಷ್ಟ್ ಅಸಮಾಧಾನ್‌ ಆಯ್ತು ನೋಡಿದ್ರ್ಯಲಾ.. ಭಾರೀ ದಗಲ್ಬಾಜ್‌ ಇದಾನವ.,Anger
ಪುಸ್ತಕ ಸಿಕ್ಕಿರೋ ಜನ್ರು ಬರ್ದಿರೋ ಕೆಲ್ವು ವಿಮರ್ಶೆಗಳು ಮತ್ತೆ ಪ್ರತಿಕ್ರಿಯೆಗಳ್ನ ಓದಿ ಆ ಪುಸ್ತಕನ ಪ್ರೀ ಆರ್ಡರ್ ಮಾಡೋಕೇ ಜುಗುಪ್ಸೆ ಆಗ್ತಿದೆ ನಂಗೀಗ.,Disgust
ಸನ್‌ಗ್ಲಾಸ್ ಹಟ್ ಅಂಗ್ಡಿಲಿ ರೇಬನ್ ಬ್ರ್ಯಾಂಡ್‌ನ ಅಷ್ಟೆಲ್ಲ ಥರಾವರಿ ಕನ್ನಡ್ಕಗಳಿರೋದ್ ನೋಡಿ ನಂಗ್ ಆಶ್ಚರ್ಯ ಆಯ್ತು.,Surprise
"ಯಪ್ಪಾ ನಾ ನಾಳೆ ಬ್ಯಾರೆ ಊರಿಗ್‌ ಹೊಂಟಿನಿ, ನಂಗ್‌ ಈ ಜಾತಿ ಗದ್ದಲದ್‌ ಅಂಜಿಕಿ ಹತ್ಯಾದ.",Fear
"ಫಿಟ್ನೆಸ್ಸಲ್ಲಿ ನಿಮ್ಗೇನ್‌ ಬೇಕು ಅನ್ನೋದ್ರ್‌ ಬಗ್ಗೆ ಫಿಟ್ನೆಸ್ ಟ್ರೇನರ್‌ ಹತ್ರ ನೀವಿನ್ನೂ ಮಾತೇ ಆಡಿಲ್ಲ, ಆಗ್ಲೇ ಇಷ್ಟೊಂದ್‌ ಹೆದ್ರುಕೊತಾ ಇದೀರಲ! ಇದ್ನೇನ್‌ ಜೈಲ್‌ ಅನ್ಕೊಂಡಿದೀರ ಹೇಗೆ?!",Anger
ಜೀವ್ನ ಪೂರ್ತಿ ಏನೂ ಸರ್ಯಾಗ್‌ ಕೆಲ್ಸ ಮಾಡ್ದೇ ಬರೀ ಪ್ರತಿಭಟ್ನೆಗಳ್ನೇ ಮಾಡ್ಕೊಂಡಿರೋ ಪರಿಸರ ಹೋರಾಟಗಾರ್ರು ಅಂದ್ರೆ ನಂಗ್‌ ಕಣ್ಣೆಲ್ಲ ಕೆಂಡ ಆಗತ್ತೆ.,Anger
ನಮ್ಮನೆಲ್‌ ಸಿ.ಸಿ.ಟಿ.ವಿ. ಕ್ಯಾಮರಾ ಇಲ್ಲಾಂದ್ರೆ ಪೊಲೀಸ್ನೋರು ನಮ್ಮನ್ನ ಸ್ಟೇಷನ್ನಿಗ್‌ ಕರ್ಸಿ ಅದ್ನ ಹಾಕಿಸ್ಕೊಳಕ್‌ ಬಲ್ವಂತ ಮಾಡ್ತಾರೆ ಅಂತ ಹೆದ್ರುಕೊಂಡು ಸುಳ್ಳ್‌ ಹೇಳ್ಬಿಟ್ಟೆ.,Fear
"ಬಸ್‌ನ ಮುಂದೆ ಹೋಗೋಕ್‌ ಬಿಡ್ದಂಗೆ ತಡೆಹಾಕಿ  ಅಷ್ಟೊತ್ತಿಂದ ಟಿಕೆಟ್‌ ಚೆಕ್ ಮಾಡ್ತಲೇ ಇದೀರಲ್ಲ, ಇನ್ನೂ ಎಷ್ಟೊತ್ತ್‌ ಬೇಕ್ರಿ ನಿಮ್ಗೆ?",Anger
"ಆ ಸೈಕಲ್ ಎಷ್ಟ್ ಹಳೇದು ಅಂತ ನೋಡಿ ಒಂದ್ಸಲ, ಅದ್ರ್ ಸರಪಳಿ ಪೂರ್ತಿ ತುಕ್ಕ್ ಹಿಡ್ದೋಗಿದೆ.",Disgust
ಅವ್ನು ತಲೆಕೆಳಗಾಗ್ ಬಿದ್ದು ಸಾಕಷ್ಟ್‌ ರಕ್ತ ಹೋಗಿದೆ. ಅವ್ನ್‌ ಬದ್ಕುಳಿಬೋದು ಅಂತ ನಂಗನ್ನಿಸ್ತಿಲ್ಲ.,Fear
ನಾನ್‌ ಆಂಟಿಬಯೋಟಿಕ್‌ ಅಷ್ಟೇ ಕೇಳ್ತಿರೋದು! ಅದುಕ್ಯಾಕ್‌ ಡಾಕ್ಟ್ರು ಪ್ರಿಸ್ಕ್ರಿಪ್ಷನ್ ಬೇಕು ನಂಗೆ?,Anger
"ನೀವೇನ್ರೀ ನಿಮ್ ಮಗುವಿನ್ ಅನುಚಿತ ನಡವಳಿಕೆನ ಸಮರ್ಥಿಸ್ಕೊಂಡು ಆರೋಪನ ನನ್ಮೇಲ್ ಹಾಕೋಕ್ ನೋಡ್ತಿದೀರ, ಥು.. ನಾಚ್ಕೆ ಅಗ್ಬೇಕು ನಿಮ್ಗೆ.",Disgust
"ಬಸ್ ಡೇ ಆಚರ್ಸೋ ದಿನ ಚೆನ್ನೈಯಲ್ಲಿ ಬೇರ್ಬೇರೆ ಕಾಲೇಜ್‌ಗಳ ವಿದ್ಯಾರ್ಥಿಗಳು ಹುಚ್ಚುಚ್ಚಾಗಾಡೋದು, ಬಸ್‌ಗಳ್ಗೆ ತಡೆಹಾಕೋದೆಲ್ಲ ಮಾಡೋದ್‌ ನೋಡ್ದಾಗ ನಂಗ್‌ ಒಬ್ಬೊಬ್ರಿಗೂ ಹೋಗ್‌ ನಾಲ್ಕ್‌ ತದುಕ್ಬಿಡೋಣ ಅನ್ಸತ್ತೆ.",Anger
"ಹೇ ಶೆಫಾಲಿ, ಮೂಲೆಲ್ ನಿಂತಿರೋ ಆ ವ್ಯಕ್ತಿ ಒಂದ್ ಗಂಟೆಯಿಂದ ನನ್ನೇ ನೋಡ್ತಾ ಇದಾನೆ ಕಣೇ.",Fear
"ಪುನಃ ಇನ್ನೊಂದ್ ಅದೇ ಸವಕಲು ಸೂಪರ್‌ಹೀರೋ ಸಿನ್ಮಾನ  ಬಿಡುಗಡೆ ಮಾಡಿದಾರೇಂದ್ರೆ ನಂಬಕ್ಕಾಗ್ತಿಲ್ಲ ನಂಗೆ.. ಯಪ್ಪಾಹ್, ನಂಗಂತೂ ಈ ಸೂಪರ್‌ಹೀರೋ ಟ್ರೆಂಡ್‌ ನೋಡ್ನೋಡಿ ಸಾಕಾಗೋಗಿದೆ.‌",Disgust
ಯಾವಾಗ್ಲೇ ಆದ್ರೂ ಏನೇ ಅಗತ್ಯ ಬಿದ್ರೂ ಆರೋಗ್ಯ ಕೇಂದ್ರ ಹತ್ರದಲ್ಲೇ ಇದೆ ಅಂತ ನಂಗೆಷ್ಟೋ ನಿರಾಳ ಆಗಿದೆ ಈಗ.,Happiness
"ರೆಸ್ಟೋರಂಟಲ್ಲಿ ನಂಗಿಷ್ಟವಾದ್‌ ತಿಂಡಿನೇ ಖಾಲಿ ಆಗೋಗಿತ್ತು, ನಂಗದೆಷ್ಟ್‌ ಬೇಜಾರಾಯ್ತು ಗೊತ್ತಾ?",Sadness
"ನಾನು ನೆನ್ನೆ ಬಾಳೆಹಣ್ಣ್‌ಗಳ್ನ ಕೊಂಡ್ಕೊಂಡೆ, ಆದ್ರೆ ಅದು ಈಗಾಗ್ಲೇ ಕೊಳ್ತ್‌ಹೋಗಿದೆ.",Sadness
"ಆ ಕ್ಲೈಂಟ್‌ ಖೋಡಿ ಹೋದ್ವಾರ ನಮ್ ಆಫೀಸಿನ್ದು ಪೂರಾ ಸಫಾಯಿ ಟೀಮಿನವ್ರೆಲ್ಲಾರಿಗೂ ತಾ ತನ್‌ ಕಡೆ ಹೊಡ್ಕೋಬೇಕಂತ ಬ್ಯಾಟಾ ಮಾಡಿದ್ದಾ. ಪುಣ್ಯಕ್ಕ, ನಮ್ ಟೀಮ್ ಬಿಟ್‌ಹೋಗ್ಲಿಲ್ಲ.",Anger
ಒಬ್ಬ ಗ್ರಾಹಕ ಅಂತೂ ನನ್ಮುಖದ್ ಮೇಲೇ ಉಗಿದ್ಬಿಟ್ಟ. ನನ್ಹತ್ರ ಟಿಶ್ಯೂ ಇಲ್ದೇ ನಾನದ್ನ ನನ್ ಕೈಯಿಂದ್ಲೇ ಒರೆಸ್ಕೋಬೇಕಾಯ್ತು.,Disgust
"ನೀವ್‌ ಮಾಡಿದ್‌ ತಪ್ಪಿಗೆ ನಾನ್‌ ದುಡ್ಡ್‌ ತೆರ್ಬೇಕು ಅಂತಿದೀರಲ, ರೇಜಿಗೆ ಆಗ್ತಿದೆ ನಂಗೆ! ಅನ್ಯಾಯ ಇದು.",Disgust
ಅಮೆರಿಕ ಸರ್ಕಾರ ವಿದ್ಯಾರ್ಥಿಗಳ್ ಮೇಲಿನ ಶಿಕ್ಷಣ ಸಾಲದ್ ಹೊರೆನ ಕಡ್ಮೆ ಮಾಡೋಕಂತ ಕ್ರಮ ಕೈಗೊಂಡಾಗ ನನ್‌ ಆನಂದಕ್ಕೆ ಪಾರವೇ ಇರ್ಲಿಲ್ಲ.,Happiness
ಮಹಿಳಾ ಬೋಧಕರಿಗೆ  ತುಂಬಾ ತಾಳ್ಮೆ ಮಾತ್ತು ಜ್ಞಾನ ಇದೆ. ಕಲಿಯಕ್  ಇಷ್ಟ್  ಸುಲ್ಬವಾಗಿದೆ  ಅಂತ ನಂಗ್ ಗೊತಿರ್ಲಿಲ್ಲ.,Surprise
ನಾನ್‌ ಎಷ್ಟ್‌ ತುರ್ತಾಗ್‌ ಡೆಲ್ಲಿಗ್‌ ಹೋಗ್ಬೇಕಿದೆ ಅಂತ ಅರ್ಥನೇ ಮಾಡ್ಕೋಳ್ದೇ ಈ ರೈಲ್ವೇ ಬುಕಿಂಗ್‌ ಕ್ಲರ್ಕು ಕೌಂಟರಿಂದ ದೂರ ಹೋಗಿ ಅಂತ ನನ್ಮೇಲ್‌ ಕೂಗಾಡ್ಬಿಟ್ರು.,Sadness
ನಾನು ಈ ಭಾನ್ವಾರ ಒಂದು ಮೈಲಿ ಈಜಿದ್ದಾದ್ಮೇಲೆ ಹತ್ತು ದೋಸೆ ತಿಂದೆ. ಮುಂದಿನ್ವಾರನೂ ಮತ್ತೆ ಇದೇ ಥರ ಮಾಡ್ಬೇಕು ಅನ್ಕೊಂಡಿದೀನಿ.,Happiness
"ಸರಿ, ನಿಮ್ಗದು ಸರ್ಯಾಗ್‌ ಅರ್ಥಾಗಿದೆ ಅನ್ನೋದ್ನ ಖಾತ್ರಿ ಮಾಡ್ಕೊಳಿ ದಯ್ವಿಟ್ಟು. ಮತ್ತೆ ಇನ್ನೊಂದ್ಸಲ ಇದ್ಕೋಸ್ಕರ ನನ್ ಸಮಯ ಅಥ್ವಾ ದುಡ್ಡನ್ನ ವ್ಯರ್ಥ ಮಾಡಕ್ಕಿಷ್ಟ ಇಲ್ಲ ನಂಗೆ.",Fear
ಭಾರತದ್ ವಿರುದ್ಧ ಸೋತ್ಮೇಲೆ ಇಂಗ್ಲಿಷ್ ಅಭಿಮಾನಿಗಳು ನಮ್ಮೇಲೆ ಕೆಟ್ಕೆಟ್ದಾಗ್‌ ಮಾತಾಡಿರೋದ್ಕೆ ನನ್ನಂಥ ಭಾರತೀಯ ಕ್ರಿಕೆಟ್ ಅಭಿಮಾನಿಗಳ್‌ ಯಾರ್ಗೇ ಆದ್ರೂ ಪಿತ್ತ ನೆತ್ತಿಗೇರ್ದೇ ಇರಲ್ಲ! ಏನನ್ಕೊಂಡ್ಬಿಟಿದಾರೆ ಅವ್ರ್ನ್ ಅವ್ರು!,Anger
ಯಾ ಕೆಲ್ಸ ಮಾಡ್ಲಿಕ್ ಆಗಂಗೇ ಇಲ್ಲಂತ ಗೊತ್ತಿದ್ರೂ ಮತ್‌ ಅದೇ ತಲಿಮ್ಯಾಲ್ ಬಿತ್ತಂದ್ರ ದೊಡ್ಡ್‌ ಕಮರಿ ಅಂಚಿಗ್ ನಿಂತ್‌ಹಂಗ್ ಅನಸ್ತದ.,Sadness
"ಫುಟ್ಬಾಲ್ ಪಂದ್ಯದಲ್ಲಿ ನಮ್ ಆಟದ್ ತಂತ್ರನ ಎದುರಾಳಿ ತಂಡದೋರ್ಗ್ ಹೇಳೋಷ್ಟ್‌ ಕೆಳಮಟ್ಟಕ್‌ ನೀವ್ ಇಳಿತೀರಿ ಅಂದ್ರೆ ನಂಗ್‌ ನಂಬಕ್ಕಾಗ್ತಿಲ್ಲ, ನಾಚ್ಕೆ ಆಗ್ಬೇಕ್‌ ನಿಮ್ಗೆ.",Anger
ಒಬ್ಬ ಗ್ರಾಹಕ್ರು ತಮ್ ಇಯರ್ ಫೋನ್‌ಗೆ ಬೆಂಕಿ ಹೊತ್ಕೊಳ್ತು ಅಂತ ಹೇಳಿದಾರೆ. ಅವ್ರು ಕೋರ್ಟಲ್ಲಿ ನಮ್ಮೇಲೆ ಮೊಕದ್ದಮೆ ಹೂಡ್ಬಹುದು.,Fear
"ನನ್ ಕೈಜಾರಿ ಪಿಜ್ಜಾ ನೆಲದ್ ಮ್ಯಾಲ್ ಬಿತ್ತ ಮತ್‌ ನೋಡ್ಲಾರ್ದೆ ಅದಕ್ ತುಳದ್ಬಿಟ್ಟೆ, ಭಾಳ ಹಳ್ಯಾಳಿ ಆತು.",Sadness
ನಾನ್‌ ಸಾಕ್ಕೊಂಡಿರೋ ಪ್ರಾಣಿಗಳ್ ಬಗ್ಗೆ ತುಂಬಾ ಕಾಳಜಿ ಆಗತ್ತೆ ನಂಗೆ.. ಅವಕ್ಕೆ  ಸಾಧ್ಯವಾದಷ್ಟೂ ಒಳ್ಳೆ ಜೀವ್ನ ಸಿಗ್ಬೇಕು ಅಂತ ನನ್ನಾಸೆ. ಆದ್ರೆ ಹಾಗಾಗೋದಕ್ಕೆ ನಾವೇ ಅಡ್ಡ್‌ಗಾಲ್ ಹಾಕ್ತಿದಿವೇನೋ ಅನ್ಸತ್ತೆ.,Sadness
ಬಾಡಿಗೆ ಮನೆಲಿ  ಮೀಸಲಾದ ಹೋಮ್ ಜಿಮ್ ಜಾಗನ್  ನೋಡಿ  ನಂಗ್  ನಿಜ್ವಾಗ್ಲೂ  ಸಂತೋಷ ಆಯ್ತು - ಅದಕ್ಕೇನೆ ಅದ್ರ ಬೆಲೆ ಜಾಸ್ತಿ ಆಗ್ತದೆ.,Surprise
ಹಲೋ! ನಿಮ್ಗೆ ಬಿಡುವಿಲ್ಲದ್ ಕೆಲ್ಸಗಳಿದ್ರೂ ನೀವು ಸಭೆಗ್‌ ಬರೋಕಾಯ್ತು ಅಂತ ನಂಗ್ ನಂಬೋಕೇ ಆಗ್ತಿಲ್ಲ.,Surprise
"ಬೇರ್ಯೋರ್ ಹಣ ತಗೊಂಡ್‌ ತಲೆಮರೆಸ್ಕೊಂಡ್ರೆ   ಯಾವ್ದೇ ಗಂಭೀರ ಪರಿಣಾಮ್ಗಳೂ ಇರಲ್ಲ, ಅದ್ಕೇ ಅವ್ರು ರಾಜಾರೋಷ್ವಾಗ್‌ ಕದೀತಾರೆ. ತಲೆಮರೆಸ್ಕೊಂಡಿರೋ ಈ ಅಪರಾಧಿಗಳ್ನ ಹಿಡ್ದು ಸರ್ಯಾಗ್‌ ಬಡ್ದ್‌ಬಾರಿಸ್ಬೇಕು.",Disgust
ಇಂಧನ-ದಕ್ಷತೆಯಿರೋ ಅಪ್ಲಾಯನ್ಸ್‌ಗಳ್ನ ಇನ್ಸ್ಟಾಲ್ ಮಾಡಿದ್ದಕ್ಕೇಂತ ನಂಗ್ ಟ್ಯಾಕ್ಸ್ ಕ್ರೆಡಿಟ್ ಸಿಕ್ಕಿದೆ.,Happiness
"ಫ್ರೆಂಚ್ ಹಳ್ಳಿಗಾಡಲ್ಲಿರೋ ದ್ರಾಕ್ಷಿತೋಟ್ಗಳಲ್ಲಿ ಸೊಗ್ಸಾದ್ ವೈನ್‌ ತಯಾರಿಸ್ತಾರೆ, ನಂಗಂತೂ ಭಾರೀ ಇಷ್ಟ ಅದು.",Happiness
ನಮ್ ಸೂಪರ್ವೈಸರ್ರು ಕ್ಲೈಂಟ್ ಆಫೀಸಲ್ಲಿ  ಸ್ವಚ್ಛತೆ ಕೆಲ್ಸಗಳ್ ವೇಳಾಪಟ್ಟಿನ ಎಷ್ಟ್ ಚೆನ್ನಾಗ್ ವ್ಯವಸ್ಥೆ ಮಾಡಿದಾರೆ ಮತ್ತೆ ಒಂದ್ ಸಣ್ಣ ಕಲೇನೂ ಇರ್ದ್‌ಹಂಗ್‌ ಕೆಲ್ಸ ಮಾಡಿದಾರಲ ಅಂತ ಭಾಳ ಮೆಚ್ಗೆ ಆಯ್ತು ನಂಗೆ.,Happiness
"ಅವ್ನು ‌ಒಂಟಿತನದಿಂದಾಗಿ ತನ್ ಕಾಲೇಜಿನ್ ಮೊದಲ್ನೇ ವರ್ಷದಲ್ಲಿ ಖಿನ್ನತೆಗ್ ಒಳಗಾಗಿದ್ದ, ಪಾಪ.. ತುಂಬಾನೇ ಹಿಂಸೆ ಅನ್ಭವ್ಸಿದಾನೆ ಆಗೆಲ್ಲ.",Sadness
ನನ್‌ ಟೀಮ್ನೋನ್‌ ಒಬ್ಬನ್ನ ಕೆಲ್ಸದಿಂದ ತೆಗ್ದ್‌ಹಾಕಿರೋ ವಿಷ್ಯ ನಾನೇ ಅವ್ನಿಗ್ ಹೇಳ್ಬೇಕು ಅಂತಾದಾಗ ನಂಗದು ತುಂಬಾ ಕಷ್ಟ ಆಯ್ತು.,Sadness
"ಈ ಸಂಗೀತ ಅದೆಷ್ಟ್‌ ಜೋರಾಗಿ, ತಲೆ ಸಿಡ್ಯೋ ಹಾಗಿದೆ ಅಂತ ಉರ್ದೋಗ್ತಿದೆ ನಂಗೆ.. ಬೇರೆ ಯಾವ್ದ್ರ್ ಬಗ್ಗೆನೂ ಗಮನ ಹರ್ಸೋಕ್ ಆಗ್ತಿಲ್ಲ ಇದ್ರಿಂದಾಗಿ.",Anger
"ನಾವ್ ಸೆಕೆಂಡ್‌ ಲೈನ್‌ ಮ್ಯಾನೇಜರ್‌ಗಳಿದ್ದೀವಿ‌, ಆ ಸಿ.ಇ.ಓ. ನಮ್‌ ಟೀಮ್ನವ್ರ್‌ ಮುಂದೇ ನಮ್‌ ಮ್ಯಾಲ್ ವದರಾಡ್ಯಾನ ನೋಡ್, ನನಗೆಷ್ಟ್‌ ತಾಪ್ ಆಗ್ಲಿಕತ್ತದ.",Anger
"ನಮ್ ಕುಟುಂಬಕ್ಕೆ ದೇವಸ್ಥಾನದ್ ಹತ್ರನೇ  ಪಾರ್ಕಿಂಗ್ ಸಿಗುತ್ತೆ ಅಂತ ನಾನ್ ಅನ್ಕೊಂಡೆ ಇರ್ಲಿಲ್ಲ, ಆದ್ರೆ ನಮ್ಗ್‌ ತುಂಬಾನೇ ಸುಲಭ್ವಾಗ್ ಜಾಗ ಸಿಕ್ಬಿಡ್ತು.",Surprise
ನಮ್ ಕಲಾ ಶಿಕ್ಷಕ್ರು ತುಂಬಾ ಭಯಂಕರ ವ್ಯಕ್ತಿ. ನಾನ್ ಅವ್ರ್‌ ಹತ್ರ ಪ್ರಶ್ನೆ ಕೇಳ್ದಾಗ್ಲೆಲ್ಲಾ ಅವ್ರು ಮರದ್ ಸ್ಕೇಲ್‌ ಆಚೆ ತೆಗ್ದು ರಪ್ ರಪ್‌ ಅಂತ ಬಾರಿಸ್ತಾರೆ.,Fear
ಇವತ್‌ ನಾಳೆ ಮನಿ ರಿಪೇರಿ ಮ್ಯಾಲ್ ಎಷ್ಟ್‌ ರೊಕ್ಕಾ ಸುರೀಲಿಕತ್ತಿನಂತ ಸಂಕ್ಟ ಆಗ್ಲಿಕತ್ತದ.,Sadness
ಈ ಕೆಲ್ಸದಾಳ್‌ಗಳು ಹಬ್ಬಕ್ಕೆ ಅಥ್ವಾ ಜಾಸ್ತಿ ಕೂಲಿ ಕೊಡ್ತಾರೇಂತ ಬೇರೇವ್ರ್‌ ಜಮೀನಲ್ ಕೆಲ್ಸ ಮಾಡಕ್ಕೆ‌ ಹೇಳ್ದೆ ಕೇಳ್ದೆ ಹೋಗ್ಬಿಡ್ತಾರೆ. ಇಲ್ಲಿ ನಮ್‌ ಹೊಲಗದ್ದೆನ ಹೇಳೋರ್‌ ಕೇಳೋರ್‌ ಇರಲ್ಲ.  ಇವ್ರ್‌ಗಳ್ಗೆ ಸರ್ಯಾಗ್‌ ಪಾಠ ಕಲಿಸ್ಬೇಕು.,Anger
"ಪ್ರತೀ ಸಲ ಡೆಲಿವರಿ ಕೊಡೋರ್ ಬಂದಾಗ್ಲೂ ಅವ್ರನ್ನ ನಮ್ಮನೆ ಒಳಗ್ ಬಿಟ್ಕೊಳಕ್ಕೆ ಭಯ ಆಗತ್ತ್ ನಂಗೆ, ಈಗಂತೂ ಆ ಥರ ಬಂದು ಸುಲಿಗೆ ಮಾಡೋರ್‌ ಸಂಖ್ಯೆ ಜಾಸ್ತಿನೇ ಆಗಿದೆ.",Fear
"ನೀನು ಅವ್ರ್ ಕಲಿಸ್ತಿರೋ ಸಂಗೀತ, ನೃತ್ಯದ್ ಪಾಠಗಳ್ನ ಗಂಭೀರ್ವಾಗ್ ತಗೊತಿಲ್ಲ ಅನ್ನೋದು ಸ್ಪಷ್ಟವಾಗ್ ಕಾಣ್ತಿದೆ ನಂಗೆ.",Anger
ಒಂದ್ ದಶಲಕ್ಷಕ್ಕೂ ಜಾಸ್ತಿ ಜನ ಈ ಆಟನ ಆಡಿದಾರೆ. ನಿಮ್ಗ್‌ ಹೇಗ್ ಅದ್ರ ಬಗ್ಗೆ ಗೊತ್ತಿಲ್ಲ?,Surprise
"ನನ್ ಸರದಿ ಬಂದಾಗ್ಲೇ ನಾನ್ ಹಣ ತಗೊಳಕ್‌ ಹೋಗಿದ್ದು, ಆದ್ರೆ ಅಲ್ಲ್ ಹಣ ಕೊಡಕ್ಕೇಂತ ಕೂತಿದ್ದೋರು ‌ಸುಮ್ಸುಮ್ನೇ ನನ್ಮೇಲ್ ರೇಗಿದ್ನೋಡಿ ನಂಗೂ ತಾಳ್ಮೆ ಕೆಟ್ಟೋಯ್ತು, ಸರ್ಯಾಗ್‌ ತರಾಟೆ ತಗೊಂಡೆ.",Anger
"ನೀವ್‌ ಕೆಟ್ದಾಗ್‌ ಮಾಡಿರೋ ಕೆಲ್ಸನ ಸರಿಮಾಡ್ಬೇಕು ಅಂದ್ರೆ ನನ್‌ ಕಾರ್‌ನ ನಿಮ್‌ ಸರ್ವಿಸ್‌ ಸೆಂಟರಿಂದ ತಗೊಂಡ್‌ಹೊರ್ಟೋಗ್ತೀನಿ ಅಂತ ಧಮಕಿ ಹಾಕ್ಬೇಕಾ ನಾನು? ಛೇ, ಅದ್ನ ಸರಿ ಮಾಡ್ಕೊಡ್ತೀವಿ ಅಂತ ನೀವಾಗೇ ಹೇಳೋಷ್ಟೂ ಜವಾಬ್ದಾರಿ ಇಲ್ವಲ ನಿಮ್ಗೆ!",Disgust
ಎಲ್ಲ ಎಷ್ಟ್ ಸಲೀಸಾಗಾಯ್ತು ಅಂತ ಕಾರ್ಯಕ್ರಮದ್‌ ಬಗ್ಗೆ ನಮ್ ನೆಂಟ್ರೆಲ್ಲ ಅಷ್ಟೊಂದ್ ಹೊಗಳ್ತಾ ಇದ್ದಿದ್ದು ನಮ್ ಈವೆಂಟ್ ಮ್ಯಾನೇಜರ್ ಎಂಥ ಕಸುಬ್ದಾರ ಅನ್ನೋಕೆ ಕನ್ನಡಿ ಹಿಡ್ದಂಗಿತ್ತು.,Happiness
ನಮ್ಗೆ ಬೇಕಾಗಿರೋ ಥರದ್‌ ಆಯ್ಕೆಗಳ್ನ ಸರ್ಯಾಗ್‌ ಮಾಡ್ಕೊಡ್ದೇ ಇರೋ ಬಡಗಿ ಸಿಕ್ಬಿಟ್ರೆ ಅದ್ಕಿಂತ ತಲೆನೋವಿನ್ನೊಂದಿಲ್ಲ. ಎಷ್ಟ್‌ ಸಲ ಹೇಳಿದ್ರೂ ಅರ್ಥಾಗಲ್ಲ ಅವ್ರಿಗೆ.,Anger
ನನ್ ಹೊಸ ಮನೆಗ್ ಬೇಕಾಗಿದ್ ಎಲೆಕ್ಟ್ರಿಕಲ್ ಐಟಮ್‌ಗಳ್ಮೇಲೆ ಅಂಗ್ಡಿಯೋರ್ ಜೊತೆ ನಾನೆಷ್ಟ್‌ ಕಡ್ಮೆ ದುಡ್ಡಿಗ್‌ ಚೌಕಾಶಿ ಮಾಡಿ ಅದ್ನೆಲ್ಲ ತಗೊಂಡ್ಬಂದೆ ಅಂದ್ರೆ ನೀನ್‌ ನೋಡ್ಬೇಕಿತ್ತು ಅದ್ನ!,Happiness
ಸರ್ಕಾರ ಭ್ರಷ್ಟಾಚಾರನ್ ಬಹಿರಂಗಪಡ್ಸೋರ್‌ ಸದ್ದಡಗ್ಸೋದ್‌ ನೋಡ್ದಾಗ ನನ್ ರಕ್ತ ಕುದಿಯತ್ತೆ.,Anger
"ಆಹಾ‌ ಈ ವಾಷಿಂಗ್‌ ಪೌಡರ್‌ ಹಾಕ್ತೂಂದ್ರ ಬಟ್ಟಿಯೆಲ್ಲ ಬೆಳ್ಳಗ್‌ ಹೊಳಿತಾವಂತ ಸುಳ್‌ಸುಳ್‌ ಅಡ್ವಟೈಸ್ ಕೊಟ್ ಯಾಕ್ ಮಂದಿ ತಲಿಕೆಡಸ್ತೀರ್ರೀ, ನಾಚ್ಕಿ ಆಗ್ಬೇಕ್‌ ನಿಮ್ಗ.",Anger
"ಸಿನ್ಮಾದ್‌ ಕಥೆಲಿ ಅದೆಷ್ಟ್‌ ತಿರುವುಗಳಿದ್ವೂಂದ್ರೆ ಅದು ಹಾಗಾಗ್ಬಹುದು, ಹೀಗಾಗ್ಬಹುದು ಅಂತೆಲ್ಲ ಅದ್ರಲ್ಯಾವ್ದನ್ನೂ ನಾನ್ ಊಹಿಸಕ್ಕೇ ಆಗ್ಲಿಲ್ಲ.",Surprise
ಬೀಚಲ್ಲ್‌ ಆಟ ಆಡ್ತಿದ್ದಾಗ ಅಲೆಗಳು ನೀರಿನ್‌ ದೊಡ್ಡ್‌ ಗೋಡೆ ಹಾಗ್‌ ಎದ್ದು ನಮ್ಮೇಲ್‌ ಬೀಳೋಕ್ ಬರ್ತಿದ್ದಿದ್‌ ನೋಡಿ ಗಾಬ್ರಿಗೆ ನಂಗ್‌ ಹೆಜ್ಜೆ ಕಿತ್ತಿಡಕ್ಕೂ ಆಗ್ದ್‌ ಹಾಗೆ ಎರಡ್ನಿಮ್ಷ ಕೈಕಾಲೆಲ್ಲ ಮರಗಟ್ಹೋಗಿತ್ತು.,Fear
"ಪಲ್ಲಿಕರನೈ ಹತ್ರ ಗಾಡಿ ಓಡ್ಸಿದ್ದು ನಂಗೊಂಚೂರೂ ಇಷ್ಟ ಆಗ್ಲಿಲ್ಲ. ಅದು ಜವುಗು ಭೂಮಿ ಆದ್ರಿಂದ ಅಲ್ಲೊಂಥರ ಹಸಿ ಹಸಿ ವಾಸ್ನೆ ಇರತ್ತೆ, ನಂಗಾಗೋದೇ ಇಲ್ಲಪ್ಪ ಅದು.",Disgust
ನನ್ ಲ್ಯಾಪ್‌ಟಾಪ್‌ನ ಸರಿಮಾಡ್ಕೊಟ್ಟಿದ್ದಕ್ಕೆ  ಧನ್ಯವಾದ. ಇದು ಸರ್ಯಾಗ್ ಕೆಲ್ಸ ಮಾಡ್ತಾ ಇದೆ ಈಗ.,Happiness
ಈ ಸಿನ್ಮಾ ನೋಡೋಕೇ ತುಂಬಾ ಖುಷಿ ನಂಗೆ. ಇದ್ರಲ್ಲಿ ಎಲ್ರೂ ನನ್ನಿಷ್ಟದ ನಟ-ನಟೀರೇ ಇದಾರೆ.,Happiness
"""""""ದಿ ಲಾಸ್ಟ್ ಏರ್ಬೆಂಡರ್""""ನಾಗ್‌ ಸಿನೆಮಾಟೊಗ್ರಾಫಿ ಅಗ್ದೀ ಗೊಳ್ಳಿತ್ತಪಾ, ಆ ಸಿನಿಮಾ ನೋಡಿ ಏನ ಉಪಯೋಗಿಲ್ಲಾ.""",Disgust
ಆಸ್ಪತ್ರೆಗೇಂತ ನಾನ್ ಖರ್ಚ್‌ ಮಾಡಿ‌ದ್ದಿದ್‌ ದುಡ್ಡು ಈಗಷ್ಟೇ ವಾಪಸ್‌ ಜಮಾ ಆಯ್ತು!,Happiness
ಅವ್ನ್ ಗಾಯದಿಂದ ರಕ್ತ ಬರ್ತಿದ್ದಿದ್ದೂ ಅಲ್ದೇ ಮೇಲೆಲ್ಲ ಕೀವು ಮೆತ್ಕೊಂಡಿತ್ತು.,Disgust
ನಾನ್  ಏನನ್ನಾದರೂ ಮುಗಿಸ್ಬೇಕು ಅಂತ ಆಂದಕೊಂಡಾಗ  ಆದ್ರೆ ಅದು ಯೋಜನೆ ಪ್ರಕಾರ ನಡಿದೆ ಇದ್ದಾಗ್  ನಂಗ್ ತುಂಬಾ ಭಯ ಆಗುತ್ತೆ.,Fear
"ನಿವೃತ್ತ ಆಟಗಾರ್ರು ಬೇರೆ ಕ್ರಿಕೆಟ್ ಲೀಗ್‌ಗಳಲ್ಲ್ ಆಡೋದ್ನ ತಡಿಬೇಕನ್ನೋ ಬಿ.ಸಿ.ಸಿ.ಐ. ನಿರ್ಧಾರ ನಂಗ್ಯಾಕೋ ಅಷ್ಟ್ ಸರಿ ಅನ್ಸ್ತಾ ಇಲ್ಲ, ಹೊಲ್ಸ್ ರಾಜ್ಕೀಯ ಇದೆಲ್ಲ.",Disgust
"ಇಂಥದ್ದನ್ನ ಅನುಭವ್ಸೋದು ಎಷ್ಟ್ ಕಷ್ಟ ಅಂತ ನಂಗೊತ್ತಿದೆ! ಇದನ್‌ ಎದುರಿಸೋದ್ರಲ್ಲಿ ನಾನ್‌ ನಿನ್‌ ಜೊತೆನೇ ಇರ್ತೀನಿ, ಸಮಾಧಾನ ಮಾಡ್ಕೋ.",Sadness
ಲೈಫ್‌ಸ್ಟೈಲ್ ಸ್ಟೋರಲ್ಲಿ ಅದೆಷ್ಟ್‌ ಬಗೆಬಗೆಯಾದ್ ಸೆಂಟ್‌ಗಳ್ ಸಿಗತ್ವಪ್ಪ ಅಂತ ನಂಗ್ ಬೆರಗಾಗೋಯ್ತು.,Surprise
ಸತ್ಯನ ತಿರುಚಿ ಯಾವಾಗ್ಲೂ ಮನ್ಸಿಗ್ ಕ್ಷೋಭೆ ಆಗೋಥರದ್ ಸುದ್ದಿಗಳ್ನೇ ಪ್ರಕಟಿಸ್ತಾರೇಂತ ನ್ಯೂಸ್‌ ಪೇಪರ್‌ ತಗೊಳೋದ್ನೇ ಬಿಟ್ಬಿಟ್ಟೆ ನಾನು.,Disgust
ಕೆಲ್ವು ದೇಶಗಳಲ್ಲೆಲ್ಲ ಅಲ್ಲಿನ್ ಸರ್ಕಾರ ಮಾಡ್ಕೊಂಡಿರೋ ಆ ಪಾಟಿ ಸಾಲದ್ ಬಗ್ಗೆ ಕೇಳಿ ನಂಗ್ ಆಘಾತ ಆಯ್ತು.,Surprise
"ಇಲ್ಲಿರೋ ಕೆಲ ಟ್ಯಾಕ್ಸಿ ಡ್ರೈವರ್ಸು ನಾವ್‌ ಇಳ್ಯೋ ಜಾಗಕ್ ಹೋದ್ಮೇಲೆ ಜಾಸ್ತಿ ದುಡ್ಡ್ ಕೇಳ್ತಾರೆ, ಎಂಥಾ ಜನನಪ್ಪಾ ಇವ್ರು.. ಛೇ!",Disgust
ಮಣ್ಣನ್ ಉಳ್ಮೆ ಮಾಡಿ ಅದ್ನ ನೆಡ್ಲು ಸರಿಪಡ್ಸೋ ನುರಿತ ಕೃಷಿ ಕಾರ್ಮಿಕರು ಇದ್ದಾರೆ ಅಂತ ಕೇಳ್  ನಂಗ್  ಖುಷಿಯಾಯ್ತ್.,Happiness
"ಈ ರೆಸ್ಟೋರಂಟ್‌ ಸರ್ವಿಸ್ನೋರು ಅದೆಷ್ಟ್ ಗಮನ ಕೊಟ್ಟು, ಭಾಳ ಕಾಳಜಿಯಿಂದ ಎಲ್ಲ ವ್ಯವಸ್ಥೆನೂ ನೋಡ್ಕೊಂಡ್ರು ಅಂದ್ರೆ ನಂಗಂತೂ ಈಗ್ಲೂ ಆಶ್ಚರ್ಯ ಅನ್ಸತ್ತದು. ಬಂದೋರ್ಗೆ ಒಳ್ಳೆ ಊಟ ಮಾಡಿದ್‌ ತೃಪ್ತಿ ಸಿಗ್ಬೇಕು, ಇಲ್ಲಿಗ್‌ ಬಂದಿದ್ದಿದ್ದು ಅವ್ರಿಗ್ ನೆನ್ಪಲ್ಲ್‌ ಉಳ್ಯೋ ಹಾಗಾಗ್ಬೇಕು ಅಂತ ಇವ್ರು ತಮ್‌ ಕೈಮೀರಿ ಪ್ರಯತ್ನ ಪಡ್ತಾರೆ.",Surprise
"ನಾನು ಈ ವೀಡಿಯೊ ಗೇಮ್‌ ಆಡ್ಬೇಕು ಅನ್ಕೊಂಡಿದ್ದೆ, ಆದ್ರೆ ಸಿ.ಡಿ. ಮುರ್ದ್‌ಹೋಯ್ತು. ಈಗ ನಾನ್ ಇನ್ಯಾವತ್ತೂ ಈ ಆಟನ ಮತ್ತೆ ಆಡೋಕಾಗಲ್ಲ.",Sadness
"ನೀನ್ ನನ್ ಗುಟ್ಟನ್ನ ಎಲ್ರಿಗೂ ಹೇಳಿ ನಮ್ ಸ್ನೇಹಕ್ ದ್ರೋಹ ಬಗ್ದಿದ್ಯಾ, ಇನ್ಯಾವತ್ತೂ ನಂಗ್‌ ನಿನ್‌ ಮುಖ ತೋರ್ಸ್ಬೇಡ.",Anger
ಮುಂಬೈ ಸಮೀಪಿರ ಗುಡ್ಡ್‌ದಾಗ ಇಂಥಾ ಛಂದದ್ ಕಾಲ್‌ಹಾದಿ ಇರತಾವಂತ ನಾ ಕನಸ್ನ್ಯಾಗೂ ಅನ್ಕೊಂಡಿರ್ಲಿಲ್ಲ.,Surprise
ದಿನಾ ಮುಂಜಾನಿ ಬೇಕ್ರಿನ್ಯಾಗ್‌ ಬ್ರೆಡ್‌ ಬೇಯ್ಸಮುಂದ ಮಸ್ತ್‌ ಘಮಘಮಾ ಅಂತದಲಾ ನಂಗ್ ಅದ್ರ ವಾಸ್ನಿ ಭಾಳ ಸೇರ್ತದ.,Happiness
"ನನ್‌ ಮಗಾ ಬ್ಯಾಸಗಿ ಸೂಟ್ಯಾಗ ದಿನಕ್‌ ೮ ತಾಸ್‌ ತನ್‌ ಕೀಬೋರ್ಡ್‌ ಮ್ಯಾಲ್‌ ರಿಯಾಜ಼್ ಮಾಡ್ಯಾನ, ಧನ್ಯ ಅನಸ್ತು.",Happiness
ಚೆನ್ನೈ ದಿಗಂತದಲ್ಲಿ ಬರೀ ಕಟ್ಟಡಗಳೇ ಕಾಣೋದಾಗಿ ನಮ್ ತಾರಸಿಯಿಂದ ಆಕಾಶ  ಸ್ಪಷ್ಟವಾಗ್ ನೋಡಕ್ಸಿಗೋದೇ ಕಷ್ಟ.. ನಂಗಂತೂ ಮನ್ಸಿಗೆಲ್ಲ ಮಂಕ್‌ ಬಡ್ದಂಗ್‌ ಆಗ್ಬಿಟಿದೆ.,Sadness
ಚೆನ್ನೈಲಿರುವಾಗ ಶೇರಿಂಗ್ ಆಟೋದಲ್ಲಿ ಡ್ರೈವರ್ ಪಕ್ಕ ಕೂತ್ಕೊಂಡ್ ಹೋಗೋ ಚಾನ್ಸ್‌ ಸಿಕ್ಕಾಗ್ಲೆಲ್ಲ ನನ್‌ ಮುಖ್ದಲ್ ನಗು ಮಾಸೋದೇ ಇಲ್ಲ.,Happiness
ಲೇಖಕ್ರು ಕಷ್ಟಕರ ವಿಷ್ಯಗಳ್ನ ಸುಲಭ್ವಾದ್ ಉದಾಹರಣೆಗಳ್‌ ಜೊತೆ ಅರ್ಥಮಾಡ್ಕೊಳಕ್ಕಾಗೋ ಥರ ಎಷ್ಟ್ ಸರಳ ಮಾಡಿ ಹೇಳಿದಾರೆ ಅಂತ ನಂಗ್ ಆಶ್ಚರ್ಯ ಆಯ್ತು.,Surprise
"ಈ ಟ್ಯಾಕ್ಸ್‌ ರೂಲ್ಗಳ್ನೆಲ್ಲಾ ಬದ್ಲಾಯ್ಸ್ಲಿಕ್ ಹತ್ತಾರಲಾ, ಅದ್ರಲಿಂದ ನನ್‌ ದಂಧಾ ಹೆಂಗ್ ಏನಾಗ್ತದೋ ಏನೋ ಅಂತ ನಂಗ ಹಗ್ಗದ್ ಮ್ಯಾಲಿನ್‌ ನಡಿಗಿ ಹಂಗಾಗ್ಯದ.",Fear
ಯಾರೋ ನಂಗ್  ಫೋನ್ ಮಾಡಿ ನನ್ ಬ್ಯಾಂಕ್ ಖಾತೆ ವಿವರಗಳ್ನ ವ್ಯಾಲಿಡೇಟ್ ಮಾಡಕ್ಕೆ ಒ.ಟಿ.ಪಿ. ಕೇಳ್ದಾಗ ನಂಗ್ ತುಂಬಾ ಭಯ ಆಯ್ತು.,Fear
ಯವ್ವಾ! ಆ ಸಿನ್ಮಾದಲ್ಲಿರೋ ದೃಶ್ಯಗಳು ನಂಗಂತೂ ತುಂಬಾನೇ ಇರುಸುಮುರುಸಾಗತ್ತಪ.,Disgust
"ಅವ್ನ್ ಸ್ನೇಹಿತ್ರೆಲ್ಲ ಎಷ್ಟ್‌ ಬಲ್ವಂತ ಮಾಡಿದ್ರೂ ಆ ಹುಡ್ಗ ಪಾರ್ಟಿ ಮುಗ್ಯೋವರ್ಗೂ ಒಂದ್‌ ಗ್ಲಾಸ್‌ಗಿಂತ ಜಾಸ್ತಿ ಕುಡೀಲಿಲ್ಲ, ನಂಗ್‌ ಅವ್ನ್‌ ಸಂಯಮ ಮೆಚ್ಗೆ ಆಯ್ತು.",Happiness
"ಸಿನ್ಮಾ ಚೆನ್ನಾಗಿದ್ರೂ ನಂಗ್ ತುಂಬಾ ಬೇಜಾರಾಯ್ತು, ಯಾಕಂದ್ರೆ ಅವ್ರು ಕೊನೇಲಿ ನನ್ನಿಷ್ಟದ್ ಪಾತ್ರನ ಕೊಂದ್ಹಾಕ್‌ಬಿಟ್ರು.",Sadness
ಅರೇ ವಾಹ್! ಈ ತಿಂಗ್ಳು ನಂಗೆ ನನ್ ಸ್ಟೈಫಂಡ್ ಬೇಗ್ನೇ ಸಿಕ್ಕಿದೆ!,Surprise
"ನಾನು ನೆಲ್ಸನ್ ಮಂಡೇಲಾ ಬಗ್ಗೆ ಬಂದಿರೋ ಸಿನ್ಮಾ ನೋಡ್ದಾಗ, ದೊಡ್ದಾಗಿ ತಮ್ದು ""ಮುಂದುವರಿದ ನಾಗರಿಕತೆ"" ಅಂತ ಹೇಳ್ಕೊಳೋ ಜನಾಂಗ ಒಬ್ಬ ಮನುಷ್ಯನ್ನ ಅಷ್ಟ್ ಸಣ್ಣ ಕೋಣೆಲಿರ್ಸೋಷ್ಟು ಕೀಳ್‌ಮಟ್ಟಕ್ಕಿಳ್ಯತ್ತೆ ಅಂದ್ರೆ ನಂಗ್‌ ನಂಬಕ್ಕೇ ಆಗ್ಲಿಲ್ಲ. ಛೇ! ಎಂಥ ಕ್ರೌರ್ಯ ಅದು!",Disgust
ಅಂಗ್ಡಿಲಿ ನಾನ್ ಇಷ್ಟೊಂದೆಲ್ಲ ಖರೀದಿ ಮಾಡಿದ್ರೂ ನೀವ್ ಈ ರಿಯಾಯ್ತಿ ಕೂಪನ್‌ ವ್ಯಾಲಿಡ್‌ ಅಲ್ಲ ಅಂತಿದೀರಲ! ಏನ್‌ ಹುಡ್ಗಾಟ ಆಡ್ತಿದೀರ?!,Anger
"ಪ್ಯಾಕೇಜ್ ತೆಗ್ದ್ ನೋಡ್ದಾಗ ನಂಗ್ ಆಶ್ಚರ್ಯ ಆಯ್ತು, ಅದಾಗ್ಲೇ ಒಂದ್ಕಡೆ ಪೂರ್ತಿ ಹರ್ದ್ ಹೋಗಿತ್ತು ಅದು!",Surprise
ಈ ರಾಜಕಾರ್ಣಿಗಳ್‌ ಬೆಂಕಾಪ್‌ಗಳಿಗಿ ಕಳಸ್ಲಿಕ್ಕಿ ನಮಗ್ ಹಾದಿನಡು ನಿಂದ್ರಸ್ತಾರಲಾ ನಂಗದ್ ಮೈಯುರಿತದ.,Anger
ಇದು ನನ್ ಹೊಸ ಮನೆನ  ಸೆಟ್ ಮಾಡಕ್  ಸಹಾಯ ಮಾಡ್ತಿದೆ. ಈ ಅಂಗ್ಡಿಲಿರೋ ಬೇರ್  ಬೇರೆ ರೀತಿಯ  ವಿದ್ಯುತ್ ಫಿಟ್ಟಿಂಗ್ಗಳಿಂದ್  ನಂಗ್  ನಿಜ್ವಾಗ್ಲೂ ರೋಮಾಂಚ್ನ ಆಗಿದೆ.,Happiness
"ಇದು ಹೀಗಿರತ್ತೆ ಅಂತ ನಾನ್‌ ಅನ್ಕೊಂಡಿರ್ಲಿಲ್ಲ, ಆದ್ರೆ ತುಂಬಾನೇ ಚೆನಾಗಿದೆ! ಅವ್ರು ನಿಜ್ವಾಗ್ಲೂ ‌ನಮ್ ಅನುಕೂಲಕ್‌ ತಕ್ಕ್‌ ಹಾಗೆ ನಮ್ಮನೆಗೇ ಬಂದು ಕಾರ್‌ ತೊಳ್ಕೊಡ್ತಾರೆ!",Surprise
"ನನ್‌ ಸ್ವಾದರ್‌ ಸೊಸಿ ಏನ್‌ ಈಗ ಹದ್ನೇಳ್‌ ವರ್ಷದ ಹುಡ್ಗಿ ನೋಡ್ರಿ, ಒಂದ್‌ ಸಂಗೀತ್‌ ಕಚೇರಿನ್ಯಾಗ ಹಾಡಮುಂದ ಯಲ್ಲಾ ಓಷ್ಟೂ ಸ್ಥಾಯಿದಾಗ್‌ ಹಾಡಿದ್ಲು, ಕೇಳಿ ನಂಗ ಮಾತೇ ಹೊಂಡ್ಲಿಲ್ಲಾ.",Surprise
"ಕ್ಷಮ್ಸಿ, ಆದ್ರೆ ಆ ಸಮಾರಂಭಕ್ಕೆ ನಿಮ್ ಕೇಕ್ ಆರ್ಡರ್‌ನ ಮಾಡ್ಕೊಡಕ್ಕೆ ನನ್ಕೈಲಾಗಲ್ವೇನೋ ಅಂತ ಭಯ ನಂಗೆ.",Fear
ನಾವ್ ಡೆಲ್ಲಿಲಿ ಸರೋಜಿನಿ ಮಾರ್ಕೆಟ್ಟಲ್ಲಿದ್ದಾಗ ನನ್ ಮಗ ತಪ್ಪಿಸ್ಕೊಂಡು ನಂಗ್‌ ಜೀವ ಬಾಯಿಗ್‌ ಬಂದಿತ್ತು.,Fear
ಈ ಸಲಾಡ್ ಎಷ್ಟ್ ತಾಜಾ ಆಗಿದೆ ಅಂದ್ರೆ ಅದನ್‌ ತಿಂದು ಸ್ವಚ್ಛವಾದ್ ಒಳ್ಳೆ ಗಾಳಿ‌ ಬೀಸ್ದಾಗ್‌ ಆಗೋ ಥರ ಸಂತೃಪ್ತಿ ಆಯ್ತು ನಂಗೆ.,Happiness
ನಾನು ನೆನ್ನೆ ಬೀಚಿಗ್ ಹೋಗಿ ಫುಟ್ಬಾಲ್ ಆಡ್ಕೊಂಡ್‌ ಬಂದೆ. ತುಂಬಾ ಮಜವಾಗಿತ್ತದು.,Happiness
ಆಫೀಸ್ ಯಾವತ್ತೂ  ಇಷ್ಟು ನೀಟ್ ಆಗಿ ಕಾಣ್ತಿರ್ಲಿಲ್ಲ. ಸ್ವಚ್ಛಗೊಳಿಸೊ ಸೂಚ್ನೆಲಿ  ಮೇಲ್ವಿಚಾರಕ ಸಣ್  ಸಣ್ ವಿಷ್ಯಕ್ಕೂ ಗಮನ ಹರಿಸ್ತಾ ಇರೋದನ್ ನೋಡಿ  ನಂಗ್  ಆಶ್ಚರ್ಯ ಆಯ್ತು.,Surprise
ಹಾಕೊಳೋ ಒಡವೆಗಳು ಯಾವತ್ತೂ ಆಯಾ ಸಂದರ್ಭಕ್ ತಕ್ಕನಾಗ್ ಇರ್ಬೇಕು. ಆ ಥರ ಅಲ್ದೇ ಒಂದಕ್ಕೊಂದ್‌ ತಾಳಮೇಳ ಇಲ್ದಿರೋ ಥರ ಆಗ್ಬಿಟ್ರೇಂತ ನಂಗ್‌ ಕಳವಳ ಆಗ್ತಿದೆ.,Fear
"ನಿನ್ನೆ ರಾತ್ರಿ‌ ಐದೈದ್‌ ಗ್ಲಾಸ್‌ ಲಿಂಬು ಸೋಡಾ ಕುಡ್ದಾನ, ಇವತ್ ನನ್‌ ಮಗಾ ಸ್ಟೇಜಿನ್‌ ಮ್ಯಾಲ್‌ ನಿಂತ್‌ ಹೆಂಗ ಹಾಡ್ತಾನೋ ಏನೋ ದೇವ್ರಿಗೇ ಗೊತ್ತ.",Fear
"ಓಹ್, ಕೋಣೆ ಬಾಗ್ಲು ಅಲ್ಗಡ್ತಾನೆ  ಇಲ್ಲ ಅಂತ ನಂಗ್  ನಂಬ್ಲಿಕ್ಕೇ  ಅಗ್ತಿಲ್ಲ. ಆಶ್ಚರ್ಯ, ಇದ್ಕಿಂತ ಮೊದ್ಲು ಹೀಗ್ ಯಾವ್  ಹೋಟೆಲ್ ಅಲ್ಲೂ ಆಗಿರ್ಲಿಲ್ಲ.",Surprise
"ಅಷ್ಟ್ ಟ್ರಾಫಿಕ್ ಇದ್ರೂನು, ನಾವ್ ತಲ್ಪುಬೇಕಾದ್ ಸಮ್ಯಕ್ಕೆ ಸರ್ಯಾಗ್ ನಮ್ ಗಮ್ಯಸ್ಥಾನನ್ ತಲ್ಪಿರೋದಕ್ಕೆ ನಂಗ್ ಆಶ್ಚರ್ಯ ಆಯ್ತು !",Surprise
ನಮ್ಮಪ್ಪ ಅಮ್ಮ ಯಾವಾಗ್ಲೂ ನನ್ ಜೀವ್ನದ್ ಪ್ರತಿಯೊಂದ್ ಅಂಶನೂ ಅವ್ರ್‌ ಹೇಳ್ದಂಗೇ ಇರ್ಬೇಕು ಅಂತ ಬಲ್ವಂತ ಮಾಡೋದು ನಂಗಂತೂ ಸಾಕಾಗೋಗಿದೆ. ಅವ್ರ್‌ ಹೀಗ್‌ ಮಾಡೋದು ಸ್ವಲ್ಪನೂ ಸರಿಯಿಲ್ಲ.,Anger
ನಾನ್ ಮದ್ವೆ ಆಗ್ತಿರೋ ಹುಡ್ಗಿನ್ ಭೇಟಿ ಮಾಡಾದ್ಮೇಲೆ ನಂಗ್‌ ಸ್ವರ್ಗ ಮೂರೇ ಗೇಣು ಅನ್ನಿಸ್ತಿದೆ.,Happiness
ಇದ್ರಲ್ಲೇ ತಜ್ಞರು ಅನ್ಸಿರೋ ಡಾಕ್ಟರ್ಗಳು ಅಷ್ಟೆಲ್ಲ ದೊಡ್ದೊಡ್‌ ಆಸ್ಪತ್ರೆಗಳಿಂದ ಬಂದಿದ್ರೂ ನನ್ ತಲೆನೋವಿನ್ ಸಮಸ್ಯೆಗೆ ‌ಅವ್ರ್‌ ಯಾರ್‌ ಕೈಲೂ ಏನೂ ಪರಿಹಾರ ಕೊಡಕ್ಕಾಗ್ತಿಲ್ವಲ ಅನ್ನೋದು ತುಂಬಾ ವಿಚಿತ್ರವಾಗಿದೆ!,Surprise
"ಅವ್ರ್‌ ಪಡೋ ಕಷ್ಟ, ಪರಿಶ್ರಮನ ಗುರುತ್ಸಿ ಅವ್ರ್ ಬೆನ್ನ್‌ ತಟ್ದಿದ್ರೆ ನಮ್‌ ತಂಡದಲ್ಲಿರೋರೆಲ್ಲ ಒಬ್ಬೊಬ್ರಾಗ್ ಕೆಲ್ಸ ಬಿಟ್ಹೋಗ್ಬಿಡ್ತಾರೇನೋ ಅಂತ ಆತಂಕ ಆಗತ್ತೆ.",Fear
"ನೀನ್‌ ನಡ್ಕೋತಿರೋ ರೀತಿ ನಂಗೊಂಚೂರೂ ಹಿಡಿಸ್ತಿಲ್ಲ, ನಂಗೆಷ್ಟ್‌ ಕೋಪ ಬಂದಿದೆ ಅಂದ್ರೆ ಇನ್ಯಾವತ್ತೂ ನಿನ್ಮುಖ ನೋಡಕ್ಕೂ ನಂಗಿಷ್ಟ ಇಲ್ಲ!",Anger
ಎಲ್ರೂ ಸ್ವಲ್ಪ ಸಮಾಧಾನ್ವಾಗಿರಿ! ನಾನೀಗ ಹೇಳೋ ವಿಷ್ಯ ಕೇಳಿ ಮೂರ್ಛೆ ಹೋದೀರ ಜೋಕೆ!,Surprise
ಸಂಘದ್ ಸಭೆಲಿ ಕೆಲ್ವು ಮನೆಗಳೋರು  ಸುಮ್ಸುಮ್ನೆ ದೊಡ್ದಾಗ್ ಗಲಾಟೆ ಮಾಡಿ ರಂಪ ಎಬ್ಸಿದ್ ನೋಡಿ ನಂಗ್‌ ಅಲ್ಲಿಂದ ಎದ್ದ್‌ ಹೋಗ್ಬಿಡಣ ಅನ್ಸ್‌ಬಿಡ್ತು.,Disgust
ಬರೀ ನನ್ ಪಾಸ್ಬುಕ್ ಅಪ್ಡೇಟ್‌ ಮಾಡ್ಕೊಡಕ್ಕೇ ಅಷ್ಟ್ ಸಲ ನನ್ನನ್ನ ಬ್ಯಾಂಕಿಗ್ ಅಲೆಯೋ ಹಾಗ್ಮಾಡಿದ್‌ ಆ ಸಿಬ್ಬಂದಿನ್ ನೆನ್ಸ್ಕೊಂಡ್ರೆ ನಂಗ್ ಮೈಯೆಲ್ಲ ಉರ್ಯುತ್ತೆ.,Anger
ತನ್ನ್ ಮೇಂಟನೆನ್ಸ್‌ ಫೀಸ್‌ನೇ ಸರ್ಯಾಗ್‌ ಕಟ್ದಿರೋ ನಮ್‌ ಪಕ್ಕದ್ಮನೆಯೋನು ಅಪಾರ್ಟ್ಮೆಂಟ್ ಸಮಿತಿಗ್ ಆಯ್ಕೆಯಾಗ್ಬೇಕೂಂತ ಬಂದಾಗ ನಂಗ್‌ ಇಂಥಾ ಜನನೂ ಇರ್ತಾರಾ ಅನ್ಸ್‌ಬಿಡ್ತು.,Disgust
ನಾನ್  ಕೇಳ್ಕೊಂಡಾಗ ಪುಸ್ತಕ ಮಾರೋನು ನನ್ ಪುಸ್ತಕಗಳಲ್ಲಿ ಒಂದನ್ನು ಮಾರ್ತಾನೆ  ಅಂತ  ನಾನ್  ಯಾವತ್ತೂ ಯೋಚಿಸಿರ್ಲಿಲ್ಲ!,Surprise
ಬ್ರೋಕರ್ಗಳು ತುಂಬಾನೇ ಅಪಾಯ ಇರೋಂಥ ಹೂಡಿಕೆಗಳ್ನ ಮಾಡೀಂತ ಅಸಹಾಯಕ ಜನ್ರನ್ನ ಗುರಿ ಮಾಡೋದು ತೀರಾ ಹೀನಾಯ.,Disgust
ಆದೇಶದ್ ಕೊನೆ ಫಲಿತಾಂಶದಿಂದ್ ನಂಗ್ ಅಸಹ್ಯ ಆಯ್ತು. ನಾನ್  ನನ್ ಅಡುಗೆಮನೆಲೆ   ಇರಕ್ಕಾಗದ್  ಸ್ಥಿತಿಗೆ ತಲಪಿದ್ದೇನೆ.,Disgust
"‌ಎಲ್ಲ ಕಡೆ ಎ.ಐ. ಬಳ್ಸೋದ್‌ ಶುರುವಾದ್ರೆ ಶಿಕ್ಷಕರಾಗಿ ನಮ್ಗ್‌ ಇನ್ಮುಂದೆ ಏನೂ ಸ್ಥಾನನೇ ಇರಲ್ವೇನೋ, ಕೆಲ್ಸನೇ ಕಳ್ಕೊತಿವೇನೋ ಅಂತ ದಿಗಿಲಾಗತ್ತೆ.",Fear
ಉದ್ವಿಗ್ನ ಪರಿಸ್ಥಿತಿಯಿಂದಾಗ್   ಈವೆಂಟ್ ರದ್ದ್  ಆಗಿದ್ರೂ  ಸಹ ನಮ್ ಹಣನ ತೆಗ್ದು ಕೊಂಡಿದ್ದಕ್  ನಂಗ್ ಈವೆಂಟ್ ಮ್ಯಾನೇಜರ್ ಮೇಲೆ ಸಿಕ್ಕಾಪಟ್ಟೆ ಸಿಟ್ ಬಂತು.,Anger
ನನ್‌ ಚಡ್ಡೀ ದೋಸ್ತನೇ ನನ್‌ ಬೆನ್ನಾಗ್ ಚಾಕು ಹಾಕ್ಬಿಟ್ಟ ನೋಡ್ರಿ.,Sadness
ಮುದ್ಕನಿಗೆ ದೆಹಲಿಗೆ ರೈಲ್  ಟಿಕೆಟ್ ಬುಕ್ ಮಾಡಕ್  ಪರ್ಯಾಯಗಳನ್  ಕೊಡಕ್  ರೈಲ್ವೆ ಬುಕಿಂಗ್ ಗುಮಾಸ್ತ ನಿರಾಕರಿಸ್ದಾಗ ನಂಗ್ ಬೇಜಾರಾಯ್ತು.,Sadness
"ನಿಮ್ ಕಸನೆಲ್ಲ ನಮ್ಮನೆ ಅಂಗಳದಲ್ಲಿ ಬಿಸಾಕೋದನ್ನ ನಿಲ್ಸಿ. ಇದು ನನ್ ಮನೆ, ನಿಮ್ ಕಸದ್ ಬುಟ್ಟಿ ಅಲ್ಲ!",Anger
"ಮೇಘನಾ, ಅದ್ನ ನಂಗ್ ವಾಪಸ್ ಕೊಟ್ರೇ ಸರಿ ನೀನೀಗ. ನಂದು ಅದು!",Anger
ಕೆಲವ್  ಉತ್ತರ ಭಾರತೀಯ್ರು  ದಕ್ಷಿಣ ಭಾರತೀಯರೊಂದಿಗೆ ಅನುಕಂಪದಿಂದ್  ಮಾತಾಡ್ ಬಿಟ್ ಆಮೇಲೆ  ಭಾಷೆನ್  ಟೀಕಿಸಿದಾಗ ನಂಗ್  ತುಂಬಾ ಕೋಪ ಬರುತ್ತೆ.,Anger
ಹೊಳೆಯೋ ಹೊಸ ಬೈಸಿಕಲ್ನ ತಗೊಳ್ಳಕೆ  ರಿಸರ್ಚ್ ಮಾಡ್ದೆ  ಅವಸರದ್  ನಿರ್ಧಾರ ಮಾಡ್ಬಿಟ್ಟು  ಆಮೇಲ್   ವಿಷಾದಿಸ್ಬಹುದು ಅಂತ  ನಾನು ಸ್ವಲ್ಪ ಆತಂಕ ಪಡ್ತಾ ಇದ್ದೀನಿ.,Fear
ನನ್ ಅಂಗ್ಡಿ ಮುಂದೆ ಸ್ಟಾಲ್ ಹಾಕ್ಬೇಡಿ ಹಾಕ್ಬೇಡಿ ಅಂತ ನಿಮ್ಮಂಥೋರ್‌ ಹತ್ರ ಗೋಗರ್ಯುವಾಗೆಲ್ಲ  ನಂಗ್‌ ನನ್‌ ಬಗ್ಗೆನೇ ರೇಜಿಗೆ ಆಗೋಗತ್ತೆ.,Disgust
ಚಳಿಗಾಲ್ದಲ್ಲಿ ಲಂಡನ್ ಹವಾಮಾನ ಎಂಥೋರ್ಗೂ ಮಂಕ್‌ ಹಿಡ್ಸೋ ಥರ ಇರತ್ತೆ.,Sadness
ನನ್  ನಿಕಟ ಸಹೋದ್ಯೋಗಿ ಸಂಸ್ಥೆನ್  ಬಿಟ್ ಹೋಗಾಕ್  ನಿರ್ಧಾರ ಮಾಡ್ದಾಗ ನಂಗ್ ತುಂಬಾ ಬೇಜಾರಾಯ್ತು.,Sadness
ನನ್ ಅಡುಗೆಯವ್ರು ನನ್ ಬಾಸ್ ಮತ್ ಅವ್ರ ಕುಟುಂಬಕ್ ರುಚಿಕರ್ವಾದ ಊಟನ್  ಮಾಡಿದ್  ನಂತ್ರ  ನಂಗ್ ತುಂಬಾ ಖುಷಿ ಆಯ್ತು.,Happiness
"ನೀನು ಹೊಟ್ಟೆಗೇನೂ ತಿನ್ದೇ ಈಜೋಕ್‌ ಹೋದ್ರೆ ಹೀಗೇ ಆಗೋದು. ಮುಂದಿನ್ಸಲ ನೀನ್‌ ಮುಳುಗ್ಬಾರ್ದು ಅಂತಿದ್ರೆ ಸ್ವಲ್ಪ ಬುದ್ಧಿ ಕಲಿ, ಕಡೇ ಪಕ್ಷ ಒಂದ್ ಬಾಳೆಹಣ್ಣಾದ್ರೂ ತಿನ್ನು.",Anger
ಕೆಲೊಂದ್‌ ಬೈಕ್‌ನ್ಯಾಗ ಎಷ್ಟ್‌ ಫಾಸ್ಟ್‌ ಹೋಗಭೌದು ಮತ್ ಟೆಕ್ನಾಲಜಿ ಎಷ್ಟ್‌ ಮುಂದ್‌ ಬಂದದ‌ ಅಂತ ನೋಡಿದ್ರ ನಂಗ ಅಗಾಧಾಗ್ತದ.,Surprise
ನನ್ ಹೊಸ ಬಿಳಿ ಅಂಗಿ ಮೇಲೆ ಅಕಸ್ಮಾತ್ತಾಗಿ  ಕಾಫಿ ಚೆಲ್ಕೊಂಡಾಗ ನಂಗ್ ಅಳುನೇ ಬಂದ್ಬಿಡ್ತು.,Sadness
ಮ್ಯಾನೇಜರ್ಗೆ ಬೆದ್ರಿಕೆ ಹಾಕ್ಬೇಡ್ರೋ. ಅವ್ನ್ ಕೋಣೆಲಿ ಬಂದೂಕಿದೆ ಅಂತ ಕೇಳಿದೀನಿ ನಾನು.,Fear
"ನಮ್ ಸತ್ಯನೆಲ್ಲ ಪ್ರಾಮಾಣಿಕ್ವಾಗ್‌ ಅವ್ರ್‌ ಮುಂದಿಟ್ರೂ ಸುಮಾರ್‌ ಅಂಶಗಳ್ನೆಲ್ಲ ಆ ನ್ಯಾಯಾಧೀಶ್ರು ತಳ್ಳ್‌ಹಾಕಿದಾರೆ. ಮನ್ಸಲ್ಲಿ ನಮ್‌ ಬಗ್ಗೆ ಕಹಿ ಇರೋ, ನಮ್ಕಂಡ್ರೆ ಆಗ್ದೇ ಇರೋಂಥೋರ್‌ ಕೈಲಿ ಸಿಕ್ಕೊಂಡಿದೀವಿ, ಛೇ, ನಮ್‌ ಗ್ರಾಚಾರನೇ ಸರಿಯಿಲ್ಲ.",Disgust
ನಮ್ಮಲ್ಲ್ ಕೆಲ್ಸ ಮಾಡ್ತಿರೋರು ಅವ್ರಿಗೆಲ್ಲ ಇನ್ಯಾವ್ದೋ ನೌಕ್ರಿ ಸಿಗಕ್‌ ಅನ್ಕೂಲ ಆಗತ್ತೇಂತ ಅನಗತ್ಯವಾದ್ ಅದ್ಯಾವ್ದೋ ಟ್ರೈನಿಂಗ್‌ಗೋಸ್ಕರ ನಮ್ ಕಂಪ್ನಿ ದುಡ್ಡ್‌ ಸುರಿಬೇಕು ಅಂತಂದಿದ್ದು‌ ನಂಗ್‌ ಪಿತ್ತ ನೇತ್ತಿಗೇರ್ತು.,Anger
ಇವೆಂಟ್ ಮ್ಯಾನೇಜರ್ ಆಫರ್‌ ಮಾಡಿದ್ ಬೇರ್ಬೇರೆ ಸರ್ವಿಸ್ ನೋಡಿ ನಾನ್‌ ನಿಜ್ವಾಗ್ಲೂ ದಂಗು ಬಡ್ದ್‌ಹೋದೆ - ಪ್ಲಾನಿಂಗಿಂದ ಹಿಡ್ದು ಎಕ್ಸಿಕ್ಯೂಷನ್‌ ತನಕ ಅವ್ರು ಏನ್ನೂ ಬಿಡ್ದಂಗ್ ಎಲ್ಲಾ ಕವರ್‌ ಮಾಡ್ದ್‌ಹಾಗಿತ್ತು!,Surprise
"ಒಮ್ಮಿಂದೊಮ್ಮಿಲೇ ನನ್‌ ಕಂಪ್ನಿವು ಷೇರ್‌ ಬಿದ್ಬಿಟ್ವು, ನಂಗ್‌ ಅದ್ನೋಡಿ ಮಂಕ್ ಬಡಕೊಂಡದ.",Sadness
ನಮ್ಗಿರೋ ಆಯ್ಕೆಗಳು ಸೀಮಿತ್ವಾಗಿವೆ! ನಮ್ಗೆ ಸಾಂಪ್ರದಾಯಿಕ ಸಾಲ ಪಡ್ಯೋದಕ್ಕೆ ಅರ್ಹತೆ ಇಲ್ಲ ಅನ್ಸತ್ತೆ.,Sadness
"ಇಲ್ಲಿ ವಾತಾವರಣ ಚೂರೂ ಚೆನ್ನಾಗಿಲ್ಲ.. ಯಾವ್ದೇ ಸಭೆಗಳಿಲ್ಲ, ಕೂಟಗಳಿಲ್ಲ, ನಗುಮುಖಗಳೂ ಇಲ್ಲ. ಇಲ್ಲಿರೋ ಜನ ಎಲ್ಲ ದುಃಖದಲ್ಲ್ ಮುಳ್ಗಿರೋರ್‌ ಥರ ಕಾಣಿಸ್ತಿದಾರೆ.",Sadness
"ಆ ಟೀಚರ್ರು ವಿದ್ಯಾರ್ಥಿಗಳ್‌ ಮುಂದೆ ತಾನ್‌ ದೊಡ್ಡ್‌ ಜ್ಞಾನಿ ಅನ್ನೋ ಥರ ಆಡೋದು, ಅವ್ರನ್ನೆಲ್ಲ ಕೀಳಾಗ್ ಕಾಣೋದು ನಿಜಕ್ಕೂ ನಾಚಿಕ್ಗೇಡು.",Disgust
"ನೀವ್‌ ಒಂದ್ಮಣ ದುಡ್ಡ್‌ ತಗೊಂಡ್‌ ಸರ್ವಿಸ್‌ ಮಾತ್ರ ನಯಾಪೈಸೆ ಸರ್ಯಾಗ್‌ ಕೊಡಲ್ಲ, ನಂಗಂತೂ ಸಾಕಾಗ್ಹೋಗಿದೆ, ಹೀಗೇ ಮುಂದ್ವರೆದ್ರೆ ನಿಮ್ಮನ್ನ ಬಿಟ್ಹಾಕಿ ಬೇರೆ ಐ.ಎಸ್.ಪಿ.ಗಳ್ಹತ್ರ ಕನೆಕ್ಷನ್ ತಗೊತೀನಷ್ಟೇ.",Anger
ನನ್ ಮಹಿಳಾ ಬೋಧಕರು ತುಂಬಾ ತಾಳ್ಮೆಯಿಂದಿದ್ದಾರೆ ಅದ್ಕೆ  ನಂಗ್  ಖುಷಿ ಆಗಿದೆ. ರಿವರ್ಸಿಂಗ್ ಮತ್ ಪಾರ್ಕಿಂಗ್ ಅಭ್ಯಾಸ ಮಾಡೊವಾಗ ಇದು ನಿಜ್ವಾಗ್ಲೂ ನನ್ ಆತ್ಮವಿಶ್ವಾಸನ್  ಹೆಚ್ಚಿಸುತ್ತೆ.,Happiness
"ಪ್ರಾಮಾಣಿಕ್ವಾಗ್ ಹೇಳ್ಬೇಕಂದ್ರೆ, ಅವ್ರು ಈ ಮಟ್ಟಕ್ಕೆ ಒಳ್ಳೆ ಸಾಧ್ನೆ ಮಾಡ್ತಾರೆ ಅಂತ ನಾನ್ ಅನ್ಕೊಂಡಿರ್ಲಿಲ್ಲ.",Surprise
ಅಯ್ಯಾ.. ನನ್ ಲ್ಯಾಪ್ಟಾಪಲ್ ಸಿನ್ಮಾ ನೋಡೋದು ಅಂದ್ರೇನೇ ಆಗಲ್ಲ ನಂಗೆ. ಅಷ್ಟ್‌ ಸಣ್ಣು ಸ್ಕ್ರೀನ್‌ ಅದು.. ಅದ್ರಲ್ಲೇನ್‌ ನೋಡದು.,Disgust
"ನಾನ್ ಈ ಥರ ಮಾಡಿದ್ರೆ ತೆರಿಗೆ ಉಳಿಸ್ಬೋದು ಅಂತ ಅನ್ಕೊಂಡೆ, ಆದ್ರೆ ಈಗದ್ರಲ್ಲಿ ಏನೂ ಅರ್ಥ ಇಲ್ಲ.",Sadness
ಅಯ್ಯೋ! ಗೋಧಿ ಚೀಲ್ದಲ್ಲಿ ಸತ್ತೋಗಿರೋ ಇಲಿನ್‌ ನೋಡ್ದೆ ನಾನು.,Disgust
ನಮ್ ಖರ್ಚನ್ನೆಲ್ಲ ಇವ್ರ್ ಲೆಕ್ಕಕ್ಕೇ ತಗೊಳಲ್ಲ ಮತ್ತೆ ತೆರಿಗೆನ್‌ ಮಾತ್ರ ಅಗತ್ಯಕ್ಕಿಂತ ಜಾಸ್ತಿನೇ ಕಟ್ಟುಸ್ಕೊತಾರಲ ಅಂತ ನಂಗ್‌ ನಖಶಿಖಾಂತ ಉರ್ದ್‌ಹೋಗತ್ತೆ.,Anger
ನಾನ್ ೪ ತಿಂಗ್ಳು ವಿದೇಶ್ದಲ್ಲಿದ್ದಾಗ ನನ್ ಆಟೋಮೊಬೈಲ್ ಎಕ್ಸ್ಪರ್ಟ್ ನನ್ ಕಾರ್‌ನ ಭಾಳ ಜೋಪಾನ್ವಾಗ್‌ ನೋಡ್ಕೊಂಡಿದಾರೆ.,Happiness
ಶ್ರೀಮಂತ್ವಾಗಿರೋ ದೇಶ್ಗಳಿಂದಾಗಿ ಬೇರ್ಬೇರೆ ದೇಶಗಳ್‌ ಮಧ್ಯೆ ತಲೆದೋರಿರೋ ಈ ಆರ್ಥಿಕ ಅಸಮಾನತೆ ಬಗ್ಗೆ ಯೋಚಿಸ್ದಾಗೆಲ್ಲ ನನ್‌ ರಕ್ತ ಕುದಿಯತ್ತೆ.,Anger
"ಸ್ಥಳೀಯ ವಸ್ತುಸಂಗ್ರಹಾಲಯ್ದಲ್ಲಿ ಪ್ರದರ್ಶನಕ್ಕಿಟ್ಟಿರೋ ವಸ್ತುಗಳ್‌ ಬಗ್ಗೆ ಇರೋ ವಿವರಣೆಗಳ್ಯಾವ್ದನ್ನೂ ಇಂಗ್ಲಿಷಿಗ್‌ ಅನುವಾದನೇ ಮಾಡಿಲ್ಲ, ನಂಗದ್ನ ಓದೋಕ್‌ ಬರ್ದೇ ಏನೂ ಅರ್ಥನೇ ಆಗ್ಲಿಲ್ಲ.",Sadness
ಈ ಕೆಟ್ ಹವಾಮಾನ ನೋಡ್ತಿದ್ರೆ ನಾನ್‌ ಈ ಸಲ ಮೌಂಟ್ ಎವರೆಸ್ಟ್ ಬೇಸ್ ಕ್ಯಾಂಪಿಗ್ ಹೋಗ್ಬೇಕಿದ್ ಟ್ರಿಪ್ನ ರದ್ದ್ ಮಾಡ್ಬಿಡ್ಲಾ ಅನ್ಸ್ತಿದೆ.,Fear
"ಇಷ್ಟ್‌ ಚೆನ್ನಾಗಿರೋ ಈ ಏರ್‌ಬಿ.ಎನ್.ಬಿ. ಅಪಾರ್ಟ್ಮೆಂಟ್‌ನ ಬಿಡಕ್ಕೇ ನಂಗ್ ಮನ್ಸಾಗ್ತಿಲ್ಲ, ಆದ್ರೆ ಇದ್ರ ನೆರೆಹೊರೆಯೆಲ್ಲ ತುಂಬಾ ಕೊಳಕಾಗಿರೋದ್ರರಿಂದ ಬೇರೆ ವಿಧಿಯಿಲ್ಲ.",Sadness
ನನ್  ತಪ್ಪುಗಳನ್  ತಿಳ್ಸಿ ಹೇಳುವಷ್ಟ್  ತಾಳ್ಮೆಯಿಲ್ಲದ್  ಮಹಿಳಾ ಚಾಲನಾ ಬೋಧಕರನ್ ಕಂಡ್ ನಂಗ್  ಸಿಟ್ ಬಂತು.,Anger
"ಒಬ್ಬ ಅಕೌಂಟೆಂಟ್ ಆಗಿ, ನಂಗ್ ಈ ವ್ಯಾಪಾರಸ್ಥ್ರು ತಮ್‌ ಹಣಕಾಸಿನ್ ದಾಖ್ಲೆಗಳ್ನ ಸರ್ಯಾಗಿಟ್ಕೊಳ್ದೇ‌ ಇರೋದು ಮತ್ತೆ ಲೆಕ್ಕಪತ್ರಗಳ್ನ ಚೂರೂ‌ ವ್ಯವಸ್ಥಿತ್ವಾಗ್ ನಿರ್ವಹಣೆ ಮಾಡ್ದಿರೋದೆಲ್ಲ ನೋಡ್ನೋಡಿ ನಂಗಂತೂ ಸಾಕಾಗ್ಬಿಟ್ಟಿದೆ.. ಇದ್ರಿಂದಾಗಿಟ್ಯಾಕ್ಸ್ ಫೈಲಿಂಗ್ ಎಷ್ಟ್‌ ಕಷ್ಟ ಆಗತ್ತೆ ಅಂತ ನಮ್ಗಷ್ಟೇ ಗೊತ್ತು.",Disgust
ನನ್ ವೃತ್ತಿ ಜೀವನ್ದಲ್ ತಪ್ಹೋದ್ ಅವ್ಕಾಶ್ಗಳ್  ಬಗ್ಗೆ ಯೋಚಿಸ್ದಾಗೆಲ್ಲ ನಂಗ್ ಭಾಳ ನಿರಾಸೆ ಆಗತ್ತೆ.,Sadness
"ಕೆನ್ರಾ ಬ್ಯಾಂಕ್‌ನ್ಯಾಗ ದೊಡ್ಡ್ ಲಾಕರ್‌ ತೊಗೊಬೇಕಂತ ಹೇಳಿದ್ವಿ, ಅದ್‌ ಸಿಕ್ಕಿದ್ದು ಖರೇನ ಛೊಲೋ ಆಯ್ತು.",Happiness
ನಾನ್‌ ನೌಕ್ರಿ ಮಾಡೋ ಜಾಗ್ದಾಗ ನನ್‌ ಜಿಗ್ರೀ ದೋಸ್ತಾಗಿದ್ದಾವ ನನಕಿಂತ ಮುಂಚೆ ತಾನೇ ಬಡ್ತಿ ತಕೋಬೇಕಂತ್‌ ಎಣ್ಸಿ ನಮ್‌ ಬಾಸ್‌ ಹತ್ರ ನನ ಮ್ಯಾಲ್‌ ಎಷ್ಟರೆ ಕೆಟ್ದಾಗ್‌ ಮಾತಾಡ್ಯಾನಂತ್‌ ಕೇಳಿ ಮನ್ಸಿಗ್‌ ಭಾಳ ತ್ರಾಸಾತು.,Sadness
"ನೀವ್ ನಂಗೋಸ್ಕರ ಸಿನ್ಮಾ ಟಿಕೆಟ್‌ ತಗೊಂಡ್ಬರ್ತೀರ ಅಂತ ಕಾಯೋದ್ರಿಂದ ಏನೂ ಪ್ರಯೋಜ್ನ ಇಲ್ಲಾಂತ ಗೊತ್ತು ನಂಗೆ. ಅದ್ಕೆ ಈ ಸಿನ್ಮಾಕ್ ನಾನೊಬ್ಳೇ ಹೊರ್ಟಿದೀನಿ, ನೀವ್‌ ಏನ್‌ ಬೇಕಾದ್ರೂ ಮಾಡ್ಕೊಳಿ.",Disgust
"ಆ ಅಂಗಡಿಯವ್ನು ಬರೀ ಖೊಟ್ಟಿ ವಸ್ತುಗಳ್ನ ಮಾರೋಕೇ ಫೇಮಸ್ಸು, ಅದ್ಕೆ ಅವ್ನ್ ಹತ್ರ ನೀರ್‌ ಕೊಂಡ್ಕೊಳಕ್ಕೂ ಭಯಾಗತ್ತೆ ನಂಗೆ.",Fear
"ನನ್ ಕ್ರಿಪ್ಟೋಕರೆನ್ಸಿ ಪೋರ್ಟ್ಫೋಲಿಯೊ ಇಷ್ಟ್‌ ಬೇಗ ಬೆಳ್ದ್‌ಬಿಟಿರೋದ್ಕೆ ನಾನ್‌ ಭೂಮಿ ಮೇಲೇ ಇಲ್ಲ, ಆಕಾಶ್ದಲ್ಲೆಲ್ಲೋ ತೇಲಾಡ್ತಾ ಇದೀನಿ.",Happiness
ಡೆಲಿವರಿ ಮಾಡ್ದೋನು ಗ್ಯಾಸ್ ಸಿಲಿಂಡರ್‌ ದುಡ್ಡಿನ್‌ ಬಗ್ಗೆ ವಿವರ್ವಾಗ್‌ ಹೇಳಿದ್ಕೇಳಿ ನಂಗ್‌ ಅದ್ರ್‌ ಬಗ್ಗೆ ಸಮಾಧಾನ ಆಯ್ತು. ನನ್ ಹಣ ಎಲ್ಲಿಗ್ ಹೋಗ್ತಿದೆ ಅಂತ ಈಗ್‌ ಸರ್ಯಾಗ್ ಅರ್ಥ ಆಗಿದೆ.,Happiness
ಈ ವ್ಯಾಯಾಮನ ಅವ್ನ್‌ ಮಾಡೋ ರೀತಿ ತುಂಬಾ ವಿಚಿತ್ರ ಮತ್ತೆ ಕೆಟ್ದಾಗಿರತ್ತೆ.. ನೋಡೋಕೇ ಅಸಹ್ಯ ಆಗತ್ತೆ ಅದು.,Disgust
"ಇಲ್ಲಿ ಪುಸ್ತಕಗಳ್ನ ಅವ್ಗಳ ಮೂಲ ಬೆಲೆಯ ಅರ್ಧದಷ್ಟಕ್ಕೆ ಮಾರ್ತಾರೆ ಅಂತ ಯಾರೋ ಹೇಳಿದ್ರು ನಂಗೆ. ಆದ್ರೆ ಈ ಪುಸ್ತಕದ್ ಬೆಲೆ ಅದ್ರ ಅರ್ಧ ಬೆಲೆಗಿಂತ ಜಾಸ್ತಿಯಿದೆ. ಈಗ್‌ ನನ್ಹತ್ರ ಸಾಕಷ್ಟ್‌ ದುಡ್ಡಿಲ್ಲ, ಹೇಗಪ್ಪ ಈ ಪುಸ್ತಕ ತಗೊಳೋದು?",Sadness
ಜಗತ್‌ ಎಷ್ಟ್ ದೊಡ್ಡ್‌ದಿದ್ರೆ ಏನ್‌ ಈ ಹೊತ್‌ ನಾ ವಂಟಿ ಗೂಗಿ ಹಂಗ್ ಮನ್ಯಾಗ್‌ ಕೂತಿನಿ.,Sadness
ನನ್ ತೋಟದ್ ಕೆಲ್ಸದ್‌ ಸಲಕರಣೆ ಎಲ್ಲ ತುಕ್ಕ್ ಹಿಡ್ದು ತುಂಡಾಗ್‌ ಬೀಳೋ ಥರ ಆಗಿವೆ. ಹೊಸಾವ್ ಕೊಂಡ್ಕೊಬೇಕೂಂದ್ರೆ ಅದೆಷ್ಟ್‌ ದುಡ್ಡ್ ಖರ್ಚಾಗತ್ತೋ ಏನೋ.,Sadness
ನಾವಷ್ಟ್‌ ದೂರ್ದಿಂದ ಇಲ್ಲಿಗ್ ಬಂದ್ಮೇಲೆ ನಿಮ್ಮಲ್ಲಿ ದೊಡ್ಡ್‌ ವಾಹನಗಳ್ನ ನಿಲ್ಸೋಕ್ ಜಾಗ ಇಲ್ಲ ಅಂತಂದ್ರೆ ನಾವೇನ್ರಿ ಮಾಡ್ಬೇಕು? ಮೊದ್ಲೇ ತಿಳ್ಸಿರ್ಬೇಕು ತಾನೇ ನೀವಿದ್ನೆಲ್ಲ!,Anger
ನಮ್ ಕಥೆಗಳ್ನ ಆರ್.ಕೆ. ನಾರಾಯಣ್ ಅವ್ರ ಮಾಲ್ಗುಡಿ ಡೇಸ್‌ಗೆ ಹೋಲ್ಸಿದಾರೆ ಅಂತ ಗೊತ್ತಾದಾಗ ನಂಗ್‌ ಮಾತೇ ಹೊರಡ್ಲಿಲ್ಲ!,Surprise
"ನನ್‌ ಫ್ರೀಲಾನ್ಸ್‌ ಬಿಸ್ನೆಸ್‌ ಬೆಳೀತಾ ಇರೋದು ಮತ್ತೆ ಒಬ್ರಾದ್ಮೇಲೊಬ್ರು ಕ್ಲೈಂಟ್ಸ್ ಸಿಗ್ತಾ ಇರೋದು, ಇದೆರಡಕ್ಕಿಂತ ದೊಡ್‌ ಖುಷಿ ಇನ್ಯಾವ್ದೂ ಇಲ್ಲ ನಂಗೀಗ.",Happiness
ನನ್ ಹೊಸ ಅಂಗ್ಡಿಲಿ ವ್ಯಾಪಾರ ಜಾಸ್ತಿ ಮಾಡ್ಕೊಳಕ್ಕಿಂತ ಅಲ್ಲಿಗ್ ಬಂದು ಮೆಲ್ಲಗೆ ಯಾರ್ಗೂ ಗೊತ್ತಾಗ್ದ್‌ ಹಾಗೆ ವಸ್ತುಗಳ್ನ ಎತ್ಕೊಂಡ್‌ಹೋಗೋ ಕಳ್ರ ಮೇಲೆ ನಿಗಾ ಇಡೋದೇ ದೊಡ್‌ ಕೆಲ್ಸ ಆಗೋಗಿದೆ ನಂಗೆ.,Disgust
"ಆ ಹಾಡಿನ್ ಸಾಹಿತ್ಯ ಒಂಚೂರೂ ಆಪ್ತವಾಗಿಲ್ಲ, ಅರ್ಥನಾದ್ರೂ ಇದ್ಯಾ ಅಂದ್ರೆ ಅದೂ ಇಲ್ಲ, ಅಂಥ ಹಾಡ್ನ ಯಾರ್ತಾನೇ ಕೇಳ್ತಾರೆ.",Disgust
"ಕಳೆದ್ವರ್ಷ ಸೈಬರ್ ಸೆಕ್ಯುರಿಟಿ ಉಲ್ಲಂಘ್ನೆಯಿಂದ ತೊಂದ್ರೆ ಅನುಭವ್ಸಿದ್ದ ಲಕ್ಷಾಂತ್ರ ಜನ್ರಲ್ಲಿ ನಾನೂ ಒಬ್ನಾಗಿದ್ದೆ, ನಮ್‌ ಮನೆಯೋರ್‌ ಜೊತೆಗ್ ತೆಕ್ಕೊಂಡಿದ್‌ ನೂರಾರ್‌ ಫೋಟೋಗಳ್ನೆಲ್ಲ ಕಳ್ಕೊಂಡಾಗ ಎಷ್ಟ್‌ ಬೇಜಾರಾಗೋಗಿತ್ತು ಗೊತ್ತಾ, ಈಗ್‌ ನೆನ್ಸ್‌ಕೊಂಡ್ರೂ ಹೊಟ್ಟೆ ಉರ್ಯುತ್ತೆ.",Sadness
ಸೈಬರ್ ಸೆಕ್ಯುರಿಟಿ ಬ್ರೀಚ್‌ ಆಗಿ ನನ್ ಕುಟುಂಬದ್ ಫೋಟೋಗಳ್ನೆಲ್ಲ ಕಳ್ಕೊಂಡಾಗ  ನಂಗ್‌ ಎಷ್ಟ್ ಹುಚ್ಚ್‌ ಕೋಪ ಬಂದಿತ್ತೂಂದ್ರೆ ಅದ್ನ ಮಾಡ್ದೋನೇನಾದ್ರೂ ನನ್‌ ಕೈಗ್‌ ಸಿಕ್ಕಿದ್ದಿದ್ರೆ ಸರ್ಯಾದ್‌ ಶಾಸ್ತಿ ಮಾಡ್ತಿದ್ದೆ ಅವ್ನಿಗೆ.,Anger
‌ಶ್ಶೀ.. ಮಿಸ್ಟರ್ ಬೀನ್ ಆ ಪೇಂಟಿಂಗ್ ಮುಂದೆ ಅದ್ರ ಮೇಲೆಲ್ಲ ಸಿಂಬ್ಳ ಹಾರೋ ಥರ ಜೋರಾಗಿ ಸೀನಿದ್ದೂ ಅಲ್ದೇ ಬೆವರಲ್ಲಿ ತೊಯ್ದು ತೊಪ್ಪೆ ಆಗಿದ್ದ ಅವ್ನ್ ಕರವಸ್ತ್ರದಿಂದ ಅದ್ನೆಲ್ಲ ಒರೆಸ್ದ.,Disgust
"ಬಾಡಿಗೆ ಮನೇಲಿ ದಿನಾ ಬೆಳಿಗ್ಗೆ ಎದ್ದಾಗ ಪರ್ವತಗಳ್ ಅದ್ಭುತ ನೋಟ ನೋಡಕ್ಕಾಗೋ ಹಾಗಿರ್ಬೇಕು ಅನ್ನೋದು ಎಷ್ಟ್‌ ವರ್ಷಗಳ್‌ ಕನ್ಸು ನಂದು, ಕೊನೆಗೂ ಈಗ್ ನಿಜ ಆಗಿದೆ!",Happiness
"ನಂಗೆ ಪ್ರಾಜೆಕ್ಟ್‌ ನಡ್ಸೋಕ್‌ ಬೇಕಾದಷ್ಟ್ ಸ್ವಾತಂತ್ರ್ಯ ಕೊಡ್ದೆ, ಆಮೇಲ್‌ ಅದ್‌ ಕೈಕೊಟ್ಟಾಗ ಮೇಲ್ನೋರು ನನ್ನನ್‌ ದೂಷಣೆ ಮಾಡೋದು ಯಾವ್‌ ನ್ಯಾಯ! ನಂಗಂತೂ ಒಳಗೊಳಗೇ ಕೋಪ ಕುದೀತಿದೆ.",Anger
ಈ ಏರ್ಪೋರ್ಟಲ್ಲಿ ನಾವಿಷ್ಟ್‌ ಹೊತ್ತ್‌ ಕಾಯ್ಬೇಕಿರುವಾಗ ಎಲ್ರಿಗೂ ಕೂರೋಕಾಗೋಷ್ಟು ಜಾಗದ್‌ ವ್ಯವಸ್ಥೆನೇ ಇಲ್ದಿರೋದು ತೀರಾ ದುರವಸ್ಥೆ... ಎಷ್ಟ್‌ ಇಕ್ಕಟ್ಟು.. ಛೇ.,Disgust
ಸೀಟ್‌ ಮೇಲೆಲ್ಲ ಗ್ರೀಸ್‌ ಮೆತ್ಕೊಂಬಿಟಿದೆ.. ಮತ್ತೆ ಆ ರಬ್ಬರ್‌ ಸುಡೋ ವಾಸ್ನೆನ ನನ್‌ ಕೈಲಂತೂ ತಡ್ಕೊಳಕ್ಕಾಗ್ತಿಲ್ಲ.,Disgust
ಬಸ್ ಡ್ರೈವರ್ ಹೆದ್ದಾರಿಲಿ ಸ್ಟಂಟ್‌ಮ್ಯಾನ್ ತರ ಡ್ರೈವ್  ಮಾಡ್ದಾಗ ನಂಗ್  ಸಿಟ್ ಬಂತು.,Anger
"ನಾವ್‌ ನಮ್‌ ಅಂಗ್ಡ್ಯಾಗೊಂದ್‌ ಹೊಸಾದ್‌ ಲಾಯಲ್ಟಿ ಪ್ಲಾಟ್ಫಾರ್ಮ್‌ ಅಂತ ಸುರು ಮಾಡೀವಿ, ನಮ್‌ ಕಸ್ಟಮರ್ಗಳ್‌ ಹಿಂಗ್‌ ಖುಷ್‌ ಆಗ್ಯಾರಂದ್ರ ಹೇಳಂಗೇ ಇಲ್ಲ.",Happiness
"ಆಹಾ! ಸುಂದರ್‌ ಅವ್ರೇ, ಚಿತ್ರ ಭಾಳ ಸೊಗ್ಸಾಗಿದೆ! ತುಂಬಾ ಚೆನ್ನಾಗ್‌ ಬಿಡ್ಸಿದೀರಿ ನೀವು.",Surprise
ಈ ರಾಜಕಾರಣಿಗಳು ಒಂಚೂರ್‌ ಬುದ್ಧಿ ಓಡ್ಸಿದ್ರೇ ಪರಿಹಾರ ಆಗೋಂಥ ವಿಷ್ಯದಲ್ಲೆಲ್ಲ ಪಕ್ಷಪಾತ ಮಾಡ್ತಾ ಕೆಸ್ರ್‌ ಎರ್ಚಾಟ್ದಲ್ಲೇ ಕಾಲಕಳ್ಯೋದ್‌ ನೋಡುದ್ರೆ ‌ನಂಗ್ ನಖಶಿಖಾಂತ ಕೋಪ ಬರತ್ತೆ.,Anger
ಇಷ್ಟ ಸಣ್ದ್‌ ಬದ್ಲಾಸಿಕೊಡ್ಲಿಕ್ಕಿ ಇಷ್ಟ್‌ ಜಾಸ್ತಿ ರೊಕ್ಕಾ ತೊಗೊತಿರೇನ್‌ ನೀವ್.. ನಂಗ್ ರೇಗ್ಲಿಕತ್ತದ.,Anger
ಎ.ಐ. ಸಾಫ್ಟ್ವೇರ್ ಮೂಲ್ಕ ನನ್ ಪ್ರಶ್ನೆಗಳ್ಗೆ ನಿಖರ್ವಾದ್ ಉತ್ರ ಸಿಕ್ಕಾಗ ನಂಗ್ ಭಾಳ ಆಶ್ಚರ್ಯ ಆಯ್ತು.,Surprise
ನನ್ ಹೆಂಡ್ತಿ ಮಾಡಿದ್ ಅಪ್ಪಮ್ ಬಾಯಲ್ಲಿಟ್ಕೊಂಡ್ ತಕ್ಷಣ ಬೆಣ್ಣೆ ಥರ ಕರ್ಗ್‌ಹೋಗೋಷ್ಟ್‌ ಹದವಾಗಿತ್ತು.,Happiness
ಫ್ಲವರ್ ಡ್ರಮ್ ರೆಸ್ಟೋರೆಂಟ್ನಲ್ಲಿರ್ವ ಚೈನೀಸ್ ಫುಡ್ ತುಂಬಾ ಚೆನ್ನಾಗಿದೆ.,Happiness
"ಹೋದ್ ತಿಂಗ್ಳು ನಾನ್‌ ಸಂಪಾದ್ಸಿದ್‌ ಹಣ ಎಲ್ಲ ಮುಕ್ಕಾಲ್ಪಾಲ್ ಖರ್ಚಾಗೋಗಿದೆ, ಈ ತಿಂಗ್ಳು ನನ್ಕೈಲಿ ಬಾಡಿಗೆ ಕೊಡಕ್ಕಾಗಲ್ಲ ಅನ್ಸತ್ತೆ.",Sadness
ಈ ಬೀದಿ ನಾಯಿಗಳ್ನ ನೋಡ್ದಾಗೆಲ್ಲ ಅವ್ಗಳ್ನ ಮನೆಗ್ ಕರ್ಕೊಂಡ್‌ ಹೋಗ್ ಸಾಕ್ಕೊಳಕ್ಕೆ ನನ್ಕೈಲಾಗಲ್ವಲ್ಲ ಅಂತ ಭಾಳ ಬೇಜಾರಾಗತ್ತೆ.,Sadness
"ಗಾಡಿ ರಿಪೇರಿ ಮಾಡಸ್ಲಿಕ್ಕಿ ಭಾಳ ಖರ್ಚಾಗ್ತದಂತ ಅಂದಾಜದ, ಅದ್ರಲಿಂದ ನನ್‌ ರೊಕ್ಕಾ ಖಾಲಿನೇ  ಆಬಿಡ್ತಾವ. ನನ್‌ ಬಜೆಟ್ಟಿಗಿ ದೊಡ್ ಹೊಡತ್‌ ಬಿದ್ದದ.",Sadness
ರಾತ್ರಿಲಿ  ಓಕ್ಲ್ಯಾಂಡ್ ಡೌನ್ಟೌನ್ ಮೂಲ್ಕ  ಡ್ರೈವ್ ಮಾಡೋವಾಗ್  ನಂಗ್ ಆತಂಕ ಇತ್ತು ಮತ್ ಸುರಕ್ಷಿತ ಅಂತ ಅನಿಸ್ಲಿಲ್ಲ.,Fear
"ಮೊದ್ಲ್‌ ನಾ ಭಾರತ್ದಾಗ್ ಡ್ರೈವಿಂಗ್‌ ಮಾಡಿನಿ ಅಮೆರಿಕಾದಾಗ ಹೆಂಗಪಾ ಹೊಂದ್ಕೋತಿನಿ ಅಂತ ಅನಸ್ತಿತ್ತು, ಆದ್ರ ನಾ ಇಷ್ಟ್‌ ಛಂದ ಕಲ್ತಿನಿ ಅಂತ ನಂಗೇ ನಂಬ್ಲಿಕ್ಕಾಗಲ್ಲಾಗ್ಯಾದ!",Surprise
ಓಹ್‌! ಇದ್ನ ಅಪ್ಪಟ ಚಿನ್ನದಿಂದ ಮಾಡಿರೋದೂಂತ ನಂಗ್‌ ಕಲ್ಪನೆನೇ ಇರ್ಲಿಲ್ಲ. ‌ಆಚಾರಿಯ ನೈಪುಣ್ಯ ಮತ್ತೆ ಆಯ್ಕೆಮಾಡ್ಕೊಂಡಿರೋ ವಸ್ತು ಎರ್ಡೂ ಎಷ್ಟ್ ಚೆನ್ನಾಗ್‌ ಹೊಂದ್ಕೊಂಡಿವೆ ಅಂದ ಬೆರಗಾಯ್ತು ನಂಗೆ.,Surprise
"ನಿಮ್ಮನೆಲ್ ಕಳ್ತನ ಆಗಿರೋದ್ಕೇಳಿ ಬೇಜಾರಾಯ್ತು, ಪಾಪ ನಿಮ್ಗೆಷ್ಟ್‌ ಕಷ್ಟ ಆಗಿರ್ಬೇಕಲ್ವಾ.. ಕಳ್ತನ ಯಾವಾಗಾಗಿದ್ದು?",Sadness
"ಲೈಫ್‌ ಸ್ಟೈಲ್‌ದಾಗ್‌ ನಡೀತಿರೋ ಕ್ಲಿಯರೆನ್ಸ್ ಸೇಲ್ನ್ಯಾಗ್ ಈ ಪಾರ್ಟಿ ಡ್ರೆಸ್ಸು ಎಪ್ಪತೈದು ಪ್ರತಿಶತ ಸೋಡಿಲ್ ಸಿಗ್ತು, ಇಷ್ಟ್‌ ಭಾರೀ ಡೀಲ್‌ ಸಿಗ್ತದಂತ ನಾ ಅನ್ಕೊಂಡೇ ಇರ್ಲಿಲ್ಲ.",Surprise
"ಮೇಡಂ, ಖುಷಿ ನನ್ ಹಣೆ ಮೇಲೆ ಉಗುಳಿದ್ಲು.",Disgust
"ಕೊನೆಗೂ ಈ ಸಿನ್ಮಾ ನೋಡ್ತಿದೀನಲ, ರೋಮಾಂಚ್ನ ಆಗ್ತಿದೆ! ಎಷ್ಟೋ ವಾರ್‌ಗಳಿಂದ ಕಾಯ್ತಾ ಇದ್ದೆ ಇದ್ಕೋಸ್ಕರ.",Happiness
"ಸೀರೀಸ್‌ನ ಮುಂದಿನ್ ಭಾಗನ ಓದೋಕ್  ಶುರುಮಾಡಕ್ಕೆ ನಂಗ್‌ ತುಂಬಾನೇ ಕಾತರ, ರೋಮಾಂಚನ ಎಲ್ಲ ಆಗ್ತಿದೆ.",Happiness
ಪುಢಾರಿಗಳು ನೂರೆಂಟ್‌ ತಡೆಗಳ್ನ್‌ ಒಡ್ಡಿದ್ರೂ ಪೊಲೀಸ್ರು‌ ಕೊನೆಗೂ ಅಪರಾಧಿನ ಪತ್ತೇ ಹಚ್ಚೇಬಿಟ್ರು.. ಎಂಟ್ನೇ ಅದ್ಭುತ ಇದು!,Surprise
"ಈ ಸಾಫ್ಟ್‌ವೇರ್‌ ಕ್ವಾಲಿಟಿ ಚೂರೂ ಚೆನಾಗಿಲ್ಲ, ಪ್ರತೀ ಸಲ ಬಳ್ಸಕ್‌ ಹೋದಾಗ್ಲೂ ಕ್ರ್ಯಾಷ್‌ ಆಗ್ತಾ ಇದೆ.",Disgust
ಬಾಡ್ಗೆ ಮನೆಲಿರೋ ದೊಡ್ಡ್ ಸ್ಟಡಿ ರೂಮ್‌ನ ಬಣ್ಣಬಣ್ಣದ್ ಆರ್ಟ್‌ ಸ್ಟುಡಿಯೋ ಆಗ್ ಬದ್ಲಾಯ್ಸೋಕೆ ನನ್ಕೈಲಿನ್ನು ಕಾಯಕ್ಕಾಗಲ್ಲ. ಕೊನೆಗೂ ಕಲೆ ಬಗ್ಗೆ ನಂಗಿರೋ ಆಸಕ್ತಿಗೆ ಇಂಬು ಸಿಗೋಂಥ ಜಾಗ ಸಿಕ್ಕಿದೆ.,Happiness
"ಕ್ಷಮಿಸಿ, ಕಳೆದ್ ನಂಗ್  ನಿದ್ರೆ ಬಂದೋಗ್ ಬಿಟ್ಟಿತ್ತು. ರಾತ್ರಿ ನೀವ್ ನನ್ ಜೊತೆ ಏನೋ  ಗಂಭೀರ್ವಾಗ್  ಮಾತಾಡ್ತಿದ್ರಿ.",Sadness
ಕೆಲ್ವೊಂದ್‌ ದಿನಗಳಂತೂ ಈ ಬಾಳನ್ ಬ‌ದ್ಕೋದ್ರಿಂದ ಏನ್ ಪ್ರಯೋಜ್ನ ಅನ್ಸ್‌ಬಿಡೋಷ್ಟು ಕರಾಳ್ವಾಗಿರತ್ವೆ.,Sadness
"ಇನ್ನೊಂದ್ ಬ್ರಾಂಡಿಂದ ಇದೇ ಥರದ್ದು ಕಡ್ಮೆ ಬೆಲೆಗ್ ಸಿಗ್ತಿರುವಾಗ ಸೋನಿ ಕಂಪ್ನಿಯೋರು ತಮ್ ಟಿ.ವಿ.ಗೆ ‌ಅಷ್ಟೊಂದ್‌ ದುಡ್ಡ್‌ ತಗೊಳೋದು ಹಗಲ್‌ ದರೋಡೆ ಅಲ್ದೇ ಇನ್ನೇನು, ನಂಗ್‌ ಅದ್ಕೆ ಆ ಬ್ರಾಂಡಂದ್ರೇನೇ ಆಗಲ್ಲ.",Disgust
"ಈ ಅಂಗ್ಡಿಲಿ ಈಗಾಗ್ಲೇ ಬಳ್ಸಿರೋ ಪುಸ್ತಕಗಳ್ನ ಮಾರಾಟ ಮಾಡ್ತಾರೆ ಅಂತ ಹೇಳಿದ್ರು ನಂಗೆ, ಆದ್ರೆ ಈ ಪುಸ್ತಕಗಳೆಲ್ಲ ಹರ್ದ್‌ಹೋಗಿ ಅಧ್ವಾನ್‌ವಾಗ್‌ ಕಾಣ್ತಿವೆ.",Disgust
ನೀನು ಮನುಷ್ಯತ್ವಕ್ಕಿಂತ ದುಡ್ಡಿಗೇ ಬೆಲೆ ಕೊಡೋ ನಿರ್ಧಾರ ಮಾಡ್ತ್ಯಾ ಅಂತ ಕನ್ಸ್‌ಮನ್ಸಲ್ಲೂ ಅನ್ಕೊಂಡಿರ್ಲಿಲ್ಲ ನಾನು.. ಅದೂ ಅದ್ರಲ್ಲಿ ಮನುಷ್ಯರ ಜೀವದ್‌ ಪ್ರಶ್ನೆ ಇದ್ರೂ ನೀನ್‌ ಹೀಗ್ ಮಾಡ್ತಿದ್ಯಲ್ಲ.. ಛೇ!,Disgust
"ಅಪರೂಪಕ್ಕೊಮ್ಮೆ ಈ ಕೆಲ್ವು ಕೊರಿಯರ್ ಹುಡುಗರು ಐಟಮ್ಮನ್ನ ತಲುಪಿಸ್ಲಿಕ್ಕೆ ಪ್ರಯತ್ನನೇ ಪಡ್ದೇ ಟ್ರ್ಯಾಕಿಂಗ್ ವ್ಯವಸ್ಥೆಯಲ್ಲಿ ಅಪ್ಡೇಟ್ ಮಾಡಿಬಿಡೋದುಂಟು. ಅವ ನಿಮ್ಗೆ ಅದ್ನ ತಲುಪಿಸ್ಲಿಕ್ಕೆ ಪ್ರಯತ್ನಿಸದೇ ಇದ್ದದ್ದು ತಪ್ಪೇ ಹೌದು, ನಂಗಂತೂ ಇದು ನಾಚಿಕೆಪಡ್ಬೇಕಾದ ವಿಷ್ಯ, ದಯವಿಟ್ಟು ಇದೊಂದು ಬಾರಿ ನಮ್ಮನ್ನ ಕ್ಷಮಿಸಿ‌, ಸರ್.",Disgust
ಅವ್ನನ್ನ ಯಾಕ್‌ ಮತ್ಮತ್ತೆ ಪ್ರಶಸ್ತಿಗಳ್ಗೆ ಹೆಸ್ರು ಸೂಚಿಸ್ತಾರೋ ನಂಗರ್ಥನೇ ಆಗಲ್ಲಪ. ಅವ್ನೊಬ್ಬ ಬುರ್ನಾಸ್‌ ನಟ.,Disgust
ಸೈಕ್ಲಿಂಗ್ ಮಾಡೋವಾಗ ನಿಮ್ ಮುಖದ್ ಮೇಲ್ ಬೀಸೋ ತಂಪಾದ್ ಗಾಳಿ.. ಆ ಅನುಭವ ಇದ್ಯಲ್ಲ.. ಅದ್ನ ಪ್ರತಿಯೊಬ್ರೂ ತಮ್ ಜೀವನ್ದಲ್ಲಿ ಒಂದ್ಸಲನಾದ್ರೂ ಅನುಭವಿಸ್ಲೇಬೇಕು.,Happiness
ಅವ್ನು ಇನ್ನ್ ಸ್ವಲ್ಪ ದಿನ ಅಷ್ಟೇ ಬದ್ಕಿರ್ತಾನೆ ಅಂದಿದಾರೆ ಡಾಕ್ಟ್ರು.,Sadness
ನಮ್ ಸಂಸ್ಥೆಯ ಉನ್ನತ ಆಡಳಿತ ಮಂಡ್ಳಿಯೋರೆಲ್ಲ ರಾಜೀನಾಮೆ ಕೊಟ್ಟಿರೋ ಸುದ್ದಿಯಿಂದ ಇಲ್ಲ್‌ ಕೆಲ್ಸ ಮಾಡೋರ್ ಸ್ಥೈರ್ಯನೇ ಕುಗ್ಗ್‌ ಹೋದಂಗಾಗಿದೆ.,Sadness
ಶಾಪಿಂಗ್‌ಗೆ ಅಂತ್ಲೇ ಇರೋ ಈ ಏರಿಯಾದಲ್ಲಿ ಎಲ್ಲ ಕಡೆ ಇಷ್ಟ್‌ ಗಲೀಜಾಗಿರೋದ್ ನೋಡ್ತಿದ್ರೆ ಅಸಹ್ಯ ಆಗ್ತಿದೆ.,Disgust
"ಒಂದ್‌ ಮಸ್ತ್‌ ಕೆಲ್ಸ ಮಾಡಬೇಕಂತ ಮುಂದ್‌ ನಿಂತಿದ್ದೆ ಆದ್ರ ಟಾಪ್‌ ಮ್ಯಾನೆಜ್ಮೆಂಟಿನವ್ರ ನಂಗ್ ಒತ್ತಾಸೆ ಕೊಡಲಿಲ್ಲ, ನನಗ ಈಗ್ ಆ ಕೆಲ್ಸದಾಗಿನ್‌ ಮನ್ಸೇ ಹೋಗ್ಯಾದ.",Sadness
ನಿನ್ನೆ  ರಾತ್ರಿ ಮನೇಲಿ  ಎಲ್ರೂ ಟಿವಿನ ಏನ್ ಹಾಗ್  ನೋಡ್ತಾ ಇದ್ದಾರೆ ಅಂತ ವಿಚಿತ್ರ ಆಯ್ತು ಮತ್ ನೋಡುದ್ರೆ ಅದು  ಫಿಟ್ನೆಸ್ ಬಗ್ಗೆ  ನನ್ ಸಂದರ್ಶನ ಅಂತ ಗೊತ್ತಾಗ್ ನಂಗ್  ಆಶ್ಚರ್ಯ ಆಯ್ತು.!,Surprise
ಹೊಸ್ದಾಗ್‌ ಪರಿಚಯ್ಸಿರೋ ಹಣಕಾಸು ಶಿಕ್ಷಣದ್ ಕಾರ್ಯಕ್ರಮಗಳು ಯಶಸ್ವಿಯಾಗಿ ಇಷ್ಟ್ ದೊಡ್ಡ್ ಪ್ರಮಾಣ್ದಲ್ಲಿ ಸಕಾರಾತ್ಮಕ ಪರಿಣಾಮಗಳ್ನ ಬೀರಿರೋದ್‌ ನೋಡಿ ನಾನ್‌ ಅವಾಕ್ಕಾದೆ.,Surprise
ಏನೇನ್ ವಾಸ್ನಿ ಬರ್ತಾವಪ್ಪಾ ಈ ಕೆಮಿಸ್ಟ್ರಿ ಲ್ಯಾಬನ್ಯಾಗ ನಿಂದ್ರಲಿಕ್ಕೇ ಆಗಲ್ದು.,Disgust
"ನಿಮ್‌ ಕನ್ಸಿನ್‌ ಕಲಾಕೃತಿಗೆ ನೀವ್ ಬೇಕೂಂತಿರೋ ಅಪ್ರೂಪದ್‌ ಕಚ್ಚಾ ವಸ್ತುನ ಹುಡ್ಕೋಕೆ ನಾವ್‌ ಕೈಮೀರ್ ಪ್ರಯತ್ನ ಪಡ್ತಿದೀವಿ, ಆದ್ರೆ ಯಾಕೋ ಅದ್ ಸಿಗೋದ್ ಕಷ್ಟ ಅನ್ಸ್ತಿದೆ.",Sadness
ನೀವೇ ನಿಮ್ಗೆ ಸಹಾಯ ಮಾಡ್ಕೊಳಕ್‌ ತಯಾರಿಲ್ಲ ಅಂದ್ರೆ ನಾನ್‌ ನಿಮ್ಗೆ ಸಹಾಯ ಮಾಡಕ್ಕಾಗೋ ಬಗ್ಗೆ ನಂಗಂತೂ ಖಾತ್ರಿ ಇಲ್ಲ.,Disgust
"ದಿನದಿಂದ ದಿನಕ್ಕೆ ಇಲ್ಲಿ ಊಟದ್‌ ಹದ ಹಾಳಾಗ್ತಾನೇ ಇದೆ. ನಂಗಿನ್ನು ಇದ್ನ ಸಹಿಸಕ್ಕಾಗಲ್ಲ, ಅಧಿಕಾರಿಗಳ್ಗೆ ಇದ್ರ್‌ ಬಗ್ಗೆ ವರದಿ ಕಳ್ಸೇ ಕಳಿಸ್ತೀನಿ.",Anger
ಅಬ್ಬಬ್ಬಾ! ಆ ಮತ್ಸ್ಯ ಬಫೆಲಿ ಅದೆಷ್ಟ್ ಥರದ್ ಪದಾರ್ಥಗಳಿದ್ವಪ್ಪ! ನಾನಂತೂ‌ ಇನ್ನೊಂದ್ಸಲ ಅದ್ನೆಲ್ಲ ತಿನ್ನಕ್ ಅಲ್ಲಿಗ್ ಹೋಗ್ಲೇಬೇಕು.,Surprise
"ನಂಗ್ ಸಾಕುಪ್ರಾಣಿಗಳ್ಗೆ ಸೂಕ್ತವಾಗಿರೋ ಅಪಾರ್ಟ್ಮೆಂಟ್ ಬೇಕು ಅಂತ ಆಗ್ಲೇ ಸುಮಾರ್ ಸರ್ತಿ ಹೇಳಿದೀನಿ. ಆದ್ರೆ ಆ ಬ್ರೋಕರ್ ನಂಗ್  ತೋರ್ಸೋ ಎಲ್ಲಾ ಕಡೆಲೂ ಪ್ರಾಣಿಗಳ್ನ ಸಾಕ್ಕೊಳಕ್ ಅವ್ಕಾಶ ಇಲ್ಲ ಅಂತ್ಲೇ ಹೇಳ್ತಾರೆ. ಅವ್ನ್ ನಂಗೇನ್‌ ಬೇಕು, ಏನ್‌ ಬೇಡ ಅನ್ನೋದ್ನ ಕೇಳಿಸ್ಕೊತಾನ ಇಲ್ವಾಂತ್ಲೇ ಗೊತ್ತಾಗ್ತಿಲ್ಲ.",Anger
"ಫೋರ್ಡ್ ಫೋಕಸ್‌ಗೆ ಅವ್ರ್‌ ಹತ್ರ ಬಿಡಿಭಾಗಗಳ್‌ ಸ್ಟಾಕಲ್ಲಿರತ್ವೆ ಅಂತ ನಾನ್ ಅನ್ಕೊಂಡಿರ್ಲಿಲ್ಲ, ಆದ್ರೆ ಅಲ್ನೋಡುದ್ರೆ ಎಲ್ಲ ಇತ್ತು!",Surprise
ಅವ್ರ್‌ ಯಾವ್‌ ಹೊತ್ತಲ್‌ ಫೋನ್‌ ಮಾಡಿದ್ರೂ ನಮ್ಮೋರು ಅವ್ರವ್ರ್‌ ಜಾಗ್ದಲ್ಲಿ ಆಗಾಗ್ಲೇ ಸಿಗೋ ಹಾಗಿರ್ಬೇಕೂಂತ ನಿರೀಕ್ಷೆ ಮಾಡೋ ಆ ಕ್ಲೈಂಟ್‌ಇಂದಾಗಿ ನಮ್‌ ಟೀಮಿನ್‌ ಸ್ಥೈರ್ಯನೇ ಕುಗ್ಗ್‌ಹೋಗಿದೆ.,Sadness
"ಮೊಬೈಲ್ ಫೋನ್‌ನ ಮತ್ಮತ್ತೆ ಚಾರ್ಜ್ ಮಾಡ್ತಲೇ ಇರ್ಬೇಡಿ, ಹಾಗ್ಮಾಡಿದ್ರೆ ಬ್ಯಾಟರಿ ಹಾಳಾಗ್ಬೋದು.",Fear
ನಾವ್  ರೂಕಿ ತಂಡದೊಂದಿಗೆ ಫುಟ್ಬಾಲ್ ಟೂರ್ನಮೆಂಟ್‌ನ  ಸೆಮಿಫೈನಲ್ಗೆ ಹೋದಾಗ್  ನಂಗ್  ಅಚ್ಚರಿ ಆಯ್ತು.,Surprise
ನಾ ಈ ಪ್ರೋಡಕ್ಟಿನ್‌ ಫೀಚರ್‌ಗಳ್‌ ಹೇಳಮುಂದ ಯಾವ್ದ್‌ ಭಾಳ ಜರೂರ್‌ ಅವ ಅವ್ನೇ ಯಲ್ಲಿ ಮರೀತಿನೊ ಅಂತ ಪುಕುಪುಕು ಹತ್ಯದ.,Fear
ನನ್ ಮಾಡ್ಯುಲರ್ ಅಡ್ಗೆಮನೆಗೋಸ್ಕರ ಕಾರ್ಪೆಂಟರ್ ಹತ್ರ ನಂಗ್‌ ಹೇಗ್‌ ಬೇಕೋ ಹಾಗೇ ಸಖತ್ತಾಗಿರೋ ಡಿಸೈನ್‌ ಆಯ್ಕೆಗಳಿವೆ.,Happiness
"ಏನಾಯ್ತು ಅಂತ ಹೇಳಿದ್ರೆ ಕಂಡಕ್ಟರ್ ನಂಗ್  ಬಸ್ನಲ್ಲಿ  ಬೇರೆ  ಗಮ್ಯಸ್ಥಾನಕ್ಕೆ ಟಿಕೆಟ್ ಕೊಟ್ಟಿದ್ದ,  ನೀವ್ ನಂಬ್ಲಿಕ್ ಇಲ್ಲ, ಮತ್  ನಾನ್  ಇಳಿಯೋವರ್ಗು  ನೋಡೇ ಇರ್ಲಿಲ್ಲ!",Surprise
ನಾವ್‌ ಅಳವಡಿಸ್ಕೊಂಡ ಭದ್ರತಾ ಕ್ರಮಗಳು ನಮ್ ನೆಟ್‌ವರ್ಕಲ್ಲಿ ಯಾವ್ದೇ ಸೈಬರ್‌ ದಾಳಿ ಆಗ್ದ್‌ಹಾಗೆ ತಡೆಗಟ್ಟಿವೆ ಅನ್ನೋದು ದೊಡ್ಡ್‌ ಸಮಾಧಾನ ನಂಗೆ.,Happiness
ನನ್ ಕ್ರೆಡಿಟ್ ಕಾರ್ಡ್ ಈ ಲಾಂಜಲ್ಲಿ ಕೆಲ್ಸ ಮಾಡತ್ತೆ ಅಂತ ನಾನ್ಯಾವತ್ತೂ ಅನ್ಕೊಂಡೇ ಇರ್ಲಿಲ್ಲ!,Surprise
ಮುಂಬೈನ್ಯಾಗಿನ್‌ ರಸ್ತೆಬದಿ ತಿಂಡಿಗಳ್‌ ಅಂದ್ರ ಬಾಯಾಗ್‌ ನೀರ್‌ ಕಡಿತಾವ.,Happiness
ಏನಂದ್ರಿ?! ನಾನು ನಮ್ ಮಗುವಿನ್ ಕಲಾತ್ಮಕ ಬೆಳವಣಿಗೆಗೆ ಅಗತ್ಯವಾದ್ ಸಂಪನ್ಮೂಲಗಳು ಮತ್ತೆ ಅವಕಾಶಗಳ್ನ ಒದಗಿಸ್ತಾ ಇದ್ದೀವಿ ಅಂತನ್ಕೊಂಡಿದ್ದೆ.,Surprise
"ನನ್ ಅಚ್ಚುಮೆಚ್ಚಿನ್‌ ಆಟಗಾರ ಎಂ.ಎಸ್.ಧೋನಿ ಐ.ಪಿ.ಎಲ್‌.ಇಂದ ನಿವೃತ್ತ ಆದಾಗಿಂದ, ನಂಗ್‌ ಕ್ರಿಕೆಟ್‌ ನೋಡ್ಬೇಕು ಅಂತ್ಲೇ ಅನ್ಸೋಲ್ಲ.. ಏನೂ ಮಜಾ ಇಲ್ಲ ಅದ್ರಲ್ಲೀಗ.",Sadness
ಡ್ರೈವಿಂಗ್ ಶಾಲೆಲಿ  ಮಹಿಳಾ ಚಾಲನಾ ಬೋಧಕರೊಂದಿಗೆ ಕೆಲ್ಸ ಮಾಡೋದಕ್ಕೆ ನಂಗ್ ಇಷ್ಟ ಇರ್ಲಿಲ್ಲ. ಅವ್ಳು ಯಾವಾಗ್ ಹೇಗ್ ಇರ್ತಾಳೆ ಅಂತ ಹೇಳಕ್ ಆಗಲ್ಲ.,Disgust
ಅಗತ್ಯನೇ ಇಲ್ದಿರೋ ಕವರೇಜ್‌ಗೋಸ್ಕರ ವಿಮಾ ಕಂಪ್ನಿಗಳು ಕಟ್ಟುಸ್ಕೊತಾ ಇರೋ ಹಣದ್‌ ಪ್ರಮಾಣ ನೋಡಿ ನಂಗ್‌ ತಲೆ ಧಿಮ್‌ ಅಂತಿದೆ.,Surprise
ಅವ್ರ್ ಬೈಕಿನ್ ಟೈರ್ ಪಂಕ್ಚರ್‌ ಆಗಿದ್ರಿಂದ ನಮ್ ಕೋಚ್‌ಗಿವತ್ತು ಡೋಜೋಗ್‌ ಬರಕ್ಕಾಗ್ಲೇ ಇಲ್ಲ.,Sadness
ಇದು ತುಂಬಾ ಒರಟಾದ್‌ ಪಂದ್ಯ ಆಗಿ ಎಲ್ರಿಗೂ ತುಂಬಾ ಗಾಯಗಳಾಗ್ಬಹುದು ಅಂತ ಗಾಬ್ರಿ ಆಗ್ತಿದೆ ನಂಗೆ.,Fear
ಬೈಜುಸ್‌ನವ್ರಿಗಿ ಭಾರೀ ನುಕ್ಸಾನಾಗಿ ಅದ್ರ ಮಾಲಕ್ಕ ಟೌನ್ಹಾಲ್ ಮೀಟಿಂಗ್ನ್ಯಾಗ್ ಯಲ್ಲಾರ್ ಮುಂದೇ ಅತ್ತಾನ ಪಾಪ.,Sadness
ಇಷ್ಟ್‌ ದೊಡ್ಡ್‌ ಅಂಗ್ಡಿ ಮತ್ ತಮ್ದೇ ಪಾರ್ಕಿಂಗ್‌ ಜಾಗಾ ಇಟ್ಗೊಂಡ್ರುನೂ ಕಸ್ಟಮರ್ಗೊಳ ಕಡಿಂದ ಪಾರ್ಕಿಂಗ್‌ ರೊಕ್ಕಾ ತೊಗೊತಾರ ಇವ್ರು? ಏನ್‌ ದುರಾಸಿ ಜನ ಅದಾರ್ರೀ!,Anger
ಬಾಯ್ಗಿಟ್ ತಕ್ಷಣ ಕರ್ಗ್‌ಹೋಗೋ ಬಿಳಿ ಚಾಕ್ಲೇಟ್ ಅಂದ್ರೆ ನಂಗ್‌ ತುಂಬಾ ಇಷ್ಟ.,Happiness
ಅವ್ಳಿಗೆ ಮಾನಸಿಕ ಸಮಸ್ಯೆ ಇರೋದ್ರಿಂದ ಅವ್ಳು ನನ್ ಬಟ್ಟೆ ಮೇಲೆಲ್ಲ ಜೊಲ್ಲ್ ಸುರ್ಸಿದ್ಳು.,Disgust
"ಏನ್‌ ತಾರೀಫದ, ಆ ರೈಲ್ವೆ ಕ್ಲರ್ಕ್‌ ಅಗ್ದೀ ಸಾವ್ಕಾಶ ನಂಗ ಟ್ರೇನ್‌ ಟಿಕಿಟ್‌ ಮೊದ್ಲೆ ಹೆಂಗ ತಗಿಸಿ ಸೀಟ್‌ ಬುಕ್‌ ಮಾಡ್ಕೊಬೇಕಂತೆಲ್ಲಾ ಹೇಳಿದ್ರು, ಅವ್ರಿಗಿ ಭಾಳ ಭಾಳ ಥ್ಯಾಂಕ್ಸ್.",Happiness
ತರಗತಿಲಿ ಯಾವ್ದಾದ್ರೂ ಪಾಠ ಸರ್ಯಾಗ್ ಅರ್ಥ ಆಗ್ಲಿಲ್ಲ ಅಂದ್ರೆ ನಂಗದೇ ದೊಡ್ಡ್‌ ಚಿಂತೆ ಆಗ್ಬಿಡತ್ತೆ.,Fear
ಏ ಹುಚ್ಚ್ ಹುಡ್ಗಿ! ನಿನ್ ರ್ಯಾಕೆಟ್‌ನ ಗಟ್ಯಾಗ್‌ ಹಿಡ್ಕೋ ಮೊದ್ಲು. ನಾನ್‌ ನಿಂಗ್ ಹೇಳ್ಕೊಟ್ಟಿದ್ನ ನೆನ್ಪುಸ್ಕೋ ಸರ್ಯಾಗಿ.,Anger
ಆ ವಿಚಿತ್ರ ಮನುಷ್ಯ ಸುಮಾರ್ ಹೊತ್ತಿಂದ ನನ್ಕಡೆನೇ ನೋಡ್ತಾ ಇದಾನೆ.,Fear
"ನಾನು ಮೊದ್ಲಿಂದ್ಲೂ ನನ್ ಕೈಲಾದಷ್ಟು ಪ್ರಯತ್ನಿಸ್ತಾನೇ ಇದೀನಿ, ನಿಮ್ ವಿಧಾನಗಳು ಕೆಲ್ಸ ಮಾಡ್ತಿಲ್ಲ ಅಂದ್ರೆ ಅವು ಸ್ಪಷ್ಟವಾಗಿ ದೋಷಪೂರಿತ್ವಾಗಿವೆ ಅಂತ್ಲೇ ಅರ್ಥ.",Anger
ಡಾಕ್ಟ್ರು ಟೆಸ್ಟ್‌ ಸ್ಟ್ರಿಪ್‌ನ ನಂಗ್ ಕೊಡೋ ಮೊದ್ಲು ಅದ್ರ್ ಮೇಲೆ ಸೀನಿದ್ರು.,Disgust
ಆಪ್ತಸಲಹೆಗಾರ್ರಾಗಿ ನೀವ್ ನಂಗ್ ಸಹಾಯ ಮಾಡ್ಬೋದ? ನನ್ ಜೀವನ್ದಲ್ಲಿ ಒತ್ತಡ ಮತ್ತೆ ಆತಂಕ್ದಿಂದ ಉಂಟಾಗಿರೋ ಕೀಳು ಭಾವ್ನೆನ ನನ್ಕೈಲ್ ಸಹಿಸಕ್ಕಾಗ್ತಿಲ್ಲ.‌. ನನ್‌ ಬಗ್ಗೆನೇ ನಂಗ್‌ ಜುಗುಪ್ಸೆ ಆಗ್ಬಿಟಿದೆ.,Disgust
ಮುಖ್ಯ ಅತಿಥಿಯಾಗ್  ಬಂದಿದ್ದ  ಪ್ರಸಿದ್ಧ ಗಾಯಕನ್  ಬಗ್ಗೆ ಅವ್ರ ವಿದ್ಯಾರ್ಥಿ ಅಸಭ್ಯ ಕಾಮೆಂಟ್  ಮಾಡ್ದಾಗ  ಶಿಕ್ಷಕರಿಗೆ  ಬೇಸ್ರ ಆಯ್ತು.,Sadness
"ನಿಮ್ ಹೋಟೆಲಲ್ಲಿ ನಾವಿರೋ ರೂಮು ಸ್ವಲ್ಪನೂ ಕ್ಲೀನಾಗಿಲ್ಲ ಮತ್ತೆ ‌ನಾವಷ್ಟ್‌ ಸಲ ಹೇಳುದ್ರೂ ನಿಮ್ ಹೋಟೆಲ್ ಸ್ಟಾಫ್ ಈ ಕಡೆ ಗಮ್ನನೇ ಕೊಡ್ತಿಲ್ಲ, ಇಷ್ಟೆಲ್ಲ ಅವ್ಯವಸ್ಥೆ ನೋಡ್ತಿದ್ರೆ ಇನ್ನೊಂದ್‌ ನಿಮ್ಷನೂ ಇಲ್ಲಿರೋದ್ಬೇಡ ಅನ್ಸ್ತಿದೆ.",Disgust
"ಕೆಲುಸಲ ನಂಗ್ ಕೆಲ್ಸ ಮಾಡೋದೇ ಬೇಡ ಅನ್ಸ್‌ಬಿಡುತ್ತೆ, ಹಾಗಾದಾಗೆಲ್ಲ ಏನ್‌ ಮಾಡಕ್ಕೂ ತೋಚ್ದೇ ಸುಮ್ನೇ ಗೋಡೆ ನೋಡ್ತಾ ಮಂಕಾಗ್‌ ಕೂತ್ಬಿಟಿರ್ತೀನಿ.",Sadness
"ಈ ಅಂಗ್ಡಿಲಿ ರೀಫಂಡ್ ತಗೊಳೋದೇ ಕಷ್ಟ, ನಾವೇನಾದ್ರೂ ಅದ್ಕೋಸ್ಕರ ಪ್ರಯತ್ನ ಮಾಡುದ್ರೆ ಅಂಗ್ಡಿಯೋರು ಏನೇನೋ ನೆಪ ಹೇಳಿ ಸುಮ್ನಾಗಿಸ್ಬಿಡ್ತಾರೆ.",Disgust
ಭಾರತ್ದಲ್ಲಿ ಡ್ರೈವಿಂಗ್ ಲೈಸೆನ್ಸ್ ತಗೊಳಕ್ಕೆ ನಾನ್ ಪ್ರಯತ್ನನೇ ಮಾಡಿಲ್ವಲ ಅಂತ ಪಶ್ಚಾತ್ತಾಪ ಆಗ್ತಿದೆ ಈಗ. ಅದಿದ್ದಿದ್ರೆ ನಾನ್‌ ಆರಾಮಾಗ್ ಎಲ್ಲಾ ಕಡೆ ನಮ್ಮನೆ ಕಾರಲ್ ತಿರ್ಗಾಡ್ಬೋದಿತ್ತು.,Sadness
"ಈವೆಂಟ್ ಮ್ಯಾನೇಜರ್ನ ಶಿಸ್ತುಬದ್ಧ ಸೇವೆಗಳ್  ನನ್ ಮನಸ್ಸಿನ್ ಬಾರನ್ ಕಡ್ಮೆ ಮಾಡಿವೆ, ಅಡುಗೆ ಮತ್ ಮನರಂಜನೆಯಿಂದ್  ಹಿಡ್ದು ಆಸನ ವ್ಯವಸ್ಥೆ ವರ್ಗೆ ಎಲ್ಲವನ್ನೂ ಚೆನ್ನಾಗ್  ನಡ್ಸ್ ಕೊಂಡ್ ಹೋಗ್ತಾರೆ ಅಂತ  ತುಂಬಾ ಖುಷಿ ಆಗ್ತಿದೆ.",Happiness
"ಆ ಕೊರಿಯರ್ ಕಂಪ್ನಿಯೋರ್ಗೆ ಪೇಮೆಂಟ್ ಮಾಡೋದು ಭಾಳ ಸುಲ್ಭ. ನೇರವಾಗಿ, ಸರಳವಾಗಿದೆ ಎಲ್ಲ, ನಂಗಂತೂ ಏನೂ ತೊಂದ್ರೆ ಆಗ್ಲಿಲ್ಲ.",Happiness
"ನಮ್ ಅಂಗ್ಡ್ಯಾಗಿಂದು ಕಸ್ಟಮರ್ ಸರ್ವೀಸ್ ಅಷ್ಟ್ ಛಲೋ ಇಲ್ಲಾ, ಒಂದ್ ದಿವ್ಸ ಇದ್ದಂಗ ಮತ್ತೊಂದ್ ದಿವ್ಸ ಇರಲ್ದು.",Sadness
"ಅಯ್ಯೋ, ರಾತ್ರಿ ಊಟಕ್ ಅಡ್ಗೆ ಮಾಡಕ್ಕೆ ತಾಜಾ ತರ್ಕಾರಿಗಳ್ನ ಕೊಂಡ್ಕೊಳೋದೇ ಮರ್ತ್ಹೋಯ್ತು, ಏನ್ ಹಾಳ್ ಮರೆವಪ್ಪ ನಂಗೆ.",Sadness
"ಆಕೆ ಹೊಸ್ದಾಗೊಂದ್ ಉದ್ಯಮ ಶುರು ಮಾಡಿದ್ಲಲ್ಲ, ಅದ್ಕೋಸ್ಕರ ಬೇಕಾಗಿದ್ ಸಾಮಾನು ಸರಂಜಾಮಿಗೆ ಅಂತ ತಗೊಂಡಿದ್ ಸಾಲನೆಲ್ಲ ತೀರ್ಸಿ, ಇನ್ನೊಂದ್ ಶಾಖಾ ಕಚೇರಿನೂ ಶುರುಮಾಡಿದಾಳೀಗ, ಇಷ್ಟೆಲ್ಲ ಆಗಿದ್ ಖುಷಿಲಿ ಅವ್ಳ್ ಮುಖ ಫಳಫಳ ಅಂತ ಮಿಂಚ್ತಿತ್ತು.",Happiness
ನನ್ ಕಸ್ಟಮರ್ಗೆ  ಕಳ್ಸಿದ್  ವಿಶೇಷ ಉಡುಗೊರೆ ಆಕೆಗೆ ತಲುಪ್ಲೇ ಇಲ್ಲ ಅಂತ ಗೊತ್ತಾದಾಗ್  ನಂಗ್ ಬೇಜಾರಾಯ್ತು.,Sadness
"ನಿಮ್ಗೇನ್ ಬೇಕೋ ಆ ಸಹಾಯ ಮಾಡೋಕ್ಕೆ ನಾನಿದೀನಲ ಮೇಡಮ್. ಮುಂದಿನ್ ಸರ್ತಿ ನಂಗೊಂದ್ ಫೋನ್ ಮಾಡಿ ಸಾಕು, ನಾನೇ ಲ್ಯಾಪ್ಟಾಪ್ನ ತೊಗೊಂಡ್ಹೋಗಿ ಸರಿಮಾಡ್ಕೊಡ್ತೀನಿ.",Happiness
ಜಿ.ಡಿ.ಪಿ. ಬೆಳವಣಿಗೆಲಿ ಕುಸಿತ ಆಗ್ತಿರೋದ್ರಿಂದ ಅದು ನನ್ ಖರ್ಚ್ ಮಾಡೋ ಶಕ್ತಿ ಮೇಲ್  ಪರಿಣಾಮ ಬೀರತ್ತೇನೋ ಅಂತ ನಂಗ್ ಸ್ವಲ್ಪ ಆತಂಕ ಆಗ್ತಿದೆ.,Fear
ಭಾಳ ಯಣ್ಣಿಹಾಕಿರ ಊಟಾತಿಂಡಿಲಿಂದ ಮಂದಿ ಬ್ಯಾನಿ ಬಿದ್ದಾರಂತ ಕೇಳಿ ನಂಗೂ ಏನರೆ ಆಗ್ಯಾದೇನಂತ ನೋಡ್ಲಿಕ್ಕಿ ಒಂಚೂರ್ ಹೊತ್ ಉಸರ್ ಬಿಗಿ ಹಿಡಕೊಂಡ್ ಕೂತಿದ್ದೆ.,Fear
"ನನ್ ಗೆಳೆಯನ್ ಮಗ್ಳು, ಅವ್ರಜ್ಜಿ ಹುಟ್ಟಿದ್ ಹಬ್ಬದ್ ದಿನ ಹಾಡೋದ್ ಹಾಡಿ ಆಮೇಲ್ ಕೆಟ್ದಾಗ್ ಹಾಡ್ಬಿಟ್ಟೆ ಅಂತ ಅಳ್ತಾ ಕೂತಿದ್ಳು ಪಾಪ.",Sadness
"ಹಾರಾಟ್ದುದ್ದಕ್ಕೂ ವಿಮಾನ ಗಡಗಡಾಂತ ಅದುರ್ತಾನೇ ಇತ್ತು, ನಾನ್ ನನ್ ಸೀಟಿನ್ ಆರ್ಮ್ರೆಸ್ಟ್ಸ್ನ ಬಿಗ್ಯಾಗ್ ಹಿಡ್ಕೊಂಡ್ ಕೂತ್ಬಿಟಿದ್ದೆ. ಮೈಕೈಯೆಲ್ಲ ಹೇಗ್ ಬೆವ್ತ್ಬಿಟಿತ್ತು ಗೊತ್ತಾ..",Fear
ನಾನ್ ಬದ್ಕಿರೋದು ಇನ್ನ್ ಕೆಲ್ವೇ ದಿನಗಳು ಅನ್ಸತ್ತೆ. ಡಾಕ್ಟ್ರು ನನ್ ರೋಗನಿರೋಧಕ ಶಕ್ತಿ ದುರ್ಬಲ ಆಗ್ತಾ ಇದೆ ಅಂತ ಹೇಳಿದಾರೆ.,Sadness
ನಾನ್ ಮಲಗೋ ಕೋಣೆಲಿ ನಂಗೋಸ್ಕರ ಅಂತ್ಲೇ ಮಾಡ್ಸಿರೋ ಆ ಆರಾಮ ಕುರ್ಚಿ ಅಂದ್ರೆ ಸಖತ್ ಇಷ್ಟ ನಂಗೆ.,Happiness
ರಸ್ತೆಲಿ ತಪ್ಪು ಬದಿಲ್ ಗಾಡಿ ಓಡ್ಸಿ ಯಾಕ್ರೀ ಟ್ರಾಫಿಕ್ ಜಾಮ್ ಆಗೋಹಾಗ್ ಮಾಡ್ತೀರ?!ನಿಮ್ಮಿಂದಾಗಿ ನಂಗ್ ಕೆಲ್ಸಕ್ ಹೋಗಕ್ ಎಷ್ಟ್ ತಡ ಆಗ್ತಿದೆ ಗೊತ್ತೇನ್ರಿ ನಿಮ್ಗೆ?!,Anger
ಅಬ್ಬಾ! ಕೆಲ್ವು ಹೂಡಿಕೆದಾರ್ರು ಅದೆಷ್ಟ್ ರಿಸ್ಕ್ ತಗೊಳಕ್ಕೂ ಸಿದ್ಧವಾಗಿರ್ತಾರಲ ಅದ್ಹೇಗಂತ ನಂಗಂತೂ ಆಶ್ಚರ್ಯ ಆಗುತ್ತೆ.,Surprise
"ಕಪಾಟ್ ಗಿಪಾಟ್, ಮಂಚಾ ಎಲ್ಲಾ ಇರ ಬಾಡ್ಗಿ ಮನಿ ನನ್ ಬಜೆಟ್ನ್ಯಾಗೇ ಸಿಕ್ಕದಂದ್ರ ಇದ್ ಜಬರ್ದಸ್ತ್ ಬೋನಸ್ಸೇ ಆತು.",Surprise
"ಮುಂಬೈಯಲ್ಲಾದ್ ಕೊಲೆಗೆ ಆ ರಾಜಕಾರಣಿ ಕೋಮು ಬಣ್ಣ ಹಚ್ಚಿದ್ನೋಡಿ ನಂಗ್ ಜುಗುಪ್ಸೆ ಬಂದೋಗಿದೆ, ಬರೀ ಇದೇ ಆಯ್ತು ಇವ್ರ್ಗಳ್ದು.",Disgust
"ನಾರ್ತ್ ಚೆನ್ನೈಗೆ ಕ್ಯಾಬಲ್ ಹೋಗ್ಬೇಕು ಅಂದ್ರೆ ಯಾರೂ ಬರಲ್ಲ. ಅಲ್ಲಿ ಅಷ್ಟ್ ಕೊಳ್ಕು, ಜನಜಂಗುಳಿ ಮತ್ತೆ ಕ್ಯಾಬ್ನೋರ್ ವಾಪಸ್ ಬರ್ವಾಗ ಅವ್ರಿಗೆ ಸರ್ಯಾಗ್ ಬಾಡ್ಗೆನೂ ಸಿಗಲ್ಲ.",Disgust
ದುರದೃಷ್ಟವಶಾತ್ ಹಳೇ ಕಾಲದ ಇಂಥ ಅಪ್ರೂಪದ್ ಕುರ್ಚಿಗಳ್ನ ಮಾರಾಟ ಮಾಡೋದ್ರಲ್ಲಿ ನಾನ್ ನಿಮ್ಗೆ ಸಹಾಯ ಮಾಡೋಕ್ ಸಾಧ್ಯವಿಲ್ಲ.,Sadness
"ನಂಗೆ ತಾರಸಿಯಿಂದ ನನ್ನ ಗಿಡಗಳ್ನ ತೆಗ್ದು ಹಾಕಂತ ಹೇಳ್ಲಿಕ್ಕೆ ನೀವು ಯಾರ?! ನರಕಕ್ಕಾದ್ರೂ ಹೋಗಿ ನೀವು, ನಂಗೆಂತ! ಈಗ ಸುಮ್ಮನೆ ಹೋದ್ರೆ ಸರಿ ಇಲ್ಲಿಂದ!",Anger
ನನಗ್ ಡ್ರೈವಿಂಗ್ ಕಲಸ್ಲಿಕತ್ತವ್ರು ಬ್ಯಾರೆಬ್ಯಾರೆ ಪಾಠಾನೂ ಹೇಳ್ಕೊಟ್ಟಾಗ ನಂಗ್ ಇವೆಲ್ಲಾ ಯಾಕ ಬೇಕನ್ಸಿತ್ತು. ಅವು ಖರೇನೆ ನಂಗ ರೋಡಿನ್ ಮ್ಯಾಲ್ ಛಂದ್ ಗಾಡಿ ನಡಸಹಂಗ ವಿಶ್ವಾಸ್ ಕೊಟ್ಟಾವಂತ ಆಮ್ಯಾಲ ಅಗಾಧಾಯ್ತು.,Surprise
ಆ ಶೇರಿಂಗ್ ಆಟೋಗಳ್ ನನ್ ಎದ್ರ ಅಡ್ಡಾದಿಡ್ಡಿ ಕಟ್ ಹೊಡ್ದು ಇನ್ನೇನ ಆಕ್ಸಿಡೆಂಟೇ ಮಾಡ್ತಾವ ಅಂತ ರೇಗೋಗಿತ್ತ್ ನಂಗ.,Anger
ಭಾಪರೇ! ಈ ಅಮೆಜಾ಼ನ್ ಮೊಬೈಲ್ ಆಪ್ ಮನ್ಯಾಗ್ ಕುಂತಲ್ಲೇ ಷಾಪಿಂಗ್ ಮಾಡ್ಲಿಕ್ಕಿ ಎಷ್ಟರೇ ಅರಾಮ್ ಮಾಡಿಕೊಟ್ಟದಲಾ!,Surprise
"ಹಿಂದೂ ಪತ್ರಿಕೆ ಕಮ್ಯುನಿಸ್ಟ್ ಆಗಿರೋದು ಸ್ಪಷ್ಟವಾಗ್ ಗೊತ್ತಾಗತ್ತೆ, ಅಂಗೈ ಹುಣ್ಣಿಗೆ ಕನ್ನಡಿ ಬೇಕಾ? ಅದಿನ್ನು ಸ್ವತಂತ್ರ ಪತ್ರಿಕೋದ್ಯಮನ ಪ್ರತಿನಿಧಿಸೋಕೆ ಸಾಧ್ಯ ಇಲ್ಲ.",Disgust
"ಪ್ರತೀ ಸರ್ತಿ ಆರ್ಡರ್ ಮಾಡ್ದಾಗ್ಲೂ ಫ್ಲಿಪ್ಕಾರ್ಟಿಂದ  ಒಂದಲ್ಲ ಒಂದ್ ತಪ್ಪ್ ಆಗ್ತಾನೇ ಇದೆ, ನಂಗಿನ್ನು ಅವ್ರ್ ಜೊತೆ ಏಗಕ್ಕಾಗಲ್ಲ, ಸಾಕು ಇನ್ಯಾವತ್ತೂ ಅವ್ರ್ ಹತ್ರ ಏನನ್ನೂ ತಗೊಳಲ್ಲ ನಾನು.",Anger
ಥೂ ನಿನ್ನೆ ಗಾಡಿ ನಡಸ್ಕೋತ್ ಹೊಂಟಿದ್ದೆ ಕಾಗಿ ನನ್ ಮ್ಯಾಲೇ ಹೊಲಸ್ ಮಾಡ್ತು ಯಪ್ಪಾ ಎಷ್ಟರೆ ಮೈ ಮಳಮಳ ಅಂತು.,Disgust
"ಗಣೇಶನ್ ಹಬ್ಬಕ್ಕೆ ನಮ್ಮನೆ ಕೈತೋಟದಿಂದನೇ ಅಷ್ಟೂ ಹೂಗಳ್ನ ಬಿಡುಸ್ಕೊಂಡ್ ಬಂದು ಪೂಜೆ ಮಾಡಕ್ಕಾಗಿದ್ದು ದಿವ್ಯವಾಗಿತ್ತು, ಸಾರ್ಥಕ ಅನ್ಸ್ತು.",Happiness
"ನಾನು ನನ್ ಪ್ಯಾನ್ಕಾರ್ಡ್ನ ತೋರಿಸ್ದಿದ್ರೆ, ಅವ್ಳು ನನ್ ನೋಂದಣಿನ ರದ್ದು ಮಾಡ್ತೀನಿ ಅಂತ  ಹೇಳುದ್ಳು.",Fear
ಸರ್ಕಾರ ನಿಮ್ ಹಣನ ವಾಪಾಸ್ ಕೊಡ್ಸತ್ತೆ ಅನ್ನೋ ತಾಜಾ ಸುದ್ದಿ ಇಲ್ಲಿದೆ ನೋಡು. ಎಂಥ ಒಳ್ಳೆ ಸುದ್ದಿ ಸದ್ಯ! ಇನ್ನಾದ್ರೂ ಚಿಂತೆ ಬಿಡು ನೀನು!,Happiness
"ಇತ್ತೀಚೆಗೆಲ್ಲ ಹೆಂಗಿದ್ಯಪ್ಪ ನಿನ್ ಇನ್ಕಮ್ಮು, ವ್ಯಾಪಾರ ಭಾರೀ ಜೋರಾಗಿರೋ ಹಾಗಿದೆ.",Happiness
ಮೈಕ್ರೋವೇವ್ಗೆ ಬೆಂಕಿ ಹೊತ್ಕೊಳತ್ತೆ ಅಂತ ಭಯ ಆಗ್ತಿದೆ ನಂಗೆ. ದಯ್ವಿಟ್ಟು ಅದ್ನ ಆಫ್ ಮಾಡಿ.,Fear
ಈ ಹೋಟೆಲ್ ಸಿಬ್ಬಂದಿ ತುಂಬಾ ಒರಟು ಜನ. ಅವ್ರಲ್ಲೊಬ್ಬ ನನ್ನನ್ನ ಕುಂಬಳಕಾಯ್ ಥರ ಕಾಣ್ತಿದ್ದೀನಿ ಅಂತಂದ.,Sadness
ಸಮುದ್ರದಲ್ಲಿ ದೊಡ್ದೊಡ್ ಅಲೆಗಳ್ ಜಾಸ್ತಿಯಾಗಿ ಹವಾಮಾನ ಪ್ರಕ್ಷುಬ್ಧವಾಗ್ ಇದ್ದಿದ್ರಿಂದ ನಮ್ ದೋಣಿ ಪ್ರಯಾಣ ರದ್ದಾಗಿ ನಮ್ಗೆಲ್ಲ ಭಾಳ ನಿರಾಸೆ ಆಯ್ತು.,Sadness
ನಂಗ ಯಾ ಗವಿ ನೋಡ್ಲಿಕ್ಕಿ ಹೋಗದಿತ್ತಲಾ ಅದ್ರಕಿಂತಾ ಹೆಚ್ಚ್ ಹೊತ್ತ್ ಇಡೀ ದಿವ್ಸ ಕ್ಯಾಬ್ನ್ಯಾಗ್ ಕೂತ್ ಕಳೀಬೇಕಾಯ್ತಂತ ಬ್ಯಾಸ್ರಾಯ್ತು.,Sadness
ಚಂಡಮಾರುತ ಬಂದ್ಹೋದ್ಮೇಲೆ ಟಿ.ಎನ್.ಇ.ಬಿ. ಟೀಮ್ನೋರು ಅಷ್ಟ್ ಬೇಗ ಎಲೆಕ್ಟ್ರಿಸಿಟಿ ವಾಪಸ್ ಬರ್ಸಿದ್ ನೋಡಿ ಖುಷಿ ಆಯ್ತು ನಂಗೆ.,Happiness
ನಿಮ್ಮಂಥ ಹಿರಿಯರು ಹೊಸ ಗ್ರಾಹಕರಾಗಿ ನಮ್ಮಲ್ಲಿ ಖಾತೆ ತೆರಿತಾ ಇರೋದು ನಮ್ ಪಾಲಿಗೆ ತುಂಬಾನೇ ದೊಡ್ಡ್ ವಿಷ್ಯ!,Surprise
"ಹಹ್ಹಹ್ಹಾ! ನಾನ್ ನಿಮ್ ಕಾಲೆಳಿತಾ ಇದ್ದೆ ಅಷ್ಟೇ! ಸದ್ಯ ಅದೇನೋ ಈ ಸಲದ್ ಪರೀಕ್ಷೆಲಿ ನೀವೆಲ್ಲ ಚೆನಾಗ್ ಮಾಡ್ಬಿಟಿದೀರ, ನಿಮ್ ಉತ್ರಗಳ್ನ ನೋಡಿ ಖುಷಿ ಆಯ್ತು ನಂಗೆ.",Happiness
ಅದ್ಭುತ! ಇದ್ರರ್ಥ ಈ ವರ್ಷ ಮುಗ್ಯೋದ್ರೊಳಗೆ ನಾವು ಹತ್ತ್ ದಶಲಕ್ಷ ಇಯರ್ಫೋನ್ಗಳ್ನ ಮಾರಾಟ ಮಾಡ್ಬಹುದು ಅಂತಾಯ್ತು!,Surprise
ಹೋಮ್ವರ್ಕ್ ಅಸೈನ್ಮೆಂಟ್ ಸಬ್ಮಿಟ್ ಮಾಡೋಕಿರೋ ಕೊನೇ ದಿನ ನೆನ್ಪಾದ್ರೆ ನಾನಿನ್ನೂ ಎಷ್ಟ್ ಹಿಂದಿದಿನಲಪ್ಪ ಅಂತ ಗಾಬ್ರಿ ಆಗತ್ತೆ.,Fear
ನನ್ ಚಿಕಿತ್ಸೆ ನಡೀತಿರೋ ಈ ಆಸ್ಪತ್ರೆಲಿ ಕೆಲ್ವೆಲ್ಲ ಸಮಸ್ಯೆಗಳಿರೋದ್ನ ನಾನ್ ಗಮನ್ಸಿದೀನಿ. ಈ ಆರೋಗ್ಯ ಕೇಂದ್ರದಲ್ಲಿ ಸಾಕಷ್ಟ್ ತಿಳ್ಕೊಂಡಿರೋ ಡಾಕ್ಟ್ರು ಇದಾರೋ ಇಲ್ವೋ ಅಂತ ನಂಗ್ ಅನ್ಮಾನ ಶುರುವಾಗಿದೆ.,Fear
"ನಮ್ ಅಂಗ್ಡಿಲಿ ಸ್ನೇಹ, ವಿಶ್ವಾಸದ್ ವಾತಾವರಣನೇ ಇಲ್ಲ. ಕೆಲ್ಸದೋರೆಲ್ಲ ಗುಮ್ಮ್ ಅಂತಿರ್ತಾರೆ.",Sadness
"ಭಾರಿ ಮಳೆಯಿಂದಾಗಿ, ಈ ಕಾಮಗಾರಿ ನಾಲ್ಕ್ ತಿಂಗ್ಳು ತಡ ಆಗತ್ತೆ ಅಂತ ಕೆಲಸಗಾರ್ರೆಲ್ಲ ಹೇಳ್ತಾ ಇದಾರೆ ನಂಗೆ.",Sadness
ಈ ವೀಡಿಯೋ ಗೇಮ್ಲಿ ನಾನ್ ಊಹೆನೇ ಮಾಡಕ್ಕಾಗ್ದಿರೋ ಒಂದ್ ಟ್ವಿಸ್ಟ್ ಇದ್ಯಂತೆ! ಅದನ್ ಆಡ್ದೆ ಬಿಡಕ್ ಮನ್ಸಾಗ್ತಿಲ್ಲ!,Surprise
ಸೆಕೆಂಡ್ ಹ್ಯಾಂಡ್ ಪುಸ್ತಕಗಳ್ನ ಮಾರಾಟ ಮಾಡೋ ಅಂಗ್ಡಿ ಸಿಕ್ಕಿದ್ದು ಎಷ್ಟ್ ಒಳ್ಳೇದಾಯ್ತು! ಎಷ್ಟೋ ಅಪರೂಪದ್ದು ಮತ್ತೆ ಜನಪ್ರಿಯವಾದ್ ಪುಸ್ತಕಗಳು ಕೈಗೆಟ್ಕೋ ಬೆಲೆಲಿ ಸಿಗತ್ವೆ ನಂಗಿಲ್ಲಿ.,Happiness
"ಆರ್ಟ್ ಗ್ಯಾಲರಿಲಿ ಆ ಪೇಂಟಿಂಗ್ನ ಕಣ್ಣಿಟ್ ನೋಡಕ್ಕೂ ಆಗಲ್ಲ ನಂಗೆ, ಅದೇನ್ ಮಾಡರ್ನ್ ಆರ್ಟೋ ಏನೋ..",Disgust
"ಏಯ್ ತಲಿಖರಾಬ್ ಆಗ್ಯದ್ ನಂಗ, ನಾ ಅಮೆರಿಕಾಕ್ಕ ಹೋಗಿದ್ದೆ ಅನ್ನ ಸಲ್ವಾಗಿ ಮತ್ತೊಮ್ ಪೂರಾ ಡ್ರೈವಿಂಗ್ ಲೈಸನ್ಸ್ ಎಲ್ಲಾ ಮಾಡಸ್ಕೋಬೇಕಂತ.",Anger
ಎರಡು ಸಾವಿರದ ಹನ್ನೊಂದರ ಕ್ರಿಕೆಟ್ ವಿಶ್ವಕಪ್ನ ಸೆಮಿಫೈನಲ್ ಭಾರತ ತಂಡ ಸೋತಾಗ್  ನಂಗ್ ಬೇಜಾರ್ ಆಯ್ತು.,Sadness
ದಕ್ಷಿಣ ಭಾರತಕ್ ಹೋದಾಗೆಲ್ಲ ನಾನ್ ಬೆಳಗ್ಬೆಳಗ್ಗೆ ಕುಡ್ಯೋ ತಾಜಾ ಕಾಫಿದ್ ಘಮ ಅಂದ್ರೆ ನಂಗ್ ಸಿಕ್ಕಾಪಟ್ಟೆ ಇಷ್ಟ.,Happiness
ಈ ಅಡ್ಗೆ ಯಾರ್ರೀ ಮಾಡಿದ್ದು? ಇದು ಎಷ್ಟ್ ಖಾರ ಆಗಿದೆ ಅಂದ್ರೆ ತಿಂದಾಗ ನನ್ ನಾಲ್ಗೆನೇ ಸುಟ್ಟೋಯ್ತೇನೋ ಅನ್ಸ್ತು ನಂಗೆ.,Anger
ಎ.ಟಿ.ಎಂ.ಇಂದ ಮನೆಗ್ ವಾಪಸ್ ಬರ್ತಿದ್ದಾಗ ಯಾರೋ ಒಬ್ಬ ಅಪರಿಚಿತ ನನ್ ಹಿಂದ್ಹಿಂದೆನೇ ಬರ್ತಿದ್ದ. ನಂಗ್ ತುಂಬ ಭಯ ಆಗಿ ಎಷ್ಟಾಗತ್ತೋ ಅಷ್ಟ್ ಜೋರಾಗ್ ಓಡೋಡ್ತಾ ಮನೆಗ್ಬಂದ್ ಸೇರ್ಕೊಂಬಿಟ್ಟೆ.,Fear
ಚೆನ್ನೈನ್ಯಾಗ್ ಇಲ್ಲಿನ್ ಈ ಬಿಯರ್ ಕುಡಿಲಿಕ್ಕೇ ಆಗಲ್ತು ಸ್ವಲ್ಪೂ ರುಚಿ ಇಲ್ಲಾ ಭಾಳ ಖರಾಬದ.,Disgust
ಸಿಟಿಲಿ ಎಲ್ಲಾ ಕಡೆ ಆ ಹೊಸ ಅಂಗ್ಡಿ ಮಳಿಗೆಗಳು ಶುರುವಾಗ್ತಾ ಇರೋದ್ ನೋಡುದ್ರೆ ಎಲ್ಲಿ ನಮ್ಮಲ್ಲಿರೋ ಒಳ್ಳೆ ಕೆಲ್ಸ್ಗಾರ್ರೆಲ್ಲ ಅವ್ರ್ ಹತ್ರ ಹೋಗ್ ಸೇರ್ಕೊಂಡ್ಬಿಡ್ತಾರೋ ಅಂತ ಭಯ ಆಗ್ತಿದೆ.,Fear
ನಮ್ ಕಂಪ್ನಿ ಹಣಕಾಸನ್ನ ಪ್ಲಾನ್ ಮಾಡೋರು ಇಷ್ಟ್ ಅಯೋಗ್ಯವಾಗ್ ಕೆಲ್ಸ ಮಾಡಿರೋದ್ ನೋಡಿ ನಂಗ್ ಬರ್ತಿರೋ ಸಿಟ್ಗೆ ನಾನ್ ಏನ್ ಮಾಡ್ತೀನೋ ನಂಗೇ ಗೊತ್ತಿಲ್ಲ!,Anger
ನನ್ ಕಾರಿನ್ ಎಂಜಿನ್ ಹಾಳಾಯ್ತು. ಅದ್ನ ಸರಿ ಮಾಡಕ್ಕೆ ಎರಡ್ ಲಕ್ಷ್ ರೂಪಾಯ್ ಖರ್ಚಾಗತ್ತೆ ಅಂತಿದಾರೆ ಅವ್ರು.,Sadness
"ಡ್ರೈವರ್ ಅವ್ರೇ! ನಾನ್ ನಿಮ್ಗೆ ವಿಳಾಸನ ತಪ್ಪಾಗ್ ಹೇಳ್ಬಿಟಿದೀನಿ, ಕ್ಷಮ್ಸಿ. ವಿಳಾಸದ್ ಬಗ್ಗೆ ನಂಗೆ ಗೊಂದಲ ಆಗೋಗಿತ್ತು.",Sadness
ಬ್ಲೇಡ್ನ ಬಳಸ್ಬೇಡಿ. ಅದು ನನ್ ಚರ್ಮನ ಕತ್ತರಿಸ್ಬೋದು.,Fear
ಹೇಳ್ಬೇಕಂದ್ರೆ ಇದು ನನ್ತಂಗಿ ಹುಟ್ಟಿದ್ಹಬ್ಬಕ್ಕೆ ಅಂತ ತಗೋತಿರೋದು. ನಾವು ಅವ್ಳಿಗೆ ಸರ್ಪ್ರೈಸ್ ಪಾರ್ಟಿ ಕೊಡೋರಿದೀವಿ.,Happiness
"ನಾನೇ ಖುದ್ದಾಗ್ ಮಾಡಿದ್ ಒಂದ್ ತಿಂಡಿನ ನನ್ ಬಾಸ್ ಮತ್ತೆ ಸಿ.ಇ.ಒ. ಇಬ್ರೂ ತಿನ್ನೋಕ್ ಧೈರ್ಯ ಮಾಡಿದ್ರು, ಅವ್ರದ್ನ ತಿಂದು ಏನ್ ಹೇಳ್ತಾರೋ ಅಂತ ನಾನ್ ಉಸ್ರು ಬಿಗಿ ಹಿಡ್ಕೊಂಡ್ ಕಾಯ್ತಾ ನಿಂತಿದ್ದೆ.",Fear
ಹೊಳೆ ದಂಡೆ ಮೇಲೆ ತಂಪಾದ್ ಗಾಳಿಲಿ ಬೆಚ್ಚಗಿರೋ ಸೂರ್ಯನ್ ಬಿಸಿಲಿಗ್ ಬೆನ್ನೊಡ್ಡಿ ಕೂತ್ಕೊಂಡಿರೋದಂದ್ರೆ ನಂಗ್ ಅದ್ಕಿಂತ ಆನಂದ ಬೇರೆದಿಲ್ಲ.,Happiness
ಈ ವಿಶ್ವವಿದ್ಯಾಲಯದಲ್ಲಿ ಇರೋದೇ ಇಷ್ಟ್ ಆಯ್ಕೆಗಳು ಅಂದ್ರೆ ನಾನೇನ್ ಮಾಡ್ಲಿ?! ಯೋಚ್ಸಿ ಯೋಚ್ಸಿ ಬುದ್ಧಿಯೆಲ್ಲ ಖರ್ಚಾಗಿ ನನ್ ತಲೆ ಕೆಟ್ಹೋಗಿದೆ.,Anger
ವಾಹ್! ಸುಭಾಷ್ ಚಂದ್ರ ಬೋಸ್ ಕೂಡ ಹತ್ತ್ ವರ್ಷಗಳ್ ಹಿಂದೆ ಇದೇ ಹೋಟೆಲಲ್ಲಿ ಉಳ್ಕೊಂಡಿದ್ರಾ?,Surprise
ದೊಡ್ದೊಡ್ ಆಡಿಟ್ ಸಂಸ್ಥೆಗಳು ನಿಯಮಗಳಲ್ಲಿರೋ ಲೋಪದೋಷಗಳ್ನ ತಮ್ ಲಾಭಕ್ಕೋಸ್ಕರ ಹೇಗೇಗೆಲ್ಲ ಬಳಸ್ಕೊಳತ್ವೆ ಅನ್ನೋದ್ನೋಡುದ್ರೆ ಅಸಹ್ಯ ಆಗತ್ತೆ.,Disgust
"ಎಷ್ಟ್ ಕಂದಾಯ ಸಂಗ್ರಹ ಆಗಿದೆ ಅಂತೆಲ್ಲ ನಂಗ್ ನೋಡಕ್ ಸಿಗಲ್ಲಪ್ಪ, ಯಾಕೆ ನಿಮ್ಗಿದ್ ಗೊತ್ತಿರ್ಲಿಲ್ವಾ?!",Surprise
ಸ್ಟಾಕ್ ಮಾರ್ಕೆಟ್ ಇವತ್ತು ತುಂಬಾನೇ ಚೆನ್ನಾಗ್ ನಡೀತಾ ಇದೆ.,Happiness
ಅಗತ್ಯನೇ ಇಲ್ದಿರೋ ಬ್ಯಾಂಕ್ ಫೀಸ್ಗೋಸ್ಕರ ವ್ಯರ್ಥ ಆಗ್ತಿರೋ ಹಣದ್ ಪ್ರಮಾಣ ನೋಡಿ ನಂಗ್ ಆಘಾತ ಆಯ್ತು.,Surprise
"ಯು.ಪಿ.ಎಸ್.ಸಿ.ಗೆ ತಯಾರಿ ನಡ್ಸೋಕಂತ್ಲೇ ನಾನ್ ಒಂದ್ವರ್ಷ ರಜೆ ತಗೊಂಡಿದ್ದೆ, ಆದ್ರೂ ಅದ್ರಲ್ಲಿ ತೇರ್ಗಡೆ ಆಗೋಕಾಗ್ಲಿಲ್ಲ. ಈಗೇನ್ ಮಾಡ್ಲಿ ನಾನು?",Sadness
"ಟೆನ್ನಿಸ್ ಚೆಂಡು ಬಡ್ದು ಒಂದ್ ಹುಳ ಅಪ್ಪಚ್ಚಿ ಆಗೋಯ್ತು, ಈಗ ಕೋಚ್ ಅದ್ನ ಕ್ಲೀನ್ ಮಾಡು ಅಂತ ಹೇಳ್ತಿದಾರೆ ನಂಗೆ.",Disgust
"ಈ ವಾರದ್ ಕೊನೇಲಿ ನಮ್ಮನೆಗ್ ನೆಂಟ್ರು ಬರ್ತಿರೋದ್ರಿಂದ ಜಾಸ್ತಿ ನ್ಯೂಸ್ ಪೇಪರ್ಸ್ ತಗೊಳಣಾಂತಿದ್ದೆ, ಆದ್ರೆ ನೀವೇ ಊರಲ್ಲಿಲ್ಲ ಅಂದ್ರೆ ಅದಿನ್ನು ಆಗ್ದೇರೋ ಮಾತು.",Sadness
"ನಾನ್ ನಿಮ್ ಸಂಬ್ಳದ್ ಬೇಡಿಕೆ ನೋಡ್ತಿದ್ದೆ, ನಿಜ ಹೇಳ್ಬೇಕಂದ್ರೆ, ನಾವ್ ಕೊಡ್ತಿರೋ ನ್ಯಾಯಯುತ್ವಾದ್ ಸಂಬ್ಳದ್ ಬಗ್ಗೆ ನಿಮ್ಗೆ ಕಿಂಚಿತ್ತಾದ್ರೂ ಸಮಾಧಾನ, ಗೌರವ ಇಲ್ಲ ಅನ್ನೋದ್ನೋಡಿ ನಂಗ್ ಭಾರಿ ಕೋಪ ಬಂತು, ಆಸೆಗೂ ಒಂದ್ ಮಿತಿ ಬೇಡ್ವೇನ್ರಿ!",Anger
ಭೇಷ್! ನೀವ್ ನಿಜ್ವಾಗ್ಲೂ ಚೆನ್ನಾಗ್ ಕೆಲ್ಸ ಮಾಡಿದೀರಿ. ಕಾರ್ ಅಂತೂ ಹೊಚ್ಚ ಹೊಸ್ದು ಅನ್ನೋ ಹಾಗ್ ಕಾಣ್ತಿದೆ!,Surprise
ನಮ್ ಪ್ರತಿಸ್ಪರ್ಧಿಗಳ್ ಹತ್ರ ಇನ್ನೂ ವ್ಯಾಪಕ್ವಾದ್ ಪ್ರಾಡಕ್ಟ್ ಆಯ್ಕೆಗಳಿರತ್ವೇನೋ ಅಂತ ನಂಗ್ ಆತಂಕ ಆಗ್ತಿದೆ.,Fear
ಇತಿಹಾಸ್ ತಿಳಕೊಳ ಬಗ್ಗೆ ಖಾಯ್ಷ್ ಇರ ಮಂದಿ ಮ್ಯೂಸಿಯಂಗಿ ಬಂದು ನಾ ಹೊರಗ್ ತೆಗದಿರ ಕಲಾಕೃತಿಗಳನ್ ನೋಡ್ದಾಗ ನಂಗ್ ಭಾಳ ಆನಂದ್ ಆಗ್ತದ.,Happiness
"ಪಾಸ್ವರ್ಡ್ ಮ್ಯಾನೇಜರ್ನ್ಯಾಗ ನನ್ನವ್ ಎಲ್ಲಾ ಪಾಸ್ವರ್ಡ್ಗಳ ಭದ್ರವಾಗ್ ಉಳಿತಾವಂತ ನಂಗ್ ಗೊತ್ತೇ ಇರ್ಲಿಲ್ಲಾ, ಕಡಿಗಿ ಉಸಿರ್ ಬಿಡಹಂಗಾಯ್ತು!",Surprise
ನನ್ ಟೀಮ್ನೋರು ಅನ್ಕೊಂಡಿದ್ ಡೇಟ್ಗಿಂತ ಎರಡ್ ವಾರ ಮುಂಚಿತ್ವಾಗೇ ಹೊಸಾ ಥರದ್ ಪ್ರಾಡಕ್ಟ್ನ ತಯಾರ್ಸ್ಕೊಟ್ಟಿದಾರೆ! ಅದೆಷ್ಟ್ ಬೇಗ ಮಾಡ್ಬಿಟಿದಾರಪ್ಪ!,Surprise
"ಕಳ್ರ ಬಗ್ಗೆ ನಿಮ್ ನೆರೆಹೊರೆಯವ್ರಿಂದ ಮಾಹಿತಿ ಸಿಕ್ತು, ಅವ್ರಿಲ್ಲಿಂದ ದೂರ ಹೋಗೋ ಮುಂಚೆನೇ ಅವ್ರನ್ನ ಸುಲಭ್ವಾಗ್ ಹಿಡ್ಯೋಕಾಯ್ತಲ, ಅದೇ ದೊಡ್ಡ್ ಸಮಾಧಾನ ನಮ್ಗೆ.",Happiness
"ನಿಮ್ಹತ್ರ ತಗೊಂಡ್ ವಸ್ತುನ ವಾಪಸ್ ಕೊಟ್ಟು ಬೇರೆದ್ ತಗೊಳಕ್ ಅವ್ಕಾಶ ಇದೆ ಅಂತ ನಿಮ್ ಅಂಗ್ಡಿ ಗುಮಾಸ್ತನೇ ಹೇಳಿದ್ರು ನಂಗೆ, ಅಷ್ಟಾಗ್ಯೂ ನೀವ್ ನನ್ ಮಾತಿನ್ಮೇಲ್ ಅನುಮಾನ ಪಡ್ತಿದೀರ ಅಂದ್ರೆ ಅತಿ ಆಯ್ತು ನಿಮ್ದು, ನಾನೀಗ್ಲೇ ನಿಮ್ ಸ್ಟೋರ್ ಮ್ಯಾನೇಜರ್ನ ನೋಡ್ಬೇಕು, ಕರೀರಿ ಅವ್ರ್ನ!",Anger
ನಮ್ ಡೇರೆಗಳ್ನ ಕೊಂಡ್ಕೊಳೋ ಕ್ಲೈಂಟ್ ದೆಸೆಯಿಂದ ನಮ್ ವ್ಯಾಪಾರ ಎಷ್ಟ್ ಬೇಗ್ನೇ ಬೆಳೀತಾ ಇದೆ.. ತಂಪ್ ಹೊತ್ತಲ್ ನೆನಿಬೇಕು ಅವ್ರನ್ನ.,Happiness
ಸಮುದ್ರದ್ ಆಳಕ್ಕಿಳ್ದು ಟೈಟಾನಿಕ್ ಹತ್ರ ಹೋಗೋ ಬಗ್ಗೆ ನಂಗ್ ಭಾರಿ ಹೆದ್ರಿಕೆ ಆಗಿತ್ತು.,Fear
"ಕೆನ್ರಾ ಬ್ಯಾಂಕ್ನ್ಯಾಗ ದೊಡ್ಡ್ ಲಾಕರ್ ತೊಗೊಬೇಕಂತ ಹೇಳಿದ್ವಿ, ಅದ್ ಸಿಕ್ಕಿದ್ದು ಖರೇನ ಛೊಲೋ ಆಯ್ತು.",Happiness
"ಆ ಬಸ್ಸಿನವ್ರು ಬಸ್ ತಡಾ ಆಗಿದ್ದಕ್ಕ ಕ್ಷಮೆ ಏನೋ ಕೇಳಿದ್ರು, ಆದ್ರ ನಂಗ ವ್ಯಾಳ್ಯಾಕ್ಕ ಊರಿಗ್ ಹೋಗಲಿಕ್ ಆಗಲ್ಲಲ ಅಂತ ಬ್ಯಾಸರಾಯ್ತು.",Sadness
"ನಿಮ್ ಕುಟುಂಬದ್ ಫೋಟೋಗಳ್ನೆಲ್ಲ ಕಳ್ಕೊಂಡಿದ್ದನ್ನ ನೀವೊಂದ್ ತಮಾಷೆಯಾಗ್ ತಗೊಂಡಿದ್ನೋಡಿ ನಿರಾಳ ಆಯ್ತು ನಂಗೆ, ಸದ್ಯ ಹೀಗೇ ನಗನಗ್ತಾ ಆರಾಮಾಗಿರಿ ಯಾವಾಗ್ಲೂ, ಏನೇ ಆದ್ರೂ.",Happiness
ಈ ಒಂದ್ ದಿನದ್ ಟ್ರಿಪ್ಪಲ್ಲಿ ಟೋಕಿಯೊದಲ್ ನಾನ್ ನೋಡ್ಬೇಕು ಅನ್ಕೊಂಡಿರೋ ಎಲ್ಲಾ ಜಾಗಗಳ್ಗೂ ಹೋಗಕ್ ನನ್ಕೈಲ್ ಆಗತ್ತಾ?,Fear
ನಿಧಾನ್ವಾಗ್ ಹೋಗಿ. ಮುಂದೆ ಸುಮಾರ್ ಆನೆಗಳು ರಸ್ತೆಲ್ ನಿಂತು ದಾರಿ ತಡೀತಾ ಇವೆ.,Fear
"ಒಳ್ಳೇದೋ ಅಥ್ವಾ ಕೆಟ್ದೋ ಏನಾದ್ರಾಗ್ಲಿ ಅಂತ ಈ ವರ್ಷಕ್ ಪೂರ್ತಿ ಸಬ್ಸ್ಕ್ರಿಪ್ಷನ್ ತಗೊಂಡ್ಬಿಟಿದೀನಿ, ಹೇಗೋ ಒಟ್ಟು ನನ್ ಆಫೀಸ್ ಕಾಲ್ಸ್ಗೆ ಏನೂ ತೊಂದ್ರೆ ಆಗ್ದಿದ್ರೆ ಸಾಕಪ್ಪ.",Fear
"ನಾವೇನಾದ್ರೂ ಆದಾಯ ತೆರಿಗೆ ಅಧಿಕಾರಿಗಳ್ ಕೇಳಿರೋ ಹೆಚ್ಚುವರಿ ತೆರಿಗೆನ್ ಕಟ್ದಿದ್ರೆ, ಕಳೆದ್ ಐದ್ ವರ್ಷದ್ ನಿಮ್ಮೆಲ್ಲಾ ಹಣಕಾಸಿನ್ ಲೆಕ್ಕಗಳ್ದೂ ಜನ್ಮ ಜಾಲಾಡೋಂಥ ಭಯಂಕರ ಟ್ಯಾಕ್ಸ್ ಆಡಿಟ್ನ ಎದ್ರುಸ್ಬೇಕಾಗತ್ತೆ ನೀವು.",Fear
ಸಭೆಲಿ ದೇಣಿಗೆ ನಿರ್ಧಾರ ಮಾಡೋದೇ ನಡೀತಿದೆ ಆಗ್ಲಿಂದ.. ಕೊನೆಗೆ ಏನ್ ತೀರ್ಮಾನ ಆಗತ್ತೋ ಗೊತ್ತಿಲ್ಲ.,Fear
"ಯಾರೇ ಆದ್ರೂ ಓಟ್ಸು, ಮೊಸ್ರು ಒಟ್ಗೆ ಬೆರೆಸ್ಕೊಂಡ್ ತಿಂತಾರಾ?! ಎಷ್ಟ್ ಕೆಟ್ದಾಗಿರತ್ತೆ ಅದ್ರ್ ರುಚಿ..ವ್ಯಾಕ್!",Disgust
ವಾಹ್! ನನ್ನಿಷ್ಟದ್ ಅಂಗ್ಡಿಲೀಗ ಸುಮಾರ್ ಆಫರ್ಸ್ ನಡೀತಿವೆ. ನಾನೀಸಲ ಒಂದೆಂಟ್ ಹತ್ತ್ ಬಟ್ಟೆ ತಗೊಂಬಿಡ್ತೀನಿ.,Surprise
"ಬೆಂಗ್ಳೂರಲ್ಲಿ ಈ ಬಸ್ ವ್ಯವಸ್ಥೆನ ನಂಬ್ಕೊಳಕ್ಕಾಗಲ್ಲಪ್ಪ, ಯಾವತ್ತೂ ಸಮ್ಯಕ್ ಸರ್ಯಾಗ್ ಬರಲ್ಲ ಮತ್ತೆ ಕಾಯೋದೇ ದೊಡ್ ತಲೆನೋವ್ ಆಗೋಗತ್ತೆ.",Sadness
ನಿಮ್ ಡೆಲಿವರಿ ಹುಡ್ಗ ಮಾಡಿದ್ ತಪ್ಪ್ಗೆ ನಾನ್ ಅನ್ಭವ್ಸ್ಬೇಕೇನ್ರಿ ಇಲ್ಲಿ?!,Anger
ನಿಮ್ಗೇನ್ ಹುಚ್ಚ? ಮೊದ್ಲೇ ಸಿನ್ಮಾನ್ ನೋಡಿರೋರು ಅದ್ರ್ ಬಗ್ಗೆ ಏನ್ಹೇಳಿದಾರೆ ಅಂತ್ಲೂ ನೋಡ್ದೇ ಬ್ಲ್ಯಾಕಲ್ ಟಿಕೆಟ್ ತಗೊಂಡ್ಬಂದಿದೀರಲ!  ನೀವ್ ಹೀಗ್ ಮೋಸ ಹೋಗ್ತೀರಿ ಅನ್ಕೊಂಡಿರ್ಲಿಲ್ಲ.,Surprise
"ಎರಡ್ ಸಾವರದ್ ಎಂಟರಲ್ಲಿ, ರಿಸೆಷನ್ ಆದಾಗ ಎಲ್ಲಿ ನನ್ ಹಣಕಾಸಿನ್ ಸ್ಥಿತಿಗೆ ದೊಡ್ಡ್ ಹೊಡ್ತ ಬೀಳತ್ತೋ ಅಂತ ತುಂಬಾ ಭಯ ಆಗೋಗಿತ್ತು.",Fear
ಈ ಬಾಡ್ಗಿ ಜಾಗಾದಾಗ ಮನಿ ಒಳಗಾ ಆಫೀಸ್ ಕಟ್ಸ್ಯಾರಂತ ನೋಡಿ ನಂಗ ಅಗಾಧಾಯ್ತು.,Surprise
"ನನ್ ಮಗಾ ಬ್ಯಾಸಗಿ ಸೂಟ್ಯಾಗ ದಿನಕ್ ಎಂಟು ತಾಸ್ ತನ್ ಕೀಬೋರ್ಡ್ ಮ್ಯಾಲ್ ರಿಯಾಜ಼್ ಮಾಡ್ಯಾನ, ಧನ್ಯ ಅನಸ್ತು.",Happiness
ಜಿ.ಪಿ.ಎಸ್. ಇಲ್ದೇ ಆ ಅಮೆಜಾ಼ನ್ ಕಾಡಲ್ಲಿ ನಾನ್ ದಾರಿ ಹುಡುಕ್ಕೊಂಡ್ ಆಚೆ ಬರಕ್ಕಾಗತ್ತೋ ಇಲ್ವೋ ಅಂತ ಗಾಬ್ರಿ ಆಗ್ತಿದೆ.,Fear
ಹುಷಾರಿಲ್ದಿರೋ ನಮ್ಮಪ್ಪ ಅಮ್ಮನ್ನ ಇಷ್ಟೆಲ್ಲ ದಿನ ನಮ್ಮಣ್ಣ ನಮ್ಗ್ ಯಾರ್ಗೂ ಹೇಳ್ದಂಗೆ ತಾನೊಬ್ನೇ ನೋಡ್ಕೋತಾ ಇದ್ದ ಅಂತ ಗೊತ್ತಾಗಿ ಆಶ್ಚರ್ಯ ಆಯ್ತು ನಂಗೆ. ಎಂಥ ನಿಸ್ವಾರ್ಥಿ ಅವ್ನು...ಎಷ್ಟೊಳ್ಳೆ ಮನ್ಸು!,Surprise
"ಗ್ಯಾಂಗ್ಟಾಕಿನ್ ಗುಡ್ಡದ್ ಮ್ಯಾಲ್ ಸೂರ್ಯ ಹುಟ್ಟದ್ ನೋಡ್ಬೇಕು, ಏನ್ ಮಸ್ತ್ ಇರ್ತದಂತಿ.",Surprise
ಶ್ಶೀ.. ಮಿಸ್ಟರ್ ಬೀನ್ ಆ ಪೇಂಟಿಂಗ್ ಮುಂದೆ ಅದ್ರ ಮೇಲೆಲ್ಲ ಸಿಂಬ್ಳ ಹಾರೋ ಥರ ಜೋರಾಗಿ ಸೀನಿದ್ದೂ ಅಲ್ದೇ ಬೆವರಲ್ಲಿ ತೊಯ್ದು ತೊಪ್ಪೆ ಆಗಿದ್ದ ಅವ್ನ್ ಕರವಸ್ತ್ರದಿಂದ ಅದ್ನೆಲ್ಲ ಒರೆಸ್ದ.,Disgust
"ಆ ಕ್ಲೈಂಟ್ ಖೋಡಿ ಹೋದ್ವಾರ ನಮ್ ಆಫೀಸಿನ್ದು ಪೂರಾ ಸಫಾಯಿ ಟೀಮಿನವ್ರೆಲ್ಲಾರಿಗೂ ತಾ ತನ್ ಕಡೆ ಹೊಡ್ಕೋಬೇಕಂತ ಬ್ಯಾಟಾ ಮಾಡಿದ್ದಾ. ಪುಣ್ಯಕ್ಕ, ನಮ್ ಟೀಮ್ ಬಿಟ್ಹೋಗಿಲ್ಲ.",Anger
ಸ್ನಾರ್ಕ್ಲಿಂಗ್ ಮತ್ ಅದ್ರಹಂಗಿರ ನೀರಾಟಕ್ಕ ಸುರಕ್ಷಾ ಕ್ರಮಗೊಳ್ ಏನೇನವ? ನಂಗಂತೂ ಅವಂದ್ರ ಭಾರೀ ಹೆದ್ರಿಕಿ ನೋಡವಾ.,Fear
"ಮಾಮೂಲಿ ಆಟೋಗಳ್ಗಿಂತ, ನಂಗೆ ಶೇರಿಂಗ್ ಆಟೋಗಳೇ ಆರಾಮನ್ಸತ್ತೆ, ಇದ್ರಲ್ಲಾದ್ರೆ ಸರ್ಯಾದ್ ರೇಟ್ಗೋಸ್ಕರ ಅವ್ರ್ ಹತ್ರ ಚೌಕಾಶಿ ಮಾಡೋ ಪ್ರಮೇಯನೇ ಇರಲ್ಲ.",Happiness
"ನಾನು ಹಳೇದೊಂದ್ ಕೋಟೆಗ್ ಹೋಗಿದ್ನಾ, ಅಲ್ಲಿ ಮಧ್ಯರಾತ್ರಿ ನಾನೊಬ್ನೇ ಇರೋದ್ ಗೊತ್ತಾಗಿ ಜೀವ ಬಾಯಿಗ್ಬಂದಿತ್ತು.",Fear
ಬಚ್ಚಲ್ ಮನಿಲಿಂದ್ ಹಿಡ್ದು ಕಂಪೌಡ್ ಮತ್ತ ಅಡ್ಗಿಮನಿತನಾ ಯಲ್ಲಾ ಮತ್ತೊಮ್ಮೆ ಹೊಸಾದ್ ಮಾಡ್ಸಿ ಕಟ್ಸಬೇಕಂತ ವಿಚಾರ ಮಾಡಿದ್ರ ಹಳೀ ನೆನಪೆಲ್ಲಾ ಬಂದು ಏನೋ ಒಂಥರಾ ದುಃಖನೂ ಆಗ್ಲಿಕತ್ತದ.,Sadness
ಯಾವ್ ಹೊಲಸು ಮೂಲಗಳಿಂದ ಇಷ್ಟ್ ಸಂಪಾದ್ನೆ ಮಾಡ್ತಿರೋದ್ ನೀವು? ನಿಮ್ ಹಣಕಾಸೆಲ್ಲ ಎಲ್ಲಿಂದ ಬರ್ತಿದ್ಯೋ ಆ ಮೂಲಗಳ್ನೆಲ್ಲ ಬಾಯ್ಬಿಟ್ರೆ ಸರಿ ಈಗ್ ನಮ್ಹತ್ರ.,Disgust
ನ್ಯಾಯಾಲಯದಲ್ ಐದ್ ಕೋಟಿಗೂ ಹೆಚ್ ಪ್ರಕರಣಗಳ್  ಬಾಕಿ ಇದೆ ಅಂತ ಕೇಳ್ದ ಮೇಲೂ ನಮ್ ಕಾನೂನು ವ್ಯವಸ್ಥೆನ ಗೌರವಿಸಕ್ಕೆ  ನಂಗ್  ಕಷ್ಟ ಆಗ್ತಿದೆ.,Disgust
ಅಲ್ಲಾ ನಂಗ ಆರಾಮಾಗ್ಲಿಕ್ ಈ ಕೌನ್ಸಲಿಂಗ್ ಸಾಕಾಗ್ಲಿಲ್ಲಂದ್ರ ಮತ್ತೀನ್ನೇನರೆ ಬ್ಯಾರೆದ್ ಮಾಡ್ಬೇಕಾಗ್ತದಂತ ಚಿಂತಿ ಹತ್ಯಾದ.,Fear
"ಎಲ್ಲ ಕಡೆ ಎ.ಐ. ಬಳ್ಸೋದ್ ಶುರುವಾದ್ರೆ ಶಿಕ್ಷಕರಾಗಿ ನಮ್ಗ್ ಇನ್ಮುಂದೆ ಏನೂ ಸ್ಥಾನನೇ ಇರಲ್ವೇನೋ, ಕೆಲ್ಸನೇ ಕಳ್ಕೊತಿವೇನೋ ಅಂತ ದಿಗಿಲಾಗತ್ತೆ.",Fear
ಫಿಲಡೆಲ್ಫಿಯಾದ್ ಊರಾಗ ಶೌಚಾಲಯಕ್ಕ್ ಹೋದಾಗ ಹೊಡ್ದು ಕಳ್ಳತನಾ ಮಾಡ್ತಾರೆನೋ ಅನ್ನ ಅಂಜಿಕದ ನನಗ.,Fear
ಇನ್ನೆರಡ್ ವಾರ್ದಲ್ಲಿ ನಂಗೆ ನಿಜ್ವಾಗ್ಲೂ ಮತ್ತೆ ನಡ್ಯೋಕ್ ಸಾಧ್ಯ ಆಗುತ್ತಾ?,Surprise
"ಮೂಳೆ ಡಾಕ್ಟರ್ಗಳ್ಹತ್ರ ನಂಗೆ ತುಂಬಾ ಮೋಸ ಆಗಿದೆ, ಅವ್ರ್ ಮುಖ ಕಂಡ್ರೇ ಆಗಲ್ಲ ನಂಗೀಗ.",Anger
"ದೊಡ್ ದೊಡ್ ಹೈವೇ ಮ್ಯಾಲ ಗಾಡಿ ನಡಸ್ಬೇಕಂದ್ರ ನಂಗ ಯದಿ ಡಬ್ ಅಂತದ, ನಾ ಇನ್ನಾ ಕಲಿಬೇಕಂತ ಅನಸ್ತದ.",Fear
"ನಮ್ ಸಂಸ್ಥೆಲಿ ಎಲ್ಲ ವಿಭಾಗಗಳಿಂದ್ಲೂ ನಾನ್ ಮಾಡಿದ್ ಕೆಲ್ಸಕ್ಕೆ ನನ್ ಜೊತೆ ಕೆಲ್ಸ ಮಾಡೋರು ಮತ್ತೆ ಲೀಡರ್ಷಿಪ್ ಕಡೆಯಿಂದ್ಲೂ ಇಷ್ಟೆಲ್ಲ ಮೆಚ್ಗೆ, ಮನ್ನಣೆ ಸಿಕ್ಕಿದ್ರಿಂದ ನನ್ ಉತ್ಸಾಹ ಇಮ್ಮಡ್ಸಿದೆ.",Happiness
"ಸಮಯಪ್ರಜ್ಞೆ ಮತ್ತು ಸರ್ಯಾದ್  ವೇಳಾಪಟ್ಟಿ ಇರ್ಬೇಕು  ಅಂತ ನಾನು ಸ್ಪಷ್ಟವಾಗ್  ಮೊದ್ಲೇ ಹೇಳಿದ್ದೆ, ಆದ್ರೂ  ರೂಮ್ಗಳ್  ಕ್ಲೀನ್ ಇರಬೇಕಾದಾಗ್ಲೂ ಕ್ಲೀನ್  ಇಲ್ಲ ಅಂತ ತುಂಬಾ ಬೇಜಾರಾಯ್ತು. !",Anger
ಈ ಕೇಕಲ್ಲೇನಾದ್ರೂ ನಾನ್ ಹೇಳಿದ್ ಚಾಕ್ಲೇಟ್ ಫ್ಲೇವರ್ ಸರ್ಯಾಗಿಲ್ಲ ಅಂತಾದ್ರೆ ನಿಮ್ಗೊಂದ್ ಗತಿ ಕಾಣಿಸ್ದೇ ಬಿಡಲ್ಲ ನಾನು!,Anger
ಬರೀ ಈ ಪೌಳಿ ಸುತ್ತ ಅಡ್ಯಾಡ್ಸಿ ಆ ಗೈಡ್ ನಂಗ ಇಷ್ಟ್ ಜಾಸ್ತಿ ರೊಕ್ಕಾ ಕೇಳ್ಯಾನಂತ ನಂಗ್ ಪಿತ್ತ್ ನೆತ್ತಿಗೇರ್ತು.,Anger
"ಈ ಇವೆಂಟ್ ಮ್ಯಾನೇಜ್ಮೆಂಟ್ ಕಂಪ್ನಿಯವ್ರದ್ ರದ್ದ್ ಮಾಡದು ಮತ್ ರೊಕ್ಕಾ ವಾಪಾಸ್ ಕೊಡ ಪಾಲಿಸಿ ತಿಳ್ಕೊಂಡ್ ನಂಗ ಭಾಳ ಛೊಲೋ ಅನಸ್ಯಾದ, ಹೊತ್ತುವ್ಯಾಳಿ ಕಾರ್ಯಕ್ರಮ ಮಾಡ್ಲಿಕ್ ಆಗಿಲ್ಲಂದ್ರ ನುಕ್ಸಾನ್ ಆಗಲ್ಲನ್ನ ಧೈರ್ಯ್ ಬಂದದ.",Happiness
"ಒಮ್ಮಿಂದೊಮ್ಮಿಲೇ ನನ್ ಕಂಪ್ನಿವು ಷೇರ್ ಬಿದ್ಬಿಟ್ವು, ನಂಗ್ ಅದ್ನೋಡಿ ಮಂಕ್ ಬಡಕೊಂಡದ.",Sadness
ಓಹ್! ಈ ಬಸ್ ದೆಹಲಿಗೂ ಹೋಗ್ತದಾ? ಅದು ಇಲ್ಲಿಂದ ಐನೂರ್ ಕಿಲೋಮೀಟರ್ ದೂರ ಆಗ್ತದಲ್ವಾ?,Surprise
ದುಡ್ಡ್ ತೆಕ್ಕೊಡಕ್ಕೆ ಅಂತ ನನ್ ಜೇಬಿಗ್ ಕೈ ಹಾಕುದ್ರೆ ಅಲ್ಲ್ ನನ್ ವ್ಯಾಲೆಟ್ಟೇ ಇರ್ಲಿಲ್ಲ! ಏನಪ್ಪ ಮಾಡೋದೂಂತ ಗಾಬ್ರಿಲಿ ಮೈಯೆಲ್ಲ ಬೆವ್ತ್ಹೋಯ್ತು.,Fear
ನೀ ಅನ್ನವ್ರಿಲ್ಲಾ ಅಂಥಾ ಕಾಡಿನ್ಯಾಗ ಯಾರೋ ನನ್ ಹೆಗಲ್ ಮ್ಯಾಲ್ ಕೈ ಹಾಕ್ಬಿಟ್ರು ನನ್ ಯದಿ ಛಲ್ಲಂತು.,Surprise
"ಆರೋಗ್ಯ ಕೇಂದ್ರದಲ್ ಕೊಟ್ಟಿರೋ ಔಷ್ಧಿಗೆ ಅವಧಿ ಆಗೋಗ್ಬಿಟಿದೆ ಅನ್ಸ್ತಿದೆ, ಎಷ್ಟ್ ಅಪಾಯ್ಕಾರಿ ಇದು!",Fear
ಶಿಕ್ಷಣದ್ ಮಹತ್ತ್ವ ಅಥ್ವಾ ತಮ್ ಅಪ್ಪ ಅಮ್ಮ ತಮ್ಗೋಸ್ಕರ ಎಷ್ಟೆಲ್ಲ ಖರ್ಚ್ ಮಾಡ್ತಾರಲ ಅದ್ ಎಷ್ಟ್ ಅಮೂಲ್ಯವಾದ್ದು ಅನ್ನೋದ್ನೇ ಅರ್ಥ ಮಾಡ್ಕೊಳ್ದಿರೋ ಈಗಿನ್ ಕಾಲದ್ ಹುಡ್ಗುರ್ ಹತ್ರ ಮಾತಾಡ್ಬೇಕಾಗೋದೇ ಒಂದ್ ಶಾಪ ಅಂತಾಗೋಗಿದೆ ನಂಗೆ.,Disgust
ನಾಯಿಗಳ್ನ ನೋಡ್ಕೊಳಕ್ಕೇಂತ ನಮ್ಮೂರಲ್ಲಿರೋ ಪ್ರಾಣಿಕೇಂದ್ರದಲ್ಲಿ ಒಂದ್ ತುಂಟ್ ನಾಯಿಮರಿ ಜೊತೆ ಆಟಾಡ್ತ ಭಾಳ ಒಳ್ಳೆ ಸಮಯ ಕಳೆದ್ವಿ ನಾವೆಲ್ಲ.,Happiness
ನನ್ ಮಗಾ ತನ್ ಓದಿನ್ ಸಲ್ವಾಗಿ ಎಷ್ಟ್ ಸಾಲಾ ಮಾಡ್ಯಾನಂತ ನೋಡಿದ್ರ ನಂಗ್ ಭಾಳ ಸೋತ್ಹೋದಂಗ್ ಅನ್ಸಿಬಿಡ್ತದ.,Sadness
ಡ್ರೈವರ್ ಇವತ್ತು ತುಂಬಾ ರ್ಯಾಷ್ ಆಗಿ ಡ್ರೈವ್ ಮಾಡ್ತಾ ಇದಾನೆ. ಈ ಬಸ್ನ ಆಂಬ್ಯುಲೆನ್ಸ್ ಅಂತ ಅನ್ಕೊಂಡಿದಾನಾ ಹೇಗೆ?,Anger
"ಕೊನೆಗೂ, ನನ್ನಿಷ್ಟದ್ ಹೀರೋ ಮಾಡಿರೋ ಸಿನ್ಮಾ ಎರಡ್ ವರ್ಷಗಳಾದ್ಮೇಲೆ ಬಿಡುಗಡೆ ಆಗ್ತಾ ಇದೆ, ಈ ಬಿಡುಗಡೆ ಒಳ್ಳೆ ಹಬ್ಬದ್ ಥರ ಅನ್ಸ್ತಿದೆ.",Happiness
"ಒಂದ್ ಭಾನ್ವಾರ ನಾನ್ ಮೆಸ್ಸಲ್ಲಿ ಬಿರಿಯಾನಿ ತಿಂತಾ ಇದ್ದಾಗ ಹುಳ ಸಿಕ್ಬಿಡ್ತು ಅದ್ರಲ್ಲಿ, ತಕ್ಷಣ ಬಾಯಲ್ಲಿದ್ ತುತ್ತನ್ನ ಅಲ್ಲೇ ಉಗುಳ್ಬಿಟ್ಟೆ. ನಾನ್ ಇನ್ಯಾವತ್ತೂ ಆ ಮೆಸ್ಸಲ್ಲಿ ಬಾಸ್ಮತಿ ಅನ್ನನ ಬಾಯ್ಗಿಡಲ್ಲ.",Disgust
"ಪಲಾವ್ನ ಇಷ್ಟ್ ಅಂದವಾಗಿ, ಅಚ್ಕಟ್ಟಾಗಿ ತಟ್ಟೆಲ್ ಬಡ್ಸಿಟ್ಟಿರೋದ್ ನೋಡ್ತಿದ್ರೆ ಈಗಿಂದೀಗ್ಲೇ ತಿನ್ಬೇಕು ಅನ್ಸ್ತಿದೆ.",Happiness
ಇವತ್ತು ನಾವಿಬ್ರೂ ಒಟ್ಗೆ ಸಿನ್ಮಾ ನೋಡೋದನ್ನ ಕಾಯ್ತಾ ಇದೀನಿ ನಾನು.,Happiness
"ಅವ್ರು ಅಷ್ಟ್ ಉದಾರವಾಗ್ ದೇಣಿಗೆ ಕೊಟ್ಟಿದ್ರಿಂದ, ನಾವು ತೆರಿಗೆ ಕಟ್ಬೇಕಿದ್ ಹಣ ಎಲ್ಲ ಉಳ್ಸೋಕಾಯ್ತು, ಜೊತೆಗೆ ಸಕಾರಾತ್ಮಕ ಪರಿಣಾಮನೂ ಬೀರೋಕಾಯ್ತು.",Happiness
ನಮ್  ವಾರ್ಷಿಕೋತ್ಸವಕ್  ನಾನ್  ನನ್ ಹೆಂಡತಿನ ಅಡಯಾರ್ನಲ್ಲಿರೋ  ಹೊಸ ರೆಸ್ಟೋರೆಂಟ್ಲಿ  ಕರ್ಕೊಂಡ್ ಹೋಗಿದ್ದೆ ಸರ್ವಿಸ್  ಕೆಟ್ದಾಗಿತ್ ಮತ್  ನಂಗಂತೂ ತುಂಬಾನೇ ಬೇಜಾರಾಯ್ತು.,Sadness
"ಅಷ್ಟ್  ಟ್ರಾಫಿಕ್  ಇದ್ರೂನು, ನಾವ್  ತಲ್ಪುಬೇಕಾದ್  ಸಮ್ಯಕ್ಕೆ ಸರ್ಯಾಗ್  ನಮ್ ಗಮ್ಯಸ್ಥಾನನ್  ತಲ್ಪಿರೋದಕ್ಕೆ  ನಂಗ್  ಆಶ್ಚರ್ಯ ಆಯ್ತು !",Surprise
"ಆ ಹಾಲಿವುಡ್ ಸಿನ್ಮಾ ""ಒಪೆನ್ಹೈಮರ್""ದಾಗಿರೋ  ಒಂದ್ ಸೀನ್ನ್ಯಾಗ ಭಗವದ್ಗೀತಾ ತೋರ್ಸ್ಯಾರ.. ಅದೆಷ್ಟ್ ಅತಿರೇಕದ್ದದ ಅಂದ್ರ ಕೆಟ್ಟ ಸಿಟ್ ಬರ್ತದ ನೋಡಿದ್ರ.",Anger
ಶುಭೋದಯ ಸರ್! ನೀವು ಉಳಿತಾಯ ಖಾತೆ ತೆರೆಯೋಕ್ಕಿಷ್ಟಪಡ್ತೀರಾ?,Happiness
ಈ ಕೇಕ್ಗೆ ನಿಜ್ವಾಗ್ಲೂ ಎಷ್ಟ್ ದುಡ್ಡಾಗತ್ತೋ ಅದ್ಕಿಂತ ಒಂದ್ ಪೈಸೆನೂ ಜಾಸ್ತಿ ಕೊಡಲ್ಲ ನಾನು! ನೆನ್ಪಿರ್ಲಿ ಅದು!,Anger
"ದುರದೃಷ್ಟಕ್ಕೆ ನಂಗ್ ತುಂಬಾನೇ ಸಮಸ್ಯೆಗಳಾಗಿವೆ ಇಲ್ಲಿ, ನಿಮ್ ಬ್ಯಾಂಕಿನ್ ಜೊತೆ ವ್ಯವಹಾರನೇ ಸಾಕು ಅನ್ಸೋ ಹಂತ ತಲ್ಪ್ಬಿಟ್ಟಿದೀನಿ ನಾನು.",Disgust
ಈ ವರ್ಷ ನನ್ ನೆಟ್ಫ್ಲಿಕ್ಸ್ ಸಬ್ಸ್ಕ್ರಿಪ್ಷನ್ ಮೇಲೆ ಭಾರೀ ರಿಯಾಯ್ತಿ ಸಿಕ್ತು ನಂಗೆ. ಏನೂ ಯೋಚ್ನೆ ಇಲ್ದೇ ನಂಗೆಷ್ಟ್ ಬೇಕೋ ಅಷ್ಟ್ ಸಿನ್ಮಾ ನೋಡ್ಬಹುದು ನಾನೀಗ.,Happiness
"ಭೂಮಿ ತಾಯಿ ನಮ್ಗೆಷ್ಟೆಲ್ಲ ಕೊಟ್ಟಿದ್ರೂ ನಾವ್ ದುರಾಸೆಯಿಂದ ನೈಸರ್ಗಿಕ ಸಂಪನ್ಮೂಲಗಳ್ನೆಲ್ಲ ಲೂಟಿ ಮಾಡ್ತಾ, ಪರಿಸರನೆಲ್ಲ ಹಾಳ್ಮಾಡ್ತಿರೋದ್ ನೆನೆಸ್ಕೊಂಡ್ರೆ ನಂಗ್ ಕಣ್ಣಲ್ ನೀರ್ ಬರತ್ತೆ.",Sadness
ನಾನು ಸಾಕಷ್ಟ್ ಎಚ್ಚರ್ಕೆಯಿಂದ ಇರ್ದಿದ್ರೆ ಪೇಂಟಿಂಗ್ನ ಹಾಳ್ ಮಾಡ್ಬಿಡ್ತಿನೇನೋ ಅಂತ ಭಯ ನಂಗೆ.,Fear
"ಥೂ ಚೆನ್ನೈನ್ಯಾಗ ಕಾಲೇಜಿನ್ ಬಸ್ ಡ್ರೈವರ್ಗೊಳು ಹೆಂಗಂದ್ರ್ಹಂಗಾ ಗಾಡಿ ಓಡಸ್ತಾರ, ರೋಡಿನ್ ಮ್ಯಾಲ ಬ್ಯಾರೆ ಗಾಡಿ ಬರೇಬಾರ್ದು, ನಂ ಜೀವದ್ ಬಗ್ಗೆ ಒಂಚೂರೂ ಕಾಳ್ಜಿನೇ ಇಲ್ಲಲಾ.",Disgust
"ಹಣಕಾಸು ವಿಭಾಗ್ದಲ್ಲಿ ಯಾಕೋ ಎಲ್ರೂ ಸೋಮಾರಿಗಳೇ ಇದಾರನ್ಸುತ್ತೆ. ನಿಮ್ಗೆ ಅಕ್ಸೆಸ್ ಕೊಡಿ ಅಂತ ನಾನವ್ರಿಗ್ ಮೂರ್ಸಲ ಹೇಳಾಯ್ತು, ಇನ್ನೂ ಆ ಕೆಲ್ಸ ಮಾಡಿಲ್ಲ ಅವ್ರು.",Disgust
ನಾನ್ ಡ್ರಾಕುಲಾ ಸಿನ್ಮಾ ನೋಡುದ್ಮೇಲೆ ರಾತ್ರಿ ಹೊತ್ತು ಯಾವ್ ನೆರ್ಳು ನೋಡುದ್ರೂ ಅದ್ರಲ್ಲಿ ಅವ್ನೇ ಕಾಣಿಸ್ತಾನೆ.,Fear
ನನ್ ದಿನಸಿ ವಸ್ತುಗಳ್ನೆಲ್ಲ ಈ ಸ್ಮಾರ್ಟ್ ರೆಫ್ರಿಜರೇಟರ್ ಟ್ರ್ಯಾಕ್ ಮಾಡುತ್ತೆ ಅಂತ ನಾನ್ ಕನ್ಸಲ್ಲೂ ಅನ್ಕೊಂಡಿರ್ಲಿಲ್ಲ.,Surprise
ಆಗಸ್ಟ್  ಹದಿನೈದರಂದ್  ಚೆನ್ನೈನಿಂದ್  ದೆಹಲಿಗೆ ಹೋಗೋ  ಯಾವ್ದೇ ರೈಲಲ್ಲಿ  ಟಿಕೆಟ್ಗಳು ಸಿಗದ್  ಕಾರಣ ನಂಗ್  ತುಂಬಾ ಬೇಜಾರ್ ಆಯ್ತ್.,Sadness
"ಅವ್ಳನ್ನ ಗೇಲಿ ಮಾಡ್ಬೇಡ್ವೋ. ಅವ್ಳು ನಮ್ ತರಗತಿ ಶಿಕ್ಷಕ್ರಿಗೆ ದೂರ್ ಕೊಡ್ತಾಳೆ, ಆಮೇಲೆ ನಮ್ಮನ್ನ ಪ್ರಿನ್ಸಿಪಾಲ್ ಹತ್ರ ಕಳಿಸ್ತಾರಷ್ಟೇ.",Fear
ಒಂದೇ ಸೌಲಭ್ಯಕ್ಕೆ ನಂಗ್ ಎರಡೆರಡ್ ಸಲ ದುಡ್ಡ್ ಕಟ್ಟಕ್ ಹೇಳುದ್ರೂಂತ ಆ ಹೋಟೆಲ್ ಮ್ಯಾನೇಜ್ಮೆಂಟ್ನೋರ್ ಜೊತೆ ಸರ್ಯಾಗ್ ಜಗ್ಳಾಡ್ದೆ ನಾನು.,Anger
ಕಂಪನಿದಾಗ ಹಗಲೆಮುಗಲೆ ಬಜೆಟ್ ಕಟ್ ಮಾಡ್ಲಿಕತ್ತಾರ ಹಿಂಗಾಗಿ ಯಾರಿಗ್ನೂ ಕೆಲ್ಸದಾಗ ಮನ್ಸೇ ಉಳದಿಲ್ಲಾ.,Sadness
ನನ್ ಎರ್ಡೂ ನಾಯಿಗಳು ಆರಾಮಾಗ್  ಓಡಾಡ್ಕೊಂಡ್ ಇರೋಕ್ಕಾಗೋ ಥರ ತೋಟದೊಳಗೆ ಬೆಚ್ಚಗಿರೋ ಒಂದ್ಮನೆ ಬಾಡ್ಗೆಗ್ ಸಿಕ್ಕಿದೆ.,Happiness
ನೀನ್ ಮೊಬೈಲ್ಗೆ ಈ ಪಾಟಿ ಅಂಟ್ಕೊಂಡಿರೋದ್ ನೋಡುದ್ರೇ ನಂಗ್ ಭಯ ಆಗತ್ತೆ. ನೀನ್ ಬಳಸ್ತಿರೋ ಅರ್ಧದಷ್ಟ್ ಸಮಯ ಅದ್ನ ಬಳಸಿದ್ರೂ ಮನ್ಸಿನ್ ಸಾಮರ್ಥ್ಯ ಎಷ್ಟೆಲ್ಲ ಹಾಳಾಗತ್ತೆ ಅಂತ ಎಷ್ಟೋ ಅಧ್ಯಯನಗಳಲ್ಲಿ ತೋರ್ಸ್ಕೊಟ್ಟಿದಾರೆ. ಮುಂದೆ ಏನ್ ಕಾದಿದ್ಯೋ ಏನೋ!,Fear
ನಾನ್ ಕೊನೆಗೂ ಮನೆಗ್ ವಾಪಸ್ ಹೋಗ್ಬೋದು. ಈ ಸಲ ದೀಪಾವಳಿಗೆ ಲಾಂಗ್ ವೀಕೆಂಡ್ ಬರ್ತಾ ಇದೆ.,Happiness
"ನೀವೇನಾದ್ರೂ ಸ್ಟೋರ್ ಮ್ಯಾನೇಜರ್ಗೆ ದೂರ್ ಕೊಟ್ರೆ, ಗ್ರಾಹಕ್ರಾಗಿ ನಿಮ್ಗೆ ನಮ್ ಅಂಗ್ಡಿಲ್ ತೊಂದ್ರೆ ಆಗಿದೆ ಅಂತ ನಾನ್ ಕೆಲ್ಸ ಕಳ್ಕೊಬೇಕಾಗತ್ತೆ, ದಯ್ವಿಟ್ಟು ಹಾಗ್ಮಾಡ್ಬೇಡಿ, ಸರ್.",Fear
ಈ ಸಂಗೀತ್ಗಾರ ಎಷ್ಟ್ ಪ್ರತಿಭಾವಂತ ಅಂತ  ನಂಗ್ ಭಾಳ ಆಶ್ಚರ್ಯ ಆಯ್ತು. ಅವ್ರ್ ಪ್ರಸ್ತುತಿ ತುಂಬಾನೇ ಸೊಗ್ಸಾಗಿತ್ತು.,Surprise
ನಾನಿಲ್ಲ್ ಕೂತ್ಕೊಂಡು ಕಾಫಿ ಕುಡೀತಾ ವಿಮಾನಗಳು ಟೇಕಾಫ್ ಆಗೋದ್ನ ನೋಡ್ತಾ ಇರುವಾಗ ನಂಗ್ ತುಂಬಾ ಖುಷಿ ಆಗತ್ತೆ.,Happiness
ನಮ್ಮಲ್ಲಿರೋ ಒಳ್ಳೆ ತಂತ್ರಜ್ಞರ್ ಬಗ್ಗೆ ನಮ್ ಪ್ರತಿಸ್ಪರ್ಧಿಗೆ ಎಲ್ಲ ವಿಷ್ಯನೂ ಹೇಳ್ತಾ ಇದ್ದಾಂತ ಗೊತ್ತಾಗಿ ನಮ್ಮಲ್ಲಿ ಕೆಲ್ಸಕ್ಕಿದ್ದೋನೊಬ್ಬನ್ನ ನಿಂತ್ನಿಲುವಲ್ಲೇ ಕೆಲ್ಸದಿಂದ ತೆಗ್ದ್ಹಾಕ್ಬಿಟ್ಟೆ.,Anger
"ಸ್ವಲ್ಪ ತಡೀರಿ, ನಾನ್ ಒದಗಿಸಿದ್ ಸೇವೆಗಳ್ಗೆ ನಂಗೆ ನ್ಯಾಯವಾದ್ ಬೆಲೆ ಸಿಗ್ತಿದ್ಯಾ ಅಂತ  ಖಾತ್ರಿ ಮಾಡ್ಕೊಳಕ್ ನೋಡ್ತಿದೀನಷ್ಟೇ ನಾನು.",Disgust
"ವಾಹ್, ನಮ್ ಈವೆಂಟ್ ಮ್ಯಾನೇಜರ್ ಕಾರ್ಯಕ್ರಮದಾಗ ಸೇಫ್ಟಿಗಿ ಭಾಳ ಕಾಳ್ಜಿ ತೊಗೊಂಡಾರಂತ ನಂಗ ಗೊತ್ತೇ ಆಗ್ಲಿಲ್ಲಾ! ಅಂತೂ ನಮ್ ಅತಿಥಿಗಳಿಗಿ ಛೋಲೋ ನೋಡ್ಕೊತಾರಂತ ಗೊತ್ತಾಗಿ ಆನಂದಾಯ್ತು.",Surprise
ಬೀಚಲ್ಲ್ ಆಟ ಆಡ್ತಿದ್ದಾಗ ಅಲೆಗಳು ನೀರಿನ್ ದೊಡ್ಡ್ ಗೋಡೆ ಹಾಗ್ ಎದ್ದು ನಮ್ಮೇಲ್ ಬೀಳೋಕ್ ಬರ್ತಿದ್ದಿದ್ ನೋಡಿ ಗಾಬ್ರಿಗೆ ನಂಗ್ ಹೆಜ್ಜೆ ಕಿತ್ತಿಡಕ್ಕೂ ಆಗ್ದ್ ಹಾಗೆ ಎರಡ್ನಿಮ್ಷ ಕೈಕಾಲೆಲ್ಲ ಮರಗಟ್ಹೋಗಿತ್ತು.,Fear
ನಯಾಪೈಸೆ ಒಗ್ಗಟ್ಟಿಲ್ದಿರೋ ಈ ಟೀಮ್ ಕಟ್ಕೊಂಡು ಮುಂದೆ ಬರೋ ಗ್ರೂಪ್ ಪ್ರಾಜೆಕ್ಟ್ ಮಾಡ್ಬೇಕಿರೋದ್ ನೆನ್ಸ್ಕೊಂಡ್ರೇ ನಂಗ್ ಎದೆ ಹೊಡ್ಕೊತಿದೆ.,Fear
ಸರ್ಕಸ್ಸಲ್ಲಿ ಆ ದೊಂಬರಾಟದೋನ್ ಮಾಡಿದ್ ಸಾಹಸ ಅದ್ಭುತ್ವಾಗಿತ್ತು!,Surprise
ನಾವ್ ಅಷ್ಟ್ ಕಷ್ಟಪಟ್ಟ್ ಬಿತ್ತಿರೋ ಬೆಳೆಯೆಲ್ಲ ಆ ಭಯಂಕರ ಬಿರುಗಾಳಿಗಳಿಂದ ಎಲ್ಲ್ ಹಾಳಾಗ್ಬಿಡತ್ವೋ ಅಂತ ಹಗಲೂರಾತ್ರಿ ಅದೇ ಚಿಂತೆ ಕಾಡ್ತಿದೆ. ಹೋದ್ಸಲ ನಾವ್ ಎಲ್ಲನೂ  ಕಳ್ಕೊಂಡಿದ್ದ್ ನಿಮ್ಗ್ ನೆನ್ಪಿದೆ ತಾನೇ?,Fear
ಹೇ! ಬೆಂಗ್ಳೂರಿಂದ ಚೆನ್ನೈಗ್ ಹೋಗಕ್ಕೆ ಬಸ್ ಟಿಕೆಟ್ ಕಾಯ್ದಿರ್ಸೋಕೆ ಇಪ್ಪತ್ತ್ ಪ್ರತಿಶತದಷ್ಟು ಆಫರ್ ಸಿಕ್ಕಿದೆ ನಂಗೆ!,Happiness
"ಸರ್ಕಾರ್ದೋರು ಪಾಲಿಸಿ ನಿರ್ಧಾರಗಳ್ನ ಸರ್ಯಾಗ್ ತಗೊಳ್ದೇ ಎಡವಟ್ಟ್ ಮಾಡಿದ್ರಿಂದ್ಲೇ ಈ ಆರ್ಥಿಕ ಕುಸಿತ ಆಗಿರೋದು, ಎಲ್ಲಕ್ಕೂ ಅವ್ರೇ ಕಾರಣ.",Anger
ಕೊಡಾಕ್ ಕಂಪ್ನಿ ದಿವಾಳಿ ಎದ್ದ್ಹೋದ್ಮೇಲೆ ಅವ್ರ ಕೊನೇ ಅಂಗ್ಡಿ ಬಾಗ್ಲು ಮುಚ್ಚೋದ್ ನೋಡಿ ನಂಗ್ ತುಂಬಾನೇ ಬೇಜಾರಾಯ್ತು.,Sadness
ಹೈದರಾಬಾದ್ ಸ್ವಾಂಕ್ ಹೋಟೆಲಲ್ಲಿ ಜಿಮ್ ಬಳ್ಸಿದ್ದೆ ಅಂತ ನಂಗ್ ಜಾಸ್ತಿ ಚಾರ್ಜ್ ಮಾಡಿದ್ರು. ಎಲ್ರನ್ನೂ ತರಾಟೆಗ್ ತಗೊಂಡು ಆಕಾಶ ಭೂಮಿ ಒಂದ್ ಮಾಡ್ಬಿಟ್ಟೆ ನಾನು! ಏನ್ ಅವ್ರಾಡಿದ್ದೇ ಆಟ ಅನ್ಕೊಂಡ್ಬಿಟಿದಾರೆ ಎಲ್ಲ!,Anger
ಆ ಕ್ಲೈಂಟ್ ಕಡೆಯೋರು ಎಲ್ಲಾ ಮಾಹಿತಿ ಕೊಡ್ದೆ ಟೆಕ್ನಿಕಲ್ ವೈಟ್ ಪೇಪರ್ನ ನಾನ್ ಬರ್ದ್ ಮುಗಿಸ್ಬೇಕೂಂತ ನಿರೀಕ್ಷಿಸ್ತಾರೆ ಅಂತ ನಾನ್ ಅನ್ಕೊಂಡಿರ್ಲಿಲ್ಲ.,Surprise
ಏನೂ ಕಾರಣನೇ ಇಲ್ದೇ ನನ್ನನ್ನ ಕೆಲ್ಸದಿಂದ ತೆಗ್ದ್ಹಾಕಕ್ ನೋಡುದ್ರೆ ಮ್ಯಾನೇಜ್ಮೆಂಟ್ನೋರ್ಗೆ ಸರ್ಯಾಗ್ ಪಾಠ ಕಲಿಸ್ದೇ ಬಿಡಲ್ಲ ನಾನು.,Anger
ಇಶ್ಶೀ.. ಈ ಬ್ಯಾಂಕ್ ಮ್ಯಾನೇಜರ್ ಕಿವಿ ಗುಗ್ಗೆ ತೆಗ್ಯೋಕೆ ಕಿವಿಲಿ ಬೆರ್ಳ್ ತೂರುಸ್ಕೊಂಡ್ ಕೂತಿದಾಳೆ.,Disgust
"ಹಲೋ ಸರ್! ನಾನಿಲ್ಲಿ ಹತ್ತ್ ನಿಮಿಷ್ದಿಂದ  ಕಾಯ್ತಾ ನಿಂತ್ಕೊಂಡು ಅಮೃತ್ಸರದ್ ಕಡೆ ಹೋಗೋ ರೈಲ್ ಬಗ್ಗೆ ಕೇಳ್ತಾ ಇದೀನಿ, ಆದ್ರೆ  ನೀವ್ ನಂಗೆ ಉತ್ರನೇ ಕೊಡ್ದೇ ಆಗ್ಲಿಂದ ಯಾರ್ಯಾರ್ಹತ್ರನೋ ಮಾತಾಡ್ತಾ ಇದೀರಲ!",Anger
ವಾಹ್! ಈ ಜಾಗ ಇಷ್ಟ್ ಸುಂದರ್ವಾಗ್ ಇರತ್ತೆ ಅಂತ ನಾನ್ ಖಂಡಿತ ಅನ್ಕೊಂಡಿರ್ಲಿಲ್ಲ. ವೆಬ್ಸೈಟಲ್ಲಿರೋ ಫೋಟೋಗಳಿಗ್ ಹೋಲ್ಸಿದ್ರೆ  ಇದು ತುಂಬಾ ಬೇರೆ ಥರಾನೇ ಇದೆ.,Surprise
ನಂಗೆ ಈ ಪ್ಲಾಟ್ಫಾರ್ಮ್ ಇಷ್ಟ ಇಲ್ಲ. ವೀಡಿಯೊಗಳ್ನ ಮಾಡೋ ಕ್ರಿಯೇಟರ್ಸ್ಗೆ ಅವ್ರು ತುಂಬಾನೇ ಕಡ್ಮೆ ದುಡ್ಡ್ ಕೊಡ್ತಾರೆ.,Disgust
"ಛೇ! ನಾನ್ ವೆಬ್ಸೈಟಲ್ಲಿ ಈ ಪುಸ್ತಕನ ಪ್ರೀ ಆರ್ಡರ್ ಮಾಡಕ್ ಪ್ರಯತ್ನ ಪಟ್ಟಾಗ್ಲೆಲ್ಲ, ನಂಗೆ ಔಟ್ ಆಫ್ ಸ್ಟಾಕ್ ಅಂತ ಸಂದೇಶ ಬರ್ತಾ ಇದೆ.",Sadness
"ಅವ್ಳಿಗೆ ಉಡುಗೊರೆ ಕೊಡೋಕ್ಕೇಂತ ಐನೂರ್ ರೂಪಾಯಿ ತೆಕ್ಕೊಳಣ ಅನ್ಕೊಂಡಿದ್ದೆ ನಾನು, ಆದ್ರೆ ಎಟಿಮ್ ಅಲ್ಲಿ ದುಡ್ಡ್ ಖಾಲಿ ಆಗೋಗಿದೆ.",Sadness
"ಬ್ಯಾಂಕ್ ಮುಚ್ಚೋಗಿದೆ, ಸಿ.ಇ.ಒ. ಒಂದ್ರಾಶಿ ದುಡ್ಡೆತ್ಕೊಂಡ್ ಪರಾರಿ ಆಗ್ಬಿಟಿದಾನಂತೆ, ಈಗ್ ನನ್ ಹಣದ್ ಕಥೆ ಏನು ಹಾಗಾದ್ರೆ? ಯಾವತ್ತಾದ್ರೂ ಅದ್ ನಂಗ್ ವಾಪಸ್ ಸಿಗತ್ತೋ ಇಲ್ವೋ?!",Fear
"ಮಾಡ್ಯುಲರ್ ಅಡ್ಗೆಮನೆನ ತಯಾರ್ ಮಾಡೋ ಪ್ರಕ್ರಿಯೆ ನೋಡ್ತಿದ್ರೆ ಹೆದ್ರಿಕೆ ಆಗ್ತಿದೆ ನಂಗೆ, ಇದೆಲ್ಲ ಸೇಫಾಗಿರತ್ತೆ ತಾನೇ?",Fear
ನಂಗೆ ಸ್ಪೋರ್ಟ್ಸ್ ಆಡಕ್ ಸಿಕ್ಕಾಪಟ್ಟೆ ಇಷ್ಟ. ಅದ್ಕೆ ಆಟ ಆಡೋದು ಕಡ್ಡಾಯ ಅಂತಿದ್ದಿದ್ ಶಾಲೆಗೇ ನನ್ನ ಸೇರ್ಸಿದ್ರು ನಮ್ಮಪ್ಪ ಅಮ್ಮ. ಯಾವ್ ಸ್ಪೋರ್ಟ್ಸ್ ಬೇಕಿದ್ರೂ ಆಡ್ಬುಹುದು ನಾನಿಲ್ಲಿ.,Happiness
ನನ್ ಮೊಬೈಲ್ ಫೋನ್ ಜೊತೆ ಆಟ ಆಡ್ಬೇಡ ನೀನು. ನಾನ್ ನನ್ ಫೋನ್ನ ಬ್ಯಾಂಕಿಂಗ್ಗೆಲ್ಲ ಬಳಸ್ತೀನಿ. ಏನಾದ್ರೂ ಹೆಚ್ಚೂಕಮ್ಮಿ ಆದ್ರೆ ಏನ್ಕಥೆ!,Anger
"ಕ್ಯಾಮೆರಾ ಇನ್ಸ್ಟಾಲ್ ಮಾಡೋದ್ಬೇಡ ಅಂತ ತೀರ್ಮಾನ ಮಾಡ್ಬಿಡೋ ಮೊದ್ಲು ಈ ಥರ ಏನಾದ್ರೂ ಕಳ್ತನ ಆದ್ರೆ ನಿಮ್ಮನೆಯೋರ್ ಗತಿ ಏನು, ಅವ್ರೆಲ್ಲ ಎಷ್ಟ್ ತೊಂದ್ರೆ ಅನುಭವಿಸ್ಬೇಕಾಗತ್ತೆ ಅಂತೆಲ್ಲ ಒಂದ್ಸಲನಾದ್ರೂ ಯೋಚ್ನೆ ಮಾಡ್ಬೇಕಲ್ವೇನ್ರಿ ನೀವು, ಅಷ್ಟೂ ಜವಾಬ್ದಾರಿ ಇಲ್ಲಾಂದ್ರೆ ಹೇಗೆ?!",Anger
"ನಾನಿರೋ ಕಡೆ ನಂಗ್ ಪರಿಚಯ ಇರೋರು ತುಂಬಾ ಜನ ಇದಾರೆ ಆದ್ರೆ ಸ್ನೇಹಿತ್ರು ಅಂತ ಒಬ್ರೂ ಇಲ್ಲ, ನಂಗದೇ ತುಂಬಾ ಬೇಜಾರು.",Sadness
ಆ ಮ್ಯೂಸಿಕ್ ಟೀಮ್ನೋರು ಹಾಡಿದ್ನೇ ಹಾಡು ಕಿಸ್ಬಾಯ್ ದಾಸ ಅನ್ನಂಗ್ ಹಾಡಿದ್ರೂ ಜನ ಯಾಕ್ ಅವ್ರನ್ ಅಷ್ಟಿಷ್ಟ ಪಡ್ತಾರೆ ಅನ್ನೋದೆ ನಂಗ್ ತಿಳಿವಲ್ದು.,Disgust
ಆ ಆಸ್ಪತ್ರೆಯೋರು ನನ್ ರೀಇಂಬರ್ಸ್ಮೆಂಟ್ ದಾಖಲೆಗಳ್ನ ಅಸ್ತವ್ಯಸ್ತ ಮಾಡಿದ್ರಿಂದ ನಾನ್ ವಿಮೆ ಕ್ಲೈಮ್ ಮಾಡಿದ್ದಕ್ಕೆ ಒಪ್ಪ್ಗೆ ಸಿಗ್ಲಿಲ್ಲ. ಎಷ್ಟೊಂದ್ ದುಡ್ಡ್ ಕಟ್ಬೇಕು ಗೊತ್ತಾ ಈಗ! ಅಷ್ಟ್ ಮುಖ್ಯವಾದ್ ದಾಖ್ಲೆಗಳ್ನ ಜೋಪಾನ್ವಾಗ್ ನಿಭಾಯ್ಸೋಷ್ಟು ಜವಾಬ್ದಾರಿ ಬೇಡ್ವಾ ಅವ್ರಿಗೆ!,Anger
ಫಾರಿನ್ ಟೂರಿಂದ ಭಾರತಕ್ ವಾಪಸ್ ಬಂದ್ಮೇಲೆ ನನ್ ಪಾಸ್ಪೋರ್ಟೇ ಕಳ್ದ್ಹೋಯ್ತು.,Sadness
ನಾನಿವತ್ತು ಒಬ್ರು ಕಸ್ಟಮರ್ಗೆ ಅವ್ರ್ ಮಗುಗೆ ಒಳ್ಳೆ ಉಡುಗೊರೆ ಆಯ್ಕೆ ಮಾಡ್ಕೊಳೋದ್ರಲ್ಲಿ ಸಹಾಯ ಮಾಡ್ದೆ.,Happiness
ಈ ರೆಸ್ಟೋರಂಟ್ನೋರು ಆಸ್ಥೆಯಿಂದ ಎಲ್ಲನೂ ಬಡ್ಸಿದ್ದು ಮತ್ತೆ ಸಣ್ ಸಣ್ ವಿಷ್ಯನೂ ಸರ್ಯಾಗಿರೋ ಥರ ನೋಡ್ಕೊಂಡಿದ್ರಿಂದ ಒಳ್ಳೆ ಊಟ ಮಾಡಿದ್ ಖುಷಿ ಇನ್ನಷ್ಟ್ ಜಾಸ್ತಿ ಆಯ್ತು.,Happiness
"ಈ ಸರ್ಕಾರಿ ಆಫೀಸ್ಗೊಳ್ ದಿನಾದಿನಾ ಹಾಳಾಗ್ಲಿಕತ್ತಾವ, ಅಗತ್ಯ ಸೇವಾ ಅಂತ ಬರೀ ಲಿಸ್ಟ್ನ್ಯಾಗಷ್ಟೇ ಹೆಸ್ರದ, ಆ ಕೆಲ್ಸಾಗಳ್ನೂ ಸುಮ್ ಶಾಸ್ತ್ರಕ್ಕ ಅನ್ನಂಗ್ ಯಕಡರೆ ಮಾಡ್ತಾರ.",Anger
ಅಪಾರ್ಟ್ಮೆಂಟ್ ಸಂಕೀರ್ಣದಲ್ಲಿ ನಮ್ಗೆ ಏನೂ ಸೌಕರ್ಯ ಮಾಡ್ಕೊಡ್ದೇ ಸುಮ್ಸುಮ್ನೇ ಮೇಂಟೆನೆನ್ಸ್ ಚಾರ್ಜಸ್ನ ಜಾಸ್ತಿ ಮಾಡಿರೋದ್ನ ನಾವೆಲ್ಲ ಒಟ್ಟಾಗಿ ಖಡಾಖಂಡಿತ್ವಾಗಿ ಪ್ರತಿಭಟಿಸ್ಬೇಕೂಂತಿದೀವಿ.,Anger
ಅರೇ ವಾಹ್! ನನ್ ಮಾಡ್ಯುಲರ್ ಕಿಚನ್ ಆರ್ಡರ್ ಇಷ್ಟ್ ಬೇಗ ರೆಡಿ ಆಗುತ್ತೆ ಅಂತ ನಾನ್ ಅನ್ಕೊಂಡೇ ಇರ್ಲಿಲ್ಲ.,Surprise
"ಒಂದ್ ತಪ್ ಯುಟಿಲಿಟಿ ಬಿಲ್ ಬಂದಿತ್ತ, ಅದ್ಕ ರೀಫಂಡ್ ಕೊಟ್ರು.",Happiness
"ಸಣ್ಣ್ ಅಪಘಾತ ಆಗಿ ನಂಗೆ ಪ್ರಯಾಣ ಮಾಡೋಕಾಗ್ತಿಲ್ಲ, ನಾಳೆಗಿರೋ ನನ್ ಟಿಕೆಟ್ನ ಮುಂದೂಡ್ಬೇಕಾಗಿದೆ. ದಯ್ವಿಟ್ಟು ನಂಗ್  ಸಹಾಯ ಮಾಡಿ ಸರ್.",Sadness
"ಸಾಕು ಸುಮ್ನಿರಿ, ಅಪ್ಪ. ನೀವ್ ಆ ಥರ ಎಲ್ಲಾ ಮಾತಾಡ್ಬಾರ್ದು. ಏನ್ ಅನ್ಕೊಂಡಿದೀರಾ ನಿಮ್ಮನ್ ನೀವು? ತಲೆ ನೆಟ್ಗಿದೆ ತಾನೇ?!",Anger
ಕಾಸ್ಟಿಂಗ್ ಡೈರೆಕ್ಟರ್ ನಂಗ್ ಆಡಿಷನ್ ಕೊಡಕ್ಕೂ ಬಿಡ್ದೇ ಸಿನ್ಮಾದಲ್ಲೊಂದ್ ಮುಖ್ಯವಾದ್ ಪಾತ್ರದಲ್ಲ್ ಅಭಿನಯ್ಸೋ ಅವ್ಕಾಶನ ನೇರವಾಗೇ ಕೊಟ್ಬಿಟಿದಾರೆ! ನಂಗಿದೆಲ್ಲ ಕನ್ಸೋ ನನ್ಸೋ ಒಂದೂ ಗೊತ್ತಾಗ್ತಿಲ್ಲ!,Surprise
ನಿಮ್ಮಲ್ಲಿ ಕೆಲ್ಸ ಮಾಡ್ತಿರೋರ್ ನಡ್ವಳಿಕೆ ಸ್ವಲ್ಪನೂ ಒಪ್ಪೋಂಥದ್ದಲ್ಲ.,Anger
ಬ್ರೇಕ್ಗಳು ಕೆಲ್ಸ ಮಾಡ್ತಾ ಇಲ್ಲ. ನಾವೇನ್ ಮಾಡ್ಬೇಕು ಈಗ? ಅಯ್ಯೋ ದೇವ್ರೇ! ಕಾಪಾಡಪ್ಪಾ!,Fear
"ಒಂದ್ ವರ್ಷದ್ಮಟ್ಟಿಗೆ ಭಾರತ್ದಿಂದ ಫ್ರಾನ್ಸಿಗ್ ಹೋಗ್ತಿರೋದು ತುಂಬಾನೇ ಖುಷಿ ಆಗ್ತಿದೆ ನಂಗೆ. ಹೊಸ ಜಾಗ, ಹೊಸ ಜನ, ಹೊಸ ಅನುಭವ ಎಲ್ಲ ಸಿಗತ್ತೆ ಅಲ್ಲಿ..",Happiness
"ಪಾರ್ಸೆಲ್ ತಲುಪ್ಸೋದ್ನ ತಡ ಮಾಡಿದ್ದೂ ಅಲ್ದೇ ಆ ಸಮಸ್ಯೆನ್ ಬಗೆಹರ್ಸೋ ಬಗ್ಗೆ ಸ್ವಲ್ಪನೂ ಗಮ್ನ ಕೊಡ್ಲಿಲ್ಲಲ.. ಛೇ, ಈ ಕೊರಿಯರ್ ಸರ್ವಿಸ್ನೋರ್ಹತ್ರ ನಾನಿನ್ಯಾವತ್ತೂ ವ್ಯವಹಾರ ಮಾಡಲ್ಲ.",Disgust
"ಈ ಸರ್ಕಾರಕ್ಕ ಸಾರ್ವಜನಿಕ ಶಿಕ್ಷಣದ್ ಕಡಿಗ್ ಸಾಸ್ವೆ ಕಾಳಷ್ಟೂ ಲಕ್ಷಿಲ್ಲ, ಬೆಂಕಿ ಸಿಟ್ ಬರ್ತದ.",Anger
"ಇದೇನ್ ಕ್ಲಾಸಾ ಅಥ್ವಾ ಮೀನ್ ಮಾರ್ಕೆಟ್ಟಾ? ನೀವೆಲ್ರೂ ಈಗ ಬೆಂಚಿನ್ ಮೇಲೆದ್ದ್ ನಿಂತ್ಕೊಳಿ, ಹೂಂ! ನಿಂತ್ಕೊಳಿ ಬೇಗ!",Anger
ಓಹೋ! ಇವತ್ತು ಕಟಿಂಗ್ ಷಾಪಿಗ್ ಬರೋಕ್ಮುಂಚೆ ನೀವು ತಲೆಗ್ ಸ್ನಾನ ಮಾಡಿದ್ರಾ?,Surprise
ನಿಮ್ ಕೌನ್ಸೆಲಿಂಗ್ ನನ್ಮೇಲೆ ಇಷ್ಟ್ ಆಳ್ವಾಗ್ ಪರಿಣಾಮ ಬೀರುತ್ತೆ ಅಂತ ನಾನ್ ಅನ್ಕೊಂಡಿರ್ಲಿಲ್ಲ! ನನ್ ಭಯ ಮತ್ತೆ ದೌರ್ಬಲ್ಯಗಳ್ನ ಎದ್ರಿಸೋದು ನಂಗ್ ತುಂಬಾನೇ ಕಷ್ಟ ಆಗಿತ್ತು.. ಆದ್ರೆ ನನ್ ಆತಂಕಗಳ್ ಮೇಲೆ ಈ ಸಮಾಲೋಚ್ನೆಯಿಂದ ಆಗಿರೋ ಸಕಾರಾತ್ಮಕ ಪರಿಣಾಮಗಳ್ನ ನಾನ್ ಈಗಾಗ್ಲೇ ನೋಡ್ತಾ ಇದೀನಿ!,Surprise
ಅಲ್ಲಾ ನಾ ಅಗಳೇ ರೊಕ್ಕಾ ಕೊಟ್ ಬುಕ್ ಮಾಡ್ಸಿಟ್ಟಿನಿ ಆ ಹೋಟಲಿನವ್ರು ನೋಡ್ಲಿಕ್ಕೂ ತಯಾರಿರ್ಲಿಲ್ಲ ಅವರ್ ಮ್ಯಾಲ್ ಸಿಕ್ಕಂಗ ವದರಾಡ್ದೆ.,Anger
ಈ ಫಾರ್ಮಸಿ ಚಾಕ್ಲೇಟ್ಸ್ನೂ ಮಾರಾಟ ಮಾಡತ್ತೆ ಅಂತ ನಂಗೊತ್ತಿರ್ಲಿಲ್ಲ!,Surprise
"ಇದು ಯಾವತ್ತಿಗೂ ನಂಗ್ ತುಂಬಾ ಇಷ್ಟವಾದ್ ತಿಂಡಿ, ನಂಗೇನಾದ್ರೂ ಬಿಟ್ರೆ ಇಡೀ ದಿನ ನಾನ್ ಇದ್ನೇ ತಿಂತೀನಿ.",Happiness
ಹಣಕಾಸು ಉದ್ಯಮದ ಕೆಲ್ವೆಲ್ಲ ಭಾಗಗಳಲ್ಲಿ ಏನೇನೂ ರೆಗ್ಯುಲೇಷನ್ಸೇ ಇಲ್ದಿರೋದ್ ಗೊತ್ತಾಗಿ ಆಶ್ಚರ್ಯ ಆಯ್ತು.,Surprise
ನಂಗೆ ಹೊಸ ಖಾತೆ ತೆರೆಯೋದೂಂದ್ರೆ ಆತಂಕ ಆಗ್ತಿದೆ. ಏನೂ ತೊಂದ್ರೆ ಆಗಲ್ವಾ ಇದ್ರಿಂದ?,Fear
"ನನ್ ಇನ್ನೊವೇಟಿವ್ ಸ್ಟಾರ್ಟಪ್ಪಿಗಿ ವಿ.ಸಿ. ಬಂಡ್ವಾಳ ಕೊಟ್ಟಾರ, ಅದನೂ ಮೊದ್ಲ ಹದಿನೈದು ಮಂದಿ ಬ್ಯಾರೆಯವ್ರಿಗಿ ವಲ್ಲಂದ್ ಮ್ಯಾಲ ನಂದಕ್ಕ ಒಪಗೊಂಡ್ರು!",Happiness
ಬಸವನ್ ಹುಳನ್ ಮುಟ್ಬೇಕಂತ ನೆನಸ್ಕೊಂಡ್ರೇ ಮೈತುಂಬಾ ಹುಳಾಹರ್ದ್ಹಂಗ್ ಜುಂ ಅನ್ತದ.,Disgust
"ಮಾರ್ಷಲ್ ಆರ್ಟ್ಸ್ ಸ್ಪರ್ಧೆಲಿ ಕರಾಟೆ ಆಡೋರಲ್ಲೊಬ್ಬ ನಿಯಂತ್ರಣ ಕಳ್ಕೊಂಡು ಎದುರಾಳಿ ಮೂಗ್ನೇ ಮುರ್ದ್ಬಿಟ್ಟ, ನಂಗವ್ನ್ ಕಂಡ್ರೇ ಆಗಲ್ಲ.",Disgust
"ನನ್ ಮನೆಲಿ ಕಳ್ತನ ಆಗೋಗಿದೆ, ನಂಗ್ ಏನಾದ್ರೂ ಆ ಕಳ್ರು ಸಿಕ್ರೆ ಅವ್ರ್ ಹುಟ್ಲಿಲ್ಲ ಅನ್ಸ್ಬಿಡ್ತೀನಿ.",Anger
ನಮ್ ಭಾರತದ್ ಟೀಮು ಅದ್ಭುತ್ವಾಗ್ ಫುಟ್ಬಾಲ್ ಆಡಿ ಲೆಬನಾನ್ನ ಸೋಲ್ಸಿ ಇಂಟರ್ಕಾಂಟಿನೆಂಟಲ್ ಕಪ್ ಗೆದ್ದಿದ್ದು ನಂಗಂತೂ ಹಾಲ್ ಕುಡ್ದಷ್ಟ್ ಸಂತೋಷ ಆಗಿದೆ.,Happiness
ಈ ಸಿನಿಮಾ ಟಾಕೀಸ್ದವ್ರು ವಯಸ್ಸಾದವ್ರಿಗಿ ಏನ್ ಬೇಕು ಏನ್ ಬ್ಯಾಡಂತ ಲಕ್ಷೇ ಕೊಡಲ್ಲ.,Anger
ಆ ಬಸ್ಸಿನ್ ಕಂಡಕ್ಟರಿಗ್ ನೋಡಿ ಶಬ್ಬಾಸ್ ಅನ್ಕೊಂಡೆ ಏನ್ ಪಟಾಪಟಾ ಟಿಕಿಟ್ ಕೊಟ್ಟಾ. ಬಸ್ ಏರಮುಂದ್ ಒಂಚೂರು ಗಡಬಡ ಆಗ್ಲಿಲ್ಲಾ ಅಗ್ದೀ ಆರಾಮಿತ್ತು.,Happiness
ನೀವ್ ಯಾವಾಗ್ಲೂ ಮೃದುವಾಗೇ ಮಾತಾಡೋರು ಲೀಡರ್ಷಿಪ್ ಟೀಮ್ನೋರ್ ಹತ್ರ ಅಷ್ಟ್ ಕಠೋರ್ವಾಗ್ ಮಾತಾಡಿದ್ನೋಡಿ ನಂಗ್ ಷಾಕ್ ಆಗೋಯ್ತು.,Surprise
"ನಿಮ್ ಹಣಕಾಸಿನ್ ಪರಿಸ್ಥಿತಿ ತೀರಾ ಹದಗೆಟ್ಟೋಗಿದೆ! ಅದನ್ನೊಂದ್ ಹಂತಕ್ ತರಕ್ಕೆ ಅದೇನ್ ಮಾಡ್ತೀರೋ ಮಾಡಿ ಬೇಗ, ಇಲ್ಲಾಂದ್ರೆ ನೀವು ದೊಡ್ಡ್ ತೊಂದ್ರೆಗ್ ಸಿಕ್ಕಾಕೊತೀರ.. ಹುಷಾರ್!",Anger
ಈ ಪ್ರಕರಣಕ್ಕೆ ಆ ಹೆಸರಾಂತ ವಕೀಲ್ರು ಹೇಗ್ ಪ್ರತಿಕ್ರಿಯಿಸ್ತಾರೋ ಏನೋ.. ಕ್ಲೈಂಟಾಗಿ ನಂಗ್ ಅದ್ರ್ ಬಗ್ಗೆ ಏನೂ ಖಾತ್ರಿ ಇಲ್ಲ.,Fear
"ನಾ ಒಂಚೂರ್ ಜಾಸ್ತಿ ಟ್ಯಾಕ್ಸ್ ಕಟ್ಬಿಟ್ಟಿದ್ದೆ, ಈ ವಾರ್ ಆ ರೊಕ್ಕಾ ವಾಪಾಸ್ ಕೊಟ್ರು, ಇನ್ನೇನ್ ಬೇಕ್ ನಂಗ ಖುಷೀಲ್ ಕುಣಿಲಿಕತ್ತೀನಿ.",Happiness
ವಿದ್ಯಾಭ್ಯಾಸದ್ ಖರ್ಚ್ಗಳು ವರ್ಷದಿಂದ ವರ್ಷಕ್ಕೆ ಜಾಸ್ತಿ ಆಗ್ತಲೇ ಇರೋದ್ರಿಂದ ನಂಗಂತೂ ಅದೇ ಒಂದ್ ದೊಡ್ ಹೊರೆ ಆಗೋಗಿದೆ.,Sadness
ಥೀಮ್ ಪಾರ್ಕಲ್ಲಿ ನೀವ್ ಎಷ್ಟ್ ಮಜ್ವಾಗಿ ಸಮಯ ಕಳೀತಿದೀರಿ ಅಂತ ನಿಮ್ ಮುಖ ನೋಡೇ ಗೊತ್ತಾಗ್ತಿದೆ ನಂಗೆ.,Happiness
"ಆ ಎ.ಸಿ.ಟಿ. ಇಂಟರ್ನೆಟ್ ಕನೆಕ್ಷನ್ಗೆ ಇಡೀ ವರ್ಷಕ್ ದುಡ್ಡ್ ಕೊಡೋ ಮುಂಚೆ ಒಂದ್ಸಲ ಅದ್ನ ಟ್ರೈ ಮಾಡ್ ನೋಡಣ ಅಂತ್ಲೂ ಯೋಚಿಸ್ದೇ ದುಡುಕಿದ್ರಲ, ಏನ್ ಹೇಳೋದ್ ನಿಮ್ಗೆ?!",Disgust
"ನನ್ ಚಿಕ್ಕಪ್ಪ ತುಂಬಾನೇ ತಮಾಷೆ ಮಾಡ್ಕೊಂಡು ಯಾವಾಗ್ಲೂ ನಗ್ತಾ ನಗಿಸ್ತಾ ಇರ್ತಾರೆ, ಅವ್ರ್ ಯಾವಾಗ್ ನಮ್ಮನೆಗ್ ಬರ್ತೀನಿ ಅಂದ್ರೂ ನಂಗಂತೂ ಭಾರೀ ಖುಷಿ.",Happiness
"ಯು.ಕೆ.ಗ್ ಹೋದ್ಮೇಲೆ ಎಲ್ಲನೂ ಅಲ್ಲಿನ್ ಕರೆನ್ಸಿಗ್ ಕನ್ವರ್ಟ್ ಮಾಡ್ಕೊಳಕ್ ನನ್ಕೈಲ್ ಆಗತ್ತಾಂತ ನಂಗ್ ಖಾತ್ರಿಯಿಲ್ಲ, ಅದ್ನ ಯೋಚ್ಸುದ್ರೇ ಟೆನ್ಷನ್ ಆಗತ್ತೆ.",Fear
ಆ ಮೇಷ್ಟ್ರಂತೂ ಓಬಿರಾಯನ್ ಕಾಲ್ದೋರ್ ಥರ ಆಡ್ತಾರಪ.. ಗೊಡ್ಡೂಂದ್ರೆ ಗೊಡ್ಡು.,Disgust
"ದಾಸ್ತಾನಲ್ಲಿ ಏನೋ ವ್ಯತ್ಯಾಸ ಆಗೋಗಿತ್ತು, ಅದ್ನೆಲ್ಲ ಸರಿ ಮಾಡಿ ಪದಾರ್ಥಯೆಲ್ಲ ಸಾಕಷ್ಟ್ ದಾಸ್ತಾನಾಗಿದೆ ಅಂತ ಖಾತ್ರಿ ಮಾಡ್ಕೊಂಡ್ಮೇಲೆ ಈಗ್ ನಿಟ್ಟುಸ್ರು ಬಿಡ್ಬೋದ್ ನೋಡು.",Happiness
ಈ ಆಪ್ತಸಮಾಲೋಚಕ್ರು ಗಂಟೆ ಲೆಕ್ದಲ್ಲ್ ಅಲ್ದೇ ಸಮಸ್ಯೆನ್ ಎಷ್ಟ್ ಪರಿಹಾರ ಮಾಡಕ್ಕಾಯ್ತು ಅನ್ನೋದ್ರ್ ಮೇಲೆ ಫೀಸ್ ತಗೊಳೋದು ಮೆಚ್ಕೊಳೋಂಥ ವಿಷ್ಯ.,Happiness
ಮೇಡಂ ನೀವ್ಯಾಕ್ ನನ್ನನ್ನ ಆ ಥರ ಕೆಕ್ಕರಿಸ್ಕೊಂಡ್ ನೋಡ್ತಾ ಇದೀರಿ?,Disgust
ಹೊಸ ಕ್ಲೈಂಟ್ಗೆ ಪ್ರಾಜೆಕ್ಟ್ ಬಗ್ಗೆ ಕೊಡ್ಬೇಕಿರೋ ಪ್ರೆಸೆಂಟೇಷನ್ ಸರ್ಯಾಗಾಗ್ದಿದ್ರೆ ಅಂತ ಯಾಕೋ ಏನೋ ಒಂಥರಾ ಭಯ ಆಗ್ತಿದೆ.,Fear
ನಮ್ ಸಂಸ್ಥೆಯ ಉನ್ನತ ಆಡಳಿತ ಮಂಡ್ಳಿಯೋರೆಲ್ಲ ರಾಜೀನಾಮೆ ಕೊಟ್ಟಿರೋ ಸುದ್ದಿಯಿಂದ ಇಲ್ಲ್ ಕೆಲ್ಸ ಮಾಡೋರ್ ಸ್ಥೈರ್ಯನೇ ಕುಗ್ಗ್ ಹೋದಂಗಾಗಿದೆ.,Sadness
ಹೈಸ್ಪೀಡ್ ಡೌನ್ಹಿಲ್ ಸ್ಕೀ ರೇಸ್ಗೆ ತಯಾರಾಗ್ವಾಗ ನಂಗ್ ಮೈಯೆಲ್ಲ ನಡ್ಕ ಬಂದ್ಬಿಡ್ತು.,Fear
ನಮ್ಗ್ ಸ್ವಲ್ಪನೂ ತೊಂದ್ರೆ ಕೊಡ್ದ್ ಹಾಗೆ ಕ್ಯಾಂಬಿಯಮ್ ಕಂಪ್ನಿಯೋರು ನಮ್ ವ್ಯಾಕ್ಯೂಮ್ ಕ್ಲೀನರ್ನ ಎಷ್ಟ್ ಸುಲಭ್ವಾಗ್ ರಿಪೇರಿ ಮಾಡ್ಕೊಟ್ರೂಂದ್ರೆ ನಂಗ್ ಭಾರಿ ಆಶ್ಚರ್ಯ ಆಯ್ತು.,Surprise
ಅಯ್ಯೋ ಹೌದಾ?! ಥೋ ನಾನ್ ಬೇರೆ ಸುಮ್ನಿರ್ಲಾರ್ದೆ ಈ ಟಿಕೆಟ್ಗಳ್ನ ಬ್ಲ್ಯಾಕ್ ಮಾರ್ಕೆಟ್ಟಲ್ಲಿ ಮೂರ್ ಪಟ್ಟ್ ಜಾಸ್ತಿ ದುಡ್ ಕೊಟ್ ಕೊಂಡ್ಕೊಂಡ್ನಲ್ಲೋ! ಇದೆಂಥ ಕರ್ಮ ನೋಡು ನಂದು!,Anger
ನಂಗ್ ಶಾಲೆಲಿ ಅಷ್ಟ್ ಆತ್ಮೀಯ್ರಾಗಿದ್ ಸಹಪಾಠಿಗಳ್ನೆಲ್ಲ ಮೂವತ್ತೈದ್ ವರ್ಷಗಳಾದ್ಮೇಲೆ ಭೇಟಿ ಮಾಡ್ತಿದೀನಿ ಅನ್ನೋದ್ನ ಯೋಚ್ಸುದ್ರೇ ಪುಳಕ ಆಗ್ತಿದೆ.,Happiness
"ಮಾವಿನ್  ಮರ ಮೊಳ್ಕೆ ಬಂದ್ರೆ ಬರುತ್ತೆ ಇಲ್ಲಾಂದ್ರೆ ಇಲ್ಲ ಅಂತ  ತೋಟಗಾರ  ಹಾಗೆ ಬಿಟ್ ಬಿಟ್ಟಿದ್ದ,  ಮತ್  ಅದ್ ಮೂರು ವರ್ಷದ್  ನಂತ್ರ  ಅನಿರೀಕ್ಷಿತವಾಗ್  ಹಾಗೆ ಆಯ್ತು.",Surprise
ಮೈದಾನ್ದಲ್ಲಿ ಕೆಲ್ವು ಆಟಗಾರ್ರು ಕ್ರೀಡಾಮನೋಭಾವ ಇಲ್ದೇ ನಡ್ಕೊಂಡಿದ್ದು ನಂಗ್ ಚೂರೂ ಸರಿಬರ್ಲಿಲ್ಲ.. ಏನ್ ಅಸಹ್ಯವಾಗ್ ಆಡ್ತಿದ್ರಪ.. ಥು.,Disgust
"ನೀವು ಯಾರಾದ್ರೂ ಹೂಡಿಕೆ ಸಲಹೆಗಾರ್ರ ಹತ್ರ ಸಹಾಯ ತಗೊತಿದೀರಿ ಅನ್ಕೊಂಡಿದ್ದೆ ನಾನು, ನಿಮ್ ಹಣಕಾಸಿನ್ ವಿಷ್ಯನೆಲ್ಲ ನೀವೇ ನಿಭಾಯ್ಸ್ತಾ ಇದೀರಾಂತ ಗೊತ್ತೇ ಇರ್ಲಿಲ್ಲ.",Surprise
ತಪ್ಪಾಗಿ ಯಾವ್ದೋ ಐಟಮ್ ಬಂದ್ ತಲ್ಪಿದೆ ಅಂತ ಮತ್ತೆ ಅದ್ನ ವಾಪಾಸ್ ಕಳ್ಸೋ ಕೆಲ್ಸ ಅಂದ್ರೆ ಭಾರೀ ಬೇಜಾರಪ್ಪ.,Sadness
ಲಿಂಕ್ನ ನೋಡುದ್ರೆ ಅಧಿಕೃತ ಅಂತ ಅನ್ಸೋದೇ ಇಲ್ಲ ಆದ್ರೂ ಅಧಿಕೃತ ಅಂತ  ಇಮೇಲ್ ಬಂದಾಗ್  ನಂಗ್  ಆತಂಕ ಆಗುತ್ತೆ.,Fear
ನನ್ ಫ್ರೆಂಡ್ ಮಗ್ಳು ಅವರಪ್ಪಂಗೂ ಒಂದ್ಮಾತ್ ಹೇಳ್ದೆ ಹೈದರಾಬಾದಲ್ಲಿ ಕೆಲ್ಸ ಗಿಟ್ಟಿಸ್ಬಿಟಿದಾಳೆ!,Surprise
"ಕಾರ್ತೀಕ್! ವಾಪಸ್ ಹೋಗಿ ಸಾಲಲ್ಲಿ ಸರ್ಯಾಗ್ ನಿಂತ್ಕೋ, ಮಾತಾಡೋದ್ ನಿಲ್ಸು ಮೊದ್ಲು.",Anger
ಯಾವ್ ಮಾರ್ಗದಲ್ಲಾದ್ರೂ ಸರಿ ಒಟ್ಟು ದುಡ್ಡ್ ಮಾಡಿದ್ರಾಯ್ತು ಅನ್ನೋ ಶ್ರೀಮಂತ್ರನ್ನ ನೋಡ್ದ್ರೆ ನಂಗೆ ವಾಕರಿಕೆ ಬರುತ್ತೆ.,Disgust
"ಆಕಾಶ್ದಲ್ಲಿ ಗುಡ್ಗು, ಮಿಂಚೆಲ್ಲ ನೋಡಿ ನನ್ ಮಗ ತುಂಬಾನೇ ಹೆದ್ರೋಗಿದ್ದ, ಅವ್ನ್ ಮೈಯೆಲ್ಲ ಥರಥರ ನಡುಗ್ತಾ ಇತ್ತು.",Fear
"ದೊಡ್ಡೋರ್ ಖಾತೆಗ್ ಹೋಲ್ಸಿದ್ರೆ ಮೈನರ್ಗಳ್ ಖಾತೆಲಿರೋ ಥರಾವರಿ ಫೀಚರ್ಸ್ ನೋಡಿ ಆಶ್ಚರ್ಯ ಆಯ್ತು ನಂಗೆ, ಇದ್ಕೋಸ್ಕರನಾದ್ರೂ ನಾನ್ ಮತ್ತೆ ಮಗುವಾಗ್ಬೇಕು ಅನ್ಸ್ಬಿಡ್ತು.",Surprise
"ಆಹಾ! ಸುಂದರ್ ಅವ್ರೇ, ಚಿತ್ರ ಭಾಳ ಸೊಗ್ಸಾಗಿದೆ! ತುಂಬಾ ಚೆನ್ನಾಗ್ ಬಿಡ್ಸಿದೀರಿ ನೀವು.",Surprise
"ಏನ್ ತಮಾಷೆಯೇನ್ರಿ ನಿಮ್ಗಿದು?! ಅಕ್ಕಪಕ್ದಲ್ಲಿ ಏನೂ ಗಲಾಟೆ ಇಲ್ದೇ ಶಾಂತ್ವಾಗಿರೋ ಜಾಗ್ದಲ್ಲ್ ಮನೆ ಕೊಡ್ಸಿ ಅಂತ ನಾನ್ ಕೇಳಿದ್ರೆ, ನೀವೊಳ್ಳೆ ಬ್ಯುಸಿ ರಸ್ತೆಗಳ್ಹತ್ರ, ಸಿಕ್ಕಾಪಟ್ಟೆ ಗಲಾಟೆ ಇರೋ ಜಾಗ್ದಲ್ಲೇ ಮನೆ ತೋರುಸ್ತಿದೀರಲ್ಲ? ನೀವೇನ್ ತೋರ್ಸಿದ್ರೂ ನಾನ್ ಒಪ್ಕೊಂಡ್ಬಿಡ್ತೀನಿ ಅನ್ಕೊಂಡಿದೀರ, ಆಂ?!",Anger
ಲ್ಯಾಬಲ್ಲಿ ಪ್ರಯೋಗ ಮಾಡ್ವಾಗ ಎಲ್ಲ್ ಏನ್ ತಪ್ಪ್ ಮಾಡ್ಬಿಡ್ತೀನೋ ಅಂತ ಆತಂಕ ಆಗ್ತಿದೆ.,Fear
ನನ್ ಜೇಬಲ್ಲಿ ಸಾಕಷ್ಟ್ ದುಡ್ಡಿಲ್ಲ ಮತ್ತೆ ಪೆಟ್ರೋಲ್ ಬೆಲೆ ಹಿಂದೆಂದಿಗಿಂತ್ಲೂ ಜಾಸ್ತಿ ಆಗಿದೆ.,Sadness
ಸಂಪನ್ಮೂಲಗಳು ವ್ಯರ್ಥ ಆಗೋದಲ್ದೇ ಬಾಹ್ಯಾಕಾಶ ಪರಿಶೋಧನೆಯಿಂದ ಪರಿಸರಕ್ಕಾಗೋ ಸಂಭಾವ್ಯ ಹಾನಿ ಬಗ್ಗೆ ಯೋಚ್ಸಿ ಯೋಚ್ಸಿ ನಂಗ್ ಅದ್ರ್ ಬಗ್ಗೆ ಜುಗುಪ್ಸೆ ಬಂದ್ಬಿಟಿದೆ.,Disgust
ಸಿ.ಎಸ್.ಕೆ ಗೆದ್ದಾಗ ಹಳದಿ ಬಣ್ಣದ್ ಬಟ್ಟೆ ಹಾಕೊಂಡಿದ್ ಪ್ರೇಕ್ಷಕ್ರು ಮೈದಾನ್ದಲ್ಲಿ ಕುಣ್ದು ಕುಪ್ಪಳ್ಸ್ ಬಿಟ್ರು.,Happiness
"ಎಷ್ಟ್ ಲಗೂನೇ ಆರಾಮಾಗ್ ಸಾಮಾನ್ ವಾಪಾಸ್ ತೊಗೊಂಡ್ರು, ಈ ಕೊರಿಯರ್ದವ್ರಿಗಿ ಎಷ್ಟ್ ಹೊಗಳಿದ್ರೂ ಕಡಿಮಿ.",Happiness
"ನಾವು ನಿರಂತರವಾಗ್ ನಮ್ ಗುರಿಗಳ್ನೆಲ್ಲ ಸಾಧಿಸ್ಕೊಂಡ್ ಬಂದಿದೀವಿ, ಹಾಗಾಗಿ ಈಗ ಕೆಲ್ವು ನಿಜ್ವಾದ್ ಫಲಿತಾಂಶಗಳು ಕಾಣೋಕ್ ಶುರು ಆಗಿವೆ.",Happiness
ಡೌನ್ಹಿಲ್ ಮೌಂಟೇನ್ ಸ್ಕೀಯಿಂಗ್ಗೋಸ್ಕರ ಸಾಲಲ್ಲಿ ನಿಂತಿದ್ದಾಗ ನನ್ ಕೈಯೆಲ್ಲ ಥರ್ತರಾಂತ ನಡುಗ್ತಾ ಇತ್ತು.,Fear
ಫ್ರಾನ್ಸಿಗ್ ಹೋದಾಗ ಅಲ್ಲಿ ರೆಸ್ಟೋರೆಂಟ್ಗಳಲ್ಲೆಲ್ಲ ಭಾಷೆ ಗೊತ್ತಿಲ್ದೇ ಏನ್ ಯಡವಟ್ಗಳಾಗ್ತಾವೋ ಅಂತ ನಂಗೊಂದ್ ಸ್ವಲ್ಪ ಗಾಬ್ರಿ ಆಗ್ತಿದೆ.,Fear
"ನಾನ್ ಕಾರಲ್ಲ್ ಕರ್ಕೊಂಡ್ ಹೋಗ್ತೀನಿ ಅಂದ್ರೆ ನನ್ ಸ್ನೇಹಿತ್ರು ಎಲ್ಲಾ ಜಾಗ ಬಿಟ್ಟು ಆ ಮನಾಲಿಗ್ ಹೋಗಣ ಅನ್ನೋದಾ? ಬೇರೇನಿಲ್ಲ, ಅವ್ರಿಗೆ ನನ್ ಟೈಮು ಮತ್ತೆ ಪೆಟ್ರೋಲ್ ದುಡ್ಡು ಎರಡ್ನೂ ವೇಸ್ಟ್ ಮಾಡಿಸ್ಬೇಕಿತ್ತು ಅಷ್ಟೇ!",Anger
"ನಾನಿಷ್ಟೊತ್ತಿಗೆಲ್ಲ ಕ್ಲಾಸಲ್ ಕೂತ್ಕೊಂಡು ಕಲೀತಾ ಇರ್ತೀನಿ ಅನ್ಕೊಂಡಿದ್ದೆ.. ಆದ್ರೆ ಈಗ್ ನಾನು ಮನೆಲೇ ಸಿಕ್ಕಾಕೊಂಡಿದೀನಿ, ನನ್ ಲ್ಯಾಪ್ಟಾಪಲ್ಲೇ ಲೆಕ್ಚರ್ ವೀಡಿಯೊಗಳ್ನ ನೋಡ್ಬೇಕಾಗಿದೆ.",Sadness
ಈ ಮಧ್ಯರಾತ್ರಿಲಿ ಒಬ್ಳೇ ನೆಲಮಾಳಿಗೆಗ್ ಹೋಗ್ಬೇಕೂಂದ್ರೆ ನನ್ಕೈಲಂತೂ ಸಾಧ್ಯನೇ ಇಲ್ಲ.,Fear
ಏನ್ ಹೇಳ್ತಿದೀರ ನೀವು? ಅವ್ಳಿಗೆ ಮತ್ತೆ ನಡ್ಯೋಕೇ ಆಗಲ್ವಾ?,Fear
ಷೇರ್ ಮಾರ್ಕೆಟ್ ಕುಸ್ದಿದ್ದು ಅದ್ರ್ ಬಗ್ಗೆ ಕಾಳ್ಜಿನೇ ಮಾಡ್ದೇ ಇನ್ಸೈಡ್ ಟ್ರೇಡಿಂಗ್ ಮಾಡ್ದೋರಿಂದ ಅನ್ನೋದು ನಾಚಿಕ್ಗೇಡು.,Disgust
"ನಿರ್ದಿಷ್ಟ ವಿನ್ಯಾಸ, ಫ್ಲೇವರ್ಗಳು ಮತ್ತೆ ಗಾತ್ರದ ಆಧಾರದ್ಮೇಲೆ ಬೆಲೆ ನಿರ್ಧಾರ ಆಗತ್ತೆ. ಬೇರೆಲ್ಲೂ ಸಿಗ್ದಿರೋಷ್ಟು ಒಳ್ಳೆ ಗುಣಮಟ್ಟ ಮತ್ತೆ ರುಚಿನ ನಮ್ ಗ್ರಾಹಕ್ರಿಗೆ ಕೊಡ್ಬೇಕೂಂತಿರೋ ನಮ್ ಬದ್ಧತೆಗ್ ಅನುಗುಣ್ವಾಗಿ ಸಮಂಜಸ್ವಾದ್ ಬೆಲೆನೇ ನಿಗದಿ ಮಾಡಿರ್ತೀವಿ ನಾವು.",Happiness
ನಮ್ ಖರ್ಚನ್ನೆಲ್ಲ ಇವ್ರ್ ಲೆಕ್ಕಕ್ಕೇ ತಗೊಳಲ್ಲ ಮತ್ತೆ ತೆರಿಗೆನ್ ಮಾತ್ರ ಅಗತ್ಯಕ್ಕಿಂತ ಜಾಸ್ತಿನೇ ಕಟ್ಟುಸ್ಕೊತಾರಲ ಅಂತ ನಂಗ್ ನಖಶಿಖಾಂತ ಉರ್ದ್ಹೋಗತ್ತೆ.,Anger
ನಾನ್ ಹುಟ್ಟಿ ಒಂದೆರಡ್ ದಿನಗಳ್ವರ್ಗೂ ನಂಗೆ ನೀಲಿ ಕಣ್ಗಳಿದ್ವು ಅಂತ ನಮ್ಮಮ್ಮ ಹೇಳ್ದಾಗ ನನ್ ಕಿವಿ ನಾನೇ ನಂಬಕ್ಕಾಗ್ಲಿಲ್ಲ.,Surprise
"ಅಮೃತ್ಸರಕ್ ಹೋಗೋ ಕೊನೇ ರೈಲು ಹೊರ್ಟೋಯ್ತಾ? ನಂಗೆ ನಾಳೆ ಒಂದ್ ಮೀಟಿಂಗ್ ಇದೆ, ಹೇಗಪ್ಪಾ ಹೋಗೋದು ಅದ್ಕೀಗ?!",Fear
"ನನ್ ಕರುಳಿಗೆ ನಾನ್ ಕಲ್ಲ್ ತಿಂದ್ರೂ ಅರಗ್ಸೋಷ್ಟ್ ಶಕ್ತಿ ಇದೆ, ಅದ್ಕೆ ನಂಗ್ ಯಾರ್ ಏನ್ ಊಟ ತಿಂಡಿ ಕೊಟ್ರೂ ಹಿಂದುಮುಂದು ನೋಡ್ದೇ ಗುಳುಂ ಸ್ವಾಹಾ ಮಾಡ್ಬಿಡ್ತೀನಿ.",Happiness
"ನಂಗ್ ಆ ಹುಳಗಳ್ನ ನೋಡಕ್ ಆಗ್ತಿಲ್ಲ, ಅವು ಹರ್ದಾಡೋದ್ ನೋಡ್ತಿದ್ರೆ ಹೊಟ್ಟೆ ತೊಳ್ಸಿ ವಾಂತಿ ಬರೋ ಹಾಗ್ ಅನ್ಸತ್ತೆ.",Disgust
ನನ್ ಜೊತೆ ಕೆಲ್ಸ ಮಾಡೋಳು ನಂಗೆ ಎರಡ್ ಸಾವರದ್ ಐನೂರು ಪದಗಳಷ್ಟು ದೊಡ್ದೊಂದ್ ಲೇಖನ ಬರ್ಕೊಡು ಅಂದಾಗ ನಾನ್ ಅವ್ಳಿಗೆ ಐದ್ ಸಾವರ್ ಪದಗಳ್ದೇ ಬರ್ದ್ ಕೊಟ್ಟಿದ್ ನೋಡಿ ಅವ್ಳಿಗ್ ಆಶ್ಚರ್ಯ ಆಗೋಯ್ತು.,Surprise
ನನ್ ಕ್ಯಾಬ್ ಡ್ರೈವರ್ ಕಾಂಚೀಪುರಂಗೆ ಶಾರ್ಟ್ ಕಟ್ ಮೂಲ್ಕ ಹೋಗಿ  ಮೂವತ್ತ್ ನಿಮಿಷ  ಉಳಿಸಿದ್ದಕ್ ನಂಗ್   ಆಶ್ಚರ್ಯ ಆಯ್ತು!,Surprise
ನಮ್ ಈವೆಂಟ್ ಮ್ಯಾನೇಜರ್ರು ಕಾರ್ಯಕ್ರಮದಾಗ ಸೇಫ್ಟಿಗಿ ಭಾಳ ಕಾಳ್ಜಿ ತೊಗೊತಾರೆ ಮತ್ ರಿಸ್ಕ್ ಮ್ಯಾನೇಜ್ಮೆಂಟಿನ್ದು ಪೂರಾ ಪ್ಲಾನ್ ಇಟ್ಟಾರ ಅಂತ ಕೇಳಿ ಭಾಳ ಹಗೂರಾತು.,Happiness
"ಅವ್ರು ದೇಣಿಗೆ ಕೊಟ್ಟಿದ್ರೂ, ತೆರಿಗೆ ಕಡ್ಮೆ ಆಗೋಕೆ  ಅಗತ್ಯ ಇದ್ದಿದ್ ಮಾನದಂಡಗಳ್ನ ಪೂರೈಸೋಕಾಗ್ಲಿಲ್ಲ ನಮ್ ಕೈಲಿ.",Sadness
"ಆ ಮೆಕ್ಯಾನಿಕ್ ಈ ಯಂತ್ರಗಳ್ನ ಬದ್ಲಾಯ್ಸೋ ಬದ್ಲು ಇರೋದನ್ನೇ ಸರಿ ಮಾಡೋಕ್ ಹೊರ್ಟಿದ್ದು ನಂಗ್ ತುಂಬಾ ಖುಷಿ ಆಯ್ತು. ಇದ್ರಿಂದಾಗಿ ನನ್ ದುಡ್ಡು, ಪರಿಸರ ಎರ್ಡೂ ಉಳಿದ್ವು!",Happiness
"ಬೇಡ್ದಿರೋ ಕಾಗದಪತ್ರ, ದಾಖಲೆಗಳ್ನೆಲ್ಲ ಕೇಳ್ಕೊಂಡು, ಜೋಡುಸ್ಕೊಂಡು ಅದ್ರಲ್ಲೇ ನನ್ ಸಮಯನ ವ್ಯರ್ಥ ಮಾಡ್ಬೇಡಿ. ಸುಮ್ನೆ ಬೇಗ ನಂದೊಂದ್ ಖಾತೆ ತೆರೀರಿ ಅಷ್ಟೇ!",Anger
ಈ ಸರ್ಕಾರಕ್ಕ ಮೂಲ್ಭೂತ್ ಸವಲತ್ಗಳ್ನೂ ಕಟ್ಟಸ್ಕೊಡ್ಲಿಕ್ ಆಗಿಲ್ಲಾ ಅಂದ್ರ ವ್ಯವಸ್ಥಾ ಇನ್ನೆಷ್ಟ್ ಹೊಲಸೆದ್ದಿರ್ಬೇಕ್!,Anger
"ಸಂಗೀತ್ ಮಾಸ್ತರ್ ಕ್ಲಾಸ್ನ್ಯಾಗ್ ಬರೀ ನನ್ ಮಗನ್ ನಡವಳಕಿ ಬಗ್ಗೆ ಮಾತ್ರ ಬಯ್ಯದ್ರು, ನಂಗ್ ಯದ್ಯಾಗ್ ವದ್ದಷ್ಟ್ ತ್ರಾಸ್ ಆಗೇದ.",Sadness
ಆ ವಿಸಿಟರ್ರು ನನ್ ಕಾರ್ ನಿಲ್ಸಿದ್ ಜಾಗದ್ ಮುಂದೆನೇ ಅವ್ರ್ ಕಾರ್ನ ನಿಲ್ಲಿಸ್ದಾಗ ನಂಗ್ ಸುಟ್ಬಿಡೋಷ್ಟ್ ಕೋಪ ಬಂದಿತ್ತು.,Anger
"ಮನೆಲಿ ಒಂದಷ್ಟನ್ನೆಲ್ಲ ಹೊಸ್ದಾಗ್ ಮಾಡಿಸ್ಬೇಕೂಂತ ಅಡ್ಗೆಮನೆನೆಲ್ಲ ಒಡ್ದು ಛಿದ್ರ ಮಾಡ್ಬಿಟ್ಟಾಗ ನಂಗ್ ಎದೆಯೆಲ್ಲ ಭಾರ ಆಗೋಗಿತ್ತು. ಆ ಜಾಗ್ದಲ್ಲಿ ಅದೆಷ್ಟೆಲ್ಲ ಒಳ್ಳೆ ನೆನ್ಪ್ಗಳಿವೆ ನಮ್ದು, ಮರೆಯೋಕಾಗ್ದಿರೋಂಥ ಎಷ್ಟೊಂದ್ ಕ್ಷಣಗಳ್ನ ಕಳ್ದಿದೀವಿ ಅಲ್ಲಿ.",Sadness
"ನಾನ್ ಮನೆಗ್ ಹೋಗೋಕೇಂತ ತತ್ಕಾಲ್ ಟಿಕೆಟ್ ಕಾಯ್ದಿರ್ಸೋಕೆ ಪ್ರಯತ್ನಿಸ್ದೆ, ಆದ್ರೆ ನಂಗದು ಸಿಗ್ಲಿಲ್ಲ.",Sadness
"ಯೇ ಖರೇ ಎಷ್ಟ್ ಛಂದಿತ್ತದು, ಅಂಥಾ ದೊಡ್ಡ್ ಲ್ಯಾಂಡ್ಮಾರ್ಕಿನ್ ಮ್ಯಾಲ್ ಕಬ್ಣದ್ ಹಂದ್ರ ಹಾಕಿಟ್ಟ್ ಅದ್ರ್ ಅಂದಾನೇ ಕೆಡಸ್ಬಿಟ್ಟಾರ.",Sadness
ಹುರ್ರೇ! ನನ್ ಬ್ಯಾಂಕ್ ಖಾತೆಗೆ ಇವತ್ತು ಟ್ಯಾಕ್ಸ್ ರೀಫಂಡ್ ಬಂದಿದೆ!,Happiness
ನ್ಯೂಸ್ ಪೇಪರ್ ಜೊತೆಗ್ಬರೋ ಆ ಮ್ಯಾಗಜೀ಼ನ್ಗಳ್ನ ಓದೋದು ಸಾಮಾನ್ಯವಾಗಿ ನನ್ ದಿನಚರಿಲೊಂದ್ ಭಾಗನೇ ಆಗೋಗಿದೆ. ನಾಳೆ ನೀವ್ ರಜೆ ಹಾಕಿರೋದ್ರಿಂದ ನಂಗ್ ಅವ್ ಸಿಗಲ್ವಲ ಅಂತ ಬೇಜಾರು.,Sadness
"ನಾನಂತೂ ಸುತರಾಂ ಅಲ್ಲಿಗ್ ಬರಲ್ಲಪ್ಪ, ನೀವ್ ಹೋಗ್ಬೇಕು ಅಂದ್ಕೊಂಡಿರೋ ಜಾಗದ್ ಹೆಸ್ರು ಕೇಳಿದ್ರೇ ಎದೆ ನಡ್ಗತ್ತೆ ನಂಗೆ, ಈಗಾಗ್ಲೇ ಎರಡ್ಸಲ ದರೋಡೆಕೋರ್ರು ನನ್ನ ದೋಚ್ಬಿಟಿದಾರೆ ಅಲ್ಲಿ. ನಾನ್ ಜೀವ ಉಳ್ಸ್ಕೊಂಡ್ ಬಂದಿರೋದೇ ದೊಡ್ಡ್ ಪುಣ್ಯ.",Fear
ಈ ಜಾಗದ್ ಮಾಲೀಕ್ರು ಹೋದ್ವರ್ಷ ಮಾಸ್ಟರ್ ಷೆಫ್ಲಿ ಗೆದ್ದಿದ್ರು ಅಂತ ನಂಗೊತ್ತಿರ್ಲಿಲ್ಲ!,Surprise
"ನಾನ್ ಯಾರ್ಜೊತೆ ಸೇರ್ಕೊಂಡ್ ಒಟ್ಗೆ ಕೆಲ್ಸ ಮಾಡ್ಬೇಕಿತ್ತೋ ಅವ್ನ್ ಹಾಗ್ಮಾಡೋಕ್ ಒಪ್ಕೊತಾನೇ ಇಲ್ಲ, ಏನೇನೋ ನೆಪ ಹೇಳೋದ್ ಕೇಳ್ತಿದ್ರೆ ನಂಗ್ ಕೋಪ ನೆತ್ತಿಗೇರ್ತಿದೆ.",Anger
ವಿಮಾನ್ದಲ್ ಕೊಡೋ ಊಟ ತಿಂಡಿ ನಂಗೊಂಚೂರೂ ಇಷ್ಟ ಆಗಲ್ಲ. ಅವು ತುಂಬಾ ಸಪ್ಪೆ ಆಗಿರತ್ವೆ ಮತ್ತೆ ಒಂಥರಾ ವಿಚಿತ್ರ ವಾಸ್ನೆ ಇರತ್ತೆ.,Disgust
ನನ್ ವಿದ್ಯಾಭ್ಯಾಸಕ್ಕೋಸ್ಕರ ನಾನ್ ಎಷ್ಟ್  ಸಾಲ ತಗೊಂಡಿದ್ದೀನಿ ಅಂತ ನೆನ್ಪಾದಾಗ್ಲೆಲ್ಲ ಆ ಹೊರೆಯಿಂದ ಕುಗ್ಗ್ ಹೋದಾಗ್ ಆಗತ್ತೆ.,Sadness
"ಇವತ್ ನಾನ್ ಈ ಟ್ರಾಫಿಕ್ಕಲ್ಲಿ ನಿಲ್ಬೇಕಾದಾಗ್ಲೆಲ್ಲ ನನ್ ಹಿಂದೆನೇ ಚೆನ್ನೈ ಸಿಟಿ ಬಸ್ ಇದೆ, ಈ ಬಸ್ಗಳ್ಗೋ ಬ್ರೇಕ್ ಇರೋದೇ ಅಪ್ರೂಪ.. ನನ್ ಕೈಕಾಲೆಲ್ಲ ತರತರ ನಡುಗ್ತಾ ಇವೆ.",Fear
ಭಾರತ್ದಲ್ಲಿ ಇಲ್ಲಿನ್ ಲೇವಾದೇವಿಗಾರ್ರು ಸ್ವಲ್ಪನೂ ಮಾನವೀಯತೆ ಇಲ್ದೇ ಗೂಂಡಾಗಿರಿ ಮಾಡ್ಕೊಂಡ್ ಹಣ ವಸೂಲಿ ಮಾಡೋದು ಸ್ವಲ್ಪನೂ ಆಗ್ಬರಲ್ಲ ನಂಗೆ.,Disgust
ಸುಮಾರಷ್ಟು ಹೊಸ ಸ್ಟಾರ್ಟಪ್ಗಳು ಮಾನಸಿಕ ಆರೋಗ್ಯದ್ಮೇಲೆ ಗಮನ ಹರಿಸ್ತಾ ಇವೆ! ನಮ್ ಭಾರತ ಈ ಕ್ಷೇತ್ರದಲ್ಲಿ ಇಷ್ಟು ವೇಗ್ವಾಗಿ ಪ್ರಗತಿ ಸಾಧ್ಸತ್ತೆ ಅಂತ ನಾನಂತೂ ಯಾವತ್ತೂ ಅನ್ಕೊಂಡಿರ್ಲಿಲ್ಲ.,Surprise
"ಅವ್ನಿಗೇಂತ ಅಂಗ್ಡಿಲಿ ತಿಂಡಿ ಕಟ್ಟುಸ್ಕೊಂಡ್ ಹೋಗ್ತಿರೋದು ಏನೋ ಒಂಥರ ಖುಷಿ, ಸಮಾಧಾನ ನನ್ ಮನ್ಸಿಗೆ.",Happiness
ನನ್ ಮಕ್ಳಿಗ್ ಔಷ್ಧಿ ತಗೊಳಕ್ಕೂ ನನ್ಹತ್ರ ದುಡ್ಡಿಲ್ಲ.,Sadness
ಪರ್ವಾಗಿಲ್ವೇ! ಈ ಇವೆಂಟ್ ಮ್ಯಾನೇಜರ್ರು ಹಿಂದೆ ಕೆಲ್ಸ ಮಾಡಿರೋ ಕಡೆಯಿಂದೆಲ್ಲ ಭಾರಿ ಒಳ್ಳೆ ಫೀಡ್ಬ್ಯಾಕೇ ಬಂದಿದೆ. ಈ ಥರ ಪ್ರತೀ ಸಲನೂ ಕಾರ್ಯಕ್ರಮಗಳ್ನ ಚೆನ್ನಾಗ್ ವ್ಯವಸ್ಥೆ ಮಾಡಿರೋರ್ ಸಿಗೋದೇ ಅಪ್ರೂಪ.,Surprise
"ನಾನ್ ಈಗಷ್ಟೇ ನನ್ ಅಕೌಂಟ್ ಚೆಕ್ ಮಾಡ್ದೆ.. ಅದ್ರಲ್ಲಿ ದೊಡ್ಡ ಮೊತ್ತದ, ಅನಧಿಕೃತ ವಿದ್ಡ್ರಾವಲ್ ತೋರಿಸ್ತಾ ಇದೆ. ಏನ್ ನಡೀತಾ ಇದೆ ಇಲ್ಲಿ? ನನ್ ದುಡ್ಡೆಲ್ಲ ಸುರಕ್ಷಿತ್ವಾಗಿದೆ ತಾನೇ?",Fear
"ಆ ಮಾಡ್ಯುಲರ್ ಅಡ್ಗೆಮನೆನ್ ನೋಡ್ದಾಗ ನಂಗೊಂಥರ ಗಲೀಜ್ ಅನ್ಸ್ಬಿಡ್ತು. ಅದ್ರ್ ಬಣ್ಣ, ಡಿಸೈನು ಒಂದಕ್ಕೂ ತಾಳಮೇಳನೇ ಇರ್ಲಿಲ್ಲ.",Disgust
"ನನ್ ಸಮಸ್ಯೆ ಬಗ್ಗೆ ನೀವೊಂಚೂರೂ ಗಂಭೀರ್ವಾಗ್ ಯೋಚ್ನೆನೇ ಮಾಡ್ದೆರೋದ್ ನೋಡುದ್ರೆ ನಾನ್ ನಿಮ್ಮೇಲ್ ನಂಬ್ಕೆ ಇಟ್ಟು ಏನ್ನೂ ಹೇಳ್ಕೊಳ್ಲೇಬಾರ್ದಿತ್ತೇನೋ, ಛೇ ದುಡುಕ್ಬಿಟ್ಟೆ.",Disgust
ಈ ಮಾನಿಟರ್ನ ಹೈ ಡೆಫಿನಿಷನ್ ಡಿಸ್ಪ್ಲೇಲಿರೋ ಕ್ಲ್ಯಾರಿಟಿ ನೋಡಿ ನಾನಂತೂ ದಂಗ್ ಬಡ್ದ್ಹೋದೆ.,Surprise
ಕೊರಿಯರ್ ಕಂಪ್ನಿಯೋರ್ ಕಳ್ದ್ ಹಾಕಿದ್ ಪ್ಯಾಕೇಜ್ ಬದ್ಲಿಗೆ ಪರಿಹಾರ ಅಂತ ದುಡ್ಡ್ ಕಳ್ಸಿದಾರೆ! ಹೀಗೂ ಇರತ್ತೆ ಅಂತ ನಂಗ್ ಗೊತ್ತೇ ಇರ್ಲಿಲ್ಲ.,Surprise
"ಈ ದರಿದ್ರ ಫ್ರಿಜ್ಜ್ ಇಟ್ಕೊಂಡು ದಿನಾ ಬೆಳ್ಗಾಗೆದ್ರೆ ಅಡ್ಗೆಮನೆಯೆಲ್ಲ ಕೆರೆ ಆಗೋಗಿರತ್ತೆ, ಆ ನೀರ್ನೆಲ್ಲ ಬಾಚಿ ಬಾಚಿ ನಂಗ್ ಸಾಕಾಗೋಗಿದೆ, ಇನ್ನ್ ನನ್ಕೈಲಾಗಲ್ಲ. ಇದ್ನ ಮಾಡಿದ್ ಕಂಪ್ನಿಗೊಂದ್ ದೊಡ್ ನಮ್ಸ್ಕಾರ!",Anger
ನನ್ ಫೋನ್ ಬಳ್ಸಿ ಕ್ಯಾಬ್ ಬುಕ್ ಮಾಡ್ಬೋದು ಅಂತ ನಂಗಂತೂ ತುಂಬಾ ಖುಷಿನಪ್ಪ. ಇನ್ಮುಂದೆ ಆಟೋ ರಿಕ್ಷಾ ಹುಡ್ಕೋ ತಲೆಬಿಸಿ ಇಲ್ಲ.,Happiness
ನನ್ ಹಣಕಾಸಿನ್ ಸ್ಥಿತಿ ನಾನ್ ಕಟ್ಬೇಕಾದ್ ತೆರಿಗೆಗಳ್ಮೇಲೆ ಇಷ್ಟೊಂದ್ ಪರಿಣಾಮ ಬೀರತ್ತೆ ಅಂತ ನಾನ್ ಎಣಿಸಿರ್ಲಿಲ್ಲ.,Surprise
"ಆ ವಿಸಿಟಿಂಗ್ ಡಾಕ್ಟ್ರು ಎಷ್ಟ್ ಒರ್ಟಾಗ್ ಮಾತಾಡ್ತಾರೆ, ನಂಗ್ ಅವ್ರ್ನ ಕಂಡ್ರೇ ಆಗಲ್ಲ. ಅವ್ರತ್ರ ಹೋಗಕ್ಕೆ ಚೂರು ಇಷ್ಟ ಇಲ್ಲ ನಂಗೆ.",Anger
ಎಂಥ ಹರಸಾಹಸ ಆಗಿತ್ತಿದು! ಮಾರ್ಕೆಟ್ಟಲ್ಲಿ ಈ ಸಣ್ಣ ಸ್ಟಾರ್ಟಪ್ ಇಷ್ಟ್ ದೊಡ್ಡ್ ಪ್ಲೇಯರ್ ಆಗತ್ತೆ ಅಂತ ನಾನ್ ಯಾವತ್ತೂ ಅನ್ಕೊಂಡಿರ್ಲಿಲ್ಲ.,Surprise
ಅರೆರೇ! ಇದು ನಾನ್ ತುಂಬಾ ದಿನಗಳಿಂದ ಹುಡುಕ್ತಿದ್ ಟೀಷರ್ಟು! ಕೊನೆಗೂ ಸಿಕ್ಬಿಡ್ತು ನಂಗೆ!,Surprise
ನಾನ್ ಎಷ್ಟ್ ತುರ್ತಾಗ್ ಡೆಲ್ಲಿಗ್ ಹೋಗ್ಬೇಕಿದೆ ಅಂತ ಅರ್ಥನೇ ಮಾಡ್ಕೋಳ್ದೇ ಈ ರೈಲ್ವೇ ಬುಕಿಂಗ್ ಕ್ಲರ್ಕು ಕೌಂಟರಿಂದ ದೂರ ಹೋಗಿ ಅಂತ ನನ್ಮೇಲ್ ಕೂಗಾಡ್ಬಿಟ್ರು.,Sadness
"ಈ ರಾಜಕಾರಣಿಗಳು ಅಕ್ರಮವಾಗ್ ಗಳ್ಸಿದ್ ದುಡ್ಡು, ಆಸ್ತಿನೆಲ್ಲ ಉಳುಸ್ಕೊಳಕ್ಕೆ ಯಾವ್ ಮಟ್ಟಕ್ ಬೇಕಾದ್ರೂ ಇಳ್ಯೋದ್ನೋಡಿ ನಂಗವ್ರ್ ಬಗ್ಗೆ ಇದ್ದ್ ಗೌರವಯೆಲ್ಲ ಮಣ್ಣ್ ಪಾಲಾಯ್ತು.",Disgust
"ನಾನು ನನ್ಕೈಲಿ ಸಾಧ್ಯವಾದಷ್ಟ್ ಫಾಸ್ಟಾಗ್ ಓಡೋಕ್ ಪ್ರಯತ್ನಪಟ್ಟೆ, ಆದ್ರೂ ರೇಸಲ್ಲಿ ನಾನೇ ಕೊನೇಗ್ ಬಂದಿದ್ದು.",Sadness
ಫೀಸ್ ಜಾಸ್ತಿ ಆಗಿರೋದು ನಿಮ್ ಕುಟುಂಬದ್ಮೇಲೆ ಅನಗತ್ಯವಾಗಿ ಹಣಕಾಸಿನ್ ಒತ್ತಡ ಆಗತ್ತೋ ಏನೋ.,Fear
ಸರ್ಕಾರ್ದಲ್ಲ್ ನಡೀತಿರೋ ಭ್ರಷ್ಟಾಚಾರದ್ ಬಗ್ಗೆ ಓದ್ದಾಗ ನಂಗವ್ರ್ನೆಲ್ಲ ಕೊಂದ್ ಹಾಕ್ಬಿಡ್ಬೇಕು ಅನ್ಸತ್ತೆ.,Anger
ಅವ್ಳ್ ತಂಡಕ್ಕೆ ಯೋಗ್ಯವಾಗಿ ಸಿಗ್ಬೇಕಿದ್ದ ಗೆಲುವು ಸಿಕ್ಕಿದ್ರಿಂದ ಪ್ರೇಮಾ ಖುಷಿಲಿ ಕುಣ್ದು ಕುಪ್ಪಳ್ಸ್ಬಿಟ್ಳು.,Happiness
ಈ ಆಕ್ಟರಿಗಿ ಇಷ್ಟ್ ದೊಡ್ಡ್ ಪಾತ್ರ ಯಾಕರೇ ಕೊಡ್ತಾರಂತೀನಿ. ಅವನಿಗಿ ಆಕ್ಟಿಂಗೇ ಬರಲ್ಲಾ.,Disgust
ಸ್ವಿಸ್ ಟ್ರೇನ್ಗಳ್ದು ಟೈಂ ಅಂದ್ರ ಟೈಂ ಅಂತ ಯಲ್ಲಾರೂ ಹಾಡಿ ಹೊಗಳ್ತಾರ ಅಂಥಾದ್ರಾಗ್ ಅದು ಐದ್ ನಿಮಿಷ್ ತಡಾಮಾಡ್ ಬಂದದಂದ್ರ ನಂಬ್ಲಿಕ್ಕಾಗಂಗಿಲ್ಲ.,Surprise
ಕಂಪನಿಯ ಬೋರ್ಡ್ ಸದಸ್ಯರು ತಮ್ ಹಿತಾಸಕ್ತಿಗಳು ಹೊಂದ್ಕೆ ಆಗ್ದಿರೋದ್ನ ಬಾಯ್ಬಿಟ್ ಹೇಳ್ದೆ ಮುಸುಕಿನ್ ಯುದ್ಧ ಮಾಡ್ತಿರೋದ್ ನೋಡುದ್ರೆ ಅಸಹ್ಯ ಆಗ್ತಿದೆ.,Disgust
ಪಲೀಕರನೈಯಲ್ಲಿರೋ ಕಸದ್ ರಾಶಿ ಮುಂದೆ ಮೂಗ್ ಮುಚ್ಕೊಳ್ದೇ ಗಾಡಿ ಓಡ್ಸ್ಕೊಂಡ್ ಹೋಗಕ್ಕಾಗದೇ ಇಲ್ಲ. ಚೂರ್ ಉಸ್ರೆಳ್ಕೊಂಡ್ರೂ ಗಬ್ಬು ವಾಸ್ನೆಗೆ ವಾಂತಿನೇ ಬಂದ್ಬಿಡತ್ತೆ.,Disgust
ಟ್ರಾಫಿಕ್ ಜಾಮ್ ಆಗಿದ್ದಾಗ ಎಲ್ರಿಗಿಂತ ಮುಂದೆ ನುಗ್ಗೋ ಭರದಲ್ಲಿ ಜನ ನಾನ್ ನಡ್ಕೊಂಡ್ ಹೋಗ್ತಿದ್ ಫುಟ್ಪಾತ್ಮೇಲೆಲ್ಲ ಗಾಡಿ ಹತ್ಸಿದ್ನೋಡಿ ನಂಗ್ ಪಿತ್ತ ನೆತ್ತಿಗೇರಿತ್ತು.,Anger
"ಓನರ್ ಮೇಲೆ ಕೂಗಾಡೋದು, ಉಲ್ಟಾ ಮಾತಾಡೋದೆಲ್ಲ ಮಾಡ್ಬೇಡ್ರೋ! ಅವ್ನ್ ನಮ್ನ ಇಲ್ಲಿಂದ ಒದ್ದು ಹೊರಗ್ ಹಾಕ್ಬೋದು, ನೆನ್ಪಿರ್ಲಿ!",Fear
"ಈ ಸ್ಟ್ಯಾಂಡಲ್ಲಿರೋ ಎಲ್ಲಾ ಆಟೋ ಡ್ರೈವರ್ಸೂ ಈ ಹಿಂದೆ ಏನೂ ಪ್ರಶ್ನೆ ಕೇಳ್ದೆ ನನ್ನನ್ನ ಮನೆಗ್ ತಲ್ಪ್ಸಿದಾರೆ, ಆದ್ರೆ ನೀವಿವತ್ತು ಬರಲ್ಲ ಅಂತಿರೋದ್ನೋಡಿ ನಂಗ್ ಆಶ್ಚರ್ಯ ಆಗ್ತಿದೆ!",Surprise
"ನಿಂಗೇನ್ ಹುಚ್ಚ್ ಹಿಡ್ದಿದ್ಯಾ? ಚಿಕಿತ್ಸೆ ಪ್ರಾರಂಭ ಆದಾಗ ನಲವತ್ತೈದ್ ದಿನಯೆಲ್ಲ ರೆಸ್ಟ್ ಮಾಡ್ಬೇಕು ಅಂತ ಡಾಕ್ಟ್ರೇನ್ ಹೇಳಿರ್ಲಿಲ್ಲ. ನಾನೀಗಾಗ್ಲೇ ಇಪ್ಪತ್ತೊಂದ್ ದಿನದಿಂದ ಮನೆಲೇ ಇದ್ದು ಎಲ್ಲ ಆರೈಕೆ ಮಾಡ್ಕೊಂಡಿದೀನಿ, ಈಗ ಇನ್ನೂ ನಾನ್ ಕೆಲ್ಸಕ್ ಹೋಗ್ದಿದ್ರೆ ಕೆಲ್ಸ್ದಿಂದ್ಲೇ ಕಿತ್ಹಾಕ್ತಾರಷ್ಟೇ ನನ್ನನ್ನ.",Anger
ನೀನ್ ಬರ್ದಿರೋ ಉತ್ರಗಳ್ನ ಓದಿದೀಯಾ ನೀನು? ಅದ್ನೆಲ್ಲ ಓದಿ ನಂಗೆ ತಲೆನೋವ್ ಬಂದ್ಹೋಯ್ತು.,Anger
"ನಾನ್ ಡ್ರೈವರ್ಗೆ ಮೆಸೇಜ್ ಕಳ್ಸಿದೀನಿ, ಆದ್ರೆ ಅವ್ನು ಕುಡ್ದಿದಾನೆ ಅನ್ಸತ್ತೆ ಮತ್ತೆ ಈ ಹೊತ್ತಲ್ಲಿ ಬೇರೆ ಯಾವ್ ಕ್ಯಾಬೂ ಸಿಗೋ ಲಕ್ಷಣ ಇಲ್ಲ.",Fear
"ನನ್ ಕ್ರೆಡಿಟ್ ಕಾರ್ಡಿನ್ ಮ್ಯಾಲ ಕಮ್ಮಿ ಬಡ್ಡಿಗಿ ಚೌಕಾಸಿ ಮಾಡ್ದೆ, ಅವ್ರು ಒಪಗೊಂಡ್ರು ನೋಡ್ರಿ, ನಾ ಹಿಗ್ಗಿ ಹೀರಿಕಾಯಿ ಆಗಿನಿ.",Happiness
"ಅಲ್ಲಾ ಈ ಟಾಪ್ ಮ್ಯಾನೆಜ್ಮೆಂಟಿನವ್ರು ಹೆಂಗ ಏನು ಅಂತ ಸರೀ ಆಗಿ ಮೊದ್ಲ ಹೇಳಂಗಿಲ್ಲಾ ಆಮ್ಯಾಲ್ ಏನರೆ ತಪ್ಪಾದ್ರ ನಮ್ ಟೀಮಿನ್ ತಲಿ ಮ್ಯಾಲ್ ಗೂಗಿ ಕೂಡಸ್ತಾರ, ಏನ್ ಮಾಡ್ಬೇಕ್ ಇಂಥಾವ್ರಿಗಿ.",Anger
ಈ ಐತಿಹಾಸಿಕ ಉತ್ಖನನದ್ ಬಗ್ಗೆ ನೀವ್ ಇಷ್ಟೊಂದ್ ಉತ್ಸಾಹದಲ್ಲಿರೋದನ್ನ ನೋಡೋದೇ ಒಂದ್ ಸೊಗಸು!,Happiness
"ಈಗ್ ಹೋಗಿ ಬ್ಯಾಟಿಂಗ್ ಮಾಡೋಕೆ ನಂಗ್ ಹೆದ್ರಿಕೆ ಆಗ್ತಿದೆ. ಮಾಲಿಂಗ ಯಾರ್ಕರ್ಸ್ ಬೌಲಿಂಗ್ ಮಾಡೋಕ್ ಶುರು ಮಾಡಿದಾನೆ, ಅವ್ನ್ ಚೆಂಡು ನನ್ ತಲೆಗ್ ಬಡೀಬೋದು.",Fear
ನಾನ್ ಇಲ್ಲಿವರ್ಗೆ ಕಡ್ಮೆ ಅಂದ್ರೂ ಮೂರ್ ರೈಡ್ಸ್ ಬುಕ್ ಮಾಡಿದೀನಿ. ಆದ್ರೆ ಪ್ರತೀ ಸಲನೂ ಡ್ರೈವರ್ಗಳು ಅದ್ನ ರದ್ದ್ ಮಾಡ್ತಿದಾರೆ.,Sadness
ಆ ಬುಕ್ಕಿಂಗ್ ಗುಮಾಸ್ತ ಬುಕ್ ಮಾಡ ಮುನ್ನ ರೊಕ್ಕ ಉಳ್ಯೂ ಹಂಗ ವಿದ್ಯಾರ್ಥಿಗಳ್ ಸಲ್ವಾಗಿರ ಡಿಸ್ಕೌಂಟ್ ಬಗ್ಗೆ ಹೇಳ್ದಾಗ ನಂಗ ದಂಗಾಯ್ತು.,Surprise
ಕೆಲವ್  ಆಫೀಸ್ಲಿ  ಕೆಲವ್ ಕಡೆ  ಸ್ವಚ್ಛ ಮಾಡಿಲ್ಲ ಅನ್ನೋ ಬಗ್ಗೆ ಕ್ಲೈಂಟಿಂದ್  ನಮ್ಗೆ ದೂರು ಬಂತ್  ಇದ್ರಿಂದ ನಂಗ್ ತುಂಬಾ ಬೇಜಾರಾಯ್ತು.,Sadness
"ಅಷ್ಟೆಲ್ಲ ಸರ್ಕಸ್ ಮಾಡಿ ಇ.ಪಿ.ಎಫ್.ಒ. ದುಡ್ಡನ್ ತಗೊಳೋಷ್ಟ್ರಲ್ಲೇ ಸುಸ್ತಾಗೋಗತ್ತೆ, ನಾನದ್ಕೋಸ್ಕರ ಇನ್ಯಾವತ್ತೂ ಪ್ರಯತ್ನನೇ ಮಾಡಲ್ಲ.",Disgust
ತುಂಬಾ ಜನ ಬಾಲಿವುಡ್ ನಟರನ್ನ ಕಾರ್ಯಕ್ರಮಗಳಲ್ಲಿ ಪ್ರದರ್ಶನ ಕೊಡಿ ಅಂತ ಮಾಫಿಯಾದೋರು ಬಲವಂತ ಮಾಡ್ತಾರಂತೆ.. ಇದೆಲ್ಲ ಹೀಗಿರತ್ತೆ ಅಂತ ಗೊತ್ತೇ ಇರ್ಲಿಲ್ಲ ನಂಗೆ.. ಮಾಫಿಯಾ ಅಂತ ಕೇಳಿದ್ರೇ ಎದೆ ನಡ್ಗತ್ತೆ ಸದ್ಯ..,Fear
ನಮ್ ಬೀದಿಲಿ ಎಷ್ಟೋ ಮನೆಗಳ್ನ ಅಕ್ರಮವಾಗ್ ಕಟ್ಕೊಂಡಿರೋದ್ ನೋಡಿದ್ರೆ ನಂಗ್ ಮೈಯೆಲ್ಲ ಉರ್ಯುತ್ತೆ.,Anger
ಈ ಹೋಟೆಲ್ ಸುತ್ತಮುತ್ತ ಏನೇನೋ ಕಟ್ತಾ ಇರೋದ್ರಿಂದ ಆ ಕೆಲ್ಸಗಳ್ ಶಬ್ದ ಅದ್ಯಾವ್ ಪಾಟಿ ಕೇಳಿಸ್ತಿದೆ ಅಂದ್ರೆ ನಂಗ್ ತಲೆ ಸಿಡ್ಯೋಷ್ಟ್ ಚಿಟ್ಟಾಗೋಗಿದೆ.,Anger
ನಂಗಿವತ್ತು ಮನ್ಸ್ ಯಾಕೋ ಸರಿಯಿಲ್ಲ.. ಈ ಸಂಗೀತನೋ.. ಅದ್ನ ಕೇಳ್ತಿದ್ರೆ ನನ್ ಬೇಜಾರಿನ್ನೂ ಜಾಸ್ತಿ ಆಗ್ತಿದೆ.,Sadness
ಸಂಘದ್ ಸಭೆಲಿ ಕೆಲ್ವು ಮನೆಗಳೋರು  ಸುಮ್ಸುಮ್ನೆ ದೊಡ್ದಾಗ್ ಗಲಾಟೆ ಮಾಡಿ ರಂಪ ಎಬ್ಸಿದ್ ನೋಡಿ ನಂಗ್ ಅಲ್ಲಿಂದ ಎದ್ದ್ ಹೋಗ್ಬಿಡಣ ಅನ್ಸ್ಬಿಡ್ತು.,Disgust
ಅವ್ನು ಪ್ರತೀ ಸಲ ಬೌಲ್ ಮಾಡ್ವಾಗ್ಲೂ ಯಾಕ್ ಹಾಗ್ ಚೆಂಡನ್ನ ನೆಕ್ತಾನೆ?!,Disgust
"ಕೆಲ್ಸ ಹೆಂಗ್ ನಿಭಾಯ್ಸ್ಬೇಕಂತ ಯಷ್ಟರೇ ಹೈರಾಣ ಆಗ್ಲಿಕತ್ತದ ಮತ್ ಮನಸ್ಸಿಗಿ ಭಾಳ ತಳ್ಮಳ್ ಅನಸ್ಲಿಗತ್ತದ, ನಂಗೀ ತಲಿನೋವ್ ತಡೀಲಿಕ್ಕೇ ಆಗಲ್ದು.",Anger
ಟೊಮೆಟೊ ಬೆಲೆ ಜಾಸ್ತಿಯಾಗಿರೋದೇ ಗೊತ್ತಿಲ್ವಾ ನಿಮ್ಗೆ? ಕೆಲ್ವ್ ವಾರಗಳಿಂದ ಏನ್ ಕಾಡಲ್ಲಿದೀರೋ ಹೇಗೆ?!,Disgust
ಈ ರೋಲರ್ ಕೋಸ್ಟರ್ಗಳು ನಿಜ್ವಾಗ್ಲೂ ಭಯಂಕರನಪ್ಪ! ನಂಗಂತೂ ತಲೆತಿರ್ಗಿ ಪ್ರಾಣನೇ ಹೋದಂಗಾಗತ್ತೆ.,Fear
"ಈ ಸಾಲದ್ ಹೊರೆ ಅಷ್ಟೊಂದ್ ವರ್ಷ ಇರತ್ತೆ, ನಿನ್ ಕೈಲಿ ಅದ್ನ ಭರಿಸೋಕಾಗತ್ತಾ ಅಂತ ನಮ್ಗೆ ಖಾತ್ರಿ ಇಲ್ಲ, ಆತಂಕ ಆಗ್ತಿದೆ ಅದ್ರ್ ಬಗ್ಗೆ.",Fear
"ವಾಹ್, ಎರಡ್ ವರ್ಷದಲ್ಲೇ ಇದೇ ಮೊದಲ್ನೇ ಸಲ ಬಸ್ ಬರೋದ್ ತಡ ಆಗಿದೆ ಇವತ್ತು.",Surprise
ನ್ಯೂಸ್ ಪೇಪರ್ ಹಾಕೋರು ಪ್ರತೀ ತಿಂಗ್ಳು ಬಿಲ್ ಕಳ್ಸೋದ್ನ ಎಷ್ಟ್ ವ್ಯವಸ್ಥಿತ್ವಾಗ್ ಮಾಡ್ತಾರೆ ಅಂದ್ರೆ ನಂಗವ್ರ್ ಶಿಸ್ತು ತುಂಬಾನೇ ಮೆಚ್ಗೆ ಆಗತ್ತೆ. ನಾನ್ ಆ ಖರ್ಚಿನ್ ಬಗ್ಗೆ ಜಾಸ್ತಿ ತಲೆನೇ ಕೆಡಿಸ್ಕೊಳ್ದೇ ಆರಾಮಾಗ್ ಪೇಪರ್ ಓದ್ಕೊಂಡಿರ್ಬಹುದು.,Happiness
"ಕತ್ಲಾದ್ಮೇಲೆ ಊರಲ್ಲಿ ಒಬ್ಬ ಸರಣಿ ಕೊಲೆಗಾರ ತಿರ್ಗಾಡ್ತಿದಾನಂತೆ, ಅದ್ಕೇ ನಾನ್ ರಾತ್ರಿ ಹೊತ್ತು ಜಪ್ಪಯ್ಯ ಅಂದ್ರೂ ಮನೆಬಿಟ್ಟ್ ಆಚೆ ಹೋಗಲ್ಲಪ್ಪ.",Fear
ನಿನ್ನಂಥಾ ಅನುಭವಸ್ಥ ಮತ್ ಕೆಲ್ಸೇ ದೇವ್ರ್ ಅನ್ಕೊಂಡಂಥಾವ್ರಿಗಿ ಮತ್ ನಾವ್ ಈ ನೌಕ್ರಿನ್ಯಾಗ್ ಹೆಂಗ ಹುಡಕ್ಬೇಕ್ ಅನ್ನದೇ ನನ್ ತಲಿ ಕೊರಿಲಿಕತ್ತದ.,Fear
"ಇಷ್ಟ್ ಕಡ್ಮೆ ಬೆಲೆ ಇರೋದ್ ನೋಡುದ್ರೆ, ಈ ತರ್ಕಾರಿಗಳು ಒಳ್ಳೇವೋ ಅಲ್ವೋ ಅಂತ ಅನ್ಮಾನ ಬರ್ತಿದೆ ನಂಗೆ, ಕೀಟನಾಶಕ ಹಾಕಿರಲ್ಲ ತಾನೇ ಇವಕ್ಕೆಲ್ಲ!",Fear
"ಎರಡ್ ಸಾವಿರದ್ ಹದಿನೈದರಾಗ ಚೆನ್ನೈನ್ಯಾಗ್ ದೆವ್ವನಂಥಾ ಮಳಿ ಹೊಡಿಲಿಕತ್ತಿತಾ, ಅವಾಗ ಯಲ್ಲಿ ಕರೆಂಟಿನ್ ತಂತಿ ಚಟಾಚಟಾ ಕಡದ್ ಬೀಳ್ತಾವಂತ ನಂಗ ಯದಿನೇ ಡಬ್ ಅನ್ದಿತ್ತು.",Fear
ಟರ್ಕಿ ಭೂಕಂಪ್ದಿಂದ ಮನುಷ್ರು ಅಷ್ಟೆಲ್ಲ ಸಂಕಷ್ಟ ಅನುಭವ್ಸ್ತಾ ಇರೋ ದೃಶ್ಯ ನೋಡಿ ನಂಗ್  ದುಃಖ ಉಮ್ಮಳ್ಸ್ಬಂತು.,Sadness
ನಾನ್ ನಿಮ್ ಜೊತೆ ಸರ್ಯಾಗ್ ಮಾತಾಡಲ್ಲ ಅನ್ನೋದ್ನೇ ನೆಪ ಮಾಡ್ಕೊಂಡು ನೀವ್ ನನ್ನನ್ನ ಬೋರ್ಡಿಂಗ್ ಸ್ಕೂಲಿಗ್ ಸೇರ್ಸಕ್ ನೋಡ್ತಿಲ್ಲ ತಾನೇ?!,Fear
"ನಾವ್ ನಮ್ ಗುರಿಗಳ್ನೆಲ್ಲ ನಿಗದಿ ಆಗಿದ್ ಸಮಯಕ್ಕಿಂತ ಮುಂಚೆನೇ ಸಾಧ್ಸ್ಬಿಟಿದಿವಿ, ನಾನಂತೂ ಸ್ವರ್ಗ್ದಲ್ ತೇಲಾಡ್ತಾ ಇದೀನಿ.",Happiness
"ಈ ವರ್ಷ್ ನಂ ಅನಿವರ್ಸರಿ ಧೂಮ್ ಧಾಮ್ ಅಂತ ಮಾಡಬೇಕ ಅನ್ಕೊಂಡಿದ್ದೆ, ಅಕಿಗಿ ಮಸ್ತ್ ಗಿಫ್ಟ್ ಕೊಡ ಮನ್ಸಿತ್ತು. ಆದ್ರ ಯಾವಾಗ್ಲೂ ಖರ್ಚು ಮೂಗ್ಹಿಡಿತದ.",Sadness
"ಇಶ್ಶೀ! ಟೀಚರ್, ಈ ಕೇಶವ್ ಅವ್ನ್ ರಬ್ಬರ್ನ ಜಗೀತಾ ಇದಾನೆ.",Disgust
ಈ ಬೆಲೆಬಾಳೋ ಹಳೇ ಕುರ್ಚಿಗಳ್ನ ಮಾರಾಟ ಮಾಡೋ ಬಗ್ಗೆ ನಂಗ್ ಸ್ವಲ್ಪ ಕಳವಳ ಆಗ್ತಾ ಇದೆ.,Fear
"ಕಾರ್ಯಕ್ರಮಕ್ಕೆ ಹೊಂದ್ಕೆ ಆಗೋ ಥರ ಸರ್ಯಾಗ್ ಒಂದ್ ಕೇಕ್ನೂ ಆಯ್ಕೆ ಮಾಡಕ್ಬರಲ್ಲ ಇವ್ರಿಗೆ, ಎಲ್ಲ ನನ್ ಕರ್ಮ!",Disgust
"ಹೊಸ ಕ್ಲೈಂಟ್ಗೆ ತೋರಿಸ್ಬೇಕಿರೋ ಈ ಪ್ರೆಸೆಂಟೇಷನ್ನ ಒಂದ್ಸಲ ನೋಡಿ ಅದೇನ್ ತಪ್ಪ್ಗಳಿವ್ಯೋ ಅವನ್ನ ಮುಂಚೆನೇ ತಿದ್ದೋದ್ಬಿಟ್ಟು ನೀವ್ ತುಂಬಾ ತಡ ಮಾಡ್ಬಿಟ್ರಿ, ಛೇ! ನೀವ್ ಯಾವಾಗ್ಲೂ ಹೀಗೇ ಮಾಡ್ತೀರಿ.",Disgust
"ತುಂಬಾನೇ ಸೆಖೆ ದಿನಗಳಾದ್ಮೇಲೆ ಈಗ ಈ ತಂಪಾದ್ ಮಳೆ ವಾತಾವರಣ ನನ್ ಮನ್ಸಿಗೆ ಇನ್ನಿಲ್ದಷ್ಟು ಖುಷಿ, ಉತ್ಸಾಹ ತುಂಬ್ಬಿಡತ್ತೆ.",Happiness
"ನಾ ವಾಚ್ಮನ್ಗ ಒಂಸ್ವಲ್ಪ ರೊಕ್ಕಾ ಕೊಟ್ಟೆ ಸುಮ್ ಟಿಪ್ಸ್ ಅಂತ, ಅವ್ರು ಅಗ್ದಿ ಮರ್ಯಾದಿಲಿಂದ ತೊಗೊಂಡ್ರು.. ನನ್ ಮನ್ಸಿಗಿ ಹಿತ ಆಯ್ತು.",Happiness
"ಹೋದ್ವಾರ ಇಲ್ಲ್ ನಡ್ದಿದ್ ಪಂದ್ಯಾವಳಿಲಿ ಆ ಫುಟ್ಬಾಲ್ ರೆಫ್ರಿ ಪಕ್ಷಪಾತ ಮಾಡಿ ನಿರ್ಧಾರ ತಗೊಂಡಿದ್ದು ಅಕ್ಷಮ್ಯ, ನಾನದ್ನ ಗಟ್ಯಾಗಿ ಖಂಡ್ಸಿ ತರಾಟೆಗ್ ತಗೊಂಡಿದ್ದೆ ಅವ್ರನ್ನ.",Anger
ತೆರಿಗೆ ಫೈಲಿಂಗ್ ಇಷ್ಟೊಂದ್ ಗೊಂದಲಮಯವಾಗಿರತ್ತೆ ಅಂತ ನಾವ್ ಅನ್ಕೊಂಡಿರ್ಲಿಲ್ಲ!,Disgust
"ಈ ಸಂಗೀತ ಅದೆಷ್ಟ್ ಜೋರಾಗಿ, ತಲೆ ಸಿಡ್ಯೋ ಹಾಗಿದೆ ಅಂತ ಉರ್ದೋಗ್ತಿದೆ ನಂಗೆ.. ಬೇರೆ ಯಾವ್ದ್ರ್ ಬಗ್ಗೆನೂ ಗಮನ ಹರ್ಸೋಕ್ ಆಗ್ತಿಲ್ಲ ಇದ್ರಿಂದಾಗಿ.",Anger
"ನಮ್ ಕ್ರಿಕೆಟ್ ಟೀಮ್ ಸೋತಾಗ ಟಿ.ವಿ.ನೇ ಒಡ್ದ್ ಹಾಕೋಷ್ಟ್ ಸಿಟ್ಟ್ ಬಂದಿತ್ತು ನಂಗೆ, ಸ್ವಲ್ಪನೂ ನೆಟ್ಗ್ ಆಡಲ್ಲ ಇವ್ರ್ಗಳು.",Anger
"ರೀ ಸುಂದರ್ಶ್ಯಾಮ್ ಅವ್ರೇ, ಸುದ್ದಿ ಕೇಳುದ್ರಾ ನೀವು? ಪ್ರೊಫೆಸರ್ ಸೌಮ್ಯ ಪರೀಕ್ಷೆನ ರದ್ದ್ ಮಾಡಿದಾರೆ ಕಣ್ರೀ.. ಮತ್ತೆ ನಾವು ರಜೆ ತಗೊಳ್ಬೋದು ಅಂತ್ಲೂ ಹೇಳಿದಾರೆ!",Surprise
ಈ ಅಂಗ್ಡಿಲಿ ಈಗಾಗ್ಲೇ ಯಾರಾದ್ರೂ ಬಳ್ಸಿರೋ ಪುಸ್ತಕಗಳ್ನ ಮಾರಾಟ ಮಾಡ್ತಾರೆ ಅಂತ ನನ್ ಸ್ನೇಹಿತ ಹೇಳಿದ್ದ. ಆದ್ರೆ ಅಂಗ್ಡಿಯೋರು ಇಲ್ಲಿ ಅಂಥವನ್ನ ಮಾರಾಟ ಮಾಡೋಲ್ಲ ಅಂದ್ಬಿಟ್ರು. ಇಷ್ಟ್ ದೂರ ಬಂದಿದ್ದು ವ್ಯರ್ಥ ಆಯ್ತು.,Sadness
ಫೈನಾನ್ಸೆಲ್ಲ ಪ್ಲಾನ್ ಮಾಡೋನು ಅವ್ನ್ ಕೆಲ್ಸನ ನಯಾಪೈಸೆ ಚೆನಾಗ್ ಮಾಡಿಲ್ಲ.,Anger
ಬಸ್ಸಲ್ ಬರ್ತಿದ್ದೋನೊಬ್ಬ ತನ್ ಟಿಕೆಟ್ಗೆ ದುಡ್ಡ್ ಕೊಡಲ್ಲ ಅಂದಾಂತ ಬಸ್ನೇ ನಿಲ್ಸ್ಬಿಟ್ರು. ನಾನೋ ಸಮಯಕ್ ಸರ್ಯಾಗಿ ಆಫೀಸಿಗ್ ಹೋಗಕ್ಕಾಗ್ತಿಲ್ವಲ ಅಂತ ಕೆಂಡಾಮಂಡ್ಲ ಆಗೋಗಿದ್ದೆ.,Anger
ಎಂಜಿನ್ ರನ್ ಆಗ್ತಿರುವಾಗ್ಲೇ ಡ್ರೈವರ್ ಕಾರಿಗೆ ಪೆಟ್ರೋಲ್ ತುಂಬಿಸ್ತಾ ಇದಾನೆ. ನಾವು ಕಾರಿಂದ ಇಳ್ದು ಓಡಿದ್ರೆ ಒಳ್ಳೇದೇನೋ ಅಲ್ವಾ? ಕಾರ್ ಸ್ಫೋಟ ಆಗತ್ತೆ ಅನ್ಸ್ತಿದೆ ನಂಗೆ.,Fear
ನನ್ ಬ್ಯಾಗಲ್ಲಿ ಒಂದ್ ಹಲ್ಲಿ ಸೇರ್ಕೊಂಬಿಟಿದೆ. ಏನ್ ಮಾಡ್ಲಿ ನಾನೀಗ?,Fear
"ಅಂತೂ ಕಡೆಗೂ ನನ್ ತಲೆಮೇಲಿಂದೊಂದ್ ಭಾರ ಇಳ್ದಂಗನ್ಸ್ತಿದೆ. ಈ ಫ್ರಿಜ್ಜೊಳ್ಳೆ ತಿಕ್ಲ್ ಹಿಡ್ದಂಗಾಡಿ ಅದ್ರೊಳಗಿರೋ ತರ್ಕಾರಿ, ದಿನಸಿ ಎಲ್ಲ ಹಾಳಾಗೋ ಪರಿಸ್ಥಿತಿ ಇರಲ್ಲ ಇನ್ನು.. ನಾನ್ ಹೊಸ ಫ್ರಿಜ್ ತಗೊತಿದೀನಿ!",Happiness
ನಾನ್ ಉಳಿತಾಯ ಮಾಡಿದ್ದೆಲ್ಲ ದಿನ ಕಳೆದ್ಹಾಗೆ ಹೇಗ್ ಕರಗೋಗ್ತಿದೆ ಅಂತ ನೋಡ್ತಿದ್ರೆ ನನ್ ಉತ್ಸಾಹ ಎಲ್ಲ ಕುಗ್ಗ್ಹೋಗತ್ತೆ.,Sadness
"ಎಷ್ಟಹೊತ್ತ್ ನಿಂತ್ ಕೆಲ್ಸಾ ಮಾಡ್ಯಾರ, ಗಿರಾಕಿ ಸೈತ ಹೊಗಳಿಹೋದ್ರು ಖರೇ, ಆದ್ರೂ ನಮ್ ಸಫಾಯಿ ಮಂದಿಗಿ ಹೆಚ್ಚಿನ್ ಇನಾಮ್ ಕೊಡ್ಲಿಕ್ಕ ಆಗಿಲ್ಲ, ಅವ್ರಗಿ ಅದ್ ಸಿಗದು ನ್ಯಾಯ ಅಂದ್ರೂ ನಮಗ್ ಕೊಡ್ಲಿಕ್ ಆಗಲ್ಲಾ.",Sadness
ನೀವು ಆ ಹಳ್ಸೋಗಿರೋ ತಿಂಡಿ ತಿಂದ್ರಾ?! ವ್ಯಾಕ್!,Disgust
ಊಟ್ದಲ್ಲಿ ಸಿಕ್ಕಾಪಟ್ಟೆ ಎಣ್ಣೆ ಇದ್ದಿದ್ನೋಡಿ ನಂಗೆ ವಾಂತಿ ಬರೋ ಹಾಗ್ ಆಗ್ಬಿಡ್ತು.,Disgust
ಅಭಿಮಾನಿ ಒಬ್ಬ ಫೋಟೋ ತೆಕ್ಕೊಳಕ್ ಪ್ರಯತ್ನ ಪಡ್ತಿದ್ದಾಗ ಆ ನಟ ಅವ್ನನ್ನ ದೂರ ತಳ್ಳಿ ಫೋನ್ನೂ ಒಡ್ದ್ಹಾಕ್ಬಿಟ್ಟ. ಸಿಕ್ಕಾಪಟ್ಟೆ ಕೋಪ್ದಲ್ಲಿದ್ದ ಅವತ್ತವ್ನು.,Anger
ಮನಸ್ಸಿಗಿ ತ್ರಾಸಾಗ್ಲಿಕತ್ತದ.. ಎಷ್ಟ್ ಕಾಳ್ಜೀ ತೊಗೊಂಡ್ ನಾಜೂಕ್ಲಿಂದ ಬಿತ್ತಣಿಕಿ ಮಾಡಿದ್ವಿ ಆ ಬೀಜಾಗೊಳ್ ನಾವನ್ಕೊಂಡ್ಹಂಗ ಛಂದಕ್ಕ ಬೆಳೀಲೇಇಲ್ಲಾ.,Sadness
"ನಾ ಮೊದ್ಲ್ ಗ್ಯಾರೇಜಿನ್ ವಳಗ್ಹೋಗಿದ್ದೆ ಆದ್ರ ಅಲ್ಲಿ ಭಯಂಕ್ರ ಜಿಗಿಜಿಗಿ ಇತ್ತು, ಹೊಲಸ್ಮಾಡ್ಕೊಳಾರ್ದೆ ಅಲ್ಲಿ ನಿಂದ್ರಲಿಕ್ ಆಗಲ್ಲನ್ನ ಹಂಗಿತ್ತು ಹಿಂಗಾಗಿ ಹೊಳ್ಳಿ ಹೊರಗ್ ಬಂದ್ಬಿಟ್ಟೆ.",Disgust
"ಹೇಳದಿಲ್ಲಾ ಕೇಳದಿಲ್ಲಾ ನನ್ ಕ್ಲಾಸ್ ತಪ್ಸ್ಯಾರ ಇವ್ರು ತಮ್ ತಾವ್ ಲೀಡರ್ ಅಂತ ಅನ್ಕೊತಾರ, ನಂಗ ತಲಿ ಕೆಟ್ ವದರ್ದೆ.",Anger
"ಅಮೆರಿಕದಲ್ಲಿ ಗಾಡಿ ಓಡ್ಸ್ ಬಂದ್ಮೇಲೆ, ಇಲ್ಲಿ ಭಾರತದ್ ರಸ್ತೆಗಳಲ್ಲಿ ಜನ ಹೇಗಂದ್ರೆ ಹಾಗೇ ಯಡ್ಡಾದಿಡ್ಡಿ ಗಾಡಿ ಓಡ್ಸೋದ್ ನೋಡುದ್ರೆ ನಾವ್ ರಸ್ತೆಗಿಳ್ಯೋದೇ ಬೇಡ ಅನ್ಸ್ಬಿಡತ್ತೆ.",Disgust
ಬೇರೆ ಸಿಲಿಂಡರ್ ಹಾಕ್ಬೇಕಾದ್ರೆ ಗ್ಯಾಸ್ ಏಜೆನ್ಸಿಯವ್ರು ನಮ್ ಗ್ಯಾಸ್ ರೇಂಜು ಮತ್ತೆ ಟ್ಯೂಬ್ನ ದುಡ್ಡ್ ತೊಗೊಳ್ದೇ ಚೆಕ್ ಮಾಡಿದ್ದು ಖುಷಿ ಆಯ್ತು ನಂಗೆ.,Happiness
ಆರೋಗ್ಯ ಕೇಂದ್ರನ್  ಹೇಳ್ದೆ ಕೇಳ್ದೆ  ಮುಚ್ಚಿದ್ದಾರೆ  ಅಂತ  ನಂಗ್ ಚಿಂತೆ ಆಗಿದೆ ಮತ್ ಅದ್ ಯಾವಾಗ ನಮ್ಗೆ  ಲಭ್ಯವಾಗುತ್ತೆ  ಅಂತ ಕಾಯ್ತಾ ಇದ್ದೇನೆ.,Fear
ನಂಗ್ ಇವತ್ತ್ ಇಡೀ ದಿನ ಒಂದ್ರೂಪಾಯೂ ವ್ಯಾಪಾರ ಆಗಿಲ್ಲ. ದಯ್ವಿಟ್ಟು ಒಂದ್ ಗಂಟೆನಾದ್ರೂ ನಿಮ್ ಅಂಗ್ಡಿ ಮುಂದೆ ನನ್ ಸ್ಟಾಲ್ ಹಾಕಕ್ ಅವ್ಕಾಶ ಮಾಡ್ಕೊಡಿ.,Sadness
ಅಪಘಾತ್ದಲ್ಲಿ ಸೊಂಟದಿಂದ ಕೆಳಗಿನ್ ಭಾಗ ಪಾರ್ಶ್ವವಾಯುಗ್ ಒಳಗಾದ್ಮೇಲೂ ಅದ್ರಿಂದ ಗುಣಮುಖರಾಗಿ ಸಂದೀಪ್ ಸಿಂಗ್ ಭಾರತೀಯ ಹಾಕಿ ತಂಡಕ್ಕೆ ಮರಳಿದ್ದನ್ನ ನೋಡಿ ನಂಗ್ ಹೃದಯ ತುಂಬ್ ಬಂತು.,Happiness
"ಅಯ್ಯ ರಾಮಾ, ನಾ ನನ್ ಹೋಟಲ್ ರೂಮಿನ್ ಬಾಗ್ಲಾ ತಗೀಲಿಕ್ ಬರ್ಲಾರ್ದೇ ಹೊರಗ ಸಿಗಿಬಿದ್ದೀನಿ ಹೆಂಗ ಮಾಡ್ಲಿ.",Sadness
ಡೆಲ್ಲಿಲಿ ರೋಡ್ ರೇಜ್ ಘಟನೆಗಳು ಹೆಚ್ಚಾಗ್ತಿರೋದ್ ನೋಡ್ತಿದ್ರೆ ಅಲ್ಲಿಗ್ ಹೋಗಕ್ಕೇ ಭಯ ಆಗತ್ತೆ.,Fear
ನಾನ್ ಬಿದ್ದಾಗ ಒಂದ್ ಕಲ್ಲು ನನ್ ಮಂಡಿ ಒಳ್ಗೆ ಆಳವಾಗ್ ಹೊಕ್ಕೊಂಬಿಡ್ತು. ಮುಂದಿನ್ ಕೆಲ್ವು ವಾರಗಳ್ ಮಟ್ಗೆ ನಂಗ್ ಆಟ ಆಡೋಕ್ ಆಗಲ್ವೇನೋ ಅನ್ನಿಸ್ತಿದೆ.,Fear
ಜೇಮ್ಸ್ ಇಷ್ಟಗ್ಲಕ್ಕೆ ನಗ್ತಾ ಅವ್ನ್ ತಂಡದೋರ್ಗೆ ಚಪ್ಪಾಳೆ ಹೊಡೀತಾ ಉತ್ಸಾಹದಲ್ಲಿದ್ದಿದ್ದ್ ನೋಡ್ತಿದ್ರೆ ಅವ್ನ್ ಸಂಭ್ರಮ ಸ್ಪಷ್ಟವಾಗ್ ಕಾಣ್ತಿತ್ತು.,Happiness
"ಈ ಹಾಸ್ಟೆಲ್ ಮಾಲೀಕ್ರು ಒಂದೇ ಸಮ್ನೇ ಬಾಡಿಗೆನ ಜಾಸ್ತಿ ಮಾಡ್ತಾ ಇದಾರೆ, ಅವ್ರ್ ಕೇಳ್ದಷ್ಟೆಲ್ಲ ಬಾಡ್ಗೆ ಕಟ್ಟೋ ಶಕ್ತಿ ಇಲ್ಲ ನಂಗೆ.",Sadness
"ಯಪ್ಪಾ ವಿಮಾನ್ದಾಗ್ ನನ್ ಹಿಂದ್ ಕೂತಿದ್ ವಬ್ಬವ ಪ್ಯಾಸಿಂಜರ್ ಕಾಲ್ ಚಾಚಿದ್ರ ಅವು ನನ್ ಸೀಟ್ ದಾಟಿ ಹೋದ್ವು, ನೋಡಿ ನನ್ ಕಣ್ಣೇ ತಿರಗಿದ್ವು.",Surprise
"ನಿಮ್ಗಂದ್ರ ಯಾವಾಗ್ಲೂ ಸಿಗ್ತದ ಆದ್ರ ಇಷ್ಟ್ ವರ್ಸಾತು ನಂಗ್ ವಂದ್ಸಲಿನೂ ಈ ಅಂಗ್ಡೀ ವಳಗ ವಂದೂ ಛಲೋ ಡೀಲ್ ಸಿಕ್ಕೇಯಿಲ್ಲಾ, ಯೇನ್ ನಸೀಬೊ ನಂದು.. ಧತ್.",Disgust
ನಮ್ ಸಂಸ್ಥೆಯೋರು ನನ್ನನ್ನ ತಮ್ ಹೊಸ ಸಿ.ಎಂ.ಒ. ಅಂತ ಘೋಷಣೆ ಮಾಡ್ಬಿಟಿದಾರೆ.,Happiness
ಕಾಡಲ್ಲಿ ಒಬ್ನೇ ಇರೋ ಯೋಚ್ನೆಗೇ ನಂಗ್ ಎದೆ ಝಲ್ ಅಂತಿದೆ.,Fear
"ಕತ್ಲೆ ಕೋಣೆಲಿ ಒಬ್ಳೇ ಇರೋಕೆ ನನ್ಕೈಲಂತೂ ಆಗಲ್ಲಪ್ಪ, ನನ್ಜೊತೆ ಇನ್ಯಾರೋ ಏನೋ ಇರೋ ಥರ ಅನ್ಸಿ ಎದೆ ನಡ್ಗಕ್ ಶುರು ಆಗ್ಬಿಡತ್ತೆ.",Fear
ಗಾಡಿ ಓಡಿಸ್ತಿರೋ ಯಾರಾದ್ರೂ ರಸ್ತೆ ಅಡ್ಡ ಹಾಯೋ ಕಡೆ ನನ್ನನ್ನ ಅವ್ರಿಗಿಂತ ಮುಂದೆ ಹೋಗೀಂತ ಹೇಳ್ದಾಗ ನಂಗದೇನೋ ವಿಚಿತ್ರ ಖುಷಿ ಆಗತ್ತೆ.,Happiness
ಇವೆಂಟ್ ಮ್ಯಾನೇಜರ್ ಮೊದ್ಮೊದ್ಲು ಕೊಡ್ತಿದ್ದಿದ್ ಥರಾವರಿ ಸರ್ವಿಸ್ಗಳಲ್ಯಾವ್ದೂ ಈಗ ನಮ್ ಕಾರ್ಯಕ್ರಮ ನಡ್ಯೋ ಹೊತ್ಗೆ ಲಭ್ಯವಿಲ್ಲ ಅಂತ ಕೇಳಿ ನಂಗ್ ಮುಖ ಸಪ್ಪಗಾಗೋಯ್ತು.,Sadness
ಈ ಕೆಲ್ಸದಾಳ್ಗಳು ಹಬ್ಬಕ್ಕೆ ಅಥ್ವಾ ಜಾಸ್ತಿ ಕೂಲಿ ಕೊಡ್ತಾರೇಂತ ಬೇರೇವ್ರ್ ಜಮೀನಲ್ ಕೆಲ್ಸ ಮಾಡಕ್ಕೆ ಹೇಳ್ದೆ ಕೇಳ್ದೆ ಹೋಗ್ಬಿಡ್ತಾರೆ. ಇಲ್ಲಿ ನಮ್ ಹೊಲಗದ್ದೆನ ಹೇಳೋರ್ ಕೇಳೋರ್ ಇರಲ್ಲ.  ಇವ್ರ್ಗಳ್ಗೆ ಸರ್ಯಾಗ್ ಪಾಠ ಕಲಿಸ್ಬೇಕು.,Anger
ನಿಮ್ ಟ್ರಾವೆಲ್ ಕಂಪ್ನಿ ಅಂದ್ರೆ ನಂಗ್ ಅಚ್ಚ್ಮೆಚ್ಚು. ಬಂದಿಳಿಯೋದಷ್ಟೇ ಕೆಲ್ಸ ನಂಗೆ. ಆಮೇಲಿಂದೆಲ್ಲ ಅಚ್ಕಟ್ಟಾಗ್ ವ್ಯವಸ್ಥೆ ಮಾಡ್ಬಿಟಿರ್ತೀರ ನೀವು.. ನಾನ್ ಯಾವ್ದ್ರ್ ಬಗ್ಗೆನೂ ತಲೆಕೆಡ್ಸ್ಕೊಳೋ ಪ್ರಮೇಯನೇ ಇರಲ್ಲ!,Happiness
"ನಾನು ನನ್ ಫೋನಲ್ಲಿ ಬ್ಯಾಂಕ್ ಅಪ್ಲಿಕೇಷನ್ ಇನ್ಸ್ಟಾಲ್ ಮಾಡ್ದಾಗಿಂದ, ಏನೋ ಸಣ್ಣ್ ಸಮಸ್ಯೆ ಆದ್ರೂ ನಾನ್ ಬ್ಯಾಂಕಿಗ್ ಹೋಗ್ಬೇಕು ಅನ್ನೋ ಪ್ರಮೇಯ ಇಲ್ಲ. ಎಲ್ಲ ಇದ್ರಲ್ಲೇ ಬಗೆಹರ್ದೋಗತ್ತೆ.",Happiness
"ದೇವ್ರೇ, ಆ ಬೇಕರಿನ್ಯಾಗ ನಾ ಕೇಕ್ ಹೇಳಿದ್ದೆ, ಈಗ ಈ ಬಂದ್ ಕಾಲಾಗ ಅದ್ ಟೈಮಿನ್ ಮ್ಯಾಲ್ ಸಿಗ್ತದೊ ಇಲ್ಲೊ ಅನ್ನ ಡುಕುಡುಕಿ ಅದ.",Fear
ಬೆಳಗ್ಗೆ ಕಠಿಣ್ವಾದ್ ವ್ಯಾಯಾಮ ಮಾಡುದ್ರೆ ನಂಗೆಷ್ಟೋ ಸಮಾಧಾನ ಆಗತ್ತೆ ಮತ್ತೆ ಇಡೀ ದಿನ ಪಾಸಿಟಿವ್ ಆಗಿರೋ ಥರ ಮಾಡತ್ತದು.,Happiness
"ಅವ್ರಿಗೆ ಕಾನೂನಿನ್ ವಿಷ್ಯವಾಗಿ ಮಾರ್ಗದರ್ಶನ ಮತ್ತೆ ಬೆಂಬಲ ಕೋರಿ ನಾನು ವಕೀಲ್ರನ್ನ ಸಂಪರ್ಕಿಸ್ದೆ, ಆದ್ರೆ ಏನೂ ಪ್ರಯೋಜ್ನ ಆಗ್ಲಿಲ್ಲ!",Sadness
"ನಾನು ಪುಸ್ತಕದ್ ಬಗ್ಗೆ ವಿಚಾರ್ಸೋಕಂತ ಇಲ್ಲಿಗ್ಬಂದೆ, ಆದ್ರೆ ಇಲ್ಲಿ ಈ ಅಂಗ್ಡಿಲಿ ಇಷ್ಟ್ ಅವ್ಯವಸ್ಥೆ, ಗಲೀಜಾಗಿರೋದ್ ನೋಡಿ ನಂಗ್ ಬೇಗ ಇಲ್ಲಿಂದ ಓಡ್ ಹೋಗ್ಬಿಡಣ ಅನ್ಸ್ತಿದೆ.",Disgust
"ಕ್ಲೈಂಟ್ ಹೇಳಿದ್ರು, ಹೊಸ ಮನೆಲಿ ಯಾವ್ದೇ ರೀತಿಯ ಕೀಟದ್  ಸಮಸ್ಯೆ ಇರಲ್ಲ ಅಂತ್ ನಾನ್ ಅನ್ಕೊಂಡಿದ್ದೇನೆ, ನಾನ್ ಹಿಂದೆ ಇದ್  ಮನೇಲಿ  ನಂಗ್ ಕೆಟ್ಟ ಅನುಭವ ಆಗಿದೆ.",Fear
"ಇಲ್ಲಿದ್ ಊಟಂದ್ರ ನಂಗ್ ಬ್ಯಾಡೇಬ್ಯಾಡ ಅನ್ನಹಂಗಾಗ್ಯಾದ, ಆಜೂಬಾಜೂ ಚೂರೂ ಸ್ವಚ್ಛಿಲ್ಲಾ, ಜಿಡ್ಜಿಡ್ ಟೇಬಲ್ ಇವೆಲ್ಲಾ ನೋಡಿ ಅಸೈ ಬರ್ಲಿಕತ್ತದ.",Disgust
"ಬೊಂಬಾಟ್! ನಮ್ಮನೆಗೇ ಬಂದು ಕಾರ್ ವಾಷ್ ಮಾಡ್ಕೊಡೋರ್ಗೋಸ್ಕರ ಹುಡುಕ್ತಿದ್ದೆ ನಾನು, ನೀವ್ ಸಿಕ್ಕಿದ್ದು ಸರಿಹೋಯ್ತು!",Happiness
"ನಾನ್ ನಂಗೆ ಇಂಟರ್ನೆಟ್ ಸಮಸ್ಯೆ ಆಗಿದೆ ಅಂತ ಹೇಳ್ದಾಗ್ಲೆಲ್ಲ ಯಾರಾದ್ರೂ ತಕ್ಷಣ ಬರ್ತೀವಿ ಅಂತ ಹೇಳೋದೇನೋ ಹೇಳ್ತಾರೆ, ಆದ್ರೆ ಬರೋದ್ ಮಾತ್ರ ಎರಡ್ ದಿನ ಆದ್ಮೇಲೇನೇ.",Disgust
"ಆ ಹಾಡ್ಗಾರ ಹಾಡಿದ್ದೆಲ್ಲ ಪೂರ್ತಿ ಅಪಶ್ರುತಿನೇ, ಅದ್ ಕೇಳೇ ತಲೆನೋವ್ ಬಂದ್ಬಿಡ್ತು.",Disgust
ಸಣ್ ಡೆಂಟ್ನ ಸರಿ ಮಾಡಿದ್ದಕ್ಕೆ ಗ್ಯಾರೇಜ್ ನಂಗ್ ಇಷ್ಟ್ ದೊಡ್ ಬಿಲ್ ಕೊಟ್ಟಿದ್ದನ್ ನೋಡಿ ನಂಗ್ ಒಂದ್ ತರಾ ಆಯ್ತು.,Disgust
ಏನು? ಮರದ್ ಆಚಾರಿ ಅಂದ್ಮೇಲೆ ಸಾಕಷ್ಟು ಬೇರ್ಬೇರೆ ಥರದ್ ಕಬೋರ್ಡ್ ಆಯ್ಕೆಗಳ್ನ ಇಟ್ಕೊಂಡಿರ್ಬೇಕ್ ತಾನೇ! ಇವ್ರ್ ಹತ್ರ ಇಷ್ಟೇ ಇರೋದಂತಾ? ಏನ್ ಆಟ ಆಡ್ತಿದಾರಾ ನಮ್ಜೊತೆ?,Anger
"ಈಗ್ ನನ್ ಮನೆಗ್ ತರಿಸ್ತಿರೋ ವಸ್ತುಗಳ್ ಜೊತೆಗೆ ಒಂದ್ ನ್ಯೂಸ್ ಪೇಪರ್ನೂ ತರ್ಸಿದ್ರೆ ಚೆನಾಗಿರತ್ತೆ ಅನ್ಸತ್ತೆ! ಹೇಗೂ ಮನ್ಯೋರೆಲ್ಲ ಬರ್ತಾ ಇದಾರೆ, ಎಲ್ರೂ ಅವ್ರಿಗ್ ಬೇಕಾದ್ ಸುದ್ದಿ, ಅಂಕಣಗಳ್ನೆಲ್ಲ ಆರಾಮಾಗ್ ಕೂತ್ಕೊಂಡ್ ಓದ್ಬಹುದು.",Happiness
"ನಮ್ ಮ್ಯಾನೇಜರ್ರು ಅವ್ನ್ ಎದುರಿನೋನು ಏನ್ ಕೋಟ್ ಮಾಡಿದಾನೇಂತ ನೋಡಕ್ಕೆ ಕ್ಲೈಂಟ್ ರೂಮೊಳಗ್ ಇಣುಕ್ತಾ ಇದ್ದಿದ್ನೋಡಿ ನಂಗ್ ಅಸಹ್ಯ ಆಗೋಯ್ತು, ನಾಚ್ಕೆನೇ ಇಲ್ಲ ಅವ್ನಿಗೆ.",Disgust
ಇನ್ನೇನ್ ನೀರಿಗ್ ಹಾರ್ಬೇಕೂಂತ ಡೈವಿಂಗ್ ಬೋರ್ಡ್ ಮೇಲ್ ನಿಂತಿದ್ದಾಗ ಕಾಲೆಲ್ಲ ನಡ್ಕ ಬಂದ್ಬಿಡ್ತು ನಂಗೆ.,Fear
"ನಾವ್ ಅಷ್ಟೆಲ್ಲ ಕಷ್ಟ ಪಟ್ಟು ಆ ಹೊಸ ಕ್ಲೈಂಟ್ನ ನಮ್ ಜೊತೆ ವ್ಯವಹಾರ ಮಾಡಕ್ ಒಪ್ಸಿದ್ವಿ, ಈಗ್ ನೀವ್ ನೋಡುದ್ರೆ ಅವ್ರ್ ಬಗ್ಗೆ ಸಾರ್ವಜನಿಕ್ವಾಗಿ ನಾಲ್ಗೆ ಹರಿಬಿಡ್ತಾ ಇದೀರಲ, ಸ್ವಲ್ಪನೂ ಬುದ್ಧಿ ಇಲ್ವಾ ನಿಮ್ಗೆ?!",Anger
ನಾನು ನೆನ್ನೆ ಬೀಚಿಗ್ ಹೋಗಿ ಫುಟ್ಬಾಲ್ ಆಡ್ಕೊಂಡ್ ಬಂದೆ. ತುಂಬಾ ಮಜವಾಗಿತ್ತದು.,Happiness
ಪಾಸ್ಟಾನ ನಾನ್ ತುಂಬಾ ಜಾಸ್ತಿ ಬೇಯ್ಸಿದ್ರಿಂದ ಅದು ಮೆಡ್ಮೆಡ್ಡೆ ಆಗೋಗಿದ್ ನೋಡಿ ಫುಲ್ ಬೇಜಾರಾಗೋಯ್ತು.,Sadness
ಈ ಅಂಗ್ಡಿಲಿರೋ ರೆಸ್ಟ್ರೂಮ್ಗಳು ಎಷ್ಟ್ ಕೊಳಕಾಗಿವೆ ಅಂದ್ರೆ ನಂಗ್ ಅವನ್ನ ಬಳ್ಸಕ್ಕೇ ಅಸಹ್ಯ ಆಗ್ತಿದೆ.,Disgust
ಹೂಗಳ್ಮೇಲೆ ಕಾಲಿಡ್ಬೇಡಿ! ನೀವ್ ಹಾಗ್ಮಾಡಿದ್ರೆ  ನಾನ್ ಅವನ್ನ ಮಾರೋಕ್ಕಾಗಲ್ಲ! ಅಷ್ಟೂ ಗೊತ್ತಾಗಲ್ವಾ!,Anger
ಹಣ ಕೊಡ್ತೀವಿ ಅನ್ನೋ ಆನ್ಲೈನ್ ಲಿಂಕ್ಗಳ್ನೆಲ್ಲ ಕ್ಲಿಕ್ ಮಾಡೋದ್ನ ನಾನ್ ಮೂರ್ ತಿಂಗ್ಳ್ ಹಿಂದೆನೇ  ನಿಲ್ಸಾಯ್ತು ಅನ್ನೋದ್ ನಿಂಗ್ ಗೊತ್ತಿಲ್ವ?!,Surprise
"ಪಾರಿವಾಳಗಳು ಮನೆ ಒಳಗ್ಬಂದು ಎಲ್ಲ ಗಲೀಜ್ ಮಾಡ್ತವೆ ಅಂತ ಭಯ ಆಗಿತ್ತು, ಅದ್ಕೇ ನಾನ್ ಕಿಟ್ಕಿಗಳ್ಗೆಲ್ಲ ಬಲೆ ಹಾಕ್ಸ್ಬಿಟಿದಿನಿ.",Fear
ಅಯ್ಯಾ ನಮ್ ಹಣೀಬಾರ! ಈ ಊರಿನ್ದ್ ದೇಸೀ ಪದ್ಧತಿ ಏನವ ಅಂತ ನೋಡ್ಬೇಕ್ ಅಂತನ್ಕೊಂಡ್ರ ಅದಾ ಆಗ್ಲಿಲ್ಲಲಾ.,Sadness
ನಂಗಿವತ್ತು ಕೆಲ್ಸದಲ್ಲ್ ಬಡ್ತಿ ಸಿಕ್ಕಿದೆ.,Happiness
ಇತ್ತೀಚಿಗ್ ಬಂದಿರೋ ಸ್ಪೈಡರ್ ಮ್ಯಾನ್ ಸಿನ್ಮಾ ನೋಡಿ ನನ್ ಮಗಂಗೆ ತುಂಬಾ ಉತ್ಸಾಹ ಬಂದ್ಬಿಟಿದ್ಯಪ್ಪ.. ತಾನೂ ಎಲ್ರಿಗೂ ಅವ್ನ್ ಥರ ಸಹಾಯ ಮಾಡ್ಬೇಕು ಅಂತಿದ್ದ ನನ್ಹತ್ರ.,Happiness
"ನಮ್ ಸತ್ಯನೆಲ್ಲ ಪ್ರಾಮಾಣಿಕ್ವಾಗ್ ಅವ್ರ್ ಮುಂದಿಟ್ರೂ ಸುಮಾರ್ ಅಂಶಗಳ್ನೆಲ್ಲ ಆ ನ್ಯಾಯಾಧೀಶ್ರು ತಳ್ಳ್ಹಾಕಿದಾರೆ. ಮನ್ಸಲ್ಲಿ ನಮ್ ಬಗ್ಗೆ ಕಹಿ ಇರೋ, ನಮ್ಕಂಡ್ರೆ ಆಗ್ದೇ ಇರೋಂಥೋರ್ ಕೈಲಿ ಸಿಕ್ಕೊಂಡಿದೀವಿ, ಛೇ, ನಮ್ ಗ್ರಾಚಾರನೇ ಸರಿಯಿಲ್ಲ.",Disgust
ಎರಡ್ನೇ ಯೋಚ್ನೆನೇ ಇಲ್ದೇ ನೀವು ಮಾಡ್ಯುಲರ್ ಅಡ್ಗೆಮನೆನೇ ಬೇಕು ಅಂದಿದ್ದು ವಿಶೇಷ ಅನ್ಸ್ತು ನಂಗೆ. ಹಳೇ ಕಾಲ್ದೋರು ಅದ್ನ ಬೇಕು ಅನ್ನೋದು ತುಂಬಾ ಅಪ್ರೂಪ.,Surprise
"ಕಾದಂಬರಿ ಎರಡ್ನೇ ಭಾಗ ಸಿಕ್ದಾಗ ರೋಮಾಂಚನ ಆಗೋಯ್ತು ನಂಗೆ, ಎಷ್ಟ್ ಚೆನ್ನಾಗಿದೆ ಗೊತ್ತಾ ಇದ್ನ ಓದ್ತಿದ್ರೆ!",Happiness
"ಪಾಪ ನಮ್ ನಾಯಿ ತಾ ಸಾಯಮುಂದ ನಮ್ ಅಪ್ಪಾ ಮನಿಗ್ ಬಂದು ತನಗ್ ನೋಡ್ಲಿ ಅಂತ ಕಾಯ್ಲಿಕತ್ತಿತ್ತು, ಅದ್ನೋಡಿ ನಮ್ಗ ಯದಿ ಹಿಂಡ್ದಂಗ್ ಆಗ್ಲಿಕತ್ತಿತ್ತು.",Sadness
"ಅಬಾಬಾಬಾ, ಏನ್ ಆಪ್ ಅಂತೀನಿ ನನ್ ಫೋನ್ ಕ್ಯಾಮರಾಲಿಂದ ಇದ್ ಯಾ ಸಾಮಾನದ ಅಂತ ಕಂಡ್ ಹಿಡೀತದ ಅದೂ ಮತ್ ಭಾರಿ ಲಗೂನ ಪತಾ ಹಚ್ತದ.",Surprise
ಮುಂಬೈಯ ಲೋಕಲ್ ಸ್ಟ್ರೀಟ್ ಫುಡ್ ಘಮಕ್ಕೆ ಮಾರುಹೋಗ್ದೋರೇ ಇಲ್ವೇನೋ!,Surprise
ಭಾರತ್ದಲ್ಲೊಂದ್ಸಲ ನಾನ್ ಗಾಡಿ ಓಡ್ಸುವಾಗ ನಡ್ಕೊಂಡ್ ಹೋಗ್ತಿದ್ದೋರೊಬ್ರು ರಸ್ತೆ ದಾಟ್ಲಿ ಅಂತ ಜೀಬ್ರಾ ಕ್ರಾಸಿಂಗಲ್ಲಿ ಗಾಡಿ ನಿಲ್ಸ್ಕೊಂಡಿದ್ರೆ  ಹಿಂದಿದ್ದೋರು ಅದ್ರ್ ಪರಿವೆನೇ ಇಲ್ದೇ ಅಷ್ಟೊಂದ್ ಹಾರ್ನ್ ಮಾಡ್ತಿದ್ದಿದ್ದು ನಂಗ್ ತಲೆನೋವೇ ಬಂದ್ಬಿಡ್ತು.,Sadness
ಹತ್ರದಲ್ಲಿರೋ ಬೇಕ್ರಿಯಿಂದ ತಂದ ಪದರಪದರವಾಗಿರೋ ಈ ಕ್ವಾಸನ್ ತಿಂತಿದ್ರೆ ಇಲ್ಲೇ ಸ್ವರ್ಗ ಅನ್ಸ್ತಿದೆ.,Happiness
ಎದುರಾಳಿ ತಂಡದ್ ಬಗ್ಗೆ ಕೋಚ್ ಆ ಥರ ಅಗೌರವವಾಗ್ ಮಾತಾಡಿದ್ದು ಅಕ್ಷಮ್ಯ.,Disgust
ಈ ಚೀಸ್ ಕೇಕಿನ್ ಕ್ರೀಮ್ ಒಳ್ಳೆ ಸಖತ್ತಾಗಿದೆ.,Happiness
ನಮ್ ಹಾಕಿ ಟೀಮು ಎದ್ರು ತಂಡದ್ ಗೋಲ್ ಹತ್ರ ಮುನ್ನುಗ್ತಿದ್ದ್ ಹಾಗೆ ನಾವೆಲ್ರೂ ಉತ್ಸಾಹ್ದಿಂದ ಜೋರಾಗ್ ಕೂಗ್ತಿದ್ವಿ.,Happiness
"ಇದ್ನ ಹೇಳೋಕೆ ನಂಗ್ ಬೇಜಾರಾಗ್ತಿದೆ, ಆದ್ರೆ  ದುರದೃಷ್ಟವಶಾತ್, ಸದ್ಯಕ್ಕೆ ನಮ್ ಎಲ್ಲಾ ಆರ್ಡರ್ಗಳೂ ಭರ್ತಿ ಆಗೋಗಿವೆ. ನಿಮ್ಗೆ ಅನನುಕೂಲ ಆಗಿದ್ದಕ್ಕೆ ಕ್ಷಮ್ಸಿ.",Sadness
"ಹಿಂಭಾಗ್ದಲ್ಲಿ ಹಿಡ್ಕೊಳಕ್ ಒಂದ್ ರಾಡ್ ಇಲ್ದಿರೋ ಇಂಟರ್ ಸಿಟಿ ಬಸ್ಗಳೂಂದ್ರೇ ಆಗಲ್ಲ ನಂಗೆ, ನಾನ್ ಹತ್ತೋದೇ ಇಲ್ಲ ಅವನ್ನ. ಡ್ರೈವರ್ ಒಂದ್ಸಲ ಬ್ರೇಕ್ ಹಾಕ್ದಾಂದ್ರೆ ಹಿಂದೆ ನಿಂತಿದ್ದೋರು ರಪ್ಪಂತ ಪೂರ್ತಿ ಮುಂದುಕ್ ಹೋಗಿರ್ತಾರೆ.",Disgust
"ನಾನ್ ಹೋಗ್ಬೇಕಾದ್ ಜಾಗಕ್ ತಲ್ಪೋದು ಎಷ್ಟೊತ್ತಾಗತ್ತೆ? ಈ ಮೀಟಿಂಗ್ ಮೇಲೆ ನಂದ್ ಇಡೀ ಭವಿಷ್ಯನೇ ನಿಂತಿದೆ, ಚೂರೂ ತಡ ಆಗೋಹಾಗಿಲ್ಲ.",Fear
ಪ್ರವಾಸಕ್ಕೇಂತ ಬರೋರ್ಗೆ ಸಹಾಯ ಆಗ್ತಿದ್ದ ಎಲ್ಲಾ ಸಂಕೇತ್ಗಳ್ನೂ ನಗರಸಭೆಯೋರು ತೆಗ್ದ್ಹಾಕ್ಬಿಟಿದಾರೆ. ನಾವು ಕಟ್ಟೋ ತೆರಿಗೆ ಎಲ್ಲ ಅದೆಲ್ಲ್ ಹೋಗ್ತಿದ್ಯೋ ನಂಗಂತೂ ಅರ್ಥಾಗಲ್ಲ.,Anger
ಅವ್ನನ್ನ ಯಾಕ್ ಮತ್ಮತ್ತೆ ಪ್ರಶಸ್ತಿಗಳ್ಗೆ ಹೆಸ್ರು ಸೂಚಿಸ್ತಾರೋ ನಂಗರ್ಥನೇ ಆಗಲ್ಲಪ. ಅವ್ನೊಬ್ಬ ಬುರ್ನಾಸ್ ನಟ.,Disgust
ಈ ಬಾಡ್ಗಿ ಅಂಗ್ಡಿ ಜಾಗಾ ಎಷ್ಟ್ ದೊಡ್ದ್ ಅದ ಅಂತ ನಂಗ ದಂಗಾಯ್ತು. ಇಂಥಾದ್ ಖಾಲಿ ಇದ್ ಒಂದೇ ವಾರ್ದಾಗ್ ಇಲ್ ಬರ್ಲಿಕ್ಕ್ ಆಗ್ತದಂತ ನಾ ಅನ್ಕೊಂಡಿರ್ಲಿಲ್ಲಾ.,Surprise
ಅಬ್ಬಬ್ಬಾ! ಆ ಮತ್ಸ್ಯ ಬಫೆಲಿ ಅದೆಷ್ಟ್ ಥರದ್ ಪದಾರ್ಥಗಳಿದ್ವಪ್ಪ! ನಾನಂತೂ ಇನ್ನೊಂದ್ಸಲ ಅದ್ನೆಲ್ಲ ತಿನ್ನಕ್ ಅಲ್ಲಿಗ್ ಹೋಗ್ಲೇಬೇಕು.,Surprise
ಹೋದ್ಸಲದ್ ಬೇಸಿಗೆ ತುಂಬಾನೇ ಮಜವಾಗಿತ್ತು. ನಾನು ನನ್ನಿಷ್ಟದ್ ಎಲ್ಲಾ ವೀಡಿಯೊ ಗೇಮ್ಗಳ್ನೂ ಪುನಃ ಆಡಿದ್ದೆ.,Happiness
ನಮ್ ಹೊಸ ಮನೆಗೆ ನಾನ್ ಅಷ್ಟೆಲ್ಲ ದುಡ್ಡ್ ಕೊಟ್ಟು ಅಂಗ್ಡಿಯಿಂದ ಅಷ್ಟೊಳ್ಳೆ ವೈರ್ ತಂದು ಎಲೆಕ್ಟ್ರಿಕ್ ಕೆಲ್ಸ ಮಾಡ್ಸಿದ್ರೂ ಅದ್ರಲ್ಲೂ ಷಾಕ್ ಹೊಡೀತು ಅಂದ್ರೆ ಎಷ್ಟ್ ಬೇಜಾರಾಗ್ಬೇಡ ನಂಗೆ! ಮೇಲಾಗ್ ಅಷ್ಟ್ ದುಡ್ಡೂ ಹೋಯ್ತು.,Sadness
ಒಂದ್ ವಿಶೇಷ ಸಮಾರಂಭಕ್ಕೋಸ್ಕರ ಅಂತ ನಾನ್ ಆನ್ಲೈನಲ್ ಆರ್ಡರ್ ಮಾಡಿದ್ ಷೂಗಳು ನನ್ ಅಳತೆಗ್ ಸರ್ಯಾಗ್ ಇರ್ಲೇಇಲ್ಲ.,Sadness
ಈಗೀಗ ಲಗ್ನದ್ ಖರ್ಚ್ ಎರ್ಡೂ ಕಡಿಯವ್ರು ಸಮಾಸಮಾ ನೋಡ್ಕೊಳಿಕತ್ತಾರ ಇದ್ ಖರೇನೆ ಭಾಳ ಛಲೋ ಪದ್ಧತಿ.,Happiness
"ಭಾರತ್ದಲ್ಲಿ ಇಆರ್ ಡಾಕ್ಟ್ರುಗಳು ಒಂದ್ ಗಂಟೆಲಿ ಎಷ್ಟೆಲ್ಲ ರೋಗಿಗಳ್ನ ನೋಡ್ತಾರೆ, ಆದ್ರೆ ಯುಕೆಲಿರೋ ಇಆರ್ ಡಾಕ್ಟ್ರುಗಳ್ಗೆ, ಒಂದ್ ಗಂಟೆಲಿ ಎರಡ್ ರೋಗಿಗಳ್ನ ನೋಡಿ ಚಿಕಿತ್ಸೆ ಕೊಡೋಕೂ ಆಗ್ದೇ ಇರೋದ್ನೋಡಿ ತಲೆಕೆಟ್ಟೋಯ್ತು ನಂಗೆ.",Disgust
"ನೀವ್ ಮಾಡಿದ್ ಅಡ್ಗೆ ತುಂಬಾನೇ ಚೆನ್ನಾಗಿತ್ತು. ಶುಚಿ, ರುಚಿ ಎಲ್ಲ ಅಚ್ಕಟ್ಟಾಗಿರೋ ಭರ್ಜರಿ ಊಟ!",Happiness
ಮುಂಬರೋ ಪ್ರದರ್ಶನದ್ ಬಗ್ಗೆ ಎಲ್ರಿಗೂ ಇರೋ ನಿರೀಕ್ಷೆಗಳ್ನ ಅವ್ರ್ ಕೈಲಿ ತೃಪ್ತಿಪಡ್ಸೋಕಾಗೋ ಬಗ್ಗೆ ನಂಗ್ ಚಿಂತೆ ಕಾಡ್ತಿದೆ.,Fear
"ಈ ಆಪ್ ನನ್ ದಿನದ್ ಕೆಲ್ಸ್ ಎಷ್ಟ್ ಸರಳ ಮಾಡ್ಸತ್ ನೋಡ, ಜಾದೂ ಅನಸ್ತದ!",Surprise
ತರಗತಿಲಿ ಯಾವ್ದಾದ್ರೂ ಪಾಠ ಸರ್ಯಾಗ್ ಅರ್ಥ ಆಗ್ಲಿಲ್ಲ ಅಂದ್ರೆ ನಂಗದೇ ದೊಡ್ಡ್ ಚಿಂತೆ ಆಗ್ಬಿಡತ್ತೆ.,Fear
ಹೆಸರಾಂತ್  ಆಸ್ಪತ್ರೆ ಹೆಚ್ಚಿನ್  ಹಣನ್ ಗಳಸಕ್ಕೆ  ಸುಮ್ ಸುಮ್ನೆ  ರೋಗಿಯನ್ ದಾಖಲಿಸ್ತಾ  ಇರೋದನ್ ನೋಡ್ತಾ ಇರೋದಕ್ಕೆ  ಅಸಹ್ಯ ಆಗ್ತಿದೆ.,Disgust
ಚೆನ್ನೈಲಿಂದ ದಿಲ್ಲಿಗ್ ಹೋಗ್ಲಿಕ್ಕಿ ರೈಲ್ ಟಿಕೆಟ್ ರಗಡ ಬುಕ್ ಮಾಡಭೌದ್ ಅಂತ ರೇಲ್ವೆ ಗುಮಾಸ್ತ್ ಹೇಳ್ದಾ ಕೇಳಿ ಬಲೇ ಹಿಗ್ಗಾಯ್ತು.,Happiness
"ಸರ್, ದಯ್ವಿಟ್ಟು ನೀವು ಕೂತಿದ್ದ್ ಜಾಗಕ್ಕೆ ವಾಪಸ್ ಹೋಗಿ. ಇದು ವಿಮಾನ, ಫುಡ್ ಬಜ಼ಾರ್ ಅಲ್ಲ!",Anger
"ಈ ಕೊಲ್ಕತ್ತಾದಲ್ಲಿ ಮಾರಾಟಗಾರ್ರು ಅದೆಷ್ಟ್ ಬಲ್ವಂತ ಮಾಡ್ತಾರಪ್ಪ, ಥು, ನಂಗಂತೂ ಅವ್ರ್ ಕಂಡ್ರೆ ಆಗೋದೇ ಇಲ್ಲ.",Disgust
ಎಂ.ಎಸ್. ಧೋನಿ ಹೆಲಿಕಾಪ್ಟರ್ ಷಾಟಲ್ಲಿ ಸಿಕ್ಸರ್ ಬಾರ್ಸಿ ಭಾರತಕ್ಕೆ ವಿಶ್ವಕಪ್ ಗೆದ್ಕೊಟ್ಟಾಗ ಇಡೀ ಭಾರತನೇ ಸಂಭ್ರಮದಲ್ ಮುಳ್ಗಿತ್ತು.,Happiness
ನಮ್ಗೆ ಅನಿರೀಕ್ಷಿತ್ವಾಗಿ ಕೆಲ್ವೆಲ್ಲ ಹಣಕಾಸಿನ್ ಸಮಸ್ಯೆಗಳ್ ಎದ್ರಾಗ್ಬಿಟಿವೆ. ಫೀಸ್ ಕಟ್ಟೋದ್ ತಡ ಆಗ್ತಿರೋದಕ್ಕೆ ದಯ್ವಿಟ್ಟು ಕ್ಷಮ್ಸಿ.,Sadness
"ನನ್ ಮಾಡ್ಯುಲರ್ ಕಿಚನ್ನಲ್ಲಿ ಯಾವ್ದನ್ನೂ ಒಂಚೂರೂ ಚೆನ್ನಾಗ್ ಮಾಡಿಲ್ಲ ಇವ್ರು. ಕ್ಯಾಬಿನೆಟ್ಸೆಲ್ಲ ಒಂದಕ್ಕೊಂದ್ ಸರ್ಯಾಗ್ ಕೂತಿಲ್ಲ, ಡ್ರಾಯರ್ನ ಪೂರ್ತಿಯಾಗ್ ಮುಚ್ಚಕ್ಕೇ ಆಗಲ್ಲ, ಒಟ್ಟಾರೆ ಫಿನಿಷಿಂಗೇ ಎಷ್ಟ್ ಕೆಟ್ದಾಗಿದೆ ಅಂದ್ರೆ ಒಂಚೂರೂ ದುಡ್ಡ್ ಕೊಡ್ಬಾರ್ದು ಅನ್ಸ್ತಿದೆ ಇವ್ರಿಗೆ.",Anger
"ಸಣ್ದಾಗಿ  ಸರ್ವಿಸ್ ಮಾಡಿದ್ದಕ್ಕೆ ಸ್ವಲ್ಪ ಬೆಲೆ ಇರ್ಬೋದು ಅಂತ ನಾನ್ ಅನ್ಕೊಂಡಿದ್ದೆ,  ಆದ್ರೆ ಈ ಬಿಲ್ ಹೈವೇ ರಾಬರಿ ತರ ಕಾಣಿಸ್ತಿದೆ! ನೀವೇನ್ ನಂಗ್  ತಮಾಷೆ ಮಾಡ್ತಾ ಇದ್ದೀರಾ ?",Anger
ಅವ್ರ್ ನಂಗೆ ಮುರ್ದ್ಹೋಗಿರೋ ಶವರ್ ಇರೋ ಕೋಣೆನ್ ಕೊಟ್ರೂಂತ ನಂಗ್ ಪಿತ್ತ ನೆತ್ತಿಗೇರಿ ಅದ್ರ್ ಬಗ್ಗೆ ದೂರ್ ಕೊಟ್ರೂ ಅವ್ರದ್ನ ರಿಪೇರಿ ಮಾಡಿಸ್ತಿಲ್ಲ.,Anger
ಹದಿಮೂರ್ ಫುಟ್ಬಾಲ್ ಆಟಗಾರರನ್ ಗುಹೆಯಿಂದ್  ಜೀವಂತ್ವಾಗಿ ಹೊರ್ಗೆ ತೆಗ್ದಾಗ ನಂಗ್ ನನ್ ಕಣ್ಣುಗಳನ್ನೇ ನಂಬಕ್  ಆಗ್ಲಿಲ್ಲ.,Surprise
ನನ್ ಸ್ಟಾಕ್ ಹೂಡ್ಕೆಗಳು ಮಾರ್ಕೆಟ್ ನಿರೀಕ್ಷೆಗಳ್ನ ಮೀರಿ ನಿರಂತರ್ವಾಗಿ ಲಾಭ ತಂದಿವೆ.,Happiness
ನಮ್ ಗ್ಯಾಲರಿಗೆ ವಿಶಿಷ್ಟವಾದ ಅಮೂಲ್ಯ ಕಲಾಕೃತಿಗಳ್ನ ತಂದ್ಕೊಳಣ ಅಂದ್ರೆ ಮಾರುಕಟ್ಟೆ ಈಗ ಹೇಗೇಂತ್ಲೇ ಊಹಿಸೋಕಾಗ್ದ್ ಹಾಗೆ ಮತ್ತೆ ಸವಾಲನ್ಸೋ ಥರ ಇದೆ.,Fear
ಅಂಗ್ಡಿಲಿ ನಾನ್ ಇಷ್ಟೊಂದೆಲ್ಲ ಖರೀದಿ ಮಾಡಿದ್ರೂ ನೀವ್ ಈ ರಿಯಾಯ್ತಿ ಕೂಪನ್ ವ್ಯಾಲಿಡ್ ಅಲ್ಲ ಅಂತಿದೀರಲ! ಏನ್ ಹುಡ್ಗಾಟ ಆಡ್ತಿದೀರ?!,Anger
ನಂಗಿಷ್ಟವಾದ್ ಐಜೋ಼ಡ್ ಟಿ ಷರ್ಟ್ಗೋಸ್ಕರ ನಾನ್ ನಿನ್ನೆ ಚೆನ್ನೈಲಿ ಇರೋಬರೋ ಅಂಗ್ಡಿಲೆಲ್ಲ ಹುಡ್ಕುದ್ರೂ ಅದ್ ಎಲ್ಲೂ ಸಿಗ್ಲೇ ಇಲ್ಲ.,Sadness
"ನನ್ ಲ್ಯಾಪ್ಟಾಪ್ ಕ್ರ್ಯಾಷ್ ಆಗ್ಬಿಡ್ತು ನನ್ ಬಲ್ಲಿ ಡಾಟಾ ಬ್ಯಾಕಪ್ಪೇ ಇಲ್ಲಾ, ಏನ್ ಮಾಡ್ಬೇಕು ನಂಗ್ ಏನೇನೂ ತಿಳೀವಲ್ದು.",Sadness
ಹಾಂಗ್ಕಾಂಗಲ್ಲಿ ಮೀನ್ ಮಾರ್ಕೆಟ್ಟಲ್  ನಡ್ಕೊಂಡ್ ಹೋಗ್ಬೇಕಾದಾಗ ಅಲ್ಲಿನ್ ವಾಸ್ನೆ ಸ್ವಲ್ಪನೂ ತಡ್ಕೊಳಕ್ಕಾಗ್ಲಿಲ್ಲ ನಂಗೆ.,Disgust
"ಈಗ ನನ್ ಖಾತೆನ ಮುಚ್ಚಿ ಅಷ್ಟೇ, ಇಲ್ದಿದ್ರೆ ನನ್ ಸಂಕ್ಟ, ಕೋಪ, ಉರಿ ಎಲ್ಲ ನಿಮ್ ದೊಡ್ಡ್ ಮೇಲಧಿಕಾರಿವರ್ಗೂ ಹೋಗತ್ವೆ.",Anger
ನನ್ ಹೆಂಡ್ತಿ ಮಾಡೋ ಚಹಾನ  ನಾನ್  ತುಂಬಾನೇ ಇಷ್ಟ ಪಡ್ತೇನೆ  ಮತ್ ಕನಿಷ್ಠ ಎರಡ್ ಕಪ್ಗಳನ್ ಕುಡಿದೆ ನನ್ ದಿನ ಶುರು ಆಗಲ್ಲ.,Happiness
ಓಹ್! ಇಷ್ಟ್ ತಮಾಷೆಯಾಗಿರೋ ವ್ಯಕ್ತಿನ ನಾನ್ ಇದುಕ್ಮುಂಚೆ ಎಲ್ಲೂ ನೋಡಿರ್ಲಿಲ್ಲ!,Surprise
ಜೋರ್ ಗಾಳಿ ಬೀಸಿ ಆರ್ ಸೀಟಿನ್ ಆ ಸಣ್ ವಿಮಾನು ಅಳ್ಯಾಡ್ಲಿಕತ್ತಾಗ ನಾ ಸೀಟಿನ್ ಕೈ ಗಟ್ಟಿ ಹಿಡ್ಕೊಂಡು ಉಸರ್ ಬಿಗಿ ಹಿಡ್ಕೊಂಡ್ ಕೂತಿದ್ದೆ.,Fear
"ಸೀನಿಯರ್ ಕ್ಲೈಂಟ್ ಮ್ಯಾನೇಜ್ಮೆಂಟ್ ಟೀಮ್ನೋರು ಈ ಹೊಸ ಯೋಜ್ನೆಗ್ ಸಂಬಂಧಪಟ್ಟ್ಹಾಗೆ ನಮ್ ಸ್ಟ್ರ್ಯಾಟಜಿನೆಲ್ಲ ಚರ್ಚೆ ಮಾಡ್ಬೇಕಿದ್ ಮುಖ್ಯವಾದ್ ಮೀಟಿಂಗಿಗೇ ಬರ್ಲಿಲ್ಲ, ನಂಗಂತೂ ಅವ್ರ್ ಮೇಲ್ ಕೆಂಡಕಾರೋಷ್ಟ್ ಕೋಪ ಬಂದಿತ್ತು.",Anger
ಬ್ರಹ್ಮಾಂಡದ್ ಬಗ್ಗೆ ಪ್ರಾಯೋಗಿಕ್ವಾಗಿ ಸಾಬೀತ್ಪಡ್ಸ್ಬಹುದಾದ ಯಾವ್ದೇ ವೈಜ್ಞಾನಿಕ ಸಿದ್ಧಾಂತದ್ ಬಗ್ಗೆ ತಿಳ್ಕೊಂಡಾಗ್ಲೂ ನಂಗ್ ಭಾಳ ಆನಂದ ಆಗತ್ತೆ.,Happiness
"ಡಿಸೈನ್ ಏನಾದ್ರೂ ಪಕ್ಕಾ ಪರ್ಫೆಕ್ಟ್ ಆಗಿಲ್ಲ ಅಂತಾದ್ರೆ, ನೀವ್ ನಂಗೆ ದುಡ್ಡ್ ವಾಪಸ್ ಕೊಡ್ಬೇಕಷ್ಟೇ.",Anger
ಹೋದ್ ಐದ್ ದಿನದಿಂದ ಆಫೀಸಿಗ್ ಯಾಕ್ ಬಂದಿರ್ಲಿಲ್ಲ ನೀವು? ನಿಮ್ಗಿಷ್ಟ ಬಂದಾಗ್ ಬರ್ಬಹುದು ಇಷ್ಟ ಇಲ್ದಾಗ್ ಹೋಗ್ಬಹುದು ಅನ್ಕೊಂಡ್ಬಿಟಿದೀರ?,Anger
ಆ ಕಸ್ಟಮರ್ ಅವ್ರ್ ಕೇಕ್ ಎಷ್ಟ್ ತೂಕ ಇರ್ಬೇಕು ಅಂತ ಸರ್ಯಾಗ್ ಹೇಳ್ತಿಲ್ಲ. ನಾವಾಗೇ ಏನೋ ಮಾಡಿ ಅದು ತಪ್ಪಾದ್ರೆ ಅಂತ ಆತಂಕ ಆಗ್ತಿದೆ ನಂಗೆ.,Fear
"ಹೌದು ಅಣ್ಣ, ನಂಗೂ ಗ್ಲೋವ್ಸ್ ಬೇಕು. ಇದು ನಿಜ್ವಾಗ್ಲೂ ಫ್ರೀನಾ? ಏನೂ ದುಡ್ಡ್ ಕೊಡೋ ಹಾಗಿಲ್ವಾ? ಥ್ಯಾಂಕ್ಯೂ!",Happiness
"ನಾನ್ ಅರ್ಥಿಂಗ್ ಮಾಡಿಸ್ದೇ ಎಲೆಕ್ಟ್ರಿಕ್ ಅಪ್ಲಾಯನ್ಸ್ ತಗೊಂಡ್ಬಂದೆ, ಅದ್ನ ಕನೆಕ್ಟ್ ಮಾಡಕ್ ಹೋದಾಗ್ ಹೊಡ್ದಿದ್ ಷಾಕಿಂದ ಪ್ರಾಣನೇ ಹೋದಂಗಾಯ್ತು.",Fear
ನಿಮ್ಗೆ ಇಷ್ಟೊಂದ್ ವಯಸ್ಸಾಗಿದ್ರೂ ನೀವಿನ್ನೂ ಪ್ರತಿದಿನ ಹತ್ತ್ ಕಿಲೋಮೀಟರ್ ನಡೀತೀರಾ?,Surprise
ಮೀಟರ್ ಸರಿ ಇರ್ಲಿಲ್ಲ ಅಂತ ಎರಡ್ ತಿಂಗ್ಳ ಹಿಂದೆ ಎಲೆಕ್ಟ್ರಿಸಿಟಿ ಬಿಲ್ ಅಷ್ಟೊಂದ್ ಜಾಸ್ತಿ ಬಂದಿದ್ದಿದ್ದು ನಂಗ್ ರೇಗ್ಹೋಗಿತ್ತು.,Anger
"ನಾರ್ತ್ ಚೆನ್ನೈಲಿ ಕಾರ್ ಪಾರ್ಕ್ ಮಾಡೋದಂದ್ರೇ ನಂಗ್ ಭಯ ಆಗತ್ತೆ, ಯಾಕಂದ್ರೆ ಅಲ್ಲಿ ನಾನ್ ವಾಪಸ್ ಬರೋಹೊತ್ಗೆ ನನ್ ಕಾರ್ ಹಾಗೇ ಇರತ್ತೋ ಅಥ್ವಾ ಚೂರ್ಚೂರಾಗಿರತ್ತೋ ಅಂತ ಹೇಳಕ್ಕಾಗಲ್ಲ.",Fear
ನಿನ್ ಹತ್ರ ಸ್ಟಾರ್ ವಾರ್ಸ್ ದಿನಗಳ್ದು ಅಷ್ಟೆಲ್ಲ ಒಳ್ಳೆ ಸಂಗ್ರಹ ಇದೆ ಅಂದ್ರೆ ನಂಗ್ ನಂಬ್ಕೆನೇ ಬರ್ತಿಲ್ಲ!,Surprise
"ಓಡೋವಾಗ ನನ್ ದೇಹ್ದಲ್ಲಿ ಉಪ್ಪಿನಂಶ ಕಡ್ಮೆ  ಆಗ್ತಿದ್ಹಾಗೇ ನಂಗೆ ಅಲ್ಲಿಲ್ದಿರೋ ವಸ್ತುಗಳೆಲ್ಲ ಕಾಣಕ್ ಶುರು ಆಯ್ತು, ಅದ್ ನೆನ್ಸ್ಕೊಂಡ್ರೇ ಮೈ ಝುಮ್ ಅನ್ನತ್ತೆ.",Fear
ಆ ಜಾದುಗಾರ ಒಬ್ ಮನ್ಷನ್ನೇ ಮಾಯ ಮಾಡಿದ್ನೋಡಿ ನಾ ದಂಗ್ ಬಡದ್ ಹೋಗಿದ್ನಿ.,Surprise
ನೆಲದಡಿಲಿರೋ ನೀರಿನ್ ಪೈಪಿಂದ ಮನೆಗ್ ಕನೆಕ್ಷನ್ ತಗೊಳ್ವಾಗ ಸೋರೋದೋ ಅಥ್ವಾ ಬೇರೆ ಏನೂ ತೊಂದ್ರೆ ಆಗ್ದೇ ಇರೋ ಥರ ಮಾಡ್ಬೇಕೂಂದ್ರೆ ಅದು ಎಷ್ಟ್ ಸವಾಲಿನ್ ಕೆಲ್ಸಾಂತ ನಂಗದೇ ಯೋಚ್ನೆ ಆಗಿದೆ.,Fear
ಇನ್ನೊಬ್ಬ ಯಾರೋ ಅವ್ನ್ ಕಾರ್ನ ಓವರ್ಟೇಕ್ ಮಾಡ್ದ ಅಂತ ಆ ಕಾರ್ ಡ್ರೈವರ್ರು ಆ ವ್ಯಕ್ತಿ ಮೇಲೆ ಹಲ್ಲೆ ಮಾಡಿದಾನೆ. ಇಷ್ಟ್ ಸಣ್ಣಪುಟ್ದಕ್ಕೆಲ್ಲ ಹೀಗ್ಮಾಡೋರ್ಗೆ ಹೇಳೋರ್ ಕೇಳೋರ್ ಯಾರೂ ಇಲ್ವ!,Anger
ಹಿಂದುಮುಂದು ಏನೂ ವಿಚಾರ್ಸ್ದೇ ನೀವ್ ಆ ಕಂಪ್ನಿಲಿ ನಿಮ್ ಹಣನೆಲ್ಲ ಇನ್ವೆಸ್ಟ್ ಮಾಡಿದ್ರಿ ಅಂದ್ರೆ ನಂಗ್ ಆಶ್ಚರ್ಯ ಆಗ್ತಿದೆ.,Surprise
"ನೀವು ಅಗತ್ಯ ವಸ್ತುಗಳ್ನ ಕೊಂಡ್ಕೊಳಕ್ ಬೇಕಾಗೋಷ್ಟ್ ದುಡ್ಡ್ನ ಈಗ ಪರಿಹಾರ ಅಂತ ಕೊಡೋದ್ರ್ ಜೊತೆಗೆ ಮುಂದಿನ್ ವಿಮಾನ್ದಲ್ಲಿ ನಿಮ್ ಸಾಮಾನ್ಗಳ್ನ ನಾನೇ ಖುದ್ದಾಗ್ ಬಂದು ನಿಮ್ಗೆ ತಲ್ಪಿಸ್ತೀನಿ. ನೀವು ಸಂಸ್ಥೆ ವಿರುದ್ಧ ಮೊಕದ್ದಮೆ ಹೂಡ್ಬಿಟ್ರೆ, ನಾನ್ ನನ್ ಕೆಲ್ಸನೇ ಕಳ್ಕೋಬೇಕಾಗತ್ತೆ.",Fear
"ಖಾತೆನ ಮುಚ್ಚೋಕೆ ಯಾವ್ದೇ ಹೆಚ್ಚುವರಿ ಶುಲ್ಕ ಇರೋದಿಲ್ಲ ಅನ್ನೋದೇನೋ ಸರಿ, ಆದ್ರೆ ನಾನ್ ಕಟ್ಬೇಕಿರೋ ದಂಡಗಳು ಕೆಲ್ವೆಲ್ಲ ಬಾಕಿಯಿವೆ. ಏನಪ್ಪ ಮಾಡೋದೀಗ?!",Fear
ನಿಮ್ಗೆ ನನ್ನನ್ನ ಬೋರ್ಡಿಂಗ್ ಶಾಲೆಗ್ ಸೇರ್ಸೋ ಯೋಚ್ನೆಯೇನ್ ಇಲ್ಲ ಅಂದ್ಮೇಲೆ ನಂಗಿನ್ನೇನೂ ಚಿಂತೆಯಿಲ್ಲ. ಬೇರೆ ಇನ್ನೇನ್ ಕೆಟ್ ಸುದ್ದಿ ಇದ್ರೂ ಪರ್ವಾಗಿಲ್ಲ.,Happiness
ಭಾರತದ್ ಬಗ್ಗೆ ಬೇಕಾಬಿಟ್ಟಿ ನಾಲ್ಗೆ ಹರಿಬಿಟ್ಟ್ ಮಾತಾಡಿರೋ ಒಬಾಮಾ ಬಗ್ಗೆ ಪಿತ್ತ ನೆತ್ತಿಗೇರಿದೆ ನಂಗೆ.,Anger
ನಾವ್ ಉಪಾಸ ಬೀಳ್ಲಾರ್ದ್ಹಂಗ ಜಪಾನ್ಯಾಗ ಒಂದ್ ವೀಗನ್ ಇಲ್ಲಂದ್ರ ಕಡೀಗ್ ಒಂದ್ ವೆಜಿಟೇರಿಯನ್ ಊಟನಾದ್ರೂ ಸಿಗ್ತದ ಅನ್ಕೋತೀನಿ.,Fear
ಕಸ್ಟಮರ್ ಸಮಸ್ಯೆಗೆ ನಂಗ್  ಪರಿಹಾರನ್  ಹುಡುಕಕ್  ಆಗ್ದೇ ಇದ್ರೆ  ಮತ್ ಅವ್ರು ಅದನ್ ದೊಡ್ಡದಾಗ್ ಮಾಡಿದ್ರೆ  ಏನು ಮಾಡ್ಬೇಕ್ ?,Fear
"ನೀನ್ ನನ್ಜೊತೆ ಅದೆಷ್ಟ್ ಒರ್ಟಾಗ್ ಮಾತಾಡ್ತ್ಯಾ ನೋಡು, ನನ್ ಷಾಪಿಂಗ್ ಗುಟ್ಟ್ಗಳ್ಯಾವ್ದನ್ನೂ ನಿನ್ಹತ್ರ ಹೇಳಲ್ಲ ಹೋಗ್.",Anger
"ರಷ್ಯಾದ್ ಟೆನಿಸ್ ಆಟಗಾರಂಗೆ  ಟೂರ್ನಮೆಂಟ್ಗೋಸ್ಕರ ಪೋಲೆಂಡಿಗ್ ಹೋಗಕ್ ಅವ್ಕಾಶ ಕೊಡ್ದೇ ಇರೋದು ತೀರಾ ಅನ್ಯಾಯ, ಅಭಿಮಾನಿಗಳು ಇದ್ರ್ ಬಗ್ಗೆ ರೊಚ್ಚಿಗೇಳ್ದೇ ಇರಲ್ಲ.",Anger
"ಆ ವೀಡಿಯೊ ಆಟ್ದಲ್ಲಿ ತುಂಬಾ ಸಮಸ್ಯೆಗಳಿದಾವೆ, ಮಧ್ಯ ಮಧ್ಯೆ ನಿಂತೇಹೋಗ್ಬಿಡತ್ತೆ, ನಂಗಂತೂ ಹುಚ್ಚ್ ಹಿಡ್ಯೋಷ್ಟ್ ಕಿರ್ಕಿರಿ ಆಗೋಯ್ತು.",Anger
ನಮ್ ಟೀಮಲ್ಲಿ ಸುಮಾರ್ ಜನ್ರನ್ನ ಕೆಲ್ಸದಿಂದ ತೆಗೀತಾ ಇರೋದ್ರಿಂದ ಆಫೀಸಲ್ಲಿ ಎಲ್ರ ಮನ್ಸಲ್ಲೂ ಅಭದ್ರತೆ ಭಾವ್ನೆ ಮನೆಮಾಡಿದೆ.,Sadness
"ನಿಮ್ಗಿದ್ ಗೊಂದಲ, ಪ್ರಶ್ನೆಗಳ್ನ ನನ್ ಹತ್ರ ಮೊದ್ಲೇ ಕೇಳಿ ಬಗೆಹರಿಸ್ಕೊಳದ್ ಬಿಟ್ಟು ಈಗ್ ಈ ಥರ ಪ್ರಾಜೆಕ್ಟ್ನೆಲ್ಲ ಗಬ್ಬೆಬ್ಸಿದೀರಲ್ರೀ! ಯಾರ್ ಸರಿ ಮಾಡ್ತಾರೆ ಇದ್ನೆಲ್ಲ ಈಗ?!",Anger
ಓಹ್ ಹೌದಾ! ಹಾಗಾದ್ರೆ ನಮ್ ಪಾಠಗಳ್ನ ಮುಂದ್ವರ್ಸೋಕೆ ಇನ್ನಂತೂ ಕಾಯೋಕಾಗಲ್ಲ ನಂಗೆ.. ಅಷ್ಟ್ ಕಾತರ ಆಗ್ತಿದೆ!,Happiness
"ನಾನ್ ಈಜಿಪ್ಟಿನ್ ಮಮ್ಮಿಗಳ್ ಬಗ್ಗೆ ಒಂದ್ ಕಾರ್ಯಕ್ರಮ ನೋಡ್ತಿದ್ದೆ, ಆ ಮರಳುಗಾಡಲ್ಲಿ ಚಿನ್ನ ಮೆತ್ತಿರೋ ಪ್ರತಿಮೆಗಳ್ ಸಿಕ್ಕಿರೋದ್ ನೋಡಿ ರೋಮಾಂಚ್ನ ಆಯ್ತು.",Happiness
ಭಾರತ್ದಲ್ಲಿ ಡ್ರೈವಿಂಗ್ ಲೈಸೆನ್ಸ್ ತಗೊಳಕ್ಕೆ ನಾನ್ ಪ್ರಯತ್ನನೇ ಮಾಡಿಲ್ವಲ ಅಂತ ಪಶ್ಚಾತ್ತಾಪ ಆಗ್ತಿದೆ ಈಗ. ಅದಿದ್ದಿದ್ರೆ ನಾನ್ ಆರಾಮಾಗ್ ಎಲ್ಲಾ ಕಡೆ ನಮ್ಮನೆ ಕಾರಲ್ ತಿರ್ಗಾಡ್ಬೋದಿತ್ತು.,Sadness
ಬಾಗ್ಲುಗಳು ಕರ್ರೋಮರ್ರೋ ಅಂತ ಶಬ್ದ ಮಾಡ್ತಿದ್ರೆ ನಂಗ್ ಭಯಕ್ಕೆ ಕೈಕಾಲೆಲ್ಲ ನಡುಗ್ತಾ ಇವೆ.,Fear
"ನಂಗ ನಾ ಆಡಿಬೆಳದಿದ್ ಆ ಓಣ್ಯಾಗೇ ಮನಿ ತೊಗೊಬೇಕಂತ ಭಾಳ ಖಾಯ್ಷಿತ್ತು, ಆದ್ರ ಅದ್ ಎಷ್ಟ್ ತುಟ್ಯಾಗ್ಯಾದಂದ್ರ ಇನ್ನೇನ್ ಅದೊಂದ್ ಕನಸೇ ಅಂತ ಮರೀಬೇಕು.",Sadness
ಕ್ವಿಜ್ಗೆ ಅಂತ ನಾನ್ ಓದಿರೋದ್ನೆಲ್ಲ ನಂಗ್ ನೆನ್ಪಿಟ್ಕೊಳಕ್ಕಾಗತ್ತೋ ಇಲ್ವೋ ಅಂತ ಯೋಚ್ನೆ ಆಗ್ತಿದೆ.,Fear
"ಬಜೆಟ್ ಹೋಟೆಲ್ನ್ಯಾಗ್ ಇರ್ಲಿಕ್ ನಂಗ್ಯಾಕೊ ವಲ್ಲ್ಯಾಗಾದ, ಅಂತಾವು ಸೇಫಿರ್ತಾವೊ ಇಲ್ಲೊ ಯಾರಿಗ್ಗೊತ್ತ.",Fear
ಥೂ ಈ ಪ್ಯಾರಿಸ್ ಕಾರ್ನರ್ ಅಂದ್ರ ನಂಗ ಮೈಯುರಿತದ. ಅಲ್ಲಿ ಪಾರ್ಕಿಂಗ್ ಹುಡಕದ್ರಾಗೇ ತಲಿ ಸೂಲಿ ಏಳ್ತದ ಮತ್ ಮ್ಯಾಲ ರಾತ್ರಿ ಹೊತ್ ಅಲ್ಲಿ ಸೇಫೂ ಇಲ್ಲಾ.,Anger
"ಆಶ್ರಯತಾಣಗಳ್ನ ಹುಡುಕ್ಕೊಂಡ್ ಬರೋರ್ನ ಇಂಗ್ಲೆಂಡ್ನೋರು ಅಷ್ಟ್ ಅಮಾನವೀಯವಾಗ್ ನಡೆಸ್ಕೋತಾರಂತಲ, ಹೊಟ್ಟೆಗದೇನ್ ತಿಂತಾರ್ ಅವ್ರು! ಸ್ವಲ್ಪನಾದ್ರೂ ಮನುಷ್ಯತ್ವ ಬೇಡ್ವಾ!",Anger
ನನ್ ಲ್ಯಾಪ್ಟಾಪ್ಲಿ  ಎಸ್ಎಸ್ಡಿ ಡಿಸ್ಕ್ ಅನ್  ಇನ್ಸ್ಟಾಲ್ ಮಾಡಿದ್ ಮೇಲೆ  ತುಂಬಾ ಬೇಗ ಲ್ಯಾಪ್ಟಾಪ್  ಆನ್ ಆಗೋದನ್ ನೋಡಿ ನಂಗ್  ಆಶ್ಚರ್ಯ ಆಯ್ತು.,Surprise
ತುಂಬಾ  ಡೀಲ್ಸ್ ಅನ್ ತಂದ್ರೂ ಸತತವಾಗಿ ಐದು ವರ್ಷಗಳಿಂದ  ಬಡ್ತಿ ಸಿಗ್ದೆ ಇರೋದ್ದ್ರಿಂದ ನಂಗ್ ಈಗ ಯಾವ್ದ್ರಲ್ಲೂ ಮನ್ಸಿಲ್ಲ.,Sadness
ಪ್ರಾಚೀನ್ವಾದ್ ಕೈಲಾಸ ದೇವಸ್ಥಾನದ ಬೃಹತ್ ಗಾತ್ರ ನೋಡಿ ನಾನ್ ದಂಗಾಗ್ ಹೋದೆ!,Surprise
ನಂಗ್ ನೆನ್ನೆ ರಾತ್ರಿ ಎಂಥಾ ಕೆಟ್ಟ್ ಕನ್ಸ್ ಬಿದ್ದಿತ್ತೂಂದ್ರೆ ಪೂರ್ತಿ ಬೆವ್ತು ಎಚ್ರಾಗಿ ಥರಥರ ನಡುಗ್ತಾ ಕೂತಿದ್ದೆ.,Fear
"ನಾ ಹೊಲಗೊಳ್ ಬಲ್ಲಿ ಛೊಲೋ ಊಟದ್ ವ್ಯವಸ್ಥಾ ಹುಡಕ್ಬೇಕ. ಛಂದ ಊಟಾ ಇರ್ಲಾರ್ದೇ ಕೆಲ್ಸಾ ಮಾಡ್ಲಿಕ್ ಆಗಲ್ಲಾ, ಹ್ವಾದ್ ವರ್ಷ ಕೆಲೊಬ್ರು ಕೂಲಿಯವ್ರು ಚಕ್ಕರ್ ಬಂದ್ ಬಿದ್ದೇ ಬಿಟ್ಟಿದ್ರು.",Fear
ಕೆಲೊಂದ್ ಬೈಕ್ನ್ಯಾಗ ಎಷ್ಟ್ ಫಾಸ್ಟ್ ಹೋಗಭೌದು ಮತ್ ಟೆಕ್ನಾಲಜಿ ಎಷ್ಟ್ ಮುಂದ್ ಬಂದದ ಅಂತ ನೋಡಿದ್ರ ನಂಗ ಅಗಾಧಾಗ್ತದ.,Surprise
ನಮ್ ನೆರೆಹೊರೆಲಿ ಒಂದೆರ್ಡು ಭಯಂಕರ ಕಳ್ತನಗಳಾಗಿ ಎಲ್ರಿಗೂ ಭಾರಿ ಭಯ ಹತ್ಬಿಟಿದೆ. ನಾವೀಗ ರಾತ್ರಿ ಹೊತ್ತು ಗುಂಪಾಗಿ ಗಸ್ತ್ ತಿರ್ಗೋಕ್ ಶುರು ಮಾಡಿದೀವಿ.,Fear
ಸ್ಕೂಲ್ ಬಸ್ ಮಿಸ್ ಆಗಿದ್ರಿಂದ ನಾವ್ ಐದ್ ಜನ ಶಾಲೆಗ್ ಒಂದ್ಗಂಟೆ ತಡವಾಗ್ ಹೋಗಿದ್ದಕ್ಕೆ ಪ್ರಿನ್ಸಿಪಾಲ್ರು ಕೆಂಡಾಮಂಡಲ ಆಗೋಗಿದ್ರು.,Anger
ಎಲ್ಲ ಅಚ್ಕಟ್ಟಾಗಿರೋ ಹೊಸಾ ಥರದ್ ಅಡ್ಗೆಮನೆ ಅಣಿ ಮಾಡ್ಕೊಳಕ್ಕೆ ನಂಗಂತೂ ಖುಷಿ ತಡ್ಕೊಳಕ್ಕಾಗ್ತಿಲ್ಲ.,Happiness
ನನ್ ಸೋದರಳಿಯನ್  ಪೋಷಕ್ರು  ಅವ್ನ ಅಣ್ಣನ್   ಮದುವೆ ಸಮಾರಂಭದಿಂದ್ ಅವನನ್ ದೂರ ಇಟ್ಟಾಗ  ನಂಗ್  ಬೇಜಾರಾಯ್ತು.,Sadness
ಕ್ಲೈಂಟ್ ಆಫೀಸ್ನ ಕ್ಲೀನ್ ಮಾಡೋ ವೇಳಾಪಟ್ಟಿ ಪ್ರಕಾರ ಕೆಲ್ಸ ಮಾಡೋಕೆ ಕ್ಲೀನಿಂಗ್ ತಂಡ್ದಲ್ಲಿ ಸಾಕಷ್ಟ್ ಜನ ಇಲ್ದಿರೋದು ನಂಗ್ ಚಿಂತೆ ಆಗಿದೆ.,Fear
ನಂಗ್ ಮತ್ತೆ ರ್ಯಾಂಪ್ ಮೇಲ್ ನಡ್ಯೋಕ್ಕಿಷ್ಟ ಇಲ್ಲ. ಹೋದ್ಸಲ ತುಂಬಾ ನೋವಾಗೋ ಥರ ಬಿದ್ದಿದ್ದೆ ನಾನು..,Fear
"ತುಂಬಾ ಒಳ್ಳೆ ಮನ್ಸಿರೋ ವ್ಯಕ್ತಿ ನೀವು, ಅದು ನಿಮ್ ನಗುಮುಖದಿಂದ್ಲೇ ಗೊತ್ತಾಗತ್ತೆ.",Happiness
ಪ್ರವೇಶ ಪರೀಕ್ಷೆಲಿ ನಮ್ ಕಾಮಾಕ್ಷಿ ಎರಡ್ನೇ ರ್ಯಾಂಕ್ ಪಡೀತಾಳೆ ಅಂತ ಯಾರ್ ತಾನೇ ಅನ್ಕೊಂಡಿದ್ರು?!,Surprise
"ನನ್ ಗೆಳೆಯ ಎಲ್ಲದ್ರಲ್ಲೂ ಅವ್ನಿಗೊಂದ್ ನ್ಯಾಯ  ಬೇರೇವ್ರಿಗೇ ಒಂದ್ ನ್ಯಾಯದ್ ಥರ ಆಡ್ತಾನೆ, ನಂಗ್ ಅದ್ ರೇಗ್ಹೋಗತ್ತೆ.",Anger
"ಕ್ಲೈಂಟ್ ಹೇಳಿದ್ದು, ನಂಗ್ ಶಬ್ಧ ಅಂದ್ರೆ ಆಗಲ್ಲ, ನಾನ್  ತುಂಬಾ ಜನ ಓಡಾಡೋ  ಬೀದಿಯಿಂದ್   ದೂರ ಇರೋ ಮನೆನ  ಹುಡುಕ್ತಾ ಇದ್ದೇನೆ .",Fear
"ಈ ಮೊದ್ಲು ನಮ್ಗ ಭಾರೀ ಮೋಸಾಗ್ಯಾದ, ಹಿಂಗಾಗಿ ನನ್ ಹೆಂಡ್ತಿ ಕಾಂಜಿಪುರಂನ್ಯಾಗ ಎಲ್ಲ್ಯೂ ಸೀರಿ ತೊಗೊಳದೇ ಬ್ಯಾಡ ಅಂತಾಳ.",Fear
"ನಾನು ಈ ಪ್ರಯೋಗನ ತುಂಬಾ ಸಲ ನಡ್ಸಿದೀನಿ, ಆದ್ರೆ ಒಳ್ಳೆ ಫಲಿತಾಂಶ ಸಿಗ್ಲೇ ಇಲ್ಲ.",Sadness
ನನ್ ಅತ್ತೆ ಆರೋಗ್ಯದ್ ವಿಷ್ಯವಾಗಿ ಏನೂ ತೊಂದ್ರೆಯಿಲ್ಲ ಅಂತ ಡಾಕ್ಟ್ರು ಹೇಳ್ದಾಗ ನಮ್ಗೆಲ್ಲ ದೊಡ್ಡ್ ಸಮಾಧಾನ ಆಯ್ತು.,Happiness
"ಅಮ್ಮಾ, ಇವತ್ತ್ ನಾನು ಸಾಲಲ್ಲಿ ಸರ್ಯಾಗ್ ನಿಂತಿರ್ಲಿಲ್ಲ ಅಂತ ಕಾಮಾಕ್ಷಿ ಟೀಚರ್ ನಂಗೆ ಐದ್ ಸುತ್ತ್ ಓಡ್ಸುದ್ರು.",Sadness
"ಶ್ರೀಲಂಕಾದಲ್ಲಿ ಅಲ್ಲಿನ್ ಅಡುಗೆ ಭಾಳ ವಿಶೇಷ ಅನ್ನಿಸ್ತು, ಬೇರ್ಬೇರೆ ಫ್ಲೇವರ್ಸ್ನ ಅದೆಷ್ಟ್ ಅದ್ಭುತ್ವಾಗ್ ಹೊಂದ್ಸಿ ಹದವಾಗ್ ಮಾಡಿದ್ರೂಂದ್ರೆ ಅದ್ರ್ ಕಲ್ಪನೆನೂ ಇರ್ಲಿಲ್ಲ ನಂಗೆ.",Surprise
ಆನ್ಲೈನ್ ಕ್ಲಾಸ್ಗಳು ಸಖತ್ತಾಗಿವೆ. ನಾನು ಸುಮ್ನೇ ನನ್ ಲ್ಯಾಪ್ಟಾಪ್ ಆನ್ ಮಾಡಿ ಮೀಟಿಂಗ್ಗೆ ಸೇರ್ಕೊಂಡು ಆಮೇಲೆ ಗಡದ್ದಾಗಿ ನಿದ್ದೆ ಹೊಡೀಬೋದು.. ಯಾರ್ಗೂ ಗೊತ್ತಾಗಲ್ಲ.,Happiness
"ಇವೆಂಟ್ ಮ್ಯಾನೇಜರ್ ಆಫರ್ ಮಾಡಿದ್ ಬೇರ್ಬೇರೆ ಸರ್ವಿಸ್ ನೋಡಿ ನಾನ್ ನಿಜ್ವಾಗ್ಲೂ ದಂಗು ಬಡ್ದ್ಹೋದೆ, ಪ್ಲಾನಿಂಗಿಂದ ಹಿಡ್ದು ಎಕ್ಸಿಕ್ಯೂಷನ್ ತನಕ ಅವ್ರು ಏನ್ನೂ ಬಿಡ್ದಂಗ್ ಎಲ್ಲಾ ಕವರ್ ಮಾಡ್ದ್ಹಾಗಿತ್ತು!",Surprise
ಅಬ್ಬಬ್ಬಾ! ನಿಮ್ ನಾಯಿ ಅದೆಷ್ಟ್ ಚೂಟಿಯಾಗಿದೆ! ನಿಮ್ಜೊತೆ ಮತ್ತೆ ನಿಮ್ ನಾಯಿ ಜೊತೆಗ್ ಕೆಲ್ಸ ಮಾಡೋದ್ನ  ಮುಂದುವರ್ಸೋಕೆ ನಾನೂ ಕಾತರದಿಂದಿದೀನಿ.,Surprise
ಬ್ಯಾಂಕ್ನೋರು ನನ್ ಮಗು ಖಾತೆನ ನನ್ಕೈಲ್ ಸರ್ಯಾಗ್ ನಿರ್ವಹಿಸಕ್ಕಾಗಲ್ಲ ಅನ್ನೋ ಥರ ಆಡಿದ್ದು ನಂಗೊಂಚೂರೂ ಸರಿಬರ್ಲಿಲ್ಲ.,Disgust
"ಭರವಸೆಗಳ್ನೆಲ್ಲ ಮಣ್ಣ್ಪಾಲ್ ಮಾಡಿ, ಸಮೃದ್ಧಿಯ ಸಣ್ಣದೊಂದ್ ಬೆಳಕನ್ನು ನಂದಿಸ್ಬಿಡೋಂಥ, ಎಲ್ರಿಗೂ ನೋವಾಗುವಂಥ ಕಹಿ ಸತ್ಯ ದಾಖಲೆಗಳಲ್ಲಿ ಹೊರಬಿದ್ದಾಗ ರೂಮಲ್ಲಿ ಸ್ಮಶಾನ ಮೌನ ಆವರಿಸ್ಬಿಡ್ತು.",Sadness
"ಈ ನಿರ್ಧಾರ್ದಿಂದ ಕಂಪ್ನಿ ಮೇಲಾಗ್ತಿರೋ ಕೆಟ್ಟ್ ಪರಿಣಾಮ, ಬಿಟ್ಹೋಗ್ತಿರೋ ಜನಗಳ್ನೆಲ್ಲ ನೋಡ್ತಿದ್ರೆ ನನ್ ಮನ್ಸಿಗ್ ಸ್ವಲ್ಪನೂ ಸಮಾಧಾನ ಇಲ್ದಂಗಾಗಿದೆ.",Sadness
ಆ ಮನಷಾ ನೂರಡಿ ಎತ್ರದ್ ಎರ್ಡ್ ಬಿಲ್ಡಿಂಗ್ ನಡು ಕಟ್ಟಿದ್ ಹಗ್ಗದ್ ಮ್ಯಾಲ್ ನಡಕೊತ್ ಹೊಂಟಾನ.. ನೋಡಿ ನಂಗೇ ಪುಕ್ಕಲ್ಹತ್ತಿತ್ತು.,Fear
ಭಾರತೀಯ ಕ್ಯಾಪ್ಟನ್  ಔಟ್ ಎಂದ್  ಹೇಳ್ದ ಮೇಲೂ   ಸ್ಟಂಪ್ ಅನ್  ಮುರ್ದಾಗ ಅವ್ರ ಕಳಪೆ ಕ್ರೀಡಾ ಮನೋಭಾವನ್  ಕಂಡ್  ನಂಗ್  ದಿಗ್ಭ್ರಮೆ ಆಯ್ತು.,Disgust
"ನಿವೃತ್ತ ಆಟಗಾರ್ರು ಬೇರೆ ಕ್ರಿಕೆಟ್ ಲೀಗ್ಗಳಲ್ಲ್ ಆಡೋದ್ನ ತಡಿಬೇಕನ್ನೋ ಬಿ.ಸಿ.ಸಿ.ಐ. ನಿರ್ಧಾರ ನಂಗ್ಯಾಕೋ ಅಷ್ಟ್ ಸರಿ ಅನ್ಸ್ತಾ ಇಲ್ಲ, ಹೊಲ್ಸ್ ರಾಜ್ಕೀಯ ಇದೆಲ್ಲ.",Disgust
"ಆ ಕೊಳಕು ಅಂಗ್ಡಿಲಿ ಅಷ್ಟೆಲ್ಲ ಹಳೇದಾಗಿರೋ, ಬೂಸ್ಟ್ ಹಿಡ್ದಿರೋ ಬಟ್ಟೆಗಳ್ನ ನೋಡಿ ತಡ್ಕೊಳಕ್ಕಾಗ್ಲಿಲ್ಲ ನಂಗೆ, ಒಂದ್ನಿಮ್ಷನೂ ಇರ್ದೇ ಬಂದ್ಬಿಟ್ಟೆ, ಇಲ್ಲಾಂದ್ರೆ ಅಲರ್ಜಿ ಆಗೋಗಿರೋದು ನಂಗೆ.",Disgust
"ಏ ರಾಹುಲ್! ಮಾತಾಡೋದ್ ನಿಲ್ಸೋ, ಇಲ್ದಿದ್ರೆ ಲೀಲಾವತಿ ಟೀಚರ್ ನಮ್ಗೆ ಒಂದ್ ಗಂಟೆ ಸೂರ್ಯನ್ನೇ ನೋಡೋ ಥರ ಪನಿಷ್ಮೆಂಟ್ ಕೊಡ್ತಾರೆ.",Fear
ಗಾಲ್ಫ್ ಪಂದ್ಯಾವಳಿಲಿ ನಿರ್ಣಾಯಕ್ವಾಗಿದ್ದ ಪಟ್ ಒಂದ್ನ ಎದುರಿಸ್ವಾಗ ನಂಗೆ ಉದ್ವೇಗ ಜಾಸ್ತಿ ಆಗಿ ತುಂಬಾ ಗಾಬ್ರಿ ಆಗೋಯ್ತು.,Fear
ನೀವ್  ಹೊರ್ಗೆ ಹೋಗಕೆ  ಮತ್ ನಿಮ್  ಜವಾಬ್ದಾರಿಗಳನ್ ಬಿಟ್ ಬಿಡಕ್ಕೆ  ಸಿದ್ಧರಿದ್ದರೆ ಇಲ್ಲಿ  ನಿಮ್ ಕೆಲ್ಸದ್  ಅನುಭವಕ್ಕೆ ಯಾವ್ದೇ ಅರ್ಥವಿಲ್ಲ ಅಂತ ಅನ್ನಿಸ್ತಿದೆ.,Anger
ಎಂ.ಎಸ್. ಧೋನಿ ಮತ್ತವ್ನ ತಂಡದ್ ಆಟ ನೋಡಕ್ ಹೋಗ್ತಿದೀವೀಂತ ಪೂರ್ತಿ ರೋಮಾಂಚನ ನಂಗೆ.,Happiness
"ನನ್ಮನೆ ಹತ್ರ ನಡೀಬೇಕಿದ್ ಜಾತ್ರೆ, ಉತ್ಸವಗಳ್ನೆಲ್ಲ ಅನಿರ್ದಿಷ್ಟ್ವಾಗಿ ಮುಂದೂಡಿದಾರೆ, ನಂಗೀಗ ಬೇರೇನ್ ಮಾಡಕ್ಕೂ ಮನ್ಸಿಲ್ಲ.. ಬೇಜಾರಾಗ್ತಿದೆ.",Sadness
ಕಾಂಪೌಂಡ್ ಗೋಡೆನ ಇಷ್ಟ್ ಬೇಗ ಕಟ್ಟ್ ಮುಗಿಸ್ತಾರೆ ಅಂತ ನಾನ್ ಅನ್ಕೊಂಡಿರ್ಲಿಲ್ಲ. ಇದೊಂಥರ ಮ್ಯಾಜಿಕ್ ಅನ್ಸ್ತಿದೆ! ಮೇಸ್ತ್ರಿ ಏನೋ ಜಾದೂಮಂತ್ರ ಹಾಕಿ ಜಬರ್ದಸ್ತಾಗ್ ಗಾರೆ ಕೆಲ್ಸ ಮಾಡ್ಕೊಟ್ಟಿದಾರೆ.,Surprise
ಜನ್ರಿಗೆ ಹಣಕಾಸಿನ್ ತಿಳಿವಳಿಕೆ ನೀಡಕ್ಕೆ ಈ ಕಂಪ್ನಿಯೋರು ಯಾವ್ದೂ ಕಾರ್ಯಕ್ರಮನೇ ಕೈಗೊಳ್ತಿಲ್ಲ ಅನ್ನೋದು ಅದ್ರಲ್ಲಿರೋ ಅವ್ಯವಸ್ಥೆಗೊಂದ್ ಉದಾಹರ್ಣೆ ಅಷ್ಟೇ.,Disgust
"ಬಡಬಡಾಂತ ಬಾಯಿಗ್ ಬಂದಿದ್ದೆಲ್ಲ ಮಾತಾಡ್ಬಿಡ್ತೀನಿ, ಆದ್ರೆ ಅದ್ರಿಂದ ಜನ್ರನ್ನೆಲ್ಲ ದೂರ ಮಾಡ್ಕೊಂಡು ಆಮೇಲೆ ಜೀವ್ನದಲ್ಲಿ ನಾನೊಬ್ನೇ ಒಬ್ಬಂಟಿಯಾಗ್ ಉಳ್ಯೋ ಹಾಗಾಗ್ಬಿಡೋದು ನಂಗ್ ಖಂಡಿತಾ ಬೇಡಪ್ಪ.",Fear
ಅವ್ನ್ ತಂಡದೋರು ಎಷ್ಟೋ ವರ್ಷಗಳಾದ್ಮೇಲೆ ಮತ್ತೆ ಮೈದಾನಕ್ಕಿಳ್ದು ಎಲ್ರಿಗೂ ರೋಮಾಂಚನ ಆಗೋ ಹಾಗೆ ಗೆದ್ಬಿಟ್ಟಾಗ ಕಾರ್ತೀಕನ್ ಮುಖದಲ್ಲಿ ಈ..ಷ್ಟ್ಅಗಲ ನಗು.. ಅವ್ನ್ ಎಷ್ಟ್ ತಡ್ಕೊಳಕ್ನೋಡುದ್ರೂ ಆ ನಗು ಮರೆಯಾಗ್ಲೇ ಇಲ್ಲ.,Happiness
ನನ್ ಅಂಗ್ಡಿ ಮುಂದೆ ನಿಮ್ ಸ್ಟಾಲ್ ಹಾಕೊಳೋ ಹಾಗಿಲ್ಲ ಅಂತ ಇನ್ನೂ ಎಷ್ಟ್ ಸಲ ಹೇಳ್ಬೇಕ್ ನಾನ್ ನಿಮ್ಗೆ?! ಭಾಷೆ ಅರ್ಥಾಗಲ್ವಾ?,Anger
ಪಕ್ಕದ್ ಮನೆಯವ್ರು ಅಷ್ಟ್ ಸಣ್ ವಿಷ್ಯಕ್ಕೆ ನಂಗ್  ಅವ್ಮಾನ ಆಗೋ ಹಾಗ್ ಮಾತಾಡಿದ್ದು ನಮ್ಮನೆಯೋರ್ಗೆಲ್ಲ ತುಂಬಾ ಬೇಜಾರಾಯ್ತು.,Sadness
"ತುಂಬಾ ಜನ್ರು ಬರ್ತಾ ಇರೋದ್ರಿಂದ,  ಭಾಗವಹಿಸ್ತಾ ಇರೋ ಯಾರ್ಗೂ ಏನೂ ತೊಂದ್ರೆ ಆಗ್ದೇ ಇರೋ ಹಾಗೆ ಎಲ್ಲ ವ್ಯವಸ್ಥೆ ಮಾಡಿರೋ ಬಗ್ಗೆ ಇವೆಂಟ್ ಮ್ಯಾನೇಜರ್ ಹತ್ರ ಇನ್ನೂ ಒಂದ್ಸಲ ವಿಚಾರ್ಸಿ ಖಾತ್ರಿ ಮಾಡ್ಕೊಬೇಕಪ್ಪ.",Fear
ಸಿಟಿ ಬಸ್ಸಲ್ಲೆಲ್ಲ ಗಲಾಟೆ ಎಬ್ಸಿ ಸಾರ್ವಜನಿಕ್ರಿಗೆಲ್ಲ ತೊಂದ್ರೆ ಕೊಡಕ್ಕೆ ಈ ವಿದ್ಯಾರ್ಥಿಗಳ್ಗೆ ಬಸ್ ಡೇ ಒಂದ್ ನೆಪ ಅಷ್ಟೇ.,Disgust
"ನಾನ್ ಮಗು ಆಗಿದ್ದಾಗ ನೀವ್ ಏನ್ ಮಾಡುದ್ರಿ  ಅಥ್ವಾ ಮಾಡ್ಲಿಲ್ಲ ಅನ್ನೋದಕ್ಕೆ ಈಗ್ ಯಾವ್ ಮಹತ್ತ್ವನೂ ಇಲ್ಲ ಅಪ್ಪ. ಮೊದ್ಲು ಅದ್ನರ್ಥ ಮಾಡ್ಕೊಳಿ, ಸ್ವಲ್ಪನಾದ್ರೂ ಆತ್ಮಗೌರವ ಬೆಳೆಸ್ಕೊಳಿ!",Disgust
ಭಾರತ ಮತ್ ಇಂಗ್ಲೆಂಡ್ ನಡುವಿನ್ ಒನ್ ಡೇ ಮ್ಯಾಚ್ನ್ಯಾಗ ಕ್ರಿಸ್ ಬ್ರಾಡ್ ಬೌಲಿಂಗ್ನ್ಯಾಗ್  ಯುವರಾಜ್ ಸಿಂಗ್ ಆರ್ ಸಿಕ್ಸರ್ ಬಾರಸ್ದಾಗ ನಾ ಹಿಗ್ಗಿ ಹೀರಿಕಾಯ್ ಆಗಿದ್ದೆ.,Happiness
"ಗ್ಯಾಸ್ ಸಿಲಿಂಡರ್ ಡೆಲಿವರಿ ಮ್ಯಾನ್, ಸಿಲಿಂಡರ್ ಡೆಲಿವರಿ ಮಾಡಕ್ಕೆ  ಐವತ್ತ್ ರೂಪಾಯಿ ಡೆಲಿವರಿ ಚಾರ್ಜ್ ಕೇಳ್ದಾಗ ನಂಗ್  ಸಿಟ್ಟ್  ಬಂತು.",Sadness
"ನಿಮ್ ಕಾರನ್ ಅಜಾಗರೂಕತೆಯಿಂದ್ ಓಡ್ಸಿ ಎರಡ್ ದಿನಗಳ್ ಹಿಂದೆ ಇ,ಸಿ,ಆರ್, ನಲ್ ನನ್ ಓವರ್ಟೇಕ್ ಮಾಡ್ದಕ್ಕೆ ನಂಗೆ ನಿಮ್ಮೆಲೆ ಕೋಪ ಇದೆ.",Anger
ಇದುಕ್ ಮುಂಚೆ ಒಂದ್ ಕಾರ್ಯಕ್ರಮನ ಏರ್ಪಾಟ್ ಮಾಡೋದ್ರಲ್ಲಿ ಈ ಸಂಸ್ಥೆಯಿಂದ ಏನೆಲ್ಲ ಯಡವಟ್ಟುಗಳಾಗಿದ್ವು ಅಂತ ಒಂದ್ ರಿವ್ಯೂ ಓದ್ದೆ ನಾನೀಗ. ನಮ್ ಕಾರ್ಯಕ್ರಮಕ್ಕೆ ಆಥರ ಏನೂ ಆಗ್ದೇ ಇರೋ ಥರ ಭಾಳ ಎಚ್ಚರ್ಕೆಯಿಂದ ಎಲ್ಲನೂ ಪ್ಲಾನ್ ಮಾಡಿ ನಡೆಸ್ಕೊಡ್ತೀವಿ ಅಂತ ಅವ್ರ್ ಮ್ಯಾನೇಜರ್ ನಂಗ್ ಭರವಸೆ ಕೊಡ್ಬೇಕು. ಇಲ್ಲಾಂದ್ರೆ ನಂಗ್ ಈಗಿಂದ್ಲೇ ಒಂಥರ ಆತಂಕ ಶುರುವಾಗಿದೆ.,Fear
ನಮ್ ಉಗ್ರಾಣಕ್ಕೆ ಯಾರೋ ಅಪರಿಚಿತ್ರು ಬಂದು ಎಲ್ಲ ಲೂಟಿ ಮಾಡ್ಹೋದ್ಮೇಲೆ ಈಗ ಮುಂಬರ್ಲಿರೋ ದಾಸ್ತಾನು ಪರಿಶೀಲ್ನೆ ಬಗ್ಗೆ ನಂಗ್ಯಾಕೋ ಸ್ವಲ್ಪ ಭಯ ಆಗ್ತಿದೆ.,Fear
ಈ ಮಿಕ್ಸರ್ ವಾರಂಟಿ ಮುಗ್ದಿದೆ ಅಂದ್ರೆ ಏನರ್ಥ?!ನಾನದ್ನ ಒಂದ್ವಾರದ್ ಹಿಂದೆ ಅಷ್ಟೇ ಕೊಂಡ್ಕೊಂಡಿದ್ದಿದ್ದು!,Anger
ಅಭ್ಯಾಸದ್ ತರಗತಿ ನಡೀತಿದ್ದಾಗ ನನ್ಮಗು ಅವ್ರ್ ನೃತ್ಯ ಶಿಕ್ಷಕ್ರ ಹತ್ರ ಅಸಂಬದ್ಧವಾಗ್ ಮಾತಾಡಿದ್ನೋಡಿ ನಂಗ್ ಆಘಾತ ಆಯ್ತು.,Surprise
"ಕ್ಲೈಂಟ್ ಮತ್ತೆ ನಮ್ ಮ್ಯಾನೇಜ್ಮೆಂಟ್ ಇಬ್ರಿಗೂ ನನ್ ಬಗ್ಗೆ ಎಷ್ಟ್ ಸಿಟ್ಟ್ ಬಂದಿದೆ ಅಂತ ಗೊತ್ತಿದ್ಯಾ ನಿಮ್ಗೆ? ನೀವ್ಗಳ್ ಮಾಡಿದ್ ತಪ್ಪಿಗೆ ನಾನ್ ಬೈಗುಳ ತಿಂತಿದೀನಿ, ಎಲ್ಲ ನನ್ ಕರ್ಮ.",Anger
"ನಿಮ್ಮಲ್ಲ್ ಕೆಲ್ಸ ಮಾಡೋರ್ಗೆ ಒಬ್ಬ ವಯಸ್ಸಾದ್ ವ್ಯಕ್ತಿ ಜೊತೆ ಹೇಗ್ ನಡ್ಕೊಬೇಕು, ಗೌರವ ಕೊಡ್ಬೇಕು ಅನ್ನೋದೇ ಗೊತ್ತಿಲ್ವಲ್ರೀ!",Anger
ಈ ಕಂಪ್ಯೂಟರ್ ಅಂಗ್ಡಿಲಿ  ವೈಫೈ ಎಷ್ಟ್  ನಿಧಾನ ಇದೆ ಅಂದ್ರೆ ಯಾವ್  ಕೆಲ್ಸನೂ ಮಾಡ್ ಮುಗ್ಸಕ್ಕಾಗಲ್ಲ ಇಲ್ಲಿ.,Disgust
ನನ್ ಹೆಂಡ್ತಿ ಮಾಡಿದ್ ಅಪ್ಪಮ್ ಬಾಯಲ್ಲಿಟ್ಕೊಂಡ್ ತಕ್ಷಣ ಬೆಣ್ಣೆ ಥರ ಕರ್ಗ್ಹೋಗೋಷ್ಟ್ ಹದವಾಗಿತ್ತು.,Happiness
ನೀವ್ ಅದಾಗ್ಲೇ ಕಳ್ರನ್ನ ಹಿಡ್ದಿದ್ರಿ ಅಂದ್ಮೇಲೆ ಕಳ್ದ್ ಅರ್ಧ ಘಂಟೆಯಿಂದ ಸಿ.ಸಿ.ಟಿ.ವಿ. ಕ್ಯಾಮೆರಾದ್ ಬಗ್ಗೆ ಪ್ರಶ್ನೆಗಳ್ನ ಕೇಳಿ ಕೇಳಿ ನಂಗ್ಯಾಕ್ ಚಿತ್ರಹಿಂಸೆ ಕೊಡ್ತಿದ್ರಿ ಹಾಗಾದ್ರೆ?!,Anger
"ಕೌನ್ಸೆಲಿಂಗ್  ಇಂದ ಬೇಗ ಯಶಸ್ ಸಿಕ್ತೆ ಅಂತ ತಿಳ್ಕೊಂಡಿದ್ದೆ, ಆದ್ರೆ ಅದು ನಾನ್ ತಿಳ್ಕೊಂಡಿರೊದ್ಕಿಂಥ  ತುಂಬಾ ಕಷ್ಟ ಇದೆ.",Anger
"ನಂಗ್ ಏನಾದ್ರೂ ಆಗ್ಕೊಳ್ಳಿ, ನಿಮ್ಗೇನ್ ಕಷ್ಟ?! ಏನಾದ್ರೂ ಯಡ್ವಟ್ಟಾದ್ರೆ ನಾನ್ ಜವಾಬ್ದಾರಿನೇ ಹೊರ್ತು ನೀವಲ್ಲ. ಅಂದ್ಮೇಲ್ ನೀವ್ಯಾಕ್ ತಲೆ ಹಾಕ್ತಿದೀರ ಇದ್ರಲ್ಲಿ?!",Anger
ಪಿ.ಯು. ಓದಾಕ ನಂಗ್ ಸ್ಕಾಲರ್ಷಿಪ್ ಸಿಕ್ಕೈತಿ.,Happiness
ನನ್ ಟೀಮ್ನೋನ್ ಒಬ್ಬನ್ನ ಕೆಲ್ಸದಿಂದ ತೆಗ್ದ್ಹಾಕಿರೋ ವಿಷ್ಯ ನಾನೇ ಅವ್ನಿಗ್ ಹೇಳ್ಬೇಕು ಅಂತಾದಾಗ ನಂಗದು ತುಂಬಾ ಕಷ್ಟ ಆಯ್ತು.,Sadness
ಅವ್ನು ತಲೆಕೆಳಗಾಗ್ ಬಿದ್ದು ಸಾಕಷ್ಟ್ ರಕ್ತ ಹೋಗಿದೆ. ಅವ್ನ್ ಬದ್ಕುಳಿಬೋದು ಅಂತ ನಂಗನ್ನಿಸ್ತಿಲ್ಲ.,Fear
ಕ್ಲೈಂಟೊಬ್ರು ನನ್ನನ್ನ ಮನೆಯಿಂದ ಕರ್ಕೊಂಡ್ಹೋಗಕ್ಕೆ ಕಾರ್ ಕಳ್ಸಿದ್ದಿದ್ನೋಡಿ ಆಶ್ಚರ್ಯದಿಂದ ಕಣ್ಣುಜ್ಕೊಂಡ್ ನೋಡೋ ಹಾಗಾಯ್ತು ನಂಗೆ.,Surprise
"ಅಷ್ಟ್ ಪುಟ್ಟ್ ಅಂಗ್ಡಿಯಾದ್ರೂ ಅವ್ರ ಜಾಲತಾಣ ತುಂಬಾ ಅಚ್ಕಟ್ಟಾಗಿ, ಬಳ್ಸೋಕ್ ಸುಲಭ್ವಾಗಿರೋದ್ ನೋಡಿ ನಂಗ್ ಆಶ್ಚರ್ಯ ಆಯ್ತು.",Surprise
"ನಂಗ್ ಬೇರೆ ಆಯ್ಕೆನೇ ಇಲ್ಲ ಅನ್ಸತ್ತೆ, ಆದ್ರೆ ಇದು ತೀರಾ ಅನ್ಯಾಯ.. ತೆರಿಗೆನೇ ಕಟ್ದೇ ಇರೋ ಜನ್ರ್ ಸಲ್ವಾಗಿ ನನ್ನಂಥೋರು ಜಾಸ್ತಿ ಆದಾಯ್ ತೆರಿಗೆ ಕಟ್ಬೇಕೂಂದ್ರೆ ನಾವ್ ದುಡ್ದಿದ್ದೆಲ್ಲ ಬರೀ ಇದ್ಕೇ ಆಯ್ತಲ ಅಂತ ಜುಗುಪ್ಸೆ ಬರ್ತಿದೆ.",Disgust
"ಅಲ್ಲಾ ಇಷ್ಟ್ ವರ್ಷಾದ್ಮ್ಯಾಲೂ, ಮಂದಿ ಹಬಲ್ ಟೆಲಿಸ್ಕೋಪ್ ಮನಷ್ಯಾರಿಗಿ ಏನ್ ಕೊಟ್ಟದಂತ ಕೇಳ್ತಾರಲಾ ನಂಗ ಜೀವಾ ಚುರ್ರ್ ಅಂತದ.",Sadness
ಆಯುರ್ವೇದದ್ ಪಂಡಿತ್ರು ಸರ್ಜರಿ ಅಗತ್ಯನೇ ಇಲ್ದ್ಹಾಗೆ ನನ್ ಕುತ್ಗೆ ಹತ್ರ ಡಿಸ್ಕ್ ಪ್ರೊಲ್ಯಾಪ್ಸ್ ಆಗಿದ್ದನ್ನ ಗುಣಪಡಿಸ್ದಾಗ ನಂಗಾದ್ ಸಂತೋಷ ಅಷ್ಟಿಷ್ಟಲ್ಲ.,Happiness
ಪ್ರವಾಸಿಗ್ರಿಗೆ ಕನ್ನಡ ಬರಲ್ಲ ಅಂತ ಕರ್ನಾಟಕ್ದಲ್ಲಿ ಅವ್ರ್ ಜೊತೆ ಒರ್ಟಾಗ್ ನಡ್ಕೊಂಡಿರೋ ಕೆಲ್ವು ಸ್ಥಳೀಯ್ರ ವರ್ತನೆ ನಿಜಕ್ಕೂ ಹೀನಾಯ್ವಾದ್ದು.,Disgust
"ವ್ಯಾಕ್! ಥು ಅಸಹ್ಯ! ಇದ್ರು ರುಚಿ ಕೊಳ್ತೋಗಿರೋ ಟೊಮೆಟೊಗಳ್ ಥರ ಇದೆ,  ನಾನ್ ಇನ್ಯಾವತ್ತೂ ಈ ರೆಸ್ಟೋರೆಂಟಲ್ಲಿ ಊಟ ಬಾಯ್ಗಿಡಲ್ಲ.",Disgust
ಇಂಡೋನೇಷ್ಯಾದ್ ಎಕ್ಸ್ಚೇಂಜ್ ರೇಟಲ್ಲಿ ನಂಗ್ ಒಂದ್ರೂಪಾಯ್ ಬದ್ಲಿಗೆ ಸಾಕಷ್ಟ್ ಆ ದೇಶದ್ ಕರೆನ್ಸಿ ಸಿಗುತ್ತೆ ಅನ್ನೋದೇ ದೊಡ್ಡ್ ಖುಷಿ ನಂಗೆ.,Happiness
ಯೇನ್ ನಿಮ್ ಅಂಗ್ಡಿಯವ್ರ್ ಯಾಕ್ ಹಗಲೆಲ್ಲಾ ರಿಟರ್ನ್ ಪಾಲಿಸಿ ಬದ್ಲಾಸ್ಕೋತ ಕೂಡ್ತೀರ್ರಿ.. ಬ್ಯಾರೇನ್ ಕೆಲ್ಸ ಇಲ್ಲೇನ್ ನಿಮ್ಗ?!,Anger
"ಫ್ರೀಜರ್ ಒಳ್ಗೆ ತುಂಬಾ ಮಂಜ್ಗಡ್ಡೆ ಕಟ್ಕೊಳದು ಮತ್ತೆ ಫ್ರಿಡ್ಜ್ ಸುತ್ಲು ನೀರ್ ನಿಲ್ತಾ ಇರೋದ್ ನೋಡುದ್ರೆ ನಂಗ್ ಗಾಬ್ರಿ ಆಗ್ತಿದೆ, ಅದ್  ಸರ್ಯಾಗ್ ಇದ್ಯೋ ಇಲ್ವೋ ಅಂತ್ಲೇ ನಂಗ್ ಗೊತ್ತಾಗ್ತಾ ಇಲ್ಲ.",Fear
ಹೋದ್ವಾರ ಮಾರ್ಕೆಟ್ ಅಷ್ಟ್ ಕುಸ್ದಿತ್ತಾದ್ರೂ ಈಗ ಅದು ಚೇತರಿಸ್ಕೊಳೋ ಥರ ನಮ್ ದೇಶದ್ ಆರ್ಥಿಕತೆ ಒಳ್ಳೆ ಸ್ಥಿತಿಲಿದ್ದು ಚೆನ್ನಾಗ್ ನಡೀತಿದ್ಯಲ್ಲ ಅಂತ ನಂಗೆಷ್ಟೋ ಸಮಾಧಾನ ಆಗಿದೆ.,Happiness
ಕ್ಯಾಮರೂನ್ ಎದರ ಅರ್ಜೆಂಟಿನಾ ವರ್ಲ್ಡ್ ಕಪ್ನ್ಯಾಗ ಮೊದಲ್ನೇ ಸರ್ತಿ ಸೋತ್ ಥಣ್ಣಗೇ ಆದ್ರು.. ಹೀಗಾಗ್ಭೌದ್ ಅಂತ್ ಯಾರೂ ಎಣಸಿರ್ಲಿಲ್ಲ.,Surprise
"ನಾವು ಆದಾಯ್ ತೆರಿಗೆ ಸಲ್ಲಿಸ್ದಿದ್ರೆ, ಅಧಿಕಾರಿಗಳು ನಮ್ಗೆ ಭಾರೀ ದೊಡ್ಡ್ ದಂಡನೇ ವಿಧಿಸ್ಬಹುದು.",Fear
ನಂಗೆ ಬೀಚಿಗ್ ಹೋಗಕ್ಕಿಷ್ಟ ಇಲ್ಲ. ಅಲ್ಲಿ ಹೆಂಗಸ್ರು ಗಂಡಸ್ರು ಯಾರೂ ಸರ್ಯಾಗಿ ಏನೂ ಬಟ್ಟೆನೇ ಹಾಕೊಂಡಿರಲ್ಲ.,Disgust
"ಫೋರ್ಡ್ ಫೋಕಸ್ಗೆ ಅವ್ರ್ ಹತ್ರ ಬಿಡಿಭಾಗಗಳ್ ಸ್ಟಾಕಲ್ಲಿರತ್ವೆ ಅಂತ ನಾನ್ ಅನ್ಕೊಂಡಿರ್ಲಿಲ್ಲ, ಆದ್ರೆ ಅಲ್ನೋಡುದ್ರೆ ಎಲ್ಲ ಇತ್ತು!",Surprise
ನಿಮ್ಮಲ್ಲಿನ ಭದ್ರತಾ ಸಮಸ್ಯೆಗಳಿಂದಾಗಿ ನನ್ ಖಾತೆನ ಮುಚ್ಚೋಕ್ ಬಂದಿದೀನಿ ನಾನು. ಇಲ್ಲೇ ಇಟ್ಟಿದ್ರೆ ನನ್ ದುಡ್ಡೆಲ್ಲ ಯಾವಾಗ್ ಏನಾಗತ್ತೋ ಅಂತ ಎದೆ ಅಳುಕತ್ತೆ ನಂಗೆ.,Fear
"ಕ್ಷಮ್ಸಿ, ಆದ್ರೆ ನನ್ ಖಾತೆ ಓವರ್ ಡ್ರಾಫ್ಟ್ಲ್ಲಿದೆ, ಈ ತಿಂಗ್ಳ ಕೊನೇ ಒಳ್ಗೆ ನಂಗ್ ದುಡ್ಡ್ ಕಟ್ಟೋಕಾಗಲ್ಲ ಅನ್ಸತ್ತೆ.",Sadness
ನಾನ್ ಆತ್ಮವಿಶ್ವಾಸದಿಂದ  ರಸ್ತೆಗೆ ಇಳಿಯೋ  ಮೊದ್ಲು ನನ್ ಡ್ರೈವಿಂಗ್ ಸ್ಕಿಲ್ ಗೆ  ಹೆಚ್ಚಿನ್  ಪರಿಶೀಲ್ನೆ ಬೇಕು ಅಂತ  ಡ್ರೈವಿಂಗ್ ಸ್ಕೂಲ್ ಹೇಳ್ದಾಗ  ನಂಗ್   ಸ್ವಲ್ಪ ನಿರಾಸೆ ಆಯ್ತು.,Sadness
"ಆಪ್ತಸಮಾಲೋಚ್ನೆಗೆ ಅಂತ್ ಹೋದಾಗ ಅಲ್ಲಿ ಮತ್ಮತ್ತೆ ನನ್ ಸಮಸ್ಯೆಗಳ್ ಬಗ್ಗೆ ಮಾತಾಡಿ ಆಡಿ ನಂಗ್ ಸಾಕಾಗೋಗತ್ತೆ, ತಲೆ ಕೆಟ್ಟು ಕೋಪ ಇನ್ನೂ ಜಾಸ್ತಿ ಆಗತ್ತೆ.",Anger
ಬಡ್ತಿ ಸಿಗೋಷ್ಟ್ ಅದೃಷ್ಟ ನಂಗಿಲ್ಲ.,Sadness
"ನಿಮ್ಗೆ ತೃಪ್ತಿ ಆಗೋಂಥದ್ದು ಸಿಗ್ದೇ ಹೋಗಿದ್ದಕ್ಕೆ ಕ್ಷಮ್ಸಿ, ಒಳ್ಳೆ ಗುಣಮಟ್ಟದ ಕೆತ್ತನೆ, ಅಚ್ಕಟ್ಟಾದ ಕಸುಬುಗಾರಿಕೆ ಒದಗ್ಸೋಕೆ ನಾನ್ ಇನ್ನಷ್ಟ್ ಪ್ರಯತ್ನ ಪಡ್ತೀನಿ.",Sadness
"ಯಾವಾಗ್ಲೂ ಮೇಲುಪ್ಪು ಕೇಳೋದು! ನಿಮ್ಗೆ ಈಗಾಗ್ಲೇ ಬಿ.ಪಿ. ಅಷ್ಟ್ ಜಾಸ್ತಿ ಇದೆ, ಊಟ್ದಲ್ಲಿ ಜಾಸ್ತಿ ಉಪ್ಪ್ ತಿನ್ನೋದು ನಿಮ್ ಆರೋಗ್ಯಕ್ ಒಳ್ಳೇದಲ್ಲ ಅಂತ ಗೊತ್ತು ತಾನೇ ನಿಮ್ಗೆ?!",Anger
"ನಮ್ ಪ್ರಯಾಣದ್ ಸಮಯ್ದಲ್ಲಿ ಎಲ್ಲ್ ಬಸ್ ಕೆಟ್ ಹೋಗತ್ತೋ ಅಂತ ಕಳವಳ ಆಗ್ತಿದೆ ನಂಗೆ, ಹಾಗೇನಾದ್ರು ಆದ್ರೆ ಸಾಕಷ್ಟ್ ತೊಂದ್ರೆ, ತಡ ಎಲ್ಲ ಆದೀತು.",Fear
"ನೀವು ನನ್ ಫೋನ್ ಕಾಲ್ನ ನಲವತ್ತೈದ್ ನಿಮ್ಷ ಹೋಲ್ಡಲ್ಲಿಟ್ಟು, ಈಗ ನಂಗ್ ಸಹಾಯ ಮಾಡಕ್ಕಾಗಲ್ಲ ಅಂದ್ರೆ ಏನರ್ಥ?! ನಮ್ಗೇನ್ ಬೇರೆ ಕೆಲ್ಸ ಇಲ್ಲ, ದಿನ ಇಡೀ ಇದ್ನೇ ಮಾಡ್ಕೊಂಡ್ ಕೂತಿರ್ತೀವಿ ಅನ್ಕೊಂಡಿದೀರ?! ಆಗಲ್ಲ ಅಂದ್ರೆ ಮೊದ್ಲೇ ಹೇಳ್ಬೇಕಿತ್ತು.",Anger
ಈ ಗೈಡೆಡ್ ಟೂರ್ಗಳು ಅದೆಷ್ಟ್ ದುಬಾರಿ ಆಗಿವೆ  ಮತ್ತೆ ಪ್ರವಾಸ ಏರ್ಪಡ್ಸೋರು ಜನಸಾಮಾನ್ಯರನ್ನ ಹೇಗ್ ಲೂಟಿ ಮಾಡ್ತಿದಾರೆ ಅನ್ನೋದ್ ನೋಡಿ ನಂಗದ್ರ್ ಬಗ್ಗೆಯೆಲ್ಲ ಜುಗುಪ್ಸೆ ಬಂದೋಗಿದೆ.,Disgust
ಸ್ವಲ್ಪ್ ಮಂದಿ ಎಷ್ಟ್ ಲಗೂನ ಕ್ರೆಡಿಟ್ ಕಾರ್ಡನಿಂದ್ ಮೈತುಂಬಾ ಸಾಲಮಾಡ್ಕೊತಾರಂದ್ರ ನಂಗ್ ನಂಬ್ಕಿನೇ ಬರಾವಲ್ದು.,Surprise
"ಈಗಿನ್ ಥರ ಅಲ್ದೇ ಜನ ಒಬ್ರಿಗೊಬ್ರು ಮುಖತಃ ಸಿಕ್ಕಿ, ಮಾತಾಡ್ಕೊಂಡು ಖುಷಿಯಾಗಿರ್ತಿದ್ದಂಥ ಕಾಲ್ದಲ್ಲಿ ನಾನ್ ಬೆಳ್ದು ದೊಡ್ಡೋನಾಗಿದ್ದು ಅನ್ನೋ ಸಮಾಧಾನ ಇದೆ ನಂಗೆ.",Happiness
ಆಕ್ಸಿಜನ್ ಸಿಲಿಂಡರ್ ಉಳ್ದಿಲ್ಲ ಅಂದ್ರೆ ಏನರ್ಥ? ಮಗು ಉಸ್ರಾಡೋಕೆ ಅಷ್ಟ್ ಕಷ್ಟಪಡ್ತಾ ಇರೋದ್ ಕಾಣಿಸ್ತಿಲ್ವೇನ್ರಿ ನಿಮ್ಗೆ?,Anger
ಇನ್ಮುಂದೆ ಈ ಡಬ್ಬಾ ಆಟ ಆಡಕ್ಕೆ ನನ್ಕೈಲಂತೂ ಸಾಧ್ಯ ಇಲ್ಲ. ಇದ್ರ್ ನಿಯಮ ಎಲ್ಲ ತಿಕ್ಲು ತಿಕ್ಲಾಗಿದೆ.. ಅದ್ರಿಂದಾಗಿ ನಾನ್ ಯಾವತ್ತೂ ಗೆಲ್ಲಕ್ಕಾಗಿಲ್ಲ ಇದ್ರಲ್ಲಿ.,Anger
ತಮ್ಮ್ ಕಮಾಂಡರ್ ಮೇಲೆ ದಾಳಿ ಮಾಡ್ದಾಗ ಭಾರತೀಯ ಸೈನಿಕ್ರಿಗೆ ಆಕ್ರೋಶ ಉಕ್ಕಿ ಶತ್ರುಗಳ್ ವಿರುದ್ಧ ಪ್ರತೀಕಾರ ತೀರ್ಸ್ಕೊಂಡ್ರು ಅವ್ರು.,Anger
ನಮ್ ಪ್ರಾಡಕ್ಟ್ನ ತಯಾರ್ಸಿ ಸಮ್ಯಕ್ ಸರ್ಯಾಗ್ ಡೆಲಿವರಿ ಮಾಡಕ್ಕಾಗೋ ಹಾಗೆ ನಮ್ಗೆ  ಕಚ್ಚಾ ವಸ್ತುಗಳ್ ಸಿಗ್ತಾವ ಅಂತ ನಂಗ್ ಗ್ಯಾರಂಟಿ ಇಲ್ಲ.,Fear
ನನ್ ಸ್ಟಾಕ್ಸ್ಗೆಲ್ಲ ಭಾರೀ ದೊಡ್ಡ್ ಹೊಡ್ತ ಬಿದ್ದಿರೋದ್ ನೋಡಿ ನಂಗಂತೂ ತುಂಬಾ ನಿರಾಶೆ ಆಗಿದೆ. ಈ ಹೂಡಿಕೆ ಮೇಲೆ ಸಾಕಷ್ಟ್ ನಿರೀಕ್ಷೆ ಇಟ್ಕೊಂಡಿದ್ದೆ ನಾನು.,Sadness
"ಹೇ ಎಂಥಾವರೆ ವಜ್ರ ತೊಗೊಬಾರ್ದು, ಅದರಾಗ ಏನರೇ ಟಂಕ ಇತ್ತಂದ್ರ ಅದರ್ಲಿಂದ ನಮ್ಗ ಆರಾಮ್ ತಪ್ಪ್ಭೌದ್ ಅಂತ ನಂಗ ವಬ್ರು ಹೇಳ್ಯಾರ.",Fear
ನಾನ್  ಸೂಪರ್ವೈಸರ್ನ ಕೆಲ್ಸನ್ ನೋಡ್ದೆ ಮತ್ ಅವ್ನಿಗೆ ಜಾಸ್ತಿ ಕಾಂಪೆನ್ಸೇಷನ್  ಕೊಡಕ್ ನಂಗ್ ಖುಷಿ ಆಯ್ತು.,Happiness
"ಕೆಲೊಂದ್ ಟಿ.ವಿ. ಧಾರಾವಾಹಿಗೊಳ ಭಯಂಕ್ರ ಕೆಟ್ಗುಣಾ ತೋರಸ್ತಾವ ಮತ್ ಒಂಥರಾ ಹಿಂದ್ ಉಳಿದಿದ್ ಮೆಂಟಾಲಿಟಿ ತೋರಸ್ತಾರ, ಅಂದ್ರೂ ಮಂದಿ ಅವೇ ನೋಡ್ತಾರ.",Disgust
"ನಮ್ ಕೇಕ್ಗಳ್ನ ಪ್ರೀತಿಯಿಂದ, ಸಣ್ಪುಟ್ಟ್ ವಿವರಗಳ್ನೂ ಗಮನ್ದಲ್ಲಿಟ್ಕೊಂಡು ತಿನ್ನೋರ್ಗೆ ಪ್ರತೀ ಬೈಟ್ನಲ್ಲೂ ಆನಂದ, ತೃಪ್ತಿಯ ಅನುಭವ ಸಿಗೋ ಥರ ತಯಾರಿಸ್ತೀವಿ ನಾವು.",Happiness
ಈ ಥರ ಒಂದೇ ಸಮ ಮಳೆ ಸುರೀತಾನೇ ಇದ್ರೆ ಊರಲ್ಲಿ ಎಲ್ಲಾ ಕಡೆ ಪ್ರವಾಹ ಬರತ್ತೆ ಅನ್ಸತ್ತೆ.. ಏನಪ್ಪಾ ಮಾಡೋದೀಗ!,Fear
ಇಲ್ಲೇ ಹತ್ರದಲ್ಲಿರೋ ಜಿಮ್ಅಲ್ಲಿ ಎಕ್ವಿಪ್ಮೆಂಟ್ಸೆಲ್ಲ ಬರೀ ಅಂಟಂಟು.. ಕೈ ಕಾಲಿಟ್ರೆ ಜಾರ್ಬಿಡೋ ಥರ ಎಷ್ಟ್ ಕೆಟ್ದಾಗಿವೆ ಅಂದ್ರೆ ನಂಗ್ ಅವನ್ನ ಮುಟ್ಟೋಕೂ ಮನ್ಸಾಗಲ್ಲ.,Disgust
ನೆಟ್ಫ್ಲಿಕ್ಸಲ್ಲಿ ಸಿನ್ಮಾ ನೋಡೋವಾಗ ವಿ.ಪಿ.ಎನ್. ಬಳಸ್ಬೇಡಿ. ಹಾಗೇನಾದ್ರೂ ಮಾಡುದ್ರೆ ನೀವು ದಂಡ ಕಟ್ಬೇಕಾಗ್ಬಹುದು.,Fear
"ಸ್ಪರ್ಧೆಲಿ ನೃತ್ಯ ಶಾಲೆ ಈ ವರ್ಷ ಪಾಲ್ಗೊಳ್ದಿದ್ರೆ, ಮುಂದಿನ್ವರ್ಷ ಅವ್ರನ್ನ ಕರ್ಸೋದೇ ಇಲ್ಲ, ಹಾಗಾಗಿ ನನ್ ಮಗು ಅದ್ರಲ್ ಭಾಗ್ವಹಿಸೋದಕ್ಕೆ ಆಗೋ ಖರ್ಚನ್ನೆಲ್ಲ ನೃತ್ಯ ಶಾಲೆಯೋರೇ ಭರಿಸ್ತಾರಂತೆ, ನನ್ ಮೇಲಿದ್ ಭಾರ ಹಗೂರಾಯ್ತು ಸದ್ಯ!",Happiness
"ಕಂಪನಿ ಮ್ಯಾನೇಜ್ಮೆಂಟಲ್ಲಿ ಪದೇ ಪದೇ ಬದ್ಲಾವಣೆ ಆಗ್ತಿರೋದ್ರಿಂದ ನಂಗ್ ಸಮಾಧಾನನೇ ಇಲ್ದಂಗಾಗಿದೆ, ಯಾವ್ದೂ ಸರ್ಯಾಗ್ ಬಗೆಹರೀತಿಲ್ಲ.",Sadness
ನಾನ್ ಹೂಡಿಕೆ ಮಾಡಿದ್ ಕಂಪನಿದು ಒಂದ್ ದೊಡ್ಡ್ ಹಗರಣ ಆಗೋಗಿದೆ. ನಂಗ್ ನಂಬಕ್ಕೇ ಆಗ್ತಿಲ್ಲ.. ಅವ್ರು ತಮ್ ಷೇರ್ಹೋಲ್ಡರ್ಸ್ಗೆ ಅದ್ಹೇಗ್ ಈ ಥರ ಮೋಸ ಮಾಡ್ತಾರೆ? ಸರ್ಯಾಗ್ ಪಾಠ ಕಲಿಸ್ಬೇಕು ಇಂಥೋರ್ಗೆ.,Anger
ಈ ಮೊದ್ಲು ತುಂಬಾ ಆಕ್ಟಿವ್ ಇದ್ದ  ನನ್ ಸಂಬಂಧಿ ಅಲ್ಝೈಮರ್ ಕಾಯಿಲೆಯಿಂದ  ಸುತ್ತ ಇರೋ ಜಗತ್ತನ್ನೇ  ಮರ್ತಿದ್ದಾರೆ ಅಂತ ಕೇಳಿ ನಂಗ್ ದುಃಖ ಆಯ್ತು.,Sadness
"ಬೆಂಗ್ಳೂರಿಂದ ಮಂಗ್ಳೂರಿಗ್ ಹೋಗೋ  ವಿಸ್ಟಾಡೋಮ್ ರೈಲಲ್ಲಿ ನಾನ್ ನೋಡಿದ್ ಸುಂದರ್ವಾದ್ ದೃಶ್ಯಗಳು, ಆ ಪ್ರಕೃತಿ ಎಲ್ಲ ನಂಗೆ ಇನ್ನೂ ಕಣ್ಣಿಗ್ ಕಟ್ದ್ ಹಾಗ್ ನೆನ್ಪಿದೆ.",Happiness
ನನ್ಹತ್ರ ಎರಡ್ಮೂರ್ಸಲ ಸಾಲ ಇಸ್ಕೊಂಡು ಮತ್ತೆ ವಾಪಸ್ಸೇ ಕೊಡ್ದಿರೋ ಆ ಟೀಚರ್ನ ಮೊನ್ನೆ ಎಲ್ಲೋ ನೋಡಿ ಜುಗುಪ್ಸೆ ಆಯ್ತು ನಂಗೆ. ಟೀಚರ್ಗಳೇ ಹೀಗಾದ್ರೆ ಮಕ್ಳು ಕಥೆ ಏನು?!,Disgust
ಎಲ್ಲನೂ ನಿಲ್ಲಿಸ್ಬೇಕಾಗಿರೋದು ನಂಗೊಂಥರ ಧೈರ್ಯಗೆಟ್ಟ್ಹಾಗ್ ಆಗಿದೆ.,Fear
"ನಿಂಗ್ಯಾಕ್ ಇಷ್ಟ್ ಅಶಿಸ್ತು?! ಒಂದ್ ಪರೀಕ್ಷೆಗೆ ಚೆನ್ನಾಗ್ ಓದ್ಕೊಂಡ್ಹೋಗಿ ಅಂಕ ತೊಗೊಳೋದು ಅಂದ್ರೆ ಅಷ್ಟ್ ಕಷ್ಟನಾ ನಿಂಗೆ, ಆಂ?",Anger
ಈ ಬೀದಿ ನಾಯಿಗಳ್ನ ನೋಡ್ದಾಗೆಲ್ಲ ಅವ್ಗಳ್ನ ಮನೆಗ್ ಕರ್ಕೊಂಡ್ ಹೋಗ್ ಸಾಕ್ಕೊಳಕ್ಕೆ ನನ್ಕೈಲಾಗಲ್ವಲ್ಲ ಅಂತ ಭಾಳ ಬೇಜಾರಾಗತ್ತೆ.,Sadness
"ಇನ್ಸ್ಟಾಲೇಶನ್ ಆದ್ಮೇಲೆ ಕೆಲ್ವು ಕ್ಯಾಬಿನೆಟ್ ಬಾಗ್ಲುಗಳು ಸರ್ಯಾಗ್ ಕೂರ್ದೇ ಇದ್ದಿದ್ನೋಡಿ ಬೇಜಾರಾಗೋಯ್ತು, ಅಷ್ಟೆಲ್ಲ ಜೋಪಾನ್ವಾಗ್ ಮಾಡಿದ್ರೂ ಹೀಗಾಗೋಗಿದೆ.",Sadness
ಈ ಹೋಟ್ಲಿನ್ ಗೋಡೆಗಳು ಎಷ್ಟ್ ತೆಳ್ಳುಗಿವೆ ಅಂದ್ರೆ ಪಕ್ಕದ್ ರೂಮಿಂದ ನಂಗ್ ಏನೇನೋ ಅಸಹ್ಯವಾದ್ ಶಬ್ದಗಳ್ ಕೇಳಿಸ್ತಾ ಇವೆ.,Disgust
ಆ ಗಿಫ್ಟ್ ಅಂಗ್ಡಿಯವ್ರು ಸಿಕ್ಕಂಗಾ ರೊಕ್ಕ ಹೆಚ್ಚ ಮಾಡಿಟ್ಟಾರಂತ ಅವ್ರ ದಗಾಬಾಜಿ ನೋಡಿ ನಂಗ್ ಬೇಸ್ರ ಹುಟ್ಟೈತಿ.,Sadness
"ಧತ್! ರಾತ್ರಿಯಿಡೀ ಕರೆಂಟು ಹೋಗೀ, ಬಂದು, ಮಾಡ್ತಾ ಇದ್ದಿದ್ರಿಂದ ತುಂಬಾ ಕಿರ್ಕಿರಿ, ನಂಗೆ ನಿದ್ದೆನೂ ಸರ್ಯಾಗಾಗ್ಲಿಲ್ಲ.",Anger
"ಸಿನ್ಮಾ ಟಾಕೀಸಲ್ಲಿ ತಡವಾಗ್ಬಂದು ಅವ್ರ್ ಸೀಟ್ಗಳ್ನ ಹುಡುಕ್ಕೋತಾ ನಮ್ಮುಂದೆ ಅಡ್ಡ ನಿಂತ್ಕೊಳೋ ಜನ್ಗಳಂದ್ರೆ ಸ್ವಲ್ಪನೂ ಆಗಲ್ಲ ನಂಗೆ, ಒಂದೈದ್ ನಿಮ್ಷ ಬೇಗ್ನೇ ಬಂದ್ ಕೂತ್ಕೋಬೇಕು ಅನ್ನೋ ಪ್ರಜ್ಞೆ ಬೇಡ್ವಾ ಅವ್ರಿಗೆ!",Anger
"ಈ ಟೈಲ್ಸ್ಇಂದಾಗಿ ಹಳೇ ಬಚ್ಚಲ್ಮನೆ ಎಷ್ಟ್ ಹೊಸ್ದಾಗಿ, ಚೆನ್ನಾಗ್ ಕಾಣ್ತಿದ್ಯಲ ಅಂತ ನಂಗ್ ನಿಜ್ವಾಗ್ಲೂ ತುಂಬಾ ಖುಷಿ ಆಗಿದೆ.",Happiness
"ನನ್ ಜೀವನ್ದಲ್ಲಿ ಏನೆಲ್ಲ ನಡೀತಿದೆ ಅನ್ನೋ ಬಗ್ಗೆ ಕಲ್ಪನೆನೂ ಇಲ್ದೇ ನಾನೂಂದ್ರೆ ನೀವೆಲ್ಲ ಇಷ್ಟ್ ಹಗುರ್ವಾಗ್ ತಗೋತೀರಲ, ಏನನ್ಕೊಂಡಿದೀರ ನನ್ನ? ನಿಮ್ಗಳ್ ಜೊತೆ ಏಗಿ ಏಗಿ ನಂಗೂ ಸಾಕಾಗೋಗಿದೆ.",Anger
ಅಯ್ಯೋ ಅಂಗ್ಡಿಲಿ ಈ ಹೊಸ ಬದ್ಲಾವಣೆಯೆಲ್ಲ ತುಂಬಾ ಗೊಂದ್ಲ ಆಗೋ ಥರ ಇದೆ. ಅಂಗ್ಡಿಗ್ ಬರೋರ್ಗೆಲ್ಲ ಎಷ್ಟ್ ಕಿರಿಕಿರಿನಪ್ಪ..ಥೋ.,Disgust
"ವಾಹ್! ಅಡ್ಗೆ ಭಟ್ರು ಮಾಡಿರೋ ಈ ತಿಂಡಿ ಅದೆಷ್ಟ್ ರುಚ್ಯಾಗಿದೆ! ಇಷ್ಟೊಳ್ಳೆ ಘಮ, ರುಚಿ ಮತ್ತೆ ಟೆಕ್ಷ್ಚರ್ ಎಲ್ಲನೂ ಹದವಾಗ್ ಕೂಡ್ಸಿ ಮಾಡಿದ್ದಿದ್ನ ನಾನ್ ಈ ಮೊದ್ಲು ತಿಂದೇ ಇರ್ಲಿಲ್ಲ.",Surprise
"ಲೆಕ್ಕಾಚಾರ ಮಾಡುವಾಗ, ನಾವು ತೆರಿಗೆ ಕಟ್ಟೋ ಸಮಯ್ದಲ್ಲಿ ನಮ್ ಜೇಬು ತೂತಾಗ್ದೇ ಇರೋ ಹಾಗ್ಮಾಡೋ ಒಂದ್ ಉಪಾಯ ಕಂಡ್ಕೊಂಬಿಟ್ವಿ!",Happiness
"ಲಾಕರ್ ಬಳಿ ಹೋಗ್ಲಿಕ್ಕಿ ನಾ ಬ್ಯಾಂಕಿನ್ ಹಿಂದಿನ್ ಖೋಲಿಗ್ ಹೋಗಿದ್ದೆ, ರಾಮ್ರಾಮಾ ಅಲ್ಲಿ ರಾಶಿ ಧೂಳ ಮತ್ ರದ್ದಿ ತುಂಬಿದ್ ನೋಡಿ ಮೈ ಮಳಮಳ ಅಂತು.",Disgust
ನಾನು ಈ ರೆಸ್ಟೋರಂಟ್ಗೆ ಹಿಂದೊಂದ್ಸಲ ಬಂದಿದ್ದಾಗ್ ಆಗಿದ್ ಕೆಟ್ಟ್ ಅನುಭವದಿಂದಾಗಿ ಇಲ್ಲಿ ಊಟತಿಂಡಿ ರುಚಿ ನೋಡಕ್ಕೇ ಭಯ ಆಗತ್ತೆ ನಂಗೆ.,Fear
ನಮ್ ಭಾರತೀಯ ಸೇನೆ ಗಾಲ್ವಾನ್ನಲ್ಲಿ ಚೀನೀಯರಿಗೆ ಹೇಗ್ ತಿರುಗೇಟ್ ಕೊಡ್ತು ಅಂತ ನೋಡ್ದ್ಯಾ ನೀನು?,Happiness
"ಬಸ್ಸಲ್ ಹೋಗ್ಬೇಕು ಅಂದ್ರೆ ಟಿಕೆಟ್ ತಗೊಳಕ್ಕೆ ಉದ್ದುದ್ದ ಕ್ಯೂಗಳಲ್ಲ್ ನಿಂತ್ಕೊಳದು ಅಂದ್ರೆ ಟೆನ್ಷನ್ ಆಗ್ತಿರತ್ತೆ ನಂಗೆ, ನಾವ್ ಕೌಂಟರ್ ಹತ್ರ ಹೋಗೋ ಹೊತ್ಗೆ ಟಿಕೆಟ್ಟೂ ಖಾಲಿಯಾಗಿ ನಮ್ ಟೈಮೂ ವೇಸ್ಟಾಯ್ತು ಅನ್ನೋ ಹಾಗ್ ಆಗ್ದಿದ್ರೆ ಸಾಕು.",Fear
"ದಿನದಿಂದ ದಿನಕ್ಕೆ ಇಲ್ಲಿ ಊಟದ್ ಹದ ಹಾಳಾಗ್ತಾನೇ ಇದೆ. ನಂಗಿನ್ನು ಇದ್ನ ಸಹಿಸಕ್ಕಾಗಲ್ಲ, ಅಧಿಕಾರಿಗಳ್ಗೆ ಇದ್ರ್ ಬಗ್ಗೆ ವರದಿ ಕಳ್ಸೇ ಕಳಿಸ್ತೀನಿ.",Anger
ನನ್ ಟೀಮ್ನೋರ್ದೇನೂ ತಪ್ಪೇ ಇಲ್ದಿರುವಾಗ ಅವ್ರಿಗ್ ಜೋರ್ ಮಾಡಕ್ಕೆ ಎಷ್ಟ್ ಸೊಕ್ಕು ಅವ್ನಿಗೆ! ನನ್ ಕೈಗ್ ಸಿಗ್ಲಿ ನೋಡ್ಕೋತೀನಿ ಅವ್ನ್ನ!,Anger
ಕೌಶಲ್ಯ ಇರೋರು ಸುಲ್ಭವಾಗ್ ಸಿಗಲ್ಲ ಅಂತ ಹೇಳಕ್ಕೆ ನೀವ್ ಕೊನೇ ಕ್ಷಣದ್ವರ್ಗೂ ನನ್ನ ಸತಾಯ್ಸ್ಬಿಟ್ರಲ್ಲ.,Disgust
ಪಂದ್ಯ ಆದ್ಮೇಲೆ ಒಂದ್ ಸಂದರ್ಶನ್ದಲ್ಲಿ ಆ ಫುಟ್ಬಾಲ್ ತಂಡದ್ ಕೋಚು ಇನ್ನೊಂದ್ ತಂಡದ್ ಆಟ್ಗಾರನ್ ಬಗ್ಗೆ ಎಷ್ಟ್ ಕೀಳಾಗ್ ಮಾತಾಡುದ್ರು ಅಂದ್ರೆ ನಂಗವ್ರ್ ಬಗ್ಗೆ ಇದ್ದ್ ಗೌರವ ಎಲ್ಲ ಜರ್ರಂತ ಇಳ್ದೋಯ್ತು.,Disgust
ಇತ್ತೀಚ್ಗೆ ಸ್ಟೇಬಲ್ ಕನೆಕ್ಷನ್ ಇಲ್ದೇ ಹೋದ್ರೆ ನಂದ್ ಯಾವ್ ಕೆಲ್ಸನೂ ಆಗಲ್ಲ. ಅದ್ಕೇ ವೈಫೈಗೆ ಕನೆಕ್ಟ್ ಆಗೋಕ್ ಆಗ್ದಿದ್ದಾಗ ಸ್ವಲ್ಪ ಷಾಕ್ ಆಗೋಯ್ತು.,Surprise
"ಸಾಲೀ ಲೈಬ್ರರಿ ಏನ್ ಅಸೈಯಾಗ್ಯಾದ ಛೀ, ಛೀ, ಪೂರಾ ಅಡ್ಡಾದಿಡ್ಡಿ ಬಿದ್ದದ ಒಂಚೂರೂ ಸ್ವಚ್ಛ್ ಇಲ್ಲಾ.",Disgust
ಛೇ! ಯಾರೂ ಇಂಥ ಅಸಭ್ಯ ನಡವಳಿಕೆನ ಸಹಿಸೋ ಹಾಗೆ ಅಥ್ವಾ ಸಹಾಯ ಕೇಳುವಾಗ ಯಾಕಾದ್ರೂ ಕೇಳುದ್ವೋ ಅನ್ಸೋ ಹಾಗೆ ಆಗ್ಬಾರ್ದು. ನಮ್ ಉದ್ಯೋಗಿ ಅಷ್ಟ್ ಒರ್ಟಾಗ್ ನಡ್ಕೊಂಡಿದ್ದಕ್ಕೆ ನಾನ್ ಕ್ಷಮೆ ಕೇಳ್ತೀನಿ.,Disgust
ನಿಮ್ ಆಭರಣ ವಿನ್ಯಾಸಕ್ರು ಈ ಉಂಗುರದ್ ವಿನ್ಯಾಸ್ದಲ್ಲಿ ಉತ್ಕೃಷ್ಟತೆ ಮತ್ತೆ ಸೌಂದರ್ಯ ಎರಡ್ನೂ ಎಷ್ಟ್ ಹದವಾಗ್ ಕಾಣ್ಸಿದಾರಲ ಅಂತ ನಂಗ್ ನಿಜಕ್ಕೂ ಆಶ್ಚರ್ಯ ಆಗ್ತಿದೆ.,Surprise
ಅಂತೂ ಈ ಸಾಂಕ್ರಾಮಿಕ ರೋಗದ್ ಮೂರ್ನೇ ಅಲೆ ಮುಗೀತಲ ಅಂತ ನಂಗೆಷ್ಟೋ ಖುಷಿ ಆಗ್ತಿದೆ. ಕೊನೆಗೂ ನಾನೀಗ ಕ್ಯಾಂಪಸ್ಗೆ ವಾಪಸ್ ಹೋಗ್ಬೋದು.,Happiness
"ನಾವ್ ಸೆಕೆಂಡ್ ಲೈನ್ ಮ್ಯಾನೇಜರ್ಗಳಿದ್ದೀವಿ, ಆ ಸಿ.ಇ.ಓ. ನಮ್ ಟೀಮ್ನವ್ರ್ ಮುಂದೇ ನಮ್ ಮ್ಯಾಲ್ ವದರಾಡ್ಯಾನ ನೋಡ್, ನನಗೆಷ್ಟ್ ತಾಪ್ ಆಗ್ಲಿಕತ್ತದ.",Anger
ವೇದಿಕೆ ಹಿಂಭಾಗ್ದಲ್ಲಿ ಅಷ್ಟ್ ಜೋರಾಗ್ ಗಲಾಟೆ ಮಾಡ್ಬೇಡಿ. ನೀವ್ ಮಾತಾಡೋದೆಲ್ಲ ಪ್ರೇಕ್ಷಕರಿಗೆ ಕೇಳ್ಸತ್ತೆ. ಅಷ್ಟೂ ಗೊತ್ತಾಗಲ್ವಾ ನಿಮ್ಗೆ!,Anger
ಆ ಸೈಫೈ ಸಿನ್ಮಾದಾಗಿನ್ ಸ್ಪೆಷಲ್ ಎಫಕ್ಟ್ ಎಷ್ಟರೇ ಬಕ್ವಾಸವ ಮತ್ ಹಳೀಗೊಳ್ಳಾಗ್ಯಾವಂದ್ರ ಇವತ್ತಿನ್ ದಿನಕ್ ಹೊಂದಂಗೇ ಇಲ್ಲಾ.,Disgust
ಇಷ್ಟು ಸ್ವಚ್ಛವಾಗಿರೋ ರೈಲನ್ನ ನಾನ್ ಯಾವತ್ತೂ ನೋಡಿರ್ಲಿಲ್ಲ! ಭಾರಿ ಕ್ಲೀನಾಗಿದೆ ಈ ಟ್ರೈನು!,Surprise
"ಡಾಕ್ಟ್ರೇ, ನನ್ ಟೆಸ್ಟ್ ರಿಸಲ್ಟ್ಸಲ್ಲಿ ಏನ್ ಸರ್ಯಾಗಿಲ್ಲ ಅಂತ ಬಂದಿದೆ? ನಾನ್ ಚೆನ್ನಾಗಿರ್ತೀನ್ ತಾನೇ?",Fear
ವಾಷಿಂಗ್ಟನ್ನಲ್ಲಿರೋ ಕಲಾ ಗ್ಯಾಲರಿಗಳಲ್ಲಿ ಇಷ್ಟೆಲ್ಲ ಬಗೆಬಗೆಯಾದ್ ಕಲಾಕೃತಿಗಳ್ನಿಟ್ಟಿರ್ತಾರೆ ಅಂತ ನಂಗ್ ಕಲ್ಪನೆನೇ ಇರ್ಲಿಲ್ಲ.,Surprise
ನಾವ್ ನಮ್ ಸ್ನೇಹಿತ್ರು ಅಂತ ಅನ್ಕೊಂಡಿದ್ದೋರು ನಮ್ಮನ್ ಬಿಟ್ಟು ಟ್ರಿಪ್ಪಿಗ್ ಹೋದಾಗ ನಮ್ಗ್ ತುಂಬಾನೇ ಬೇಜಾರಾಯ್ತು.,Sadness
"ಪ್ರತೀಸಲನೂ ನಿಮ್ ಗ್ರಾಹಕ ಸೇವೆಯೋರು ನಂಗ್ ಫೋನ್ ಮಾಡ್ದಾಗ, ನನ್ ಬ್ಯಾಂಕ್ ಖಾತೆ ಭದ್ರತೆ ವಿಷ್ಯವಾಗಿ ನಂಗೊಂಚೂರೂ ಸಹಾಯ ಮಾಡ್ದೆ ಬರೀ ಯಾವ್ಯಾವ್ದೋ ಹೊಸ ಯೋಜ್ನೆಗಳ್ನ ಪ್ರಚಾರ ಮಾಡಕ್ ನೋಡ್ದಾಗೆಲ್ಲ ನನ್ ಬಿ.ಪಿ. ಏರ್ತಾ ಇರತ್ತೆ.",Anger
ಲೇಖಕ್ರು ಈ ಭಾಗದ್ ಬಗ್ಗೆ ಉಲ್ಲೇಖ್ಸಿರೋದು ಸ್ವಲ್ಪನೂ ಇಷ್ಟ ಆಗ್ಲಿಲ್ಲ ನಂಗೆ.. ತುಂಬಾ ಕೋಪ ಇದೆ ನಂಗದ್ರ್ ಬಗ್ಗೆ.,Anger
ಸವಾರಿಗಳ್ನ ಹಂಚ್ಕೊಳಕ್ಕೆ ನಂಗಿಷ್ಟ ಆಗಲ್ಲ. ನನ್ ಪಕ್ಕ ಯಾರೋ ಅಪರಿಚಿತ್ರು ಬಂದ್ ಕೂತ್ರೆ ಅವ್ರ್ ಉಸಿರಿನ್ ವಾಸ್ನೆನ ಸಹಿಸ್ಕೊಳಕ್ಕಾಗಲ್ಲ ನಂಗೆ.,Disgust
ನಮ್ಮಿಬ್ರದ್ದೂ ಹುಟ್ಟ್ಹಬ್ಬ ಒಂದೇ ದಿನ ಬರತ್ತೆ ಅಂತ ನಂಗೊತ್ತಿರ್ಲಿಲ್ಲ!,Surprise
ಇಂಥ ಶ್ರೇಷ್ಠ ಕಲಾಕೃತಿಗಳ್ ಬಗ್ಗೆ ಸರ್ಯಾದ್ ಸಂಶೋಧನೆ ಮತ್ತೆ ಅರ್ಥವಿವರಣೆ ಮಾಡೋದಾಗ್ಬೇಕೇ ಹೊರ್ತು ಬರೀ ಮಾಮೂಲಿ ಪ್ರವಾಸಿಗರ ಗುಂಪನ್ನ ತೃಪ್ತಿಪಡ್ಸೋಂಥ ಅರೆಮನಸ್ಸಿನ್ ಪ್ರಯತ್ನಗಳಲ್ಲ.,Anger
ನಂಗೇನೋ ಆ ದೊಡ್ ವಜ್ರದ್ ಮ್ಯಾಲ್ ಆಸಿ ಖರೇ ಆದ್ರ ಕಿಸದಾಗ್ ಅಷ್ಟ್ ರೊಕ್ಕಿಲ್ಲಾ.,Sadness
ಅವ್ರು ರಾಷ್ಟ್ರೀಯ ಭದ್ರತೆ ಹೆಸ್ರಲ್ಲಿ ನಮ್ ವಾಕ್ ಸ್ವಾತಂತ್ರ್ಯನ ಹತ್ತಿಕ್ಕ್ದಾಗ ನನ್ ರಕ್ತ ಕುದಿಯುತ್ತೆ.,Anger
ನನ್ ಮಗನ್ ಹೆಸ್ರನ್ಯಾಗೊಂದ್ ಖಾತಾ ತಗಸ್ಬೇಕಂತ ಮಾತಾಡಿದ್ಮ್ಯಾಲ ನಂಗ ರೊಕ್ಕದ್ ಸಂಬಂಧ್ ಅವನ್ ಭವಿಷ್ ಹೆಂಗಪಾ ಅಂತ ಚಿಂತ್ಯಾಗ್ಲಿಕತ್ತದ.,Sadness
"ಧತ್! ನಾನಿವತ್ತು ಮಾಡ್ಬೇಕು ಅನ್ಕೊಂಡಿದ್ನೆಲ್ಲ ಮರ್ತೇಹೋದೆ, ಎಲ್ಲ ನನ್ನ್ ಕರ್ಮ! ಅನುಭವ್ಸ್ಬೇಕು ಅಷ್ಟೇ!",Anger
"ನನ್ ಕನ್ಸಿನ್ ತೋಟಕ್ ಸಾಕಾಗೋವಷ್ಟು ದೊಡ್ದಾದ್ ಹಿತ್ಲಿರೋ ಮನೆ ನಂಗ್ ಸಿಗತ್ತೆ ಅಂತ ನಾನ್ ಎಣ್ಸಿರ್ಲಿಲ್ಲ, ಆದ್ರೆ ನಮ್ ಬ್ರೋಕರ್ ಅಂಥ ಮನೆನ್ ಹುಡುಕ್ಕೊಟ್ಬಿಟ್ರು ನಂಗೆ!",Surprise
"ಕೆಲ್ಸ್ ಮಾಡೋದು ನಂಗೊಂದ್ ಸಮಸ್ಯೆನೆ ಅಲ್ಲ, ಆದ್ರೆ ಆ ಹೊಲಗಳಲ್ಲಿ ಗಂಟೆಗಟ್ಲೆ ಬೆನ್ನ್ ಬಗ್ಗಿಸ್ಕೊಂಡು, ಆ ಕೆಟ್ಟ್ ಬಿಸ್ಲು, ಸುಸ್ತನ್ನೆಲ್ಲ ಸಹಿಸ್ಕೊಳೋದಿದ್ಯಲ್ಲ, ಅದ್ಮಾತ್ರ ನನ್ಕೈಲಾಗಲ್ಲಪ್ಪ.",Disgust
ಡಿಸ್ಲೆಕ್ಸಿಯ ಇರೋ ಮಗು ಬಗ್ಗೆ ಭಾವುಕಗೊಳ್ಸೋಂಥ ಆ ಸಿನ್ಮಾ ನೋಡಿ ನಂಗ್ ಕಣ್ಣೀರ್ ತಡ್ಕೊಳಕ್ಕಾಗ್ಲಿಲ್ಲ.,Sadness
ರೈಲ್ವೇ ಸ್ಟೇಷನ್ಲಿರೋ ಲಗೇಜ್ ರೂಮಲ್ಲಿ ನನ್ ಬ್ಯಾಗ್ಗಳ್ನೆಲ್ಲ ಇಡ್ಬೋದ? ಅಲ್ಲಿಟ್ರೆ ಸೇಫಾಗಿರತ್ತೋ ಇಲ್ವೋ ಅಂತ ನಂಗ್ಯಾಕೋ ಭಯ ಆಗ್ತಿದೆ.,Fear
"ಬೈಸಿಕಲ್ ಮಾರೋನು ಒಳ್ಳೆ ಬೈಸಿಕಲ್ ಅಂತ್ಹೇಳ್ಕೊಂಡು ಈ ಲಡ್ಕಾಸಿ ಬೈಕ್ನ ನಂಗ್ ಮಾರಕ್ ನೋಡ್ದಾಗ ನಂಗ್ ಇನ್ನಿಲ್ದಷ್ಟ್ ಕೋಪ ಬಂತು, ಏನ್ ನಂಗೇ ಟೋಪಿ ಹಾಕಕ್ ನೋಡ್ತಾನ್ ಅವ್ನು!",Anger
ವಿಮಾನ್ದಲ್ಲಿ ನನ್ ಸೀಟ್ನ ಅಷ್ಟ್ ಸರ್ತಿ ಮೆಟ್ಟಿದ್ಮೇಲೆ ಆ ಪ್ರಯಾಣಿಕ ಕೊನೆಗೂ ಕ್ಷಮೆ ಕೇಳಿದ್ರಿಂದ ನಂಗ್ ಸ್ವಲ್ಪ ಸಮಾಧಾನ ಆಯ್ತು.,Happiness
"ಸಿಸ್ಟೀನ್ ಚಾಪೆಲ್ಲಿಗ್ ಹೋಗೋದ್ನ ರದ್ದ್ ಮಾಡಿರೋ ಬಗ್ಗೆ ಟೂರ್ ಆಪರೇಟರ್ ಆಗಿ ನೀವ್ ನಮ್ಗೆ ಮೊದ್ಲೇ ಯಾಕ್ರಿ ಹೇಳ್ಲಿಲ್ಲ, ಆಂ?!",Anger
ಬೇರೆಯವ್ರ್ ಮೇಲೆ ಸೀನೋದನ್ನ ನಿಲ್ಸು ಅಥರ್ವ. ದಯ್ವಿಟ್ಟು ನಿನ್ ಬಾಯನ್ನ ಸರ್ಯಾಗ್ ಮುಚ್ಕೋ. ಎಷ್ಟ್ ಅಸಹ್ಯ ಇದು!,Disgust
"ಮಾಡ್ಯುಲರ್ ಕಿಚನ್ ಇನ್ಸ್ಟಾಲ್ ಮಾಡೋವಾಗ ನಮ್ ಆಚಾರಿಗಿರೋ ಕೌಶಲ್ಯ, ಸಣ್ ಸಣ್ ವಿಷ್ಯಕ್ಕೂ ಅಷ್ಟ್ ಗಮ್ನ ಕೊಡ್ತಿದ್ದಿದ್ದು ಅದ್ನೆಲ್ಲ ನೋಡೋಕ್ಕೇ ಖುಷಿ ಆಗೋದು.",Happiness
ಚಂಡಮಾರುತದ್  ನಂತ್ರ ಮೈದಾನದಲ್ಲಿನ್  ಕೆಸ್ರು ಮತ್ ಅವಶೇಷಗಳ್  ನೋಡಕ್ಕೆ  ಭಯಾನಕವಾಗಿತ್ತು. ಅದು ಬೇರೆ ಅಸಹ್ಯವಾಗಿತ್ತು.,Disgust
ಈ ಫಿಟ್ನೆಸ್ ಟ್ರ್ಯಾಕರ್ ನನ್ ಹೃದಯದ್ ಬಡಿತನ  ಅದ್ಹೇಗ್ ಇಷ್ಟ್ ನಿಖರ್ವಾಗ್ ಹೇಳ್ಬಿಡತ್ತಲ! ಅಬ್ಬಬ್ಬಾ!,Surprise
"ಆ ಸ್ಟಾರ್ಟಪ್ ಬಗ್ಗೆ ಯಾರ್ಗೂ ಗೊತ್ತೇ ಇರ್ಲಿಲ್ಲ, ಅಂಥಾದ್ರಲ್ಲಿ ಅದೆಷ್ಟ್ ಬೇಗ ಕೋಟ್ಕೋಟಿ ಬೆಲೆಬಾಳೋ ಕಂಪ್ನಿಯಾಗ್ ಬೆಳೆದ್ಬಿಟಿದೆ ಅಂತ ಆಶ್ಚರ್ಯ ಆಗತ್ತೆ.",Surprise
ನನ್ ತರಗತಿಲಿ ನಿಮ್ ಮಗು ನಡ್ಕೊಂಡ್ ರೀತಿಗೆ ನಂಗ್ ತುಂಬಾ ಕೋಪ ಬಂದಿದೆ!,Anger
"ತರಗತಿಲಿ ಪಾಠ ಆಗ್ವಾಗ ಕೆಲವ್ರು ಅದೆಷ್ಟ್ ಮಾತಾಡ್ತಾರಪ್ಪ, ತಲೆಗೊಳ್ಳೆ ಮೊಳೆ ಹೊಡ್ದಂಗ್ ಅನ್ಸತ್ತೆ ನಂಗದು.",Disgust
ಇದು ತುಂಬಾ ಒರಟಾದ್ ಪಂದ್ಯ ಆಗಿ ಎಲ್ರಿಗೂ ತುಂಬಾ ಗಾಯಗಳಾಗ್ಬಹುದು ಅಂತ ಗಾಬ್ರಿ ಆಗ್ತಿದೆ ನಂಗೆ.,Fear
"ನನ್ ಫ್ರಿಡ್ಜ್ ಯಾಕ್ ಅಷ್ಟ್ ಜೋರಾಗ್ ಶಬ್ದ ಮಾಡ್ತಿದೆ ಅಂತ ಅರ್ಥಮಾಡ್ಕೊಂಡು ಅದ್ನ ರಿಪೇರಿ ಮಾಡಕ್ಕಾಗೋರು ಒಬ್ರಾದ್ರೂ ಇದಾರೆ ಅಂತಾಯ್ತಲ ಸದ್ಯ, ಇದಂತೂ ವಾರ್ಗಟ್ಲೆ ದೊಡ್ಡ್ ಕಿರಿಕಿರಿ ಆಗ್ಬಿಟಿತ್ತು ನಂಗೆ! ಈಗ್ ನಿಸೂರಾಯ್ತು.",Happiness
ಇವತ್ತು ನನ್ ವಿದ್ಯಾರ್ಥಿ ಒಬ್ಬ ಲಿಂಕ್ಡ್ಇನ್ನಲ್ಲಿ ನನ್ ಬಗ್ಗೆ ಬರ್ದಿದ್ದಿದ್ ನೋಡಿ ಮನ್ಸು ತುಂಬಿ ಬಂತು.,Happiness
"ನನ್ ಶಾಲೆಲಿರೋ ಶಿಕ್ಷಕ್ರೆಲ್ಲ ತುಂಬಾ ಒಳ್ಳೆಯವ್ರು, ಹಾಯಾಗಿ ತಾಳ್ಮೆಯಿಂದಿರ್ತಾರೆ, ಅದ್ಕೆ ನಂಗವ್ರ್ ಹತ್ರ ಪಾಠ ಹೇಳುಸ್ಕೊಳದು ಅಂದ್ರೆ ತುಂಬಾ ಖುಷಿ ಆಗತ್ತೆ.",Happiness
ಕೆಲ್ವು ಪಿಎಚ್.ಡಿ. ಗೈಡ್ಗಳು ತಮ್ ವಿದ್ಯಾರ್ಥಿಗಳ್ನ ಕೀಳಾಗ್ ನಡ್ಸ್ಕೊಳದು ಮತ್ತೆ ಅವ್ರು ತಮ್ಗ್ ಬೇಕಾಗಿರೋ ವಿಷ್ಯನ ಆಯ್ಕೆ ಮಾಡ್ಕೊಳಕ್ ಬಿಡ್ದೇ ತಾವ್ ಹೇಳಿದ್ದೇ ತಗೊಬೇಕೂಂತ ಬಲ್ವಂತ ಮಾಡೋದು ತೀರ ಅಸಹ್ಯ.,Disgust
ಈ ಸಿನ್ಮಾದಾಗ ಭಾರತದ್ ಸಂಸ್ಕೃತಿ ಮತ್ತ್ ಇತಿಹಾಸ ಎಷ್ಟರೆ ಛಂದ ತೋರ್ಸ್ಯಾರ.,Happiness
"ವಾವ್ಹಾ, ಏನ್ ಎಷ್ಟ ಶಾಂತ ಅದಲಾ ಇಲ್ಲಿ ಕ್ರೈಮ್ ರೇಟ್ ಭಾಳ ಕಡಿಮವ! ಇಂಥ ಛೊಲೋ ಜಾಗ್ದಾಗ ಇಷ್ಟ್ ಛಂದ ಮನಿ ಬಾಡ್ಗಿಗಿ ಸಿಕ್ಕದಂದ್ರ ಪುಣ್ಯಾ.",Surprise
"ಮಾಸ್ಟರ್ಸ್ ಡಿಗ್ರಿಲಿ ನಮ್ ಕೋರ್ಸ್ ಶುರುವಾಗೋದ್ನ ಇನ್ನೂ ಆರ್ ತಿಂಗ್ಳು ಮುಂದೂಡಿರೋದ್ ನೋಡುದ್ರೆ, ಯಾಕೋ ಇದು ನಿಜ್ವಾಗ್ಲೂ ಶುರುವಾಗತ್ತೋ ಇಲ್ವೋ ಅಂತ ಆತಂಕ ಆಗ್ತಿದೆ.",Fear
ಗೊತ್ತಿಲ್ದೆ ಇರೋ ನಂಬರಿಂದ ಫೋನ್ ಬಂದ್ರೆ ಸೈಬರ್ ಕ್ರೈಂ ಮಾಡೋರಿರ್ಬಹುದು ಅಂತ ನಾನ್ ಎತ್ತೋಕೇ ಹೋಗಲ್ಲ.,Fear
"ನಾ ಹುಡಕ್ಲಿಕ್ಕಿ ಶುರುಮಾಡಿ ಎರಡೇ ವಾರಕ್ಕ ಆ ಅಂಗ್ಡಿ ಜಾಗ ಬಾಡ್ಗಿ ಸಿಕ್ತು, ಆದ್ರ ಅದ್ರಾಗ ಇಂಟರ್ನೆಟ್ ಮತ್ ಬ್ಯಾರೆ ವ್ಯವಸ್ಥಾ ಯೆಲ್ಲಾ ಸೇರಸ್ತಾರಂತ ನಾ ಅನ್ಕೊಂಡಿರ್ಲಿಲ್ಲಾ.",Surprise
"ತಮಿಳ್ ಟಿವಿ ಧಾರಾವಾಹಿಗಳ್ನ ನೋಡ್ನೋಡಿ ನಮ್ ಜನ ಅದ್ರ್ ಗುಂಗಲ್ಲಿ ಜಗತ್ತೆಲ್ಲ ಇವ್ರ್ ವಿರುದ್ಧನೇ ಸಂಚ್ ಮಾಡ್ತಿದೆ ಅಂತನ್ಕೊತಾರಲ, ಇವ್ರಿಗೇನ್ ಮಾಡಕ್ ಬೇರೆ ಕೆಲ್ಸ, ತಲೆಲ್ ಬುದ್ಧಿ ಎರ್ಡೂ ಇಲ್ವಾಂತ!",Anger
"ಸಂಸ್ಥೆ ಒಳ್ಗಿರೋ ಎಲ್ಲಾ ಸವಾಲ್ಗಳ್ನೂ ಎದ್ರುಸ್ಕೊಂಡು, ಜೊತೆಗ್ ಉತ್ಸಾಹನೂ ಇಟ್ಕೊಂಡ್ ಕೆಲ್ಸ ಮಾಡ್ಬೇಕೂಂದ್ರೆ ನಂಗ್ ತುಂಬಾನೇ ಕಷ್ಟ ಅಗ್ತಿದೆ.",Sadness
"ಕ್ಷಮ್ಸಿ, ದಯ್ವಿಟ್ಟು ನನ್ನನ್ನ ಹೊಡೀಬೇಡಿ. ನಿಮ್ ಮಗುನ ಮೂಗ ಅಂತ ಕರ್ಯೋದು ನನ್  ಉದ್ದೇಶ ಆಗಿರ್ಲಿಲ್ಲ. ಅವ್ನೊಬ್ಬ ವಿಶೇಷಚೇತನ ಅಂತ ಹೇಳೋಕ್ ಹೊರ್ಟಿದ್ದೆ ಅಷ್ಟೇ.",Fear
"ಸಾಮಾನಿನ್ ಬೆಲಿ ಸೋವಿ ಮಾಡ ಜವಾಬ್ದಾರಿ ಬರೀ ಹೆಡ್ ಆಫೀಸಿಗಷ್ಟೇ ಅದ, ನಂಗ್ ಆ ಅಧಿಕಾರಿಲ್ಲಂತ ಎದೆಗುಂದ್ದಂಗ್ ಆಗ್ತದ.",Sadness
ಅಯ್ಯೋ! ತುಂಬಾ ನೋಯ್ತಿದೆ ಇದು. ನಾನು ಡಂಬಲ್ಸ್ನ ನನ್ ಕಾಲ್ಮೇಲ್ ಬೀಳಿಸ್ಕೊಂಡ್ಬಿಟ್ಟೆ.. ನೋವಾಗ್ತಾ ಇದೆ. ನನ್ ಕಾಲ್ನ ಎತ್ತೋಕೇ ಆಗ್ತಿಲ್ಲ ನಂಗೆ.,Sadness
ನಿಮ್ ಖಾತೆನ ಮುಚ್ಬೇಕು ಅಂತ ನೀವ್ ನಿರ್ಧಾರ ಮಾಡಿರೋದು ನಂಗ್ ಬೇಜಾರಾಗ್ತಿದೆ. ನಮ್ ಬ್ಯಾಂಕ್ ಜೊತೆಗಿನ್ ನಿಮ್ ಸಂಬಂಧ ನಮ್ಗೆ ತುಂಬಾ ಅಮೂಲ್ಯವಾದ್ದು. ನೀವಿನ್ನು ನಮ್ಜೊತೆ ವ್ಯವಹಾರ ಮಾಡೋಲ್ಲ ಅನ್ನೋದು ಬೇಜಾರಿನ್ ವಿಷ್ಯ.,Sadness
"ನಾ ನನ್ ನ್ಯೂಸ್ ಪೇಪರ್ನೂ ಸೇರಿಸ್ಕೊಂಡು ಯಲ್ಲಾದಕ್ಕೂ ತಿಂಗ್ಳಾತಿಂಗ್ಳಾ ಬಜೆಟ್ ಹಾಕ್ಬೇಕಂತ ಮಾಡಿದ್ದೆ, ಆದ್ರ ಪರಿಸ್ಥಿತಿ ನೋಡಿದ್ರ ಇನ್ನಾನೂ ದಿನಕ್ದಿನಾ ರೊಕ್ಕ ಕೊಟ್ಟೇ ನಡಸ್ಬೇಕಾಗ್ತದ ಅನ್ನೋ ಹಂಗದ.",Sadness
"ಕಳ್ದ್ ಸಲ ಕ್ಲೀನಿಂಗ್ ಮಾಡ್ದಾಗ ಕೆಲ್ವು ಜಾಗಗಳ್ ಬಿಟ್ಹೋಗಿದ್ರ್ ಬಗ್ಗೆ ಕ್ಲೈಂಟ್ ಕಡೆಯಿಂದ ನೆಗೆಟಿವ್ ಫೀಡ್ಬ್ಯಾಕ್ ಬಂದಿತ್ತು. ಈ ಸಲ ಹಾಗಾಗ್ದೇ ಇರೋ ಥರ ನೋಡ್ಕೊಬೇಕು, ಅವ್ರಿಗ್ ತೃಪ್ತಿಯಾಗೋ ಹಾಗ್ ಕೆಲ್ಸ ಮಾಡ್ಬೇಕು, ಇದು ನಮ್ ರೆಪ್ಯುಟೇಷನ್ ಪ್ರಶ್ನೆ.",Fear
ಈ ಡಿವೈಸ್ ಇದ್ರೆ ಎಲ್ಲಿಂದ್ಲಾದ್ರೂ ಅಂತರ್ಜಾಲಕ್ಕೆ ಸಂಪರ್ಕ ಸಿಗತ್ತೆ ಅಂತ ನಂಗ್ ಕಲ್ಪನೆನೇ ಇರ್ಲಿಲ್ಲ.,Surprise
ಮದುವೆಯ ಕರಾಳ ಅಧ್ಯಾಯಕ್ಕೆ ಸ್ವಾಗತ ಅಂತಿದ್ರೆ ಹೇಗೇಂತ ಕೇಳ್ತಿದ್ದ. ಥು ಹೇಗಾದ್ರೂ ಮನ್ಸ್ ಬರತ್ತೋ ಹಾಗೆಲ್ಲ ಬರ್ಯೋಕೆ!,Disgust
ನಾನ್ ಕ್ಲಬ್ಬಲ್ಲಿ ಜೋರಾಗ್ ಸಂಗೀತ ಕೇಳ್ತಾ ರಾತ್ರಿ ಪೂರ್ತಿ ಕುಣೀತಾನೇ ಇದ್ದೆ. ಆ ಅನುಭವ ಎಷ್ಟ್ ಚೆನ್ನಾಗಿತ್ತು ಗೊತ್ತಾ!,Happiness
ಹೊಸ ಕಾನೂನಿಂದ  ನನ್ ಡ್ರೈವಿಂಗ್ ಲೈಸೆನ್ಸ್  ಪ್ರೊಸೀಜರ್ನ ಮುಗ್ಸಕ್ಕೆ ಅನ್ಕೊಂಡಿದ್ದಕಿಂತ್   ಜಾಸ್ತಿ  ಸಮ್ಯ ತಗೋಬೋದು  ಅಂತ  ಕೇಳಿದ್  ನಂತ್ರ  ನಂಗ್ ತುಂಬಾ ನಿರಾಸೆ  ಆಯ್ತು.,Sadness
ನಂಬೋಕ್ಕೇ ಆಗ್ತಾ ಇಲ್ಲ ಇದ್ನ! ಎಲ್ಲಾ ಪುಸ್ತಕಗಳ್ ಮೇಲೂ ಐವತ್ತ್ ಪ್ರತಿಶತದಷ್ಟು ರಿಯಾಯ್ತಿ ಇದೆ. ನೀವ್ ತುಂಬಾ ಒಳ್ಳೆ ಡೀಲ್ನ ಕೊಡ್ತಾ ಇದೀರಿ.,Surprise
ಕಾರ್ಬೆಟ್ ರಾಷ್ಟ್ರೀಯ ಉದ್ಯಾನ್ದಲ್ಲಿರೋ ಹೋಮ್ಸ್ಟೇನಲ್ ಉಳ್ಯೋ ಯೋಚ್ನೆಗೇ ನಂಗ್ ಎದೆಯೆಲ್ಲ ಝಲ್ಲಂತಿದೆ.. ಅಲ್ಲಿ ಸುತ್ಲೂ ಎಷ್ಟೊಂದ್ ಹುಲಿಗಳಿವ್ಯಂತಲ್ಲ!,Fear
ನಮ್ ಮಕ್ಳನ್ ನೋಡೋಕ್ಕಂತ ನಾವ್ ಭಾರತ್ದಿಂದ ಯು.ಎಸ್.ಗೆ ಹೋಗ್ತಾ ಇರೋದು ನನ್ ಮನ್ಸೊಳ್ಳೆ ಹಕ್ಕಿ ಹಾಗ್ ಹಾರ್ತಾ ಇದೆ.,Happiness
ಅಷ್ಟೆಲ್ಲ ಪ್ರಸಿದ್ಧನಾಗಿದ್ದ ಆ ತಮಿಳು ರಾಜನ್ನ ಸಮಾಧಿ ಮಾಡಿರೋ ಜಾಗದ್ ಬಗ್ಗೆ ಸರ್ಯಾಗ್ ಏನೂ ವಿವರಣೆನೇ ಇಲ್ದಿರೋ ಯಾವ್ದೋ ಲೇಖನ ಓದಿ ನಂಗೊಂಥರ ಜೀವ್ನ ಅಂದ್ರೆ ಇಷ್ಟೇನಾ ಅನ್ಸ್ಬಿಡ್ತು.,Sadness
ಆಟೋಮೊಬೈಲ್ ಎಕ್ಸ್ಪರ್ಟ್ ನನ್ ಸಲ್ವಾಗಿ ಒಂದ್ ಸೆಕೆಂಡ್ಹ್ಯಾಂಡ್ ಕಾರ್ ಏಕ್ದಂ ಒಪ್ಪಹಂಗ ರೊಕ್ಕಕ್ಕ ಹುಡಕೊಟ್ಟಾಗ ನಂಗ ಖುಷಿಲೇ ಕುಣಿಯಹಂಗಾಗಿತ್ತ.,Happiness
ನಮ್ ಸೂಪರ್ವೈಸರ್ರು ಕ್ಲೈಂಟ್ ಆಫೀಸಲ್ಲಿ  ಸ್ವಚ್ಛತೆ ಕೆಲ್ಸಗಳ್ ವೇಳಾಪಟ್ಟಿನ ಎಷ್ಟ್ ಚೆನ್ನಾಗ್ ವ್ಯವಸ್ಥೆ ಮಾಡಿದಾರೆ ಮತ್ತೆ ಒಂದ್ ಸಣ್ಣ ಕಲೇನೂ ಇರ್ದ್ಹಂಗ್ ಕೆಲ್ಸ ಮಾಡಿದಾರಲ ಅಂತ ಭಾಳ ಮೆಚ್ಗೆ ಆಯ್ತು ನಂಗೆ.,Happiness
"ನಿಮ್ ಆರೋಗ್ಯದ್ ಬಗ್ಗೆ ನೀವ್ ಹೇಳ್ತಿರೋದ್ ಕೇಳಿದ್ರೆ ಪಾಪ ನಿಮ್ ಹೊಟ್ಟೆ ಎಲ್ಲನೂ ತುಂಬಾನೇ ಸಹಿಸ್ಕೊಂಡು ನಿಮ್ಗೆ ಒಳ್ಳೆ ಸಾಥ್ ಕೊಟ್ಟಿದೆ ಅನ್ಸತ್ತೆ, ಇಲ್ಲಾಂದ್ರೆ ನೀವ್ ಇಷ್ಟ್ರಮಟ್ಟಿಗಾದ್ರೂ ಇರೋಕೆ ಸಾಧ್ಯನೇ ಇರ್ಲಿಲ್ಲ!",Surprise
ಜನ ಕೆಲ್ಸದಲ್ಲಿ ತಮ್ಮ್ ಜಾಗಕ್ಕೆ ಯಂತ್ರಗಳ್ ಬಂದಾಗ ಉಗ್ರವಾಗಿ ಪ್ರತಿಭಟ್ನೆ ನಡ್ಸಿ ರಸ್ತೆಲೆಲ್ಲ ಪೊಲೀಸ್ರ ಜೊತೆ ಕಾದಾಡಿದ್ರು.,Anger
"ಎ.ಐ. ಪೂರ್ವಾಗ್ರಹದಿಂದ ಪ್ರೇರಿತ್ವಾದ ನಿರ್ಧಾರಗಳ್ನ ತಗೊಳೋ ಪರಿಕಲ್ಪನೆ, ಮತ್ತೆ ಅದ್ರಿಂದಾಗಿ ವ್ಯವಸ್ಥಿತ್ವಾದ್ ತಾರತಮ್ಯ ಮುಂದ್ವರೀತಾ ಇರೋದು ನಂಗೆ ಹೇಸಿಗೆ ಅನ್ಸತ್ತೆ.",Disgust
"ಅವ್ರ ಸಂಗೀತ, ನೃತ್ಯದ ಸಾಮರ್ಥ್ಯಗಳ್ ಬಗ್ಗೆ ನಮ್ಗೆ ಎಷ್ಟೆಲ್ಲ ನಿರೀಕ್ಷೆ, ಭರವಸೆ ಇತ್ತು.. ಎಲ್ಲ ಮಣ್ಣ್ ಪಾಲಾಗೋಯ್ತು.",Sadness
ಪದೇ ಪದೇ ಅದದ್ನೇ ಹೇಳ್ಬೇಕೂಂದ್ರೆ ನಂಗ್ ಸಾಕಾಗ್ಹೋಗಿದೆ. ನೀನ್ ಚೂರಾದ್ರೂ ಕೇಳಿಸ್ಕೊತಿದ್ಯೋ ಇಲ್ವೋ?,Anger
ಅಲ್ಲಾ ನಾವ್ ಇಂಥಾ ಕಳಪೆ ಸಾಮಾನ್ ನಮ್ ಅಂಗ್ಡ್ಯಾಗ್ ಮಾರ್ಬೇಕಂತ ಅಂತಾರೇನ್ ಈ ಡಿಸ್ಟ್ರೀಬ್ಯೂಟರ್ಗಳ.. ನಂಗಂತೂ ರವಷ್ಟೂ ಸರಿಬರಂಗಿಲ್ಲಿದು.,Disgust
ಅಲ್ಲಾ ಪಾಪ ಮಾಸ್ಟರ್ ಡಿಗ್ರಿ ತೊಗೊಬೇಕಂತ ಅಮೆರಿಕಾಕ್ ಹೋಗಿದ್ ಹೆಣ್ಮಗಳು ರಸ್ತಿ ಮ್ಯಾಲ್ ಉಪಾಸ ಬಿದ್ದಾಳಂತಲ.. ನೋಡಿ ಜೀವ ಮರಮರ ಅಂತು.,Sadness
ಆರೋಗ್ಯ ಕೇಂದ್ರದಾಗ ಡಾಕ್ಟರ್ ಸಲ್ವಾಗಿ ಯಷ್ಟಹೊತ್ ಕಾಯ್ಕೋತ ಕೂತಿದ್ದೆ ಅಂದ್ರ ಇಂಥಾ ಸೇವಾಕ್ಕ ರೊಕ್ಕಾ ಕೊಡದ್ರಾಗ್ ಅರ್ಥಿಲ್ಲ.,Anger
ನಾನ್ ಅವ್ರ್ ಹತ್ರ ಕೇಳಿದ್ ತಕ್ಷಣ ಆ ರೈಲ್ವೆ ಬುಕಿಂಗ್ ಗುಮಾಸ್ತ್ರು ನಂಗೆ ಬಸ್ ಬುಕಿಂಗ್ ಕೌಂಟರ್ಗೇ ಹೋಗೋ ದಾರಿ ತೋರ್ಸ್ಕೊಟ್ಟಿದ್ದು ಖುಷಿ ಆಯ್ತು.,Happiness
ಹಬಲ್ ದೂರದರ್ಶಕ ನಾವಲ್ಲಿಗ್ ಹೋಗೋ ಬಗ್ಗೆ ಕನ್ಸಲ್ಲೂ ಯೋಚ್ನೆ ಮಾಡಕ್ಕಾಗ್ದಿರೋಷ್ಟ್ ದೂರದಲ್ಲಿರೋ ನಕ್ಷತ್ರಪುಂಜಗಳ ಚಿತ್ರಗಳ್ನ ಸೆರೆಹಿಡೀಬಲ್ದು ಅಂತ ಗೊತ್ತಾಗಿ ನಂಗ್ ಭಾರೀ ಆಶ್ಚರ್ಯ ಆಯ್ತು!,Surprise
ಜನಸಾಮಾನ್ಯರ್ಗೆ ಕೈಗ್ ಎಟುಕ್ದೇ ಇರೋ ಥರ ಬೇಕ್ಬೇಕೂಂತ್ಲೇ ಆ ಕಂಪ್ನಿ ಔಷ್ಧಿಗಳ್ದೆಲ್ಲ ಬೆಲೆ ಜಾಸ್ತಿ ಮಾಡಿರೋದು ನಿಜಕ್ಕೂ ಹೀನಾಯ.,Disgust
ಅವ್ಳ್ ಟೀಮ್ನೋರು ಆಟ್ದಲ್ಲಿ ಪ್ರಾಬಲ್ಯ ಸಾಧ್ಸೋದ್ ನೋಡ್ತಾ ಇಸಾಬೆಲ್ಲಾಳ ಮುಖ ಸಂತೋಷ್ದಿಂದ ಹೇಗ್ ಹೊಳೀತಿತ್ತು ಗೊತ್ತಾ?,Happiness
ನಾನ್ ಹೇಳ್ದೆ ಕೇಳ್ದೆ ಮಧ್ಯರಾತ್ರಿಲ್ ಬಂದು ಬಾಗ್ಲು ತಟ್ದಾಗ ನಮ್ಮಪ್ಪ ಅಮ್ಮಂಗೆ ಆಶ್ಚರ್ಯ ಆಗೋಯ್ತು.,Surprise
ಮ್ಯಾನೇಜ್ಮೆಂಟ್ನೋರು ರವಿಚಂದ್ರನ್ ಅಶ್ವಿನ್ ಅವ್ರನ್ನ ಭಾರತೀಯ ತಂಡದಿಂದ ಹೊರ್ಗಿಟ್ಟಿರೋ ಬಗ್ಗೆ ನಂಗ್ ತುಂಬಾ ಅಸಮಾಧಾನ ಇದೆ. ಈ ನಡೆನ ನಾನ್ ಖಂಡಿತ ಒಪ್ಕೊಳಲ್ಲ. ಹೀಗಂತ ಗವಾಸ್ಕರ್ ತಮ್ಮ್ ಆಕ್ರೋಶನ ಕಡ್ಡಿ ತುಂಡ್ ಮಾಡೋ ಹಾಗೆ ಸ್ಪಷ್ಟ್ವಾಗ್ ಹೊರ್ಗ್ಹಾಕಿದಾರೆ.,Anger
ಅವ್ನಿವತ್ ಊಟ ಮಾಡ್ದಿದ್ರೆ ಹಸ್ವಿಂದ ಸತ್ತೇ ಹೋಗ್ತಾನೆ ಅಂತ ಭಯ ಆಗ್ತಿದೆ ನಂಗೆ.,Fear
ಆನ್ಲೈನಲ್ಲಿ ನಿಮ್ ಹಣದ್ ವ್ಯವಹಾರಗಳ್ ಬಗ್ಗೆ ಕೊನೆಗೂ ನೀವ್ ಎಚ್ಚರ್ಕೆಯಿಂದ ಇರೋದ್ ಕಲ್ತಿದೀರಿ ಅನ್ನೋದು ನಂಗ್ ನಿಜ್ವಾಗ್ಲೂ ಖುಷಿ ಆಯ್ತು.,Happiness
"ನಾನ್ ಊಟ ಕೊಂಡ್ಕೊಂಡ್ ಬಂದು ಅವ್ನಿಗ್ ಕೊಟ್ಟಿದ್ದನ್ನ ಆ ಭಿಕ್ಷುಕ ಅದ್ಹೇಗ್ ಕಸದ್ಬುಟ್ಟಿಗ್ ಎಸ್ದ, ಎಷ್ಟ್ ಕೊಬ್ಬಿರ್ಬೇಕು ಅವ್ನಿಗೆ!",Anger
"ಇವತ್ ರೆಸ್ಟೋರೆಂಟಲ್ಲಿ ಸರ್ವಿಸ್ ಅಂತೂ ಚೂರೂ ಸರಿಯಿರ್ಲಿಲ್ಲ. ಸರ್ವರ್ಗಳು ಯಾವ್ದ್ರ ಬಗ್ಗೆನೂ ಗಮ್ನನೇ ಕೊಡ್ತಿರ್ಲಿಲ್ಲ, ತಿಂಡಿಗಳ್ನ ತಂದ್ಕೊಡೋ ಮಧ್ಯೆನೂ ತುಂಬಾ ತಡ ಮಾಡ್ತಿದ್ರು. ಯಾಕಾದ್ರೂ ಅಲ್ಲಿಗ್ ಹೋದ್ವೋ ನಾವು.",Disgust
ಎಲ್ಲ ಕೆಲ್ಸ ಚೆನ್ನಾಗ್ ಆದ್ ದಿನ ಕೊನೇಲಿ ಒಳ್ಳೆ ಸಂಗೀತ ಕೇಳುದ್ರೆ ನಂಗ್ ಹಾಗೇ ಒಂದೆರ್ಡ್ ಹೆಜ್ಜೆ ಹಾಕಣ ಅನ್ಸತ್ತೆ.,Happiness
ನೀವು ನನ್ ರೆಸ್ಟೋರೆಂಟ್ಗೆ ಕಡ್ಮೆ ರೇಟಿಂಗ್ ಕೊಟ್ಟು ಅದ್ರ ಬಗ್ಗೆ ಬರಿಯೊಕ್ಕೂ ಮೊದ್ಲು ದಯ್ವಿಟ್ಟು ಈ ಸಮಸ್ಯೆಗಳ್ನೆಲ್ಲ ಸರಿ ಮಾಡೋಕ್ಕೆ ನಂಗೆ ಒಂದೇ ಒಂದ್ ಅವ್ಕಾಶ ಕೊಡಿ.,Fear
ನಾವ್ ವಾಸಮಾಡ್ತಿರೋ ಅಪಾರ್ಟ್ಮೆಂಟ್ ಕಾಂಪ್ಲೆಕ್ಸಲ್ಲಿ ಪ್ರತಿದಿನ ಚಿಕ್ ಚಿಕ್ ಮಕ್ಳು ತುಂಬಾ ಉತ್ಸಾಹ್ದಿಂದ ಒಟ್ಗೆ ಕೂಡಿ ಆಟ ಆಡೋದ್ರಿಂದ ಇಲ್ಲಿನ್ ವಾತಾವರಣನೇ ಗೆಲುವಾಗಿರೋ ಹಾಗನ್ನಿಸ್ತಿದೆ.,Happiness
"ಅವ್ರು, ಇಪ್ಪತ್ತ್ ವರ್ಷಗಳ್ ಕಾಲ ತಾವ್ ಕೆಲ್ಸ ಮಾಡಿದ್ ಆ ಸಂಸ್ಥೆನ ಬಿಟ್ಮೇಲೆ, ಏನ್ಮಾಡ್ಬೇಕೂಂತ ಗೊತ್ತಾಗ್ದೇ ಮಂಕಾಗಿ ಎಲ್ಲೆಲ್ಲೋ ಅಲ್ದಾಡ್ತಾ ಇದ್ರು ಪಾಪ.",Sadness
ನನ್ ಮಗಾ ಏನ್ ಜಬರ್ದಸ್ತ್ ಗಾಡಿ ಹೊಡಿತಾನ್ರೀ! ಒಂದ್ ಸಾವರ ಮೈಲಿಗಿಂತಾ ಹೆಚ್ ಅವಾ ವಬ್ಬವ್ನೇ ಗಾಡಿ ನಡಸ್ಯಾನ.,Surprise
ಎಂಥ ಅದ್ಭುತ್ವಾದ್ ಉಪಾಯ! ನೀನ್ ಹೇಳಿರೋ ಸರ್ಪ್ರೈಸ್ ಗಿಫ್ಟ್ನ ಖಂಡಿತ ನಾವ್ ಅವ್ಳಿಗ್ ಕೊಡ್ಬೋದು.,Surprise
"ಅಂಕಿಅಂಶಗಳ್ನ ಪರಿಶೀಲ್ಸಿ ಮುಂದೆ ನಾವ್ ಇನ್ನೂ ಹೇಗ್ ಸುಧಾರಿಸ್ಬಹುದು, ಚೆನ್ನಾಗ್ ಮಾಡ್ಬೋದು ಅಂತೆಲ್ಲ ನೋಡೋಣ ಅಂತಿದೀನಿ ನಾನು.",Happiness
ನಾನ್ ಅವತ್ತಿಂದ ಕಾಯ್ತಿದ್ದಿದ್ ಹೊಸ ಪುಸ್ತಕಗಳಿರೋ ನನ್ ಅಮೆಜ಼ಾನ್ ಪ್ಯಾಕೇಜ್ ಅಂತೂ ಇವತ್ ಬಂದ್ಬಿಡ್ತು!,Happiness
ನನ್ ಸಂಬಂಧಿಕ್ರ ಶಸ್ತ್ರಚಿಕಿತ್ಸೆಗ್ ಆರೋಗ್ಯ ಕೇಂದ್ರಲಿ ಎಬಿ ನೆಗೆಟಿವ್ ರಕ್ತ ಸಿಗುತ್ತೆ ಅಂತ ಗೊತ್ತಾಗ್ ನಂಗ್ ಸಮಾಧಾನ ಆಯ್ತು. ನನ್ ಭುಜದಿಂದ್ ದೊಡ್ ಬಾರನೆ ಇಳ್ದಂಗ್ ಆಯ್ತು.,Happiness
"ನಂ ಓಣ್ಯಾಗ ಸೋವಿನ್ಯಾಗ್ ಇರೋಂಥ ಮನೀನೇ ಸಿಗಂಗಿಲ್ಲಾ, ಕಡ್ಮಿ ಪಗಾರಿರವ್ರ್ ಹೆಂಗ್ ಅಷ್ಟ್ ರೊಕ್ಕ ಕೊಡೂದ್ ಹೇಳ್ ಮತ್ತ. ಅವ್ರೂ ಬಾಳ್ವೆ ಮಾಡ್ಬೇಕೋ ಇಲ್ವೋ!",Anger
ಅವ್ಳ್ ತಂಡ ಆಟದುದ್ದಕ್ಕೂ ಮೇಲುಗೈ ಸಾಧಿಸ್ಕೊಂಡ್ ಆಡಿದ್ನೋಡಿ ಅಮೇಲಿಯಾಳ ಸಂತೋಷಕ್ಕೆ ಪಾರವೇ ಇರ್ಲಿಲ್ಲ.,Happiness
"ಅಯ್ಯಯ್ಯಪ್ಪ! ಡೆತ್ ವ್ಯಾಲಿಲಿ ನೆನ್ನೆ ತಾಪಮಾನ ಐವತ್ತೆರೆಡ್ ಡಿಗ್ರಿ ಸೆಂಟಿಗ್ರೇಡಷ್ಟಿತ್ತಂತೆ, ನಿಜನಾ?!",Surprise
ನಿಮ್ ವೃತ್ತಿ ಮತ್ತೆ ವೈಯಕ್ತಿಕ ಜೀವ್ನದ್ ಬಗ್ಗೆ ನಾನೇನಾದ್ರೂ ತಪ್ಪಾಗ್ ಹೇಳ್ಬಿಡ್ತಿನೇನೋ ಅಥ್ವಾ ಕೇಳ್ಬಿಡ್ತೀನೋ ಅಂತ ನಂಗ್ ಆತಂಕ ಆಗ್ತಿದೆ.,Fear
ಥೂ ಈ ಅಂಗ್ಡ್ಯಾಗ ಎಷ್ಟ್ ಅಸಹ್ಯದ್ ಲೈಟ್ಹಾಕ್ಯಾರಂದ್ರ ಇಲ್ಲಿನ್ ಯಲ್ಲಾ ಸಾಮಾನೂ ನೋಡ್ಲಿಕ್ಕಿ ಭಾಳ ಹೊಲಸ್ ಅನಸ್ತಾವ.,Disgust
"ನಂಗ್ ಈ ಅಪ್ಲಿಕೇಶನ್ ಭಾಳ ಇಷ್ಟನಪ್ಪ, ನನ್ ಹಣಕಾಸಿನ್ ನಿರ್ವಹಣೆನೆಲ್ಲ ತುಂಬಾ ಸುಲಭ ಮಾಡತ್ತಿದು.",Happiness
"ನೀವ್ ಸುಮ್ನೆ ಕೆಲ್ಸನ್ ಎಳೀತಾ ಇದ್ದೀರಿ  ಇದ್ರಿಂದ್ ನನ್ ಸಮ್ಯ ಮತ್ ಹಣನು  ಖರ್ಚು ಆಗ್ತಿದೆ,  ನಿಮ್ ಕೆಲ್ಸನೇ ಮುಂದ್ ಹೋಗ್ತಾ ಇಲ್ಲ ಅಂತ ನಂಗ್ ಸಿಟ್ ಬರ್ತಾ ಇದೆ.  ನೀವು ಮೇಸ್ತ್ರಿ ಹೌದೋ ಅಲ್ವೋ ಅಂತ ನಂಗ್ ಅನುಮಾನ ಬರ್ತಾ ಇದೆ.",Anger
"ಸರ್, ಅಮೃತ್ಸರ್ ಎಕ್ಸ್ಪ್ರೆಸ್ನ ನಿರ್ವಹಣೆ ಈಗ ಚೆನ್ನಾಗಿದ್ಯಾ? ನಾನ್ ಹೋದ್ಸಲ ಅದ್ರಲ್ ಹೋಗಿದ್ದಾಗ ನಂಗ್ ಅಸಹ್ಯ ಆಗೋಗಿತ್ತು. ಶೌಚಾಲಯಗಳೆಲ್ಲ ತುಂಬಾ ಗಲೀಜಾಗಿದ್ವು.",Disgust
ಗಳ್ಯಾ ಹೊಡದ್ ಹೊಲದಾಗ ಬಿತ್ತಣಿಕಿ ಮಾಡದಕ್ನೂ ಹಂಗೇ ಮಾಡದಕ್ನೂ ಎಷ್ಟ್ ಬಿಡಸ್ತದಂತ ನಂಗ್ ಮೊದ್ಲ್ ಗೊತ್ತೇ ಇರ್ಲಿಲ್ಲಾ. ಇದೊಂದ್ ಬ್ಯಾರೆ ಜಗತ್ತೇ ಅದ ನಂಗ!,Surprise
"ನಾನ್ ಯಾವಾಗ್ಲೂ ನನ್ ರಿಯರ್ವ್ಯೂ ಮಿರರ್ನ ನೋಡ್ತಲೇ ಇರ್ತೀನಿ, ಅದ್ರಲ್ಲೂ ಹಿಂದ್ಗಡೆ ಸಿಟಿ ಬಸ್ ಬರ್ತಿದೆ ಅಂದ್ರೆ ಕಣ್ ಮಿಟುಕ್ಸಕ್ಕೂ ಭಯ ನಂಗೆ. ಅವಕ್ಕೆ ಬ್ರೇಕೇ ಇರಲ್ಲ ಅನ್ಸತ್ತೆ.",Fear
ಟೈಟಾನಿಕ್ ಹತ್ರ ಹೋಗಕ್ಕೆ ಸಮುದ್ರದೊಳಕ್ ಇಳ್ದಿದ್ ಸಬ್ಮರ್ಸಿಬಲ್ದು ಏರ್ಟೈಮ್ ಮುಗ್ದೋಗಿರೋದ್ರಿಂದ ಅದಿನ್ನು ಸಿಗೋದೇ ಇಲ್ವೇನೋ ಅಂತ ಗಾಬ್ರಿ ಆಗ್ತಿದೆ.,Fear
"ನಾನ್ ಆ ಈಸ್ಟ್ ಕೋಸ್ಟ್ ರಸ್ತೆಲಿ ಡ್ರೈವ್ ಮಾಡ್ತಿದ್ದಾಗ ಒಬ್ಬ ಶೇರಿಂಗ್ ಆಟೋ ಡ್ರೈವರ್ ಒಂದೇ ಸಮ್ನೇ ಹಾರ್ನ್ ಮಾಡ್ತಿದ್ದಿದ್ದು ನನ್ ಪಿತ್ತನ್ ನೆತ್ತಿಗೇರ್ಸಿತ್ತು, ಕೈಗ್ ಸಿಕ್ಕಿದ್ದಿದ್ರೆ ಸರ್ಯಾಗ್ ಕ್ಲಾಸ್ ತಗೋತಿದ್ದೆ ಅವ್ನಿಗೆ.",Anger
ಎಷ್ಟೋ ವರ್ಷಗಳಾದ್ಮೇಲೆ ಹಳೇ ಸ್ನೇಹಿತ್ರು ಪುನಃ ನಮ್ ಜೊತೆ ವ್ಯಾಯಾಮ ಮಾಡಕ್ ಬಂದಿದ್ದಿದ್ದು ನಂಗಂತೂ ಭಾರೀ ಖುಷಿ ಆಯ್ತು.,Happiness
"ಆದ್ರೆ ಆಮೇಲೆ ಪಾಪ ಒಬ್ರು ಅಜ್ಜಿ ಬಂದ್ರು, ಅವ್ರಿಗೆ ಸೀಟ್ ಬಿಟ್ಟ್ಕೊಡ್ಬೇಕಾಯ್ತು ನಾನು.",Sadness
ವಿಳಂಬವಾದ ರೈಲು ಮಧ್ಯರಾತ್ರಿ ಆದ್ಮೇಲು ಬರುತ್ತೆ ಅಂತ ಕಾಯ್ತಾ ಇದ್ದೆ ನಿಲ್ದಾಣದ ಸುತ್ತಲು ಒಂದ್ ಸಲ ನೋಡ್ದೆ ಯಾರು ಇರಲಿಲ್ಲ. ಆಗ ನಂಗ ಸ್ವಲ್ಪ ಭಯಾ ಆಯ್ತು,Fear
ನನ್ ಪರೀಕ್ಷೆ ಮಾಡಿದ್ದರ ಫಲಿತಾಂಶ ನೆಗೆಟಿವ್ ಆಗ್ ಬಂದಿದೆ ಅಂತ ಕೇಳಿ ತುಂಬಾ ಬೇಜಾರಾಗಿದೆ ನಂಗೆ. ಬೇರೆ ಏನಾದ್ರೂ ಮಾಡ್ಬೋದ?,Sadness
"ನನ್ ಕುಟುಂಬ್ದೋರ್ನೆಲ್ಲ ಕಳ್ಕೊಂಡ್ಮೇಲೆ ನಂಗೀಗ ಜೀವನ್ದಲ್ಲಿ ಏನೂ ಉಳ್ದಿಲ್ಲ, ಮನೆ , ಮನ್ಸೆಲ್ಲ ಖಾಲ್ಕಾಲಿ ಆಗೋಗಿದೆ.",Sadness
ಸ್ಲೀಪ್ಲೆಸ್ ಇನ್ ಸಿಯಾಟಲ್ ಸಿನ್ಮಾದಲ್ಲಿ ಟಾಮ್ ಹ್ಯಾಂಕ್ ಅಭಿನಯ ನೋಡೋದೇ ಒಂದ್ ಖುಷಿ.,Happiness
ನಾನು ಅವ್ರ್ ಮನೆಲಿ ಒಲೆ ಹಚ್ಚಿದ್ದವ್ಳು ಅದ್ನ ಹಾಗೇ ಬಿಟ್ಬಂದೆ ಅನ್ಸ್ತಿದೆ. ಮನೆಲೇನಾದ್ರೂ ಬೆಂಕಿ ಹೊತ್ಕೊಂಡ್ರೆ ಅವ್ರ್ ನಂಗೊಂದ್ ಗತಿ ಕಾಣಿಸ್ತಾರೆ.,Fear
ನಮ್ ಸೈನಿಕ್ರು ನಮ್ ದೇಶದ್ ಸೇವೆಲಿ ತಮ್ ಪ್ರಾಣನೇ ಕಳ್ಕೋತಿರೋದು ಮತ್ತೆ ಇತ್ಕಡೆ ಅವ್ರ್ ಕುಟುಂಬ್ದೋರು ದುಃಖದಲ್ ಮುಳ್ಗಿರೋದ್ರ್ ಬಗ್ಗೆಯೆಲ್ಲ ಓದಿ ನಂಗ್ ಮನ್ಸೆಲ್ಲ ಭಾರ ಆಗೋಗಿದೆ.,Sadness
"ನಿಮ್ ಷರ್ಟಲ್ಲಿ ಸಾಂಬಾರ್ ಕಲೆ ಆಗಿದೆ, ಮತ್ತೆ ನಿಮ್ ಪ್ಯಾಂಟ್ ಮೇಲೆ ಸ್ವಲ್ಪ ಚಟ್ನಿ ಚೆಲ್ಲಿದೆ.",Disgust
"ನನ್ ಮಗ ಕೌನ್ಸೆಲಿಂಗ್ ತಗೊಂಡು ಗೆಲುವಾದ್ಮೇಲೆ ಅವ್ನು ಹಿಂದೆಲ್ಲ ಎಂಥ ಕೆಟ್ಟ್ ಪರಿಸ್ಥಿತಿಗಳ್ನ ಅನ್ಭವಿಸಿದ್ದ, ಅದ್ರಿಂದ ಅವ್ನ್ ಮನ್ಸು ಎಷ್ಟ್ ಜರ್ಜರಿತ ಆಗೋಗಿತ್ತು ಅಂತೆಲ್ಲ ನಮ್ಹತ್ರ ಹೇಳ್ಕೊಂಡಾಗ ನಮ್ಗೆ ಸಂಕ್ಟಕ್ಕೆ ಎದೆ ಒಡ್ದ್ಹೋದಾಗಾಯ್ತು.",Sadness
ಈ ಒಳಚರಂಡಿ ಸಂಸ್ಕರಣಾ ಘಟಕದ್ ಹತ್ರ ಓಡಾಡ್ವಾಗ ಮೂಗಿಗ್ ಬಡ್ಯೋ ಗಬ್ಬು ವಾಸ್ನೆ ನಂಗ್ ತಡ್ಕೊಳಕ್ಕಾಗಲ್ಲ.,Disgust
ನಾನಿವತ್ತು ತರ್ಕಾರಿ ಮಾರಕ್ ಹೋಗಿದ್ದಾಗ ಒಂದ್ ಗಂಟೆ ಒಳ್ಗೇ ಎಲ್ಲ ತರ್ಕಾರಿಗಳೂ ಖಾಲಿ ಆಗೋಗಿದ್ ನೋಡಿ ಆಶ್ಚರ್ಯ ಆಗೋಯ್ತು.,Surprise
ಆ ಪುಸ್ತಕ ಮಾರೋನು ನನ್ ಹಳೆ ಪುಸ್ತಕಗಳ್ನ ಕೊಂಡ್ಕೊಳಕ್ ಮನ್ಸ್ ಮಾಡಿದ್ನಲ ಅಂತ ಎಷ್ಟೋ ಸಮಾಧಾನ ಆಯ್ತು ನಂಗೆ. ಕೊನೆಗೂ ಅವ್ಗಳ್ಗೆ ಹೊಸ ಓದುಗ್ರು ಸಿಗ್ತಾರೆ.,Happiness
"ನೀನು ಹೊಟ್ಟೆಗೇನೂ ತಿನ್ದೇ ಈಜೋಕ್ ಹೋದ್ರೆ ಹೀಗೇ ಆಗೋದು. ಮುಂದಿನ್ಸಲ ನೀನ್ ಮುಳುಗ್ಬಾರ್ದು ಅಂತಿದ್ರೆ ಸ್ವಲ್ಪ ಬುದ್ಧಿ ಕಲಿ, ಕಡೇ ಪಕ್ಷ ಒಂದ್ ಬಾಳೆಹಣ್ಣಾದ್ರೂ ತಿನ್ನು.",Anger
ಅಷ್ಟೊಂದ್ ಜನಪ್ರಿಯ್ವಾಗಿರೋ ಆ ಜಾಗ ಅವ್ರ್ ಹೇಳ್ದಷ್ಟೆಲ್ಲ ಏನ್ ಚೆನ್ನಾಗೇ ಇರ್ಲಿಲ್ಲ.,Sadness
ನನ್ ಭವಿಷ್ಯಕ್ಕೋಸ್ಕರ ನನ್ಕೈಲೀಗ ಏನೂ ಮಾಡೋಕ್ಕಾಗ್ತಿಲ್ವಲ ಅನ್ನೋ ಕೊರಗಲ್ಲಿ ರಾತ್ರಿ ನಿದ್ದೆನೇ ಬರಲ್ಲ ನಂಗೆ.,Sadness
ಶ್ಶೀ.. ಆ ಮಗುವಿನ್ ತಂದೆತಾಯಿ ವಿಮಾನ್ದಲ್ಲಿ ಮಗುದ್ ಡಯಾಪರ್ ತೆಗ್ದು ಗ್ಯಾಲಿಲೇ ಸುಸ್ಸೂ ಮಾಡ್ಸ್ಬಿಟ್ರು.,Disgust
ನಾನ್ ದುಡ್ಡ್ಕೊಟ್ಟಾಗಿದ್ರೂ ಕೊಂಡ್ಕೊಂಡ್ ವಸ್ತು ಸಮಯಕ್ ಸರ್ಯಾಗ್ ಬಂದ್ ತಲ್ಪ್ಲಿಲ್ಲ ಅಂದ್ರೆ ಪಿತ್ತ ನೆತ್ತಿಗೇರ್ಬಿಡತ್ತೆ ನಂಗೆ.,Anger
"ನನ್ ಬಿಸ್ನೆಸ್ಗೋಸ್ಕರ ಮಾಡಿದ್ ಸಾಲನೆಲ್ಲ ಪೂರ್ತಿ ತೀರ್ಸಿದ್ದಾಯ್ತು, ಇನ್ನು ನೆಮ್ದಿಯಾಗಿರ್ಬೋದು.",Happiness
ನೀವ್ ನಿಮ್ ಹಣನ್ ಹಾಕಿರೋ ಕಂಪ್ನಿಗಳ್ ಪಟ್ಟಿ ನೋಡ್ತಿದ್ರೆ ಯಾಕೋ ನೀವ್ ಇನ್ವೆಸ್ಟ್ ಮಾಡಿರೋದ್ ಯಾವ್ದೂ ಕೈಗ್ ಹತ್ತಲ್ವೇನೋ ಅಂತನ್ನಿಸ್ತಿದೆ.,Fear
ನನ್ ಮಗ ಅವ್ನೀಗ ತರ್ಬೇತಿ ಪಡ್ಕೊತಿರೋ ಕಂಪ್ನಿಲಿ ಅವ್ನ್ ಕೂಲ್ ಬಾಸ್ನ ಭೇಟಿಯಾದ್ಮೇಲೆ ಭಾರಿ ಖುಷಿಲಿದ್ದ.,Happiness
ದೆಹಲಿಲಿ ಸಣ್ ಮಕ್ಳಿರೋ ಕುಟುಂಬಗಳೋರ್ಗೆ ಗೈಡೆಡ್ ಸಿಟಿ ಟೂರ್ಸ್ ಎಷ್ಟ್ರಮಟ್ಗೆ ಸೇಫಾಗಿವೆ? ನಂಗಂತೂ ಅದ್ರಲ್ ಹೋಗಕ್ಕೆ ಏನೋ ಅಳುಕು.,Fear
ಏರ್ ಇಂಡಿಯಾ ವಿಮಾನದಲ್ ತುಂಬಿ ತುಳ್ಕುತ್ತಿದ್ ಮತ್ ಕೊಳ್ಕಾದ ಶೌಚಾಲಯನ್ ನೋಡ್ಕೊಂಡ್ ಹೋಗ್ಬೇಕಾದಾಗ್ ನಂಗ್ ಅಸಹ್ಯ ಆಯ್ತು.,Disgust
ಚೆನ್ನೈಯಲ್ಲಾದ್ ಪಂದ್ಯಾವಳಿಲಿ ಆ ಫುಟ್ಬಾಲ್ ರೆಫರಿ ನಮ್ ಎದುರಾಳಿಗಳ್ನ ಬಹಿರಂಗ್ವಾಗೇ ಬೆಂಬಲಿಸ್ತಾ ಇದ್ನಲ್ಲ! ಅದೆಷ್ಟ್ ಧೈರ್ಯ ಇರ್ಬೇಕ್ ಅವ್ನಿಗೆ!,Anger
"ಯಪ್ಪಾ ಆತಗ ಕಾಮಿಡಿಯನ್ ಅನ್ಲಿಕ್ಕ ಆಗಲ್ಲಾಗ್ಯಾದ ಅವಾ ಮಾತಾಡ ಸ್ಟೈಲೇ ಛಂದಿಲ್ಲಾ, ಯಾರರೇ ಅವನ್ ಜುಟ್ಟಾ ಹಿಡದ್ ಈ ಇವೆಂಟ್ ಮಾಡ್ಸ್ಯಾರ ಅನ್ನಹಂಗ್ ಇತ್. ಇನ್ನೊಮ್ಮ್ ಅವ್ನ್ ಷೋಕ್ಕ ಹೋಗಲ್ಲ ನಾ.",Disgust
"ಅಲ್ಲಾ ನಮ್ ಕೆಲ್ಸದವ್ರಿಗಿ ರಗಡ ಗೊತ್ತಿರ್ತದಂತ ಈ ಖರೀದ್ದಾರ್ರು ಭರೋಸಾನೇ ಮಾಡಂಗಿಲ್ಲ, ಒಂದೇ ಸವ್ನೇ ಅದೂ ಇದೂ ಕೇಳ್ಕೋತ ಇರ್ತಾರ.",Sadness
ಆಟೋ ಯೂನಿಯನ್ಗಳು ಬೆಂಗ್ಳೂರಲ್ಲಿ ಪ್ರಯಾಣಿಕ್ರ ಕ್ಷೇಮಕ್ಕಿಂತ ತಮ್ ಸ್ವಾರ್ಥಕ್ಕೇ ಆದ್ಯತೆ ಕೊಡ್ತಾ ಇರೋದು ಬೇಜಾರಿನ್ ವಿಷ್ಯ.,Sadness
ನನ್ ಹೊಸ ಮನೆಗೆ ಹೈ ಕ್ಲಾಸಾಗಿರೋ ವೈರಿಂಗ್ ಮಾಡಿಸ್ಬೇಕು ಅನ್ಕೊಂಡ್ರೆ ನಮ್ಮೂರಲ್ಲಿರೋ ಯಾವ್ ಅಂಗ್ಡಿಲೂ ಒಳ್ಳೆ ಆಯ್ಕೆಗಳೇ ಇಲ್ಲ.,Sadness
ನ್ಯೂಸ್ಪೇಪರ್ ಹಾಕೋ ಹುಡ್ಗ ಎಷ್ಟ್ ಕರೆಕ್ಟಾಗಿ ಅದ್ನ ಮೊದಲ್ನೇ ಮಹಡಿಗ್ ಎಸಿತಾನಲ ಅನ್ನೋದೇ ಒಂದ್ ಬೆರಗು ನಂಗೆ.,Surprise
ನಾನ್ ಸಾಕ್ಕೊಂಡಿರೋ ಪ್ರಾಣಿಗಳ್ ಬಗ್ಗೆ ತುಂಬಾ ಕಾಳಜಿ ಆಗತ್ತೆ ನಂಗೆ.. ಅವಕ್ಕೆ  ಸಾಧ್ಯವಾದಷ್ಟೂ ಒಳ್ಳೆ ಜೀವ್ನ ಸಿಗ್ಬೇಕು ಅಂತ ನನ್ನಾಸೆ. ಆದ್ರೆ ಹಾಗಾಗೋದಕ್ಕೆ ನಾವೇ ಅಡ್ಡ್ಗಾಲ್ ಹಾಕ್ತಿದಿವೇನೋ ಅನ್ಸತ್ತೆ.,Sadness
ನಾನ್ ಈ ಸಲ ಪ್ರವಾಸಕ್ ಬರೋಕಾಗಲ್ಲ. ಭಾನ್ವಾರ್ದೊಳ್ಗೆ ಒಂದ್ ಅಸೈನ್ಮೆಂಟ್ ಸಬ್ಮಿಟ್ ಮಾಡ್ಬೇಕಿದೆ ನಾನು.,Sadness
"ನಾನ್ ನಿಮ್ಹತ್ರ ಬರ್ತಾ ಇರೋದು ಇದು ಹತ್ನೇ ಸಲ. ನನ್ನ ಕೋಣೆ ಕೀಲಿ ಕೈ ಮತ್ತೆ ಕೆಟ್ ಕೂತಿದೆ. ಏನ್ ನಡೀತಿದೆ ಇಲ್ಲಿ, ಆಂ?",Anger
"ಕ್ಷಮ್ಸಿ, ಆದ್ರೆ ಈ ಸಮಯ್ದಲ್ಲಿ ಫ್ಲೇವರ್ಗಳು ಮತ್ತೆ ಕೇಕ್ನ ಗಾತ್ರದ್ ದೃಷ್ಟಿಯಿಂದ ನಮ್ಮಲ್ಲಿ ಕೆಲ್ವೇ ಕೆಲ್ವು ಆಯ್ಕೆಗಳಿದಾವಷ್ಟೇ.",Sadness
"ಈವೆಂಟ್ ಸಮ್ಯದಲ್ ಈವೆಂಟ್ ಮ್ಯಾನೇಜರ್ನ ಯೋಗ್ಯತೆನ್ ಕಂಡ್ ನಂಗ್ ಸಿಟ್ ಬಂತು, ಅದ್  ನನ್ ಸಮ್ಯವನ್ ಪೂರ್ತಿಯಾಗ್ ವ್ಯರ್ಥ ಮಾಡ್ತು.",Anger
"ಪಿಯರ್ ಟು ಪಿಯರ್, ಸಾಲ ಕೊಡೋ, ತಗೋಳೋ ಪ್ಲಾಟ್ಫಾರ್ಮ್ಗಳು ಎಷ್ಟ್ ಬೇಗ ಇಷ್ಟೆಲ್ಲ ಜನಪ್ರಿಯತೆ ಗಳ್ಸಿವೆ ಅಂತ ಆಶ್ಚರ್ಯ ಆಗತ್ತೆ.",Surprise
ಇವೆಂಟ್ ಮ್ಯಾನೇಜರ್ ನಮ್ ಕಾರ್ಯಕ್ರಮದಲ್ಲಿ ಸೇಫ್ಟಿ ಬಗ್ಗೆ ಸ್ವಲ್ಚನೂ ನಿಗಾ ವಹಿಸ್ದೇ ಇದ್ದಿದ್ದು ನಂಗ್ ರೇಗ್ಹೋಯ್ತು. ನಮ್ ಸೇಫ್ಟಿ ಬಗ್ಗೆ ಅವ್ನಿಗ್ ಚೂರಾದ್ರೂ ಕಾಳ್ಜಿ ಇದ್ದಂಗಿಲ್ಲ! ಎಷ್ಟ್ ಬೇಜವಾಬ್ದಾರಿ ಅವ್ನಿಗೆ!,Anger
"ಅಣ್ಣಾ, ದಯ್ವಿಟ್ಟು ಬಿಲ್ಲಿಂಗ್ನ ಬೇಗ್ನೆ ಮುಗ್ಸಿ! ನಾನ್ ಸಾಲಲ್ಲಿ ನಿಂತು ಕಾಯ್ತಾ ಹತ್ತ್ ನಿಮಿಷಕ್ಕಿಂತ ಜಾಸ್ತಿ ಆಯ್ತು.",Anger
"ಈ ಪುಟಾಣಿ ನಾಯಿಮರಿಗಳ್ಮಾಡೋ ಮುದ್ದಾದ್ ಚೇಷ್ಟೆಗಳ್ನ ನೋಡಿದ್ರೇ ಸಾಕು, ನನ್ ಮುಖ ಅರಳ್ಬಿಡುತ್ತೆ.",Happiness
"ಟೊಮೇಟೋಗೆ ಈ ಪಾಟಿ ಬೆಲೆ ಬಂದಿದೆ ಈಗ, ನಾನ್ ಬೆಳ್ದಿರೋ ಟೊಮೆಟೋಗಳ್ನೆಲ್ಲ ಮಾರ್ಕೆಟ್ಟಿಗ್ ತಗೊಂಡ್ ಹೋಗ್ಬೇಕಾದ್ರೆ ಎಲ್ಲ್ ಯಾರಾದ್ರೂ ದೋಚ್ಬಿಡ್ತಾರೋ ಅಂತ ಎದೆ ಅಳುಕತ್ತೆ.",Fear
"ನೀವ್ ನಂಗೋಸ್ಕರ ಸಿನ್ಮಾ ಟಿಕೆಟ್ ತಗೊಂಡ್ಬರ್ತೀರ ಅಂತ ಕಾಯೋದ್ರಿಂದ ಏನೂ ಪ್ರಯೋಜ್ನ ಇಲ್ಲಾಂತ ಗೊತ್ತು ನಂಗೆ. ಅದ್ಕೆ ಈ ಸಿನ್ಮಾಕ್ ನಾನೊಬ್ಳೇ ಹೊರ್ಟಿದೀನಿ, ನೀವ್ ಏನ್ ಬೇಕಾದ್ರೂ ಮಾಡ್ಕೊಳಿ.",Disgust
"ನಾನು ನನ್ ಮನೆ ಸಾಲ ತಗೊಂಡ್ ಎರಡ್ ವರ್ಷದೊಳ್ಗೇ ಅದ್ನ ತೀರ್ಸೋಕಾಗಿದ್ದು, ನನ್ ತಲೆ ಮೇಲಿದ್ ದೊಡ್ಡ್ ಭಾರ ಇಳುಸ್ಕೊಂಡಂಗಾಯ್ತು.",Happiness
ಅವ್ಳ್ ತಂಡದೋರು ತುಂಬಾ ಕಷ್ಟಪಟ್ಟು ಕೊನೆಗೂ ಆಟ್ದಲ್ ಗೆದ್ಮೇಲೆ ಸೋಫಿಯಾ ಅವ್ರನ್ನೆಲ್ಲ ಅಪ್ಕೊಂಡು ಸಂಭ್ರಮ ಪಟ್ಟಿದ್ ನೋಡಿದ್ರೆ ಅವ್ಳಿಗದೆಷ್ಟ್ ಸಂತೋಷ ಆಗಿತ್ತು ಅನ್ನೋದು ಅದ್ರಲ್ಲೇ ಗೊತ್ತಾಗ್ತಿತ್ತು.,Happiness
ಹೊಸ ರೆಸ್ಟೋರೆಂಟಲ್ಲಿ ವೇಟರ್ಗಳು ಎಷ್ಟ್ ಹೊತ್ತಾದ್ರು ನನ್ ಟೇಬಲ್ ಕಡೆ ಬರ್ದೇ ಇದ್ದಿದ್ದು ನನ್ ತಾಳ್ಮೆ ಕೆಡಿಸ್ತು. ಇನ್ಯಾವತ್ತೂ ಅಲ್ಲಿ ಕಾಲಿಡಲ್ಲ ನಾನು.,Disgust
ನನ್ ಲೇಖನದ್ ಬಗ್ಗೆ ನನ್ ಬಾಸ್ ಬರ್ದಿರೋ ವಿಮರ್ಶೆಗೋಸ್ಕರ ನಾನ್ ಉಸ್ರು ಬಿಗಿಹಿಡ್ಕೊಂಡ್ ಕಾಯ್ತಿದ್ದೆ. ಆದ್ರೆ ಯಾವಾಗ್ ನಾನ್ ಅದ್ರ್ ಬಗ್ಗೆ ಮರ್ತೇಹೋಗಿದ್ನೋ ಆಗ ಅಚಾನಕ್ಕಾಗ್ ಬಂತದು!,Surprise
ಆಗಸ್ಟಲ್ಲಿ ವಿಮಾ ಪಾಲಿಸಿಯಿಂದ ನನ್ ಅನ್ಯೂಇಟಿ ಸಿಕ್ಕಾಗ ನಾನ್ ಖುಷಿಲ್ ತೇಲಾಡ್ತಾ ಇರ್ತೀನಿ.,Happiness
ಆ ಫೌಲ್ ಬಗ್ಗೆ ರೇಗ್ ಹೋಗಿದೆ ನಂಗೆ! ರೆಫರಿ ಫೌಲ್ ಅಂತ ಹೇಳ್ಬೇಕಿತ್ತು ಅದ್ನ. ಸರಿಯಿಲ್ಲ ಅವ್ರ್ ಮಾಡಿದ್ದು.,Anger
ಅವ್ನು ಆಗ್ಲಿಂದ ನನ್ ಸೀಟಿಗ್ ಒದೀತಿದ್ರೂ ಅವ್ನ್ ಜೊತೆ ಜಗ್ಳ ಮಾಡಿದ್ರೆ ಎಲ್ಲ್ ನನ್ನ ವಿಮಾನ್ದಿಂದ ಕೆಳಗಿಳಿಸ್ಬಿಡ್ತಾರೋ ಅಂತ ಏನೂ ಹೇಳ್ದೆ ತಡ್ಕೊಂಡ್ ಸುಮ್ನಿದ್ದೆ ನಾನು.,Fear
ರಾತ್ರಿಯಿಡೀ ಈ ಎಲೆಕ್ಟ್ರಿಸಿಟಿ ಏರಿಳಿತ ಆಗ್ತಾನೇ ಇದ್ರೆ ನನ್ ಎಲೆಕ್ಟ್ರಿಕಲ್ ಅಪ್ಲೈಯನ್ಸಸ್ಸೆಲ್ಲ ಹಾಳಾಗ್ಬಿಡತ್ವೇನೋ ಅನ್ಸ್ತಿದೆ.,Fear
"ಸುತ್ತಮುತ್ತದ್ ಕೆಲ್ವು ಹುಡುಗ್ರು ನಮ್ ಅಂಗ್ಡಿ ಗೋಡೆ ಮೇಲೆಲ್ಲ ಅವ್ರಿಗ್ ಬೇಕಾದ್ ಹಾಗೆ ಏನೇನೋ ಗೀಚಿ, ಚಿತ್ರ ಬರ್ದ್ ಹೋಗ್ತಿದಾರೆ, ಕೈಗ್ ಸಿಕ್ರೆ ಸರ್ಯಾಗ್ ಬುದ್ಧಿ ಕಲಿಸ್ತೀನಿ ಅವ್ರಿಗೆ.",Anger
ಎ.ಐ. ಈಗ ಬೋರ್ಡ್ ಗೇಮ್ಗಳಲ್ಲೆಲ್ಲ ಮನುಷ್ಯರನ್ನ ಸೋಲಿಸ್ತಾ ಇರೋದ್ ನೋಡೋಕ್ಕೆ ಖುಷಿ ಆಗತ್ತೆ.,Happiness
"ಆ ಪ್ರವಾಸದ್ ಬಸ್ಸಲ್ಲಿ ಪ್ರಯಾಣ ಮಾಡಿದ್ದು ನಂಗ್ಯಾಕೋ ಚೂರೂ ಸರಿನೇ ಹೋಗ್ಲಿಲ್ಲ, ಸ್ವಲ್ಪನೂ ಆರಾಮಿಲ್ಲ ಅದ್ರಲ್ಲಿ, ಹಾಯಾಗ್ ಕಾಲ್ ಚಾಚಕ್ಕೂ ಜಾಗ ಇರ್ಲಿಲ್ಲ, ತುಂಬಾನೇ ಇಕ್ಕಟ್ಟು.",Anger
ಇವತ್ ನಮ್ ಬಾಲ್ಕನಿಲಿ ಒಂದ್ ಮುದ್ದಾದ್ ಪುಟಾಣಿ ಅಳಿಲ್ ಬಂದು ನಾವಲ್ಲ್ ಹಾಕಿದ್ದಿದ್ ಅಕ್ಕಿ ಕಾಳ್ಗಳ್ನ ನಿಧಾನ್ವಾಗಿ ತಿಂತಾ ಕೂತಿತ್ತು.,Happiness
ಕಷ್ಟಪಟ್ಟ್ ದುಡ್ಯೋ ನಮ್ ಕ್ಲೀನಿಂಗ್ ಸೂಪರ್ವೈಸರ್ಗೆ ನಮ್ ಬಜೆಟ್ ಸಾಕಷ್ಟ್ ಇಲ್ದೇ ಇರೋದ್ರಿಂದ ಸಂಬ್ಳ ಜಾಸ್ತಿ ಮಾಡಕ್ಕಾಗ್ತಿಲ್ವಲ ಅಂತ ಬೇಜಾರಾಗ್ತಿದೆ ನಂಗೆ.,Sadness
"ಇನ್ನೂ ವಯ್ಸಿಗ್ ಬಂದಿಲ್ದಿರೋ ನನ್ ಮಗನ್ ಹೆಸ್ರಲ್ಲಿ ಖಾತೆ ತೆಗ್ಯಕ್ಕೆ ಈ ಬ್ಯಾಂಕಲ್ಲಿ ಏನೂ ತಕರಾರು, ತೊಂದ್ರೆ ಆಗ್ದಿದ್ರೆ ಸಾಕಪ್ಪ! ಗಾಬ್ರಿಗ್ ನನ್ ಎದೆ ಹೊಡ್ಕೊತಿದೆ.",Fear
ಅಯ್ಯಪ್ಪಾ ಏನ್ ಅನಬೇಕ್ ಇದಕ್ಕ್ ನೋಡು ಭಾರತ್ದ ನೌಕಾಸೈನ್ಯದಾಗಿನವರ್ ಯಾರೋ ತಾವೊಬ್ರ ಇಡೀ ಜಗತ್ ಸುತ್ತ್ಹಾಕ್ಯಾರಂತ ಹಡಗಿನ್ಯಾಗ.,Surprise
ಈ ಬ್ಯಾಂಕಿಂಗ್ನ್ಯಾಗ್ ನಾ ಯಾರ್ ಮ್ಯಾಲ್ ಭರೋಸಾ ಇಟ್ಟಿದ್ನೋ ಅವ್ರೇ ಠಕ್ಕಿದಾರಂದ್ರ ನಾ ಯೇನ್ ಮಾಡ್ಲೀಗ.,Sadness
ಈಗಾಗ್ಲೇ ಬಳ್ಸಿರೋ ಪುಸ್ತಕಗಳ್ನ ಮಾರಾಟ ಮಾಡೋ ಬಗ್ಗೆ ಆ ಅಂಗ್ಡಿಯೋರ್ ಹತ್ರ ಕೇಳಕ್ಕೆ ಅದೇನೋ ಒಂಥರ ಭಯ ನಂಗೆ.,Fear
ಪ್ರಾಜೆಕ್ಟ್ ವಿಫಲ ಆಗಿದ್ದಕ್ಕೆ ಲೀಡರ್ ತಗೊಂಡಿದ್ ಕ್ರಮಗಳೇ ಕಾರಣ ಅಂದ್ಮೇಲೆ ಅವ್ನೇ ಅದ್ರ ಜವಾಬ್ದಾರಿ ತಗೋಬೇಕು ಅಂತ ನಾನ್ ಯಾವ್ದೇ ಮುಲಾಜಿಲ್ದೇ ನೇರ್ವಾಗ್ ಹೇಳಿದೀನಿ.,Anger
ನಂಗ್ಯಾಕೋ ಈ ಮರ್ಜರ್ ಮತ್ ಅಕ್ವಿಜೀಶನ್ ಸುಸೂತ್ರಾಗಿ ಆಗಲ್ದು ಅಂತ ಒಂಥರಾ ಪುಕುಪುಕು ಅನ್ಸಲಿಕತ್ತದ.,Fear
ಬಸ್ಸಿನ್ ಕಂಡಕ್ಟರ್ ನಾವ್ ಟ್ರಾಫಿಕ್ನ್ಯಾಗ ಸಿಗಿಬಿದ್ದೀವಿ ಮತ್ ಬಸ್ ಚಾಲೂ ಮಾಡಿ ಮುಂದ್ ಹೋಗಬೇಕಂದ್ರ ಹೊತ್ತಾಗ್ತದ ಅಂತ ನಮ್ಗ ಹೇಳಮುಂದ ಅವನ್ ಧ್ವನಿನಾ ಸೋತ್ ಹೋಗಿತ್ತ ಪಾಪ.,Sadness
ಅರೇ ವಾಹ್! ನಿಮ್ ಮಗ ಮದ್ವೆ ಆಗ್ತಾ ಇರೋದ್ ಅಂತ ನಂಗ್ ಗೊತ್ತೇ ಇರ್ಲಿಲ್ಲ!,Surprise
"ನಾನು ಇದೇ ರಸ್ತೆಲಿರೋ ಹೊಸ ಕ್ಲಬ್ಬಲ್ಲಿ ಒಂದಷ್ಟ್ ಜನ್ರನ್ನ ಸ್ನೇಹಿತ್ರನ್ ಮಾಡ್ಕೊಳಣ ಅಂತ ಪ್ರಯತ್ನ ಪಟ್ಟೆ, ಆದ್ರೆ ಯಾರೂ ನನ್ಜೊತೆ ಮಾತಾಡೋಕೆ ಆಸಕ್ತಿನೇ ತೋರಿಸ್ಲಿಲ್ಲ.",Sadness
"ನಂಗ್ ನನ್ ಮಗುವಿನ್ ಖಾತೆ ಭದ್ರತೆ ಬಗ್ಗೆನೇ ಚಿಂತೆ ಆಗಿದೆ, ಅವ್ರು ಉಳಿತಾಯನ ಸುರಕ್ಷಿತ್ವಾಗಿಡೋ ರೀತಿ ಬಗ್ಗೆಯೆಲ್ಲ ಬ್ಯಾಂಕ್ನೋರ್ ಹತ್ರ ವಿಚಾರ್ಸಿ ಖಾತ್ರಿ ಮಾಡ್ಕೊಬೇಕು.",Fear
ಯು.ಎಸ್. ಸೆನೆಟ್ಟಲ್ಲಿ ಮೋದಿಯವ್ರನ್ನ ಗೌರವಿಸ್ದಾಗ ಆನಂದಕ್ಕೆ ನಂಗ್ ಮಾತೇ ಹೊರಡ್ಲಿಲ್ಲ.,Happiness
ಆ ಬ್ರೋಕರ್ ಖರೇನೇ ನಂಗ್ ತಲಿ ಕೆಡಸಿಟ್ಟಿದ್ದಾ. ನಂಗ ಬಾಲ್ಕನಿ ಇರಅಂಥಾ ಜಾಗಾ ತೋರ್ಸಂತ ಹತ್ ಸರ್ತಿ ಹೇಳಿನಿ. ಅವ್ನಿಗಿ ನಾ ಹೇಳಿದ್ದ್ ಸಂಬಂಧೇ ಇಲ್ಲ ಅನ್ನಹಂಗ ಮಾಡ್ಲಿಕತ್ತಿದ್ದಾ.,Anger
"ಆ ಮಾಲ್ಅಲ್ಲಿ ಅದೇನ್ ಅವಸ್ಥೆ ಆಗಿತ್ತೋ ಏನೋಪ, ನಾನಂತೂ ಅದ್ರ್ ತಂಟೆನೇ ಬೇಡಾಂತ ಆ ಕಡೆ ತಲೆನೂ ಹಾಕ್ದೇ ಬಂದ್ಬಿಟ್ಟೆ.",Disgust
"ಒಬ್ಬವಾ ಕುಡದು ವಿಮಾನೇರಿ, ಟೇಕ್ ಆಫ್ ಮಾಡಮುಂದ್ ತಾ ಸೀಟಿನ್ ಮ್ಯಾಲ ಕೂಡಲ್ಲಂತೆಲ್ಲಾ ಸುಮ್ನೆ ರಂಪಾಟ ಮಾಡ್ದಾ, ಅವ್ನ್ ದೆಸಿಂದ ನಮ್ ವಿಮಾನ ತಡ ಆಗಿದ್ ನಂಗ್ ಮೈಯುರದ್ಹೋಯ್ತು.",Anger
"ತಾನು ಪರಮಾಣು ಬಾಂಬ್ ಕಂಡ್ಹಿಡ್ದಿದ್ದು ಅಂಥ ದೊಡ್ ವಿನಾಶಕ್ಕ್ ಕಾರಣ ಆಯ್ತಲ್ಲ ಅಂತ ಓಪನ್ಹೈಮರ್ ವಿಷಾದ ವ್ಯಕ್ತಪಡ್ಸಿದ್ ನೋಡ್ದೆ, ಎಷ್ಟ್ ಪಶ್ಚಾತ್ತಾಪ ಆಗಿದ್ಯೋ ಏನೋ ಅವ್ನಿಗೆ.",Sadness
"ಕೃಷಿಕಾರ್ಮಿಕ್ರು ಪಾಪ ಕೆಲ್ಸನಲ್ದೇ ಊಟನೂ ಬಿಸ್ಲಲ್ ಕೂತ್ಕೊಂಡ್ ಮಾಡೋದ್ನೋಡಕ್ಕೆ ಕರುಳು ಚುರುಕ್ ಅನ್ನತ್ತೆ. ಊಟ, ವಿಶ್ರಾಂತಿ ಹೊತ್ತಲ್ಲಾದ್ರೂ ಅವ್ರ್ ತಲೆ ಮೇಲೊಂದ್ ಸೂರೋ, ನೆರಳೋ ಇರ್ಬೇಕು.",Sadness
"ಪಂದ್ಯಾವಳಿಗಳಲ್ಲಿ ಕೆಲ್ವು ಟೆನಿಸ್ ಆಟಗಾರ್ರು ಪ್ರತೀ ಸಲ ಚೆಂಡನ್ನ ಹೊಡ್ಯುವಾಗ್ಲೂ ಜೋರಾಗ್ ಕಿರ್ಚೋದು ಎಷ್ಟ್ ಕೆಟ್ಟನ್ಸತ್ತೆ, ಸ್ಪರ್ಧೆ ಮೇಲಿನ್ ಗಮನ ತಪ್ಸಿ ತಬ್ಬಿಬ್ಬ್ ಮಾಡ್ಬಿಡತ್ತದು.",Disgust
ಆ ಟಿ.ವಿ. ಕಾರ್ಯಕ್ರಮನ ಎಷ್ಟ್ ಕೆಟ್ದಾಗ್ ಎಡಿಟ್ ಮಾಡಿದ್ರು ಅಂದ್ರೆ ಅದ್ರ್ ತಲೆಬುಡ ಏನೂಂತ್ಲೇ ಅರ್ಥಾಗ್ದೇ ಎಲ್ಲ ಬರೀ ಗೋಜಲಾಗಿತ್ತು.,Disgust
ಬ್ಯಾಂಕ್ಲಿಂದ ಹೊಸಾ ಗರಿಗರಿ ನೋಟ್ ಇಸ್ಕೊಂಡ್ ಅದ್ರ ವಾಸ್ನಿ ತೊಗೊಂಡ್ರ ನಂಗ ಖುಷಿಲೇ ಕುಣಿಯಹಂಗಾಗ್ತದ.,Happiness
"ಸರ್ಕಾರಿ ಶಾಲೆಲಿ ಶೌಚಾಲಯಗಳು ಬಳ್ಸೋಕೇ ಆಗ್ದಿರೋಷ್ಟು ಕೊಳಕಾಗಿ, ಗಬ್ಬೆದ್ದ್ಹೋಗಿವೆ.",Disgust
"ಛೀ ಬ್ಯಾಗೇಜ್ ಜಾಗಾದಾಗಿನ್ ಗೊಂದಳ ನೋಡಿದ್ರ, ಈ ವಿಮಾನ್ ಸಂಸ್ಥಾದವ್ರು ಭಾಳ ಸಾಮಾನ್ ಕಳಕೊಳದೇನ್ ದೊಡದಲ್ಲ ಬಿಡು.",Disgust
ಎಷ್ಟ್ ಕೋಪ ಬರತ್ತೇಂದ್ರೆ! ನಾನ್ ಪ್ರತಿ ಸರ್ತಿ ಈ ಬಸ್ ಹತ್ದಾಗ್ಲೂ ಇದೊಳ್ಳೆ ಎತ್ತಿನ್ಗಾಡಿ ಥರ ಹೋಗತ್ತೆ.,Anger
ಸಾವ್ರಾರ್ ಜನ ಬಡವ್ರಿಗ್ ಮೋಸ ಮಾಡಿ ಅವ್ರ್   ಹಣನೆಲ್ಲ ಲಪಟಾಯ್ಸಿ ಓಡ್ಹೋಗಿದ್ದ ಆ ಸ್ಟಾಕ್ ಬ್ರೋಕರ್ ಸಿಕ್ಕಾಗ ಅವ್ನ್ ಮುಖ ನೋಡೇ ನನ್ ದಿನ ಎಲ್ಲ ಹಾಳಾದ್ಹಾಗಾಯ್ತು.,Disgust
"ಬಸ್ ಡೇ ಆಚರ್ಸೋ ದಿನ ಚೆನ್ನೈಯಲ್ಲಿ ಬೇರ್ಬೇರೆ ಕಾಲೇಜ್ಗಳ ವಿದ್ಯಾರ್ಥಿಗಳು ಹುಚ್ಚುಚ್ಚಾಗಾಡೋದು, ಬಸ್ಗಳ್ಗೆ ತಡೆಹಾಕೋದೆಲ್ಲ ಮಾಡೋದ್ ನೋಡ್ದಾಗ ನಂಗ್ ಒಬ್ಬೊಬ್ರಿಗೂ ಹೋಗ್ ನಾಲ್ಕ್ ತದುಕ್ಬಿಡೋಣ ಅನ್ಸತ್ತೆ.",Anger
ಯಾಕೋ ಏನೋ ಇವತ್ತು ಏನಾದ್ರೂ ಕೆಟ್ಟದಾಗತ್ತೆ ಅಂತ ಆಗ್ಲಿಂದ ಮನ್ಸಲ್ಲೊಂಥರ ವಿಚಿತ್ರವಾದ್ ಭಾವ್ನೆ ಕಾಡ್ತಾ ಇದೆ.,Fear
ನಮ್ಮಪ್ಪ ಯಂಗ್ ಆಗಿದ್ದಾಗ ಅವ್ರು ಫುಟ್ಬಾಲ್ ಮತ್ತೆ ಕ್ರಿಕೆಟ್ಟಲ್ ಮಾಡಿದ್ದಿದ್ ಸಾಧ್ನೆಗಳ್ ಬಗ್ಗೆ ಅವ್ರ್ ಬಾಯಿಂದ್ಲೇ ಕಥೆ ಕೇಳಕ್ಕೆ ಮಜವಾಗಿರತ್ತೆ.,Happiness
ನಂಗ್ ಈ ಲಿವರ್ ರುಚಿ ಒಂಚೂರೂ ಇಷ್ಟ ಆಗ್ತಿಲ್ಲ.. ವ್ಯಾಕ್!,Disgust
"ವೆನಿಸ್ನ ಕಾಲುವೆಗಳಲ್ಲಿ ನೀರು ಎಷ್ಟ್ ದುರ್ವಾಸ್ನೆ ಬರ್ತಿತ್ತಂದ್ರೆ, ನಂಗೆ ವಾಂತಿ ಬರೋ ಹಾಗ್ ಆಗ್ತಿತ್ತು.",Disgust
ನಂಗ್ಯಾಕೋ ಸದ್ಯದಲ್ಲೇ ಗ್ಯಾಸ್ ಬೆಲೆ ಇನ್ನೂ ಜಾಸ್ತಿ ಆಗುತ್ತೆ ಅನ್ಸ್ತಾ ಇದೆ. ಹೀಗೇ ಮುಂದ್ವರೆದ್ರೆ ಜೀವ್ನ ಸಾಗ್ಸೋದ್ ಹೇಗಪ್ಪ ದೇವ್ರೇ!,Fear
ನಮ್ ಗ್ರಾಹಕ್ರು ನಮ್ಮೇಲ್ ವಿಶ್ವಾಸ ಕಳ್ಕೋತ ಇರೋದು ನಂಗ್ ತುಂಬಾ ಆತಂಕ ಆಗ್ತಿದೆ.,Fear
"ನಮ್ ಆಫೀಸಲ್ ಕೆಲ್ಸ ಮಾಡ್ತಿದ್ದೋರು, ಎಲ್ರಿಗೂ ತುಂಬಾ ಇಷ್ಟವಾದೋರ್ ಇಬ್ರು ನೆನ್ನೆ ಆಕ್ಸಿಡೆಂಟಲ್ಲಿ ಪ್ರಾಣ ಕಳ್ಕೊಂಡಿದಾರೆ. ಆಫೀಸಲ್ಲೆಲ್ಲ ಸೂತಕದ್ ವಾತಾವರಣ..",Sadness
ನೀವು ಐದ್ ನಿಮ್ಷ ಮೊದ್ಲೇ ಜಾಗಕ್ ಬರ್ತೀರಿ ಅಂತ ಹೇಳಿದ್ರಲ ಸರ್! ಎಲ್ಲಿದೀರ ಇನ್ನೂ?!,Anger
ಛೇ ಈ ಡ್ರೈವಿಂಗ್ ಲೈಸನ್ಸ್ ಸಿಗ್ಬೇಕಾದ್ರ ಆರ್.ಟಿ.ಒ.ನ್ಯಾಗ್ ಪ್ರತಿಯೊಬ್ರಿಗೂ ಲಂಚಾ ಕೊಡಬೇಕಾಗ್ತದ ಅಂದ್ರ ಏನ್ ಅಸೈ ನೋಡ.,Disgust
ನಾನ್ ಸಿನ್ಮಾದ್ ಆಡಿಷನ್ನಿಗ್ ಹೋದಾಗ ಅಲ್ಲಿ ನನ್ ಬಾಲ್ಯದ್ ಸ್ನೇಹಿತನೇ ಕಾಸ್ಟಿಂಗ್ ಡೈರೆಕ್ಟರ್ ಆಗಿರ್ತಾನೆ ಅಂತ ನಾನ್ ಕನ್ಸಲ್ಲೂ ಅನ್ಕೊಂಡಿರ್ಲಿಲ್ಲ.,Surprise
ಇದ್ನ ಯಾವ್ ಕಾರಣಕ್ಕೂ ಒಪ್ಕೊಳಕ್ಕಾಗಲ್ಲ! ನಾನ್ ಪ್ರೀಮಿಯಂ ಡೆಲಿವರಿಗೇಂತ ಜಾಸ್ತಿ ದುಡ್ಡ್ ಕೊಟ್ಟಿದ್ರೂ ನನ್ ಪ್ಯಾಕೇಜ್ ಇನ್ನೂ ಬಂದಿಲ್ಲ!,Anger
ಚಿತ್ರ ಬಿಡುಗಡೆ ಆಗಿದ್ದಕ್ಕೆ ಸಂಭ್ರಮಾಚರಣೆ ನಡೀತಿದ್ದಾಗ ಒಬ್ಬ್ ಹುಡ್ಗ ಗೋಡೆ ಮೇಲಿಂದ ಕೆಳಗ್ ಬಿದ್ಬಿಟ್ಟ. ನಂಗ್ ಅವ್ನ್ ಬಗ್ಗೆ ತುಂಬಾ ಬೇಜಾರಾಯ್ತು. ಪಾಪ ಎಷ್ಟೆಲ್ಲ ಗಂಭೀರ ಗಾಯಗಳಾಗಿವ್ಯೋ ಏನೋ ಅವ್ನಿಗೆ.,Sadness
ಆ ಏರ್ಲೈನೋರು ನಮ್ ಲಗೇಜ್ನ ಎಲ್ಲೋ ಇಟ್ಟು ಕಳ್ದ್ಹಾಕಿದ್ದೂ ಅಲ್ದೇ ಇಷ್ಟ್ ದಿನ ಆದ್ರೂ ಇನ್ನೂ ಪರಿಹಾರನೂ ಕೊಟ್ಟಿಲ್ಲ ನಮ್ಗೆ.. ನಂಗವ್ರ್ ಮೇಲೆ ಕೆಂಡದಂಥ ಕೋಪ ಬಂದಿದೆ.,Anger
ನನ್ ಬಟ್ಟೆ ಹರ್ದ್ಹೋಗಿದೆ. ಈ ಅವಸ್ಥೆಲಿ ವೇದಿಕೆ ಮೇಲ್ ಹೋಗಕ್ಕಾಗಲ್ಲ ನಾನು.,Sadness
ಯವ್ವಾ ಈ ಹೋಟೆಲ್ ಇಸ್ತ್ರಿ ಮನಷಾ ನನ್ ಕಾನ್ಫರೆನ್ಸ್ ಬಟ್ಟಿ ಜಲ್ದಿ ತಂದ್ಕೊಡ್ತಾನೋ ಇಲ್ವೋ ಅಂತ ನಂಗ ಕಳವಳ ಆಗ್ಲಿಕತ್ತದ. ಇನ್ನಾತನಾ ಯಂದೂ ವ್ಯಾಳಿ ಮ್ಯಾಲ್ ಬಟ್ಟಿಕೊಡದ್ ಅವ್ನಿಗಿ ಗೊತ್ತೇ ಇಲ್ಲ .,Fear
ಆ ವ್ಯಕ್ತಿ ನಡ್ಕೊಂಡ್ ರೀತಿಗೆ ನಂಗ್ ಪಿತ್ತ ನೆತ್ತಿಗೇರಿದೆ. ಅವ್ನು ಇನ್ನೊಂದ್ ಸ್ವಲ್ಪ ಹೊತ್ತು ಅದೇ ಥರ ಆಡ್ತಿದ್ರೆ ನಾನವ್ನಿಗೆ ಕಪಾಳಮೋಕ್ಷ ಮಾಡ್ತೀನಷ್ಟೇ.,Anger
ನಂಗ್ ಗೊತ್ತಿಲ್ದಿರೋ ಯಾವ್ದೋ ಮುಖ್ಯವಾದ್ ದೊಡ್ಡ್ ಪ್ರಾಜೆಕ್ಟ್ ಬಗ್ಗೆ ನಿಮ್ಗೇನೋ ಗೊತ್ತಾಗಿದೆ ಅಂದ್ರೆ ನಂಗೊಂಥರ ಅಳುಕಾಗ್ತಿದೆ.,Fear
ನನ್ ತಂದೆ ತಾಯಿ ತೀರ್ಕೊಂಡಾಗಿಂದ ನಂಗ್ ಅವ್ರ್ ನೆನ್ಪು ತುಂಬಾ ಕಾಡತ್ತೆ. ಅವ್ರಂಥ ಅಪ್ಪ ಅಮ್ಮನ್ ಪಡ್ಯೋಕೆ ಪುಣ್ಯ ಮಾಡಿರ್ಬೇಕು.,Sadness
ಯೇ ಐ.ಪಿ.ಒ.ದಾಗ ಯಷ್ಟ ಜಲ್ದೀ ನಂ ದೋಸ್ತನ್ ಕಂಪ್ನಿದ್ ಶೇರ್ ಖರೀದ್ಯಾಗ್ಯಾವಂದ್ರ ನಂಗರೆ ನಂಬ್ಲಿಕ್ಕೇ ಆಗಲ್ತು.,Surprise
"ಹಾಗ್ ಮಾಡ್ಬೇಡಿ ಅಂತ ನಾನ್ ಎಷ್ಟ್ ಸರ್ತಿ ಹೇಳಿದ್ರೂ ವಿಮಾನ್ದಲ್ಲಿ ನನ್ ಹಿಂದಿನ್ ಸೀಟಲ್ಲಿದ್ದೋನು ನನ್ ಸೀಟ್ನ ಒದಿತಾನೆ ಇದ್ದ, ಕೊನೆಗಿನ್ನೇನೂ ತೋಚ್ದೇ ಅವ್ನ್ ಹತ್ರ ಒದುಸ್ಕೊಂಡೇ ಪ್ರಯಾಣ ಮುಗ್ಸಿದ್ದಾಯ್ತು.",Sadness
ನಂಗಿಷ್ಟವಾದ್ ಅಂಗ್ಡಿ ತೆರ್ದಿರೋ ಸಮಯನ ಕಡ್ಮೆ ಮಾಡಿದಾರೆ ಅಂತ ಗೊತ್ತಾಗಿ ನಂಗ್ ಸ್ವಲ್ಪ ಬೇಜಾರಾಯ್ತು.,Sadness
ನಾನ್ ಹೇಳಿದ್ನ ನೀನ್ ಕೇಳಿಸ್ಕೊಂಡೇ ಇಲ್ಲ ಅಂದಾಗ ನಂಗ್ ಮೈಯೆಲ್ಲ ಉರ್ದೋಗತ್ತೆ ನೋಡು. ನನ್ಹತ್ರ ಲ್ಯೂಕ್ ಸ್ಕೈವಾಕರ್ದು ಒರಿಜಿನಲ್ ಗೊಂಬೆ ಇದೆ ಅಂತ ನಾನ್ ನಿನ್ನೆ ಹೇಳಿದ್ನೋ ಇಲ್ವೋ? ಗಮ್ನ ಎಲ್ಲಿರತ್ತೆ ನಿಂದು?!,Anger
ನಮ್ ಹಣಕಾಸಿನ್ ವರದಿ ಎಲ್ಲ ವ್ಯವಸ್ಥಿತ್ವಾಗ್ ಇರೋದು ಮತ್ತೆ ನಮ್ ಲಾಭ ಎಲ್ಲ ಒಂದೇ ತೆರನಾಗ್ ಜಾಸ್ತಿ ಆಗ್ತಿರೋದ್ ನೋಡ್ದಾಗ ನಂಗೆ ಏನೋ ದೊಡ್ಡ್ ಸಾಧ್ನೆ ಮಾಡ್ದ್ ಹಾಗೆ ಎದೆ ಉಬ್ಬ್ಹೋಗತ್ತೆ.,Happiness
"ಇಲ್ಲಿ ಕಲಿಯಕ್ ಬರೋರು ಅವ್ರಿಗೇನ್ ಬೇಕು ಅಂತ ಚರ್ಚೆ ಮಾಡೋಕ್ ಸಿದ್ಧ ಇದಾರೆ ಅಂತಾಂದಾಗ್ಲೆಲ್ಲ ನಂಗೆ ಖುಷಿಯಾಗತ್ತೆ, ಹಾಗ್ಮಾಡೋದು ತುಂಬಾ ಒಳ್ಳೇದು.",Happiness
"ಬಟ್ಟೆಗಳ್ ಷಿಪ್ಮೆಂಟ್ನ ನಾವ್ ಸಮಯಕ್ ಸರ್ಯಾಗ್ ತಲ್ಪಿಸ್ತಾ ಇದೀವಿ, ಈ ಸಲ ಮಾರಾಟ ಚೆನ್ನಾಗ್ ಆಗತ್ತೆ ಅನ್ಕೊಂಡಿದೀನಿ.",Happiness
ಭಾರತದ್ ವಿರುದ್ಧ ಸೋತ್ಮೇಲೆ ಇಂಗ್ಲಿಷ್ ಅಭಿಮಾನಿಗಳು ನಮ್ಮೇಲೆ ಕೆಟ್ಕೆಟ್ದಾಗ್ ಮಾತಾಡಿರೋದ್ಕೆ ನನ್ನಂಥ ಭಾರತೀಯ ಕ್ರಿಕೆಟ್ ಅಭಿಮಾನಿಗಳ್ ಯಾರ್ಗೇ ಆದ್ರೂ ಪಿತ್ತ ನೆತ್ತಿಗೇರ್ದೇ ಇರಲ್ಲ! ಏನನ್ಕೊಂಡ್ಬಿಟಿದಾರೆ ಅವ್ರ್ನ್ ಅವ್ರು!,Anger
ಜಗತ್ ಎಷ್ಟ್ ದೊಡ್ಡ್ದಿದ್ರೆ ಏನ್ ಈ ಹೊತ್ ನಾ ವಂಟಿ ಗೂಗಿ ಹಂಗ್ ಮನ್ಯಾಗ್ ಕೂತಿನಿ.,Sadness
"ನನ್ ಗೆಳ್ಯಾ ನನ್ ಕಾರ್ ಸರ್ವೀಸ್ ಮಾಡೋಕಂತ ಒಬ್ಬ ಒಳ್ಳೆ ಮೆಕಾನಿಕ್ನ ಹುಡುಕ್ಕೊಟ್ಟಿದ್ದ, ಅವ್ನು ತುಂಬಾ ಚೆನಾಗ್ ಕೆಲ್ಸ ಮಾಡ್ಕೊಟ್ಟಿದಾನೆ.",Happiness
"ಅಪಾರ್ಟ್ಮೆಂಟಿನ್ಯಾಗ್ ಅಲ್ಲಿ ಹೊಳ್ಳಿಹೊಗಬೇಕಲಾ ಅಲ್ಲಿ ಭಾಳ ಗಾಬ್ರ್ಯಾಗ್ತದ, ಸಣ್ ಹುಡುಗ್ರು ಯಲ್ಲಂದಲ್ಲಿ ಓಡ್ಕೋತ ಹೋಗ್ತಾವ, ಯಲ್ಲಿ ಅವ್ರಿಗಿ ಗಾಡಿ ಹಾಯ್ಸತೀನಿ ಅಂತ ಅಂಜ್ಕಿ ಬರ್ತದ.",Fear
ಕಾಸ್ಟಿಂಗ್ ನಿರ್ದೇಶಕ್ರು ಆಡಿಷನ್ನ ಮಧ್ಯದಲ್ ನನ್  ನಿಲ್ಸಿ ಹೊರ್ಗೆ ಹೋಗಾಕ್  ಹೇಳ್ದಾಗ ನಂಗ್ ಕೋಪ  ಬಂತು.,Anger
"ನಂಗ್ ದೋಸ್ತರ್ ಜೊತಿ ಕಾರ್ ಪೂಲಿಂಗ್ ಮಾಡ್ಲಿಕ್ಕಿ ಖುಷಿನೇ ಅದ, ಒಂದಂದ್ರ ನಂ ಕಾರ್ಬನ್ ಫೂಟ್ ಪ್ರಿಂಟ್ ಕಡಿಮ್ಯಾಗ್ತದ ಮತ್ ಮ್ಯಾಲ್ ಗಾಡಿ ಓಡ್ಸ ತಲಿಬ್ಯಾನಿನೂ ಬ್ಯಾರೆಯವ್ರಿಗಿ ಕಟ್ಟಿ ನಾವ್ ಆರಾಮ್ ಕೂಡ್ಬೌದು.",Happiness
ನಂಗಿರೋ ಒಬ್ಬೇ ಒಬ್ಬ ಆತ್ಮೀಯ ಸ್ನೇಹಿತ ರಾಮ್ ಈ ಪ್ರವಾಸ್ದಲ್ಲಿ ನನ್ ಜೊತೆಗಿದ್ದಿದ್ರೆ ಅದ್ರ್ ಕಥೆ ಇನ್ನೂ ಬೇರೆನೇ ಇರ್ತಿತ್ತು.,Sadness
"ನಾನು ಆ ವರ್ಣಚಿತ್ರನ ಮುಗ್ಸೋಕೆ ಐದ್ ವಾರ ತಗೊಂಡಿದ್ದೆ, ಆದ್ರೆ ಆಮೇಲೆ ನನ್ ತಮ್ಮ ಅದ್ರ್  ಮೇಲೆ ಕಾಫಿ ಚೆಲ್ಬಿಟ್ಟ. ನಾನ್ ಹಾಕಿದ್ದಷ್ಟೂ ಪರಿಶ್ರಮ ನೀರಲ್ಲ್ ಹೋಮ ಮಾಡ್ದಂಗಾಗೋಯ್ತು.",Sadness
ಅಮೃತ್ಸರದ್ ಒಂದ್ ಸಣ್ಣ್ ಹೋಟ್ಲಲ್ಲಿ ನಾನ್ ತಿಂದಿದ್ ಅಮೃತ್ಸರೀ ಕುಲ್ಚಾ ತುಂಬಾ ರುಚ್ಯಾಗಿತ್ತು. ಜಡ್ಡ್ ಬಿದ್ದಿದ್ ನಾಲ್ಗೆಗೊಳ್ಳೆ ರಸವತ್ತಾಗಿತ್ತದು.,Happiness
"ಒಳ್ಗಿದ್ ಜನ್ರನ್ನ ಇಳ್ಸಿ, ಇನ್ನೂ ಜಾಸ್ತಿ ಜನನ್ ಹತ್ತುಸ್ಕೊಳಕ್ಕೆ ಆ ಬಸ್ನೋನು ರಸ್ತೆ ಮಧ್ಯದಲ್ಲೇ ನಿಲ್ಸ್ಕೊಂಡ್ಬಿಟ್ಟಿದ್ದಿದ್ದು ಭಾರಿ ಬೇಜಾರಾಯ್ತ್ ನಂಗೆ. ಇರೋ ಬರೋ ವಾಹನಗಳೆಲ್ಲ ಓಡಾಡಕ್ಕಾಗ್ದೆ ಸಿಕ್ಕೊಂಬಿಟ್ಟಿದ್ವು ಅಲ್ಲೇ.",Sadness
"ಮೊದ್ಲ ನಾ ಸಿಲಿಂಡರ್ ರೊಕ್ಕಾ ಕಡಿಮಿ ಆಗ್ದೇನೂ ಅಂತ ಕಾಯ್ತಿದ್ದೆ ಆದ್ರ ಅದ್ ತುಟ್ಟಿನೇ ಆಗ್ಕೋತ ಹೊಂಟದ, ಹಿಂಗಾಗಿ ನನಗ ಮನಸ್ಸೇ ಇರ್ಲಾರ್ದಹಂಗಾಗ್ಯಾದ.",Sadness
ಇವತ್ತು ಎಷ್ಟ್ ಹಾಯಾಗಿದೆ ಎಲ್ಲ! ಮನ್ಸೂ ಹಗೂರ.,Happiness
ಹ್ಯಾಕರ್ಗಳು ಆನ್ಲೈನಲ್ಲಿ ನಮ್ ಗೌಪ್ಯತೆನ ಬೇಧಿಸ್ತಾ ಇರೋ ಬಗ್ಗೆ ಈ ಲೇಖನ ಓದಾದ್ಮೇಲೆ ಆನ್ಲೈನಲ್ಲ್ ಏನಾದ್ರೂ ವ್ಯವಹಾರ ಮಾಡಕ್ಕೇ ಭಯ ಆಗ್ತಿದೆ ನಂಗೀಗ.,Fear
ಹೇ ನನ್ ಹೊಸಾ ಲಾಪ್ಟಾಪ್ ಜಲ್ದಿ ಬರ್ಲಿಕತ್ತದ.,Happiness
ನನ್ ಒಡಹುಟ್ದೋರೇ ನನ್ ಬಗ್ಗೆ ಹಾಗೆಲ್ಲ ಸುಳ್ಳ್ ಸುದ್ದಿ ಹಬ್ಬಿಸ್ತಾರೆ ಅಂದ್ರೆ ನಂಬ್ಕೆನೇ ಬರ್ತಿಲ್ಲ ನಂಗೆ! ಚೂರೂ ಸರಿಯಲ್ಲ ಅವ್ರ್ ಹೀಗ್ ಮಾಡ್ತಿರೋದು.. ಛೇ! ಯಾಕಿಂಥ ದುರ್ಬುದ್ಧಿ ಬಂತು ಅವ್ರಿಗೆ.,Disgust
"ಈ ವಸ್ತುಸಂಗ್ರಹಾಲಯನ ಸ್ವಲ್ಪನೂ ಸರ್ಯಾಗ್ ನೋಡ್ಕೊಂಡಿಲ್ಲ, ಅದೆಷ್ಟ್ ಕತ್ಲೆ, ಕೊಳ್ಕು ತುಂಬ್ಕೊಂಡಿದೆ ಇಲ್ಲೀಂದ್ರೆ ಒಳಗ್ ಹೋಗಕ್ಕೇ ಅಸಹ್ಯ ಆಗತ್ತೆ.",Disgust
"ನಂಗೆ ನನ್ ತಲೆ ಯಾಕೋ ಸರಿಯಿಲ್ವೇನೋ ಅಂತ ಭಯ ಆಗ್ತಿದೆ, ಇಲ್ದಿದ್ರೆ, ನೀನ್  ಮಾತಾಡ್ವಾಗ ನಂಗ್ಯಾಕ್ ಗಮ್ನ ಇಟ್ ಕೇಳಿಸ್ಕೊಳಕ್ಕೇ ಆಗ್ತಾ ಇಲ್ಲ?",Fear
ಆತ ನೆನ್ನೆ ಅಷ್ಟೊಂದ್ ದುಡ್ಡ್ ಕೊಟ್ಟು ಆ ವಸ್ತುನ್ ತಗೊಂಡೇನೋ ಹೋದ್ರು ಆದ್ರೆ ಎಲ್ಲ್ ಅದನ್ ವಾಪಸ್ ಮಾಡ್ಬಿಡ್ತಾರೋ ಅಂತ ಆತಂಕ ಆಗ್ತಿದೆ ನಂಗೆ.,Fear
ನೀವು ನಮ್ಮಲ್ಲಿಗ್ ಬಂದಿರೋದು ಭಾಳ ಸಂತೋಷ! ನಿಮ್ ಎಲ್ಲಾ ಅಗತ್ಯಗಳ್ನ ಪೂರೈಸೋದಕ್ಕೆ ಮತ್ತೆ ಹಣಕಾಸಿನ್ ಬಗ್ಗೆ ನಿಮ್ಗಿರೋ ಗುರಿಗಳ್ನ ಸಾಧ್ಸೋದ್ರಲ್ಲಿ ಸಹಾಯ ಮಾಡೋಕೆ ನಮ್ಮಲ್ಲಿ ಥರಾವರಿ ಖಾತೆಗಳು ಲಭ್ಯ ಇವೆ.,Happiness
ಭಾರತ ಮಾನವಸಹಿತ ಆಕಾಶನೌಕೆ ಕಳಿಸೋ ಯೋಜ್ನೆ ಹಾಕ್ಕೊಂಡಿದೆ ಮತ್ತೆ ಸದ್ಯದಲ್ಲೇ ಅದ್ರ ಉಡಾವಣೆ ಆಗೋದಿದೆ ಅಂತ ಕೇಳಿ ಭಾಳ ಖುಷಿ ಆಯ್ತು ನಂಗೆ.,Happiness
"ನಂಗೋಸ್ಕರ ನಾನು ಗಟ್ಯಾಗಿ ನಿಂತ್ಕೊಳ್ದಿದ್ರೆ, ನನ್ ಪರವಾಗಿ ನಾನೇ ಇಲ್ದೇ ಹೋದ್ರೆ ನನ್ ಒಡಹುಟ್ಟಿದೋರು ಯಾವಾಗ್ಲೂ ನನ್ನನ್ನ ಚಿಕ್ಕೋಳು ಚಿಕ್ಕೋಳು ಅಂತ ಕಡೆಗಣ್ಸಿ ನನ್ನನ್ನ ಆಟ ಕಾಯಿಸ್ತಾರೆ, ಗೋಳ್ ಹುಯ್ಕೋತಾರೆ ಅಂತ ನಂಗ್ ಆತಂಕ ಆಗತ್ತೆ.",Fear
ನಾನ್ ನೆನ್ನೆ ಅಂಗ್ಡಿಯಿಂದ ತಂದಿದ್ ತರ್ಕಾರಿ ಎಲ್ಲ ಅಷ್ಟ್ ತಾಜಾ ಆಗಿದ್ದಿದ್ ನೋಡಿ ಆಗ್ಲೇ ಅವ್ನೆಲ್ಲ ಅಡ್ಗೆ ಮಾಡ್ಕೊಂಡ್ ತಿಂದ್ಬಿಡಣ ಅನ್ಸ್ತಿತ್ತು.,Happiness
"ರಾಹುಲ್! ಇವತ್ತು ಪಿಟಿ ಸರ್ ನಮ್ಗೆ ಯಾವ್ದೇ ವ್ಯಾಯಾಮ ಇರಲ್ಲ ಮತ್ತೆ ಒಂದ್ ಗಂಟೆ ಕಾಲ ಬರೀ ಆಟಗಳ್ನೇ ಆಡ್ಬೋದು ಅಂತ ಹೇಳುದ್ರು! ಬೇಗ್ ಬಾ, ನಾವ್ ಚೆಂಡನ್ನ ತಗೊಂಡ್ಬಿಡೋಣ!",Surprise
"ನೀವ್ ಮಾಡಿದ್ ತಪ್ಪಿಗೆ ನಾನ್ ದುಡ್ಡ್ ತೆರ್ಬೇಕು ಅಂತಿದೀರಲ, ರೇಜಿಗೆ ಆಗ್ತಿದೆ ನಂಗೆ! ಅನ್ಯಾಯ ಇದು.",Disgust
ನಮ್ ಬಿಸನಸ್ಸಿಗಿ ಬೇಕಾಗಿರ ರೊಕ್ಕಾ ಬರ್ತಲೇ ಇರಹಂಗ ಮಾಡಿರ ಈ ನಮ್ ಹಣಕಾಸ್  ವ್ಯವಸ್ಥಾ ನಂಗ್ ಭಾಳ ಹಿಡಸ್ಯಾದ.,Happiness
"ಅಳಿಲಿನಷ್ಟ್ ಸಣ್ಣ ಪ್ರಾಣಿ ಇಪ್ಪತ್ತೈದ್ ಅಡಿ ಮೇಲಿಂದ ನೆಲಕ್ ಬಿದ್ರೂ ಬದ್ಕುಳಿಯತ್ತಲ, ಅದ್ಹೇಗೆ ಅಂತನೇ ಊಹಿಸಕ್ಕಾಗಲ್ಲ ನಂಗೆ!",Surprise
"ಸಿಟಿದ್ ಹೃದಯಭಾಗ ಅನ್ನೋಂಥ ಕಡೆ ಅಂಗ್ಡಿ ಮಳ್ಗೆ ಬಾಡ್ಗೆಗ್ ಸಿಕ್ಕಿದೆ, ಅಲ್ಲಿ ಅಷ್ಟೊಂದ್ ಜನ ಓಡಾಡೋದ್ರಿಂದ ನಮ್ ವ್ಯಾಪಾರ ಚೆನ್ನಾಗ್ ನಡ್ಯತ್ತೆ ಅನ್ನೋದ್ರಲ್ಲಿ ಸಂದೇಹನೇ ಇಲ್ಲ.",Happiness
"ನಿಮ್ ಮೊಬೈಲ್ಗೆ ಇನ್ನೂ ವಾರೆಂಟಿ ಇರೋದ್ರಿಂದ ಅದ್ರ್ ಮುರ್ದ್ಹೋಗಿರೋ ಸ್ಕ್ರೀನ್ ರಿಪೇರಿ ಮಾಡಕ್ಕೆ ಏನೂ ದುಡ್ಡ್ ಕೊಡ್ಬೇಕಿಲ್ಲ, ನಿಶ್ಚಿಂತೆಯಾಗ್ ಇರಿ ನೀವು.",Happiness
"ಅವ್ರ್ ಅಂಗ್ಡಿಲಿಟ್ಟಿರೋ ಆ ಕಸ್ಟಮ್ ಕೇಕ್ ನೋಡಕ್ಕೇ ಅಷ್ಟ್ ಭಯಂಕರ್ವಾಗಿದೆ, ಇನ್ನು ತಿನ್ನೋಕ್ ಹೇಗಿರತ್ತೋ!",Fear
ನಿಮ್ ವಾಹನದ್ಮೇಲೆ ಇಷ್ಟೊಂದ್ ಗೀರುಗಳಾಗಿ ಉಜ್ಜ್ಹೋಗಿರೋದ್ ನೋಡಕ್ಕೇ ಬೇಜಾರಾಗ್ತಿದೆ ನಂಗೆ. ಅದ್ನ ಸರಿ ಮಾಡಕ್ಕೆ ನಾನ್ ನನ್ ಕೈಲಾದಷ್ಟ್ ಪ್ರಯತ್ನ ಮಾಡ್ತೀನಿ. ಬೇರೆ ಹೇಗಾದ್ರೂ ರಿಪೇರಿ ಮಾಡಕ್ಕಾಗತ್ತಾ ನೋಡಣ.,Sadness
"ಒಂದ್ಸರ್ತಿ ನಾ ಅಂಟ್ಲಾಂಟಿಕ್ ಸಮುದ್ರದ್ ಮ್ಯಾಲ್ ಹಡಗಿನ್ಯಾಗಿದ್ದಾಗ ಧೋ ಧೋ ಮಳಿ ಹೊಡಿತು, ಆವಾಗ ಖರೆನ ಸೆಟದೇ ಹೋಗಿದ್ದೆ.",Surprise
"ಅಪ್ಪಾ, ಆ ಡಾಕ್ಟ್ರು ಅವ್ರ್ ಕೈಯಲ್ಲಿ ದೊಡ್ಡು ಸೂಜಿ ಹಿಡ್ಕೊಂಡ್ ಬರ್ತಿದಾರೆ. ಅದು ತುಂಬಾ ಭಯಂಕರ್ವಾಗ್ ಕಾಣ್ತಿದೆ ನಂಗೆ.",Fear
ಕಾಲೇಜ್ ಶುರುವಾಗೋದ್ ತಡ ಆಗ್ತಿರೋದಕ್ಕೆ ಆ ಹಾಳ್ ಸ್ಟೂಡೆಂಟ್ಸ್ ಯೂನಿಯನ್ನೇ ಕಾರಣ. ಅದ್ರಲ್ಲಿರೋರ್ಗೆ ಬೇರೆ ವಿದ್ಯಾರ್ಥಿಗಳ್ ಬಗ್ಗೆ ಸ್ವಲ್ಪನೂ ಕಾಳ್ಜಿ ಇಲ್ಲ.,Disgust
"ಜನ್ರು ವಂಚ್ನೆ ಮಾಡ್ ಹಣ ಸಂಪಾದ್ಸಿ ಆಮೇಲ್ ಸಿಕ್ ಹಾಕೊಂಡಾಗ, ಅವ್ರ್ ಕೆಟ್ ಕೆಲ್ಸದಿಂದ ಅವ್ರ್ ಕುಟುಂಬ್ದೋರೆಲ್ಲ ಎಷ್ಟ್ ಕಷ್ಟ, ಅವ್ಮಾನ ಅನ್ಭವಿಸ್ಬೇಕಲ್ಲ ಅಂತ ನಂಗ್ ಬೇಜಾರಾಗತ್ತೆ.",Sadness
ಬೀದಿಲಿ ಪ್ರದರ್ಶನ ಕೊಡ್ತಿದ್ದ ಆ ಪುಟ್ಟು ಹುಡ್ಗಿ ಬಿಗಿಯಾಗ್ ಕಟ್ಟಿದ್ ಆ ಹಗ್ಗದ್ಮೇಲೆ ಅಷ್ಟ್ ಸುಲಭ್ವಾಗಿ ನಡ್ದಾಡೋದ್ನೋಡಿ ನಂಗೆ ಮಾತೇ ಹೊರಡ್ಲಿಲ್ಲ.,Surprise
ನಮ್ ಅಂಗ್ಡಿ ಸಾಮಾನ್ ಏನಾ ಹೊಸಾತನಾ ಹಿಂಗ್ ಏನರೆ ವಿಶೇಷ ಅನ್ಸಹಂಗ ಏನೂ ಇಲ್ಲೇಇಲ್ಲಾ.,Sadness
ಎರಡ್ ಸಾವರ್ ರೂಪಾಯಿನ್ ನೋಟ್ಗಳ್ನೆಲ್ಲ ಸರ್ಕಾರ ಚಲಾವಣೆಯಿಂದ ಹಿಂತಗೊಂಡಾಗ ಭ್ರಷ್ಟಚಾರಿಗಳ್ ಜೊತೆಗೆ ಜನಸಾಮಾನ್ಯರ್ಗೂ ಆಘಾತ ಆಗಿತ್ತು.,Surprise
"ನೀವು ಇತ್ತೀಚ್ಗೆ ಪದೇ ಪದೇ ನನ್ಮೇಲ್ ಸಿಟ್ಮಾಡ್ಕೊಂಡು, ಒರ್ಟಾಗ್ ಮಾತಾಡ್ತಾ ಇದೀರ. ಏನ್ ನಿಮ್ಮೊಬ್ರಿಗೆ ಕೋಪ ಬರೋದು ಅನ್ಕೊಂಡಿದೀರ?! ನಂಗೆ ನಿಮ್ಗಿಂತ ಜಾಸ್ತಿನೇ ಬರತ್ತೆ!",Anger
"ಈಗ ಪರಿಸ್ಥಿತಿ ಬದ್ಲಾಯ್ಸಕ್ಕೆ ಒಂದ್ ದಾರಿ ಇದ್ಯಲ್ಲ, ಸಿಕ್ತಲ್ಲ ನಮ್ಗದು ಅನ್ನೋದೇ ದೊಡ್ಡ್ ಖುಷಿ, ಸಮಾಧಾನ ನಂಗೆ.",Happiness
ಸದ್ಯ! ಗ್ಯಾಸ್ ಸಂಪರ್ಕನ ನನ್ ಹೊಸ ವಿಳಾಸಕ್ಕೆ ವರ್ಗಾಯ್ಸೋಕ್ ಬೇಕಾಗಿರೋ ಎಲ್ಲಾ ದಾಖ್ಲೆಗಳೂ ನನ್ಹತ್ರ ಇವೆ.,Happiness
ಅವ್ರು ವಾರಕ್ಕೊಂದ್ಸಲ ಮಾತ್ರ ನೀರ್ ಬದ್ಲಾಯ್ಸೋದು ಅಂತ ಗೊತ್ತಿದ್ದೂ ನಿಜ್ವಾಗ್ಲೂ ನಿಮ್ಗೆ ವಾಟರ್ ರೈಡ್ಗಳ್ಗೆ ಹೋಗ್ಬೇಕು ಅನ್ಸತ್ತಾ?!,Disgust
"ಬೇರ್ಯೋರ್ ವ್ಯಾಪಾರ ಎಲ್ಲ ನಿಂತ್ಹೋಗ್ತಿರೋದಕ್ಕೆ ನಾನೇ ಕಾರಣ ಅನ್ನೋ ಥರ ಏನೋ ಗಾಳಿ ಸುದ್ದಿ ಹಬ್ಬಿದ್ಯಂತೆ, ದೇವ್ರೇ! ಏನಪ್ಪಾ ಮಾಡೋದೀಗ?!",Fear
ನಗರ್ದೊಳಗ ಗಲಭೆಕೋರ್ರ ಗುಂಪ್ನ್ಯಾಗಿನ್ ಗಲಾಟಿ ಕೇಳ್ತಿದ್ದಂಗೆನೆ ನನ್ ಕೈಕಾಲ್ ನಡ್ಗೋಕ್ ಶುರು ಆದ್ವು.,Fear
ಈ ವರ್ಷ ನನ್ ಸೇಲ್ಸ್ ಗುರಿ ತಲ್ಪೋ ಬಗ್ಗೆ ನಂಗ್ ಸ್ವಲ್ಪ ಟೆನ್ಷನ್ ಆಗ್ತಿದೆ.,Fear
"ಅವ್ರ್ ಏನ್ ಮಾಡ್ಬಿಡ್ತಾರೋ ಅಂತ ನಂಗ್ ನಿಜ್ವಾಗ್ಲೂ ಆತಂಕ, ಚಿಂತೆ ಕಾಡ್ತಿದೆ.",Fear
ನಿಮ್ಮಲ್ಲಿದ್ದ ಅಸಾಧಾರಣ ಸಾಫ್ಟ್ ಸ್ಕಿಲ್ಸ್ ಮತ್ತೆ ಅವ್ಗಳಿಂದಾಗಿ ನಮ್ ಕಂಪ್ನಿಗ್ ಆಗಿದ್ದ್ ಲಾಭದ್ ಬಗ್ಗೆ ಯೋಚ್ನೆ ಮಾಡಿದ್ರೆ ನಿಮ್ ಸ್ಥಾನಕ್ಕೆ ಇನ್ನೊಬ್ರ್ ಯಾರ್ನಾದ್ರೂ ಕರ್ಕೊಂಡ್ಬರ್ಬೇಕು ಅಂದ್ರೆ ನಿಮ್ ಹಾಗೆ ಟೀಮ್ನ ಲೀಲಾಜಾಲವಾಗ್ ನಿಭಾಯ್ಸೋರ್ನ ಹುಡ್ಕೋದು ಎಂಥ ಸವಾಲಿನ್ ಕೆಲ್ಸನಪ್ಪಾ ಅಂತ ಆತಂಕ ಆಗತ್ತೆ.,Fear
"ಏನ್ರೀ ನೀವ ಹಿಂಗ ಮಾಡ್ತಿರಿ, ಎಷ್ಟ ವರ್ಷದ್ಲಿಂದ ನಾ ನಿಮ್ ಬಲ್ಲೇ ಖರೀದಿ ಮಾಡ್ಲಿಕತ್ತೀನಿ, ಅಂದ್ರೂ ನ್ಯೂಸ್ ಪೇಪರ್ ಕೊಟ್ಟಿಲ್ಲಾಂದ್ರ ನಾ ಮತ್ ಮತ್ ಕೇಳ್ಕೋತ ಕೂಡಹಂಗಾಗಿ ಭಾಳ ಕಿರಿಕಿರಿ ಅನಸ್ತದ.",Anger
ಇತ್ತೀಚೆಗೆ ಬಾಹ್ಯಾಕಾಶ ಪರಿಶೋಧನೆಲಿ ಸಾಧ್ಸಿರೋ ಅಷ್ಟೆಲ್ಲಾ ತಾಂತ್ರಿಕ ಪ್ರಗತಿ ಬಗ್ಗೆ ತಿಳ್ದಾಗ ದಿಗ್ಭ್ರಾಂತಿ ಆಯ್ತು ನಂಗೆ.,Surprise
"ಅವ್ನ್ ಸ್ನೇಹಿತ್ರೆಲ್ಲ ಎಷ್ಟ್ ಬಲ್ವಂತ ಮಾಡಿದ್ರೂ ಆ ಹುಡ್ಗ ಪಾರ್ಟಿ ಮುಗ್ಯೋವರ್ಗೂ ಒಂದ್ ಗ್ಲಾಸ್ಗಿಂತ ಜಾಸ್ತಿ ಕುಡೀಲಿಲ್ಲ, ನಂಗ್ ಅವ್ನ್ ಸಂಯಮ ಮೆಚ್ಗೆ ಆಯ್ತು.",Happiness
ಇಸ್ಸೀ... ನನ್ ಸಹಪಾಠಿ ಒಬ್ಬ ಮೂಗಿಗ್ ಬೆರ್ಳ್ ಹಾಕಿ ಆಮೇಲದ್ನೇ ಬಾಯ್ಗಿಟ್ಕೊಂಡಿದ್ನೋಡಿ ವಾಂತಿ ಬರೋ ಹಾಗಾಯ್ತು ನಂಗೆ.,Disgust
"ನ್ಯೂಯಾರ್ಕ್ನಂಥ ದೊಡ್ಡ್ ಊರಿನ್ ಹೃದಯಭಾಗ್ದಲ್ಲೂ ಇಷ್ಟು ಶಾಂತಿ, ನೆಮ್ದಿ ಇರೋ ವಾತಾವರಣ ಸಿಗ್ಬಹುದು ಅಂತ ನಾನ್ ಕನ್ಸ್ ಮನ್ಸಲ್ಲೂ ಊಹಿಸಿರ್ಲಿಲ್ಲ!",Surprise
"ನಮ್ ಫ್ರಿಜ್ಜಲ್ಲಿ  ಕೂಲಿಂಗ್ ಸಮಸ್ಯೆ ಆಗಿ ನಾನ್ ಭಾಳ ದಿನದಿಂದ ಒದ್ದಾಡ್ತಿದ್ದೆ, ಆದ್ರೆ ಅದ್ನೀಗ ಮೆಕಾನಿಕ್ ಆಗಿರೋ ನಿಮ್ ಸಹಾಯ್ದಿಂದ ಬಗೆಹರಿಸ್ಕೋಬೋದು ಅಂತಾಗಿ ನಿರಾಳ ಆಯ್ತು ನಂಗೆ.",Happiness
"ನನ್ ಟೀಮಲ್ಲೊಬ್ಬ ಒಳ್ಳೆ ಕೆಲ್ಸ್ಗಾರ ಇದಾನೆ, ತುಂಬಾ ಯೋಗ್ಯ.. ಅಂಥೋನ್ಗೆ ನನ್ಕೈಲೀಸಲ ಬಡ್ತಿ ಕೊಡ್ಸಕ್ಕಾಗ್ಲಿಲ್ವಲ ಅಂತ ಭಾಳ ನೋವಾಗ್ತಿದೆ.",Sadness
"ನಾನ್ ಬ್ಯಾಂಕಿಗ್ ಹೋದಾಗ ಕ್ಲೋಸಿಂಗ್ ಸಮಯ ಆಗಿ ಐದ್ ನಿಮ್ಷ ಆಗೋಗಿದ್ರೂ, ಬ್ಯಾಂಕ್  ಅಧಿಕಾರಿಯೊಬ್ರು ಮಧ್ಯೆ ಬಂದು ನಂಗ್ ಹಣ ತಗೊಳಕ್ ಸಹಾಯ ಮಾಡಿದ್ದು ತುಂಬಾನೇ ಉಪ್ಕಾರ ಆಯ್ತು.",Happiness
"ಸಂಗೀತದ್ ಪ್ರತಿಭೆ ಇರೋರು  ಸಂಗೀತನ್  ಬಿಟ್ ಬೇರೆ ಚಟುವಟಿಕೆಗಳ್  ಮೇಲ್  ಕಾನ್ಸನ್ಟ್ರೇಟ್ ಮಾಡಕ್   ಶುರು ಮಾಡಿದ್ರು, ಇದ್ರಿಂದ ಕುಟುಂಬಕ್ಕೆ  ಸಿಕ್ಕಾಪಟ್ಟೆ  ದಿಗ್ಭ್ರಮೆ ಆಯ್ತು.",Fear
ಯಾರೋ ಸ್ಪ್ಯಾಮರ್ ಕಳ್ಸಿದ್ದಿದ್ ಆಪ್ ಮೇಲೆ ಯಾವ್ದೋ ಜ್ಞಾನ್ದಲ್ಲ್ ಕ್ಲಿಕ್ ಮಾಡ್ಬಿಟ್ಟೆ ಅಂತ ಒಂದರ್ಧ ಗಂಟೆ ತುಂಬಾ ಭಯ ಆಗೋಗಿತ್ತು.,Fear
"ಕಂಪನಿ ನಿಮ್ಗೆ ಪರಿಹಾರ ಕೊಡ್ದಿದ್ರೆ, ಇನ್ನು ನೀವು ಅವ್ರ್ ಉತ್ಪನ್ನನ ಮಾರಾಟ ಮಾಡೋದ್ರಲ್ಲಿ ಅರ್ಥ ಇಲ್ಲ, ನಂಬ್ದೋರ್ಗೆ ಹೀಗ್ ಮೋಸ ಮಾಡಕ್ಕೆ ಹೇಗಾದ್ರೂ ಮನ್ಸ್ ಬರತ್ತೋ ಅವ್ರಿಗೆ, ಥು.",Disgust
ಇವತ್ತು ಕಲಾ ಮಾರುಕಟ್ಟೆಲಿ ಕಲೆಯ ಪರಿವರ್ತಕ ಶಕ್ತಿನ ಗುರುತ್ಸೋ ಸಂವೇದನೆನೇ ಮರೆಯಾಗ್ತಿರೋದ್ನ ನೋಡೋಕ್ಕೆ ತುಂಬಾ ಬೇಜಾರಾಗತ್ತೆ.,Sadness
"ನಮ್ ಜೀವ್ನನ ಸುಲಭ ಮತ್ತೆ ಇನ್ನಷ್ಟು ಫಲಕಾರಿಯಾಗ್ಸೋದ್ರಲ್ಲಿ ಕೃತಕ ಬುದ್ಧಿಮತ್ತೆಗಿರೋ ಸಾಮರ್ಥ್ಯದ್ ಬಗ್ಗೆ ನಾನ್ ತುಂಬಾ ಕಾತುರದಿಂದಿದೀನಿ. ಅದ್ರ ಬಗ್ಗೆ ತಿಳ್ಕೊಳೊದೂಂದ್ರೆ ಭಾಳ ಆಸಕ್ತಿ, ಕುತೂಹಲ ನಂಗಂತೂ!",Happiness
ಸೈಕಲ್ ತಗೋಳಕ್ಕೆ ನನ್  ಹತ್ರ ದುಡ್ ಇಲ್ಲ ಅಂತ ಗೊತ್ತಾಗಿ    ಬೈಸಿಕಲ್ ಮಾರೋನು ನನ್ ನಿರ್ಲಕ್ಷ ಮಾಡ್ದಾಗ ನಂಗ್ ತುಂಬಾ ಬೇಜಾರಾಯ್ತು.,Sadness
"ಬಸ್ ತುಂಬಾ ಚೆನಾಗಿದೆ ಅಂತ ನಮ್ಮನ್ನೆಲ್ಲ ಯಾಮಾರ್ಸಿ ಚೂರೂ ಆರಾಮಿಲ್ದಿರೋ ಸೀಟ್ಗಳು ಮತ್ತೆ ಕಾಲಿಟ್ಕೊಳಕ್ ಸಾಕಷ್ಟ್ ಜಾಗನೇ ಇಲ್ದಿರೋ ಈ ಟೂರ್ ಬಸ್ಸಲ್ಲ್ ಹೋಗೋ ಹಾಗ್ ಮಾಡುದ್ರಲ, ನಿಮ್ಮೇಲ್ ನಂಗೆಷ್ಟ್ ಕೋಪ ಬಂದಿದೆ ಗೊತ್ತಾ?",Anger
"ನೀವ್ ಮೀಟಿಂಗ್ಸಲ್ಲೆಲ್ಲ ಹಿಂದುಮುಂದು ನೋಡ್ದೇ ಬೇರೆವ್ರ್ ಬಗ್ಗೆ ನಾಲ್ಗೆ ಹರಿಬಿಡೋದ್ ನೋಡುದ್ರೆ ನಿಮ್ ಕಸುಬುದಾರಿಕೆ, ಸಂಸ್ಕಾರದ್ ಬಗ್ಗೆನೇ ಅನುಮಾನ ಬರ್ತಿದೆ ನಂಗೆ.",Anger
ತೆರಿಗೆ ಫೈಲ್ ಮಾಡಾದ್ಮೇಲೆ ಆದಾಯ ತೆರಿಗೆ ಅಧಿಕಾರಿಗಳಿಂದ ಪತ್ರ ಬಂದಾಗ್ಲೆಲ್ಲಾ ನನ್ ಎದೆ ಬಡ್ತ ನಿಂತಂಗ್ ಆಗತ್ತೆ.,Fear
ಏನೂ ತಲೆಬಿಸಿ ಇಲ್ದೇ ಮನೆಯೆಲ್ಲ ಕ್ಲೀನಾಗತ್ತೆ ಅನ್ಕೊಂಡಿದ್ರೆ ಇದೊಂದ್ ಕಹಿ ಅನುಭವ ಆಗೋಯ್ತು ನಂಗೆ.. ಮನೆ ಇನ್ನೂ ಇಷ್ಟ್ ಗಲೀಜಾಗೇ ಇದೆ.,Disgust
"ನಿಮ್ಮಲ್ಲಿ ಸ್ವಲ್ಪನಾದ್ರೂ ಪ್ರಾಮಾಣಿಕತೆ, ಗೌರವ ಇಲ್ದೇ ಇರೋದ್ ನೋಡಿ ನಂಗ್ ಜುಗುಪ್ಸೆ ಬಂದ್ಬಿಟಿದೆ.",Disgust
ಆ ಫೈನಾನ್ಸ್ ಕಂಪನಿ ಮಾಲಿಕ ಮಂದಿ ರೊಕ್ಕಾ ತೊಗೊಂಡ್ ಓಡ್ಹೋಗ್ಯಾನ ಅಂತ ಗೊತ್ತಾಗಿ ಮಂದಿ ಸಿಕ್ಕಂಗ ಓಡ್ಯಾಡಿ ಗಾಡಿಗೊಳಿಗೆಲ್ಲಾ ಹೊಡದಾರಂತ.,Anger
"ಆ ಕ್ಯೂ.ಆರ್. ಕೋಡ್ನ ಸ್ಕ್ಯಾನ್ ಮಾಡ್ಬೇಡಿ. ನೀವ್ ಹಾಗ್ಮಾಡುದ್ರೆ, ನಿಮ್ ಎಲ್ಲಾ ದುಡ್ಡೂ   ಕಳ್ಕೊತೀರಿ ಅನ್ಸ್ತಿದೆ ನಂಗೆ.",Fear
ಷಾಪಿಂಗ್ ದೈತ್ಯರಿಂದ ಪದೇ ಪದೇ ಬರ್ತಾ ಇರೋ ಸ್ಪ್ಯಾಮ್ ಕರೆಗಳ್ ಬಗ್ಗೆ ನಂಗ್ ಕೆಟ್ಟ್ ಕೋಪ ಬರ್ತಿದೆ.,Anger
ಸೊಗ್ಸಾಗಿದೆ! ನೀವು ಇಷ್ಟ್ ಚೆನ್ನಾಗ್ ಚಿತ್ರ ಬಿಡಿಸ್ತೀರಿ ಅಂತ ನಂಗೊತ್ತಿರ್ಲಿಲ್ಲ!,Surprise
ಈ ದಿನ ಮುಗ್ಯೋದ್ರೊಳ್ಗೆ ನಾನ್ ಮಾಡ್ ಮುಗುಸ್ಬೇಕಿರೋ ಅಡ್ಮಿನಿಸ್ಟ್ರೇಟಿವ್ ಕೆಲ್ಸದ್ ರಾಶಿ ನೆನ್ಸ್ಕೊಂಡ್ರೇ ಆತಂಕ್ದಿಂದ ತಲೆಬಿಸಿ ಆಗ್ತಿದೆ.,Fear
"ನಂಗ್ ಈ ಜಾಕೆಟ್ ತಗೋಬೇಕು ಅಂತ ಎಷ್ಟ್ ಆಸೆ ಆಗಿತ್ತು, ಆದ್ರೆ ಆ ಸೇಲ್ಸ್ಮನ್ ನನ್ ಸೈಜಿ಼ಂದ್ ಯಾವ್ದೂ ಜಾಕೆಟ್ ಇಲ್ಲ ಅಂದ್ಬಿಟ್ಟ.",Sadness
"ನಾನ್ ಚೆನ್ನೈಯಿಂದ ಕನ್ಯಾಕುಮಾರಿಗೆ ಏಳುನೂರ್  ಕಿಲೋಮೀಟರ್ ರಸ್ತೆ ಮೇಲೇ ಹೋಗಿದ್ದೆ, ಅದು ನನ್ ಜೀವ್ನದಲ್ಲೇ ಅದ್ಭುತ್ವಾದ್ ಅನುಭವ ಆಗಿತ್ತು.",Happiness
ಅವ್ರ್ ಕೇಕಲ್ಲಿ ಬಳ್ಸಿರೋ ಒಂದ್ ರಹಸ್ಯವಾದ್ ಪದಾರ್ಥದಿಂದಾಗಿ ರುಚಿ ಹೆಚ್ಚಾಗಿರೋದಲ್ದೇ ಅದ್ನ ತಿಂದಾಗ ನಂಗೆ ಸಿಹಿಯಾದ್ದೊಂದ್ ಆಶ್ಚರ್ಯ ಕಾದಿತ್ತು!,Surprise
"ನಾಳೆನೇ ಈ ಪ್ರಾಜೆಕ್ಟ್ ರಿಪೋರ್ಟ್ನ ಕಂಪ್ನಿ ಮುಖ್ಯಸ್ಥ್ರಿಗ್ ತೋರಿಸ್ಬೇಕು, ಆದ್ರೆ ಇದ್ನೋಡಿದ್ರೆ ಇಷ್ಟ್ ಕೆಟ್ದಾಗ್ ಮಾಡ್ಕೊಂಡ್ಬಂದಿದೀರಲ್ರೀ! ನಿಮ್ನೆಲ್ಲ ನನ್ ಟೀಮಲ್ಲಿಟ್ಕೊಂಡಿದೀನಲ ಮೊದ್ಲು ನಂಗ್ ನಾನೇ ಬೈಕೋಬೇಕು.",Anger
"ಬಾಡಿಗೆ ಮನೇಲಿ ದಿನಾ ಬೆಳಿಗ್ಗೆ ಎದ್ದಾಗ ಪರ್ವತಗಳ್ ಅದ್ಭುತ ನೋಟ ನೋಡಕ್ಕಾಗೋ ಹಾಗಿರ್ಬೇಕು ಅನ್ನೋದು ಎಷ್ಟ್ ವರ್ಷಗಳ್ ಕನ್ಸು ನಂದು, ಕೊನೆಗೂ ಈಗ್ ನಿಜ ಆಗಿದೆ!",Happiness
ಯಾವ್ದೇ ಕ್ರೀಡೆಲಿ ಒಳ್ಳೆ ಆಟಗಾರ್ರಾಗ್ಬೇಕು ಅಂದ್ರೆ ತುಂಬಾ ಮುಖ್ಯವಾಗ್ ಬೇಕಾಗಿರೋದು ಶಿಸ್ತು. ನೀವು ಅರ್ಧ ಗಂಟೆ ತಡವಾಗ್ ಬಂದು ಒಳ್ಳೆ ಕ್ರೀಡಾಪಟು ಆಗ್ಬಹುದು ಅಂತ ಕನ್ಸಲ್ಲೂ ಅನ್ಕೋಬೇಡಿ.,Anger
ನೀನ್ ನನ್ ಚಾಂಪಿಯನ್ ಕಣೋ! ನೀನಿಲ್ದಿದ್ರೆ ನನ್ ಕೈಲಿದ್ನ ಮಾಡಕ್ಕಾಗ್ತಿರ್ಲಿಲ್ಲ.,Happiness
"ಅವ್ನ್ ತಂಡ ವಿಜಯ್ಶಾಲಿಯಾದಾಗ ನೋವಾಹ್ಗೆ ಎಷ್ಟ್ ಆನಂದ ಆಗಿತ್ತು ಅನ್ನೋದು ಅವ್ನ್ ಸಂಭ್ರಮದಿಂದ ಕುಣ್ದಾಡ್ತಿದ್ದಿದ್ರಲ್ಲೇ ಗೊತ್ತಾಗ್ತಿತ್ತು, ನೀನ್ ನೋಡ್ಬೇಕಿತ್ತು ಅದ್ನ!",Happiness
"ನನ್ ಆರೋಗ್ಯ ವಿಮೆ ಪಾಲಿಸಿ ಆಯುರ್ವೇದ ಚಿಕಿತ್ಸೆದು ಅಷ್ಟೂ ಖರ್ಚನ್ನ ಭರಿಸತ್ತಂತೆ ಸದ್ಯ, ನಂಗೀಗ್ ನಿರಾಳ ಆಯ್ತು.",Happiness
ನಾ ಮೈಮ್ಯಾಲ್ ಕಟ್ಕೊಂಡೀನಲಾ ಈ ಡಿವೈಸು ಇದ ನಾ ಯಷ್ಟ್ ಹೆಜ್ಜಿ ನಡದೀನಿ ಮತ್ ಯಷ್ಟ ಕ್ಯಾಲೋರಿ ಸುಟ್ವು ಅಂತ ಟ್ರಾಕ್ ಮಾಡ್ತದಂದ್ರ ಏನ್ ಭಾರೀ ಆಯ್ತಂತೀನಿ.,Surprise
ನಿಮ್ ನೃತ್ಯ ಶಾಲೆಲಿ ನನ್ ಮಗುವಿನ್ ಕಲಿಕೆಗ್ ಸಂಬಂಧಪಟ್ಟ್ಹಾಗೆ ಅಷ್ಟೆಲ್ಲ ಖರ್ಚ್ ಮಾಡಕ್ ನನ್ಕೈಲಾಗಲ್ಲ ಅಂದ್ರೆ ನಿಮ್ಗ್ಯಾಕ್ ಅರ್ಥನೇ ಆಗ್ತಿಲ್ಲ! ಶಾಲೆಯೋರು ನೃತ್ಯ ಕಲೆ ಅಂದ್ರೆ ದುಡ್ಡ್ ಮಾಡಕ್ಕಿರೋ ಒಂದ್ ದಾರಿ ಅನ್ಕೊಂಡ್ಬಿಟಿದೀರ ಅನ್ಸತ್ತೆ.,Disgust
ನಾನ್  ಯಾವಾಗ್ಲೂ ಹೋಗ್ತಿದ್ದ ಬೆಸೆಂಟ್ ನಗರದ್  ರೆಸ್ಟೋರೆಂಟ್ನ ಆಹಾರದ್  ಗುಣಮಟ್ಟ ವರ್ಷದಿಂದ್ ವರ್ಷಕ್ ಕಡ್ಮೆ ಆಗ್ತಿದೆ ಅಂತ ಗೊತ್ತಾಗ ನಂಗ್  ನಿರಾಸೆ  ಆಯ್ತು.,Sadness
ಯಾರ್ಗೂ ಹೇಳಿಲ್ಲಾ ಕೇಳಿಲ್ಲಾ ಯಾವ್ದೂ ಕೆಲ್ಸಾನೂ ಮಾಡಿಲ್ಲಾ ಅದ್ಹೆಂಗ ನೀವ್ ಪ್ರೋಜೆಕ್ಟ್ ಡೆಡ್ಲೈನ್ ತೇಲಸ್ಬಿಟ್ರಿ.,Anger
"ಅಷ್ಟ್ ಸಣ್ ಹುಡಗಿ ಕರ್ನಾಟಕ್ ಸಂಗೀತ್ದಾಗಿಂದ್ ಎಲ್ಲಾ ಸ್ಥಾಯಿಗಳ್ನಾಗ ಧ್ವನಿ ಏರಸಿದ್ರ ನಂಗ ಅಗಾಧ ಆಯ್ತರಿ, ಬಿಟ್ಟಕಣ್ ಬಡಿಲಾರ್ದ್ ಹಂಗ ಸ್ಟೇಜ್ ಮ್ಯಾಲ್ ಅಕೀನ್ನೇ ನೋಡ್ಲಿಕತ್ತಿದ್ದೆ.",Happiness
"ನಾವ್ ಯಾವಾಗ್ಲೂ ಕರೆಂಟ್ ಕೊಡ್ಬೇಕು ಅಂತ್ಲೇ ಪ್ರಯತ್ನಿಸ್ತೀವಿ, ಆದ್ರೆ ಸರ್ಕಾರ ಹೊಸ ಉಪಕರಣಗಳ್ನ ತೊಗೊಳೋದಕ್ಕೆ ಒಪ್ಗೆ ಕೊಡ್ತಿಲ್ಲ, ಎಲ್ಲ ಕಡೆ ಬರೀ ಭ್ರಷ್ಟರೇ ತುಂಬ್ಕೊಂಡಿದಾರೆ, ಛೆ!",Disgust
"ಛೀ, ಈ ಬಾತ್ಟಬ್ನ್ಯಾಗ ಜೇಡ ಬಿದ್ದದ ನಾ ಅದ್ರಿಂದ್ ಎಷ್ಟರೆ ಅಷ್ಟ್ ದೂರ ಓಡ್ಹೊಂಟಿನಿ.",Disgust
ನಮ್ ಕೊರಿಯರಲ್ಲಿ ಟ್ರಾನ್ಸಿಟ್ನಲ್ಲಿದ್ದಾಗ ಅವ್ರ್ ಪಾರ್ಸೆಲ್ ಕಳ್ದ್ಹೋಗಿದೇಂತ ನಾನ್ ಆ ಕಸ್ಟಮರ್ಗೆ ಹೇಗಪ್ಪಾ ಹೇಳ್ಲಿ.,Fear
"ಆ ಹೋಟೆಲ್ನಿಂದ ಎಷ್ಟರೇ ಜೋರ್ ಗದ್ದಲಾ ಕೇಳಸ್ಲಿಕತ್ತಿತ್ತಂದ್ರ ನಂಗ ರಾತ್ರಿ ನಿದ್ದಿನೇ ಆಗ್ಲಿಲ್ಲ, ಮುಂಜಾನ ಎದ್ದಾಗ ಉಲ್ಟಾ ಹೈರಾಣ ಆಗಿತ್ತು.",Sadness
ಮಧ್ಯರಾತ್ರಿಲಿ ತುರ್ತು ಅಗತ್ಯ ಬಿದ್ದಾಗ ಆರೋಗ್ಯ ಕೇಂದ್ರದ್ ವೈದ್ಯರು ನಂಗೋಸ್ಕರ ನಮ್ಮನೆಗೇ ಬಂದಿದ್ನೋಡಿ ನಂಗ್ ಮಾತೇ ಹೊರಡ್ಲಿಲ್ಲ.,Surprise
ಅವತ್ತು ನೀವ್ಯಾಕ್ ನನ್ ಮಾತ್ ಕೇಳ್ಲಿಲ್ಲ? ಸಾಲದ್ ದುಡ್ಡಲ್ಲಿ ಜೂಜಾಡೋದ್ ಒಳ್ಳೇದಲ್ಲ ಅಂತ ಹೇಳಿದ್ನಲ್ವಾ ನಾನ್ ನಿಮ್ಗೆ.,Anger
"ವಾಹ್, ನನ್ ಸ್ಟಾಕ್ಸೆಲ್ಲ ಗಗನಕ್ಕೇರ್ತಿವೆ! ಇದು ನನ್ ಪೋರ್ಟ್ಫೋಲಿಯೊಗೆ ಒಳ್ಳೆ ಸುದ್ದಿ.",Happiness
"ಲೋ, ನನ್ ಹೆಂಡ್ತಿನ ಗೇಲಿ ಮಾಡ್ಬೇಡ! ನಾಲ್ಗೆ ಮೇಲ್ ನಿಗಾ ಇರ್ಲಿ!",Anger
ಅಯ್ಯೋ ಇದ್ ನನ್ ಕೈಲಾಗಲ್ಲಪ್ಪ.. ನನ್ ಟೀಮ್ನೋರ್ಗೆ ಈ ಸಲ ಅವ್ರ್ ಬೋನಸ್ಸೆಲ್ಲ ಕಡ್ಮೆ ಇರತ್ತೆ ಅಂತ ಹೇಳುದ್ರೆ ಅವ್ರ್ ಕೆಲ್ಸನೇ ಬಿಟ್ಹೋಗ್ತಾರೇನೋ.,Fear
"ನಾಳೆಯಿಂದ ಮನೆಗ್ ನ್ಯೂಸ್ ಪೇಪರ್ ಹಾಕಕ್ ಹೇಳಿದೀನಿ. ಆದ್ರೆ ಮೊದ್ಲಿನ್ ಥರ ಅದ್ರಲ್ಲ್ ಬರೋದ್ನೆಲ್ಲ ನಿಜ ಅಂತ ನಂಬ್ಬಹುದಾ, ಅದೀಗ ಅಷ್ಟ್ ವಿಶ್ವಾಸಾರ್ಹವಾಗ್ ಉಳ್ದಿಲ್ವೇನೋ ಅಂತ ಕಳವಳ ಆಗ್ತಿದೆ.",Fear
ಆರ್ ತಿಂಗ್ಳ ಹಿಂದೆ ನಾನು ರಿಟರ್ನ್ ಮಾಡಿರೋ  ಐಟಂಗೆ  ನನ್ ಬ್ಯಾಂಕ್ ಖಾತೆಗೆ ಅನಿರೀಕ್ಷಿತ ಮರುಪಾವತಿ ಸಿಕ್ದಾಗ  ನಂಗ್  ಆಶ್ಚರ್ಯ ಆಯ್ತು.,Surprise
ಕಾರ್ಯಕ್ರಮ್ ಛಂದ ಅನಸ್ಬೇಕಂದ್ರ ಏನೇನ್ ಸಣ್ ಸಣ್ ವ್ಯವಸ್ಥಾ ಮಾಡ್ಬೇಕು ಅವೆಲ್ಲಾ ಬಿಟ್ ಬರೀ ಒಂಚೂರ್ ಬೇಸಿಕ್ ಸವಲತ್ ಕೊಡ್ತಿನಿ ಅನ್ನ ಇವೆಂಟ್ ಮ್ಯಾನೆಜರ್ಗಳಿಗಿ ಭೆಟ್ಯಾಗದಂದ್ರ ನಂಗ ಬ್ಯಾಡೇಬ್ಯಾಡನಸ್ತದ.,Disgust
"ಅದೇನ್ ಯಾವಾಗ್ಲೂ ಅಷ್ಟ್ ನೆಗೆಟಿವ್ ಆಗೇ ಯೋಚ್ನೆ ಮಾಡ್ತೀಯೋ ನೀನು! ನಿನ್ಜೊತೆ ಇದ್ದೂ ಇದ್ದೂ ನಾನೂ ರೋಸ್ಹೋಗಿದೀನಿ, ನನ್ ಸ್ನೇಹಿತ ಆಗಿರೋದ್ಕಾದ್ರೂ ಸ್ವಲ್ಪ ಪಾಸಿಟಿವ್ ಆಗಿರೋದ್ ಕಲ್ತ್ಕೋ!",Anger
"ನಿಮ್ಗ್ ಕೋಪ ಬಂದಾಗ ಅಕ್ಕಪಕ್ಕ ಹಿಂದೆಮುಂದೆ ಯಾರಿದಾರೆ ಇಲ್ಲಾಂತ್ಲೂ ನೋಡ್ದೆ ಕೈಗ್ ಸಿಕ್ಕಿದ್ನೆಲ್ಲ ಎತ್ತಿ ಬಿಸಾಡಕ್ ಶುರು ಮಾಡ್ಬಿಡ್ತೀರ, ನಂಗದ್ಕೆ ನಿಮ್ಗ್ ಕೋಪ ಬಂತೂದ್ರೆ ಭಯ ಆಗತ್ತೆ.",Fear
"ನಾನ್ ಪ್ಯಾರಿಸ್ಸಲ್ಲಿ, ನೋಟ್ರ ಡಾಮ್ ಕ್ಯಾಥೆಡ್ರಲ್ಗೆ ಕಾಲಿಟ್ಟ್ ತಕ್ಷಣ ಅಲ್ಲಿ ಒಳ್ಗಡೆ ದೊಡ್ಡ್ ಗವಿ ಥರ ಇದ್ದಿದ್ ಜಾಗ ನೋಡಿ ಬಾಯ್ಕಳ್ಕೊಂಡ್ ನಿಂತ್ಬಿಟ್ಟೆ.",Surprise
ಯಾವ್ದೇ ಆಧಾರಿಲ್ದೇ ದೆವ್ವದ್ ಬಗ್ಗೆ ತಲಿಗೊಂದ್ ಕಥಿ ಕಟ್ಟ್ ಹೇಳ್ತಾರಲಾ ಅಂಥ ಮಂದಿನ್ ನೋಡಿದ್ರ ನಂಗ್ ಮೈಲೆಲ್ಲ ಹುಳ ಹರ್ದಂಗ್ ಆಗ್ತದ.,Disgust
ನನ್ ಬ್ಯಾಂಕ್ ಬ್ಯಾಲೆನ್ಸ್ ಕೇಳ್ಬೇಡಿ ನೀವು. ಬೇಕಿದ್ರೆ ನಿಮ್ ದಾಖಲೆಗಳ್ನ ಪರಿಶೀಲ್ಸ್ಕೊಳಿ. ನನ್ಹತ್ರ ಎಷ್ಟ್ ಬೇಕೋ ಅಷ್ಟ್ ದುಡ್ಡ್ ಇದೆ.,Anger
ಬರೀ ಎರಡ್ ನಿಮ್ಷದ್ ಸಮಾಲೋಚ್ನೆಗೆ ನೀವು ಇಷ್ಟೊಂದ್ ದುಡ್ಡ್ ತೊಗೊಳೋದ್ ಸರಿ ಅಲ್ಲ.,Anger
ಟೀಮ್ನೋರೆಲ್ಲ ಪ್ರತಿದಿನ ಐದ್ ಗಂಟೆಗಳ್ ಕಾಲ ಅಭ್ಯಾಸ ಮಾಡಿದ್ರೂ ಅವ್ರು ಪಂದ್ಯಾವಳಿಲಿ ಸೋತ್ರು. ಪಾಪ ಅವ್ರು ಗೆಲ್ಬೇಕಿತ್ತು ಅನ್ಸತ್ತೆ ನಂಗೆ. ಅವ್ರಿಗೆ ಆ ಅರ್ಹತೆ ಇತ್ತು.,Sadness
ಬಾಲಸೋರಲ್ಲಿ ರೈಲು ಅಪಘಾತ ಆದ್ಮೇಲೆ ರೈಲಲ್ ಹೋಗೋದಂದ್ರೇನೇ ನಂಗೆ ಮೈಯೆಲ್ಲ ನಡ್ಕ ಹತ್ತತ್ತೆ.,Fear
ಇತ್ತೀಚ್ಗೆ ಆರ್ಟಿಫಿಷಿಯಲ್ ಪಿಚ್ ಮೇಲೆ ಬೆಳಬೆಳಗ್ಗೆ ಒಂದ್ ಫುಟ್ಬಾಲ್ ಆಟ ಆಡೋದ್ರಲ್ಲಿರೋ ಖುಷಿ ನಂಗಿನ್ಯಾವ್ದ್ರಲ್ಲೂ ಇಲ್ಲ.,Happiness
"ಫೋನಿಂದ ಪಾವತಿ ಮಾಡೋವಾಗ ನಾನ್ ಜೋಪಾನ್ವಾಗಿರ್ದೇ, ಅವತ್ತೊಂದಿನ ನೂರ್ ರೂಪಾಯ್ ಕಳ್ಕೊಂಡೆ.",Sadness
ದಿನಾ ಮುಂಜಾನಿ ಬೇಕ್ರಿನ್ಯಾಗ್ ಬ್ರೆಡ್ ಬೇಯ್ಸಮುಂದ ಮಸ್ತ್ ಘಮಘಮಾ ಅಂತದಲಾ ನಂಗ್ ಅದ್ರ ವಾಸ್ನಿ ಭಾಳ ಸೇರ್ತದ.,Happiness
"ಸಿನ್ಮಾದ್ ಕಥೆಲಿ ಅದೆಷ್ಟ್ ತಿರುವುಗಳಿದ್ವೂಂದ್ರೆ ಅದು ಹಾಗಾಗ್ಬಹುದು, ಹೀಗಾಗ್ಬಹುದು ಅಂತೆಲ್ಲ ಅದ್ರಲ್ಯಾವ್ದನ್ನೂ ನಾನ್ ಊಹಿಸಕ್ಕೇ ಆಗ್ಲಿಲ್ಲ.",Surprise
ನೀವೇ ನಿಮ್ಗೆ ಸಹಾಯ ಮಾಡ್ಕೊಳಕ್ ತಯಾರಿಲ್ಲ ಅಂದ್ರೆ ನಾನ್ ನಿಮ್ಗೆ ಸಹಾಯ ಮಾಡಕ್ಕಾಗೋ ಬಗ್ಗೆ ನಂಗಂತೂ ಖಾತ್ರಿ ಇಲ್ಲ.,Disgust
ಏನ್ ಮಂದಿ ಆ ಈವೆಂಟ್ ಮ್ಯಾನೆಜರ್ಗ ಹೊಗಳಿ ಹೋಗ್ಯಾರ ಅಂದ್ರನೂ ಅವಾ ಭಾಳಭಾಳ ಕಡಿ ಏನೂ ಛಂದ ವ್ಯವಸ್ಥಾ ಮಾಡಿರ್ಲಿಲ್ಲಾ. ಹಿಂಗ ತಾಳಿಲ್ಲಾ ತಂತಿಲ್ಲಾ ಅಂದ್ರ ತಲಿ ಕೆಡ್ತದ.,Anger
ನಾನ್ ಚೆನ್ನೈಯಿಂದ ಬೆಂಗ್ಳೂರಿಗ್ ಗಾಡಿ ಓಡ್ಸ್ಕೊಂಡ್ ಬಂದಾಗ ವೆಲ್ಲೂರ್ವರ್ಗೂ ದೊಡ್ ದೊಡ್ ಟ್ರಕ್ಗಳ್ ಮಧ್ಯೆನೇ ಓಡ್ಸ್ಬೇಕಾಗ್ಬಂದು ನಂಗ್ಯಾಕೋ ಆ ಹೈವೇ ಅಷ್ಟ್ ಸೇಫಲ್ಲ ಅನ್ಸ್ಬಿಡ್ತು.,Fear
ಕೆಲವ್  ಉತ್ತರ ಭಾರತೀಯ್ರು  ದಕ್ಷಿಣ ಭಾರತೀಯರೊಂದಿಗೆ ಅನುಕಂಪದಿಂದ್  ಮಾತಾಡ್ ಬಿಟ್ಟು ಆಮೇಲೆ  ಭಾಷೆನ್  ಟೀಕಿಸಿದಾಗ ನಂಗ್  ತುಂಬಾ ಕೋಪ ಬರುತ್ತೆ.,Anger
"ಹಾಳಾದ್  ಆಹಾರ ಮತ್ ಮುರ್ದ ಉಪಕರಣದೊಂದಿಗೆ ಯಾವಾಗ್ಲೂ ಹೆಣಗಾಡಕ್ ನಂಗ್ ಇಷ್ಟ ಇಲ್ಲ. ಫ್ರಿಜ್ ಆಗಾಗ ಕೈ ಕೊಡ್ತಾ ಇದೆ ಇದ್ರಿಂದ ನನ್ ಒತ್ತಡ ಜಾಸ್ತಿ ಆಗ್ತಿದೆ,  ನಾನ್ ಅದ್ರ ಮೇಲೆ ಎಷ್ಟ್   ಅವಲಂಬಿತ ಆಗಿದ್ದೇನೆ ಅಂದ್ರೆ",Fear
"ಯಪ್ಪಾ ನಾ ನಾಳೆ ಬ್ಯಾರೆ ಊರಿಗ್ ಹೊಂಟಿನಿ, ನಂಗ್ ಈ ಜಾತಿ ಗದ್ದಲದ್ ಅಂಜಿಕಿ ಹತ್ಯಾದ.",Fear
ಎ.ಐ. ಎಷ್ಟ್ ಬೇಗ ಎಷ್ಟೆಲ್ಲ ಮುಂದ್ವರ್ದಿದೆ ಅಂತ ನೋಡಿ ಆಶ್ಚರ್ಯ ಆಯ್ತು ನಂಗೆ! ಈ ಕ್ಷೇತ್ರ ಯಾರೂ ನಂಬಕ್ಕಾಗ್ದೇರೋಷ್ಟ್ ವೇಗ್ದಲ್ಲಿ ಪ್ರಗತಿ ಸಾಧಿಸ್ತಾ ಇದೆ.,Surprise
ಕಾಂಬೋಡಿಯಾದ್ ಇತಿಹಾಸ ಹಂಗೇ ದೇಸೀ ಸಂಸ್ಕೃತಿ ಎಷ್ಟ್ ಮಹಾನ್ ಅದಾಂತ ಗುರ್ತೇ ಇರ್ಲಿಲ್ರಿ ನಂಗ! ಮನ್ಸಿಗ್ ಭಾಳ ಹಿಡಿಸ್ತ್ ಬಿಡ್ರಿ ಆ ದೇಶಂತೂ.,Surprise
"ಏ ಏನಿದ್ ಆಂ? ಅಂಗ್ಡಿ ಮಾಲಿಕ ಅಂಗ್ಡಿ ತಗದಿರ್ತದ ಅಂತ ಹೇಳಿದಕ್ ನಾ ನೂರು ಮೈಲಿ ಕಾರ್ ಓಡಿಸ್ಗೊಂಡ್ ಬಂದ್ರ, ಅಂಗ್ಡಿಗಿ ಬೀಗ ಹಾಕಿಟ್ಟಾರಲಾ.",Anger
ಇಷ್ಟ್ ದೂರ ಬರಾಮುಂದ ಕಾರಿನ್ ಡ್ರೈವರಿಗಿ ಕರ್ಕೊಂಡ್ ಬಂದ್ ನಾ ಆರಾಮ್ ಮಾಡಿದ್ ಮಸ್ತ್ ಆತು.,Happiness
ತುಂಬಾ ವರ್ಷ್ದಿಂದ ನನ್ಜೊತೆ ಒಟ್ಗೆ ಕೆಲ್ಸ ಮಾಡಿದ್ದೋಳು ಸಂಸ್ಥೆನ್ ಬಿಟ್ಹೋಗೋ ನಿರ್ಧಾರ ಮಾಡ್ದಾಗ ನಂಗ್ ನಾವಿಬ್ರು ಒಟ್ಟಾಗ್ ಕಳ್ದ್ ದಿನಗಳೆಲ್ಲ ನೆನ್ಪಾಗಿ ಒಂಥರ ಮಂಕ್ ಕವ್ದಂಗಾಗ್ಬಿಡ್ತು.,Sadness
ಆ ದೇವ್ರಿಗೆ ಎಷ್ಟ್ ನಮ್ಸ್ಕಾರ ಹಾಕಿದ್ರೂ ಸಾಲ್ದಪ್ಪ! ಈ ವಾರ ಒಳ್ಳೆ ಮಳೆ ಆಗಿದೆ ಸದ್ಯ. ಇನ್ನು ನನ್ ಬೆಳೆಗಳೆಲ್ಲ ದಿವಿನಾಗ್ ಬೆಳೀತವೆ.,Happiness
ನನ್ ಕಾರ್ ಇಂಜಿನನ್ಯಾಗ ಇದೊಂದ್ ತಿಳಿಲಾರ್ದ್ ತ್ರಾಸಾಗ್ಲಿಗತ್ತದ. ಅಂಥಾ ದೊಡ್ದೇನಿರಲ್ಲಾ ಅನ್ಕೋತಿನಿ ಆದ್ರೂ ಏನ್ ಹೇಳ್ಲಿಕ್ಕಾಗ್ವಲ್ದು.,Fear
ಈ ಬಾಡ್ಗೆ ಮನೆಗೆ ಈಗಾಗ್ಲೇ ಸೋಲಾರ್ ಪ್ಯಾನಲ್ಸ್ನ ಅಳವಡ್ಸ್ಬಿಟಿರೋದ್ ನೋಡಿ ನಂಗ್ ಹಿತವಾದ್ ಆಶ್ಚರ್ಯ ಆಯ್ತು!,Surprise
"ಬ್ಯಾಂಕಲ್ಲಿ ಜನ್ರನ್ನ ಅವ್ರಿಗ್ ಸರಿಹೊಂದದೇ ಇರೋ ಹುದ್ದೆಗಳ್ಗೆ ನೇಮಕ ಮಾಡ್ಕೊಂಡ್ಬಿಡ್ತಾರೆ, ಆಮೇಲೆ ಅವ್ರ್ ಸರ್ಯಾಗ್ ಕೆಲ್ಸ ಮಾಡ್ತಿಲ್ಲ ಅಂತ ದೂರ್ತಾರೆ, ನಂಗಂತೂ ಇಂಥ ಕಿರಿಕಿರಿನೆಲ್ಲ ಒಂಚೂರೂ ಸಹಿಸಕ್ಕಾಗಲ್ಲ.",Anger
ಮೈದಾನ್ದಲ್ಲಿ ನನ್ ಟೀಮ್ನೋರು ಸ್ವಲ್ಪನೂ ತಪ್ಪಾಗ್ದ್ ಹಾಗೆ ಆಡೋದ್ ನೋಡ್ತಾ ನಾನ್ ಒಳಗೊಳ್ಗೇ ಉಬ್ಬ್ ಹೋಗಿ ಅಷ್ಟ್ಹೊತ್ತೂ ಮುಖದಲ್ಲೂ ಆ ಹೆಮ್ಮೆಯ ನಗು ಮಾಸ್ಲೇ ಇಲ್ಲ.,Happiness
ಎಲಾನ್ ಮಸ್ಕ್ ಟ್ವಿಟರ್ನ ಸ್ವಾಧೀನಪಡ್ಸ್ಕೊಂಡ್ಮೇಲೆ ಅಲ್ಲಿದ್ದ ಒಳ್ಳೊಳ್ಳೆ ಡೆವಲಪರ್ಸ್ನೆಲ್ಲ ಕೆಲ್ಸದಿಂದ ತೆಗ್ದ್ಹಾಕಿದ್ ನೋಡಿ ನಂಗ್ ಆಶ್ಚರ್ಯ ಆಯ್ತು.,Surprise
"ಆ ಈವೆಂಟ್ ಮ್ಯಾನೇಜರ್ ಈ ಸರ್ತಿ ಭಾಳೇ ತೀಡಿ ತೀಡಿ ಕೆಲ್ಸಮಾಡ್ಯಾನ, ಖರೇ ನಂಗ್ ನಂಬ್ಕೆನೇ ಬರಾವಲ್ದು. ಆದ್ರೂ ಒಮ್ಮಿ ಮಾತ್ರ ಸಿಂಗಾರ ಮಾಡದ್ರಾಗ್ ಯಡವಟ್ ಮಾಡಿದ್ದಾಂತ ನಾ ಹೇಳ್ಲೇ ಬೇಕ್ ಮತ್ತ. ಅಪರೂಪಕ್ಕ ಹಂಗ ತಪ್ಪಾಗಿತ್ತೇನೋ ಅನಸ್ತೈತಿ.",Surprise
"ಏರ್ ಇಂಡಿಯಾ ವಿಮಾನಗಳಲ್ಲಿ ಹೊಸ ನೀತಿಗಳ್ನ ಜಾರಿಗೊಳ್ಸಿರೋದ್ರಿಂದ ನಿಮ್ ರೀಫಂಡ್ ಮುಂದ್ವರ್ಸೋಕಾಗ್ತಿಲ್ಲ ಅಂದ್ಬಿಟ್ರು, ಏನೋ ನನ್ ಹಣೆಬರಹನೇ ಹೀಗೆ ಅನ್ಸತ್ತೆ.",Sadness
"ಜನ ರಸ್ತೆಲಿ ರಾಂಗ್ ಸೈಡಲ್ಲ್ ಡ್ರೈವ್ ಮಾಡೋದೂ ಅಲ್ದೇ ಅದ್ನ ಸಮರ್ಥ್ನೆ ಬೇರೆ ಮಾಡ್ಕೊತಾರೆ, ನಾಚಿಕ್ಗೆಟ್ಟೋರು!",Disgust
ನಾನ್ ಎಷ್ಟೋ ಕಾಲ್ದಿಂದ ಹುಡುಕ್ತಿರೋ ಪುಸ್ತಕ ಅದು ಈ ಅಂಗ್ಡಿಲೂ ಇಲ್ವಂತೆ.,Sadness
ಕೆಲ್ವೊಂದ್ ದಿನಗಳಂತೂ ಈ ಬಾಳನ್ ಬದ್ಕೋದ್ರಿಂದ ಏನ್ ಪ್ರಯೋಜ್ನ ಅನ್ಸ್ಬಿಡೋಷ್ಟು ಕರಾಳ್ವಾಗಿರತ್ವೆ.,Sadness
"ಹೇ ತಾರೀಫದ ಬಿಡ್ರಿ, ಎಷ್ಟರೇ ಸೂಕ್ಷ್ಮ್ ಒಂದೂ ಬಿಡ್ಲಾರ್ದ್ಹಂಗ ಬಾರೀಕ್ ಕೆಲ್ಸಾ ಮಾಡಿ ಮಾಡುಲಾರ್ ಕಿಚನ್ ಮಾಡ್ಯಾರ! ನಾ ಇಷ್ಟ್ ಛಂದ ಇರ್ತದಂತ ವಿಚಾರ್ ಸೈತ ಮಾಡಿರ್ಲಿಲ್ಲಾ.",Surprise
ನಾನೊಂದ್ ಮುಖ್ಯವಾದ್ ದಾಖ್ಲೆ ಮೇಲೆ ಕೆಲ್ಸ ಮಾಡ್ತಿರುವಾಗ್ಲೇ ನನ್ ಲ್ಯಾಪ್ಟಾಪ್ ಶಟ್ ಡೌನಾಗೋ ಲಕ್ಷಣ ನೋಡಿ ಇಷ್ಟೊತ್ತೂ ಮಾಡಿದ್ದೆಲ್ಲ ಎಲ್ಲ್ ಅಳ್ಸ್ಹೋಗ್ಬಿಡತ್ತೋ ಅಂತ ಬೆವ್ರಿಳಿಯಕ್ ಶುರು ಆಗೋಯ್ತು ನಂಗೆ.,Fear
ಸ್ಕೈಡೈವಿಂಗ್ ಥರ ವಿಪರೀತದ್ ಸಾಹಸ್ದಾಟ್ಗಳೂಂದ್ರೆ ನಂಗೊಂದ್ಸ್ವಲ್ಪ ಅಳುಕಾಗತ್ತೆ.,Fear
ನಾನು ಆ ಹಳೇ ಖಾಲಿ ಲೈಟ್ಹೌಸಿಗ್ ಹೋದಾಗ ನಾನಲ್ದೇ ಇನ್ಯಾರೋ ಅಲ್ಲಿದಾರೆ ಅನ್ಸಿ ಮತ್ಮತ್ತೆ ಹಿಂದೆ ನೋಡ್ತಾನೇ ಇದ್ದೆ.,Fear
ಪ್ರತೀ ಸಲ ನನ್ ಬಿಲ್ ನೋಡ್ದಾಗ್ಲೂ ನಂಗ್ ಎದೆ ಧಸಾಕ್ ಅನ್ನುತ್ತೆ. ಏರ್ತಿರೋ ಗ್ಯಾಸ್ ಸಿಲಿಂಡರ್ ಬೆಲೆ ನೋಡ್ತಿದ್ರೆ ನನ್ ಬೇರೆ ಖರ್ಚ್ಗಳ್ಗೆಲ್ಲ ಕತ್ರಿ ಹಾಕ್ಬೇಕೋ ಏನೋ.,Sadness
ನನ್ ಮೊಬೈಲಲ್ಲಿ ಹಾಕೊಳಕ್ಕಾಗ್ದಿರೋ ಆ ಆಪ್ ಬಗ್ಗೆ ನೀನ್ ಆಗ್ಲಿಂದ ಹೊಗಳ್ತಾನೇ ಇರೋದು ನಂಗೆ ನನ್ ಗಾಯದ್ ಮೇಲ್ ಉಪ್ಪ್ ಸುರ್ದಂಗ್ ಆಗ್ತಿದೆ.,Anger
ನನ್ ಟೀಮಲ್ಲಿದ್ದೋರಲ್ಲಿ ಮುಖ್ಯವಾದೋರ್ ಕೆಲವ್ರೆಲ್ಲ ಸಂಸ್ಥೆನ್ ಬಿಟ್ಹೋದ್ಮೇಲೆ ಪ್ರಾಜೆಕ್ಟ್ನ ಪೂರೈಸಿ ಕ್ಲೈಂಟಿಗ್ ವಹಿಸ್ಕೊಡ್ಬೇಕಿರೋ ದಿನಕ್ ಸರ್ಯಾಗಿ ಎಲ್ಲ ಕೆಲ್ಸಗಳ್ನೂ ಮುಗ್ಸಕ್ಕಾಗತ್ತೋ ಇಲ್ವೋ ಅಂತ ನಂಗ್ ಆತಂಕ ಆಗಿದೆ.,Fear
ನಂಗ್ ಬಡ್ತಿ ಕೊಡ್ದೇ ಇರೋ ಬಗ್ಗೆ ಲೀಡರ್ಷಿಪ್ ಟೀಮ್ನೋರು ಈಗ ಕೆಲ್ವ್ ವರ್ಷಗಳಿಂದ ಹೇಳ್ಕೊಂಡ್ ಬಂದಿರೋ ಥರನೇ ಏನೋ ಒಂದ್ ಕುಂಟ್ನೆಪ ಹೇಳ್ಕಳ್ಸುದ್ರು ಅಷ್ಟೇ.,Disgust
ಕ್ರೀಡಾಪಟುಗಳು ಗೆಲ್ಲೋಕ್ಕೇಂತ ಮಾದಕವಸ್ತುಗಳ್ನ ತಗೊಳೋದ್ ನೋಡಿದ್ರೆ ಜುಗುಪ್ಸೆ ಆಗತ್ತೆ ನಂಗೆ.,Disgust
ನಾನ್ ನೌಕ್ರಿ ಮಾಡೋ ಜಾಗ್ದಾಗ ನನ್ ಜಿಗ್ರೀ ದೋಸ್ತಾಗಿದ್ದಾವ ನನಕಿಂತ ಮುಂಚೆ ತಾನೇ ಬಡ್ತಿ ತಕೋಬೇಕಂತ್ ಎಣ್ಸಿ ನಮ್ ಬಾಸ್ ಹತ್ರ ನನ ಮ್ಯಾಲ್ ಎಷ್ಟರೆ ಕೆಟ್ದಾಗ್ ಮಾತಾಡ್ಯಾನಂತ್ ಕೇಳಿ ಮನ್ಸಿಗ್ ಭಾಳ ತ್ರಾಸಾತು.,Sadness
ಈ ಸ್ಟ್ರೀಮಿಂಗ್ ಅಪ್ಲಿಕೇಶನ್ಗಳ್ ಒಂದಿನ ಕೇಬಲ್ ಟಿ.ವಿ.ಗೆ ಹಿಂದ್ಹಾಕ್ತಾವಂತ ನಾ ಯೆಂದೂ ಅನ್ಕೊಂಡಿರ್ಲಿಲ್ಲ.,Surprise
"ಹೇ, ಏನ್ ಗೊತ್ತಾ? ನಾನ್ ಹಗ್ಲೂ ರಾತ್ರಿ ಆಡ್ತಿದ್ನಲ ಆ ವೀಡಿಯೋ ಗೇಮು, ಅದ್ರಲ್ಲಿ ಕೊನೆಗೂ ನೂರ್ನೇ ಹಂತ ತಲ್ಪ್ಬಿಟ್ಟೆ! ಆಕಾಶ್ದಲ್ ತೇಲಾಡ್ತಿರೋ ಹಾಗನ್ಸ್ತಿದೆ ನಂಗೆ.",Happiness
ಈ ಹುಡುಗ್ರು ಅವ್ರ್ ಸಾಕ್ಸ್ನೆಲ್ಲ ಪೂರ್ತಿ ಕೆಸ್ರು ಮಾಡ್ಕೊತಾರೆ.. ಆಮೇಲೆ ಮುಂದಿನ್ ಪಂದ್ಯಕ್ಕಾದ್ರೂ ಅವನ್ನ ತೊಳೀದೇ ಹಾಗ್ಹಾಗೇ ಹಾಕೊಂಡ್ ಬಂದ್ಬಿಡ್ತಾರೆ.,Disgust
ಆ ಸ್ತಂಭಗಳ್ನ ನೋಡಿ ಅಲ್ಲಿ. ಪೂರ್ತಿ ಪಾಚಿ ಕಟ್ಕೊಂಡ್ಬಿಟಿದೆ.,Disgust
"ನೀವು ಪಾಸಿಟಿವ್ ದೃಷ್ಟಿಕೋನ ಬೆಳ್ಸ್ಕೋಬೇಕು, ಇನ್ಮೇಲಾದ್ರೂ ಬದ್ಲಾಗ್ಬೇಕು ಅಂತ ಮನ್ಸ್ ಮಾಡಿದೀರಲ, ಅದು ಅರ್ಧ ಯುದ್ಧ ಗೆದ್ದ್ ಹಾಗೆ! ಇನ್ಮುಂದೆ ಎಲ್ಲ ಸರಿ ಹೋಗತ್ತೆ.",Happiness
ದವಾಖಾನಿಗ್ ರಾತ್ರಿ ಹತ್ತ್ ಗಂಟಿಗೇ ಬಾಕ್ಲು ಮುಚ್ಬಿಟ್ರು. ಆದ್ರೆ ಒಳಗ್ನಿಂದ ಏನೋ ದೊಡ್ದೊಡ್ ಶಬ್ದಗಳ್ ಬರ್ಲಿಕ್ ಹತ್ತಾವು. ಯಾಕೋ ಭಾಳ ಅಂಜ್ಕೆ ಆಗ್ತೈತ್ರಿ.,Fear
ಆ ಅಕ್ಸೆಸರೀಸ್ ಎಲ್ಲಾ ಸೇರ್ಸಿ ಆ ಗೇರ್ ಸೈಕಲ್ಗೆ ಬರೀ ಐದ್ ಸಾವರ ರೂಪಾಯ್ ಅಷ್ಟೇ ಆಗಿದ್ದಾ?,Surprise
"ಎಷ್ಟ್ ದಿವ್ಸಾದ್ ಮ್ಯಾಲ್ ಚೆನ್ನೈನ್ಯಾಗಿನ್ ನನ್ ಭಾಳ ಸೇರ ಬೇಕರಿಲಿಂದ್ ಕೇಕ್ ತರಸ್ಕೊಂಡಿನಿ, ನಂಗ್ ಬಾಯಾಗ್ ನೀರ್ ಬರ್ಲಿಕತ್ತಾವ.",Happiness
ಇಪ್ಪತ್ತ್ ಅತಿಥಿಗಳ್ಗೆ ಬಡ್ಸೋಷ್ಟು ಕೇಕ್ ಅಂದ್ರೆ ಅದು ಸುಮಾರು ಐದ್ ಕಿಲೋಗ್ರಾಂಗಳಷ್ಟು ತೂಕ ಇರ್ಲಿ. ಆಗಾಂದ್ರೆ ಪ್ರತಿಯೊಬ್ರಿಗೂ ರುಚಿ ಸವಿಯೋಕೆ ದೊಡ್ಡ್ ತುಂಡೇ ಸಿಗತ್ತೆ.,Happiness
"ವಿಳಾಸದ್ ನಿಖರವಾದ್ ಜಾಗನ ಕಂಡ್ಹಿಡ್ಯೋದ್ರಲ್ಲಿ ಗೊಂದಲ ಆದ್ರೂ, ನಾನು ತಲುಪ್ಬೇಕಾಗಿದ್ ಜಾಗನ ತಲ್ಪೋಕಾಯ್ತು ಸದ್ಯ!",Happiness
"ಯುರೋಪ್ಗೆ ಭಾರತ್ದಿಂದ ಬರ್ತಿರೋ ಕೆಲ್ವು  ಪ್ರವಾಸಿಗ್ರ ವರ್ತನೆ ತೀರಾ ಅಸಹ್ಯವಾಗಿದೆ, ತುಂಬಾನೇ ಅಗೌರವ್ದಿಂದ ನಡ್ಕೊತಾ ಇದಾರೆ.",Disgust
"ಬೇಸಿಕ್ ಸರ್ವಿಸ್ ಮಾಡ್ಸಕ್ಕೆ ಅಷ್ಟೇನ್ ಖರ್ಚಾಗಲ್ಲ ಅನ್ಕೊಂಡಿದ್ದೆ, ಆದ್ರೆ ಈಗೆಲ್ಲ ಅದ್ಕೇ ಎಷ್ಟೊಂದ್ ದುಡ್ಡಾಗತ್ತೆ ಅಂತ ಗೊತ್ತಾಗಿ ಪೆಚ್ಚಾಯ್ತು.",Sadness
ನನ್   ಅಪಾಯಿಂಟ್ಮೆಂಟ್ಗೆ ನಂಗ್ ತಡ ಆಯ್ತು. ! ಈ ಬಸ್ ಸರ್ವಿಸ್ನ ಒಂದ್ ಚೂರು ನಂಬಕ್  ಆಗಲ್ಲ ದಾರಿ ಮದ್ಯೇನೆ ಅದ್  ಹಾಳಾಯ್ತು.,Anger
"ಈ ಕ್ಲೈಂಟ್ ಮೊದ್ಲೇ ಸಮಯಕ್ ಸರ್ಯಾಗ್ ದುಡ್ಡ್ ಕೊಡಲ್ಲ, ಇನ್ನೀಗ ಡೆಲಿವರ್ ಮಾಡೋದ್ರಲ್ಲಿ ನಮ್ಕಡೆಯಿಂದ್ಲೇ ತಡ ಆಗಿದೆ ಅಂದ್ರೆ ಕೇಳ್ಬೇಕಾ, ನಮ್ಗ್ ದುಡ್ಡ್ ಕೊಡೋದ್ನ ಇನ್ನೊಂದ್ ಯುಗ ಮಾಡಕ್ಕೆ ಅವ್ನಿಗಿನ್ನೊಂದ್ ನೆಪ ಸಿಕ್ಕಂಗಾಯ್ತಷ್ಟೇ ಇದು!",Disgust
ಸಿನ್ಮಾದಲ್ಲಿ ಒಂದ್ ಹುಡುಗ್ರು ಗುಂಪು ವಯಸ್ಸಾಗಿರೋ ಅಜ್ಜನ್ ಮೇಲೆ ಅಷ್ಟ್ ಬರ್ಬರ್ವಾಗ್ ಹಲ್ಲೆ ಮಾಡೋದ್ ನೋಡ್ತಿದ್ರೆ ನಂಗ್ ಅವ್ರ್ನೆಲ್ಲ ಚಚ್ಚಾಕ್ಬಿಡೋಷ್ಟ್ ಸಿಟ್ಟ್ ಬರ್ತಿತ್ತು.,Anger
ಹಾಸಿಗೆ ತಯಾರ್ಸೋ ಕೆಲ್ಸದ್ ಬಗ್ಗೆ ನೀವ್ ಇಷ್ಟೊಂದ್ ಆಸಕ್ತಿ ವಹಿಸ್ತೀರ ಅಂತ ನಾನ್ ಊಹಿಸಿರ್ಲಿಲ್ಲ.,Surprise
"ಈ ಆಭರಣದ್ ಕುಸುರಿ ಕೆಲ್ಸ ಜೊತೆಗೆ ಇದ್ನ ಅಪ್ಪಟ ಚಿನ್ನದಿಂದ ಮಾಡಿರೋದು, ಎಲ್ಲ ಸೇರಿ ನಮ್ ಮಗಳಿಗೆ ಒಳ್ಳೆ ಸೊಗ್ಸಾಗಿರೋ ಮತ್ತೆ ಬೆಲೆಬಾಳೋಂಥ ಗ್ರಾಜುಯೇಷನ್ ಗಿಫ್ಟ್ ಆಗುತ್ತಿದು.",Happiness
"ಕಾರ್ಯಕ್ರಮದಾಗ ಅಷ್ಟ್ ಮಸ್ತ್ ಥೀಮ್ ಇಟ್ಟಿದ್ರನೂ ಗದ್ದಲ್ ಗಡಬಡ್ ಆಗಿ ವ್ಯವಸ್ಥಾ ಢೇಣೆದ್ಹೋಯ್ತು, ನಂಗ ಆ ಈವೆಂಟ್ ಮ್ಯಾನೆಜರ್ಗ ಕಪಾಳಕ್ಕ ಹಾಕಷ್ಟ್ ಸಿಟ್ಟ್ ಬರ್ಲಿಕತ್ತದ.",Anger
ಎಷ್ಟರೇ ಮಳಿ ಹೊಡಿಲಿಕತ್ತದ ನಮಗ್ ಕೆಲ್ಸಕ್ಕ ಹೋಗ್ಲಿಕ್ಕಿ ತಡಾ ಆಗ್ಲಿಕತ್ತದ.,Sadness
"ನಾ ಏನ್ ನಿಮ್ಗ್ ಪೂರಾ ಬ್ಯಾಂಕ್ ಖಾತಾ ಖಾಲಿ ಮಾಡ್ತೀನಂತ ಹೇಳಿನೇನ, ಒಂದ್ ಸಣ್ದು ಬದ್ಲಾಸ್ಕೊಡ್ರಿ ಅಂದಿನಿ! ಅತೀ ಆತ್ ಇದು.",Anger
"ಸರ್! ನಾನ್ ನನ್ ಟಿಕೆಟ್ನ ಕ್ಯಾನ್ಸಲ್ ಮಾಡಿದ್ರೂ ಹಣ ಇನ್ನೂ ನನ್ ಖಾತೆಗ್ ಜಮಾ ಆಗಿಲ್ಲ ಅಂತ ಆಗ್ಲಿಂದ ಹೇಳ್ತನೇ ಇದೀನಿ, ನೀವದ್ನ ನೋಡ್ತೀರೋ ಇಲ್ವೋ ಈಗ?",Anger
"ದಿ ಲಾಸ್ಟ್ ಏರ್ಬೆಂಡರ್ನಾಗ್ ಸಿನೆಮಾಟೊಗ್ರಾಫಿ ಅಗ್ದೀ ಗೊಳ್ಳಿತ್ತಪಾ, ಆ ಸಿನಿಮಾ ನೋಡಿ ಏನ ಉಪಯೋಗಿಲ್ಲಾ.",Disgust
ತಾವ್ ಮಾತ್ರ ಏನೂ ಕೆಲ್ಸನೇ ಮಾಡ್ದೇ ಸಮಾಜ್ದಲ್ಲಿ ಕಷ್ಟಪಟ್ಟು ದುಡ್ದು ನ್ಯಾಯವಾಗ್ ಬದುಕ್ತಿರೋರ್ ಮೇಲೆ ಅವಲಂಬಿತ್ರಾಗಿ ಅವ್ರ್ ರಕ್ತ ಹೀರ್ಕೊಂಡ್ ಪರೋಪಜೀವಿಗಳ್ ಥರ ಇರೋ ಜನಗಳು ನಮ್ ಸಮಾಜಕ್ಕೇ ಕಳಂಕ ಅನ್ಸತ್ತೆ ನಂಗೆ.,Disgust
ಒಂದ್ ದಶಲಕ್ಷಕ್ಕೂ ಜಾಸ್ತಿ ಜನ ಈ ಆಟನ ಆಡಿದಾರೆ. ನಿಮ್ಗ್ ಹೇಗ್ ಅದ್ರ ಬಗ್ಗೆ ಗೊತ್ತಿಲ್ಲ?,Surprise
ನಾನ್ ಪಂದ್ಯ ನೋಡ್ತೀನಿ ಅನ್ಕೊಂಡೆ ಆದ್ರೆ ಆಮೇಲೆ ಬೇರೆ ಕೆಲ್ಸದಲ್ಲಿ ಸಿಕ್ಕಾಕೊಂಬಿಟ್ಟೆ.,Sadness
ನನ್ ಕಿವಿನೇ ನಂಗ್ ನಂಬಕ್ಕಾಗ್ತಿಲ್ಲ! ಬೆಂಗ್ಳೂರಲ್ಲಿರೋ ಜನಕ್ಕೆ ಇವತ್ತು ಆಕಾಶ್ದಲ್ ಒಂದ್ ಬಾಗ್ಲು ಕಾಣಿಸ್ತಂತೆ!,Surprise
"ಅಯ್ಯಬ್ಬಾ! ಈ ಸಸ್ಯೋದ್ಯಾನ್ದಲ್ಲಿ ಅದೆಷ್ಟ್ ಥರದ್ ಗಿಡಗಳಿವ್ಯಪ್ಪಾ, ನಂಗಂತೂ ನೋಡೇ ಸುಸ್ತಾಯ್ತು!",Surprise
ನೀವೆಲ್ಲ ತಲೆಗೊಂದು ಅನ್ನೋ ಥರ ನಂಗ್ ಹೇಳ್ತಿರೋ ಥರಾವರಿ ಕಥೆಗಳ್ನ ಕೇಳಿ ಕೇಳಿ ಸಾಕಾಗೋಗಿದೆ ನಂಗೆ.,Disgust
"ಪ್ರತೀ ತಿಂಗ್ಳೂ ದಿನಸಿ ವಸ್ತುಗಳ್ನ ತಗೊಳೋ ವಿಷ್ಯದಲ್ಲಂತೂ ನಂಗೇನೂ ಯೋಚ್ನೆನೇ ಇಲ್ಲಪ್ಪ, ಇಲ್ಲೇ ಹತ್ರದಲ್ಲಿರೋ ಅಂಗ್ಡಿಯೋರು ಅವ್ಗಳ್ನೆಲ್ಲ ತಪ್ದೇ ನಮ್ಮನೆಗೇ ಕಳ್ಸ್ಕೊಟ್ಬಿಡ್ತಾರೆ.",Happiness
"ನಾನು ಒಂದ್ ಕೆಲ್ಸಕ್ ಅರ್ಜಿ ಹಾಕಿದ್ದಾಗ ಆ ಕಂಪ್ನಿಯೋರು ನಂಗೆ ತುಂಬಾ ಒರ್ಟಾಗಿ ಪ್ರತಿಕ್ರಿಯೆ ಕಳ್ಸಿದ್ರು, ಅದ್ ಓದಿ ನಂಗೆ ಸಿಕ್ಕಾಪಟ್ಟೆ ರೇಗೋಯ್ತು.",Anger
ಟಿಕೆಟ್ ಸಿಗುತ್ತಾ ಇಲ್ವಾಂತ ವಾದ ಆಗಿ ಆ ರೈಲ್ವೆ ಬುಕಿಂಗ್ ಮಾಡೋ ಗುಮಾಸ್ತ ನನ್ ಬುಕಿಂಗ್ ಫಾರ್ಮ್ನೇ ಕಿಟ್ಕಿಯಿಂದ ಹೊರಕ್ಕೆಸ್ದಾಗ ನಂಗ್ ಕೋಪ ತಡ್ಕೊಳಕ್ಕಾಗ್ಲಿಲ್ಲ.,Anger
"ಪತ್ರ ತಲುಪ್ಸಕ್ಕೆ ನೀವ್ ನಿನ್ನೆ ಮೂರ್ಸಲ ನಮ್ಮನೆಗ್ ಬಂದಿದ್ರಿ ಅಂದ್ರೆ ನಂಗ್ ಗಾಬ್ರಿ ಆಗ್ತಿದೆ, ನಾನ್ ಎರಡ್ ದಿನದಿಂದ ಎಲ್ಲೂ ಹೊರಗ್ ಹೋಗಿಲ್ಲ, ಮನೆಲೇ ಇದೀನಿ, ಮತ್ತೆ ಆ ದಾಖಲೆಪತ್ರ ತುಂಬಾ ಮುಖ್ಯವಾದ್ದು, ಅದ್ ಯಾವ್ ಕಾರಣಕ್ಕೂ ಕಳ್ದ್ಹೋಗೋಹಾಗಿಲ್ಲ!",Fear
ಛತ್ರಿ ತರ್ಲಿಕ್ಕೆ ಯಾಕೆ ಮರೆತ್ರಿ ನೀವು? ಈ ಬಿಸಿಲಿನಲ್ಲಿ ಈಗ ನಾವು ಹೇಗೆ ಕುಳ್ತುಕೊಳ್ಳೋದು?,Anger
"ಇಷ್ಟು ದೊಡ್ಡ ಹೋಟೆಲ್ನಲ್ಲಿ ನಾನ್  ರೂಮ್ ಸರ್ವಿಸ್ಗೆ ಕಾಲ್ ಮಾಡ್ದಾಗ, ಅದು ಐದ್ ನಿಮಿಷದಲ್ ಬರುತ್ತೆ ಅಂತ ಅವ್ರು ಹೇಳ್ದಾಗ ನಂಗ್ ಆಶ್ಚರ್ಯ ಆಯ್ತ್. ಇದು ತುಂಬಾ ಒಳ್ಳೇದು.",Surprise
ಅದ್ರ್ ಬಗ್ಗೆ ಕೆಲ್ಸ ಮಾಡ್ತಾ ನಿಮ್ಗೆಲ್ಲಿ ನಿರಾಶೆ ಮಾಡ್ಬಿಡ್ತೀನೋ ಅಂತ ಹೆದ್ರಿಕೆ ನಂಗೆ.,Fear
ಆಧುನಿಕ ಸಮಾಜ್ದಲ್ಲಿ ಮಹಿಳೆಯ್ರ ಹಕ್ಕುಗಳ್ಗೆ ಬಿಡಿಗಾಸಿನ್ ಕಿಮ್ಮತ್ತೂ ಇಲ್ದಿರೋ ಥರ ಆಗಿರೋದ್ ನೋಡುದ್ರೆ ಕೆಂಡಾಮಂಡ್ಲ ಕೋಪ ಬರತ್ತೆ.,Anger
ನಾನು ಹೋದ್ವಾರ್ದಿಂದ ಈ ಪುಸ್ತಕನ ಹುಡುಕ್ತಾನೇ ಇದೀನಿ ಆದ್ರೆ ಇನ್ನೂ ಸಿಕ್ಕಿಲ್ಲ ನಂಗದು. ಪುಸ್ತಕ ಕೊನೆಗೂ ಸಿಗ್ದೇ ಹೋದ್ರೆ ಹೇಗಪ್ಪಾ ಅಂತ ಗಾಬ್ರಿ ಆಗ್ತಿದೆ ನಂಗೆ.,Fear
ನಮ್ಮನೆಲ್ ಸಿ.ಸಿ.ಟಿ.ವಿ. ಕ್ಯಾಮರಾ ಇಲ್ಲಾಂದ್ರೆ ಪೊಲೀಸ್ನೋರು ನಮ್ಮನ್ನ ಸ್ಟೇಷನ್ನಿಗ್ ಕರ್ಸಿ ಅದ್ನ ಹಾಕಿಸ್ಕೊಳಕ್ ಬಲ್ವಂತ ಮಾಡ್ತಾರೆ ಅಂತ ಹೆದ್ರುಕೊಂಡು ಸುಳ್ಳ್ ಹೇಳ್ಬಿಟ್ಟೆ.,Fear
ಆ ಪುಸ್ತಕ ಮಾರೋನತ್ರ ನಾನ್ ತುಂಬಾ ವರ್ಷ್ದಿಂದ ಹುಡುಕ್ತಾ ಇರೋ ಪುಸ್ತಕ ಇದೆ ಅಂತ ಗೊತ್ತಾಗಿ ನಂಗ್ ನಿಂತಲ್ ನಿಲ್ಲಕ್ಕಾಗ್ಲಿಲ್ಲ.,Happiness
ತೀರಾ ವಯಸ್ಸಾಗಿರೋ ಆ ಭಿಕ್ಷುಕ ನೆನ್ನೆ ಈ ರಸ್ತೆಲ್ ನಿಧಾನ್ವಾಗ್ ನಡ್ಕೊಂಡ್ ಹೋಗ್ತಾ ಇದ್ದಿದ್ದ್ ನೋಡಿ ನಂಗ್ ಮನ್ಸಿಗ್ ಒಂಥರ ಕಳವಳ ಆಯ್ತು.,Sadness
"ಧತ್! ಇನ್ನೂ ಅದೆಷ್ಟ್ ದಿನ ಈ ಕೆಲ್ಸಕ್ ಬಾರ್ದಿರೋ, ಜೋರ್ ಶಬ್ದ ಮಾಡೋ ಫ್ರಿಡ್ಜ್ ಇಟ್ಕೊಂಡು ನನ್ ನೆಮ್ದಿ ಹಾಳ್ಮಾಡ್ಕೋಬೇಕೋ ಆ ದೇವ್ರಿಗೇ ಗೊತ್ತು!",Anger
ಭಾಷಣ ಮಾಡ್ತಾ ಇರುವಾಗ ಇದ್ದಕ್ಕಿದ್ದಂಗೆ ಸಂಘಟಕ್ರು ಮೈಕ್ನ ಆಫ್ ಮಾಡ್ಬಿಟಿದ್ದು ಆ ಭಾಷಣಕಾರ್ರಿಗೆ ಆಘಾತ ಆಯ್ತು.,Surprise
"ಶ್ರೀಹರಿಕೋಟಾದಿಂದ ಚಂದ್ರಯಾನ, ಮೂರನ್ನ ಹಾರ್ಸಿದ್ ನೋಡ್ದಾಗ ನಮಗ್ ಭಾಳ ಖುಷಿಯಾತು‌, ಅಭಿಮಾನ ಉಕ್ಕ್‌ಹರೀತು.",Happiness
ಆಪ್ತಸಲಹೆಗಾರ್ರಾಗಿ ನೀವ್ ನಂಗ್ ಸಹಾಯ ಮಾಡ್ಬೋದ? ನನ್ ಜೀವನ್ದಲ್ಲಿ ಒತ್ತಡ ಮತ್ತೆ ಆತಂಕ್ದಿಂದ ಉಂಟಾಗಿರೋ ಕೀಳು ಭಾವ್ನೆನ ನನ್ಕೈಲ್ ಸಹಿಸಕ್ಕಾಗ್ತಿಲ್ಲ.. ನನ್ ಬಗ್ಗೆನೇ ನಂಗ್ ಜುಗುಪ್ಸೆ ಆಗ್ಬಿಟಿದೆ.,Disgust
ಕಾಲೇಜಿಗಿ ಅಪ್ಲೈ ಮಾಡ್ಲಿಕತ್ತಾಗ ಅಷ್ಟ್ ಧಪ್ಧಪ್ಪ ಅಕೌಂಟನ್ಸಿ ಪುಸ್ತಕಾ ಓದ್ಬೇಕಾಗ್ತದ ಅಂತ ವಿಚಾರ ಮಾಡೇ ಕೈಕಾಲ್ ಥಣ್ಣಗಾಗ್ಯಾವ.,Fear
"ಆ ಡ್ರೈವರ್ ಆರ್ ತಿಂಗ್ಳಿಂದ ತಲೆಗ್ ಸ್ನಾನ ಮಾಡಿಲ್ಲ, ಅವ್ನ್ ತಲೆ ಮೇಲೆಲ್ಲ ನೊಣಗಳು ಹಾರಾಡ್ತಾ ಇದ್ವು.",Disgust
"ಗ್ಯಾರೇಜ್ಲಿ ಸಿಕ್ಕ ಒಳ್ಳೆ ಸರ್ವಿಸ್  ನನ್ ಕಾರ್ಗೆ ಹೊಸತನ್ನ   ಕೊಡ್ತು , ಇದು ಮೊದ್ಲಿಗಿಂತ ತುಂಬಾ  ಸಲೀಸಾಗ್ ಹೋಗ್ತಾ ಇದೆ!",Happiness
ನೀವ್ ಈ ಟೀಮ್ ಬಿಟ್ಹೋದ್ರ ಕೆಲ್ಸದಾಗ ನಿಮಗಿರ ಅನುಭವ ಮತ್ ತಿಳವಳ್ಕಿ ನಾವ್ ಕಳಕೋತೀವಿ ಅದನ್ ಬ್ಯಾರೆಯವ್ರು ಭರ್ತಿ ಮಾಡದ್ ಅಷ್ಟ್ ಸರಳಲ್ಲ ಅಂತ ಒಬ್ ಎಚ್.ಆರ್. ಪಾರ್ಟ್ನರ್ ಆಗಿ ನಂಗ ಚಿಂತ್ಯಾಗ್ತದ.,Fear
ನಾನ್ ಸೇರ್ಬೇಕು ಅನ್ಕೊಂಡಿರೋ ಕಾಲೇಜ್ ಬಗ್ಗೆ ನೀವ್ ಒಗಟೊಗಟಾಗ್ ಮಾತಾಡುದ್ರೆ ನಂಗ್ ಇದ್ದಿದ್ದೂ ತಲೆ ಕೆಡುತ್ತೆ. ಅದೇನ್ ಹೇಳ್ಬೇಕೂಂತಿದಿರೋ ನೇರ್ವಾಗ್ ಹೇಳಿ.,Anger
"ಯಪ್ಪ, ಆ ಕೆಫೆಟೇರಿಯಾದಲ್ಲಿ ಪುನಾ ಆ ರುಚಿನೇ ಇಲ್ದಿರೋ ಸಪ್ಪೆ ಸೂಪ್ನೇ ಮಾಡಿದಾರೆ ಅಂದ್ರೆ ನಂಗ್ ನಂಬಕ್ಕಾಗ್ತಿಲ್ಲ. ಒಂದ್ವಾರದಲ್ಲಿ ಇದು ನಾಲಕ್ನೇ ಸಲ ಅವ್ರಿದ್ನ ಕೊಡ್ತಾ ಇರೋದು.",Disgust
ಸಿ.ಇ.ಒ. ಕೆಲ್ಸದ್ ಆಫರ್ ಬಂದಿದ್ದು ನಂಗಿವತ್ತಿಡೀ ದಿನ ಸೊಗಸಾಗೋಯ್ತು! ಇಂದಿನ ದಿನವೇ ಶುಭದಿನವು... ಇಂದಿನ ವಾರ ಶುಭವಾರ!,Happiness
"ಇಷ್ಟ್ ಚೆನ್ನಾಗಿರೋ ಈ ಏರ್ಬಿ.ಎನ್.ಬಿ. ಅಪಾರ್ಟ್ಮೆಂಟ್ನ ಬಿಡಕ್ಕೇ ನಂಗ್ ಮನ್ಸಾಗ್ತಿಲ್ಲ, ಆದ್ರೆ ಇದ್ರ ನೆರೆಹೊರೆಯೆಲ್ಲ ತುಂಬಾ ಕೊಳಕಾಗಿರೋದ್ರರಿಂದ ಬೇರೆ ವಿಧಿಯಿಲ್ಲ.",Sadness
ಯು.ಎಸ್.ಲಿ ನೆನ್ಪಿಗಾಗ್ ಏನಾದ್ರೂ ವಸ್ತುಗಳ್ನ ಕೊಂಡ್ಕೊಬೇಕೂಂದ್ರೆ ಲೋಕಲ್ ಮಾರ್ಕೆಟ್ಗಳು ಮತ್ತೆ ಯಾರ್ಡ್ ಸೇಲ್ಗಳಲ್ಲಿ ಅಂಥ ವಸ್ತುಗಳ್ ಭಂಡಾರನೇ ಇರತ್ತೆ.,Happiness
ಪಂಜಾಬಿ ಸಜ್ಜನ ಯಾರೋ ನಂಗೆ ಅಮೃತ್ಸರೀ ಕುಲ್ಚಾ ಕೊಡ್ಸಿದ್ದು ವಿಶೇಷ ಅನ್ಸ್ತು ನಂಗೆ.. ತುಂಬಾ ರುಚ್ಯಾಗಿತ್ತದು.. ಸುಖವಾಗಿರ್ಲಿ ಅವ್ರು.,Happiness
ರಸ್ತೆ ಬದಿ ಅಂಗ್ಡಿಲೊಬ್ರು ತಮ್ ಬಾಯ್ಗೆ ಉರಿತಾ ಇರೋ ಪಾನ್ ಹಾಕುಸ್ಕೊಳೋದ್ ನೋಡಿ ನಾನ್ ಗಾಬ್ರಿ ಬಿದ್ದೋದೆ.. ಹೀಗೂ ಇರತ್ತಾ?!,Surprise
"ಪರಿಶ್ರಮ ಪಡೋರ್ನ ಗುರುತ್ಸಿ ಹುರಿದುಂಬ್ಸೋ ಬದ್ಲು ಕಡೆಗಣ್ಸೋ ಕೆಟ್ಬುದ್ಧಿ ಯಾಕೋ ಮೇಲ್ನೋರಿಂದ ಕೆಳಮಟ್ಟದ್ ಕೆಲ್ಸ್ಗಾರ್ರಿಗೂ ಬರ್ತಿರೋ ಹಾಗಿದೆ, ಈ ಕಂಪ್ನಿಲಂತೂ ತುಂಬಾ ಜನ ಲೀಡರ್ಸ್ ಮನಸ್ಥಿತಿ ಹಾಗೇ ಇದ್ಯಪ್ಪ.",Disgust
"ನಾನು ರೂಂ ನಂಬರ್ ನೂರಾ ಐವತ್ನಾಲ್ಕಕ್ಕೆ ಖಂಡಿತ ಕಾಲಿಡಲ್ಲ, ಅದು ತುಂಬಾನೇ ಹೊಲಸಾಗಿದೆ.. ಅಸಹ್ಯ ಆಗತ್ತೆ ನಂಗೆ.",Disgust
ಕೆಲ್ವು ದೇಶಗಳು ಭೂಮಿ ಮೇಲಿರೋ ಎಷ್ಟೆಲ್ಲ ಗಂಭೀರ್ವಾದ್ ಸಮಸ್ಯೆಗಳ್ನ ಕಡೆಗಣ್ಸಿ ಬಾಹ್ಯಾಕಾಶ ಪರಿಶೋಧನೆಗೆ ರಾಶ್ರಾಶಿ ಹಣ ಸುರೀತಾ ಇರೋದ್ ನೋಡುದ್ರೆ ಕೋಪ ಉಕ್ಕುತ್ತೆ ನಂಗೆ.,Anger
"ನಾನ್ ನಿಮ್ಹತ್ರ ಏನ್ ಕಮ್ಮಿ ಲ್ಯಾಪ್ಟಾಪ್ಗಳ್ನ ಕೊಂಡ್ಕೊಂಡಿದೀನೇನ್ರಿ! ವ್ಯಾಪಾರಕ್ಕೆ ಬೇರೆ ಯಾರ್ನಾದ್ರೂ ಹುಡುಕ್ಕೊಳ್ಲಾ ಹೇಗೆ ಈಗ, ಆಂ?",Anger
ಓಹ್ ಹೌದಾ! ನೀವ್ಯಾಕ್ ನಿಮ್ ಖಾತೆ ಮುಚ್ಬೇಕು ಅನ್ಕೊಂಡಿದೀರಿ ಅಂತ ಕೇಳ್ಬೋದಾ ನಾನು?,Surprise
ಅವ್ರು ನಮ್ ಜೊತಿ ಪೈಪೋಟಿ ಮಾಡ್ಬೇಕಂತ ಸಾಮಾನ್ ಸೋವಿ ಇಟ್ ನಮ್ ಗಿರಾಕಿಗಳಿಗ್ ತಮ್ ಕಡೆ ಮಾಡ್ಕೋತಾರಂತ ನಂಗ್ ಧೈರ್ಯ್ಗೆಟ್ಟದ.,Fear
ಕೊನೇ ಕ್ಷಣದಲ್ಲಿ ಟಿಕೆಟ್ ರದ್ದು ಮಾಡೋದಕ್ಕೆ ನಂಗ್ ಸಹಾಯ ಮಾಡಿದ್ದಕ್ಕೋಸ್ಕರ ತುಂಬಾ ಧನ್ಯವಾದ ಆಫೀಸರ್! ನಿಮ್ಮಲ್ಲಿರೋ ರದ್ದತಿ ಮತ್ತೆ ಮರುಪಾವತಿ ನೀತಿಗಳು ಭಾಳ ಸೂಕ್ತವಾಗಿವೆ.,Happiness
ಈ ರಾಜಕಾರಣಿಗಳು ಕೆಲ್ಸ ಪೂರ್ತಿ ಮಾಡ್ಸೋದ್ರಲ್ಲಿ ಚೂರೂ ನಿಯತ್ತಿಲ್ದಂಗ್ ನಡ್ಕೊಳದು ಮೈಯೆಲ್ಲ ಉರ್ದೋಗತ್ತೆ ನಂಗೆ.,Anger
ಹೋ ಚಿ ಮಿನ್ಹ್ನ್ಯಾಗ ರಸ್ತೆ ಬದ್ಯಾಗಿರ ಮಾರ್ಕೆಟ್ಗಳಂದ್ರ ಷಾಪಿಂಗ್ ಮಾಡವ್ರಿಗಿ ಸ್ವರ್ಗ ಇದ್ದಂಗ.,Happiness
ಲಂಡನ್ನ ಓಯಿಸ್ಟರ್ ಟಿಕೆಟ್ ತಗೊಂಡ್ರೆ  ಮೆಟ್ರೋ ಮತ್ತು ಬಸ್  ಎರಡರಲ್ಲೂ  ಹೊಗ್ಬೋದು ಅಂತ ನಂಗ್ ಗೊತ್ತೇ ಇರ್ಲಿಲ್ಲ.,Surprise
ಮೈಕ್ ಟೈಸನ್ ಇವಾಂಡರ್ ಹೋಲಿಫೀಲ್ಡ್ನ  ಕಿವಿನೇ ಕಚ್ಚಿ ತುಂಡ್ ಮಾಡೋ ದೃಶ್ಯ ನೋಡಿ ನಂಗ್ ವಾಂತಿನೇ ಬಂದ್ಬಿಡ್ತು.,Disgust
ನನ್ ಆದಾಯದ್ ಮೂಲಗಳ್ಗೆ ಸಂಬಂಧಪಟ್ಟ್ಹಾಗೆ ಏನೆಲ್ಲ ಸಂಭಾವ್ಯ ಅಪಾಯಗಳು ಅಥ್ವಾ ಅನಿಶ್ಚಿತತೆಗಳು ಇದಾವೆ?,Fear
ನಾವ್ ಗುರುತ್ಸಕ್ಕೂ ಸಾಧ್ಯ ಇಲ್ದಿರೋ ಜನ್ರನ್ನ ಹುಡುಕ್ಕೊಂಡ್ ಓಡ್ತಾ ಇರೋದ್ ಬಿಟ್ರೆ ನಮ್ಗೇನ್ ಮಾಡಕ್ಬೇರೆ ಕೆಲ್ಸ ಇಲ್ಲ ಅನ್ಕೊಂಡಿದೀರೇನ್ರಿ?!,Disgust
"ನೀವ್ ನನ್ಹತ್ರ ಇಷ್ಟ್ ಕೀಳಾಗಿ, ಅಸಭ್ಯವಾಗ್ ನಡ್ಕೊಂಡಿದ್ರಿಂದ ನಂಗ್ ಗಾಬ್ರಿ ಆಗಿದ್ಕಿಂತ ಹೆಚ್ಚಾಗಿ ನಿಮ್ಮೇಲೆ ಬೆಂಕಿ ಕಾರೋಷ್ಟ್ ಕೋಪ ಬರ್ತಿದೆ.",Anger
"ಏನ್ ನಂಗೆ ಷೇರ್ ಮಾರ್ಕೆಟ್ ಬಗ್ಗೆ ಅಷ್ಟೂ ಗೊತ್ತಿಲ್ಲ ಅನ್ಕೊಂಡಿದೀರ?! ನಾನೇನ್ ನೀವನ್ಕೊಂಡಿರೋಷ್ಟ್ ದಡ್ಡ ಅಲ್ಲ, ತಿಳ್ಕೊಳಿ.",Anger
"ಏನ್ ನಡೀತಾ ಇದೆ ಅಂತ ನಾನು ನಮ್ಮಪ್ಪ ಅಮ್ಮನ್ಹತ್ರ ನಿಜ ಹೇಳಿದ್ರೆ, ಅವ್ರಿಗೆ ಅದ್ನ ತಡ್ಕೊಳಕ್ಕಾಗತ್ತೋ ಇಲ್ವೋ ಅಂತ ಹೆದ್ರಿಕೆ ನಂಗೆ.",Fear
"ಹೇ, ನಿಮ್ ಮೊಬೈಲ್ ನೆಲದ್ಮೇಲಿದೆ, ಎತ್ಕೊಳಿ ಮೊದ್ಲು ಅದ್ನ.. ನಾನ್ ಡಂಬೆಲ್ಸ್ ಕೆಳಗಿಟ್ರೆ ಮೊಬೈಲ್ ನಜ್ಜುಗುಜ್ಜಾಗತ್ತಷ್ಟೇ.. ಜಿಮ್ನಲ್ಲಿರೋವಾಗ ಸ್ವಲ್ಪ ಎಚ್ಚರ್ಕೆಯಿಂದಿರೋದ್ ಕಲ್ತ್ಕೊಳಿ.",Anger
"ಹಗಲಾರಾತ್ರಿ ಇದ್ರ್ ಮ್ಯಾಲ್ ಕೆಲ್ಸಾ ಮಾಡಿದ್ವಿ, ಒಂದ್ ಸಣ್ ಮಾತಿಗಿ ನಮ್ ಪ್ಲಾನ್ ಬ್ಯಾಡ ಅಂದ್ರು.",Sadness
"ನಿಮ್ ಮಗಂಗೆ ಆ ಥರ ಮೂಗ್ ತೋಡೋದನ್ನ ನಿಲ್ಸೋಕ್ ಹೇಳಿ, ಅಸಹ್ಯ ಆಗತ್ತೆ ನೋಡಕ್ಕೆ.",Disgust
ಈ ವಿಮಾ ಕಂಪ್ನಿಯೋರು ಯಾವಾಗ್ಲೂ ಬರೀ ಸುಳ್ಳ್ ಭರವಸೆಗಳು ಮತ್ತೆ ದಾರಿತಪ್ಸೋ ಥರ ಮಾಹಿತಿ ಕೊಡೋದು.. ನಂಗಂತೂ ಸಾಕ್ ಸಾಕಾಗಿ ಹೋಗಿದೆ.,Disgust
"ನಮ್ ಅಪಾರ್ಟ್ಮೆಂಟ್ ಕಾಂಪ್ಲೆಕ್ಸಲ್ಲಿರೋ ಕಸದ್ ಡಬ್ಬಿ ತುಂಬ್ ತುಳುಕ್ತಿದೆ, ಹೋಗ್ತಾ ಬರ್ತಾ ಅದ್ರ್ ದುರ್ನಾತ ಮೂಗಿಗ್ ಬಡ್ದ್ರೆ ಹೊಟ್ಟೆ ತೊಳ್ಸಿದಂಗಾಗತ್ತೆ.",Disgust
ವಾರಂಟಿ ಅವಧಿ ಇನ್ನೂ ಬಾಕಿಯಿದ್ರೂ ನೀವ್ ಈ ಡಿಫೆಕ್ಟಿವ್ ಪ್ರಾಡಕ್ಟ್ನ ಬದ್ಲಾಯ್ಸ್ ಕೊಡಕ್ ಒಪ್ಪಲ್ಲ ಅಂದ್ರೆ ಏನ್ರೀ ಅರ್ಥ?! ಏನ್ ನನ್ಜೊತೆ ಹುಡ್ಗಾಟ ಆಡ್ತಿದೀರ?!,Anger
"ಎಲ್ಲ್ ನನ್ನ ಟ್ರೋಲ್ ಮಾಡ್ತಾರೋ ಅಂತ ಹೆದ್ರಿ ಕಳ್ದ್ ಒಂದೆರ್ಡ್ ತಿಂಗ್ಳಿಂದ ನಾನ್ ಆನ್ಲೈನಲ್ಲಿ  ಟ್ವಿಟರ್, ಫೇಸ್ಬುಕ್, ಲಿಂಕ್ಡ್ಇನ್ ಎಲ್ಲೂ ಏನ್ನೂ ಬರ್ಯೋದ್ನೇ ನಿಲ್ಸ್ಬಿಟಿದೀನಿ.",Fear
ನಮ್ಮಪ್ಪಂಗ್ ಲಕ್ವ ಹೊಡ್ದ್ ಮೇಲೆ ಸರ್ಯಾಗ್ ಮಾತಾಡಕ್ಕಾಗ್ದೇ ಒದ್ದಾಡ್ತಾರೆ. ಅವ್ರನ್ನ ಸರ್ಯಾದ್ ಕಡೆ ತೋರ್ಸಕ್ಕಾಗ್ತಿಲ್ವಲ ಅಂತ ನನ್ ಮೇಲ್ ನಂಗೇ ಕೆಟ್ಟ್ ಕೋಪ ಬರತ್ತೆ.,Anger
ಡಲ್ಲಾಸಲ್ಲಿ ಹೀಗ್ ಒಂದ್ರ್ ಮೇಲೊಂದ್ ಕೂತಿರೋ ಥರ ಇರೋ ಎಷ್ಟೊಂದ್ ಮೇಲ್ಸೇತುವೆಗಳ್ನ ನೋಡಿ ಕಕ್ಕಾಬಿಕ್ಕಿ ಆಗೋಯ್ತು ನಂಗೆ.,Surprise
ರಾಜೀನಾಮೆ ಕೊಡೋ ನಿಮ್ ನಿರ್ಧಾರದಿಂದ ನಮ್ ಟೀಮಲ್ಲಿ ಮುಂದೆ ಕೌಶಲ್ಯ ಮತ್ತೆ ಅನುಭವ ಇವೆರಡ್ರದ್ದೂ ಸಮತೋಲನ ಕಾಪಾಡ್ಕೊಳೋದ್ ಹೇಗಪ್ಪ ಅಂತ ನಂಗ್ ಯೋಚ್ನೆ ಆಗ್ತಿದೆ.,Fear
"ಆ ಟೀಚರ್ರು ವಿದ್ಯಾರ್ಥಿಗಳ್ ಮುಂದೆ ತಾನ್ ದೊಡ್ಡ್ ಜ್ಞಾನಿ ಅನ್ನೋ ಥರ ಆಡೋದು, ಅವ್ರನ್ನೆಲ್ಲ ಕೀಳಾಗ್ ಕಾಣೋದು ನಿಜಕ್ಕೂ ನಾಚಿಕ್ಗೇಡು.",Disgust
ಏನು?! ಮತ್ತೆ ಹೋದ್ವಾರ ನಾವ್ ನಿಮ್ಮನ್ನ ಕೇಳ್ದಾಗ ಕ್ಯಾಮೆರಾ ಇನ್ಸ್ಟಾಲ್ ಮಾಡಿದೀವಿ ಅಂತ ನಮ್ಹತ್ರ ಸುಳ್ಸುಳ್ಳೇ ಹೇಳಿದ್ದಾ ಹಾಗಾದ್ರೆ?! ಏನ್ ಪೊಲೀಸ್ನೋರ್ ಜೊತೆನೇ ಆಟ ಆಡ್ತಿದೀರ?!,Anger
"ಎರಡ್ ಸಾವಿರದ್ ಹದಿನೆಂಟರಲ್ಲಿ, ವಿಶ್ವಮಟ್ಟದ ಟ್ರ್ಯಾಕ್ ಸ್ಪರ್ಧೆಲ್ ಗೆದ್ದ ಮೊದಲ ಭಾರತೀಯ ಪ್ರಜೆ ಅನ್ನೋ ಹೆಗ್ಗಳಿಕೆಗ್ ಪಾತ್ರರಾಗಿ ಪೋಡಿಯಂ ಮೇಲ್ ನಿಂತಿದ್ದಾಗ, ಹಿಮಾ ದಾಸ್ ಕಣ್ಣಲ್ಲಿ ಸಂತೋಷದ್ ಕಣ್ಣೀರಿತ್ತು.",Happiness
ಆ ಹಾಳಾಗಿರೋ ತಿಂಡಿ ತಿಂದ್ಮೇಲೆ ಯಾಕೋ ನೀವ್ ಹುಷಾರಾಗಿರೋ ಥರ ಕಾಣ್ತಿಲ್ಲ. ನಿಮ್ ಮುಖ ನೋಡಿದ್ರೆ ನಿಮ್ ಆರೋಗ್ಯ ಕೆಟ್ಟಿದೆ ಅನ್ಸ್ತಿದೆ.,Fear
ಬ್ರೇಕ್ಗಳು ಕೆಲ್ಸ ಮಾಡ್ತಾ ಇಲ್ಲ. ನಾನೇನ್ ಮಾಡ್ಲಿ ಈಗ?,Fear
ಹರಟೆ ಹೊಡ್ದಿದ್ ಸಾಕು! ಮಾತಾಡೋದ್ ನಿಲ್ಸಿ ಆಗ್ಬೇಕಾಗಿರೋ ಕೆಲ್ಸದ್ ಕಡೆ ಗಮನ ಕೊಡಿ!,Anger
ಆ ಮೆಕ್ಯಾನಿಕ್ ನನ್ ಕಾರಿಗೆ ಏನೇನ್ ಹೊಸಾದ್ ಹಾಕಸ್ಬೇಕಂತೆಲ್ಲಾ ಭಾಳ ಮಸ್ತ್ ಹೇಳ್ಯಾನ. ಈಗ್ ಅದ್ ಏಕ್ದಂ ನಂಗ ಒಪ್ಪಹಂಗಾಗ್ಯಾದ.,Happiness
ಗ್ರಾಹಕ ನಾಟಿ ಮತ್ ಕೊಯ್ಲು ಮಾಡಕ್  ಈ ಸರ್ತಿ ನಮ ಹತ್ರ ಬೇಕಾದಷ್ಟ್ ಜನ ಇದ್ದಾರೆ ಅಂತ ನಾನ್ ಅನ್ಕೊಂಡಿದ್ದೀನಿ. ಕಳ್ದ ವರ್ಷ ನಮ್ಗೆ ಜನನೇ ಸಾಕಾಗಿಲ್ಲ ಮತ್ ಅದ್ರಿಂದ   ನಾವ್ ತುಂಬಾ ಕಷ್ಟ ಪಟ್ವಿ .,Fear
"ನಾನ್  ಕಳೆ ತೆಗ್ಯಕೆ  ಕಾಂಪೌಂಡ್ನ ಮೂಲೆಗೆ ಹೋದೆ, ಅಲ್ ವಾಸ ಮಾಡಿದ್ ದೊಡ್ ನಾಗ್ರಹಾವನ್  ಕಂಡ್  ನಂಗ್  ನಡ್ಗಕ್ ಶುರು ಆಯ್ತು.",Fear
"ನಾನ್ ಇವತ್ತು ಟಿ.ವಿ. ಆನ್ ಮಾಡೋಕ್ ನೋಡ್ದೆ, ಆದ್ರೆ ಬರೀ ಕಪ್ಪು ಪರದೆ ಅಷ್ಟೇ ಕಾಣ್ತಿದೆ.",Sadness
ಕೌಟುಂಬಿಕ ಸಮಾರಂಭದಲ್ ನನ್ ತಾಯಿ ನನ್ ದಿವಂಗತ ತಂಗಿನ್  ನೆನಪಿಸಿಕೊಂಡಾಗ ನಂಗ್  ದುಃಖ ಆಯ್ತು.,Sadness
"ಬಸ್ ನಿಂತ್ ಹೊಯ್ತು ಅಂತ  ಕಂಡಕ್ಟರ್ ಹೇಳ್ದಾಗ ಅವ್ರ ಮುಖ ಸಣ್ಣದಾಯ್ತು,  ಇದ್ರಿಂದ ನಾವ್  ರಸ್ತೆ ಸಿಕ್ಕಿ ಹಾಕಿಕೊಂಡೆವು.",Sadness
ಡಾಕ್ಟ್ರು ಟೆಸ್ಟ್ ಸ್ಟ್ರಿಪ್ನ ನಂಗ್ ಕೊಡೋ ಮೊದ್ಲು ಅದ್ರ್ ಮೇಲೆ ಸೀನಿದ್ರು.,Disgust
ನೀನು ನಿನ್ ಫೋನ್ಗೆ ಮಿತಿಮೀರ್ ಅಡಿಕ್ಟ್ ಆಗ್ತಿದೀಯ.. ಮೊದ್ಲು ಅದ್ನ ಕಿತ್ಕೊಂಡ್ ಎಲ್ಲಾದ್ರು ನಿನ್ ಕೈಗ್ ಸಿಗ್ದೆ ಇರೋ ಕಡೆ ಇಟ್ಬಿಡ್ತೀನಿ ನಾನು. ಹಗ್ಲೂ ರಾತ್ರಿ ಬರೀ ಇದೇ ಆಗ್ಹೋಯ್ತು.,Anger
ಯಾವಾಗ್ಲೂ ಊಟದ್ ಕೊನೆಲಿ ಸ್ವಲ್ಪ ಮೊಸ್ರನ್ನ ತಿಂದ್ಬಿಟ್ರೆ ನಂಗ್ ಹೊಟ್ಟೆ ತುಂಬಿ ಸಂತೃಪ್ತಿ ಆಗೋಗತ್ತೆ.,Happiness
"ನಾ ಹೋಗ್ತಿದ್ ವಿಮಾನ್ದಲ್ಲಿದ್ದೋನೊಬ್ಬ ಅವ್ನ್ ಪಕ್ಕದ್ ಸೀಟಲ್ಲಿದ್ದೋನು ಕಪ್ಪುಗಿದಾನೆ, ಅವ್ನ್ ಪಕ್ಕ ತಾನ್ ಕೂರಲ್ಲ ಅಂತೆಲ್ಲ ಅವ್ನಿಗ್ ಅವ್ಮಾನ ಮಾಡ್ತಾ ರಂಪ ಎಬ್ಸ್ತಿದ್ದಿದ್ ಕೇಳಿ ನಂಗ್ ತುಂಬಾ ಕಿರಿಕಿರಿ ಆಯ್ತು, ಅದ್ಯಾಕ್ ಹೀಗ್ಮಾಡ್ತಾರೆ.. ಛೇ.",Disgust
"ನಾರ್ಥ್ ಮಿಚಿಗನ್ನ್ಯಾಗ ಕಾಡಹಾದ್ಯಾಗ ಬ್ಯಾರೆ ಹೊಂಟಿವಿ, ಸಿಗ್ನಲ್ ಕಟ್ ಆಗ್ಬಿಡ್ತು ನಂಗ ಯಲ್ಲಿ ಕಳದೋಗ್ತಿವಂತ ಯದಿನೇ ವಡದಿತ್ತು.",Fear
"ನಿಮ್ಮಿಂದಾಗಿ ನನ್ ಜೀವನ್ದಲ್ಲಿ ಎಷ್ಟೆಲ್ಲ ಖುಷಿ, ಸಂತೋಷ ಇದೆ. ನಿಮ್ಮನ್ ಪಡ್ಕೊಂಡಿರದು ನನ್ ಪುಣ್ಯ.",Happiness
ನನ್ಜೊತೆ ಓದ್ತಿದ್ದೋನೊಬ್ಬ ನನ್ಹತ್ರ ದುಡ್ಡ್ ಇಸ್ಕೊಂಡು ಅದ್ನ ವಾಪಸ್ಸೇ ಕೊಡ್ದೇ ನಾಪತ್ತೆ ಆಗೋದ.. ನೆನ್ಸ್ಕೊಂಡ್ರೇ ಈಗ್ಲೂ ಉರ್ಯತ್ತೆ ನಂಗೆ.,Anger
ಅಲ್ಲೆಲ್ಲ ಕಡಲ್ಗಳ್ರು ಜಾಸ್ತಿ ಇರೋದ್ರಿಂದ ನನ್ ಟ್ರಕ್ಗಳ್ನ ಆಫ್ರಿಕಾಗ್ ಕಳ್ಸೋದಂದ್ರೆ ಭಾಳ ಹೆದ್ರಿಕೆ ನಂಗೆ.,Fear
ಆಂಬ್ಯುಲೆನ್ಸ್ ಓಡ್ಸೋನು ಒಳಗಡೆ ಯಾವ್ ರೋಗಿನೂ ಇಲ್ದಿದ್ರೂ ಸುಮ್ಸುಮ್ನೇ ಸೈರನ್ ಬಾರಿಸ್ತಾ ಇದ್ದಿದ್ನೋಡಿ ನಂಗ್ ರೇಜ್ಗೆ ಆಯ್ತು.,Disgust
"ನಾನ್ ಮತ್ತೆ ಅದ್ನ ಪ್ಲಗ್ಗಿಗ್ ಹಾಕಲ್ಲಪ, ಆಗ್ಲೇ ಹಾಕಕ್ ಹೋದಾಗ ಝಗ್ಗ್ ಅಂತ ಷಾಕ್ ಹೊಡ್ದ್ಬಿಡ್ತು, ಕೈಯೆಲ್ಲ ಇನ್ನೂ ನೋವ್ತಿದೆ ನಂಗೆ.",Fear
ಅಪಘಾತದಲ್ಲಿ ನನ್ ಕುಟುಂಬನ್ ಕಳ್ಕೊಂಡಾಗ ನಂಗ್ ಎದೆಯೆಲ್ಲ ಭಾರ ಆಗಿ ಶೂನ್ಯ ಆವರ್ಸಿತ್ತು.,Sadness
"ಸೋಷಿಯಲ್ ಮೀಡಿಯಾದಲ್ಲಿ ನನ್ ಹೆಸ್ರು ಹಾಳ್ಮಾಡಕ್ ನೋಡ್ತೀರಾ? ಆಂ? ಹಾಗ್ಮಾಡಕ್ ಕೈ ಹಾಕಿದ್ದಕ್ಕೆ ನಿಮ್ನೆಲ್ಲ ಕೋರ್ಟ್ಗೆಳೀದೇ ಬಿಡಲ್ಲ ನಾನು, ಕೇಸ್ ಹಾಕಿ ಒಂದೊಂದ್ರುಪಾಯೂ ಲೆಕ್ಕ ಇಟ್ಟು ವಸೂಲ್ ಮಾಡ್ತೀನಿ ನಿಮ್ಗಳ್ಹತ್ರ, ನೋಡ್ತಾ ಇರಿ.",Anger
ಕಳೆದ್ ವೀಕೆಂಡಲ್ಲಿ ಟೆಲಿಸ್ಕೋಪ್ ಮೂಲಕ ಗುರು ಗ್ರಹ ಮತ್ತೆ ಅದ್ರ ಮೂರು ಉಪಗ್ರಹಗಳ್ ಫೋಟೋ ಕ್ಲಿಕ್ಕಿಸಿದ್ಮೇಲೆ ನನ್ ಮಗನ್ ಕಾಲು ನೆಲದ್ ಮೇಲೇ ಇರ್ಲಿಲ್ಲ.,Happiness
ಬಫಲೋ ಡೌನ್ಟೌನಲ್ಲಿರೋ ಆ ಕುಖ್ಯಾತ್ವಾದ್ ಕೊಳಕು ರಸ್ತೆಲಿ ಮನೆ ಇಲ್ದಿರೋ ನಿರ್ಗತಿಕ್ರು ಮತ್ತೆ ಮಾದಕವಸ್ತು ವ್ಯಸನಿಗಳ್ ಮಧ್ಯೆ ಗಾಡಿ ಓಡುಸ್ಕೊಂಡ್ ಬರುವಾಗ ನಂಗ್ ಒಳಗೊಳಗೇ ಏನೋ ಒಂಥರ ಭಯ ಆಗ್ತಿತ್ತು.,Fear
ಕಳ್ರಿಗೆ ಎಷ್ಟ್ ಭಂಡಧೈರ್ಯ ಅಂದ್ರೆ ನಾನಿವತ್ತ್ ಬೆಳಗ್ಗೆ ನನ್ ರೂಮಲ್ಲಿರುವಾಗ್ಲೇ ಪಕ್ಕದ್ ಬೆಡ್ರೂಮಿಗ್ ಬಂದು ಕದ್ಕೊಂಡ್ ಹೋಗಿದಾರೆ.,Disgust
ಏನು?! ನನ್ ನೇಮಕಾತಿ ಆಗೋಕೆ ನಾನಿನ್ನೂ ಒಂದ್ ವಾರ ಕಾಯ್ಬೇಕಾ?! ಏನ್ ಹುಡುಗಾಟ ಏನ್ರಿ.. ನಾನ್ ಖಂಡಿತ ಒಪ್ಪಲ್ಲ ಇದ್ನ!,Anger
"ನನ್ಹತ್ರ ಇದ್ದಿದ್ ಅಷ್ಟ್ ಒಳ್ಳೆ ಹಳೇ ವಾಚ್ ಕೊಟ್ಟು ಅದ್ರ ಬದ್ಲಿಗೆ ರಂಗ್ರಂಗಾಗಿರೋ ಈ ಹೊಸ ವಾಚ್ ಕೊಂಡ್ಕೊಂಡೆ, ಆದ್ರೆ ಇದು ತಗೊಂಡ್ ಒಂದ್ ವಾರ್ದೊಳಗೇ ಕೆಟ್ ಕೂತಿದೆ. ಗಡ್ಯಾರನೂ ಸರಿಯಿಲ್ಲ, ನನ್ ಗ್ರಾಚಾರನೂ ಸರಿಯಿಲ್ಲ.",Sadness
"ಎಷ್ಟ್ ವರ್ಷದಿಂದ ನಿಮ್ಹತ್ರನೇ ಬಂದು ತಗೋತಿಲ್ವಾ ನಾನು.. ನೀವು ನಂಗೇನ್ ಬೇಕೋ ಎಂಥದ್ ಬೇಕೋ ಅರ್ಥ ಮಾಡ್ಕೊಂಡು ಸರ್ಯಾಗ್ ಅದ್ನೇ ತಂದ್ಕೊಡ್ತೀರ, ನಂಗಿನ್ನೇನ್ ಬೇಕಪ್ಪಾ!",Happiness
"ಈ ಉಬರ್ ಡ್ರೈವರ್ಗೊಳು ಸುಮ್ಮ ಮನಸಿಗಿ ಬಂದ್ಹಂಗ ಕ್ಯಾನ್ಸಲ್ ಮಾಡ್ಕೊತ ಇರ್ತಾರ, ನಂಗ ಭಾಳ ಚಿರಡಿಗಿ ಬರ್ತದ, ಅದ್ರಾಗ ಏನರೇ ಅರ್ಜೆಂಟ್ ಮೀಟಿಂಗ್ ಇದ್ರ ಏನ್ ಮಾಡ್ಬೇಕ.",Anger
"ನನ್ನನ್ನ ನಾನ್ ದ್ವೇಷಿಸ್ತೇನೆ, ಯಾಕಂದರೆ ವೈಫಲ್ಯದ್ ಆಲೋಚನೆಯಿಂದ ನಂಗ್ ತುಂಬಾನೇ ಅಸಹ್ಯ ಆಗುತ್ತೆ.",Disgust
ಲಾಯಲ್ಟಿ ಪ್ರೋಗ್ರಾಂ ಮಾಡಿದ್ದೇ ಅವ್ರ್ಗೋಸ್ಕರ ಆದ್ರೂ ಗಿರಾಕಿಗಳು ಅದ್ರ್ ಲಾಭನೇ ತಗೊಳಲ್ಲ.,Sadness
ಟಿವಿ ಎರಡ್ ವರ್ಷ ಬಾಳಿಕೆ ಬರತ್ತೆ ಅಂತ ಹೇಳಿದ್ರಿ ನೀವ್ ನಂಗೆ.ಆದ್ರೆ ಅದು ಮೂರ್ ತಿಂಗ್ಳಲ್ಲೇ ಹಾಳಾಗ್ಕೂತಿದ್ಯಲ್ರೀ!,Anger
ಚೆನ್ನೈಯಿಂದ ಡೆಲ್ಲಿಗ್ ರೈಲ್ ಹುಡ್ಕಕ್ಕೆ ನಂಗ್ ಸಹಾಯ ಮಾಡಿ ಅಂದ್ರೆ ಆ ರೈಲ್ವೆ ಬುಕಿಂಗ್ ಗುಮಾಸ್ತ ಕಿವಿನೇ ಕೇಳಿಸ್ದಂಗೆ ಸುಮ್ನಿದ್ದಿದ್ ನೋಡಿ ನಂಗ್ ಅವ್ನ್ ಮನಸ್ಥಿತಿ ಬಗ್ಗೆನೇ ಅಸಹ್ಯ ಆಯ್ತು.,Disgust
ಈ ಪಾರ್ಟಿದವ್ರು ಕರ್ನಾಟಕದಾಗ ಯಲ್ಲಾರ್ಗಿನೂ ಫ್ರೀದಾಗ್ ಕರೆಂಟ್ ಕೊಡ್ತೀವಿ ಅಂತ ಹೇಳ್ಯಾರ್ ಏನ್ ಯಾಕ್ ಯಲ್ಲಿಂದ್ ಕೊಡ್ತಾರಂತ.,Anger
ಈ ಬ್ರ್ಯಾಂಡಲ್ಲಿ ಕಳೆದ್ ಐದ್ ವರ್ಷಗಳಿಂದನೂ ಯಾವತ್ತೂ ಏನೂ ಸಮಸ್ಯೆ ಆಗಿದ್ದಿಲ್ಲ. ಆದ್ರೆ ಈಗ್ ನಿಮ್ಗ್ ಅದ್ರಲ್ಲೇ ತೊಂದ್ರೆ ಆಗ್ತಿದೆ ಆಂದ್ರೆ ನಂಗ್ ನಂಬಕ್ಕೇ ಆಗ್ತಿಲ್ಲ.,Surprise
"ನಾನೊಬ್ಬ ಮೂರ್ಖ, ಫೋನ್ಗಳು ಹೇಗ್ ಕೆಲ್ಸ ಮಾಡ್ತವೆ ಅಂತ ನಂಗ್ ಅರ್ಥಾಗಲ್ಲ ಅನ್ಕೊಂಡಿದೀರೇನ್ರಿ ನೀವು?!",Anger
"ಅಬ್ಬಾ! ಈ ವಿದ್ಯುತ್ ಕುಕ್ಕರ್ನ ಎನರ್ಜಿ, ಎಫಿಷಿಯಂಟ್ ಫೀಚರ್ಸ್ ಭಾರೀ ಚೆನ್ನಾಗಿವೆ!",Surprise
ನಮ್ ಅಟ್ಟದ್ ಮ್ಯಾಲಿಟ್ಟಿದ್ ಒಂದ ಪೆಟಗ್ಯಾಗ ಅಚಾನಕ್ ಪೊನ್ನಿಯಿನ್ ಸೆಲ್ವನ್ನಿನ್ದು ಒಂದ್ ಕಾಪಿ ಅದೂನೂ ಕಲ್ಕಿ ಸಹಿ ಮಾಡಿದ್ ಸಿಕ್ಕಾಗ ನಂಗ ನಂಬ್ಲಿಕ್ಕೇ ಆಗ್ಲಿಲ್ಲಾ!,Surprise
"ಬೆಂಗ್ಳೂರಿನ್ ಹೋಟೆಲಲ್ಲಿ ರಾತ್ರಿ ಎಂಟ್ ಗಂಟೆಗ್ ಊಟ ಆರ್ಡರ್ ಮಾಡಿದ್ರೆ ರೂಮ್ ಸರ್ವಿಸ್ನೋರು ಎಷ್ಟ್ ಹೊತ್ತಾದ್ರೂ ತಂದೇ ಕೊಡ್ಲಿಲ್ಲ, ನಂಗ್ ಅವ್ರ್ ಮೇಲಿನ್ ಕೋಪಕ್ಕೆ ಪಿತ್ತ ನೆತ್ತಿಗೇರಿತ್ತು.",Anger
ಈ ರೆಸ್ಟೋರೆಂಟ್ಗೆ ಕಾಲಿಡಕ್ಕೇ ಹೆದ್ರಿಕೆ ಆಗತ್ತೆ ನಂಗೆ. ಇಲ್ಲಿನ್ ಇನ್ಫ್ರಾಸ್ಟ್ರಕ್ಚರ್ ಮತ್ತೆ ಇಲ್ಲಿರೋ ಜನ ಭಯಂಕರ್ವಾಗಿದಾರೆ.,Fear
"ನೀವ್ ಕಟ್ಟಿದ್ ಕಾಂಪೌಂಡ್ ಗೋಡೆ ಒಂದ್ ಬದಿಗೇ ವಾಲ್ತಾ ಇದೆ, ‌ಎಷ್ಟ್ ದೊಡ್ ಅನರ್ಥ ಮಾಡ್ಬಿಟ್ರಲ್ಲ! ನನ್ ದುಡ್ಡೆಲ್ಲ ಹೋಯ್ತು, ನಿಮ್ ಗಾರೆ ಕೆಲ್ಸ ಹೇಗಿರುತ್ತೆ ಅಂತ ಕಣ್ಣಿಗ್‌ ರಾಚ್ತಿದೆ ನೋಡಿ.",Anger
"ನೀವ್ ಹೋಗ್ತಾ ಇರೋದು ನಮ್ಗ್ ತುಂಬಾ ಬೇಜಾರಾಗಿದೆ, ನಿಮ್ಗೆ ರೂಮಲ್ಲಾದ್ ತೊಂದ್ರೆಗಳ್ಗೆ ಹೋಟೆಲ್ ಮ್ಯಾನೇಜ್ಮೆಂಟ್ ಕಡೆಯಿಂದ ನಾವ್ ನಿಮ್ಹತ್ರ ಕ್ಷಮೆ ಕೇಳ್ತಿದೀವಿ ಸರ್.",Sadness
ನಂಗ್ ನಿಮ್ ಆರೋಗ್ಯದ್ದೇ ಚಿಂತೆ.. ನಿಮ್ಮನ್ ನೀವು ಚೆನ್ನಾಗ್ ನೋಡ್ಕೊತೀರಿ ಅಂತ ಮಾತ್ಕೊಟ್ರಷ್ಟೇ ನಂಗ್ ಸಮಾಧಾನ ಆಗೋದು.,Fear
"ಕೆಲ್ವು ದುಷ್ಟ ಬಾಡ್ಗೆದಾರ್ರು ತಮ್ದೇ ಮನೆ ಅನ್ನೋ ಹಾಗೆ ಹಿಡ್ತ ಸಾಧ್ಸೋಕ್ ಹೋಗಿ ಪಾಪ ವಾಸಕ್ಕೇಂತ ಬಾಡ್ಗೆ ಮನೆ ಹುಡುಕ್ತಿರೋ ಪ್ರಾಮಾಣಿಕ್ರಾದೋರ್ಗೂ ಕೆಟ್ಟ್ ಹೆಸ್ರು ತರ್ತಾರೆ, ಅಂಥೋರಿಂದಾಗಿ ಯಾರ್ನೂ ನಂಬೋದೇ ಕಷ್ಟ ಆಗೋಗಿದೆ.",Disgust
ಅರೆ ವ್ಹಾ! ಕೊನೇ ಕ್ಷಣದಲ್ ಕೆಲ್ಸ ಮಾಡೋ ನಿಮ್ ಜಾಯ್ಮಾನನ ಬದ್ಲಾಯ್ಸ್ಕೊಂಡು ಹೇಳಿದ್ ಸಮಯಕ್ಕಿಂತ ಮುಂಚಿತ್ವಾಗೇ ಪ್ರಸೆಂಟೇಷನ್ನ ತಯಾರ್ಮಾಡ್ತೀರಿ ಅಂತ ನಾನ್ ನಿರೀಕ್ಷೆನೇ ಮಾಡಿರ್ಲಿಲ್ಲ.,Surprise
ಈ ಕಷ್ಟದ್ ಸಮಯ್ದಲ್ಲಿ ನಾನ್ ನಂಬಕ್ಕಾಗೋಂಥೋರ್ ಯಾರೂ ನನ್ ಜೊತೆಗಿಲ್ಲ.,Sadness
ಮೂರು ಸಾರಿ ಫೋನ್ ಮಾಡ್ ನೆನ್ಪ್‌ ಮಾಡಿದ್ರೂ‌ ಆ ಬೇಕ್ರಿಯವ್ನಿಗೆ ನನ್‌ ಆರ್ಡರ್‌ ನೆನ್ಪಿರ್ಲಿಲ್ಲ ಅಂದ್ರೆ  ಆಕಾಶ ಭೂಮಿ ಒಂದ್‌ ಮಾಡೋಷ್ಟ್ ಕೋಪ ಬರ್ತಿದೆ ನಂಗೆ.,Anger
ರಾಡ್ಗಳ್ನ ತಗೊಂಡ್ಹೋಗ್ತಿದ್ ಟ್ರಕ್ಕು ಇದ್ಕಿದ್ದಂಗೆ ನನ್ ಗಾಡಿ ಮುಂದೆ ಬ್ರೇಕ್ ಹಾಕ್ ನಿಂತ್ಬಿಟಾಗ ನಂಗ್ ಜೀವ ಬಾಯಿಗ್ ಬಂದಂಗಾಗಿತ್ತು.,Fear
ಮಾರ್ಕೆಟ್ ಕುಸ್ದಿರೋದ್ರಿಂದ ಮುಂಬರ್ಲಿರೋ ಕಾರ್ಪೊರೇಟ್ ಅರ್ನಿಂಗ್ಸ್ ಸೀಸನ್ ಬಗ್ಗೆ ನಂಗ್ ಒಂಥರ ಭಯ ಆಗ್ತಿದೆ.,Fear
ಕೌನ್ಸೆಲಿಂಗ್ನ  ಸಮ್ಯದಲ್ ನನ್ ಹಿಂದಿನ್  ಅನುಭವಗಳ್  ಬಗ್ಗೆ  ನಂಗ್  ಹೇಳಕ್  ಹೇಳಿದ್ರೆ  ನನ್ ಬಗ್ಗೆ ಎಲ್ರಿಗೂ  ಗೊತ್ತಾಗುತ್ತಲ್ಲ ಅಂತ ನಂಗ್ ಭಯ ಆಗ್ತಿದೆ.,Fear
"ಟಿ.ವಿ. ಚಾನೆಲ್ಗಳೋರು ನಮ್ ಸುತ್ಲೂ ನಡೀತಾ ಇರೋ ಒಳ್ಳೆ ವಿಷ್ಯಗಳ್ನ ತೋರ್ಸೋ ಬದ್ಲು ಬರೀ ಕೆಟ್ಕೆಟ್ ಸುದ್ದಿಗಳ್ನೇ ದೊಡ್ದಾಗ್ ಮಾಡ್ ಹೇಳೋದು ನಂಗಂತೂ ಭಾರೀ ಕಿರಿಕಿರಿ ಆಗತ್ತೆ, ಸ್ವಲ್ಪನೂ ಜವಾಬ್ದಾರಿ ಇಲ್ಲ ಅವ್ರಿಗೆ.",Anger
"ನಾನ್ ಕ್ಯಾಬಲ್ಲಿ ವಾಪಸ್ ಬರ್ತಿದ್ದಾಗ, ಮಳೆ ಬರೋಕ್ ಶುರು ಆಯ್ತು, ಅದ್ ಸಾಲ್ದೂಂತ ಉದ್ದಕ್ಕೂ ಪೂರ್ತಿ ಟ್ರಾಫಿಕ್ ಜಾಮ್ ಆಗಿತ್ತು.",Sadness
"ಆ ಸಿ.ಇ.ಒ. ಒಬ್ಬ ದೊಡ್ಡ್ ಮೋಸ್ಗಾರ ಅನ್ಸತ್ತೆ, ಒಂದ್ರಾಶಿ ಹಣ ತಗೊಂಡ್ ಓಡ್ಹೋಗ್ಬಿಟಿದಾನೆ ಪಾಪಿ!",Anger
"ಕಾರ್ ತೊಳ್ಯೋ ಸರ್ವಿಸ್ನೋರ್ ಬಗ್ಗೆ ನಂಗ್ ಸಿಕ್ಕಾಪಟ್ಟೆ ಸಿಟ್ಟ್ ಬಂದಿದೆ, ಸ್ವಲ್ಪನೂ ಚೆನಾಗ್ ತೊಳ್ದಿಲ್ಲ ಅವ್ರು.",Anger
"ಧ್ರುವ್, ಮಂಗನಾಟ ಆಡೋದ್ ನಿಲ್ಸು, ಪಾಠದ್ ಬಗ್ಗೆ ಗಮನ ಕೊಡು ಕ್ಲಾಸಲ್ಲಿ!",Anger
ಅವ್ನಿಗೆ ತುಂಬಾ ಇಷ್ಟವಾದ್ ಆಟಗಾರ ಹ್ಯಾಟ್ರಿಕ್ ಹೊಡ್ದಿದ್ದನ್ನ ನೋಡಿ ಟಾಮ್ ಮುಖ ಫಳಫಳ ಅಂತ ಮಿಂಚ್ತಿತ್ತು.,Happiness
ನನ್ಹತ್ರ ನಿಂತ್ಕೊಬೇಡಿ! ಎ.ಟಿ.ಎಂ.ಗೆ ನಾನ್ ನನ್ ಪಿನ್ ಎಂಟರ್ ಮಾಡ್ತಾ ಇರೋದು ಕಾಣ್ತಿಲ್ವಾ ನಿಮ್ಗೆ?! ದೂರ ಇರಿ.,Anger
ನನ್ ಅಪ್ಪ ಅಮ್ಮನ ವಿವಾಹ ವಾರ್ಷಿಕೋತ್ಸವ ಆಚರ್ಸೋಕಂತ ನಾವ್ ಅವ್ರನ್ನ ಹೊರ್ಗಡೆ ಊಟಕ್ ಕರ್ಕೊಂಡ್ ಹೋಗಿದ್ದು ಅವ್ರಿಗ್ ಭಾರೀ ಖುಷಿ ಆಯ್ತು.,Happiness
"ಯುವರಾಜ್ ಸಿಂಗ್ ಸ್ಟುವರ್ಟ್ ಬ್ರಾಡ್ಗೆ ಒಂದ್ ಓವರಲ್ಲಿ ಆರ್ ಸಿಕ್ಸರ್ ಹೊಡ್ದಾಗ ಇಡೀ ಕ್ರಿಕೆಟ್ ಜಗತ್ತೇ ಭಲೇ, ಶಭಾಸ್ ಅಂತ ಸಂಭ್ರಮದಲ್ಲ್ ಮುಳ್ಗಿತ್ತು.",Happiness
ಸಾಮಾನ್ಯವಾಗಿ ಸರಿ ಇರೋ  ಬಸ್ ಎಲ್ಲಿ ಬೇಕಾದ್ರು  ಮಧ್ಯದಲ್ ಕೆಟ್ಟ್ ಹೋಗ್ಬೋದು ಅಂತ  ಕಂಡಕ್ಟರ್ ಹೇಳ್ದಾಗ  ನಂಗ್ ನಂಬಕ್  ಸಾಧ್ಯ ಆಗ್ಲಿಲ್ಲ!,Surprise
ಪ್ರೊಫೆಸರ್ರಾಗಿ ತಮ್ ವಿದ್ಯಾರ್ಥಿ ಒಬ್ಬನ್ನೇ ಭಯೋತ್ಪಾದಕಂಗ್ ಹೋಲ್ಸುದ್ರೆ ಯಾರ್ಗೇ ಆಗ್ಲಿ ಪಿತ್ತ ನೆತ್ತಿಗೇರ್ದೇ ಇರತ್ತಾ?!,Anger
ಕ್ಯಾಬಿನೆಟ್ಗಳಿಗೆ ಪಾರ್ಟಿಕಲ್ ಬೋರ್ಡ್ ಬಳ್ಸೋದು ನಂಗ್ಯಾವತ್ತೂ ಇಷ್ಟ ಆಗಲ್ಲ. ಅದು ತೀರಾ ಕೆಟ್ದಾಗ್ ಕಾಣತ್ತೆ ಮತ್ತೆ ನನ್ ಮನ್ಸಲ್ಲಿರೋ ನಾಜೂಕಾದ್ ಒಳ್ಳೆ ಲುಕ್ನ ಪೂರ್ತಿ ಹಾಳ್ ಮಾಡ್ಬಿಡತ್ತೆ.,Disgust
"ಬಾಡಿಗೆ ಮನೆಲಿ  ಮೀಸಲಾದ ಹೋಮ್ ಜಿಮ್ ಜಾಗನ ನೋಡಿ  ನಂಗ್  ನಿಜ್ವಾಗ್ಲೂ  ಸಂತೋಷ ಆಯ್ತು, ಅದಕ್ಕೇನೆ ಅದ್ರ ಬೆಲೆ ಜಾಸ್ತಿ ಆಗ್ತದೆ.",Surprise
ಕೊಲ್ಕತ್ತಾದಲ್ಲಿ ಬಸ್ಗಳ್ ಸ್ಥಿತಿ ತುಂಬಾನೇ ಕೆಟ್ದಾಗಿದೆ! ಅದೆಷ್ಟ್ ಸರ್ತಿ ಕೆಟ್ ನಿಂತ್ಕೋತಾವೆ ಅಂದ್ರೆ ಅದ್ರಲ್ಲ್ ಹೋಗ್ತಿರೋರು ಅರ್ಧ ದಾರಿಲಿ  ಅತಂತ್ರ ಆಗ್ಬಿಡೋ ಹಾಗಾಗತ್ತೆ.,Disgust
"ಹೇ ಸುಧಾ, ನೀನು ಹೊಸ ಹೇರ್ ಕಟ್ ಮಾಡಿಸ್ಕೊಂಡಿದೀಯ! ನಂಗ್ ನಿನ್ ಗುರ್ತೇ ಸಿಗ್ಲಿಲ್ಲ!",Surprise
ಆ ಸಿನ್ಮಾದಲ್ಲಿ ಮತಾಂಧ್ರು ಅಷ್ಟ್ ಚಿಕ್ ಹುಡ್ಗನ್ನ ಗುಂಡಿಕ್ಕಿ ಕೊಲ್ಲೋದ್ ನೋಡ್ತಾ ನಾನ್ ಕಣ್ಣೀರಾದೆ.,Sadness
ಎಲ್ರೂ ಭಾರೀ ಇಷ್ಟಪಡೋ ಆ ಜಾಗಕ್ ನಾನ್ ಹೋದ್ ದಿನ ಅಲ್ಲಿ ಸಿಕ್ಕಾಪಟ್ಟೆ ಜನಜಂಗುಳಿ ಇದ್ದಿದ್ರಿಂದ ಗೈಡ್ ಹತ್ರ ಅದ್ರ ಇತಿಹಾಸನ ಸರ್ಯಾಗ್ ಕೇಳ್ ತಿಳ್ಕೊಳಕ್ಕಾಗ್ಲಿಲ್ಲ ಅಂತ ನಂಗ್ ತುಂಬಾನೇ ಬೇಜಾರಾಯ್ತು.,Sadness
ನಾವು ತ್ರೈಮಾಸಿಕ ವರದಿ ಸಲ್ಸೋ ಅವಧಿ ಇನ್ನೇನ್ ಹತ್ರದಲ್ಲಿದೆ. ಇನ್ನೂ ಕಂಪ್ನಿಯ ಹಣಕಾಸಿನ್ ಪರಿಸ್ಥಿತಿ ಬಗ್ಗೆ ಏನೂ ಸರ್ಯಾಗ್ ಮಾಹಿತಿ ಕೊಡ್ದೇ ಕತ್ಲಲ್ಲಿಟ್ಟಿರೋದ್ಕೆ ಕೆಟ್ಟ್ ಕೋಪ ಬರ್ತಿದೆ ನಂಗೆ.,Anger
ತಮ್ ಗಿರಾಕಿಗೊಳ್ ಸೇಫ್ಟಿ ಕಡೆ ಚೂರೂ ಕಿಮ್ಮತ್ತ್ ಇರ್ಲಾರ್ದೇ ಅಸೈ ಕ್ವಾಲಿಟಿ ವೈರಿಗಿ ಛೊಲೋ ಅಂದ್ ಮಾರಿ ಬರೀ ತಮ್ ಫಾಯಿದಾ ನೋಡ್ಕೊತಾರಲಾ ಅಂಥಾ ವ್ಯಾಪಾರಂದ್ರ ನಂಗ ಹೇಸ್ಗಿ.,Disgust
"ಓಹ್ ದೇವ್ರೇ, ನಾನ್ ಒಂದೇ ಹೊತ್ತಲ್ಲಿ ಎರ್ಡೆರಡ್ ಕಾಮನ್ಬಿಲ್ಲ್ ನೋಡ್ದೆ ಅಂದ್ರೆ ನನ್ ಕಣ್ಣ್ ನಂಗೇ ನಂಬಕ್ಕಾಗ್ತಿಲ್ಲ!",Surprise
"ಒಂದೆರಡ್ ವಾರದ್ ಹಿಂದೆ ಅಷ್ಟೇ, ಲೇನ್ ಬದ್ಲಾಯ್ಸೋಕೆ ಎಷ್ಟ್ ಹೆದರ್ತಿದ್ದೆ ನಾನು, ಆದ್ರೆ ಈಗ ಹೈವೇಲೇ ಗಾಡಿ ಓಡ್ಸೋಕಾಗಿದ್ದು ದೊಡ್ಡ್ ಸಾಧ್ನೆ ಮಾಡ್ದಂಗ್ ಅನ್ಸ್ತಿದೆ.",Happiness
"ಎದ್ರುಗಿದ್ ವ್ಯಕ್ತಿಗೆ ನಾನ್ ಕಪಾಳಮೋಕ್ಷ ಮಾಡ್ದ್ ಹಾಗೆ ಹಲ್ಲ್ ಕಚ್ಕೊಂಡು ಮುಷ್ಠಿ ಬಿಗಿಹಿಡ್ದು ಹೇಗೋ ತಡ್ಕೊಂಡಿದ್ದೆ, ಅಷ್ಟ್ ರೇಗ್ಹೋಗಿತ್ತು ನಂಗೆ.",Anger
ಗುಡಿಗ್ ಹೋಗ್ ಬಂದ್ ಮ್ಯಾಲ ಖರೇನೇ ಭಾಳ ತೃಪ್ತ್ಯಾಗ್ಯಾದ.,Happiness
"ಕಂಪ್ನಿ ಮುಖ್ಯಸ್ಥ್ರು ಈ ವಿಫಲವಾಗ್ತಿರೋ ಪ್ರಾಜೆಕ್ಟ್ನ ಈಗಾಗ್ಲೇ ಕೈತೊಳ್ಕೊಂಡ್ಬಿಟಿದಾರೆ ಅನ್ಸತ್ತೆ, ಅವ್ರು ನಮ್ ಸಹಾಯಕ್ ನಿಲ್ದೇ ಇರೋದು ನಿಜಕ್ಕೂ ನಾಚಿಕ್ಗೇಡು.",Disgust
"ನಾನ್ ಎಷ್ಟ್ ಮುಖ್ಯವಾದ್ ಮೀಟಿಂಗಿಗ್ ಹೊರ್ಟಿದ್ದಿದ್ದು ಅಂತ ಗೊತ್ತೇನ್ರಿ ನಿಮ್ಗೆ, ಈಗ ಇದ್ರಿಂದಾಗಿ ಅದಕ್ ಹೋಗಕ್ಕಾಗ್ಲಿಲ್ಲಾಂದ್ರೆ ಸಾವ್ರಾರ್ ರುಪಾಯ್ ನಷ್ಟ ಆಗತ್ತೆ ನಂಗೆ! ಊಹುಂ! ನೀವದೇನ್ ಮಾಡ್ತೀರೋ ನಂಗೊತ್ತಿಲ್ಲ, ಒಟ್ನಲ್ಲಿ ನಾನ್ ಹೋಗ್ಲೇಬೇಕು ಅಷ್ಟೇ.",Anger
"ಈ ರೆಸ್ಟೋರೆಂಟ್ ಮೆನುಲಿ ಚೂರೂ ವೆರೈಟಿನೇ ಇಲ್ಲ, ಹತ್ತ್ ವರ್ಷದಿಂದ್ಲೂ ಅದದೇ ಊಟ, ತಿಂಡಿಗಳೇ ಇವ್ಯಪ್ಪ.",Disgust
ಕಾರ್ಪೊರೇಷನ್ನೋರ್ ಬಂದು ಎಲ್ಲ ಕ್ಲೀನ್ ಮಾಡ್ ಹೋದ್ಮೇಲೆ ಮತ್ತೆ ಅಲ್ಲೇ ಹೋಗ್ ಕಸ ಹಾಕೋ ಜನ್ರನ್ ಕಂಡ್ರೆ ನಂಗ್ ಹೇಸ್ಗೆ ಆಗತ್ತೆ.,Disgust
ಇದ್ಕಿದ್ದಂಗೆ ನಿಮ್ ಆದಾಯ ಇಷ್ಟೊಂದ್ ಜಾಸ್ತಿ ಆಗಿದೆ ಅಂದ್ರೆ ಯಾರೋ ಹೂತಿಟ್ಟಿದ್ ನಿಧಿ ಏನಾದ್ರೂ ಸಿಕ್ತಾ ಹೇಗೆ?!,Surprise
ನಾವು ನಮ್ ಲ್ಯಾಪ್ಟಾಪಲ್ಲಿ ಏನೇನ್ ಮಾಡ್ತೀವೋ ಅದ್ನೆಲ್ಲ ಅವ್ರು ನೋಡ್ತಾ ಇರ್ತಾರೆ ಅಂತ ಟೆಕ್ನಿಕಲ್ ಟೀಮ್ನೋರು ಹೇಳಿದಾರೆ.,Fear
ನೀವು ಗ್ರಾಹಕ್ರ ಮಾತ್ನ ಕೇಳೋಲ್ಲ ಅಂದ್ಮೇಲೆ ಅವ್ರ್ ಹತ್ರ ಫೀಡ್ಬ್ಯಾಕ್ ಯಾಕ್ರೀ ಕೇಳ್ತೀರಿ?,Anger
ಬಾಡ್ಗೆ ಮನೆಲಿರೋ ದೊಡ್ಡ್ ಸ್ಟಡಿ ರೂಮ್ನ ಬಣ್ಣಬಣ್ಣದ್ ಆರ್ಟ್ ಸ್ಟುಡಿಯೋ ಆಗ್ ಬದ್ಲಾಯ್ಸೋಕೆ ನನ್ಕೈಲಿನ್ನು ಕಾಯಕ್ಕಾಗಲ್ಲ. ಕೊನೆಗೂ ಕಲೆ ಬಗ್ಗೆ ನಂಗಿರೋ ಆಸಕ್ತಿಗೆ ಇಂಬು ಸಿಗೋಂಥ ಜಾಗ ಸಿಕ್ಕಿದೆ.,Happiness
ಅಹಮದಾಬಾದ್ ವಿಮಾನ ನಿಲ್ದಾಣದ ರನ್ವೇನ್ಯಾಗ ಒಂದ್ ಅಡಿ ನೀರ್ ನಿಂತಾವ ನೋಡಿ ನಂಗ ಖರೇನ ಸುಳ್ಳ ಅನಸ್ತು.,Surprise
ವೈರಸ್ ಅಟ್ಯಾಕ್ಸ್ ಆದ್ರೆ ಅಂತ ಭಯಕ್ಕೆ ಹೊರಗ್ನೋರಿಂದ ನಮ್ ಕಂಪ್ನಿಲ್ ಕೆಲ್ಸ ಮಾಡೋರ್ಗೆ ಇಮೇಲ್ಗಳೇ ಬರ್ದೇ ಇರೋ ಹಾಗ್ ಮಾಡ್ಬಿಟಿದಾರೆ ನಮ್ ಕಂಪ್ನಿಲಿ.,Fear
"ನಾನ್ ಆನ್ಲೈನಲ್ಲಿ ಲ್ಯಾಪ್ಟಾಪ್ ಆರ್ಡರ್ ಮಾಡಿದೀನಿ, ಆದ್ರೆ ಈಗ ನಮ್ ಅಕ್ಕಪಕ್ಕದ್ ಮನೆಯೋರಲ್ಲೊಬ್ರು ಅದೇ ಥರ ಆರ್ಡರ್ ಮಾಡಿದ್ದೋರ್ಗೆ ಲ್ಯಾಪ್ಟಾಪ್ ಬದ್ಲು ಇಟ್ಟಿಗೆ ಬಂದಿರೋದ್ ನೋಡಿ ನಂಗ್ ಎದೆ ಢವಢವಾಂತ ಹೊಡ್ಕೊತಿದೆ, ನಂಗೂ ಹಾಗೇ ಆಗ್ಬಿಟ್ರೆ ಏನ್ ಗತಿ!",Fear
"ಹೇ ಏನಂತಿ ನನ್ ಕನಸ್ನ್ಯಾಗ್ ಶಂಕರಾಚಾರ್ರು ಬಂದಿದ್ರು, ನಾ ಅವ್ರನ್ ಕಂಡ್ ಅವಾಕ್ಕಾಗ್ ನಿಂತ್ಬಿಟ್ಟಿದ್ನಿ.",Surprise
ಹೋದ್ ಮೂರ್ಸಲನೂ ನನ್ ಸೈಜಿ಼ನ್ ಷರ್ಟ್ ಸಿಗ್ದೇ ಬೇರೆ ಕಡೆ ಹೋಗ್ಬೇಕಾದಾಗ್ಲೇ ನಂಗ್ ಗೊತ್ತಾಗ್ಬೇಕಿತ್ತು ನಿಮ್ದೆಷ್ಟ್ ಡಕೋಟ ಅಂಗ್ಡಿ ಅಂತ.,Anger
"ಈ ಅಂಗ್ಡಿಲಿ ಈಗಾಗ್ಲೇ ಬಳ್ಸಿರೋ ಪುಸ್ತಕಗಳ್ನ ಮಾರಾಟ ಮಾಡ್ತಾರೆ ಅಂತ ಹೇಳಿದ್ರು ನಂಗೆ, ಆದ್ರೆ ಈ ಪುಸ್ತಕಗಳೆಲ್ಲ ಹರ್ದ್ಹೋಗಿ ಅಧ್ವಾನ್ವಾಗ್ ಕಾಣ್ತಿವೆ.",Disgust
ಅಫ್ಘಾನಿಸ್ತಾನ್ದಲ್ಲಿ ತಾಲಿಬಾನ್ ಮೇಲುಗೈ ಸಾಧ್ಸಿರೋದ್ರಿಂದ ಅಲ್ಲಿನ್ ಮಹಿಳೇರ್ ಭವಿಷ್ಯ ಚಿಂತಾಜನಕ್ವಾಗಿದೆ.,Fear
"ಈಗ ಎಲ್ಲಾ ಪರೀಕ್ಷೆಗಳು ಮುಗ್ದಿರೋದ್ರಿಂದ, ಕೊನೆಗೂ ನಾನ್ ಫುಟ್ಬಾಲ್ ಆಡೋಕ್ ಹೋಗ್ಬೋದು.",Happiness
ಮಾರ್ಕೆಟ್ಟಲ್ಲಿ ಕೊಳ್ತೋಗಿರೋ ಆ ಹಣ್ಣಿನ್ ಹತ್ರ  ನಾನಂತೂ ಹೋಗಲ್ಲಪ್ಪ.,Disgust
ರೆಸ್ಟೋರಂಟ್ನೋರು ಅನಿರೀಕ್ಷಿತ್ವಾಗಿ ಬರ್ತ್ಡೇ ಕೇಕ್ನ ನನ್ ಹೆಂಡ್ತಿ ಮುಂದೆ ತಂದಿಟ್ಟಾಗ ಅವ್ಳಿಗದ್ನ ನಂಬಕ್ಕೇ ಆಗ್ಲಿಲ್ಲ.,Surprise
ಇವತ್ತು ಈ ಅಂಗ್ಡಿಲಿರೋ ಪ್ರತಿಯೊಂದ್ ವಸ್ತುಗೂ ಒಂದ್ ತಗೊಂಡ್ರೆ ಇನ್ನೊಂದ್ ಉಚಿತ ಅಂತ ಆಫ಼ರ್ ಇರೋದು ಗೊತ್ತಾ ನಿಮ್ಗೆ?,Surprise
ಅಲ್ಲಾ ಛಾಪುಡಿ ಡಬ್ಬಿಗಿ ಇಷ್ಟ್ ಸಿಂಗಾರ ಮಾಡಿ ಭಾರಿ ಗಿಫ್ಟ್ ಅನ್ನಂಗ ಮಾಡ್ಬೌದು ಅಂತ ನಂಗ ಯಂದೂ ಹೊಳದಿರ್ಲಿಲ್ಲ ಬಿಡು.,Surprise
"ಜನ ಚೆನ್ನಾಗ್ ಕೆಲ್ಸ ಮಾಡ್ತಿದಾರೆ ಅಂದ್ರೂ ಪ್ರತೀವರ್ಷ ಅವ್ರಿಗ್ ಬಡ್ತಿ ಕೊಡ್ತಾ ಇದ್ರೆ ಅದು ಅಷ್ಟ್ ಸರಿಯಲ್ಲ, ಕಂಪ್ನಿಗೂ ಒಳ್ಳೇದಲ್ಲ ಅನ್ನೋ ಸಾಮಾನ್ಯ ಪ್ರಜ್ಞೆನೂ ಇಲ್ವಾ ನಿಮ್ಗೆ?!",Disgust
"ಒಂದ್ ಮಸ್ತ್ ಕೆಲ್ಸ ಮಾಡಬೇಕಂತ ಮುಂದ್ ನಿಂತಿದ್ದೆ ಆದ್ರ ಟಾಪ್ ಮ್ಯಾನೆಜ್ಮೆಂಟಿನವ್ರ ನಂಗ್ ಒತ್ತಾಸೆ ಕೊಡಲಿಲ್ಲ, ನನಗ ಈಗ್ ಆ ಕೆಲ್ಸದಾಗಿನ್ ಮನ್ಸೇ ಹೋಗ್ಯಾದ.",Sadness
"ಆದಿಪುರುಷ್ ಸಿನ್ಮಾ ಟಿಕೆಟ್ ತಗೊಂಡಿದ್ಯಾ.. ನಿಮ್ಮನೆಯೋರೆಲ್ಲ ಅದ್ನ ನೋಡುದ್ಮೇಲೆ ಅವ್ರ್ ಹತ್ರ ಸರ್ಸರ್ಯಾಗ್ ಬೈಸ್ಕೊಳಕ್ ರೆಡಿಯಾಗಿರು, ನಿನ್ ನೋಡ್ತಿದ್ರೆ ಪಾಪಚ್ಚಿ ಅನ್ಸ್ತಿದೆ.",Sadness
ಇನ್ನೂ ಮೂರು ಗಂಟೆ ಕಾಲ ವಿಮಾನ ಟೇಕಾಫ್ ಆಗೋದಿಲ್ಲ. ಎಂಜಿನಲ್ಲಿ ಸ್ವಲ್ಪ ಸಮಸ್ಯೆ ಆಗಿದೆ.,Sadness
"ಮೇಡಂ, ನಾನು ಸಾಲಲ್ಲಿ ಮೊದ್ಲು ಬಂದಿದೀನಿ, ಆದ್ರಿಂದ ಅವ್ನು ಮೊದ್ಲು ನನ್ ಬೈಕಿನ್ ಟೈರ್ಸ್ ತುಂಬಿಸ್ಬೇಕು.",Anger
"ಬೇಗ ನನ್ನನ್ನ ದೋಣಿ ಮೇಲ್ ಎಳ್ಕೊಳಿ, ನೀರಲ್ಲಿ  ಶಾರ್ಕ್ ಇದೆ.",Fear
"ನಿಮ್ ಹತಾಶೆ ನಂಗ್ ಅರ್ಥಾಗತ್ತೆ, ಗುಣಮಟ್ಟದ್ ವಿಷ್ಯದಲ್ಲಿ ಆಗಿರೋ ಸಮಸ್ಯೆಗಳ್ನ ಪರಿಹರ್ಸೋಕೆ ನಾನ್ ಸಾಧ್ಯ ಇರೋ ಎಲ್ಲಾ ಆಯ್ಕೆಗಳ್ನೂ ನೋಡ್ತೀನಿ.",Sadness
ಅವ್ರು ರಾಜಕೀಯ ಲಾಭಕ್ಕೋಸ್ಕರ ಭಯ ಮತ್ತೆ ಒಡೆದಾಳೋ ನೀತಿನ್ ಬಳಸ್ತಿರೋದ್ ನೋಡ್ತಿದ್ರೆ ನಂಗ್ ತಡ್ಕೊಳಕ್ಕಾಗ್ದಷ್ಟ್ ಕೋಪ ಬರ್ತಿದೆ.,Anger
ನನ್ ಮಗ ಇಷ್ಟಪಟ್ಟಿದ್ ಸೈಕಲ್ ಕೊಡ್ಸಕ್ಕೂ ನನ್ಹತ್ರ ದುಡ್ಡಿಲ್ವಲ ಅನ್ನೋದೇ ಯಾವಾಗ್ಲೂ ನನ್ ತಲೆಲ್ ಕೊರೀತಾ ಇರತ್ತೆ.,Sadness
ನಿಮ್ ವಾಹನ್ದಲ್ಲಿ ಉಜ್ಜ್ಹೋಗಿರೋ ಭಾಗನ ರಿಪೇರಿ ಮಾಡಿ ಅದು ಮತ್ತೆ ಮೊದ್ಲಿನ್ ಥರ ಫಳಫಳಾಂತ ಹೊಳ್ಯೋ ಹಾಗ್ ಮಾಡಕ್ಕೆ ಪೂರ್ತಿ ಉತ್ಸಾಹದಲ್ಲಿದೀನಿ ನಾನಿವತ್ತು!,Happiness
"ನಾನು ಮೊದ್ಲೆಲ್ಲ ಹತ್ತ್ ಮೈಲಿ ಈಜ್ತಿದ್ದೆ, ಆದ್ರೆ ಈಗ ಒಂದ್ ಮೈಲಿ ಈಜೋ ಹೊತ್ಗೇ ಸುಸ್ತಾಗ್ಬಿಡತ್ತೆ ನಂಗೆ.",Sadness
ನಿಮ್ ಲ್ಯಾಪ್ಟಾಪಲ್ಲಿ ಇಂಟರ್ನೆಟ್ಗೆ ಕನೆಕ್ಟ್ ಆಗಿರುವಾಗೆಲ್ಲ ನಿಮ್ ಮುಖದಲ್ಲೊಂದ್ ನಗು ಇರೋದ್ನೋಡುದ್ರೆ ನಿಮ್ಗೆ ಇಂಟರ್ನೆಟ್ ಭಾರಿ ಇಷ್ಟ ಅಂತ ಕಾಣತ್ತೆ!,Happiness
ಅಮ್ಯೂಸ್ಮೆಂಟ್ ಪಾರ್ಕ್ನ್ಯಾಗ್ ಶಿಸ್ತ್ ಸೇಫ್ಟಿ ಇಡಬೇಕಂತೂ ತಿಳಿಯಲ್ಲಲಾ ಈ ಮಂದಿಗಿ.. ಎಷ್ಟ್ ಅಲಕ್ಷ್ಯಾ ಮಾಡ್ಯಾರ್ ನೋಡ್ರಿ!,Disgust
ನಾವ್ ಗಾಡಿ ಓಡ್ಸೋ ದಾರಿಲಿ ನಿರ್ಮಾಣ ಸಾಮಗ್ರಿಗಳ್ನೆಲ್ಲ ಬಿಸಾಕಿದ್ರೂಂತ ಆ ಅಂಗ್ಡಿಯೋರ್ಗೂ ನಂಗೂ ಮಾತಿನ್ ಚಕಮಕಿ ಆಯ್ತು.,Anger
"ರಜೆ ಕಳ್ಯೋಕೆ ಟೂರ್ ಹೋಗೋಣಾಂತಿದ್ನಲ್ಲ, ಒಂದ್ ಪ್ರವಾಸಿ ಸಂಸ್ಥೆಯಿಂದ ಒಳ್ಳೆ ರೇಟ್ಸ್ ಸಿಕ್ಕಿವೆ ನಂಗೆ.",Happiness
ಜನ ನನ್ ಬಗ್ಗೆ ಏನೇನ್ ಒಳ್ಳೆ ಮಾತಾಡ್ತಾರೋ ಎಲ್ಲದ್ನೂ ಕೇಳಕ್ಕಿಷ್ಟ ನಂಗೆ. ಇನ್ನೂ ಒಳ್ಳೆ ಕೆಲ್ಸಗಳ್ನ ಮಾಡಕ್ಕೆ ಸ್ಫೂರ್ತಿ ಸಿಗತ್ತೆ ಅದ್ರಿಂದ.,Happiness
"ಈ ಹೋಟಲ್ದವ್ರು ನಾ ಬಂದ್ ಮ್ಯಾಲ್ ಬಂದವ್ರಿಗ ಮೊದ್ಲ್ ತಿಂಡಿ ಕೊಟ್ರು, ನಂಗ್ ಸಿಡಿಸಿಡಿಯಾಗೋಯ್ತು.",Anger
ಹಿಂದ ನಾ ಜೀವನ್ದಾಗ ಯಲ್ಲೆಲ್ಲಿ ಸೋತಿದ್ದೆ ಅವೆಲ್ಲಾದರ್ಲಿಂದ ನನ್ ಮನಸಿನ್ ಮ್ಯಾಲ್ ವಜ್ಝ  ಹೆಚ್ಚಾಗ್ಲಿಕತ್ತಿತ್ತು ಅಂತ ತಿಳಕೊಂಡ ಭಾಳ ಹೌಹಾರ ಹಾಗನಸ್ತು. ನಾ ಆರಾಮಾಗ್ಲಿಕ್ಕಿ ಆ ಮಾತುಕಥಿ ಭಾಳ ಬೇಕಾಗಿತ್ತ.,Surprise
ನೀವ್ಯಾಕೆ ಜವಾಬ್ದಾರಿ ಇಲ್ದಿರೋರ್ ಥರ ಆಡ್ತೀರ? ಯಾವಾಗ್ಲೂ ಕುಡ್ಕೊಂಡು ತಡರಾತ್ರಿ ಮನೆಗ್ ಬರ್ತೀರಿ.,Anger
ನೀನ್ ಪ್ರತೀಸಲ ಮಾಡೋ ಥರನೇ ಈ ವರ್ಷನೂ ಈ ಕೋರ್ಸಲ್ಲ್ ಚೆನ್ನಾಗ್ ಮಾಡ್ತೀಯ ಅಂತ ನಂಗ್ ವಿಶ್ವಾಸ ಇದೆ.,Happiness
"ಹೌದು ಭಟ್ರೇ, ನಂಗಿವತ್ತು ಅಡ್ಗೆ ತುಂಬಾ ಇಷ್ಟ ಆಯ್ತು. ಎಲ್ಲ ಪದಾರ್ಥಗಳೂ ತುಂಬಾ ತಾಜಾ ಮತ್ತೆ ರುಚ್ಯಾಗಿದ್ವು.",Happiness
"ಈ ಸಲ ನಮ್ ಬೆಳೆಗಳೆಲ್ಲ ಸಮೃದ್ಧವಾಗ್ ಬಂದಿವೆ ಅಂದ್ರೆ ಅದೆಲ್ಲ ನಮ್ ಕೃಷಿ ಕಾರ್ಮಿಕ್ರ ಬೆವರು, ಪರಿಶ್ರಮದ್ ಫಲ.. ಅವ್ರು ಎಷ್ಟ್ ಕಷ್ಟ ಪಟ್ಟಿದಾರೆ ಅನ್ನೋಕೆ ಇದ್ಕಿಂತ ಸಾಕ್ಷಿ ಬೇಕಿಲ್ಲ. ಅದ್ರ್ ಬಗ್ಗೆ ಯೋಚಿಸ್ತಿದ್ರೆ ನಾವೆಲ್ಲ ಒಳ್ಳೆ ಸಾಧ್ನೆ ಮಾಡಿರೋ ಸಂತೃಪ್ತ ಭಾವ ಮೂಡ್ತಿದೆ.",Happiness
ನಂಗೀ ಷರ್ಟು ನಿಜ್ವಾಗ್ಲೂ ತುಂಬಾ ಇಷ್ಟ ಆಯ್ತು. ಇದೇ ಬಣ್ಣನೇ ಹುಡುಕ್ತಿದ್ದಿದ್ದು ನಾನು.,Happiness
"ಛೇ! ಈ ಬ್ಯಾಂಕಲ್ಲಿ ಜನ್ರನ್ನ ಸಮಾಜ್ದಲ್ಲಿ ಅವ್ರಿಗಿರೋ ಸ್ಥಾನಮಾನದ್ ಆಧಾರದ್ಮೇಲೆ ನಡೆಸ್ಕೊತಾರೆ, ಮುಖ ನೋಡ್ ಮಣೆ ಹಾಕ್ತಾರೆ.",Disgust
ಇಲ್ಲಪ್ಪ! ಅಷ್ಟೊಂದ್ ಜಾಸ್ತಿ ಬಡ್ಡಿದರ ಇರೋ ಸಾಲದಲ್ಲಿ ನಮ್ಗೆ ಆಸಕ್ತಿ ಇಲ್ಲ.,Disgust
ಪ್ರತಿದಿನ ಬೆಳಗ್ಗೆ ಎರಡ್ ಗಂಟೆಗೇ ಕೊಯಂಬೇಡು ಮಾರ್ಕೆಟ್ಟಿಗ್ ಹೋಗೋ ಹೂವ್ ಮಾರೋರ್ ಪರಿಶ್ರಮದ್ ಬಗ್ಗೆ ನಂಗ್ ಬೆರಗಾಗತ್ತೆ.,Surprise
ಆ ತಿಂಡಿನ ಅವ್ರು ನನ್ ಮೇಜಿನ್ ಮೇಲಿಟ್ಟ್ ತಕ್ಷಣ ಅದ್ರದ್ದೇನೋ ವಿಚಿತ್ರ ವಾಸ್ನೆ ಮೂಗಿಗ್ ಬಡ್ದು ಅದ್ರಲ್ಲ್ ಒಂದ್ ತುತ್ತು ತಗೊಳಕ್ಕೂ ನಂಗ್ ಕೈ ಮುಂದೆ ಬರ್ಲಿಲ್ಲ.,Disgust
"ಅವ್ರ್ ಹತ್ರ ಇನ್ನು ಮಾತ್ರೆಗಳಿಲ್ಲ, ಎಲ್ಲ ಖಾಲಿ ಆಗಿದೆ ಅಂತ ಹೇಳುದ್ರು ಅವ್ರು. ನಾವಿನ್ನೂ ಎರಡ್ ದಿನ ಕಾಯ್ಬೇಕಾಗತ್ತೆ.",Sadness
"ಅಬ್ಬಾ ಅಂತೂ ಯಾವ್ದೇ ಹೈರಾಣಿಲ್ದಂಗ ನಾ ಒಂದ್ ತುಂಬಿದ್ ಸಿಲಿಂಡರ್ ಬಳಸ್ಭೌದು, ಇದ್ ನಂಗ ಮತ್ ನಮ್ ಮನಿಯವ್ರೆಲ್ಲಾರಿಗೂ ಛೊಲೋ.",Happiness
"ನಿಮ್ ಲೇಖನ ಎಷ್ಟ್ ತಮಾಷೆಯಾಗಿತ್ತೂಂದ್ರೆ ಓದ್ವಾಗ ಮೊದ್ಲಿಂದ ಕೊನೆವರ್ಗೂ ನಗ್ತನೇ ಇದ್ದೆ ನಾನಂತೂ.. ಭಾಳ ಖುಷಿ ಆಯ್ತು ಬಿಡಿ, ಮನ್ಸೆಲ್ಲ ಹಗೂರ ಆಗ್ಹೋಯ್ತು ನಂಗೆ.",Happiness
ಯಪ್ಪಾ ಹಿಂಗ್ ಕೊರಿಯ ಅಂಥ ಇನ್ನೂ ಒಂದ್ ಭಾಷ್ಣನೂ ನಾವ್ ಕೇಳ್ಬೆಕಂತಾರ ಇವ್ರು.,Disgust
ಮಧುಮೇಹನ ಪೂರ್ತಿಯಾಗ್ ನಿವಾರ್ಸೋ ಥರ ಯಾವ್ದೇ ಚಿಕಿತ್ಸೆ ಇಲ್ಲ ಅಂತ ಡಾಕ್ಟ್ರು ಹೇಳುದ್ರು ನಂಗೆ.,Sadness
"ಒಬ್ಬ ಅಕೌಂಟೆಂಟ್ ಆಗಿ, ನಂಗ್ ಈ ವ್ಯಾಪಾರಸ್ಥ್ರು ತಮ್ ಹಣಕಾಸಿನ್ ದಾಖ್ಲೆಗಳ್ನ ಸರ್ಯಾಗಿಟ್ಕೊಳ್ದೇ ಇರೋದು ಮತ್ತೆ ಲೆಕ್ಕಪತ್ರಗಳ್ನ ಚೂರೂ ವ್ಯವಸ್ಥಿತ್ವಾಗ್ ನಿರ್ವಹಣೆ ಮಾಡ್ದಿರೋದೆಲ್ಲ ನೋಡ್ನೋಡಿ ನಂಗಂತೂ ಸಾಕಾಗ್ಬಿಟ್ಟಿದೆ.. ಇದ್ರಿಂದಾಗಿಟ್ಯಾಕ್ಸ್ ಫೈಲಿಂಗ್ ಎಷ್ಟ್ ಕಷ್ಟ ಆಗತ್ತೆ ಅಂತ ನಮ್ಗಷ್ಟೇ ಗೊತ್ತು.",Disgust
"ಥೂ ಅಸಹ್ಯ್, ಕೆಲ ಮಂದಿ ವಿದ್ಯಾರ್ಥಿಗೊಳು ಕ್ಯಾಂಪಸ್ ತುಂಬಾ ಕಸಾ ವಕಾಟ್ತಾರ.",Disgust
"ಇಂಥದ್ದನ್ನ ಅನುಭವ್ಸೋದು ಎಷ್ಟ್ ಕಷ್ಟ ಅಂತ ನಂಗೊತ್ತಿದೆ! ಇದನ್ ಎದುರಿಸೋದ್ರಲ್ಲಿ ನಾನ್ ನಿನ್ ಜೊತೆನೇ ಇರ್ತೀನಿ, ಸಮಾಧಾನ ಮಾಡ್ಕೋ.",Sadness
"ರೂಮ್ ಸರ್ವಿಸ್ಗೋಸ್ಕರ ನಾನ್ ಕೇಳಿದ್ದಿದ್ದು ಸರ್ಯಾಗಿತ್ತಾ, ಅವ್ರಿಗ್ ಅರ್ಥ ಆಯ್ತೋ ಇಲ್ವೋ ಅಂತ ಯಾಕೋ ಕಳವಳ ಆಗ್ತಿದೆ, ನಾನ್ ಈ ಹೋಟ್ಲಲ್ ಇರ್ತಾ ಎಂಟು ಗಂಟೆ ಕಳ್ದಾಯ್ತು, ಇನ್ನೂ ಯಾರೂ ಬಂದಿಲ್ವಲ್ಲ!",Fear
ನಾವಷ್ಟ್ ದೂರ್ದಿಂದ ಇಲ್ಲಿಗ್ ಬಂದ್ಮೇಲೆ ನಿಮ್ಮಲ್ಲಿ ದೊಡ್ಡ್ ವಾಹನಗಳ್ನ ನಿಲ್ಸೋಕ್ ಜಾಗ ಇಲ್ಲ ಅಂತಂದ್ರೆ ನಾವೇನ್ರಿ ಮಾಡ್ಬೇಕು? ಮೊದ್ಲೇ ತಿಳ್ಸಿರ್ಬೇಕು ತಾನೇ ನೀವಿದ್ನೆಲ್ಲ!,Anger
ಚೆನ್ನೈಯಿಂದ ದುಬೈಗೆ ನನ್ ವಿಮಾನ ತಡ ಆಗಿದ್ರಿಂದ ನಾನ್ ವಾಷಿಂಗ್ಟನ್ನಿಗ್ ಹೋಗ್ಬೇಕಿದ್ ಕನೆಕ್ಟಿಂಗ್ ಫ್ಲೈಟೇ ತಪ್ಪ್ಹೋಯ್ತು.,Sadness
ಸ್ಟಾಕ್ ಬೆಲೆಗಳು ಈ ಥರ ಕುಸೀತಾ ಇರೋದ್ ನೋಡ್ತಿದ್ರೆ ನಂಗ್ ತುಂಬಾ ಆತಂಕ ಆಗ್ತಿದೆ.,Fear
"ಡ್ರೈವಿಂಗ್ ಸ್ಕೂಲಲ್ಲಿ ಇನ್ನೂ ಸುಮಾರೆಲ್ಲ ಕಲ್ಯೋದ್ ಬಾಕಿಯಿದ್ರೂ ಆ ಕೊಳಕಾಗಿರೋ ಡ್ರೈವಿಂಗ್ ಸಿಮ್ಯುಲೇಟರ್ನ ಬಳಸ್ಬೇಕಲ ಅನ್ನೋಕೆ ಯಾವ್ ಟ್ರೈನಿಂಗೂ ಬೇಡ, ಸಾಕು ಅನ್ಸ್ಬಿಟಿದೆ.",Disgust
"ಸ್ವಲ್ಪನೂ ಸಹಾಯ ಮಾಡ್ದೇ ಉಲ್ಟಾ ನಮ್ಮೇಲೇ ಒರ್ಟೊರ್ಟಾಗ್ ಮಾತಾಡ್ತರಲ್ರೀ ನಿಮ್ ಕೆಲ್ಸ್ದೋರು! ಅವ್ರ್ ಹತ್ರ ನಾನಿನ್ನೇನೂ ಮಾತಾಡಕ್ ಹೋಗಲ್ಲ, ನೀವೇ ಉತ್ರ ಕೊಡ್ಬೇಕ್ ನಂಗೆ.",Anger
ಆ ಮಾರ್ಗದರ್ಶಿ ಪುಸ್ತಕ್ದಲ್ಲಿ ರೋಮ್ನಲ್ಲಿರೋ ಒಳ್ಳೆ ರೆಸ್ಟೋರಂಟ್ಸ್ ಅಂತ ಹೇಳಿದ್ದಿದ್ ಯಾವ್ದೂ ಚೆನಾಗಿರ್ಲಿಲ್ಲ.,Sadness
ಪ್ಯಾರಿಸ್ಸಲ್ಲಿ ಸದಾ ಸಡಗರದಿಂದ ತುಂಬಿರೋ ಕೆಫೆಗಳು ಅವ್ಗಳ್ ಮುಂದೆ ನಡ್ಕೊಂಡ್ ಹೋಗೋ ಜನ್ರನ್ನ ನೋಡ್ತಾ ಕೂರಕ್ಕೆ ಹೇಳ್ಮಾಡ್ಸಿದ್ ಜಾಗದ್ ಥರ ಇರತ್ವೆ.,Happiness
"ಆ ಮೆಕ್ಯಾನಿಕಗೊಳು ಕಾರಿಗೇನಾಗ್ಯಾದಂತ ಕಂಡ್ ಹಿಡಿಯದರಾಗ ತಾವ್ ದೊಡ್ ಎಕ್ಸ್ಪರ್ಟ್ ಅಂತ ಹೇಳ್ಕೊತಾರ, ಆದ್ರ ನೋಡ್ ಏನೋ ಭಾರಿ ,ಡಯಾಗ್ನೋಸ್ಟಿಕ್ ಟೆಸ್ಟ್,ಗೊಳಂತ, ಅದು ಮಾಡ್ಲಾರ್ದೇ ಅವ್ರಿಗಿ ಕಾರಿಗೆ ಏನಾಗ್ಯಾದ ಹೇಳ್ಲಿಕ್ನೂ ಬಂದಿಲ್ಲ, ಮತ್ ಮ್ಯಾಲ ನಾ ಮನಿಮಠಾ ಮಾರಬೇಕ್ ಅಂಥಾಪರಿ ರೊಕ್ಕಾ ಕೇಳ್ಳಿಕತ್ತಾರ.",Anger
ಆ ಫ್ರೆಂಚ್ ಆಟಗಾರ್ರು ಬರೀ ಹತ್ತ್ ಅಡಿ ದೂರ್ದಿಂದ ನನ್ಕಡೆಗೆ ಭಯಂಕರ ಫೋರ್ಸಲ್ಲಿ ಚೆಂಡನ್ನ ಒದ್ರು. ನಂಗೆ ಮೈಯೆಲ್ಲ ಮರಗಟ್ಟಿದ್ಹಾಗೆ ಆಗೋಯ್ತು.,Fear
ಪಂದ್ಯ ನೋಡಕ್ಕೇಂತ ನಾನೇನಾದ್ರೂ ಮಧ್ಯರಾತ್ರಿಲ್ ಎದ್ರೆ ನಮ್ಮಪ್ಪ ನಂಗೆ ಗ್ರಾಚಾರ ಬಿಡಿಸ್ಬೋದು.,Fear
ಭಾರತ್ದಲ್ಲಿ ಜನ್ರು ಇಷ್ಟ್ ಅಸ್ತವ್ಯಸ್ತವಾಗಿರೋ ಟ್ರಾಫಿಕ್ ವ್ಯವಸ್ಥೆನ ಯಾವ್ದೇ ತೊಂದ್ರೆಯಿಲ್ದೇ ನಿಭಾಯ್ಸೋದ್ ನೋಡಿದ್ರೆ ನಂಗಂತೂ ತುಂಬಾ ಆಶ್ಚರ್ಯ ಆಗತ್ತಪ್ಪ.,Surprise
"ವಾಹ್, ಮೂಲ ಸೇವಾ ಪ್ಯಾಕೇಜನಾಗ್  ತೈಲ ಬದ್ಲಾವಣೆ, ಟೈರ್ ತಿರ್ಗುವಿಕೆ ಮತ್ ಪೂರ್ತಿ ತಪಾಸಣೆ  ಇಷ್ಟೆಲ್ಲಾ  ಬರುತ್ತೆ  ಅಂತ ನಾನ್ ಯಾವತ್ತೂ ಅನ್ಕೊಂಡಿರಲಿಲ್ಲ ನಾ ಯೋಚನೆ ಮಾಡಿದ್ದಕ್ಕಿಂತ ಜ್ಯಾಸ್ತಿನೆ ಅದಾವ್ !",Surprise
ಹೊಸ ತೆರಿಗೆ ಕಾನೂನ್ಗಳು ಸಖತ್ತಾಗಿವೆ! ನಾನ್ ಈ ವರ್ಷ ಕಡ್ಮೆ ತೆರಿಗೆ ಕಟ್ಬೋದು!,Surprise
ಷರ್ಟಿನ್ ಅಳತೆ ನಂಗ್ ಹೇಳ್ಮಾಡ್ಸಿರೋ ಹಾಗಿದೆ. ಇದ್ರಲ್ಲಿ ಇನ್ನೂ ಚೆನಾಗ್ ಕಾಣ್ತಿದೀನಿ ನಾನು.,Happiness
ಅರೆರೇ! ನಡ್ಕೊಂಡ್ ಹೋಗೋಷ್ಟ್ ಹತ್ರದಲ್ಲೇ ಶಾಲೆ ಇದೆ ಅಂದ್ರೆ ಭರ್ಜರಿ ಆಯ್ತಿದು! ನನ್ ಮಕ್ಳಿಗೆ ಈ ಜಾಗ ಹೇಳ್ ಮಾಡಿಸ್ದಂಗಿದೆ.,Surprise
"ಈ ಸಾಫ್ಟ್ವೇರ್ ಕ್ವಾಲಿಟಿ ಚೂರೂ ಚೆನಾಗಿಲ್ಲ, ಪ್ರತೀ ಸಲ ಬಳ್ಸಕ್ ಹೋದಾಗ್ಲೂ ಕ್ರ್ಯಾಷ್ ಆಗ್ತಾ ಇದೆ.",Disgust
"ಈ ರಾಜ್ಯದಲ್ಲಿ ಇಲ್ಲಿನ್ ಜನ್ರು ಕಷ್ಟಪಟ್ಟ್ ದುಡ್ಯೋ ಕಾರ್ಮಿಕ್ರು ಅಂತ್ಲೂ ನೋಡ್ದೇ ಪದೇ ಪದೇ ನಮ್ಮೇಲ್ ಹಲ್ಲೆ ಮಾಡ್ತಿದಾರೆ, ನಾವ್ ಆದಷ್ಟ್ ಬೇಗ್ನೆ ಈ ಊರ್ ಬಿಡೋದ್ ಒಳ್ಳೇದು, ಇಲ್ಲೇ ಇದ್ರೆ ಇವ್ರ್ ನಮ್ನ ಉಳ್ಸಲ್ಲ.",Fear
ನಾನ್ ತೀರ್ಸ್ ಬೇಕಾಗಿರೋ ಸಾಲದ್ ಬಗ್ಗೆ ಯೋಚ್ನೆ ಮಾಡ್ದಾಗೆಲ್ಲ ನಂಗ್ ಮಂಕ್ ಕವ್ದಂಗ್ ಆಗೋಗತ್ತೆ.,Sadness
"ಆ ನೌಕ್ರಿ ಬಿಟ್ಮ್ಯಾಲ್ ಅಲ್ಲಿನೌರ್ ಒಬ್ರೂ ನಂಗ್ ಕೇಳಲ್ಲಾಗ್ಯಾರಲ, ನಂಗ್ ಭಾಳ ಬ್ಯಾಸರಾಗ್ಯಾದ ನಾ ಒಬ್ಬಂಟಾಗೀನಿ ಅನಸ್ತದ.",Sadness
ಬಿಡಿಭಾಗಗಳ್ನ ಬದ್ಲಾಯ್ಸೋಕೆ ರಾಶಿ ದುಡ್ಡ್ ಸುರ್ಯೋ ಬದ್ಲು ರಿಪೇರಿ ಮಾಡ್ಸಣ ಅನ್ಕೊಂಡ್ರೆ ರಿಪೇರಿಗೂ ಅಷ್ಟೊಂದ್ ಖರ್ಚ್ ಬೀಳತ್ತೆ ಅಂತ್ ಗೊತ್ತಾಗಿ ಏನ್ ಮಾಡ್ಸಕ್ಕೂ ಉತ್ಸಾಹನೇ ಇಲ್ದಂಗಾಗಿದೆ.,Sadness
ಕೇಕ್ಗೆ ತಪ್ಪು ಫ್ಲೇವರ್ನ ಆಯ್ಕೆ ಮಾಡ್ಬಿಡ್ತಿನೇನೋ ಅಂತ ಒಂದೇ ಗಾಬ್ರಿ ನಂಗೆ.,Fear
ಆ ಬಸ್ ಬರ್ತಿದ್ ಹಾಗೇ ನಂಗ್ ತುಂಬಾ ಬೇಜಾರಾಗೋಯ್ತು. ನಾನ್ ಮತ್ತೆ ಯಾವಾಗ್ ವಾಪಸ್ ಬರ್ತೀನೋ ಗೊತ್ತಿಲ್ಲ ನಂಗೆ.,Sadness
ನಾನ್ ಒಂದ್ರಾಶಿ ದುಡ್ಡ್ ತೆತ್ತಿ ಒದ್ದಾಡ್ಕೊಂಡ್ ಸ್ಟೇಡಿಯಂಗ್ ಹೋದ್ರೆ ಸಿ.ಎಸ್.ಕೆ. ಟೀಮ್ನೋರು ಕೆಟ್ದಾಗ್ ಆಡಿ ಹೀನಾಯ್ವಾಗ್ ಸೋತ್ಹೋದ್ರು. ಸರ್ಯಾಗ್ ಆಡಕ್ ಏನ್ ಧಾಡಿ ಇವ್ರಿಗೆ!,Anger
ಚಂದ್ರಯಾನ ರಾಕೆಟ್ ಆಕಾಶಕ್ಕೇರೋದ್ ನೋಡಿ ನಂಗ್ ಆದ್ ಆನಂದ ಅಷ್ಟಿಷ್ಟಲ್ಲ.,Happiness
ಎತ್ರದ್ ಜಾಗ ಅಂದ್ರೆ ಎಲ್ಲಿ ಕೆಳಗ್ ಬಿದ್ಬಿಡ್ತೀನೋ ಅಂತ ನಂಗ್ ಎದೆಯೆಲ್ಲ ಹೊಡ್ಕೊಳತ್ತೆ.,Fear
"ಇವತ್ತಿಲ್ಲಿ ಎಷ್ಟೊಂದ್ ಜನ, ಗೌಜಿ ಇದ್ರೂ ನಾವ್ ಆರ್ಡರ್ ಮಾಡಿದ್ ತಿಂಡಿ ಇಷ್ಟ್ ಬೇಗ ಟೇಬಲ್ಲಿಗ್ ಬರತ್ತೆ ಅಂತ ನಾನ್ ಅನ್ಕೊಂಡೇ ಇರ್ಲಿಲ್ಲ.",Surprise
"ತಂಗಿ ಪುಟ್ಟೂ, ನೀನ್ ಹೀಗೇ ಇಷ್ಟ್ ಕಡ್ಮೆ ಊಟ ಮಾಡ್ತಾ ಇದ್ರೆ ಚೂರೂ ಶಕ್ತಿನೇ ಇಲ್ದಂಗ್ ಆಗೋಗ್ತೀಯ ಅಷ್ಟೇ.",Fear
"ರಾತ್ರಿ ಕರೆಂಟ್ ಹೋಗಿದ್ದಾಗ, ಎಲ್ಲ ಎಷ್ಟ್ ಪ್ರಶಾಂತ್ವಾಗಿತ್ತು ಗೊತ್ತಾ.. ಜೊತೆಗ್ ತಂಗಾಳಿನೂ ಬೀಸ್ದಾಗ ಇಲ್ಲೇ ಸ್ವರ್ಗ ಅನ್ಸ್ಬಿಡ್ತು ನಂಗೆ.",Happiness
ನಾನ್ ಅವ್ರ್ ಕ್ಲೈಂಟು! ವಕೀಲ್ರ ಕಚೇರಿಗ್ ನುಗ್ಗಿ ಉತ್ರ ಕೇಳೋ ಹಕ್ಕಿದೆ ನಂಗೆ! ಅವ್ರ್ ನಂಗೆ ಉತ್ರ ಕೊಡ್ಲೇಬೇಕು!,Anger
ನಾನ್ ಈ ಸಲ ಚಳಿಗಾಲ್ದಲ್ ರಜೆ ಕಳ್ಯೋಕೆ ಆ ಗಿರಿಧಾಮಕ್ಕಂತೂ ಖಂಡಿತ ಹೋಗಲ್ಲಪ್ಪ. ಅಲ್ಲಿ ಯಾವ್ದೋ ಗುಂಪ್ನೋರು ಪ್ರವಾಸಿಗ್ರನ್ನೆಲ್ಲ ಹಿಂದುಮುಂದು ನೋಡ್ದೇ ಕೊಚ್ಚಿ ಕೊಲೆ ಮಾಡ್ತಿರೋ ವರದಿಗಳ್ನ ನೋಡಿ ನಂಗದ್ರ್ ಬಗ್ಗೆ ಯೋಚ್ನೆ ಮಾಡಕ್ಕೂ ಭಯ ಹತ್ತೋಗಿದೆ.,Fear
"ನಾವ್ ಎಲ್ಲಿಳಕೋಬೇಕಂತ ಬುಕ್ ಮಾಡ್ಸಿದ್ವಲಾ ಅದ್ ಆನ್ಲೈನ್ನ್ಯಾಗ್ ಹಾಕಿದ್ ಫೋಟೊಗಳ್ಹಂಗ್ ಇರ್ಲೇಇಲ್ಲಾ, ಭಾಳ ಬ್ಯಾಸ್ರಾತು.",Sadness
"ಅಬಾಬಾಬಾ ನಂ ಮನಿತನಾ ಇಪ್ಪತ್ತೈದ್ ಸಾವರ ವರ್ಷದ್ ಹಿಂದಿನ್ ಸೈಬೀರಿಯಾದ್ ಮಾಲ್ಟಾ ಬಾಯ್ಲಿಂದ್ ಬಂದದಂತ ಜೀನ್ ಟೆಸ್ಟಿನ್ಯಾಗ್ ಗೊತ್ತಾಗಿ, ನಂಗ್ ಅಗ್ದಿ ಆಶ್ಚರ್ಯಾತು.",Surprise
ಅವ್ನು ಚೆಂಡಿನ್ ಜೊತೆಗೆ ತುಂಬಾ ವೇಗ್ವಾಗ್ ಓಡ್ತಾನೆ!,Surprise
ಯೇ ಹಿಂಗ್ ಹಿಮ ಬೀಳ್ಲಿಕತ್ತಾಗ ಅಮೆರಿಕಾದ್ ಆ ಸಣ್ ಊರಿಗೆ ಗವರ್ಮೆಂಟಿನ್ ಗಾಡ್ಯಾಗ್ ಹೋಗುದ್ ಬ್ಯಾಡೋಪಾ.. ನಂಗ್ ಹುಷಾರೇ ತಪ್ದಂಗ್ ಆಕ್ಕೈತಿ.,Fear
"ಷೇರ್ ಮಾರ್ಕೆಟ್ ಈ ಪಾಟಿ ಕುಸ್ದಿರೋದ್ ನೋಡಿದ್ರೆ, ಇನ್ನೊಂದಷ್ಟ್ ತಿಂಗ್ಳು ಮಾರ್ಕೆಟ್ ಮೇಲೇಳಲ್ವೇನೋ ಅನ್ಸ್ತಿದೆ.",Fear
ವಿಯೆಟ್ನಾಮಲ್ಲಿ ವಸಂತಕಾಲ್ದಲ್ ನಡ್ಯೋ ಈ ಸಾಂಪ್ರದಾಯಿಕ್ವಾದ್ ಸುಗ್ಗಿ ಹಬ್ಬ ನೋಡಿ ನನ್ ಕಣ್ಣಿಗೂ ಹಬ್ಬ ಆಯ್ತು! ನಂಗ್ ಇಷ್ಟ್ ದಿನ ಇದ್ರ್ ಬಗ್ಗೆ ಗೊತ್ತೇ ಇರ್ಲಿಲ್ಲ.,Surprise
"ಅದ್ಭುತ! ಕೊನೇ ಓವರಲ್ಲಿ ಯುವರಾಜ್ ಒಂದಾದ್ಮೇಲೊಂದು ಮೂರ್ ಸಿಕ್ಸರ್ ಬಾರ್ಸ್ಬಿಟ್ಟ, ನಮ್ ತಂಡ ಗೆದ್ಬಿಡ್ತು.",Surprise
ಥು.. ಆ ಇಬ್ರು ಹುಡುಗ್ರು ಆ ಅಜ್ಜಿದ್ ಲ್ಯಾಪ್ಟಾಪಲ್ಲಿ ಅವ್ರ್ ಬ್ಯಾಂಕ್ ಪಾಸ್ವರ್ಡ್ ಕಂಡ್ಕೊಳಕ್ ಪ್ರಯತ್ನ ಪಡ್ತಿದಾರೆ.,Disgust
ಅಲ್ಲಾ ನಾ ಏನರೇ ಹೇಳಿ ಕಸ್ಟಮರ್ಗ ಖುಷ್ ಆಗಿಲ್ಲಂತ ಸಲಾಸಲ ಅಂಗ್ಡಿದ್ ಪಾಲಿಸಿ ಬದಲಾಸ್ಕೋತ ಕೂತ್ರ ಇದ್ ಯಲ್ಲಿಮುಟ್ತದ?,Fear
"ನಂಗ್ ತುಂಬಾ ಇಷ್ಟವಾದ್ ಲೇಖಕ್ರ ಪುಸ್ತಕಗಳ್ನೇ ಉಡ್ಗೊರೆ ಕೊಟ್ಟಿದೀರಲ, ನಿಮ್ಗ್ ಹೇಗ್ ಗೊತ್ತಾಯ್ತು?! ನಂಗ್ ಮಾತೇ ಹೊರಡ್ತಿಲ್ಲ!",Surprise
"ಈ ಅಂಗ್ಡಿಲಿ ಯಾವಾಗ್ಲೂ ಅದದೇ ಹಾಡ್ಗಳ್ನೇ ಅದೆಷ್ಟ್ ಸಲ ಹಾಕ್ತಾರಪ್ಪ, ನಂಗಂತೂ ಕೇಳಿ ಕೇಳಿ ತಲೆಚಿಟ್ಟ್ ಹಿಡ್ದಿದೆ.",Disgust
"ನನ್ ಪಕ್ಕದ್ ಮನೆಯೋನು ಯಾವತ್ತೂ ತೆರಿಗೆ ಕಟ್ಟಲ್ಲ, ಅಲ್ದೇ ಅದ್ನ ಬೀದಿಯೋರ್ಗೆಲ್ಲ ಸಾರ್ಕೊಂಡು ದೊಡ್ಡ್ ಸಾಧ್ನೆ ಮಾಡ್ದೋರ್ ಥರ ಕೊಚ್ಕೊಳೋದ್ ಬೇರೆ.. ಇನ್ನದೆಷ್ಟ್ ಮಾನಗೆಟ್ಟೋನ್ ಇರ್ಬೇಕ್ ಅವ್ನು.",Disgust
"ಅವ್ನು ಮನೆಲ್ಲೇ ಪಿಜ್ಜಾ ಮಾಡಿದ್ದಿದ್ ನಂಗ್ ಸಿಕ್ಕಾಪಟ್ಟೆ ಇಷ್ಟ ಆಯ್ತು, ಭಾಳ ರುಚ್ಯಾಗಿತ್ತದು.",Happiness
ಕೊನೆಗೆ ನಂಗ್ ಬೇಕಾಗಿರೋ ಥರದ್ದಲ್ದೇ ಬೇರೆದೇ ಫರ್ನೀಚರ್ ಕಳ್ಸ್ಬಿಡ್ತಾರೇನೋ ಅಂತ ಗಾಬ್ರಿ ಆಗ್ತಿದೆ ನಂಗೆ.,Fear
ನಂಗೆ ಡ್ರಾಯಿಂಗ್ ಕ್ಲಾಸ್ ಅಂದ್ರೆ ಸಿಕ್ಕಾಪಟ್ಟೆ ಇಷ್ಟ. ನಮ್ಗ್ ಯಾವ್ ಬಣ್ಣ ಇಷ್ಟನೋ ಅದ್ರಲ್ಲೇ ಚಿತ್ರ ಬಿಡಿಸ್ಬೋದು ನಾವು.,Happiness
"ಉಸ್ತವಾರಿ ಏನ್ ಭಾರೀ ಕೆಲ್ಸಾ ಮಾಡ್ಯನಂತಿ ನಾ ಉಬ್ಬೇಬಿಟ್ಟೆ, ಮತ್ ನಮ್ ಗಿರಾಕಿಗೊಳಿಗಿ ಆಫೀಸ್ ಸ್ವಚ್ಛ್ ಮಾಡಸ್ಕೊಡದೂ ನಮ್ದೊಂದ್ ಸರ್ವೀಸ್ ಅಂತ ಮಾಡಿನಿ.",Surprise
"ನಾನು ಬೆಳಬೆಳಗ್ಗೆನೇ ಬೀಚ್ ಹತ್ರ ಹೋಗಿದ್ದೆ, ಆದ್ರೆ ಮೋಡ ಕವಿದಿದ್ರಿಂದ ನಂಗೆ ಸೂರ್ಯೋದಯ ನೋಡೋಕಾಗ್ಲಿಲ್ಲ.",Sadness
ನ್ಯೂಸ್ಪೇಪರ್ ಜೊತೆಗೆ ನೀವ್ ಹಾಕ್ತಿರೋ ಮ್ಯಾಗಜೀ಼ನ್ಗಳು ಒಂದೊಂದೂ ಭಾಳ ಚೆನಾಗಿವೆ. ಬೇರ್ಬೇರೆ ವಿಷ್ಯಗಳ್ ಬಗ್ಗೆ ಓದಿ ತಿಳ್ಕೊಳಕ್ಕೆ ಒಳ್ಳೆ ದಾರಿ ಇದು.,Happiness
ನಮ್ ಗ್ರಾಹಕ್ರಿಂದ ನೆಗೆಟಿವ್ ಫೀಡ್ಬ್ಯಾಕ್ ಬಂದಿದ್ನೋಡಿ ನನ್ ಉತ್ಸಾಹ ಎಲ್ಲ ಜರ್ರಂತ ಇಳ್ದೋಗಿದೆ.,Sadness
"ಈ ಬ್ಯಾಂಕಿನವ್ರು ಎಮ್ಮಿ ಮೇಯ್ಸ್ತಿದ್ರ ಅಥ್ವಾ ಏನ್ ಮಾಡ್ಯಾರರೇ ಹೇಳು, ನನ್ ಪರ್ಸನಲ್ ಮಾಹಿತಿ ಯಲ್ಲಾ ಸಿಕ್ಕದ ಹ್ಯಾಕರ್ಗಳಿಗಿ, ಇವ್ರು ಹಂಗಾಗ್ಲಿಕ್ಕಿ ಬಿಡಬಾರ್ದಲಾ.",Anger
"ಆ ಕೊರಿಯರ್ ಕಂಪ್ನಿಯೋರ್ ಸರ್ವಿಸ್ ಎಷ್ಟ್ ಕೆಟ್ದಾಗಿತ್ತು ಅಂದ್ರೆ ಛೇ, ನನ್ ಪ್ಯಾಕೇಜ್ನ ಸ್ವಲ್ಪನೂ ಸರ್ಯಾಗ್ ನೋಡ್ಕೊಂಡಿಲ್ಲ ಅವ್ರು, ಅದ್ನವ್ರ್ ತಂದ್ಕೊಟ್ಟಾಗ ಎಲ್ಲ ಕಿತ್ತೋಗಿ ಪೂರ್ತಿ ಹಾಳೆದ್ದೋಗಿತ್ತು.",Disgust
ಭಾರತದ್ ಫುಟ್ಬಾಲ್ ತಂಡನ ಏಷ್ಯಾಡ್ಗೆ ಕಳ್ಸೋ ಬಗ್ಗೆ ಐ.ಒ.ಎ. ಮತ್ತೆ ಎ.ಐ.ಎಫ್.ಎಫ್. ಕಿತ್ತಾಡ್ತಿರೋದ್ ನೋಡುದ್ರೆ ಪಿತ್ತ ನೆತ್ತಿಗೇರ್ತಿದೆ.,Anger
ನನ್ ಒಡಹುಟ್ಟಿದೋರ್ ಜೊತೆ ಒಂದೇ ಸಮ್ನೇ  ಜಗ್ಳಗಳಾಗಿ ಆಗಿ ಸಾಕಾಗೋಗಿದೆ ನಂಗಂತೂ. ನಾವ್ ಒಂದ್ಸಲನಾದ್ರೂ ಹೊಂದ್ಕೊಂಡ್ ಹೋಗೋಕ್ಕಾಗೋದೇ ಇಲ್ವಾ?!,Anger
ಕೆಲವ್  ಮೂಲಭೂತ ಸೌಲಭ್ಯಗಳು ಇಲ್ ಸಿಗುತ್ತೆ ಅಂತ ನಾನ್ ಇಲ್ಲಿಗೆ ಬಂದ್ರೆ ಅರ್ಧದಷ್ಟು ಉಪಕರಣಗಳ್  ಸರಿ ಇರಲ್ಲಿಲ್ಲ  ಮತ್ ಒಂದ್ ಚೂರು ಸ್ವಚ್ಛ ಇಲ್ಲ. ಇದ್ಕ್ಕಿಂತ ಒಳ್ಳೇದೇ  ತೋಗೊಬಹುದ್.,Anger
ಬಸ್ ಡ್ರೈವರ್ ಹೆದ್ದಾರಿಲಿ ಸ್ಟಂಟ್ಮ್ಯಾನ್ ತರ ಡ್ರೈವ್  ಮಾಡ್ದಾಗ ನಂಗ್  ಸಿಟ್ ಬಂತು.,Anger
"ನಂಗೆ ಸರ್ಯಾಗ್ ಒಂದ್ ನಿಮ್ಷನೂ ಫ್ರೀ ಹ್ಯಾಂಡ್ ವ್ಯಾಯಾಮ ಮಾಡಕ್ಕಾಗಲ್ಲ ಅನ್ಕೊಂಡಿದ್ದೆ, ಆದ್ರೆ ಅದ್ಕಿಂತ ಜಾಸ್ತಿನೇ ಮಾಡ್ಬಿಟ್ಟೆ!",Surprise
ದಾಳಿಂಬೆ ಮಧುಮೇಹಕ್ಕೆ ಒಳ್ಳೇದೋ ಅಲ್ವೋ ಅಂತ ನಂಗ್ ಹೇಗ್ ಗೊತ್ತಾಗ್ಬೇಕು?!,Anger
"ನನ್ ಹೋಟೆಲ್ ರೂಮಲ್ಲಿ ಒಳ್ಳೆ ಊಟ ಬರುತ್ತೆ ಅಂತ ಆಸೆಯಾಗಿದ್ದೆ. ಆದ್ರೆ ರೂಮ್ ಸರ್ವಿಸ್ನೋರು ಸರ್ಯಾಗ್ ಏನೂ ಹೇಳ್ತನೇ ಇಲ್ಲ, ಕಾದೂ ಕಾದೂ ಬೇಜಾರಾಗ್ತಿದೆ.",Sadness
ಹ್ಞೂ ಅಂತ ತಾಸಿನ್ ಲೆಕ್ಕಕ್ಕ ರೊಕ್ಕಾ ಯಳ್ಕೊಂಡ್ರುನೂ ಉಪಯೋಗ ಆಗ ಅಂಥಾದೇನೂ ತಿಳಿಸ್ಹೇಳಲ್ಲಲಾ ಅಂಥಾ ಕೌನ್ಸೆಲರ್ಗಳಂದ್ರ ನಂಗ ಥೂ ಇವ್ರ ಜನ್ಮ ಅಂತನಸ್ತದ.,Disgust
ಒದ್ದಾಡ್ತಿರೋ ಸಾಲಗಾರ್ರ ಬಗ್ಗೆ ರಾಷ್ಟ್ರೀಕೃತ ಬ್ಯಾಂಕ್ಗಳೋರ್ಗೆ ಸ್ವಲ್ಪನೂ ಕರುಣೆನೇ ಇಲ್ವಾ?  ಛೇ ನಂಗಂತೂ ಇವ್ರ್ ಹೀಗಾಡೋದ್ ನೋಡಿ ಜುಗುಪ್ಸೆ ಬಂದೋಗಿದೆ.,Disgust
ಈ ಪಾಸ್ಟಾ ಸಾಸ್ನ ನೆಕ್ತಿದ್ರೆ ನನ್ ನಾಲ್ಗೆಗೂ ಅದ್ಕೂ ಒಳ್ಳೆ ಹೇಳ್ಮಾಡಿಸ್ದಂಗಿದೆ.,Happiness
ನಮ್ ಕಥೆಗಳ್ನ ಆರ್.ಕೆ. ನಾರಾಯಣ್ ಅವ್ರ ಮಾಲ್ಗುಡಿ ಡೇಸ್ಗೆ ಹೋಲ್ಸಿದಾರೆ ಅಂತ ಗೊತ್ತಾದಾಗ ನಂಗ್ ಮಾತೇ ಹೊರಡ್ಲಿಲ್ಲ!,Surprise
ನನ್ ಕ್ರೆಡಿಟ್ ಕಾರ್ಡಲ್ಲಿ ನಾನ್ ಒಟ್ಮಾಡಿಟ್ಟಿದ್ ಪಾಯಿಂಟ್ಸಿಂದ ನನ್ ಕನ್ಸಿನ್ ಕಾರ್ ತಗೊಳಕ್ ಸಹಾಯ ಆಗಿದ್ರಿಂದ ಅದೊಂಥರ ಕಿನ್ನರ ಕಥೆ ಥರ ಸುಖಾಂತ್ಯ ಆಯ್ತು.,Happiness
ಹೊರಡೋ ಮುಂಚೆ ಆ ವೇಯ್ಟರ್ ನನ್ನನ್ನ ನೋಡಿ ಕಣ್ಣ್ ಮಿಟುಕಿಸ್ದ. ಅಸಹ್ಯದೋನು..,Disgust
"ನಿಮ್ಗೊಂದ್ ಒಳ್ಳೆ ಸುದ್ದಿ ಇದೆ ನಮ್ಹತ್ರ, ನಿಮ್ಮನೆಲ್ ಕಳ್ತನ ಮಾಡಿದ್ದೋರ್ನ ಹಿಡ್ದಿದೀವಿ ನಾವು!",Happiness
ಚೆನ್ನೈ ಹೊರವಲಯ್ದಲ್ಲಿ ಹಸಿರನ್ನ ಮತ್ತೆ ಶುದ್ಧವಾದ್ ನೀರಿನ್ಮೂಲನ ಪುನಃ ಸ್ಥಾಪ್ಸೋ ನನ್ ಪ್ರಯತ್ನಕ್ಕೆ ಹಲ್ವಾರು ವ್ಯಕ್ತಿಗಳು ಧನಸಹಾಯ ಮಾಡಿರೋದು ನಂಗ್ ಆನೆಬಲ ಬಂದಂಗಾಗಿದೆ.,Happiness
"ಏನ್ರಿ ನಾ ನನ್ ಬಜೆಟ್ ಹೇಳಿದ್ರೂ ನೀವ್ ಇಂಥಾ ತುಟ್ಟಿ ವಜ್ರದ್ ಹರಳ್ ತೋರಸ್ಲಕತ್ತಿರಿ, ನಾ ಮ್ಯಾಲಿಂದ್ ಉದರಿನಿ ಅಂತ ಅನ್ಕೊಂಡಿರೇನ್?",Anger
ಥೋ ಈ ಗೋವಾದ್ ತಾಜ್ ಹೋಟೆಲಲ್ಲಿ ಯಾವಾಗ್ಲೂ ಲಿಫ್ಟ್ ಹಾಳಾಗಿರುತ್ತಪ.,Disgust
ತೆರಿಗೆ ವ್ಯವಸ್ಥೆಲಿರೋ ಲೋಪದೋಷಗಳ್ನ ಉದ್ಯಮಿಗಳು ತಾವ್ ನ್ಯಾಯವಾಗ್ ಕಟ್ಬೇಕಿರೋ ತೆರಿಗೆಯಿಂದ ತಪ್ಪಿಸ್ಕೊಳಕ್ ಬಳ್ಸೋದ್ನೋಡುದ್ರೆ ಅವ್ರ್ ಬಗ್ಗೆ ರೇಜಿಗೆ ಆಗತ್ತೆ.,Disgust
ಪ್ರತಿ ಇಪ್ಪತ್ತ್ ನಿಮಿಷಕ್ಕೊಮ್ಮೆ  ಒಂದ್  ಸಂಕೇತನ್  ಕಳಿಸ್ತಾ ಇರೋ ಹಾಗೆ ಕಾಣೋ  ಆಕಾಶಕಾಯವು ಖಗೋಳಶಾಸ್ತ್ರಜ್ಞರನ್  ದಿಗ್ಭ್ರಮೆ ಮಾಡಿದೆ.,Surprise
ಸ್ಪೈಡರ್ ಮ್ಯಾನ್ ಸಿನ್ಮಾದ್ ಸಂಗೀತ ಎಷ್ಟ್  ಚೆನ್ನಾಗಿದೆ ಅಂದ್ರೆ ಅದ್ ಕೇಳ್ದಾಗೆಲ್ಲ ನನ್ ಮುಖದಲ್ಲಿ ನಗು ಅರಳತ್ತೆ.,Happiness
ನಾನ್ ಬೆಂಗ್ಳೂರಿಗ್ ಹೋಗೋ ಬಸ್ಸಿನ್ ಟಿಕೆಟ್ ಬಗ್ಗೆ ಕೇಳಿದ್ರೆ ಆ ರೈಲ್ವೆ ಬುಕಿಂಗ್ ಗುಮಾಸ್ತ ನಂಗ್ ಬಾಯಿಗ್ ಬಂದಂಗ್ ಬೈದಾಂತ ನಂಗೂ ಕೆಂಡಾಮಂಡಲ ಕೋಪ ಬಂದು ಮುಖ ಎಲ್ಲ ಕೆಂಪಾಗೋಯ್ತು.,Anger
"ನನ್ ಸ್ವಾದರ್ ಸೊಸಿ ಏನ್ ಈಗ ಹದ್ನೇಳ್ ವರ್ಷದ ಹುಡ್ಗಿ ನೋಡ್ರಿ, ಒಂದ್ ಸಂಗೀತ್ ಕಚೇರಿನ್ಯಾಗ ಹಾಡಮುಂದ ಯಲ್ಲಾ ಓಷ್ಟೂ ಸ್ಥಾಯಿದಾಗ್ ಹಾಡಿದ್ಲು, ಕೇಳಿ ನಂಗ ಮಾತೇ ಹೊಂಡ್ಲಿಲ್ಲಾ.",Surprise
ಅದ್ರ್ ಗುರಿ ತಲ್ಪೋದನ್ನ ತಡ್ದಿದ್ದಕ್ಕೆ ಒಂದ್ ಡ್ರೋನು ಅದ್ರ ಆಪ್ರೇಟರ್ನೇ ಸಾಯ್ಸ್ಬಿಡೋಂಥ ಭಯಂಕರ ಜಾಗ್ದಲ್ಲಿ ಕೆಲ್ಸ ಮಾಡಕ್ಕೆ ನಂಗಂತೂ ಸುತರಾಂ ಇಷ್ಟ ಇಲ್ಲ.,Fear
ಪ್ರಿಯ ಗ್ರಾಹಕ್ರೇ! ನೀವು ಪುಸ್ತಕನ ಯಶಸ್ವಿಯಾಗ್ ಪ್ರೀ ಆರ್ಡರ್ ಮಾಡಿದೀರಿ. ಅದ್ನ ಇನ್ನು ಏಳ್ ದಿನಗಳ್ ಒಳ್ಗೆ ನಿಮ್ಮನೆ ಬಾಗ್ಲಿಗ್ ತಲ್ಪಿಸ್ತೀವಿ.,Happiness
"ಇನ್ನೇನ್ ಪೇರೆಂಟ್ ಟೀಚರ್ ಮೀಟಿಂಗ್ ಇಡ್ತಾರ, ನನ್ ಮಗನ್ ಬಗ್ಗೆ ಟೀಚರ್ ಏನ್ ಹೇಳ್ತಾರೊ ಅಂತ ಒಂಚೂರ್ ಕಳವಳ ಆಗ್ಲಿಕತ್ತದ.",Fear
"ಚೂರೂ ನಿಯತ್ತಿಲ್ದೇ ನಕಲಿ ಆಟಿಕೆಗಳ್ನ ಮಾರಾಟ ಮಾಡೋ ಪೂರೈಕೆದಾರ್ರು ಜೊತೆ ಕೆಲ್ಸ ಮಾಡಕ್ ನೀವ್ ಯೋಚ್ನೆ ಮಾಡ್ತಿದೀರ ಅನ್ನೋದ್ನ ಅರಗಿಸ್ಕೊಳಕ್ಕೇ ಆಗ್ತಿಲ್ಲ ನಂಗೆ, ಯಾಕಾದ್ರೂ ಅಂಥ ಯೋಚ್ನೆ ಬಂತೋ ನಿಮ್ಗೆ.",Disgust
"ಹೋಟೆಲ್ ಅಡ್ಗೆಲಿ ಈ ನಲ್ಲಿ ನೀರಿನ್ ರುಚಿ ನನ್ಕೈಲಂತೂ ಸಹಿಸಕ್ಕಾಗಲ್ಲಪ, ಒಂಥರ ಪಾಚಿ ವಾಸ್ನೆ.",Disgust
ನಾವೀಸಲ ಮಾರಾಟನೆಲ್ಲ ತುಂಬಾನೇ ಚೆನ್ನಾಗ್ ಮಾಡಿದೀವಿ ಅಂತ ಮುಖ್ಯ ಕಚೇರಿಯಿಂದ ನಮ್ಗೆ ಶಭಾಷಿ ಸಿಕ್ಕಿದೆ.,Happiness
ಜೋರ್ ಮಳಿ ಸಿಡಿಲು ಗುಡಗ್ವಾಗ ಅದ್ರಾಗ್ ಸಿಕ್ಬೀಳದ್ ನೆನಸ್ಕೊಂಡ್ರ ಕೈಕಾಲೇ ಥಣ್ಣಗಾಗ್ತಾವ.,Fear
"ನಮ್ ಕಾರ್ಯಕ್ರಮ ನಡ್ಯೋ ಹೊತ್ತಲ್ಲಿ ಭಾರಿ ಮಳೆ ಬರುತ್ತೆ ಅಂತ ಕೇಳ್ದೆ, ನಮ್ ಈವೆಂಟ್ ಮ್ಯಾನೇಜರ್ ಅದ್ನ ಹೇಗ್ ನಿಭಾಯಿಸ್ತಾರೋಂತ ತಿಳ್ಕೊಬೇಕು, ಮೊದ್ಲು ಕರೀರಿ ಅವ್ರನ್ನ!",Fear
"ಅಂಗ್ಡಿಯವ್ರಿಂದೆಲ್ಲ ದುಡ್ಡ್ ವಸೂಲಿ ಮಾಡಕ್ಕೆ ಗೂಂಡಾಗಳು ಮಾರ್ಕೆಟ್ಟಿಗ್ ನುಗ್ಗಿ ರಂಪ ಮಾಡಕ್ ಶುರು ಮಾಡ್ದಾಗ ನಂಗ್ ಬೇಗ ಅಲ್ಲಿಂದ ತಪ್ಪಿಸ್ಕೊಂಡ್ ಹೋದ್ರೆ ಸಾಕಾಗಿತ್ತು, ತುಂಬಾ ಹೆದ್ರೋಗಿದ್ದೆ.",Fear
"ಇಶ್ಶೀ! ಮ್ಯಾರಥಾನ್ ಆದ್ಮೇಲೆ ಆ ಕ್ರೀಡಾಂಗಣದ್ ಅವಸ್ಥೆ ನೋಡ್ಬೇಕಿತ್ತು, ಅದೆಷ್ಟ್ ಗಲೀಜ್ ಮಾಡಿದ್ರಪ ಎಲ್ಲಾ ಕಡೆ.",Disgust
"ಡಾಕ್ಟ್ರೇ, ನೀವ್ ನಂಗೆ ಇಪ್ಪತ್ತೊಂದ್ ದಿನ ವಿಶ್ರಾಂತಿ ತಗೊಳಕ್ ಹೇಳಿದ್ರಲ್ಲ, ಹಾಗೇ ಮಾಡ್ದೆ ನಾನು. ಎಷ್ಟೋ ಆರಾಮಾಗಿದೆ ಈಗ. ಮುಂದೇನ್ ಮಾಡ್ಬೇಕೂಂತ ಹೇಳಿ.",Happiness
ಸ್ವಿಟ್ಜರ್ಲೆಂಡ್ ಪ್ರವಾಸ್ದಲ್ಲಿ ಆ ಮಾರ್ಗದರ್ಶಿ ನಮ್ಮೊಟ್ಟಿಗ್ ತುಂಬಾ ಒರ್ಟಾಗ್ ವರ್ತಿಸಿದ್ರಿಂದ ನಮ್ಗ್ ಅವ್ಳ್ ಮೇಲೆ ಭಾಳ ಕೋಪ ಬಂದಿತ್ತು.,Anger
ನನ್ ಕಾರು ಕೊನೆಗೂ ಹಿಂದಿನ್ ಥರ ಆಗಿದೆ. ಮೆಕ್ಯಾನಿಕ್ ನನ್ ಎಂಜಿನಲ್ಲಿದ್ದಿದ್ ಆ ಕ್ಲಿಷ್ಟವಾದ್ ಸಮಸ್ಯೆನ ಪತ್ತೆಹಚ್ಚಿ ಎಲ್ಲನೂ ನೀಟಾಗ್ ಸರಿ ಮಾಡ್ಕೊಟ್ಟಿದಾನೆ.,Happiness
ಒಂದ್ ಅಪೂರ್ವಕ್ಕ ಸಿಗ ಹಳೀಕಾಲದ್ ಸಾಮಾನ್ ಜಾಸ್ತಿ ರೊಕ್ಕಕ್ಕ ಮಾರಿ ನಂಗ್ ಭಾಳ ಸಂಭ್ರಮ್ ಆಗ್ಯಾದ.,Happiness
ಬಾಲಿವುಡ್ನ ತವರು ಅಂತ್ಲೇ ಕರೆಯೋ ಮುಂಬೈಯಲ್ಲಿ ರಂಗಭೂಮಿ ಇಷ್ಟ್ರಮಟ್ಟಿಗ್ ಗಟ್ಯಾಗ್ ಉಳ್ಕೊಂಡು ಮುಂದ್ವರೀತಾ ಇದೆ ಅಂದ್ರೆ ಅದ್ಕಿಂತ ಆಶ್ಚರ್ಯ ಇನ್ನೊಂದಿಲ್ಲ.,Surprise
ನಾನಂತೂ ಈ ಆಟ ಆಡೋಲ್ಲಪ್ಪ. ಈ ಬೋರ್ಡ್ ಗೇಮ್ ಆಡಿದ್ ಕೊನೇ ವ್ಯಕ್ತಿ ಈಗ ಜೀವಂತ್ವಾಗ್ ಉಳ್ದಿಲ್ಲ.,Fear
ನಾನ್ ಈ ವರ್ಷ ವಿದೇಶ್ದಿಂದ ಬಂದಿರೋ ವಸ್ತುಗಳ್ ಮೇಲೆ ಶೇಕಡ ಐದ್ ತೆರಿಗೆ ಮಾತ್ರ ಕಟ್ಬೇಕಾಗತ್ತೆ ಅನ್ಸತ್ತೆ.,Happiness
"ಸುಚೀ, ಸಂಗೀತ್ ಕಚೇರಿಗೆ ಒಬ್ಬಂಟಿಯಾಗ್ ಹೋಗ್ಬೇಡ. ಜನ್ರು ಕುಡ್ಕೊಂಡು ಬಂದಿರ್ತಾರೆ ಅಂತ ಕೇಳಿದೀನಿ ನಾನು.. ಅಂಥವ್ರು ನಿಂಜೊತೆ ಕೆಟ್ದಾಗ್ ನಡ್ಕೋಬಹುದು.",Fear
ನಿಮ್ ಸಂಭ್ರಮಕ್ಕೆ ಪಕ್ಕಾ ಹೊಂದೋ ಥರ ನಿಮ್ ಕೇಕ್ ಮೇಲೆ ಸಿಹಿಯಾದ್ ಒಂದ್ ಸಂದೇಶ ಬರ್ಯೋಣ ಇರಿ.,Happiness
ಮೈಕೆಲ್ ಫೆಲ್ಪ್ಸ್ ಭಾಳ ದೊಡ್ಡ್ ಈಜುಪಟು. ಅವ್ರು ಇಷ್ಟೊಂದ್ ಪದಕಗಳ್ನ ಹೇಗ್ ಗೆದ್ರು ಅಂತ ನಂಗಾಶ್ಚರ್ಯ ಆಗತ್ತೆ!,Surprise
ಹತ್ರದಲ್ಲಿ ಅಷ್ಟೆಲ್ಲ ಸುಂದರವಾದ್ ಪಾರ್ಕುಗಳಿರೋ ಜಾಗದಲ್ಲಿ ನಂಗ್ ಬಾಡ್ಗೆ ಮನೆ ಸಿಕ್ಕಿದ್ದೇ ದೊಡ್ಡ್ ಆಶ್ಚರ್ಯ.,Surprise
"ಸಿ.ಎಸ್.ಕೆ. ಮ್ಯಾಚ್ ನೋಡಿದ್ ನಂತ್ರ ಫ್ಯಾನ್ಸೆಲ್ಲ  ಅಲ್ಲಿ ಬಿಸಾಡಿದ್ ಕಸ ನೋಡ್ಲಿಕ್ಕಾಗ್ಲಿಲ್ಲ ನಂಗೆ, ಅಷ್ಟ್ ರಾಶಿ ಬಿಸಾಡಿ ಹೋಗಿದಾರೆ, ಎಂತ ಜನ ಮಾರ್ರೆ ಇವ್ರೆಲ್ಲ.. ಶ್ಯೇ..!",Disgust
ಒಬ್ಬಾವ್ ಬ್ಯಾಂಕಿನವಾ ನಮ್ ಜೊತಿ ಮರ್ಯಾದಿರ್ಲಾರ್ದಂಗ ಮಾತಾಡಿದ್ದಾ ಅಂತ ನಾ ಹೇಳ್ದಾಗ ಆ ಬ್ಯಾಂಕ್ ಆಫೀಸರ್ ಎಷ್ಟ್ ಛೊಲೋ ನಿಭಾಯ್ಸಿದ ಅದ್ ನೋಡಿ ನಂಗೂ ಛಂದನಸ್ತು.,Happiness
ಪಾಪ ಛೇ.. ಚೆನ್ನೈಲಿ ಟ್ರಾಫಿಕ್ ಸಿಗ್ನಲ್ಗಳಲ್ ಸಿಗೋ ಈ ಭಿಕ್ಷುಕ್ರನ್ ನೋಡಿದ್ರೇ ಹೊಟ್ಟೆಲ್ ಸಂಕ್ಟ ಆಗತ್ತೆ.,Sadness
"ಆ ಕ್ಲೈಂಟ್ ದೇಣಿಗೆ ಕೊಡೋ ನಿರ್ಧಾರ ಮಾಡಿದ್ದನ್ನ ಯಾರೂ ನಿರೀಕ್ಷೆ ಮಾಡಿರ್ಲಿಲ್ಲ, ಆದ್ರೆ  ಅದು ಸ್ವಾಗತಾರ್ಹ!",Surprise
ಸ್ನಾರ್ಕ್ಲಿಂಗ್ ಮಾಡಕ್ಕೆ ನಂಗ್ ಬರೋ ಈಜಿನ್ ಟೆಕ್ನಿಕ್ಸ್ ಬಗ್ಗೆ ನಂಗ್ ಯಾವ್ ನಂಬ್ಕೆನೂ ಇಲ್ಲ.,Fear
"ನಂಗ್ ತುಂಬಾ ಹಸ್ವಾಗ್ತಿದೆ, ಹೋಟೆಲ್ ರೂಮ್ಗೇ ಊಟ ತರ್ಸ್ಕೊಳಕ್ ನೋಡ್ದೆ, ಏನೋ ತೊಂದ್ರೆ ಇದೆ ಅನ್ಸತ್ತೆ, ಆರ್ಡರ್ ಮಾಡಕ್ಕಾಗ್ತಿಲ್ಲ. ಇವತ್ತಿನ್ ಸಂಜೆಯೆಲ್ಲ ಇದ್ರಲ್ಲೇ ಹೋಯ್ತು.",Sadness
ವಾರದ್ ಏಳೂ ದಿನನೂ ಸ್ವಲ್ಪನೂ ಬಿಡುವಿಲ್ದೇ ಕೆಲ್ಸ ಮಾಡಿದ್ರಿಂದ ನಂಗಂತೂ ತುಂಬಾನೇ ಸುಸ್ತಾಗ್ಹೋಗಿದೆ.,Sadness
"ನಾನು ಡಾಕ್ಟ್ರಿಂದ ಏನೂ ಒಳ್ಳೆ ಸುದ್ದಿ ನಿರೀಕ್ಷಿಸಿರ್ಲಿಲ್ಲ. ಆದ್ರೆ ಅವ್ರು ನಮ್ಮತ್ತೆದ್ ರಿಪೋರ್ಟ್ಸೆಲ್ಲ ಸರಿಯಿದೆ, ಆರೋಗ್ಯವಾಗಿದಾರೆ ಅಂತಂದಿದ್ ಕೇಳಿ ಆಶ್ಚರ್ಯ ಆಯ್ತು!",Surprise
ಸಿಲಿಂಡರ್ನ ಬೆಲೆ ನಂಗ್ ಗೊತ್ತಿದ್ರೆ ನಂಗ್  ತುಂಬಾ ಖುಷಿಯಾಗುತ್ತೆ  ಯಾಕಂದ್ರೆ ಅದು ನನ್ ಬಜೆಟ್ ಅನ್ ಪ್ಲಾನ್ ಮಾಡೋಕೆ ಸಹಾಯ ಮಾಡುತ್ತೆ.,Happiness
"ಇಲ್ಲೀ ರೂಮ್ ಸರ್ವಿಸಲ್ಲಿ ಇಷ್ಟೊಂದ್ ಥರಾವರಿ ಊಟ ತಿಂಡಿಗಳು, ಬೇರ್ಬೇರೆ ಊರಿನ್ ಖಾದ್ಯಗಳೆಲ್ಲ ಇರೋ ಮೆನು ಇರತ್ತೆ ಅಂತ ನಾನ್ ನಿರೀಕ್ಷೆ ಮಾಡಿರ್ಲಿಲ್ಲ, ಈ ಹೋಟೆಲಲ್ಲಿ ಇದೊಂದ್  ಒಳ್ಳೆ ಸರ್ಪ್ರೈಸಾಯ್ತು!",Surprise
ನಮ್ ಹೊಸ ಮಾರ್ಕೆಟಿಂಗ್ ಅಭಿಯಾನಕ್ಕೆ ಗ್ರಾಹಕ್ರ ಪ್ರತಿಕ್ರಿಯೆ ಹೇಗಿರುತ್ತೋ ಏನೋ ಅಂತ ಯಾಕೋ ಸ್ವಲ್ಪ ಆತಂಕ ಆಗ್ತಿದೆ.,Fear
ಥೂ ಈ ಕಸದ್ ಬಕೆಟ್ನ್ಯಾಗ್ ಇರೋ ಊಟದ್ ಪದಾರ್ಥ ಹಳ್ಸಿ ಹೊಲಸ್ ವಾಸ್ನಿ ಬರ್ಲಿಕತ್ತದ.,Disgust
"ನಾನ್ ಟೆಂಪ್ರೇಚರ್ ಸೆಟ್ ಮಾಡಿದ್ಮೇಲೂ ಈ ಫ್ರಿಜ್ಜಲ್ಲಿ ಪದಾರ್ಥಗಳ್ಯಾಕೋ ತಂಪಾಗ್ ಉಳೀತಿಲ್ವಲ್ಲ, ಎಷ್ಟ್ ತೊಂದ್ರೆ ಆಗ್ತಿದೆ.. ದಿನಸಿ ವಸ್ತುಗಳೆಲ್ಲ ಎಲ್ಲ್ ಹಾಳಾಗ್ಬಿಡತ್ವೋ ಅಂತ ನಂಗ್ ಅದೇ ದೊಡ್ಡ್ ಚಿಂತೆ ಆಗ್ಬಿಟಿದೆ.",Fear
ನಿಮ್ ತಾಯಿಗ್ ಎಷ್ಟ್ ವಯಸ್ಸಾಗಿದೆ ಮತ್ತೆ ಅವ್ರಿಗ್ ಶಕ್ತಿನೇ ಇಲ್ಲ ಅನ್ನೋದ್ ನೋಡುದ್ರೆ ಹೀಗ್ ಮತ್ಮತ್ತೆ ಆಸ್ಪತ್ರೆಗ್ ಕರ್ಕೊಂಡ್ ಬರ್ತಿದ್ರೆ ಅದ್ರಿಂದ ಅವ್ರ್ ಸ್ಥಿತಿ ಇನ್ನಷ್ಟ್ ಬಿಗಡಾಯ್ಸತ್ತೆ ಅಂತನ್ಸಲ್ವಾ ನಿಮ್ಗೆ?,Fear
ನಾನ್ ತುಂಬಾ ಇಷ್ಟಪಡೋ ಅಥ್ಲೀಟ್ ವಿಶ್ವದಾಖಲೆನ ಮುರಿಯೋದ್ನೋಡಿ ನಂಗಂತೂ ಸಿಕ್ಕಾಪಟ್ಟೆ ಆನಂದ ಆಯ್ತು.,Happiness
ಆ ಹೋಟಲ್ನ್ಯಾಗ ಇವತ್ತಿನ್ ಅಡ್ಗಿ ರುಚಿ ಪೂರಾ ಕೆಟ್ಟಿತ್ತು. ಇಷ್ಟ್ ದಿನಾ ನಾವಿಲ್ಲಿ ತಿಂದಿರ ರುಚಿನೇ ಬ್ಯಾರೆ ಇವತ್ತಿಂದು ಅದಕ್ ಎಷ್ಟೂ ಸಮಾ ಇರ್ಲಿಲ್ಲಾ.,Disgust
ಹಣ್ಣ್ ಮಾರೋವ್ನು ಮಾವಿನ್ಹಣ್ಣನ್ನ ಕತ್ತರಿಸ್ದಾಗ ಅದ್ರಿಂದ ಹುಳು ಹೊರಗ್ಬಂದಿದ್ ನೋಡಿ ನಂಗೆ ಹೊಟ್ಟೆ ಎಲ್ಲ ತೊಳಸ್ಬಿಡ್ತು.,Disgust
ಮಾನವ ಜನಾಂಗ ಅನ್ಯಗ್ರಹಜೀವಿಗಳ ದಾಳಿನ ಎದುರಿಸ್ಬೇಕಾಗ್ಬೋದು ಅನ್ನೋ ಚಿಂತೆ ಕಾಡ್ದಾಗ್ಲೆಲ್ಲ ನನ್ ಹಣೆ ಮೇಲೆ ಬೆವರ್ಹನಿ ಮೂಡತ್ವೆ.,Fear
ನಮ್ಗೆ ಡ್ರೈವಿಂಗ್ ಎಷ್ಟ್ರಮಟ್ಟಿಗ್ ಬರತ್ತೆ ಅಂತ ಪರೀಕ್ಷೆ ಮಾಡ್ಕೊಳಕ್ಕಿರೋ ಈ ಸೆಷನ್ಗಳಲ್ಲಿ ಎಷ್ಟ್ ವಿವರ್ವಾಗಿ ಎಲ್ಲವನೂ ಹೇಳ್ಕೊಡ್ತಾರೆ ಅಂದ್ರೆ ನಂಗ್ ನನ್ ಸಾಮರ್ಥ್ಯನ ಅರ್ಥ ಮಾಡ್ಕೊಳಕ್ಕೆ ಮತ್ತೆ ಎಲ್ಲೆಲ್ಲಿ ಇನ್ನೂ ಸುಧಾರಿಸ್ಬೇಕು ಅಂತ ತಿಳ್ಕೊಳಕ್ಕೆ ಇದ್ರಿಂದ ತುಂಬಾ ಸಹಾಯ ಆಯ್ತು.,Happiness
"ಕೆಲುಸಲ ನಂಗ್ ಕೆಲ್ಸ ಮಾಡೋದೇ ಬೇಡ ಅನ್ಸ್ಬಿಡುತ್ತೆ, ಹಾಗಾದಾಗೆಲ್ಲ ಏನ್ ಮಾಡಕ್ಕೂ ತೋಚ್ದೇ ಸುಮ್ನೇ ಗೋಡೆ ನೋಡ್ತಾ ಮಂಕಾಗ್ ಕೂತ್ಬಿಟಿರ್ತೀನಿ.",Sadness
"ಈಗಿನ್ ಪೀಳಿಗೆಯೋರ್ಗೆ ಯಾವ್ದ್ರಲ್ಲೂ ನಂಬ್ಕೆಯಿಲ್ಲ ಮತ್ತೆ ಏನ್ ಹೇಳುದ್ರೂ ಅದ್ನ ಉಲ್ಟಾ ಪ್ರಶ್ನೆ ಮಾಡೋದೇ ಇವ್ರ್ ಕೆಲ್ಸ ಆಗಿದೆ, ಇಂಥೋರ್ ಜೊತೆ ಏಗೋಕ್ಕಾಗಲ್ಲಪ್ಪ.",Disgust
ಕೆಲ್ವು ವ್ಯಾಪಾರಿಗಳು ತೆರಿಗೆ ತಪ್ಸೋಕೆ ತಮ್ ಹಣಕಾಸಿನ್ ಲೆಕ್ಕನೆಲ್ಲ ಉಪಾಯ್ವಾಗಿ ಬದ್ಲಾಯ್ಸ್ಬಿಡೋದು ಒಬ್ಬ ಜವಾಬ್ದಾರಿ ಇರೋ ತೆರಿಗೆದಾರ್ನಾಗಿ ನಂಗ್ ಅಸಹ್ಯ ಅನ್ಸತ್ತೆ.,Disgust
"ನಂಗ ಪ್ರಮೋಷನ್ ಸಿಕ್ತು ಮತ್ತ ದೊಡ್ಡ್ ಪೋಸ್ಟ್ನೂ ಸಿಕ್ತು, ಈಗ್ ನಂಗ್ ಯಾರೂ ಹಿಡಿಯವ್ರೇ ಇಲ್ಲ ಅನ್ನಸ್ತೈತಿ.",Happiness
ಅಯ್ಯಬ್ಬ! ಈ ವೈರ್ಲೆಸ್ ಇಂಟರ್ನೆಟ್ ಕನೆಕ್ಷನ್ನು ಅದೆಷ್ಟ್ ಸ್ಪೀಡಾಗಿದೆ ಗೊತ್ತಾ! ನಾನಂತೂ ಫಿದಾ ಆಗೋದೆ.,Surprise
ನಮ್ ಹೊಸ ಗ್ಯಾಲರಿ ಉದ್ಘಾಟನೆಗೆ ನೂರ್ ಜನ ಬರ್ತಾರೆ ಅಂತ ಯಾರ್ತಾನೇ ಅನ್ಕೊಂಡಿದ್ರು?,Surprise
ನನ್ ಜೊತೆ ಆಳವಾಗ್ ಮಾತಾಡೋಂಥ  ಕಲಾಕೃತಿಗಳ್ ಮಧ್ಯೆ ಇರೋದ್ರಲ್ಲಿ ನಂಗೆ ಹೇಳ್ಲಾರದಷ್ಟ್ ಆನಂದ ಸಿಗತ್ತೆ.,Happiness
ಬಿಹಾರದಲ್ ನಡ್ಯೋ ಪರೀಕ್ಷೆಗಳ್ನ ನಿರ್ವಹಿಸೋ ಕೆಲ್ಸಾಂದ್ರೇನೇ ನಂಗ್ ತಳಮಳ ಶುರುಆಗತ್ತೆ. ಅಲ್ಲಿ ವಿದ್ಯಾರ್ಥಿಗಳು ಏನ್ ಮಾಡ್ತಾರೆ ಅಂತ್ಲೇ ಹೇಳೋಕಾಗಲ್ವಂತೆ.,Fear
ನಮ್ಮಪ್ಪ ಅಮ್ಮ ನಂಗ್ ಕಾಲೇಜ್ ಓದ್ಸೋಕೋಸ್ಕರ ಇಷ್ಟೆಲ್ಲ ವರ್ಷ್ಗಳಿಂದ ಗುಟ್ಟಾಗಿ ಉಳಿತಾಯ ಮಾಡಿ ದುಡ್ಡ್ ಕೂಡಿಡ್ತಾ ಇದ್ರು ಅನ್ನೋದ್ ಗೊತ್ತಾಗಿ ಬೆಕ್ಕಸ ಬೆರಗಾದೆ ನಾನು. ಎಂಥ ಅಮೂಲ್ಯ ಆಶ್ಚರ್ಯ!,Surprise
"ನಿಮ್ಗ್ ಯಾಕೋ ಆರೋಗ್ಯ ಸರಿ ಇದ್ದಂಗಿಲ್ಲ, ನಮ್ ಅಂಗ್ಡಿಗ್ ಬಂದೋರ್ಗೆ ಏನೂ ಹೆಚ್ಚೂಕಮ್ಮಿ ಆಗ್ಬಾರ್ದಪ್ಪ, ಅದ್ ನಮ್ಗೆ ಶ್ರೇಯಸ್ಸಲ್ಲ, ನಾನೀಗ್ಲೇ ಡಾಕ್ಟ್ರನ್ ಕರೆಸ್ಲಾ?",Fear
"ಯಲಗಿರಿಲಿ ಈ ಹೋಟ್ಲಿನ್ ಏ.ಸಿ. ಸರ್ಯಾಗ್ ಕೆಲ್ಸ ಮಾಡ್ತಾ ಇಲ್ಲ, ನಂಗ್ ಸೆಖೆ ತಡ್ಕೊಳಕ್ಕಾಗ್ದೇ ಕೋಪಕ್ಕೆ ತಲೆ, ಮೈಯೆಲ್ಲ ಕೆಂಡ ಆಗ್ತಿದೆ.",Anger
ನನ್ ಒತ್ತಡ ಮತ್ತೆ ಆತಂಕನ ಕಡ್ಮೆ ಮಾಡ್ಕೊಳೋಕೆ ಕೌನ್ಸೆಲಿಂಗ್ ಮೂಲ್ಕ ಸರ್ಯಾದ್ ಉಪಾಯಗಳ್ನ ಕಲ್ತ್ಕೊಳಕ್ಕಾಗ್ತಾ ಇರೋದು ಎಷ್ಟೋ ಸಮಾಧಾನ ಆಗಿದೆ.,Happiness
"ಇವ್ರು ಹೊಸ ಕ್ಲೈಂಟ್ ಆಗಿರೋದ್ರಿಂದ, ನಾವ್ ಅವ್ರನ್ನ ಚೆನ್ನಾಗ್ ನೋಡ್ಕೊಬೇಕು ಇಲ್ಲಾಂದ್ರೆ ಈ ವ್ಯವಹಾರ ಸಿಕ್ಕಷ್ಟೇ ಬೇಗ ಕೈತಪ್ಪ್ ಹೋಗ್ಬಿಡತ್ತೆ.",Fear
ಉಕ್ರೇನ್ ಆದ್ಮೇಲೆ ರಷ್ಯಾ ಪೋಲೆಂಡ್ ಮೇಲ್ ದಾಳಿ ಮಾಡೋ ಸಾಧ್ಯತೆಯಿದೆ ಅಂತ ಓದಿ ನಂಗೆ ತಲೆಯೆಲ್ಲ ಕೆಟ್ಟು ಮೊಸ್ರು ಗಡಿಗೆ ಆಗ್ಹೋಯ್ತು.,Surprise
ನಾನ್ ಮಾಡಿರೋ ಹೂಡ್ಕೆಗಳಿಂದಾಗಿ ನಂಗ್ ಆರಾಮಾಗ್ ಒಂದಷ್ಟ್ ಆದಾಯ ಬರೋ ಥರ ಆಗಿದೆ.,Happiness
"ನೀವ್ ಮಾರಾಟ ಮಾಡುವಾಗ್ ಮಾತ್ರ ಒಂದೇ ಸಮ್ನೇ ಫಾಲೋ ಅಪ್ ಮಾಡ್ತೀರಿ ಆದ್ರೆ ಸರ್ವಿಸ್ ವಿಷ್ಯಕ್ ಬಂದಾಗ, ನಮ್ ಸಮಸ್ಯೆಗಳ್ ಬಗ್ಗೆ ಜಾಣ ಕಿವುಡಾಗ್ಬಿಡತ್ತೆ ನಿಮ್ಗೆ, ಥೂ ನಾಚ್ಕೆ ಆಗ್ಬೇಕು ನಿಮ್ಗೆಲ್ಲ!",Disgust
"ನಾನ್ ಅಸೈನ್ಮೆಂಟ್ನ ಒಪ್ಕೊಳೋದೇನೋ ಒಪ್ಕೊಂಡ್ಬಿಟ್ಟೆ, ಆದ್ರೆ ಈಗ್ ಏನ್ ಮಾಡ್ಬೇಕೂಂತ್ಲೇ ತೋಚ್ತಿಲ್ಲ, ತಲೆಯೆಲ್ಲ ಖಾಲ್ಖಾಲಿ ಅನ್ಸ್ತಿದೆ.",Fear
"ನಂದ್ ಮೆಡಿವೆಲ್ ವಿಮಾ ಇನ್ನಾ ಭಾಳ ಖರ್ಚ್ ಭರಿಸ್ತದ ಅಂತ ನಂಗನಸಿತ್ತು. ಇದ್ ದೊಡ್ ಅಮೌಂಟ ಕೊಡಲ್ಲಂತಂದ್ರ ಹೆಂಗ, ಇದ್ ಭಾಳ ತಪ್ಪಾಗ್ತದಲಾ.",Surprise
"ಹೇ ಪ್ರಣವ್, ಈ ಕ್ಲಬ್ಬಲ್ಲಿ ಸ್ಟ್ಯಾಗ್ ಎಂಟ್ರಿಗೆ ಅವ್ಕಾಶ ಇದೇಂತ ನಿಂಗೊತ್ತಾ? ಅಂದ್ರೆ ಇದ್ರೊಳಗ್ ಹೋಗಕ್ಕೆ ನಾವು ನಮ್ ಪಾರ್ಟ್ನರ್ಸ್ನ ಕರ್ಕೊಂಡ್ಬರ್ಬೇಕಿಲ್ಲ, ನಾವ್ ಒಬ್ಬೊಬ್ರೇ ಹೋಗ್ಬಹುದು!",Surprise
"ನಾನೊಂದ್ ದೊಡ್ಡ್ ವ್ಯವಹಾರನ ಯಶಸ್ವಿಯಾಗ್ ಮುಗಿಸ್ದೆ, ಇದ್ರಿಂದಾಗಿ ನಮ್ ಬ್ಯಾಂಕು ದೊಡ್ದೊಡ್ ಬ್ಯಾಂಕ್ಗಳ್ ಪಟ್ಟಿ ಸೇರೋ ಹಾಗಾಗತ್ತೆ.. ನಂಗಂತೂ ಆಕಾಶ್ದಲ್ ತೇಲಾಡ್ತಿರೋ ಹಾಗನ್ನಿಸ್ತಿದೆ.",Happiness
"ಬೇರ್ಯೋರ್ ಹಣ ತಗೊಂಡ್ ತಲೆಮರೆಸ್ಕೊಂಡ್ರೆ   ಯಾವ್ದೇ ಗಂಭೀರ ಪರಿಣಾಮ್ಗಳೂ ಇರಲ್ಲ, ಅದ್ಕೇ ಅವ್ರು ರಾಜಾರೋಷ್ವಾಗ್ ಕದೀತಾರೆ. ತಲೆಮರೆಸ್ಕೊಂಡಿರೋ ಈ ಅಪರಾಧಿಗಳ್ನ ಹಿಡ್ದು ಸರ್ಯಾಗ್ ಬಡ್ದ್ಬಾರಿಸ್ಬೇಕು.",Disgust
ನಂಗ್ ಬಂದಿರೋ ಮಾರ್ಕ್ಸ್ ನೋಡುದ್ರೆ ನಂಗಿಷ್ಟ ಇರೋ ಯಾವ್ ಕಾಲೇಜಲ್ಲೂ ನಂಗ್ ಬೇಕಾಗಿರೋ ಕೋರ್ಸ್ಗೆ ಸೀಟ್ ಸಿಗೋ ಪ್ರಶ್ನೆನೇ ಇಲ್ಲ.. ನನ್ ಮೇಲ್ ನಂಗೇ ಕೆಟ್ಟ್ ಕೋಪ ಬರ್ತಿದೆ.,Anger
"ನಾನಿವತ್ತು ಅದ್ನ ಕ್ಲೀನ್ ಮಾಡಿಸ್ಬೇಕು ಅನ್ಕೊಂಡಿದ್ದೆ, ಆದ್ರೆ ಈಗ ಯಾವ್ದುಕ್ಕೂ ಮನ್ಸೇ ಇಲ್ಲ.",Sadness
ನಾನ್ ನಿಮ್ಮನ್ನ ನನ್ ಆಟೋದಲ್ಲಿ ನೀವ್ ಹೋಗ್ಬೇಕಿರೋ ಜಾಗಕ್ ಕರ್ಕೊಂಡ್ ಹೋಗ್ತೀನಿ ಅಂತ ಒಪ್ಕೊಳದು ಬಿಡೋದು ನನ್ನಿಷ್ಟಕ್ ಬಿಟ್ಟಿದ್ದು. ಅದನ್ ಪ್ರಶ್ನೆ ಮಾಡೋಕ್ ನೀವ್ಯಾರು?,Anger
ರೆಸ್ಟೋರೆಂಟಲ್ಲಿ ಅಡ್ಗೆಮನೆನ ಒಂಚೂರಾದ್ರೂ ಕ್ಲೀನಾಗ್ ಇಟ್ಕೊಂಡಿಲ್ವಲ್ರೀ! ಆ ಕೊಳ್ಕಾಗಿರೋ ಪಾತ್ರೆ ಮತ್ತೆ ಎಲ್ಲ ಹರಡ್ಕೊಂಡು ಗಬ್ಬೆದ್ದಿರೋ ಕೌಂಟರ್ಗಳ್ನ ನೋಡ್ತಿದ್ರೆ ಆರೋಗ್ಯ ಇಲಾಖೆಯೋರ್ಗೆ ನಿಮ್ಮೇಲ್ ಕಂಪ್ಲೇಂಟ್ ಕೊಡಣ ಅನ್ಸ್ತಿದೆ.,Anger
"ನಮ್ ಸಂಬಂಧ ಮುರ್ದ್ಬಿದ್ದಿದೆ, ನಂಗೀ ನೋವ್ ತಡ್ಕೊಳಕ್ಕಾಗ್ತಿಲ್ಲ.",Sadness
ಏನ್ ತಮಾಷೆ ಮಾಡ್ತಿದ್ದೀಯ ನೀನು? ಸಿನ್ಮಾ ರೂಪಾಂತರ ಮಾಡಿರೋದ್ರಲ್ಲಿ ಅವ್ರು ಕಥೆಯ ಎಳೆನ ಪೂರ್ತಿ ಬದ್ಲಾಯ್ಸಿ ಮೂಲ ಕಥೆನೇ ಸಾಯ್ಸ್ಬಿಟಿದಾರೆ.,Anger
ನನ್ ಮಾಡ್ಯುಲರ್ ಅಡ್ಗೆಮನೆಗೋಸ್ಕರ ಕಾರ್ಪೆಂಟರ್ ಹತ್ರ ನಂಗ್ ಹೇಗ್ ಬೇಕೋ ಹಾಗೇ ಸಖತ್ತಾಗಿರೋ ಡಿಸೈನ್ ಆಯ್ಕೆಗಳಿವೆ.,Happiness
ಭಾರತ್ದಲ್ಲೇನೋ ಗಾಡಿ ಓಡ್ಸ್ತಿದ್ದೆ ಆದ್ರೆ ಅಮೆರಿಕಾದಲ್ಲ್ ಓಡ್ಸೋ ಬಗ್ಗೆ ನಂಗಷ್ಟ್ ಧೈರ್ಯ ಇಲ್ಲ. ಅಲ್ಲಿ ಅದ್ನ ಮ್ಯಾನೇಜ್ ಮಾಡಕ್ಕಾಗತ್ತೋ ಇಲ್ವೋ ಗೊತ್ತಿಲ್ಲ.,Fear
"ನಾವ್ ಕೆಲ್ಸ ಮಾಡೋ ಜಾಗನ ಯಾವಾಗ್ಲೂ ಸುಂದ್ರವಾಗಿ, ಅಚ್ಚ್ಕಟ್ಟಾಗಿರೋ ಥರ ನೋಡ್ಕೊಳೋದ್ರಲ್ಲಿ ನಮ್ ಕ್ಲೀನಿಂಗ್ ಸೂಪರ್ವೈಸರ್ ಅವ್ರ್ ಬದ್ಧತೆ ನಂಗೆ ಮತ್ತೆ ನಮ್ ಟೀಮ್ನೋರ್ಗೆಲ್ಲ ಅಚ್ಮೆಚ್ಚು, ಎಷ್ಟ್ ಹೊಗಳಿದ್ರೂ ಸಾಲಲ್ಲ ಅವ್ರನ್ನ.",Happiness
"ಆ ಕ್ಯಾಂಡಿಡೇಟ್ ತನ್ಗಿಷ್ಟ್ ಪಗಾರ ಬೇಕಂತ ಹೇಳತನಾ ನಂಗ, ಅವಾ ತಾ ಬಂದಿರದ್ಕಿಂತ ದೊಡ್ ನೌಕ್ರಿ ಹುಡಕ್ಲಿಕತ್ತಾನ ಅಂತ ನಂಗ ಗೊತ್ತೇ ಇರ್ಲಿಲ್ಲಾ.",Surprise
"ಈ ಕಾಮೆಂಟ್ನ ಜನ್ರು ನೋಡ್ಲಿ ಅಂತ ಹಾಗೆ ಬಿಟ್ಟು, ಬೇರೆ ಕಾಮೆಂಟ್ಸ್ ಇದ್ರಷ್ಟೇನ್ ಕೆಡುಕಾಗ್ ಇರ್ದಿದ್ರೂ ಅವ್ಗಳ್ನ ಮಾತ್ರ ಥಟ್ ಅಂತ ತೆಗ್ದ್ಹಾಕ್ಬಿಟಿದ್ನೋಡಿ ನಂಗ್ ಇವ್ರ್ ರೀತಿಗೆ ಏನ್ ಹೇಳ್ಬೇಕಂತ್ಲೇ ಗೊತ್ತಾಗ್ತಿಲ್ಲ.",Surprise
ಮುಂದಿನ್ ಸೆಮಿಸ್ಟರಲ್ಲಿ ನನ್ ಹೊಸ ಕ್ಲಾಸ್ ಶುರುವಾಗೋದ್ನೇ ಕಾತರದಿಂದ ಕಾಯ್ತಿದೀನಿ!,Happiness
ಮೊಬೈಲ್ ಫೋನ್ಗಳ್ನ ಗುರಿಯಾಗಿಸ್ಕೊಂಡು ಲಕ್ಷಾಂತ್ರ ಬಳಕೆದಾರ್ರಿಗೆ ತೊಂದ್ರೆ ಮಾಡಿರೋ ಹೊಸ ಸೈಬರ್ ಸೆಕ್ಯುರಿಟಿ ಬ್ರೀಚ್ ಬಗ್ಗೆ ನಂಗ್ ಆತಂಕ ಇದೆ.. ನನ್ ಫೋನ್ ಸೇಫಾಗಿದ್ಯೋ ಇಲ್ವೋ ಅನ್ನೋದೂ ಗೊತ್ತಾಗ್ತಿಲ್ಲ.,Fear
ಈ ಬ್ಯಾಸ್ಗಿನ್ಯಾಗ್ ಚೆನ್ನೈದಾಗ್ ಹ್ಯುಮಿಡಿಟಿ ಮತ್ತ ತಲಿ ವಡಿಯಹಂಗ್ ಬಿಸ್ಲು ಎರ್ಡೂ ನಂಗ್ ಹೈರಾಣಕ್ಕ ಹಾಕ್ಯಾವ.,Sadness
ಬಾಯ್ಗಿಟ್ ತಕ್ಷಣ ಕರ್ಗ್ಹೋಗೋ ಬಿಳಿ ಚಾಕ್ಲೇಟ್ ಅಂದ್ರೆ ನಂಗ್ ತುಂಬಾ ಇಷ್ಟ.,Happiness
ಈ ಕಂಪ್ನಿ ಪಿರಮಿಡ್ ಮಾರ್ಕೆಟಿಂಗ್ ಬಳ್ಸ್ಕೊಂಡು ಮಂದಿಗ್ ಹೆಂಗ್ ಹುಚ್ಚ ಮಾಡ್ಯಾದಂತ ನೆನಸ್ಕೊಂಡ್ರ ವಾಕರಿಕಿ ಬರ್ತದ.,Disgust
"ನೀವ್ ಒಂದ್ಮಣ ದುಡ್ಡ್ ತಗೊಂಡ್ ಸರ್ವಿಸ್ ಮಾತ್ರ ನಯಾಪೈಸೆ ಸರ್ಯಾಗ್ ಕೊಡಲ್ಲ, ನಂಗಂತೂ ಸಾಕಾಗ್ಹೋಗಿದೆ, ಹೀಗೇ ಮುಂದ್ವರೆದ್ರೆ ನಿಮ್ಮನ್ನ ಬಿಟ್ಹಾಕಿ ಬೇರೆ ಐ.ಎಸ್.ಪಿ.ಗಳ್ಹತ್ರ ಕನೆಕ್ಷನ್ ತಗೊತೀನಷ್ಟೇ.",Anger
"ಆರೋಗ್ಯ ಕೇಂದ್ರದ್ ಬಿಲ್ಲಲ್ಲಿ ಡಾಕ್ಟ್ರು ಮತ್ತೆ ಟ್ರಾನ್ಸ್ಪೋರ್ಟ್ಗೆ ಪ್ರತ್ಯೇಕ್ವಾಗ್ ದುಡ್ಡ್ ಕಟ್ಬೇಕು ಅಂತಿದೆ, ನಾನಿಲ್ಲಿಗ್ ಬರ್ಲೇ ಬಾರ್ದಿತ್ತು. ಪೂರ್ತಿ ಹುಷಾರೂ ಆಗಿಲ್ಲ, ದುಡ್ಡೂ ಹೋಯ್ತು.",Sadness
ಮದ್ಯವ್ಯಸನಿಗಳ್ಗೆ  ಸಹಾನುಭೂತಿ ತೋರ್ಸೋ ಮತ್ ಅದ್ರಿಂದ ಹೊರಗ್ ಬರಾಕೆ  ಸಹಾಯ ಮಾಡೋ ಬದ್ಲು   ಅವರನ್ ಬಹಿಷ್ಕೃತರು ಅಂತ  ಪರಿಗಣಿಸೊದನ್  ನೋಡಕ್  ಸಿಟ್ಟು ಬರ್ತಿದೆ.,Anger
"ನಾನ್ ಇನ್ಯಾವತ್ತೂ ಈ ಭಿಕ್ಷುಕ್ರಿಗೆ ಊಟ ಕೊಡ್ಸಕ್ ಹೋಗಲ್ಲ, ಸ್ವಲ್ಪನೂ ಕೃತಜ್ಞತೆ ಇಲ್ಲ ಅವ್ರಿಗೆ, ಭಿಕ್ಷೆ ಎತ್ಕೊಂಡ್ ತಿನ್ನೋದಾದ್ರೂ ಇನ್ನೂ ಅನ್ನದ್ ಬೆಲೆ ಗೊತ್ತಿಲ್ಲ ಅವ್ರಿಗೆ.",Disgust
"ಬೋನಸ್ಸಲ್ಲಿ ಶೇಕಡ ಇನ್ನೂರ್ ಹೆಚ್ಚಳ ಮಾಡಿರೋದ್ನ ನಾನ್ ಅವ್ರಿಗ್ ಹೇಳ್ವಾಗ, ಅವ್ರ್ ಕಣ್ಗಳಲ್ಲಿ ಕಾಣೋ ಆ ಹೊಳಪಿಂದ ನಂಗ್ ಇಡೀ ದಿನ ಖುಷಿಯಾಗಿರತ್ತೆ.",Happiness
"ಈ ಷೇರ್ ಮಾರುಕಟ್ಟೆಯಿಂದ ಶ್ರೀಮಂತ್ರಿಗೇ ಎಲ್ಲ ಒಳ್ಳೇದಾಗತ್ತೆ, ನಮ್ಮಂಥೋರ್ಗೆ ಯಾವಾಗ್ಲೂ ಬರೀ ಚೊಂಬೇ.. ಧತ್, ಸುಟ್ಬಿಡೋಷ್ಟ್ ಸಿಟ್ಟ್ ಬರತ್ತೆ ನಂಗೆ.",Anger
"ಇಂಡಿಯಾ ಸಿಮೆಂಟ್ಸ್ನೋರು ಧೋನಿ ಉಪಾಧ್ಯಕ್ಷ ಆದ್ರೆ,  ಅವ್ನಿಗೆ ತಿಂಗ್ಳಿಗೆ ನಲವತ್ಮೂರು ಸಾವರ ರೂಪಾಯ್ ಸಂಬ್ಳ ಕೊಡ್ತೀವಿ ಅಂತ ಪತ್ರ ಬರ್ದಿದಾರಲ, ಅಷ್ಟೊಂದ್ ಹಣ ಯಾಕೆ ಅಂತ್ಲೇ ನಂಗರ್ಥ ಆಗ್ತಿಲ್ಲ.",Surprise
"ಒಬ್ಬ್ ಕುಡಕ ತನ್ ಚಟದ್ಲಿಂದ್ ಹೊರಗ್ಬಂದ್ರೂ ಸೈತ ಈ ಸಮಾಜಕ್ಕ ಆತ್ಮ್ಸಾಕ್ಷಿ ಬೇಕಲಾ, ಅದ್ ಅವನಿಗಿ ಕಳಂಕ ಹಚ್ಚದ್ ನಿಂದ್ರಸಂಗಿಲ್ಲಾ.",Disgust
ತಾವ್ ಮಾಡೋ ಮಾಲಿನ್ಯದ್ ಬಗಿಗೆ ರವಷ್ಟೂ ವಿಚಾರ ಮಾಡ್ದಿರೋ ರೈತ್ರು ಕಂಡ್ರೆ ನಂಗೊಂಚೂರೂ ಆಗ್ಬರಾಕಿಲ್ಲ.,Disgust
"ನಾನ್ ತುಂಬಾ ಖುಷ್ಯಾಗಿ ಮತ್ತೆ ಆರಾಮ್ವಾಗಿದೀನಿ, ಇಲ್ಲಿ ವಾತಾವರಣ ಮತ್ತೆ ಇವ್ರ್ ಪ್ಲೇ ಮಾಡಿರೋ ಹಿನ್ನೆಲೆ ಸಂಗೀತ ಭಾಳ ಹಾಯಾಗಿದೆ!",Happiness
ಎಲ್ಲಾ ವಸ್ತುಗಳೂ ಹೀಗ್ ಚೆಲ್ಲಾಪಿಲ್ಲಿಯಾಗ್ ಹರಡ್ಕೊಂಡು ಇಷ್ಟ್ ಅಸ್ತವ್ಯಸ್ತವಾಗಿರೋ ರೂಮಲ್ಲಿ ನೀನ್ ಹೇಗಾದ್ರೂ ಇರ್ತೀಯೋ?!,Disgust
"ಹೇ, ಕತ್ತೆ. ನೀನು ರಸ್ತೆಲಿ ರಾಂಗ್ ಸೈಡಲ್ಲ್ ರೈಡ್ ಮಾಡ್ತಾ ಇದೀಯ.",Anger
"ನನ್ ಸಹೋದ್ಯೋಗಿ ರಾಜೀನಾಮೆ ಕೊಟ್ಮೇಲೆ ಅವ್ರಿಲ್ದೇ ನಾನ್ ಮಾತ್ರ ಇಲ್ಲಿ ಎಚ್.ಆರ್. ಹೆಡ್ಆಗಿ ಮುಂದ್ವರ್ದಿದೀನಿ, ಆದ್ರೆ ಯಾವಾಗ್ಲೂ ಅವ್ರಿನ್ನೂ ಜೊತೆಗಿದ್ದಿದ್ರೇ ಅಂತ ಹಾತೊರ್ಯೋ ಹಾಗಾಗತ್ತೆ.",Sadness
ನಮ್ಮಪ್ಪ ಅವ್ರ್ ಗೂಗಲ್ ಪೇ ಪಾಸ್ವರ್ಡ್ನ ತರ್ಕಾರಿ ಮಾರೋನಿಗ್ ಕೊಟ್ಟಿದೀನಿ ಅಂತ್ ಹೇಳ್ದಾಗ ನಂಗ್ ಎದೆ ಢಗ್ ಅಂತು.,Surprise
"ಯು.ಎಸ್. ಮತ್ತೆ ಯುರೋಪಿನ್ ಮಾರ್ಕೆಟ್ಗಳಲ್ಲಿ ಇತ್ತೀಚ್ಗೆ ಎಲ್ಲಾ ಉಲ್ಟಾ ಹೊಡಿತಿರೋದು, ಜನ್ರೆಲ್ಲ ವಿರುದ್ಧ್ವಾಗ್ ಮಾತಾಡ್ತಿರೋದ್ ನೋಡ್ತಿದ್ರೆ ನಂಗ್ಯಾಕೋ ಸ್ವಲ್ಪ ಅಳುಕಾಗ್ತಾ ಇದೆ.",Fear
ನಾವು ಬ್ಯಾಂಕ್ ಲಾಕರ್ಗೇಂತ ದುಡ್ಡ್ ಕೊಟ್ಟಿದ್ರೂ ಈ ಲಾಕರ್ ರೂಮೆಲ್ಲ ಬೂಸ್ಟ್ ಹತ್ತಿ ಕೆಟ್ಟ್ ವಾಸ್ನೆ ಬರ್ತಿರೋದ್ನೋಡುದ್ರೆ ನಂಗ್ ಒಳಗ್ ಹೋಗಕ್ಕೇ ಮನ್ಸ್ ಬರ್ತಿಲ್ಲ.,Disgust
ಅಯ್ಯಯ್ಯಾ.. ಅವ್ರ್ ಯಾಕೆ ಈ ಡಯಪರ್ಗಳ್ನ ಉಪ್ಪಿನಕಾಯಿನ್ ಜಾಡಿಗಳ್ ಪಕ್ಕ ಇಟ್ಟಿರ್ತಾರೆ?,Disgust
ಇವತ್ ನಾಳೆ ಮನಿ ರಿಪೇರಿ ಮ್ಯಾಲ್ ಎಷ್ಟ್ ರೊಕ್ಕಾ ಸುರೀಲಿಕತ್ತಿನಂತ ಸಂಕ್ಟ ಆಗ್ಲಿಕತ್ತದ.,Sadness
"ನಾನ್ ಕಷ್ಟಾಪಟ್ಟ್ ಓದಿದ್ದೆ, ಆದ್ರೂ ಪರೀಕ್ಷೆಲಿ ಸಾಕಷ್ಟ್ ಅಂಕ ತಗೊಳಕ್ ಆಗ್ಲಿಲ್ಲ.",Sadness
"ಭಯನಾ? ಯಾಕೆ? ಅದೇನ್ ಅಷ್ಟೊಂದ್ ದುಬಾರಿನಾ? ಅಯ್ಯಯ್ಯಪ್ಪ, ಹೌದಲ್ಲೋ!",Fear
"ಎಲ್ಲಾ ಗೈಡನ್ಸ್ ಜೊತೆಗೆ ಡ್ರೈವಿಂಗ್ ಲೈಸೆನ್ಸ್ ಪ್ರಕ್ರಿಯೆ ಇಷ್ಟ್ ಸುಲ್ಭವಾಗ್ ಆಗತ್ತೆ ಅಂತ ನಂಗ್ ಗೊತ್ತೇ ಇರ್ಲಿಲ್ಲ, ನಿಜ್ವಾಗ್ಲೂ ದಂಗಾಗೋದೆ ನಾನು!",Surprise
"ಇದೇನೋ ಒಳ್ಳೆ ಫ್ರಿಡ್ಜ್ ಅನ್ಕೊಂಡ್ ತಗೊಂಡ್ಬಂದೆ, ಆದ್ರೆ ಇದ್ರಿಂದಾಗ್ತಿರೋ ಸಮಸ್ಯೆಗಳ್ನ ಸರಿಪಡ್ಸೋ ಹೊತ್ಗೇ ನಂಗ್ ಸಾಕ್ಸಾಗ್ಹೋಗ್ತಿದೆ.",Sadness
ಈ ವಾರಾಂತ್ಯದಲ್ಲಿ ಚೆನ್ನೈಯಲ್ಲಿ ರವಿಶಂಕರ್ ಅವ್ರ ಕಛೇರಿ ಇದೆ! ನಂಗೆ ಮುಂದಿನ್ ಸಾಲಲ್ಲೇ ಸೀಟ್ ಸಿಕ್ಕಿದೆ!,Happiness
ಛೇ! ಈ ಕ್ರೀಡಾಪಟುಗಳು ಅವ್ರ್ ಎದುರಾಳಿಗಳ್ ಜೊತೆ ಗೌರವ ಇಲ್ದಂಗ್ ನಡ್ಕೊಳದ್ ನೋಡಿದ್ರೆ ನಮ್ ಉತ್ಸಾಹ ಎಲ್ಲ ಹಾಳಾಗತ್ತೆ ಇಲ್ಲಿ.,Disgust
ಸಲಾಡ್ ತಿನ್ವಾಗ ಗರಿಮುರಿಯಾದ ತಾಜಾ ಲೆಟಿಸ್ ಬಾಯಿಗ್ ಸಿಗ್ತಿದ್ರೆ ನಂಗ್ ತುಂಬಾನೇ ಇಷ್ಟ.,Happiness
ಈ ವಿಮಾನ ಅಡ್ಡಾದ್ಲಿಂದ ರೇಲ್ವೆ ಸ್ಟೇಷನ್ ಮುಟ್ಟದ್ರಾಗೇ ಎಲ್ಲಿ ನನ್ ಟ್ರೇನ್ ತಪ್ಪತದ ಅಂತ ಭಯಾಗ್ಲಿಕ್ ಹತ್ಯಾದ.,Fear
"ಕಾಂಪೌಂಡ್ ಗೋಡೆ ಕುಸಿತಾ ಇರೋದನ್ ನೋಡ್ದಾಗ, ಒಂದ್  ಕಾಲ್ದಲ್ಲಿ ಬಲ್ವಾಗಿ ನಿಂತಿದ್ರ ಮೇಲೆ ಸಮಯ ಮತ್ ಹವಾಮಾನವು ಹೇಗ್  ಪರಿಣಾಮ ಬೀರಿದೆ ಅಂತ  ಅರ್ಥ ಮಾಡ್ಕೊಳ್ಳೋದು  ನಿರಾಸೆ ತರಿಸ್ತಿದೆ.",Sadness
ಏನ್ರಿ ಇಷ್ಟ್ ಜಾಸ್ತಿ ಬೆಲೆ ಹೇಳ್ತಿದೀರ ಎಲ್ಲಕ್ಕೂ! ಅಕ್ಕಪಕ್ಕದ್ ಅಂಗ್ಡಿಗಳಲ್ಲೆಲ್ಲ ಇದ್ಕಿಂತ ಕಡ್ಮೆಗೇ ಸಿಗ್ತಿವೆ. ನಂಗ್ ಟೋಪಿ ಹಾಕ್ಬೇಕೂಂತಿದೀರೋ ಹೇಗೆ?,Anger
ಥೂ ಈ ಹೋಟೆಲ್ನಾಗಿನ್ ಸ್ವಿಮ್ಮಿಂಗ್ ಪೂಲ್ ಹದಿನೈದ್ ದಿನ್ದಾಗೊಮ್ಮಿ ಸ್ವಚ್ಛ ಮಾಡ್ತಾರಂತಲಾ ಅದ್ಕ ನಂಗಲ್ಲ್ ಹೋದ್ರ ಸಾಕ್ ವಾಕರಕಿ ಬರ್ತದ.,Disgust
"ನಮ್ಗೆ ಸ್ಥಳೀಯ ವ್ಯಾಪಾರಿ ಒಬ್ರಿಂದ ಭಾರಿ ದೊಡ್ ಆರ್ಡರ್ ಸಿಕ್ಕಿ, ನಾವ್ ಅವ್ರ್ ಜೊತೆ ದೀರ್ಘಾವಧಿ ಒಪ್ಪಂದಕ್ ಸಹಿ ಹಾಕ್ದಾಗ್ ನಮ್ಗಾದ್ ಖುಷಿ ಹೇಳ್ತೀರ್ದು.",Happiness
"ನೀವ್ ಮಾಡ್ಬೇಕಾದ್ ಮೊದಲ್ನೇ ಕೆಲ್ಸ ಅಂದ್ರೆ ನೆಗೆಟಿವ್ ಆಗ್ ಯೋಚ್ನೆ ಮಾಡೋದ್ನ ಬಿಡ್ಬೇಕು, ನಿಮ್ಮೇಲ್ ನೀವ್ ನಂಬ್ಕೆ ಬೆಳುಸ್ಕೋಬೇಕು. ಅದ್ಬಿಟ್ಟು ಯಾವಾಗ್ಲೂ ಅನಗತ್ಯವಾಗ್ ನಿಮ್ಮನ್ ನೀವೇ ದೂಷಿಸ್ಕೊತಾ ಇರ್ತೀರಲ.",Disgust
ಪ್ರತಿ ಹುಟ್ಟ್ಹಬ್ಬನೂ ನಂಗೆ ವಯಸ್ಸಾಗ್ತಾ ಇದೆ ಅಂತ ನೆನಪಿಸ್ತಾ ಇರತ್ತೆ.,Sadness
ನಾನ್ ಬಾಡ್ಗೆಗ್ ತಗೋಬೇಕು ಅನ್ಕೊಂಡಿದ್ ಮನೆಲಿ ಲಿವಿಂಗ್ ರೂಮಿಗ್ ಯಥೇಚ್ಛವಾಗ್ ಬರ್ತಿದ್ದಿದ್ ಸೂರ್ಯನ್ ಬೆಳಕ್ ನೋಡಿ ನಂಗಂತೂ ಹಿತವಾದ್ ಆಶ್ಚರ್ಯ ಆಯ್ತು.,Surprise
"ದಿನಾಲು ಪೀಕ್ ಅವರ್ ಟ್ರಾಫಿಕ್ಕಲ್ಲಿ ಡ್ರೈವ್ ಮಾಡೋವಾಗ ನನ್ ಶಾಂತಿ, ನೆಮ್ದಿ ಎಲ್ಲ ಹಾಳಾಗೋಗಿರತ್ತೆ.",Sadness
ವಯಸ್ಸು ಬರೀ ಒಂದ್ ಸಂಖ್ಯೆ ಅಷ್ಟೇ. ನಾನ್ ಯಾವಾಗ್ಲೂ ಚಿಕ್ಕವ್ನು ಅಂತ್ಲೇ ಅನ್ಸತ್ತೆ ನಂಗೆ.,Happiness
ಅವ್ಳಿಷ್ಟದ್ ಅಥ್ಲೀಟ್ ಚಿನ್ನದ್ ಪದಕ ಗೆಲ್ಲೋದ್ ನೋಡ್ತಿದ್ದಂಗೆ ಹಾರ್ಪರ್ ತುಟಿಲಿ ನಗು ಅರಳಿ ಮುಖ ಹೇಗ್ ಮೊರದಗ್ಲ ಆಗೋಯ್ತು ಗೊತ್ತಾ!,Happiness
ಇದ್ ತಡ ಆದ್ರೆ ನನ್ ಕನೆಕ್ಟಿಂಗ್ ವಿಮಾನ ತಪ್ಪ್ ಹೋಗ್ಬಿಡುತ್ತೆ ಅಂತ ಟೆನ್ಷನ್ ಆಗ್ತಿದೆ ನಂಗೆ.,Fear
ನಂಗ್ ಈ ಷೇರ್ ಮಾರ್ಕೆಟ್ ಎಷ್ಟರೆ ಅಭದ್ರಾಗ್ಯಾದಲಾ ಅಂತ ಮೈಯುರಿಲಿಕತ್ತದ.,Anger
ಯಾನ್ನಿದು ಸಂಗೀತ್ ಕೇಳಿ ಭಾಳ ಹಿತಾ ಅನಸ್ತದ ಇಡೀ ದಿವ್ಸ್ ಮನ್ಸಿಗಿ ಹಗೂರ ಇರ್ತದ.,Happiness
ಒನ್ ಪ್ಲಸ್ ಟಿವಿ ಆಕಸ್ಮಿಕ ಹಾನಿಗೆ  ಕೂಡ ವಾರಂಟಿನ ಕೊಡ್ತಾರೆ ಅಂತ  ನಾನ್  ಅನ್ಕೊಂಡಿರ್ಲಿಲ್ಲ.,Surprise
ನನ್ ಕ್ಲಾಸ್ಮೇಟ್ಸು ದೆವ್ವದ್ ಕಥೆ ಹೇಳೋದ್ನ ಕೇಳ್ದಾಗ್ಲೆಲ್ಲ ನಾನ್ ಬೆಟ್ಟದ್ ದಾರಿಲಿ ವಾಪಸ್ ಮನೆಗ್ ನಡ್ಕೊಂಡ್ ಹೋಗ್ವಾಗ ತಿರ್ಗಿ ತಿರ್ಗಿ ಹಿಂದೆ ನೋಡೋ ಹಾಗಾಗೋದು.. ಯಾರೋ ನನ್ಹಿಂದೆನೇ ಬರ್ತಿದಾರೆ ಅನ್ಸೋದು.,Fear
ಮುಂದಿನ್ವಾರ ಮಿಷನ್ ಇಂಪಾಸಿಬಲ್ ಸೆವೆನ್ ನೋಡಕ್ ಹೋಗ್ತಿದೀನಿ ಅಂತ ನಂಗ್ ಈಗ್ಲೇ ರೋಮಾಂಚ್ನ ಆಗ್ತಿದೆ.,Happiness
"ಎರಡ್ ದಿನಗಳ್ ಹಿಂದೆ ವಿದ್ಯಾರ್ಥಿಗಳು ಪಚೈಯಪ್ಪ ಕಾಲೇಜಿನ್ ಸುತ್ಲೂ ಸುಳಿದಾಡ್ತಾ ದಾರಿಹೋಕ್ರ ಮೇಲೆ ಮನ್ಸಿಗ್ ಬಂದಂಗೇ ಹಲ್ಲೆ ಮಾಡ್ತಾ ಇದಾರೆ ಅನ್ನೋ ವರದಿಗಳ್ನ ಓದಿ, ನಂಗ್ ಅಲ್ಲ್ ಹೋಗಕ್ಕೇ ಹೆದ್ರಿಕೆನಪ್ಪ, ನಾನಂತೂ ಆ ಕಡೆ ಕಾಲೇ ಇಡಲ್ಲ.",Fear
ಒಂದೇ ವರ್ಷದಲ್ಲಿ ಮೂರ್ ಟ್ರೋಫಿಗಳ್ನ ಗೆದ್ಮೇಲೆ ಮ್ಯಾಂಚೆಸ್ಟರ್ ಸಿಟಿ ಫುಟ್ಬಾಲ್ ಆಟಗಾರ್ರನ್ನ ಹಿಡ್ಯೋರೇ ಇಲ್ಲ!,Happiness
ಈಚಿಗಂತೂ ಎಷ್ಟ್ ಜಾಸ್ತಿ ಆಗ್ಯಾವ ಕೋವಿಡ್ ಕೇಸ್ಗಳು ಇನ್ ಭಾಳ ದಿವ್ಸ ವಯಸ್ಸಾದವ್ರು ಅಂಜಿ ಮನ್ಯಾಗೇ ಕೂಡ್ಬೇಕ.,Fear
ಕಳೆದ್ ಎರಡ್ ತಿಂಗ್ಳಿಂದ ನೀವ್ಯಾಕ್ ಬಾಡಿಗೆ ಕೊಟ್ಟಿಲ್ಲ? ವಿವರಣೆ ಕೊಡಿ ನಂಗೆ. ಏನ್ ಆಡಿದ್ದೇ ಆಟ ಆಗೋಗಿದ್ಯಲ ನಿಮ್ದು!,Anger
"ಯೇ ಏನ್ ಭಾರಿ ಅಂತೀನಿ! ಕಾರಿನ್ ಡ್ಯಾಶ್ಬೋರ್ಡ್ ಮ್ಯಾಲ್ ಒಂದ್ ಗ್ಲಾಸ್ ನೀರಿಟ್ರ, ಒಂದ್ ಹನಿನೂ ಚಲ್ಲಾರ್ದೇ ದಿಲ್ಲಿಯಿಂದ ಮುಂಬೈ ತನ್ಕ ಎಕ್ಸ್ಪ್ರೆಸ್ವೇ ದಾಟಗೊಂಡ್ಹೋಗ್ಬೌದಲೇ.",Surprise
"ಈ ಎಷ್ಟೋ ಕಂಪ್ನಿಗಳೋರು ನೇಮಕಾತಿ ಮಾಡ್ಕೊಳುವಾಗ ವಯಸ್ಸನ್ನ ಪರಿಗಣ್ಸಲ್ಲ ಅಂತ ದೊಡ್ದೊಡ್ ಹೇಳಿಕೆಗಳ್ನ ಕೊಡ್ತಾರೆ, ಆದ್ರೆ ವಾಸ್ತವ್ವಾಗಿ ಅವ್ರೆಲ್ಲ ನಲವತ್ತೈದ್ ವರ್ಷಕ್ಕಿಂತ ಮೇಲ್ಪಟ್ ಯಾರ್ನೇ ಆದ್ರೂ ತಿರಸ್ಕರ್ಸಿ ತಮ್ ಮಾತಿಗ್ ತಾವೇ ವಿರುದ್ಧ್ವಾಗ್ ನಡ್ಕೋತಾರೆ.",Disgust
ನಂಗ್ ಡ್ರೈವಿಂಗ್ ಬರತ್ತೋ ಇಲ್ವೋ ಅಂತ ಅವ್ರ್ ಮತ್ಮತ್ತೆ ಪರೀಕ್ಷೆ ಮಾಡೋದು ನಂಗೊಂಚೂರೂ ಆಗ್ಬರಲ್ಲ. ಹೋದ್ಸಲ ಅಂತೂ ಎಂಥ ಕೆಟ್ಟ್ ಅನುಭವ ಆಗಿತ್ತು. ಆ ಇನ್ಸ್ಪೆಕ್ಟರ್ಗಳು ಬಹುಶಃ ದುಡ್ಡ್ ಪೀಕೋಕೋ ಏನೋ ಎಷ್ಟ್ ಒರ್ಟಾಗ್ ನಡ್ಕೊಂಡಿದ್ರೂಂದ್ರೆ ನಂಗಂತೂ ಮತ್ತೆ ಅವ್ರ್ ಮುಖ ನೋಡಕ್ಕೂ ಇಷ್ಟ ಇಲ್ಲ.,Disgust
"ಅಬ್ಬಾ, ಈ ಮಲ್ಲಕಂಬದ್ ಪಟುಗಳ್ ಮೈಯಾಗ ಯೆಲಬರೇ ಅವನಾ ಇಲ್ಲಾ ಅನ್ಸಹಂಗ ಮೈಹೊಳ್ಳಸ್ತಾರಲಾ.",Surprise
ನೀವು ತಪ್ಪ್ ಮಾಡೋದ್ ಮಾಡ್ಬಿಟ್ಟು ಆಮೇಲ್ ನಾನದ್ನ ಹೇಳುದ್ರೆ ನನ್ಮೇಲೇ ಕೂಗಾಡೋಷ್ಟು ಧೈರ್ಯ ಬೇರೆನಾ?! ನಾಚ್ಕೆ ಆಗ್ಬೇಕ್ ನಿಮ್ಗೆ.,Disgust
ನಂದಲ್ದೇ ಬೇರ್ಯೋರ್ ಜೀವ್ನದ್ಮೇಲೆ ಪರಿಣಾಮ ಬೀರೋಂಥ ಯಾವ್ದಾದ್ರೂ ನಿರ್ಧಾರ ತಗೊಳುವಾಗ ನಂಗ್ ಎದೆ ಅಳುಕತ್ತೆ.,Fear
ತೀರ್ಹೋಗಿರೋ ಅವ್ಳ್ ಗಂಡನ್ನ ಆತನ್ ಹುಟ್ದ್ಹಬ್ಬದ್ ದಿನ ನೆನ್ಸ್ಕೊಂಡು ಅವ್ಳ್ ಬಿಕ್ಕಿ ಬಿಕ್ಕಿ ಅಳ್ತಿದ್ಳು ಪಾಪ.,Sadness
ಈ ವೆಬ್ಸೈಟಲ್ಲಿರೋ ಬಣ್ಣಗಳು ಘೋರ್ವಾಗ್ವಿವೆ..ನೋಡಕ್ಕಾಗಲ್ಲ.. ಕಣ್ಣ್ ಕುಕ್ಕತ್ವೆ.,Disgust
ಇದನ್ನ ನಮ್ ಗಮನಕ್ ತಂದಿದ್ದಕ್ಕೆ ಧನ್ಯವಾದ. ನಿಮ್ ಪ್ರತಿಕ್ರಿಯೆನ ನಾವ್ ತುಂಬಾನೇ ಗೌರವಿಸ್ತೀವಿ. ಸಕಾರಾತ್ಮಕ ಬ್ಯಾಂಕಿಂಗ್ ಅನುಭವನ ಒದಗ್ಸೋದಕ್ಕೆ ನಾವು ಬದ್ಧರಾಗಿದೀವಿ. ಇನ್ಮುಂದೆ ಇಂಥದ್ದೇನೂ ಆಗದ್ಹಾಗೆ ನೋಡ್ಕೊತೀವಿ.,Sadness
ಯಪ್ಪಾ! ಈ ರೂಪದರ್ಶಿಗಳು ಏನಾದ್ರೂ ಬಟ್ಟೆ ಹಾಕೊಂಡಿದಾರೋ ಇಲ್ವೋ ಅಂತ್ಲೇ ಗೊತ್ತಾಗಲ್ಲ.. ಅಷ್ಟ್ ಕಮ್ಮಿ ಬಟ್ಟೆ ಇರತ್ತೆ ಇವ್ರ್ ಮೈಮೇಲೆ.,Disgust
"ನಾನು ಶಾಂತವಾಗಿರ್ಬೇಕೂಂತ್ಲೇ ಪ್ರಯತ್ನಿಸ್ತೀನಿ, ಆದ್ರೆ ಎಷ್ಟೋ ವರ್ಷಗಳ್ ಕಾಲ ಬರೀ ಕೆಟ್ದನ್ನೇ ನೋಡ್ತಾ, ಕೇಳ್ತಾ ನಂಗ್ ಬುದ್ಧಿ, ಮನ್ಸಲ್ಲೆಲ್ಲ ಅದೇ ಅಚ್ಚೊತ್ಬಿಟಿದೆ, ಈಗದೆಲ್ಲ ಒಂದೇ ಸಲ ಬದ್ಲಾಗ್ಬೇಕೂಂದ್ರೆ ಅದಷ್ಟ್ ಸುಲ್ಭ ಅಲ್ಲ.",Disgust
"ನಾವು ಟ್ಯಾಕ್ಸಿ ಜೀಪ್ ಭರ್ತಿ ಜನ ತುಂಬ್ ಹೋದಾಗ ಡ್ರೈವರ್ಗೋಸ್ಕರ ಹುಡುಕ್ತಿದ್ವಿ, ಆಮೇಲ್ನೋಡುದ್ರೆ ಒಳಗ್ಬರಕ್ ಜಾಗ ಇಲ್ದೇ ಜೀಪಿಂದಾಚೆ ನೇತಾಡ್ತಾ ಇದ್ದೋರೇ ಡ್ರೈವರ್ ಅಂತ ಗೊತ್ತಾಗಿ ನಕ್ಕೂ ನಕ್ಕೂ ಹೊಟ್ಟೆ ಹುಣ್ಣಾಯ್ತು ನಂಗಂತೂ.",Happiness
ಈಗ್ ಹುಟ್ಕೊಳ್ತಾ ಇರೋ ಮಾರ್ಕೆಟ್ಗಳ್ ಸ್ಥಿತಿ ಬಗ್ಗೆ ಯೋಚ್ಸುದ್ರೆ ಯಾಕೋ ಒಂಥರ ಭಯ ಆಗ್ತಿದೆ.,Fear
ಸಾಕರ್ ಪಂದ್ಯದಲ್ಲಿ ಪೆನಾಲ್ಟಿ ಶೂಟೌಟ್ನ ಎದುರಿಸ್ವಾಗ ಒಂದ್ ಕ್ಷಣ ನನ್ ಎದೆ ಬಡ್ತನೇ ನಿಂತ್ಹೋಗಿತ್ತು.,Fear
ನಂಗೆ ಏನೋ ಸುಟ್ಟ್ ವಾಸ್ನೆ ಬರ್ತಾ ಇದೆ. ಎಂಜಿನ್ನಲ್ಲೇನಾದ್ರೂ ಬೆಂಕಿ ಹೊತ್ಕೊಂಡಿದ್ಯ?,Fear
ಈ ಸರ್ತಿ ನಂಗ ತಲಿ ಪೂರ್ತಿ ಕೆಟ್ಟ್ ಮೊಸ್ರಿನ್ ಹಡಿಗ್ಯಾಗ್ಯಾದ. ನಂದ್ ಸಾಮಾನ್ ಬಂದಾಗ ಖುಲ್ಲಾ ಆಗಿತ್ತು ಮತ್ ಮ್ಯಾಲ್ ಮುರಿದ್ಹೋಗ್ಯಾದ.,Anger
"ಈ ಆಸ್ಪತ್ರೆಲಿ ನನ್ ಆರೋಗ್ಯದ್ ವಿಷ್ಯವಾಗಿ ನಡ್ಕೊಂಡ್ ರೀತಿ ನಂಗೊಂಚೂರೂ ಹಿಡಿಸ್ಲಿಲ್ಲ. ಯಾರೂ ಸರ್ಯಾಗ್ ಏನ್ನೂ ಹೇಳಲ್ಲ, ಮಾತೇ ಆಡೋಲ್ಲ ಇಲ್ಲಿ! ಮತ್ತೆ ನನ್ ಆರೋಗ್ಯದ್ ಸಮಸ್ಯೆಗಳ್ ಬಗ್ಗೆ ಇವ್ರ್ ಹೀಗ್ ನಿರ್ಲಕ್ಷ್ಯದಿಂದ ಇರೋದು ಖಂಡಿತ ಸರಿ ಅಲ್ಲ.",Disgust
ಸೋಷಿಯಲ್ ಮೀಡಿಯಾದಲ್ಲೆಲ್ಲ ಭಾರೀ ಫೇಮಸ್ ಆಗಿರೋ ಆದ್ರೆ ನಿಜ್ವಾಗಿ ಆತ ಯಾರೂಂತ್ಲೇ ಗೊತ್ತಿಲ್ದಿರೋ ಒಬ್ಬ ಷಾಪರ್ ನಮ್ಗೆ ತುಂಬಾನೇ ಒಳ್ಳೆ ಫೀಡ್ಬ್ಯಾಕ್ ಕೊಟ್ಟಿದಾನೆ.,Happiness
"ಆಫೀಸ್ ತ್ರೀ ಸಿಕ್ಷ್ಟಿಫೈ ಸಾಫ್ಟ್ವೇರ್ನಲ್ ಅನಗತ್ಯ ಎಐ ಪಾಪ್ಅಪ್ ಆಗಾಗ್ ಬರ್ತಾ ಇದ್ದಿದ್ರಿಂದ, ನಂಗ್ ಮೈಕ್ರೋಸಾಫ್ಟ್ ಮೇಲೆ ಕೋಪ ಬಂದ್ ಹೋಯ್ತು.",Anger
ಈ ಸಲ ನಾನ್ ಪಾಸ್ ಆಗ್ದೇ ಹೋದ್ರೆ ಅನ್ನೋ ಯೋಚ್ನೆಗೇ ಮೈ ಬೆವರತ್ತೆ ನಂಗೆ.,Fear
"ಇತಿಹಾಸ್ದಾಗ ಬೃಹದೀಶ್ವರ ದೇವಾಲಯಕ್ಕ ಭಾಳ ಮಹತ್ವ್ ಅದ ಅಂತ ನಂಗ್ ಗೊತ್ತೇ ಇರ್ಲಿಲ್ಲಾ, ಅದಂತೂ ಖರೇನ ಭಾರೀ ನಂಬ್ಲಿಕ್ಕೆ ಆಗಲ್ಲ ಅನ್ನಂಗ್ ಅದ.",Surprise
"ಹಳ್ಳಿಲಿದ್ ರಸ್ತೆ ಅಕ್ಕಪಕ್ಕ ಎರ್ಡೂ ಕಡೆ ತೆರ್ದಿರೋ ಚರಂಡಿ ಇತ್ತು, ವಾಂತಿ ಬರ್ದೇ ಇರೋ ಥರ ತಡ್ಕೊಂಡು ಅಲ್ಲಿ ಓಡಾಡೋದೇ ಅಸಾಧ್ಯ ಅನ್ಸ್ಬಿಡ್ತು.",Disgust
ಈ ರಸ್ತೀ ಬಾಜೂಕ್ ವ್ಯಾಪಾರ್ ಮಾಡೂ ಮಂದಿಲಿಂದ್ ಯಾವ್ದೇ ಜಾಗದ್ ದೇಸೀ ಸಂಸ್ಕೃತಿ ಸ್ವಲ್ಪ್ ಸ್ವಲ್ಪರೆ ನೋಡ್ಲಿಕ್ಕಿ ಸಿಕ್ಕೇಸಿಗ್ತದ.,Happiness
ಆ ಸಾಫ್ಟ್ವೇರ್ ಕಂಪ್ನಿ ಕಸ್ಟಮರ್ ಸಪೋರ್ಟ್ನೋರು ಅಷ್ಟ್ ಬೇಗ ಪ್ರತಿಕ್ರಿಯ್ಸಿದ್ ನೋಡಿ ನಂಗ್ ಆಶ್ಚರ್ಯ ಆಯ್ತು. ಕಣ್ಮುಚ್ಚ್ ಬಿಡೋದ್ರೊಳ್ಗೇ ರಿಪ್ಲೈ ಮಾಡಿದ್ರು ಅವ್ರು!,Surprise
ಅಷ್ಟ್ ವಯಸ್ಸಾಗಿರೋರು ಜೀವ್ನಪೂರ್ತಿ ಕಷ್ಟಪಟ್ಟು ದುಡ್ದಿದ್ರಲ್ಲಿ ಉಳ್ತಾಯ ಮಾಡಿ ಕೂಡಿಟ್ಕೊಂಡಿದ್ದಿದ್ ಹಣನ ಯಾವನೋ ಎಲೆಕ್ಟ್ರಾನಿಕ್ ಸಹಾಯ್ದಿಂದ ಕದೀತಾನೆ ಮತ್ತೆ ಅವ್ನಿಗೆ ಅಂಥ ಹೀನಾಯ ಕೆಲ್ಸ ಮಾಡಿದ್ ಬಗ್ಗೆ ಚೂರೂ ಪಶ್ಚಾತ್ತಾಪ ಇಲ್ಲ ಅಂದ್ರೆ ಅದ್ಹೇಗೇಂತ್ಲೇ ಅರ್ಥಾಗಲ್ಲ ನಂಗೆ. ಇದ್ಕೇ ಕಲಿಗಾಲ ಅನ್ನೋದು!,Disgust
ವಾಹ್! ಅದೆಷ್ಟ್ ಬೇಗ ಆಗೋಯ್ತಲ್ವಾ! ನನ್ ಹಣ ಎರಡ್ ಸೆಕೆಂಡಲ್ಲಿ ವರ್ಗಾವಣೆ ಆಗ್ಬಿಡ್ತು!,Surprise
ನನ್ ಸಂಬಂಧಿಕ್ರ ಶಸ್ತ್ರಚಿಕಿತ್ಸೆಗ್ ಆರೋಗ್ಯ ಕೇಂದ್ರಲಿ  ಎಬಿ ನೆಗೆಟಿವ್  ರಕ್ತ ಸಿಗುತ್ತೆ  ಅಂತ ಗೊತ್ತಾಗ್ ನಂಗ್  ಸಮಾಧಾನ ಆಯ್ತು. ನನ್ ಭುಜದಿಂದ್ ದೊಡ್ ಬಾರನೆ  ಇಳ್ದಂಗ್ ಆಯ್ತು.,Happiness
ಅವ್ರು ನನ್ ದಾಖಲೆಗಳ್ನೆಲ್ಲ ಪರಿಶೀಲ್ಸಿ ಬರೀ ಐದ್ ನಿಮಿಷ್ದಲ್ಲಿ ಅರ್ಜಿನ ಅನುಮೋದಿಸ್ಬಿಟ್ರು!,Surprise
"ಪಾಪ ಈ ನಟ ನಟೀರು, ತಮ್ ಕಷ್ಟದ್ ಜೀವ್ನ ಜೊತೆಗೆ ಮತ್ಮತ್ತೆ ಟೀಕೆಗ್ ಒಳ್ಗಾಗೋದ್ರಿಂದ ಬೇಸತ್ತು ಎಲ್ಲೂ ಕಾಣುಸ್ಕೊಳ್ದಂಗ್ ಮರೆಯಾಗ್ ಹೋಗ್ಬಿಡ್ತಾರೆ.",Sadness
ನನ್ ಟಿಕೆಟ್ನ ಮುಂದೂಡೋದಕ್ಕೆ ಬುಕಿಂಗ್ ಅಧಿಕಾರಿ ಜೊತೆ ಅಷ್ಟೊಂದ್ಸಲ ಮಾತಾಡಿ ಅವ್ರನ್ನ ಒಪ್ಸೋ ಹೊತ್ಗೆ ನಂಗ್ ಸಾಕಾಗೋಯ್ತು.. ರೋಸ್ ಹೋಗಿದೀನಿ ನಾನು.,Disgust
"ಈ ಇಡೀ ಬಟವಾಡೆ ಅನುಭವ್ದಿಂದ ನಂಗಂತೂ ಸಾಕಾಗ್ಹೋಗಿದೆ, ಅದ್ರಲ್ಲೂ ಇದ್ನ ಸಮಯಕ್ ಸರ್ಯಾಗ್ ತಲ್ಪಿಸ್ಬೇಕು ಆದ್ರೆ ಪ್ಯಾಕೇಜ್ ಮಾತ್ರ ಅಂದ್ಕೊಂಡಿದ್ಕಿಂತ ತುಂಬಾ ತಡವಾಗ್ ಬರ್ತಿದೆ ಅಂದಾಗಂತೂ ತುಂಬಾ ತಲೆನೋವಾಗ್ಬಿಡತ್ತೆ.",Sadness
ನಾನ್ ನೆನ್ನೆ ರಾತ್ರಿ ನನ್ ಟಿಕೆಟ್ನ ಕ್ಯಾನ್ಸಲ್ ಮಾಡಿದೀನಿ ಸರ್. ನಂಗೆ ದುಡ್ಡ್ ವಾಪಸ್ ಸಿಗತ್ತೋ ಇಲ್ವೋ ಅಂತ ಚಿಂತೆ ಆಗ್ತಿದೆ.,Fear
"ನನ್ ರೂಮ್ ನಾನ್ ಹೇಗಾದ್ರೂ ಇಟ್ಕೊತೀನಿ, ನಿಮ್ಗೇನ್ ಕಷ್ಟ?! ಸುಮ್ನೇ ಬಾಗ್ಲ್ ಹಾಕ್ಕೊಂಡ್ ಹೊರ್ಡಿ ಅಷ್ಟೇ.",Anger
"ಕಳೆದ್ವಾರದ್ ಕೊನೇಲಿ ರೆಸ್ಟೋರಂಟಿಗ್ ಹೋಗಿ ನಂಗಿಷ್ಟವಾದ್ ರೊಟ್ಟಿ ಊಟ ಮಾಡ್ದೆ, ಜೀವಕ್ ತೃಪ್ತಿಯಾಯ್ತು.",Happiness
ಹೇ ಈ ಬಿಸಿನೆಸ್ಸಿನ್ ಬಾಡ್ಗಿ ಜಾಗಾ ದೊಡ್ ವ್ಯಾಪಾರೀ ಜಿಲ್ಲಾನ್ಯಾಗ್ ಅದಾಂತ ನಂಗ ಭಾಳ ಖುಷಿ ಆಗ್ಯಾದ. ನಂಗ ಇಂಥಾದೇ ಬೇಕಾಗಿತ್ತ.,Surprise
ಸ್ವಲ್ಪನೂ ಕನಿಕರ ಇಲ್ದ್ ಹಾಗೆ ಅಕೌಂಟಂಟ್ ಕೊಟ್ಟಿರೋ ಹಣಕಾಸು ವರದಿ ನೋಡಿದ್ರೆ ನಮ್ ಭವಿಷ್ಯ ಹಾಳ್ ಸುರಿಯೋ ಥರ ಕಾಣ್ತಿದೆ.,Sadness
ಅಯ್ಯಯ್ಯೋ! ನಾನಿವತ್ತಿನ್ ಪ್ರೆಸೆಂಟೇಷನ್ಗೆ  ತಯಾರಾಗೋದ್ನೇ ಮರ್ತ್ಹೋದೆ.,Fear
"ಭಾರತ್ದಲ್ಲಿ ತೊಂಬತ್ತೆಂಟು ಶೇಕಡ ಜನ ಆದಾಯ್ ತೆರಿಗೆ ಕಟ್ತಿಲ್ಲ ಅಂದ್ಮೇಲೆ ನಾನ್ಯಾಕ್ ಕಟ್ಬೇಕು ಅದ್ನ?! ನೋಟು, ನಾಣ್ಯ, ಏನ್ ನಮ್ಮನೆ ಗಿಡದಲ್ ಬಿಡುತ್ತಾ!",Anger
"ನಿಮ್ಗಳಿಂದಾಗಿ ಪ್ರಾಜೆಕ್ಟ್ ಕೈ ತಪ್ ಹೋಗಿದ್ಕೆ ಮೇಲ್ನೋರು ನನ್ಮೇಲ್ ಕೂಗಾಡ್ತಿದಾರೆ, ನಿಮ್ಮಂಥೋರ್ ಟೀಮ್ಗೆ ಮ್ಯಾನೇಜರ್ ಆಗಿರೋದ್ಕೆ ನಂಗ್ ಹೀಗ್ ಆಗ್ಬೇಕಾದ್ದೇ.. ಎಲ್ಲ ನನ್ ಕರ್ಮ.",Anger
ನಮ್ ಮಕ್ಳೆಲ್ಲ ಯು.ಎಸ್.ನಲ್ಲಿರೋದ್ರಿಂದ ಎಷ್ಟೋ ಸಲ ನಾವಿಲ್ಲಿ ಒಬ್ಬಂಟಿಗ್ರು ಅನ್ಸಿ ಯಾವುದ್ರಲ್ಲೂ ಖುಷಿನೇ ಇಲ್ದಂಗಾಗ್ಬಿಡತ್ತೆ.,Sadness
"ಏನ್ ಆಗ್ಯಾದ ಈ ಮಂದಿಗಂತೀನಿ, ಅಲ್ಲಾ ನಂ ಬಳಗ್ರೊಬ್ರಿಗಿ ಆಪರೇಷನ್ ಸಲ್ವಾಗಿ ಅರ್ಜೆಂಟ್ ಎ.ಬಿ. ನೆಗೆಟಿವ್ ರಕ್ತ್ ಬೇಕಾಗ್ಯಾದ ನಿಮ್ ಬಳಿ ಸಿಗ್ತದೇನಂತ ಕೇಳಿದ್ರ ಹ್ಞೂ ಅಥ್ವಾ ಇಲ್ಲಾಂತ ಸೀದಾಸೀದಾ ಹೇಳಬೇಕಲಾ. ಒಬ್ಬರ್ದು ಜೀವದ್ ಪ್ರಶ್ನದ ಇದು!",Anger
"ಡಿಸೈನರ್ ಆಗಿ ನಾವ್ ನಮ್ ಪ್ರೋಡಕ್ಟ್ಗಳ್ ಛಂದಿರ್ಲಿ ಅಂತ ಇಷ್ಟೆಲ್ಲಾ ಮಾಡಿರ್ತೀವಿ, ಈ ಕಸ್ಟಮರ್ಗಳ್ ಅದ್ರ ಕಡಿಗ್ ಒಂಚೂರ್ ಲಕ್ಷ್ಯಸೈತ ಕೊಡಂಗಿಲ್ಲ.",Sadness
"ಆ ಪುಸ್ತಕದ್ ಅಂಗ್ಡಿಲಿ ಎಲ್ಲ ಪೂರ್ತಿ ಕೊಳೆ, ಧೂಳ್ಮಯ ಆಗಿದ್ದಿದ್ರಿಂದ ಯಾವ್ ಪುಸ್ತಕ ತಗೊಳಕ್ಕೂ ಮನ್ಸಾಗ್ಲಿಲ್ಲ ನಂಗೆ.",Disgust
"ಲೈಫ್ ಸ್ಟೈಲ್ದಾಗ್ ನಡೀತಿರೋ ಕ್ಲಿಯರೆನ್ಸ್ ಸೇಲ್ನ್ಯಾಗ್, ಈ ಪಾರ್ಟಿ ಡ್ರೆಸ್ಸು ಶೇಕಡ ಎಪ್ಪತ್ತೈದ್ ಸೋಡಿಲ್ ಸಿಗ್ತು, ಇಷ್ಟ್ ಭಾರೀ ಡೀಲ್ ಸಿಗ್ತದಂತ ನಾ ಅನ್ಕೊಂಡೇ ಇರ್ಲಿಲ್ಲ.",Surprise
"ಈ ತ್ರೈಮಾಸಿಕದಲ್ಲಿ ಕಂಪ್ನಿ ಆದಾಯ ಕುಸ್ದ್ಹೋಗಿರೋದು ನಂಗ್ ಭಾಳ ನಿರಾಶೆ ಆಗಿದೆ, ಇದ್ರಿಂದಾಗಿ ಇನ್ನೊಂದಷ್ಟ್ ತಿಂಗ್ಳು ಹೆಚ್ಚಿನ್ದೇನನ್ನೂ ಸಾಧ್ಸೋಕಾಗಲ್ಲ ಅನ್ಸತ್ತೆ.",Sadness
"ನನ್ ಸೆಮಿಸ್ಟರ್ಗೆ ತೊಂದ್ರೆ ಆಗೋ ಹಾಗೆ ಎಲ್ಲ್ ಮತ್ತೆ ನಂಗ್ ಹೊಟ್ಟೆ ನೋವು, ಬಾಧೆಗಳೆಲ್ಲ ಶುರುವಾಗತ್ವೋ ಅಂತ ಭಯ ಆಗ್ತಿದೆ.",Fear
ದುಡ್ಡಿಗಿ ಗಂಡಕಾಲ್ ಬಂದದ ಅಂದ್ರ ಅದು ಏನೇನ್ ಮಾಡಭೌದು ಅಂತ ನಂಗ್ ಎದಿ ಢವಢವ ಅಂತದ.,Fear
"ನಮ್ ಏರಿಯಾದಲ್ಲಿ ನವೀಕರಿಸಬಹುದಾದ್ ಇಂಧನ ಯೋಜ್ನೆ ಅಡಿಲಿ ಅದೆಷ್ಟ್ ದೊಡ್ಡ್ ದೊಡ್ಡ್ ಸೋಲಾರ್ ಪ್ಯಾನಲ್ಗಳ್ನ ಹಾಕಿದಾರೇಂದ್ರೆ, ನೋಡೇ ಬೆರಗಾಯ್ತು ನಂಗೆ.",Surprise
ನಾನ್ ಎಷ್ಟ್ ಅರ್ಜಿ ಹಾಕುದ್ರೂ ಅದೆಲ್ಲ ರಿಜೆಕ್ಟ್ ಆಗೋದ್ ನೋಡ್ನೋಡಿ ನಂಗ್ ಕೆಲ್ಸ ಹುಡ್ಕೊಕ್ ಉತ್ಸಾಹನೇ ಇಲ್ದಂಗಾಗಿದೆ.,Sadness
"ಕಸ್ಟಮ್,ಮೇಡ್, ಹಾಸಿಗೆಗೋಸ್ಕರ ಅಷ್ಟೆಲ್ಲ ದುಡ್ಡ್ ಸುರ್ದು ಆಮೇಲೆ ಅದು ಸ್ವಲ್ಪನೂ ನಾನ್ ಅನ್ಕೊಂಡ್ ಹಾಗಿಲ್ಲ ಅಂದ್ರೆ ಎಷ್ಟ್ ಕೋಪ ಬರ್ಬೇಡ ನಂಗೆ.",Anger
ರಾತ್ರಿ ನಾನ್ ಸಾಮಾನ್ಯವಾಗ್ ಹೋಗೋ ದಾರಿ ಅಲ್ದೇ ನಂಗ್ ಗೊತ್ತಿಲ್ದೇ ಇರೋ ಬೇರೆ ದಾರಿಲ್ ಹೋದ್ರೆ ದಾರಿ ತಪ್ತಿನೇನೋ ಅಥ್ವಾ ಅಲ್ಲ್ ಯಾರಾದ್ರೂ ಕಳ್ರು ಇರ್ತಾರೇನೋ ಅಂತ ಭಯ ಆಗತ್ತೆ.,Fear
ಥಿಯೇಟರಲ್ಲಿ ನನ್ ಸೀಟಿನ್ ಹಿಂದೆ ಕೂತ್ಕೊಂಡಿದ್ ವ್ಯಕ್ತಿ ಆಡ್ತಿದ್ ರೀತಿ ಅಸಹ್ಯ ಆಯ್ತು ನಂಗೆ.,Disgust
ನಿಮ್ ಅಂಗ್ಡ್ಯಾಗ ಯಾವಾಗ್ಲೂ ನಂಗ ಅಗ್ದೀ ಬೇಕಾಗಿರ ಸಾಮಾನೇ ಖಾಲಿ ಮಾಡ್ಕೊಂಡ್ ನಮ್ ಜೀವ್ ತಿನ್ತೀರ್ ನೀವ್..ಧತ್.. ಇವತ್ತಿನ್ ಕೆಲ್ಸೆಲ್ಲ ಕೆಟ್ವು.,Anger
"ಏ, ನಂಗ ಊರಾಗ್ ಅಡ್ಡ್ಯಾಡದಿತ್ತು, ಆದ್ರ ಅಲ್ಲಿಂದ ಯಷ್ಟ ದೂರ ರೂಮ್ ಕೊಟ್ಟಾರಂತ ನೋಡಾ ಬ್ಯಾಸ್ರ ಬಂದೋತ್ ನಂಗ.",Sadness
ಜೋರ್ ಮಳಿ ಬೀಳದ್ ಕೂಡೆ ಇಲ್ಲಿನ್ ನೀರ್ ಮತ್ ಊಟದ್ ಜೊತೀಗೆ ಬ್ಯಾನಿ ಬರ್ತದ ಅಂತ್ ನಂಗ್ ಚಿಂತಿ ಆಕ್ಕೈತಿ.,Fear
"ನನ್ ಅಚ್ಚುಮೆಚ್ಚಿನ್ ಆಟಗಾರ ಎಂ.ಎಸ್.ಧೋನಿ ಐ.ಪಿ.ಎಲ್.ಇಂದ ನಿವೃತ್ತ ಆದಾಗಿಂದ, ನಂಗ್ ಕ್ರಿಕೆಟ್ ನೋಡ್ಬೇಕು ಅಂತ್ಲೇ ಅನ್ಸೋಲ್ಲ.. ಏನೂ ಮಜಾ ಇಲ್ಲ ಅದ್ರಲ್ಲೀಗ.",Sadness
"ನಾವ್ ಹೋಗಿದ್ ಹೋಟೆಲ್ ರೂಮಲ್ಲಿ ಮಾಡಿದ್ದ್ ಅಲಂಕಾರಗಳ್ನೆಲ್ಲ ನಾನು ಮತ್ತೆ ನನ್ ಹೆಂಡ್ತಿ ಬಿಟ್ ಕಣ್ ಬಿಟ್ಟಂಗೇ ನೋಡ್ತಿದ್ವಿ, ಅಷ್ಟ್ ಸೊಗ್ಸಾಗಿತ್ತು ಅದು!",Surprise
"ವಂದೇ ರೋಡ್ನ್ಯಾಗ್ ನಮ್ ಬರಾಬರಿಯವ್ರ್ ಬಾಜೂಕ್ಕ ನಮ್ ಅಂಗ್ಡಿ ತೆಗಿಬೇಕೊ ಬ್ಯಾಡೊ, ಅದೇ ನಮ್ಗ ಮುಳಗಸ್ತದೇನೂ ಅಂತ ನಂಗ್ ಡುಕುಡುಕಿ ಇದ್ದೇಇತ್ತ.",Fear
"ಸರ್! ನಾನ್ ನಿಮ್ಗೆ ಬೆಂಗ್ಳೂರಿಂದ ಚೆನ್ನೈಗೆ ಟಿಕೆಟ್ ಕಾಯ್ದಿರ್ಸೋಕ್ ಹೇಳಿದ್ದೆ, ಆದ್ರೆ ನೀವ್ ನೋಡುದ್ರೆ ಬೆಂಗ್ಳೂರಿಂದ ಪುಣೆಗ್ ಟಿಕೆಟ್ ಮಾಡ್ಸಿದೀರಿ. ತಲೆ ಇಲ್ವಾ ನಿಮ್ಗೆ?",Anger
ಕ್ರಿಕೆಟ್ ಸ್ಟೇಡಿಯಮ್ಮಲ್ಲಿರೋ ಸ್ಟ್ಯಾಂಡಂತೂ ಎಷ್ಟ್ ಕಿಕ್ಕಿರ್ದಿತ್ತು ಅಂದ್ರೆ ಅದು ಯಾವ್ ಕ್ಷಣದಲ್ಲಾದ್ರೂ ಮುರ್ದ್ ಬೀಳ್ಬೋದು ಅಂತ ಹೆದ್ರೋಗಿದ್ದೆ ನಾನು.,Fear
ಬ್ಯಾಂಕಿಂದ ಅಂತ ಹೇಳ್ಕೊಂಡು ಒಂದ್ ಹಣಕಾಸಿನ್ ವ್ಯವಹಾರನ ವ್ಯಾಲಿಡೇಟ್ ಮಾಡಕ್ಕೆ ಒ.ಟಿ.ಪಿ. ಹೇಳಿ ಅಂತ ಫೋನ್ ಮಾಡಿದ್ದೋರ್ ಬಗ್ಗೆ ನಂಗ್ಯಾಕೋ ತುಂಬಾ ಭಯ ಆಗ್ತಿದೆ.,Fear
"ಆ ದೆವ್ವದ್ ಸಿನ್ಮಾದ್ ಮೊದಲ್ನೇ ಪಾರ್ಟನ್ಯಾಗೇ ಎಷ್ಟ ಹೊಲ್ಸ ಹಿಂಸಾ ರಕ್ತೆಲ್ಲಾ ತೋರ್ಸ್ಯಾರ, ಆವಾಗೇ ವಾಕರಕಿ ಬರ್ಲಿಕತ್ತಿತ್ತಾ ಇನ್ ಅದ್ರ ಮುಂದಿನ್ ಪಾರ್ಟರೇ ಇನ್ನಾ ಹಾದಿಬಿಟ್ಟದ.",Disgust
ಹ್ಯಾರಿ ಸ್ಟೈಲ್ಸ್ ಈ ವಾರ ಮುಂಬೈಯಲ್ಲಿ ಹಾಡ್ತಿದಾನೆ ಅಂದ್ರೆ ನಂಗ್ ನಂಬಕ್ಕೇ ಆಗ್ತಿಲ್ಲ.,Surprise
"ಸ್ಪೇನ್ನಲ್ಲಿ ಟಿಕ್ಟಾಕ್ ನೋಡ್ತಿರೋ ಭವಿಷ್ಯಕಾಲದ್ ಒಬ್ಬಂಟಿ ವ್ಯಕ್ತಿ ಥರ ಇಡೀ ಭೂಮಿ ಮೇಲೆ ನಾನೊಬ್ನೇ ಇರೋ ಹಾಗೆ, ಎಲ್ರೂ ನನ್ನನ್ನ ಬಿಟ್ಹೋಗಿರೋ ಹಾಗೆಲ್ಲ ಇತ್ತೀಚ್ಗೆ ಭಾರೀ ಭಯಂಕರ ಕನ್ಸ್ಗಳು ಬೀಳ್ತಿವೆ ನಂಗೆ.",Fear
ರ್ಯಾಂಪ್ ಮೇಲೆ ನಡ್ಕೊಂಡ್ ಬರುವಾಗ ಜಾರ್ಬಿದ್ದೆ ನಾನು. ನನ್ ಮಂಡಿ ತುಂಬಾ ನೋಯ್ತಾ ಇದೆ.,Sadness
ನೀನು ಪುನಃ ಕೊಟ್ಟ್ ಮಾತಿಗ್ ತಪ್ದೆ ಅಂದ್ರೆ ನಂಬಕ್ಕಾಗ್ತಿಲ್ಲ ನಂಗೆ. ಹೊಟ್ಟೆಗದೇನ್ ತಿಂತೀಯ ನೀನು?!,Anger
"ನಾನ್ ಏನಾದ್ರು ಹೇಳಕ್ ಬಂದ್ರೆ ನೀನ್ ಒಂಚೂರೂ ಕಿವಿಗೊಡಲ್ಲ, ಆಮೇಲ್ ನಾನ್ ನಿಂಗೇನೂ ಹೇಳೇ ಇಲ್ಲ ಅಂತ ದೊಡ್ದಾಗ್ ಗೋಳಾಡ್ತೀಯ.",Disgust
"ಸ್ವಲ್ಪ ದಿನಗಳ್ಗ್ ಮುಂಚೆ ತಾನೇ ಅಷ್ಟ್ ಕಷ್ಟಪಟ್ಟು ಹೊಲದಲ್ಲಿ ಕಳೆನೆಲ್ಲ ಕಿತ್ತು ನೀಟ್ ಮಾಡಿದ್ವಿ, ಆದ್ರೂ ಹೊಲ ಬಂಜರು ಬಿದ್ದಿರೋದ್ ನೋಡುದ್ರೆ ಎದೆಯೆಲ್ಲ ಭಾರ ಆಗತ್ತೆ.",Sadness
ಚೀನಾದ್ ಈ ದೇಸೀ ತಿಂಡಿ ರುಚಿ ಯಾಕೋ ವಾಂತಿ ಬರ್ಸೋ ಥರ ಇದೆ.,Disgust
ಈ ಅಂಗ್ಡಿಲಿ ಏ.ಸಿ.ನ ತುಂಬಾ ಇಕ್ಕಟ್ಟಾದ್ ಜಾಗ್ದಲ್ ಇಟ್ಟಿರೋ ಕಾರಣ ಅದ್ರಿಂದ ಬರ್ತಿರೋ ವಾಸ್ನೆ ತಡ್ಕೊಳಕ್ಕಾಗ್ತಿಲ್ಲ.,Disgust
"ನನ್ ಕನ್ಸಲ್ಟೇಷನ್ ಬಿಸಿನೆಸ್ ಮಸ್ತ್ ನಡದದ ಭಾಳ ಬೆಳಿಲಿಕತ್ತದ, ದೊಡ್ ದೊಡ್ ಮಂದಿನೂ ನನ್ ಕ್ಲೈಂಟ್ ಆಗ್ಯಾರ.",Happiness
ಬೇಕ್ರಿಯೋರು ನನ್ ಹುಟ್ಹಬ್ಬದ್ ಕೇಕ್ನ ಸಮಯಕ್ ಸರ್ಯಾಗಿ ಮನೆಗ್ ತಲುಪಿಸ್ಲಿಲ್ಲ ಅಂತ ನಂಗ್ ತುಂಬಾನೇ ಬೇಜಾರಾಯ್ತು.,Sadness
ಬೀದಿಗಳಲ್ಲಿ ಕಲೆಗಳ್ನ ಪ್ರದರ್ಶಿಸೋರಲ್ಲಿ ಅಷ್ಟ್ ಒಳ್ಳೆ ಪ್ರತಿಭೆ ಇರ್ಬಹುದು ಅಂತ್ ನಾನ್ ಕನ್ಸಲ್ಲೂ ಅನ್ಕೊಂಡಿರ್ಲಿಲ್ಲ.,Surprise
ಅಬ್ಬಬ್ಬಾ! ಯುಪಿಐ ಒಂದ್ ತಿಂಗ್ಳಲ್ಲಿ ಸುಮಾರು ಹದಿಮೂರ್ ಲಕ್ಷ ಕೋಟಿ ರೂಪಾಯಿ ಮೌಲ್ಯದ ಎಂಟು ಬಿಲಿಯನ್ ವಹಿವಾಟುಗಳ್ನ ನಿರ್ವಹಿಸತ್ತಂತೆ!,Surprise
"ನನ್ ಸ್ನೇಹಿತ್ರಿಗೆಲ್ಲ ತುಂಬಾನೇ ಕೆಟ್ ಅನುಭವ ಆಗಿದೆ, ಅವ್ರೆಲ್ಲ ಯಾವ್ಕಾರಣಕ್ಕೂ ನಿಮ್ಹತ್ರ ವಾಟರ್ ಫಿಲ್ಟರ್ ತಗೋಬೇಡ ಅಂತ ಅಷ್ಟಷ್ಟ್ ಸಲ ಹೇಳಿದ್ರು ನಂಗೆ. ನಾನ್ ಅವ್ರ್ ಮಾತ್ ಕೇಳ್ಬೇಕಿತ್ತು.",Disgust
ಚೆನ್ನೈಯಿಂದ ಬೆಂಗ್ಳೂರ್ಗ್ ಬರಕ್ಕೆ ರೈಲ್ ಟಿಕೆಟ್ ಕಾಯ್ದಿರ್ಸೋದು ಇತ್ತೀಚ್ಗಂತೂ ತುಂಬಾ ಕಷ್ಟ ಆಗೋಗಿದೆ. ಎಲ್ರೂ ಅಷ್ಟ್ ಬೇಗ ಟಿಕೆಟ್ಗಳ್ನ ಬುಕ್ ಮಾಡ್ಕೊಂಡ್ಬಿಡೋದ್ರಿಂದ ನಂಗೆ ಯಾವ್ ಸಲನೂ ಟಿಕೆಟ್ ಬುಕ್ ಮಾಡಕ್ಕಾಗ್ತಿಲ್ಲ.,Sadness
ಏ ಹುಚ್ಚ್ ಹುಡ್ಗಿ! ನಿನ್ ರ್ಯಾಕೆಟ್ನ ಗಟ್ಯಾಗ್ ಹಿಡ್ಕೋ ಮೊದ್ಲು. ನಾನ್ ನಿಂಗ್ ಹೇಳ್ಕೊಟ್ಟಿದ್ನ ನೆನ್ಪುಸ್ಕೋ ಸರ್ಯಾಗಿ.,Anger
"ಕೆನಡಾದ್ ಕಾಡಲ್ಲಿ ಬೆಂಕಿ ಆ ಪಾಟಿ ಹತ್ತುರಿತಿರೋದ್ ನೋಡಕ್ಕೇ ಭಯಂಕರವಾಗಿದೆ, ಇನ್ನು ಅಲ್ಲೇ ಹತ್ರ ಇರೋರ್ ಕಥೆ ಹೇಗೋ ಏನೋ!",Fear
ಶತಾಬ್ದಿ ಎಕ್ಸ್ಪ್ರೆಸ್ಸಲ್ ಕೊಟ್ಟಿದ್ ಊಟ್ದಲ್ಲಿ ಕೂದ್ಲು ಸಿಕ್ಕಿ ನಂಗ್ ವಾಕರಿಕೆ ಬಂದ್ಬಿಡ್ತು.,Disgust
"ನಾವೊಂದ್ ರಾಷ್ಟ್ರವಾಗಿ ಏನೆಲ್ಲಾ ಮಾಡ್ಬೋದು, ಆದ್ರೆ ನಾವ್ಗಳು ಬರೀ ಕಿತ್ತಾಡೋದ್ರಲ್ಲೇ ಸಮಯ ಹಾಳ್ ಮಾಡ್ತಿದೀವಲ ಅಂತ ನಂಗ್ ಬೇಜಾರಾಗೋಗಿದೆ.",Sadness
ವಿಂಬಲ್ಡನ್ ಫೈನಲ್ಸಲ್ಲಿ ಗೆಲ್ಲೋ ಷಾಟ್ ಹೊಡ್ದು ಖುಷೀಲಿದ್ದ ರೋಜರ್ ಫೆಡರರ್ ತಮ್ ಕುಟುಂಬದೋರ್ನ ಅಪ್ಪ್ಕೊಳಕ್ಕೆ ಸ್ಟ್ಯಾಂಡ್ಸ್ ಹತ್ರ ಓಡೋಡ್ಬಂದ್ರು.,Happiness
"ಏ ಈ ಫ್ರಿಜ್ಜನ್ಯಾಗಿಂದ್ ಜೋರ್ ಜೋರ್ ಎಂಥಾವೊ ಸಪ್ಪಳಾ ಬರ್ತಾವಲಾ ಕೇಳಿದ್ರ ಹೊಟ್ಯಾಗ್ ರುಂ ಅಂತದ, ಏನೋ ದೊಡ್ ತಪ್ಪಾಗ್ಯಾದ ಅನ್ಸ್ತದ.",Fear
ಈ ತಿಂಗ್ಳು ನನ್ ಅಕೌಂಟಿಗ್ ಅನ್ಯೂಇಟಿ ಬಂದಿರೋದ್ ನೋಡಿ ಎಷ್ಟೋ ನೆಮ್ದಿ ಆಯ್ತು ನಂಗೆ.,Happiness
"ನಾನು ಸ್ಥಳೀಯ ಬುಡಕಟ್ಟು ಜನಾಂಗ್ದೋರ್ ಹತ್ರ ಕುಣ್ತದ್ ಹೆಜ್ಜೆಗಳ್ನ ಕಲ್ತು ಅಭ್ಯಾಸ ಮಾಡ್ದೆ, ನಂಗ್ ಅವ್ರ್ ಕುಣ್ತಗಳೆಲ್ಲ ತುಂಬಾನೇ ಇಷ್ಟ ಆದ್ವು.",Happiness
"ಈ ಗಿಡಗಳ್ ಮ್ಯಾಲ ನಾ ಜೀವೇ ಇಟ್ಗೊಂಡಿನಿ, ಅವಕ್ಕ ಧಕ್ಕಿ ಆಗ್ಲಾರ್ದ್ಹಂಗ ಮತ್ ಇಲ್ಲಿ ಆಜೂಬಾಜು ಜಾಗಾನೂ ಛಂದಿರಹಂಗ ನಾವ್ ಗ್ವಾಡಿ ಹೆಂಗ್ ಕಟ್ಟಸ್ಬೇಕಂತ ನನ್ ಮನಸ್ನ್ಯಾಗ ಕೊರಿಲಿಕತ್ತದ.",Fear
"ನಾವ್ ಹೋಗಿದ್ದಾಗ ಅಲ್ಲಿನ್ ಸ್ಥಳೀಯ ವಸ್ತುಸಂಗ್ರಹಾಲಯನ ಯಾವ್ದೋ ಖಾಸಗಿ ಕಾರ್ಯಕ್ರಮ ಇತ್ತೂಂತ ಮುಚ್ಬಿಟಿದ್ರು, ಅದನ್ ನೋಡೋ ಅದೃಷ್ಟ ಇರ್ಲಿಲ್ಲ ನಮ್ಗೆ.",Sadness
ತಿಂಡಿಗದೆಷ್ಟ್ ಮೆಣ್ಸಿನ್ ಪುಡಿ ಸುರ್ದಿದ್ಯಾ ನೀನು! ನಂಗ್ ಬಿಪಿ ಎಷ್ಟ್ ಜಾಸ್ತಿ ಆಗಿದೆ ಗೊತ್ತಾ ಅದ್ರಿಂದಾಗಿ.,Anger
ಈ ಅಂಗ್ಡಿ ಭರ್ತಿ ಬರೀ ಧೂಳೇ ತುಂಬಿದೆ.. ಮತ್ತೆ ಅದೆಷ್ಟ್ ಕೆಟ್ಟ್ ವಾಸ್ನೆ ಬರ್ತಿದ್ಯಪ್ಪಾ..ವುಫ್!,Disgust
"ನಾವ್ ಹೋಗ್ಬೇಕಿದ್ ಪ್ರವಾಸಿ ತಾಣಕ್ಕೆ ಆ ಊರಿನ್ ಜನ ತಪ್ ತಪ್ ದಾರಿ ಹೇಳಿ ನಮ್ ದಿಕ್ಕ್ ತಪ್ಸಿದ್ರು ಅಂತ ರೇಗ್ ಹೋಯ್ತು ನಂಗೆ, ದಾರಿ ಉದ್ದಕ್ಕೂ ಅವ್ರ್ಗೆಲ್ಲ ಹಿಡಿ ಶಾಪ ಹಾಕ್ಕೊಂಡ್ ಬಂದೆ.",Anger
ಅವ್ನು ಬರೀ ಐದ್ ಅಡಿ ಎತ್ರ ಇರೋದಾದ್ರೂ ಗಾಳಿಲ್ ಎತ್ರಕ್ ಹಾರಿ ಬ್ಯಾಸ್ಕೆಟ್ ಬಾಲ್ ಹೂಪ್ನ ಅಂಚನ್ನ ಮುಟ್ದ.,Surprise
ನಂಗಂತೂ ಈ ಫ್ರಿಜ್ನೊಂದಿಗೆ ಸಾಕಾಗ್ ಬಿಟ್ಟಿದೆ.  ನನ್ ಅಡುಗೆಮನೆನ್  ಐಸ್ ರಿಂಕ್ ಆಗಿ ಮಾಡೋ  ಉಪಕರಣನ್ ಯಾರ್ ತಾನೇ  ಇಷ್ಟ್  ಪಡ್ತಾರೆ?,Anger
ನಂಗ್  ವೈದ್ಯರ್  ಮೇಲೆ ಕೋಪ ಬಂತು. ಡೈಯಗ್ನೋಸಿಸ್ ಮಾಡ್ದೆ  ನನ್ ಅತ್ತೆಯ ಚರ್ಮದ್ ಸಮಸ್ಯೆಗೆ ಅನಗತ್ಯ ಔಷಧಿಗಳನ್ ಶಿಫಾರಸು ಮಾಡ್ದಾಗ,Anger
ಮೂರ್ ತಿಂಗ್ಳ್ ಹಿಂದ ಮಾಡ್ದ್ಹಂಗ ನಾ ಯಲ್ಲ್ ಮತ್ತ ತಪ್ ತಾರೀಕಿಗಿ ಟಿಕೀಟ್ ತಗಸ್ಗೊಂಡ್ ಬರ್ತೀನೇನೂ ಅಂತ ನಂಗ್ ಪುಕುಪುಕು ಹತ್ಯಾದ.,Fear
ಆಹ್! ಪ್ರತೀ ಸಲ ಭಾಂಗ್ರಾ ನೃತ್ಯ ನೋಡ್ದಾಗ ನಂಗೂ ಎದ್ದು ಕುಣೀಬೇಕು ಅನ್ಸತ್ತೆ.,Happiness
ಈ ರೈಲಲ್ಲಿ ಅವ್ರಿಗೆ ಸರ್ಯಾದ್ ಚಹಾನೂ ಮಾಡೋಕ್ ಬರಲ್ಲ!,Anger
ವಾಯುವ್ಯ ಗಡಿನಾಡಲ್ಲಿ ಒಬ್ಬೊಬ್ರೇ ಊರ್ ಸುತ್ತೋಕ್ ಹೋಗೋರ್ಗೆ ಅಲ್ಲ್ ಸಿಗೋ ಟ್ಯಾಕ್ಸಿಗಳು ಅಷ್ಟೇನ್ ಸುರಕ್ಷಿತ ಅಲ್ಲ ಅನ್ಸತ್ತಪ.,Fear
ರಸ್ತೆಲಿ ರಾಂಗ್ ಸೈಡಲ್ ಗಾಡಿ ಓಡ್ಸೋ ವಿದ್ಯಾವಂತ ಜನ್ಗಳ್ಗೆ ಬುದ್ಧಿ ಹೇಳಕ್ಕೆ ಆ ದೇವ್ರಿಂದ್ಲೂ ಸಾಧ್ಯ ಇಲ್ವೇನೋ.,Disgust
ನಾನ್  ಏನನ್ನಾದರೂ ಮುಗಿಸ್ಬೇಕು ಅಂತ ಅಂದುಕೊಂಡಾಗ  ಆದ್ರೆ ಅದು ಯೋಜನೆ ಪ್ರಕಾರ ನಡಿದೆ ಇದ್ದಾಗ್  ನಂಗ್ ತುಂಬಾ ಭಯ ಆಗುತ್ತೆ.,Fear
"ಛೀ, ಆ ಕೊರಿಯರ್ ಕಂಪ್ನಿನ್ಯಾಗ ರೊಕ್ಕಾ ತೊಗೊಳಿಕ್ ಸೈತ ನೂರಾಯಂಟ್ ಸರ್ತಿ ಅಡ್ಯಾಡಸ್ಯಾರ, ಮತ್ ಏನೇನ ಹೇಳದಿಲ್ಲಾ ಕೇಳದಿಲ್ಲಾ ಜಾಸ್ತಿ ರೊಕ್ಕಾ ತೊಗೊಂಡಾರ, ನೆನಸ್ಗೊಂಡ್ರ ವಾಕರಕಿ ಬರ್ತದ.",Disgust
"ನೀನ್ ನನ್ ಗುಟ್ಟನ್ನ ಎಲ್ರಿಗೂ ಹೇಳಿ ನಮ್ ಸ್ನೇಹಕ್ ದ್ರೋಹ ಬಗ್ದಿದ್ಯಾ, ಇನ್ಯಾವತ್ತೂ ನಂಗ್ ನಿನ್ ಮುಖ ತೋರ್ಸ್ಬೇಡ.",Anger
"ನಮ್ ಬೀದಿಲಿರೋ ಪ್ರತಿಯೊಬ್ರಿಗೂ ಕೋವಿಡ್ ಹತ್ತೊಂಬತ್ತ್ ಸೋಂಕಾಗಿದೆ, ಮುಂದೆ ಅದು ನಮ್ಗೂ ಬರ್ಬೋದು.",Fear
"ನಂಗ್ ಈ ಊರಿನ್ ಮೂಲೆಮೂಲೆನೂ ಚೆನ್ನಾಗ್ ಗೊತ್ತು, ನೀವೇನೂ ಚಿಂತೆ ಮಾಡ್ಬೇಡಿ. ಇವತ್ತಿನ್ ದಿನನ ನೀವ್ಯಾವತ್ತೂ ಮರ್ಯೋಕಾಗ್ದೇ ಇರೋ ಥರ ಕಳ್ಯೋ ಹಾಗ್ಮಾಡೋ ಜವಾಬ್ದಾರಿ ನಂದು.",Happiness
"ಬರೀ ಒಂದ್ ಪಾಸ್ಬುಕ್ ಅಪ್ಡೇಟ್ ಮಾಡೋ ಕೆಲ್ಸಕ್ಕೆ ಬ್ಯಾಂಕಲ್ಲಿ ಕೌಂಟರಿಂದ ಕೌಂಟರ್ಗೆ ಅಷ್ಟ್ ಸಲ ಅಲ್ದಾಡ್ಸುದ್ರು, ನಂಗೀಗ ಏನಕ್ಕೂ ತಲೆನೇ ಓಡ್ತಿಲ್ಲ.",Sadness
ಆ ಪಾತ್ರನ ಪಡ್ಕೊಳಕ್ಕೆ ಇದು ನಂಗಿರೋ ಒಂದೇ ಅವ್ಕಾಶ ಅಂತ ಗೊತ್ತಿದ್ದಿದ್ರಿಂದ ನಾನ್ ಕಾಸ್ಟಿಂಗ್ ನಿರ್ದೇಶಕ್ರ ಕಚೇರಿ ಒಳಗ್ ಕಾಲಿಟ್ಟಾಗ ನನ್ ಎದೆ ಢವಢವ ಹೊಡ್ಕೊತಾ ಇತ್ತು.,Fear
"ಎರಡ್ ದಿನದ್  ಹಿಂದೆ, ಜನದಟ್ಟಣೆ ಆಗೋ ಸಮ್ಯದಲ್ ಊಟಕ್ಕಾಗಿ ರೆಸ್ಟೋರೆಂಟ್ ಮುಂದೆ ಪಾರ್ಕಿಂಗ್ ಸ್ಥಳ ಸಿಗ್ಬೋದು ಅಂತ ನಾನ್ ನಿರೀಕ್ಷಿಸಿರ್ಲಿಲ್ಲ.",Surprise
ಏನರೇ ಹುಚ್ಚುಚ್ಚ್ ಸಪ್ಪಳಾ ಮಾಡ್ಕೋತ್ ಇದೇನ್ ಫ್ರಿಜ್ಜಾ ಏನ್ ಡಿ.ಜೆ. ಆಗ್ಯಾದಾ ಅಂತ ನಂಗ್ ತಲಿಬಿಸಿ ಆಗ್ಲಿಕತ್ತದ!,Surprise
"ನಾನು ಹೊಸ ಲ್ಯಾಪ್ಟಾಪ್ ಬೇಕು ಅಂತ ಕೇಳಿದ್ದೆ, ಆದ್ರೆ ಸಹಾಯಕ ಸಿಬ್ಬಂದಿ ನಂಗೆ ಹೊಸಾದ್ ಕೊಡಕ್ಕಾಗಲ್ಲ ಅಂತ ಹೇಳುದ್ರು.",Sadness
ಈ ಕ್ರೆಡಿಟ್ ಕಾರ್ಡ್ ಕಂಪ್ನಿಗಳು ಯರ್ರಾಬಿರ್ರಿ ದುಡ್ಡ್ ಕಟ್ಟುಸ್ಕೊಳೋದ್ ನೋಡ್ದ್ರೆ ನಂಗ್ ಪಿತ್ತ ನೆತ್ತಿಗೇರುತ್ತೆ.,Anger
"ನೀವ್ ರಾತ್ರಿ ಚೆನ್ನಾಗ್ ನಿದ್ದೆ ಮಾಡಲ್ಲ, ಅದ್ಕೆ ಇಡೀ ದಿನ ಕಿರಿಕಿರಿ ಮಾಡ್ಕೊಂಡು ಎಲ್ರೂ ಮೇಲೂ ಕೂಗಾಡ್ತಿರ್ತೀರ. ಮೊದ್ಲು ಹೊತ್ತಿಗ್ ಸರ್ಯಾಗ್ ಮಲ್ಕೊಳದ್ ಕಲೀರಿ.",Anger
ನಂಗ್ ಕೊರಿಯರಲ್ಲ್ ಬಂದ್ ಪ್ಯಾಕೇಜ್ನ ನಂಗದ್ ಸಿಗೋ ಮುಂಚೆನೇ ಯಾರೋ ಓಪನ್ ಮಾಡಿದ್ ಗುರ್ತಿದ್ದಿದ್ ನೋಡಿ ಎಷ್ಟ್ ಬೇಜಾರಾಯ್ತು ಗೊತ್ತಾ?,Sadness
ಆ ರಾಜಕಾರ್ಣಿ ಸತ್ತಾಗ ಅವ್ರ್ ಗೂಂಡಾಗಳ್ ಬಂದು ಹೆದ್ರಿಸಿ ನಮ್ಗಳ್ ಅಂಗ್ಡಿ ಮುಂಗಟ್ನೆಲ್ಲ ಮುಚ್ಸುದ್ರು.,Fear
"ವಾಲ್ವ್ ಹಾಳಾಗಿ ಗ್ಯಾಸ್ ಸಪ್ಲೈ ನಿಂತೋಗಿದೆ, ಇವತ್ ನಮ್ಗೆಲ್ಲ ಉಪ್ವಾಸನೇ ಗತಿ.",Sadness
"ನೀವು ನಮ್ ರೆಸ್ಟೋರೆಂಟಿಗ್ ಬಂದಿದ್ದಿದ್ದು ನಮ್ಗೆ ತುಂಬಾ ಸಂತೋಷ ಆಯ್ತು. ಹೇಗನ್ಸ್ತು ನಿಮ್ಗಲ್ಲಿ ಊಟ, ವ್ಯವಸ್ಥೆ ಎಲ್ಲ?",Happiness
"ಕೆರೆಗಳ್ನೆಲ್ಲ ಒತ್ತುವರಿ ಮಾಡ್ಕೊಂಡು ಅಲ್ಲೆಲ್ಲ ಮನೆಗಳ್ ಕಟ್ಟೋಕೆ ಬಿಲ್ಡರ್ಗಳ್ಗೆ ಅವ್ಕಾಶ ಕೊಟ್ಟಿರೋ ಈ ರಾಜಕಾರಣೆಗಳ್ಗೆ ಪರಿಸರನ್ ಕಾಪಾಡ್ಬೇಕು ಅಂತ ಸ್ವಲ್ಪನೂ ಜವಾಬ್ದಾರಿ ಇಲ್ಲ, ನಂಗಂತೂ ಎಲ್ರುನ್ನೂ ಆ ಕೆರೆಲೇ ಮುಳ್ಗಿಸ್ಬಿಡಣ ಅನ್ಸತ್ತೆ.",Anger
ಇಷ್ಟೊಂದಿನ ಕಾದ್ಮೇಲೆ ಕೊನೆಗೂ ನನ್ ನೀರಿನ್ ಫಿಲ್ಟರ್ಗೆ ಸ್ಪೇರ್ ವಾಟರ್ ಫಿಲ್ಟರ್ಗಳ್ ಬಂದ್ವಪ್ಪ!,Happiness
ಮುಂಬೈಯಲ್ಲಿ ಫ್ಯಾಷನ್ ಯಾವಾಗ್ಲೂ ಸಖತ್ ಟ್ರೆಂಡಿ ಮತ್ತೆ ಸ್ಟೈಲಿಷ್ ಆಗಿರತ್ತೆ.,Happiness
"ನನ್ ಮಗ್ಳು ಪದ್ಮಾ ಆಟದಲ್ಲೆಲ್ಲ ತುಂಬಾ ಚೂಟಿ, ಚುರ್ಕಾಗಿದಾಳೆ. ಹೋದ್ವರ್ಷ ನೂರು ಮೀಟರ್ ಓಟದ್ ಸ್ಪರ್ಧೆಲಿ ಮೊದಲ್ನೇ ಸ್ಥಾನ ಪಡ್ದಿದ್ಳು ಅವ್ಳು.",Happiness
ನಾನ್  ಹೊಸ ಬ್ಯಾಂಕ್ಲಿ  ಮಗುಗೆ ಖಾತೆನ್  ಓಪನ್ ಮಾಡ್ದಾಗ  ನಂಗ್  ಆಶ್ಚರ್ಯ ಆಯ್ತು ಮತ್ ಅವ್ರು ಇನ್ಸೆಂಟಿವ್  ಆಗಿ ಶೇಕಡ ಹತ್ತು ಬಡ್ಡಿನ ಬೇರೆ  ಕೊಟ್ರು.,Surprise
"ಮನೆಲಿ ಇದೊಂದ್ ಕಳ್ತನ ಆಗಿದ್ದು ನಂಗ್ ಸರ್ಯಾಗ್ ಪಾಠ ಕಲ್ಸಿದೆ, ನೆನ್ಸ್ಕೊಂಡ್ರೆ ಈಗ್ಲೂ ಬೆಚ್ಚ್ಬೀಳೋಹಾಗಾಗತ್ತೆ, ನಾಳೆ ಒಳ್ಗೇ ಸಿ.ಸಿ.ಟಿ.ವಿ. ಕ್ಯಾಮರಾ ಹಾಕಿಸ್ಬಿಡ್ತೀನಿ, ಇನ್ನ್ ತಡ ಮಾಡಲ್ಲ.",Fear
"ಆದ್ರೆ ಜಾಸ್ತಿ ಜಾಗ ಇಲ್ದಿರೋದ್ರಿಂದ, ನಾವು ಕೇಕ್ ಮೇಲೆ ಚಿಕ್ದೊಂದ್ ಸಂದೇಶನ್ ಮಾತ್ರ ಬರೀಬೋದು. ಕೇಕ್ ಮೇಲೆ ಆದಷ್ಟೂ ಪುಟ್ಪುಟ್ ಪದಗಳ್ನಷ್ಟೇ ಬರ್ಸಿದ್ರೆ ಒಳ್ಳೇದು ನೋಡಿ.",Sadness
ರಾಷ್ಟ್ರದ್ ಹೆಮ್ಮೆಗಿಂತ ಹಣಕ್ಕೆ ಪ್ರಾಶಸ್ತ್ಯ ಕೊಡೋ ಕೂಲಿ ಸೈನಿಕ್ರ ಥರ ಎಷ್ಟೋ ಭಾರತೀಯ್ರು ದೇಶಕ್ಕೇ ದ್ರೋಹ ಬಗೆಯೋ ಥರದೋರಿದಾರೆ ಅನ್ನೋ ಆತಂಕ ಕಾಡ್ತಿರತ್ತೆ ನಂಗೆ.,Fear
"ಅವಧಿ ಮೀರಿದ್ ವಾರಂಟಿಗ್ ಸಂಬಂಧ ಪಟ್ಟ್ಹಾಗೆ ಗ್ರಾಹಕ್ರೊಬ್ರು ಕೊಟ್ಟಿರೋ ದೂರ್ನ ಹೇಗಪ್ಪಾ ನಿಭಾಯ್ಸೋದು, ನಂಗ್ಯಾಕೋ ಏನೂ ತೋಚ್ತಿಲ್ಲ.",Fear
ನನ್ ಕಂಪನಿ ನನ್ ಲ್ಯಾಪ್ಟಾಪ್ನ ಇಷ್ಟ್ ಬೇಗ ಬದಲಾಯ್ಸ್ಕೊಡತ್ತೆ ಅಂತ ನಾನ್ ಖಂಡಿತ ಅನ್ಕೊಂಡಿರ್ಲಿಲ್ಲ.,Surprise
ಅವ್ರು ನನ್ ತೆರಿಗೆ ರೀಫಂಡ್ ವಿಚಾರನ ಬೇಗ ಪರಿಶೀಲ್ಸಿ ತಕ್ಷಣನೇ ಹಣನ ನನ್ ಖಾತೆಗ್ ವರ್ಗಾಯ್ಸಿದ್ದು ನಂಗಂತೂ ಕುಣ್ದಾಡೋಷ್ಟ್ ಖುಷಿಯಾಯ್ತು.,Happiness
ಸಿಟಿಲಿ ಕರೆಂಟ್ ಹೋಗಿದ್ದಿದ್ಕೆ ಏನ್ ಕಾರಣ ಅಂದ್ರೆ ಶಾಖ ಜಾಸ್ತಿ ಆಗಿ ತಂತಿಗಳೆಲ್ಲ ಕರ್ಗೋಗಿದ್ವು ಅಂತ ಕೇಳಿ ಹೌಹಾರ್ಬಿಟ್ಟೆ ನಾನು!,Surprise
"ಅವ್ರ್ ತಂದಿದ್ ಕಸ್ಟಮ್ ಮೇಡ್ ಕೇಕ್ ಆ ಸಮಾರಂಭದಲ್ಲಿ ದೊಡ್ಡ್ ಆಕರ್ಷಣೆ ಆಗೋಗಿತ್ತು. ಎಲ್ರಿಗೂ ಅದನ್ನ ನೋಡೋದು, ತಿನ್ನೋದೇ ಒಂದ್ ದೊಡ್ಡ್ ಬೆರಗು, ಆನಂದ.",Surprise
ನಿಶ್ಚಿತಾರ್ಥಕ್ಕೆ ನಮ್ ಪ್ರೀತಿ ಸಂಕೇತ್ವಾಗಿ ನಮ್ಗಿಷ್ಟ ಆಗೋ ಥರದ್ ಉಂಗ್ರ ಸಿಕ್ಕಿರೋದಕ್ಕೆ ನಂಗೆಷ್ಟ್ ಖುಷಿಯಾಗಿದೆ ಗೊತ್ತಾ?,Happiness
ಷೇರ್ ಮಾರ್ಕೆಟಿನ್ ರೊಕ್ಕಾ ಯಲ್ಲ್ ಧೊಪಕ್ ಅಂತ ಬಿದ್ದೋಗ್ತದೇನೋ ಅಂತೊಂಚೂರ ಭುಗಲ ಹತ್ಯಾದ.,Fear
ತೆರಿಗೆ ರಿಟರ್ನಲ್ಲಿ ತಪ್ಪ್ ಮಾಡೋದ್ರಿಂದ ಆಗೋ ಪರಿಣಾಮಗಳ್ ಬಗ್ಗೆ ನಂಗ್ ತಿಳ್ದಿರ್ಲಿಲ್ಲ.,Fear
ಮುಂಬೈನ್ಯಾಗಿನ್ ರಸ್ತೆಬದಿ ತಿಂಡಿಗಳ್ ಅಂದ್ರ ಬಾಯಾಗ್ ನೀರ್ ಕಡಿತಾವ.,Happiness
"ನನ್ ಹುಟ್ದ್ಹಬ್ಬಕ್ಕೆ ಬ್ಯಾಟ್ಮ್ಯಾನ್ ಥೀಮ್ ಕೇಕ್ ಮಾಡಿಸ್ತಾರೆ ಅಂತ ನಾನ್ ಕನ್ಸಲ್ಲೂ ಅನ್ಕೊಂಡಿರ್ಲಿಲ್ಲ, ಭಾರೀ ಬೊಂಬಾಟಾಗಿತ್ತದು!",Surprise
ಪುಸ್ತಕ ಮಾರೋರು ನನ್ಹತ್ರ ತಗೊಂಡು ಮತ್ತೆ ಮಾರಕ್ಕಾಗೋಷ್ಟು ನನ್ ಹಳೆ ಪುಸ್ತಕ ಒಳ್ಳೆ ಸ್ಥಿತಿಲಿಲ್ವೇನೋ ಅಂತ ಸ್ವಲ್ಪ ಕಳವಳ ಆಗ್ತಿದೆ.,Fear
"ಬ್ಯಾಂಕಲ್ಲಿ ದರೋಡೆಕೋರ್ರು ನುಗ್ಗಿ ದರೋಡೆ ಮಾಡ್ವಾಗ ನಮ್ಗೆಲ್ಲ ನೆಲದ್ಮೇಲ್ ಮಕಾಡೆ ಮಲ್ಗಕ್ ಹೇಳಿದ್ರು, ಅಲ್ಲಿಂದ ಜೀವಂತ್ವಾಗ್ ಆಚೆ ಬಂದ್ರೆ ಸಾಕಪ್ಪ ಅಂತಾಗಿತ್ತು ನಮ್ಗೆಲ್ಲ.",Fear
ಮಾರುಕಟ್ಟೆ ಸ್ಥಿತಿ ಬಗ್ಗೆ ನಂಗ್ ಚಿಂತೆ ಜಾಸ್ತಿ ಆಗ್ತಿದೆ. ಪರಿಸ್ಥಿತಿ ಇನ್ನೂ ಹದಗೆಟ್ರೆ ಏನ್ಮಾಡೋದು?,Fear
"ನಮ್ ಬೀದಿ ಕೆಳ್ಗಿರೋ ಅಂಗ್ಡಿಲಿ ಎಣ್ಣೆ ತಗೊಳ್ವಾಗ್ಲೆಲ್ಲ ನಂಗ್ ಅದ್ರಿಂದ ಎಲ್ಲ್ ಏನಾಗತ್ತೋ ಅಂತ ಭಯ ಆಗ್ತಿರತ್ತೆ, ಯಾಕಂದ್ರೆ ಅದ್ರಲ್ ಯಾವಾಗ್ಲೂ ಏನೇನೋ ಕಸಕಡ್ಡಿ ಬಿದ್ದಿರತ್ವೆ.",Fear
"ಛಪ್ರಿರ್ಲಾರ್ದ್ ಆಟೋದಾಗ್ ಕೂತಿದ್ದೆ ರಪಾರಪಾ ಮಳಿ ಹೊಡದು ತೊಯ್ಸಗೊಂಡೆ, ಗಡಾಗಡಾ ನಡಗ್ಕೊತ ನಂಗ್ ತೊಬಾತೊಬಾ ಅನ್ನಸ್ತು.",Sadness
ಸಾರ್ವಜನಿಕ ಶೌಚಾಲಯಗಳು ಎಷ್ಟ್ ಕೊಳಕಾಗಿರತ್ವೆ ಅಂದ್ರೆ ಅವನ್ನ ಬಳ್ಸೋ ಜನ್ರಿಗೆ ಸ್ವಲ್ಪನೂ ಜವಾಬ್ದಾರಿ ಇಲ್ವಲ ಅಂತ ಬೇಜಾರಾಗತ್ತೆ ನಂಗೆ.,Sadness
ನನ್ ಹೊಸ ಮನೆಗ್ ಬೇಕಾಗಿದ್ ಎಲೆಕ್ಟ್ರಿಕಲ್ ಐಟಮ್ಗಳ್ಮೇಲೆ ಅಂಗ್ಡಿಯೋರ್ ಜೊತೆ ನಾನೆಷ್ಟ್ ಕಡ್ಮೆ ದುಡ್ಡಿಗ್ ಚೌಕಾಶಿ ಮಾಡಿ ಅದ್ನೆಲ್ಲ ತಗೊಂಡ್ಬಂದೆ ಅಂದ್ರೆ ನೀನ್ ನೋಡ್ಬೇಕಿತ್ತು ಅದ್ನ!,Happiness
ಯಪ್ಪಾಹ್! ನೀವಿಷ್ಟ್ ತಿಳ್ದೋರಾಗಿ ಮೂಗು ಬಾಯಿ ಮರೆಮಾಡ್ಕೊಳ್ದೆ ಅಷ್ಟ್ ಜೋರಾಗ್ ಸೀನ್ತಿದೀರ ಅಂದ್ರೆ ಏನ್ಹೇಳೋದು!,Disgust
ಅಬ್ಬಬ್ಬಾ! ನಾಗಾಲ್ಯಾಂಡ್ನ ಸ್ಥಳೀಯ ನೃತ್ಯಗಾರರ ಕೌಶಲ್ಯ ಮತ್ತೆ ಸೊಗಸು ಅದೇನ್ ಮೋಡಿ ಹಾಕೋ ಹಾಗಿರತ್ವಪ್ಪ!,Surprise
"ನೀನ್ ಏನ್ ಮಾಡುದ್ಯೋ ನಂಗೊತ್ತಿಲ್ಲ, ಆದ್ರೆ ಹಲ್ಲಲ್ ಜಗ್ದಿಟ್ಟಿರೋ ಆ ಪೆನ್ ನೋಡಕ್ಕೇ ಹೇಸ್ಗೆ ಆಗ್ತಿದೆ.",Disgust
"ಹಲೋ ಮೇಡಂ, ನನ್ ಹೆಸ್ರು ಖಾನ್ ಅಂತ. ನಂಗೆ ನಿಮ್ಗೋಸ್ಕರ ಕೆಲ್ಸ ಮಾಡೋಕೆ ಸಂತೋಷ ಆಗ್ತಿದೆ.",Happiness
ಆ ಎಲೆಕ್ಟ್ರಿಕಲ್ ಅಂಗ್ಡಿಯೋರು ನನ್ಹತ್ರ ಆ ಪಾಟಿ ದುಡ್ಡಿಸ್ಕೊಂಡು ನನ್ ಹೊಸ ಮನೆಗೆ ಕಳಪೆ ವೈರ್ ಕೊಡಕ್ ನೋಡ್ದಾಗ ನಂಗ್ ಎಲ್ಲಿಲ್ಲದ್ ಕೋಪ ಬಂದು ರೇಗಾಡ್ಬಿಟ್ಟೆ.,Anger
"ರೆಸ್ಟೋರಂಟಲ್ಲಿ ನಂಗಿಷ್ಟವಾದ್ ತಿಂಡಿನೇ ಖಾಲಿ ಆಗೋಗಿತ್ತು, ನಂಗದೆಷ್ಟ್ ಬೇಜಾರಾಯ್ತು ಗೊತ್ತಾ?",Sadness
"ಎಷ್ಟೊಂದ್ ಜನಕ್ಕೆ ಬಡ್ಡಿ, ಚಕ್ರ ಬಡ್ಡಿ ಅಂದ್ರೆಲ್ಲ ಏನೂ ಅಂತ್ಲೇ ಗೊತ್ತಿಲ್ವಲ ಅಂತ ಆಶ್ಚರ್ಯ ಆಗತ್ತೆ ನಂಗೆ.",Surprise
"ಅಬ್ಬಾ! ಕೊನೆಗೂ ನಮ್ ಪರವಾಗ್ ಮಾತಾಡಕ್ ಒಪ್ಕೊಂಡ್ರಲ, ಸಂತೋಷ! ಈಗ್ ಸ್ವಲ್ಪ ಸಮಾಧಾನ ಆಯ್ತು ನಂಗೆ.",Happiness
ನಂಗ್ ಭಾಳ ಆಪ್ತರಾಗಿದ್ದೋರ್ನ ಕಳ್ಕೊಂಡ್ ನೋವಲ್ಲಿ ಮನ್ಸಿಗ್ ಹೇಗ್ ಸಮಾಧಾನ ತಂದ್ಕೊಳದು ಅಂತ್ಲೇ ಗೊತ್ತಾಗ್ತಿಲ್ಲ.,Sadness
"ನಾವು ಹೋಟೆಲ್ ರೂಮಿಗ್ ಹೋದ್ರೆ ಅಲ್ಲಿ ಕೊಳಕು ಟವೆಲ್ಗಳು ಮತ್ತೆ ಕಲೆಗಳಾಗಿದ್ ಬೆಡ್ಶೀಟ್ಗಳಿದ್ದಿದ್ ನೋಡಿ ಹೋಟೆಲ್ನೋರ್ ಹತ್ರ ನನ್ ಅಸಮಾಧಾನ ಹೊರಹಾಕ್ದೆ ಇರಕ್ಕಾಗ್ಲಿಲ್ಲ ನಂಗೆ.. ಛೀ, ಎಷ್ಟ್ ಗಲೀಜಾಗಿತ್ತು ಅಲ್ಲೆಲ್ಲ.",Disgust
ತಮ್ ಲಾಭಕ್ಕ ಜಾತಿಗಳ್ ನಡು ಜಗಳಾ ಹಚ್ಚಸ ಈ ರಾಜಕಾರ್ಣಿಗಳಂದ್ರ ನಂಗ ಕೆಟ್ಟ ಅಸಹ್ಯ್ ಬರ್ಲಿಕತ್ತದ.,Disgust
ಕುಸ್ತಿಲಿ ನನ್ ಪ್ರಬಲ ಎದುರಾಳಿ ನನ್ ಕಣ್ಣಲ್ ಕಣ್ಣಿಟ್ ನೋಡ್ದಾಗ ನಂಗೆ ಬೆನ್ನಲ್ಲಿ ಛಳುಕ್ ಹರ್ದಂಗಾಗ್ಬಿಡ್ತು.,Fear
"ಈ ಆನ್ಲೈನ್ ಕಂಪನಿಂದ ನಾನಂತೂ ಯಾವ್ ಕಾರ್ಣಕ್ಕೂ ಏನೂ ಆರ್ಡರ್ ಮಾಡಲ್ಲಪ, ಅವ್ರು ಆರ್ಡರ್ ಮಾಡಿದ್ ವಸ್ತು ಬಿಟ್ಟು ಇಟ್ಟಿಗೆ ಕಳ್ಸ್ತಾರೆ ಅಂತ ಎಷ್ಟೊಂಜನ ಹೇಳಿದಾರ್ ನಂಗೆ.",Fear
"ನಾವ್ ಪ್ರಾಜೆಕ್ಟ್ ಶುರು ಮಾಡೋದೇ ಒಂದ್ ತಿಂಗ್ಳು ತಡ ಆದಾಗ, ಹೀಗೇ ಆದ್ರೆ ಮುಂದೆ ನನ್ ಜಾಬ್ ಕಥೆ ಹೇಗೋ ಏನೋ ಅಂತ ನಂಗ್ ರಾತ್ರಿ ನಿದ್ದೆನೇ ಹತ್ತುತಿರ್ಲಿಲ್ಲ.",Fear
ನನ್ ವ್ಯಾಪಾರಕ್ಕೋಸ್ಕರ ತಗೊಂಡಿದ್ ಸಾಲನ ಬೇಗ್ನೇ ಪೂರ್ತಿಯಾಗ್ ತೀರ್ಸಕ್ಕಾಗಿದ್ದು ನಂಗಂತೂ ಎಷ್ಟೋ ಸಮಾಧಾನ ಆಯ್ತು.,Happiness
ಅವ್ನು ನನ್ ಕಾರ್ನ ಆತುರದಲ್ಲಿ ಅಷ್ಟ್ ಜೋರಾಗಿ ಓವರ್ಟೇಕ್ ಮಾಡಿದ್ದೂ ಅಲ್ದೇ ನಾನ್ ಮುಂದೆ ಹೋಗ್ದ್ಹಾಗೆ ತಡೀತಾ ಇದಾನೆ. ಎಷ್ಟ್ ಕೊಬ್ಬಿರ್ಬೇಕು ಅವ್ನಿಗೆ!,Anger
"ಹೇ ರಾಹುಲ್, ನಿಮ್ಗೆ ಈಗಾಗ್ಲೇ ಅರವತ್ ವರ್ಷ ಆಗಿರ್ಬೇಕು ಅಲ್ವಾ, ಆದ್ರೂ ನೀವಿನ್ನೂ ಕಟ್ಟುಮಸ್ತಾಗಿ ಕಾಣ್ತೀರಿ.",Happiness
ಕೆಸ್ರು ತುಂಬಿದ್ ರಸ್ತೆಲಿ ಕಾರ್ ಓಡ್ಸಿದ್ರಿಂದ ಅದು ಮಣ್ಣೆಲ್ಲ ಮೆತ್ಕೊಂಡು ಪೂರ್ತಿ ಕೊಳೆ ಆಗೋಗಿದೆ. ಅದ್ನೆಲ್ಲ ಕ್ಲೀನ್ ಮಾಡೋದೆಷ್ಟ್ ಕಷ್ಟ ಗೊತ್ತಾ?,Sadness
ನನ್ಮಗ ಕಾಲೇಜಿಗ್ ತಗೊಂಡ್ ಹೋಗಕ್ಕೆ ಮಡ್ಚಿ ಕೈಲ್ ಹಿಡ್ಕೊಳಕ್ಕಾಗೋ ಥರದ್ ಸೈಕಲ್ನ ತಗೊಂಡ್ಬಂದಿದೀನಿ.,Happiness
ಬಿಲ್ನ್ಯಾಗ್ ಹೊಸಾ ಡೆಲಿವರಿ ಚಾರ್ಜ್ ಹಾಕ್ಯಾರ. ನಮ್ ಗ್ಯಾಸ್ ಸಿಲಿಂಡರ್ ಸೈತ ಇನ್ ಮ್ಯಾಲ್ ಡೌಲ್ನ್ಯಾಗ್ ಅಡ್ಯಾಡತದ ಮತ್!,Surprise
ಈ ಅಂಗ್ಡಿಲಿ ಯಾವ್ ವಸ್ತುನೂ ಅದದ್ರ ಜಾಗ್ದಲ್ ಸಿಗ್ತಿಲ್ಲ ಅಂತ ನಂಗ್ ಸಿಟ್ ಬರ್ತಾ ಇದೆ.,Anger
"ನನ್ ಈ ದೋಸ್ತ ನೋಡ್ ಇವಾ ಬರೇ ರೊಕ್ಕ ಬೇಕಾದ್ರಷ್ಟೇ ಫೋನ್ ಮಾಡ್ತಾನ, ಇಲ್ಲಂದ್ರ ಏನಿಲ್ಲಾ.. ಕ್ಯಾರೇ ಅಂತ್ಲೂ ಕೇಳಂಗಿಲ್ಲಾಂವಾ.",Disgust
"ನಾನ್ ಕೆಲ್ಸನೇ ಕಳ್ಕೋಬೇಕಾಗತ್ತೆ ಸರ್, ದಯ್ವಿಟ್ಟು ಯಾರ್ಗೂ ಫೋನ್ ಮಾಡ್ಬೇಡಿ, ಸರ್. ಇದೊಂದ್ಸಲ ಕ್ಷಮಿಸ್ಬಿಡಿ, ಇನ್ಯಾವತ್ತೂ ಹೀಗಾಗಲ್ಲ.",Fear
ಸರ್ಕಾರ ಭ್ರಷ್ಟಾಚಾರನ್ ಬಹಿರಂಗಪಡ್ಸೋರ್ ಸದ್ದಡಗ್ಸೋದ್ ನೋಡ್ದಾಗ ನನ್ ರಕ್ತ ಕುದಿಯತ್ತೆ.,Anger
ಅಯ್ಯೋ! ಗೋಧಿ ಚೀಲ್ದಲ್ಲಿ ಸತ್ತೋಗಿರೋ ಇಲಿನ್ ನೋಡ್ದೆ ನಾನು.,Disgust
"ಬೇರ್ಯೋರ್ನೆಲ್ಲ ದಾರಿಯಿಂದ ಪಕ್ಕಕ್ಕ್ ತಳ್ಳಿ ಓಡೋ ಓಟಗಾರ್ರನ್ನ ಕಂಡ್ರೆ ನಂಗೆ ಕೆರಳತ್ತೆ, ಅಂಥೋರಂದ್ರೆ ಬದ್ಧ ದ್ವೇಷ ನಂಗೆ.",Anger
"ಏನ್ ಭಾರೀ ಇತಿಹಾಸ್ ಅದಪ್ಪಾ ಈ ಚೋಳರ್ದು ಅಂತನ್ಕೋತ ನಾವ್ ಅವೆಲ್ಲಾ ಅವಶೇಷ್ ನೋಡ್ಕೊತ ನಡದಿದ್ವಿ, ಆ ಗೈಡರೇ ಜಬರ್ದಸ್ತ್ ಹೇಳ್ಕೋತ್ಹೊಂಟಿದ್ದಾ.. ಭಾಳ ವಿಷ್ಯ ತಿಳ್ದಂಗಾತ್ ನಮ್ಗಂತೂ.",Happiness
"ಅವ್ಳ್ ಮೂಳೆಗಳು ಮೂರ್ ತಿಂಗ್ಳಲ್ಲಿ ಮತ್ತೆ ಬೆಳೆಯತ್ವೆ, ಅವ್ಳು ಪುನಃ ಆಟ ಆಡ್ಬೋದು ಅಂತ ಡಾಕ್ಟ್ರು ಹೇಳುದ್ರು.",Happiness
ಅವ್ರಿಗೆ ತಮ್ ತೆರಿಗೆ ಫೈಲಿಂಗ್ ಅನುಭವದ್ ಬಗ್ಗೆ ತೃಪ್ತಿ ಇದೆ ಅಂತ ಕೇಳಿ ಸಮಾಧಾನ ಆಯ್ತು ನಮ್ಗೆ.,Happiness
"ವಾಹ್! ಈ ಬಾಡ್ಗೆಮನೆಲಿರೋ ಸ್ಮಾರ್ಟ್ ಹೋಮ್ ಫೀಚರ್ಗಳು ನಾನ್ ಅನ್ಕೊಂಡಿದ್ಕಿಂತ ಒಂದ್ ಕೈ ಮೀರೇ ಇವೆ. ನಾನ್ ಬರೀ ಚಪ್ಪಾಳೆ ಹೊಡ್ದ್ರೆ ಸಾಕು, ಝಗ್ಗ್ ಅಂತ ಲೈಟ್ಗಳ್ ಹತ್ಕೊಳದ್ ನೋಡಕ್ಕೊಳ್ಳೆ ಮಾಯಾಬಜಾ಼ರ್ ಥರ ಅನ್ಸತ್ತೆ!",Surprise
"ಹೋಗ್ಲಿ, ನಾನ್ ನಿಮ್ ಬ್ಯಾಂಕ್ನ ಗ್ರಾಹಕ ಅನ್ನೋದೂ ಗೊತ್ತಿಲ್ವಾ ನಿಮ್ಗೆ? ಯಪ್ಪ, ಏನ್ ಅವ್ಯವಸ್ಥೆನಪ ಈ ಬ್ಯಾಂಕಲ್ಲಿ..",Disgust
"ನನ್ ಹಳೆ ಬಾತ್ರೂಮಲ್ಲಿ ಹಾಳಾಗಿದ್ ಟೈಲ್ಸ್  ನೋಡ್ದಾಗ, ಆಗ್ಲೇ ಎಷ್ಟೆಲ್ಲ ವರ್ಷಗಳ್ ಕಳೆದ್ಹೋದ್ವಲ ಅಂತ ನೆನ್ಪ್ ಮಾಡ್ಕೋತಾ ಮನ್ಸೆಲ್ಲ ಭಾರ ಆಗೋಯ್ತು.",Sadness
ನಮ್ ಅಂಗ್ಡಿಲ್ ಕಳ್ತನ ಆಗಿದೆ ಅಂದ್ರೆ ಪಿತ್ತ ನೆತ್ತಿಗೇರ್ತಿದೆ ನಂಗೆ.,Anger
ಕಾರ್ಯಕ್ರಮ್ದಾಗ ಸೆಕ್ಯೂರಿಟಿ ಕಡಿಮಿ ಮಾಡಿ ರೊಕ್ಕಾ ಉಳಿಸ್ರಿ ಅಂತ ಆ ಈವೆಂಟ್ ಮ್ಯಾನೇಜರ್ ಕೊಟ್ ಐಡಿಯಾ ಕೇಳಿ ನಂಗವ್ನ್ ಮ್ಯಾಲ್ ಕೆಟ್ ಅಸೈಬಂತು.,Disgust
ಆ ಜಾದೂಗಾರ್ ತನ್ ಷೋದಾಗ ಸಹಾಯಕ್ಕಿದ್ ಹುಡ್ಗನ್ನ ಅಡ್ಡಡ್ಡ ಸೀಳಿ ಆಮ್ಯಾಲ್ ಮತ್ ಜೋಡಸ್ದಾನಲ.. ಅಯ್ಯಬ್ಯಾ! ನಂಗ್ ಮೈ ಜುಂ ಅಂದ್ಬಿಟ್ತು!,Surprise
"ಡಿಟರ್ಜೆಂಟ್ಗಳ್ನ ಮಾರಾಟ ಮಾಡೋಕ್ ಕಂಡ್ಕೊಂಡಿರೋ ಹೊಸ ಉಪಾಯ್ದಲ್ಲಿ ನೀವು ಗೃಹಿಣಿಯರ್ನ ಲೆಕ್ಕಕ್ಕೇ ತಗೊಂಡಿಲ್ವಲ ಅಂತ  ನಂಗ್ ಆಶ್ಚರ್ಯ ಆಗ್ತಿದೆ, ಅವ್ರೇ ತಾನೇ ಅದ್ನ ಜಾಸ್ತಿ ಕೊಂಡ್ಕೊಳೋರು!",Disgust
"ಕಳ್ದುಹೋದ್  ಸಿಟಿನ ಹುಡ್ಕಕೆ,  ಕುನ್ ಲುನ್ ಪರ್ವತಕ್ಕೆ  ಆಳವಾದ ದಂಡಯಾತ್ರೆಲಿ  ಸೇರಕ್ಕೆ  ನಂಗ್  ಫೋನ್ ಕಾಲ್ ಬಂದಾಗ ನಂಗ್  ತುಂಬಾ ಖುಷಿ ಆಯ್ತು.",Happiness
"ಆ ಅಂಗಡಿಯವ್ನು ಬರೀ ಖೊಟ್ಟಿ ವಸ್ತುಗಳ್ನ ಮಾರೋಕೇ ಫೇಮಸ್ಸು, ಅದ್ಕೆ ಅವ್ನ್ ಹತ್ರ ನೀರ್ ಕೊಂಡ್ಕೊಳಕ್ಕೂ ಭಯಾಗತ್ತೆ ನಂಗೆ.",Fear
"ನಂ ಒಬ್ರು ಕಸ್ಟಮರ್ರು ಅಂಗ್ಡಿ ಎಷ್ಟ್ ಸ್ವಚ್ಛದ ಅಂದ್ರು, ಹಂಗೆ ನಮ್ ಸಂಸ್ಥಾಕ್ಕೂ ಹೊಗಳಿಹೋದ್ರು.",Happiness
"ಅವ್ಳು ಎಲ್ಲೋ ನೋಡ್ತಾ ನನ್ ಮೈಸೂರ್ ಸಿಲ್ಕ್ ಸೀರೆ ಮೇಲೆ ಕೇಕ್ ಚೆಲ್ಲ್ ಬಿಟ್ಳು, ಅಕ್ಕಪಕ್ಕ ಸ್ವಲ್ಪನೂ ಗಮ್ನ ಇರಲ್ಲ ಇವ್ರಿಗೆ, ಯಾವಾಗ್ಲೂ ಅವ್ರದೇ ಲೋಕ್ದಲ್ಲಿರ್ತಾರೆ.",Anger
ಹಿಂದೆ ಯಾವ್ಯಾವ್ದೋ ಚಟಗಳ್ಗೆ ದಾಸರಾಗಿದ್ದೋರು ಅದ್ರಿಂದ ಬಿಡುಸ್ಕೊಂಡು ತಮ್ ಜೀವ್ನನ ಪುನಃ ಕಟ್ಕೊಳಕ್ಕೆ ಅವ್ರಿಗ್ ಸಹಾಯ ಮಾಡೋದ್ರಲ್ಲಿ ನಂಗ್ ಭಾಳ ತೃಪ್ತಿ ಸಿಗುತ್ತೆ.,Happiness
ಚೆನ್ನೈ ದಿಗಂತದಲ್ಲಿ ಬರೀ ಕಟ್ಟಡಗಳೇ ಕಾಣೋದಾಗಿ ನಮ್ ತಾರಸಿಯಿಂದ ಆಕಾಶ  ಸ್ಪಷ್ಟವಾಗ್ ನೋಡಕ್ಸಿಗೋದೇ ಕಷ್ಟ.. ನಂಗಂತೂ ಮನ್ಸಿಗೆಲ್ಲ ಮಂಕ್ ಬಡ್ದಂಗ್ ಆಗ್ಬಿಟಿದೆ.,Sadness
ನಮ್ ಸೇನೆಯನ್ನೇ ಟೀಕೆ ಮಾಡೋ ಭಾರತೀಯ್ರೂ ಇದಾರೆ ಅಂದ್ರೆ ನಂಗೆ ಮೈಯೆಲ್ಲ ಉರ್ದೋಗತ್ತೆ.,Anger
ಕಾಂಚೀಪುರಂಗೆ ಹೋಗೋ ರಸ್ತೆಗಳು ಎಷ್ಟ್ ಚೆನ್ನಾಗಿವೆ ಅಂದ್ರೆ ಅವ್ಗಳ್ ಮೇಲ್ ಡ್ರೈವ್ ಮಾಡೋದೇ ಒಂದ್ ಆನಂದ.,Happiness
"ಚೆಕ್ ಇನ್ ಆದಾಗ ಟಿ ವಿ ಕೆಲ್ಸ ಮಾಡ್ತಿರ್ಲಿಲ್ಲ, ಹೋಟೆಲ್ ಸಿಬ್ಬಂದಿ ಬಂದು ಅದ್ನ ಸರಿ ಮಾಡ್ಕೊಟ್ರು. ಈಗ ನಾನ್‌ ಆರಾಮಾಗ್ ಹಾಸ್ಗೆ ಮೇಲ್‌ ಮಲ್ಕೊಂಡು ಟಿ ವಿ ನೋಡ್ತಾ ಇದೀನಿ.",Happiness
"ಥೂ ನನ್ ತಲಿ, ನಾ ನನ್ ಕಾರಿನ್ ಇಂಜಿನ್ ಸರ್ವೀಸಿಗ್ ಕಳಸ್ಲಿಕ್ಕಿ ಭಾಳ ತಡಾ ಮಾಡ್ದೆ, ಈಗ್ ಅದ್ನ ಗ್ಯಾರೇಜ್ನ್ಯಾಗ್ ರಿಪೇರಿ ಮಾಡ್ಸದಂದ್ರ ಅಲ್ಲಿ ವಾಸ್ನಿಗ್ ಅಸೈ ಬರ್ಲಿಕತ್ತದ.",Disgust
"ಆನ್ಲೈನ್ಯಾಗ ನಿಮ್ ಸಾಮಾನ್ಗಳ್ ಹೆಂಗ ಅವಾಂತೆಲ್ಲಾ ಹೇಳೀರಲಾ ಅವೆಲ್ಲಾ ಹಸಿ ಸುಳ್ಳವ ಮತ್ ಸುಮ್ ದಾರಿ ತಪ್ಪಸ್ತಾವ, ಇದ್ನೋಡ್ ನನ್ ಪಿತ್ ನೆತ್ತಿಗೆರೇದ.",Anger
"ಬೇಸ್ಗೆಗಾಲ್ದಲ್ಲಿ ಆಗಷ್ಟೇ ಮಾಡಿದ್ ಕಬ್ಬಿನ್ಹಾಲೂಂದ್ರೆ ಕುಡ್ಯೋಕೊಳ್ಳೆ ರುಚ್ಯಾಗಿ, ಹೊಟ್ಟೆಗೆಷ್ಟ್ ತಂಪಾಗಿರತ್ತೆ ಗೊತ್ತಾ?",Happiness
ಕಟ್ಟಡ ಕಟ್ತಿರೋ ಜಾಗ್ದಲ್ಲಿ ಭೂತಬಾಧೆ ಇದೆ ಅನ್ನಿಸ್ತಿದೆ. ನೆನ್ನೆ ರಾತ್ರಿ ನಾನು ಸೈಟ್ ಹತ್ರ ನಡ್ಕೊಂಡ್ ಬರುವಾಗ ದೆವ್ವನ ನೋಡ್ದೆ ಅನ್ಸ್ತು.,Fear
ನಾನ್ ಯು.ಎಸ್.ಗೆ ಹೋದಾಗ ನನ್ ಮಗುನ ಭಾರತ್ದಲ್ಲಿ ಒಬ್ಬಂಟಿಯಾಗ್ ಬಿಟ್ಹೋಗಿದ್ದಕ್ಕೆ ನಂಗ್ ತುಂಬಾ ಪಶ್ಚಾತ್ತಾಪ ಆಯ್ತು.,Sadness
"ಆ ಗವ್ಯಾಗ ಒಂದ್ ಹಳ್ಳಾನ ಕೊರಕಾ ಏನೋ ಇತ್ತ, ಅದ್ರಾಗಿಂದ್ ರಪಾರಪಾ ದೆವ್ವನಂಥಾ ಕಲ್ಗೊಳು ಮತ್ ನೀರ್ ಹೆಂಗ್ ನುಗ್ಗಿ ಬರ್ಲಿಕತ್ತಿದ್ವು ಅಂದ್ರ ಶಿವಶಿವಾ ನನ್ ಕೂದ್ಲ ಖಡಿ ಆದ್ವು.",Fear
"ಹೊಂಬಿಸ್ಲಿರೋ ಬೆಳಗಿನ್ ಹೊತ್ತಲ್ಲಿ ಎಲ್ಲಿಂದ್ಲೋ ತಂಗಾಳಿ ಬೀಸ್ ಬಂದ್ರೆ ಎಷ್ಟ್ ಹಾಯಾಗಿರತ್ತಲ್ವಾ, ಮನ್ಸೆಲ್ಲ ಗೆಲುವಾಗ್ಬಿಡತ್ತೆ ನಂಗಂತೂ.",Happiness
"ವೈನ್ ನೆಲಮಾಳಿಗೆ ಹೊಂದಿರೋ  ಮನೆ ಸಿಗುತ್ತೆ ಅಂತ ನಾನ್  ಅನ್ಕೊಂಡಿರ್ಲಿಲ್ಲ, ಅದು ಅನನ್ಯ ಮತ್ ರೋಮಾಂಚಕಾರಿ ವೈಶಿಷ್ಟ್ಯವಾಗಿದೆ.",Surprise
"ನಿಮ್ ಹೋಟೆಲಲ್ಲಿ ನಾವಿರೋ ರೂಮು ಸ್ವಲ್ಪನೂ ಕ್ಲೀನಾಗಿಲ್ಲ ಮತ್ತೆ ನಾವಷ್ಟ್ ಸಲ ಹೇಳುದ್ರೂ ನಿಮ್ ಹೋಟೆಲ್ ಸ್ಟಾಫ್ ಈ ಕಡೆ ಗಮ್ನನೇ ಕೊಡ್ತಿಲ್ಲ, ಇಷ್ಟೆಲ್ಲ ಅವ್ಯವಸ್ಥೆ ನೋಡ್ತಿದ್ರೆ ಇನ್ನೊಂದ್ ನಿಮ್ಷನೂ ಇಲ್ಲಿರೋದ್ಬೇಡ ಅನ್ಸ್ತಿದೆ.",Disgust
"ಅಡ್ಗೆಮನೆ ಕ್ಯಾಬಿನೆಟ್ಗಳೆಲ್ಲ ಕಿತ್ತ್ ಹೋಗಿವೆ, ಬಣ್ಣನೂ ಸರ್ಯಾಗಿಲ್ಲ. ನಾನ್ ಎಲ್ಲದ್ನೂ ಹೊಸ್ದಾಗ್ ಕಾಣೋ ಥರ ಮಾಡಕ್ ದುಡ್ಡ್ ಕೊಟ್ಟಿದ್ದಿದ್ದೇ ಹೊರ್ತು ಗಾರೆ ಕೆಲ್ಸ್ದೋರ್ ಕೈಲಿ ಬೇಕಾಬಿಟ್ಟಿ ಬಣ್ಣ ಹೊಡ್ಸಿ ತೇಪೆ ಹಾಕಕ್ಕಲ್ಲ.",Anger
ನಾನ್ ನನ್ ಫೋನ್ನ ಬೀಳ್ಸಿದ್ಮೇಲೆ ಅದ್ರ್ ಸ್ಕ್ರೀನ್ ಎಷ್ಟ್ರಮಟ್ಟಿಗ್ ಒಡ್ದ್ಹೋಗಿದೆ ಅಂದ್ರೆ ಇನ್ನದ್ನ ರಿಪೇರಿ ಮಾಡ್ಸಕ್ ಅದೆಷ್ಟ್ ದುಡ್ಡ್ ಖರ್ಚಾಗತ್ತೋ ಅಂತ ಗಾಬ್ರಿ ಆಗ್ತಿದೆ.,Fear
"ನಂಗ್ ಮನೆಕಡೆ ಸಿಕ್ಕಾಪಟ್ಟೆ ಜವಾಬ್ದಾರಿ ಇವೆ, ಈಗ್ ಇವ್ರ್ ಬಡ್ತಿ ಕೊಡ್ಲಿಲ್ಲ ಅಂತ ಜಗ್ಳ ಮಾಡ್ಕೊಂಡ್ರೆ ಎಲ್ಲ್ ಕೆಲ್ಸ್ದಿಂದ್ಲೇ ತೆಗ್ದ್ಹಾಕ್ಬಿಡ್ತಾರೋ ಅಂತ ಭಯ ಆಗತ್ತೆ.",Fear
ನಿಮ್ ಕ್ಲೀನಿಂಗ್ ಸರ್ವಿಸ್ ಸ್ವಲ್ಪನೂ ಸರ್ಯಾಗಿಲ್ಲ.  ನಿಮ್ಮೋರ್ ಮಾಡಿರೋ ಕೆಲ್ಸ ನೋಡ್ತಿದ್ರೆ ನಂಗ್ ಕೆಂಡದಂಥ ಕೋಪ ಬರ್ತಿದೆ.,Anger
ಟೂ ಸ್ಟಾರ್ ಹೋಟೆಲ್ಗಳ್ಗೇ ಎಷ್ಟೊಂದ್ ದುಡ್ಡ್ ತಗೊಂಡ್ಬಿಟ್ಟ ಈ ಆಪ್ರೇಟರ್ ನನ್ಹತ್ರ! ಇನ್ಯಾವತ್ತೂ ಇವ್ನ್ ಹತ್ರ ಹಾಲಿಡೇ ಬುಕ್ ಮಾಡಲ್ಲ ನಾನು.,Anger
ನನ್ ಮಗಾ ಸ್ಟೇಜಿನ್ ಮ್ಯಾಲ್ ನಿಂತ್ ತನ್ ದೋಸ್ತರ್ ಜೊತಿ ಒಂದ್ ವೆಸ್ಟರ್ನ್ ಡ್ಯಾನ್ಸ್ ಮಾಡ್ಲಿಕತ್ತಿದ್ದಾ ಅವ್ನಿಗಿ ಒಂಚೂರೂ ಅದ್ರಕಡಿ ಲಕ್ಷಿರ್ಲೇ ಇಲ್ಲಾ ಮತ್ ಭಾಳ ಅಶಿಕ್ಷತನಾ ಮಾಡ್ಲಿಕತ್ತಿದ್ದಾ ನೋಡಿ ನಂಗ್ ಮನಸ್ಸಿಗಿ ಭಾಳ ಸಂಕ್ಟಾತು.,Sadness
ಮಣಿಪುರದಲ್ಲಿ ಅಷ್ಟೆಲ್ಲ ಗಲಭೆಗಳಾಗಿ ನೂರಾರ್ ಜನ ಸಾಯ್ತಿರುವಾಗ ನಿಜ್ವಾದ್ ಭಾರತೀಯರಾದೋರ್ ಯಾರ್ಗೂ ಮನ್ಸಿಗ್ ನೆಮ್ದಿ ಇರಲ್ಲ.,Sadness
ಗ್ರಾಹಕ್ರ ಪ್ರತಿಕ್ರಿಯೆ ಅವ್ರಿಗೆ ತುಂಬಾನೇ ಮುಖ್ಯ. ಅದ್ರಲ್ಲೂ ಇಂಥ ವಿಷ್ಯಗಳ್ನ ಅವ್ರು ಭಾಳ ಗಂಭೀರ್ವಾಗ್ ಪರಿಗಣಿಸ್ತಾರೆ.,Fear
"ಆ ಭಟ್ರು ಮಾಡಿದ್ ಅಡ್ಗೆ, ಒಬ್ಬ ಫುಡ್ ಕ್ರಿಟಿಕ್ ಆಗಿ, ನಂಗೆ ಭಾಳ ವಿಶೇಷ ಅನ್ಸ್ತು, ಎಲ್ಲನೂ ಅದೆಷ್ಟ್ ಹದವಾಗ್ ಮಾಡಿದ್ರು ಅಂದ್ರೆ ಅವ್ರಿಗಿದ್ರಲ್ಲ್ ಎಷ್ಟ್ ಅನುಭವ ಇದೆ ಅನ್ನೋದ್ ಗೊತ್ತಾಗ್ತಿತ್ತು.",Happiness
ಇಡೀ ವೀಡಿಯೊನ ನಾನೇ ರೆಕಾರ್ಡ್ ಮಾಡಿದ್ದಿದ್ದು.. ಆದ್ರೂ ನನ್ ವೀಡಿಯೊಗೆ ಏನೂ  ಕಾರಣನೇ ಇಲ್ದೇ ಕಾಪಿರೈಟ್ ಸ್ಟ್ರೈಕ್ ಮಾಡುದ್ರು.,Anger
"ಈ ಸೈಬರ್ ದಾಳಿಗಳಲ್ಲಿ ಕೆಲ್ವು ಎಷ್ಟೆಲ್ಲ ಆಧುನಿಕವಾಗಿರತ್ವೆ ಅಂತ ಗೊತ್ತಾಗಿ ಬೆರಗಾಯ್ತು ನಂಗೆ! ಎಚ್ಚರ್ಕೆಯಿಂದ ಇರೋದು, ಜೊತೆಗೆ ಆನ್ಲೈನಲ್ಲಿ ನಮ್ಮನ್ನ್ ನಾವು ರಕ್ಷಿಸ್ಕೊಳದು ತುಂಬಾ ಮುಖ್ಯನಪ.",Surprise
ನನ್ಜೊತೆ ಕುಸ್ತಿ ಆಡ್ಬೇಕಾ ನಿಂಗೆ?! ಪಳಗಿರೋ ಪೈಲ್ವಾನ್ ಕಣೋ ನಾನು! ನಿನ್ ರಕ್ತ ಸುರ್ಯೋವರ್ಗೂ ಹೊಡೀತಿನಿ ಬಾ.,Anger
ಪುಢಾರಿಗಳು ನೂರೆಂಟ್ ತಡೆಗಳ್ನ್ ಒಡ್ಡಿದ್ರೂ ಪೊಲೀಸ್ರು ಕೊನೆಗೂ ಅಪರಾಧಿನ ಪತ್ತೇ ಹಚ್ಚೇಬಿಟ್ರು.. ಎಂಟ್ನೇ ಅದ್ಭುತ ಇದು!,Surprise
ಏನ್ರಿ ನೀವ್ ಯಾಕ್ ನನ್ ತಲಿ ಕೆಡಸ್ಲಿಕತ್ತೀರಿ. ಮೊದ್ಲಿನ್ ಅಪಾರ್ಟ್ಮೆಂಟ್ ಎರ್ಡೂ ಎಷ್ಟ್ ತುಟ್ಟಿ ತೋರ್ಸಿರಿ. ನಾ ಎಷ್ಟ್ ಬಜೆಟ್ ಹೇಳಿನಿ ಅಂತ್ ಲಕ್ಷ್ ಅದನೋ ಇಲ್ಲೋ.,Anger
"ನಂಗ ಈ ಚಮ್ಕಿಚಮ್ಕಿ ಸೈಕಲ್ಗೊಳು ಸ್ವಲ್ಪೂ ಸೇರಂಗಿಲ್ಲಾ ಅವಗಳ್ದು ಡೌಲೇ ಭಾಳಂತನಸ್ತದ, ಹಿಂಗಾಗಿ ನಾ ಅವು ವಟ್ಟಾ ಖರೀದಿ ಮಾಡಂಗಿಲ್ಲಾ.",Disgust
"ಫ್ರೆಂಚ್ ಹಳ್ಳಿಗಾಡಲ್ಲಿರೋ ದ್ರಾಕ್ಷಿತೋಟ್ಗಳಲ್ಲಿ ಸೊಗ್ಸಾದ್ ವೈನ್ ತಯಾರಿಸ್ತಾರೆ, ನಂಗಂತೂ ಭಾರೀ ಇಷ್ಟ ಅದು.",Happiness
"ಅವ್ರು ವಿಶ್ಲೇಷಣೆಲಿ ಮುಳ್ಗಿದ್ದಾಗ, ಆ ಹಣಕಾಸಿನ್ ದಾಖಲೆಗಳಲ್ಲಿ ಅನಿರೀಕ್ಷಿತ್ವಾಗ್ ರಟ್ಟಾಗ್ತಿದ್ ಗುಟ್ಟುಗಳಿಂದಾಗಿ ಅವ್ರ್ ಮಾತುಕತೆ ಇನ್ನಷ್ಟ್ ಚುರುಕಾಯ್ತು.",Surprise
ಅಮೆಜಾ಼ನಲ್ಲಿ ಪ್ರಾಡಕ್ಟ್ ಡಿಸ್ಕ್ರಿಪ್ಷನ್ಸ್ ಅಷ್ಟ್ ಸರ್ಯಾಗಿರೋದ್ ನೋಡಿ ನಂಗ್ ಆಶ್ಚರ್ಯ ಆಯ್ತು.,Surprise
"ಸೆಕೆಂಡ್ ಹ್ಯಾಂಡ್ ಬೈಕ್ ತಗೊಂಡಿದ್ದು ಒಳ್ಳೇದಾಯ್ತು ಅನ್ಕೊಂಡಿದ್ದೆ, ಆದ್ರೆ ಅದ್ರ್ ಮೇಂಟೆನನ್ಸ್ಗೆ ಬೈಕಿಗ್ ಕೊಟ್ಟಿದ್ದಕ್ಕಿಂತ ಎರಡ್ರಷ್ಟ್ ಜಾಸ್ತಿ ದುಡ್ ಕೊಟ್ಟಿದ್ದಾಯ್ತು.",Sadness
ನಂಗ್ ಬಡ್ಸಿದ್ ಅನ್ನದಲ್ಲಿ ಕಲ್ಲ್ ಯಾಕಿದೆ? ಧಾನ್ಯಗಳ್ನ ಸರ್ಯಾಗ್ ಆಯ್ದು ಸ್ವಚ್ಛ ಮಾಡೋದ್ ಹೇಗೆ ಅಂತ ಗೊತ್ತಿಲ್ವಾ ನಿಮ್ಗೆ?,Anger
"ವಾಹ್! ಈ ಅಂಗ್ಡಿಲಿ ಸೆಕೆಂಡ್ ಹ್ಯಾಂಡ್ ಪುಸ್ತಕಗಳ್ನ ಮೂಲ ಬೆಲೆಯ ಅರ್ಧದಷ್ಟ್ ಬೆಲೆಗೆ ಮಾರಾಟ ಮಾಡ್ತಿದಾರೆ. ದುಡ್ಡೂ ಉಳ್ಸ್ಕೊಂಡು,  ನಮ್ ಜ್ಞಾನದ್ ದಾಹನೂ ತಣಿಸ್ಕೊಳಕ್ಕೆ ಒಳ್ಳೆ ದಾರಿ ಇದು.",Happiness
ತಮ್ತಮ್ಮ ಕ್ಷೇತ್ರದಲ್ಲಿ ಏಕಸ್ವಾಮ್ಯ ಹೊಂದಿರೋ ಕಂಪ್ನಿಗಳ್ನ ಈ ಸರ್ಕಾರ ಯಾಕ್ ತೆಗ್ದ್ಹಾಕ್ತಾ ಇಲ್ಲ?! ನಂಗಂತೂ ತೀರಾ ಅಸಮಾಧಾನದ್ ವಿಷ್ಯ ಇದು.,Anger
"ನಾವ್ ಇಷ್ಟೆಲ್ಲ ಪ್ರಯತ್ನ ಮಾಡಿದ್ರೂ, ನನ್ ಮುದ್ದು ನಾಯಿ ಎಲ್ಲರ ಮೇಲೆರಗೋದು, ಆಕ್ರಮಣ ಮಾಡೋದೆಲ್ಲ ಇನ್ನೂ ಹೆಚ್ಚಾಗ್ತಲೇ ಹೋಗ್ಬಹುದು ಅನ್ನೋದೇ ಚಿಂತೆ ಆಗಿದೆ ನಂಗೆ.",Fear
ಇಷ್ಟ್ ಸಣ್ಣ್ ರಿಪೇರಿಗೆ ನೀವೇನ್ರಿ ಇಷ್ಟೊಂದ್ ದುಡ್ಡ್ ಕೇಳ್ತಿದೀರ?! ಕೇಳಕ್ಕೊಂದ್ ರೀತಿನೀತಿ ಬೇಡ್ವಾ?!,Anger
"ಈ ನೀರಿನ್ ಪೈಪ್ಗಳ್ ಸಿಗ್ಲಾರ್ದ್ಹಂಗ ಮ್ಯಾಲ್ ಇಷ್ಟೆಲ್ಲಾ ಕಟ್ಬಿಟ್ಟಾರ, ಮುಂದ್ ಭಾಳ ಫಜೀತ್ಯದಾಂತ ನಂಗ್ ಚಿಂತಿ ಕಾಡ್ಲಿಕ್ ಹತ್ತದ.",Sadness
"ನೀವು ನನ್ ಸಮಸ್ಯೆನ ಅರ್ಥಮಾಡ್ಕೊಳಕ್ಕೆ ಮತ್ತೆ ದೋಷ ಇರೋ ಈ ಉತ್ಪನ್ನನ ಬದ್ಲಾಯ್ಸೊದಕ್ಕೆ ಪ್ರಯತ್ನ ಪಡ್ತಿರೋದ್ನೋಡಿ ನಂಗೆಷ್ಟೋ ಸಮಾಧಾನ ಆಯ್ತು, ನಿಮ್ ಸಹಾಯನ ಯಾವತ್ತೂ ಮರ್ಯಲ್ಲ ನಾನು.",Happiness
"ನೀವ್ ಯಾವಾಗ್ಲೂ ಯಾಕ್ ನನ್ನೇ ಬೈತಾ ಇರ್ತೀರಿ, ಆದ್ರೆ ಅನಘಾಗ್ ಮಾತ್ರ ಯಾವತ್ತೂ ಬೈಯ್ಯೋದೇ ಇಲ್ಲ?",Sadness
ಯವ್ವಾ ನಂಗ್ ಡ್ರೈವಿಂಗ್ ಕಲಸ್ದವ್ರು ನಾ ಡ್ರೈವಿಂಗ್ ಹೆಂಗ ಮಾಡ್ತೀನಿ ನೋಡ್ತಾರಂತ ಹಿಂಗಾಗಿ ನಂಗ್ ಪುಕುಪುಕು ಹತ್ಯಾದ. ನಾ ಏನರೇ ಯಡವಟ್ ಮಾಡಿದ್ರ ಹೆಂಗ.,Fear
"ರಾತ್ರಿ ಕ್ಲಬ್ಬಲ್ಲಿ ಆ ಹುಡ್ಗ ಅದಾಗ್ಲೇ ವಿಪ್ರೀತ ಕುಡ್ದಿದ್ದ, ಮತ್ತೆ ಅವ್ನಿಗ್ ಡ್ರಿಂಕ್ ಕೊಡಲ್ಲ ಅಂದಿದ್ಕೆ ಅದೆಷ್ಟ್ ರಂಪ ಮಾಡ್ದ ಅಂದ್ರೆ ಈಗಿನ್ ಹುಡ್ಗರ್ಗೆ ಸ್ವಲ್ಪನೂ ಜವಾಬ್ದಾರಿ, ಮರ್ಯಾದೆ ಏನೂ ಇಲ್ಲ.",Anger
ಆ ವಿದ್ಯಾರ್ಥಿ ತನ್ ಕುಟುಂಬ್ದೋರ್ಗೆ ತನ್ಕೈಲಿ ಏನೂ ಮಾಡಕ್ ಆಗಿಲ್ಲ ಅಂತ ಪಾಪ ಬೇಜಾರ್ ಮಾಡ್ಕೊತಿದ್ದ.,Sadness
"ಬೆಳಗ್ಗೆ ತಿಂಡಿಗೆ ಮೆದುವಾಗಿರೋ ಈ ಪ್ಯಾನ್ಕೇಕ್ಗಳಿದ್ರೆ ಒಳ್ಳೆ ರುಚಿ, ಹೊಟ್ಟೆಗೂ ಹಾಯಾಗಿರತ್ತೆ.",Happiness
"ಕೆಲವ್ರು ಎಷ್ಟ್ ಕೇಡಿಗಳು, ಅಸಹ್ಯದೋರಿರ್ತಾರೆ ಅಂದ್ರೆ ಆ ಹಾಡುಗಾರ ಪಾಪ ಚೆನ್ನಾಗ್ ಹಾಡ್ಲಿಲ್ಲ ಅಂತ ಅವ್ನ್ ಮೇಲೆಲ್ಲ ಎಷ್ಟೊಂದ್ ಟೊಮೆಟೊ ಎಸೀತಿದ್ರು.",Disgust
"ಅಷ್ಟ್ ಸಲ ಕಾಲ್ ಮಾಡುದ್ರೂ ಯುರೇಕಾ ಫೋರ್ಬ್ಸ್ನೋರು ನನ್ ನೀರಿನ್ ಫಿಲ್ಟರ್ನ ಸಮಯಕ್ ಸರ್ಯಾಗಿ ಸರ್ವಿಸ್ ಮಾಡ್ಕೊಡಕ್ ಬರೋ ಬಗ್ಗೆ ಏನೂ ನೆಟ್ಟಗ್ ಹೇಳ್ತನೇ ಇಲ್ಲ, ಅವ್ರ್ ಹೀಗ್ ನಿರ್ಲಕ್ಷ್ಯ ಮಾಡೋದ್ನೋಡಿ ಸಿಟ್ಟ್ ಏರ್ತಾ ಇದೆ ನಂಗೆ.",Anger
"ಈ ಸಿನ್ಮಾ ನೋಡೋಕ್ಕೇ ಭಾಳ ಭಯ ಆಗತ್ತೆ ನಂಗೆ. ಅದ್ರಲ್ಲಿ ಎಷ್ಟೊಂಜನ ಮಾಟಗಾತೀರು, ದೆವ್ವಗಳು ಮತ್ತೆ ಭಯಂಕರ ಪ್ರಾಣಿಗಳಿದಾವೆ.",Fear
"ಪ್ರತಿದಿನ ಬೆಳಬೆಳಗ್ಗೆ ಎದ್ದ್ ತಕ್ಷಣ ಆ ಚರಂಡಿಯಿಂದ ಗಬ್ಬು ದುರ್ವಾಸ್ನೆ ಮೂಗಿಗ್ ಬಡ್ಯತ್ತೆ.. ಥು, ಮೂಡೇ ಹಾಳಾಗ್ಬಿಡತ್ತೆ ನಂಗೆ.",Disgust
ನಿಮ್ ಸಾಫ್ಟ್  ಸ್ಕಿಲ್ ಅನ್ನ  ಜಾಸ್ತಿ ಮಾಡಕ್ಕೆ ನಾವ್ ಇಷ್ಟ್   ಸಮ್ಯನ್  ಹೂಡಿಕೆ ಮಾಡಿದ್ವಿ.  ಮತ್ ಈಗ ನೀವ್  ಅದನ್  ಬೇರೆ ಕಡೆ  ಬಳ್ಸಕ್ಕೆ  ನೋಡ್ತಾ ಇದ್ದೀರಾ ? ಇದ್ ಯಾಕೋ ಸರಿ ಇಲ್ಲ.,Anger
"ಚೆನ್ನೈಲಿ ಆ ಎಗ್ಮೋರ್ ಮ್ಯೂಸಿಯಮ್ಮಲ್ಲಿರೋ ಆಡಿಯೋ ಗೈಡ್ ಏನೇನೂ ಚೆನಾಗಿಲ್ಲ, ಗೊರಗೊರ ಶಬ್ದ ಕೇಳಿ ತಲೆಚಿಟ್ಟ್ ಹಿಡೀತು.",Disgust
ಆಫೀಸಲ್ಲಿ ಟಾರ್ಗೆಟ್ಗಿಂತ ಜಾಸ್ತಿ ಸೇಲ್ ಮಾಡಿದ್ದೆ ಅಂತ ನಂಗ್ ಬೋನಸ್ ಸಿಕ್ಕಾಗ ಪ್ರಪಂಚಾನೆ ಗೆದ್ದಂಗಾಗಿತ್ತು.,Happiness
ನಂಗ್ ಸಪೋರ್ಟ್ ಮಾಡು ಅಂದಿದ್ದೆ ತಾನೇ ನಿಂಗೆ! ನಿನ್ನಿಂದಾಗಿ ನಾನ್ ಆಟ್ದಲ್ ಸೋಲೋ ಹಾಗಾಯ್ತು ನೋಡು!,Anger
ನಮ್ ಇನ್ಕಮ್ ಸ್ಟೇಟ್ಮೆಂಟಲ್ಲಿರೋ ಮೊತ್ತ ನೋಡಿ ನಂಗ್ ದಿಗ್ಭ್ರಮೆ ಆಗೋಯ್ತು.,Surprise
ಅಬ್ಬಬ್ಬಾ! ಈ ಮನೆಲಿರೋ ಎಲೆಕ್ಟ್ರಿಕಲ್ ಐಟಂಗಳ್ ಬೆಲೆ ನೋಡೇ ನಂಗ್ ತಲೆಬಿಸಿ ಆಗೋಯ್ತು! ಆದ್ರೆ ಮನೆ ಸುಸಜ್ಜಿತ್ವಾಗಿರ್ಬೇಕೂಂದ್ರೆ ನಾನ್ ಸ್ವಲ್ಪ ಎಚ್ಚರ್ಕೆಯಿಂದ ಬಜೆಟ್ ಮಾಡ್ಬೇಕು ಅನ್ಸತ್ತೆ.,Surprise
"ನೀವು ಕಡ್ಮೆ ದುಡ್ಡ್ ಕೊಟ್ಟು ನನ್ನನ್ನ ಬಳಸ್ಕೊತಾ ಇರೋದು ನಂಗೊತ್ತಾಗತ್ತೆ, ಅದ್ಕೇ ಒಳಗೊಳಗೇ ನಿಮ್ಬಗ್ಗೆ ಕೋಪ ಕುದ್ಯೋದು ನಂಗೆ.",Anger
"ಅಬ್ಬಾ ಆ ಕರೆಂಟ್ ಸಾಮಾನಿನ್ ಅಂಗ್ಡಿಯವ್ರದ್ ರಿಟರ್ನ್ ಪಾಲಿಸಿ ಭಾಳ ಧಾರಾಳದ, ನಮ್ಗ ಅಷ್ಟ್  ಅವಕಾಶ್ ಅನ್ನದೇ ಒಂದ್ ಭರೋಸಾ.",Surprise
ಆ ಅಂಗ್ಡಿಯೋನು ಮೈಕ್ರೋವೇವ್ ಓವನ್ಗೆ ಯರ್ರಾಬಿರ್ರಿ ಬೆಲೆ ಹೇಳಿದ್ ಕೇಳಿ ನಂಗ್ ರೇಗ್ಹೋಯ್ತು.,Anger
ಅಮೃತ್ಸರದಲ್ಲಿರೋ ಆ ಪಂಜಾಬಿ ಢಾಬಾದಲ್ಲಿ ಪಾಲಕ್ ಪನೀರ್ ಮತ್ತೆ ನಾನ್ ಎರಡ್ನೂ ಎಷ್ಟ್ ತಿಂದ್ರೂ ಇನ್ನೂ ಬೇಕೂನ್ಸತ್ತೆ.,Happiness
ನಾನ್ ಇವತ್ ರಜೆ ಮೇಲಿದ್ದೀನಿ ಅಂತ ಮೊದ್ಲೇ ತಿಳಿಸ್ದೇ ಇರೋರ್ ಬೇಜವಾಬ್ದಾರಿ ನೋಡಿದ್ರೆ ನಂಗ್ ಪಿತ್ತ ನೆತ್ತಿಗೇರುತ್ತೆ.,Anger
ನಾ ರಿಟೈರ್ಮೆಂಟ್ ಸಲ್ವಾಗಿ ಮಾಡ್ಸಿದ್ ಪ್ಲಾನಿಂದು ಕಿಮ್ಮತ್ತ್ ಎಷ್ಟ್ ಕಡಿಮ್ಯಾಗಾದ ಅನ್ನೂದ್ ನೆನಸ್ಕೊಂಡಾಗೆಲ್ಲಾ ನಂಗ್ ಜೀವ ಮರಮರಾ ಅಂತದ.,Sadness
ಇದ್ಯಾಕೋ ತುಂಬಾ ವಿಚಿತ್ರವಾಗಿದೆ ಮೇಡಂ! ಇದುವರ್ಗೂ ಯಾವ್ ಗೆಸ್ಟೂ ಅವ್ರ್ ರೂಮಿನ್ ಕೀಲಿಕೈ ಕೆಲ್ಸ ಮಾಡ್ತಿಲ್ಲ ಅಂತ ಹೀಗೆ ಹತ್ಸಲ ಮೇಲೆ ಕೆಳ್ಗೆ ಓಡಾಡಿದ್ದಿಲ್ಲ.,Surprise
ಇಷ್ಟ್ ಜಗ್ ರೊಕ್ಕಾ ಸುರ್ದು ನಾ ಈ ಕ್ವಾಟಿ ನೋಡ್ಲಿಕ್ ಬರಬದ್ಲು ಬ್ಯಾರೆಕಡೆ ಯಲ್ಲರೆ ಹೋಗಿದ್ರ ಛೊಲೋ ಆಗ್ತಿತ್ತು.,Sadness
ವಾರೆವ್ಹಾ! ಪಂದ್ಯದ್ ಕೊನೇ ಹತ್ತ್ ನಿಮ್ಷಗಳಲ್ಲಿ ಫ್ರಾನ್ಸ್ ಎರಡೆರಡ್ ಗೋಲ್ಗಳ್ನ ಗಳಿಸ್ಬಿಡ್ತು! ಅದುವರ್ಗೂ ಅವ್ರು ಖಂಡಿತ್ವಾಗೂ ಸೋಲ್ತಾರೆ ಅನ್ಕೊಂಡಿದ್ದೆ ನಾನು.,Surprise
ದಯ್ವಿಟ್ಟು ನನ್ನನ್ನ ಗೋದಾಮಿಗ್ ಕಳಿಸ್ಬೇಡಿ. ಅಲ್ಲಿ ತುಂಬಾ ಕತ್ಲೆ ಇರತ್ತೆ.,Fear
ಆ ಯುವ ಸಂಗೀತ್ಗಾರ ವೇದಿಕೆ ಮೇಲ್ ಹಾಡಾದ್ಮೇಲೆ ಅವ್ನ್ ಸಂಗೀತದ ಗುರುಗಳ್ಗೆ ಸರ್ಯಾದ್ ಗೌರವ ತೋರ್ಸ್ಲಿಲ್ಲ ಅಂತ ನನ್ ಮನ್ಸಿಗೊಂಥರ ಪೆಚ್ಚಾಯ್ತು.,Sadness
"ಶನಿವಾರದ್ ಸಂಜೆಗಳಲ್ಲಿ ಆ ಈಸ್ಟ್ಕೋಸ್ಟ್ ರಸ್ತೆ ದಾಟೋದಂದ್ರೇ ತಲೆ ಧಿಂ ಅನ್ನತ್ತೆ ನಂಗೆ, ಒಂದ್ರಾಶಿ ಜನ ಇರ್ತಾರೆ, ಯಾರೂ ದಾರಿನೇ ಬಿಡಲ್ಲ ಅಲ್ಲಿ.",Anger
"ಈ ಕಳಪೆ ಸರ್ವಿಸ್ ಬಗ್ಗೆ ನಂಗ್ ಸಿಕ್ಕಾಪಟ್ಟೆ ಸಿಟ್ಟಿದೆ, ನನ್ ಪ್ಯಾಕೇಜ್ಗಳ್ನ ಇವ್ರು ಹಾಳ್ಮಾಡಿರೋದು, ಕಳ್ದ್ಹಾಕಿರೋದು ಇದೇ ಮೊದ್ಲೇನಲ್ಲ.",Sadness
ಲೇಖಕ್ರು ಕಷ್ಟಕರ ವಿಷ್ಯಗಳ್ನ ಸುಲಭ್ವಾದ್ ಉದಾಹರಣೆಗಳ್ ಜೊತೆ ಅರ್ಥಮಾಡ್ಕೊಳಕ್ಕಾಗೋ ಥರ ಎಷ್ಟ್ ಸರಳ ಮಾಡಿ ಹೇಳಿದಾರೆ ಅಂತ ನಂಗ್ ಆಶ್ಚರ್ಯ ಆಯ್ತು.,Surprise
ಈ ಸಲಾಡ್ ಎಷ್ಟ್ ತಾಜಾ ಆಗಿದೆ ಅಂದ್ರೆ ಅದನ್ ತಿಂದು ಸ್ವಚ್ಛವಾದ್ ಒಳ್ಳೆ ಗಾಳಿ ಬೀಸ್ದಾಗ್ ಆಗೋ ಥರ ಸಂತೃಪ್ತಿ ಆಯ್ತು ನಂಗೆ.,Happiness
"ನೀವೊಂಚೂರ್ ಅಗೌರವವಾಗ್ ನಡ್ಕೊಂಡ್ರೂ ನಾನ್ ಸುಮ್ನಿರಲ್ಲ, ಈಗ್ಲೇ ಹೇಳ್ತಿದೀನಿ, ಗಮನ್ದಲ್ಲಿರ್ಲಿ ಅದು.",Anger
ಆ ಮನುಷ್ಯ  ತನ್ ಎಲ್ಲಾ ಹಣನ್ ಕಳ್ಕೊಂಡ್ ನಂತ್ರ ಸಣ್ ಭರ್ವಸೆಯಿಂದ್ ಕಾಯ್ತಾ ಇದ್ದ.,Sadness
ಈ ಫುಟ್ಬಾಲ್ ಪಂದ್ಯನ ಯಾವಾಗ್ ನೋಡ್ತೀನೋ ಅನ್ಸ್ತಿದೆ! ಈ ಸಲ ಆಟ ಸಖತ್ತಾಗಿರತ್ತೆ!,Happiness
ರಿಯಾಯ್ತಿ ಜೊತೆಗೆ ಸುಂದರ್ವಾದ್ ಬ್ರಾಂಡೆಡ್ ವಸ್ತು ಮೇಲೆ ಡೀಲ್ ಇರೋದ್ ನೋಡಿ ಅದ್ನ ತಗೊಳ್ಳೇಬೇಕು ಅನ್ಸ್ಬಿಡ್ತು.,Happiness
ಜೀವ್ನ ಪೂರ್ತಿ ಏನೂ ಸರ್ಯಾಗ್ ಕೆಲ್ಸ ಮಾಡ್ದೇ ಬರೀ ಪ್ರತಿಭಟ್ನೆಗಳ್ನೇ ಮಾಡ್ಕೊಂಡಿರೋ ಪರಿಸರ ಹೋರಾಟಗಾರ್ರು ಅಂದ್ರೆ ನಂಗ್ ಕಣ್ಣೆಲ್ಲ ಕೆಂಡ ಆಗತ್ತೆ.,Anger
ನನ್ ತೋಟದ್ ಕೆಲ್ಸದ್ ಸಲಕರಣೆ ಎಲ್ಲ ತುಕ್ಕ್ ಹಿಡ್ದು ತುಂಡಾಗ್ ಬೀಳೋ ಥರ ಆಗಿವೆ. ಹೊಸಾವ್ ಕೊಂಡ್ಕೊಬೇಕೂಂದ್ರೆ ಅದೆಷ್ಟ್ ದುಡ್ಡ್ ಖರ್ಚಾಗತ್ತೋ ಏನೋ.,Sadness
ನಿರ್ದೇಶಕ್ರು ತಲೆ ಅಲ್ಲಾಡಿಸ್ತಿದ್ಹಾಗೇ ನಂಗೆ ಯಶಸ್ಸು ಕಾಣೋಕಿದ್ದ ಕೊನೇ ಅವ್ಕಾಶನೂ ತಪ್ಪ್ಹೋಯ್ತು.,Sadness
ಸಣ್ ಹುಡುಗ್ರ ಸಲ್ವಾಗಿ ಯಷ್ಟರೇ ಥರದ್ ಬ್ಯಾಂಕ್ ಖಾತಾ ಬರ್ಲಿಕತ್ತಾವಂತ ನೋಡ್ದಾಗೊಮ್ಮಿ ನನ್ ಮಗ್ಳ್ ಯಷ್ಟ್ ಲಗೂಲಗೂ ಬೆಳಿಲಿಕತ್ತಾಳಲಾ ಅಂತ ಹಳ್ಯಾಳಾಗ್ತದ.,Sadness
ನಂಗ್ ದಿನಕ್ಕೆ ಕಮ್ಮೀ ಅಂದ್ರೂ ಮೂರರಿಂದ ನಾಲ್ಕ್ ಸರ್ತಿ ಕೋಪ ಬರತ್ತೆ.,Anger
ಛೇ.. ನನ್ನನ್ನ ಅಗೌರವದಿಂದ ನಡೆಸಿಕೊಂಡಿದ್ದೂ ಅಲ್ದೇ ನಂಗೇನಾದ್ರೂ ಸಹಾಯ ಬೇಕಾದಾಗ್ಲೆಲ್ಲಾ ತುಂಬಾ ಕಾಯೋ ಹಾಗ್ ಮಾಡಿ ಸತಾಯ್ಸಿದಾರೆ. ಇದ್ರ್ ಬಗ್ಗೆಯೆಲ್ಲ ಜುಗುಪ್ಸೆ ಬಂದ್ಹೋಗಿದೆ ನಂಗಂತೂ.,Disgust
ಭಾರತದ್ ಬೇರ್ಬೇರೆ ಕಡೆಗಳಲ್ಲಿ ವ್ಯವಸ್ಥೆ ಸರಿಯಿಲ್ದೆ ಜನ ಏನೇನೆಲ್ಲ ಸಂಕಷ್ಟಗಳ್ನ ಅನುಭವಿಸ್ತಿರೋದ್ ನೋಡುದ್ರೆ ಮನ್ಸಿಗ್ ತುಂಬಾ ಕಷ್ಟ ಆಗುತ್ತೆ.,Sadness
ಆಹ್! ಕೊನೆಗೂ ನಂಗೆ ಚೆನ್ನೈಗ್ ಹೋಗಕ್ಕೆ ಟಿಕೆಟ್ ಸಿಕ್ತು. ಕೆಲ್ವೇ ಕೆಲ್ವು ಸೀಟ್ಗಳ್ ಮಾತ್ರ ಇದ್ದಿದ್ ನೋಡಿದ್ದೆ ನಾನು. ನಿಮ್ಮಿಂದ ತುಂಬಾ ಸಹಾಯ ಆಯ್ತು ಸರ್.,Surprise
"ಮೊಬೈಲ್ ಫೋನ್ನ ಮತ್ಮತ್ತೆ ಚಾರ್ಜ್ ಮಾಡ್ತಲೇ ಇರ್ಬೇಡಿ, ಹಾಗ್ಮಾಡಿದ್ರೆ ಬ್ಯಾಟರಿ ಹಾಳಾಗ್ಬೋದು.",Fear
ನಂಗ ನಡ್ ರಾತ್ರಿ ಎಂಥೆಂಥಾರೆ ದನಿ ಕೇಳ್ಸಿದ್ರ ಕೈಕಾಲೇ ಥಂಡಾ ಹೊಡ್ದೋಗ್ತಾವ.,Fear
ಪ್ರತೀ ಸಲ ಫೌಲ್ ಆದಾಗ್ಲೂ ರೆಫರಿಗಳ್ ಸುತ್ಲೂ ಗುಂಪ್ಕಟ್ಕೊಂಡು ಅವ್ರನ್ನ ಹಿಂಸೆ ಮಾಡೋ ಫುಟ್ಬಾಲ್ ಆಟಗಾರ್ರೂಂದ್ರೆ ನಂಗೊಂಥರ ಹೇವರ್ಕೆ ಆಗತ್ತೆ.,Disgust
"ಅರೆ ವಾಹ್, ಮನಿ ಬಾಡ್ಗಿನ್ಯಾಗ ಜಿಮ್ ಮತ್ತ ಪೂಲಿಗ್ ಹೋಗ್ಲಿಕ್ಕೂ ಸಿಗ್ತದಂತ ನಂಗ ಅನಸಿರ್ಲಿಲ್ಲಾ.",Surprise
"ಆ ಬ್ಯಾಂಕಿನವ್ರು ನನ್ ಮಗಳ್ ಭವಿಷ್ಯಕ್ ಛೋಲೋ ಆಗಹಂಗ ಬ್ಯಾರೆಬ್ಯಾರೆ ಸ್ಕೀಮ್ ಹೇಳಿದ್ರು, ನಂಗ್ ಖರೇನೇ ಭಾಳ ಹಿಗ್ಗಾಯ್ತು.",Happiness
ನಮ್ ಬೆಳ್ಳಿ ವಾರ್ಷಿಕೋತ್ಸವದ್ ಆಚರಣೆಗೆ ಆಭರಣಗಳ್  ಅದ್ಭುತವಾಗಿವೆ ಮತ್ ಭಾವನಾತ್ಮಕ ಮೌಲ್ಯನ್  ಕೊಡುತ್ವೆ  ಅಂತ ಖಚಿತ ಮಾಡ್ಕೊಳ್ಳೋ  ಬಗ್ಗೆ ನಂಗ್  ಸ್ವಲ್ಪ ಆತಂಕ ಆಗಿದೆ.,Fear
ನೀವ್ ನನ್ನನ್ನ ಓವರ್ಬುಕ್ ಆಗಿದ್ದಿದ್ ವಿಮಾನ್ದಲ್ ಕೂರ್ಸಿ ನಂಗ್ ಇಷ್ಟೆಲ್ಲ ತಡ ಆಗತ್ತೆ ಅಂತ ಮೊದ್ಲೇ ಗೊತ್ತಿದ್ದಿದ್ರೆ ನಾನ್ ನಿಮ್ ಸಂಸ್ಥೆ ವಿಮಾನನ ಯಾವತ್ತೂ ಬುಕ್ ಮಾಡ್ತಾ ಇರ್ಲಿಲ್ಲ.,Disgust
ಈ ಸಂಗೀತ ಕೇಳೊಕೆ ನಂಗ್ ತುಂಬಾ ಸಂತೋಷ ಆಗತ್ತೆ. ಇದ್ನ ಕೇಳ್ದಾಗ್ಲೆಲ್ಲ ನನ್ ಮನ್ಸು ಹಗೂರ ಆಗಿ ಒಳ್ಳೆ ಮೂಡ್ ಇರತ್ತೆ.,Happiness
ಶ್ರೇಯಾ ಘೋಷಾಲ್ ಹಾಡಾ ಕೇಳ್ದಾಗೊಮ್ಮೆ ಮನ್ಸ್ ನವಿಲಿನ್ ಹಂಗ್ ಕುಣೀತದ.,Happiness
"ನೀನ್ ಯಾವತ್ತೂ ನನ್ ಜಾಗ್ದಲ್ ನಿಂತು ಯೋಚ್ನೆನೇ ಮಾಡಲ್ಲ, ನನ್ನನ್ನ ಚೂರೂ ಅರ್ಥನೇ ಮಾಡ್ಕೊಳಲ್ಲ, ಅದ್ಕೇ ನಾನ್ ನಿನ್ಮೇಲ್ ಈ ಥರ ಕೂಗಾಡೋ ಹಾಗಾಗೋದು.",Anger
ಪಕ್ದಲ್ಲಿರೋ ನಿರ್ಮಾಣ ಸ್ಥಳಕ್ ಸಂಬಂಧಪಟ್ಟೋರು ಜನ್ರ ಅನ್ಕೂಲದ್ ಬಗ್ಗೆ ಒಂಚೂರೂ ಯೋಚ್ನೆನೇ ಮಾಡ್ದೇ ಯಾವಾಗ್ಲೂ ಒಂದಲ್ಲಾ ಒಂದ್ ಕಿರಿಕ್ ಮಾಡ್ತಲೇ ಇರೋದು ನಿಜಕ್ಕೂ ನಾಚಿಕ್ಗೇಡು.,Disgust
ಕಾಶ್ಮೀರದ್ ಹಳ್ಳಿಗಾಡಲ್ಲಿರೋ ಈ ಪ್ರಶಾಂತ್ವಾದ್ ವಾತಾವರ್ಣ ಅದೆಷ್ಟ್ ಹಾಯಾಗಿದೆ ಮನ್ಸಿಗೆ.,Happiness
ನನ್ ಖಾತೆನ ನನ್ ಜೊತೆಗೆ ನನ್ ಸ್ನೇಹಿತ್ರೂ ಬಳಸ್ತಾ ಇದ್ರು ಅಂತ ಅವ್ರಿಗ್ ಗೊತ್ತಾಗಿದ್ರಿಂದ ಅದ್ನ ಬ್ಲಾಕ್ ಮಾಡ್ಬಿಟಿದಾರೆ.,Sadness
"ಆ ಸೈಕಲ್ ಅಂಗ್ಡಿಗ್ಹೋಗಿ ಇನ್ನಾ ಐದ್ ನಿಮಿಷಾಗಿರ್ಲಿಲ್ಲಾ ಅಷ್ಟ್ ಜಲ್ದಿ ನನ್ ಬಜೆಟ್ನ್ಯಾಗ ಒಂದ್ ಮಸ್ತ್ ಬೈಕ್ ಸಿಕ್ತು, ಹಿಂಗಾಗ್ತದಂತ ನಾ ಕನಸ್ನಾಗೂ ಅನ್ಕೊಂಡಿರ್ಲಿಲ್ಲಾ.",Surprise
ನಾನು ನನ್ ಪರ್ಸ್ನ ಮನೆಲೇ ಬಿಟ್ಬಂದಿದೀನಿ. ಮತ್ತೆ ಮನೆಗ್ ಹೋಗಿ ವಾಪಸ್ ಬರ್ಬೇಕಾಗತ್ತೆ ನಾನೀಗ.,Sadness
"ಅವ್ನು ಒಂಟಿತನದಿಂದಾಗಿ ತನ್ ಕಾಲೇಜಿನ್ ಮೊದಲ್ನೇ ವರ್ಷದಲ್ಲಿ ಖಿನ್ನತೆಗ್ ಒಳಗಾಗಿದ್ದ, ಪಾಪ.. ತುಂಬಾನೇ ಹಿಂಸೆ ಅನ್ಭವ್ಸಿದಾನೆ ಆಗೆಲ್ಲ.",Sadness
"ನಿಮ್ ಆದಾಯದ್ ಈಗಿನ್ ಸ್ಥಿತಿ ಒಪ್ಕೊಳೊ ಥರ ಇಲ್ಲ ಅಂತನ್ಸಿದೆ ನಮ್ಗೆ, ನೀವು ಪರಿಸ್ಥಿತಿನ ಸರಿ ಮಾಡೋಕೆ ತಕ್ಷಣ ಕ್ರಮ ಕೈಗೊಳ್ಬೇಕು ಅಂತ ಹೇಳ್ತಿದೀವಿ.",Anger
ನನ್ ಬಗ್ಗೆ ನಿಮ್ ಇತ್ತೀಚಿನ್ ನಡವಳಿಕೆ ಸರಿ ಇಲ್ಲ. ನಂಗಿದು ತುಂಬಾ ಕಿರಿಕಿರಿ ಆಗ್ತಿದೆ.,Anger
ದಿ ಕಾಸ್ಬಿ ಷೋ ಮತ್ತೆ ಟಿ.ವಿ.ಲ್ ಬರ್ತಿರೋದ್ ನೋಡಿ ತುಂಬಾನೇ ಖುಷಿ ಆಯ್ತು.,Happiness
"ನನ್ ಫ್ರೀಲಾನ್ಸ್ ಬಿಸ್ನೆಸ್ ಬೆಳೀತಾ ಇರೋದು ಮತ್ತೆ ಒಬ್ರಾದ್ಮೇಲೊಬ್ರು ಕ್ಲೈಂಟ್ಸ್ ಸಿಗ್ತಾ ಇರೋದು, ಇದೆರಡಕ್ಕಿಂತ ದೊಡ್ ಖುಷಿ ಇನ್ಯಾವ್ದೂ ಇಲ್ಲ ನಂಗೀಗ.",Happiness
ಅಬ್ಬಬ್ಬೋ! ಈ ಮೊಬೈಲ್ ಪೇಮೆಂಟ್ಗಳ್ ಅದೆಷ್ಟ್ ಜಲ್ದಿ ಯೆಲ್ಲಾ ಕಡೆ ಬಂದ್ಬಿಟಾವ್ ನೋಡ್ರಿ.,Surprise
"ನಾನು ಅವ್ರ್ ಎಷ್ಟೋ ಗೋಲ್ಗಳ್ನ ಸ್ಕೋರ್ ಆಗದ್ಹಾಗೆ ಮಾಡ್ದೆ, ನಾನಷ್ಟೆಲ್ಲ ಕಷ್ಟಪಟ್ರೂ ಏನೂ ಸಾಕಾಗ್ಲಿಲ್ಲ, ಇನ್ನೊಂದ್ ತಂಡದೋರೇ ಗೆದ್ಬಿಟ್ರು.",Sadness
"ಪ್ರಕೃತಿ ಮಧ್ಯೆ ಓಡೋ ಆನಂದಕ್ಕೋಸ್ಕರ, ನಾನು ಮತ್ತೆ ನನ್ ಸ್ನೇಹಿತ ತೊಂಬತ್ ಕಿಲೋಮೀಟರ್ ಅಲ್ಟ್ರಾ ಮ್ಯಾರಥಾನಲ್ಲಿ ಭಾಗವಹಿಸಿದ್ವಿ. ಆಹ್! ಎಂಥ ಅದ್ಭುತ್ವಾದ್ ಅನುಭವ ಆಗಿತ್ತದು!",Happiness
"ಫ್ರಿಜ್ಜಿಂದ ನೀರ್ ಸೋರ್ತಿರೋದ್ ನೋಡ್ದ್ರೆ ಯಾಕೋ ಆತಂಕ ಆಗ್ತಿದೆ, ಇದ್ರಿಂದ ಅಡ್ಗೆಮನೆ ನೆಲ ಅಥ್ವಾ ಫ್ರಿಜ್ಜೇ ಹಾಳಾಗ್ಬಿಡಲ್ಲ ತಾನೇ?!",Fear
"ಟಿಕೆಟ್ ಕೌಂಟರ್ ತುಂಬಾ ಕೊಳಕಾಗಿ ಗಬ್ಬು ನಾತ ಹೊಡೀತಿದೆ. ನಾನ್ಬೇರೆ ಚೆನ್ನೈಗೆ ಟಿಕೆಟ್ ಬುಕ್ ಮಾಡ್ಬೇಕು, ಹೇಗಪ್ಪಾ ಅಲ್ಲ್ ನಿಂತ್ಕೊಳೋದೀಗ?",Disgust
ನಾನ್ ಹೋಗ್ಬೇಕಾಗಿರೋ ಜಾಗಕ್ಕೆ ಆಗ್ಲಿಂದ ಒಂದೇ ಸಮ್ನೇ ತಪ್ತಪ್ಪಾಗೇ ದಾರಿ ತೋರಿಸ್ತಿದೀಯಲ ನೀನು! ನಿಂಗೇನಾದ್ರೂ  ಹುಚ್ಚ್ ಗಿಚ್ಚ್ ಹಿಡೀತಾ ಏನ್ಕಥೆ?,Anger
ಕೊರಿಯರ್ ಡೆಲಿವರ್ ಮಾಡುವ ನಮ್ಮ ಸಿಬ್ಬಂದಿ ಒಬ್ರು ನಿಮ್ಗೆ ಪತ್ರ ತಲುಪಿಸ್ಲಿಕ್ಕೆ ನಿಮ್ಮನೆಗೆ ಮೂರು ಬಾರಿ ಬಂದಿದ್ರೂ ನೀವಲ್ಲಿ ಇರ್ಲಿಲ್ಲ ಅಂತ ನಮ್ಮ ಟ್ರ್ಯಾಕಿಂಗ್ ವ್ಯವಸ್ಥೆಯಲ್ಲಿ ನೋಟ್ ಬರ್ದು ಹಾಕಿದ್ದಾರೆ.,Surprise
"ಒಂದ್ ಸಾವರ ಸದಸ್ಯರಿರೋ ಗುಂಪಿನ್ಮುಂದೆ ನಂಗ್ ಮಾತಾಡಿ ಅಂತ ಹೇಳ್ದಾಗ ವೇದಿಕೆ ಮೇಲ್ ಕಾಲಿಟ್ಟಿದ್ದೇ ತಡ ನನ್ ಕಾಲೆಲ್ಲ ನಡ್ಗಿ, ಬಾಯ್ ಪಸೆ ಒಣ್ಗ್ಹೋಯ್ತು.",Fear
ಆ ನಾಯಿಗಳು ಗುರ್ರ್ ಅಂತ ನನ್ನೇ ನೋಡ್ತಾ ಇವೆ. ನಾನ್ ಆ ಕಡೆ ನಡ್ಯೋಕ್ ಹೋದ್ರೆ ಅವು  ನಂಗ್ ಕಚ್ಚ್ಬಿಡ್ಬೋದು.,Fear
"ಧತ್, ನೀವ್ ಪುನಾ ಆ ವೇಳಾಪಟ್ಟಿ ಬಗ್ಗೆನೇ ಕೇಳ್ತಿದೀರಿ ಅಂದ್ರೆ ನಂಬಕ್ಕಾಗ್ತಿಲ್ಲ ನಂಗೆ! ಅದೆಷ್ಟ್ ಸಲ ಅದದ್ನೇ ಕೇಳ್ತೀರ್ರಿ?!",Disgust
ನಂಗೆ ಅದೆಷ್ಟ್ ಆನಂದ ಆಗೋಯ್ತು ಅಂದ್ರೆ ದಾರಿಉದ್ದಕ್ಕೂ ಕುಣ್ದಾಡ್ಕೊಂಡೇ ಬಂದೆ.. ಅದ್ರಲ್ಲೇ ಕಳ್ದ್ಹೋದ್ ಹಾಗಾಗಿತ್ತು.,Happiness
"ಇವತ್ ಒಬ್ ಕಸ್ಟಮರ್ಗ ಒಂದ್ ಸಾಮಾನ್ ಬೇಕಾಗಿತ್ತು ಭಾಳ ಮಂದಿ ಕೇಳ್ತಾರದಕ್ಕ ಮತ್ ಅದ್ ಯಲ್ಲಾಕಡೆ ಸಿಗಂಗೂ ಇಲ್ಲ, ನಾ ಅವ್ರಗಿ ಹುಡಕಿಕೊಟ್ಟಿದ್ದಕ್ಕ ಮನ್ಸಿಗಿ ಹಿಗ್ಗ್ ಆಗ್ಯಾದ.",Happiness
ಯಪ್ಪಾ ಒಂದ್ ಸಾವರ್ ಪೇಜಿನ್ ಒಂದ್ ಹಳೀ ಪುಸ್ತಗಾ ಓದಬೇಕಂತ ನೆನಸ್ಗೊಂಡ್ರೇ ನಂಗ್ ಹೊಟ್ಯಾಗ ಕಲಸದ್ಹಂಗ ಆಗ್ತದ.,Disgust
"ಚೆನ್ನೈಯಲ್ಲಿ ಯಾನ್ನಿ ಅವ್ರ ಸಂಗೀತ ಪ್ರಸ್ತುತಿ ನಂಗೆ ತುಂಬಾನೇ ಇಷ್ಟ ಆಯ್ತು. ಭಾರೀ ಉತ್ಸಾಹದಲ್ಲಿದ್ರು ಅವ್ರವತ್ತು, ನಾವು ಟಿಕೆಟ್ಟಿಗ್ ಕೊಟ್ಟಿದ್ ಪೂರ್ತಿ ಪೈಸಾ ವಸೂಲ್ ಆದ್ಹಾಗಿತ್ತು ಆ ಕಾರ್ಯಕ್ರಮ.",Happiness
ಈ ಏರ್ಪೋರ್ಟಲ್ಲಿ ನಾವಿಷ್ಟ್ ಹೊತ್ತ್ ಕಾಯ್ಬೇಕಿರುವಾಗ ಎಲ್ರಿಗೂ ಕೂರೋಕಾಗೋಷ್ಟು ಜಾಗದ್ ವ್ಯವಸ್ಥೆನೇ ಇಲ್ದಿರೋದು ತೀರಾ ದುರವಸ್ಥೆ... ಎಷ್ಟ್ ಇಕ್ಕಟ್ಟು.. ಛೇ.,Disgust
"ಎರ್ಡ್ ಬೆಡ್ ರೂಮಿರೋ ಅಪಾರ್ಟ್ಮೆಂಟೇ ಬೇಕೂಂತ ನಾನ್ ಅಷ್ಟ್ ಸ್ಪಷ್ಟವಾಗ್ ಹೇಳಿದ್ರೂ ನೀವ್ ಮಾತ್ರ ಒಂದ್ ರೂಮಿರೋವನ್ನೇ ತೋರ್ಸ್ತಾ ಇದೀರಲ! ನಿಮ್ಗೆ ನಂಗ್ ಬೇಕಾಗಿರೋ ಥರದ್ ಮನೆ ತೋರ್ಸಕ್ಕೆ ಮನ್ಸೇ ಇಲ್ಲ ಅನ್ಸತ್ತೆ, ನಾನ್ ಇಲ್ಲ್ ಇನ್ನೊಂದ್ ನಿಮ್ಷನೂ ಇರಲ್ಲ.",Anger
ಲೇಖಕ್ರ ಹೋರಾಟದ್ ಬಗ್ಗೆ ಹೇಳೋ ಪುಸ್ತಕದ್ ಈ ಅಧ್ಯಾಯ ಎಷ್ಟ್ ಭಾವನಾತ್ಮಕ್ವಾಗಿದೆ ಅಂದ್ರೆ ನಂಗ್ ಅಳುನೇ ಬಂದ್ಬಿಡ್ತು.,Sadness
ವಾಹ್! ಈ ಕ್ಯಾಮರಾ ಅದೆಷ್ಟ್ ಫಳಫಳ ಅನ್ನೋ ಹಾಗೆ ಬಣ್ಣಗಳ್ನ ಸೆರೆಹಿಡ್ಯತ್ತೆ ಗೊತ್ತಾ?!,Surprise
ಅಯ್ಯೋ! ತೆರಿಗೆ ಫೈಲ್ ಮಾಡೋ ದಿನ ಇನ್ನೇನ್ ಹತ್ರ ಬರ್ತಿದೆ ಅಂತ ನೆನಪ್ಸೋಕ್ ಫೋನ್ ಮಾಡಿದ್ರು ಅವ್ರ್ ನಮ್ಗೆ.,Sadness
"ಈ ಸಲನೂ ಮತ್ತೆ ಈ ಕೀಟಗಳ್ ಸಮಸ್ಯೆನ್ ನಿಭಾಯ್ಸ್ಬೇಕಲ್ಲ ಅನ್ನೋ ಯೋಚ್ನೆಗೇ ತಲೆಬಿಸಿ ಆಗ್ತಿದೆ ನಂಗೆ. ಹಿಂದೊಂದ್ಸಲ ಮಿಡತೆಗಳು ನಮ್ ಫಸಲನ್ನೆಲ್ಲ ಹಾಳ್ಮಾಡಿ ನಾವೆಲ್ಲ ಎಷ್ಟ್ ಕಷ್ಟ ಅನ್ಭವಿಸಿದ್ವು, ಎಷ್ಟೆಲ್ಲ ನಷ್ಟ ಆಗಿತ್ತು ಅಂತ ನೆನ್ಪಿದೆ ತಾನೇ?",Fear
"ಒಲಿಂಪಿಕ್ ಫೈನಲ್ಸ್ಲಿ ಅವ್ಳ ಮೊದಲ್ನೇ ಡೈವ್ಗೆ ತಯಾರಾಗ್ವಾಗ ಮಿಯಾಳ ದೇಹ ಪೂರ್ತಿ ಸೆಟೆದ್ಕೊಂಡ್ಬಿಡ್ತು, ಅಲ್ಲಾಡಕ್ಕೇ ಆಗ್ಲಿಲ್ಲ ಅವ್ಳಿಗೆ!",Fear
"ನೀವ್ ಕೆಟ್ದಾಗ್ ಮಾಡಿರೋ ಕೆಲ್ಸನ ಸರಿಮಾಡ್ಬೇಕು ಅಂದ್ರೆ ನನ್ ಕಾರ್ನ ನಿಮ್ ಸರ್ವಿಸ್ ಸೆಂಟರಿಂದ ತಗೊಂಡ್ಹೊರ್ಟೋಗ್ತೀನಿ ಅಂತ ಧಮಕಿ ಹಾಕ್ಬೇಕಾ ನಾನು? ಛೇ, ಅದ್ನ ಸರಿ ಮಾಡ್ಕೊಡ್ತೀವಿ ಅಂತ ನೀವಾಗೇ ಹೇಳೋಷ್ಟೂ ಜವಾಬ್ದಾರಿ ಇಲ್ವಲ ನಿಮ್ಗೆ!",Disgust
"ಸಾವರದ್ ಒಂಬೈನೂರ ಎಂಬತ್ಮೂರರಲ್ಲಿ, ವೆಸ್ಟ್ ಇಂಡೀಸ್ ವಿರುದ್ಧ ಭಾರತದ್ ಕ್ರಿಕೆಟ್ ತಂಡ ಗೆಲ್ಬಹುದು ಅಂತ ಯಾರೊಬ್ರೂ ಎಣ್ಸಿರ್ಲಿಲ್ಲ!",Surprise
"ನಾ ಮತ್ ನನ್ ದೋಸ್ತ ತಿಂಗ್ಳಿಗೊಮ್ಮಿ ಭೆಟ್ಯಾಗಿ ಇಲ್ಲಿಂದ್ ಒಂದ್ ಹೋಟಲ್ನ್ಯಾಗ ನಾಷ್ಟಾ ಮಾಡ್ತೀವಿ, ಇದ್ ನಂಗ ಭಾಳ ಸೇರ್ತದ.",Happiness
ನಾನಿರೋ ಒಂದ್ ವಾಟ್ಸಾಪ್ ಗ್ರೂಪ್ನ ನಿರ್ವಹಿಸ್ತಾ ಇರೋರು ಗ್ರೂಪಲ್ಯಾರೋ ಭಾರತೀಯ್ರ ಬಗ್ಗೆ ಆಕ್ಷೇಪಾರ್ಹವಾಗ್ ಮಾತಾಡಿದ್ರೂ ಸುಮ್ನಿರೋದ್ನೋಡಿ ನಂಗ್ ಕೋಪ ಹೊತ್ತುರಿತಿದೆ.,Anger
"ಅದ್ಭುತ್ವಾಗಿದೆ ಇದು! ಎಷ್ಟೋ ಕಾಲ ನೆನ್ಪಲ್ ಉಳ್ಯೋಷ್ಟು ಅಂದ್ವಾಗಿ, ರುಚ್ಯಾಗಿರೋ ಕಸ್ಟಮ್ ಕೇಕ್ಗಳ್ನ ಮಾಡೋದ್ರಲ್ಲಿ ಅವ್ರಿಗೆ ಯಾರೂ ಸಾಟಿ ಇಲ್ಲ ಅನ್ಸತ್ತೆ!",Surprise
"ಸಿನ್ಮಾಕ್ಕೆ ಆಡಿಷನ್ ಆದ್ಮೇಲೆ ಕಾಸ್ಟಿಂಗ್ ನಿರ್ದೇಶಕ್ರು ನಂಗ್ ಥಮ್ಸಪ್ ಮಾಡಿ, ಮೆಚ್ಕೊಂಡು ಮುಗುಳ್ನಕ್ದಾಗ ನಂಗ್ ಸ್ವರ್ಗಕ್ ಮೂರೇ ಗೇಣು ಅನ್ಸ್ಬಿಡ್ತು.",Happiness
"ನೋಡ್ಕೊಂಡ್ ಗಾಡಿ ಓಡ್ಸಿ ಅಂತ ನಾನ್ ಅವ್ರಿಗ್ ಪದೇ ಪದೇ ಹೇಳ್ತಾನೇ ಇದೀನಿ, ಆದ್ರೆ ಅವ್ರ್ ನನ್ಮಾತ್ನ ಕಿವಿಗೇ ಹಾಕೋತಿಲ್ಲ, ನಂಗ್ ಕೋಪ ಕುದೀತಾ ಇದೆ.",Anger
ಪಿಎಚ್.ಡಿ. ಮಾಡಕ್ ನಂಗ್ ಸೀಟ್ ಸಿಕ್ಕಿರೋದ್ ಗೊತ್ತಾದ್ಮೇಲೆ ನನ್ ಕಾಲು ಭೂಮಿ ಮೇಲೇ ಇಲ್ಲ.,Happiness
ಆ ಗುಡ್ಡದ್ ಮ್ಯಾಲ್ ಆಕ್ಸಿಡೆಂಟ್ ಆಗಿದ್ ಜಾಗದ್ ಮ್ಯಾಲ್ ಹೋಗಮುಂದ ಆ ಮಂದಿ ಸಲ್ವಾಗಿ ಜೀವ ಮರಮರ ಅನ್ತು.,Sadness
"ಇಲ್ಲಿರೋ ಕೆಲ ಟ್ಯಾಕ್ಸಿ ಡ್ರೈವರ್ಸು ನಾವ್ ಇಳ್ಯೋ ಜಾಗಕ್ ಹೋದ್ಮೇಲೆ ಜಾಸ್ತಿ ದುಡ್ಡ್ ಕೇಳ್ತಾರೆ, ಎಂಥಾ ಜನನಪ್ಪಾ ಇವ್ರು.. ಛೇ!",Disgust
ಐದ್ ವರ್ಷ ಹಿಂದಿಂದ್ ಯಾವ್ದೋ ಅವಧಿಗೆ ನಾನ್ ಈಗ ಹೆಚ್ಚಿನ್ ಆದಾಯ ತೆರಿಗೆ ಕಟ್ಬೇಕು ಅಂತ ಪತ್ರ ಬಂದಾಗ ನಂಗ್ ತುಂಬಾ ಆತಂಕ ಆಗೋಯ್ತು.,Fear
"ನಸಿಕ್ನ್ಯಾಗ್ ನಾಕೂವರಿಗ್ ಎದ್ರ ವಾತಾವರಣ ಎಷ್ಟ ಶಾಂತಿರ್ತದ, ಅದ್ರ್ಲಿಂದ ನಂಗ್ ಇಡೀ ದಿವ್ಸ ಹಿತಾ ಅನಸ್ತದ.",Happiness
"ನಾನ್ ನೆನ್ನೆ ರಾತ್ರಿ ಗೊತ್ತಾಗ್ದೇ ಹಾಸ್ಟೆಲ್ ಮೆಸ್ಸಲ್ಲಿ ನಲ್ಲಿ ಮುರ್ದ್ಬಿಟ್ಟೆ, ಅವ್ರ್ ನಂಗೆ ಬೈತಾರೆ ಅಂತ ತುಂಬಾ ಹೆದ್ರಿಕೆ ಆಗ್ತಿದೆ.",Fear
ನಾ ಏನೇನ್ ಮಾಡ್ಬೇಕ್ ಅನ್ಕೊಂಡಿನೊ ಅವೆಲ್ಲಾ ನನ್ ಕೈಯಾಗ್ ಸಾಧಸ್ಲಿಕ್ಕಿ ಆಗ್ತದೊ ಇಲ್ಲೊ.,Fear
ನನ್ ಹೊಸ ಮನೆಲಿ ಎಲೆಕ್ಟ್ರಿಕಲ್ ಫಿಟ್ಟಿಂಗ್ಸ್ಗೆ ಅಂಗ್ಡಿಯೋನು ಕಡ್ಮೆ ಗುಣಮಟ್ಟದ್ ತಂತಿ ಬಳ್ಸಕ್ ನೋಡ್ದಾಂತ ನಂಗ್ ಅವ್ನ್ ಬಗ್ಗೆ ರೇಜಿಗೆ ಆಗೋಗಿದೆ.,Disgust
"ಫ್ರಿಜ್ ಥಣ್ಣಗೇ ಇಲ್ಲಾ ಹಿಂಗಾಗಿ ತಿನ್ನ ಪದಾರ್ಥ್ ಯೆಲ್ಲಾ ಕೆಟ್ಹೋದ್ವು, ನಂಗ್ ಭಾಳ ಬ್ಯಾಸರಾಗ್ಲಿಗತ್ತದ.",Sadness
"ಆ ಅಂಗ್ಡಿಲಿ ತರ್ಕಾರಿಗಳು ಚೂರೂ ಚೆನಾಗಿರ್ಲಿಲ್ಲ, ಎಲ್ಲ ಬಲ್ತು ಬೆಂಡಾಗ್ಬಿಟಿದ್ವು.",Sadness
"ಅವ್ನಿಗೆ ಮ್ಯಾನರ್ಸ್ ಇಲ್ಲ. ಎಷ್ಟ್ ಜೋರಾಗ್ ತೇಗಿದ ಗೊತ್ತಾ, ನಾನವ್ನ್ ಪಕ್ದಲ್ಲೇ ನಿಂತಿದ್ದೆ ಆಗ.",Disgust
ನಾನೊಂದ್ ಕಾಡೊಳಗ್ ಹೋಗಿದ್ದಾಗ ಅದ್ರೊಳಗೆಲ್ಲಿಂದ್ಲೋ ಒಂದು ನಿಗೂಢ್ವಾದ್ ಕೂಗ್ ಕೇಳಿ ಗಡಗಡ ನಡ್ಕ ಹತ್ಬಿಡ್ತು.. ಕಾಲ್ಎತ್ತಿಡಕ್ಕೇ ಆಗ್ಲಿಲ್ಲ ಮುಂದುಕ್ಕೆ.,Fear
ನೀವ್ ದುರಾಸೆ ಪಡ್ದಿದ್ರೆ ಮತ್ತೆ ನಿಮ್ಗ್ ಒಂದ್ರಾಶಿ ದುಡ್ಡ್ ಕೊಡ್ತೀವಿ ಅಂತೆಲ್ಲ ಹೇಳೋ ಬೇಡ್ದಿರೋ ಆನ್ಲೈನ್ ಲಿಂಕ್ಗಳ್ನೆಲ್ಲ ಕ್ಲಿಕ್ ಮಾಡ್ದಿದ್ರೆ ಸುಖವಾಗ್ ಇರ್ಬೋದು. ಅದ್ಬಿಟ್ಟು ಎಲ್ಲ ದೋಚ್ಕೊಂಡ್ ಹೋದ್ಮೇಲ್ ಗೋಳಾಡುದ್ರೆ ಏನ್ ಪ್ರಯೋಜ್ನ?,Disgust
"ನನ್ ಮಗ ಇಂಜೆಕ್ಷನ್ನಿಗ್ ಹೆದ್ರುಕೊಂಡು ಸುತ್ಲೂ ತನ್ ಕೈ ವದ್ರೋಕ್ ಶುರುಮಾಡ್ಬಿಟ್ಟ, ನಾನ್ ಅವ್ನನ್ನ ಎತ್ಕೊಂಡಿದ್ರೂ ಹೀಗಾಡ್ಕೊಂಡು ಎಲ್ಲ್ ನನ್ ಕೈ ಜಾರ್ ಬಿದ್ಬಿಡ್ತಾನೋ ಅಂತ ಗಾಬ್ರಿ ಆಗೋಗಿತ್ತು.",Fear
ಊರಲ್ಲಿರೋ ಈ ಪಾರ್ಕ್ಗಳು ನಗರ ಜೀವ್ನದ ಜಂಜಾಟ್ದಿಂದ ಹೊರಗ್ಬಂದು ಹಾಯಾಗ್ ಸಮಯ ಕಳ್ಯಕ್ಕೆ ಸಹಾಯ ಮಾಡತ್ವೆ.,Happiness
"ಫಿಲಡೆಲ್ಫಿಯಾ ರೈಲು ನಿಲ್ದಾಣದ್  ಹತ್ರ  ಹೋಗೋವಾಗ್  ನಾವ್ ತುಂಬಾ ಜಾಗೃತೆಯಿಂದ್ ಇರ್ಬೇಕು, ಅಲ್ಲಿ ಕಳ್ರು  ಇದ್ದಾರೆ ಅವ್ರು ಹಾಗ್ ಮಾಡ್ತಾರೆ ಹೀಗ್ ಮಾಡ್ತಾರೆ ಅಂತ ಕೇಳಿದ್ದೆ.",Fear
"ಹೆಚ್ಚಿನ್ ನಿರೀಕ್ಷೆಗಳ್ನಿಟ್ಕೊಳೋದ್ ಇದ್ದೇ ಇರತ್ತೆ, ಅದ್ ಹಾಗಿರ್ಲಿ, ಆದ್ರೆ ಪ್ರೋತ್ಸಾಹ ಕೊಡೋದು ಮತ್ತೆ ತುಂಬಾ ಒತ್ತಡ ಹಾಕೋದ್ರು ಮಧ್ಯೆ ತುಂಬಾ ತೆಳುವಾದ್ ಒಂದ್ ಗೆರೆ ಇರತ್ತೆ, ಅದುನ್ ಮೀರ್ಬಾರ್ದು!",Anger
"ನಾನ್ ನೋಡ್ದ್ ಹಾಗೆ ಈಗ್ ಸ್ವಲ್ಪ ದಿನದಿಂದ ನೀನ್ ತುಂಬಾನೇ ಕಷ್ಟಪಟ್ಟು ಓದ್ಕೊತಾ ಇದ್ದೆ ಅಲ್ವಾ, ಅಂಥಾದ್ರಲ್ಲಿ ಪರೀಕ್ಷೆ ಬರ್ಯುವಾಗ ಏನಾಯ್ತ್ ನಿಂಗೆ?!",Surprise
"ಹೊಸ ಮಾಡ್ಯುಲರ್ ಕಿಚನ್ ಅಲ್ಲಿ ಎಲ್ಲ ತುಂಬಾ ಚೆನ್ನಾಗಿರತ್ತೆ, ಫಳಫಳ ಅಂತ ಹೊಳಿತಿರತ್ತೆ ಅಂತ ಭಾರೀ ಆಸೆ ಇಟ್ಕೊಂಡಿದ್ದೆ ನಾನು, ಆದ್ರೆ ನನ್ ಗ್ರಾಚಾರನೇ ಸರಿಯಿಲ್ಲ, ಕೌಂಟರ್ ಟಾಪ್ ಮೇಲೆ ಎದ್ದ್ಕಾಣೋ ಥರ ಇಷ್ಟಿಷ್ಟ್ ದೊಡ್ಡ್ ಗೀರ್ಗಳಾಗ್ಬಿಟಿವೆ.",Sadness
ಭಾಳ ಬ್ಯಾಸ್ರಾತು ಬಿಡ.. ಯು.ಎಸ್. ಏರ್ಪೊರ್ಟ್ ಸೆಕ್ಯುರಿಟಿಯವ್ರ್ ನಮ್ಗ ಮತ್ತ ವಟ್ಟ್ ಏಷ್ಯಾದವ್ರ್ ಹೋದಾಗೆಲ್ಲಾ ಚೆಕ್ಕಿಂಗ್ ಅಂತ ನಿಂದ್ರಸ್ಕೊತಿದ್ರು.,Disgust
"ನನ್ ಹಿಂದೆ ಸರತಿ ಸಾಲಲ್ ನಿಂತಿದ್ ವ್ಯಕ್ತಿ ತುಂಬಾನೇ ಬೆವರ್ತಿದ್ದ, ಗಬ್ಬು ವಾಸ್ನೆ ಬರ್ತಿತ್ತು ಅವ್ನ್ ಹತ್ರ.",Disgust
"ಫೈನಾನ್ಸಿಯಲ್ ಇಯರ್ ಎಂಡ್ ಆಗ್ತಾ ಇದ್ ಹಾಗೆ, ನಾವ್ ಎದುರಿಸಿದ ಆರ್ಥಿಕ ಸವಾಲುಗಳ  ಭಾರವು ತೆರಿಗೆ ಸಿದ್ಧತೆನ್  ನಿಭಾಯಿಸೊ  ನನ್ ಪ್ರೇರಣೆಯ ಮೇಲೆ ಪರಿಣಾಮ ಬೀರ್ತಾ ಇದೆ.",Sadness
ನಮ್ ಮುಂಚೂಣಿ ಕೆಲ್ಸಗಾರ್ರನ್ನ ಬದ್ಲಾಯ್ಸಿದ್ಮೇಲೆ ಕಸ್ಟಮರ್ಸ್ಗೆ ತೃಪ್ತಿಯಾಗೋ ಥರ ಕೆಲ್ಸ ಮಾಡೋರಿಲ್ದೇ ನಮ್ ರೇಟಿಂಗ್ಸೆಲ್ಲ ಕುಸ್ದ್ಹೋಗಿವೆ.,Sadness
ಈ ಹೂವು ತುಂಬಾ ಕೆಟ್ದಾಗ್ ಕಾಣ್ತಿದೆ. ಯಾರ್ತಾನೇ ಕೊಂಡ್ಕೊತಾರೆ ಇದ್ನ?,Disgust
ನಿಮ್ ಮಗನ್ನ ಮುಂದಿನ್ ತರಗತಿಗ್ ಕಳಿಸ್ತಾರೆ ಅನ್ಸ್ತಿಲ್ಲ ನಂಗೆ. ಅವ್ನು ಯಾವ್ದೇ ಪರೀಕ್ಷೆಲೂ  ಒಳ್ಳೆ ಅಂಕ ಪಡ್ಕೊಂಡಿಲ್ಲ.,Sadness
"ನೀವು ಪದಾರ್ಥಗಳ್ ಬೆಲೆಗಳ್ನ ಆಗಾಗ್ಗೆ ನೋಡಿ ತಿಳ್ಕೊಳೋಂಥವ್ರಾಗಿ, ಅವ್ಗಳ್ ಬೆಲೆಲಿ ವ್ಯತ್ಯಾಸ ಮಾಡಿರೋ ಬಗ್ಗೆ ನಾವ್ ಈ ತಿಂಗ್ಳ ಮೊದ್ಲಲ್ಲೇ ನಿಮ್ಗ್ ಕಳ್ಸಿದ್ ಪಟ್ಟಿನ ನೀವ್ ಓದೇ ಇಲ್ಲ ಅಂದ್ರೆ ನಂಗ್ ಆಶ್ಚರ್ಯ ಆಗ್ತಿದೆ.",Surprise
ನಾನ್ ಅನುಭವಿಸ್ತಿರೋ ಈ ನೋವಿನ್ ಬಗ್ಗೆನೇ ತುಂಬಾ ಚಿಂತೆ ಆಗೋಗಿದೆ ನಂಗೆ. ಗಂಭೀರ್ವಾದ್ದೇನಾದ್ರೂ ಆಗಿದ್ಯೋ ಏನ್ಕಥೆನೋ!,Fear
"ಇವತ್ತೇನೋ ನನ್ ಅದೃಷ್ಟ ಚೆನಾಗಿದೆ, ಅಂತೂ ""ಆದಿಪುರುಷ್"" ಸಿನ್ಮಾ ಟಿಕೆಟ್ ಸಿಕ್ಬಿಡ್ತು. ನೀನ್ ನೋಡಿದ್ಯಾ ಅದ್ನ?",Happiness
"ನಾನ್ ಹಳ್ಳಿಲ್ ನಡ್ಕೊಂಡ್ ಹೋಗ್ತಿದ್ದಾಗ, ಎಷ್ಟೋ ಜನಕ್ಕೆ ಈ ವಿಶಾಲ್ವಾದ್ ಜಗತ್ತನ್ನ ನೋಡಕ್ಕೆ, ಅನ್ಭವ್ಸೋಕೆ ಸಾಧ್ಯನೇ ಆಗಲ್ವಲ್ಲ ಅನ್ಸಿ ಮನ್ಸೆಲ್ಲ ಭಾರ ಆಯ್ತು.",Sadness
ಆಟೋಲಿ  ಮೀಟರ್ ಫ್ಯಾನ್ ತರ  ಓಡ್ತಾ ಇರೋದನ್ ನೋಡಿ . ನಾನು ನನ್ ಪರ್ಸ್ಲಿ ಹಣ ಇದ್ಯಾ  ಅಂತ ಬಯದಿಂದ್ ನೋಡ್ಕೊಂಡೆ.,Sadness
"ಈ ಆನ್ಲೈನ್ ರೀಟೇಲ್ ಡ್ರೈವರ್ಗಳ್ ಕೈಯಾಗ ನಂಗ್ ಮೆಟ್ಟಂಗಾಲಿನ್ ಮ್ಯಾಲ್ ಇದ್ದಂಗ ಆಗ್ತದ, ಅವ್ರದು ಕೆಟ್ಟ್ ಗಡಬಡ.",Fear
"ಗೇಣುದ್ದ ಹೊಟ್ಟೆಗೋಸ್ಕರ ಎಷ್ಟೆಲ್ಲ ಪಡಿಪಾಟ್ಲು ಪಡ್ಬೇಕಪ್ಪ, ಮೂರ್ಕಾಸ್ ದುಡೀಬೇಕೂಂದ್ರೆ ನೂರ್ ಕೆಲ್ಸ ಮಾಡ್ಬೇಕು.",Sadness
"ನಾವು ಪ್ರವಾಸ ಹೋಗಿದ್ದಾಗ ದಾರಿಲಿ ಕಸದ್ ರಾಶಿ ನೋಡಿ ತಕ್ಷಣ ಮುಗು ಬಾಯಿ ಮುಚ್ಕೊಂಡು ಪಕ್ಕದ್ ದಾರಿಗ್ ತಿರುಗ್ಬಿಟ್ವಿ, ಎಷ್ಟ್ ಗಬ್ಬು ವಾಸ್ನೆನಪ, ವಾಂತಿ ಬರೋದೊಂದ್ ಬಾಕಿ.",Disgust
ಅಗತ್ಯನೇ ಇಲ್ದಿರೋ ಕವರೇಜ್ಗೋಸ್ಕರ ವಿಮಾ ಕಂಪ್ನಿಗಳು ಕಟ್ಟುಸ್ಕೊತಾ ಇರೋ ಹಣದ್ ಪ್ರಮಾಣ ನೋಡಿ ನಂಗ್ ತಲೆ ಧಿಮ್ ಅಂತಿದೆ.,Surprise
"ಫಿಟ್ನೆಸ್ಸಲ್ಲಿ ನಿಮ್ಗೇನ್ ಬೇಕು ಅನ್ನೋದ್ರ್ ಬಗ್ಗೆ ಫಿಟ್ನೆಸ್ ಟ್ರೇನರ್ ಹತ್ರ ನೀವಿನ್ನೂ ಮಾತೇ ಆಡಿಲ್ಲ, ಆಗ್ಲೇ ಇಷ್ಟೊಂದ್ ಹೆದ್ರುಕೊತಾ ಇದೀರಲ! ಇದ್ನೇನ್ ಜೈಲ್ ಅನ್ಕೊಂಡಿದೀರ ಹೇಗೆ?!",Anger
ಅಮೆರಿಕ ಸರ್ಕಾರ ವಿದ್ಯಾರ್ಥಿಗಳ್ ಮೇಲಿನ ಶಿಕ್ಷಣ ಸಾಲದ್ ಹೊರೆನ ಕಡ್ಮೆ ಮಾಡೋಕಂತ ಕ್ರಮ ಕೈಗೊಂಡಾಗ ನನ್ ಆನಂದಕ್ಕೆ ಪಾರವೇ ಇರ್ಲಿಲ್ಲ.,Happiness
ಗ್ಯಾಸ್ ಕನೆಕ್ಷನ್ನ ಹೊಸ ವಿಳಾಸಕ್ ವರ್ಗಾಯ್ಸೋಕೆ ಏನೇನ್ ಮಾಡ್ಬೇಕು ಅಂತ ಮೊದ್ಲೇ ಫೋನ್ ಮಾಡ್ ವಿಚಾರ್ಸ್ಕೊಳ್ದೇ ನೀವ್ಯಾಕ್ ಗ್ಯಾಸ್ ಏಜೆನ್ಸಿಗ್ ಬಂದ್ರಿ?!,Anger
"ಈ ಬಾಲ್ಸಾಮಿಕ್ ವಿನೆಗ್ರೇಟಲ್ಲಿರೋ ಹುಳಿ ಅಂಶ ಸಲಾಡ್ಗೆ ಒಳ್ಳೆ ರುಚಿ ಕೊಡತ್ತೆ, ಅದ್ನ ಹಾಕಿದ್ರೆ ನಂಗಂತೂ ಎಷ್ಟ್ ತಿಂದ್ರೂ ಇನ್ನೂ ಬೇಕು ಅನ್ಸತ್ತೆ.",Happiness
ಇದಕ್ ಸ್ವಚ್ಛ್ ಮಾಡದ್ರಾಗ ನಂಗ ಸಾಕ್ ಸಾಕಾಗ್ಹೋಗಿತ್ತ. ಅಂತೂಇಂತೂ ಈ  ಐಸ್ ಜಮಾಆಗದು ಮತ್ತ ನೀರ್ ಸೋರದಕ್ಕ ರಿಪೇರಿ ಮಾಡ್ಭೌದು ಅಂತ ಗೊತ್ತಾಗಿ ನಂಗ್ ಸಮಾಧಾನ ಆಗ್ಯದ.,Happiness
ಈ ಆಗ್ಮೆಂಟೆಡ್ ರಿಯಾಲಿಟಿ ಆಪ್ ಅಂತೂ ಎಷ್ಟ್ ಅದ್ಭುತ್ವಾಗಿದೆ ಗೊತ್ತಾ? ಯಾವ್ದೋ ಬೇರೆನೇ ಲೋಕಕ್ ಹೋದಂಗಿರುತ್ತೆ.,Surprise
"ನಮ್ ಕುಟುಂಬಕ್ಕೆ ದೇವಸ್ಥಾನದ್ ಹತ್ರನೇ  ಪಾರ್ಕಿಂಗ್ ಸಿಗುತ್ತೆ ಅಂತ ನಾನ್ ಅನ್ಕೊಂಡೆ ಇರ್ಲಿಲ್ಲ, ಆದ್ರೆ ನಮ್ಗ್ ತುಂಬಾನೇ ಸುಲಭ್ವಾಗ್ ಜಾಗ ಸಿಕ್ಬಿಡ್ತು.",Surprise
ನನ್ ಕೆಲ್ಸನ್ ಸಮಯಕ್ ಸರ್ಯಾಗ್ ಮುಗ್ಸಕ್ ಆಗ್ದಿದ್ರೆ ನಂಗ್ ಬೇಜಾರಾಗೋಗತ್ತೆ.,Sadness
ಕಗ್ಗತ್ಲಲ್ಲಿ ಆ ಖಾಲಿ ಸ್ಟೋರ್ ರೂಂ ಒಳ್ಗೆ ಯಾರೋ ಉಸಿರಾಡ್ತಿರೋ ಶಬ್ದ ಕೇಳಿ ನನ್ ಮೈಮೇಲಿರೋ ಕೂದ್ಲೆಲ್ಲ ನೆಟ್ಗಾಗ್ ಬಿಟ್ವು.,Fear
ಚೆನ್ನೈಯಲ್ಲಾದ್ ಕಾನ್ಸರ್ಟಲ್ಲಿ ಯಾನ್ನಿ ಎರಡ್ ಕೀಬೋರ್ಡ್ಗಳ್ನ ಒಟ್ಗೆ ನುಡಿಸ್ತಿದ್ದಿದ್ ನೋಡಿ ನಂಗಂತೂ ದಿಗ್ಭ್ರಮೆ ಆಗೋಯ್ತು.,Surprise
"ನೀನ್ ನಡ್ಕೋತಿರೋ ರೀತಿ ನಂಗೊಂಚೂರೂ ಹಿಡಿಸ್ತಿಲ್ಲ, ನಂಗೆಷ್ಟ್ ಕೋಪ ಬಂದಿದೆ ಅಂದ್ರೆ ಇನ್ಯಾವತ್ತೂ ನಿನ್ಮುಖ ನೋಡಕ್ಕೂ ನಂಗಿಷ್ಟ ಇಲ್ಲ!",Anger
"ನಂಗ್ ಉಳ್ಕೊಳಕ್ಕೊಂದ್ ಒಳ್ಳೆ ಹೋಟಲ್ ಸಿಕ್ಕಿದೆ, ನಾನ್ ಹೋಗ್ಬೇಕನ್ಕೊಂಡಿರೋ ಜಾಗಗಳೆಲ್ಲ ಅಲ್ಲಿಗ್ ತುಂಬಾನೇ ಹತ್ರ ಇವೆ, ಒಳ್ಳೆ ರೇಟಿಂಗ್ಸೂ ಇದೆ ಅದ್ಕೆ.",Happiness
ಆ ಕೊರಿಯರ್ ಕಂಪನಿ ಅಂದ್ರೆ ನಂಗೊಂಚೂರೂ ಆಗಲ್ಲ. ನಾನ್ ಮೊದ್ಲೇ ದುಡ್ಡ್ ಕೊಟ್ಟಾಗಿದ್ರೂ ಈಗ ಅದವ್ರಿಗ್ ಬಂದೇ ಇಲ್ಲ ಅಂತ ವಾದ ಮಾಡ್ತಿದಾರೆ!,Anger
ನಾವ್ ಡೆಲ್ಲಿಲಿ ಸರೋಜಿನಿ ಮಾರ್ಕೆಟ್ಟಲ್ಲಿದ್ದಾಗ ನನ್ ಮಗ ತಪ್ಪಿಸ್ಕೊಂಡು ನಂಗ್ ಜೀವ ಬಾಯಿಗ್ ಬಂದಿತ್ತು.,Fear
ಅಮೆಜಾ಼ನ್ ಅವ್ರು ಆನ್ಲೈನ್ ಆರ್ಡರ್ನ ಅದೆಷ್ಟ್ ಬೇಗ ಪ್ರಾಸೆಸ್ ಮಾಡ್ತಾರೆ ಅನ್ನೋದ್ ನೋಡಿ ನಂಗ್ ಆಶ್ಚರ್ಯ ಆಯ್ತು.,Surprise
ಯಾವಾಗ್ಲೂ ಗೆದ್ದೇ ತೀರ್ಬೇಕು ಅನ್ನೋ ನಿಮ್ ಗೀಳು ಈ ಕಲಾ ಪ್ರಕಾರಗಳ್ ನಿಜ್ವಾದ್ ಸತ್ತ್ವವನ್ನೇ ಮರೆಮಾಡ್ಬಿಡ್ತಾ ಇದೆ.,Disgust
"ಆ ಎಂಪ್ಲಾಯಿ ಬಲ್ಲಿ ಎಷ್ಟ್ ವಿಶ್ವಾಸದ.. ಮತ್ ಅವ್ರ್ ನಡವಳ್ಕಿನ್ಯಾಗ ಒಂದ್ ಒಪ್ಪ ಮರ್ಯಾದಿಯದ, ಅದ್ ನೋಡ್ಲಿಕ್ಕಿ ಭಾಳ ಖುಷಿಯಾಯ್ತು.",Happiness
ತಿರುಚಿಲಿ ಇಡೀ ದಿನ ಬಿರುಬಿಸ್ಲಿದ್ದಿದ್ದು ಕೊನೆಲಿ ಸಂಜೆ ಒಳ್ಳೆ ಮಳೆ ಬಂದಾಗ ನಂಗ್ ಸಿಕ್ಕಾಪಟ್ಟೆ ಖುಷಿ ಆಗೋಯ್ತು.,Happiness
ಆ ಹುಡ್ಗನ್ನ ಅವ್ನ್ ಸ್ನೇಹಿತ್ರೆಲ್ಲ ಮೂಲೆಗುಂಪ್ ಮಾಡ್ಬಿಟ್ಟು ಪಾರ್ಟಿ ನಡ್ಯುವಾಗ ಪಾಪ ಅವ್ನೊಬ್ನೇ ಅಲ್ಲೆಲ್ಲೋ ಹ್ಯಾಪ್ ಮೋರೆ ಹಾಕ್ಕೊಂಡ್ ಕೂತಿದ್ದ.,Sadness
"ನನ್ ತಂಡದೋರು ಗೆಲ್ಲೋ ಗೋಲ್ ಹೊಡ್ದಾಗ ಸಂತೋಷ ತಡ್ಕೊಳಕ್ಕಾಗ್ಲಿಲ್ಲ ನಂಗೆ, ಖುಷಿಯಿಂದ ಕುಣ್ದಾಡ್ಬಿಟ್ಟೆ.",Happiness
"ನಂಗೆ ಟಿ.ವಿ. ರಿಪೇರಿ ಮಾಡ್ತಿದ್ದೋನ್ನ ನೋಡ್ಕೊಂಡ್ ನಿಂತಿರೋಕಾಗ್ಲಿಲ್ಲಪ್ಪ ಅಲ್ಲಿ, ಅವ್ನ್ ಪಿಂಕ್ ಷರ್ಟ್ ಪೂರ್ತಿ ಮಣ್ಣಿನ್ ಕಲೆಗಳಿದ್ವು.",Disgust
ಎಲ್ಲಾ ಕಡೆನೂ ಎ.ಐ.ನೇ ಬರ್ತಾ ಹೋದ್ರೆ ಎಷ್ಟೆಲ್ಲ ಜನ ಕೆಲ್ಸ ಕಳ್ಕೊಬಹುದು ಅಂತ ಯೋಚ್ಸಿ ಬೇಜಾರಾಗತ್ತೆ ನಂಗೆ.,Sadness
ಮನೇಲಿ ಕೆಲ್ವು ಜವಾಬ್ದಾರಿಗಳ್ನ ನಿಭಾಯ್ಸೋಕೆ ಸಾಲ ತಗೊಳ್ಬೇಕಾಗ್ ಬಂದಾಗ ಮನ್ಸಿಗ್ ಒಂಥರ ಹಿಂಸೆ ಆಗ್ಬಿಡ್ತು.,Sadness
"ಕ್ಷಮ್ಸಿ, ಆದ್ರೆ ಆ ಸಮಾರಂಭಕ್ಕೆ ನಿಮ್ ಕೇಕ್ ಆರ್ಡರ್ನ ಮಾಡ್ಕೊಡಕ್ಕೆ ನನ್ಕೈಲಾಗಲ್ವೇನೋ ಅಂತ ಭಯ ನಂಗೆ.",Fear
ನಾನೆಲ್ಲೆಲ್ಲಿಗೋ ಹೋಗ್ಬೇಕು ಅಂತ ಯೋಜ್ನೆ ಹಾಕೊಂಡಾಗ್ಲೇ ಈ ಕಾರ್ ಕೈಕೊಡೋದು ಆಸೆಗೆಲ್ಲ ತಣ್ಣೀರ್ ಎರೆಚ್ದಂಗಾಗೋಗತ್ತೆ.,Sadness
"ಯಾವಾಗ್ಲೂ ನಿಮ್ಮನ್ ನೀವ್ ಸಮರ್ಥಿಸ್ಕೊಳೋದ್ನ ಸ್ವಲ್ಪ ಬಿಡಿ, ನಾನ್ ಏನ್ ಹೇಳ್ತಿದೀನಿ ಅಂತ ಸರ್ಯಾಗ್ ಕೇಳುಸ್ಕೊಳದ್ ಕಲೀರಿ ಮೊದ್ಲು.",Anger
"ಆ ಲೀಡರ್ ಹೊರಗ್ಹೋಂಟಾಗ ಅವನ್ ಮುಖದ್ ಮ್ಯಾಲ್ ತೃಪ್ತಿ ಇತ್ ಮತ್ ಮುಂದಿನ್ದು ಮಾಡ್ಲಿಕ್ಕಿ ತಯಾರ್ ಆಗಿರ ನಿರ್ಧಾರ್ ಇತ್ತು, ಇದ್ ಖರೇನ ಎಚ್.ಆರ್.ನವ್ರದ್ ದೊಡ್ ಸಾರ್ಥಕತಾ.",Happiness
"ನಾನ್ ನಿಮ್ ಒಡವೆ ಅಂಗ್ಡಿಗ್ ಬಂದು ಒಂದ್ ಗಂಟೆ ಆಗ್ತಾ ಬಂತು, ಇನ್ನೂ ಒಬ್ರೂ ನಂಗೇನ್ ಬೇಕೂಂತ ಕೇಳೋರಿಲ್ವಲ್ರೀ! ಇನ್ಯಾವತ್ತೂ ಇಲ್ಲಿಗ್ ಕಾಲಿಡಲ್ಲ ನಾನು.",Anger
"ಆ ಸಂಗೀತದ್ ಗುರುಗಳ್ ಮೊದ್ಲೇ ಮಹಾಶಿಸ್ತಿನವ್ರು, ಈ ಸಣ್ ಹುಡುಗುಂದು ಚೂರು ಉಡಾಳ್ ಬುದ್ಧಿ, ಹಿಂಗಾಗಿ ಅವಾ ಹಾದಿಗಿ ಬರ್ಲಿಲ್ಲಂದ್ರ ಯಲ್ಲಿ ಒಬ್ ಛೊಲೋ ಗುರುಗಳಿಗ್ ಕಳಕೋತಾನೇನೋ ಅಂತ ನಂಗ್ ಅಂಜ್ಕಿ.",Fear
ಕೆಲ್ಸದ್ ದಿನ ಯಾವ್ದೂ ಪ್ರೊಫೆಷನಲ್ ಫೋನ್ ಕಾಲ್ಸ್ ಇಲ್ದಿದ್ರೆ ಅದೇ ಪರಮಸುಖ ನಂಗೆ.,Happiness
"ಈ ಸಂಸ್ಥಾದಾಗ ಭಾರೀ ಲೀಡರ್ಸ್ ಅನ್ಕೋತಾರಲಾ ಅವ್ರಿಗಿ ಬರೀ ಷೇರ್ನ್ಯಾಗ ಲಾಭ್ ಆದ್ರ ಸಾಕ, ಒಂಚೂರು ತಮ್ ಕೆಲ್ಸದವ್ರಿಗೂ ಛಲೋ ಆಗ್ಲಿ ಅಂತ ಸ್ಪಲ್ಪೂ ಇಲ್ಲಾ.",Disgust
ಈ ಕೆಟ್ ಹವಾಮಾನ ನೋಡ್ತಿದ್ರೆ ನಾನ್ ಈ ಸಲ ಮೌಂಟ್ ಎವರೆಸ್ಟ್ ಬೇಸ್ ಕ್ಯಾಂಪಿಗ್ ಹೋಗ್ಬೇಕಿದ್ ಟ್ರಿಪ್ನ ರದ್ದ್ ಮಾಡ್ಬಿಡ್ಲಾ ಅನ್ಸ್ತಿದೆ.,Fear
"ಭೌತಶಾಸ್ತ್ರದಲ್ಲಿರೋ ಪ್ರಶ್ನೆಗಳು, ಸವಾಲುಗಳು ನನ್ ಕುತೂಹಲ ಕೆರಳಿಸಿದ್ದಿದ್ರಿಂದ ನಾನ್ ಅದನ್ನೇ ಅಧ್ಯಯನ ಮಾಡ್ದೆ.",Happiness
"ಪ್ರಾಜೆಕ್ಟ್ ಮ್ಯಾನೇಜರಾಗಿದ್ಕೊಂಡು ನಾನದ್ನ ಸರ್ಯಾಗ್ ಪೂರೈಸಕ್ಕಾಗ್ಲಿಲ್ಲ ಅಂತ ಈಗ್ ನನ್ ಭವಿಷ್ಯನೇ ಡೋಲಾಯಮಾನ ಆಗಿದೆ. ಕಾನ್ಫರೆನ್ಸ್ ರೂಮ್ ಒಳ್ಗಡೆ ಲೀಡರ್ಷಿಪ್ ಟೀಮ್ನೋರು ನನ್ ಬಗ್ಗೆ ಏನ್ ಮಾತಾಡ್ಕೊತಿದಾರೋ, ಕೊನೆಗ್ ಏನ್ ನಿರ್ಧಾರ ತಗೋತಾರೋ ಒಂದೂ ಗೊತ್ತಿಲ್ಲ.",Fear
ನಾನಷ್ಟೊಂದ್ ಹಣ ಖರ್ಚ್ ಮಾಡುದ್ಮೇಲೂ ಈ ಮುಖ್ಯವಾದ್ ಡೀಲ್ನ ನನ್ ದೊಡ್ಡ್ ಎದುರಾಳಿಗೇ ಬಿಟ್ಕೊಟ್ಟಿರೋ ಸೇಲ್ಸ್ ಟೀಮ್ನ ನಾನ್ ಯಾಕಾದ್ರೂ ಇಟ್ಕೋಬೇಕು? ಅಂತ ಸಿ.ಇ.ಒ. ಹೇಳುದ್ರು.,Anger
ಛೇ ನಾವ್ ಬೆಂಗ್ಳೂರಿಗ್ ಕಾರ್ನ್ಯಾಗ ಯಾಕ್ ಹೋಗ್ಲಿಕತ್ತೀವಿ. ಇಂಥಾಪರಿ ಅಡ್ಡಾತಿಡ್ಡಾ ರಸ್ತೆ ಅನನ್ಕೂಲ ಮ್ಯಾಲ್ ಟ್ರಾಫಿಕ್ನ್ಯಾಗಿ ಗಾಡಿ ನಡಸದಂದ್ರ ತಲಿಕೆಟ್ ಮೊಸ್ರಿನ್ ಗಡಗ್ಯಾಗ್ತದ.,Anger
"ನಮ್ ಆಫೀಸಲ್ ಕೆಲ್ಸ ಮಾಡೋರೆಲ್ಲ ಅಯೋಗ್ಯರು, ಎಲ್ರು ನನ್ ತಾಳ್ಮೆ ಪರೀಕ್ಷೆ ಮಾಡ್ತಿದಾರೆ ಅನ್ಸತ್ತೆ, ಇದ್ರ್ ಪರಿಣಾಮ ನೆಟ್ಗಿರಲ್ಲ.",Anger
ಕಾಲೇಜ್ ಮುಗೀತಂದ್ರ ಒಂದ್ ಸ್ವಲ್ಪ್ ಮಂದಿ ಹುಡುಗ್ರ ತಲೀ ಮ್ಯಾಲ್ ಯಾಪಾಟಿ ಸಾಲಾ ಇರ್ತದಂದ್ರ ನಂಗರೆ ಮಾತೇ ಹೊಂಡ್ವಲ್ದು.,Surprise
ನಮ್ ಆದಾಯ ಕುಸ್ದ್ಹೋಗಿದೆ! ಈ ಹಿನ್ನಡೆನ ಎದುರ್ಸೋಕೆ ಕಾರ್ಯತಂತ್ರಗಳ್ನ ಕಂಡ್ಕೋಬೇಕಿದೆ ನಾವು.,Sadness
ಅಂಗ್ಡಿಯೋರು ನನ್ ಕೆಟ್ಹೋಗಿರೋ ಟಿ.ವಿ.ನ ವಿಶ್ವಕಪ್ ಶುರುವಾಗೋ ಹೊತ್ತಿಗ್ ಸರ್ಯಾಗಿ  ರಿಪೇರಿ ಮಾಡ್ಕೊಡ್ತಾರೋ ಇಲ್ವೋ ಅನ್ನೋದೇ ಯೋಚ್ನೆ ಆಗಿದೆ.,Fear
ಈ ಡಾರ್ಕ್ ಚಾಕ್ಲೇಟ್ ಟ್ರಫಲ್ ಅದೆಷ್ಟ್ ಚೆನಾಗಿರತ್ತೆ ಅಂದ್ರೆ ನಂಗದ್ನ ನೋಡ್ದಾಗ ತಿನ್ದೇ ಇರೋಕೇ ಆಗಲ್ಲ.,Happiness
"ಆ ಸಿನ್ಮಾ ಹಾಡನ್ನ ನೀವಿಷ್ಟ್ ಸೊಗ್ಸಾಗ್ ಹಾಡಿದ್ ಕೇಳಿ ನಂಗ್ ನಿಂತಲ್ ನಿಲ್ಲಕ್ಕಾಗ್ತಿಲ್ಲ, ನಿಜಕ್ಕೂ ಅದೆಷ್ಟ್ ಅದ್ಭುತ್ವಾಗ್ ಹಾಡಿದ್ರಿ, ಭಲೇ!",Surprise
"ನಂಗ್ ಎತ್ರದ್ ಜಾಗಾಂದ್ರೆ ಆಗಲ್ಲಪ್ಪ. ನೆಲಮಟ್ಟಕ್ಕಿಂತ ತುಂಬಾ ಎತ್ರಕ್ ಹೋದ್ರೆ ನನ್ ಕಾಲ್ಗಳು ನಡುಗತ್ವೆ, ನನ್ ಬಾಯೆಲ್ಲ ಒಣಗೋಗತ್ತೆ.",Fear
"ಹತ್ರದ್ ಷೋರೂಮಲ್ಲಿದ್ದಿದ್ ದೊಡ್ಡ್ ಟಿ.ವಿ.ನ ನಮ್ಮನೆಗ್ ತಂದ್ರೆ ಸಖತ್ತಾಗಿರತ್ತೆ ಅಂತ ಅದ್ರ್ ಮೇಲ್ ನನ್ ಕಣ್ಣ್ ಬಿದ್ದಿತ್ತು, ಆದ್ರೆ ವಾರಂಟಿ ಅಷ್ಟೇನ್ ಜಾಸ್ತಿ ಇಲ್ಲ ಅಂತ ಗೊತ್ತಾಗಿ ಆ ಆಸೆ ಕೈಬಿಟ್ಟಿದ್ದಾಯ್ತು.",Sadness
"ನಾನು ನನ್ ಕ್ರೆಡಿಟ್ ಕಾರ್ಡ್ ಬಿಲ್ ಕಟ್ಟೋಕ್ ಪ್ರಯತ್ನಿಸ್ದೆ, ಆದ್ರೆ ಬ್ಯಾಂಕ್ ಸರ್ವರಲ್ಲೇ ಏನೋ ಸಮಸ್ಯೆ ಇತ್ತು ಅಂತ ನಾನ್ ಈಗಾಗ್ಲೇ ಹತ್ತ್ ಸಲ ಹೇಳಾಯ್ತು ನಿಮ್ಗೆ. ನನ್ ತಪ್ಪಲ್ಲ ಅದು!",Anger
ಹೇಯ್! ಈ ಪುಸ್ತಕಕ್ಕೆ ಶೇಕಡ ಇಪ್ಪತ್ತೈದ್ರಷ್ಟ್  ರಿಯಾಯ್ತಿ ಇದ್ರೂ ನನ್ಹತ್ರ ಜಾಸ್ತಿ ದುಡ್ಡ್ ತೊಗೋತಿದೀರಲ ನೀವು. ಏನ್ ಮೋಸ ಮಾಡಕ್ ನೋಡ್ತಿದೀರ ನಂಗೆ?,Anger
ನಾನ್ ಯಾವ್ದೇ ಕ್ಲೈಮ್ಗಳ್ನ ಮಾಡ್ದಿದ್ರೂ ನೀವ್ಯಾಕೆ ಹೋದ್ವರ್ಷಕ್ಕಿಂತ ಜಾಸ್ತಿ ವಿಮೆ ಕ್ಲೈಮ್ನ ತೋರಿಸ್ತಿದೀರ? ಮೋಸ ಮಾಡಕ್ ನೋಡ್ತಿದಿರೇನ್ರಿ ನಂಗೆ?,Anger
"ನಾನು ನೆಲ್ಸನ್ ಮಂಡೇಲಾ ಬಗ್ಗೆ ಬಂದಿರೋ ಸಿನ್ಮಾ ನೋಡ್ದಾಗ, ದೊಡ್ದಾಗಿ ತಮ್ದು ""ಮುಂದುವರಿದ ನಾಗರಿಕತೆ"" ಅಂತ ಹೇಳ್ಕೊಳೋ ಜನಾಂಗ ಒಬ್ಬ ಮನುಷ್ಯನ್ನ ಅಷ್ಟ್ ಸಣ್ಣ ಕೋಣೆಲಿರ್ಸೋಷ್ಟು ಕೀಳ್ಮಟ್ಟಕ್ಕಿಳ್ಯತ್ತೆ ಅಂದ್ರೆ ನಂಗ್ ನಂಬಕ್ಕೇ ಆಗ್ತಿಲ್ಲ. ಛೇ! ಎಂಥ ಕ್ರೌರ್ಯ ಅದು!",Disgust
"ಹೇ ಈ ತಿಂಗ್ಳ್ ಎಷ್ಟ ಖರ್ಚ ಮಾಡ್ಬಿಟ್ಟೀನಿ, ರೊಕ್ಕ ಉಳಿಯಂಗಿಲ್ಲ ಇನ್ನ.. ಏನಪ್ಪಾ ಮಾಡೂದು?!",Fear
ನನ್ ಪೇಮೆಂಟ್ ಮಾಹಿತಿನೇನಾದ್ರೂ ದುರುಪ್ಯೋಗ ಮಾಡ್ಕೊಂಡ್ರೆ ಅಂತ ಈ ಡೆಲಿವರಿ ಸರ್ವಿಸ್ ಮುಂದ್ವರ್ಸೋಕೇ ಹಿಂಜರ್ಕೆ ಆಗ್ತಿದೆ ನಂಗೆ.,Fear
ಫೀನಿಕ್ಸ್ ಮಾಲಲ್ಲಿ ಷಾಪಿಂಗ್ ಮಾಡೋವಾಗ ಎಲ್ಲ್ ಪಿಕ್ ಪಾಕೆಟ್ ಆಗ್ಬಿಡತ್ತೋ ಅಂತ ನನ್ ಮನ್ಸಿಗ್ ಯಾವಾಗ್ಲೂ ಕಳವಳ ಆಗ್ತಿರತ್ತೆ.,Fear
ಈ ಸಲ ನಾನ್ ಒಂದ್ ನಿಮ್ಷನೂ ಕಾಯ್ಬೇಕಾಗ್ಲಿಲ್ಲ. ನಾನ್ ಬುಕ್ ಮಾಡಿದ್ ಸವಾರಿ ತಕ್ಷಣನೇ ಕನ್ಫರ್ಮ್ ಆಗೋಯ್ತು!,Surprise
"ಇವತ್ತೊಬ್ಬ ಪುಟ್ಟ್ ಹುಡ್ಗ ಎ.ಟಿ.ಎಂ.ಇಂದ ದುಡ್ಡ್ ತಗೊಳಕ್ಕೆ ನಂಗ್ ಸಹಾಯ ಮಾಡ್ದ, ಆಮೇಲ್ ನಾನ್ ಎಷ್ಟ್ ಬಲ್ವಂತ ಮಾಡುದ್ರೂ ನನ್ಹತ್ರ ಚಾಕ್ಲೇಟ್ ತೆಗುಸ್ಕೊಳ್ಳಿಲ್ಲ. ಪಾಪ ಅಷ್ಟ್ ಒಳ್ಳೆ ಹುಡ್ಗ ಅವ್ನು.",Happiness
ಯಾವಾಗ್ಲೂ ನಿಮ್ ದೃಷ್ಟಿ ಚೆಂಡಿನ್ಮೇಲೇ ಇರ್ಲಿ! ಅಂಕಣ್ದಲ್ಲಿ ಕುಣ್ಯೋದ್ ನಿಲ್ಸಿ ಸರ್ಯಾಗ್ ಆಟ ಆಡಿ ಮೊದ್ಲು.,Anger
"ಹೋದ್ ತಿಂಗ್ಳು ನಾನ್ ಸಂಪಾದ್ಸಿದ್ ಹಣ ಎಲ್ಲ ಮುಕ್ಕಾಲ್ಪಾಲ್ ಖರ್ಚಾಗೋಗಿದೆ, ಈ ತಿಂಗ್ಳು ನನ್ಕೈಲಿ ಬಾಡಿಗೆ ಕೊಡಕ್ಕಾಗಲ್ಲ ಅನ್ಸತ್ತೆ.",Sadness
"ಜೈಶಂಕರ್ ಅವ್ರು ಭಾರತದ್ ಪರವಾಗಿ ಎದ್ದ್ನಿಂತಾಗ್ಲೆಲ್ಲಾ ತುಂಬಾ ಖುಷಿ ಆಗತ್ತೆ, ಹೆಮ್ಮೆ ಅನ್ಸತ್ತೆ.",Happiness
"ಜಾಹೀರಾತಲ್ಲೇ ಒಂದ್ ಬೆಲೆ ಹೇಳಿ, ಅಂಗ್ಡಿಗ್ ಬಂದ್ರೆ ಇನ್ನೊಂದ್ ಹೇಳ್ತೀರಲ್ರೀ! ಜನಕ್ ಟೋಪಿ ಹಾಕಕ್ಕೆ ಏನೆಲ್ಲ ಚಾಲಾಕಿ ಮಾಡ್ತೀರ, ಆದ್ರೆ ಇಲ್ಯಾರೂ ಅಷ್ಟ್ ದಡ್ರಿಲ್ಲ, ತಿಳ್ಕೊಳಿ.",Anger
"ಮೇಡಂ, ನಿಮ್ಮ ಲ್ಯಾಪ್ಟಾಪ್ ಸಾಫ್ಟ್ವೇರ್ಲಿ ಏನೇ ಸಮಸ್ಯೆಗಳಿದ್ರೂ ನಾವದ್ನ ಸರಿಮಾಡ್ಕೊಡ್ತೀವಿ, ಆದ್ರೆ ದಯ್ವಿಟ್ಟು ನಮ್ಹತ್ರ ಅಲ್ದೇ ಬೇರೇವ್ರ್ ಹತ್ರ ವ್ಯವಹಾರ ಮಾಡ್ಬೇಡಿ, ಆ ದೇವ್ರ್ ಮೇಲಾಣೆ ನಿಮ್ಗೆ.",Fear
ಗ್ರೇಟ್ ಬ್ಯಾರಿಯರ್ ಕೋರಲ್ ರೀಫಿನ್ಯಾಗಂತೂ ಏನ್ ನಮೂನಿ ನಮೂನಿ ಸಮುದ್ರದ್ ಪ್ರಾಣಿಗಳವ ಅಬಾಬಾಬಾ ಹೇಳ್ಳಿಕ್ಕಿ ಸೊಲ್ಲಿಲ್ಲ.,Surprise
ನಾನಿವತ್ ಸಂಜೆ ಇಲ್ಲಿ ತಿಂಡಿಗಳ್ನೆಲ್ಲ ತುಂಬಾನೇ ಇಷ್ಟಪಟ್ಟು ತಿಂದಿದೀನಿ.. ಎಲ್ಲ ಭಾಳ ರುಚ್ಯಾಗಿದ್ವು.,Happiness
"ನಾ ಯಾವಾಗೇ ಬಂದ್ರೂ ನಿಮ್ ಅಂಗ್ಡಿ ಒಂಚೂರೂ ಶಿಸ್ತ ಇಟ್ಟಿರಂಗಿಲ್ಲಾ ಮತ್ ಕಸಾ ಬಿದ್ದಿರ್ತದ, ನಂಗ್ ಹೊಳ್ಳಿಹೋಬಿಡ್ಬೇಕ ಅನ್ಸ್ತದ.",Disgust
"ಭಾರತದ್ ವಿದೇಶಿ ಸಚಿವ್ರು ಜೋರ್ ಇದ್ದಾರ, ಕೈಯಾಗ್ ಒಂದ್ ಚೀಟಿ ಇರ್ಲಾರ್ದೆನು ಕಠಿಣಿರ ಸವಾಲಿಗೂ ಉತ್ರಾ ಕೊಡ್ತಾರ.",Surprise
ತೋಟಗಾರ ನಮ್ ಕಾಂಪೌಂಡ್ ಅನ್ ಹಸ್ರು ಸ್ಥಳವಾಗ್  ಮಾಡ್ದಾಗ ನಂಗ್  ರೋಮಾಂಚನ ಆಯ್ತು.,Happiness
"ನೇರವಾಗ್ ಮಾತಾಡೋ ಗುಣನೇ ಒಂದ್ ನೆಪ ಮಾಡ್ಕೊಂಡು ಇನ್ನೊಬ್ರ್ ಮನ್ಸಿಗೆ ಘಾಸಿ ಮಾಡೋದ್ನ ನಾನ್ ಸಾಕಷ್ಟ್ ನೋಡ್ಬಿಟಿದೀನಿ, ನಿಮ್ ವಿಷ್ಯದಲ್ಲೂ ಅಷ್ಟೇ.. ನೀವು ಇದ್ದಿದ್ ಇದ್ದಂಗೆ ಹೇಳ್ತೀನಿ ಅಂತ ಹಿಂದುಮುಂದು ಯೋಚ್ನೆ ಮಾಡ್ದೇ ಮಾತಾಡೋದು ನಂಗೊಂಚೂರೂ ಆಗ್ಬರಲ್ಲ.",Disgust
ಪ್ರತೀ ಸಲನೂ ನಾನ್ ಏನ್ ಮಾಡ್ಬೇಕು ಅನ್ನೋದ್ನ ನೀವೇನ್ ಹೇಳೋದ್ ಬೇಕಿಲ್ಲ. ಎಲ್ಲದ್ರಲ್ಲೂ ಮೂಗ್ ತೂರ್ಸೋದ್ ನಿಲ್ಸಿ.,Anger
ಜಬರ್ದಸ್ತ್ ಅದ ನೋಡ್ ಇದು! ನಾ ಇದ್ ಹಿಂಗಿರ್ತದಂತ ಎಣಸೇ ಇರ್ಲಿಲ್ಲ!,Surprise
ವರ್ಷದಿಂದ್ ವರ್ಷಕ್ಕೆ ಬೇಸ್ಗೆಲಿ ಬಿಸಿ ಜಾಸ್ತಿ ಆಗ್ತಿದೆ ಅಂತ ಯುಎಸ್ಲಿ  ಜನ್ರು ಭಯ ಪಡ್ತಾ ಇದ್ದಾರೆ.,Fear
"ನಾಜ್ಕಾ಼ ಪ್ರಸ್ಥಭೂಮಿಲಿ ನಂಗ್ ಏನೂಂತ ಅರ್ಥನೇ ಆಗ್ದಿರೋ ಥರದ್ ಚಿತ್ರವಿಚಿತ್ರ ರೇಖಾಚಿತ್ರಗಳಿದಾವೆ, ದೊಡ್ಡ್ ವಿಸ್ಮಯ ಅದೊಂಥರ!",Surprise
ಈ ಭ್ರಷ್ಟ ರಾಜಕಾರಣಿಗಳ್ನ ಸಾರ್ವಜನಿಕ ಅಧಿಕಾರ ಸ್ಥಾನಗಳಿಂದ ಬಹಿಷ್ಕಾರ ಹಾಕಿ ಕಠಿಣಾತಿಕಠಿಣ ಶಿಕ್ಷೆ ಕೊಡಿ.,Anger
"ಈ ವ್ಯಾಕ್ಯೂಮ್ ಕ್ಲೀನರ್ ಕಂಪ್ನಿ ಇಪ್ಪತ್ನಾಲ್ಕು ಬಾರ್ ಏಳು ಗ್ರಾಹಕ ಸೇವೆನ್ ಕೊಡುತ್ತೆ ಅಂದ್ರೆ ನಂಗ್ ನಂಬಕ್ಕೇ ಆಗ್ತಿಲ್ಲ, ಯಾಕಂದ್ರೆ ರಾತ್ರಿ ಹೊತ್ತು ಕಾಲ್ ಮಾಡಿದ್ರೆ ಯಾರೂ ಉತ್ರನೇ ಕೊಡಲ್ಲ.",Surprise
"ನಾನು ಅವ್ರ್ ಹೇಳಿದ್ನ ತಪ್ಪಾಗರ್ಥ ಮಾಡ್ಕೊಂಡಿದ್ದೆ ಅಂದಿದ್ದಲ್ದೇ ನಾನ್ ಕೇಳಿದ್ನೂ ಮಾಡ್ಕೊಡಕ್ಕಾಗಲ್ಲ ಅಂತ ಕ್ಷಮೆ ಬೇರೆ ಕೇಳ್ತಾರೆ, ಥೋ ಏನ್ ಜನನಪ..ಅಸಹ್ಯ!",Disgust
ಆಸ್ಪತ್ರೆಲಿ ನನ್ ರಕ್ತದ್ ಗುಂಪಿಗ್ ಹೊಂದ್ಕೆ ಆಗೋ ರಕ್ತ ಸಿಗ್ದೇ ತುಂಬಾ ಕಷ್ಟ ಆಯ್ತು. ನಾನಿದ್ದಿದ್ ಪರಿಸ್ಥಿತಿಲಿ ಸರ್ಜರಿ ಆಗ್ಲೇಬೇಕು ಅಂದಿದ್ರು ಡಾಕ್ಟ್ರು.,Sadness
"ಹೋದ್ ಸರ್ತಿ ನಾನೇ ಅವ್ರಿಗಿ ಭಡ್ತಿ ಕೊಟ್ಟಿನಿ, ಈಗರೆ ಅವ್ರೇ ನೌಕ್ರಿ ಬಿಡ್ತೀನಂತ ಅಂದಾರ, ನಂಗ ಏನೇನೂ ತಿಳೀಲಾರ್ದ್ಹಂಗಾಗ್ಯಾದ.",Surprise
ನನ್ ಸೋದರ್ಸೊಸೆಗೆ ಅಮೆರಿಕದಲ್ಲಿ ಕೆಲ್ಸ ಸಿಕ್ಕಿ ಅವ್ಳು ಭಾರತ ಬಿಟ್ಟು ಅಲ್ಲಿಗೇ ಹೋಗಿರ್ತೀನಿ ಅಂದಾಗ ನಂಬೋಕೇ ಆಗ್ಲಿಲ್ಲ ನಂಗೆ.,Surprise
ಈಗಷ್ಟೇ ಒಂದ್ ಇಲಿ ಅಡ್ಗೆಮನೆಗ್ ಹೋಗೋದ್ನ ನೋಡ್ದೆ. ಈಗಾಗ್ಲೇ ಅರ್ಧ ಊಟ ಮಾಡಾಗೋಗಿದೆ ನಾನು. ಏನೂ ಹುಷಾರ್ ತಪ್ದಿದ್ರೆ ಸಾಕಪ್ಪ ಇನ್ನು!,Fear
ಸೀಟ್ ಮೇಲೆಲ್ಲ ಗ್ರೀಸ್ ಮೆತ್ಕೊಂಬಿಟಿದೆ.. ಮತ್ತೆ ಆ ರಬ್ಬರ್ ಸುಡೋ ವಾಸ್ನೆನ ನನ್ ಕೈಲಂತೂ ತಡ್ಕೊಳಕ್ಕಾಗ್ತಿಲ್ಲ.,Disgust
ಆ ಪಾರೀಸ್ ಹೋಟಲ್ನ್ಯಾಗ ಭಾರತದ್ ಊಟಾತಿಂಡಿ ಎಷ್ಟರೇ ಸಪ್ಪಗಿತ್ತಂದ್ರ ನಂಗ ಹೊಟ್ಟಿ ಒಳಗ ಊಟೇ ಇಳಿನಿಲ್ಲ.,Sadness
ಈ ವಾರದ್ ಷೋನಲ್ಲಿ ಮಾಡೆಲ್ಗಳ್ಗೆ ನಾನ್ ಸಿದ್ಧಪಡ್ಸಿದ್ ಬಟ್ಟೆಗಳ್ನ ಹಾಕ್ಸೋದಕ್ಕೆ ಅವ್ಕಾಶ ಕೊಡ್ತೀನಿ ಅಂತ ಮ್ಯಾನೇಜರ್ ಹೇಳಿದ್ದು ಸಿಕ್ಕಾಪಟ್ಟೆ ಖುಷಿ ಆಗಿದೆ ನಂಗೆ.,Happiness
"ದಯ್ವಿಟ್ಟು ಕ್ಷಮ್ಸಿ, ನನ್ಕೈಲಿ ಅದ್ನ ಮಾಡೋಕಾಗ್ಲಿಲ್ಲ! ನಾನ್ ನಿಮ್ಗೆ ಸಹಾಯ ಮಾಡ್ಬಹುದಾದ ಬೇರೆ ಯಾವ್ದೇ ವಿಷ್ಯ ಇದ್ರೂ ದಯ್ವಿಟ್ಟು ನನ್ನನ್ನ ಸಂಪರ್ಕ್ಸೋದಕ್ಕೆ ಹಿಂಜರಿಬೇಡಿ.",Sadness
"ಈ ತಿಂಗ್ಳೆಲ್ಲ ನಾವು ಒಂದೇ ಸಮ್ನೇ ಏ.ಸಿ. ಬಳ್ಸಿದೀವಿ, ಕರೆಂಟ್ ಬಿಲ್ ಇನ್ನದೆಷ್ಟ್ ಬರತ್ತೋ ಏನೋ.",Fear
ಕತ್ತೆ ನನ್ಮಗ್ನೇ.. ಅವ್ನ್ ಸುತ್ತ ಯಾರೂ ಇಲ್ದಿದ್ದಾಗ ನೀನ್ ಅವ್ನಿಗೆ ಬಾಲ್ ಪಾಸ್ ಮಾಡ್ಬೇಕಿತ್ತು. ಮೈದಾನ್ದಲ್ಲಿ ಏನ್ ಯೋಚ್ನೆ ಮಾಡ್ಕೊಂಡ್ ನಿಂತಿದ್ದೆ?,Anger
ಅವ್ರ್ ಬೈಕಿನ್ ಟೈರ್ ಪಂಕ್ಚರ್ ಆಗಿದ್ರಿಂದ ನಮ್ ಕೋಚ್ಗಿವತ್ತು ಡೋಜೋಗ್ ಬರಕ್ಕಾಗ್ಲೇ ಇಲ್ಲ.,Sadness
"ನನ್ ಸರದಿ ಬಂದಾಗ್ಲೇ ನಾನ್ ಹಣ ತಗೊಳಕ್ ಹೋಗಿದ್ದು, ಆದ್ರೆ ಅಲ್ಲ್ ಹಣ ಕೊಡಕ್ಕೇಂತ ಕೂತಿದ್ದೋರು ಸುಮ್ಸುಮ್ನೇ ನನ್ಮೇಲ್ ರೇಗಿದ್ನೋಡಿ ನಂಗೂ ತಾಳ್ಮೆ ಕೆಟ್ಟೋಯ್ತು, ಸರ್ಯಾಗ್ ತರಾಟೆ ತಗೊಂಡೆ.",Anger
"ನಾವ್ ಬಿತ್ತಣಕಿ ಮತ್ ರಾಶಿ ಮಾಡಮುಂದ್ ಏನೊ ಒಂದ್ ಹೊಲಸ್ ವಾಸ್ನಿ ಬಂದ ವಾಕರಕಿ ಬರ್ತದ, ಅದ್ರಿಂದಾಗ್ ನಂಗ್ ರೋಮ್ ರೋಮ್ ಅಸೈ ಬರಹಂಗಾಗ್ಯಾದ.",Disgust
ನಾನ್ ಏನೇ ದೂರ್ ಹೇಳ್ದಾಗ್ಲೂ ತಕ್ಷಣ ಅದಕ್ಕೆ ಪ್ರತಿಕ್ರಿಯ್ಸಿ ಸಮಸ್ಯೆನ್ ಬಗೆಹರ್ಸೋಕ್ ಪ್ರಯತ್ನ ಪಡೋ ನಿಮ್ ಗುಣ ನಂಗ್ ತುಂಬಾನೇ ಹಿಡಿಸ್ತು. ನೀವು ಒಂದಿನನೂ ತಪಿಸ್ದೇ ಎಲ್ಲಾರ್ ಮನೆಗಳ್ಗೂ ದಿನಪತ್ರಿಕೆ ತಲುಪ್ಸೋದೂ ಮೆಚ್ಕೋಬೇಕಾದ್ದೇ.,Happiness
ಕುಂಭಲ್ಗಢ ಕೋಟೆಗ್ ಹೋಗಿದ್ದಾಗ ನಂಗೆ ಭಗ್ನವಾದ್ ಕನ್ಸ್ಗಳ ಮೈದಾನದಲ್ಲಿ ಓಡಾಡ್ತಾ ಇದೀನೇನೋ ಅನ್ಸ್ತಿತ್ತು.,Sadness
ಓಹ್! ಈ ಚಿತ್ರದಲ್ಲಿ ರಜನೀಕಾಂತ್ ಇದಾರೆ ಅಂತ ನಂಗೊತ್ತಿರ್ಲಿಲ್ಲ. ಇದ್ರಲ್ಲಿ ಅವ್ರ್ ಎಂಟ್ರಿ ಪೂರ್ತಿ ಅನಿರೀಕ್ಷಿತ್ವಾಗಿತ್ತು.,Surprise
"ಕಳ್ರು ಎಲ್ಲನೂ ದೋಚ್ಕೊಂಡು ನನ್ ಬೆಡ್ರೂಮಿಂದ ಆಚೆ ಬರುವಾಗ ನಾನವ್ರನ್ನ ನೋಡ್ದೆ, ಆದ್ರೆ ಅವ್ರ್ ಕೈಲಿ ಇಷ್ಟಿಷ್ಟುದ್ದ ಲಾಂಗು, ಮಚ್ಚು ಇದ್ವು, ನಂಗೆಲ್ಲ್ ನನ್ ಪ್ರಾಣನೇ ತೆಗೀತಾರೋ ಅಂತ ಭಯ ಆಗೋಯ್ತು.",Fear
"ಓ ದೇವ್ರೇ! ನಾನ್ ಆ ಸ್ಥಿತಿಲಿ ಅಷ್ಟ್ ಅಪಾಯ್ದಲ್ಲಿದೀನಿ ಅಂತ ನಂಗೊಂಚೂರೂ ಅಂದಾಜಿರ್ಲಿಲ್ಲ. ಇದ್ನ ನನ್ ಗಮನಕ್ ತಂದಿದ್ದಕ್ಕೆ ತುಂಬಾ ಧನ್ಯವಾದ, ಡಾಕ್ಟ್ರೇ!",Surprise
ಈ ದಾಖಲೆಗಳಲ್ಲಿ ನಂಗ್ ಕಂಡ್ಬಂದಿರೋ ಅಕ್ರಮಗಳ್ ಬಗ್ಗೆ ಅಸಹ್ಯ ಆಗೋಗಿದೆ ನಂಗೆ.,Disgust
ನನ್ ರೂಮಲ್ಲಿ ನೀರೇ ಇಲ್ಲ! ನೀವು ಹೋಟೆಲ್ನ ಈ ಥರನ ನೋಡ್ಕೋಳೋದು?,Anger
"ಇನ್ನೊಬ್ರ್ ಹೇಳೋದ್ನ ನಾನ್ ಕೇಳುಸ್ಕೊತೀನೋ ಬಿಡ್ತೀನೋ ಅದ್ ನನ್ನಿಷ್ಟ,  ಅದ್ನ ಪ್ರಶ್ನೆ ಮಾಡಕ್ಕೆ ಎಷ್ಟ್ರೀ ಧೈರ್ಯ ನಿಮ್ಗೆ, ಆಂ?",Anger
"ಶ್ರೀಮಂತ ಮಧ್ಯವರ್ತಿಗಳು ರೈತ್ರನ್ನ ಶೋಷ್ಣೆ ಮಾಡ್ತಾ ಇದ್ರೆ ಸದುದ್ದೇಶ ಇಟ್ಕೊಂಡಿರೋ ಭಾರತೀಯ್ರು ಗೊತ್ತಾಗ್ದೇ ಅಂಥವ್ರನ್ನ ಬೆಂಬಲಿಸ್ತಾ ಇದಾರೆ, ಏನ್ಹೇಳೋದು ಇದಕ್ಕೆ?!",Disgust
ಈ ಫ್ರಿಜ್ಜು ತಾನೇನೋ ಸರ್ಯಾಗಿರೋಕ್ ಕಷ್ಟಪಡ್ತಿರೋ ಥರ ಒಂದೇ ಸಮ್ನೇ ಗಡಗಡಾಂತ ಶಬ್ದ ಮಾಡದ್ ಕೇಳಿ ಕೇಳಿ ತಲೆನೋವ್ ಬಂದಿದೆ ನಂಗೆ.,Sadness
"ನಂಗಿವತ್ತ್ ಏನೂ ದುಡ್ಮೆ ಆಗ್ಲಿಲ್ಲ ಅಂದ್ರೆ ನಮ್ಮನೆಯೋರೆಲ್ಲ ಉಪ್ವಾಸ ಬಿದ್ದ್ ಸಾಯ್ಬೇಕಾಗತ್ತೆ, ಅವ್ರೆಲ್ಲ ಏನಾದ್ರೂ ತಿಂದೇ ಒಂದ್ವಾರ ಆಗ್ತಾ ಬಂತು.",Fear
"ವಾಹ್, ಈ ಬಾಡ್ಗೆ ಮನೆಲಿರೋ ವಿಶಾಲ್ವಾದ್ ಹಿತ್ಲು ಜಾಗ ನಾನ್ ಅನ್ಕೊಂಡಿದ್ಕಿಂತ ಸಿಕ್ಕಾಪಟ್ಟೆ ದೊಡ್ದಾಗೇ ಇದೆ!",Surprise
ವಿಮಾನ್ದಲ್ಲಿ ನನ್ ಸೀಟಿನ್ ಹಿಂದೆ ಕೂತಿದ್ದೋನು ನನ್ ಸೀಟಿನ್ ಮೇಲೆ ಅದೂ ಆಲ್ಮೋಸ್ಟ್ ನನ್ ತಲೆ ಮೇಲಕ್ಕೇ ತನ್ ಕಾಲ್ಗಳ್ನ ಚಾಚ್ಕೊಂಡಾಗ ನಂಗ್ ಇದೇನಪ್ಪಾ ಅಂತ ಷಾಕ್ ಆಯ್ತು.,Surprise
ನೀವೆಷ್ಟ್ ನಿಧಾನಕ್ ಡ್ರೈವ್ ಮಾಡ್ತಿದೀರಿ ಅಂದ್ರೆ ನಂಗೆ ನನ್ ಫ್ಲೈಟ್ ಸಿಗುತ್ತೋ ಇಲ್ವೋ ಅಂತ ಗಾಬ್ರಿ ಆಗ್ತಿದೆ.,Fear
ಅವ್ನೊಬ್ಬ ದಡ್ಡ್ ಶಿಖಾಮಣಿ! ನನ್ ಪುಸ್ತಕಗಳ್ನ ಇಸ್ಕೊಂಡು ಆಮೇಲ್ ವಾಪಸ್ ಕೊಡೋದ್ ಎಷ್ಟ್ ತಡ ಮಾಡ್ಬಿಟ್ಟ.. ಇಲ್ದೇ ಹೋಗಿದ್ರೆ ಪರೀಕ್ಷೆಗಳ್ಗೆ ನಾನಿಷ್ಟೊತ್ಗೆಲ್ಲ ಓದ್ಕೊಂಡ್ ಆಗೋಗಿರದು.,Anger
"ಇಂಗ್ಲಿಷ್ ಪ್ರೀಮಿಯರ್ ಲೀಗಲ್ಲಿ ಆಡೋಕೆ ಸುನೀಲ್ ಛೇತ್ರಿಯವ್ರಿಗೆ ಯು.ಕೆ.ಯಿಂದ ಕೆಲ್ಸದ್  ಪರವಾನಗಿ ಸಿಗ್ಲೇ ಇಲ್ವಂತೆ, ನಂಗಿನ್ನು ಆ ಲೀಗ್ ನೋಡಕ್ಕೇ ಆಸಕ್ತಿಯಿರಲ್ಲ.",Sadness
ಈ ವಾಸ್ನೆ ತಡ್ಕೊಳಕ್ಕಾಗ್ತಿಲ್ಲ. ನಾವ್ ಬೇಗ್ನೆ ದುಡ್ಡ್ ಕೊಟ್ಟು ಹೊರ್ಟ್ಬಿಡಣ.,Disgust
"ನಮ್ಮಂಗ್ಡಿಯೋರ್ ಪರವಾಗಿ ನಾನ್ ಕ್ಷಮೆ ಕೇಳ್ತೀನಿ ಸರ್, ಮತ್ತೆ ಇದ್ನ ಸರಿ ಮಾಡಕ್ಕೆ ಖಂಡಿತ ನಾನ್ ಸಹಾಯ ಮಾಡ್ತೀನಿ ನಿಮ್ಗೆ. ದಯ್ವಿಟ್ಟು ನಿಮ್ ಸ್ನೇಹಿತ್ರಿಗೆ ನಮ್ಮಂಗ್ಡಿಲೇ ತಗೊಳಕ್ ಹೇಳಿ.",Fear
"ನಂಗ್ ಒಂದ್ ಸಾಮಾನ್ ಹಿರೇರ್ಲಿಂದ ಬರ್ತದ ಅಂತ ಅನ್ಕೊಳಿಕತ್ತಿದೆ, ನಂ ಮನ್ಯಾಗ್ ಅದ್ ಭಾಳ ತಲಿ ದಾಟಿ ಬಂದದ. ಅದ್ರಂತಾದೇ ಇನ್ನೊಂದ್ ಮಾಡ್ಸದೇನ್ ದೊಡ್ದಲ್ಲಾ ಖರೇ ಆದ್ರ ಹೊಸಾದರ್ ಜೊತಿ ಆ ಭಾವನಾ ಬರಂಗಿಲ್ಲಾ.",Sadness
"ಒವನ್ ಒಳಗೆ ಸುಟ್ಟು ಕರಕ್ಲಾಗಿದ್ ಕುಕೀಗಳ್ನ  ನೋಡಿ ನಾನ್ ಯಾವ್ ಕೆಲ್ಸಕ್ಕೂ ಲಾಯಕ್ಕಿಲ್ಲ ಅನ್ನಿಸ್ಬಿಡ್ತು, ಛೇ, ನಂಗ್ ಒಂದ್ಸಲನೂ ಈ ಕುಕೀಗಳ್ನ ಹದವಾಗ್ ಮಾಡಕ್ ಆಗೇ ಇಲ್ಲ.",Sadness
ನೀವ್ ಯಾವತ್ತೂ ಆ ಕ್ರೆಡಿಟ್ ಕಾರ್ಡ್ನ ಬಳ್ಸೋದೇ ಇಲ್ಲ ಅಂದ್ಮೇಲೆ ಯಾಕಾದ್ರೂ ಇಟ್ಕೊಂಡಿದೀರಿ ಅದ್ನ?,Disgust
"ಬಸ್ನ ಮುಂದೆ ಹೋಗೋಕ್ ಬಿಡ್ದಂಗೆ ತಡೆಹಾಕಿ  ಅಷ್ಟೊತ್ತಿಂದ ಟಿಕೆಟ್ ಚೆಕ್ ಮಾಡ್ತಲೇ ಇದೀರಲ್ಲ, ಇನ್ನೂ ಎಷ್ಟೊತ್ತ್ ಬೇಕ್ರಿ ನಿಮ್ಗೆ?",Anger
ಬ್ರೋಕರ್ ತೋರ್ಸಿದ್ ಈ ಮನೆಲಿ ಬಿಲ್ಟ್ ಇನ್ ಹೋಮ್ ಥಿಯೇಟರ್ ಇದೆ ಅಂದ್ರೆ ನಂಗ್ ನಂಬಕ್ಕೇ ಆಗ್ತಿಲ್ಲ. ಬೊಂಬಾಟಾಯ್ತಿದು!,Surprise
ಇಂಡಿಯಾನಾ ಜೋನ್ಸ್ ಆಗಿದ್ನಲಾ ಹ್ಯಾರಿಸನ್ ಫೋರ್ಡ್ ಅವಂದು ಎಲ್ಲಾ ಸಿನ್ಮಾದಾಗಿನ್ ಆಕ್ಟಿಂಗ್ ನಂಗ್ ಭಾಳ ಮನಸ್ಸಿಗಿ ಹಿಡಸ್ಯಾವ.,Happiness
ನಾವ್ ಮನೆಲ್ ಸಾಕ್ಕೊಂಡಿದ್ದ್ ಅಳಿಲ್ನ ಹೋದ್ವಾರ ಕಾಡಿಗ್ ಬಿಟ್ಬಂದ್ಮೇಲೆ ಒಂದಷ್ಟ್ ದಿನ ಊಟ ತಿಂಡಿನೇ ಸೇರ್ದಷ್ಟು ಬೇಜಾರಾಗೋಗಿತ್ತು.,Sadness
"ನಾನ್ ಯೋಗಾಭ್ಯಾಸ, ವ್ಯಾಯಾಮ ಎಲ್ಲ ಮಾಡಾದ್ಮೇಲೆ ದಿನ ಇಡೀ ನಂಗೆ ಏನ್ ಕೆಲ್ಸ ಮಾಡೋಕ್ಕೂ ಶಕ್ತಿ, ಉತ್ಸಾಹ ಮತ್ತೆ ಮನ್ಸಲ್ಲಿ ಒಳ್ಳೆ ಆಲೋಚ್ನೆಗಳೇ ತುಂಬಿರತ್ವೆ.",Happiness
ಪಾಳ್ಬಿದ್ದಿರೋ ಆ ಹಳೇ ದೇವಸ್ಥಾನ ಶಾಪಗ್ರಸ್ತವಾದ್ದು ಅಂತ ಅವ್ರ್ ಹೇಳ್ದಾಗ ನಂಗ್ ಒಳಗ್ ಹೋಗಕ್ಕೇ ಭಯ ಆಗಿ ಬಾಗ್ಲಲ್ಲೇ ನಡುಗ್ಕೊಂಡ್ ನಿಂತಿದ್ದೆ.,Fear
"ಹೇ, ನಂಗೀಗಷ್ಟೇ ನಿನ್ ನಿರೀಕ್ಷೆಗಳ್ಗೆ ತಕ್ಕನಾಗಿರೋ ಒಂದ್ ಮೇಜರ್ ಸಬ್ಜೆಕ್ಟ್ ಸಿಕ್ತು ಇಲ್ಲಿ! ನಿಂಗಿದ್ರಲ್ಲಿ ಆಸಕ್ತಿ ಇರ್ಬಹುದು, ಇಷ್ಟ ಆಗತ್ತಾ ನೋಡು ಒಂದ್ಸಲ!",Happiness
ಅದು ಇಷ್ಟ್ ವರ್ಷ ಬಾಳ್ಕೆ ಬರತ್ತೆ ಅಂತ ನಾನ್ ಅನ್ಕೊಂಡೆ ಇರ್ಲಿಲ್ಲ.,Surprise
"ಕಳವಾದ್ ದುಡ್ಡು, ಪದಾರ್ಥ ಎಲ್ಲ ನಮ್ಗ್ ಮತ್ತೆ ಸಿಗ್ದೇ ಹೋದ್ರೆ ನಮ್ಮಗ್ಳ್ ಮದ್ವೆನ್ ಹೇಗಪ್ಪಾ ಮಾಡೋದು?!",Fear
ಹೇ ಇದು ಹೊಸಾ ಟ್ಯಾಕ್ಸ್ ಪಾಲಿಸಿಲಿಂದ ಮಧ್ಯಮ್ ವರ್ಗದ್ ಮಂದಿಗಿ ಭಾರೀ ಫಾಯದಾ ಆಗ್ತದಂತ ನಂಗನಿಸಿರ್ಲಿಲ್ಲಾ.,Surprise
ಬಳಕೆಲಿಲ್ದಿರೋ ಬ್ಯಾಂಕ್ ಖಾತೆಗಳಿಂದ ಹಣ ಕದ್ಯೋ ಬ್ಯಾಂಕ್ ಸಿಬ್ಬಂದಿನೂ ಇದಾರೆ ಅಂತ ಗೊತ್ತಾಗಿ ನಂಗ್ ಜುಗುಪ್ಸೆ ಆಗೋಯ್ತು.,Disgust
ಇಷ್ಟ ಸಣ್ದ್ ಬದ್ಲಾಸಿಕೊಡ್ಲಿಕ್ಕಿ ಇಷ್ಟ್ ಜಾಸ್ತಿ ರೊಕ್ಕಾ ತೊಗೊತಿರೇನ್ ನೀವ್.. ನಂಗ್ ರೇಗ್ಲಿಕತ್ತದ.,Anger
ನಿಮ್ ಹತಾಶೆ ನಂಗ್ ಚೆನ್ನಾಗ್ ಅರ್ಥಾಗತ್ತೆ. ಯಾರ್ಗೇ ಆದ್ರೂ ತಮ್ ಕಾರಿನ್ಮೇಲೆ ಹೀಗೆ ಅಸಹ್ಯವಾಗ್ ಕಾಣ್ತಿರೋ ಉಜ್ಜಿರೋ ಗುರ್ತನ್ನ ನೋಡಿ ಸಹಿಸ್ಕೊಳೋಕೆ ಸ್ವಲ್ಪ ಕಷ್ಟ ಆಗತ್ತೆ.,Disgust
ಹಳಿತಪ್ಪಿರೋ ಈ ಪ್ರಾಜೆಕ್ಟ್ನ ಸರಿಪಡ್ಸೋಕೆ ಸಿ.ಇ.ಒ. ತಾವೇ ಬರ್ತಿರೋ ಸುದ್ದಿನ್ ಹೇಳಿ ನೀವ್ ನನ್ ಚಿಂತೆನೆಲ್ಲ ದೂರ ಮಾಡ್ಬಿಟ್ರಿ!,Happiness
ಫುಟ್ಬಾಲ್ ವಿಶ್ವಕಪ್ಪಲ್ಲಿ ನನ್ನಿಷ್ಟದ್ ತಂಡ ಒಂದಾದ್ಮೇಲೊಂದ್ ಪಂದ್ಯದಲ್ಲಿ ಸೋಲ್ತಲೇ ಇದ್ದಿದ್ ನೋಡಿ ನಂಗ್ ಬೇಜಾರಿಂದ ಮನ್ಸೆಲ್ಲ ಕುಗ್ಗ್ ಹೋಗಿತ್ತು.,Sadness
"ಆ ಚಾನೆಲಲ್ಲಿ ಟಾಕ್ ಷೋ ನಡ್ಸೋ ನಿರೂಪಕ್ರು ತುಂಬಾ ಪಕ್ಷಪಾತ ಮಾಡ್ತಾರಪ, ಅವ್ರ್ ಒಂದ್ಸಲನಾದ್ರೂ ಎಲ್ರೂ ಒಪ್ಪೋ ಥರ ಸಮತೂಕದ್ ಅಭಿಪ್ರಾಯ ಕೊಟ್ಟಿದ್ದೇ ನೋಡಿಲ್ಲ ನಾನಂತೂ.",Disgust
"ಪರಿಚಯನೇ ಇಲ್ದೇ ಇರೋರ್ಯಾರೋ ಕೈಲಿ ಚಾಕು ಹಿಡ್ಕೊಂಡು ಮನೆ ಒಳಗ್ ಬರ್ತಿರೋದ್ನೋಡಿ ಆ ಪುಟ್ಮಗು ಓಡ್ಹೋಗಿ ಕಬೋರ್ಡ್ ಒಳಗ್ ಹತ್ತಿ ಮುಖಮುಚ್ಕೊಂಡ್ ಕೂತಿತ್ತಂತೆ, ಅದೆಷ್ಟ್ ಭಯ ಆಗಿರ್ಬೇಕು ಪಾಪ ಅದ್ಕೆ! ನಂಗೇ ಎದೆ ಝಲ್ ಅಂತಿದೆ!",Fear
ಕಾರಿನ್ ಸ್ಟೀರಿಯೊ ಸಿಸ್ಟಮ್ ಜೊತೆ ಕೊಟ್ಟಿದ್ದ್ ಪುಸ್ತಕ್ದಲ್ಲಿ ವಿವರ್ವಾದ್ ಸೂಚ್ನೆಗಳ್ನ ನೋಡಿ ನಂಗ್ ಆಶ್ಚರ್ಯ ಆಯ್ತು. ಅದ್ನ ಹೇಗ್ ಬಳಸ್ಬೇಕೂಂತೆಲ್ಲ ಎಷ್ಟ್ ಚೆನ್ನಾಗ್ ಹೇಳ್ಕೊಟ್ಟಿದಾರೆ ಆದ್ರಲ್ಲಿ!,Surprise
"ಗೆಲ್ಲೋಕ್ ಬೇಕಿದ್ ಟಚ್ಡೌನ್ನ ನನ್ನಿಷ್ಟದ್ ಆಟಗಾರನೇ ಸ್ಕೋರ್ ಮಾಡಿದ್ನೋಡಿ ನಂಗೆಷ್ಟ್ ಖುಷಿ ಆಯ್ತು ಗೊತ್ತಾ, ತಡ್ಕೊಳಕ್ಕೇ ಆಗ್ಲಿಲ್ಲ ನಂಗೆ.",Happiness
"ಆಹಾ ಈ ವಾಷಿಂಗ್ ಪೌಡರ್ ಹಾಕ್ತೂಂದ್ರ ಬಟ್ಟಿಯೆಲ್ಲ ಬೆಳ್ಳಗ್ ಹೊಳಿತಾವಂತ ಸುಳ್ಸುಳ್ ಅಡ್ವಟೈಸ್ ಕೊಟ್ ಯಾಕ್ ಮಂದಿ ತಲಿಕೆಡಸ್ತೀರ್ರೀ, ನಾಚ್ಕಿ ಆಗ್ಬೇಕ್ ನಿಮ್ಗ.",Anger
"ಅರೇ ವಾಹ್! ರದ್ದು ಮಾಡಿದ್ರೆ ಪೂರ್ತಿ ದುಡ್ಡು ವಾಪಸ್ ಸಿಗತ್ತಾ, ಅದು ಬರೀ ಅರ್ಧದಷ್ಟ್ ಮಾತ್ರ ಸಿಗೋದು ಅಂದ್ಕೊಂಡಿದ್ದೆ. ಧನ್ಯವಾದ ಸಾರ್.",Surprise
ಓಹ್! ಇದ್ನ ಅಪ್ಪಟ ಚಿನ್ನದಿಂದ ಮಾಡಿರೋದೂಂತ ನಂಗ್ ಕಲ್ಪನೆನೇ ಇರ್ಲಿಲ್ಲ. ಆಚಾರಿಯ ನೈಪುಣ್ಯ ಮತ್ತೆ ಆಯ್ಕೆಮಾಡ್ಕೊಂಡಿರೋ ವಸ್ತು ಎರ್ಡೂ ಎಷ್ಟ್ ಚೆನ್ನಾಗ್ ಹೊಂದ್ಕೊಂಡಿವೆ ಅಂತ ಬೆರಗಾಯ್ತು ನಂಗೆ.,Surprise
ಬ್ರಿಟಿಷ್ ಏರ್ವೇಸ್ ವೆಬ್ಸೈಟಲ್ಲಿ ಪ್ರಯಾಣದ್ ಬೆಲೆಗಳು ಸಿಕ್ಕಾಪಟ್ಟೆ ಕಮ್ಮಿ ಆಗಿವೆ!,Happiness
ಆ ಡ್ರೈವರ್ರು ಬಸ್ನ ತೀರಾ ಕಡಿದಾದ್ ಅಂಚಲ್ ಓಡಿಸ್ದಾಗ ಕೆಳ್ಗಡೆ ಪ್ರಪಾತದ್ ಆಳ ನೋಡಿ ಎದೆ ಬಡಿತನೇ ನಿಂತ್ಹೋದಂಗಾಗೋಯ್ತು ನಂಗೆ.,Fear
"ತೋಡಾ ಬುಡಕಟ್ಟು ಜನಾಂಗ್ದೋರ್ ತಯಾರ್ಸಿರೋ ಈ ಕರಕುಶಲ ವಸ್ತುಗಳು ಭಾಳ ವಿಶಿಷ್ಟವಾದ್ ಸ್ಮರಣಿಕೆಗಳು, ಜೊತೆಗೆ ನಮ್ಮಲ್ಲಿ ಎಷ್ಟೊಳ್ಳೆ ಭಾವ್ನೆ ಮೂಡ್ಸತ್ವೆ.",Happiness
ನನ್ ಹೊಸ ಅಂಗ್ಡಿಲಿ ವ್ಯಾಪಾರ ಜಾಸ್ತಿ ಮಾಡ್ಕೊಳಕ್ಕಿಂತ ಅಲ್ಲಿಗ್ ಬಂದು ಮೆಲ್ಲಗೆ ಯಾರ್ಗೂ ಗೊತ್ತಾಗ್ದ್ ಹಾಗೆ ವಸ್ತುಗಳ್ನ ಎತ್ಕೊಂಡ್ಹೋಗೋ ಕಳ್ರ ಮೇಲೆ ನಿಗಾ ಇಡೋದೇ ದೊಡ್ ಕೆಲ್ಸ ಆಗೋಗಿದೆ ನಂಗೆ.,Disgust
ಆಹ್! ನಿಮ್ ಬಗ್ಗೆ ಇಷ್ಟೆಲ್ಲ ಆಳವಾದ್ ಭಾವನೆ ಬೆಳೆಯತ್ತೆ ಅಂತ ನಾನ್ ಯಾವತ್ತೂ ಅನ್ಕೊಂಡಿರ್ಲಿಲ್ಲ. ಎಷ್ಟ್ ಅದ್ಭುತ್ವಾದ್ ಅನುಭವ ಇದು!,Surprise
"ಅಮ್ಮ ಅಂತ್ಲೂ ನೋಡ್ದೇ ನನ್ನೇ ರೂಮಿಂದ ಆಚೆ ಹೋಗು ಅಂದ್ಬಿಟ್ಯಲ್ಲೋ, ಎಷ್ಟ್ ನೋವಾಗತ್ತೆ ಗೊತ್ತಾ ಅಂಥ ಮಾತ್ ಕೇಳಕ್ಕೆ. ಆದ್ರೆ ನಾನ್ ಹೋಗಕ್ಮುಂಚೆ ನಿಂಗೊಂದ್ ವಿಷ್ಯ ಹೇಳ್ಬೇಕಿತ್ತು. ಅದ್ಕೇಂತ್ಲೇ ಬಂದಿದ್ದಿದ್ದು ನಾನು, ಇನ್ನೇನಲ್ಲ.",Sadness
"ಶಿಕ್ಷಣ ಸಚಿವಾಲಯ್ದೋರು ಕಲೆ ಮತ್ತೆ ಸಾಂಸ್ಕೃತಿಕ ಕಾರ್ಯಕ್ರಮಗಳ್ಗೆ ಅಂತ ಕೊಡ್ತಿದ್ ಅನುದಾನನ ಕಡ್ಮೆ ಮಾಡಿದಾರಂತಲ್ಲ, ನಾವೇನ್ ಮಾಡ್ಬೇಕಂತೆ ಈಗ, ನಮ್ಗೇನ್ ದುಡ್ಡು ಆಕಾಶ್ದಿಂದ ಉದುರುತ್ತಾ?!",Anger
"ವಾಹ್, ಮೇಡಂ! ನಾನು ಇಷ್ಟ್ ಬೇಗ ಇಂಕ್ರಿಮೆಂಟ್ ಸಿಗತ್ತೆ ಅಂತ ನಿರೀಕ್ಷಿಸಿರ್ಲಿಲ್ಲ!",Surprise
ಆ ಮೇಸ್ತ್ರಿ ಸ್ವಚ್ಛತಾದ್ ಟೈಂಟೇಬಲ್ ಎಷ್ಟ್ ಛಂದಾಗ್ ಯೋಜ್ನ ಮಾಡಿದ್ದಾಂದ್ರ ಒಂದಾದ್ ಮ್ಯಾಲೊಂದ್ ಕೆಲ್ಸ ಸಟಾಸಟಾ ಆಕ್ಕೊತ್ ನಡದಿದ್ವು.,Surprise
"ಒಂದ್ವಾರದ್ ಹಿಂದೆ ತಂದಿದ್ದಿದ್ ಬ್ರೆಡ್ ತಿಂದ್ಮೇಲೆ ನಂಗೆಲ್ಲ್ ಹುಷಾರ್ ತಪ್ಪತ್ತೋ ಅಂತ ಭಯ ಆಗ್ತಿದೆ ಈಗ. ಗಂಟ್ಲು, ಹೊಟ್ಟೆಲೆಲ್ಲ ಒಂಥರಾ ಕಿರ್ಕಿರಿ.. ಫುಡ್ ಪಾಯ್ಸನಿಂಗ್ ಏನಾದ್ರೂ ಆಗ್ಬಿಟಿದ್ಯಾ?",Fear
ಎಷ್ಟೋ ವರ್ಷಗಳ್ ಕಾಲ ಕಂಪನಿ ಗಳ್ಸಿದ್ ಹೆಸ್ರು ಈ ಹಣಕಾಸಿನ್ ವಂಚ್ನೆಯಿಂದಾಗಿ ಕ್ಷಣಾರ್ಧದಲ್ಲಿ ಹಾಳಾಗ್ಬಿಡುತ್ತೇನೋ ಅನ್ನೋದೇ ನಂಗ್ ಚಿಂತೆ ಆಗ್ಬಿಟ್ಟಿತ್ತು.,Fear
"ಗೋವಾದ್ ಸಂಗೀತ್ದಾಗ್ ಅದೇನರೇ ಅಳವು, ಹುರ್ಪು, ಜೀವಂತ್ಕೆ ಅದ ಅಂತಿನಿ, ಆ ಸಂಭ್ರಮ್ ನಮ್ ಕಣ್ನಿಂದ ನೋಡೇ ತಿಳಕೋಬೇಕ.",Surprise
ಚೆನ್ನೈಗೆ ವಾಪಸ್ ಬಂದಿದ್ದು ಖುಷೀ ನಂಗೆ. ಉತ್ತರ ಚೆನ್ನೈಗೆ ಹೋಗೋಕ್ಕೆ ನಿಮ್ ಆಟೋ ರೆಡಿ ಇದ್ಯಾ?,Happiness
ಅವ್ರ್ ಅಂಗ್ಡಿಲಿ ನಾನು ಮಿಲಿಯನ್ತ್ ಕಸ್ಟಮರ್ ಆಗಿದ್ದಕ್ಕೆ ಅವ್ರ್ ನಂಗೆ ವಿಶೇಷ್ವಾದ್ ಉಡುಗೊರೆ ಕೊಟ್ಟಿದಾರೆ.,Happiness
ನಂಗ್  ನಿನ್ ಬಗ್ಗೆ ಬೇಜಾರಿದೆ ಯಾಕೆಂದ್ರೆ ಈಗ ನಿಮ್ ವಾರ್ಷಿಕೋತ್ಸವಕ್ಕೆ  ನೀವ್  ಹುಡುಕ್ತಾ ಇರೋ  ಆಭರಣಗಳು ನೀವ್  ಖರ್ಚು ಮಾಡಕ್ಕೆ  ನಿಮ್ ಹತ್ರ ಇರೋದಕ್ಕಿಂತ್  ಜಾಸ್ತಿ ಇದೆ.,Sadness
"ಮನೆಲಿ ಸಿ.ಸಿ.ಟಿ.ವಿ. ಕ್ಯಾಮೆರಾ ಇನ್ಸ್ಟಾಲ್ ಮಾಡ್ದೇ ನಾನ್ ದೊಡ್ಡು ತಪ್ಪ್ ಮಾಡ್ಬಿಟ್ಟೆ ಅಂತ ಒಪ್ಕೊತೀನಿ, ಅದ್ರಿಂದಾಗಿ ಈಗ್ ಇಷ್ಟ್ ದೊಡ್ಡ್ ಬೆಲೆನೂ ತೆರೋದಾಗ್ತಿದೆ.",Sadness
ಪರೀಕ್ಷೆ ಬಗ್ಗೆ ಯೋಚ್ನೆ ಮಾಡ್ದಾಗ್ಲೆಲ್ಲ ಟೆನ್ಷನ್ಗೆ ನನ್ ಉಸ್ರಾಟದ್ ವೇಗ ಜಾಸ್ತಿ ಆಗ್ಬಿಡತ್ತೆ.,Fear
"ಕರೆಂಟ್ ಹೋದಾಗ ನನ್ ಮನೆ ಒಳ್ಗೆ ತುಂಬಾ ಏನೇನೋ ಚಿತ್ರವಿಚಿತ್ರ ಶಬ್ದಗಳ್ ಕೇಳಿಸ್ತು ನಂಗೆ.. ನಾನ್ ಬೇರೆ ಇಡೀ ಮನೆಲ್ ಒಬ್ಳೇ ಇದ್ದಿದ್ದು, ಭಯಕ್ಕೆ ಎದೆ ಹೊಡ್ಕೋತಿತ್ತು.",Fear
"ಏನು? ಪ್ರಯತ್ನ ಪಡ್ಬೇಕಾ? ಇದಕ್ಕೆ ಪ್ರಯತ್ನಗಳ್ ಬೇಕಿಲ್ಲ, ಇದು ತೀರಾ ಮೂಲಭೂತ್ವಾದ್ ನಿರೀಕ್ಷೆ ಆಗಿರ್ಬೇಕು.",Disgust
"ನಾನು ನೆನ್ನೆ ಬಾಳೆಹಣ್ಣ್ಗಳ್ನ ಕೊಂಡ್ಕೊಂಡೆ, ಆದ್ರೆ ಅದು ಈಗಾಗ್ಲೇ ಕೊಳ್ತ್ಹೋಗಿದೆ.",Sadness
"ನಾನು ವೀಳ್ಯದೆಲೆಗಾಗಿ ಎಲ್ಲಾ ಕಡೆ ಹುಡುಕ್ದೆ, ಆದ್ರೆ ಅದು ಎಲ್ಲೂ ಸಿಗ್ಲಿಲ್ಲ.",Sadness
"ಓ ದೇವ್ರೇ! ನನ್ಹತ್ರ ಈಗ ಅಷ್ಟ್ ದುಡ್ಡೇ ಇಲ್ಲ, ನಾನ್ ನನ್ ಪರ್ಸ್ ತಂದಿದೀನಿ ಅನ್ಕೊಂಡಿದ್ದೆ. ಆದ್ರೆ ಇಲ್ಲ.. ಈಗ್ ಹೇಗಪ್ಪ ಇದ್ಕೆಲ್ಲ ದುಡ್ಡ್ ಕೊಡೋದು?",Fear
"ನಂಗ್ ಈ ತಿಂಡಿ ಎಷ್ಟ್ ಇಷ್ಟ.. ಆದ್ರೆ ಇಲ್ಲಿ ಅದ್ರ್ ರುಚಿ ಚೂರೂ ಚೆನಾಗಿಲ್ಲ, ಆಸೆ ತೋರ್ಸಿ  ಮೋಸ ಮಾಡ್ದಂಗಾಯ್ತು ನಂಗೆ.",Sadness
ಮುಂಬೈಯಲ್ಲಿ ಎಲ್ಲೆಡೆ ಸುಲಭ ಶೌಚಾಲಯಗಳಿರೋದು ಮತ್ತೆ ಅವ್ಗಳ್ನ ಅಷ್ಟ್ ಸ್ವಚ್ಛವಾಗಿಟ್ಟಿರೋದ್ ನೋಡಿ ನಂಗ್ ತುಂಬಾನೇ ಆಶ್ಚರ್ಯ ಆಯ್ತು.,Surprise
"ನೀವು ಎಲ್ಲ ಚಟ ಬಿಟ್ಟು ಒಂದ್ ವರ್ಷ ಆಯ್ತು ಅಂದ್ರೆ ನಂಗ್ ನಂಬಕ್ಕೇ ಆಗ್ತಿಲ್ಲ! ಇದು ಎಷ್ಟ್ ದೀರ್ಘವಾದ್ ಪ್ರಯಾಣ, ಎಷ್ಟೆಲ್ಲ ಕಷ್ಟದ್ದೂ ಹೌದು.. ಆದ್ರೂ ನೀವದ್ನ ಮಾಡಿ ಗೆದ್ದಿದೀರಲ!",Surprise
ಕೆಲ್ವು ದೇಶಗಳಲ್ಲೆಲ್ಲ ರೆಸ್ಟೋರೆಂಟ್ಗಳ ಮೆನುಲಿ ಹುಳಹುಪ್ಟೆ ಹಾಕ್ ಮಾಡಿರೋ ಅಡ್ಗೆ ತಿಂಡಿಗಳಿರೋದ್ ನೋಡ್ದ್ರೆ ನಂಗೆ ವಾಂತಿನೇ ಬಂದ್ಬಿಡತ್ತೆ.,Disgust
"ಅಮೆರಿಕದ್ ರೆಸಾರ್ಟಲ್ಲಿ ನಾವ್ ಬುಕ್ ಮಾಡಿದ್ ರೂಮ್ಗಳ್ಗೂ ಆನ್ಲೈನಲ್ ಇದ್ದಿದ್ ಅವ್ಗಳ್ ಫೋಟೋಗಳ್ಗೂ ಸ್ವಲ್ಪಾನೂ ತಾಳಮೇಳ ಇರ್ಲಿಲ್ಲ, ಸರ್ಯಾಗ್ ಟೋಪಿ ಬಿದ್ವಿ ನಾವಂತೂ.",Sadness
ನಂಗೆ ಈ ಅಂಗ್ಡಿಗ್ ಬರೋದಂದ್ರೆ ಭಾಳ ಇಷ್ಟ. ಅವ್ರು ಯಾವಾಗ್ಲೂ ಇತ್ತೀಚಿಗ್ ಬಂದಿರೋ ಎಲ್ಲ ಹೊಸಾ ಫೋನ್ಗಳ್ನೂ ಇಟ್ಟಿರ್ತಾರೆ.. ಎಲ್ಲನೂ ನೋಡ್ಬಹುದು ನಾನು.,Happiness
ನಮ್ ಸಮಸ್ಯೆ ಪರಿಹರ್ಸೋಕೆ ಆ ಇ.ಬಿ. ಕೆಲ್ಸ್ಗಾರ್ರು ಬಾಯಿಗ್ ಬಂದಂಗ್ ದುಡ್ಡ್ ಕೇಳ್ತಾರೆ. ನಮ್ಗೂ ರೇಗ್ಹೋಗಿ ಜೋರ್ ಜಗ್ಳ ಆಯ್ತು ಆವ್ರ್ ಜೊತೆ ಇವತ್ತು. ದುಡ್ಡ್ ಕೇಳಕ್ಕೂ ಒಂದ್ ಮಿತಿ ಬೇಡ್ವಾ!,Anger
ಆಸ್ಪತ್ರೆಗೇಂತ ನಾನ್ ಖರ್ಚ್ ಮಾಡಿದ್ದಿದ್ ದುಡ್ಡು ಈಗಷ್ಟೇ ವಾಪಸ್ ಜಮಾ ಆಯ್ತು!,Happiness
ಮೂಳೆ ಡಾಕ್ಟ್ರು ಕೊಡೋ ಆ ಅಲೋಪತಿ ಔಷ್ಧಿಯಿಂದ ಭಯಂಕರ ಅಡ್ಡಪರಿಣಾಮಗಳಾಗತ್ವೆ. ಹಣ್ಗಾಯ್ ನೀರ್ಗಾಯ್ ಆಗೋಗಿದ್ದೆ ನಾನಂತೂ.,Fear
ಒಬ್ಬ ಗ್ರಾಹಕ್ರು ತಮ್ ಇಯರ್ ಫೋನ್ಗೆ ಬೆಂಕಿ ಹೊತ್ಕೊಳ್ತು ಅಂತ ಹೇಳಿದಾರೆ. ಅವ್ರು ಕೋರ್ಟಲ್ಲಿ ನಮ್ಮೇಲೆ ಮೊಕದ್ದಮೆ ಹೂಡ್ಬಹುದು.,Fear
"ನಾನಿದ್ನ ಕೊಂಡ್ಕೊಂಡಾಗ, ಆ ಅಂಗ್ಡಿ ಗುಮಾಸ್ತೆ ನಂಗಿದು ಬೇಡಾನ್ಸುದ್ರೆ ವಾಪಸ್ ಕೊಟ್ಟು ಬೇರೆದ್ ತಗೋಬಹುದು ಅಂತ ಹೇಳಿದಾರೆ ಸದ್ಯ.",Happiness
"ಅಂಗ್ಡಿಯೋರು ಆರಾಮಾಗ್ ಚೆಕ್ಔಟ್ ಆಗೋ ಥರ ವ್ಯವಸ್ಥೆ ಮಾಡಿರೋದು ಚೆನಾಗಿದೆ, ಅದ್ರಿಂದಾಗಿ ನಾನ್ ಬೇಗ ಹೊರ್ಟ್ಹೋಗಕ್ಕೆ ಸಾಧ್ಯ ಆಯ್ತು.",Happiness
"ನಾನ್ ಬಿಟ್ ಕಾಯಿನ್ ಮೇಲೆ ಮುಂಚೆ ಏನೂ ಹೂಡಿಕೆ ಮಾಡಿರ್ಲಿಲ್ಲ, ಅದ್ನೋಡುದ್ರೆ ಈ ವರ್ಷದ್ ಶುರುವಾತಲ್ಲೇ ಕುಸ್ದ್ ಹೋಯ್ತು.. ಸದ್ಯ ನಾನ್ ಬಚಾವ್ ಆದೆ!",Happiness
ನನ್ ತರಗತಿ ವರ್ಕ್ಲೋಡ್ ದಿನದಿಂದ್ ದಿನಕ್ಕೆ ಜಾಸ್ತಿಯಾಗ್ತಾ ರಾಶಿ ಬೀಳ್ತಿರೋದ್ ನೋಡುದ್ರೆ ಅದನ್ ನನ್ಕೈಲ್ ಮುಗ್ಸಕ್ಕಾಗತ್ತಾ ಅಂತ ನಂಗ್ ಭಯ ಆಗ್ತಿದೆ.,Fear
"ನಮ್ ಕಂಪ್ನಿ ದಿವಾಳಿಯೆದ್ದು ಮುಂದಿನ್ವಾರ್ದಲ್ಲಿ ಮುಚ್ಚೋಗ್ತಿದೇಂದ್ರೆ ನನ್ ಸಂಕ್ಟನ್ ಯಾರ್ಹತ್ರ ತೋಡ್ಕೊಳ್ಳಿ, ಮುಗೀತು, ಎಲ್ಲ ಮುಗ್ದ್ಹೋಯ್ತು.",Sadness
ತನ್ನ್ ಮೇಂಟನೆನ್ಸ್ ಫೀಸ್ನೇ ಸರ್ಯಾಗ್ ಕಟ್ದಿರೋ ನಮ್ ಪಕ್ಕದ್ಮನೆಯೋನು ಅಪಾರ್ಟ್ಮೆಂಟ್ ಸಮಿತಿಗ್ ಆಯ್ಕೆಯಾಗ್ಬೇಕೂಂತ ಬಂದಾಗ ನಂಗ್ ಇಂಥಾ ಜನನೂ ಇರ್ತಾರಾ ಅನ್ಸ್ಬಿಡ್ತು.,Disgust
ನಮ್ ಕುಟುಂಬ್ದೋರ್ ನಡೆಸ್ತಿದ್ದಿದ್ ವ್ಯಾಪಾರ ನಿಂತ್ಹೋಗಕ್ಕೆ ನಾನೇ ಕಾರಣ ಅಂತ ನೀವ್ ಅದ್ಹೇಗ್ ನನ್ಮೇಲ್ ಆರೋಪ ಮಾಡ್ತಿದೀರ? ನಿಮ್ ಜೊತೆ ಮಾತಾಡಕ್ಕೂ ಅಸಹ್ಯ ಆಗ್ತಿದೆ.,Disgust
ನಾ ಈ ಪ್ರೋಡಕ್ಟಿನ್ ಫೀಚರ್ಗಳ್ ಹೇಳಮುಂದ ಯಾವ್ದ್ ಭಾಳ ಜರೂರ್ ಅವ ಅವ್ನೇ ಯಲ್ಲಿ ಮರೀತಿನೊ ಅಂತ ಪುಕುಪುಕು ಹತ್ಯದ.,Fear
ಪೂರಾ ಹಣ್ಣಾಗಿರ ಟೊಮ್ಯಾಟೊ ಎಷ್ಟ್ ಛಂಧ ಇರ್ತದಲಾ ನೋಡಿದ್ರೇ ಖುಷ್ ಆಗ್ಬಿಡ್ತದ.,Happiness
ಆ ತಿಂಡಿನ ತಿನ್ನೋ ಮಾತ್ ಹಾಗಿರ್ಲಿ ಸದ್ಯ ನಂಗದ್ನ ಕಣ್ಣಲ್ಲಿ ನೋಡಕ್ಕೂ ಆಗ್ತಿಲ್ಲ.. ಅಷ್ಟ್ ಕೆಟ್ದಾಗಿದೆ ಅದು.,Disgust
"ನಾ ಆ ಹೋಟಲಿನ್ ಹಿತ್ತಲ್ ಬಾಗ್ಲಿಂದ್ ಹೊರಗ್ ಕಾಲಿಟ್ರ ಸೀದಾ ಗಟಾರೇ ಇತ್ತು, ನಂಗ ಹೇಸ್ಗಿ ಬಂದ್ ಠಣ್ಣಂತ ಹಿಂದ ಹಾರಕೊಂಡೆ.",Disgust
ನ್ಯಾಯದ್ ಪರ ಆಗಿರ್ದೇ ಆ ನ್ಯಾಯಾಧೀಶ್ರು ಅದ್ಹೇಗ್ ತಪ್ಪಿಸ್ಕೊತಾರೆ?! ಅವ್ರೇ ಹೀಗ್ಮಾಡುದ್ರೆ ಸಾಮಾನ್ಯ ಜನ ನಾವು ನ್ಯಾಯಕ್ಕೋಸ್ಕರ ಯಾರ್ಹತ್ರ ಹೋಗ್ಬೇಕು!,Anger
ನಾನ್ ಜೋಡಿ ಮಾಡ್ಕೊಟ್ ಹುಡ್ಗಿ ಜೊತಿಗೆ ನನ್ ಗೆಳೆಯ ಸುತ್ತಾಡೋದ್ ನೋಡಿ ಆ ಚೆಷರ್ ಬೆಕ್ಕು ಹಲ್ಲ್ ಕಿಸ್ಯೋ ಹಂಗೆ ನಕ್ಕೋತ ನಿಂತಿದ್ದೆ ನಾನು.,Happiness
ಕಾರ್ಗಿಲ್ ಯುದ್ಧದಾಗ ಸೈನಿಕ್ರು ದೇಶದ್ ಸಲ್ವಾಗಿ ತಮ್ ಜೀವಾ ಕೊಡೂ ಚಿತ್ರಾ ನೋಡ್ಕೋತ ನಂಗ್ ತಡ್ಯಾಕಾಗ್ಲಿಲ್ಲಾ.. ಕಣ್ಣಾಗ್ ನೀರ್ ದಳಾದಳಾಂತ ಹರಿಲಿಕತ್ತಿದ್ವು.,Sadness
ನನ್ ಮಗನಿಗಿ ಮಂದಿಯದ್ರ ಸ್ಟೇಜ್ ಮ್ಯಾಲ ನಿಂದ್ರಲಿಕ್ಕಿ ಅಂಜ್ಕ್ಯದ ಹಿಂಗಾಗಿ ಅವಾ ಹಾಡದ್ ಬಿಟ್ ಬ್ಯಾರೆ ಯಾವ್ದರೆ ಸಣ್ ಕೆಲ್ಸ ಮಾಡ್ಕೊಂತಾನೇನೂ ಅಂತ ನಂಗ ತಳಮಳಾಗ್ತದ.,Fear
ನಾನ್ ಮೌನವಾಗಿದ್ಬಿಡೋದೇ ಸರಿ. ಹಾಗಲ್ದೇ ನಾನೇನಾದ್ರೂ ನನ್ ಮ್ಯಾನೇಜರ್ ವಿರುದ್ಧ ಧ್ವನಿ ಎತ್ತಿದ್ರೆ ಅದ್ರಿಂದ ನನ್ ತಂಡದೋರೆಲ್ಲ ತೊಂದ್ರೆ ಅನ್ಭವಿಸ್ಬೇಕಾಗತ್ತೆ.,Fear
"ನಿಮ್ಗೆ ವಿಷ್ಯದ್ ಬಗ್ಗೆ ಏನೇನೂ ಗೊತ್ತಿಲ್ಲ, ಆಗ್ಲಿಂದ ಬಾಯಿಗ್ ಬಂದಿದ್ದೇ ಮಾತಾಡ್ತಿದೀರಲ, ಪ್ಯಾನಲ್ ಡಿಸ್ಕಷನ್ನಿಗ್ ಬರುವಾಗ ಸ್ವಲ್ಪನಾದ್ರೂ ವಿಷ್ಯ ತಿಳ್ಕೊಂಡ್ಬನ್ನಿ.",Anger
"ಮೊದ್ಲೇ ಓಪನ್ ಮಾಡಿರೋ ಪ್ಯಾಕೇಜ್ ತಗೊಳೋಹಾಗಾದ್ರೆ ಅಂತ ಕಳವಳ ಆಗ್ತಿದೆ ನಂಗೆ, ಹಿಂದೆನೂ ಆ ಥರ ಆಗಿತ್ತು. ಕೊರಿಯರ್ನೋರು ಈ ಸಮಸ್ಯೆ ಬಗ್ಗೆ ಪ್ರಾಮಾಣಿಕ್ವಾಗ್ ಗಮನವಹಿಸ್ತಾರೆ ಅನ್ಕೊತೀನಿ.",Fear
ಇಷ್ಟ್ ದೊಡ್ಡ್ ಅಂಗ್ಡಿ ಮತ್ ತಮ್ದೇ ಪಾರ್ಕಿಂಗ್ ಜಾಗಾ ಇಟ್ಗೊಂಡ್ರುನೂ ಕಸ್ಟಮರ್ಗೊಳ ಕಡಿಂದ ಪಾರ್ಕಿಂಗ್ ರೊಕ್ಕಾ ತೊಗೊತಾರ ಇವ್ರು? ಏನ್ ದುರಾಸಿ ಜನ ಅದಾರ್ರೀ!,Anger
ಅಷ್ಟೊಳ್ಳೆ ಕಾರ್ನ ನಮ್ಮ ವಾಶ್ ಬೇನಲ್ಲಿ ನೋಡ್ತೀವಿ ಅಂತ ನಾನ್ ಅಂದ್ಕೊಂಡೇ ಇರ್ಲಿಲ್ಲ.,Surprise
"ನನ್ ಅಂಗ್ಡಿ ಇರೋ ಜಾಗ ಸುತ್ತಮುತ್ತ ಎಲ್ಲ ಅಷ್ಟ್ ಸರಿ ಇಲ್ಲ, ಯಾರಾದ್ರೂ ಕಳ್ರು ನುಗ್ಗಿ ಎಲ್ಲ ದೋಚ್ಕೊಂಡ್ ಹೋಗ್ಬಿಡ್ತಾರೋ ಅಂತ ಭಯ ಆಗತ್ತೆ.",Fear
"ನೀವ್ ನಂಗೆ ಇಷ್ಟ್ ಕಳಪೆ ಪ್ರಾಡಕ್ಟ್ ಕೊಡ್ತೀರಿ ಅಂತ ನಾನ್ ಅನ್ಕೊಂಡಿರ್ಲಿಲ್ಲ, ಯಾಕ್ ಹೀಗ್ ಮಾಡುದ್ರಿ? ಏನಾದ್ರೂ ಹೆಚ್ಚೂಕಮ್ಮಿ ಆಗಿದ್ದಿದ್ರೆ ಏನ್ ಕಥೆ!",Anger
ನಂಗ್ ವಯಸ್ಸಾದ್ಮೇಲೆ ಯಾರೂ ನನ್ನನ್ನ ನೋಡ್ಕೊಳ್ದಿದ್ರೆ ಏನ್ ಗತಿ?,Fear
"ನಂಗ್ ಆ ಮಾರ್ಕೆಟ್ನ್ಯಾಗ್ ಛಂದ ಷಾಪಿಂಗ್ ಮಾಡದಿತ್ತ, ಆ ಟೂರ್ ಗೈಡ್ ಖೋಡಿ ಭಾಳ ಗಡಬಡ ಮಾಡ್ಯಾನ.",Anger
ತುಂಬಾ ವರ್ಷಗಳ್ ಅವಧಿಲಿ ಷೇರ್ಗಳಿಂದ ನಂಗ್ ಸಿಕ್ಕಿದ್ ಲಾಭದ್ಮೇಲೆ ಈಗ ಒಂದ್ಮಣ ತೆರಿಗೆ ಹಾಕ್ತಿರೋದು ನನ್ನನ್ನ ಯಾರೋ ದೋಚ್ತಿರೋ ಹಾಗನ್ನಿಸ್ತಿದೆ.,Sadness
"ಕೆಲ್ವು ವಿದ್ಯಾರ್ಥಿಗಳು ಪರೀಕ್ಷೆಲಿ ಹೇಗೆಲ್ಲ ಮೋಸ ಮಾಡ್ತಾರೆ, ಅದ್ರ್ ಬಗ್ಗೆ ಅವ್ರಿಗ್ ಸ್ವಲ್ಪನೂ ಪಶ್ಚಾತ್ತಾಪ ಇಲ್ದಿರೋದ್ ನೋಡ್ದಾಗ್ ನಂಗ್ ಜುಗುಪ್ಸೆ ಆಗತ್ತೆ.",Disgust
"ಪ್ಯಾರಿಸ್ಸಲ್ಲಿ ರೈಲ್ವೆ ಕ್ಲರ್ಕ್ ನನ್ಹತ್ರ ಇಂಗ್ಲಿಷಲ್ಲ್ ಮಾತಾಡೋಕ್ ಒಪ್ದಿದ್ದಾಗ ಅವ್ನನ್ನ ಸರ್ಯಾಗ್ ತರಾಟೆಗ್ ತಗೊಂಡೆ, ನಂಗ್ ಕೋಪ ನೆತ್ತಿಗೇರ್ಬಿಟಿತ್ತು.",Anger
"ಅಬಾಬಾಬಾ, ಗಾಡಿ ರಿಪೇರಿ ಇಷ್ಟ್ ಸೋವಿನ್ಯಾಗ್ ಆಗ್ತದಂತ ನಂಗ ಅನಸೇ ಇರ್ಲಿಲ್ಲಾ! ಬಂಪರ್ ನುಗ್ಗಾಗ್ಹೋಗಿತ್ತಲಾ ಹಿಂಗಾಗಿ ಹೆಚ್ಚ್ ಖರ್ಚ್ ಬರ್ತದಂತ ನಾ ಅನ್ಕೊಂಡಿದ್ದೆ.",Surprise
ಆ ಹೋಟೆಲಲ್ಲಿ ಬೆಳಗಿನ್ ತಿಂಡಿ ಹಳೇದಾಗೋಗಿತ್ತು ಮತ್ತೆ ಚೂರೂ ರುಚ್ಯಾಗೂ ಇರ್ಲಿಲ್ಲ ಅಂತ ನಂಗ್ ಅಲ್ಲಿನ್ ಅಡ್ಗೆ ಭಟ್ರ್ ಮೇಲೆ ನಖಶಿಖಾಂತ ಕೋಪ ಬಂತು.,Anger
"ರೈಲ್ವೆ ಬುಕಿಂಗ್ ಗುಮಾಸ್ತರೊಂದಿಗ್  ಮಾತಾಡಿ ವಿಷಯನ್ ಯಾಕ್ ಗೊಂದ್ಲ ಮಾಡ್ಬೇಕ್  ಅಂತ ನಾನ್  ಹೆದರ್ತೆನೆ,  ಯಾಕಂದ್ರೆ ಮೊದ್ಲೆಲ್ಲಾ ನಾನ್  ಯಾವಾಗ್ಲೂ  ಆನ್ಲೈನ್ನಲ್ ಬುಕ್ ಮಾಡ್ತಿದ್ದೆ.",Fear
ಅವ್ರು ನಿಜ್ವಾದ್ ಬೆಣ್ಣೆ ಬದ್ಲಿಗೆ ಮಾರ್ಗರೀನ್ ಬಳ್ಸ್ತಾರೆ ಅಂತ ಗೊತ್ತಾದ್ಮೇಲೆ ಆ ಬೇಕ್ರಿಯೋರ್ ಮಾಡೋ ಕೇಕ್ ಕಂಡ್ರೇ ಹೇಸ್ಗೆ ಅಗತ್ತೆ ನಂಗೀಗ.,Disgust
ಸತ್ಯನ ತಿರುಚಿ ಯಾವಾಗ್ಲೂ ಮನ್ಸಿಗ್ ಕ್ಷೋಭೆ ಆಗೋಥರದ್ ಸುದ್ದಿಗಳ್ನೇ ಪ್ರಕಟಿಸ್ತಾರೇಂತ ನ್ಯೂಸ್ ಪೇಪರ್ ತಗೊಳೋದ್ನೇ ಬಿಟ್ಬಿಟ್ಟೆ ನಾನು.,Disgust
ಏನು... ಈ ಅದ್ಬುತ ಹಾರನ್  ಕೈಯಿಂದ ಮಾಡಿದ್ದಾರಾ? ಅದ್ರಲ್ಲಿರೋ ಡೀಟೇಲ್ಸ್ ಮತ್ ವಿಶ್ವಾಸಾರ್ಹತೆಯು ನಾನ್  ನಿರೀಕ್ಷಿಸಿದ್ದಕ್ಕಿಂತ್  ಮೀರಿದೆ!,Surprise
ಫಂಕ್ಷನ್ನಲ್ಲಿ ನೀವ್ ನಮ್ಗೆ ಅಷ್ಟೆಲ್ಲ ಸಹಾಯ ಮಾಡಿದ್ನೋಡಿ ನಂಗ್ ನಿಜಕ್ಕೂ ಆಶ್ಚರ್ಯ ಆಯ್ತು.,Surprise
ಮನೆಲಿ  ಕರೆಂಟ್ ಹೋದಾಗ ಮತ್ ವಾತಾವರಣವು ನಲವತ್ತ್ ಡಿಗ್ರಿ ಸೆಂಟಿಗ್ರೇಡ್ ತಲುಪ್ದಾಗ ನಂಗ್  ತುಂಬಾ ದುಃಖವಾಯ್ತು.,Sadness
"ನೀವ್ ಆರ್ ವರ್ಷಗಳಿಂದ ಈ ಹುದ್ದೆಲಿದ್ರೂ, ಈ ವರ್ಷ ಬಡ್ತಿ ಕೊಡೋಕೆ ನಿಮ್ಮನ್ನ ಪರಿಗಣ್ಸಿಲ್ಲ ಅನ್ನೋದು ನಿಜಕ್ಕೂ ಆಶ್ಚರ್ಯ, ಯಾಕ್ ಹೀಗಾಯ್ತು?!",Surprise
"ಅವ್ರು ಪ್ರತೀ ವಸ್ತುನೂ ಅದ್ರ್ ಮೂಲ ಬೆಲೆಗಿಂತ ದುಪ್ಪಟ್ಟ್ ಬೆಲೆಗೆ ಮಾರಾಟ ಮಾಡ್ತಾ ಇದಾರೆ. ಏನ್ ಕೇಡ್ಗಾಲ ಬಂದಿದೆ ಅವ್ರಿಗೆ! ಥು, ಅಸಹ್ಯನಪ ಇದೆಲ್ಲ!",Disgust
"ಈ ಲೆಬನೀಸ್ ಊಟ ಮಸ್ತ್ ರುಚಿ ಅದ, ಸ್ವಾದ್ ಹೆಂಗ ನಾಜೂಕ್ ಹಿತಾ ಅದಲಾ.",Happiness
ನಾವೀಗ ಸ್ನೇಹಿತ್ರಾಗಿದೀವಿ ಮತ್ತೆ ರಾತ್ರಿ ಎಲ್ಲಾದ್ರೂ ಸೇರಿ ಒಟ್ಗೆ ಊಟ ಮಾಡೋರಿದೀವಿ.,Happiness
ಸನ್ಗ್ಲಾಸ್ ಹಟ್ ಅಂಗ್ಡಿಲಿ ರೇಬನ್ ಬ್ರ್ಯಾಂಡ್ನ ಅಷ್ಟೆಲ್ಲ ಥರಾವರಿ ಕನ್ನಡ್ಕಗಳಿರೋದ್ ನೋಡಿ ನಂಗ್ ಆಶ್ಚರ್ಯ ಆಯ್ತು.,Surprise
ನಮ್ ಹತ್ರ ಕೆಲ್ಸಕ್ ಇರೋರ್ನ ಆ ಕ್ಲೈಂಟ್ ಕೆಳಗೇ ನೇರ್ವಾಗ್ ಬಿಟ್ರೆ ಅವ್ರು ನಮ್ಮೋರ್ನೇ ತಮ್ಕಡೆಗ್ ಮಾಡ್ಕೊಂಡು ಅಲ್ಲೇ ಕೆಲ್ಸಕ್ ಸೇರ್ಸ್ಕೊಂಡ್ಬಿಡೋ ಸಾಧ್ಯತೆನೂ ಇರತ್ತೆ.,Fear
ಬ್ಯಾಂಕ್ ಖಾತೆ ತೆರ್ಯೋಕೆ ಕನಿಷ್ಠ ಒಂದ್ಗಂಟೆನಾದ್ರೂ ತಗೊಳತ್ತೆ ಅನ್ಕೊಂಡಿದ್ದೆ. ಆದ್ರೆ ನೀವ್ ನೋಡುದ್ರೆ ಬರೀ ಐದ್ ನಿಮಿಷ್ದಲ್ ಮಾಡ್ಕೊಟ್ಬಿಟ್ರಿ!,Happiness
ಓಹ್! ನಮ್ ರಾಜ್ಯದಲ್ಲಿ ಕಾಶ್ಮೀರಿ ವಿಲ್ಲೋ ಬ್ಯಾಟ್ಗಳ್ನ ಮಾರೋ ಅಂಗ್ಡಿಗಳು ತುಂಬಾನೇ ಅಪ್ರೂಪ. ನಿಮ್ಹತ್ರ ಅದು ಇದೆ ಅಂತ ಗೊತ್ತಾಗಿ  ನಂಗೆ ಆಶ್ಚರ್ಯ ಆಯ್ತು.,Surprise
ನಮ್ಮ ಗ್ರಾಹಕ ಸೇವೆಗೆ ಕರೆ ಮಾಡಿದ್ದಕ್ಕೆ  ಧನ್ಯವಾದಗಳು. ನಿಮ್ಗೆ ಸಹಾಯ ಮಾಡೋಕೆ ನಾವು ಸಂತೋಷವಾಗಿ ತಯಾರಿದ್ದೀವಿ.,Happiness
"ಇಲ್ಲೇ ಹತ್ರದಲ್ಲಿರೋ ಸೈಕಲ್ ಅಂಗ್ಡಿಲಿ ನನ್ ಬಜೆಟ್ಟೊಳ್ಗೇ ಸಿಗೋಂಥ ಬೈಕ್ಗಳ್ನ ನೋಡ್ದೆ, ನಾಳೆನೇ ಒಂದ್ ಸೈಕಲ್ ತಗೊಂಡ್ಬಿಡ್ತೀನಿ!",Happiness
ನಮ್ ಕಚ್ಚಾ ತೈಲದ್ ಟ್ಯಾಂಕರ್ ಉತ್ತರ ಅಟ್ಲಾಂಟಿಕ್ಕಲ್ಲಿ ಅಷ್ಟ್ ಭೀಕರವಾದ್ ಚಂಡಮಾರುತ್ದಲ್ಲಿ ಸಿಕ್ಕೊಂಡಿದ್ದಾಗ ನಂಗಂತೂ ಜೀವ ಬಾಯ್ಗ್ ಬಂದಿತ್ತು.,Fear
ಪುರಾತನ್ವಾದ್ ಕೋಟೆಯ ಗೋಡೆಗಳ್ನ ವಿರೂಪಗೊಳ್ಸೋಂಥ ಈ ಗೋಡೆ ಬರಹಗಳು ಮತ್ತೆ ಗೀಚಿರೋ ಚಿತ್ರಗಳ್ನ ನೋಡ್ತಿದ್ರೆ ನಂಗ್ ಕೆಂಡಾಮಂಡ್ಲ ಆಗ್ತಿದೆ.,Anger
ಮುಂದಿನ್ ಭಾನ್ವಾರ ಚೆನ್ನೈಯಲ್ಲಿ ಚಾಂಪಿಯನ್ಸ್ ಹಾಕಿ ಪಂದ್ಯಗಳ್ನ ನೋಡ್ಬೇಕೂಂತ ನಾನ್ ತುದಿಗಾಲಲ್ಲ್ ನಿಂತಿದೀನಿ.,Happiness
ಎಲ್ರೂ ಯಾವಾಗ್ಲೂ ಮೊದ್ಲಿಗೆ ನನ್ನನ್ನೇ ಯಾಕ್ ದೂಷಿಸ್ತಾರೆ? ನಾನೇನ್ ಬಿಟ್ಟಿ ಬಿದ್ದಿದೀನಾ!,Anger
"ಆ ಐ.ಟಿ. ಕಂಪ್ನಿದವ್ರು ಮೊದ್ಲ ತಮ್ ಕೆಲ್ಸದವ್ರಿಗಿ ದುಡಸ್ಗೊಂಡ್ ಆಮ್ಯಾಲ್ ಒಂಚೂರೂ ನಾಚಿಕಿ ಇರ್ಲಾರ್ದೇ  ತಗದ್ಹಾಕ್ಯಾರ, ಇಂಥಾ ದಗಾದ್ ಮಂದಿಗಿ ನೋಡಿದ್ರ ನಂಗ ಸಿಟ್ ಬೆಂಕ್ಯಾಗ್ತದ.",Anger
"ನಾವ್ ನಮ್ ಅಂಗ್ಡ್ಯಾಗೊಂದ್ ಹೊಸಾದ್ ಲಾಯಲ್ಟಿ ಪ್ಲಾಟ್ಫಾರ್ಮ್ ಅಂತ ಸುರು ಮಾಡೀವಿ, ನಮ್ ಕಸ್ಟಮರ್ಗಳ್ ಹಿಂಗ್ ಖುಷ್ ಆಗ್ಯಾರಂದ್ರ ಹೇಳಂಗೇ ಇಲ್ಲ.",Happiness
"ಅಬ್ಬಬ್ಬಾ! ತಂಜಾವೂರ್ ದೇವಸ್ಥಾನನ ಕಟ್ಟಿರೋ ರೀತಿ, ಅದ್ರಲ್ಲೂ ಅದ್ರ್ ಗೋಪ್ರದ್ ಮೇಲ್ಗಡೆ ಇರೋ ಆ ಕಲ್ಲಿನ್ ಗುಂಬ ಎಲ್ಲ ನಿಜಕ್ಕೂ ಅದ್ಭುತ!",Surprise
"ನಂಗೆ ಮುಖ್ಯವಾಗಿ ಒಂದ್ ಹಾಯಾಗಿರೋ ಸೋಫಾ ಜೊತೆಗೆ ಓದೋಕೆ, ಊಟ ಮಾಡೋಕೆಲ್ಲ ಆಗೋ ಥರ ಒಂದ್ ಮೇಜು ಬೇಕಿತ್ತು. ನಿಮ್ಹತ್ರ ಅವೆರಡೂ ಸಿಗತ್ವೆ ಅಂದ್ರೆ ತುಂಬಾ ಸಂತೋಷ!",Happiness
"ನಿನ್ನೆ ರಾತ್ರಿ ಐದೈದ್ ಗ್ಲಾಸ್ ಲಿಂಬು ಸೋಡಾ ಕುಡ್ದಾನ, ಇವತ್ ನನ್ ಮಗಾ ಸ್ಟೇಜಿನ್ ಮ್ಯಾಲ್ ನಿಂತ್ ಹೆಂಗ ಹಾಡ್ತಾನೋ ಏನೋ ದೇವ್ರಿಗೇ ಗೊತ್ತ.",Fear
ನಾ ಪ್ಲೈಮೌತ್ ಮೀಟಿಂಗ್ನ್ಯಾಗಿರೋ ಒಂದ್ ಭಾರತದ್ ಅಂಗ್ಡಿಲಿಂದ ಇಪ್ಪತ್ತು ಕೆಜಿ ವಜ್ಝಿದಿದ್ ಅಕ್ಕಿ ಚೀಲಾ ಹೊತಗೊಂಡ್ ಬರೋ ಹೊತ್ತಿಗ್ ನಂಗ್ ಭಯಂಕ್ರ ಹೈರಾಣಾಗಿತ್ತ್ ಮತ್ ಅಷ್ಟೇ ಬ್ಯಾಸ್ರೂ ಆಯ್ತು.,Sadness
ಈ ಡಬ್ಬಾ ಬಟ್ಟೆಗಳ್ನ ಹಾಕೊಳಿ ಅಂತ ಯಾಕ್ ಬಲ್ವಂತ ಮಾಡ್ತಿದೀರ ನಮ್ಗೆ?! ಚೆನ್ನಾಗ್ ಕಾಣ್ಸೋ ಬಟ್ಟೆ ಯಾವ್ದೂ ಇಲ್ವಾ ನಿಮ್ಹತ್ರ?!,Anger
ನಿಮ್ ಮಾತಿನ್ ರೀತಿ ನಂಗೊಂಚೂರೂ ಹಿಡ್ಸಂಗಿಲ್ಲ. ನೀವ್ ಆಡ ಮಾತು ಬ್ಯಾರೆಯವ್ರ್ ಮನಸ್ಸಿಗಿ ಎಷ್ಟ್ ತ್ರಾಸ ಮಾಡಭೌದ್ ಅನ್ನದು ನಿಮ್ಗ್ ಲಕ್ಷ್ಯಕ್ಕಾ ಇಲ್ಲಲಾ.,Anger
ಕಿರಾಣಿ ಅಂಗ್ಡಿಲಿ ನಾವೆಲ್ಲ ಸರ್ತಿ ಸಾಲಲ್ಲ್ ನಿಂತಿದ್ರೆ ಅದ್ಯಾರೋ ಮಧ್ಯೆ ಬಂದ್ ಸೇರ್ಕೊಂಡಾಗ ನಂಗ್ ಅವ್ರ್ ಮೇಲೆ ಕೆಟ್ಟ್ ಕೋಪ ಬಂತು.,Anger
"ನಮ್ಮಪ್ಪ ನನ್ ಅಂಕಪಟ್ಟಿ ನೋಡಿದ್ರೆ, ಅವ್ರ್ ಇನ್ನೇನ್ ಹೇಳ್ತಾರೋ ಗೊತ್ತಿಲ್ಲ ನಂಗೆ.",Fear
"ಮಗನೇ, ನನ್ ಆಫೀಸ್ ಲ್ಯಾಪ್ಟಾಪಲ್ಲಿ ಆಟ ಆಡ್ಬೇಡ ಅಂತ ನಾನ್ ನಿಂಗೆಷ್ಟ್ ಸಲ ಹೇಳಿದೀನಿ? ಅರ್ಥನೇ ಆಗಲ್ವಾ ನಿಂಗೆ?!",Anger
ಒಂದ್ ಸಣ್ಣ್ ರಿಪೇರಿಗೆ ಈ ಮೆಕ್ಯಾನಿಕ್ ಒಂದ್ರಾಶಿ ಚಾರ್ಜ್ ಮಾಡ್ತಿದಾನೆ. ಬಿಟ್ರೆ ಇವ್ನು ನನ್ ಪರ್ಸಲ್ಲಿರೋದ್ನೆಲ್ಲ ದೋಚೋ ಹಾಗಿದೆ. ಹಗಲ್ ದರೋಡೆ ಇದು!,Anger
ಒಕ್ಕಲ್ತನಾ ಮಾಡ್ಲಿಕ್ಕಿ ಇಷ್ಟೆಲ್ಲಾ ಥರದ್ ಸಾಮಾನ್ ಬೇಕಾಗ್ತಾವಂತ ನಂಗ್ ಅಗಾಧಾಯ್ತು. ಗುದ್ದಲಿ ಸಲಿಕಿನೇ ಇಷ್ಟ್ ಬ್ಯಾರೆಬ್ಯಾರೆ ಇರ್ತಾವಂತ ಯಾರಿಗ್ ಗೊತ್ತಿತ್ ಹೇಳ?,Surprise
ನನ್ ಖಾತೆಲಿ ಬ್ಯಾಲೆನ್ಸ್ ಕನಿಷ್ಠ ಎಷ್ಟ್ ಇರ್ಬೇಕೋ ಅದ್ಕಿಂತ್ಲೂ ಕಮ್ಮಿ ಆಗೋಗಿದೆ ಅಂತ ಗೊತ್ತಾದಾಗ ತುಂಬಾ ಟೆನ್ಷನ್ ಆಗೋಯ್ತು ನಂಗೆ.,Fear
"ನಾವು ಒಂದ್ ವರ್ಷದ್ ಹಿಂದೆ ಇದ್ದಿದ್ದಕ್ಕಿಂತ ಕಡ್ಮೆ ದುಡ್ಡ್ ಗಳಿಸ್ತಿದೀವಿ, ಮತ್ತೆ ನಾವ್ ತಲುಪ್ಬೇಕಿರೋ ಗುರಿಗಳಿಂದ ಇನ್ನೂ ಭಾಳ ದೂರನೇ ಇದೀವಿ. ನಾಚ್ಕೆ ಆಗ್ಬೇಕು ನಮ್ಗೆ!",Disgust
"ಕಟ್ಬೇಕಿದ್ದಿದ್ದಕ್ಕಿಂತ ಜಾಸ್ತಿ ಬ್ಯಾಂಕಿಂಗ್ ಫೀಸ್ ಕಟ್ಬಿಟಿದ್ದೆ, ಸದ್ಯ ಆ ದುಡ್ಡ್ ವಾಪಸ್ ಬಂದಿದ್ದು ದೊಡ್ಡ್ ಸಮಾಧಾನ ಆಯ್ತ್ ಈಗ.",Happiness
ಅದ್ನ ಕೇಳಿ ಬೇಜಾರಾಗ್ತಿದೆ ನಂಗೆ. ನಿಮ್ಗೆ ನಿರ್ದಿಷ್ಟವಾಗಿ ಯಾವುದ್ರ್ ಬಗ್ಗೆ ಅಸಮಾಧಾನ ಆಗಿದ್ದು ಅಂತ ವಿವರವಾಗ್ ಹೇಳ್ತೀರ ದಯ್ವಿಟ್ಟು?,Sadness
"ನಿನ್ ಕೋಣೆ ಸ್ವಚ್ಛ ಮಾಡ್ಕೋ ಅಂತ ನಿಂಗ್ ನಾನಿದೇ ಕೊನೇ ಸಲ ಹೇಳ್ತಿರೋದು.. ಕತ್ತೆ ಅಷ್ಟ್ ವಯಸ್ಸಾಗಿದೆ, ಆದ್ರೂ ನಯಾಪೈಸ ಪ್ರಯೋಜ್ನ ಇಲ್ಲ ನೀನು.",Anger
"ಅಯ್ಯಯ್ಯಾ! ಅವ್ರಿಬ್ರೂ ತಲೆಯಿಂದ ಚೆಂಡನ್ನ ಹೊಡ್ಯೋಕ್ ಪ್ರಯತ್ನಿಸ್ತಿದ್ರು, ಅಕಸ್ಮಾತ್ತಾಗಿ ಅವ್ರ್ ತುಟಿಗಳು ತಾಗ್ಬಿಟ್ವು.",Disgust
ನಂಗೆ ಗೆಲ್ಲೋಕ್ ತುಂಬಾ ಕಷ್ಟ ಅನ್ಸಿರೋ ಎದುರಾಳಿನ ಎದುರ್ಸಕ್ಕೆ ಬಾಕ್ಸಿಂಗ್ ರಿಂಗೊಳಗ್ ಕಾಲಿಡ್ತಿದ್ಹಾಗೇ ನನ್ ತಳಮಳ ಎಷ್ಟ್ ಜಾಸ್ತಿ ಆಯ್ತೂಂದ್ರೆ ಅಲ್ಲೇ ಇರೋಬರೋ ದೇವ್ರಿಗೆಲ್ಲ ಹರ್ಕೆ ಹೊತ್ಕೊಂಬಿಟ್ಟೆ.,Fear
"ಆಸ್ಪತ್ರೆಲಿ ಸರ್ಜರಿಗ್ ಆಗಿದ್ ಖರ್ಚಲ್ಲಿ ಸಾಕಷ್ಟೆಲ್ಲ ನನ್ ಇನ್ಶೂರೆನ್ಸಲ್ ಕವರ್ ಆಗತ್ತೆ ಅನ್ಕೊಂಡಿದ್ದೆ, ಆದ್ರೆ ಏರ್ತಾನೇ ಇರೋ ಬಿಲ್ಸ್ ನೋಡ್ತಿದ್ರೆ ಬೇಜಾರಾಗತ್ತೆ.",Sadness
ಆ ನಟ ತನ್ ಆಡಿಷನ್ನ ಮುಗಿಸ್ತಿದ್ಹಾಗೇ  ನಿರ್ದೇಶಕ್ರು ಮುಖ ತಿರುವಿದ್ರು ಅನ್ಸ್ತು ನಂಗೆ.,Disgust
ಯು.ಎಸ್.ಗೆ ಪ್ರಯಾಣ ಮಾಡೋಕೆ ಅಧಿಕೃತ ಅನುಮತಿ ಇಲ್ಲಾಂತ ದುಬೈಯಲ್ಲಿ ನನ್ ಮಗಂಗೆ ಬೋರ್ಡಿಂಗ್ ಪಾಸ್ನೇ ಕೊಡ್ದೇ ಇದ್ದಿದ್ದು ನಂಗ್ ದೊಡ್ಡ್ ಷಾಕ್ ಆಗಿತ್ತು.,Surprise
"ಗಾಡಿ ರಿಪೇರಿ ಮಾಡಸ್ಲಿಕ್ಕಿ ಭಾಳ ಖರ್ಚಾಗ್ತದಂತ ಅಂದಾಜದ, ಅದ್ರಲಿಂದ ನನ್ ರೊಕ್ಕಾ ಖಾಲಿನೇ  ಆಬಿಡ್ತಾವ. ನನ್ ಬಜೆಟ್ಟಿಗಿ ದೊಡ್ ಹೊಡತ್ ಬಿದ್ದದ.",Sadness
ಎಷ್ಟೆಲ್ಲ ಮಾಡಿದ್ರೂ ಪ್ರಾಜೆಕ್ಟ್ ಕೈಗೂಡ್ತಾ ಇಲ್ವಲ ಅನ್ನೋ ಆತಂಕ್ದಲ್ಲಿ ನಿದ್ದೆಯಿಲ್ದೇ ರಾತ್ರಿಗಳ್ನ ಕಳೀತಾ ಇದೀನಿ.,Fear
ಹೀಗಾ ನೀವ್ ನಿಮ್ ಮಕ್ಳನ್ ಬೆಳ್ಸಿರೋದು? ಇದೇನಾ ನಿಮ್ ಸಂಸ್ಕಾರ?! ಅವ್ರಿಗೆ ಪ್ರಶ್ನೆ ಕೇಳ್ದಾಗ್ಲೆಲ್ಲಾ ಜೋರಾಗಿ ನಂಗೇ ಎದ್ರು ಮಾತಾಡ್ತಾರೆ ಅವ್ರು.,Anger
ವಿಳಾಸದ ನಿಖರ್ವಾದ್ ಸ್ಥಳನ ಕಂಡ್ಹಿಡ್ಯೋದ್ರಲ್ಲಿ ಕ್ಯಾಬ್ ಡ್ರೈವರ್ ಗೊಂದಲ ಮಾಡ್ಕೊಂಡು ಪ್ರಯಾಣ ಇಡೀ ಸಾಕ್ಸಾಕಾಗೋಯ್ತು ನಮ್ಗೆ.,Disgust
ಈ ಬೇಸಿಗೆಲಿ ಹಿಮಾಲಯದ್ ಗಿರಿಧಾಮಗಳಲ್ಲಾಗಿರೋ ಟ್ರಾಫಿಕ್ ಜಾಮ್ ನೋಡಿ ನಂಗ್ ದಿಗ್ಭ್ರಮೆ ಆಗೋಯ್ತು. ಅಬ್ಬಬ್ಬಾ! ಅದೇನ್ ಜನ ಮರುಳೋ ಜಾತ್ರೆ ಮರುಳೋ ಅಂತಾರಲ ಹಾಗೆ!,Surprise
"ನಾನ್ ಜಾಸ್ತಿ ದುಡ್ಡ್ ವಿದ್ಡ್ರಾ ಮಾಡಕ್ಹೋಗಿದ್ದಾಗ ಸುತ್ಲೂ ಒಂದ್ಸಲ ನೋಡಿದ್ರೆ ನಾಲ್ಕ್ ಜನ ಅನುಮಾನ ಬರೋ ಥರ ಬ್ಯಾಂಕಿನ್ ಸುತ್ತ ಸುಮ್ಸುಮ್ನೇ ಸುತ್ತಾಡ್ತಾ ಇದ್ರು, ನಂಗಂತೂ ದುಡ್ಡ್ ತೆಕ್ಕೊಳಕ್ಕೆ ಧೈರ್ಯನೇ ಬರ್ಲಿಲ್ಲ.",Fear
"ನಂಗೆ ಗ್ಯಾಸ್ ವಾಸ್ನೆ ಬರ್ತಿದೆ, ಇಂಥ ಟೈಮಲ್ಲಿ ಲೈಟ್ ಸ್ವಿಚ್ ಆನ್ ಮಾಡಕ್ಕೇ ಭಯನಪ್ಪ! ಅಪ್ಪಿತಪ್ಪಿ ಸಿಲಿಂಡರ್ ಢಮ್ ಅಂದ್ಬಿಟ್ರೆ ಏನ್ ಗತಿ ಆಮೇಲೆ!",Fear
ನನ್ ಹೆಂಡ್ತಿ ಭಾರತಕ್ ಬಂದಿಳ್ದಾಗ ಆಸ್ಪತ್ರೆಲಿ ಸರ್ಜರಿ ಆದ್ಮೇಲೆ ಅವ್ರ್ ತಂದೆ ತೀರ್ಕೊಂಡಿರೋ ವಿಷ್ಯ ಗೊತ್ತಾಗಿ ಏರ್ಪೋರ್ಟಲ್ಲಿ ಅವ್ಳನ್ನ ಹೇಗ್ ಸಂಭಾಳ್ಸೋದು ಅಂತ್ಲೇ ಗೊತ್ತಾಗ್ಲಿಲ್ಲ.,Sadness
"ಸ್ಥಳೀಯ ವಸ್ತುಸಂಗ್ರಹಾಲಯ್ದಲ್ಲಿ ಪ್ರದರ್ಶನಕ್ಕಿಟ್ಟಿರೋ ವಸ್ತುಗಳ್ ಬಗ್ಗೆ ಇರೋ ವಿವರಣೆಗಳ್ಯಾವ್ದನ್ನೂ ಇಂಗ್ಲಿಷಿಗ್ ಅನುವಾದನೇ ಮಾಡಿಲ್ಲ, ನಂಗದ್ನ ಓದೋಕ್ ಬರ್ದೇ ಏನೂ ಅರ್ಥನೇ ಆಗ್ಲಿಲ್ಲ.",Sadness
ಸರ್ಕಾರ ನಿವೃತ್ತಿ ವಯಸ್ಸನ್ನ ಜಾಸ್ತಿ ಮಾಡ್ದಾಗ ಫ್ರಾನ್ಸಿನ್ ಜನ ರೊಚ್ಚಿಗೆದ್ದಿದ್ರು.,Anger
ದಿನದಲ್ಲಿ ನನ್ ಸ್ಟಾಕ್ಗಳ್ ಬೆಲೆ ಜಾಸ್ತಿ ಆಗೋದ್ನ ನೋಡ್ವಾಗ ಆಗೋ ಸಂತೋಷಕ್ಕೆ ಇನ್ಯಾವ್ದೂ ಸಾಟಿಯಿಲ್ಲ.,Happiness
ಈ ಕಿಚನ್ ಸಿಂಕ್ ನೀರೇ ಹೋಗಕ್ಕಾಗ್ದಿರೋ ಥರ ಮುಚ್ಹೋಗಿ ಎಲ್ಲ ಗಲೀಜೂ ಅಲ್ಲೇ ತುಂಬ್ಕೊಂಡು ಸಿಕ್ಕಾಪಟ್ಟೆ ವಾಸ್ನೆ ಬರ್ತಿದೆ.,Disgust
ಭಾರತದ್ ಪರಿಸ್ಥಿತಿಲಿ ಇಷ್ಟೆಲ್ಲ ಬದ್ಲಾವಣೆ ಆಗ್ತಿರೋದ್ ನೋಡ್ತಿದ್ರೆ ನಂಗೆ ನಮ್ ದೇಶ್ದಲ್ಲಿ ಇನ್ಮುಂದೆ ಎಲ್ಲ ಒಳ್ಳೇದೇ ಆಗತ್ತೆ ಅನ್ನೋ ನಂಬ್ಕೆ ಹುಟ್ತಿದೆ.,Happiness
"ಕಾರ್ಯಕ್ರಮ ನಡೀವಾಗ ಕೆಲ್ವೆಲ್ಲ ಸಮಸ್ಯೆ ಆಯ್ತಾದ್ರೂ, ಅದ್ರಿಂದ ಪಾಠ ಕಲಿಬೇಕು ಮತ್ತೆ ಮುಂದಿನ್ಸಲ ಹಾಗಾಗ್ದೇ ಇರೋ ಥರ ನೋಡ್ಕೊಬೇಕು ಅಂತೆಲ್ಲ ನಮ್ ಈವೆಂಟ್ ಮ್ಯಾನೇಜರ್ ಅನ್ಕೊಂಡಿದ್ನೋಡಿ ನಂಗವ್ರ್ ಬಗ್ಗೆ ಮೆಚ್ಗೆ ಆಯ್ತು.",Happiness
"ನನ್ ತರಗತಿಲಿ ತುಂಬಾನೇ ಖಿನ್ನತೆಗ್ ಒಳಗಾಗಿರೋ ಒಬ್ಬ ಚಿಕ್ಕ್ ಹುಡ್ಗ ಇದಾನೆ, ಯಾರೂ ಅವ್ನ್ ಹತ್ರ ಮಾತೇ ಆಡೋಲ್ಲ. ನಂಗ್ ಅವ್ನ್ ಬಗ್ಗೆ ಯೋಚಿಸ್ದಾಗೆಲ್ಲ ಬೇಜಾರಾಗತ್ತೆ.",Sadness
"ಈ ಆಪ್ತಸಲಹೆಗಾರ್ತಿ ನನ್ ಸಮಸ್ಯೆಗಳ್ನ ನಿಭಾಯ್ಸೋ ರೀತಿನೇ ಭಾಳ ಮೆಚ್ಗೆ ಆಗತ್ತ್ ನಂಗೆ. ಆಕೆ ನನ್ ಸಮಸ್ಯೆನ ತಮ್ದೇ ಅನ್ನೋಮಟ್ಗೆ ಅರ್ಥ ಮಾಡ್ಕೊತಾರೆ, ಯಾವಾಗ್ಲೂ ತಾಳ್ಮೆಯಿಂದಿರ್ತಾರೆ.",Happiness
ಟೇಕ್ ಆಫ್ ಮಾಡಕ್ಕೆ ಸಿದ್ಧ್ವಾಗಿ ಸ್ಕೀ ಜಂಪ್ ಮೇಲ್ ನಿಂತಿದ್ದಾಗ ಭಯಕ್ಕೆ ಹೊಟ್ಟೆಯೆಲ್ಲ  ತೊಳ್ಸ್ಬಿಡ್ತು ನಂಗೆ.,Fear
"ನನ್ ಮಗು ಹೆಸ್ರಲ್ಲ್ ಖಾತೆ ತೆರ್ಯುವಾಗ ಏನಾದ್ರೂ ಸಮಸ್ಯೆ ಆಗಿ ಬ್ಯಾಂಕ್ನೋರು ಮಾಡಕ್ಕಾಗಲ್ಲ ಅಂದ್ಬಿಡ್ತಾರೋ ಅಂತ ಕಳವಳ ಆಗ್ತಿದೆ, ಎಲ್ಲ ಸಲೀಸಾಗ್ ಆಗ್ಬಿಟ್ರೆ ಸಾಕಪ್ಪ.",Fear
"ಒಬ್ಬ ಆಹಾರ ವಿಮರ್ಶಕ ಆಗಿ, ನಂಗೆ ಈ ಹೊಸ ರೆಸ್ಟೋರೆಂಟಲ್ಲಿ ಊಟ ಏನ್ ಹೀಗಿದ್ಯಲ್ಲ ಅಂತ ಚಿಂತೆ ಆಗ್ತಿದೆ. ಅಡ್ಗೆ ಭಟ್ರು ಕೆಲ್ವೆಲ್ಲ ಮಸಾಲೆ ಪದಾರ್ಥಗಳ್ನ ಹಾಕೋದ್ನೇ ಮರ್ತ್ಬಿಟಿದಾರೆ ಅನ್ಸತ್ತೆ.",Fear
ನಾನು ಮುದ್ದಾದ್ ಹೆಣ್ಣು ಮಗುಗೆ ತಂದೆ ಆಗಿದೀನಿ ಅಂತ ನರ್ಸ್ ಬಂದು ಹೇಳ್ದಾಗ ಆನಂದದ್ ಕಣ್ಣೀರಲ್ಲಿ ನನ್ ಮುಖ ಎಲ್ಲ ತೋಯ್ದ್ ಹೋಯ್ತು.,Happiness
"ಏನೋ ಪಾಪ ಆ ಭಿಕ್ಷುಕಂಗ್ ಹಸ್ವಾಗಿರತ್ತೆ ಅಂತ ಊಟ ಕೊಡ್ಸಿದ್ರೆ ಅದ್ನ ಮುಲಾಜಿಲ್ದೇ ಕಸದ್ ಬುಟ್ಟಿಗ್ ಎಸಿತಾನಲ ಅವ್ನು, ಎಷ್ಟ್ ಅಹಂಕಾರ ಇರ್ಬೇಕ್ ಅವ್ನಿಗೆ!",Anger
"ಒಂದ್ ಮುಖ್ಯವಾದ್ ಮೀಟಿಂಗ್ ಇರೋದ್ರಿಂದ ನಿನ್ನೆ ರೈಲ್ ಟಿಕೆಟ್ನ ಮುಂದೂಡ್ಸಿ ಅಂತ ನಾನ್ ನಿಮ್ಗೆ ಹೇಳಿದ್ದೆ ತಾನೇ! ಆದ್ರೆ ಇನ್ನೂ ಯಾಕ್ ಮಾಡಿಲ್ಲ ನೀವದ್ನ, ಏನ್ ಮಾಡ್ತಾ ಇದೀರ ಆಗ್ಲಿಂದ?",Anger
"ಮನೆಲ್ ಕಳ್ತನ ಆಗಿದ್ರೂ ಸದ್ಯ ನಿಮ್ ಜೀವಕ್ಕೇನ್ ಅಪಾಯ ಆಗಿಲ್ದಿರೋದು ಸಂತೋಷ, ನಿಮ್ಮನೆಲ್ ಕಳ್ತನ ಮಾಡಿರೋ ಕಿಡಿಗೇಡಿಗಳ್ನ ನಾವ್ ಖಂಡಿತ್ವಾಗ್ಲೂ ಪತ್ತೆ ಮಾಡ್ ಹಿಡ್ದಾಕ್ತೀವಿ.",Happiness
ಅಷ್ಟೊಳ್ಳೆ ಸುದ್ದಿ ಕೇಳಿ ಅವ್ನ್ ಕಣ್ಗಳು ಲಕ್ಷಾಂತ್ರ ನಕ್ಷತ್ರಗಳ್ ಥರ ಮಿಂಚ್ತಿದ್ವು.,Happiness
"ಸರಿ, ನಿಮ್ಗದು ಸರ್ಯಾಗ್ ಅರ್ಥಾಗಿದೆ ಅನ್ನೋದ್ನ ಖಾತ್ರಿ ಮಾಡ್ಕೊಳಿ ದಯ್ವಿಟ್ಟು. ಮತ್ತೆ ಇನ್ನೊಂದ್ಸಲ ಇದ್ಕೋಸ್ಕರ ನನ್ ಸಮಯ ಅಥ್ವಾ ದುಡ್ಡನ್ನ ವ್ಯರ್ಥ ಮಾಡಕ್ಕಿಷ್ಟ ಇಲ್ಲ ನಂಗೆ.",Fear
"ನಮ್ ಮನೇಲಿ ನಂಗೋಸ್ಕರ ನೀವ್ ಮಾಡ್ಕೊಟ್ಟಿರೋ ಕೆಲ್ಸಗಳೆಲ್ಲ ತುಂಬಾ ಚೆನ್ನಾಗಾಗಿವೆ, ಯಾರ್ಗಾದ್ರೂ ಒಳ್ಳೆ ಗಾರೆಕೆಲ್ಸದೋರ್ ಬೇಕೂಂದ್ರೆ ನಿಮ್ಹೆಸ್ರೇ ಹೇಳ್ತೀನಿ.",Happiness
ಯಲ್ಲಾರ್ ಮುಂದ್ ನಂಗ್ ಮನ್ಸಿಗಿ ಬಂದ್ಹಂಗ ಅನ್ಲಿಕ್ಕಿ ನಿಂಗೇನ್ ಹಕ್ ಅದ?!,Anger
"ಬೆಂಗ್ಳೂರ್ನ್ಯಾಗ್ ಭಾಳ ಮಂದಿ ಅಡ್ಯಾಡ ಹೊತ್ತನ್ಯಾಗ ಯಾಪರಿ ಟ್ರಾಫಿಕ್ ಆಗ್ತದ ಛೀ, ಛೀ, ಬ್ಯಾಡದು. ಅಂಥಾ ರೋಡಿನ್ ಮ್ಯಾಲ್ ಸಿಗಿಹಾಕ್ಕೋಳದಂದ್ರ ನಂಗ್ ಉಸರ್ಗಟ್ಟದ್ಹಂಗ ಆಗ್ತದ.",Disgust
"ಆ ಗ್ಯಾಸ್ ಏಜೆನ್ಸಿಯೋರು ಗ್ಯಾಸ್ ಸಿಲಿಂಡರ್ಗೆ ಪ್ರೀಮಿಯಂ ಬೇರೆ ಕಟ್ಟಿಸ್ಕೊಳೋ ಮೂಲ್ಕ ಬಡವ್ರಿಗೆ ಮೋಸ ಮಾಡ್ತಿದ್ರಂತೆ! ಥು, ಇನ್ನೆಂಥ ಭಂಡ್ ಜನ ಇರ್ಬೇಕವ್ರು!",Disgust
ಭಾರತ ಅಮೆರಿಕಾಗ್ ಅಕ್ಕಿ ರಫ್ತ್ ಮಾಡದ್ ಬಂದ್ ಮಾಡ್ತದಂತ ಸುದ್ದಿ ಹಬ್ಸಿದ್ದಕ್ಕ ಎನ್.ಆರ್.ಐ.ಗಳ್ ಕಂಡ್ಕಂಡಂಗ್ ಅಕ್ಕಿ ಖರೀದಿ ಮಾಡ್ಕೊಂಡ್ ಕುಂತಾರಂತ ಈಗ!,Surprise
"ಕೊನೆಗೂ ನನ್ ಎಲ್ಲಾ ನಿರೀಕ್ಷೆಗಳ್ಗೂ ಹೊಂದ್ಕೆ ಆಗೋ ಥರದ್ ಜಾಗ ಸಿಕ್ಕಿದೆ, ತುಂಬಾ ಸಂತೋಷ, ಸಮಾಧಾನ ಇದೆ ನಂಗದ್ರ್ ಬಗ್ಗೆ.",Happiness
ಪಿಂಕ್ ಪ್ಯಾಂಥರ್ ಸಿನಿಮಾದಾಗ ಪೀಟರ್ ಸೆಲ್ಲರ್ಸ್ಗ್ ನೋಡಿ ನಂಗ ನಕ್ನಕ್ ಹೊಟ್ಟಿಹಿಡ್ಕೊಂಡ್ತು .,Happiness
ನಾನ್ ಮದ್ವೆ ಆಗ್ತಿರೋ ಹುಡ್ಗಿನ್ ಭೇಟಿ ಮಾಡಾದ್ಮೇಲೆ ನಂಗ್ ಸ್ವರ್ಗ ಮೂರೇ ಗೇಣು ಅನ್ನಿಸ್ತಿದೆ.,Happiness
ಈ ವರ್ಷ್ ಕಂಪನಿಗಿ ರಗಡ ಫಾಯ್ದಾ ಆಗ್ಯಾದ ಅಂದ್ರನೂ ನನ್ ವರ್ಷದ್ ಬೋನಸ್ ಕಮ್ಮಿ ಮಾಡ್ಯಾರ ಅದೇ ನನ್ ವದ್ದಾಟ.,Sadness
"ಇಶ್ಶ್! ಈ ಟೇಬಲ್ ಎಷ್ಟ್ ಕೊಳಕಾಗಿದೆ, ಸ್ವಲ್ಪನೂ ಅಚ್ಚ್ಕಟ್ಟಿಲ್ಲ ಮತ್ತೆ ಈ ರೆಸ್ಟೋರೆಂಟ್ ಕಸದ್ ಡಬ್ಬಿ ಥರ ಕಾಣಿಸ್ತಿದೆ, ಅಸಹ್ಯ!!",Disgust
ನಾಳೆ ಪರೀಕ್ಷೆ ಇಟ್ಕೊಂಡು ನೀನ್ಯಾಕ್ ಇಲ್ಲ್  ಕೂತ್ಕೊಂಡ್ ವೀಡಿಯೋ ಗೇಮ್ ಆಡ್ತಿದ್ಯಾ? ಸ್ವಲ್ಪನೂ ಜವಾಬ್ದಾರಿ ಇಲ್ವಾ ನಿಂಗೆ?,Anger
ಮ್ಯಾರಥಾನ್ ಆದ್ಮೇಲೆ ಬೆಸಂಟ್ ನಗರ್ ಬೀಚ್ ಪೂರ್ತಿ ಕಸದಿಂದ ತುಂಬೋಗಿದ್ದಿದ್ ನೋಡಿ ನಂಗ್ ತುಂಬಾ ನಿರಾಶೆ ಆಯ್ತು.,Sadness
"ಅವ್ರು ಗುಂಪಾಗಿ ಹೋಗಿದ್ರು, ಆದ್ರೆ ಅವ್ಳೊಬ್ಳು ಮಾತ್ರ ವಾಪಸ್ ಬಂದಿದ್ದು.",Sadness
ಪೇಟೆಲಿ ನನ್ ನೆಚ್ಚಿನ ಎಷ್ಟೋ ಪುಸ್ತಕದಂಗ್ಡಿಗಳು ಮುಚ್ಚೋಗಿದ್ ನೋಡಿ ನಂಗೆ ಮಂಕ್ ಬಡ್ದಂಗಾಗೋಯ್ತು.,Sadness
"ಮ್ಯಾನೇಜರ್ ನಂಗೆ ಕಣ್ಣ್ ಹೊಡುದ್ರು, ಆಮೇಲೆ ತುಂಬಾ ವಿಚಿತ್ರವಾಗಿ ನಗ್ತಾ ನನ್ಕಡೆನೇ ನೋಡ್ತಿದ್ರು.. ಥು, ಏನ್ ಮನುಷ್ಯನಪ.",Disgust
ಮುಂಬೈ ಸಮೀಪಿರ ಗುಡ್ಡ್ದಾಗ ಇಂಥಾ ಛಂದದ್ ಕಾಲ್ಹಾದಿ ಇರತಾವಂತ ನಾ ಕನಸ್ನ್ಯಾಗೂ ಅನ್ಕೊಂಡಿರ್ಲಿಲ್ಲ.,Surprise
ಅವ್ನೀಗ ಟೀನೇಜರ್ ಆಗಿದ್ರೂ ಇನ್ನೂ ತನ್ಗಿಂತ ಹಿರಿಯರನ್ನ ಹೇಗ್ ಮಾತಾಡ್ಸ್ಬೇಕು ಅಂತ ಗೊತ್ತಿಲ್ಲ ಅವ್ನಿಗೆ. ಚೂರೂ ಗೌರವ ಕೊಡ್ದಂಗಿರ್ತಾನೆ.,Disgust
"ನಿಮ್ ಪ್ರತಿಕ್ರಿಯೆ ಮತ್ತು ನಮ್ಜೊತೆಗಿನ್ ನಿಮ್ ವ್ಯವಹಾರ ನಮ್ಗೆ ತುಂಬಾನೇ ಮುಖ್ಯ, ನಾವದನ್ನ ಗೌರವಿಸ್ತೀವಿ.",Happiness
ಒಂದ್ ಕಂಪ್ನಿ ಸಿ.ಇ.ಒ. ಅವ್ರ್ ಕೈಕೆಳಗ್ ಕೆಲ್ಸ ಮಾಡ್ತಿರೋರ್ಗೆ ಜಾಸ್ತಿ ಹಣ ಸಿಗೋ ಹಾಗಾಗ್ಲಿ ಅಂತ ತಮ್ ಸಂಬ್ಳನೇ ಕಡ್ಮೆ ಮಾಡ್ಕೊಂಡಿದ್ದ್ ಕೇಳಿ ನಂಗ್ ಇಷ್ಟ್ ಒಳ್ಳೆ ಜನನೂ ಇರ್ತಾರಾ ಅಂತ ಬೆರಗಾಯ್ತು.,Surprise
"ಬಾಡ್ಗೆ ಮನೆ ಹುಡ್ಕೋಕೆ ಬ್ರೋಕರೇಜ್ ಫೀಸ್ನ ಯಾವ್ದೇ ಗುಟ್ಟಾದ್ ಚಾರ್ಜಸ್ಸು, ಇನ್ನೊಂದು ಮತ್ತೊಂದು ಅಂತ ಮುಚ್ಚುಮರೆಯಿಲ್ದೇ ಮೊದ್ಲೇ ಸ್ಪಷ್ಟವಾಗ್ ಹೇಳ್ಬಿಟಿದಾರೆ ಅನ್ನೋದು ದೊಡ್ಡ್ ಸಮಾಧಾನ.",Happiness
"ಯಾಕೋ ಏನೋ ಇತ್ತೀಚ್ಗೆ ನಾನ್ ಸಣ್ಪುಟ್ ವಿಷ್ಯಗಳ್ನೂ ತುಂಬಾ ಮನ್ಸಿಗ್ ಹಚ್ಕೊತಿದೀನಿ, ಮಾತಾಡೋ ಮೊದ್ಲು ಎರ್ಡೆರ್ಡ್ ಸರ್ತಿ  ಯೋಚಿಸ್ಬೇಕಾಗಿದೆ, ಎಲ್ಲ ನನ್ ಕರ್ಮ.",Disgust
"ಬೇ ಏರಿಯಾದಾಗ್ ಈ ಸಿ.ಇ.ಓ.ಗಳ್ದು ಏನ್ ಪಗಾರೋಪಾ ಇದಂತೂ ಹೆಚ್ಚಿನ್ದಾಯ್ತು, ತೀರಾ ಅತಿ.. ನಂಗಂತೂ ರಕ್ತ ಕುದೀತದ.",Anger
ವೀಡಿಯೊ ಕಾನ್ಫರೆನ್ಸಿಂಗ್ಇಂದಾಗಿ ನಮ್ ಕುಟುಂಬದೋರೆಲ್ಲ ಒಟ್ಗೆ ಸೇರೋ ಹಾಗಾಯ್ತು. ಪ್ರಪಂಚದ್ ಯಾವ್ಯಾವ್ದೋ ದೇಶ್ಗಳಲ್ಲಿರೋ ಅವ್ರೆಲ್ರ್ ನಗು ಮುಖಗಳ್ನ ಹೀಗೆ ಒಂದೇ ಕಡೆ ನೋಡೋಕಾಗೋದು ಅದ್ಭುತ ಅನ್ಸತ್ತೆ!,Happiness
"ನಿಮ್ ರಿಟರ್ನ್ ಮಾಡೋ ಪ್ರಕ್ರಿಯೆನ ಸುಮ್ನೆ ಇಷ್ಟೆಲ್ಲ ಗೋಜಲು ಮಾಡಿಟ್ಟಿದೀರಿ, ಇದ್ರಿಂದಾಗಿ ಎಲ್ರದ್ದೂ ಎಷ್ಟೊಂದ್ ಸಮಯ ವ್ಯರ್ಥ ಆಗತ್ತೇಂತ ಚೂರಾದ್ರೂ ಅಂದಾಜಿದ್ಯಾ ನಿಮ್ಗೆ?",Anger
ಹೂಡಿಕೆ ಹಗರಣಗಳ್ಗೆ ಬಲಿಪಶು ಆಗ್ತಿರೋ ಜನ್ರ ಸಂಖ್ಯೆ ನೋಡೇ ನಂಗ್ ಆಘಾತ ಆಯ್ತು.,Surprise
ನಾವಿಬ್ರೂ ಒಟ್ಟಿಗಿ ಇಷ್ಟೆಲ್ಲಾ ದಾಟಗೊಂಡ್ ಬಂದಿವಿ ಅಂದ್ರನೂ ನನ್ ಬೆನ್ ಹಿಂದ್ ನೀ ಏನರೇ ಅನ್ಯಾಯದ್ ಮಾತಾಡ್ತಿ ಅಂದ್ರ ನಂಗ್ ನಖಶಿಖಾಂತ ರೇಗ್ಲಿಕತ್ತದ.,Anger
ಸಂಸ್ಥೆ ಒಳಗ್ ಆಗ್ತಿರೋ ಖರ್ಚ್ಗಳ್ನೆಲ್ಲ ಕಡ್ಮೆ ಮಾಡ್ಬೇಕಿರೋ ಬಗ್ಗೆ ನೀವೂ ನಾನೂ ಇಬ್ರೂ ಒಂದೇ ಥರ ಯೋಚಿಸ್ತಿದೀವಿ ಅಂತ ನಂಗ್ ಸಂತೋಷ ಆಯ್ತು.,Happiness
ಯವ್ವಾ ಘಾಟ್ ಸೆಕ್ಷನ್ಯಾಗ ಬಸ್ ಮ್ಯಾಲಾಮ್ಯಾಲಾ ಗುಡ್ಡ್ ತುದಿಗಿ ಹತ್ಕೊಂಡೇ ಹೋಯ್ತು ಅನ್ನಷ್ಟ್ ಸನೀ ಹೋಗ್ಲಿಕತ್ತಾಗ ನಂಗ್ ಅಂಜ್ಕಿ ಹತ್ತಿ ಕೈಕಾಲೇ ಶೆಟದ್ಹೋಗಿದ್ವು.,Fear
ಜನ್ರು ತಮ್ ತಪ್ಪ್ಗಳಿಂದ ಪಾಠ ಕಲೀದೇ ಪುನಾ ಪುನಾ ಅದದೇ ತಪ್ಗಳ್ನೇ ಮಾಡೋದು ನಂಗ್ ಮೈಯೆಲ್ಲ ಉರ್ಯತ್ತೆ.,Anger
ರಸ್ತೆಬದಿ ಸ್ಟಾಲ್ನಲ್ಲಿರೋ ಜಿಡ್ಡಿನ್  ಆಹಾರ ನನ್ ಹೊಟ್ಟೆನ  ಹಾಳ್ ಮಾಡುತ್ವೆ.,Disgust
"ಇಷ್ಟ್ ವರ್ಷ ಅಕಿ ಕೆಲ್ಸಾ ಮಾಡ ಪದ್ಧತಿ, ಅಕಿದ್ ಜೀವೇ ಕೆಲ್ಸಕ ಮೀಸಲಿಟ್ಟಾಳ ಅನ್ನಂಗ ಇದ್ದಾಳನ್ನದ್ ನೋಡಿ ನಂಗ ಖರೆನೇ ಅಗಾಧಾಗ್ತಿತ್ತು, ಅಕಿ ಇದ್ ಬಿಟ್ಟಹೋಗ ವಿಚಾರ ಮಾಡ್ತಾಳಂದ್ರನೇ ನಂಬ್ಲಿಕ್ಕಾಗಲ್ಲಾ.",Surprise
ಯು.ಕೆ.ಲಿ ದೇವಸ್ಥಾನಗಳ್ ಹೊರ್ಗೆ ಹಿಂದೂಗಳ ವಿರುದ್ಧ ನಡೀತಾ ಇರೋ ಹಿಂಸಾತ್ಮಕ ಪ್ರತಿಭಟನೆಗಳ್ನ ಈ ಕೂಡ್ಲೇ ನಿಲ್ಸ್ಬೇಕು.,Anger
"ಚೆಕ್ ಇನ್ ಆದಾಗ ಟಿ ವಿ ಕೆಲ್ಸ ಮಾಡ್ತಿರ್ಲಿಲ್ಲ, ಹೋಟೆಲ್ ಸಿಬ್ಬಂದಿ ಬಂದು ಅದ್ನ ಸರಿ ಮಾಡ್ಕೊಟ್ರು. ಈಗ ನಾನ್ ಆರಾಮಾಗ್  ಹಾಸ್ಗೆ ಮೇಲ್ ಮಲ್ಕೊಂಡು ಟಿ ವಿ ನೋಡ್ತಾ ಇದೀನಿ.",Happiness
ಜನ್ರ ಜೊತೆ ಬೆರೆಯೋದು ನಂಗ್ ತುಂಬಾ ಖುಷಿ ಕೊಡತ್ತೆ.,Happiness
"ನನ್  ತಟ್ಟೆಲಿ ಅತಿಯಾಗ್  ಬೇಯಿಸಿದ ಪೋರ್ಕ್ ಮತ್ ಒಣ ಕೋಳಿನ ನೋಡ್ದಾಗ  ಆಹಾರ ವಿಮರ್ಶಕನಾಗಿ, ನಂಗ್ ನಿರಾಸೆ ಆಯ್ತು.",Sadness
ಪೇಪರ್ನವ್ರ್ ಆ ರಾಜಕಾರ್ಣಿಗಿ ಅವನ್ ಆಸ್ತಿಪಾಸ್ತಿ ಲೆಕ್ಕ ಕೇಳಿದ್ರ ಅವ್ನಿಗಿ ಎಷ್ಟ್ ಅಸಮಾಧಾನ್ ಆಯ್ತು ನೋಡಿದ್ರ್ಯಲಾ.. ಭಾರೀ ದಗಲ್ಬಾಜ್ ಇದಾನವ.,Anger
ನಾನ್ ಬೆಂಗಳೂರ್ಗೆ ಬಸ್ಲಿ  ಹೋಗೋ ಪ್ಲಾನ್ ಮಾಡಿದ್ದೆ ಆದ್ರೆ ಅರ್ಜೆಂಟ್ಲಿ ಟಿಕೆಟ್ ಬುಕ್ ಮಾಡ್ಲಿಕ್ಕೆ  ರೈಲ್ವೆ  ಸ್ಟೇಷನ್ಗೆ ಹೋಗಿದ್ದೆ.,Fear
"ವಾಹ್, ನಂಗ್  ಈ ಬಾಡಿಗೆ ಮನೆನ್  ಹುಡ್ಕಕ್  ಬ್ರೋಕರೇಜ್ ಸೇವೆಗಳ್  ಬೆಲೆ ರಚನೆ ಇದೆ ಅಂತ್  ಗೊತ್ತಾಗಿ ನಂಗ್  ನಿಜ್ವಾಗ್ಲೂ  ಆಶ್ಚರ್ಯ ಆಯ್ತು.",Surprise
ಆ ನಟ ಅಷ್ಟು ದೃಢವಿಶ್ವಾಸ್ದಿಂದ ಸಾಲುಗಳ್ನ ಹೇಳ್ತ ಇದ್ರೆ ನಿರ್ದೇಶಕ್ರು ಇಷ್ಟಗ್ಲ ಕಣ್ಣ್ಬಿಟ್ಕೊಂಡ್ ನೋಡ್ತಾ ಇದ್ರು.,Surprise
ಸರ್ಕಾರ ಬದ್ಲಾದ್ಮೇಲೆ ಹಣಕಾಸು ವಲಯದಿಂದ  ಬರ್ತಾ ಇರೋ ಇಷ್ಟೆಲ್ಲ ನೆಗೆಟಿವ್ ಸುದ್ದಿಗಳ್ನ ಕೇಳ್ತಿದ್ರೆ ನಂಗ್ಯಾಕೋ ತುಂಬಾನೇ ಭಯ ಆಗ್ತಿದೆ.,Fear
"ಅನುಪಮಾ ಟೀಚರ್ ಕ್ಲಾಸೂಂದ್ರೆ ಯಾವಾಗ್ಲೂ ಭಾರೀ ಮಜವಾಗಿರೋದು ಅಲ್ಲ್ ಕೂತು ಅವ್ರ್ ಪಾಠ ಕೇಳೋಕೆ. ನಾವಂತೂ ಕಥೆಗಳು, ಜೋಕ್ಸು, ನಾಟಕಗಳ್ನೆಲ್ಲ ಓದ್ತಾ ಇದ್ವಿ, ನಮ್ ಪಾಡಿಗ್ ನಮ್ಮನ್ನ ಅದ್ನೆಲ್ಲ ಮಾಡೀಂತ ಬಿಡೋರು ಅವ್ರು, ಎಷ್ಟ್ ಖುಷಿ ಇರೋದು ಆಗ.",Happiness
ಕಾರ್ಪೊರೇಟ್ ಕಂಪ್ನಿಗಳು ತೆರಿಗೆ ತಪ್ಸೋಕೆ ಸರ್ಕಾರ ಅವ್ಕಾಶ ಕೊಡ್ತಿರೋದು ಅನ್ಯಾಯದ್ ಪರಾಕಾಷ್ಠೆ.,Anger
"ಬಿಸ್ನೆಸ್ಸಲ್ಲಿ ದೊಡ್ದೊಂದ್ ಖರ್ಚ್ ಬಂದಾಗ ಅದ್ಕೆ ನಾನೇ ದುಡ್ ಹಾಕಿದ್ದೆ, ಅದ್ನ ಕಂಪ್ನಿಯೋರೇನು ವಾಪಸ್ ಕೊಡಲ್ಲ ಅನ್ಕೊಂಡಿದ್ರೆ ಈಗಷ್ಟೇ ಆ ರೀಇಂಬರ್ಸ್ಮೆಂಟ್ ಬಂದಿದೆ!",Happiness
ಕೆಲ್ವು ಕಂಪ್ನಿಗಳು ತಮ್ ಉದ್ಯೋಗಿಗಳ್ ಮೇಲಾಗೋ ಪರಿಣಾಮನ ಸ್ವಲ್ಪನೂ ಪರಿಗಣಿಸ್ದೇ ಪ್ರಕ್ರಿಯೆಗಳ್ನೆಲ್ಲ ಸ್ವಯಂಚಾಲಿತಗೊಳ್ಸೋದಕ್ಕೆ ಎ.ಐ.ನ ಬಳಸ್ತಿರೋದು ನಂಗ್ ತುಂಬಾ ಕೋಪ ಬಂದಿದೆ. ಸ್ವಲ್ಪನಾದ್ರೂ ಜವಾಬ್ದಾರಿ ಬೇಡ್ವಾ ಅವ್ರಿಗೆ!,Anger
ನನ್ ಮಗನ್ ಸಲ್ವಾಗಿ ನಾ ಬ್ಯಾಂಕ್ ಖಾತಾ ತಗಸ್ಲಿಕ್ಕಿ ಹೋದಾಗ ಅಲ್ಲಿ ಮ್ಯಾನೇಜರ್ ಏನ್ ತಾನೇ ದೊಡ್ ತೀಸ್ಮಾರ್ಖಾನ್ ಯಲ್ಲಾ ತನ್ಗೇ ಗೊತ್ತನ್ನಹಂಗ ಮಾತಾಡ್ಲಿಗತ್ತಿದ್ದಾ ನಂಗ ಕೆಟ್ ಹೊಲಸ್ ಅನಸ್ತು.,Disgust
"ನಾವ್ ನಿಮ್ಗೆ ನಿರಾಸೆ ಮಾಡೋದಿಲ್ಲ, ಮೇಡಂ. ಕೋಣೆಲಿ ನಿಮ್ಗೋಸ್ಕರ ಒಂದ್ ವಿಶೇಷ ಉಡುಗೊರೆನೂ ಕಾಯ್ತಿರತ್ತೆ, ನೋಡಿ.",Happiness
"ಅಲಾ, ಸಾಲಿ ಹುಡುಗ್ರು ಇಷ್ಟ್ ಗೂಂಡಾಗಿರಿಗಿ ಇಳದಾವ ಅಂದ್ರನೂ ಈ ಸಾಲಿಮಂದಿ ಕೈಮ್ಯಾಲ್ ಕೈಇಟ್ಕೊಂಡ ಕೂತಾರಲ.. ಇದ್ಕಾ ಕಲಿಗಾಲ್ ಅನ್ನೂದು.",Disgust
ನಮ್ ಅಂಗ್ಡಿಗ್ ಬರ್ಲಿಕ್ ಕಸ್ಟಮರ್ಗಳಿಗೆ ಭಾಳ ದೂರ್ ಆಗ್ತದೇನೋ ಅಂತ ನಂಗ್ ಚೂರ್ ಧೈರ್ಯಗೆಡಲಿಕತ್ತದ.,Sadness
"ಪದೇ ಪದೇ ಗ್ಯಾಸ್ ಸಿಲಿಂಡರ್ ಬೆಲೆ ಜಾಸ್ತಿ ಆಗ್ತಿರೋದ್ ನೋಡಿ ನಂಗ್ ರೋಸ್ಹತ್ತೋಗಿದೆ, ಅದ್ನ ಬಿಟ್ರೆ ಬೇರೆ ಆಯ್ಕೆನೂ ಏನಿಲ್ಲ ನಮ್ಗೆ.",Anger
ಆ ಹಾರರ್ ಸಿನ್ಮಾ ನೋಡಿ ನಿಜ್ಜ ನಂಗ್ ಮೈಯೆಲ್ಲ ಬೆವರೋಯ್ತು.. ಕತ್ಲೆ ಇರೋ ಕಡೆಲೆಲ್ಲ ದೆವ್ವಗಳೇ ಕಾಣೋಕ್ ಶುರು ಆಗಿವೆ ಈಗ.,Fear
"ಕಾಂತಾ, ನಿನ್ಹತ್ರ ಎಷ್ಟ್ ಒಳ್ಳೊಳ್ಳೆ ಆಟದ್ ಸಾಮಾನ್ಗಳಿವ್ಯೇ. ನಾನು ಅವ್ಗಳ್ ಜೊತೆ ಸ್ವಲ್ಪ ಹೊತ್ತು ಆಟಾಡ್ಬೋದ?",Happiness
ಅಭ್ಯಾಸದ್ ತರಗತಿ ನಡ್ಯುವಾಗ ನನ್ ಮಗ ಅವ್ನ್ ಸಂಗೀತದ್ ಮೇಷ್ಟ್ರು ಹೇಳ್ಕೊಟ್ ಥರ ಹಾಡ್ದೇ ಹಠ ಮಾಡಿದ್ನೋಡಿ ನಂಗ್ ತಾಳ್ಮೆ ಕೆಟ್ಟು ಸರ್ಯಾಗ್ ಒಂದೇಟ್ ಕೊಟ್ಟೆ ಅವ್ನಿಗೆ.,Anger
ಯಾವಾಗ್ ನಂಗೊಂದ್ ಅಳಿಲ್ ಕಂಡ್ರೂ ಆ ಬಾಚಿಹಲ್ಲಿನ್ ಮುಖ ನೋಡಕ್ಕೇ ಅಸಹ್ಯ ಆಗತ್ತೆ.,Disgust
ಒಬ್ ನೌಕರಗ್ ಅಪಘಾತ್ ಆಗ್ಯಾದಂತ ಸುದ್ದಿ ಬಂತ್ ಕೇಳಿ ಆಫೀಸ್ನ್ಯಾಗ ಒಂಥರಾ ಮಬ್ಬ್ ಕಳಾ ಬಂದದ.,Sadness
ನೀವು ಆಯ್ಕೆ ಮಾಡಿದ್ದಿದ್ ಕೇಕಿಗೆ ಅದ್ರ  ಸಂಕೀರ್ಣ ವಿನ್ಯಾಸ ಮತ್ತೆ ಕಸ್ಟಮೈಸೇ಼ಷನ್ ಆಯ್ಕೆಗಳಿಂದಾಗಿ ಜಾಸ್ತಿ ದುಡ್ಡ್ ಕೊಡ್ಬೇಕಾಗತ್ತೆ. ಇದ್ರಿಂದ ನಿಮ್ಗೇನಾದ್ರೂ ತೊಂದ್ರೆ ಆಗಿದ್ರೆ ದಯ್ವಿಟ್ಟು ಕ್ಷಮ್ಸಿ.,Sadness
ನಾನು ಆ ರೀಟೇಲ್ ಗೋದಾಮಿಗ್ ಕಾಲಿಟ್ಟಾಗ ಕೊಳ್ತ್ಹೋಗಿರೋ ಕಟ್ಟಿಗೆಯಿಂದ ಬರ್ತಿದ್ದ್ ದುರ್ನಾತ ಮೂಗಿಗ್ ಬಡ್ದು ಮೂರ್ಛೆ ಹೋಗೋಹಾಗಾಗ್ಬಿಡ್ತು.,Disgust
ಯಾರೋ ಒಬ್ಬಾವ ಎನ್. ಎಸ್.ಇ.ಗ ನೀರ್ ಕುಡಸಷ್ಟ್ ಠಕ್ಕ ಇದ್ದಾನ ಅಂತ್ಹೇಳಿ ಈಗ್ ನಾ ಹಾಕಿದ್ ರೊಕ್ಕದ್ ಕಿಮ್ಮತ್ ಕಡಿಮ್ಯಾಗಾದಲಾ ನನ್ ಮನ್ಸ್ ಕುದೀಲಿಕತ್ತದ.,Anger
"ನಿಮ್ಗೆ ತಮಾಷೆ ಆಟ, ನಂಗಿಲ್ಲಿ ಪ್ರಾಣ್ಸಂಕ್ಟ. ಷೇರ್ ಮಾರ್ಕೆಟ್ಟಲ್ಲಿ ಪರಿಸ್ಥಿತಿ ಅಷ್ಟ್ ಗಂಭೀರ್ವಾಗಿದ್ಯಲ್ಲ ಅಂತ ನಾನ್ ತಲೆಕೆಡುಸ್ಕೊಂಡಿದ್ರೆ ಇಂಥ ಹೊತ್ತಲ್ಲ್ ತಮಾಷೆ ಮಾಡಕ್ಕೆ ನಿಮ್ಗ್ ಹೇಗಾದ್ರೂ ಮನ್ಸ್ ಬರತ್ತೆ?!",Disgust
"ಎಷ್ಟೋ ಮಂದಿ ಜನನಾಯಕ್ರು ಅನ್ಸ್ಕೊಂಡೋರು ಜನಗಳ್ಗೆ ಒಳ್ಳೇದ್ ಮಾಡೋಕ್ಕಿಂತ ತಮ್ ಸ್ವಾರ್ಥ ಮತ್ತೆ ಅಲ್ಪಾವಧಿ ಲಾಭಗಳ್ನೇ ನೋಡ್ಕೊತಾ ಯುವಪೀಳಿಗೆಯೋರ್ಗೆ ಕೆಟ್ಟ ಮಾದರಿಯಾಗ್ತಾ ಇದಾರೆ, ಇದು ಯಾವ್ಕಾಲಕ್ಕೂ ಬದ್ಲಾಗೋದೇ ಇಲ್ಲ ಅನ್ಸತ್ತೆ.",Disgust
"ನಾನು ಈ ವಸ್ತುಸಂಗ್ರಹಾಲಯ ನೋಡೋಕೆ ದುಡ್ಡ್ ಕೊಟ್ಟಿದೀನಿ, ನಂಗ್ ಬೇಕಾದ್ ಹಾಗೆ ಕಲಾಕೃತಿಗಳ್ ಜೊತೆ ವ್ಯವಹರಿಸ್ಕೊತೀನಿ. ನೀವ್ಯಾರ್ರೀ ಕೇಳೋಕೆ?!",Anger
"ನಾನ್ ಸಾಧಿಸ್ಬೇಕು ಅನ್ಕೊಂಡಿದ್ನೆಲ್ಲ ಸಾಧ್ಸಿದ್ದಾದ್ಮೇಲೆ ಈಗ್ ಈ ಪ್ರಪಂಚ್ದಲ್ಲಿ ಏನೂ ಅರ್ಥನೇ ಇಲ್ಲ, ನನ್ ಜೀವ್ನಕ್ ಏನೂ ಉದ್ದೇಶನೇ ಇಲ್ಲ ಅನ್ಸ್ತಿದೆ.",Sadness
"ನನ್ ಸ್ವಾದರ್ ಸೊಸಿಗಿ ಈಗ ಹದಿನೇಳ್ ವರ್ಷವ, ಆಕಿ ಕರ್ನಾಟಕ್ ಸಂಗೀತದ್ ಒಂದ್ ಕಚೇರಿನೇ ಕೊಟ್ಲು ಮೆಚ್ಚಹಂಗಿತ್ತು ನಾ ಖರೇ ದಂಗಾದೆ.",Surprise
"ನಾನ್ ಆರ್ಡರ್ ಮಾಡಿದ್ ಕೇಕ್ನ, ನಾನೇ ಇಪ್ಪತ್ತು ಕಿಲೋಮೀಟರ್ವರ್ಗೂ ಹೋಗಿ ತಗೊಂಡ್ಬರ್ಬೇಕೇನೋ ಅನ್ಕೊಂಡಿದ್ದೆ. ಆದ್ರೆ ಬೇಕರಿಯವ್ರೇ ಮನೆಗ್ ತಲುಪಿಸ್ತಾರಂತೆ, ಸದ್ಯ ನನ್ ಕೆಲ್ಸ ಕಡ್ಮೆ ಆಯ್ತು.",Happiness
ನೀವ್ ಇವತ್ತು ಏನೂ ತಿಂದಿಲ್ದಿದ್ರೂ ನಿಮ್ ಸಕ್ರೆ ಮಟ್ಟ ನಾರ್ಮಲ್ ಇದೆ!,Surprise
ಹೈದ್ರಾಬಾದಲ್ಲಿ ರಸಪ್ರಶ್ನೆ ಸ್ಪರ್ಧೆಲ್ ಗೆದ್ಮೇಲೆ ಪತ್ರಿಕೆಲಿ ನನ್ ಚಿತ್ರ ಬಂದಿದ್ ನೋಡಿ ಆಕಾಶ್ದಲ್ ತೇಲಾಡ್ತಿರೋ ಥರ ಅನ್ಸ್ತಿದೆ ನಂಗೆ.,Happiness
ಹಲೋ! ನಿಮ್ಗೆ ಬಿಡುವಿಲ್ಲದ್ ಕೆಲ್ಸಗಳಿದ್ರೂ ನೀವು ಸಭೆಗ್ ಬರೋಕಾಯ್ತು ಅಂತ ನಂಗ್ ನಂಬೋಕೇ ಆಗ್ತಿಲ್ಲ.,Surprise
"ಕೊನೆಯದಾಗಿ ಗಟ್ಟಿಮುಟ್ಟಾದ್ ಕಾಂಪೌಂಡ್ ಗೋಡೆ ಆಗಿರೋದಕ್ಕೆ  ತುಂಬಾ ಒಳ್ಳೆದಾಯ್ತು, ಅದು ಭದ್ರತೆನ್  ಕೊಡೊದಲ್ದೆ  ಒಟ್ಟಾರೆ ಆಸ್ತಿಯ ನೋಟವನ್ನು ಚೆನ್ನಾಗಿ ಕಾಣು ಹಾಗೆ ಮಾಡುತ್ತೆ.",Happiness
ಈ ವಾಯ್ಸ್ ರಿಕಗ್ನಿಷನ್ ಸಾಫ್ಟವೇರ್ ಅದ್ಭುತ್ ಅದ! ಎಷ್ಟ್ ಬರೊಬ್ಬರಿ ಧ್ವನಿ ಕಂಡ್ ಹಿಡಿತದ!,Surprise
"ಸಿನ್ಮಾನ ಎಷ್ಟ್ ಕೆಟ್ದಾಗ್ ಮಾಡಿದಾರೆ ಅಂದ್ರೆ ಕೋಪ ತಡ್ಕೊಳಕ್ಕಾಗ್ತಿಲ್ಲ ನಂಗೆ. ಅದ್ಕೋಸ್ಕರ ನನ್ ಟೈಮು, ದುಡ್ಡು ಎಲ್ಲ ಕಳ್ಕೊಂಡೆ ಅಂದ್ರೆ ನನ್ಮೇಲೇ ಸಿಟ್ಟ್ ಬರ್ತಿದೆ.",Anger
"ನನ್ ಟೀಮ್ನೋರ್ ಗೆದ್ರು ಅಂದಾಗ ನಂಗೆಷ್ಟ್ ಸಂತೋಷ ಆಯ್ತೂಂದ್ರೆ ಕುಪ್ಪಳ್ಸಿ ಕುಣ್ದಾಡ್ಬಿಟ್ಟೆ, ತಡ್ಕೊಳಕ್ಕಾಗ್ಲಿಲ್ಲ ನಂಗೆ.",Happiness
"ನಮ್ಹತ್ರ ಸುಳ್ಳ್ ಹೇಳಿ, ಮನೆಲಿ ಸಿ.ಸಿ.ಟಿ.ವಿ. ಕ್ಯಾಮೆರಾನೂ ಅಳವಡಿಸ್ಕೊಳ್ದೇ ಆಮೇಲ್ ಕಳ್ತನ ಆದಾಗ ಗೋಳಾಡ್ಕೊಂಡ್ ಬರೋ ನಿಮ್ಮಂಥ ಜನ್ರ್ ಜೊತೆ ಏಗಿ ಏಗಿ ನಮ್ಗೂ ಸಾಕಾಗೋಗಿದೆ.",Disgust
"ಇವೆಂಟ್ ಥೀಮ್ ಬಗ್ಗೆ ಇವೆಂಟ್ ಮ್ಯಾನೇಜರ್ರು ಭಾರಿ ಕ್ರಿಯೇಟಿವ್ ಆಗ್ ಕೆಲ್ಸ ಮಾಡಿದ್ದಿದ್ದು ನಂಗ್ ತುಂಬಾನೇ ಇಷ್ಟ ಆಯ್ತು, ಅದ್ರಿಂದ ಇಡೀ ಜಾಗನೇ ಒಳ್ಳೆ ಮಾಯಾಲೋಕದ್ ಥರ ಆಗೋಗಿತ್ತು.",Happiness
ನಾನ್  ಆರ್ಡರ್ ಮಾಡಿದ್  ವಸ್ತು  ಬರೋವಾಗ್ಲೇ ಮುರ್ದ್ ಹೋಗಿದನ್ ನೋಡ್ದಾಗ  ನಂಗ್ ತುಂಬಾ ಬೇಜಾರಾಯ್ತು.,Sadness
ರೋಜರ್ ಬ್ಯಾನಿಸ್ಟರ್ ಕಿಕ್ಕಿರ್ದಿರೋ ಯಾವ್ದಾದ್ರೂ ಸ್ಟೇಡಿಯಮ್ಮಲ್ಲಿ ವಿಶ್ವದಾಖಲೆ ಮಾಡ್ತಾರೆ ಅನ್ಕೊಂಡಿದ್ರೆ ಆತ ಒಂದಿನ ಮಳೆ ಬರ್ತಿದ್ದಾಗ ಸಣ್ದೊಂದ್ ಗುಂಪಿನ್ ಮುಂದೆ ಅಂಥ ಸಾಧ್ನೆ ಮಾಡಿದಾರೆ ಅಂತ ಕೇಳಿ ನಾನ್ ಅವಾಕ್ಕಾದೆ.,Surprise
"ಅವ್ಳ್ ಯಾಕ್ ನಂಗ್ ಹೊಡ್ಯಕ್ ನೋಡ್ತಿದಾಳೆ?! ಅವ್ಳುನ್ ಕಂಡ್ರೇ ಸಾಕು, ತಲೆಯಿಂದ ಕಾಲ್ವರ್ಗೂ ನಡ್ಕ ಹತ್ತತ್ತೆ ನಂಗೆ.",Fear
"ರೆಸ್ಟೋರೆಂಟ್ ಸೇವೆಯ ಬಗ್ಗೆ  ನಂಗ್ ಆತಂಕ ಆಗ್ತಿದೆ, ಒಟ್ಟಾರೆ ಊಟದ್ ಅನುಭವವನ್ನೇ  ಪ್ರಶ್ನೆ ಮಾಡೋ ತರ ಆಗಿದೆ. ಸಿಬ್ಬಂದಿಗಳ್  ನಮ್ ಕಡೆ ಗಮ್ನನೇ  ಕೊಡ್ತಾ ಇಲ್ಲ",Fear
ವಾಹ್! ವಿಳಾಸದ್ ಬಗ್ಗೆ ನಮ್ಗೆ ಸುಮಾರ್ ಗೊಂದಲಗಳಿದ್ರೂ ನೀವು ವಿಳಾಸದ್ ನಿಖರವಾದ್ ಜಾಗಕ್ಕೆ ಅಂತೂ ಕರ್ಕೊಂಡ್ ಬಂದ್ಬಿಟ್ರಿ ನಮ್ಮನ್ನ.,Surprise
"ಒಬ್ ನಟನಾಗಿ, ಆಡಿಷನ್ ಕೊಟ್ಮೇಲೆ ಭಾಳ ಹೊತ್ತಿನ್ವರ್ಗೂ ಆ ಪಾತ್ರದಲ್ಲಿದ್ದಿದ್ ಹತಾಶೆನೇ ನನ್ನಲ್ಲೂ ಆವರಿಸ್ಕೊಂಡ್ಬಿಟ್ಟಿತ್ತು.",Sadness
"ಅದೊಂದ್ ಹಾಳ್ ಅಳಿಲು, ನಮ್ ಏಸಿ ವೈರ್ನೇ ಕಚ್ಚಿ ತುಂಡ್ ತುಂಡ್ ಮಾಡ್ಹಾಕ್ಬಿಟಿದೆ, ದೊಡ್ಡ್ ಕಾಟ ಆಗೋಗಿದೆ ಇವ್ಗಳ್ದಂತೂ.",Anger
"ಇಲ್ಲಿವರ್ಗೆ ಎಲ್ರೂ ನಂಗ್ ಒಳ್ಳೆ ಪ್ರತಿಕ್ರಿಯೆಗಳ್ನೇ ಕೊಟ್ಟಿದಾರೆ, ನಾನ್ ನಿಮ್ಮಿಂದ್ಲೂ ಅದ್ನೇ ನಿರೀಕ್ಷೆ ಮಾಡಿದ್ದೆ, ನೀವ್ ನೋಡುದ್ರೆ ಹೀಗಂತಿದೀರಲ!",Surprise
"ಈ ಹ್ಯಾಕರ್ಗಳು ತಮ್ ಮನ್ಸಿಗ್ ಬಂದ್ಹಾಗೆ ಜನ್ರ ಖಾಸಗಿತನನ ಅತಿಕ್ರಮಿಸ್ಬಹುದು ಮತ್ತೆ ಅವ್ರ್ ವಿವರಗಳ್ನೆಲ್ಲ ಕದೀಬಹುದು ಅನ್ಕೊಂಡಿರೋದು ನಂಗೆ ಕೆಟ್ಟ್ ಕೋಪ ಬರತ್ತೆ. ಇದು ಸ್ಪಷ್ಟ್ವಾಗಿ ಅವ್ರ್ ವಿದ್ಯೆ, ಸಾಮರ್ಥ್ಯ ಎಲ್ಲದ್ರದ್ದೂ ದುರುಪಯೋಗ, ದುರ್ವಿನಿಯೋಗ ಅಷ್ಟೇ!",Anger
ಉದ್ಯಮ್ದಲ್ ಲಾಭಕ್ಕೋಸ್ಕರ ಅವ್ರು ಪರಿಸರದ್ ಬಗೆಗಿನ್ ನಿಯಮಗಳ್ನ ಪೂರ್ತಿ ಅಸಡ್ಡೆ ಮಾಡ್ತಿರೋದು ನಂಗ್ ತಡ್ಕೊಳಕ್ಕಾಗ್ದಷ್ಟ್ ಕೋಪ ಬರ್ತಿದೆ.,Anger
"ನನ್ ಕಾರಿನ್ ಎಕ್ಸಾಸ್ಟ್ ಸಿಸ್ಟಮ್ ಹೊಸಾದ್ ಮಾಡ್ಸಬೇಕಾ ಇಲ್ಲಾ ಗೊತ್ತಾಗಲ್ಲಾಗ್ಯಾದ, ಅಷ್ಟ್ ರೊಕ್ಕಾ ಖರ್ಚ್ ಮಾಡಿದ್ದಕ್ಕ ಅದ್ ಉಪಯೋಗ್ ಆಗ್ತದೇನಿಲ್ಲಂತ ತಿಳಿವಲ್ದು ಹಿಂಗಾಗಿ ಒಂಚೂರ್ ಹಿಂದೇಟ್ಹಾಕ್ಲಿಕತ್ತಿನಿ.",Fear
ವರ್ಷಾಂತ್ಯದ್ ಮಾರಾಟದ್ ಸಮಯ್ದಲ್ಲಿ ನಾನ್ ಐಕಿಯಾಗ್ ಹೋಗೋದ್ರೊಳಗೇ ಅಲ್ಲಿ ಜನಪ್ರಿಯ ವಸ್ತುಗಳ್ದೆಲ್ಲ ಸ್ಟಾಕ್ ಖಾಲಿ ಆಗೋಗತ್ತೇನೋ ಅಂತ ನಂಗ್ ಕಳವಳ ಆಗ್ತಿದೆ.,Fear
"ನಾನು ನನ್ ಆಧಾರ್ ಕಾರ್ಡ್ನ ಕೊಡ್ದಿದ್ರೆ, ಅವ್ರು  ನನ್ ಅರ್ಜಿನ ಪ್ರಾಸೆಸ್ ಮಾಡಲ್ಲ ಅಂತ ಆ ಅಧಿಕಾರಿ ಹೇಳಿದ್ರು. ನಾನ್ ನಾಳೆ ಪುನಾ ಹೋಗ್ಬೇಕಾಗುತ್ತೆ.",Sadness
ತನ್ ಗಂಡ ಮಕ್ಳನ್ನೆಲ್ಲ ಬಿಟ್ಟು ಅದ್ಯಾರೋ ಪಾಕಿಸ್ತಾನ್ದೋನ್ನ ಮದ್ವೆ ಆಗಕ್ ಹೊರ್ಟಿರೋ ಭಾರತದ್ ಮಹಿಳೆ ಬಗ್ಗೆ ಓದಿ ರೇಜ್ಗೆ ಆಗೋಯ್ತು ನಂಗೆ.,Disgust
ತುಂಬಾ ವಿಶೇಷ್ವಾಗಿರೋ ಈ ಹಳೇ ಕುರ್ಚಿಗಳ್ನ ಮಾರೋ ಬಗ್ಗೆ ನಿಮ್ಗಿರೋ ಉತ್ಸಾಹ ನೋಡ್ತಿದ್ರೆ ನಿಜಕ್ಕೂ ಬೆರಗಾಗ್ತಿದೆ ನಂಗೆ.,Surprise
"ಈ ಹೊಸಾ ಜಿ.ಪಿ.ಎಸ್. ಇತ್ತಂತ ನಾ ಆ ಗುಡ್ಡಾಗಳ್ಯಾನ್ ಹಾದಿ ತಪ್ಪಸ್ಗೊಳ್ಳಿಲ್ಲಾ, ಇದರಷ್ಟ್ ಛೊಲೋ ಇನ್ನೊಂದಿಲ್ಲಾ. ಇದ್ ಜಬರ್ದಸ್ತ್ ಅದ!",Surprise
ಪುಸ್ತಕಗಳ್ನ ಕೊಂಡ್ಕೊಂಡಾಗ ರಿಯಾಯಿತಿ ಸಿಕ್ಕಿ ಏಳ್ನೂರ್ ರೂಪಾಯ್ ಉಳೀತು ನಂಗೆ!,Happiness
ಅರೆರೇ! ವಿಮಾನ ನಿಲ್ದಾಣದಿಂದ ನನ್ ಮನೆಗೆ ಬರೀ ಮೂವತ್ತ್ ನಿಮಿಷ್ದಲ್ಲಿ ತಲುಪ್ಬಹುದು ಅಂತ  ನಂಗಿವತ್ತಿನ್ವರ್ಗೂ ಗೊತ್ತಿರ್ಲಿಲ್ಲ.,Surprise
ನಿಮ್ ಇನ್ಕಮ್ ಸ್ಟೇಟ್ಮೆಂಟಲ್ಲಿರೋ ಸಂಖ್ಯೆ ನೋಡಿದ್ರೆ ತಲೆಬಿಸಿ ಆಗತ್ತೆ.. ಅದೊಂಥರ ನನ್ನೊಳ್ಗೆ ಆತಂಕನ ಹೆಚ್ಚ್ ಮಾಡ್ತಾ ಇದೆ.,Fear
"ವಾಹ್, ಈ ಹೋಟಲನ್ಯಾಗ ಒಂದಾದ್ ಮ್ಯಾಲೊಂದ್ ಊಟಾ ತಿಂಡಿ ಪಟಾಪಾಟಾ ತಂದಿಡ್ಲಿಕತ್ತಿದ್ರು, ಹಿಂಗಾಗಿ ಊಟದ್ ಪೂರಾ ಮಜಾ ಬಂತು.",Happiness
ಈ ಟೂರ್ ಗುಂಪು ಎಷ್ಟ್ ಅವ್ಯವಸ್ಥಿತ್ವಾಗಿದೆ ಅಂದ್ರೆ ನಂಗ್ ಯಾಕಾದ್ರೂ ಇವ್ರ್ ಜೊತೆ ಬಂದ್ನೋ ಅನ್ಸ್ತಿದೆ.,Disgust
"ನನ್ ಮಗು ಹೆಸ್ರಲ್ಲಿ ಖಾತೆ ತೆರ್ಯುವಾಗ ಸ್ವಲ್ಪ ಟೆನ್ಷನ್ ಆಗ್ಬಿಡ್ತು, ಏನೂ ಹೆಚ್ಚೂಕಮ್ಮಿ ಆಗ್ದಿರೋ ಹಾಗ್ ಮಾಡ್ಕೊಡೀಪ್ಪ ಅಂತ ಬ್ಯಾಂಕ್ ಮ್ಯಾನೇಜರ್ ಹತ್ರ ಕೇಳ್ಕೊಂಡೆ.",Fear
ಕ್ಲೈಂಟ್ ಎಷ್ಟ್ ಅಪ್ಸೆಟ್ ಆಗಿದ್ರು ಗೊತ್ತೇನ್ರಿ.. ನೀವ್ಗಳ್ ಸರ್ಯಾಗ್ ಕ್ಲೀನ್ ಮಾಡಿಲ್ಲಾಂತ ಅವ್ರ್ ಹತ್ರ ನಾನ್ ಬೈಸ್ಕೊಳೋ ಹಾಗಾಯ್ತು. ನೆಟ್ಟುಗ್ ಕೆಲ್ಸ ಮಾಡಕ್ಕೇನ್ ಧಾಡಿ ನಿಮ್ಗೆಲ್ಲ?!,Anger
"ನಾನ್ ಈ ಪುಸ್ತಕನ ಹದಿನೈದ್ ದಿನ ಹಿಂದೆನೇ ಆರ್ಡರ್ ಮಾಡಿದ್ದೆ, ಆದ್ರೂ ಇನ್ನೂ ಒಂದ್ ಕನ್ಫರ್ಮೇಷನ್ ಮೇಲ್ ಕೂಡ ಬಂದಿಲ್ಲ ನಂಗೆ. ಅದ್ನ ಕಳ್ಸೋಕೆ ಇನ್ನೂ ಎಷ್ಟ್ ದಿನ ಬೇಕು ನಿಮ್ಗೆ?",Anger
ಈ ಇಂಟರ್ನೆಟ್ ಕನೆಕ್ಷನ್ ಅದೆಷ್ಟ್ ನಿಧಾನ್ವಾಗಿದೆ ಅಂದ್ರೆ ನೀನ್ ನಂಬಲ್ಲ. ಹೀಗೇ ಮುಂದ್ವರಿದ್ರೆ ನಾನ್ ಹುಚ್ಚ ಆಗೋಗ್ತೀನಷ್ಟೇ!,Anger
ಅಯ್ಯಾ.. ನನ್ ಲ್ಯಾಪ್ಟಾಪಲ್ ಸಿನ್ಮಾ ನೋಡೋದು ಅಂದ್ರೇನೇ ಆಗಲ್ಲ ನಂಗೆ. ಅಷ್ಟ್ ಸಣ್ಣು ಸ್ಕ್ರೀನ್ ಅದು.. ಅದ್ರಲ್ಲೇನ್ ನೋಡದು.,Disgust
"ಅಂಗ್ಡಿ ಒಳ್ಗೆ ತುಂಬಾ ಕತ್ಲೆ, ಮಬ್ಬು ಮಬ್ಬಾಗಿದೆ.  ಅವ್ನ್ ಹಿಂದೆ ನಾವು ಒಳ್ಗಡೆ ಹೋಗೋದ್ಬೇಡ ಅನ್ಸತ್ತೆ. ನೀನ್ ಒಳಗ್ ಹೋಗಿ ಮತ್ತೆ ವಾಪಸ್ ಬರ್ದೇ ಇದ್ರೆ ನಾನೇನ್ ಮಾಡ್ಲಿ ಆಮೇಲೆ?!",Fear
ನನ್ ಮಗನ್ ಕಾರ್ಲಿ ಪೆಟ್ರೋಲ್ ಖಾಲಿ ಆಗಿ ಮಧ್ಯರಾತ್ರಿ ಎಲ್ಲೋ ದಿಕ್ಕುದೆಸೆ ಇಲ್ದಿರೋ ಕಡೆ ಸಿಕ್ಕೊಂಡ್ರೆ ಅಂತ ನಂಗ್ ಗಾಬ್ರಿ ಆಗ್ತಿದೆ.,Fear
ನನ್ದ್ ಇನ್ವೆಸ್ಟ್ಮೆಂಟ್ ಅಕೌಂಟ್ಗಳ್ ಮ್ಯಾಲ ಎಷ್ಟ್ ಫೀಸ್ ತುಂಬ್ಲಿಕತ್ತೀನಿ ಅಂತ್ ನೋಡಿ ನಂಗ್ ಮಂಕ್ ಹಿಡದ್ಹಂಗಾಗ್ಯಾದ.,Sadness
ಓಹ್! ಮೆಟ್ರೋದಲ್ಲಿ ಸೈಕಲ್ಗಳ್ಗೆ ಅವ್ಕಾಶ ಕೊಟ್ಟಿದಾರೆ. ನಂಗೊತ್ತೇ ಇರ್ಲಿಲ್ಲ.,Surprise
"ಅಯ್ಯಯ್ಯಾ, ನಿಮ್ ಕಾಸ್ಟ್ಯೂಮ್ನ ಆ ಥರ ಕಚ್ತಾ ಇರ್ಬೇಡಿ.",Disgust
"ನೀವ್ ಇನ್ಸ್ಟಾಲ್ ಮಾಡ್ಕೊಟ್ಟಿರೋ ಮಾಡ್ಯುಲರ್ ಅಡ್ಗೆಮನೆ ನಂಗೊಂಚೂರೂ ಹಿಡ್ಸಿಲ್ಲ, ಏನ್ ಅಡ್ಗೆ ಮಾಡಕ್ಕೂ ಸರಿಹೋಗಲ್ಲ ಅಲ್ಲಿ.",Anger
ಮನಸ್ಸನ್ನ ಚಂಚಲಗೊಳ್ಸೋಂಥ ವಿಷ್ಯಗಳು ಅವ್ರ್ ಏಕಾಗ್ರತೆನ ಮತ್ತೆ ಪಾಠಗಳ್ನ ಸರ್ಯಾಗ್ ಅರ್ಥಮಾಡ್ಕೊಳೋ ಅವ್ರ್ ಸಾಮರ್ಥ್ಯನ ಹಾಳ್ಮಾಡ್ಬಿಡತ್ವೆ.,Fear
ಏನು?! ಸಿಲಿಂಡರ್ ತಂದ್ಕೊಡೋಕೆ ನಾನ್ ನಿಮ್ಗೆ ಐನೂರ್ ರುಪಾಯಿ ಹೆಚ್ಚಿಗ್ ಕೊಡ್ಬೇಕಾ? ಖಂಡಿತ ಸಾಧ್ಯ ಇಲ್ಲ. ಹಗಲ್ ದರೋಡೆ ಇದು ನಿಮ್ದು!,Anger
ಜೂಲಿಯಸ್ ಸೀಸರಂದು ಏನ್ ಭಾರಿ ನಾಟಗಾ ಮಾಡಿದ್ರು ಅವ್ರೆಲ್ಲಾ ಪಳಗಿರೋ ಕಲಾಕಾರ್ರು ಜಬರ್ದಸ್ತ್ ಇತ್ ಒಂದ್ ನಿಮ್ಷೂ ಬ್ಯಾಸ್ರ ಆಗ್ಲಿಲ್ಲ.,Happiness
"ಜನ ಮನೆ ಕಟ್ಸುವಾಗ ಇಟ್ಗೆ, ಮರಳು ಎಲ್ಲನೂ ರಸ್ತೆ ಮೇಲ್ ಹಾಕಿಸ್ಬಿಡ್ತಾರೆ, ಅಲ್ಲ್ ಗಾಡಿಲ್ ಓಡಾಡೋರ್ಗೆಲ್ಲ ಎಷ್ಟ್ ತೊಂದ್ರೆ ಆಗತ್ತೆ ಅಂತ ಯೋಚ್ನೆನೇ ಮಾಡಲ್ಲ.",Disgust
"ನಾನು ಒಂದ್ ಪ್ರಾಡಕ್ಟ್ನ ಇನ್ನೂ ಹೇಗ್ ಸುಧಾರಿಸ್ಬೋದು ಅಂತ ಸಲಹೆ ಕೊಟ್ಟಾಗ ಎಲ್ರೂ ಅದ್ನ ಒಪ್ಕೊಂಡು ಜಾರಿಗ್ ತಂದಿದ್ದು, ಆಮೇಲ್ ಅದು ಎಲ್ರಿಗೂ ಅಷ್ಟ್ ಇಷ್ಟ ಆಗಿದ್ನೋಡಿ ನಂಗ್ ತೃಪ್ತಿಯಾಯ್ತು.",Happiness
"ಆ ಪುಸ್ತಕ ತಗೊಂಡ್ಬನ್ನಿ ಅಂತ ನಾನ್ ನಿಮ್ಹತ್ರ ಐದ್ಸಲ ಕೇಳಿದೀನಿ, ಆದ್ರೆ ಪ್ರತೀ ಸಲನೂ ಮರ್ತೇಬಿಡ್ತೀರಲ ನೀವು. ಯಾಕ್ ಹೀಗ್ ಮಾಡ್ತಿದೀರ, ಏನಾಗಿದೆ ನಿಮ್ಗೆ?",Anger
ನಾನ್ ನನ್ ಕನ್ಸಿನ್ ಕಾರ್ನ ಯಾವ್ದೇ ಸಾಲ ಮಾಡ್ದೆ ತಗೊಳಕ್ಕಾಗಿದ್ದು ನಂಗಂತೂ ಚಂದ್ರಲೋಕಕ್ಕೇ ಲಗ್ಗೆ ಇಟ್ಟ್ ಹಾಗ್ ಅನ್ಸ್ತಿದೆ.,Happiness
ಗ್ರಾಹಕರ್  ದೂರುಗಳನ್ ನಿಭಾಯಿಸ್ತ ಇರೋವಾಗ  ನಾನ್  ತಾಳ್ಮೆನ್  ಕಳ್ಕೊಂಡ್  ವಿಷಯನ್  ಇನ್ನಷ್ಟ್  ಹದಗೆಡಿಸಿದ್ರೆ ಅಂತ ನಂಗ್ ಭಯ ಆಗ್ತಿದೆ.,Fear
"ನೀವ್ ಯಾವಾಗ್ಲೂ ನನ್ನನ್ನ ಟೀಕೆ ಮಾಡೋ ಥರನೇ ಮಾತಾಡ್ತಿದ್ರೆ, ಹೀಯಾಳಿಸ್ತಿದ್ರೆ ನಂಗ್ ನಿಮ್ಮೇಲ್ ದ್ವೇಷ ಬೆಳ್ಯತ್ತಷ್ಟೇ.",Anger
ಆರ್ಥಿಕ ಹಿಂಜರಿತ ಆಗೋ ಸಾಧ್ಯತೆ ಇರೋದು ಜನ್ರು ಕೈಬಿಚ್ಚಿ ಖರ್ಚು ಮಾಡ್ದಿರೋ ಹಾಗೆ ತಡೀತಾ ಇದೆ. ಎಲ್ರಿಗೂ ಭವಿಷ್ಯದ್ದೇ ಚಿಂತೆ..,Fear
"ಕೆಲ್ವೊಮ್ಮೆ, ಒತ್ತಡ ಜಾಸ್ತಿ ಆದಾಗ, ನಾನ್  ನನ್ ಭುಜದ್  ಮೇಲೆ ಭಾರ್ವಾದ ಹೊರೆನ ಹೊರ್ತಾ ಇದ್ದೀನೇನೋ ಅಂತ ಅನ್ಸುತ್ತೆ.",Sadness
ಈ ವರ್ಷ ತೆರಿಗೆ ರೀಫಂಡ್ ಅಂತ ದೊಡ್ಡ್ ಮೊತ್ತನೇ ಬರ್ತಿರೋ ಬಗ್ಗೆ ಮೆಸೇಜ್ ಬಂದಿದೆ ನಂಗೆ.. ಖರ್ಚಿಗ್ ಒಂದಷ್ಟ್ ದುಡ್ಡಾಯ್ತು!,Happiness
"ಕೊನೆಗೂ ಮಾಡ್ಯುಲರ್ ಕಿಚನ್ ಡಿಸೈನು ನಾನನ್ಕೊಂಡಿದ್ ಥರ ಇರಲ್ವೇನೋ ಅಂತ ನನ್ ಮನ್ಸಿಗ್ ಒಂದೇ ಸಮ್ನೇ ಅನ್ಸ್ತಾ ಇದೆ. ನನ್ ಅಭಿರುಚಿಗೆ, ಅಗತ್ಯಕ್ಕೆ ಸರಿ ಹೊಂದೋಂಥದ್ದಲ್ದೇ ಬೇರೆ ಎಂಥದ್ದೋ ಆದ್ರೆ ಏನಪ್ಪಾ ಮಾಡೋದು?",Fear
"ನಿನ್ನೆ ತಗೊಂಡ್ ಸಿಲಿಂಡರ್ ಮೊದ್ಲು ಇರ್ತಾ ಇದ್ದಿದ್ಕಿಂತ ಕಡ್ಮೆ ತೂಕ ಇರೋದ್ ನೋಡುದ್ರೆ ನಾವೀಗ ಕಡ್ಮೆ ಗ್ಯಾಸ್ಗೆ ಜಾಸ್ತಿ ದುಡ್ಡ್ ಕೊಟ್ಟಂಗಾಗಿದೆ, ಏನ್ ಜನ್ರಿಗ್ ಅಷ್ಟ್ ಸುಲಭ್ವಾಗ್ ಮೋಸ ಮಾಡ್ಬೋದು ಅನ್ಕೊಂಡಿದಾರ ಇವ್ರು!",Anger
"ನಾನ್ ಕೆಲ್ಸ ಬಿಡೋ ಸಮಯ ಇನ್ನೇನ್ ಹತ್ರ ಬರ್ತಿದೆ.. ನನ್ ಜಾಗಕ್ಕೆ ಈಗಾಗ್ಲೇ ಇನ್ನೊಬ್ರನ್ನ ನೇಮಿಸ್ಕೊಂಡೂ ಆಗಿದೆ ಅಂತ ಗೊತ್ತಾಗಿ ನನ್ ಮನ್ಸು, ಆತ್ಮವಿಶ್ವಾಸ ಎಲ್ಲ ಕುಗ್ಗ್ಹೋಗಿದೆ.",Sadness
ಅಮೆರಿಕದಲ್ಲಿ ಚಿಕ್ಕಪುಟ್ಟ ಮಕ್ಳ ಮೇಲೆಲ್ಲ ಗುಂಡಿನ್ ದಾಳಿ ಮಾಡ್ತಿರೋದ್ ನೋಡ್ತಿದ್ರೆ ನಂಗ್ ತಲೆಕೆಡ್ತಿದೆ.,Anger
ಇಂಥ ಭ್ರಷ್ಟ ಪೊಲೀಸ್ರಿಗೆ ನಾವ್ ಜನಗಳೇ ಲಾಠಿ ರುಚಿ ತೋರ್ಸಿ ಸರ್ಯಾಗ್ ಬುದ್ಧಿ ಕಲಿಸ್ಬೇಕು.,Anger
"ಲೈಟ್ ಸ್ವಿಚ್ನ ಒತ್ತ್ಬೇಡ. ಗ್ಯಾಸ್ ಸಿಲಿಂಡರ್ ಸೋರ್ಕೆ ಆಗ್ತಿದೆ, ಸ್ವಿಚ್ ಒತ್ತಿದ್ರೆ ಸಿಲಿಂಡರ್ ಸಿಡ್ದ್ಹೋಗ್ಬೋದು.",Fear
ತೆರಿಗೆ ಸಲ್ಲಿಸೋ ಪ್ರಕ್ರಿಯೆ ಇಷ್ಟೊಂದ್ ಅಗಾಧ ಮತ್ತೆ ಇಷ್ಟೆಲ್ಲ ಸವಾಲಾಗಿರತ್ತೆ ಅಂತ ನಾನ್ ಕನ್ಸಲ್ಲೂ ಅನ್ಕೊಂಡಿರ್ಲಿಲ್ಲ.,Surprise
"ವಾಹ್, ಇವತ್ತು ನೀವ್ ಮಾಡಿದ್ದ್ ಸಹಾಯಕ್ಕೆಲ್ಲ ನಿಮ್ಗೆ ತುಂಬಾ ಧನ್ಯವಾದ ಸ್ಮಿತ್ ಅವ್ರೇ. ನಂಗ್  ನಿಜ್ವಾಗ್ಲೂ ನಿಮ್ಮೀ ಗುಣ ಭಾಳ ಮೆಚ್ಗೆ ಆಯ್ತು!",Happiness
"ಆ ಸಾಫ್ಟ್ವೇರೇನೋ ಹಾಕ್ಕೊಂಡೆ ಖರೆ ಆದ್ರ ಅವ್ರ್ ಇಂಟರ್ಫೇಸ್ನ್ಯಾಗ ಸಲೀಸಂಬದೇ ಇಲ್ಲಾ ಕೆಟ್ಟ ಅಸೈ ಅದ, ಹಿಂಗಾಗಿ ವಂದೇ ದಿನ್ದಾಗ ಅದ್ನ ಬಳ್ಸೂದ್ನೇ ಬಿಟ್ಟೆ.",Disgust
ಸೈಬರ್ ಸೆಕ್ಯುರಿಟಿ ಬ್ರೀಚ್ ಆಗಿ ನನ್ ಕುಟುಂಬದ್ ಫೋಟೋಗಳ್ನೆಲ್ಲ ಕಳ್ಕೊಂಡಾಗ  ನಂಗ್ ಎಷ್ಟ್ ಹುಚ್ಚ್ ಕೋಪ ಬಂದಿತ್ತೂಂದ್ರೆ ಅದ್ನ ಮಾಡ್ದೋನೇನಾದ್ರೂ ನನ್ ಕೈಗ್ ಸಿಕ್ಕಿದ್ದಿದ್ರೆ ಸರ್ಯಾದ್ ಶಾಸ್ತಿ ಮಾಡ್ತಿದ್ದೆ ಅವ್ನಿಗೆ.,Anger
ನಿಮ್ಜೊತೆ ಬೀರು ಆಯ್ಕೆಗಳ್ ಬಗ್ಗೆ ನಾನ್ ಮಾತಾಡ್ಬೇಕು ಅನ್ನೋದೇ ದೊಡ್ಡ್ ಆಶ್ಚರ್ಯ ನಂಗೆ. ನಿಮ್ಗ್ ಯಾವಾಗಿಂದ ಇದ್ರಲ್ಲೆಲ್ಲ ಆಸಕ್ತಿ ಶುರುವಾಗಿರೋದು?,Surprise
ಅತೀ ಅಲಂಕಾರ ಮಾಡ್ಕೋತ್ ಕುಂತ್ರ ನಂಗ ಚೂರೂ ಹಿಡಸಂಗಿಲ್ಲಾ. ನನ್ ಕಾರಿಗಿ ಯಲ್ಲಾರ್ ಮುಂದ ಪ್ರದರ್ಶನಕ್ಕಿಟ್ಹಂಗ ಥಳಕಪಳಕಿ ಮಾಡ್ಬೇಕಂದ್ರ ನಂಗ ಚಿರಡಿಗ್ ಬರ್ತದ.,Disgust
ನಮ್ ಪರೀಕ್ಷಾದ್ ಸಿಲೆಬಸ್ಸೇ ನಂಗ್ ತಿಳೀವಲ್ದು.,Fear
ಯಪ್ಪಾಹ್.. ಮೈಯೆಲ್ಲ ಮಣ್ಣ್ ಮೆತ್ಕೊಳತ್ತೆ ಅಂದ್ರೂ ಡರ್ಟ್ ಬೈಕಿಂಗ್ನ ನೀವ್ ಅದ್ಹೇಗ್ ಎಂಜಾಯ್ ಮಾಡ್ತೀರೋ ಏನೋಪ್ಪ.,Disgust
ಆ ಆರೋಗ್ಯ ಕೇಂದ್ರದಲ್ಲಿ ಎಂ.ಆರ್.ಐ.ಗೋಸ್ಕರ ಪ್ರತ್ಯೇಕ ಸೌಲಭ್ಯನೇ ಇಲ್ವಂತೆ! ಈ ಥರದ್ ಜಾಗದಲ್ಲಿ ಎಲ್ಲಾ ಆಧುನಿಕ ಸೌಲಭ್ಯಗಳೂ ಇರತ್ವೆ ಅನ್ಕೊಂಡಿದ್ದೆ ನಾನು.,Surprise
ಆ ಆಟ ಚಿಕ್ಕ ಮಕ್ಳಿಗೋಸ್ಕರ ಇರೋದು. ಬೆಳ್ದ್ ಇಷ್ಟ್ ದೊಡ್ಡೋರಾಗಿರೋ ನಿಮ್ಮಂಥೋರು ಹೇಗಾದ್ರೂ ಆಡ್ತೀರೋ ಅದ್ನ?,Disgust
"ನಾನ್ ನಿಮ್ಗೆ ಕಾಲ್ ಮಾಡಿದ್ದು ನಿಜ್ಜ ಒಳ್ಳೆದಾಯ್ತು, ನೀವ್ ನನ್ ಫ್ರಿಡ್ಜಲ್ಲಿ ಏನ್ ಹಾಳಾಗಿದೆ ಅಂತ ವಿವರ್ಸಿ ಅದ್ನ ಹೇಗ್ ಸರಿ ಮಾಡ್ತೀರಿ ಅಂತೆಲ್ಲ ತಿಳ್ಸಿದ್ದು ನಂಗೀಗ ಕೊನೆಗೂ ಅದ್ ರಿಪೇರಿ ಆಗತ್ತೆ ಅಂತ ನಂಬ್ಕೆ ಹುಟ್ಟಿದೆ.",Happiness
"ರಾಷ್ಟ್ರೀಯ ನೃತ್ಯ ಸ್ಪರ್ಧೆಯ ಮುಂದಿನ್ ಸುತ್ತಲ್ಲಿ ಭಾಗ್ವಹಿಸೋಕ್ಕೆ ನಿಮ್ ಮಗುನ ಆಯ್ಕೆ ಮಾಡಿದ್ದಾರೆ! ನಿಮ್ಗೀ ವಿಷ್ಯ ತಿಳ್ಸೋಕೆ ತುಂಬಾನೇ ಸಂತೋಷ ಆಗ್ತಿದೆ ನಂಗೆ, ಅಭಿನಂದನೆಗಳು!",Happiness
"ಇನ್ನೊಂದ್ ಬ್ರಾಂಡಿಂದ ಇದೇ ಥರದ್ದು ಕಡ್ಮೆ ಬೆಲೆಗ್ ಸಿಗ್ತಿರುವಾಗ ಸೋನಿ ಕಂಪ್ನಿಯೋರು ತಮ್ ಟಿ.ವಿ.ಗೆ ಅಷ್ಟೊಂದ್ ದುಡ್ಡ್ ತಗೊಳೋದು ಹಗಲ್ ದರೋಡೆ ಅಲ್ದೇ ಇನ್ನೇನು, ನಂಗ್ ಅದ್ಕೆ ಆ ಬ್ರಾಂಡಂದ್ರೇನೇ ಆಗಲ್ಲ.",Disgust
"ನೀವ್ ಬಳಸ್ತಾ ಇರೋ ಕ್ಲೀನಿಂಗ್ ಪ್ರಾಡಕ್ಟ್ಸ್ ನೋಡ್ತಿದ್ರೆ ಅವು ಏನೂ ಚೆನಾಗಿಲ್ಲ ಅನ್ಸ್ತಿದೆ, ಎಲ್ಲ ಸರ್ಯಾಗ್ ಕ್ಲೀನಾಗತ್ತೋ ಇಲ್ವೋ ಅಂತ ಯೋಚ್ನೆ ನಂಗೆ.",Fear
"ಫುಟ್ಬಾಲ್ ಪಂದ್ಯದಲ್ಲಿ ನಮ್ ಆಟದ್ ತಂತ್ರನ ಎದುರಾಳಿ ತಂಡದೋರ್ಗ್ ಹೇಳೋಷ್ಟ್ ಕೆಳಮಟ್ಟಕ್ ನೀವ್ ಇಳಿತೀರಿ ಅಂದ್ರೆ ನಂಗ್ ನಂಬಕ್ಕಾಗ್ತಿಲ್ಲ, ನಾಚ್ಕೆ ಆಗ್ಬೇಕ್ ನಿಮ್ಗೆ.",Anger
"ಆಂಟೆನಾದಲ್ ಶೇಕಡ ಎರಡು ಬದ್ಲಾವಣೆಯಿಂದಾಗ್  ವಾಯೇಜರ್, ಎರಡು, ಬಾಹ್ಯಾಕಾಶ ನೌಕೆ ಸೌರವ್ಯೂಹದ್  ಹೊರ್ಗೆ ಶಾಶ್ವತವಾಗ್  ಕಳ್ದ್ ಹೋಯ್ತು ಅಂತ ಕೇಳ್ದಾಗ ನಂಗ್  ದುಃಖ ಆಯ್ತು.",Sadness
ಈ ಹೊಸ ಬೈಕ್ಗಳಲ್ಲಿ ತುಂಬಾ ಕೆಳ್ಗಿರೋ  ಹ್ಯಾಂಡಲ್ಬಾರ್ಗಳ್ಮೇಲೆ ಜಾಸ್ತಿ ಬಗ್ಗಿ ಗಾಡಿ ಓಡ್ಸುದ್ರೆ ಎಲ್ಲ್ ಬೆನ್ನೋವ್ ಶುರು ಆಗ್ಬಿಡತ್ತೋ ಅಂತ ಭಯ ನಂಗೆ.,Fear
ಕ್ಲೈಂಟ್ ಕಡೆ ಗ್ರಾಹಕ್ರಿಗೆ ನಾವು ವಸ್ತುಗಳ್ನ ತಲುಪ್ಸೋದ್ ತಡ ಆಯ್ತೂಂತ ಆ ಕ್ಲೈಂಟ್ ದೂರ್ ಕೊಟ್ಬಿಟಿದಾರೆ. ಇದ್ನ ಹೇಗ್ ಬಗೆಹರ್ಸೋದಂತ್ಲೇ ನಂಗ್ ತೋಚ್ತಿಲ್ಲ.,Fear
"ದಯ್ವಿಟ್ಟು ಆತುರದಲ್ಲಿ ಹಾಗೆಲ್ಲ ತೀರ್ಮಾನ ತಗೊಂಡು ಇಂಟರ್ನೆಟ್ ಪ್ರೊವೈಡರ್ನ ಬದ್ಲಾಯಿಸ್ಬೇಡಿ, ನಿಮ್ ಇಂಟರ್ನೆಟ್ ಸಮಸ್ಯೆನ ಬಗೆಹರ್ಸಕ್ಕೆ ನಮ್ಕಡೆಯೋರು ಇನ್ನೇನ್ ಹತ್ತ್ ನಿಮ್ಷದಲ್ಲೇ ಅಲ್ಲಿಗ್ ಬಂದ್ಬಿಡ್ತಾರೆ.",Fear
ದಿವಾಳಿ ಆಗ್ತಿರೋ ಕಾರ್ಪೊರೇಷನ್ಗಳ್ಗೆ ಸರ್ಕಾರ ಸಾರ್ವಜನಿಕ್ರ ಹಣದಿಂದ ಜಾಮೀನ್ ಕೊಡ್ಸೋದು ನಂಗ್ ರಕ್ತ ಕುದ್ಯತ್ತೆ.,Anger
ಹಣಕಾಸಿನ್ ಸ್ಥಿತಿ ನಿರ್ವಹಿಸೋದು ಮತ್ತೆ ತೆರಿಗೆ ಕಟ್ಟೋದ್ರ್ ಬಗ್ಗೆ ಚರ್ಚೆ ಆದ್ಮೇಲೆ ಆಫೀಸಲ್ಲಿ ವಾತಾವರಣ ಕೊಳ್ತು ನಾರ್ತಿರೋ ಹಾಗಾಗಿತ್ತು.,Disgust
ಶ್ರೀಮಂತ್ವಾಗಿರೋ ದೇಶ್ಗಳಿಂದಾಗಿ ಬೇರ್ಬೇರೆ ದೇಶಗಳ್ ಮಧ್ಯೆ ತಲೆದೋರಿರೋ ಈ ಆರ್ಥಿಕ ಅಸಮಾನತೆ ಬಗ್ಗೆ ಯೋಚಿಸ್ದಾಗೆಲ್ಲ ನನ್ ರಕ್ತ ಕುದಿಯುತ್ತೆ.,Anger
ದೊಡ್ಡವರಾಕ್ಕೊತ ಹೋದ್ಹಂಗ ನನ್ ಮಕ್ಳಿಗಿ ತಮ್ ಬ್ಯಾಂಕ್ ಖಾತಾದ್ ಮ್ಯಾಲ್ ಹಿಡ್ತ ಬರ್ತದ ಖರೇ ಆದ್ರ ಜೊತಿಗಿ ಅವ್ರಿಗಿ ರೊಕ್ಕದ್ ಕಿಮ್ಮತ್ನೂ ತಿಳಿತದೋ ಇಲ್ಲೊ ಅಂತ ಚಿಂತ್ಯಾಗ್ಯಾದ.,Fear
ಹಣಕಾಸಿನ್ ನಿರ್ವಹಣೆ ಮತ್ತೆ ತೆರಿಗೆ ಸಿದ್ಧತೆಯ ಸಂಕೀರ್ಣತೆಗಳ್ನ ನಾವ್ ನಿಭಾಯ್ಸೋವಾಗ ನಮ್ ತಲೆ ಮೇಲೆ ಸಂಭಾವ್ಯ ಆಪತ್ತಿನ ಕತ್ತಿ ತೂಗ್ತಲೇ ಇರತ್ತೆ.,Fear
ಹೋದ್ ಕ್ವಾರ್ಟರಲ್ಲಿ ಎಷ್ಟಿತ್ತೋ ಅಷ್ಟೇ ಇದ್ದಿದ್ ತೈಲ ಬೆಲೆ ಈಗ ಇದ್ಕಿದ್ದಂಗೆ ಗಗನಕ್ಕೇರಿರೋದ್ ನೋಡುದ್ರೆ ಬೇಜಾರಾಗ್ತಿದೆ.,Sadness
"ನಾನು ಈ ವೀಡಿಯೊ ಗೇಮ್ ಆಡ್ಬೇಕು ಅನ್ಕೊಂಡಿದ್ದೆ, ಆದ್ರೆ ಸಿ.ಡಿ. ಮುರ್ದ್ಹೋಯ್ತು. ಈಗ ನಾನ್ ಇನ್ಯಾವತ್ತೂ ಈ ಆಟನ ಮತ್ತೆ ಆಡೋಕಾಗಲ್ಲ.",Sadness
ಅಯ್ಯೋ! ಟಿಕೆಟ್ ಕಾಯ್ದಿರಿಸಿದ್ ಗುಮಾಸ್ತರು ಟಿಕೆಟ್ನ ನಾಳೆಗ್ ಮುಂದೂಡೋದ್ನ ಮರ್ತ್ಬಿಟಿದಾರೆ. ನಾಳೆ ನಾನ್ಹೇಗಪ್ಪ ಹೋಗ್ಲಿ?,Surprise
ನಿರ್ಭಯಾ ಅತ್ಯಾಚಾರದ್ ಪ್ರಕರಣ ನೆನ್ಸ್ಕೊಂಡ್ರೆ ನಂಗೀಗ್ಲೂ ದುಃಖ ಆಗುತ್ತೆ.,Sadness
ಕೆಲ್ವು ವಿಮರ್ಶಕ್ರು ಪುರಾವೆಗಳ್ನ ಸರ್ಯಾಗ್ ನೋಡ್ದೆ ತಮಿಳ್ನಾಡಲ್ ಸಿಕ್ಕಿರೋ ಪುರಾತತ್ವ ವಸ್ತುವಿಶೇಷಗಳ್ನ ಕಡೆಗಣಿಸ್ತಾ ಇದಾರೆ ಅಂತ ಕೇಳುದ್ರೇನೇ ಕೋಪ ಏರ್ತಾ ಇದೆ ನಂಗೆ.,Anger
ಇಂಟರ್ನೆಟ್ ಕೆಟ್ ಸ್ಲೋ ಇತ್ತ ಹಿಂಗಾಗಿ ಆಫೀಸ್ ಮೀಟಿಂಗ್ನ್ಯಾಗ ನನ್ ಮಾತ ಅರ್ಧಕ್ಕ ನಿಂತ್ ಭಾಳ ಸಿಡಿಸಿಡಿ ಆಗ್ಲಿಕತ್ತಿತ್ತು.,Anger
ನಾವ್ ಹೋಗಿದ್ ಊರಲ್ಲಿ ಬೇರ್ಬೇರೆ ಸ್ವಾದಗಳು ಹದವಾಗ್ ಬೆರ್ತಿರೋ ಅಡ್ಗೆನ ಊಟ ಮಾಡಿ ನಂಗಂತೂ ಸಂತೃಪ್ತಿಯಾಯ್ತು.,Happiness
"ಏನ್ ಅನ್ಯಾಯ್ ಇದಂತೀನಿ, ದವಾಖಾನಿ ಖರ್ಚ್ ಹಿಂಗ್ ಜಾಸ್ತಿ ಆದ್ರ ಯಲ್ಲಾರ್ಗೂ ದವಾಖಾನಿಗ್ ಹೋಗ್ಲಿಕ್ಕ ಹೆಂಗಾಗ್ತದ.",Anger
ನನ್ ಸಿಟಿಬ್ಯಾಂಕ್ ರಿಲೇಶನ್ಷಿಪ್ ಮ್ಯಾನೇಜರ್ ನನ್ ಪೋರ್ಟ್ಫೋಲಿಯೋನ ಪದೇ ಪದೇ ನಿರ್ಲಕ್ಷ್ಯ ಮಾಡೋದ್ನೋಡಿ ನಂಗ್ ಆ ಬ್ಯಾಂಕ್ ಮೇಲೇ ಜುಗುಪ್ಸೆ ಬಂದ್ಬಿಟಿದೆ.,Disgust
ಹಲೋ ಅಣ್ಣ. ಇವತ್ ನಾನು ತುಂಬಾ ಒಳ್ಳೆ ಮೂಡಲ್ಲಿದೀನಿ. ದಯ್ವಿಟ್ಟು ನನ್ ಗಡ್ಡನೂ ಕ್ಲೀನ್ ಶೇವ್ ಮಾಡ್ಬಿಡಿ.,Happiness
ನಾನ್ ನನ್ ಜೀವ್ನಕ್ಕೊಂದ್ ಅರ್ಥ ಅಥ್ವಾ ಉದ್ದೇಶದ್ ಹುಡುಕಾಟ್ದಲ್ಲಿರುವಾಗ ಜೀವ್ನ ಎಷ್ಟ್ ಬೇಗ್ ಕಳ್ದ್ ಹೋಗ್ತಿದ್ಯಲ್ಲ ಅಂತ ಯಾಕೋ ಎಲ್ಲ ಖಾಲಿ ಖಾಲಿ ಅನ್ನಿಸ್ತಿದೆ.,Sadness
ನಾವ್ ಪಟ್ಟಿದ್ದ್ ಕಷ್ಟ ಎಲ್ಲ ಹೀಗೆ ಸಮೃದ್ಧವಾದ್ ಫಸಲಾಗ್ ಬೆಳ್ದ್ ನಿಂತಿರೋದ್ನೋಡಿ ಮನ್ಸಲ್ಲಿ ಎಂಥ ಸಾರ್ಥಕತೆ ಮೂಡತ್ತೆ ಅನ್ನೋದ್ರ್ ಅನುಭವನೇ ಇರ್ಲಿಲ್ಲ ನಂಗೆ!,Surprise
"ನಮ್ಮ ಟೀಮ್ನೋರ್ ಆರೋಗ್ಯದ್ ಬಗ್ಗೆ ಸ್ವಲ್ಪನೂ ಯೋಚ್ನೆ ಮಾಡ್ದೇ, ಆ ಕ್ಲೈಂಟು, ಆರ್ ತಿಂಗ್ಳು ಪೂರ್ತಿ ವಾರ್ದಲ್ ಏಳ್ ದಿನನೂ ಕೆಲ್ಸ ಮಾಡ್ಲಿ ಅವ್ರು ಅಂದಾಗ ನಾನವ್ಳ್ ಮೇಲ್ ಉರ್ದ್ಬಿದ್ದೆ.",Anger
ಛೇ! ನಾವ್ ಈ ಮುರ್ದ್ಹೋಗಿರೋ ಹಲಗೆಗಳ್ನ ಬಳ್ಸ್ಕೊಂಡ್ ಕೆಲ್ಸ ಮಾಡ್ಬೇಕು ಅಂತ ಅವ್ರ್ ಅದ್ಹೇಗ್ ನಿರೀಕ್ಷಿಸ್ತಾರೆ!,Disgust
"ನಾನ್ ನೋಡಿದ್ದಿದ್ ಬೇರೆ ಆಯ್ಕೆಗಳ್ಗ್ ಹೋಲ್ಸಿದ್ರೆ  ನಂಗೆ ಬಾಡ್ಗೆ ಮನೆ ಹುಡುಕ್ಕೊಟ್ಟ ಈ ಬ್ರೋಕರ್ರು ಕಡ್ಮೆ ಕಮಿಷನ್ ತಗೊಂಡಿದಾನೆ, ಸದ್ಯ ನಂಗೊಂದಷ್ಟ್ ದುಡ್ಡ್ ಉಳೀತು.",Happiness
ಹಿತವಾದ್ ಹರ್ಬಲ್ ಚಹಾನ ಒಂದೊಂದೇ ಗುಟುಕು ಕುಡೀತಾ ಇದ್ರೆ ಎಷ್ಟ್ ಹಾಯಾಗಿರತ್ತೆ.,Happiness
"ಆರೋಗ್ಯ ಕೇಂದ್ರದಲ್ಲಿ ಜಾಸ್ತಿ ದಾದೀರು ಇರ್ತಾರೆ ಅಂದ್ಕೊಂಡಿದ್ದೆ, ಆದ್ರೆ ಹಾಗಿರ್ಲಿಲ್ಲ. ಎಲ್ಲ ನಾವೇ ನಿಭಾಯ್ಸ್ಬೇಕಾಗಿದ್ದು ತುಂಬಾ ಕಷ್ಟ ಆಯ್ತು.",Sadness
"ಸಿದ್ಧ ಪದ್ಧತಿಯ ಡಾಕ್ಟ್ರು ನಂಗೆ ಅದ್ಭುತ್ವಾಗ್ ಚಿಕಿತ್ಸೆ ಕೊಟ್ಟಿದ್ದಾರೆ, ನೋವು ಮೊದ್ಲಿಗಿಂತ ಈಗ ಎಷ್ಟೋ ಕಮ್ಮಿ ಆಗಿದೆ.",Happiness
ಆ ಕಾರು ಎಷ್ಟ್ ಹಳೇದು ಅಂತ ನೋಡಲ್ಲಿ. ಸೀಟ್ಗಳೆಲ್ಲ ಹರ್ದ್ಹೋಗಿವೆ ಮತ್ತೆ ಎಷ್ಟ್ ಕೆಟ್ಟ್  ವಾಸ್ನೆ ಬರ್ತಿದೆ.,Disgust
"ಕೊನೆ ನಿಮಿಷ್ದಲ್ಲಿ ನನ್ ಟೀಮ್ ಗೋಲ್ ಹೊಡ್ದಾಗ ನಂಗೆ ಆ ಸಂತೋಷ ತಡ್ಕೊಳಕ್ಕಾಗ್ಲಿಲ್ಲ, ಕುಣ್ದ್ ಕುಪ್ಪಳ್ಸ್ಬಿಟ್ಟೆ.",Happiness
"ಹೇ, ನಾನ್ ಯಾವ್ ಬಣ್ಣನ್ ಕೇಳ್ದೆ ಅಂತ ನೆನ್ಪಿಲ್ವಾ ನಿಮ್ಗೆ? ಇದನ್ ಯಾಕ್ ತಂದ್ ತೋರಿಸ್ತಿದೀರ ನಂಗೆ?",Anger
ಇದು ಪ್ರಪಂಚ್ದಲ್ಲೇ ಅತ್ಯಂತ ಎತ್ತರವಾಗಿರೋ ಕಟ್ಟಡ ಅಂತ ನಂಗ್ ಹೇಳಿದ್ರು. ಎಷ್ಟ್ ಸೊಗ್ಸಾಗಿದೆ ಇದು!,Surprise
ತರಗತಿಲಿ ನಂಗಿಂತ ಹಿರಿಯ ವಿದ್ಯಾರ್ಥಿ ಒಬ್ಬ ನನ್ನನ್ನ ಪೀಡ್ಸೋಕ್ ನೋಡ್ದಾಗ ನಾನೂ ಖಡಕ್ಕಾಗಿ ಪ್ರತಿಕ್ರಿಯಿಸ್ದೆ.. ಇನ್ಯಾವತ್ತೂ ನನ್ ತಂಟೆಗ್ ಬರ್ಬಾರ್ದು ಅವ್ನು.,Anger
"ನಾವೀಗಾಗ್ಲೇ ಇದ್ನ ಚರ್ಚೆ ಮಾಡಾಗಿದೆ, ಮೀರಾ! ಮತ್ಮತ್ತೆ ನನ್ಹತ್ರ ಅದದೇ ಪ್ರಶ್ನೆಗಳ್ನ ಕೇಳೋದ್ ನಿಲ್ಸು ನೀನು.",Anger
ಏನ್ ಮಂದಿ ಅಂತೀನಿ ಹೊತ್ತುವ್ಯಾಳಿ ಮ್ಯಾಲ್ ಬೇಕಾಗ್ತದಂತ ಒಂದಿಷ್ಟ್ ಗಂಟಿಟ್ಟಿರಲ್ಲಲಾ.,Surprise
ಅಭಿಲಾಷ್ ಟಾಮಿ ತಮ್ ನೌಕೆಲಿ ಜಗತ್ತಿನ್ ಸುತ್ತ ಪ್ರದಕ್ಷಿಣೆ ಹಾಕಾದ್ಮೇಲೆ ಅವ್ರ್ ಸಂತೋಷಕ್ಕೆ ಪಾರವೇ ಇರ್ಲಿಲ್ಲ.,Happiness
ಈ ಥರದ್ ಕೆಟ್ಟ್ ಸಿನ್ಮಾ ಮಾಡಿದಾರಲ ಅಂತ ನಂಗೆ ನಿರ್ದೇಶಕ್ರ ಮೇಲೆ ಭಾಳ ಕೋಪ ಬಂತು.,Anger
"ನಿಮ್ ಅಂಗ್ಡಿ ತಾವ ವ್ಯಾಪಾರ ಮಾಡಕ್ ನಂಗೊಂದ್ ತಾಸ್ ಬಿಟ್ಕೊಟ್ಟಿದ್ದು ದೊಡ್ಡ್ ಉಪ್ಕಾರ ಆಯ್ತು ಸ್ವಾಮಿ, ನಾನಿನ್ನ್ ಹೊರಡ್ತೀನಿ, ಆ ದೇವ್ರು ನಿಮ್ನ ಸಂದಾಕಿಟ್ಟಿರ್ಲಿ.",Happiness
ಬಾಂಡ್ ಮಾರ್ಕೆಟ್ಲಿ ಪರಿಸ್ಥಿತಿ ಇಷ್ಟ್ ಡೋಲಾಯಮಾನವಾಗಿರೋದ್ ನೋಡುದ್ರೆ ನಂಗ್ ಸ್ವಲ್ಪ ಭಯ ಆಗ್ತಿದೆ.,Fear
"ಕೊರಿಯರ್ ಪೇಮೆಂಟ್ ಪ್ರಾಸೆಸ್ ತಪ್ಪಾಗಿ ಆ ಸಮಸ್ಯೆ ಬಗೆಹರ್ಸೋಕೆ ಬೇಡದ್ದೆಲ್ಲ ತೊಂದ್ರೆ ಆಯ್ತು. ಎಷ್ಟ್ ಅನಾನ್ಕೂಲ, ತಲೆಬಿಸಿನಪ್ಪ ಇದ್ರಿಂದೆಲ್ಲ.",Sadness
ಆತನ್ ಟೀಮ್ನೋರು ತಮ್ಮ್ ಗುರಿ ತಲುಪ್ಲಿಲ್ಲ ಅಂತ ಆ ಬ್ಯಾಂಕಿನ್ ಹಿರಿಯ ಕಾರ್ಯನಿರ್ವಾಹಕ ಅಧಿಕಾರಿ ಅವ್ರ್ಗಳ್ಮೇಲೆ ಕೆಂಡಾಮಂಡಲ ಆಗಿ ರೇಗಾಡ್ಬಿಟ್ರು.,Anger
ಇವತ್ ಕೊಟ್ಟಿರೋ ರಾಶಿ ಹೋಮ್ವರ್ಕ್ ನೋಡ್ತಿದ್ರೆ ನಂಗಂತೂ ಅದ್ನ ಮುಗ್ಸಕ್ಕಾಗತ್ತೋ ಇಲ್ವೋ ಅಂತ ತಲೆಬಿಸಿ ಆಗ್ತಿದೆ.,Fear
ಸಾಲದಲ್ಲಿರುವಾಗ ಬೇರೆಯವ್ರೆಲ್ಲ ಕಷ್ಟ ಪಡ್ತಿದ್ರೆ ಶ್ರೀಮಂತ್ರಿಗ್ ಮಾತ್ರ ಜಾಮೀನ್ಗಳ್ ಸಿಕ್ಕಿ ಬಚಾವಾಗ್ತಿರೋದ್ ನೋಡ್ದಾಗ ರಕ್ತ ಕುದ್ಯತ್ತೆ.,Anger
"ನಾನು ನೀರಿನ್ ಫಿಲ್ಟರ್ಗೆ ನನ್ ಎ.ಎಂ.ಸಿ.ನ ನವೀಕರ್ಸಿ ಒಂದ್ ತಿಂಗ್ಳು ಮೇಲೇ ಆಯ್ತು, ಆದ್ರೂ ಫಿಲ್ಟರ್ಗಳ್ನ ಬದ್ಲಾಯ್ಸಕ್ಕೆ ಇನ್ನೂ ಯಾರೂ ಬಂದಿಲ್ಲ.",Anger
"ಅಪರೂಪಕ್ಕೊಮ್ಮೆ ಈ ಕೆಲ್ವು ಕೊರಿಯರ್ ಹುಡುಗರು ಐಟಮ್ಮನ್ನ ತಲುಪಿಸ್ಲಿಕ್ಕೆ ಪ್ರಯತ್ನನೇ ಪಡ್ದೇ ಟ್ರ್ಯಾಕಿಂಗ್ ವ್ಯವಸ್ಥೆಯಲ್ಲಿ ಅಪ್ಡೇಟ್ ಮಾಡಿಬಿಡೋದುಂಟು. ಅವ ನಿಮ್ಗೆ ಅದ್ನ ತಲುಪಿಸ್ಲಿಕ್ಕೆ ಪ್ರಯತ್ನಿಸದೇ ಇದ್ದದ್ದು ತಪ್ಪೇ ಹೌದು, ನಂಗಂತೂ ಇದು ನಾಚಿಕೆಪಡ್ಬೇಕಾದ ವಿಷ್ಯ, ದಯವಿಟ್ಟು ಇದೊಂದು ಬಾರಿ ನಮ್ಮನ್ನ ಕ್ಷಮಿಸಿ, ಸರ್.",Disgust
ನಾವ್ ಹಿಂಗ್ ಕೂತು ಮುಂದ್ವರಿಲಾರ್ದಕ್ಕೇ ಮಾರ್ಕೆಟ್ನ್ಯಾಗ ನಮಗ್ ಪೈಪೋಟಿ ಮಾಡವ್ರು ಹೆಚ್ಗೊಳಿಕತ್ತಾರ.,Sadness
"ಹಾಯ್ ವಿಷ್ಣು, ನಿಮ್ ಪರ್ಫಾರ್ಮೆನ್ಸಿಂದ ನಮ್ಗೆ  ತುಂಬಾ ಸಂತೋಷ ಆಗಿದೆ, ಹಾಗಾಗಿ ನಿಮ್ಗೆ ಬೋನಸ್ ಕೊಡೋಣ ಅಂತಿದೀವಿ.",Happiness
ತುಂಬಾ ಜನಪ್ರಿಯ್ವಾದ್ ಒಂದ್ ಉತ್ಪನ್ನದ್ ಮೇಲೆ ಸಾಕಷ್ಟ್ ರಿಯಾಯ್ತಿ ಸಿಕ್ಕಿ ನಾವದ್ನ ನಮ್ ಗ್ರಾಹಕ್ರಿಗೆ ಒಳ್ಳೆ ಬೆಲೆಲ್ ಮಾರಾಟ ಮಾಡಕ್ಕಾಗಿದ್ದು ನಮ್ಗ್ ಭಾರಿ ಸಂತೋಷ ಆಯ್ತು.,Happiness
ಶಿಕ್ಷಣ ಇಲಾಖೆಯೋರು ಮಕ್ಳು ಬಾಯ್ಪಾಠ ಮಾಡೋ ಅಗತ್ಯ ಇಲ್ದ್ಹಾಗೆ ಹೊಸ ಕಲಿಕಾ ವಿಧಾನಗಳ್ನ ಜಾರಿಗ್ ತಂದಿರೋದು ನಂಗಂತೂ ಭಾರೀ ಖುಷಿ ಆಯ್ತು.,Happiness
"ನಾನು ಈ ಊರಿನ್ ಪ್ರತಿಯೊಂದ್ ಅಂಗ್ಡಿಗೂ ಫೋನ್ ಮಾಡ್ ಕೇಳ್ದೆ, ಆದ್ರೆ ಅವ್ರಲ್ಲಿ ಯಾರೂ ಪಾತ್ರೆ ತೊಳ್ಯೋ ಮಷಿನ್ನ ಮಾರುವಂಥೋರಿಲ್ಲ.",Sadness
"ಗೈಡ್ ನಮ್ಜೊತೆಗೇ ಇದ್ರೂ ನಮ್ ಪ್ರವಾಸ್ದಲ್ಲಿ ವ್ಯವಸ್ಥೆಯೆಲ್ಲ ಏನೂ ಸರ್ಯಾಗಿರ್ಲಿಲ್ಲ. ಕೆಲ್ವೊಂದಷ್ಟ್ ಮುಖ್ಯವಾದ್ ಮಾಹಿತಿನೇ ತಿಳ್ಕೊಳಕ್ಕಾಗ್ಲಿಲ್ಲ ನಮ್ಗೆ, ಅಲ್ಲೆಲ್ಲ ಹೋಗಿದ್ದೂ ವ್ಯರ್ಥ ಅನ್ನೋ ಹಾಗಾಗೋಯ್ತು.",Sadness
ಪ್ರೊಫೆಸರ್ ಯಾವ್ದಾದ್ರೂ ಪ್ರಶ್ನೆ ಕೇಳಿ ಅದ್ಕೆ ಉತ್ರ ಹೇಳು ಬಾ ಅಂತ ನನ್ನ ಕರ್ದಾಗೆಲ್ಲ ಎದೆ ಡವಡವ ಅನ್ನತ್ತೆ ನಂಗೆ.,Fear
ಅದ್ಭುತ! ಸಿನ್ಮಾ ಈ ಥರ ಕೊನೆಯಾಗತ್ತೆ ಅಂತ ನಾನ್ ಖಂಡಿತ ಅನ್ಕೊಂಡಿರ್ಲಿಲ್ಲ. ಮುಂದಿನ್ ಭಾಗಕ್ಕೋಸ್ಕರ ಕಾತರದಿಂದ ಕಾಯ್ತಾ ಇದೀನಿ ನಾನು.,Surprise
"ವಾಹ್, ನನ್ ಹೊಸ ಮನೆಗೆ ಇಷ್ಟ್ ಒಳ್ಳೆ  ವಿದ್ಯುತ್ ಫಿಟ್ಟಿಂಗ್ಗಳ್  ಆಯ್ಕೆಗಳು ಸಿಗುತ್ತೆ ಅಂತ್ ನಾನ್  ನಿರೀಕ್ಷಿಸಿರ್ಲಿಲ್ಲ, ಇದು ಆಯ್ಕೆಗಳ  ಹೊಸ ಪ್ರಪಂಚ ಇದ್ದ್ ಹಾಗೆ ಇದೆ!",Surprise
ಲೈಫ್ಸ್ಟೈಲ್ ಸ್ಟೋರಲ್ಲಿ ಪ್ಲಸ್ ಸೈಜಿ಼ಂದು ಅದೆಷ್ಟ್ ಥರಾವರಿ ಬಟ್ಟೆಗಳ್ ಸಿಗತ್ವೇಂತ ನೋಡಿ ನಂಗ್ ಬೆರಗಾಗ್ಹೋಯ್ತು.,Surprise
"ಮಲ್ಟಿ ಟಾಸ್ಕಿಂಗ್ ಅಂದ್ರೆ, ಒಂದೇ ಸಮಯ್ದಲ್ಲಿ ನಾಲ್ಕಾರ್ ಕೆಲ್ಸ ಮಾಡಕ್ಹೋಗಿ ಕೊನೆಗೆ ಅವ್ಯಾವ್ದನ್ನೂ ಸರ್ಯಾಗ್ ಮಾಡ್ದೇ ಇರೋ ಸಾಮರ್ಥ್ಯ ಅಂತ ನನ್ ಸ್ನೇಹಿತ ಹೊಸ ವ್ಯಾಖ್ಯಾನನೇ ಮಾಡಿದ್ ಕೇಳಿ ನಂಗ್ ನಗು ತಡ್ಕೊಳಕ್ಕಾಗ್ಲಿಲ್ಲ.",Happiness
"ನಿಮ್ ತಾಯಿಗ್ ಆರೋಗ್ಯ ಸರಿಯಿಲ್ಲ ಅಂತ ಕೇಳಿ ತುಂಬಾ ಬೇಜಾರಾಯ್ತು. ಯಾಕ್ ಸ್ವಲ್ಪ ದಿನದಿಂದ ನೀವ್ ಒಂಥರ ಸಪ್ಪಗಿದೀರಲ ಅನ್ಕೋತಿದ್ದೆ, ಕಾರಣ ಇದೂಂತ ಈಗ್ ಗೊತ್ತಾಯ್ತು.",Sadness
"ಹೇ ಪ್ರೀತಿ! ನಮ್ ಪುಟಾಣಿ ತಂಗಿ ಈ ವರ್ಷ ,ಮಿಸ್ ವರ್ಲ್ಡ್, ಚಾಂಪಿಯನ್ಷಿಪ್ಗೆ ಆಯ್ಕೆ ಆಗಿದಾಳೆ!",Surprise
ಹೆಡ್ಫೋನ್ನಿಂದ್ ಬರ್ತಾ ಇರೋ ಶಬ್ದನ ನಂಬ್ಬೇಕು ಅಂದ್ರೆ ಅದ್ನ ಕೇಳ್ಲೇಬೇಕು!,Surprise
"ರೊಕ್ಕಾ ತುಂಬ್ಬೇಕಾಗಿರ ಕಡಿ ದಿವ್ಸನೂ ತುಂಬಂಗಿಲ್ಲಾ ಮತ್ ಪುನಾ ಪುನಾ ದಂಡಾ ಕೊಡದೇ ನಡದದ, ಹಿಂಗಾಗಿ ನಂಗ್ ಸಿಡಿಸಿಡಿ ಆಗ್ಲಿಕತ್ತದ.",Anger
ಆ ಲಕ್ಷಾಧಿಪತಿ ಹೆಂಡ್ತಿ ಟೈಟಾನ್ ಸಬ್ಮರ್ಸಿಬಲ್ ದುರಂತ್ದಲ್ಲಿ ಸತ್ಹೋದ್ ತನ್ ಮಗಂಗೋಸ್ಕರ ಗೋಳಾಡೋದ್ ನೋಡ್ತಿದ್ರೆ ಕರುಳು ಚುರುಕ್ ಅನ್ನತ್ತೆ.,Sadness
ನಮ್ ಗ್ರಾಹಕ್ರಿಗೆ ಇಷ್ಟ್ ಕೆಟ್ಟ್ ಅನುಭವ ಆಗ್ತಿದೆ ಅಂದ್ರೆ ಕೋಪ ತಡ್ಕೊಳಕ್ಕಾಗ್ತಿಲ್ಲ ನಂಗೆ.. ನಮ್ ಅಡುಗೆಭಟ್ರು ಮತ್ತೆ ಬೇರೆ ಕೆಲ್ಸದೋರ್ಹತ್ರ ಮಾತಾಡ್ತೀನಿ ನಾನು.. ಸ್ವಲ್ಪ ಬಿಸಿ ಮುಟ್ಟಿಸ್ಬೇಕು ಅನ್ಸತ್ತೆ ಅವ್ರಿಗೆ.,Anger
ಈ ವೀಡಿಯೊ ಎಡಿಟಿಂಗ್ ಸಾಫ್ಟ್ವೇರು ಇಷ್ಟ್ ಪ್ರೊಫೆಷನಲ್ ಆಗ್ ಕಾಣೋ ವೀಡಿಯೊಗಳ್ನ ಅದ್ಹೇಗ್ ಮಾಡತ್ತೋ ಏನೋಪ್ಪ!,Surprise
ಟೆನಿಸ್ ಕೋರ್ಟಲ್ಲಿ ಭಯ ಹುಟ್ಸೋ ಥರ ಇದ್ದ ಎದುರಾಳಿ ಮುಂದೆ ನಿಂತಾಗ ನಂಗೆ ಮೈಲೆಲ್ಲ ಸಣ್ದಾಗಿ ನಡ್ಕ ಬಂದ್ಬಿಡ್ತು.,Fear
ಅಸಭ್ಯವಾಗ್ ನಡ್ಕೊಂಡ ಆ ಉದ್ಯೋಗಿ ಬಗ್ಗೆ ದೂರು ಕೊಡೋಕಂತ ನಾನ್ ಬ್ಯಾಂಕ್ ಮ್ಯಾನೇಜರ್ ಹತ್ರ ಹೋದಾಗ ಗಾಬ್ರಿಗೆ ಹೊಟ್ಟೆ ಒಳಗೆಲ್ಲ ತಳಮಳ ಆಗ್ತಿತ್ತು.,Fear
ಓಹ್! ಇಷ್ಟ್ ಕಡ್ಮೆ ಬಡ್ಡಿದರ ಇರೋ ಸಾಲ ನಂಗ್ ಸಿಗ್ಬಹುದು ಅಂತ ನಂಗೊತ್ತೇ ಇರ್ಲಿಲ್ಲ. ಈ ಮಾಹಿತಿ ಕೊಟ್ಟಿದ್ದಕ್ಕೆ ಧನ್ಯವಾದ ಡೇವಿಡ್ಅವ್ರೇ.,Surprise
"ಕಳೆದ್ವರ್ಷ ಸೈಬರ್ ಸೆಕ್ಯುರಿಟಿ ಉಲ್ಲಂಘ್ನೆಯಿಂದ ತೊಂದ್ರೆ ಅನುಭವ್ಸಿದ್ದ ಲಕ್ಷಾಂತ್ರ ಜನ್ರಲ್ಲಿ ನಾನೂ ಒಬ್ನಾಗಿದ್ದೆ, ನಮ್ ಮನೆಯೋರ್ ಜೊತೆಗ್ ತೆಕ್ಕೊಂಡಿದ್ ನೂರಾರ್ ಫೋಟೋಗಳ್ನೆಲ್ಲ ಕಳ್ಕೊಂಡಾಗ ಎಷ್ಟ್ ಬೇಜಾರಾಗೋಗಿತ್ತು ಗೊತ್ತಾ, ಈಗ್ ನೆನ್ಸ್ಕೊಂಡ್ರೂ ಹೊಟ್ಟೆ ಉರ್ಯುತ್ತೆ.",Sadness
ಈ ಮರ್ಚಂಡೈಸ್ನ ಬಾಗ್ಲಲ್ ಇಡೋ ಮಹಾನ್ ಐಡಿಯಾ ಯಾರ್ದಪ್ಪ? ಓಡಾಡಕ್ಕೇ ಆಗ್ದ್ ಹಾಗೆ ದಾರಿಗ್ ಅಡ್ಡವಾಗ್ ಇದೆ ಅದು.,Disgust
ನಂಗ್ ಈ ಬಟ್ಟೆ ಕೊಡ್ಸಿದ್ದಕ್ಕೆ ತುಂಬಾ ಥ್ಯಾಂಕ್ಸ್ ಅಮ್ಮ! ನಂಗಿದು ತುಂಬಾ ಇಷ್ಟ ಆಯ್ತು.,Happiness
"ನಾ ಬ್ಯಾಂಕಿಗಿ ಹೋದಾಗ ಖರೇನೆ ಗಾಳ್ಯಾಗ್ ತೇಲ್ದಂಗ್ ಖುಷಿ ಆಗ್ಲಕತ್ತಿತ್ತು, ಅಲ್ಲಿ ನನ್ ಮಗಂದ್ ಖಾತಾ ಹದನೈದೇ ನಿಮಿಷ್ನ್ಯಾಗ ತಗದ್ಕೊಟ್ರು.",Happiness
"ಹೋಟೆಲ್ ರಿಸೆಪ್ಷನ್ನೋರು ಕೆಲ್ವೇ ಗಂಟೆಲಿ ನನ್ ಬಟ್ಟೆ ಒಗ್ದು, ಒಣಗ್ಸಿ, ಮಡ್ಚಿನೂ ಕೊಡ್ತೀವಿ ಅಂತ್ ಹೇಳ್ದಾಗ ನಂಗ್ ನಿಜ್ವಾಗ್ಲೂ ಆಶ್ಚರ್ಯ ಆಯ್ತು. ಬರೋ ಅತಿಥಿಗಳ್ಗೆ ಇವ್ರು ಏನೆಲ್ಲ ಭರವಸೆ ಕೊಡ್ತಿದಾರೆ ಅನ್ನೋದು ಲಾಂಡ್ರಿಯೋರಿಗ್ ಗೊತ್ತೋ ಇಲ್ವೋ ಅಂತ ನಂಗ್ ಸಂದೇಹ ಬರ್ತಿದೆ.",Surprise
ಡೆಲಿವರಿ ಮಾಡ್ದೋನು ಗ್ಯಾಸ್ ಸಿಲಿಂಡರ್ ದುಡ್ಡಿನ್ ಬಗ್ಗೆ ವಿವರ್ವಾಗ್ ಹೇಳಿದ್ಕೇಳಿ ನಂಗ್ ಅದ್ರ್ ಬಗ್ಗೆ ಸಮಾಧಾನ ಆಯ್ತು. ನನ್ ಹಣ ಎಲ್ಲಿಗ್ ಹೋಗ್ತಿದೆ ಅಂತ ಈಗ್ ಸರ್ಯಾಗ್ ಅರ್ಥ ಆಗಿದೆ.,Happiness
"ಪ್ಯಾರಿಸ್ ಮತ್ ಆಮ್ಸ್ಟರ್ಡ್ಯಾಮ್ ನಡುವಿನ್  ಸುಗಮ, ಫಾಸ್ಟ್  ರೈಲಲ್ಲಿ  ಹೋದ್ ಮೇಲೆ  ನಂಗ್ ಏನೋ  ಶಕ್ತಿ ಬಂದ್ ಹಾಗ್ ಆಗಿದೆ.",Happiness
ಅಬ್ಬಾ ಈ ಬಾಡ್ಗಿ ಮನ್ಯಾಗ್ ನಿಂತ್ ಗುಡ್ಡಾಗಳ್ ನೋಡಭೌದಲಾ. ನಂಬ್ಲಿಕ್ಕಾಗಲ್ತು!,Surprise
ಚಳಿಗಾಲ್ದಲ್ಲಿ ಲಂಡನ್ ಹವಾಮಾನ ಎಂಥೋರ್ಗೂ ಮಂಕ್ ಹಿಡ್ಸೋ ಥರ ಇರತ್ತೆ.,Sadness
"ನೀವ್ ನನ್ನನ್ನ ಯಾಕ್ ಈ ಥರ ನೋಡ್ತಿದೀರ ಸರ್? ನಾನಿಲ್ಲಿ ರದ್ದತಿ ಮಾಡ್ಸಿದ್ದಕ್ಕೆ ಹಣ ವಾಪಸ್ ತಗೊಳಕ್ ಬಂದಿದೀನಿ. ನೀವ್ ನಂಗೆ ಮುಜುಗರ, ಅಸಹ್ಯ ಹುಟ್ಸೋ ಥರ ಆಡ್ತಿದೀರಿ.",Disgust
ಈ ಸೋಷಲ್ ಮೀಡಿಯಾದಾಗ ಎಷ್ಟರೇ ಸುಳ್ಸುಳ್ ಸುದ್ದಿ ಹಬ್ಬಸ್ತಾರಪಾ ನಾನರೆ ಅಲ್ಲಿನ್ದ್ ನ್ಯೂಸ್ ಓದದೇ ಬಿಟ್ಬಿಟ್ಟಿನಿ.,Anger
ಹಾ ಏನ?! ವಾಷಿಂಗ್ ಮಷೀನಿಂದ್ ಮೋಟರ್ ಮ್ಯಾಲ ಲೈಫ್ ಟೈಮ್ ವಾರಂಟಿ ಕೊಡ್ಲಿಕತ್ತಾರಂತಾ?! ವಾರೆವ್ಹಾ!,Surprise
"ನಾನಿರೋ ಜಾಗ ನಂಗ್ ತುಂಬಾ ಇಷ್ಟ ಯಾಕಂದ್ರೆ ನಾನಿಲ್ಲಿಂದ ಎಲ್ಲ ಅಂಗ್ಡಿಗಳ್ಗೂ ನಡ್ಕೊಂಡೇ ಹೋಗ್ಬಹುದು, ಅವೆಲ್ಲ ಅಷ್ಟ್ ಹತ್ರದಲ್ಲಿವೆ.",Happiness
ಡೆಲ್ಲಿಲಿ ಅದೆಷ್ಟ್ ಥರಾವರಿ ಮ್ಯೂಸಿಯಮ್ಗಳಿವ್ಯಪ್ಪ! ನಂಗಂತೂ ನೋಡಿ ನಿಬ್ಬೆರಗಾಗೋಯ್ತು.,Surprise
ಇಷ್ಟ್ ನಿಧಾನ್ವಾಗಿರೋ ಆರ್ಥಿಕತೆಲಿ ಸ್ಟಾರ್ಟ್ಅಪ್ಗಳ್ಗೆ ಮಾಡ್ತಿರೋ ಹೂಡ್ಕೆ ಪ್ರಮಾಣ ನೋಡ್ತಿದ್ರೆ ನಂಗ್ ಆಶ್ಚರ್ಯ ಆಗತ್ತೆ.,Surprise
ನಾನ್ ಫೀಡ್ಬ್ಯಾಕ್ ಕೊಟ್ಮೇಲೆ ಅದ್ರ್ ಬಗ್ಗೆ ನೀವೇನೂ ಮಾಡಲ್ಲ ಅಂತಾದ್ರೆ ನಮ್ ಸಲಹೆ ಬೇಕೂಂತ ಯಾಕಾದ್ರೂ ಕೇಳ್ತೀರಿ?,Disgust
ನಾವು ರೆಡಿಮೇಡ್ ಫರ್ನೀಚರ್ನೇ ಕೊಂಡ್ಕೊಬಹುದು ಅಂದಾಕ್ಷಣ ಕನ್ಸೋ ನಿಜಾನೋ ಅಂತ ರೋಮಾಂಚನ ಆಗೋಯ್ತು ನಂಗೆ!,Surprise
ಕ್ಲಬ್ ಮಹೀಂದ್ರಾ ರೆಸಾರ್ಟ್ಗಳಲ್ಲಿ ಅದ್ರ ಸದಸ್ಯರ್ಗೆ ಮಾತ್ರ ಸಿಗೋ ವಿಶೇಷ ರಿಯಾಯ್ತಿಗಳ್ನ ನೋಡಿ ನಂಗ್ ತುಂಬಾ ಆಶ್ಚರ್ಯ ಆಯ್ತು.,Surprise
"ಅಯ್ಯೋ! ಅಮೃತ್ಸರ್ ಎಕ್ಸ್ಪ್ರೆಸ್ ಆಗ್ಲೇ ಹೊರಡ್ತಾ ಇದೆ. ನಾನ್ ಬೇಗ ಅದ್ನ ಹತ್ಬೇಕು, ಇಲ್ದಿದ್ರೆ ಒಂದ್ ಮುಖ್ಯವಾದ್ ಸಭೆಗ್ ಹೋಗೋದು ತಪ್ಪ್ಹೋಗತ್ತೆ.",Surprise
"ನಮ್ ಹದಗೆಟ್ಟಿರೋ ಶಿಕ್ಷಣ ವ್ಯವಸ್ಥೆನ ಮುಲಾಜಿಲ್ದೇ ತೋರ್ಸಿರೋ ರೀತಿಗೋಸ್ಕರ, ತ್ರೀ ಈಡಿಯಟ್ಸ್, ಸಿನ್ಮಾ ನಂಗಿಷ್ಟ ಆಯ್ತು.",Happiness
"ನಿಮ್ ಮ್ಯಾನೇಜರ್ಗೆ ನಿನ್ ಅಗತ್ಯ ಇರೋ ಹೊತ್ತಲ್ಲೇ ನೀನವ್ರಿಗ್ ಕೈಕೊಟ್ಟಿದ್ದು ನಂಗಂತೂ ಸ್ವಲ್ಪನೂ ಹಿಡಿಸ್ಲಿಲ್ಲ, ಕೆಟ್ಟ್ ಕೋಪ ಬರ್ತಿದೆ ನಿನ್ಮೇಲೆ.",Anger
ಚಾಲೆಂಜರ್ ನೌಕೆ ಟೇಕಾಫ್ ಆಗಿದ್ ಸ್ವಲ್ಪ ಹೊತ್ತಲ್ಲೇ ಸ್ಫೋಟ ಆಗಿ ಪಾಪ ಅದ್ರಲ್ಲಿದ್ ಗಗನಯಾತ್ರಿಗಳೆಲ್ಲ ತೀರ್ಕೊಂಡ್ಬಿಟ್ರು.. ದೇಶಕ್ ದೇಶನೇ ಕಣ್ಣೀರಿಡ್ತಿದೆ.,Sadness
ತನ್ನ್ ಲಾಭಕ್ಕೋಸ್ಕರ ತಮ್ಮನ್ನೆಲ್ಲ ಬಳಸ್ಕೊಂಡ ಅಂತ ನಾಯಕನ್ ವಿರುದ್ಧ ಕ್ರೀಡಾಪಟುಗಳು ಉಗ್ರವಾಗಿ ತಿರುಗ್ಬಿದ್ರು.,Anger
ಈ ತಿಂಗ್ಳು ನನ್ ಎಲ್ಲಾ ಮ್ಯೂಚುವಲ್ ಫಂಡ್ಗಳ್ಗೂ ಲಾಭಾಂಶ ಸಿಕ್ಬಿಟಿದೆ.,Happiness
ನೀವು ತುಂಬಾನೇ ಚೆನ್ನಾಗ್ ಕೆಲ್ಸ ಮಾಡಿದೀರಿ ಬಿಡಿ.. ಪ್ಲಾನ್ ಮಾಡಿದ್ ದಿನಕ್ಕಿಂತ ಬೇಗನೇ ಮುಗಿಸ್ಕೊಟ್ಟಿದೀರ!,Happiness
"ಈ ಊಟಾ ಇಷ್ಟ್ ರುಚಿಯದಂತ ಮೊದ್ಲ ಗೊತ್ತೇ ಇರ್ಲಿಲ್ಲಾ, ಮಸಾಲಿಯೆಲ್ಲಾ ಮಸ್ತ್ ಹೀರ್ಕೊಂಡ್ ಇಷ್ಟ್ ಮೆತ್ತಗ ರಸಾರಸಾ ಆಗ್ಯಾದ, ಇಲ್ಲಿತನಾ ನಾ ಇಂಥಾದ್ ಯಂದೂ ತಿಂದಿರ್ಲಿಲ್ಲಾ, ಇಷ್ಟ್ ರುಚಿ ಇರ್ತದಂತ ಅನ್ಕೊಂಡ್ನೂ ಇರ್ಲಿಲ್ಲಾ.",Surprise
ಭೇಷ್! ನೀವಿಷ್ಟ್ ಬೇಗ ಚೇತರ್ಸ್ಕೊತೀರಿ ಅಂತ  ನಾನ್ ಖಂಡಿತ ಅನ್ಕೊಂಡಿರ್ಲಿಲ್ಲ.,Surprise
ಯಾವ್ದಾದ್ರೂ ದೆವ್ವ ನನ್ ಎದ್ರಿಗೆ ಬಂದ್ರೆ ಅನ್ನೋ ಕಲ್ಪನೆಗೇ ಮೈಚಳಿ ಹತ್ಕೊಂಬಿಡತ್ತೆ ನಂಗೆ.,Fear
ಎಲ್ಲ ಎಷ್ಟ್ ಸಲೀಸಾಗಾಯ್ತು ಅಂತ ಕಾರ್ಯಕ್ರಮದ್ ಬಗ್ಗೆ ನಮ್ ನೆಂಟ್ರೆಲ್ಲ ಅಷ್ಟೊಂದ್ ಹೊಗಳ್ತಾ ಇದ್ದಿದ್ದು ನಮ್ ಈವೆಂಟ್ ಮ್ಯಾನೇಜರ್ ಎಂಥ ಕಸುಬ್ದಾರ ಅನ್ನೋಕೆ ಕನ್ನಡಿ ಹಿಡ್ದಂಗಿತ್ತು.,Happiness
"ಇದೆಲ್ಲ ಮಾರ್ಪಾಡ್ ಮಾಡ್ಸಾದ್ಮೇಲೆ ನನ್ ಕಾರು ಇನ್ನೂ ಸಖತ್ತಾಗ್ ಓಡತ್ತೆ ಅನ್ನೋ ಕಲ್ಪನೆಗೇ ರೋಮಾಂಚ್ನ ಆಗ್ತಿದೆ. ಜೊತೆಗೆ, ಇವೆಲ್ಲ ಬರೀ ಸಿಂಗಾರಕ್ಕಷ್ಟೇ ಅನ್ಕೊಂಡಿದ್ದೆ ಆದ್ರೆ ಇವ್ಗಳಿಂದ ಪೆಟ್ರೋಲೂ ಸರ್ಯಾಗ್ ಬಳಕೆ ಆಗಿ ಖರ್ಚ್ ಕಡ್ಮೆ ಆಗತ್ತೆ ಅನ್ನೋದಂತೂ ಬೋನಸ್ಸು!",Surprise
ಕೆಟ್ಟ್ ಹವಾಮಾನ್ದಲ್ಲಿ ಮಳೆಮೋಡ್ಗಳ್ ಮಧ್ಯೆ ನಮ್ ವಿಮಾನ ಗಡಗಡಾಂತ ಅಲ್ಲಾಡ್ತಾ ಹೋಗ್ವಾಗ ನಂಗ್ ಜೀವ ಬಾಯ್ಗ್ ಬಂದಂಗಾಗಿ ಕುರ್ಚಿ ಕೈನ ಗಟ್ಯಾಗ್ ಹಿಡ್ಕೊಂಡ್ ಕೂತ್ಬಿಟಿದ್ದೆ.,Fear
"ಆ ಕ್ಲೈಂಟಿನ್ ಆಫೀಸ್ನ್ಯಾಗ ಕೆಲೊಂದ್ ಜಾಗ ಝಳಾಝಳಾ ಅನ್ನಂಗ ಸ್ವಚ್ಛ್ ಇಟ್ಟಿರ್ಲಿಲ್ಲಾ, ಎಲ್ರೂ ಬಂದ್ ಕೂಡಂಥಾ ಜಾಗ ಗಲೀಜಿದ್ದಿದ್ ನೋಡಿದ್ರ ಬ್ಯಾಸರಾಗ್ಲಿಕತ್ತಿತ್ತು.",Sadness
ಆ ಸೇಲ್ಸ್ಮನ್ ನಮ್ ಜೊತೆ ವ್ಯವಹರ್ಸಿದ್ ರೀತಿ ನಂಗೊಂಚೂರೂ ಸರಿಬರ್ಲಿಲ್ಲ. ಅಷ್ಟ್ ಹೊತ್ತೂ ನಾವೇನ್ ಹೇಳ್ತಿದೀವಿ ಅಂತ್ಲೇ ಕಿವಿಗ್ ಹಾಕೊಳ್ಲಿಲ್ಲ ಆತ.,Anger
ನಾವ್ ಶ್ರೀನಗರಕ್ ಹೋಗಿದ್ದಾಗ ಅಲ್ಲಿ ಲವಲವಿಕೆ ಮೂಡ್ಸೋಂಥ ಶುದ್ಧವಾದ್ ಗಾಳಿಗ್ ಮೈಯೊಡ್ಡಿ ನಂಗ್ ಹೊಸ ಚೈತನ್ಯ ಬಂದಂಗಾಯ್ತು.,Happiness
ಕಾರ್ ತೊಳ್ಯುವಾಗ ಎಲ್ಲಿ ನನ್ ಕಾರಿಗೇನಾದ್ರೂ ಜಖಂ ಆಗ್ಬಿಡತ್ತೋ ಅಂತ ಆತಂಕ ಆಗತ್ತೆ ನಂಗೆ.,Fear
ಇನ್ನೇನ್ ಪೆನಾಲ್ಟಿ ಕಿಕ್ ಹೊಡಿಬೇಕು ಅನ್ವಾಗ  ನನ್ ಕೈಯೆಲ್ಲ ಬೆವ್ರಿ ನೀರ್ನಾರಾಗೋದ್ವು.,Fear
"ಮೊದ್ಲ್ ನಾ ಭಾರತ್ದಾಗ್ ಡ್ರೈವಿಂಗ್ ಮಾಡಿನಿ ಅಮೆರಿಕಾದಾಗ ಹೆಂಗಪಾ ಹೊಂದ್ಕೋತಿನಿ ಅಂತ ಅನಸ್ತಿತ್ತು, ಆದ್ರ ನಾ ಇಷ್ಟ್ ಛಂದ ಕಲ್ತಿನಿ ಅಂತ ನಂಗೇ ನಂಬ್ಲಿಕ್ಕಾಗಲ್ಲಾಗ್ಯಾದ!",Surprise
"ನಮ್ಮಲ್ಲಿರೋ ಹಳೇ ಯಂತ್ರಗಳೆಲ್ಲ ಯಾವ್ ಕ್ಷಣದಲ್ ಬೇಕಾದ್ರೂ ಕೈಕೊಡ್ಬೋದೂಂತ ಕಾರ್ಖಾನೆಲಿ ಕೆಲ್ಸ್ಗಾರ್ರು ಮಾತಾಡ್ಕೊತಿದ್ದಿದ್ ಕೇಳ್ದೆ, ಹಾಗೇನಾದ್ರೂ ಆದ್ರೆ ಅದ್ರಿಂದಾಗೋ ವಿಳಂಬ, ನಷ್ಟಗಳ್ನೆಲ್ಲ ಯೋಚ್ಸುದ್ರೇ ಮೈ ಬೆವರ್ತಿದೆ.",Fear
"ಪೆನಾಲ್ಟಿ ಶೂಟೌಟಲ್ಲಿ ಎರಡ್ ಸಾವರದ್ ಇಪ್ಪತಮೂರರ್ ಸ್ಯಾಫ್ ಕಪ್ ಗೆದ್ದಾಗ, ಭಾರತದ್ ಫುಟ್ಬಾಲ್ ತಂಡದ್ ಆಟಗಾರ್ರು ಖುಷಿ ತಡ್ಕೊಳಕ್ಕಾಗ್ದೇ ಗೋಲ್ಕೀಪರ್ ಮೇಲೆ ಮುಗಿಬಿದ್ರು.",Happiness
"ಮೇಡಮ್, ಇವತ್ತಿನ್ ಬೆಳಗು ಎಷ್ಟ್ ಚೆನ್ನಾಗಿದೆ ಅಲ್ವಾ? ನಾನ್ ನಿಮ್ಗೆ ಏನ್ ಸಹಾಯ ಮಾಡ್ಲಿ?",Happiness
ಸ್ಮಿತ್ಸೋನಿಯನ್ ವಸ್ತುಸಂಗ್ರಹಾಲಯಗಳಲ್ಲಿ ಇಷ್ಟ್ ಚೆನ್ನಾಗ್ ಸಂರಕ್ಷಣೆ ಮಾಡಿಟ್ಟಿರೋ ಐತಿಹಾಸಿಕ ಕಲಾಕೃತಿಗಳ್ ಸಿಗತ್ವೆ ಅಂತ  ನಾನ್ ನಿರೀಕ್ಷೆ ಮಾಡಿರ್ಲಿಲ್ಲ.,Surprise
ನಿಮ್ ಹಣ ಎಲ್ಲ ಅದ್ಯಾವ್ ಲೋಕ್ದಿಂದ ಬಂತ್ರೀ?!,Anger
"ಪೆನ್ ಸ್ಟೋರ್ದವ್ರು ಗಿಫ್ಟ್ ರಾಪಿಂಗ್ ಕೊಟ್ಟಾರ,  ಹಂಗೇ ಸುಮ್ನೆ ರೊಕ್ಕ ತೊಗೋಳಾರ್ದೆ ಕೊಟ್ಟಾರಲಾ ಅಂತ ನಂಗ್ ಆಶ್ಚರ್ಯಾತು.",Surprise
ಈ ಕಟ್ಟಡ ಹತ್ತ್ ಸಾವರ ವರ್ಷಗಳಷ್ಟು ಹಳೇದು ಅಂತ ನಿಮ್ಗೆ ಗೊತ್ತಿದ್ಯಾ?,Surprise
"ನಾ ಭಾಳ ಮಂದಿ ಅಡ್ಯಾಡ್ಕೋಂಡ ಕಳೆಕಳೆಯಾಗ್ ಇರ ವಂದ್ ಓಣ್ಯಾಗ ನಂದೇ ಸಣ್ ಬೇಕ್ರಿ ಇಡ್ಬೇಕಂತ ಕನಸ್ ಕಾಣ್ಕೋತಿರ್ತಿದ್ದೆ, ಆದ್ರೆ ಅಂಥಲ್ಲಿ ಪೂರಾನೇ ಕಾಲಿಡ್ಲಿಕ್ ಆಗ್ಲಾರ್ದಷ್ಟ್ ಸಣ್ ಜಾಗಾ ಸಿಗಲಿಕತ್ತಾವ, ಬ್ಯಾರೆ ಓಣ್ಯಾಗ ನೋಡಮಂದ್ರ ಅಲ್ಲೇನ್ ವ್ಯಾಪಾರೇ ಆಗಹಂಗ್ ಕಾಣಸಲ್ಲಾ.",Sadness
ಹಿರಿಯ ನಾಗರಿಕ್ರಿಗೆ ಸರ್ಕಾರ ಎಫ್ ಡಿ  ಬಡ್ಡಿದರಗಳ್ನ ಹೆಚ್ಸಿದೆ ಅಂತ ಕೇಳಿ ವಯಸ್ಸಾಗಿರೋ ನಮ್ಮಪ್ಪ ಅಮ್ಮಂಗೆ ಭಾರಿ ಖುಷಿ ಆಯ್ತು.,Happiness
"ಎಕ್ಸ್ಪೈರ್ ಆಗಿರ ಸಾಮಾನ್ ನಾವ್ ನಮ್ ಅಂಗ್ಡಿನ್ಯಾಗ್ ಇಟ್ಕೋಬೇಕಂತ ಈ ಡಿಸ್ಟ್ರಿಬ್ಯೂಟರ್ಸು ಅದ್ಹೇಗನ ಅನ್ಕೊತಾರಪ, ಧತ್! ನಂಗ್ ಇದ್ವಂಚೂರೂ ಸೇರಂಗಿಲ್ಲ.",Disgust
"ಇಲ್ಲಿ ನಮ್ಗೆ ಈಗಾಗ್ಲೇ ಬಳ್ಸಿದ್ರೂ ಒಳ್ಳೆ ಸ್ಥಿತಿಲಿರೋ ಒಂದಷ್ಟ್ ಪುಸ್ತಕಗಳೆಲ್ಲ ಸಿಗತ್ವೆ ಅಂತ ದೊಡ್ದಾಗ್ ಹೇಳ್ಬಿಟ್ರು ಅವ್ರು, ಇಲ್ನೋಡುದ್ರೆ ಬರೀ ಪುಟಗಳೆಲ್ಲ ಹರ್ದ್ ಹೋಗಿರೋ ಪುಸ್ತಕಗಳೇ ಇವೆ.",Anger
ಹೊಸ ಮನೆಗೆ ಎಲೆಕ್ಟ್ರಿಕಲ್ ಫಿಟ್ಟಿಂಗ್ಸ್ನ ನನ್ ಬಜೆಟ್ ಒಳ್ಗೇ ಮಾಡ್ಸಕ್ಹೋದ್ರೆ ಕ್ವಾಲಿಟಿ ಬಗ್ಗೆ ರಾಜಿ ಮಾಡ್ಕೋಬೇಕಲ ಅಂತ ಅದೇ ಚಿಂತೆ ಆಗಿದೆ.,Sadness
ಚೆನ್ನೈಲಿರುವಾಗ ಶೇರಿಂಗ್ ಆಟೋದಲ್ಲಿ ಡ್ರೈವರ್ ಪಕ್ಕ ಕೂತ್ಕೊಂಡ್ ಹೋಗೋ ಚಾನ್ಸ್ ಸಿಕ್ಕಾಗ್ಲೆಲ್ಲ ನನ್ ಮುಖ್ದಲ್ ನಗು ಮಾಸೋದೇ ಇಲ್ಲ.,Happiness
"ನಾಳಿಲಿಂದ್ ಮುಂಜಾನಿ ಎದ್ದು ಮೊದ್ಲ ಪೇಪರ್ ಓದ್ತೀನಿ, ಇದ್ರಿಂದ ದಿನಾದಿನಾ ಹೊಸ ಸುದ್ದಿ ಮತ್ತ್ ಸ್ಫೂರ್ತಿ ಎರ್ಡೂ ಸಿಗ್ತದ.",Happiness
"ಅವ್ ಜೋಡಿ ನಕ್ಷತ್ರ ಅಂತ ಅವ್ರಿಗಿ ಗೊತ್ತಿತ್ತು ಅದಕ್ಕೇ ಲಗ್ನ ಮಾಡ್ಕೊಂಡ್ ಮದುಮಕ್ಳಿಗಿ ಅರುಂಧತಿ ನಕ್ಷತ್ರ ತೋರಿಸ ಪದ್ಧತಿ ಮಾಡ್ಯಾರ, ನಮ್ ಹಿರೇರಿಗಿ ಏನ್ ಅಗಾಧ ಜ್ಞಾನ್ ಇತ್ತಂತಿನಿ.",Surprise
ಎಲೆಕ್ಟ್ರಿಸಿಟಿ ಬೋರ್ಡ್ ಕಾರ್ಮಿಕ್ರು ನೆಲದಿಂದ ಐವತ್ತ್ ಅಡಿ ಎತ್ರದಲ್ಲಿರೋ ಪ್ಲಾಟ್ಫಾರ್ಮ್ಗೆ ಜೋಪಾನ್ವಾಗ್ ಹತ್ತಿ ಅದ್ರ್ ಮೇಲ್ ನಡ್ಯೋದ್ನೋಡೇ ನಂಗ್ ಜೀವ ಬಾಯ್ಗ್ ಬಂದಿತ್ತು.,Fear
ಆ ಬಸವನ್ ಹುಳು ನನ್ ಕಡೆಗೇ ಹರ್ಕೊಂಡ್ ಬರ್ತಾ ಇರೋದ್ ನೋಡ್ತಿದ್ರೆ ನಂಗ್ ಮೈಯೆಲ್ಲ ಒಂಥರಾ ಆಗಿ ವಾಪಸ್ ಹೋಗ್ಬಿಡಣ ಅನ್ಸ್ತಿದೆ.,Disgust
ಏನಂದೆ?! ಈ ಗ್ಯಾಜೆಟ್ ರಿಯಲ್ ಟೈಮಲ್ಲಿ ವಿದೇಶಿ ಭಾಷೆಗಳ್ನ ಅನುವಾದ ಮಾಡ್ಬಿಡತ್ತಾ?!,Surprise
"ನಂಗ ದಿನಾ ಒಂದ್ಹೊತ್ತಿಗಿ ಐವತ್ ಮೈಲ್ ಅಡ್ಯಾಡದಿರ್ತದ, ನನ್ ಬಜೆಟ್ನ್ಯಾಗ ಹಂಗ ಬಾಳ್ಕಿ ಬರ ಬೈಕ್ ಸಿಗಂಗಿಲ್ಲಂತ ಚಿಂತ್ಯಾಗ್ಯಾದ.",Fear
"ಏರ್ಪಾಟ್ ಮಾಡಿದ್ರಲ್ಲಿ ಒಂದಾದ್ರೂ ವ್ಯವಸ್ಥೆ ಚೆನ್ನಾಗಿರ್ಲಿಲ್ಲ, ಆ ಈವೆಂಟ್ ಮ್ಯಾನೇಜರ್ನ ಕರ್ದು ಕಾರ್ಯಕ್ರಮದಲ್ಲಿ ನಂಗೆಷ್ಟ್ ಕೆಟ್ ಅನುಭವ ಅಯ್ತೂಂತ ಹೇಳ್ ಕಳಿಸ್ದೆ.",Disgust
ಆ ಮಳಿಕಾಡಿನ್ಯಾಗನ್ ಝಿಪ್ ಲೈನಿಂಗ್ ಭದ್ರ್ ಅವನಾ ಹೆಂಗ? ನಂಗಂತೂ ಅದಂದ್ರ ಭಾರೀ ಪುಕ್ಲು.,Fear
ಈ ಪುಸ್ತಕಕ್ಕೆ ನೀವ್ಯಾಕ್ ಇಷ್ಟೊಂದ್ ದುಡ್ಡ್ ಕೇಳ್ತಿದೀರ? ಇದೇನ್ ಈಗಾಗ್ಲೇ ಬಳ್ಸಿರೋದಾ ಅಥ್ವಾ ಪ್ರಿಂಟಿಂಗ್ ಪ್ರೆಸ್ಸಿಂದ ಬಂದಿರೋ ಹೊಸ ಪ್ರತಿನಾ?,Anger
"ಬಾಕ್ಸಿಂಗ್ ಪಂದ್ಯ ನಡೀವಾಗ ಆ ಮೈಕ್ ಟೈಸನ್ ಎದುರಾಳಿ ಬಾಕ್ಸರ್ನ ಕಿವಿನೇ ಕಚ್ಬಿ ಕಿತ್ಹಾಕ್ಬಿಟ್ಟ, ಯಪ್ಪಾ ಅವ್ನೇನ್ ನಿಜ್ವಾಗ್ಲೂ ಮನುಷ್ಯನೇ ಹೌದಾ?!",Disgust
ಈ ಐರಿಷ್ ಡ್ಯಾನ್ಸ್ಲಿಂದ ನನ್ದು ಇವತ್ತಿನ್ ದಿನಾ ಸಾರ್ಥ್ಕ ಆತು.,Happiness
"ಪಾರ್ಸೆಲ್‌ ತಲುಪ್ಸೋದ್ನ ತಡ ಮಾಡಿದ್ದೂ ಅಲ್ದೇ ಆ ಸಮಸ್ಯೆನ್‌ ಬಗೆಹರ್ಸೋ ಬಗ್ಗೆ ಸ್ವಲ್ಪನೂ ಗಮ್ನ ಕೊಡ್ಲಿಲ್ಲಲ.. ಛೇ, ಈ ಕೊರಿಯರ್‌ ಸರ್ವಿಸ್ನೋರ್ಹತ್ರ ನಾನಿನ್ಯಾವತ್ತೂ ವ್ಯವಹಾರ ಮಾಡಲ್ಲ.",Disgust
ಈ ಸಲ ನಾನ್‌ ಪಾಸ್‌ ಆಗ್ದೇ ಹೋದ್ರೆ ಅನ್ನೋ ಯೋಚ್ನೆಗೇ ಮೈ ಬೆವರತ್ತೆ ನಂಗೆ.,Fear
"ಕಾಂತಾ, ನಿನ್ಹತ್ರ ಎಷ್ಟ್ ಒ‌ಳ್ಳೊಳ್ಳೆ ಆಟದ್ ಸಾಮಾನ್ಗಳಿವ್ಯೇ. ನಾನು ಅವ್ಗಳ್‌ ಜೊತೆ ಸ್ವಲ್ಪ ಹೊತ್ತು ಆಟಾಡ್ಬೋದ?",Happiness
"ಎಷ್ಟಹೊತ್ತ್‌ ನಿಂತ್‌ ಕೆಲ್ಸಾ ಮಾಡ್ಯಾರ, ಗಿರಾಕಿ ಸೈತ ಹೊಗಳಿಹೋದ್ರು ಖರೇ, ಆದ್ರೂ ನಮ್ ಸಫಾಯಿ ಮಂದಿಗಿ ಹೆಚ್ಚಿನ್‌ ಇನಾಮ್‌ ಕೊಡ್ಲಿಕ್ಕ ಆಗಿಲ್ಲ, ಅವ್ರಗಿ ಅದ್ ಸಿಗದು ನ್ಯಾಯ ಅಂದ್ರೂ ನಮಗ್ ಕೊಡ್ಲಿಕ್‌ ಆಗಲ್ಲಾ.",Sadness
"ಧ್ರುವ್, ಮಂಗನಾಟ ಆಡೋದ್‌ ನಿಲ್ಸು, ಪಾಠದ್‌ ಬಗ್ಗೆ ಗಮನ ಕೊಡು ಕ್ಲಾಸಲ್ಲಿ!",Anger
"ಕಾರ್ಯಕ್ರಮ ನಡೀವಾಗ ಕೆಲ್ವೆಲ್ಲ ಸಮಸ್ಯೆ ಆಯ್ತಾದ್ರೂ, ಅದ್ರಿಂದ ಪಾಠ ಕಲಿಬೇಕು ಮತ್ತೆ ಮುಂದಿನ್ಸಲ ಹಾಗಾಗ್ದೇ ಇರೋ ಥರ ನೋಡ್ಕೊಬೇಕು ಅಂತೆಲ್ಲ ನಮ್ ಈವೆಂಟ್ ಮ್ಯಾನೇಜರ್ ಅನ್ಕೊಂಡಿದ್ನೋಡಿ ನಂಗವ್ರ್‌ ಬಗ್ಗೆ ಮೆಚ್ಗೆ ಆಯ್ತು.",Happiness
"ಆ ಮಾಡ್ಯುಲರ್ ಅಡ್ಗೆಮನೆನ್ ನೋಡ್ದಾಗ ನಂಗೊಂಥರ ಗಲೀಜ್‌ ಅನ್ಸ್‌ಬಿಡ್ತು. ಅದ್ರ್ ಬಣ್ಣ, ಡಿಸೈನು ಒಂದಕ್ಕೂ ತಾಳಮೇಳನೇ ಇರ್ಲಿಲ್ಲ.",Disgust
"ಈಗಿನ್ ಪೀಳಿಗೆಯೋರ್ಗೆ ಯಾವ್ದ್ರಲ್ಲೂ ನಂಬ್ಕೆಯಿಲ್ಲ ಮತ್ತೆ ಏನ್‌ ಹೇಳುದ್ರೂ ಅದ್ನ ಉಲ್ಟಾ ಪ್ರಶ್ನೆ ಮಾಡೋದೇ ಇವ್ರ್‌ ಕೆಲ್ಸ ಆಗಿದೆ, ಇಂಥೋರ್‌ ಜೊತೆ ಏಗೋಕ್ಕಾಗಲ್ಲಪ್ಪ.",Disgust
"ದಾಸ್ತಾನಲ್ಲಿ ಏನೋ ವ್ಯತ್ಯಾಸ ಆಗೋಗಿತ್ತು, ಅದ್ನೆಲ್ಲ ಸರಿ ಮಾಡಿ ಪದಾರ್ಥಯೆಲ್ಲ ಸಾಕಷ್ಟ್‌ ದಾಸ್ತಾನಾಗಿದೆ ಅಂತ ಖಾತ್ರಿ ಮಾಡ್ಕೊಂಡ್ಮೇಲೆ ಈಗ್ ನಿಟ್ಟುಸ್ರು ಬಿಡ್ಬೋದ್‌ ನೋಡು.",Happiness
"ನಾನ್ ಈಜಿಪ್ಟಿನ್ ಮಮ್ಮಿಗಳ್‌ ಬಗ್ಗೆ ಒಂದ್ ಕಾರ್ಯಕ್ರಮ ನೋಡ್ತಿದ್ದೆ, ಆ ಮರಳುಗಾಡಲ್ಲಿ ಚಿನ್ನ ಮೆತ್ತಿರೋ ಪ್ರತಿಮೆಗಳ್‌ ಸಿಕ್ಕಿರೋದ್‌ ನೋಡಿ ರೋಮಾಂಚ್ನ ಆಯ್ತು.",Happiness
"ಅವ್ರು ಶೈಕ್ಷಣಿಕ ಕಾರ್ಯಕ್ರಮಗಳ್ಗೆ ಕೊಡ್ತಿದ್‌ ಅನುದಾನನ ಕಡ್ಮೆ ಮಾಡ್ತಿರೋದು ಚೂರೂ ಸರಿಯಲ್ಲ, ನಂಗ್‌ ಕೆಟ್ಟ್‌ ಕೋಪ ಬರ್ತಿದೆ.",Anger
ಕೆಲ್ವೇ ವಾರಗಳ್ ಹಿಂದೆ ಬಿಡುಗಡೆ ಆಗಿದ್ದ ಆ ಸಿನ್ಮಾ ಪ್ರೈಮ್‌ನಲ್ಲೂ ಬಿಡುಗಡೆ ಆಗಿದೆ! ಈಗ ನಾವದನ್ನ ನೋಡ್ಲಿಕ್ಕೆ ಚಿತ್ರಮಂದಿರಕ್ಕೆ ಹೋಗ್ಬೇಕಾಗಿಲ್ಲ!,Surprise
ಈ ಕಷ್ಟದ್ ಸಮಯ್ದಲ್ಲಿ ನಾನ್‌ ನಂಬಕ್ಕಾಗೋಂಥೋರ್ ಯಾರೂ ನನ್‌ ಜೊತೆಗಿಲ್ಲ.,Sadness
ನಂಗೆ ಬೋರ್‌ ಆದಾಗ್ಲೆಲ್ಲ ನಾನು ಯೂಟ್ಯೂಬ್ ನೋಡ್ತೇನೆ. ಆದ್ರೆ ಈಗ ಒಂದಷ್ಟ್ ದಿನಗಳಿಂದ ನೋಡ್ಲಿಕ್ಕೆ ಆಸಕ್ತಿ ಅನ್ನಿಸ್ವಂಥದ್ದು ಎಂಥ ಸಹ ಇಲ್ಲ ಅದ್ರಲ್ಲಿ.,Sadness
ಆ ಪುಸ್ತಕಾ ಮಾರವ್ರು ಭಾಳ ಓದ್ಕೊಂಡವ್ರಹಂಗ ಕಾಣಸ್ತಾರ. ಪುಸ್ತಕಗಳ್ ಬಗ್ಗೆ ಅಗಾಧ ತಿಳ್ವಳಿಕಿ ಅದ ಅವ್ರಿಗಿ ನೋಡಿದ್ರ ಮನಸ್‌ ಅರಳ್ತದ.,Happiness
"ಸರ್ಕಾರ್ದೋರು ಪಾಲಿಸಿ ನಿರ್ಧಾರಗಳ್ನ ಸರ್ಯಾಗ್‌ ತಗೊಳ್ದೇ ಎಡವಟ್ಟ್‌ ಮಾಡಿದ್ರಿಂದ್ಲೇ ಈ ಆರ್ಥಿಕ ಕುಸಿತ ಆಗಿರೋದು, ಎಲ್ಲಕ್ಕೂ ಅವ್ರೇ ಕಾರಣ.",Anger
"ನಿಂಗೊತ್ತಾ, ಇವತ್ತು ಮೆಟ್ರೋದಲ್ಲಿ ಜಾಸ್ತಿ ಜನ ಇರ್ಲಿಲ್ಲ ಮತ್ತೆ ನಂಗ್ ಸೀಟೂ ಸಿಕ್ಕಿತ್ತು!",Happiness
ಅಯ್ಯಯ್ಯೋ! ನಾನಿವತ್ತಿನ್‌ ಪ್ರೆಸೆಂಟೇಷನ್‌ಗೆ  ತಯಾರಾಗೋದ್ನೇ ಮರ್ತ್‌ಹೋದೆ.,Fear
"ಬಿಸ್ನೆಸ್ಸಲ್ಲಿ ದೊಡ್ದೊಂದ್ ಖರ್ಚ್‌‌ ಬಂದಾಗ ಅದ್ಕೆ ನಾನೇ ದುಡ್ ಹಾಕಿದ್ದೆ, ಅದ್ನ ಕಂಪ್ನಿಯೋರೇನು ವಾಪಸ್‌ ಕೊಡಲ್ಲ ಅನ್ಕೊಂಡಿದ್ರೆ ಈಗಷ್ಟೇ ಆ ರೀಇಂಬರ್ಸ್‌ಮೆಂಟ್‌ ಬಂದಿದೆ!",Happiness
"ಮನೆಲಿ ಒಂದಷ್ಟನ್ನೆಲ್ಲ ಹೊಸ್ದಾಗ್‌ ಮಾಡಿಸ್ಬೇಕೂಂತ ಅಡ್ಗೆಮನೆನೆಲ್ಲ ಒಡ್ದು ಛಿದ್ರ ಮಾಡ್ಬಿಟ್ಟಾಗ‌ ನಂಗ್ ಎದೆಯೆಲ್ಲ ಭಾರ ಆಗೋಗಿತ್ತು. ಆ ಜಾಗ್ದಲ್ಲಿ ಅದೆಷ್ಟೆಲ್ಲ ಒಳ್ಳೆ ನೆನ್ಪ್‌ಗಳಿವೆ ನಮ್ದು, ಮರೆಯೋಕಾಗ್ದಿರೋಂಥ ಎಷ್ಟೊಂದ್‌ ಕ್ಷಣಗಳ್ನ ಕಳ್ದಿದೀವಿ ಅಲ್ಲಿ.",Sadness
ಇಪ್ಪತ್ತು ಅತಿಥಿಗಳ್ಗೆ ಬಡ್ಸೋಷ್ಟು ಕೇಕ್‌ ಅಂದ್ರೆ ಅದು ಸುಮಾರು ಐದು ಕಿಲೋಗ್ರಾಂಗಳಷ್ಟು ತೂಕ ಇರ್ಲಿ. ಆಗಾಂದ್ರೆ ಪ್ರತಿಯೊಬ್ರಿಗೂ ರುಚಿ ಸವಿಯೋಕೆ ದೊಡ್ಡ್‌ ತುಂಡೇ ಸಿಗತ್ತೆ.,Happiness
ನಿಮ್ಗೆ ಇಷ್ಟೊಂದ್ ವಯಸ್ಸಾಗಿದ್ರೂ ನೀವಿನ್ನೂ ಪ್ರತಿದಿನ ಹತ್ತು ಕಿಲೋ ಮೀಟರ್ ನಡೀತೀರಾ?,Surprise
"ಆದಾಗ್ಯೂ, ನಮ್ಮ ಉತ್ಪನ್ನ ತುಂಬಾ ಕಳಪೆಯಾಗಿ ಕಾಣತ್ತೆ ಅಂತ ನಮ್ಮ ಇತ್ತೀಚಿನ ಗ್ರಾಹಕ್ರಿಂದ ನಮ್ಗೆ ತುಂಬಾ ದೂರುಗಳು ಬಂದಿವೆ.",Sadness
ಇವತ್ತು ಈ ಅಂಗ್ಡಿಲಿರೋ ಪ್ರತಿಯೊಂದ್ ವಸ್ತುಗೂ ಒಂದ್‌ ತಗೊಂಡ್ರೆ ಇನ್ನೊಂದ್‌ ಉಚಿತ ಅಂತ ಆಫ಼ರ್ ಇರೋದು ಗೊತ್ತಾ ನಿಮ್ಗೆ?,Surprise
ಕಾಸ್ಟಿಂಗ್ ನಿರ್ದೇಶಕ್ರು ಆಡಿಷನ್‌ನ ಮಧ್ಯದಲ್ ನನ್  ನಿಲ್ಸಿ ಹೊರ್ಗೆ ಹೋಗಾಕ್  ಹೇಳ್ದಾಗ ನಂಗ್ ಕೋಪ  ಬಂತು.,Anger
ಕಂಪ್ನಿದ್ ಫೈನಾನ್ಷಿಯಲ್ ಸ್ಟೇಟ್ಮೆಂಟ್ಸ್‌ ಬಗ್ಗೆ ನೀವ್‌ ಹೇಗ್‌ ಇಷ್ಟ್‌ ನಿರ್ಲಕ್ಷ್ಯ ತೋರ್ಸಿದೀರಿ ಅಂತ್ಲೇ ನಂಗರ್ಥ ಆಗ್ತಿಲ್ಲ. ಈ ವರ್ಷ ಅಂತೂ ಅವ್ ಪೂರ್ತಿ ಯಕ್ಕುಟ್ಹೋಗಿವೆ.,Anger
"ನಮ್ ಏರಿಯಾದಲ್ಲಿ ನವೀಕರಿಸಬಹುದಾದ್ ಇಂಧನ ಯೋಜ್ನೆ‌ ಅಡಿಲಿ ಅದೆಷ್ಟ್ ದೊಡ್ಡ್ ದೊಡ್ಡ್ ಸೋಲಾರ್‌ ಪ್ಯಾನಲ್‌ಗಳ್ನ ಹಾಕಿದಾರೇಂದ್ರೆ, ನೋಡೇ ಬೆರಗಾಯ್ತು ನಂಗೆ.",Surprise
"ಈ ಫುಟ್ಬಾಲ್ ಆಟಗಾರ್ರು ಒಂದೇ ಸಮ್ನೇ ನೋವಾಯ್ತು, ಗಾಯ ಆಯ್ತು ಅಂತ ನಾಟ್ಕ ಆಡ್ತಿದಾರಲ, ಅದೇನ್‌ ದರಿದ್ರ ಬಂದ್ಬಿದ್ದೋಗಿದ್ಯೋ ಏನೋಪ ಅವ್ರಿಗೆ.",Disgust
"ಇವತ್ ರೆಸ್ಟೋರೆಂಟಲ್ಲಿ ಸರ್ವಿಸ್‌ ಅಂತೂ ಚೂರೂ ಸರಿಯಿರ್ಲಿಲ್ಲ. ಸರ್ವರ್‌ಗಳು ಯಾವ್ದ್ರ ಬಗ್ಗೆನೂ ಗಮ್ನನೇ ಕೊಡ್ತಿರ್ಲಿಲ್ಲ, ತಿಂಡಿಗಳ್ನ ತಂದ್ಕೊಡೋ ಮಧ್ಯೆನೂ ತುಂಬಾ ತಡ ಮಾಡ್ತಿದ್ರು. ಯಾಕಾದ್ರೂ ಅಲ್ಲಿಗ್ ಹೋದ್ವೋ‌ ನಾವು.",Disgust
ನಾನ್ ಎಷ್ಟೋ ಕಾಲ್ದಿಂದ ಹುಡುಕ್ತಿರೋ ಪುಸ್ತಕ‌ ಅದು ಈ ಅಂಗ್ಡಿಲೂ ಇಲ್ವಂತೆ.,Sadness
ನನ್ ತರಗತಿಲಿ ನಿಮ್ ಮಗು ನಡ್ಕೊಂಡ್‌ ರೀತಿಗೆ ನಂಗ್‌ ತುಂಬಾ ಕೋಪ ಬಂದಿದೆ!,Anger
"ನಾವ್‌ ಬಿತ್ತಣಕಿ ಮತ್‌ ರಾಶಿ ಮಾಡಮುಂದ್‌ ಏನೊ ಒಂದ್‌ ಹೊಲಸ್‌ ವಾಸ್ನಿ ಬಂದ ವಾಕರಕಿ ಬರ್ತದ, ಅದ್ರಿಂದಾಗ್ ನಂಗ್ ರೋಮ್‌ ರೋಮ್‌ ಅಸೈ ಬರಹಂಗಾಗ್ಯಾದ.",Disgust
ಹೊಸ ತೆರಿಗೆ ಕಾನೂನ್‌ಗಳು ಸಖತ್ತಾಗಿವೆ! ನಾನ್‌ ಈ ವರ್ಷ ಕಡ್ಮೆ ತೆರಿಗೆ ಕಟ್ಬೋದು!,Surprise
"ಕಾರ್ ತೊಳ್ಯೋ ಸರ್ವಿಸ್ನೋರ್ ಬಗ್ಗೆ ನಂಗ್ ಸಿಕ್ಕಾಪಟ್ಟೆ ಸಿಟ್ಟ್‌ ಬಂದಿದೆ, ಸ್ವಲ್ಪನೂ ಚೆನಾಗ್‌ ತೊಳ್ದಿಲ್ಲ ಅವ್ರು.",Anger
"ನನ್‌ ಮಗಾ ಬೇಕಂತೇನ್‌ ಮಾಡ್ಲಿಲ್ಲಾ ಆದ್ರ ಕೈತಪ್ಪಿ ತನ್‌ ಅಜ್ಜಿಗಿ ಸ್ವಲ್ಪ್‌ ದಬ್ಬ್‌ದ ಅಕಿಗಿ ಬೀಳಹಂಗಾಯ್ತು, ನಾನ್‌ ಅವ್ನ್ ಮ್ಯಾಲ್‌ ಬೆಂಕ್ಯಾಗೀನಿ.",Anger
ಅವ್ರು ನನ್ ತೆರಿಗೆ ರೀಫಂಡ್‌ ವಿಚಾರನ ಬೇಗ ಪರಿಶೀಲ್ಸಿ ತಕ್ಷಣನೇ ಹಣನ ನನ್‌ ಖಾತೆಗ್‌ ವರ್ಗಾಯ್ಸಿದ್ದು ನಂಗಂತೂ ಕುಣ್ದಾಡೋಷ್ಟ್‌ ಖುಷಿಯಾಯ್ತು.,Happiness
ನುರಿತ ಜೇಬುಗಳ್ರು  ಇರೋದ್ರಿಂದ  ಸ್ಥಳೀಯ ಪ್ಯಾರಿಸ್ ರೈಲ್ಲಿ  ಹೋಗೋದಕ್ಕೆ  ಭಯ ಆಗ್ತಿದೆ.,Fear
ಆ ಜಾದೂಗಾರ್‌ ತನ್‌ ಷೋದಾಗ ಸಹಾಯಕ್ಕಿದ್‌ ಹುಡ್ಗನ್ನ ಅಡ್ಡಡ್ಡ ಸೀಳಿ ಆಮ್ಯಾಲ್‌ ಮತ್‌ ಜೋಡಸ್ದಾನಲ.. ಅಯ್ಯಬ್ಯಾ! ನಂಗ್ ಮೈ ಜುಂ ಅಂದ್ಬಿಟ್ತು!,Surprise
ಚಿತ್ರ ಬಿಡುಗಡೆ ಆಗಿದ್ದಕ್ಕೆ ಸಂಭ್ರಮಾಚರಣೆ ನಡೀತಿದ್ದಾಗ ಒಬ್ಬ್‌ ಹುಡ್ಗ ಗೋಡೆ ಮೇಲಿಂದ ಕೆಳಗ್ ಬಿದ್ಬಿಟ್ಟ. ನಂಗ್‌ ಅವ್ನ್ ಬಗ್ಗೆ ತುಂಬಾ ಬೇಜಾರಾಯ್ತು.‌ ಪಾಪ ಎಷ್ಟೆಲ್ಲ ಗಂಭೀರ ಗಾಯಗಳಾಗಿವ್ಯೋ ಏನೋ ಅವ್ನಿಗೆ.,Sadness
ನನ್ ತಂದೆ-ತಾಯಿ ತೀರ್ಕೊಂಡಾಗಿಂದ ನಂಗ್‌ ಅವ್ರ್‌ ನೆನ್ಪು ತುಂಬಾ ಕಾಡತ್ತೆ. ಅವ್ರಂಥ ಅಪ್ಪ-ಅಮ್ಮನ್‌ ಪಡ್ಯೋಕೆ ಪುಣ್ಯ ಮಾಡಿರ್ಬೇಕು.,Sadness
ಬೇಕರ್ ಮೊದ್ಲಿಗೆ ಬಂದ  ನನ್  ನೋಡ್ಕೊಳ್ದೆ  ಬೇಕ್ರಿಗೆ ನನ್ ನಂತ್ರ ಬಂದ್  ಜನ್ರಿಂದ ಆರ್ಡರ್ ಅನ್ ತಗೊಂಡಾಗ  ನಂಗ್  ಕೋಪ ಬಂತು.,Anger
"ವಾಲಿಬಾಲ್ ಮ್ಯಾಚಲ್ಲಿ ಎದುರಾಳಿಗಳ್ ಬಗ್ಗೆ ನಮ್ ಟೀಮ್ನೋರ್ಗೆ ಯಾಕೋ ಸ್ವಲ್ಪ ಹೆದ್ರಿಕೆ ಆದಂಗಿದೆ, ಅದ್ಕೆ ಅವ್ರು ಸರ್ಯಾಗ್‌ ಆಡೋಕಾಗ್ತಿಲ್ಲ ಅನ್ಸತ್ತೆ.",Fear
ನಾವ್‌ ಪಟ್ಟಿದ್ದ್‌ ಕಷ್ಟ ಎಲ್ಲ ಹೀಗೆ ಸಮೃದ್ಧವಾದ್‌ ಫಸಲಾಗ್‌ ಬೆಳ್ದ್‌ ನಿಂತಿರೋದ್ನೋಡಿ ಮನ್ಸಲ್ಲಿ ಎಂಥ ಸಾರ್ಥಕತೆ ಮೂಡತ್ತೆ ಅನ್ನೋದ್ರ್‌ ಅನುಭವನೇ ಇರ್ಲಿಲ್ಲ ನಂಗೆ!,Surprise
"ಹೇ ಎಂಥಾವರೆ ವಜ್ರ ತೊಗೊಬಾರ್ದು, ಅದರಾಗ ಏನರೇ ಟಂಕ ಇತ್ತಂದ್ರ ಅದರ್ಲಿಂದ ನಮ್ಗ ಆರಾಮ್‌ ತಪ್ಪ್‌ಭೌದ್‌ ಅಂತ ನಂಗ ವಬ್ರು ಹೇಳ್ಯಾರ.",Fear
ಅಲ್ಲಾ ನಾ ಏನರೇ ಹೇಳಿ ಕಸ್ಟಮರ್ಗ ಖುಷ್ ಆಗಿಲ್ಲಂತ‌ ಸಲಾಸಲ ಅಂಗ್ಡಿದ್‌ ಪಾಲಿಸಿ ಬದಲಾಸ್ಕೋತ ಕೂತ್ರ ಇದ್ ಯಲ್ಲಿಮುಟ್ತದ?,Fear
ಆ ದೇವ್ರಿಗೆ ಎಷ್ಟ್‌ ನಮ್ಸ್ಕಾರ ಹಾಕಿದ್ರೂ ಸಾಲ್ದಪ್ಪ! ಈ ವಾರ ಒಳ್ಳೆ ಮಳೆ ಆಗಿದೆ ಸದ್ಯ. ಇನ್ನು ನನ್ ಬೆಳೆಗಳೆಲ್ಲ ದಿವಿನಾಗ್‌ ಬೆಳೀತವೆ.,Happiness
ಯಾಕೋ ಏನೋ ಇವತ್ತು ಏನಾದ್ರೂ ಕೆಟ್ಟದಾಗತ್ತೆ ಅಂತ ಆಗ್ಲಿಂದ ಮನ್ಸಲ್ಲೊಂಥರ ವಿಚಿತ್ರವಾದ್‌ ಭಾವ್ನೆ ಕಾಡ್ತಾ ಇದೆ.,Fear
ಅಲ್ಲಾ ಈಗ್‌ ಬರೋ ಬಜೆಟ್‌ ಅನೌನ್ಸ್‌ಮೆಂಟಿಂದಾಗ ಏನ್‌ ನೆಚ್ಚಿಗಿ ಇರ್ಲಾರ್ದಂಗಾಗಿ ನಂಗ್‌ ಒಂದ್‌ ನಮೂನಿ ಪುಕುಪುಕು ಆಗ್ಲಿಕ್ ಹತ್ಯದ.,Fear
"ವಾಹ್! ಅಡ್ಗೆ ಭಟ್ರು ಮಾಡಿರೋ ಈ ತಿಂಡಿ ಅದೆಷ್ಟ್‌ ರುಚ್ಯಾಗಿದೆ! ಇಷ್ಟೊಳ್ಳೆ ಘಮ, ರುಚಿ ಮತ್ತೆ ಟೆಕ್ಷ್ಚರ್‌ ಎಲ್ಲನೂ ಹದವಾಗ್ ಕೂಡ್ಸಿ‌ ಮಾಡಿದ್ದಿದ್ನ ನಾನ್‌ ಈ ಮೊದ್ಲು ತಿಂದೇ ಇರ್ಲಿಲ್ಲ.",Surprise
"ಅಬಾಬಾಬಾ, ಗಾಡಿ ರಿಪೇರಿ ಇಷ್ಟ್ ಸೋವಿನ್ಯಾಗ್‌ ಆಗ್ತದಂತ ನಂಗ ಅನಸೇ ಇರ್ಲಿಲ್ಲಾ! ಬಂಪರ್‌ ನುಗ್ಗಾಗ್ಹೋಗಿತ್ತಲಾ ಹಿಂಗಾಗಿ ಹೆಚ್ಚ್ ಖರ್ಚ್‌ ಬರ್ತದಂತ ನಾ ಅನ್ಕೊಂಡಿದ್ದೆ.",Surprise
"ಈ ಆನ್ಲೈನ್ ರೀಟೇಲ್‌ ಡ್ರೈವರ್ಗಳ್ ಕೈಯಾಗ‌ ನಂಗ್‌ ಮೆಟ್ಟಂಗಾಲಿನ್‌ ಮ್ಯಾಲ್‌ ಇದ್ದಂಗ ಆಗ್ತದ, ಅವ್ರದು ಕೆಟ್ಟ್ ಗಡಬಡ.",Fear
ಜನ್ರು ತಮ್ ತಪ್ಪ್‌ಗಳಿಂದ ಪಾಠ ಕಲೀದೇ ಪುನಾ ಪುನಾ ಅದದೇ ತಪ್ಗಳ್ನೇ ಮಾಡೋದು ನಂಗ್‌ ಮೈಯೆಲ್ಲ ಉರ್ಯತ್ತೆ.,Anger
ಈ ಕಂಪ್ಯೂಟರ್ ಅಂಗ್ಡಿಲಿ  ವೈ-ಫೈ ಎಷ್ಟ್  ನಿಧಾನ ಇದೆ ಅಂದ್ರೆ ಯಾವ್  ಕೆಲ್ಸನೂ ಮಾಡ್‌ ಮುಗ್ಸಕ್ಕಾಗಲ್ಲ ಇಲ್ಲಿ.,Disgust
"ಸ್ವಲ್ಪ ದಿನಗಳ್ಗ್‌ ಮುಂಚೆ ತಾನೇ ಅಷ್ಟ್‌ ಕಷ್ಟಪಟ್ಟು ಹೊಲದಲ್ಲಿ ಕಳೆನೆಲ್ಲ ಕಿತ್ತು ನೀಟ್‌ ಮಾಡಿದ್ವಿ, ಆದ್ರೂ ಹೊಲ ಬಂಜರು ಬಿದ್ದಿರೋದ್ನೋಡುದ್ರೆ ಎದೆಯೆಲ್ಲ ಭಾರ ಆಗತ್ತೆ.",Sadness
"ನಾ ವಾಚ್‌ಮನ್‌ಗ ಒಂಸ್ವಲ್ಪ ರೊಕ್ಕಾ ಕೊಟ್ಟೆ ಸುಮ್‌ ಟಿಪ್ಸ್‌ ಅಂತ, ಅವ್ರು ಅಗ್ದಿ ಮರ್ಯಾದಿಲಿಂದ ತೊಗೊಂಡ್ರು.. ನನ್ ಮನ್ಸಿಗಿ ಹಿತ ಆಯ್ತು.",Happiness
ಯೇನ್‌ ನಿಮ್‌ ಅಂಗ್ಡಿಯವ್ರ್‌ ಯಾಕ್‌ ಹಗಲೆಲ್ಲಾ ರಿಟರ್ನ್‌ ಪಾಲಿಸಿ ಬದ್ಲಾಸ್ಕೋತ ಕೂಡ್ತೀರ್ರಿ.. ಬ್ಯಾರೇನ್‌ ಕೆಲ್ಸ ಇಲ್ಲೇನ್ ನಿಮ್ಗ?!,Anger
"ನನ್ ಹಳೆ ಬಾತ್ರೂಮಲ್ಲಿ ಹಾಳಾಗಿದ್ ಟೈಲ್ಸ್‌  ನೋಡ್ದಾಗ, ಆಗ್ಲೇ ಎಷ್ಟೆಲ್ಲ ವರ್ಷಗಳ್ ಕಳೆದ್ಹೋದ್ವಲ ಅಂತ ನೆನ್ಪ್‌ ಮಾಡ್ಕೋತಾ ಮನ್ಸೆಲ್ಲ ಭಾರ ಆಗೋಯ್ತು.",Sadness
"ಆ ಗ್ಯಾಸ್ ಏಜೆನ್ಸಿಯೋರು ಗ್ಯಾಸ್ ಸಿಲಿಂಡರ್ಗೆ ಪ್ರೀಮಿಯಂ ಬೇರೆ ಕಟ್ಟಿಸ್ಕೊಳೋ ಮೂಲ್ಕ ಬಡವ್ರಿಗೆ ಮೋಸ ಮಾಡ್ತಿದ್ರಂತೆ! ಥು, ಇನ್ನೆಂಥ ಭಂಡ್‌ ಜನ ಇರ್ಬೇಕವ್ರು!",Disgust
ನನ್ ಬ್ಯಾಂಕ್ ಬ್ಯಾಲೆನ್ಸ್ ಕೇಳ್ಬೇಡಿ ನೀವು. ಬೇಕಿದ್ರೆ ನಿಮ್ ದಾಖಲೆಗಳ್ನ ಪರಿಶೀಲ್ಸ್‌ಕೊಳಿ. ನನ್ಹತ್ರ ಎಷ್ಟ್‌ ಬೇಕೋ ಅಷ್ಟ್‌ ದುಡ್ಡ್‌ ಇದೆ.,Anger
ಅಯ್ಯಾ ಈ ದೇಸಿ ಪಂಜಾಬಿ ಅಡಗಿನ್ಯಾಗ ನಮಗ್‌ ಬೇಕಾದ್ಹಂಗ ಅಲ್ಲಿನ್‌ ಅಸ್ಲಿ ರುಚಿನಾ ಇಲ್ಲಲಾ.,Sadness
ನಾನು ರೂಮ್ ಸರ್ವಿಸ್ ಮಾಡಿ ಅಂತ  ಮೂರು ಸರ್ತಿ  ಕರ್ದೆ ಮತ್ ಯಾರೂ ಬಂದೆ ಇಲ್ಲ ! ಹೋಟೆಲ್ನವರು  ಈ ರೀತಿ ನಡೆಸ್ಕೊಳ್ತಾ ಇರೋದ್  ಸರಿಯಲ್ಲ.,Anger
ವಿಮಾನ್ದಾಗ್ ನನ್‌ ಹಿಂದಿನ್‌ ಸೀಟ್ನ್ಯಾಗ್ ಕೂತವಾ ನಂಗ್ ವದ್ಕೂತ ಕೂತಿದ್ದಾ ಹೇಳಿದ್ರೂ ಕೇಳ್ಲಿಲ್ಲಾ ನಂಗ್ ಪಿತ್ತ್‌ ನೆತ್ತಿಗೇರ್ ವದರ್ಯಾಡ್ಬಿಟ್ಟೆ.,Anger
ನಂಗೆ ಬೀಚಿಗ್ ಹೋಗಕ್ಕಿಷ್ಟ ಇಲ್ಲ. ‌ಅಲ್ಲಿ ಹೆಂಗಸ್ರು ಗಂಡಸ್ರು ಯಾರೂ ಸರ್ಯಾಗಿ ಏನೂ ಬಟ್ಟೆನೇ ಹಾಕೊಂಡಿರಲ್ಲ.,Disgust
ಮೆಚ್ಕೋಬೇಕಾದ್ದೇ ನಿಮ್ಮನ್ನ! ವೃತ್ತಿಪರವಾಗಿ ಮತ್ತೆ ವೈಯಕ್ತಿಕವಾಗೂ ಉತ್ಕೃಷ್ಟತೆನ ಸಾಧ್ಸೋವಲ್ಲಿ ನಿಮ್ಗಿರೋ ಸಾಮರ್ಥ್ಯ ನಿಜಕ್ಕೂ ಸ್ಫೂರ್ತಿ ಕೊಡೋಂಥದ್ದು.,Happiness
ಹೊಸಾ ಪ್ರೋಜೆಕ್ಟ್‌ ಸುರುಮಾಡಿದ್ದಕ್ಕ ಕಂಪ್ನಿಗಿ ಪ್ರಶಸ್ತಿ ಬಂದದ ಆದ್ರ ಅದ್ರಾಗ್ ನಾವೆಷ್ಟ್‌ ಕೆಲ್ಸಾ ಮಾಡೀವಂತ ಅವ್ರು ಒಂದ್‌ ಮಾತೂ ಹೇಳ್ಲಿಲ್ಲ ನಮ್ಗದ್ ಕೆಟ್ಟನಿಸ್ತು.,Sadness
ನಂಗ್ಯಾಕೋ ಸದ್ಯದಲ್ಲೇ ಗ್ಯಾಸ್ ಬೆಲೆ ಇನ್ನೂ ಜಾಸ್ತಿ ಆಗುತ್ತೆ ಅನ್ಸ್ತಾ ಇದೆ. ಹೀಗೇ ಮುಂದ್ವರೆದ್ರೆ ಜೀವ್ನ ಸಾಗ್ಸೋದ್‌ ಹೇಗಪ್ಪ ದೇವ್ರೇ!,Fear
ನಾನು ಆ ಹಳೇ ಖಾಲಿ ಲೈಟ್‌ಹೌಸಿಗ್ ಹೋದಾಗ ನಾನಲ್ದೇ ಇನ್ಯಾರೋ ಅಲ್ಲಿದಾರೆ ಅನ್ಸಿ ಮತ್ಮತ್ತೆ ಹಿಂದೆ ನೋಡ್ತಾನೇ ಇದ್ದೆ.,Fear
ಈ ಅಂಗ್ಡಿಲಿ ತರ್ಕಾರಿಗಳು ಯಾವಾಗ್ಲೂ ತಾಜಾ ಆಗಿರತ್ವೆ!,Happiness
"ಸ್ವಲ್ಪ ತಡೀರಿ, ನಾನ್ ಒದಗಿಸಿದ್ ಸೇವೆಗಳ್ಗೆ ನಂಗೆ ನ್ಯಾಯವಾದ್ ಬೆಲೆ ಸಿಗ್ತಿದ್ಯಾ ಅಂತ  ಖಾತ್ರಿ ಮಾಡ್ಕೊಳಕ್‌ ನೋಡ್ತಿದೀನಷ್ಟೇ ನಾನು.",Disgust
ಬರೀ ರೋಗಲಕ್ಷಣಗಳು ಮತ್ತೆ ಒಂದ್ ಮೆಡಿಕಲ್‌ ಟೆಸ್ಟ್ ರಿಪೋರ್ಟ್ ಆಧಾರದ್ಮೇಲೆ ಡಾಕ್ಟ್ರು ನಿಖರವಾಗ್ ಇಂಥದೇ ಕಾಯಿಲೆ ಅಂತ ಪತ್ತೆಮಾಡಿದ್ನೋಡಿ ನಂಗ್ ಆಶ್ಚರ್ಯ ಆಗೋಯ್ತು.,Surprise
"ಈ ಕೊಲ್ಕತ್ತಾದಲ್ಲಿ ಮಾರಾಟಗಾರ್ರು ಅದೆಷ್ಟ್ ಬಲ್ವಂತ ಮಾಡ್ತಾರಪ್ಪ, ಥು, ನಂಗಂತೂ ಅವ್ರ್‌ ಕಂಡ್ರೆ ಆಗೋದೇ ಇಲ್ಲ.",Disgust
ನನ್ ರೂಮಲ್ಲಿ ನೀರೇ ಇಲ್ಲ! ನೀವು ಹೋಟೆಲ್‌ನ ಈ ಥರನ ನೋಡ್ಕೋಳೋದು?,Anger
ರಿಫಿಲ್ ಅದ್ ಮೇಲೆ  ಹೊಸ ಗ್ಯಾಸ್ ಸಿಲಿಂಡರ್ ಬಿಲ್ ನೋಡ್ದಾಗ  ನಂಗ್  ಅದನ್ ನಂಬಕೆ  ಆಗ್ಲಿಲ್ಲ.  ಇದ್ ಯಾಕೋ ಚಂದ್ರನಿಗೆ ರಾಕೆಟ್ ಬಿಡೋ ತರ  ಆಗಿದೆ !,Surprise
"ವಾಹ್, ನನ್ ಹೊಸ ಮನೆಗೆ ಇಷ್ಟ್ ಒಳ್ಳೆ  ವಿದ್ಯುತ್ ಫಿಟ್ಟಿಂಗ್‌ಗಳ್  ಆಯ್ಕೆ ಗಳ್ ಸಿಗುತ್ತೆ ಅಂತ್ ನಾನ್  ನಿರೀಕ್ಷಿಸಿರ್ಲಿಲ್ಲ - ಇದು ಆಯ್ಕೆಗಳ  ಹೊಸ ಪ್ರಪಂಚ ಇದ್ದ್ ಹಾಗೆ ಇದೆ!",Surprise
"ಅಯ್ಯಬ್ಬಾ! ಈ ಸಸ್ಯೋದ್ಯಾನ್ದಲ್ಲಿ ಅದೆಷ್ಟ್ ಥರದ್‌ ಗಿಡಗಳಿವ್ಯಪ್ಪಾ, ನಂಗಂತೂ ನೋಡೇ ಸುಸ್ತಾಯ್ತು!",Surprise
"ದಿನಾಲು ಪೀಕ್‌ ಅವರ್‌ ಟ್ರಾಫಿಕ್ಕಲ್ಲಿ ಡ್ರೈವ್‌ ಮಾಡೋವಾಗ ನನ್‌ ಶಾಂತಿ, ನೆಮ್ದಿ ಎಲ್ಲ ಹಾಳಾಗೋಗಿರತ್ತೆ.",Sadness
"ನಾ ಆ ಹೋಟಲಿನ್‌ ಹಿತ್ತಲ್‌ ಬಾಗ್ಲಿಂದ್ ಹೊರಗ್‌ ಕಾಲಿಟ್ರ ಸೀದಾ ಗಟಾರೇ ಇತ್ತು, ನಂಗ ಹೇಸ್ಗಿ ಬಂದ್‌ ಠಣ್ಣಂತ ಹಿಂದ ಹಾರಕೊಂಡೆ.",Disgust
ಇದ್‌ ಹೆಚ್ಚಿಂದಾತು! ನಿಮ್‌ ಟೀಮಿನ್‌ ಮ್ಯಾಲ್‌ ಬೀಳ ಕೆಲ್ಸಾ ತಪ್ಪಸ್ಕೊಳ್ಳಿಕ್ಕಿ ನೀವ್‌ ಹೇಳ ನೆವಗೊಳ್‌ ರಗಡ ಕೇಳೀನ್ ನಾ.,Anger
ಈಚಿಗಂತೂ ಎಷ್ಟ್ ಜಾಸ್ತಿ ಆಗ್ಯಾವ ಕೋವಿಡ್‌ ಕೇಸ್ಗಳು‌ ಇನ್‌ ಭಾಳ ದಿವ್ಸ ವಯಸ್ಸಾದವ್ರು ಅಂಜಿ ಮನ್ಯಾಗೇ ಕೂಡ್ಬೇಕ.,Fear
ನಮ್ಮಲ್ಲಿರೋ ಒಳ್ಳೆ ತಂತ್ರಜ್ಞರ್ ಬಗ್ಗೆ ನಮ್‌ ಪ್ರತಿಸ್ಪರ್ಧಿಗೆ ಎಲ್ಲ ವಿಷ್ಯನೂ ಹೇಳ್ತಾ ಇದ್ದಾಂತ ಗೊತ್ತಾಗಿ ನಮ್ಮಲ್ಲಿ ಕೆಲ್ಸಕ್ಕಿದ್ದೋನೊಬ್ಬನ್ನ ನಿಂತ್‌ನಿಲುವಲ್ಲೇ ಕೆಲ್ಸದಿಂದ ತೆಗ್ದ್‌ಹಾಕ್ಬಿಟ್ಟೆ.,Anger
ಅಯ್ಯೋ ಅಂಗ್ಡಿಲಿ ಈ ಹೊಸ ಬದ್ಲಾವಣೆಯೆಲ್ಲ ತುಂಬಾ ಗೊಂದ್ಲ ಆಗೋ ಥರ ಇದೆ. ಅಂಗ್ಡಿಗ್‌ ಬರೋರ್ಗೆಲ್ಲ ಎಷ್ಟ್‌ ಕಿರಿಕಿರಿನಪ್ಪ..ಥೋ.,Disgust
ಈ ಕಟ್ಟಡ ಹತ್ತು ಸಾವಿರ ವರ್ಷಗಳಷ್ಟು ಹಳೇದು ಅಂತ ನಿಮ್ಗೆ ಗೊತ್ತಿದ್ಯಾ?,Surprise
ಎಂಥ ಅದ್ಭುತ್ವಾದ್ ಉಪಾಯ! ನೀನ್‌ ಹೇಳಿರೋ ಸರ್ಪ್ರೈಸ್‌ ಗಿಫ್ಟ್‌ನ ಖಂಡಿತ ನಾವ್‌ ಅವ್ಳಿಗ್‌ ಕೊಡ್ಬೋದು.,Surprise
ಆ ಹೋಟಲ್‌ನ್ಯಾಗ ಇವತ್ತಿನ್‌ ಅಡ್ಗಿ ರುಚಿ‌ ಪೂರಾ ಕೆಟ್ಟಿತ್ತು. ಇಷ್ಟ್‌ ದಿನಾ ನಾವಿಲ್ಲಿ ತಿಂದಿರ ರುಚಿನೇ ಬ್ಯಾರೆ ಇವತ್ತಿಂದು ಅದಕ್‌ ಎಷ್ಟೂ ಸಮಾ ಇರ್ಲಿಲ್ಲಾ.,Disgust
ನಾನ್ ಫ್ರೀವೇಲಿ ಡ್ರೈವ್ ಮಾಡ್ಕೊಂಡ್  ಹೋಗ್ತಿದ್ದಾಗ ಇದ್ಕಿದ್ದಂಗೆ ಎದ್ರುಗಡೆ ಏನಿದೆ ಅಂತ್ಲೂ ಕಾಣ್ದಷ್ಟ್ ಮಂಜ್ ಮುಚ್ಕೊಂಡ್ಬಿಡ್ತು.,Surprise
ಆ ಡ್ರೈವರ್ ಶೇರ್ ಆಟೋದಲ್ಲಿ ಸಿಕ್ಕಾಪಟ್ಟೆ ಜನನ್ ತುಂಬ್ಸ್‌ಬಿಟ್ಟ. ನಂಗ್ ಕೂತ್ಕೊಳ್ಳಕ್ಕೇ ಸರ್ಯಾಗ್ ಜಾಗ ಇಲ್ಲ ಅಂತ ಕಿರಿಕಿರಿಯಾಗಿ ರೇಗಾಡ್ಬಿಟ್ಟೆ ನಾನು.,Anger
ಈಗ ನಾವು ನೋಡ್ತಿರೋ ಈ ಜಗತ್ತು ಅಸಂಖ್ಯಾತ ತಲೆಮಾರುಗಳ ಅವಶೇಷಗಳ್ಮೇಲೆ ನಿರ್ಮಾಣ ಆಗಿರೋದು ಅಂತ ಅರಿವಾದಾಗ ನಾವ್ ಎಷ್ಟ್ ಮಾತ್ರದೋರು ಅನ್ಸ್‌ಬಿಡತ್ತೆ.,Fear
ಯಪ್ಪಾ! ಈ ರೂಪದರ್ಶಿಗಳು ಏನಾದ್ರೂ ಬಟ್ಟೆ ಹಾಕೊಂಡಿದಾರೋ ಇಲ್ವೋ ಅಂತ್ಲೇ ಗೊತ್ತಾಗಲ್ಲ.. ಅಷ್ಟ್‌ ಕಮ್ಮಿ ಬಟ್ಟೆ ಇರತ್ತೆ ಇವ್ರ್ ಮೈಮೇಲೆ.,Disgust
ನನ್ ಫೋನ್ ಬಳ್ಸಿ ಕ್ಯಾಬ್‌ ಬುಕ್ ಮಾಡ್ಬೋದು ಅಂತ ನಂಗಂತೂ ತುಂಬಾ ಖುಷಿನಪ್ಪ. ಇನ್ಮುಂದೆ ಆಟೋ ರಿಕ್ಷಾ ಹುಡ್ಕೋ‌ ತಲೆಬಿಸಿ ಇಲ್ಲ.,Happiness
"ಆ ದೆವ್ವದ್‌ ಸಿನ್ಮಾದ್ ಮೊದಲ್ನೇ ಪಾರ್ಟನ್ಯಾಗೇ ಎಷ್ಟ ಹೊಲ್ಸ ಹಿಂಸಾ ರಕ್ತೆಲ್ಲಾ ತೋರ್ಸ್ಯಾರ‌, ಆವಾಗೇ ವಾಕರಕಿ ಬರ್ಲಿಕತ್ತಿತ್ತಾ ಇನ್‌ ಅದ್ರ ಮುಂದಿನ್‌ ಪಾರ್ಟರೇ ಇನ್ನಾ ಹಾದಿಬಿಟ್ಟದ.",Disgust
"ನನ್ ಕನ್ಸಲ್ಟೇಷನ್‌ ಬಿಸಿನೆಸ್ ಮಸ್ತ್‌ ನಡದದ ಭಾಳ ಬೆಳಿಲಿಕತ್ತದ, ದೊಡ್‌ ದೊಡ್‌ ಮಂದಿನೂ ನನ್‌ ಕ್ಲೈಂಟ್‌ ಆಗ್ಯಾರ.",Happiness
"ವಾಲ್ವ್‌ ಹಾಳಾಗಿ ಗ್ಯಾಸ್ ಸಪ್ಲೈ ನಿಂತೋಗಿದೆ, ಇವತ್ ನಮ್ಗೆಲ್ಲ ಉಪ್ವಾಸನೇ ಗತಿ.",Sadness
ಅತೀ ಅಲಂಕಾರ ಮಾಡ್ಕೋತ್‌ ಕುಂತ್ರ ನಂಗ‌ ಚೂರೂ ಹಿಡಸಂಗಿಲ್ಲಾ. ನನ್‌ ಕಾರಿಗಿ ಯಲ್ಲಾರ್‌ ಮುಂದ ಪ್ರದರ್ಶನಕ್ಕಿಟ್ಹಂಗ ಥಳಕಪಳಕಿ ಮಾಡ್ಬೇಕಂದ್ರ ನಂಗ ಚಿರಡಿಗ್‌ ಬರ್ತದ.,Disgust
"ನಂಗ್‌ ದೋಸ್ತರ್‌ ಜೊತಿ ಕಾರ್‌ ಪೂಲಿಂಗ್‌ ಮಾಡ್ಲಿಕ್ಕಿ ಖುಷಿನೇ ಅದ, ಒಂದಂದ್ರ ನಂ ಕಾರ್ಬನ್‌ ಫೂಟ್‌ ಪ್ರಿಂಟ್‌ ಕಡಿಮ್ಯಾಗ್ತದ ಮತ್‌ ಮ್ಯಾಲ್‌ ಗಾಡಿ ಓಡ್ಸ ತಲಿಬ್ಯಾನಿನೂ ಬ್ಯಾರೆಯವ್ರಿಗಿ ಕಟ್ಟಿ ನಾವ್‌ ಆರಾಮ್‌ ಕೂಡ್ಬೌದು.",Happiness
"ಸರ್! ನಾನ್ ನಿಮ್ಗೆ ಬೆಂಗ್ಳೂರಿಂದ ಚೆನ್ನೈಗೆ ಟಿಕೆಟ್ ಕಾಯ್ದಿರ್ಸೋಕ್ ಹೇಳಿದ್ದೆ, ಆದ್ರೆ ನೀವ್‌ ನೋಡುದ್ರೆ ಬೆಂಗ್ಳೂರಿಂದ ಪುಣೆಗ್‌ ಟಿಕೆಟ್‌ ಮಾಡ್ಸಿದೀರಿ. ತಲೆ ಇಲ್ವಾ ನಿಮ್ಗೆ?",Anger
ಈ ಸಲ ನಾನ್ ಒಂದ್ ನಿಮ್ಷನೂ ಕಾಯ್ಬೇಕಾಗ್ಲಿಲ್ಲ. ನಾನ್ ಬುಕ್‌ ಮಾಡಿದ್ ಸವಾರಿ ತಕ್ಷಣನೇ ಕನ್ಫರ್ಮ್‌ ಆಗೋಯ್ತು!,Surprise
ಅಫ್ಘಾನಿಸ್ತಾನ್ದಲ್ಲಿ ತಾಲಿಬಾನ್ ಮೇಲುಗೈ ಸಾಧ್ಸಿರೋದ್ರಿಂದ‌ ಅಲ್ಲಿನ್ ಮಹಿಳೇರ್‌ ಭವಿಷ್ಯ ಚಿಂತಾಜನಕ್ವಾಗಿದೆ.,Fear
ನಾನೊಬ್ಳೇ ಎಲ್ಲ ಭಾಗಗಳ್ನು ಜೋಡ್ಸಿ ಮಂಚ ತಯಾರ್‌ ಮಾಡೋ ಬಗ್ಗೆ ಸ್ವಲ್ಪ ಆತಂಕ ಆಗ್ತಿದೆ ನಂಗೆ.,Fear
ಕೆಲ್ವು ದೇಶಗಳು ಭೂಮಿ ಮೇಲಿರೋ ಎಷ್ಟೆಲ್ಲ ಗಂಭೀರ್ವಾದ್ ಸಮಸ್ಯೆಗಳ್ನ‌ ಕಡೆಗಣ್ಸಿ ಬಾಹ್ಯಾಕಾಶ ಪರಿಶೋಧನೆಗೆ ರಾಶ್ರಾಶಿ ಹಣ ಸುರೀತಾ ಇರೋದ್‌ ನೋಡುದ್ರೆ ಕೋಪ ಉಕ್ಕುತ್ತೆ ನಂಗೆ.,Anger
ನನ್ ಪಾಕದ್  ಕೌಶಲ್ಯನ  ಪ್ರಯೋಗ ಮಾಡಕ್ಕೆ   ವಿಶಾಲ್ವಾದ ಅಡುಗೆಮನೆನ್ ಮಾಡೋದ್ರ ಬಗ್ಗೆ  ನಂಗ್ ರೋಮಾಂಚ್ನ ಆಗಿದೆ.,Happiness
ಅಮೃತ್‌ಸರದಲ್ಲಿರೋ ಆ ಪಂಜಾಬಿ ಢಾಬಾದಲ್ಲಿ ಪಾಲಕ್ ಪನೀರ್ ಮತ್ತೆ ನಾನ್ ಎರಡ್ನೂ ಎಷ್ಟ್‌ ತಿಂದ್ರೂ ಇನ್ನೂ ಬೇಕೂನ್ಸತ್ತೆ.,Happiness
ಎಂಟು ಸೀಟ್ ಇರೋ ಆ ಸಣ್ ವಿಮಾನ್ದಲ್ಲಿ ನಮ್ ಹ್ಯಾಂಡ್ ಬ್ಯಾಗೇಜ್ನೂ ತಗೊಂಡ್ಹೋಗಕ್‌ ಬಿಡ್ದೇ ಇದ್ದಿದ್ದು ನಂಗ್‌ ಷಾಕ್‌ ಆಯ್ತು.,Surprise
"ನಂಗ್ ನನ್ ಮಗುವಿನ್ ಖಾತೆ ಭದ್ರತೆ ಬಗ್ಗೆನೇ ಚಿಂತೆ ಆಗಿದೆ, ಅವ್ರು ಉಳಿತಾಯನ ಸುರಕ್ಷಿತ್ವಾಗಿಡೋ ರೀತಿ ಬಗ್ಗೆಯೆಲ್ಲ ಬ್ಯಾಂಕ್ನೋರ್‌ ಹತ್ರ ವಿಚಾರ್ಸಿ ಖಾತ್ರಿ ಮಾಡ್ಕೊಬೇಕು.",Fear
"ಡಿಸೈನ್‌ ಏನಾದ್ರೂ ಪಕ್ಕಾ ಪರ್ಫೆಕ್ಟ್‌ ಆಗಿಲ್ಲ ಅಂತಾದ್ರೆ, ನೀವ್ ನಂಗೆ ದುಡ್ಡ್‌ ವಾಪಸ್‌ ಕೊಡ್ಬೇಕಷ್ಟೇ.",Anger
ಆ ಸೇಲ್ಸ್‌ಮನ್ ನಮ್ ಜೊತೆ ವ್ಯವಹರ್ಸಿದ್ ರೀತಿ ನಂಗೊಂಚೂರೂ ಸರಿಬರ್ಲಿಲ್ಲ. ಅಷ್ಟ್‌ ಹೊತ್ತೂ ನಾವೇನ್‌ ಹೇಳ್ತಿದೀವಿ ಅಂತ್ಲೇ ಕಿವಿಗ್‌ ಹಾಕೊಳ್ಲಿಲ್ಲ ಆತ.,Anger
"ಜನ್ರು ವಂಚ್ನೆ ಮಾಡ್ ಹಣ ಸಂಪಾದ್ಸಿ ಆಮೇಲ್‌ ಸಿಕ್ ಹಾಕೊಂಡಾಗ, ಅವ್ರ್ ಕೆಟ್ ಕೆಲ್ಸದಿಂದ ಅವ್ರ್ ಕುಟುಂಬ್ದೋರೆಲ್ಲ ಎಷ್ಟ್‌ ಕಷ್ಟ, ಅವ್ಮಾನ ಅನ್ಭವಿಸ್ಬೇಕಲ್ಲ ಅಂತ‌ ನಂಗ್ ಬೇಜಾರಾಗತ್ತೆ.",Sadness
ಲಂಡನ್ ಹೀಥ್ರೋ ಏರ್‌ಪೋರ್ಟಲ್ಲಿ ನಿರ್ವಹಣೆ ಏನೇನೂ ಸರ್ಯಾಗಿಲ್ಲ. ನಾನು ಒಂದ್ ಟರ್ಮಿನಲ್‌ ಇಂದ ಇನ್ನೊಂದಕ್ಕೆ ಸುರಂಗಗಳ್ ಮೂಲ್ಕ ನಡ್ಕೊಂಡ್‌ ಹೋಗ್ತಿದ್ರೆ ಸುರಂಗದೊಳಗೆಲ್ಲ ಗಬ್ಬು ನಾರ್ತಿತ್ತು.,Disgust
"ಅವ್ರ್‌ ಹತ್ರ ಈ ಟೋಸ್ಟರ್ ಬೇರ್ಬೇರೆ ಬಣ್ಣದಲ್  ಸಿಗುತ್ತೆ ಅಂತ ನಂಗ್ ಗೊತ್ತೇ ಇರ್ಲಿಲ್ಲ, ಅವ್ರ್‌ ಹತ್ರ ಅಷ್ಟೊಂದ್‌ ಆಯ್ಕೆಗಳ್ ಇದ್ದಿದ್‌ ನೋಡಿ ಆಶ್ಚರ್ಯ ಆಯ್ತು.",Surprise
ಜನ್ರಿಗೆ ಹಣಕಾಸಿನ್ ತಿಳಿವಳಿಕೆ ನೀಡಕ್ಕೆ ಈ ಕಂಪ್ನಿಯೋರು ಯಾವ್ದೂ ಕಾರ್ಯಕ್ರಮನೇ ಕೈಗೊಳ್ತಿಲ್ಲ ಅನ್ನೋದು ಅದ್ರಲ್ಲಿರೋ ಅವ್ಯವಸ್ಥೆಗೊಂದ್‌ ಉದಾಹರ್ಣೆ ಅಷ್ಟೇ.,Disgust
ನೀವು ನಮ್ಮಲ್ಲಿಗ್ ಬಂದಿರೋದು ಭಾಳ ಸಂತೋಷ! ನಿಮ್ ಎಲ್ಲಾ ಅಗತ್ಯಗಳ್ನ ಪೂರೈಸೋದಕ್ಕೆ ಮತ್ತೆ ಹಣಕಾಸಿನ್‌ ಬಗ್ಗೆ ನಿಮ್ಗಿರೋ ಗುರಿಗಳ್ನ ಸಾಧ್ಸೋದ್ರಲ್ಲಿ ಸಹಾಯ ಮಾಡೋಕೆ ನಮ್ಮಲ್ಲಿ ಥರಾವರಿ ಖಾತೆಗಳು ಲಭ್ಯ ಇವೆ.,Happiness
ಇಷ್ಟ್‌ ಜಗ್‌ ರೊಕ್ಕಾ ಸುರ್ದು ನಾ ಈ ಕ್ವಾಟಿ ನೋಡ್ಲಿಕ್ ಬರಬದ್ಲು ಬ್ಯಾರೆಕಡೆ ಯಲ್ಲರೆ ಹೋಗಿದ್ರ ಛೊಲೋ ಆಗ್ತಿತ್ತು.,Sadness
"ಉಸ್ತವಾರಿ ಎನ್‌ ಭಾರೀ ಕೆಲ್ಸಾ ಮಾಡ್ಯನಂತಿ ನಾ ಉಬ್ಬೇಬಿಟ್ಟೆ, ಮತ್‌ ನಮ್ ಗಿರಾಕಿಗೊಳಿಗಿ ಆಫೀಸ್‌ ಸ್ವಚ್ಛ್‌ ಮಾಡಸ್ಕೊಡದೂ ನಮ್ದೊಂದ್‌ ಸರ್ವೀಸ್‌ ಅಂತ ಮಾಡಿನಿ.",Surprise
"ನೀವ್ ನನ್ನನ್ನ ಯಾಕ್ ಈ ಥರ ನೋಡ್ತಿದೀರ ಸರ್? ನಾನಿಲ್ಲಿ ರದ್ದತಿ ಮಾಡ್ಸಿದ್ದಕ್ಕೆ ಹಣ ವಾಪಸ್‌ ತಗೊಳಕ್‌ ಬಂದಿದೀನಿ. ನೀವ್‌ ನಂಗೆ ಮುಜುಗರ‌, ಅಸಹ್ಯ ಹುಟ್ಸೋ ಥರ ಆಡ್ತಿದೀರಿ.",Disgust
"ಒಳ್ಗಿದ್ ಜನ್ರನ್ನ ಇಳ್ಸಿ, ‌ಇನ್ನೂ ಜಾಸ್ತಿ ಜನನ್ ಹತ್ತುಸ್ಕೊಳಕ್ಕೆ ಆ ಬಸ್ನೋನು ರಸ್ತೆ ಮಧ್ಯದಲ್ಲೇ ನಿಲ್ಸ್‌ಕೊಂಡ್‌ಬಿಟ್ಟಿದ್ದಿದ್ದು ಭಾರಿ ಬೇಜಾರಾಯ್ತ್ ನಂಗೆ. ಇರೋ ಬರೋ ವಾಹನಗಳೆಲ್ಲ ಓಡಾಡಕ್ಕಾಗ್ದೆ ಸಿಕ್ಕೊಂಬಿಟ್ಟಿದ್ವು ಅಲ್ಲೇ.",Sadness
"ನಮ್ ಅಪಾರ್ಟ್ಮೆಂಟ್ ಸೆಕ್ಯುರಿಟಿ ಗಾರ್ಡ್‌ ಯಾವಾಗ್ಲೂ ಸಿಡುಕ್ತಾ ಇರ್ತಾನೆ, ಅವ್ನ್‌ ಜೊತೆ ಮಾತೂಂದ್ರೆ ಅದ್ ಜಗ್ಳನೇ, ನಂಗೂ ಪಿತ್ತ ಕೆರಳ್ಬಿಡತ್ತೆ.",Anger
ಈ ಮಾಗಿದ್  ಮಾವಿನ್  ಹಣ್ಣಿನ್  ರಸವು ಶುದ್ಧ ಆನಂದನ್ ಕೊಡುತ್ತೆ.,Happiness
ನಾವ್‌ ಶುರುಮಾಡಿದ್ ಹೊಸ ಮಾರ್ಕೆಟಿಂಗ್ ಅಭಿಯಾನ ಸಾಕಷ್ಟ್ ಸದ್ದ್ ಮಾಡ್ದಾಗ ನಮ್‌ ಉತ್ಸಾಹನೂ ಇಮ್ಮಡಿಸ್ತು.,Happiness
"ಯಪ್ಪ, ಆ ಕೆಫೆಟೇರಿಯಾದಲ್ಲಿ ಪುನಾ ಆ ರುಚಿನೇ ಇಲ್ದಿರೋ ಸಪ್ಪೆ ಸೂಪ್‌ನೇ ಮಾಡಿದಾರೆ ಅಂದ್ರೆ ನಂಗ್‌ ನಂಬಕ್ಕಾಗ್ತಿಲ್ಲ. ಒಂದ್ವಾರದಲ್ಲಿ ಇದು ನಾಲಕ್ನೇ ಸಲ ಅವ್ರಿದ್ನ ಕೊಡ್ತಾ ಇರೋದು.",Disgust
"ಅಷ್ಟೊಂದ್ ಶಬ್ದ ಮಾಡ್ಬೇಡಿ ಅಂತ ನಾನವ್ರಿಗೆ  ಹೇಳಿದೀನಿ, ಆದ್ರೂ ಯಾವತ್ತೂ ನನ್ಮಾತ್‌ ಕೇಳಲ್ಲ ಅವ್ರು.",Sadness
"ನ್ಯೂಯಾರ್ಕ್‌ನಂಥ ದೊಡ್ಡ್‌ ಊರಿನ್ ಹೃದಯಭಾಗ್ದಲ್ಲೂ ಇಷ್ಟು ಶಾಂತಿ, ನೆಮ್ದಿ ಇರೋ ವಾತಾವರಣ ಸಿಗ್ಬಹುದು ಅಂತ ನಾನ್‌ ಕನ್ಸ್‌ ಮನ್ಸಲ್ಲೂ ಊಹಿಸಿರ್ಲಿಲ್ಲ!",Surprise
"ಮನೆಗೆ ಬಾಡ್ಗೆಯೋರ್ನ ಕರ್ಕೊಂಡ್ಬರಕ್ಕೆ ಆ ಬ್ರೋಕರಿಗ್ ಕೊಟ್ಟಿದ್ದ್ ಬ್ರೋಕರೇಜ್‌ ಫೀಸಲ್ಲಿ ಮಾರ್ಕೆಟಿಂಗು, ಜಾಹೀರಾತು ಎಲ್ಲದೂ  ಸೇರ್ಕೊಂಡಿರುತ್ತೆ ಅಂತ ನಾನ್‌ ಅನ್ಕೊಂಡಿರ್ಲಿಲ್ಲ.",Surprise
ಭಾರತದ್ ಫುಟ್ಬಾಲ್ ತಂಡನ ಏಷ್ಯಾಡ್‌ಗೆ ಕಳ್ಸೋ ಬಗ್ಗೆ ಐ.ಒ.ಎ. ಮತ್ತೆ ಎ.ಐ.ಎಫ್.ಎಫ್. ಕಿತ್ತಾಡ್ತಿರೋದ್ ನೋಡುದ್ರೆ ಪಿತ್ತ ನೆತ್ತಿಗೇರ್ತಿದೆ.,Anger
ಮೇಸ್ತ್ರಿ ಕೆಲ್ಸಕ್ಕೆ ನಿಮ್ಮನ್ ತಗೊಂಡಾಗ್  ನಾನ್ ಇದನ್  ನಿರೀಕ್ಷಿಸಿರ್ಲಿಲ್ಲ. ಸ್ನಾನಗೃಹದಲ್ ಟೈಲ್ಸ್  ಸೊಟ್ಟ ಆಗಿವೆ  ಅಂತ  ನಂಗ್  ನಂಬಕ್  ಆಗ್ತಿಲ್ಲ !,Anger
ನಾನು ನನ್‌ ಮನೆ ಸಾಲ ತಗೊಂಡ್ ಎರಡು ವರ್ಷದೊಳ್ಗೇ ಅದ್ನ ತೀರ್ಸೋಕಾಗಿದ್ದು ನನ್‌ ತಲೆ ಮೇಲಿದ್ ದೊಡ್ಡ್‌ ಭಾರ ಇಳುಸ್ಕೊಂಡಂಗಾಯ್ತು.,Happiness
ನನ್‌ ಭವಿಷ್ಯಕ್ಕೋಸ್ಕರ ನನ್ಕೈಲೀಗ ಏನೂ ಮಾಡೋಕ್ಕಾಗ್ತಿಲ್ವಲ ಅನ್ನೋ ಕೊರಗಲ್ಲಿ ರಾತ್ರಿ ನಿದ್ದೆನೇ ಬರಲ್ಲ ನಂಗೆ.,Sadness
"ಆಶ್ರಯತಾಣಗಳ್ನ ಹುಡುಕ್ಕೊಂಡ್ ಬರೋರ್ನ ಇಂಗ್ಲೆಂಡ್‌ನೋರು ‌ಅಷ್ಟ್ ಅಮಾನವೀಯವಾಗ್ ನಡೆಸ್ಕೋತಾರಂತಲ, ಹೊಟ್ಟೆಗದೇನ್‌ ತಿಂತಾರ್‌ ಅವ್ರು! ಸ್ವಲ್ಪನಾದ್ರೂ ಮನುಷ್ಯತ್ವ ಬೇಡ್ವಾ!",Anger
ನಾನ್ ಇಂದ್ ಬೆಳಿಗ್ಗೆ ನಾಲ್ಕು:ಮೂವತ್ತಕ್ಕ್ಕೆ ಅನಿರೀಕ್ಷಿತವಾಗ್ ಎದ್ದೆ ಮತ್ ಇದೆ ಮೊದ್ಲ ಸರ್ತಿ ಆ ಸಮ್ಯದಲ್ ಪ್ರಾರ್ಥನೆ ಮಾಡಕ್ ಸಾಧ್ಯ ಆಯ್ತು.,Surprise
ಬಚ್ಚಲ್‌ ಮನಿಲಿಂದ್‌ ಹಿಡ್ದು ಕಂಪೌಡ್‌ ಮತ್ತ ಅಡ್ಗಿಮನಿತನಾ ಯಲ್ಲಾ ಮತ್ತೊಮ್ಮೆ ಹೊಸಾದ್‌ ಮಾಡ್ಸಿ ಕಟ್ಸಬೇಕಂತ ವಿಚಾರ ಮಾಡಿದ್ರ ಹಳೀ ನೆನಪೆಲ್ಲಾ ಬಂದು ಏನೋ ಒಂಥರಾ ದುಃಖನೂ ಆಗ್ಲಿಕತ್ತದ.,Sadness
"ಕ್ಷಮ್ಸಿ, ದಯ್ವಿಟ್ಟು ನನ್ನನ್ನ ಹೊಡೀಬೇಡಿ. ನಿಮ್ ಮಗುನ ಮೂಗ ಅಂತ ಕರ್ಯೋದು ನನ್  ಉದ್ದೇಶ ಆಗಿರ್ಲಿಲ್ಲ. ಅವ್ನೊಬ್ಬ ವಿಶೇಷಚೇತನ ಅಂತ ಹೇಳೋಕ್‌ ಹೊರ್ಟಿದ್ದೆ ಅಷ್ಟೇ.",Fear
"ಕಾರ್ಯಕ್ರಮಕ್ಕೆ ಹೊಂದ್ಕೆ ಆಗೋ ಥರ ಸರ್ಯಾಗ್‌ ಒಂದ್ ಕೇಕ್‌ನೂ ಆಯ್ಕೆ ಮಾಡಕ್ಬರಲ್ಲ ಇವ್ರಿಗೆ, ಎಲ್ಲ ನನ್‌ ಕರ್ಮ!",Disgust
ಓವನ್ಯಾಗಿಂದ ತಾಜಾ ಬ್ರೆಡ್ಡಿನ್‌ ಘಮ ಬಂದಾಗೆಲ್ಲ ನಂಗ್ ಹಳೀ ನೆನಪ್‌ ಬಂದು ತೃಪ್ತಿ ಆಗ್ತದ.,Happiness
"ನಿಮ್‌ ಮ್ಯಾನೇಜರ್‌ಗೆ ನಿನ್‌ ಅಗತ್ಯ ಇರೋ ಹೊತ್ತಲ್ಲೇ ನೀನವ್ರಿಗ್‌ ಕೈಕೊಟ್ಟಿದ್ದು ನಂಗಂತೂ ಸ್ವಲ್ಪನೂ ಹಿಡಿಸ್ಲಿಲ್ಲ, ಕೆಟ್ಟ್‌ ಕೋಪ ಬರ್ತಿದೆ ನಿನ್ಮೇಲೆ.",Anger
"ಆ ಹೋಟೆಲ್ನಿಂದ ಎಷ್ಟರೇ ಜೋರ್‌ ಗದ್ದಲಾ ಕೇಳಸ್ಲಿಕತ್ತಿತ್ತಂದ್ರ ನಂಗ ರಾತ್ರಿ ನಿದ್ದಿನೇ ಆಗ್ಲಿಲ್ಲ, ಮುಂಜಾನ ಎದ್ದಾಗ ಉಲ್ಟಾ ಹೈರಾಣ ಆಗಿತ್ತು.",Sadness
ಅವತ್ತು ನೀವ್ಯಾಕ್ ನನ್ ಮಾತ್ ಕೇಳ್ಲಿಲ್ಲ? ಸಾಲದ್‌ ದುಡ್ಡಲ್ಲಿ ಜೂಜಾಡೋದ್ ಒಳ್ಳೇದಲ್ಲ ಅಂತ ಹೇಳಿದ್ನಲ್ವಾ ನಾನ್‌ ನಿಮ್ಗೆ.,Anger
ಕೆಲ್ವು ದೇಶಗಳಲ್ಲೆಲ್ಲ ರೆಸ್ಟೋರೆಂಟ್‌ಗಳ ಮೆನುಲಿ ಹುಳಹುಪ್ಟೆ ಹಾಕ್‌ ಮಾಡಿರೋ ಅಡ್ಗೆ ತಿಂಡಿಗಳಿರೋದ್‌ ನೋಡ್ದ್ರೆ ನಂಗೆ ವಾಂತಿನೇ ಬಂದ್ಬಿಡತ್ತೆ.,Disgust
"ಬಸ್ಸಲ್‌ ಹೋಗ್ಬೇಕು ಅಂದ್ರೆ ಟಿಕೆಟ್‌ ತಗೊಳಕ್ಕೆ ಉದ್ದುದ್ದ ಕ್ಯೂಗಳಲ್ಲ್‌ ನಿಂತ್ಕೊಳದು ಅಂದ್ರೆ ಟೆನ್ಷನ್‌ ಆಗ್ತಿರತ್ತೆ ನಂಗೆ, ನಾವ್‌ ಕೌಂಟರ್‌ ಹತ್ರ ಹೋಗೋ ಹೊತ್ಗೆ ಟಿಕೆಟ್ಟೂ ಖಾಲಿಯಾಗಿ ನಮ್‌ ಟೈಮೂ ವೇಸ್ಟಾಯ್ತು ಅನ್ನೋ ಹಾಗ್‌ ಆಗ್ದಿದ್ರೆ ಸಾಕು.",Fear
ಕೆಲ್ವು ವ್ಯಾಪಾರಿಗಳು ತೆರಿಗೆ ತಪ್ಸೋಕೆ ತಮ್ ಹಣಕಾಸಿನ್‌ ಲೆಕ್ಕನೆಲ್ಲ ಉಪಾಯ್ವಾಗಿ ಬದ್ಲಾಯ್ಸ್‌ಬಿಡೋದು ಒಬ್ಬ ಜವಾಬ್ದಾರಿ ಇರೋ ತೆರಿಗೆದಾರ್‌ನಾಗಿ ನಂಗ್ ಅಸಹ್ಯ ಅನ್ಸತ್ತೆ.,Disgust
ದಯ್ವಿಟ್ಟು ನನ್ ಅಂಗ್ಡಿನ ಮುಚ್ಬೇಡಿ. ಪುಡಿಗಾಸಿನ್ ದುಡ್ಮೆ ಇರೋ ಸಣ್ಣ ಹೂವಿನ್ ವ್ಯಾಪಾರಿ ಅಷ್ಟೇ ನಾನು.,Fear
"ಸ್ವಲ್ಪನೂ ಸಹಾಯ ಮಾಡ್ದೇ ಉಲ್ಟಾ ನಮ್ಮೇಲೇ ಒರ್ಟೊರ್ಟಾಗ್‌ ಮಾತಾಡ್ತರಲ್ರೀ ನಿಮ್‌ ಕೆಲ್ಸ್‌ದೋರು! ಅವ್ರ್‌ ಹತ್ರ ನಾನಿನ್ನೇನೂ ಮಾತಾಡಕ್‌ ಹೋಗಲ್ಲ, ನೀವೇ ಉತ್ರ ಕೊಡ್ಬೇಕ್‌ ನಂಗೆ.",Anger
ನಮ್ ಆದಾಯ ಕುಸ್ದ್‌ಹೋಗಿದೆ! ಈ ಹಿನ್ನಡೆನ ಎದುರ್ಸೋಕೆ ಕಾರ್ಯತಂತ್ರಗಳ್ನ ಕಂಡ್ಕೋಬೇಕಿದೆ ನಾವು.,Sadness
ನಾನು ಹೋದ್ವಾರ್‌ದಿಂದ ಈ ಪುಸ್ತಕನ ಹುಡುಕ್ತಾನೇ ಇದೀನಿ ಆದ್ರೆ ಇನ್ನೂ ಸಿಕ್ಕಿಲ್ಲ ನಂಗದು. ಪುಸ್ತಕ ಕೊನೆಗೂ ಸಿಗ್ದೇ ಹೋದ್ರೆ ಹೇಗಪ್ಪಾ ಅಂತ ಗಾಬ್ರಿ ಆಗ್ತಿದೆ ನಂಗೆ.,Fear
"ಬೆಂಗ್ಳೂರಿಂದ ಮಂಗ್ಳೂರಿಗ್ ಹೋಗೋ  ವಿಸ್ಟಾಡೋಮ್ ರೈಲಲ್ಲಿ ನಾನ್ ನೋಡಿದ್ ಸುಂದರ್ವಾದ್‌ ದೃಶ್ಯಗಳು, ಆ ಪ್ರಕೃತಿ ಎಲ್ಲ ನಂಗೆ ಇನ್ನೂ ಕಣ್ಣಿಗ್‌ ಕಟ್ದ್ ಹಾಗ್ ನೆನ್ಪಿದೆ.",Happiness
ಇದು ಒಂದ್ ಗುಪ್ತ ಗೌರ್ಮೆಟ್ ಸ್ಪಾಟ್ ತರ ಇದೆ !ಹೊಲ್ದಲ್  ಈ ರೀತಿಯ ಊಟದ್  ವ್ಯವಸ್ಥೆನ್  ನಾನ್  ನಿರೀಕ್ಷಿಸಿರ್ಲಿಲ್ಲ - ರುಚಿಯಾದ್  ಮನೆ  ಊಟ್ದೊಂದಿಗೆ ತಾತ್ಕಾಲಿಕ ಪಿಕ್ನಿಕ್ ಏರಿಯಾ !,Surprise
ನೀವು ಆಯ್ಕೆ ಮಾಡಿದ್ದಿದ್ ಕೇಕಿಗೆ ಅದ್ರ  ಸಂಕೀರ್ಣ ವಿನ್ಯಾಸ ಮತ್ತೆ ಕಸ್ಟಮೈಸೇ಼ಷನ್‌ ಆಯ್ಕೆಗಳಿಂದಾಗಿ ಜಾಸ್ತಿ ದುಡ್ಡ್‌ ಕೊಡ್ಬೇಕಾಗತ್ತೆ. ಇದ್ರಿಂದ ನಿಮ್ಗೇನಾದ್ರೂ ತೊಂದ್ರೆ ಆಗಿದ್ರೆ ದಯ್ವಿಟ್ಟು ಕ್ಷಮ್ಸಿ.,Sadness
ಆ ಬುಕ್ಕಿಂಗ್‌ ಗುಮಾಸ್ತ ಬುಕ್‌ ಮಾಡ ಮುನ್ನ ರೊಕ್ಕ ಉಳ್ಯೂ ಹಂಗ ವಿದ್ಯಾರ್ಥಿಗಳ್‌ ಸಲ್ವಾಗಿರ ಡಿಸ್ಕೌಂಟ್‌ ಬಗ್ಗೆ ಹೇಳ್ದಾಗ ನಂಗ ದಂಗಾಯ್ತು.,Surprise
ನನ್ ಬ್ಯಾಗಲ್ಲಿ ಒಂದ್ ಹಲ್ಲಿ ಸೇರ್ಕೊಂಬಿಟಿದೆ. ಏನ್‌ ಮಾಡ್ಲಿ ನಾನೀಗ?,Fear
ಆ ಮೆಕ್ಯಾನಿಕ್‌ ನನ್‌ ಕಾರಿಗೆ ಏನೇನ್‌ ಹೊಸಾದ್‌ ಹಾಕಸ್ಬೇಕಂತೆಲ್ಲಾ ಭಾಳ ಮಸ್ತ್‌ ಹೇಳ್ಯಾನ. ಈಗ್‌ ಅದ್‌ ಏಕ್ದಂ ನಂಗ ಒಪ್ಪಹಂಗಾಗ್ಯಾದ.,Happiness
"ನಾವೇನೊ ಛೊಲೊಛೊಲೊ ಆಫರ್‌ಗಳ್‌ ಕೊಟ್ಟಿರ್ತೀವಿ, ಆದ್ರ ನಮ್‌ ಕಸ್ಟಮರ್ಗಳು ಅದ್ರ ಲಾಭನೇ ತೊಗೊಳಂಗಿಲ್ಲಪಾ.",Sadness
ಕಳ್ರಿಗೆ ಎಷ್ಟ್ ಭಂಡಧೈರ್ಯ ಅಂದ್ರೆ ನಾನಿವತ್ತ್‌ ಬೆಳಗ್ಗೆ ನನ್ ರೂಮಲ್ಲಿರುವಾಗ್ಲೇ ಪಕ್ಕದ್‌ ಬೆಡ್ರೂಮಿಗ್‌ ಬಂದು ಕದ್ಕೊಂಡ್ ಹೋಗಿದಾರೆ.,Disgust
ಆಧುನಿಕ ಸಮಾಜ್ದಲ್ಲಿ ಮಹಿಳೆಯ್ರ ಹಕ್ಕುಗಳ್ಗೆ ಬಿಡಿಗಾಸಿನ್‌ ಕಿಮ್ಮತ್ತೂ ಇಲ್ದಿರೋ ಥರ ಆಗಿರೋದ್‌ ನೋಡುದ್ರೆ ಕೆಂಡಾಮಂಡ್ಲ ಕೋಪ ಬರತ್ತೆ.,Anger
ಲೈಸೆನ್ಸ್ ಪಡ್ಕೊಳಕ್ಕೆ ಅಷ್ಟೆಲ್ಲಾ ಪರೀಕ್ಷೆಗಳು ಮತ್ತೆ ತಪಾಸಣೆಗಳಾಗ್ಬೇಕು ಅಂದ್ರೆ ನಂಗ್‌ ತುಂಬಾ ಗಾಬ್ರಿ. ಇದೊಂದು ದಾಟಕ್ಕಾಗ್ದಿರೋ ದೊಡ್ಡ್ ತಡೆಗೋಡೆ ಅನ್ಸ್‌ಬಿಡತ್ತೆ.,Fear
ರೋಜರ್ ಬ್ಯಾನಿಸ್ಟರ್ ಕಿಕ್ಕಿರ್ದಿರೋ ಯಾವ್ದಾದ್ರೂ ಸ್ಟೇಡಿಯಮ್ಮಲ್ಲಿ ವಿಶ್ವದಾಖಲೆ ಮಾಡ್ತಾರೆ ಅನ್ಕೊಂಡಿದ್ರೆ ಆತ ಒಂದಿನ ಮಳೆ ಬರ್ತಿದ್ದಾಗ ಸಣ್ದೊಂದ್‌ ಗುಂಪಿನ್‌ ಮುಂದೆ ಅಂಥ ಸಾಧ್ನೆ ಮಾಡಿದಾರೆ ಅಂತ ಕೇಳಿ ನಾನ್‌ ಅವಾಕ್ಕಾದೆ.,Surprise
"ಶಿಕ್ಷಣ ಸಚಿವಾಲಯ್ದೋರು ಕಲೆ ಮತ್ತೆ ಸಾಂಸ್ಕೃತಿಕ ಕಾರ್ಯಕ್ರಮಗಳ್ಗೆ ಅಂತ ಕೊಡ್ತಿದ್‌ ಅನುದಾನನ ಕಡ್ಮೆ ಮಾಡಿದಾರಂತಲ್ಲ, ನಾವೇನ್ ಮಾಡ್ಬೇಕಂತೆ ಈಗ, ನಮ್ಗೇನ್‌ ದುಡ್ಡು ಆಕಾಶ್ದಿಂದ ಉದುರುತ್ತಾ?!",Anger
ಈ ರೆಸ್ಟೋರೆಂಟ್‌ಗೆ ಕಾಲಿಡಕ್ಕೇ ಹೆದ್ರಿಕೆ ಆಗತ್ತೆ ನಂಗೆ. ಇಲ್ಲಿನ್ ಇನ್ಫ್ರಾಸ್ಟ್ರಕ್ಚರ್ ಮತ್ತೆ ಇಲ್ಲಿರೋ ಜನ ಭಯಂಕರ್ವಾಗಿದಾರೆ.,Fear
ಐ.ಎಸ್.ಎಸ್.ಗೆ ಗಗನಯಾತ್ರಿನ್ ಕಳ್ಸೋಕೆ ನಾಸಾದ್ ಜೊತೆ ಇಸ್ರೋ ಕೈ ಜೋಡ್ಸಿರೋ ಸುದ್ದಿ ಕೇಳ್ದಾಗ ನಾನ್‌ ಅವಾಕ್ಕಾದೆ.,Surprise
"ನಮ್‌ ಕಾರ್ಯಕ್ರಮ ನಡ್ಯೋ ಹೊತ್ತಲ್ಲಿ ಭಾರಿ ಮಳೆ ಬರುತ್ತೆ ಅಂತ ಕೇಳ್ದೆ,‌ ನಮ್ ಈವೆಂಟ್ ಮ್ಯಾನೇಜರ್ ಅದ್ನ ಹೇಗ್ ನಿಭಾಯಿಸ್ತಾರೋಂತ ತಿಳ್ಕೊಬೇಕು, ಮೊದ್ಲು ಕರೀರಿ ಅವ್ರನ್ನ!",Fear
"ಹತ್ರದ್‌ ಷೋರೂಮಲ್ಲಿದ್ದಿದ್‌ ದೊಡ್ಡ್‌ ಟಿ.ವಿ.ನ ನಮ್ಮನೆಗ್ ತಂದ್ರೆ ಸಖತ್ತಾಗಿರತ್ತೆ ಅಂತ ಅದ್ರ್‌ ಮೇಲ್‌ ನನ್‌ ಕಣ್ಣ್‌ ಬಿದ್ದಿತ್ತು‌, ಆದ್ರೆ ವಾರಂಟಿ ಅಷ್ಟೇನ್‌ ಜಾಸ್ತಿ ಇಲ್ಲ ಅಂತ ಗೊತ್ತಾಗಿ ಆ ಆಸೆ ಕೈಬಿಟ್ಟಿದ್ದಾಯ್ತು.",Sadness
"ಲಾಂಗ್‌ ವೀಕೆಂಡ್‌ ಬ್ಯಾರೆ ಬಂದದ, ಅದ್‌ ಮುಗದ್‌ ಮ್ಯಾಲರೆ ಹುಡುಗ್ರು ಅಂಗ್ಡಿ ಕೆಲ್ಸಕ್ ವಾಪಾಸ್‌ ಬರ್ತಾರೋ ಇಲ್ಲೋ.",Fear
ನಾವ್‌ ಹೋಗಿದ್‌ ಊರಲ್ಲಿ ಬೇರ್ಬೇರೆ ಸ್ವಾದಗಳು ಹದವಾಗ್‌ ಬೆರ್ತಿರೋ ಅಡ್ಗೆನ ಊಟ ಮಾಡಿ ನಂಗಂತೂ ಸಂತೃಪ್ತಿಯಾಯ್ತು.,Happiness
"ನಾ ಯಾವಾಗೇ ಬಂದ್ರೂ ನಿಮ್ ಅಂಗ್ಡಿ ಒಂಚೂರೂ ಶಿಸ್ತ ಇಟ್ಟಿರಂಗಿಲ್ಲಾ ಮತ್‌ ಕಸಾ ಬಿದ್ದಿರ್ತದ, ನಂಗ್ ಹೊಳ್ಳಿಹೋಬಿಡ್ಬೇಕ ಅನ್ಸ್‌ತದ.",Disgust
ಅಬ್ಬಾ ಆ ಕರೆಂಟ್‌ ಸಾಮಾನಿನ್‌ ಅಂಗ್ಡಿಯವ್ರದ್‌ ರಿಟರ್ನ್‌ ಪಾಲಿಸಿ ಭಾಳ ಧಾರಾಳದ; ನಮ್ಗ ಅಷ್ಟ್ ಅವ‌ಕಾಶ್ ಅನ್ನದೇ ಒಂದ್ ಭರೋಸಾ.,Surprise
"ಆ ಕ್ಯಾಂಡಿಡೇಟ್‌ ತನ್ಗಿಷ್ಟ್ ಪಗಾರ ಬೇಕಂತ ಹೇಳತನಾ ನಂಗ, ಅವಾ ತಾ ಬಂದಿರದ್ಕಿಂತ ದೊಡ್‌ ನೌಕ್ರಿ ಹುಡಕ್ಲಿಕತ್ತಾನ ಅಂತ ನಂಗ ಗೊತ್ತೇ ಇರ್ಲಿಲ್ಲಾ.",Surprise
ಆಫೀಸಲ್ಲಿ ಟಾರ್ಗೆಟ್‌ಗಿಂತ ಜಾಸ್ತಿ ಸೇಲ್‌ ಮಾಡಿದ್ದೆ ಅಂತ ನಂಗ್ ಬೋನಸ್‌ ಸಿಕ್ಕಾಗ ಪ್ರಪಂಚಾನೆ ಗೆದ್ದಂಗಾಗಿತ್ತು.,Happiness
"ಇಷ್ಟ್‌ ಕೊಳಕಾಗಿರೋ ರೂಮ್‌ಗಳು, ಕೆಲ್ಸನೇ ಮಾಡ್ದಿರೋ ಎಲೆಕ್ಟ್ರಿಕಲ್‌ ಫಿಟಿಂಗ್ಸ್‌ ಮಧ್ಯೆ ನಿಮ್ ಹೋಟ್ಲಿಗ್‌ ನಾನ್‌ ಬಂದಾಗ್ಲಿಂದ ಎಲ್ಲ ಯಾವ್ದೋ ಕೆಟ್‌ ಕನ್ಸಿನ್‌ ಥರ ಅನ್ಸ್ತಿದೆ.",Anger
ಈ ಫಾರ್ಮಸಿ ಚಾಕ್ಲೇಟ್ಸ್‌ನೂ ಮಾರಾಟ ಮಾಡತ್ತೆ ಅಂತ ನಂಗೊತ್ತಿರ್ಲಿಲ್ಲ!,Surprise
ರಾಷ್ಟ್ರೀಯ ತಂಡಕ್ಕೆ ಆಯ್ಕೆ ಆಗೋದಕ್ಕೆ ದೊಡ್ಡ್‌ ದೊಡ್ಡ್ ಕ್ರೀಡಾಧಿಕಾರಿಗಳ್ಗೆ ಜನ ಹೇಗ್ ಬಕೆಟ್‌ ಹಿಡೀತಿದ್ರು ಅಂದ್ರೆ ಯಪ್ಪ ನೋಡಕ್ಕಾಗಲ್ಲ ನಂಗದ್ನ.. ಚೂರೂ ನಾಚ್ಕೆ ಮಾನ ಮರ್ಯಾದೆ ಏನೂ ಇರಲ್ವಾ ಇವ್ರಿಗೆ?!,Disgust
"ಆರೋಗ್ಯ ಕೇಂದ್ರದಲ್ ಕೊಟ್ಟಿರೋ ಔಷ್ಧಿಗೆ ಅವಧಿ ಆಗೋಗ್ಬಿಟಿದೆ ಅನ್ಸ್ತಿದೆ, ಎಷ್ಟ್‌ ಅಪಾಯ್ಕಾರಿ ಇದು!",Fear
"ಅದೇನ್ ಯಾವಾಗ್ಲೂ ಅಷ್ಟ್ ನೆಗೆಟಿವ್‌ ಆಗೇ ಯೋಚ್ನೆ ಮಾಡ್ತೀಯೋ ನೀನು! ನಿನ್ಜೊತೆ ಇದ್ದೂ ಇದ್ದೂ ನಾನೂ ರೋಸ್‌ಹೋಗಿದೀನಿ, ನನ್‌ ಸ್ನೇಹಿತ ಆಗಿರೋದ್ಕಾದ್ರೂ ಸ್ವಲ್ಪ ಪಾಸಿಟಿವ್‌ ಆಗಿರೋದ್‌ ಕಲ್ತ್‌ಕೋ!",Anger
"‌ಅವ್ ಜೋಡಿ ನಕ್ಷತ್ರ ಅಂತ ಅವ್ರಿಗಿ ಗೊತ್ತಿತ್ತು ಅದಕ್ಕೇ ಲಗ್ನ ಮಾಡ್ಕೊಂಡ್‌ ಮದುಮಕ್ಳಿಗಿ ಅರುಂಧತಿ ನಕ್ಷತ್ರ ತೋರಿಸ ಪದ್ಧತಿ ಮಾಡ್ಯಾರ, ನಮ್ ಹಿರೇರಿಗಿ ಏನ್‌ ಅಗಾಧ ಜ್ಞಾನ್‌ ಇತ್ತಂತಿನಿ.",Surprise
ಕಾಕ್ಸ್ & ಕಿಂಗ್ಸ್‌ನೋರು ಪ್ರವಾಸಕ್ಕೆ ಹಳೇದಾಗಿರೋ ಮತ್ತೆ ಸರ್ಯಾಗಿಲ್ದಿರೋ ಮ್ಯಾಪ್ ಕೊಟ್ಟಿದ್ದಿದ್ದು ನಂಗ್‌ ನಖಶಿಖಾಂತ ಕೋಪ ಬಂದಿತ್ತು.,Anger
ನನ್ಜೊತೆ ಕುಸ್ತಿ ಆಡ್ಬೇಕಾ ನಿಂಗೆ?! ಪಳಗಿರೋ ಪೈಲ್ವಾನ್‌ ಕಣೋ ನಾನು! ನಿನ್ ರಕ್ತ ಸುರ್ಯೋವರ್ಗೂ ಹೊಡೀತಿನಿ ಬಾ.,Anger
"ಬಾಡಿಗೆ ಮನೆಯ ಅಡುಗೆಮನೆನ ನೋಡ್ ಸಂತೋಷ ಮತ್ ಆಶ್ಚರ್ಯ ಆಯ್ತು - ಇದನ್ ನನ್ ಪಿಂಟರೆಸ್ಟ್ ಬೋರ್ಡ್ ಆಧಾರದ ಮೇಲ್ ಡಿಸೈನ್ ಮಾಡಿದ್ದಾರೆ!""",Surprise
ನಾನು ಸೆಕೆಂಡ್ ಹ್ಯಾಂಡ್ ಕಾರ್ ಕೊಂಡ್ಕೊಳೋ ನಿರ್ಧಾರ ಮಾಡಿದ್ದು ತುಂಬಾ ಒಳ್ಳೇದಾಯ್ತು ಅನ್ಸ್ತಿದೆ.,Happiness
"ನೀವ್‌ ಬಳಸ್ತಾ ಇರೋ ಕ್ಲೀನಿಂಗ್‌ ಪ್ರಾಡಕ್ಟ್ಸ್‌ ನೋಡ್ತಿದ್ರೆ ಅವು ಏನೂ ಚೆನಾಗಿಲ್ಲ ಅನ್ಸ್ತಿದೆ, ಎಲ್ಲ ಸರ್ಯಾಗ್‌ ಕ್ಲೀನಾಗತ್ತೋ ಇಲ್ವೋ ಅಂತ ಯೋಚ್ನೆ ನಂಗೆ.",Fear
"ನಂ ಓಣ್ಯಾಗ ಸೋವಿನ್ಯಾಗ್ ಇರೋಂಥ ಮನೀನೇ ಸಿಗಂಗಿಲ್ಲಾ‌, ಕಡ್ಮಿ ಪಗಾರಿರವ್ರ್ ಹೆಂಗ್‌‌ ಅಷ್ಟ್ ರೊಕ್ಕ ಕೊಡೂದ್ ಹೇಳ್‌ ಮತ್ತ.‌ ಅವ್ರೂ ಬಾಳ್ವೆ ಮಾಡ್ಬೇಕೋ ಇಲ್ಲೋ!",Anger
ವಾಹ್!‌ ಅದೆಷ್ಟ್‌ ಬೇಗ ಆಗೋಯ್ತಲ್ವಾ! ನನ್ ಹಣ ಎರಡು ಸೆಕೆಂಡಲ್ಲಿ ವರ್ಗಾವಣೆ ಆಗ್ಬಿಡ್ತು!,Surprise
"ಅವ್ಳು ಸರ್ಯಾದ್ದೊಂದ್ ಜೋಕ್‌ನೂ ಹೇಳ್ತಿರ್ಲಿಲ್ಲ, ಬರೀ ನನ್ನನ್ನ ಗೇಲಿ ಮಾಡ್ತಾ ಇದ್ಲು ಅಷ್ಟೇ.",Sadness
"ನಾವು ಆದಾಯ್ ತೆರಿಗೆ ಸಲ್ಲಿಸ್ದಿದ್ರೆ, ಅಧಿಕಾರಿಗಳು ನಮ್ಗೆ‌ ಭಾರೀ ದೊಡ್ಡ್ ದಂಡನೇ ವಿಧಿಸ್ಬಹುದು.",Fear
ಮಾರುಕಟ್ಟೆ ಸ್ಥಿತಿ ಬಗ್ಗೆ ನಂಗ್ ಚಿಂತೆ‌ ಜಾಸ್ತಿ ಆಗ್ತಿದೆ. ಪರಿಸ್ಥಿತಿ ‌ಇನ್ನೂ ಹದಗೆಟ್ರೆ ಏನ್ಮಾಡೋದು?,Fear
ಬಾಗ್ಲುಗಳು ‌ಕರ್ರೋಮರ್ರೋ ಅಂತ ಶಬ್ದ ಮಾಡ್ತಿದ್ರೆ ನಂಗ್‌ ಭಯಕ್ಕೆ ಕೈಕಾಲೆಲ್ಲ ನಡುಗ್ತಾ ಇವೆ.,Fear
ನಾವ್  ಮನೆ ಅಂತ  ಕರಿಯೋ  ಕತ್ಲೆಲಿ  ನೇತಾಡ್ತಿರೋ  ಸಣ್ ತಿಳಿ ನೀಲಿ ಚುಕ್ಕೆ  ಬಗ್ಗೆ ಕಾರ್ಲ್ ಸಗಾನ್ ಮಾತಾಡೋದನ್  ನೋಡ್ದಾಗ  ನಂಗ್  ರೋಮಾಂಚ್ನ ಆಗುತ್ತೆ.,Happiness
"ನಿಮ್ಗಳಿಂದಾಗಿ ಪ್ರಾಜೆಕ್ಟ್‌ ಕೈ ತಪ್ ಹೋಗಿದ್ಕೆ ಮೇಲ್ನೋರು ನನ್ಮೇಲ್‌ ಕೂಗಾಡ್ತಿದಾರೆ, ನಿಮ್ಮಂಥೋರ್‌ ಟೀಮ್ಗೆ ಮ್ಯಾನೇಜರ್‌ ಆಗಿರೋದ್ಕೆ ನಂಗ್‌ ಹೀಗ್‌ ಆಗ್ಬೇಕಾದ್ದೇ..‌ ಎಲ್ಲ ನನ್‌ ಕರ್ಮ.",Anger
ವಿಳಾಸದ ನಿಖರ್ವಾದ್ ಸ್ಥಳನ ಕಂಡ್ಹಿಡ್ಯೋದ್ರಲ್ಲಿ ಕ್ಯಾಬ್ ಡ್ರೈವರ್‌ ಗೊಂದಲ ಮಾಡ್ಕೊಂಡು ಪ್ರಯಾಣ ಇಡೀ ಸಾಕ್ಸಾಕಾಗೋಯ್ತು ನಮ್ಗೆ.,Disgust
"ಹೇ ಭಾರಿ ಆಯ್ತ್ ಬಿಡ್ರಿ, ನೀವ್‌ ಬರೀ ಗೌಂಡಿ ಅಂತ ನಾ ತಿಳ್ಕೊಂಡಿದ್ದೆ ಆದ್ರ ನೀವ್‌ ರಚನಾಶಕ್ತಿ ಇರ ಗೌಂಡಿ ಅಂತ ನೀವ್‌ ತೋರಸ್ಕೊಟ್ರಿ. ಅಡಗಿಮನ್ಯಾಗಿನ್‌ ಹಳೀ ಟೈಲ್ಸ್ ಜೊತಿ‌ ಮಸ್ತ್ ಹೊಂದಅಂಥ ಹೊಸಾ ಟೈಲ್ಸ್ ಹಾಕೀರಿ.",Surprise
"ಅದ್ಭುತ್ವಾಗಿದೆ ಇದು! ಎಷ್ಟೋ ಕಾಲ ನೆನ್ಪಲ್ ಉಳ್ಯೋಷ್ಟು ಅಂದ್ವಾಗಿ, ರುಚ್ಯಾಗಿರೋ ಕಸ್ಟಮ್‌ ಕೇಕ್‌ಗಳ್ನ ಮಾಡೋದ್ರಲ್ಲಿ ಅವ್ರಿಗೆ ಯಾರೂ ಸಾಟಿ ಇಲ್ಲ ಅನ್ಸತ್ತೆ!",Surprise
"ಅವ್ರ್‌ ತಂದಿದ್ ಕಸ್ಟಮ್-ಮೇಡ್ ಕೇಕ್ ಆ ಸಮಾರಂಭದಲ್ಲಿ ದೊಡ್ಡ್ ಆಕರ್ಷಣೆ ಆಗೋಗಿತ್ತು. ಎಲ್ರಿಗೂ ಅದನ್ನ ನೋಡೋದು, ತಿನ್ನೋದೇ ಒಂದ್‌ ದೊಡ್ಡ್‌ ಬೆರಗು, ಆನಂದ.",Surprise
ಈ ಸಣ್‌ ಮಕ್ಳ ಖಾತಾಕ್‌ ಬ್ಯಾಂಕ್ ಭಾಳ ಛೊಲೊ ಬಡ್ಡಿ ಕೊಡ್ಲಿಕತ್ತದಂತ ನಂಗ ನಂಬ್ಲಿಕ್ಕೇ ಆಗಲ್ದು! ನಾ ಅನ್ಕೊಂಡಿದ್ರಕಿಂತಾ ಇದ್‌ ಜಾಸ್ತಿ ಅದ!,Surprise
ನಂಗ್‌ ಶಾಲೆಲಿ ಅಷ್ಟ್‌ ಆತ್ಮೀಯ್ರಾಗಿದ್ ಸಹಪಾಠಿಗಳ್ನೆಲ್ಲ ೩೫ ವರ್ಷಗಳಾದ್ಮೇಲೆ ಭೇಟಿ ಮಾಡ್ತಿದೀನಿ ಅನ್ನೋದ್ನ ಯೋಚ್ಸುದ್ರೇ ಪುಳಕ ಆಗ್ತಿದೆ.,Happiness
"ಅವ್ರು ಪ್ರತೀ ವಸ್ತುನೂ ಅದ್ರ್ ಮೂಲ ಬೆಲೆಗಿಂತ ದುಪ್ಪಟ್ಟ್ ಬೆಲೆಗೆ ಮಾರಾಟ ಮಾಡ್ತಾ ಇದಾರೆ. ಏನ್‌ ಕೇಡ್ಗಾಲ ಬಂದಿದೆ ಅವ್ರಿಗೆ! ಥು, ಅಸಹ್ಯನಪ ಇದೆಲ್ಲ!",Disgust
ಪ್ರವಾಸಿಗ್ರಿಗೆ ಕನ್ನಡ ಬರಲ್ಲ ಅಂತ ಕರ್ನಾಟಕ್ದಲ್ಲಿ ಅವ್ರ್ ಜೊತೆ‌ ಒರ್ಟಾಗ್ ನಡ್ಕೊಂಡಿರೋ ಕೆಲ್ವು ಸ್ಥಳೀಯ್ರ ವರ್ತನೆ ನಿಜಕ್ಕೂ ಹೀನಾಯ್‌ವಾದ್ದು.,Disgust
ಭಾರತೀಯ್ ಕ್ಯಾಪ್ಟನ್‌  ಔಟ್ ಎಂದ್  ಹೇಳ್ದ ಮೇಲೂ   ಸ್ಟಂಪ್ ಅನ್  ಮುರ್ದಾಗ ಅವ್ರ ಕಳಪೆ ಕ್ರೀಡಾ ಮನೋಭಾವನ್  ಕಂಡ್  ನಂಗ್  ದಿಗ್ಭ್ರಮೆ ಆಯ್ತು.,Disgust
ಉಕ್ರೇನ್‌ ಆದ್ಮೇಲೆ ರಷ್ಯಾ ಪೋಲೆಂಡ್ ಮೇಲ್ ದಾಳಿ ಮಾಡೋ ಸಾಧ್ಯತೆಯಿದೆ ಅಂತ ಓದಿ ನಂಗೆ ತಲೆಯೆಲ್ಲ ಕೆಟ್ಟು ಮೊಸ್ರು ಗಡಿಗೆ ಆಗ್ಹೋಯ್ತು.,Surprise
"ಛೇ! ನಾನ್ ವೆಬ್‌ಸೈಟಲ್ಲಿ ಈ ಪುಸ್ತಕನ ಪ್ರೀ-ಆರ್ಡರ್ ಮಾಡಕ್ ಪ್ರಯತ್ನ ಪಟ್ಟಾಗ್ಲೆಲ್ಲ, ನಂಗೆ ಔಟ್-ಆಫ್-ಸ್ಟಾಕ್ ಅಂತ ಸಂದೇಶ ಬರ್ತಾ ಇದೆ.",Sadness
ಜೋರ್‌ ಮಳಿ ಸಿಡಲು ಗುಡಗ್‌ವಾಗ ಅದ್ರಾಗ್ ಸಿಕ್‌ಬೀಳದ್‌ ನೆನಸ್ಕೊಂಡ್ರ ಕೈಕಾಲೇ ಥಣ್ಣಗಾಗ್ತಾವ.,Fear
ಬೇರ್ಯೋರ್ನೆಲ್ಲ ಇವ್ರಿಗ್‌ ಬೇಕ್‌ಬೇಕಾದ್‌ ಹಾಗೆ ಹೊರಹಾಕಿ ತಾವ್‌ ಮಾತ್ರ ಮಂಕಡಿಂಗ್ ಬಗ್ಗೆ ದೂರೋ ಆಸ್ಟ್ರೇಲಿಯಾ ಮತ್ತೆ ಇಂಗ್ಲಿಷ್ ಕ್ರಿಕೆಟ್ ಆಟಗಾರ್ರೂಂದ್ರೆ ನಂಗೊಂಚೂರೂ ಆಗಲ್ಲ.,Disgust
ಅಲ್ಲಿ ನನ್‌ ಮಗಂಗ್ ನನ್‌ ಜರೂರತ್‌ ಭಾಳ ಇದ್ದಾವಾಗ್ಲೇ ನಾ ಅವನ್‌ ಜತಿ ಇರ್ಲಿಲ್ಲಲ ಅಂತ ಜೀವ ಚುರುಚುರು ಅನ್ಲಿಕತ್ತದ ನಂಗಿಲ್ಲಿ.,Sadness
"ಹಿಂದೂ ಪತ್ರಿಕೆ ಕಮ್ಯುನಿಸ್ಟ್ ಆಗಿರೋದು ಸ್ಪಷ್ಟವಾಗ್‌ ಗೊತ್ತಾಗತ್ತೆ, ಅಂಗೈ ಹುಣ್ಣಿಗೆ ಕನ್ನಡಿ ಬೇಕಾ? ಅದಿನ್ನು ಸ್ವತಂತ್ರ ಪತ್ರಿಕೋದ್ಯಮನ ಪ್ರತಿನಿಧಿಸೋಕೆ ಸಾಧ್ಯ ಇಲ್ಲ.",Disgust
ಯವ್ವಾ ಈ ಹೋಟೆಲ್ ಇಸ್ತ್ರಿ ಮನಷಾ ನನ್‌ ಕಾನ್ಫರೆನ್ಸ್ ಬಟ್ಟಿ ಜಲ್ದಿ ತಂದ್ಕೊಡ್ತಾನೋ ಇಲ್ವೋ ಅಂತ ನಂಗ ಕಳವಳ ಆಗ್ಲಿಕತ್ತದ. ಇನ್ನಾತನಾ ಯಂದೂ ವ್ಯಾಳಿ ಮ್ಯಾಲ್ ಬಟ್ಟಿಕೊಡದ್ ಅವ್ನಿಗಿ ಗೊತ್ತೇ ಇಲ್ಲ .,Fear
ಸೇನಾನೆಲೆ ಮೇಲೆ ಯು.ಎಫ್.ಒ. ಸುಳ್ದಾಡ್ತಾ ಇರೋದ್ನೋಡಿ ನಂಗ್‌ ಮೈಯೆಲ್ಲ ಮರಗಟ್ಟಿದ್‌ ಹಾಗಾಗೋಯ್ತು.,Surprise
ಯಾನ್ನಿದು ಸಂಗೀತ್‌ ಕೇಳಿ ಭಾಳ ಹಿತಾ ಅನಸ್ತದ ಇಡೀ ದಿವ್ಸ್‌ ಮನ್ಸಿಗಿ ಹಗೂರ ಇರ್ತದ.,Happiness
"ಈ ವಿಷ್ಯದಲ್ಲಿ ನೀವ್ ನಂಗೆ ಸಹಾಯ ಮಾಡ್ದೇ ತಪ್ಪಿಸ್ಕೊಳಕ್ಕೇ ನೋಡ್ತೀರಾ ಅಂತ ಮೊದ್ಲೇ ಗೊತ್ತಾಗ್ಬೇಕಿತ್ತು ನಂಗೆ, ಹೋಗ್ಹೋಗಿ ನಿಮ್ಮನ್‌ ನಂಬ್ಕೊಂಡಿದ್ನಲ.. ಛೇ!",Disgust
ಎಂಜಿನ್ ರನ್‌ ಆಗ್ತಿರುವಾಗ್ಲೇ ಡ್ರೈವರ್‌ ಕಾರಿಗೆ ಪೆಟ್ರೋಲ್ ತುಂಬಿಸ್ತಾ ಇದಾನೆ. ನಾವು ಕಾರಿಂದ ಇಳ್ದು ಓಡಿದ್ರೆ ಒಳ್ಳೇದೇನೋ ಅಲ್ವಾ? ಕಾರ್ ಸ್ಫೋಟ ಆಗತ್ತೆ ಅನ್ಸ್ತಿದೆ ನಂಗೆ.,Fear
ಪಿ.ಯು. ಓದಾಕ ನಂಗ್ ಸ್ಕಾಲರ್‌ಷಿಪ್‌ ಸಿಕ್ಕೈತಿ.,Happiness
ನನ್ ದಿನಸಿ ವಸ್ತುಗಳ್ನೆಲ್ಲ ಈ ಸ್ಮಾರ್ಟ್ ರೆಫ್ರಿಜರೇಟರ್ ಟ್ರ್ಯಾಕ್ ಮಾಡುತ್ತೆ ಅಂತ ನಾನ್‌ ಕನ್ಸಲ್ಲೂ ಅನ್ಕೊಂಡಿರ್ಲಿಲ್ಲ.,Surprise
ಏನೂ ತಲೆಬಿಸಿ ಇಲ್ದೇ ಮನೆಯೆಲ್ಲ ಕ್ಲೀನಾಗತ್ತೆ ಅನ್ಕೊಂಡಿದ್ರೆ ಇದೊಂದ್‌ ಕಹಿ ಅನುಭವ ಆಗೋಯ್ತು ನಂಗೆ.. ಮನೆ ಇನ್ನೂ ಇಷ್ಟ್‌ ಗಲೀಜಾಗೇ ಇದೆ.,Disgust
ನೀವ್ ಸುಮ್ನೆ ಕೆಲ್ಸನ್ ಎಳೀತಾ ಇದ್ದೀರಿ  ಇದ್ರಿಂದ್ ನನ್ ಸಮ್ಯ ಮತ್ ಹಣನು  ಖರ್ಚು ಆಗ್ತಿದೆ;  ನಿಮ್ ಕೆಲ್ಸನೇ ಮುಂದ್ ಹೋಗ್ತಾ ಇಲ್ಲ ಅಂತ ನಂಗ್ ಸಿಟ್ ಬರ್ತಾ ಇದೆ.  ನೀವು ಮೇಸ್ತ್ರಿ ಹೌದೋ ಅಲ್ವೋ ಅಂತ ನಂಗ್ ಅನುಮಾನ ಬರ್ತಾ ಇದೆ.,Anger
ಆ ಕ್ಲೈಂಟ್ ಕಡೆಯೋರು ಎಲ್ಲಾ ಮಾಹಿತಿ ಕೊಡ್ದೆ ಟೆಕ್ನಿಕಲ್ ವೈಟ್ ಪೇಪರ್ನ ನಾನ್‌ ಬರ್ದ್ ಮುಗಿಸ್ಬೇಕೂಂತ ನಿರೀಕ್ಷಿಸ್ತಾರೆ ಅಂತ ನಾನ್‌ ಅನ್ಕೊಂಡಿರ್ಲಿಲ್ಲ.,Surprise
ನಂಗ್‌ ಬಂದಿರೋ ಮಾರ್ಕ್ಸ್‌ ನೋಡುದ್ರೆ ನಂಗಿಷ್ಟ ಇರೋ ಯಾವ್‌ ಕಾಲೇಜಲ್ಲೂ ನಂಗ್‌ ಬೇಕಾಗಿರೋ ಕೋರ್ಸ್‌ಗೆ ಸೀಟ್‌ ಸಿಗೋ ಪ್ರಶ್ನೆನೇ ಇಲ್ಲ.. ನನ್‌ ಮೇಲ್‌ ನಂಗೇ ಕೆಟ್ಟ್‌ ಕೋಪ ಬರ್ತಿದೆ.,Anger
ಅಯ್ಯೋ ಇದ್ ನನ್‌ ಕೈಲಾಗಲ್ಲಪ್ಪ.. ನನ್‌ ಟೀಮ್ನೋರ್ಗೆ‌ ಈ ಸಲ ಅವ್ರ್‌ ಬೋನಸ್ಸೆಲ್ಲ ಕಡ್ಮೆ ಇರತ್ತೆ ಅಂತ ಹೇಳುದ್ರೆ ಅವ್ರ್‌ ಕೆಲ್ಸನೇ ಬಿಟ್ಹೋಗ್ತಾರೇನೋ.,Fear
"ಜನ ರಸ್ತೆಲಿ ರಾಂಗ್‌ ಸೈಡಲ್ಲ್ ಡ್ರೈವ್‌ ಮಾಡೋದೂ ಅಲ್ದೇ ಅದ್ನ ಸಮರ್ಥ್ನೆ ಬೇರೆ ಮಾಡ್ಕೊತಾರೆ, ನಾಚಿಕ್ಗೆಟ್ಟೋರು!",Disgust
ಪ್ರತಿ ಸರ್ತಿ ನಾನ್ ಸಿನ್ಮಾ ದಲ್ಲಿನ್  ಪಾತ್ರಕ್ಕಾಗಿ ಆಡಿಷನ್ ಕೊಟ್ಟಾಗ  ನಾನ್ ಎನರ್ಜಿ ಮತ್ ಉತ್ಸಾಹದಿಂದ್  ಇರ್ತೇನೆ. ಒಬ್ ನಟನಾಗಿ,Happiness
"ನಾನ್‌ ತುಂಬಾ ಮೆಚ್ಕೊಳೋ ಅಂಥೋರು ಕಷ್ಟದಲ್ಲಿರೋದ್ ನೋಡಕ್ಕೆ ಮನ್ಸಿಗ್‌ ತುಂಬಾ ನೋವಾಗತ್ತೆ, ಅದ್ರಲ್ಲೂ ನೀವು ನಿಮ್‌ ವೃತ್ತಿಲಿ ಅಷ್ಟೆಲ್ಲ ಸಾಧ್ನೆ ಮಾಡಿರುವಾಗ, ಹೀಗಾಗ್ಬಾರ್ದಿತ್ತು.",Sadness
"ನಾ ಹುಡಕ್ಲಿಕ್ಕಿ ಶುರುಮಾಡಿ ಎರಡೇ ವಾರಕ್ಕ ಆ ಅಂಗ್ಡಿ ಜಾಗ ಬಾಡ್ಗಿ ಸಿಕ್ತು, ಆದ್ರ ಅದ್ರಾಗ ಇಂಟರ್ನೆಟ್‌ ಮತ್ ಬ್ಯಾರೆ ವ್ಯವಸ್ಥಾ ಯೆಲ್ಲಾ ಸೇರಸ್ತಾರಂತ ನಾ ಅನ್ಕೊಂಡಿರ್ಲಿಲ್ಲಾ.",Surprise
"ಈಗ ನನ್ ಖಾತೆನ ಮುಚ್ಚಿ ಅಷ್ಟೇ, ಇಲ್ದಿದ್ರೆ ನನ್‌ ಸಂಕ್ಟ, ಕೋಪ, ಉರಿ ಎಲ್ಲ ನಿಮ್ ದೊಡ್ಡ್‌ ಮೇಲಧಿಕಾರಿವರ್ಗೂ ಹೋಗತ್ವೆ.",Anger
ಬೆಳಿಗ್ಗೆನೆ  ಸಿಲಿಂಡರ್ ಸಿಕ್ರೆ ಚೆನ್ನಾಗಿರ್ತಿತ್ತು. ಯಾಕಂದ್ರೆ ಅದ್ ಬರೋದ್ ಏನಾರು ಸ್ವಲ್ಪ ತಡವಾದ್ರೂ ನಾನ್ ಬೆಳಗಿನ ಉಪಹಾರಕ್ ಹೋಗಿರ್ತೇನೆ .,Surprise
"ಆ ಸೈಕಲ್‌ ಅಂಗ್ಡಿಗ್ಹೋಗಿ ಇನ್ನಾ ಐದ್ ನಿಮಿಷಾಗಿರ್ಲಿಲ್ಲಾ‌ ಅಷ್ಟ್‌ ಜಲ್ದಿ ನನ್‌ ಬಜೆಟ್‌ನ್ಯಾಗ ಒಂದ್‌ ಮಸ್ತ್‌ ಬೈಕ್‌ ಸಿಕ್ತು, ಹಿಂಗಾಗ್ತದಂತ ನಾ ಕನಸ್ನಾಗೂ ಅನ್ಕೊಂಡಿರ್ಲಿಲ್ಲಾ.",Surprise
ತಲೆ ಸರಿ ಇರೋರ್‌ ಯಾರಾದ್ರೂ ಗುಲಾಬಿ ಬಣ್ಣದ್ಮೇಲೆ ಹಸ್ರು ಚುಕ್ಕಿ ಇರೋ ಕಾರ್‌ ಓಡ್ಸಕ್‌ ಇಷ್ಟಪಡ್ತಾರಾ? ವ್ಯಾಕ್!,Disgust
"ನಾಜ್ಕಾ಼ ಪ್ರಸ್ಥಭೂಮಿಲಿ ನಂಗ್ ಏನೂಂತ ಅರ್ಥನೇ ಆಗ್ದಿರೋ ಥರದ್ ಚಿತ್ರವಿಚಿತ್ರ ರೇಖಾಚಿತ್ರಗಳಿದಾವೆ, ದೊಡ್ಡ ವಿಸ್ಮಯ ಅದೊಂಥರ!",Surprise
"ಯಲಗಿರಿಲಿ ಈ ಹೋಟ್ಲಿನ್ ಏ.ಸಿ. ಸರ್ಯಾಗ್ ಕೆಲ್ಸ ಮಾಡ್ತಾ ಇಲ್ಲ, ನಂಗ್‌ ಸೆಖೆ ತಡ್ಕೊಳಕ್ಕಾಗ್ದೇ ಕೋಪಕ್ಕೆ ತಲೆ‌, ಮೈಯೆಲ್ಲ ಕೆಂಡ ಆಗ್ತಿದೆ.",Anger
"ನಿಮ್ ರಿಟರ್ನ್ ಮಾಡೋ ಪ್ರಕ್ರಿಯೆನ ಸುಮ್ನೆ ಇಷ್ಟೆಲ್ಲ ಗೋಜಲು ಮಾಡಿಟ್ಟಿದೀರಿ, ಇದ್ರಿಂದಾಗಿ ಎಲ್ರದ್ದೂ ಎಷ್ಟೊಂದ್ ಸಮಯ ವ್ಯರ್ಥ ಆಗತ್ತೇಂತ ಚೂರಾದ್ರೂ ಅಂದಾಜಿದ್ಯಾ ನಿಮ್ಗೆ?!",Anger
"ನಾ ಭಾಳ ಮಂದಿ ಅಡ್ಯಾಡ್ಕೋಂಡ ಕಳೆಕಳೆಯಾಗ್ ಇರ ವಂದ್‌ ಓಣ್ಯಾಗ ನಂದೇ ಸಣ್‌ ಬೇಕ್ರಿ ಇಡ್ಬೇಕಂತ‌ ಕನಸ್‌ ಕಾಣ್ಕೋತಿರ್ತಿದ್ದೆ, ಆದ್ರೆ ಅಂಥಲ್ಲಿ ಪೂರಾನೇ ಕಾಲಿಡ್ಲಿಕ್‌ ಆಗ್ಲಾರ್ದಷ್ಟ್‌ ಸಣ್‌ ಜಾಗಾ ಸಿಗಲಿಕತ್ತಾವ, ಬ್ಯಾರೆ ಓಣ್ಯಾಗ ನೋಡಮಂದ್ರ ಅಲ್ಲೇನ್‌ ವ್ಯಾಪಾರೇ ಆಗಹಂಗ್ ಕಾಣಸಲ್ಲಾ.",Sadness
ಅಮೆರಿಕದಲ್ಲಿ ನನ್ ಸ್ನೇಹಿತನ್ ಇ.ವಿ. ಕಾರು ಏನೂ ಸದ್ದೇ ಇಲ್ದಂಗೆ ಎಷ್ಟ್ ಹಿತ್ವಾಗಿತ್ತು ಅಂದ್ರೆ ಅದ್ರಲ್ಲ್‌ ತಿರ್ಗಾಡಿದ್ದೆಲ್ಲ ಒಂಥರ ಕನ್ಸಿನ್‌ ಹಾಗಿತ್ತು.,Happiness
ಅಬ್ಬಾ! ಕೆಲ್ವು ಹೂಡಿಕೆದಾರ್ರು ಅದೆಷ್ಟ್ ರಿಸ್ಕ್ ತಗೊಳಕ್ಕೂ ಸಿದ್ಧವಾಗಿರ್ತಾರಲ ಅದ್ಹೇಗೇಂತ ನಂಗಂತೂ ಆಶ್ಚರ್ಯ ಆಗುತ್ತೆ.,Surprise
"ವಿಮಾನ್ದಲ್ಲಿ ನನ್ಹಿಂದೆ ಕೂತಿದ್ದೋನು ನನ್‌ ಸೀಟ್‌ನ ಒದಿತ್ತಾನೇ ಇದ್ದ, ‌ನಾನೂ ನೋಡೋಷ್ಟ್ ನೋಡಿ ಆಮೇಲ್‌ ಚೆನ್ನಾಗ್‌ ಬೈದಾಕ್ದೆ ಅವ್ನಿಗೆ.",Anger
ನನ್ ಮಗುವಿನ್ ಉತ್ಸಾಹ ಮತ್ ಸಂಗೀತ ಆಸಕ್ತಿನ್  ಅಭ್ಯಾಸ ತರ್ಗತಿ ಸಮ್ಯದಲ್ ನೋಡ್ ನಂಗ್ ತುಂಬಾ ಸಂತೋಷ ಆಯ್ತು.,Happiness
ಚಾಲೆಂಜರ್ ನೌಕೆ ಟೇಕಾಫ್ ಆಗಿದ್ ಸ್ವಲ್ಪ ಹೊತ್ತಲ್ಲೇ ಸ್ಫೋಟ ಆಗಿ ಪಾಪ ಅದ್ರಲ್ಲಿದ್ ಗಗನಯಾತ್ರಿಗಳೆಲ್ಲ ತೀರ್ಕೊಂಡ್ಬಿಟ್ರು.. ದೇಶಕ್‌ ದೇಶನೇ ಕಣ್ಣೀರಿಡ್ತಿದೆ.,Sadness
ದಾಳಿಂಬೆ ಮಧುಮೇಹಕ್ಕೆ ಒಳ್ಳೇದೋ ಅಲ್ವೋ ಅಂತ ನಂಗ್‌ ಹೇಗ್‌ ಗೊತ್ತಾಗ್ಬೇಕು?!,Anger
ಈ ವಾರದ್ ಷೋನಲ್ಲಿ ಮಾಡೆಲ್‌ಗಳ್ಗೆ ನಾನ್‌ ಸಿದ್ಧಪಡ್ಸಿದ್‌ ಬಟ್ಟೆಗಳ್ನ ಹಾಕ್ಸೋದಕ್ಕೆ ಅವ್ಕಾಶ ಕೊಡ್ತೀನಿ ಅಂತ ಮ್ಯಾನೇಜರ್ ಹೇಳಿದ್ದು ಸಿಕ್ಕಾಪಟ್ಟೆ ಖುಷಿ ಆಗಿದೆ ನಂಗೆ.,Happiness
ಜನಸಾಮಾನ್ಯರ್ಗೆ ಕೈಗ್‌ ಎಟುಕ್ದೇ ಇರೋ ಥರ ಬೇಕ್ಬೇಕೂಂತ್ಲೇ ಆ ಕಂಪ್ನಿ ಔಷ್ಧಿಗಳ್ದೆಲ್ಲ ಬೆಲೆ ಜಾಸ್ತಿ ಮಾಡಿರೋದು ನಿಜಕ್ಕೂ ಹೀನಾಯ.,Disgust
ಚೆನ್ನೈಯಲ್ಲಾದ್ ಕಾನ್ಸರ್ಟಲ್ಲಿ ಯಾನ್ನಿ ಎರಡು ಕೀಬೋರ್ಡ್ಗಳ್ನ ಒಟ್ಗೆ ನುಡಿಸ್ತಿದ್ದಿದ್‌ ನೋಡಿ ನಂಗಂತೂ ದಿಗ್ಭ್ರಮೆ ಆಗೋಯ್ತು.,Surprise
"ಕಂಪನಿ ನಿಮ್ಗೆ ಪರಿಹಾರ ಕೊಡ್ದಿದ್ರೆ, ಇನ್ನು ನೀವು ಅವ್ರ್‌ ಉತ್ಪನ್ನನ ಮಾರಾಟ ಮಾಡೋದ್ರಲ್ಲಿ ಅರ್ಥ ಇಲ್ಲ, ನಂಬ್ದೋರ್ಗೆ ಹೀಗ್‌ ಮೋಸ ಮಾಡಕ್ಕೆ ಹೇಗಾದ್ರೂ ಮನ್ಸ್ ಬರತ್ತೋ ಅವ್ರಿಗೆ, ಥು.",Disgust
"ನಾ ಮತ್‌ ನನ್‌ ದೋಸ್ತ ತಿಂಗ್ಳಿಗೊಮ್ಮಿ ಭೆಟ್ಯಾಗಿ ಇಲ್ಲಿಂದ್‌ ಒಂದ್‌ ಹೋಟಲ್‌ನ್ಯಾಗ ನಾಷ್ಟಾ ಮಾಡ್ತೀವಿ, ಇದ್‌ ನಂಗ ಭಾಳ ಸೇರ್ತದ.",Happiness
ಪ್ರಾಜೆಕ್ಟ್‌ ವಿಫಲ ಆಗಿದ್ದಕ್ಕೆ ಲೀಡರ್‌ ತಗೊಂಡಿದ್‌ ಕ್ರಮಗಳೇ ಕಾರಣ ಅಂದ್ಮೇಲೆ ಅವ್ನೇ ಅದ್ರ ಜವಾಬ್ದಾರಿ ತಗೋಬೇಕು ಅಂತ ನಾನ್ ಯಾವ್ದೇ ಮುಲಾಜಿಲ್ದೇ ನೇರ್ವಾಗ್ ಹೇಳಿದೀನಿ.,Anger
ನನ್‌ ಮಗನ್‌ ಹೆಸ್ರನ್ಯಾಗೊಂದ್‌ ಖಾತಾ ತಗಸ್ಬೇಕಂತ ಮಾತಾಡಿದ್ಮ್ಯಾಲ ನಂಗ ರೊಕ್ಕದ್‌ ಸಂಬಂಧ್ ಅವನ್‌ ಭವಿಷ್‌ ಹೆಂಗಪಾ ಅಂತ ಚಿಂತ್ಯಾಗ್ಲಿಕತ್ತದ.,Sadness
ನಮ್ ಪರೀಕ್ಷಾದ್‌ ಸಿಲೆಬಸ್ಸೇ ನಂಗ್ ತಿಳೀವಲ್ದು.,Fear
"ಫೈನಾನ್ಸಿಯಲ್ ಇಯರ್ ಎಂಡ್ ಆಗ್ತಾ ಇದ್ ಹಾಗೆ, ನಾವ್ ಎದುರಿಸಿದ ಆರ್ಥಿಕ ಸವಾಲುಗಳ್  ಭಾರವು ತೆರಿಗೆ ಸಿದ್ಧತೆನ್  ನಿಭಾಯಿಸೊ  ನನ್ ಪ್ರೇರಣೆಯ ಮೇಲೆ ಪರಿಣಾಮ ಬೀರ್ತಾ ಇದೆ.",Sadness
ಪೂರಾ ಹಣ್ಣಾಗಿರ ಟೊಮ್ಯಾಟೊ ಎಷ್ಟ್ ಛಂಧ ಇರ್ತದಲಾ ನೋಡಿದ್ರೇ ಖುಷ್‌ ಆಗ್ಬಿಡ್ತದ.,Happiness
ನೀವ್ ಕೇಳಿದ್ರಿ ಅಂತ ಅಲ್ಲಲ್ಲೇ ಐಡಿಯಾಗಳ್ನ ಯೋಚ್ಸಿ ಹೇಳ್ಬೇಕು ಅಂದ್ರೆ ನನ್ ಕೆಲ್ಸ ಅದಲ್ಲ.,Anger
"ನನ್ ಮಗಾ ಫುಟ್ಬಾಲ್ ಏನ್ ಆಡಂಗಿಲ್ಲ ಆದ್ರೂ ಆ ಆಟದ್ ಬಗ್ಗೆ ಎಷ್ಟ್ ತಿಳಕೊಂಡಾನ, ಭಾಳ ಮಾಹಿತಿ ಇಟ್ಟಾನವ.",Surprise
ಬಿಲ್ಡಿಂಗ್ ಅಸೋಸಿಯೇಷನಲ್ಲಿ ನಾನಷ್ಟ್ ಕಠಿಣ್ವಾದ್ ನಿರ್ಧಾರ ತಗೊಂಡ್ಮೇಲೆ ಬೇರೇವ್ರೆಲ್ಲ ನನ್ ಬಗ್ಗೆ ಏನ್ ಅನ್ಕೊತಾರೋ ಅಂತ ನಂಗ್ ಆತಂಕ ಆಗ್ತಿದೆ.,Fear
ನೀವು ನಾಳೆ ಬೇರೆ ಯಾವ್ದಾದ್ರೂ ರೆಸ್ಟೋರೆಂಟ್ ಹುಡುಕ್ಕೋಬಹುದು. ಇನ್ಯಾವತ್ತೂ ಇಲ್ಲಿಗ್ ಬರ್ಬೇಡಿ.,Anger
ನೀವ್ ಸರ್ಯಾಗ್ ರೆಸ್ಟ್ ಮಾಡ್ಲಿಲ್ಲ ಅಂದ್ರೆ ಅದ್ರಿಂದ ನಿಮ್ ಬೆನ್ನಿನ್ ಮೇಲೆ ಕೆಟ್ ಪರಿಣಾಮ ಆಗತ್ತೇನೋ ಅಂತ ನಂಗ್ ಆತಂಕ ಆಗ್ತಿದೆ.,Fear
"ನಾನ್ ಎಂ.ಆರ್.ಟಿ.ಎಸ್. ನಿಲ್ದಾಣ್ದಿಂದ ಹೊರಗ್ ಬಂದ್ರೆ ಅಲ್ಲ್ ಎದ್ರುಗಡೆ ರಸ್ತೆ ಮೇಲೆ ಒಂದ್ರಾಶಿ  ಕಸ, ಹೊಲ್ಸು ಚೆಲ್ಲಾಡಿದ್ದಿದ್ ನೋಡಿ ನಂಗ್ ವಾಂತಿ ಬಂದ್ಬಿಡ್ತು.",Disgust
"ಇಲ್ಲಿ ವಾತಾವರಣ ಚೂರೂ ಚೆನ್ನಾಗಿಲ್ಲ.. ಯಾವ್ದೇ ಸಭೆಗಳಿಲ್ಲ, ಕೂಟಗಳಿಲ್ಲ, ನಗುಮುಖಗಳೂ ಇಲ್ಲ. ಇಲ್ಲಿರೋ ಜನ ಎಲ್ಲ ದುಃಖದಲ್ಲ್ ಮುಳ್ಗಿರೋರ್ ಥರ ಕಾಣಿಸ್ತಿದಾರೆ.",Sadness
"ಈ ರೆಸ್ಟೋರಂಟ್ ಸರ್ವಿಸ್ನೋರು ಅದೆಷ್ಟ್ ಗಮನ ಕೊಟ್ಟು, ಭಾಳ ಕಾಳಜಿಯಿಂದ ಎಲ್ಲ ವ್ಯವಸ್ಥೆನೂ ನೋಡ್ಕೊಂಡ್ರು ಅಂದ್ರೆ ನಂಗಂತೂ ಈಗ್ಲೂ ಆಶ್ಚರ್ಯ ಅನ್ಸತ್ತದು. ಬಂದೋರ್ಗೆ ಒಳ್ಳೆ ಊಟ ಮಾಡಿದ್ ತೃಪ್ತಿ ಸಿಗ್ಬೇಕು, ಇಲ್ಲಿಗ್ ಬಂದಿದ್ದಿದ್ದು ಅವ್ರಿಗ್ ನೆನ್ಪಲ್ಲ್ ಉಳ್ಯೋ ಹಾಗಾಗ್ಬೇಕು ಅಂತ ಇವ್ರು ತಮ್ ಕೈಮೀರಿ ಪ್ರಯತ್ನ ಪಡ್ತಾರೆ.",Surprise
ಪ್ರಾಡಕ್ಟ್ನ ಕ್ಲೈಂಟಿಗ್ ಕಳ್ಸಕ್ಕಾಗ್ದ್ ಹಾಗೆ ಏನೇನೋ ಸಮಸ್ಯೆಗಳಾಗಿವೆ ಅನ್ನೋದ್ನ ನಮ್ ಮ್ಯಾನೇಜರ್ರು ನಂಗ್ ಮೊದ್ಲೇ ಹೇಳ್ದೇ ಕೊನೇ ಕ್ಷಣದಲ್ ಬಾಯ್ಬಿಟ್ಟಿದ್ದು ನಂಗ್ ತುಂಬಾ ರೇಗ್ಹೋಯ್ತು.,Anger
ನಾನ್ ಆಂಟಿಬಯೋಟಿಕ್ ಅಷ್ಟೇ ಕೇಳ್ತಿರೋದು! ಅದುಕ್ಯಾಕ್ ಡಾಕ್ಟ್ರು ಪ್ರಿಸ್ಕ್ರಿಪ್ಷನ್ ಬೇಕು ನಂಗೆ?,Anger
"ಅವ್ಳು ಸರ್ಯಾದ್ದೊಂದ್ ಜೋಕ್ನೂ ಹೇಳ್ತಿರ್ಲಿಲ್ಲ, ಬರೀ ನನ್ನನ್ನ ಗೇಲಿ ಮಾಡ್ತಾ ಇದ್ಲು ಅಷ್ಟೇ.",Sadness
ತೊಂದ್ರೆಲಿರೋ ಈ ಪ್ರಾಜೆಕ್ಟ್ಗೆ ಸಹಾಯ ಮಾಡೋಕ್ಕಂತ್ಲೇ ಸಿ.ಇ.ಒ. ಇವತ್ತೇ ವಿಮಾನ್ದಲ್ಲ್ ಬರ್ತಾ ಇರೋದು ನಿಮ್ಗ್ ಗೊತ್ತಿರ್ಲಿಲ್ವಾ?!,Surprise
"ಹವಾಮಾನ ಸರಿಯಿಲ್ದಿರೋದ್ರಿಂದ ಪ್ರವಾಸ ರದ್ದ್ ಆಗಿರೋದ್ನ ನಮ್ಗ್ ಹೇಳೋ ತೊಂದ್ರೆನೂ ತಗೊಂಡಿಲ್ಲ ಅವ್ರು, ಎಷ್ಟ್ ಧಿಮಾಕಿರ್ಬೇಕ್ ಅವ್ರಿಗೆ!",Anger
"ಅರೆರೇ! ನನ್ ಇಬ್ರು ಮಕ್ಳು ನೃತ್ಯ ಸ್ಪರ್ಧೆಲ್ ಭಾಗ್ವಹಿಸಿದ್ರು, ಅದ್ರಲ್ ಗೆದ್ದು ಇಬ್ರಿಗೂ ಬಹುಮಾನ ಬಂದ್ಬಿಟಿದೆ!",Surprise
ಇದ್ನೂ ಕಟ್ಟಸ್ಕೋತ ಮನಿಮಂದಿದು ವಾಡಕಿ ಕೆಲ್ಸಾನೂ ಸರಳ ಆಗಹಂಗ ಹೆಂಗ್ ಮಾಡ್ಬೇಕಂತ ನಂಗ್ ಚಿಂತ್ಯಾಗ್ಯಾದ. ಅವ್ರಿಗಿ ದಿನದ್ ರೂಢಿಗಿ ತ್ರಾಸಾದ್ರ ಅವ್ರ್ ಗಾಬ್ರಿ ಬೀಳ್ತಾರ.,Fear
ಇದು ನಿಜ್ವಾದ್ ಷೋರೂಮ್ ಥರ ಕಾಣ್ತಿಲ್ಲ. ಕಾರ್ ಕೊಂಡ್ಕೊಳ್ಳೇಬೇಕು ಅಂತ ಆ ಡೀಲರ್ ಯಾಕ್ ಅಷ್ಟ್ ಬಲ್ವಂತ ಮಾಡಿ ಹೆದ್ರಿಸ್ತಾ ಇದಾನೆ ನಮ್ಗೆ?!,Fear
"ನಂಗ್ ನಾಳೆಗೆ ಒಗಿಲೇಬೇಕಿದ್ದಿದ್ ಕೆಲ್ವೆಲ್ಲ ಬಟ್ಟೆಗಳಿದ್ವು, ಆದ್ರೆ ಯಾಕೋ ಈ ಹೋಟ್ಲಲ್ಲಿ ನಾನ್ ಲಾಂಡ್ರಿ ಸರ್ವಿಸ್ ಬೇಕೂಂದಿದ್ದು ಯಾರ್ಗೂ ಅರ್ಥನೇ ಆಗಿಲ್ಲ ಅನ್ಸತ್ತೆ, ನಂಗ್ ಏನ್ ಮಾಡೋದೂಂತ್ಲೇ ತೋಚ್ತಿಲ್ಲ.",Sadness
ನಿಮ್ಹತ್ರ ಒಂದ್ ಜೊತೆನೂ ಫುಟ್ಬಾಲ್ ಸ್ಟಡ್ಸ್ ಉಳ್ದಿಲ್ವಾ? ಹಾಗಾದ್ರೆ ನಾಳೆ ಪಂದ್ಯದಲ್ಲಿ ಆಡೋಕಾಗಲ್ಲ ಅನ್ಸತ್ತೆ ನಂಗೆ.,Sadness
ಈ ಆನ್ಲೈನ್ ಕ್ರೌಡ್ಫಂಡಿಂಗ್ ಅಭಿಯಾನ್ಗಳು ಅದೆಷ್ಟ್ ಬೇಗ ತಮ್ಗ್ ಬೇಕಾಗಿರೋಷ್ಟ್ ಹಣನ ಸಂಗ್ರಹ ಮಾಡ್ಕೊಂಡ್ಬಿಡತ್ವೆ ಅಂದ್ರೆ ಅದೇನಷ್ಟ್ ಸುಲ್ಭನಾ ಅಂತ ಆಶ್ಚರ್ಯ ಆಗುತ್ತಪ.,Surprise
"ಎಷ್ಟ್ ಆಸಿ ಹತ್ತಿ ಐಸ್ ಕ್ರೀಂ ಕೋನ್ ತೊಗೊಂಡಿದ್ದೆ, ಕೈ ಜಾರಿ ಮಣ್ಣಾಗೇ ಬಿದ್ಬಿಡ್ತ.",Sadness
"ಇನ್ನೊಂದೆರ್ಡ್ ದಿನ್ದಲ್ಲೇ ಅಂಗ್ಡಿ ತೆರಿಬೇಕು, ಅಷ್ಟ್ರಲ್ಲಿ ನಾನ್ ಮುಗಿಸ್ಬೇಕಿರೋ ಕೆಲ್ಸಗಳ್ ರಾಶಿ ನೋಡ್ತಿದ್ರೆ ತಲೆಯೆಲ್ಲ ಧಿಮ್ ಅಂದು ಭಯ ಆಗ್ತಿದೆ.",Fear
ನಾನ್  ಇಂದ್  ಬೆಳಿಗ್ಗೆ ನಾಲ್ಕೂ ಮೂವತ್ತಕ್ಕೆ ಅನಿರೀಕ್ಷಿತವಾಗ್ ಎದ್ದೆ ಮತ್ ಇದೆ  ಮೊದ್ಲ ಸರ್ತಿ ಆ ಸಮ್ಯದಲ್  ಪ್ರಾರ್ಥನೆ ಮಾಡಕ್ ಸಾಧ್ಯ ಆಯ್ತು.,Surprise
"ನಾನಲ್ಲಿ ಆ ಹುಡುಗ್ರು ಜೊತೆ ಮಾತಾಡ್ತಾ ಇದ್ದೆ, ಆದ್ರೆ ಅವ್ರ್ ಉಸಿರಿನ್ ವಾಸ್ನೆ ಕೆಟ್ದಾಗಿತ್ತು.. ಆಗ್ತಾನೇ ಈರುಳ್ಳಿ ತಿಂದಿದ್ರು ಅನ್ಸತ್ತೆ.. ಬಾಯೆಲ್ಲ ದುರ್ನಾತ.",Disgust
ಐ.ಎಸ್.ಎಸ್.ಗೆ ಗಗನಯಾತ್ರಿನ್ ಕಳ್ಸೋಕೆ ನಾಸಾದ್ ಜೊತೆ ಇಸ್ರೋ ಕೈ ಜೋಡ್ಸಿರೋ ಸುದ್ದಿ ಕೇಳ್ದಾಗ ನಾನ್ ಅವಾಕ್ಕಾದೆ.,Surprise
"ಮೊದ್ಲು, ನೀವ್ ನಮ್ ಟೂರ್ನ ಡಬಲ್ ಬುಕ್ ಮಾಡುದ್ರಿ, ಅದ್ ಸಾಲ್ದೂಂತ ಈಗ ನಾವ್ ನಮ್ ಗೈಡ್ನ ಇನ್ನೊಂದ್ ಗುಂಪ್ನೋರ್ ಜೊತೆ ಹಂಚ್ಕೊಬೇಕು ಅಂತ್ ಹೇಳ್ತಾ ಇದೀರಲ, ಏನ್ ತಲೆ ಕೆಟ್ಟಿದ್ಯಾ ನಿಮ್ಗೆ?",Anger
ಮಕ್ಳ ಕಾಲೇಜಿಗಿ ಅಷ್ಟ್ ದೊಡ್ಡ್ ಫೀಸ್ ಕಟ್ಟಬೇಕಂತ ನೆನಸ್ಗೊಂಡ್ರ ಅಪ್ಪಾಅಮ್ಮಗ್ ರಾತ್ರಿ ನಿದ್ದಿ ಹತ್ತಲ್ಲಾ.,Fear
ನನ್ ರೈಲ್ ಟಿಕೆಟ್ ಬುಕಿಂಗ್ ಇನ್ನೂ ವೇಯ್ಟಿಂಗ್ ಲಿಸ್ಟಲ್ಲೇ ಇರೋದ್ರಿಂದ ಸೀಟ್ ಸಿಗತ್ತೋ ಇಲ್ವೋ ಅಂತ ಆತಂಕ ಆಗ್ತಿದೆ ನಂಗೆ.,Fear
"ನಾನ್ ಬೋನಸ್ಗಳ್ನ ಕೊಡ್ಬೇಕಿರುವಾಗ್ಲೇ ಈ ಕಾರ್ಪೊರೇಟ್ ಪ್ರಾಫಿಟ್ಸ್ ಕುಸೀತಾ ಇವ್ಯಲ್ಲಪ್ಪ, ಏನ್ಮಾಡೋದೋ, ಹೇಗ್ ನಿಭಾಯ್ಸೋದೋ ಈಸಲ ಅಂತೂ ಒಂದೂ ತೋಚ್ತಿಲ್ಲ.",Fear
ಮಾಡ್ಯುಲರ್ ಅಡ್ಗೆಮನೆಯ ಅಳತೆಗಳ್  ಸರಿ ಇಲ್ದಿರ್ಬೋದು ಮತ್ ಕ್ಯಾಬಿನೆಟ್ಗಳ್  ಕೂರ್ಸಿದ್  ಜಾಗದಲ್ ಸರ್ಯಾಗಿ  ಕೂತಿಲ್ದೆ ಇರ್ಬೊದ್  ಅಂತ  ನಾನ್  ನಿಜ್ವಾಗ್ಲೂ ಕಾಳ್ಜಿ ತಗೋತೇನೆ.,Fear
ಅಡೆತಡೆಗಳಿರೋ ಕೋರ್ಸ್ ಓಟ ಓಡ್ವಾಗ ಒಂದ್ ತಡೆ ಅಷ್ಟೊಂದ್ ಎತ್ರ ಇದ್ದಿದ್ನೋಡಿ ನನ್ಕಥೆ ಮುಗೀತಿನ್ನು ಅಂತ ಎಷ್ಟ್ ಗಾಬ್ರಿ ಆಗೋಯ್ತು ಗೊತ್ತಾ ನಂಗೆ.,Fear
"ಈ ಚಿನ್ನದ್ ಬ್ರೇಸ್ಲೆಟ್ ಸಖತ್ತಾಗಿದೆ, ಜೊತೆಗೆ ನನ್ ಬಜೆಟ್ಟೊಳ್ಗೂ ಇದೆ, ಇನ್ನೇನ್ ಬೇಕು ನಂಗೆ!",Happiness
ಆ ಸಣ್ ಪುಸ್ತಕ್ದ್ ಅಂಗ್ಡಿ ಮೂಲ್ಯಾಗಿನ್ ಕಪಾಟನ್ಯಾಗ ಇಂಥಾ ಅಪರೂಪದ್ ಮೊದಲ್ನೇ ಎಡಿಷನ್ ಸಿಕ್ಕದಂದ್ರ ನಂಗ ಕನಸಾ ಖರೇನಾ ತಿಳೀವಲ್ದು.,Surprise
ಈ ಜಾತಿಪಾತಿ ಜಗ್ಳಕ್ಕೆ ರಾಜ್ಕೀಯನ್ ಬೇರೆ ಸೇರಿಸ್ಬಿಟ್ರೆ ಬೇಡ್ದಿರೋ ಗಲಭೆಗಳಾಗಿ ನಮ್ ವ್ಯಾಪಾರದ್ ಗತಿ ಏನಾಗತ್ತೋಂತ ನಂಗ್ ಎದೆ ಢವಗುಡ್ತಾಯಿದೆ.,Fear
ಲಂಡನ್ನಲ್ಲಿ ಅಂಗ್ಡಿ ಮಾಲೀಕ್ರು ವಾರಾಂತ್ಯದಲ್ಲಿ ಅಂಗ್ಡಿ ಮುಚ್ಚಿರತ್ತೆ ಅಂದ್ಬಿಟಿದ್ದು ನಂಗ್ ಆಘಾತ ಆಯ್ತು! ನಂಗ್ ಅವಾಗ್ ಬಿಟ್ರೆ ಇನ್ಯಾವ್ ಸಮಯ್ದಲ್ಲೂ ಷಾಪಿಂಗ್ಗೆ ಅಂತ ಹೋಗಕ್ಕಾಗಲ್ಲ.,Surprise
ಆ ಸ್ಮಶಾನದಿಂದ ರಕ್ತನ್ ಹೆಪ್ಪ್ಗಟ್ಸೋಂಥ ಜೋರಾದ್ ಕೂಗ್ ಕೇಳಿಸ್ದಾಗ ಭಯಕ್ಕೆ ನನ್ ಮೈಯೆಲ್ಲ ಮರಗಟ್ಟ್ಹೋಯ್ತು.,Fear
ನಮ್ ಆರೋಗ್ಯ ಹಾಳ್ ಮಾಡ್ತತಿ ಅಂತ ತಿಳ್ದಾಗ್ನಿಂದ ನಾನ್ ಮ್ಯಾಗಿ ಕೊಳ್ಳೋದ ನಿಲ್ಸಬಿಟ್ನಪ್ಪ.,Fear
"ಪ್ರಪಂಚ್ದಲ್ಲಿ ದಿನನಿತ್ಯ ನಡೀತಿರೋ ಘಟನೆಗಳು ಇತ್ತೀಚ್ಗೆ ತುಂಬಾ ಧೈರ್ಯಗೆಡೋ ಹಾಗ್ ಮಾಡಿವೆ, ನಂಗ್ ಅಂಥ ಸುದ್ದಿಗಳ್ನ ಓದೋದೇ ಬೇಡ ಅನ್ಸತ್ತೆ.",Sadness
"ಅವ್ನಿಗೆ ಫೋನ್ ಕೊಡ್ಬೇಡಿ ಆಯ್ತಾ! ಅವ್ನು ನನ್ದೊಂದು ತಮಾಷೆ ವೀಡಿಯೊ ಏನಾದ್ರೂ  ರೆಕಾರ್ಡ್ ಮಾಡಿದ್ರೆ, ನಾನು ನನ್ನ ಎಲ್ಲಾ ಫಾಲೋವರ್ಸ್ನೂ ಕಳ್ಕೋಬೇಕಾಗ್ತದೆ!",Fear
"ಅಮ್ಮಾ! ಅಂಗ್ಡಿಲಿ ನನ್ಮೇಲ್ ಯಾಕ್  ಕೂಗಾಡ್ತಾ ಇದ್ರಿ ನೀವು, ಎಷ್ಟ್ ಬೇಜಾರಾಯ್ತು ಗೊತ್ತಾ ನಂಗೆ.",Sadness
ನಮ್ ಭಾರತದ್ ಟೀಮು ವಿಶ್ವಕಪ್ ಗೆದ್ದಾಗ ನಾವೆಲ್ಲ ಬೀದ್ಬೀದಿಲಿ ಪಟಾಕಿ ಹಚ್ಚಿ ಕುಣ್ದು ಕುಪ್ಪಳ್ಸ್ಬಿಟ್ವಿ.,Happiness
"ನೀನು ಪದೇ ಪದೇ ಎಲ್ರೂ ನಿನ್ನನ್ನ ಒಪ್ಕೊಬೇಕು, ಯಾವಾಗ್ಲೂ ಮೆಚ್ಗೆ ಮಾತಾಡ್ತಿರ್ಬೇಕು ಅಂತ ಬಯ್ಸೋದ್ ನೋಡ್ತಿದ್ರೆ ನಂಗ್ ಪಿತ್ತ ಕೆರಳತ್ತೆ.",Anger
ನನ್ ಕಾರಲ್ಲಿ ಮುರ್ದ್ಹೋಗಿರೋ ಬಿಡಿಭಾಗಗಳ್ನ ಬದ್ಲಾಯ್ಸೋದ್ ಬಿಟ್ಟು ದುಡ್ಡ್ ಉಳ್ಸಕ್ಕೆ ಅಂತ ಅದ್ನೇ ಏನೋ ರಿಪೇರಿ ಮಾಡ್ಸಿ ತೇಪೆ ಹಾಕಿಟ್ಕೊಳದು ನಂಗಂತೂ ಚೂರೂ ಸರಿಹೋಗಲ್ಲ.,Disgust
ಆ ಕಿತ್ಳೆ ಹಣ್ಣ್ಗಳು ಕೆಟ್ಟ್ ವಾಸ್ನೆ ಹೊಡೀತಿವೆ.. ಮುಟ್ಟಿದ್ರೆ ಮೆತ್ಮೆತ್ಗೆ ಕೈಗೆಲ್ಲ ಮೆತ್ಕೊಳೋ ಥರ ಆಗೋಗಿವೆ.,Disgust
ಆ ಅಂಗ್ಡಿ ರೆಫ್ರಿಜರೇಟ್ರಲ್ಲಿರೋ ಪದಾರ್ಥ ಎಲ್ಲ ಕೊಳ್ತ್ ಹೋಗಿ ದುರ್ವಾಸ್ನೆ ಬರ್ತಿತ್ತು.. ತರ್ಕಾರಿ ಎಲ್ಲ ಸತ್ತ್ ಇಲಿ ಥರ ಕಾಣ್ತಿದ್ವು.,Disgust
ನಮ್ ಕಾರ್ಯಕ್ರಮ ನಡದಾಗ ಬೆಂಕಿ ಮತ್ತ್ ತುಳದಾಟೆಲ್ಲಾ ಆದ್ರ ಅವನ್ನ ನಿಭಾಸ್ಲಿಕ್ಕಿ ಈ ಈವೆಂಟ್ ಮ್ಯಾನೆಜರ್ ಏನೇನ್ ವ್ಯವಸ್ಥಾ ಮಾಡ್ಯಾನಂತ ನಂಗ ಯದಿವಡದು ಹುಚ್ಚ್ಹಿಡ್ದಂಗಾಗಿತ್ತ.,Fear
"ಅಲ್ಲಾ ನನ್ ಹೆಂಡ್ತಿಗರೇ ತಿಳೀಬೇಕಲಾ ಅಕಿನೂ ಮಗಾ ಹೇಳ್ಹಂಗ್ ಕುಣದ್ಲು ಆಕೀದೂ ನಂದೂ ದೊಡ್ಡ್ ಜಗಳಾ, ಮಾತಿನ್ ಚಕಮಕಿ ಆಗ್ಯಾದೀಗ.",Anger
"ಭಾನ್ವಾರ ಸಂಗೀತ್ ಕಛೇರಿ ನಡ್ಯೋ ಜಾಗದ್ ಹತ್ರ ಪಾರ್ಕಿಂಗ್ಗೆ ಅಂತ ಜಾಗ ಹುಡುಕ್ತಿದ್ದೆ, ಒಂದ್ ಮೈಲಿವರ್ಗೂ ಹೋದ್ರೂ ಸರ್ಯಾದ್ ಜಾಗ ಸಿಗ್ದೇ ಸಾಕ್ಸಾಕಾಗೋಯ್ತು.",Sadness
"ಚೈನ್ನೈಲಿ ಪಕ್ಕಾ ತಮಿಳ್ನಾಡಿನ್ ಊಟ ತಿಂಡಿ ತಿನ್ನೋದೂಂದ್ರೆ, ಅದೊಂಥರ ಪ್ರಸಾದ ಇದ್ಹಾಗೆ, ನಂಗಂತೂ ತಿಂದಷ್ಟೂ ಇನ್ನೂ ಬೇಕೂಂತ್ಲೇ ಅನ್ಸತ್ತೆ.",Happiness
ನಾನು ಮನೆಗ್ ವಾಪಾಸ್ ಹೋಗೋವಾಗ ಒಳ್ಳೆ  ಸವಾರಿ ಆಯ್ತು. ಡ್ರೈವರ್ ನಂಗಿಷ್ಟ್ವಾದ್ ಕಿಶೋರ್ ಕುಮಾರ್ ಹಾಡ್ಗಳ್ನೆಲ್ಲ ಹಾಕಿದ್ದ.,Happiness
ಇದ್ ಹೆಚ್ಚಿಂದಾತು! ನಿಮ್ ಟೀಮಿನ್ ಮ್ಯಾಲ್ ಬೀಳ ಕೆಲ್ಸಾ ತಪ್ಪಸ್ಕೊಳ್ಳಿಕ್ಕಿ ನೀವ್ ಹೇಳ ನೆವಗೊಳ್ ರಗಡ ಕೇಳೀನ್ ನಾ.,Anger
ಧತ್! ಮನೆಲಿರೋ ಸಾಮಾನ್ಗಳ್ನ ಮುರ್ದ್ ಹಾಕಕ್ಕೆ ನಿಂಗ್ಯಾವಾಗ್ಲೂ ಏನಾದ್ರೊಂದ್ ನೆಪ ಇರತ್ತೆ.. ಈ ಸಲ ಏನು?,Disgust
"ನನ್ ಸೆಕೆಂಡ್ ಹ್ಯಾಂಡ್ ಪುಸ್ತಕಕ್ಕೆ ಆ ಪುಸ್ತಕ ಮಾರಾಟಗಾರ್ರು ನ್ಯಾಯವಾದ್ ಬೆಲೆ ಕಟ್ತಾರೆ ಅನ್ನೋ ಗ್ಯಾರಂಟಿ ಇಲ್ಲ, ಅದ್ಕೇ ನಂಗದ್ನ ಮಾರೋಕೇ ಹಿಂಜರ್ಕೆ ಆಗತ್ತೆ.",Fear
ಸೇನಾನೆಲೆ ಮೇಲೆ ಯು.ಎಫ್.ಒ. ಸುಳ್ದಾಡ್ತಾ ಇರೋದ್ನೋಡಿ ನಂಗ್ ಮೈಯೆಲ್ಲ ಮರಗಟ್ಟಿದ್ ಹಾಗಾಗೋಯ್ತು.,Surprise
ಭೂಮಿಯ ಇತಿಹಾಸ್ದಲ್ಲಿ ಸುಮಾರ್ಸಲ ಪ್ರಳಯ ಆಗಿರ್ಬೋದು ಅನ್ನೋದ್ನ ಜನ ಚೂರೂ ಗಂಭೀರ್ವಾಗ್ ತಗೊಳ್ದಿರೋದು ಬೇಜಾರಿನ್ ವಿಷ್ಯ.,Sadness
"ಯುರೋಪಿಯನ್ ಕಪ್ ಪಂದ್ಯ ಆದ್ಮೇಲೆ ಇಂಗ್ಲಿಷ್ ಫುಟ್ಬಾಲ್ ಅಭಿಮಾನಿಗಳು ನಡ್ಕೊಂಡ್ ರೀತಿ, ಕ್ರೀಡಾಂಗಣನ ಅಷ್ಟ್ ಅಸ್ತವ್ಯಸ್ತ ಮಾಡಿ ಬಿಟ್ಹೋಗಿದ್ದು ಅಸಹ್ಯ್ವಾಗಿತ್ತು, ಸರಿಯಲ್ಲ ಅದು.",Disgust
ಇಷ್ಟೊಂದ್ ಜನ ಬರೋ ಈ ಅಂಗ್ಡಿಲಿ ಸರ್ಯಾದ್ ಗ್ರಾಹಕ ಸೇವೆನೇ ಇಲ್ದಿರೋದು ನಾಚಿಕ್ಗೇಡು.,Disgust
"ಪ್ರವಾಹಕ್ ಸಿಕ್ಕಿ ಹತ್ತಿ ಬೆಳೆಯೆಲ್ಲ ನಾಶ ಆಗೋಗಿದೆ, ಇದ್ರಿಂದಾಗಿ ನಮ್ ಜವಳಿ ಉದ್ಯಮಕ್ಕೆ ಕಚ್ಚಾ ವಸ್ತು ಸಮಯಕ್ ಸರ್ಯಾಗಿ ಪೂರೈಕೆ ಆಗತ್ತೋ ಇಲ್ವೋ ಅಂತ ನಂಗ್ ಆತಂಕ ಕಾಡ್ತಿದೆ.",Fear
ನಾನ್ ಆ ಸಂಸ್ಥೆಲಿ ಕೆಲ್ಸ ಬಿಟ್ಮೇಲೆ ನನ್ ಟೀಮ್ನೋರೆಲ್ಲ ಹರ್ದ್ಹಂಚೋಗಿ ಬೇರ್ಬೇರೆ ಕಡೆ ಹೊರ್ಟ್ಹೋದ್ರು ಅಂತ ಕೇಳಿ ನಂಗ್ ಮನ್ಸೆಲ್ಲ ಒಂಥರ ಭಾರ ಆಗೋಯ್ತು.,Sadness
ಪರಿಸರದ್ ಮೇಲೆ ತಮ್ ಹೂಡಿಕೆಗಳ್ ಪರಿಣಾಮದ್ ಬಗ್ಗೆ ಈ ಬಿಲ್ಡರ್ಗಳ್ಗೆ ಸ್ವಲ್ಪನೂ ಕಾಳ್ಜಿ  ಇಲ್ದಿರೋದ್ ನೋಡಿ ನಂಗಂತೂ ಅವ್ರ್ ಬಗ್ಗೆ ಜುಗುಪ್ಸೆ ಬಂದೋಗಿದೆ.,Disgust
"ನಿಮ್ ಸರ್ವಿಸ್ ಸೆಂಟರಲ್ಲಿ ಹೋದ್ಸಲ ನನ್ ಕಾರ್ನ ಸರ್ಯಾಗ್ ರಿಪೇರಿ ಮಾಡ್ದೇ ನಂಗ್ ಮೋಸ ಮಾಡ್ಬಿಟ್ರಿ. ಈಗ್ ಇದು ಸ್ಟಾರ್ಟೇ ಆಗ್ತಿಲ್ಲ, ಅದ್ಸಾಲ್ದು ಅಂತ ವಾದ ಬೇರೆ ಮಾಡ್ತೀರಲ್ರಿ! ನಾನ್ ಬೇರೆ ಕಡೆಗ್ ಹೋಗ್ತೀನಷ್ಟೇ, ಏನ್ ನಿಮ್ಮೊಬ್ರದ್ದೇ ಸರ್ವಿಸ್ ಸೆಂಟರ್ ಇರೋದಲ್ಲ ಈ ಊರಲ್ಲಿ.",Anger
ನಂಗ್ ನಾನೇ ಮತ್ತೆ ನಿಮ್ಗೂ ಎಲ್ಲ್ ನಿರಾಶೆ ಮಾಡ್ಬಿಡ್ತೀನೋ ಅಂತ ಹೆದ್ರಿಕೆ ಆಗ್ತಿದೆ ನಂಗೆ.,Fear
"ನಾನು ಬಸ್ ಸ್ಟ್ಯಾಂಡ್ಗೆ ಸಮಯಕ್ ಸರ್ಯಾಗ್ ತಲುಪ್ಲಿಲ್ಲ, ನನ್ ಬಸ್ ತಪ್ಪ್ಹೋಯ್ತು.",Sadness
"ನಂಗ ವಳಗ ಛೊಲೋ ಬೆಳಕ್ ಬರಅಂಥಾ ಮನಿನೇ ಬೇಕ್ರಿ, ಕತ್ಲಕತ್ಲಿದ್ರ ನಂಗ ಒಂಥರಾ ಆತಂಕ್ ಆಗ್ತದ.",Fear
"ನಾನ್ ರಜಾದಿನಗಳ್ನ ಕಳ್ಯೋಕೆ ಅಂತ ಪ್ರವಾಸ ಹೊರ್ಟ್ರೆ ಮೊದ್ಮೊದ್ಲೇ ಆ ಏರ್ಲೈನ್ನೋರು ನನ್ ಲಗೇಜ್ ಕಳ್ದ್ಹಾಕಿ ಅಪಶಕುನ ಆದಂಗಾಗೋಯ್ತು, ಏನಕ್ಕೂ ಮನ್ಸಿಲ್ಲ ನಂಗೀಗ.",Sadness
"ನಮ್ ಭಾರತದ್ ಪ್ರಧಾನಮಂತ್ರಿಗಳ್ ಮುಂದೆ ಆ ಈಜಿಪ್ಟಿನ್ ಹುಡ್ಗಿ ಹಿಂದಿ ಹಾಡ್ ಹಾಡಿದ್ದು ಎಲ್ರಿಗೂ ಭಾರೀ ಖುಷಿ, ಹೆಮ್ಮೆ ಉಂಟ್ಮಾಡ್ತು.",Happiness
ಅಮೆರಿಕದಲ್ಲಿ ನನ್ ಸ್ನೇಹಿತನ್ ಇ.ವಿ. ಕಾರು ಏನೂ ಸದ್ದೇ ಇಲ್ದಂಗೆ ಎಷ್ಟ್ ಹಿತ್ವಾಗಿತ್ತು ಅಂದ್ರೆ ಅದ್ರಲ್ಲ್ ತಿರ್ಗಾಡಿದ್ದೆಲ್ಲ ಒಂಥರ ಕನ್ಸಿನ್ ಹಾಗಿತ್ತು.,Happiness
ನನ್ ತಂಡ ಹೊಸ ದಾಖಲೆನೇ ನಿರ್ಮಿಸ್ದಾಗ ಆ ಖುಷಿಲಿ ನಂಗೆ ಆಕಾಶ್ದಲ್ ತೇಲಾಡ್ತಾ ಇರೋ ಥರ ಅನ್ಸ್ತಿತ್ತು.,Happiness
ಥೂ ಈ ಅಂಗ್ಡಿದು ಹೊಸಾ ಪಾಲಿಸಿ ಕಟ್ಟ ಅಸಡ್ಡಾಳ್ ಅದ ನೋಡ. ವ್ಯವಸ್ಥಾ ಇಲ್ದಿರೋ ಇದರ್ ಪಾರ್ಕಿಂಗ್ ಮತ್ ಮ್ಯಾಲ್ ಪೊಲ್ಯುಷನ್ ಆಜೂಬಾಜುದವ್ರಿಗಿ ಭಾಳ ಅನನ್ಕೂಲ ಆಗ್ಲಿಕತ್ತದ.,Disgust
"ಏನು, ನೀವ್ ಬರೀ ಇಪ್ಪತ್ತೊಂದ್ ದಿನ ಅಷ್ಟೇ ರೆಸ್ಟ್ ತಗೊಂಡಿದ್ದಾ?! ಇಲ್ಲಪ್ಪ, ನೀವಿನ್ನೂ ನಲವತ್ತೈದ್ ದಿನಗಳ್ವರ್ಗೂ ವಿಶ್ರಾಂತಿ ತಗೊಬೇಕಾಗತ್ತೆ.",Surprise
"ಅಷ್ಟ್ ದೊಡ್ಡ್ ಪುಸ್ತಕದಂಗ್ಡಿಲೂ ""ಕೌಂಟ್ ಆಫ್ ಮಾಂಟೆ ಕ್ರಿಸ್ಟೋ"" ಪುಸ್ತಕದ್ದು ಪೂರ್ಣಪಾಠ ಇರೋ ಆವೃತ್ತಿ ಸಿಗ್ಲೇ ಇಲ್ಲ ನಂಗೆ.",Sadness
"ಆ ಕೊನೆ ತರಗತಿ ಮುಗುದ್ಮೇಲೆ ಕ್ಲಾಸ್ರೂಂ  ಎಷ್ಟ್ ಗಲೀಜಾಗಿತ್ತು ಅಂತ ನೀವ್ ನೋಡಿದ್ರಾ? ಥೂ, ಅಸಹ್ಯನಪ.",Disgust
"ನೀವ್ ಪಾರ್ಕೌರ್ ಸ್ಟಂಟ್ಗಳ್ನೂ ಮಾಡ್ಬಲ್ರಿ ಅಂತ ನಾನ್ ಕನ್ಸಲ್ಲೂ ಅನ್ಕೊಂಡಿರ್ಲಿಲ್ಲ, ಇವತ್ ಅದನ್ನೋಡಿ ರೋಮಾಂಚ್ನ ಆಗೋಯ್ತು.",Surprise
ನನ್ ಸ್ಟಾರ್ಟ್ಅಪ್ಗೆ ವೆಂಚರ್ ಕ್ಯಾಪಿಟಲಿಸ್ಟ್ ಒಬ್ರಿಂದ ಸಾಕಷ್ಟ್ ಬಂಡ್ವಾಳ ಸಿಕ್ಕಾಗ ನಂಗಾದ್ ಸಂತೋಷ ಅಷ್ಟಿಷ್ಟಲ್ಲ.,Happiness
ನಾನು ಪ್ರತೀ ತಿಂಗ್ಳು ನನ್ ಆದಾಯದಲ್ಲಿ ಶೇಕಡ ಹತ್ತರಷ್ಟು ಉಳ್ಸಿಟ್ಟೂ ಇಟ್ಟೂ ಈಗ ನನ್ ಖಾತೆಲಿ ಸಾಕಷ್ಟ್ ಹಣ ಇರೋ ಹಾಗಾಗಿದೆ.,Happiness
"ನಮ್ ರೂಮ್ನಾಗ ಬೇಕಾಗಷ್ಟ್ ಸಾಬೂನ್, ಶಾಂಪೂ ಇವೆಲ್ಲಾ ಇಟ್ಟೇ ಇಲ್ಲಾ, ಅದ್ಕ ಹೋಟಲ್ನವ್ರ್ ಮ್ಯಾಲ್ ರೇಗ್ಯಾಡ್ಬಿಟ್ಟೆ.",Anger
ಈ ಪ್ರಾಜೆಕ್ಟಲ್ಲಿ ಇಷ್ಟೆಲ್ಲ ರಿಸ್ಕ್ಗಳಿರೋದು ನಂಗ್ ತುಂಬಾನೇ ಯೋಚ್ನೆ ಆಗೋಗಿದೆ. ದಿನಾ ಬೆಳಗಾದ್ರೆ ಯಾಕಾದ್ರೂ ಆಯ್ತೋ ಅಂತ ಟೆನ್ಷನ್ ಆಗತ್ತೆ.,Fear
"ಆ ಎಲೆಕ್ಟ್ರಿಕಲ್ ಅಂಗ್ಡಿಲಿ ಅಷ್ಟೆಲ್ಲ ಖರೀದಿ ಮಾಡಿದ್ರೂ ಸ್ವಲ್ಪನೂ ರಿಯಾಯ್ತಿ ಕೊಡ್ದಿದ್ದು ರೇಗ್ಹೋಯ್ತು ನಂಗೆ, ಇನ್ಯಾವತ್ತೂ ಅಲ್ಲ್ ಏನ್ನೂ ವ್ಯಾಪಾರ ಮಾಡಲ್ಲ ನಾನು.",Anger
ಹಾಕೊಳೋ ಒಡವೆಗಳು ಯಾವತ್ತೂ ಆಯಾ ಸಂದರ್ಭಕ್ ತಕ್ಕನಾಗ್ ಇರ್ಬೇಕು. ಆ ಥರ ಅಲ್ದೇ ಒಂದಕ್ಕೊಂದ್ ತಾಳಮೇಳ ಇಲ್ದಿರೋ ಥರ ಆಗ್ಬಿಟ್ರೇಂತ ನಂಗ್ ಕಳವಳ ಆಗ್ತಿದೆ.,Fear
ವಾಹ್! ಕಂಪ್ಯೂಟರಲ್ಲಿ ಪ್ರೋಗ್ರಾಮಿಂಗ್ ವಿಷ್ಯಕ್ ಬಂದಾಗ ನೀವ್ ತುಂಬಾ ಪ್ರತಿಭಾವಂತ್ರು ಬಿಡಪ್ಪ!,Surprise
"ಅವ್ರ್ ಹತ್ರ ಈ ಟೋಸ್ಟರ್ ಬೇರ್ಬೇರೆ ಬಣ್ಣದಲ್  ಸಿಗುತ್ತೆ ಅಂತ ನಂಗ್ ಗೊತ್ತೇ ಇರ್ಲಿಲ್ಲ, ಅವ್ರ್ ಹತ್ರ ಅಷ್ಟೊಂದ್ ಆಯ್ಕೆಗಳ್ ಇದ್ದಿದ್ ನೋಡಿ ಆಶ್ಚರ್ಯ ಆಯ್ತು.",Surprise
"ಈ ಷೇರ್ ಮಾರ್ಕೆಟ್ ಕುಸ್ದಿರೋದು ದೊಡ್ಡ್ ಅನ್ಯಾಯ! ಮನ್ಸ್ ಮಾಡಿದ್ರೆ ಇದ್ನ ತಡೀಬೋದಿತ್ತು, ಆದ್ರೆ ಯಾರ್ಗೂ ಬೇಕಿಲ್ಲ!",Anger
ನನ್ ಹೆಂಡ್ತಿ ಆಕಿ ಮಾಡಿದ್ ಮೊದಲ್ನೇ ಗೊಂಬಿ ಮಾರಾಟ್ ಆದಾಗ ಭಾರೀ ಖುಷ್ಯಾಗಿ ಕುಣ್ಯಾಕ್ ಹತ್ತಿದ್ಲು.,Happiness
ನನ್ ಗಂಡ ಇವತ್ತು ಕುತ್ಗೆ ಮಟ್ಟ ಕುಡ್ದು ಮನೆಗ್ ಬಂದಿದಾನೆ. ನಂಗಿನ್ನು ಹೊಡಿತಾನೇನೋ ಅನ್ನಿಸ್ತಿದೆ.,Fear
"ವರ್ಷಪೂರ್ತಿ ಚೆನ್ನಾಗ್ ಓದ್ಕೋ, ಎಲ್ಲನೂ ಕೊನೇಗೀಟ್ಕೊಬೇಡ ಅಂತ ನಾನ್ ಹೇಳ್ದಾಗ್ಲೆಲ್ಲ ನನ್ಮೇಲ್ ಕೂಗಾಡ್ತಿದ್ಯಲ, ಇನ್ಮೇಲಾದ್ರೂ ಹಾಗ್ಮಾಡಲ್ಲ ಅನ್ಕೋತೀನಿ.",Disgust
"ಸ್ಯಾಮ್ಸಂಗ್ದು ಹೊಸ ಟಿವಿ ತಗೊಳಣ ಅಂತಿದೀನಿ, ಅದ್ರಲ್ಲಿ ಡಿಸ್ಪ್ಲೇ ಭಾರೀ ಒಳ್ಳೆ ಕ್ವಾಲಿಟಿದಿದೆ.. ನನ್ ಹೊಸ ಮನೆಲಿ ಅದನ್ ನೋಡ್ಕೊಂಡು ಸಖತ್ ಮಜಾ ಮಾಡ್ಬೋದು.",Happiness
ಈ ಗೇಮಿಂಗ್ ಕನ್ಸೋಲಲ್ಲಿ ಆಟಗಳೆಲ್ಲ ಫೋರ್ಕೆ ರೆಸಲ್ಯೂಷನ್ನಲ್ ಕಾಣ್ತಿರೋದ್ನ ನಂಗ್ ನಂಬೋಕೆ ಆಗ್ತಿಲ್ಲ.,Surprise
ಇವ್ರ್ ಅಂಗ್ಡ್ಯಾಗ ಮೊದಲ್ನೇ ಸರ್ತಿ ಖರೀದಿ ಮಾಡವ್ರಿಗಿ ಕೊಡ್ಲಿಕತ್ತಿದ್ ಡಿಸ್ಕೌಂಟ್ ನೋಡಿ ನಾ ಅಂತೂ ಖುಷಿಲೇ ದಂಗಾಗೀನಿ.,Surprise
"ಚಿಕ್ಕೋನಿದ್ದಾಗ, ನಂಗ್ ತುಂಬಾ ಇಷ್ಟದ್ ಸಿನ್ಮಾಗಳ್ನ ಥಿಯೇಟ್ರಲ್ಲಿ ಎಪ್ಪತ್ತ್ ಎಂಎಂ ಸ್ಕ್ರೀನಲ್ ಕಣ್ತುಂಬ್ಕೊಳಕ್ಕೆ ಚಾತಕ ಪಕ್ಷಿ ಥರ ಕಾಯ್ತಾ ಇರ್ತಿದ್ದೆ ನಾನು, ಅದೇನ್ ಸಂಭ್ರಮನೋ ಆಗೆಲ್ಲ ನಂಗೆ.",Happiness
"ನಿಮ್ಮನೆಲ್ ಕಳ್ತನ ಆಗಿರೋದ್ಕೇಳಿ ಬೇಜಾರಾಯ್ತು, ಪಾಪ ನಿಮ್ಗೆಷ್ಟ್ ಕಷ್ಟ ಆಗಿರ್ಬೇಕಲ್ವಾ.. ಕಳ್ತನ ಯಾವಾಗಾಗಿದ್ದು?",Sadness
ಈ ವಿದ್ಯಾರ್ಥಿಗಳು ಯು.ಎಸ್. ಕಾಲೇಜ್ಗಳ್ಗೆ ಒಂದ್ರಾಶಿ ದುಡ್ಡ್ ತೆತ್ತಿ ಆಮೇಲೆ ಆ ಸಾಲ ತೀರ್ಸೋದೇ ಅವ್ರಿಗೊಂದ್ ದೊಡ್ಡ್ ಹೊರೆ ಆಗ್ಬಿಡತ್ತೆ. ಅದ್ರ್ ಬದ್ಲು ನಮ್ ದೇಶ್ದಲ್ಲೇ ಓದೋಕ್ ಏನ್ ಧಾಡಿ ಇವ್ರಿಗೆ?!,Anger
ನಮ್ ಅಂಗ್ಡಿಗ್ ಬರೋರು ನಮ್ ಹತ್ರ ಬರ್ದೇ ನಮ್ ಪ್ರತಿಸ್ಪರ್ಧಿಗಳ್ ಹತ್ರ ಹೋಗ್ಬಿಡ್ತಾರೇನೋ ಅಂತ ನಂಗ್ ಭಯ.,Fear
"ಶತಕ ಗಳ್ಸಾದ್ಮೇಲೆ ಆ ಕ್ರಿಕೆಟಿಗ ತನ್ ಎದುರಾಳಿಗಳ್ಮೇಲೆ ಕೆಟ್ಕೆಟ್ದಾಗ್ ಮಾತಾಡಿದ್ದು ಎಷ್ಟ್ ಅವ್ಮಾನ ಆಗೋ ಹಾಗಿತ್ತು, ಛೆ ನಾಚಿಕ್ಗೇಡು.",Disgust
"ಸ್ಯಾನ್ ಫ್ರಾನ್ಸಿಸ್ಕೋದಲ್ಲಿ ಒಂದ್ ಅಂಗ್ಡಿಲಿ ಕಸ್ಟಮರ್ಸ್ ಥರ ಬಂದು ಮೆಲ್ಲಗ್ ಯಾರ್ಗೂ ಗೊತ್ತಾಗ್ದ್ಹಾಗೆ ಕಳ್ತನ ಮಾಡ್ತಿದ್ದೋರ್ನ ಅಂಗ್ಡಿಯೋನು ನೋಡುದ್ರೂ ಏನೂ ಹೇಳ್ಲಿಲ್ಲ, ಅವ್ರನ್ನ ತಡ್ಯೋಕ್ ಹೋದ್ರೆ ಎಲ್ಲಿ ಹೊಡ್ದಾಟ, ರಂಪ ಆಗತ್ತೋ ಅಂತ ಭಯ ಆಗಿತ್ತು.",Fear
"ನಾನಿಲ್ಲಿ ಸಾಕಷ್ಟ್ ದುಡ್ಡ್ ಖರ್ಚ್ ಮಾಡಾಗಿದೆ. ನೀವ್ಬೇರೆ ಈಗ ಏನೂ ಸಹಾಯ ಮಾಡ್ತಿಲ್ಲ, ನಾನು ನನ್ ಸ್ನೇಹಿತ್ರಿಗೆಲ್ಲ ಅವ್ರ್ ಷೂಗಳ್ನ ಬೇರೆ ಕಡೆ ಎಲ್ಲಾದ್ರೂ ತಗೊಳಕ್ ಹೇಳ್ತೀನಿ ಅಷ್ಟೇ.. ನಮ್ಗೇನು ಇಲ್ಬಿಟ್ರೆ ಬೇರೆ ಗತಿ ಇಲ್ಲ ಅನ್ಕೊಂಡಿದೀರಾ?!",Anger
"ಏನು?! ಸಿ.ಇ.ಒ. ಅಷ್ಟೊಂದ್ ಹಣ ತಗೊಂಡ್ ಪರಾರಿ ಆಗಿದಾರಂತ?! ಈ ವಿಷ್ಯ ನಾನ್ ಪತ್ರಿಕೆಲೆಲ್ಲೂ ಓದ್ಲಿಲ್ವಲ, ಎಲ್ಲ್ ಬಂದಿದೆ ಅದ್ರ್ ಬಗ್ಗೆ?!",Surprise
"ಯಾವಾಗ್ಲೂ ನಿಮ್ ಅಂಗ್ಡಿಲಿ ಅಷ್ಟುದ್ದ ಚೆಕ್ಔಟ್ ಲೈನ್ ಇರತ್ತೆ ಮತ್ತೆ ಸಾಕಷ್ಟ್ ಕ್ಯಾಷಿಯರ್ಸೂ ಇರಲ್ಲ, ಅದ್ಕೇ ನಿಮ್ ಅಂಗ್ಡಿಗ್ ಬರಕ್ಕೇ ಇಷ್ಟ ಆಗಲ್ಲ ನಂಗೆ, ಸಿಟ್ಟ್ ಬರತ್ತೆ.",Anger
ಆ ಕರೆಂಟಿನ್ ಸಾಮಾನ್ ಅಂಗ್ಡಿಯವ್ರು ಯಷ್ಟ್ ಛಂದ ಯಲ್ಲಾದಕ್ಕೂ ವಾರಂಟಿ ಕೊಡ್ತಾರ ಮತ್ ಅವ್ರ್ ಕೆಟ್ಟಿದ್ ಸಾಮಾನ್ ಹೊಳ್ಳಿ ವಾಪಾಸ್ ತೊಗೊತಾರ ಹಿಂಗಾಗಿ ಅವ್ರ್ ಮ್ಯಾಲ ಭರೋಸಾ ಅದ.,Happiness
ರೆಸ್ಟೋರೆಂಟಲ್ ಕೂತಿರೋರ್ಗೆ ಅಂತ ಊಟ ತಗೊಂಡ್ಹೋಗೋ ಮೊದ್ಲು ಆ ಅಡುಗೆ ಭಟ್ಟ ಅದ್ರ್ ಮೇಲೆ ಸೀನಿದ್ ನೋಡಿ ನಂಗೆ ಹೊಟ್ಟೆ ತೊಳಸ್ಬಿಡ್ತು.,Disgust
ಹೋದ್ವಾರ ನಾನು ಪ್ಯಾರಾಜಂಪ್ ಮಾಡ್ದಾಗ ಎಂಥ ಆನಂದ ಆಯ್ತು ಅಂದ್ರೆ ಎಲ್ಲ ಜಂಜಡ್ದಿಂದ ಬಿಡುಗಡೆ ಸಿಕ್ಕಿ ತೇಲಾಡ್ತಾ ಇರೋ ಹಾಗೆ... ದಿವ್ಯ ಅನುಭವ ಅದು!,Happiness
"ಈ ದವಾಖಾನಿಯವ್ರ್ ಇನ್ನೊಂದ್ ಬೆಡ್ಡಿಗಿ ಬ್ಯಾರೆ ಚಾರ್ಜ್ ಅಂತ ಹೆಚ್ ರೊಕ್ಕಾ ತೊಗೊಳಿಕತ್ತಾರ ಅಲ್ಲಾ ಅದ ಮೊದ್ಲೇ ಹೇಳಬೇಕಲಾ ಅವ್ರ್, ನಂಗೀಗ್ ರೇಗ್ಲಿಕತ್ತದ.",Anger
ಆ ಹುಡ್ಗ ನನ್ ಕ್ರೆಡಿಟ್ ಕಾರ್ಡ್ ತಗೊಂಡ್ ಓಡ್ಹೋಗ್ಬಿಟ್ಟ! ಅದ್ಕೂ ಮುಂಚೆ ಅವ್ನ್ ನನ್ ಪಿನ್ನೂ ನೋಡ್ಕೊಂಡಿದಾನೆ. ನಾನ್ ನಂದಷ್ಟೂ ದುಡ್ನೂ ಕಳ್ಕೊತೀನಿ ಅನ್ಸ್ತಿದೆ.,Fear
ಯರಡ ವರ್ಷ ಒಂದ್ಹನಿ ಕುಡಿಲಾರ್ದೆ ನನ್ ಮ್ಯಾಲ್ ನಾ ಹಿಡಿತ ಇಟ್ಕೊಂಡಿದ್ದೆ ಮತ್ ಕುಡಿಲಿಕ್ಕಿ ಸುರು ಮಾಡ್ದಾಗ ನಂಗ ಭಾಳ ಕಾಲ್ ಜಾರ್ದಂಗನಿಸ್ತು.,Sadness
ಈ ಫುಟ್ಬಾಲ್ ಕೋಚ್ ಯಾಕ್ ಸುಮ್ಸುಮ್ನೆ ಕಾಲ್ ಕೆದರಿ ಜಗಳ್ಕ ನಿಂದ್ರತಾನಂತ ತಿಳಿಯಲ್ಲಾ.,Disgust
"ಅಂಗ್ಡಿಯವ್ನು ಡ್ಯೂರಿಯನ್ ಹಣ್ಣನ್ನ ಕತ್ತರ್ಸಿ ತೋರ್ಸ್ದ, ಅದ್ರ್ ವಾಸ್ನೆಗೇ ನಂಗ್ ಹೊಟ್ಟೆ ತೊಳಸ್ದಂಗಾಯ್ತು.",Disgust
"ನಾವ್ ಕೊಲಂಬಸ್ನಾಗ ಯಾವ್ದ್ ಏನಂತ ಗೊತ್ತಿರ್ಲಾರ್ದ್ ಸಮುದ್ರದ್ ಮ್ಯಾಲ್ ಹೊಂಟಿದ್ವಿ, ರಕ್ತ್ ಹೆಪ್ಗಟ್ಟಂಗ್ ಛಳೀ ಇತ್ತು, ಅವಾಗೇ ಕರೆಂಟ್ ತಂತಿ ಬ್ಯಾರೆ ಛಟ್ಟಂತ ಸಿಡ್ದ್ಹೋಗಿ ಆ ಕತ್ಲ್ಯಾಗ ನಮ್ಗ್ ಗಡಗಡಾಂತ ನಡ್ಕ ಹತ್ಬಿಡ್ತು.",Fear
ಊಟ ಮಾಡೋ ಜಾಗದ್ ಬಗ್ಗೆ ರೆಸ್ಟೋರೆಂಟ್ನೋರು ಚೂರೂ ಗಮನ ಕೊಡ್ದೇ ಅಷ್ಟ್ ಗಲೀಜಾಗ್ ಇಟ್ಕೊಂಡಿದ್ದಿದ್ ನೋಡಿ ನಂಗಲ್ಲ್ ತಿನ್ನೋ ಮನ್ಸೇ ಹೊರ್ಟೋಯ್ತು.,Disgust
ನನ್ ಜೀವದ್ ಗೆಳೆಯ ನಂಗೋಸ್ಕರ ಪಾರ್ಟಿ ಏರ್ಪಾಟ್ ಮಾಡ್ತಿದಾನೆ ಅಂದ್ರೆ ಕೇಳೋಕೇ ಆಶ್ಚರ್ಯ ಆಗ್ತಿದೆ ನಂಗೆ!,Surprise
ಈ ವಿಳಾಸನ ಸರ್ಯಾಗ್ ಗುರ್ತಿಸೋದ್ರಲ್ಲಿ  ಗೊಂದಲ ಆಗ್ತಿದೆ. ನಾವೆಲ್ಲ್ ಕಳ್ದ್ಹೋಗ್ತೀವೋ ಅಂತ ಆತಂಕ ನಂಗೆ.,Fear
ಇಶ್ಶೀ! ಊಟ ಮಾಡೋ ಮೊದ್ಲು ಕಡೇಪಕ್ಷ ಅಷ್ಟ್ ಕೊಳಕಾಗಿರೋ ನಿಮ್ ಕೈಗಳ್ನಾದ್ರೂ ತೊಳ್ಕೊಂಡ್ ಬರ್ಬಹುದಿತ್ತು ನೀವು.,Disgust
"ಆ ಮೇಷ್ಟ್ರು ನನ್ ಮಗು ಹಾಡಿದ್ನ ಸರಿ ಮಾಡಕ್ ಬಂದಾಗ ಅವ್ರನ್ನ ಸರ್ಯಾಗ್ ತರಾಟೆಗ್ ತಗೊಂಡೆ ನಾನು, ಅವ್ರಿಗಿಂತ ಚೆನ್ನಾಗಿ ನಂಗೇ  ಸಂಗೀತ ಗೊತ್ತಿದೆ.",Anger
"ಸಾವರದ್ ಒಂಬೈನೂರ ಎಂಬತ್ಮೂರರಲ್ ವಿಶ್ವಕಪ್ ಫೈನಲ್ಸಲ್ಲಿ ಭಾರತ ವೆಸ್ಟ್ ಇಂಡೀಸ್ನ ಸೋಲಿಸ್ದಾಗ, ನಾವೆಲ್ಲ ಹೊರ್ಗಡೆ ಓಡ್ಹೋಗಿ ಒಂದ್ರಾಶಿ ಪಟಾಕಿ ಹೊಡ್ದಿದ್ವಿ.",Happiness
"ಸಮಸ್ಯೆನ್ ಕಂಡ್ಹಿಡ್ಯೋದ್ ತುಂಬಾ ಸುಲ್ಭ ಅನ್ಕೊಂಡಿದ್ದೆ ನಾನು, ಆದ್ರೆ ಇದು ಸಂಕೀರ್ಣವಾದ್ ಸಮಸ್ಯೆ, ರಿಪೇರಿ ಅಂದ್ರೆ ಜೇಬೆಲ್ಲ ಖಾಲಿಯಾಗತ್ತೆ ಅಂತ ಗೊತ್ತಾದ್ಮೇಲೆ ಅದೇ ದೊಡ್ಡ್ ತಲೆನೋವಾಗಿದೆ.",Sadness
ಧನ್ಯವಾದ! ಪರಿಣತಿ ಮತ್ತೆ ವೈಯಕ್ತಿಕವಾಗಿ ಗಮನ ಕೊಡೋದ್ ಬೇಕೂಂದ್ರೆ ಜಾಸ್ತಿ ದುಡ್ಡ್ ಕೊಡ್ಬೇಕಾಗತ್ತೆ ಅಂತ ನಂಗೆ ಈಗ್ ಅರ್ಥ ಆಯ್ತು!,Surprise
"ಮಗಾ, ನಾನ್ ನನ್ ಜಮೀನ್ನೆಲ್ಲ ಅಡ ಇಟ್ಟು ಸಾಲ ತಕಂಡಿದ್ದೆ.. ಆದ್ರೆ ಅದುನ್ನ ಸಮಯಕ್ ಸರ್ಯಾಗ್ ತೀರ್ಸಕ್ ಆಗ್ಲಿಲ್ಲ. ನಾಳೆ ಬ್ಯಾಂಕ್ನೋರ್ ಬಂದು ನಮ್ ವೊಲನೆಲ್ಲ ಜಪ್ತಿ ಮಾಡ್ಕೊತಾರಂತೆ.",Sadness
ಹೊಸಾ ಪ್ರೋಜೆಕ್ಟ್ ಸುರುಮಾಡಿದ್ದಕ್ಕ ಕಂಪ್ನಿಗಿ ಪ್ರಶಸ್ತಿ ಬಂದದ ಆದ್ರ ಅದ್ರಾಗ್ ನಾವೆಷ್ಟ್ ಕೆಲ್ಸಾ ಮಾಡೀವಂತ ಅವ್ರು ಒಂದ್ ಮಾತೂ ಹೇಳ್ಲಿಲ್ಲ ನಮ್ಗದ್ ಕೆಟ್ಟನಿಸ್ತು.,Sadness
"ನನ್ ಬಳಿ ಕೆಲ್ಸಾ ಮಾಡ ಮ್ಯಾನೆಜರ್ ಒಬ್ಬಾವ, ತಾ ರಾತ್ರಿ ಲೇಟಾಗ್ ಇ ಮೇಲ್ ಕಳ್ಸ್ಯಾನ, ಅದ್ಕ ಅವನ್ ಟೀಮಿನವ್ರು ಜಲ್ದಿ ರಿಪ್ಲೈ ಮಾಡಿಲ್ ಮತ, ಅದ್ಕಂತ ಅವ್ರ ಮ್ಯಾಲ್ ಚೀರ್ಯಾಡಿ ಹೊಲಸ್ ಭಾಷಾದಾಗ ಮಾತಾಡ್ಯಾನಂತ, ನನ್ ಮೈಯುರಿಲಿಕತ್ತದ.",Anger
ಕರೆಂಟಿನ್ ಸಾಮಾನ್ ಸೋವಿನ್ಯಾಗ ಸಿಕ್ಕು ಮತ್ ಒಂಚೂರು ಹೊಂದ್ಕೊಂಡ್ ಹೋಗಹಂಗ ರಿಟರ್ನ್ ಪಾಲಸಿ ಇರ ಒಂದೂ ಅಂಗ್ಡಿ ಸಿಗಲ್ಲಾಗ್ಯಾದಂತ ನಂಗ ಮತ್ ನಂ ಮನಿ ಮಂದಿಗಿ ಬ್ಯಾಸರಾಗ್ಯಾದ.,Sadness
ನಂಗರೇ ಥಕಥಕ ಕುಣಿಯಹಂಗಾಗ್ಯಾದ ಯಾಕಂದ್ರ ನಂದ್ ಸ್ಟಾಕ್ ಪೋರ್ಟ್ಫೋಲಿಯೋ ಸದಾ ಮಾರ್ಕೆಟ್ನಾಗ್ ಮುಂದದ.,Happiness
ವಾಹ್! ಈ ಸ್ಮಾರ್ಟ್ಫೋನಲ್ಲಿ ಫೋಟೋಗಳು ಒಳ್ಳೆ ಪ್ರೊಫೆಷನಲ್ಸ್ ತೆಗ್ದಂಗಿರತ್ತೆ.,Surprise
"ಪುಸ್ತಕಗಳ್ ಮೇಲಿನ್ ರಿಯಾಯ್ತಿ ತುಂಬಾ ಕಮ್ಮಿ ಆಯ್ತು.. ಅವ್ರು ನನ್ನ ನಡೆಸ್ಕೊಂಡ್ ರೀತಿನೂ ತುಂಬಾ ಅಗೌರವವಾಗಿತ್ತು. ಇದೊಂದ್ ಕಹಿ ನೆನಪಾಗ್ ಉಳ್ಕೊಂಡ್ಬಿಡತ್ತೆ.. ಛೇ, ಯಾಕಾದ್ರೂ ಬಂದ್ನೋ ಇಲ್ಲಿಗೆ.",Disgust
"ಯಪ್ಪಾ, ಆ ಹೆಣಭಾರದ್ ಕೇಕ್ನ ಊಹಿಸ್ಕೊಂಡ್ರೇ ಮೈ ಜುಮ್ಮಂತಿದೆ ನಂಗೆ.",Disgust
ಈ ಬಿಸಿನೆಸ್ಸು ಆನ್ಲೈನ್ಯಾಗ ಎಷ್ಟಕ್ಕೊಂದ್ ಪೇಮೆಂಟ್ ಆಪ್ಷನ್ಸ್ ಕೊಟ್ಟದಂತ್ ನೋಡಿ ನಂಗ್ ಅವಾಕ್ ಆಗಿತ್ತ.,Surprise
"ನನ್ ಸ್ನೇಹಿತ್ರನ್ನ ನನ್ ಆಟೋಮೊಬೈಲ್ ಎಕ್ಸ್ಪರ್ಟ್ ಹತ್ರ ಕಳ್ಸುವಾಗ ನಾನ್ ಎರಡ್ನೇ ಯೋಚ್ನೆನೇ ಮಾಡಲ್ಲ, ಅವ್ನು ಅವ್ರಿಗೆಲ್ಲ ಏನ್ ಕೆಲ್ಸ ಆಗ್ಬೇಕಿದ್ರೂ ಅಚ್ಚ್ಕಟ್ಟಾಗ್ ಮಾಡ್ಕೊಡ್ತಾನೆ.",Happiness
ನಮ್ ತೆರಿಗೆ ದಾಖಲೆಗಳೆಲ್ಲ ಸರ್ಯಾಗಿವೆ ಅನ್ನೋದು ದೊಡ್ಡ್ ಸಮಾಧಾನ. ಈಗ್ ನಾನು ಧೈರ್ಯವಾಗಿ ನಮ್ ಬಿಸ್ನೆಸ್ನ ವಿಸ್ತರ್ಸೋ ಕಡೆ ಗಮನಹರಿಸ್ಬಹುದು.,Happiness
ಆ ಮನುಷ್ಯನ್ ನೋಡಿ ಅಲ್ಲಿ. ದುಡ್ಡ್ ಎಣ್ಸೋವಾಗ  ಅವ್ನು ಬೆರಳನ್ನ ನೆಕ್ಕಿ ನೆಕ್ಕಿ ಎಣಿಸ್ತಿದಾನೆ.,Disgust
"ನಾನು ಮಾತ್ರೆ ತಗೊಂಡೆ, ಆದ್ರೆ ಈಗ ನಂಗೇನೂ ಸ್ಪಷ್ಟವಾಗ್ ಕಾಣ್ತಿಲ್ಲ ಮತ್ತೆ ನನ್ ಕೈಗಳ್ಯಾಕೋ ನಡುಗ್ತಾ ಇವೆ.",Fear
"ಅವ್ಳು ತುಂಬಾ ಇಷ್ಟ ಪಡೋ ಅಥ್ಲೀಟ್ ಭರ್ಜರಿಯಾಗ್ ಗೆದ್ದಾಗ ಅವ್ನಿಗೆ ಅಭಿನಂದನೆ ಹೇಳಿ ಹುರಿದುಂಬಿಸ್ತಾ ನಮ್ ಸೂಸಾನ್ ನೆಲ ಬಿಟ್ಟು ಒಂದಡಿ ಮೇಲೇ ತೇಲಾಡ್ತಿರೋ ಹಾಗಿತ್ತು, ನೋಡ್ಬೇಕಿತ್ತು ನೀನದ್ನ!",Happiness
ಅಂತೂ ಕೊನೆಗೂ ಪೊಲೀಸ್ನೋರು ಸಿಟಿಲಿ ಶಾಂತಿ ಕೆಡ್ಸೋಅಂಥ ವಿದ್ಯಾರ್ಥಿಗಳು ಕಠೋರ ಪರಿಣಾಮಗಳ್ನ ಎದುರಿಸ್ಬೇಕಾಗತ್ತೆ ಅಂತ ಖಡಕ್ ಸಂದೇಶ ಕೊಟ್ಟಿದಾರಂತೆ.,Happiness
"ನಾನಂತೂ ಆ ಅಳಿಲ್ಗಳ್ ಹತ್ರ ಹೋಗಲ್ಲಪ್ಪ, ಅವು ತಕ್ಷಣ ಕಚ್ಬಿಡತ್ವೆ ಅಥ್ವಾ ಪರ್ಚ್ ಹಾಕ್ಬಿಡತ್ವೆ.",Fear
"ಸಮಯಕ್ ಸರ್ಯಾಗಿ ಕ್ಲೈಂಟ್ಗೆ ಕೋಡ್ನ ತಲುಪ್ಸಕ್ ನಿಮ್ಕೈಲಾಗಲ್ಲ ಅನ್ನೋದ್ನ ಮೊದ್ಲೇ ಯಾಕ್ರೀ ಹೇಳ್ಲಿಲ್ಲ?! ನಾನ್ ಖಂಡಿತ ಒಪ್ಪಲ್ಲ ಇದ್ನ, ಏನೂ ನೆಪ ಹೇಳ್ಬೇಡಿ ನಂಗೀಗ!",Anger
ವ್ಯಾಕ್! ಬಚ್ಚಲ್ಮನೆ ಚರಂಡಿಲಿ ಕೂದ್ಲು ಸಿಕ್ಕೊಂಡಿದೆ. ನಾನಂತೂ ಅದ್ನ ಕ್ಲೀನ್ ಮಾಡಲ್ಲಪ್ಪ.,Disgust
ನಾನ್ ಟಿ.ವಿ. ಹಾಕ್ದಾಗ್ಲೆಲ್ಲಾ ಅದ್ರಿಂದ ಮೂರ್ಸಲ ಬೀಪ್ ಶಬ್ದ ಬಂದು ಹೊಗೆ ಬರೋಕ್ ಶುರು ಆಗತ್ತೆ! ಎಲ್ಲಿ ಢಂ ಅಂತ ಸಿಡ್ದ್ಬಿಡತ್ತೋ ಅಂತ ಭಯ ಆಗತ್ತೆ ನಂಗೆ.,Fear
"ಈ ರೆಸ್ಟೋರೆಂಟಲ್ಲಿ ಅದೆಷ್ಟ್ ಗೌಜಿ ಗದ್ದಲನಪ.. ಇಡೀ ಜಾಗವೆಲ್ಲ ಅಸ್ತವ್ಯಸ್ತ ಆಗೋಗಿದೆ, ನಾನ್ ಯಾಕಾದ್ರೂ ಇಲ್ಲಿಗ್ ಬಂದ್ನೋ.. ಕರ್ಮ, ನಂಗೊಂಚೂರೂ ಇಷ್ಟ ಇಲ್ಲ ಇದು.",Anger
ವರ್ಕ್ಲೋಡ್ ಹೆಚ್ಚಾಗ್ತಾನೇ ಇರೋದು ನಂಗ್ ಕೆಲ್ಸ ಮಾಡಕ್ಕಿರೋ ಉತ್ಸಾಹಕ್ಕೇ ದೊಡ್ಡ್ ಹೊಡ್ತ ಕೊಡ್ತಿದೆ.,Sadness
"ಶ್ರೀಹರಿಕೋಟಾದಿಂದ ಚಂದ್ರಯಾನ ಮೂರನ್ನ  ಹಾರ್ಸಿದ್ ನೋಡ್ದಾಗ ನಮಗ್ ಭಾಳ ಖುಷಿಯಾತು, ಅಭಿಮಾನ ಉಕ್ಕ್ಹರೀತು.",Happiness
ಈ ಸಣ್ ಮಕ್ಳ ಖಾತಾಕ್ ಬ್ಯಾಂಕ್ ಭಾಳ ಛೊಲೊ ಬಡ್ಡಿ ಕೊಡ್ಲಿಕತ್ತದಂತ ನಂಗ ನಂಬ್ಲಿಕ್ಕೇ ಆಗಲ್ದು! ನಾ ಅನ್ಕೊಂಡಿದ್ರಕಿಂತಾ ಇದ್ ಜಾಸ್ತಿ ಅದ!,Surprise
"ನನ್ ಕ್ರಿಪ್ಟೋಕರೆನ್ಸಿ ಪೋರ್ಟ್ಫೋಲಿಯೊ ಇಷ್ಟ್ ಬೇಗ ಬೆಳ್ದ್ಬಿಟಿರೋದ್ಕೆ ನಾನ್ ಭೂಮಿ ಮೇಲೇ ಇಲ್ಲ, ಆಕಾಶ್ದಲ್ಲೆಲ್ಲೋ ತೇಲಾಡ್ತಾ ಇದೀನಿ.",Happiness
ನಿಮ್ ಫೋನ್ ಬಗ್ಗೆ ಆದಷ್ಟು ಎಚ್ಚರ್ಕೆಯಿಂದ ಇರಿ ಅಂತ ನಾನ್ ಹೇಳಿದ್ದೆ ನಿಮ್ಗೆ. ಈಗ್ನೋಡಿ ಏನಾಗಿದೆ ಅಂತ! ಯುಪಿಐ ಲಿ ಏನೋ ಮೋಸ ಆಗಿ ಹತ್ತ್ ಸಾವಿರ್ ರೂಪಾಯ್ ಕಳ್ಕೊಂಡಿದೀರ ನೀವು.,Anger
ನಮ್ ಮಕ್ಳು ತುಂಬಾನೇ ಯೋಚ್ಸಿ ಅವ್ರ್ ಅಮ್ಮಂಗೆ ಹುಟ್ಹಬ್ಬಕ್ಕೇಂತ ಲ್ಯಾಪ್ಟಾಪ್ ತೆಕ್ಕೊಟ್ಟಿದ್ದು ಅವ್ಳಿಗೆ ಇನ್ನಿಲ್ದಷ್ಟ್ ಸಂತೋಷ ಆಯ್ತು.,Happiness
ನಮ್ಮೇಲೆ ನಂಬಿಕೆ ಇಟ್ಟಿದ್ದಕ್ಕೆ ಧನ್ಯವಾದ ಸರ್. ಮುಂದೆ ನಿಮ್ಗೆ ಮತ್ತೆ ಸೇವೆ ಒದಗಿಸ್ಲಿಕ್ಕೆ ನಾವು ಸಂತೋಷದಿಂದ ಸಿದ್ಧರಿರ್ತೇವೆ.,Happiness
ಬೈಜುಸ್ನವ್ರಿಗಿ ಭಾರೀ ನುಕ್ಸಾನಾಗಿ ಅದ್ರ ಮಾಲಕ ಟೌನ್ಹಾಲ್ ಮೀಟಿಂಗ್ನ್ಯಾಗ್ ಯಲ್ಲಾರ್ ಮುಂದೇ ಅತ್ತಾನ ಪಾಪ.,Sadness
ಓವನ್ಯಾಗಿಂದ ತಾಜಾ ಬ್ರೆಡ್ಡಿನ್ ಘಮ ಬಂದಾಗೆಲ್ಲ ನಂಗ್ ಹಳೀ ನೆನಪ್ ಬಂದು ತೃಪ್ತಿ ಆಗ್ತದ.,Happiness
"ಇಲ್ಲಿ ಪುಸ್ತಕಗಳ್ನ ಅವ್ಗಳ ಮೂಲ ಬೆಲೆಯ ಅರ್ಧದಷ್ಟಕ್ಕೆ ಮಾರ್ತಾರೆ ಅಂತ ಯಾರೋ ಹೇಳಿದ್ರು ನಂಗೆ. ಆದ್ರೆ ಈ ಪುಸ್ತಕದ್ ಬೆಲೆ ಅದ್ರ ಅರ್ಧ ಬೆಲೆಗಿಂತ ಜಾಸ್ತಿಯಿದೆ. ಈಗ್ ನನ್ಹತ್ರ ಸಾಕಷ್ಟ್ ದುಡ್ಡಿಲ್ಲ, ಹೇಗಪ್ಪ ಈ ಪುಸ್ತಕ ತಗೊಳೋದು?",Sadness
"ವಾರೆವ್ಹಾ, ಈ ಹೊಸ ಸ್ಮಾರ್ಟ್ಫೋನ್ ಅದೆಷ್ಟ್ ಬೇಗ ಚಾರ್ಜ್ ಆಗತ್ತೆ ಅಂದ್ರೆ ನಂಗ್ ನಂಬಕ್ಕೇ ಆಗ್ತಿಲ್ಲ!",Surprise
ಅಂಗ್ಡಿಲಿ ಆ ಪದಾರ್ಥ ಇದ್ಯೋ ಇಲ್ವೋ ಅಂತ ಫೋನ್ ಮಾಡಿ ಮೊದ್ಲೇ ತಿಳ್ಕೊಳ್ದೇ ನಾನ್ ಸುಮ್ನೇ ಅಷ್ಟ್ ದೂರ ಹೋಗ್ಬಿಡ್ತೀನಿ ಅಂತ ಅದ್ಹೇಗ್ ಅನ್ಕೊಂಡ್ರಿ ನೀವು?!,Disgust
"ಕವರೇಜ್ ಏನೂ ಸಿಗ್ದಿದ್ರೂ ನಾನ್ಯಾಕ್ ಅಷ್ಟೊಂದ್ ಜಾಸ್ತಿ ಪ್ರೀಮಿಯಂ ಕಟ್ಬೇಕು, ದುಡ್ಡೇನ್ ಗಿಡದಲ್ ಬಿಡುತ್ತಾ?!",Anger
"ಯಾವಾಗ್ಲೂ ಬೆಳಿಗ್ಗೆ   ಪೇಪರ್ ಹಾಕೋ ಹುಡ್ಗ ಬಯದಿಂದ್ಲೇ  ಬರ್ತಿದ್ದ ಯಾಕಂದ್ರೆ ನಾಯಿಗಳ್ ಗುಂಪು ಅವನನ್ ಬೆನ್ನಟ್ಟುತಿದ್ವು. ಆದ್ರಿಂದ, ಅದ್ರ ಬಗ್ಗೆ ಕ್ರಮಗಳನ್ ತಗೋಬೇಕು ಅಂತ  ಕಾರ್ಪೊರೇಷನ್ಗೆ ಹೇಳಿದ್ದೇನೆ.",Fear
"ಸಿನ್ಮಾ ಚೆನ್ನಾಗಿದ್ರೂ ನಂಗ್ ತುಂಬಾ ಬೇಜಾರಾಯ್ತು, ಯಾಕಂದ್ರೆ ಅವ್ರು ಕೊನೇಲಿ ನನ್ನಿಷ್ಟದ್ ಪಾತ್ರನ ಕೊಂದ್ಹಾಕ್ಬಿಟ್ರು.",Sadness
ನನ್ ಮಾಡ್ಯುಲರ್ ಕಿಚನ್ಗೆ ಆ ಬಡಗಿ ಎಲ್ಲನೂ ತಪ್ಪ್ ತಪ್ಪಾಗ್ ಅಳತೆ ಮಾಡಿಟ್ಟಿದ್ದಿದ್ನೋಡಿ ಅವ್ನ್ ಬಗ್ಗೆ ಬೇಜಾರಾಗೋಯ್ತು.,Sadness
"ಈ ಮಾಲಿಗ್ ಬಂದ್ರೆ ಒಂಥರ ಕೆಟ್ ಕನ್ಸ್ ಬಿದ್ದಂಗಾಗ್ಬಿಡತ್ತೆ, ನಾನ್ ಹುಡುಕ್ತಿರೋ ಯಾವ್ ವಸ್ತುನೂ ಯಾವತ್ತೂ ಸಿಗಲ್ಲ ಇಲ್ಲಿ.",Anger
"ನೀವ್ ಕಟ್ಟಿದ್ ಕಾಂಪೌಂಡ್ ಗೋಡೆ ಒಂದ್  ಬದಿಗೇ ವಾಲ್ತಾ ಇದೆ, ಎಷ್ಟ್ ದೊಡ್ ಅನರ್ಥ ಮಾಡ್ಬಿಟ್ರಲ್ಲ! ನನ್ ದುಡ್ಡೆಲ್ಲ ಹೋಯ್ತು, ನಿಮ್ ಗಾರೆ ಕೆಲ್ಸ ಹೇಗಿರುತ್ತೆ ಅಂತ ಕಣ್ಣಿಗ್ ರಾಚ್ತಿದೆ ನೋಡಿ.",Anger
ಫಿಫಾ ವಿಶ್ವಕಪ್ ಪಂದ್ಯಗಳ್ನ ನೋಡೋದ್ರಲ್ ಇರೋ ಉತ್ಸಾಹ ನಂಗ್ ಇನ್ಯಾವ್ದ್ರಲ್ಲೂ ಇರಲ್ಲ.,Happiness
"ಅವ್ರ್ ಪಡೋ ಕಷ್ಟ, ಪರಿಶ್ರಮನ ಗುರುತ್ಸಿ ಅವ್ರ್ ಬೆನ್ನ್ ತಟ್ದಿದ್ರೆ ನಮ್ ತಂಡದಲ್ಲಿರೋರೆಲ್ಲ ಒಬ್ಬೊಬ್ರಾಗಿ ಕೆಲ್ಸ ಬಿಟ್ಹೋಗ್ಬಿಡ್ತಾರೇನೋ ಅಂತ ಆತಂಕ ಆಗತ್ತೆ.",Fear
ಪ್ಯಾಂಟ್ ಹಾಕೊಂಡು ಅಳತೆ ಸರಿಹೋಗತ್ತಾ ಅಂತ ನೋಡ್ವಾಗ ನಂಗೊತ್ತಾಗ್ದೇ ಅದ್ನ ಹರ್ದ್ ಬಿಟ್ಟೆ. ಏನೂಂತ ಹೇಳ್ಲಿ ಈಗ ಅಂಗ್ಡಿಯೋರ್ಗೆ?,Fear
ಆ ನರ್ಸ್ ಸೂಜಿನ ಸರ್ಯಾಗ್ ಚುಚ್ದೇ ಅವ್ನ್ ತೋಳಿಂದ ರಕ್ತ ಸೋರೋಕ್ ಶುರುವಾಗಿ ಎಲ್ಲಾ ಕಡೆ ಹರಡ್ಬಿಟಿತ್ತು.,Disgust
ಬುಡಾಪೆಸ್ಟ್ ಮೂಲೆಮೂಲೆಲೂ ಆ ಊರಿನ್ ಶ್ರೀಮಂತ ಇತಿಹಾಸ ಕಣ್ಣಿಗ್ ಕಟ್ದ್ ಹಾಗ್ ಕಾಣೋದು ನಿಜಕ್ಕೂ ಸೊಗಸೇ ಹೌದು.,Happiness
ನಾನ್ ಈಗಷ್ಟೇ ಒಂದ್ ಅಮೂಲ್ಯವಾದ್ ಸಂಗ್ರಹಯೋಗ್ಯ ವಸ್ತುನ ಒಳ್ಳೆ ಲಾಭಕ್ ಮಾರ್ದೆ.,Happiness
"ಈ ಮತಧರ್ಮಗಳೆಲ್ಲಾವು ದೆವ್ವದ್ ಬಗ್ಗೆ ಅದೇನ್ ಹುಚ್ಚ್ ಹುಚ್ಚ್ ವಿಚಾರಾ ಹೇಳ್ತಾವಲೇ, ಅದ್ನೆಲ್ಲ ಕೇಳ್ತಿದ್ರ ನಂಗ್ ಸುಡುಸುಡು ಕೋಪ ಹತ್ಕೋತದ.",Anger
ನಾನ್ ವಿದ್ಯಾರ್ಥಿ ಪರಿಷತ್ನೋರ್ ಜೊತೆಗ್ ಮಾತಾಡೋವಾಗ ನಂಗ್ ಬೆಂಬಲ ಕೊಡಕ್ಕಾಗಲ್ಲ ಅಂದ್ರೆ ನೀವ್ ತುಟಿ ಎರಡ್ ಮಾಡ್ದೇ ತೆಪ್ಪ್ಗಿರಿ ಸಾಕು.,Anger
ಮೊದಲ್ನೇ ಸಲ ಶುರು ಮಾಡ್ತಿರೋರ್ಗಿರೋ ಆಯ್ಕೆಗಳ್ ಬಗ್ಗೆ ಒಂದ್ಸಲ ಮಾತಾಡ್ದೇ ನೀವ್ನೀವೇ ಏನೇನೋ ಊಹಿಸ್ಕೊಬೇಡಿ ಅಂತ ನಿಮ್ಗ್ ನಾನ್ ಹೇಳ್ಹೇಳ್ ಸಾಕಾಗೋಯ್ತು.. ನಿಮ್ಗಿದ್ ಇಷ್ಟ ಇಲ್ಲಾಂದ್ರೆ ದಯ್ವಿಟ್ಟು ಇಲ್ಲಿಂದ ಹೋಗ್ಬೋದು.,Disgust
ಟ್ರಾನ್ಸ್ಪೋರ್ಟೇಷನ್ ಬೆಲೆಗಳು ಪದೇ ಪದೇ  ಜಾಸ್ತಿ ಆಗ್ತಿರೋದ್ರಿಂದ ನಿಜ್ವಾಗ್ಲೂ ನನ್ಕೈಲಿ ಏನೂ ದುಡ್ಡ್ ಉಳೀತಾನೇ ಇಲ್ಲ.,Sadness
"ನಾನ್ ತುಂಬಾ ಮೆಚ್ಕೊಳೋ ಅಂಥೋರು ಕಷ್ಟದಲ್ಲಿರೋದ್ ನೋಡಕ್ಕೆ ಮನ್ಸಿಗ್ ತುಂಬಾ ನೋವಾಗತ್ತೆ, ಅದ್ರಲ್ಲೂ ನೀವು ನಿಮ್ ವೃತ್ತಿಲಿ ಅಷ್ಟೆಲ್ಲ ಸಾಧ್ನೆ ಮಾಡಿರುವಾಗ, ಹೀಗಾಗ್ಬಾರ್ದಿತ್ತು.",Sadness
"ಚಿಕಿತ್ಸೆ ತಗೊಂಡ್ಮೇಲೆ ನನ್ ಮನಸ್ಥಿತಿ ಸಾಕಷ್ಟ್ ಸುಧಾರ್ಸಿದೆ.. ದೇಹ ಮನ್ಸು ಎಲ್ಲ ಹಗೂರ, ಹಾಯಿ ಅನ್ಸ್ತಿದೆ.",Happiness
"ನಿಮ್ ಕಾರನ್ ಅಜಾಗರೂಕತೆಯಿಂದ್  ಓಡ್ಸಿ ಎರಡ್ ದಿನಗಳ್ ಹಿಂದೆ ಇ,ಸಿ,ಆರ್, ನಲ್ ನನ್ ಓವರ್ಟೇಕ್ ಮಾಡ್ದಕ್ಕೆ ನಂಗೆ ನಿಮ್ಮೆಲೆ ಕೋಪ ಇದೆ.",Anger
"ಇಷ್ಟ್ ದೊಡ್ಡ್ ಟ್ವೆಂಟಿ ಫೋರ್ ಇಂಟು ಸೆವೆನ್ ವಾಲ್ಮಾರ್ಟ್ ಮಳಿಗೆಲಿ, ಗ್ರಾಹಕ್ರಿಗೆ ಸಹಾಯ ಮಾಡೋಕ್ ಬೇಕಾಗೋಷ್ಟ್ ಸಿಬ್ಬಂದಿನ ಯಾಕ್ ನೇಮಿಸ್ಕೊಳಲ್ವೋ ನಾನಂತೂ ಕಾಣೆ.",Disgust
"ಬೆಳ್ಳಂಬೆಳಿಗ್ಗೆ ಯೋಗ, ವ್ಯಾಯಾಮ ಎಲ್ಲ ಮಾಡಾದ್ಮೇಲೆ ನಂಗೆ ದೇಹ, ಮನ್ಸೆಲ್ಲ ಹಗೂರ ಅನ್ಸತ್ತೆ.",Happiness
"ನಾ ಒಬ್ ಪುರಾತತ್ವಶಾಸ್ತ್ರಜ್ಞ ಅನಸ್ಕೊಂಡು, ತಮಿಳ್ನಾಡಿನ್ಯಾಗ ಈ ಹಳೀ ಮೂರ್ತಿಗಳ್ದು ಪತಾಹಚ್ಚಿ ಅವಕ್ಕ ಹೊರಗ್ ತಗಿಯಮುಂದ ನಂಗ ಖುಷಿಲಿಂದ್ ಮೈ ಜುಂ ಅನ್ಸಲಿಕತ್ತಿತ್ತು.",Happiness
ನಾ ಮನ್ಯಾಗ್ ಮತ್ ಕೆಲ್ಸದಾಗ ಯಷ್ಟೆಲ್ಲಾ  ನಿಭಾಯ್ಸ್ಬೇಕಂತ ವಿಚಾರ ಮಾಡಿದ್ರ ಕೆಲೊಮ್ಮೆ ಯದಿ ಹೊಡ್ಕೊತದ.,Fear
"ನನ್ ತಂದೆತಾಯಿ ನಂಗೋಸ್ಕರ ಎಷ್ಟೆಲ್ಲ ಮಾಡಿದಾರೆ.. ನಾನ್ ಯಾವತ್ತಿಗೂ ಅವ್ರಿಗೆ ಋಣಿ. ಏನೇ ಆದ್ರೂ ಅವ್ರ್ ಯಾವಾಗ್ಲೂ ನನ್ ಜೊತೆಗೇ, ನಂಗ್ ಒತ್ತಾಸೆ ಆಗೇ ಇದಾರೆ.",Happiness
ಈ ಐಟಂಗಿರೋ ವಾರಂಟಿನ ನೀವ್ ಗಣನೆಗ್ ತಗೊಳಲ್ಲ ಅಂದ್ರೆ ಏನ್ರಿ ಅರ್ಥ?!,Anger
ನನ್ ಕುಟುಂಬ್ದೋರು ನನ್ನಿಂದ ಎಷ್ಟೊಂದೆಲ್ಲ ನಿರೀಕ್ಷೆ ಮಾಡ್ತಾರಂದ್ರೆ ಅದ್ರ್ ಬಗ್ಗೆ ಯೋಚಿಸ್ದಾಗೆಲ್ಲ ಮನ್ಸ್ ಭಾರ ಆಗಿ ಉಸ್ರು ಕಟ್ಟತ್ತೆ ನಂಗೆ.,Sadness
"ಅರೇ ವಾಹ್, ಪಿವಿ ಸಿಂಧೂ ಎರಡ್ ಸಾವರದ್ ಇಪ್ಪತ್ರ  ಒಲಿಂಪಿಕ್ಸಲ್ಲಿ ಕಂಚಿನ್ ಪದಕ ಗೆದ್ಬಿಟ್ರು.",Surprise
ಬ್ಯಾಂಕ್ ಖಾತೆನ  ಓಪನ್ ಮಾಡಕೆ  ನನ್ ಪೋಷಕರ್ಗೆ ಸಹಾಯ ಮಾಡಕ್  ಬ್ಯಾಂಕ್ ಉದ್ಯೋಗಿ ಮನೆಗೆ ಬಂದಾಗ ನಂಗ್  ಆಶ್ಚರ್ಯ ಆಯ್ತು.,Surprise
ದಯ್ಮಾಡಿ ರೋಗಿಗಳ್ ಸಲ್ವಾಗಿ ಏನೇನ್ ವ್ಯವಸ್ಥಾ ಮಾಡಿರಿ ವಮ್ಮಿ ಹೇಳ್ಬಿಡ್ರಿ. ನಂಗ ಆರಾಮಿರ್ಲಿಕ್ ಯಲ್ಲಾ ಸವಲತ್ ಈ ದವಾಖಾನ್ಯಾಗ ಸಿಗ್ತದಂತ ನಂಗ ಖಾತ್ರಿ ಮಾಡ್ಕೊಳದದ.,Fear
"ನಾನ್ ಪ್ರಯಾಣ ಮಾಡ್ತಿದ್ದಾಗೊಂದ್ಸಲ ಯಾವ್ದೋ ಕಷ್ಟದ್ ಪರಿಸ್ಥಿತಿಲ್ ಸಿಕ್ಕಾಕೊಂಡಿದ್ದಾಗ ನನ್ ಬ್ಯಾಂಕ್ ಮ್ಯಾನೇಜರ್ ನಂಗ್ ಫೋನ್ ಮಾಡಿ ಸಹಾಯ ಮಾಡಿದ್ರು, ಆಗ್ಲಿಂದ ನಂಗ್ ಆಕೆ ಬಗ್ಗೆ ತುಂಬಾ ಗೌರವ.",Happiness
"ಅದೊಂದ್ ಕೆಟ್ ಬ್ಯಾಚ್ ಮಾರ್ಕೆಟಿಗ್ ಹೊರ್ಟೋಗಿದೆ, ಇನ್ನ್ ನಮ್ ಕಸ್ಟಮರ್ಸು ಅದ್ರ್ ಬಗ್ಗೆ ಏನೇನೆಲ್ಲ ನೆಗೆಟಿವ್ ರಿವ್ಯೂಸು, ರೇಟಿಂಗ್ಸು ಕೊಡ್ತಾರೋ ಅಂತ ಹಗಲೂರಾತ್ರಿ ಅದೇ ಚಿಂತೆ ಆಗೋಗಿದೆ ನಂಗಂತೂ.",Fear
ನಾವ್ ಶುರುಮಾಡಿದ್ ಹೊಸ ಮಾರ್ಕೆಟಿಂಗ್ ಅಭಿಯಾನ ಸಾಕಷ್ಟ್ ಸದ್ದ್ ಮಾಡ್ದಾಗ ನಮ್ ಉತ್ಸಾಹನೂ ಇಮ್ಮಡಿಸ್ತು.,Happiness
ನನ್ ಜೀವನ್ದಲ್ಲಿ ಒತ್ತಡ ಮತ್ತೆ ಏನೇನೋ ಆತಂಕಗಳು ನನ್ನನ್ನ ಎಷ್ಟೆಲ್ಲ ಹಿಂದಾಗ್ಸ್ಬಿಟ್ಟಿದ್ವು ಅಂತ ನಂಗ್ ಗೊತ್ತೇ ಆಗಿರ್ಲಿಲ್ಲ. ಈ ಕೌನ್ಸಿಲಿಂಗ್ ನಿಜಕ್ಕೂ ಪೂರ್ತಿ ಹೊಸದೇ ಆದ ದಿಕ್ಕಿನ್ ಕಡೆಗೆ ನನ್ ಕಣ್ ತೆರ್ಸಿದೆ!,Surprise
ನಾನ್ ಏನ್ ಮಾಡ್ಬಲ್ಲೆ ಅಂತ ಎಲ್ಲರ್ಗೂ ತೋರ್ಸೋ ಅವ್ಕಾಶಕ್ಕೋಸ್ಕರ ಎದುರ್ನೋಡ್ತಾ ಇದೀನಿ ನಾನು.,Happiness
"ಬ್ರಸೆಲ್ಸ್ನಲ್ಲಿ ಸ್ಟ್ರೀಟ್ ಆರ್ಟ್ ಬಿಡ್ಸೋರು ಎಷ್ಟೆಲ್ಲ ಒಳ್ಳೊಳ್ಳೆ ಬಣ್ಣಗಳ್ನ ಬಳ್ಸಿ ರಸ್ತೆನ ಚೆಂದಗಾಣ್ಸಿರ್ತಾರೆ, ನೋಡಕ್ಕೆಷ್ಟ್ ಮುದ ಕೊಡತ್ತದು ಮನ್ಸಿಗೆ.",Happiness
ಹಾಳಾಗಿರೋ ತಿಂಡಿನ ನಿಮ್ಗ್ ಮಾರಿರೋ ಆ ಅಂಗ್ಡಿ ಬಗ್ಗೆ ನಂಗ್ ಕೆಟ್ಟ್ ಕೋಪ ಬರ್ತಿದೆ.,Anger
"ನಂಗೆ ""ಏಲಿಯನ್"" ಸಿನ್ಮಾ ನೋಡ್ದಾಗ್ಲೆಲ್ಲಾ ವಿಪ್ರೀತ ಭಯ ಆಗುತ್ತಪ್ಪ, ಮುಂದೊಂದ್ ದಿನ ಆ ಥರದ್ ಜೀವಿಗಳ್ ಬಂದು ನಮ್ ಮೇಲೆ ಹಿಡಿತ ಸಾಧಿಸ್ಬೋದಾ ಅಂತ ಆತಂಕ ಕಾಡುತ್ತೆ.",Fear
ಗೃಹಿಣೀರ್ ಮಾಡೋ ಕೆಲ್ಸಕ್ ತಕ್ಕಂಗೆ ಅವ್ರಿಗ್ ಸಿಗ್ಬೇಕಾದ್ ಗೌರವ ಸಿಗ್ತಾ ಇಲ್ಲ ಅಂತ ನಂಗೆಷ್ಟೋ ಸಲ ಬೇಜಾರಾಗ್ತಿರತ್ತೆ.,Sadness
ನಂಗೆ ಇತ್ತೀಚಿಗ್ ಬಂದಿರೋ ಕಪ್ಪು ಬಣ್ಣದ್ ಮಾಡೆಲ್ ಬೇಕಿದ್ದಿದ್ದು. ನೀವ್ಯಾಕ್ ನಂಗೆ ಈ ಹಳೇ ಹಳದಿ ಕಾರ್ನ ಮಾರೋಕ್ ನೋಡ್ತಿದೀರ?!,Anger
ಟೀಮ್ ಈ ಸೀಸನಲ್ಲಿ ನಿಜ್ವಾಗ್ಲೂ ಚೆನ್ನಾಗ್ ಆಡ್ತು ಮತ್ತೆ ಎಲ್ಲಾ ಪಂದ್ಯಗಳ್ನೂ ಗೆಲ್ತು.,Happiness
"ಯಾಕ್ ಬೇಕು, ಯಾವ್ದಕ್ ಬೇಕಿರೋದು ಅಂತೆಲ್ಲ ಬೇಡ್ದಿರೋ ಪ್ರಶ್ನೆಗಳ್ನ ಕೇಳಿ ನನ್ ತಲೆತಿನ್ದೇ ಸುಮ್ನೆ ಕೇಕ್ ಮಾಡ್ಕೊಡಿ ಅಷ್ಟೇ!",Anger
"ಹೇ ಭಾರಿ ಆಯ್ತ್ ಬಿಡ್ರಿ, ನೀವ್ ಬರೀ ಗೌಂಡಿ ಅಂತ ನಾ ತಿಳ್ಕೊಂಡಿದ್ದೆ ಆದ್ರ ನೀವ್ ರಚನಾಶಕ್ತಿ ಇರ ಗೌಂಡಿ ಅಂತ ನೀವ್ ತೋರಸ್ಕೊಟ್ರಿ. ಅಡಗಿಮನ್ಯಾಗಿನ್ ಹಳೀ ಟೈಲ್ಸ್ ಜೊತಿ ಮಸ್ತ್ ಹೊಂದಅಂಥ ಹೊಸಾ ಟೈಲ್ಸ್ ಹಾಕೀರಿ.",Surprise
ಇಷ್ಟೊಂದ್ ಸಿಹಿಯಾಗಿರೋ ಸೀಬೆ ಹಣ್ಣ್ಗಳ್ನ ನಾನ್ ಯಾವತ್ತೂ ತಿಂದೇ ಇರ್ಲಿಲ್ಲ!,Surprise
ಭಾಳ ಸಮಯ ಆದ್ಮೇಲೆ ಎಲ್ರೂ ಸಂಘದ್ ಸಭೆಗೆ ಬಂದಿರೋದು ನನ್ಗೆ ತುಂಬಾ ಸಂತೋಷ ಆಗಿದೆ.,Happiness
ಈ ವ್ಯಾಯಾಮನ ಅವ್ನ್ ಮಾಡೋ ರೀತಿ ತುಂಬಾ ವಿಚಿತ್ರ ಮತ್ತೆ ಕೆಟ್ದಾಗಿರತ್ತೆ.. ನೋಡೋಕೇ ಅಸಹ್ಯ ಆಗತ್ತೆ ಅದು.,Disgust
ಹೋದ್ ತಿಂಗ್ಳ್ ನನ್ ಮಗಾ ತನ್ ಯು.ಜಿ.ನ್ಯಾಗ್ ಕಂಪ್ಯೂಟರ್ ಬಿಟ್ ಸ್ಟ್ಯಾಟಿಸ್ಟಿಕ್ಸ್ ಮೇಜರ್ ಅಂತ ಬದಲಾಸ್ಕೊಂಡಾಗ ನಾ ಹಿಗ್ಗಿ ಹೀರೀಕಾಯ್ ಆಗಿದ್ದೆ.,Happiness
ಅವ್ರ್ ಯಾವ್ ಹೊತ್ತಲ್ ಫೋನ್ ಮಾಡಿದ್ರೂ ನಮ್ಮೋರು ಅವ್ರವ್ರ್ ಜಾಗ್ದಲ್ಲಿ ಆಗಾಗ್ಲೇ ಸಿಗೋ ಹಾಗಿರ್ಬೇಕೂಂತ ನಿರೀಕ್ಷೆ ಮಾಡೋ ಆ ಕ್ಲೈಂಟ್ಇಂದಾಗಿ ನಮ್ ಟೀಮಿನ್ ಸ್ಥೈರ್ಯನೇ ಕುಗ್ಗ್ಹೋಗಿದೆ.,Sadness
ನನ್ ಅಂಗ್ಡಿ ಮುಂದೆ ಸ್ಟಾಲ್ ಹಾಕ್ಬೇಡಿ ಹಾಕ್ಬೇಡಿ ಅಂತ ನಿಮ್ಮಂಥೋರ್ ಹತ್ರ ಗೋಗರ್ಯುವಾಗೆಲ್ಲ  ನಂಗ್ ನನ್ ಬಗ್ಗೆನೇ ರೇಜಿಗೆ ಆಗೋಗತ್ತೆ.,Disgust
ಅಲ್ಲಾ ಈಗ್ ಬರೋ ಬಜೆಟ್ ಅನೌನ್ಸ್ಮೆಂಟಿಂದಾಗ ಏನ್ ನೆಚ್ಚಿಗಿ ಇರ್ಲಾರ್ದಂಗಾಗಿ ನಂಗ್ ಒಂದ್ ನಮೂನಿ ಪುಕುಪುಕು ಆಗ್ಲಿಕ್ ಹತ್ಯದ.,Fear
ಈಗ ನಾವು ನೋಡ್ತಿರೋ ಈ ಜಗತ್ತು ಅಸಂಖ್ಯಾತ ತಲೆಮಾರುಗಳ ಅವಶೇಷಗಳ್ಮೇಲೆ ನಿರ್ಮಾಣ ಆಗಿರೋದು ಅಂತ ಅರಿವಾದಾಗ ನಾವ್ ಎಷ್ಟ್ ಮಾತ್ರದೋರು ಅನ್ಸ್ಬಿಡತ್ತೆ.,Fear
ನಾವ್ ಹೊಸ್ದಾಗ್ ಪರಿಚಯ್ಸಿದ್ ಸರಳವಾದ್ ಆರ್ಡರಿಂಗ್ ವ್ಯವಸ್ಥೆ ನಮ್ ಗ್ರಾಹಕ್ರಿಗೆಲ್ಲ ಭಾಳ ಇಷ್ಟ ಆಗಿದೆ.,Happiness
ನಾನ್ ನೆನ್ನೆ ಆಸ್ಪತ್ರೆಗ್ ಹೋಗಿದ್ನಲ.. ಯಪ್ಪ.. ಅಲ್ಲಿ ಎಲ್ಲಾ ತುಂಬಾ ಅಸಹ್ಯವಾಗಿತ್ತು. ರೋಗಿಗಳು ಹಾಸಿಗೆಗಳ್ನ ಹಂಚ್ಕೊಂಡ್ ಮಲ್ಗೋ ಪರಿಸ್ಥಿತಿ.. ಯಾರೊಬ್ರೂ ಪ್ರಾಥಮಿಕ ನೈರ್ಮಲ್ಯನೂ ಅನುಸರಿಸ್ತಿಲ್ಲ.,Disgust
"ನಾನ್ ಲೈಸೆನ್ಸ್ ಕೊಂಡ್ಕೊಳಕ್ ಮುಂಚೆ ಆ ಕ್ಲೌಡ್ಗಿರೋ ಹಿಡನ್ ಕಾಸ್ಟ್ಸ್ ಬಗ್ಗೆ ಸೇಲ್ಸ್ಮನ್ ನಂಗೇನೂ ಹೇಳ್ಲೆ ಇಲ್ಲ, ಅವ್ನ್ ಸಿಕ್ರೆ ಸರ್ಯಾಗ್ ತರಾಟೆ ತಗೋತೀನಿ.",Anger
ಆ ಕೋಚ್ಗೆ ಶಿಸ್ತು ಮತ್ತೆ ತಂಡದ್ ಮೇಲೆ ನಿಯಂತ್ರಣ ಎರ್ಡೂ ಇಲ್ದಿರೋದು ಹೀನಾಯ ಅನ್ಸತ್ತೆ.,Disgust
ಶಾಪಿಂಗ್ಗೆ ಅಂತ್ಲೇ ಇರೋ ಈ ಏರಿಯಾದಲ್ಲಿ ಎಲ್ಲ ಕಡೆ ಇಷ್ಟ್ ಗಲೀಜಾಗಿರೋದ್ ನೋಡ್ತಿದ್ರೆ ಅಸಹ್ಯ ಆಗ್ತಿದೆ.,Disgust
"ನಾನ್ ಏನೂ ತಡೆಯಿಲ್ದ್ಹಾಗೆ ಒಳ್ಳೆ ಅನುಭವ  ಸಿಗುತ್ತೆ ಅನ್ಕೊಂಡೆ, ಆದ್ರೆ ಕಾರ್ಯಕ್ರಮ ನನ್ ನಿರೀಕ್ಷೆ ಮಟ್ಟಕ್ಕಿರ್ಲಿಲ್ಲ, ನಂಗ್ ತುಂಬಾನೇ ನಿರಾಶೆ ಆಯ್ತು.",Sadness
ಜನ ಯಾಕಿಷ್ಟ್ ಪ್ರಜ್ಞೆ ಇಲ್ದೋರ್ ಥರ ಆಡ್ತಾರೆ? ಇದು ಯುನೆಸ್ಕೋ ಪಾರಂಪರಿಕ ತಾಣ ಆಗಿದ್ರೂ ಎಲ್ಲಾ ಕಡೆ ಕಸ ಹಾಕಿ ಅದೆಷ್ಟ್ ಗಲೀಜ್ ಮಾಡಿದಾರೆ. ಸ್ವಲ್ಪನೂ ಜವಾಬ್ದಾರಿ ಇಲ್ಲ ಇವ್ರಿಗೆ.,Anger
"ನಾನ್ ತುಂಬಾನೇ ಇಷ್ಟಪಡೋ ಫ್ಯಾಂಟಸಿ ಸರಣಿಯ ಹೊಚ್ಚ ಹೊಸ ಪುಸ್ತಕ ಅಂತೂ ನನ್ ಕೈ ಸೇರಿದೆ. ಆ ಮಾಯಾಲೋಕ್ದೊಳಗೆ ಮತ್ತೆ ಕಳ್ದ್ಹೋಗಕ್ಕೆ ಇನ್ನು ಕಾಯಕ್ಕಾಗಲ್ಲ ನಂಗೆ, ಈಗಿಂದೀಗ್ಲೇ ಓದೋಕ್ ಶುರುಮಾಡ್ತೀನಿ.",Happiness
"ನಂದೂ ಸೇರ್ದ್ಹಾಗೆ ಸುತ್ತಮುತ್ಲಿನ್ ಟೇಬಲ್ಗಳ್ಗೂ ಊಟ ತಂದ್ಕೊಡೋದ್ರಲ್ಲಿ ಅವ್ಯವಸ್ಥೆ ಮತ್ತೆ ಅಷ್ಟ್ ತಡ ಮಾಡ್ತಿದ್ದಿದ್ದು, ಒಬ್ಬ ಆಹಾರ ವಿಮರ್ಶಕನಾಗಿ ನಂಗ್ ಆ ರೆಸ್ಟೋರೆಂಟ್ ಬಗ್ಗೆ ಭಾಳ ನಿರಾಶೆ ಆಯ್ತು.",Sadness
"ಗ್ರಾಹಕ್ರೊಬ್ರು ನಮ್ ಅಂಗ್ಡಿಲಿ ಅವ್ರಿಗೆ ಆರಾಮಾಗ್ ಷಾಪಿಂಗ್ ಮಾಡಕ್ಕಾಗಿದ್ ಬಗ್ಗೆ, ಅವ್ರಿಗ್ ಬೇಕಾಗಿದ್ದೆಲ್ಲ ಸಿಕ್ಕಿದ್ರ್ ಬಗ್ಗೆ ಸೋಷಿಯಲ್ ಮೀಡಿಯಾದಲ್ಲಿ ಒಳ್ಳೆ ಅಭಿಪ್ರಾಯ ಹಂಚ್ಕೊಂಡಿದಾರೆ.",Happiness
ಸಂಘದ್ ಸಭೆ ಉದ್ದಕ್ಕೂ ಮಹಿಳಾ ನಿವಾಸಿಗಳಲ್ಲೊಬ್ರು ಇಲ್ಲ್ ವಾಸ ಇರೋ ಬೇರ್ಯೋರ್ ಮೇಲೆಲ್ಲ ಕಿರ್ಚಾಡ್ತಾ ಇದ್ದಿದ್ ಕೇಳಿ ಆ ಕಿರ್ಕಿರಿಗೆ ತಲೆಯೆಲ್ಲ ಧಿಂ ಅಂತಿದೆ.,Disgust
"ಶುಭೋದಯ! ನಾವ್ ನಿಮ್ಗೋಸ್ಕರ ಏನು ಮಾಡ್ಬೋದು, ಸರ್?",Happiness
ನುರಿತ ಜೇಬುಗಳ್ರು  ಇರೋದ್ರಿಂದ  ಸ್ಥಳೀಯ ಪ್ಯಾರಿಸ್ ರೈಲಲ್ಲಿ  ಹೋಗೋದಕ್ಕೆ  ಭಯ ಆಗ್ತಿದೆ.,Fear
"ಆ ಗೈಡು ರಾಶಿ ರೊಕ್ಕಾ ಕೊಟ್ ಎಲ್ಲಿದೋ ಒಂದ್ ಟಿಕಿಟ್ ತಂದಾನ ಮತ್ ಅದಕ್ ನಾ ರೊಕ್ಕಾ ಕೊಡ್ಬೇಕಂತಂದಾ, ನಂದರೆ ತಲಿನೇ ಕೆಟ್ತು.",Anger
"ಅವ್ರು ಎಲ್ಲನೂ ಸ್ವಚ್ಛ ಮಾಡ್ವಾಗ ಮೂಲೆಮೂಲೆನೂ ಬಿಡ್ದ್ ಹಾಗೆ, ಸಣ್ಪುಟ್ ವಸ್ತುಗಳ್ನೂ ಕ್ಲೀನ್ ಮಾಡಿದ್ನೋಡಿ ಭಾಳ ಆಶ್ಚರ್ಯ ಆಯ್ತು ನಂಗೆ.",Surprise
ಈ ವರ್ಗಾವಣೆನ ನಾನ್ ಅಪ್ರೂವ್ ಮಾಡಿರ್ಲಿಲ್ವಲ್ಲ! ನನ್ ಬ್ಯಾಂಕ್ ಖಾತೆ ಏನಾದ್ರೂ ಹ್ಯಾಕ್ ಆಗಿದ್ಯಾ?,Fear
ಈ ಫ್ರಿಡ್ಜ್ ಸರ್ಯಾಗ್ ಕೆಲ್ಸ ಮಾಡ್ದೇ ಒಳಗಿಟ್ಟ್ ಪದಾರ್ಥ ಎಲ್ಲ ಕೆಟ್ಟ್ಹೋಗಿ ಅವನ್ನ ಎಸೀಬೇಕು ಅಂದ್ರೆ ಮೈಯೆಲ್ಲ ಪರ್ಚ್ಕೊಳೋಷ್ಟ್ ಸಿಟ್ಟ್ ಬರತ್ತೆ ನಂಗೆ.,Anger
ಲೀಡರ್ಷಿಪ್ ತಪ್ಪ್ ನಿರ್ಧಾರ ತಗೊಂಡಿದ್ರಿಂದ ರಾತ್ರೋರಾತ್ರಿ ಷೇರು ಬೆಲೆಲಿ ಇಪ್ಪತ್ತ್ ಶೇಕಡ ಕುಸಿತ ಆಗಿದೆ. ನಾವ್ ಇನ್ವೆಸ್ಟ್ ಮಾಡಿರೋರ್ ಏನ್ ಮಣ್ಣ್ ತಿನ್ಬೇಕಾ?!,Anger
"ನೀವು ನಂಗೂ ಸ್ವಲ್ಪ ಮಾತಾಡೋಕ್ ಅವ್ಕಾಶ ಕೊಡ್ತೀರೋ ಹೇಗೆ? ಆಗ್ಲಿಂದ ಬರೀ ನೀವೇ ಮಾತಾಡ್ತಿದೀರ, ಚಿಟ್ಟಾಗ್ತಿದೆ ನಂಗೆ.",Anger
"ಅನಿತಾ ಮೂರ್ಜಾನಿಯವ್ರಿಗೆ ಕ್ಯಾನ್ಸರ್ ನಾಲ್ಕನೇ ಸ್ಟೇಜಲ್ಲಿದ್ರೂ ಅದ್ರಿಂದ ಪವಾಡ ಅನ್ಸೋ ಥರ ಚೇತರ್ಸ್ಕೊಂಡ್ಬಿಟ್ರಂತಲ ಅವ್ರು, ಅದ್ರ್ ಬಗ್ಗೆ ಓದಿ ನಾನಂತೂ ದಂಗಾಗ್ಹೋದೆ.",Surprise
ನೋಡು ಜೀವನ್ದಾಗ ನಂದೇ ನಂಗ್ ಹಾಸ್ಗೊಂಡ್ ಹೊಚಗೊಳಷ್ಟದ.. ನಿನ್ ಬೂಟಾಟ್ಕಿ ಅಂದ್ರ ನಂಗ್ ಆಗ್ವಲ್ದು. ನಿನ್ ನಾಟ್ಕಾ ನೋಡಿ ನೋಡಿ ತಲಿ ಚಿಟ್ ಅಂದದ.,Anger
ಒಬ್ರು ಗ್ರಾಹಕ್ರು ನಾವ್ ಅವ್ರಿಗ್ ಇಷ್ಟ ಆಗೋ ಥರ ವಸ್ತುಗಳ್ನ ಶಿಫಾರ್ಸ್ ಮಾಡಿದ್ ಬಗ್ಗೆ ಮೆಚ್ಚುಗೆ ವ್ಯಕ್ತಪಡಿಸ್ದಾಗ ಸಹಜ್ವಾಗೇ ನಮ್ಗದು ಖುಷಿ ಕೊಡ್ತು.,Happiness
ಯು.ಪಿ.ಐ. ಜಾರಿಗ್ ಬಂದಾಗ್ಲಿಂದ ನಾನ್ ಹೊರ್ಗಡೆ ಸಿಕ್ಕಾಪಟ್ಟೆ ದುಡ್ಡ್ ಖರ್ಚ್ ಮಾಡ್ತಿದೀನಿ.. ನನ್ ಖಾತೆಲಿ ಬ್ಯಾಲೆನ್ಸ್ ತುಂಬಾ ಕಡ್ಮೆ ಆಗೋಗಿದೆ.,Sadness
ಇಶ್ಶೀ! ಆ ಚಿಕ್ಕ್ ಹುಡ್ಗ ಸ್ವಿಮ್ಮಿಂಗ್ ಪೂಲ್ ಒಳ್ಗೆ ಅವ್ನ್ ಮೂಗಿಂದ ಸಿಂಬ್ಳ ತೆಗ್ದ. ನಾವ್ ಇದ್ರಿಂದ ಆಚೆ ಹೋಗಣ ನಡೀರೋ!,Disgust
"ಅಲ್ಯೂಮಿನಿಯಂ ಮರುಬಳಕೆ ಘಟಕದಲ್ಲಿ ಕೆಲ್ಸ ಮಾಡೋಕೆ ಅಲ್ಲೀ ಪರಿಸ್ಥಿತಿ ನಿಜಕ್ಕೂ ಭಯಾನಕ್ವಾಗಿದೆ, ನಾನ್ ಅಲ್ಲಿಗ್ ಹೋದಾಗ್ಲೆಲ್ಲ ತಲೆಸುತ್ತಿ ವಾಂತಿನೇ ಬರೋ ಹಾಗಾಗತ್ತೆ.",Disgust
ಹಳ್ಳಿ ಮಕ್ಳು ಮಧ್ಯೆ ಭೇದ ಭಾವ ಮಾಡಕ್ಕೆ ಯಾವ್ ಹಕ್ಕೂ ಇಲ್ಲ ನಿಮ್ಗೆ! ಏನ್ ಅನ್ಕೊಂಡಿದೀರ ನಿಮ್ಮನ್ ನೀವು?!,Anger
"ಅವ್ನು ಕಾಪಿ ಹೊಡ್ದಿದ್ರಿಂದ್ಲೇ ಪರೀಕ್ಷೆಲ್ ಪಾಸಾಗಿರೋದು, ಆದ್ರೂ ಏನ್ ಜಂಬ ಕೊಚ್ಕೊತಿದಾನೆ ನೋಡು..ಥು.",Disgust
"ಇವತ್ತು ಕಾರ್ ತೊಳ್ಯುವಾಗ ನಂಗ್ ಎದುರಾದ್ ಸಮಸ್ಯೆಗಳ್ ಬಗ್ಗೆ ಆಶ್ಚರ್ಯ ಆಯ್ತು ನಂಗೆ, ಇವೆಲ್ಲ ಹೀಗಿರತ್ತೆ ಅಂತ್ಲೇ ಗೊತ್ತಿರ್ಲಿಲ್ಲ ಇದುವರ್ಗೂ.",Surprise
"ಹಿಂಭಾಗ್ದಲ್ಲೊಂದ್ ಡೆಕ್ ಜೊತೆಗೆ ಅಲ್ಲೇ ಒಂದ್ ಔಟ್ಡೋರ್ ಅಡ್ಗೆಮನೆನೂ ಇರೋಂಥ ಬಾಡ್ಗೆ ಮನೆ ಸಿಕ್ಕಿದ್ದು ನಂಗಂತೂ ಲಾಟ್ರಿ ಹೊಡ್ದಂಗ್ ಅನ್ಸ್ತಿದೆ, ಇಲ್ಲಿ ಇಂಥ ಮನೆನೂ ಸಿಗ್ಬಹುದು ಅಂತ ಕಲ್ಪನೆನೂ ಇರ್ಲಿಲ್ಲ.",Surprise
ತಲೆ ಸರಿ ಇರೋರ್ ಯಾರಾದ್ರೂ ಗುಲಾಬಿ ಬಣ್ಣದ್ಮೇಲೆ ಹಸ್ರು ಚುಕ್ಕಿ ಇರೋ ಕಾರ್ ಓಡ್ಸಕ್ ಇಷ್ಟಪಡ್ತಾರಾ? ವ್ಯಾಕ್!,Disgust
ನಾನು ಎಲ್ಲ ಚಟಗಳ್ನೂ ಪೂರ್ತಿಯಾಗ್ ಬಿಟ್ಟು ಹತ್ತ್ ವರ್ಷಗಳಾದ್ವು. ಆದ್ರೂ ಈ ಸಂಯಮಕ್ಕೆ ವಿರುದ್ಧವಾದ್ ಯೋಚ್ನೆಗಳ್ ಬರ್ತಿವೆ ನಂಗೀಗ. ಮತ್ತೆ ಚಟಕ್ ಬಿದ್ಬಿಡ್ತೀನೋ ಏನೋ!,Fear
ಈ ಷರ್ಟಿನ್ ಡಿಸೈನ್ ಎಷ್ಟ್ ಗಲೀಜಾಗಿದೆ ಅಂದ್ರೆ ನಾನ್ ನನ್ ಜೀವ್ಮಾನ್ದಲ್ಲೇ ಹಾಕೊಳಲ್ಲ ಇದ್ನ.,Disgust
ಮೂವತ್ ವರ್ಷಾದ್ ಮ್ಯಾಲ ನನ್ ದೋಸ್ತಗ್ ನೋಡಿ ದಂಗ ಬಡಿತು ಅಂಥಾಪರಿ ಬದ್ಲಾಸ್ಯಾನ.,Surprise
ನಂ ಕ್ಲೈಂಟಿನ್ ಆಫೀಸ್ನ್ಯಾಗಿರ ಸಫಾಯಿ ಮಂದಿ ಹೇಳಿದ್ ಮಾತೇ ಕೇಳಂಗಿಲ್ಲಾ ಹಿಂಗಾಗಿ ಅಲ್ಲೆಲ್ಲಾ ಕೆಟ್ ಹೊಲಸಾಗ್ಹೋಗಿತ್ತು .,Sadness
ಬುಕಿಂಗ್ ಗುಮಾಸ್ತೆ ಹತ್ರ ನನ್ ರೈಲ್ ಟಿಕೆಟ್ನ ನಾಳೆಗ್ ಮುಂದೂಡಿ ಅಂತ ಕೇಳೋಕ್ಕೆ ನಂಗ್ ತುಂಬಾ ಭಯ ಆಗ್ತಿದೆ.,Fear
"ವಾಲಿಬಾಲ್ ಮ್ಯಾಚಲ್ಲಿ ಎದುರಾಳಿಗಳ್ ಬಗ್ಗೆ ನಮ್ ಟೀಮ್ನೋರ್ಗೆ ಯಾಕೋ ಸ್ವಲ್ಪ ಹೆದ್ರಿಕೆ ಆದಂಗಿದೆ, ಅದ್ಕೆ ಅವ್ರು ಸರ್ಯಾಗ್ ಆಡೋಕಾಗ್ತಿಲ್ಲ ಅನ್ಸತ್ತೆ.",Fear
"ನಾವು ಹಣಕಾಸಿನ್ ದಾಖಲೆಗಳ್ನ ಪರಿಶೀಲಿಸ್ತಿದ್ದಾಗ, ಮುಂದೆ ಎದುರಾಗೋ ಒಂದ್ ದೊಡ್ಡ್ ದುರಂತನ ಸೂಚ್ಸೋ ಹಾಗೆ ನಮ್ ತಲೆಯೆಲ್ಲ ಕೆಟ್ಹೋಗಿ, ಮನ್ಸಲ್ಲಿ ಒಂಥರ ಭಯ ಆವರಿಸ್ಕೊಂಡಿತ್ತು.",Fear
"ಇದು ಒಂದ್ ಗುಪ್ತ ಗೌರ್ಮೆಂಟ್ ಸ್ಪಾಟ್ ತರ ಇದೆ !ಹೊಲ್ದಲ್  ಈ ರೀತಿಯ ಊಟದ್  ವ್ಯವಸ್ಥೆನ್  ನಾನ್  ನಿರೀಕ್ಷಿಸಿರ್ಲಿಲ್ಲ, ರುಚಿಯಾದ್  ಮನೆ  ಊಟ್ದೊಂದಿಗೆ ತಾತ್ಕಾಲಿಕ ಪಿಕ್ನಿಕ್ ಏರಿಯಾ !",Surprise
ಷೇರ್ ಮಾರ್ಕೆಟ್ ಚೆನ್ನಾಗ್ ನಡೀತಿಲ್ಲ ಅಂತ ನಾನ್ ಹೇಳಿದ್ದು ಸುಮ್ನೆ ತಮಾಷೆಗಷ್ಟೇ.,Happiness
ಪ್ರತೀ ಸಲ ಪವರ್ ಔಟೇಜ್ ಆದ್ಮೇಲೂ ನಾನ್ ಫ್ರಿಡ್ಜ್ ತೆಗ್ದಾಗ ಹಳ್ಸೋಗಿರೋ ಪದಾರ್ಥಗಳ್ ಗಬ್ಬು ವಾಸ್ನೆ ಮೂಗಿಗ್ ಬಡ್ದು ಮೂರ್ಛೆ ಹೋಗೋ ಥರ ಆಗತ್ತೆ ನಂಗೆ.,Disgust
"ನಿಮ್ ಕನ್ಸಿನ್ ಕಲಾಕೃತಿಗೆ ನೀವ್ ಬೇಕೂಂತಿರೋ ಅಪ್ರೂಪದ್ ಕಚ್ಚಾ ವಸ್ತುನ ಹುಡ್ಕೋಕೆ ನಾವ್ ಕೈಮೀರ್ ಪ್ರಯತ್ನ ಪಡ್ತಿದೀವಿ, ಆದ್ರೆ ಯಾಕೋ ಅದ್ ಸಿಗೋದ್ ಕಷ್ಟ ಅನ್ಸ್ತಿದೆ.",Sadness
"ಆನ್ಲೈನಲ್ಲಿ ಒಂದಷ್ಟ್ ಮುಖ್ಯವಾದ್ ಕೆಲ್ಸಗಳ್ನ ಮಾಡಿ ಮುಗಿಸ್ಲೇಬೇಕಿದೆ ನಾನೀಗ, ಆದ್ರೆ ಇಲ್ಲಿ ವೈಫೈ ಇಲ್ದಿರೋದೇ ದೊಡ್ಡ್ ತಲೆಬಿಸಿ, ನಂಗ್ ತುಂಬಾನೇ ಟೆನ್ಷನ್ ಆಗ್ತಿದೆ.",Fear
ಪಕ್ಕದ್ಮನೆಯವ್ರು ರಾತ್ರಿ ಅವ್ರ್ ನಾಯಿನ ಮನೆಯಿಂದ ಹೊರ್ಗ್ ಹಾಕುದ್ರೂಂತ ಅದ್ ಪಾಪ ದುಃಖದಿಂದ ಊಳಿಡ್ತಾ ಇದ್ದಿದ್ ಕೇಳಿ ನಂಗ್ ಕರ್ಳು ಚುರುಕ್ ಅಂತು.,Sadness
ನಮ್ ಕಲಾ ಶಿಕ್ಷಕ್ರು ತುಂಬಾ ಭಯಂಕರ ವ್ಯಕ್ತಿ. ನಾನ್ ಅವ್ರ್ ಹತ್ರ ಪ್ರಶ್ನೆ ಕೇಳ್ದಾಗ್ಲೆಲ್ಲಾ ಅವ್ರು ಮರದ್ ಸ್ಕೇಲ್ ಆಚೆ ತೆಗ್ದು ರಪ್ ರಪ್ ಅಂತ ಬಾರಿಸ್ತಾರೆ.,Fear
ಪೊಲೀಸ್ರು ಬರೋವರ್ಗು ನೀವವ್ನಿಗೆ ಆಪ್ರೇಷನ್ ಮಾಡಲ್ಲ ಅಂತಂದ್ರೆ ಏನ್ರಿ ಅರ್ಥ? ಡಾಕ್ಟ್ರಲ್ವಾ ನೀವು? ನಿಮ್ ಕರ್ತವ್ಯ ಅಲ್ವಾ ಇದು?!,Anger
