text,label
"valare nallathu, loved it very much",Happiness
"enikk aake pediyavunnu, terrified!",Fear
"ithu valare mosham aanu, angry",Anger
"നമ്മൾ നമ്മുടെ ലക്ഷ്യങ്ങൾ സ്ഥിരമായി നിറവേറ്റിക്കൊണ്ടിരിക്കുകയാണ്, നമ്മൾ ശരിക്കും റിസല്‍ട്ട് കാണാൻ തുടങ്ങുകയാണ്.",Happiness
ഞങ്ങളുടെ പുതിയ പദ്ധതിക്ക് വേണ്ട ഫണ്ടിങ് ശരിയാക്കാൻ ഞങ്ങൾക്ക് കഴിഞ്ഞില്ല.,Sadness
എന്‍റെ മകൾ പത്മ സ്പോർട്സിൽ വളരെ മിടുക്കിയാ. കഴിഞ്ഞ വർഷം നൂറ്  മീറ്റർ ഓട്ടത്തിൽ അവൾ ഒന്നാം സ്ഥാനത്തെത്തി.,Happiness
നിക്ഷേപ തട്ടിപ്പുകൾക്ക് ഇരയാകുന്നവരുടെ എണ്ണം കണ്ട് എനിക്ക് വിശ്വസിക്കാന്‍ ആവുന്നില്ല. അത്യാര്‍ത്തിയുടെ ഫലം!,Surprise
"ഗൈഡഡ് ടൂർ ഒരു അടുക്കും ചിട്ടയുമില്ലാത്ത രീതിയിലായിരുന്നു, പറയണ്ട ചില പ്രധാന വിവരങ്ങളൊന്നും അവർ പറഞ്ഞില്ല.",Sadness
"നീ ഒരു തെറ്റ് ചെയ്തിട്ട് , ഞാൻ അത് ചൂണ്ടിക്കാണിക്കുമ്പോൾ എന്നോട് അട്ടഹസിക്കുന്നു .",Disgust
നിങ്ങൾ എനിക്ക് ഇത്രയും കൊള്ളരുതാത്ത സാധനം തരുമെന്ന് ഞാൻ പ്രതീക്ഷിച്ചില്ല.,Anger
കടയിലെ റഫ്രിജറേറ്ററിലെ സാധനങ്ങളുടെ  ദുർഗന്ധം  അസഹ്യമാ.,Disgust
ഞങ്ങളുടെ ഭക്ഷണം ലഭിക്കുന്നതിലെ കാലതാമസത്തെക്കുറിച്ച് ഞാൻ ആശങ്കാകുലനാണ്. ഇത് അതിന്റെ ഗുണനിലവാരത്തെ ബാധിച്ചിട്ടുണ്ടാകാം.,Fear
കുറെ അനാവശ്യ ചോദ്യങ്ങൾ ചോദിക്കാതെ കേക്ക് ഉണ്ടാക്കൂ.,Anger
"ഹായ് രവി, ഞാൻ റിസൾട്ടുകൾ  നോക്കി, അവ വളരെ പ്രതീക്ഷ നൽകുന്നതാണ് ട്ടോ .",Happiness
കഴിഞ്ഞ വേനൽക്കാലം നല്ല രസായിരുന്നു . എനിക്ക് ഇഷ്ടപ്പെട്ട എല്ലാ വീഡിയോ ഗെയിമുകളും ഞാൻ വീണ്ടും കളിച്ചു.,Happiness
ഈ സ്റ്റോറിലെ വിശ്രമമുറികൾ മോശമായതിനാല്‍ എനിക്കത് ഉപയോഗിക്കാനേ ഇഷ്ടല്ല.,Disgust
"ഞാൻ ശരിക്കും പ്രതീക്ഷിച്ച പോലെയൊന്നുമല്ല ഈ പ്രാദേശിക തായ്വാനീസ് ഭക്ഷണങ്ങൾ, എല്ലാം നല്ല രുചികരമാണ്.",Surprise
വരാനിരിക്കുന്ന പരിപാടിയുടെ പ്രതീക്ഷകൾ അവര്‍ക്ക് നിറവേറ്റാന്‍ പറ്റുമോന്ന് എനിക്ക് ആശങ്കയുണ്ട്.,Fear
വൗ ! ഈ വാണിജ്യ വാടക വസ്‌തുവിൽ ഇപ്പത്തന്നെ ഓഫീസ് ഫർണിച്ചറുകൾ ഉള്ളത് എത്ര ലാഭമാണ്.,Surprise
ലണ്ടനിലെ ഓയ്‌സ്റ്റർ ടിക്കറ്റ്  മെട്രോയിലും ബസിലും യാത്ര ചെയ്യാൻ  എന്നെ അനുവദിക്കുമെന്ന് എനിക്ക് അറിയില്ലായിരുന്നു.,Surprise
മുൻനിരയിലെ സീറ്റുകളിൽ  ഇരിക്കണ്ട. അയാൾ എന്നോട് വേദിയിലേക്ക് വരാൻ പറഞ്ഞാലോ!,Fear
"ഒരു സത്യസന്ധതയില്ലാത്ത, ഡ്യൂപ്ലിക്കേറ്റ്  കളിപ്പാട്ടങ്ങൾ  വിൽക്കുന്ന, വിതരണക്കാരുമായിട്ടാ  നിങ്ങടെ ടൈ അപ്പ്! അങ്ങനെ ചിന്തിക്കുന്നത് പോലും എന്നെ അമ്പരപ്പിക്കുന്നു.",Disgust
ആൾക്കാരെ പുറത്താക്കാനുള്ള ഈ തീരുമാനം കമ്പനിയെ സാരമായി തന്നെ ബാധിക്കും.,Sadness
കസ്റ്റമര്‍ കേക്കിന് എത്ര വെയിറ്റ്  വേണമെന്ന് പറഞ്ഞില്ലല്ലോ. അയാള്‍ പോവുകേം ചെയ്തു.,Fear
ഒരു കാര്യവും ഇല്ലാതെ കൂട്ടിയ ബാങ്കിങ് ഫീസിന് റീഫണ്ട് കിട്ടിയപ്പോൾ എന്തൊരു ആശ്വാസമായിരുന്നെന്നോ!,Happiness
വിവാഹിതരായ ദമ്പതികൾക്ക് അവരെ ചൂണ്ടിക്കാണിക്കാൻ മിസാറും അൽകോറും ബൈനറി സ്റ്റാർ ആണെന്ന് ഹിന്ദു മതത്തിലെ നമ്മുടെ പൂർവ്വികർക്ക് അറിയാമായിരുന്നത്രെ.,Surprise
"താങ്ക് യൂ അമ്മേ ! എനിക്ക് ഈ ഡ്രസ്സ് വാങ്ങിയതിന്, എനിക്ക് ഇത് വളരെ ഇഷ്ടപ്പെട്ടു.",Happiness
യു. എസ്. സെനറ്റ് പ്രധാനമന്ത്രി നരേന്ദ്ര മോദിക്ക് വമ്പിച്ച സ്വീകരണമാണ് നൽകിയത്; അതൊന്ന് കാണേണ്ടത് തന്നെയായിരുന്നു.,Happiness
വിമാനങ്ങളിൽ തരുന്ന  ഭക്ഷണം എനിക്ക് ഇഷ്ടല്ല . അവയ്ക്ക് ഒരു  രുചിയും ഉണ്ടാവില്ല.  പോരാത്തതിന് ഒരു ജാതി മണവും ഉണ്ടാവും.,Disgust
ഒരു ബേസിക് എമർജൻസി ഫണ്ട് പോലും ഇല്ലാത്ത ഇത്രയധികം ആളുകളുണ്ടോ?,Surprise
ചൈനയിൽ ഞാൻ അഭിമുഖീകരിച്ചേക്കാവുന്ന സാംസ്കാരിക വ്യത്യാസങ്ങളെക്കുറിച്ച് എനിക്ക് ചെറിയ ആശങ്കയുണ്ട്.,Fear
എന്‍റെ മുൻകാല മോശം അനുഭവം കാരണം ഈ റെസ്റ്റോറന്‍റിൽ നിന്ന്  ഭക്ഷണം കഴിക്കാനേ എനിക്ക് വയ്യാ.,Fear
ഈ അഴിമതിക്കാരായ രാഷ്ട്രീയക്കാരെ പൊതു സ്ഥാനങ്ങളിൽ നിന്ന് വിലക്കി നല്ല ശിക്ഷ കൊടുക്കണം .,Anger
ദയവായി ധൃതി കൂട്ടല്ലേ. കാർ ശരിയാക്കിത്തരാം. നിങ്ങളെ ഞങ്ങടെ കസ്റ്റമര്‍ ആയി നിലനിർത്താന്‍ ഞങ്ങക്ക് ഒരവസരം കൂടിത്തരൂ.,Fear
വൗ ! കുറെ കാലമായി ഞാൻ തിരയുന്ന ടീ ഷർട്ടാണിത്. ഒടുവിൽ എനിക്കത് കിട്ടി.,Surprise
കപ്പലിലെ ഒരു കാബിനിന് അവർ വാങ്ങിയത് എത്രയാണെന്നറിയോ; സാധാരണ ചാർജിനേക്കാൾ എത്രയോ കൂടുതലാണെന്ന് അറിഞ്ഞപ്പോൾ ഞാൻ അവരോട് നല്ലവണം ചൂടായി.,Anger
"ഈ ഷർട്ടിന്‍റെ ഡിസൈൻ എന്തോ മാതിരി , ഒരിക്കലും ഞാൻ ഇത് ഇടില്ല.",Disgust
"ടാക്സ് ഫയലിങ്  അത്ര എളുപ്പമുള്ള സംഭവമല്ല , എനിക്ക് ഭ്രാന്ത് പിടിക്കാൻ തുടങ്ങിയിരിക്കുന്നു!",Anger
എന്‍റെ പേപ്പറിനൊപ്പം ഞാൻ ആസ്വദിക്കുന്ന മാസികകൾ എന്‍റെ ദിവസത്തിന്‍റെ ഒരു ഭാഗമായിരിക്കുന്നു. നിങ്ങൾ അവധിയായതിനാൽ  അവ നാളെ എനിക്ക് കിട്ടില്ല  എന്നത് നിരാശാജനകമാണ്.,Sadness
കഴിഞ്ഞ ക്വാർട്ടറിൽ സ്റ്റേബിൾ ആയതിനു ശേഷം എണ്ണവില കുതിച്ചുയരുന്നത് കഷ്ടം തന്നെയാണ്.,Sadness
ഈ വർഷത്തെ വലിയ നികുതി റീഫണ്ടിനെക്കുറിച്ച് ഒരു മെസേജ് കിട്ടിയതോണ്ട്  എനിക്ക് നല്ല സന്തോഷമുണ്ട്  .,Happiness
ബീച്ചിൽ  പോകുന്നത് എനിക്കിഷ്ടല്ല.  സ്ത്രീകളും പുരുഷന്മാരും ഒന്നും നേരാവണ്ണം വസ്ത്രങ്ങൾ ധരിക്കാറേയില്ല .,Disgust
ഫോണിലൂടെ വിളിച്ച് സാധനമുണ്ടോന്നുനോക്കാതെ  ഞാൻ കടയിൽ പോകുമെന്നാണോ നിങ്ങൾ വിചാരിച്ചേ?,Disgust
കടയുടെ കൗണ്ടറിൽ ഒരു കസ്റ്റമർ വെച്ചിട്ട് പോയ മാലിന്യക്കൂമ്പാരം കണ്ടപ്പോൾ ഓക്കാനം വന്നു.,Disgust
ഈ മിക്സറിന് വാറന്‍റി ഇല്ലെന്നാണോ നിങ്ങൾ പറഞ്ഞു  വരുന്നത്? ഞാൻ ഇത് ഒരാഴ്ച മുമ്പാണ് വാങ്ങിയത്!,Anger
ഇന്ന് തിരക്ക് കുറവാന്ന് കാവൽക്കാരൻ പറഞ്ഞു. അതുകൊണ്ടാ  അയാൾ ഞങ്ങളെ കൂടുതൽ നേരം  ഇവിടെ ഇരിക്കാൻ സമ്മതിച്ചെ .,Happiness
നിങ്ങൾ ഇൻസ്റ്റാൾ ചെയ്ത മോഡുലാർ കിച്ചൺ  എനിക്ക് തീരെ  ഇഷ്ടമായില്ല .,Anger
മാന്ദ്യത്തിന്‍റെ റിസ്ക്‌ ഉള്ളത്കൊണ്ട് ആളുകള്‍ക്ക് സ്വതന്ത്രമായി ചെലവഴിക്കാന്‍ പറ്റുന്നില്ല.,Fear
ദേശീയ സുരക്ഷയുടെ പേരിൽ എല്ലാവരുടെയും വായടപ്പിക്കുകയാണ് സർക്കാർ. അഭിപ്രായസ്വാതന്ത്ര്യത്തിനൊന്നും ഒരു വിലയും ഇല്ല.,Anger
എല്ലാം ചെയ്തിട്ട് ആ പഞ്ചായത്ത് പ്രസിഡന്റ് ഇപ്പോള്‍ മുതലക്കണ്ണീര്‍ ഒഴുക്കുന്നത് കാണുമ്പോള്‍ എനിക്ക് പുച്ഛം തോന്നുന്നു.,Disgust
ഹേയ്! ഈ ബുക്കിന്  ഇരുപത്തിയഞ്ച് ശതമാനം ഡിസ്‌ക്കൗണ്ട് ഉണ്ടെങ്കിലും നിങ്ങൾ അധിക നിരക്ക് ഈടാക്കുന്നു. നിങ്ങൾ എന്നെ വഞ്ചിക്കുകയാണോ?,Anger
പല ആളുകളും ഇപ്പോൾ മാനസികാരോഗ്യം കൂടുതൽ കാര്യായി എടുക്കുന്നത് എത്ര നന്നായി!,Happiness
റാഗിങ്ങുമായി ബന്ധപ്പെട്ട സ്‌കൂൾ പോളിസി ഇനിയെങ്കിലും മാറ്റിയേ തീരൂ; റാഗിംഗ് തടയാൻ ഒരു ശ്രമവും നടത്തുന്നില്ല സ്‌കൂൾ.,Disgust
അവള്‍ എന്നെ അടിക്കാനോങ്ങിയപ്പോ ഞാൻ ആകെ വിറച്ചുപോയി.,Fear
രോഗികൾക്ക് ലഭ്യമായ സൗകര്യങ്ങൾ വിശദീകരിക്കാമോ? ആരോഗ്യ കേന്ദ്രത്തിൽ ആവശ്യമായ എല്ലാ സൗകര്യങ്ങളും ഉണ്ടോ എന്തോ!,Fear
വേഗം ഒരുങ്ങിക്കോ ! വൈകി പോയാൽ  നമ്മൾക്ക്  സീറ്റുകൾ കിട്ടില്ലെന്ന് ഞാൻ നിന്നൊട് പറഞ്ഞതാ.,Anger
"ഫോൺ അവന് കൊടുക്കരുത്. അവൻ  എന്‍റെ ഒരു ഫണ്ണി വീഡിയോ റെക്കോർഡ് ചെയ്താൽ, എനിക്ക് എന്‍റെ എല്ലാ ഫോളോവേഴ്‌സിനെയും ചിലപ്പോ നഷ്ടമാവും.",Fear
ടിക്കറ്റുകളുടെ ലഭ്യതയെക്കുറിച്ച് ഞങ്ങൾക്കിടയിൽ  തർക്കമുണ്ടായപ്പോ റെയിൽവേ ബുക്കിംഗ് ക്ലാർക്ക് എന്‍റെ ബുക്കിംഗ് ഫോം ജനാലയിലൂടെ പുറത്തേക്ക് എറിഞ്ഞപ്പോൾ ഞാൻ അപ്‌സെറ്റ് ആയി .,Anger
വൗ ! ഈ ഫിലിമിൽ  രജനികാന്ത് ഉണ്ടെന്ന് എനിക്കറിയില്ലായിരുന്നു. ഈ ഫിലിമിൽ അദ്ദേഹത്തിന്‍റെ എൻട്രി പ്രതീക്ഷിച്ചെയ്യില്ല.,Surprise
ഞാൻ എന്‍റെ പെറ്റ്സിനെ നന്നായി പരിപാലിക്കുകയും അവർ ഏറ്റവും നന്നായി ജീവിക്കണമെന്ന് ആഗ്രഹിക്കുകയും ചെയ്യുന്നയാളാ. പക്ഷേ ഇങ്ങനെയൊക്കെ ആവുമെന്ന് കരുതിയതേയില്ല.,Sadness
ആ മനുഷ്യന്‍റെ പെരുമാറ്റം കാരണം എനിക്ക് വല്ലാതെ ദേഷ്യം വന്നു. കുറച്ച് നേരം കൂടി അവൻ ഇതേ രീതിയിൽത്തന്നെ  പെരുമാറിയാൽ ഞാൻ അവനെ അടിക്കും.,Anger
ബാങ്കിൽ നിന്നാണെന്ന് പറഞ്ഞ് സാമ്പത്തിക ഇടപാട് നടത്താന്‍ എന്നോട് ഒ.ടി.പി. ആവശ്യപ്പെട്ട് വിളിച്ച ആളെപ്പറ്റി എനിക്ക് ആശങ്കയുണ്ട്.,Fear
"ഹലോ മാഡം, ഞാനാ ആദ്യം ഇവിടെ വന്നത്. ആ സീറ്റ് എന്‍റെയാ.",Anger
റീഫണ്ട് തരാന്‍ കൈക്കൂലി ചോദിക്കുന്ന ഇന്‍കം ടാക്സ് ഉദ്യോഗസ്ഥരൊക്കെ മനുഷ്യരാണോ?,Disgust
എല്ലാ സോഫ്റ്റ് വെയർ  ഉൽപ്പന്നങ്ങളും ജെനുവിൻ   ആയതോണ്ട് നിങ്ങൾക്ക് ഒരു പ്രശ്നവും വരേണ്ടതല്ല. നിങ്ങൾക്ക് ഉറപ്പാണോ?,Surprise
"അർദ്ധരാത്രിയിൽ ഒറ്റയ്ക്ക് ബേസ്മെന്‍റിലേക്ക് പോകാനോ, അയ്യോ!",Fear
"ഓ! ഇത് എന്തൊരു വേദനയാ. ഞാൻ ഡംബെല്ലുകൾ എന്‍റെ കാലിൽ ഇട്ടു , അത് വല്ലാത്ത  വേദന. എനിക്ക് എന്‍റെ കാൽ ഉയർത്താൻ പറ്റുന്നില്ല .",Sadness
പന്ത് അടിക്കുമ്പോഴെല്ലാം ചില ടെന്നീസ് കളിക്കാർ ഉച്ചത്തിൽ പിറുപിറുക്കുന്നത് വെറുപ്പിക്കുന്ന കാര്യമാ.,Disgust
എന്‍റെ പുതിയ വീടിനായുള്ള ഈ വയറുകളുടെ ക്വാളിറ്റി  എന്നെ ശരിക്കും അത്ഭുതപ്പെടുത്തി . ഇത്രയും വ്യത്യാസം ഉണ്ടാകുമെന്ന് ഞാൻ വിചാരിച്ചിരുന്നില്ല!,Surprise
"ട്രെയിനിലെ ശുചിമുറിയില്‍ കയറാന്‍ ഒക്കത്തില്ല, അത്രയ്ക്ക് വൃത്തിഹീനമാണ്",Disgust
കൗൺസിലിങ്ങിലൂടെ ഭേദപ്പെടുന്നതിനു  മുമ്പ് ഞങ്ങളുടെ മകൻ നരകയാതന അനുഭവിച്ചുവെന്ന് കേട്ടപ്പോ  ഹൃദയം തകർന്നുപോയി .,Sadness
റോഡിന്‍റെ റോംഗ് സൈഡിലൂടെ വണ്ടി ഓടിക്കുന്ന വിദ്യാസമ്പന്നരെ എനിക്ക് കാണരുത്.,Disgust
ഞങ്ങളുടെ ക്ലീനിംഗ് പ്രക്രിയയെക്കുറിച്ച് വിശദമായി അറിഞ്ഞാൽ  നിങ്ങള്‍ ആശ്ചര്യപ്പെടും .,Surprise
തിരക്കേറിയ ട്രാഫിക്കിലൂടെ വണ്ടിയോടിച്ച് പോകുമ്പോൾ എല്ലാ ദിവസവും ഒരു തരി സ്വസ്ഥതയ്ക്ക് വേണ്ടി ആശിക്കാറുണ്ട് ഞാൻ.,Sadness
"പ്രദർശിപ്പിച്ചിരിക്കുന്ന കരകൗശല വസ്തുക്കളുടെ വ്യാപ്തിയും, വൈവിധ്യവും എന്നെ ശരിക്കും ഞെട്ടിച്ചു.",Surprise
കടൽത്തീരത്ത് നമ്മടെ മേലേ വന്നുവീഴുന്ന വല്യ തിര കണ്ട് എനിക്ക് ആകെ പരിഭ്രാന്തിയായി.,Fear
"വയലുകളിൽ അനുയോജ്യമായ ഉച്ചഭക്ഷണ സൗകര്യങ്ങൾ കണ്ടെത്തുന്നതിനെക്കുറിച്ച് എനിക്ക് ആശങ്കയുണ്ട്. ശരിയായ പോഷണമില്ലാതെ ജോലി ചെയ്യുന്നത് ബുദ്ധിമുട്ടാണ്, കഴിഞ്ഞ വർഷം കുറച്ച് തൊഴിലാളികൾ തളർന്നു വീണു.",Fear
"ഹലോ, എന്നെ ഒന്ന് സംസാരിക്കാൻ അനുവദിക്കുമോ?",Anger
ഒരേ സർവീസിന്  രണ്ട് തവണ ചാർജ് ഈടാക്കിയപ്പോൾ ഞാൻ നേരെ ഹോട്ടൽ മാനേജ്‌മെന്‍റിന്‍റെ അടുത്ത് പോയി.,Anger
കാശുണ്ടാക്കാൻ എന്ത് വൃത്തികേടും ചെയ്യുന്ന പണക്കാരോട് എനിക്ക് വെറുപ്പാണ്.,Disgust
എന്‍റെ സൈക്കിളിന്‍റെ കുറഞ്ഞ ബജറ്റ് കാരണം സൈക്കിൾ വിൽപ്പനക്കാരൻ എന്നെ അവഗണിക്കുമ്പോൾ എനിക്ക് വിഷമം തോന്നി .,Sadness
മോശം കാലാവസ്ഥ കാരണം ടൂർ റദ്ദാക്കിയ കാര്യം ഞങ്ങളെ അറിയിക്കാനുള്ള മര്യാദ അവർ കാണിച്ചില്ല.,Anger
ഞാൻ ഫീഡ്‌ബാക്ക് നൽകിയപ്പോൾ ഹോട്ടല്‍ മാനേജരുടെ മോശം റെസ്‌പൊൺസിൽ  എനിക്ക്  നിരാശയായി. ഞാൻ ഭക്ഷണ വിമർശകനാണെന്ന് അയാൾക്ക് അറിയില്ലായിരുന്നു .,Sadness
"ആ ഹോട്ടലിലെ റിസപ്ഷനിസ്റ്റിന്റെ പെരുമാറ്റം കണ്ടാല്‍ തോന്നും അവരാണ് ഹോട്ടലിന്റെ ഉടമയെന്ന്, ഇത്തരം ജീവനക്കാര്‍ കാരണം ആ ഹോട്ടലില്‍ ആരും പോകില്ല.",Disgust
ഞങ്ങളുടെ കേക്കുകൾ എത്ര സ്‌നേഹത്തോടെയും ശ്രദ്ധയോടെയും എത്ര നല്ല അനുഭവം ഉറപ്പാക്കിയാണ് ഉണ്ടാക്കിയിരിക്കുന്നതെന്നോ!,Happiness
വിരമിച്ച കളിക്കാരെ മറ്റ് ക്രിക്കറ്റ് ലീഗുകളിൽ കളിക്കുന്നതിൽ നിന്ന് വിലക്കാനുള്ള ബി. സി. സി. ഐ.യുടെ തീരുമാനം അത്ര നല്ലതായില്ല.,Disgust
"ഞാൻ എപ്പോഴും എന്‍റെ റിയർവ്യൂ മിററിലേക്ക് നോക്കും , പ്രത്യേകിച്ച് എന്‍റെ പുറകിൽ ഒരു സിറ്റി ബസ് ഉണ്ടെങ്കിൽ . എന്താന്നുവച്ചാ അവർക്ക് ബ്രേക്കു കുറവാണ്.",Fear
സ്ട്രോക്കിന് ശേഷം നിത്യവൃത്തി  ഒന്നും സ്വയം ചെയ്യാന്‍ കഴിയാതെയിരിക്കുന്ന എന്നോട് അവന്‍ അങ്ങനെ എന്തിനാ സംസാരിച്ചേ?,Anger
"നിങ്ങളുടെ മാനേജർ എന്ന നിലയ്ക്കു പറയാം, ഒരിക്കലും  ഞാൻ നിങ്ങളെ ഇത്ര നിരാശനായി കണ്ടിട്ടില്ല.",Surprise
കേടായ ഭക്ഷണമാണ്  കഴിച്ചതെന്നു അറിഞ്ഞപ്പോ   എനിക്ക് ആകെ വല്ലായ്മ തോന്നി . എനിക്ക് അസുഖം വരുമോ എന്ന് പേടിയുണ്ടായിരുന്നു.,Fear
വാടക വീടിന്‍റെ മാസ്റ്റർ ബെഡ്റൂമിലെ വാക്ക് ഇൻ ക്ലോസറ്റിൽ ഒരാൾക്ക് ഉറങ്ങാൻ കഴിയുന്നത് എന്നെ ശരിക്കും അത്ഭുതപ്പെടുത്തി.,Surprise
അടിപൊളി കാഴ്ച കാണാൻ കഴിയുന്ന പുതിയ 'അമൃത്സര്‍ എക്സ്പ്രസ്' ടിക്കറ്റ് ബുക്കിംഗിന് ഞാൻ സഹായിക്കാം .,Happiness
ഗ്യാസ് സിലിണ്ടർ ഡെലിവറി ബോയ് പറഞ്ഞ സമയത്ത് എത്തുകേയില്ല.,Anger
ഞങ്ങളുടെ എതിരാളികൾക്ക് വിശാലമായ ഉൽപ്പന്ന ഓപ്ഷനുകൾ ഉണ്ടായിരിക്കുമോയെന്ന് എനിക്ക് ആശങ്കയുണ്ട്.,Fear
ആരോ  നിങ്ങളുടെ വീട് കൊള്ളയടിച്ചുവെന്ന് കേട്ടതിൽ ഞങ്ങൾക്ക് വിഷമമുണ്ട്.,Sadness
"ഒരു പ്രാദേശിക ബിസിനസിൽ നിന്ന് ബൾക്ക് ഓർഡർ ലഭിക്കുകയും, ദീർഘകാലത്തേക്ക്  കരാർ ഒപ്പിടുകയും ചെയ്തിട്ടുണ്ട്.",Happiness
ബെംഗളൂരുവിൽ രാത്രി എട്ട് മണിക്ക് കൊടുത്ത ഓർഡർ ഡെലിവറി ചെയ്യാൻ ഹോട്ടലിന്‍റെ റൂം സർവീസ്  ഇതുവരെ തയ്യാറായിട്ടില്ല.,Anger
ഞാൻ എം.ആർ.ടി.എസ്. സ്റ്റേഷനിൽ നിന്ന് പുറത്തിറങ്ങിയപ്പോ റോഡ് നിറച്ചും വേസ്റ്റ് കണ്ട് ഞാൻ മുഖം പൊത്തി .,Disgust
"അതെ, ഞാൻ ഡ്രെയിനേജിൽ നിന്ന് പന്ത് എടുക്കാൻ പോവില്ല . അത്രയ്ക്ക് നാറ്റാ .",Disgust
എല്ലാ മാസവും വീട്ടിലേക്കുള്ള  സാധനങ്ങൾ  ഒരു  മുടക്കവും കൂടാതെ  അയൽപക്കത്തെ കടക്കാരൻ എത്തിക്കുന്നതുകൊണ്ട് അതിനെക്കുറിച്ച് ഞാൻ ശ്രദ്ധിക്കാറേ ഇല്ല.,Happiness
"ഓരോ തവണയും  ഫൗൾ ആകുമ്പോൾ റഫറിമാർക്ക് ചുറ്റും കൂട്ടംകൂടുകയും ,അവരെ ശല്യപ്പെടുത്തുകയും ചെയ്യുന്ന ഫുട്ബോൾ കളിക്കാരോട് എനിക്ക് വെറുപ്പ് തോന്നുന്നു.",Disgust
ക്ലയന്‍റ് മാനേജർ എല്ലാരുടേം മുന്നിൽ തന്‍റെ ടീമിനോട് ഷൗട്ട് ചെയ്യുന്നോണ്ട് എനിക്കയാളെ കാണാനേ ഇഷ്ടല്ല.,Disgust
ബുക്കുകളെ കുറിച്ച് നല്ല അറിവുള്ള ഒരു പുസ്തക കച്ചവടക്കാരനെ കണ്ടപ്പോ  എനിക്ക് സന്തോഷമായി . അവര്‍ നല്ല വായനക്കാരന്‍ ആണ്.,Happiness
"ഓ, അത് വളരെ കഷ്ടമാണ്. എന്‍റെ ബജറ്റിനുള്ളിൽ തന്നെ എന്തെങ്കിലും കിട്ടുമെന്നാണ് ഞാന്‍ കരുതിയത്.",Disgust
ഞങ്ങളാ പഴയ കോട്ടയ്ക്കകത്ത് കേറിയപ്പോൾ അതിന്‍റെയുള്ളിൽ പല പല യുദ്ധത്തിൽ മരിച്ച ആളുകളെക്കുറിച്ചോർത്ത് ഭയങ്കര സങ്കടം വന്നു.,Sadness
"ഞാൻ ഒരു ടാബ്ലറ്റ് എടുത്തു, പക്ഷേ ഇപ്പോൾ എനിക്ക് വ്യക്തമായി കാണാൻ പറ്റുന്നില്ലാ, എന്‍റെ കൈകൾ വിറയ്ക്കാ.",Fear
"തടസ്സമില്ലാത്ത, ആസ്വാദ്യമായ ഒരു എക്സ്പീരിയൻസാണ്  ഞാൻ പ്രതീക്ഷിച്ചത്, പക്ഷേ ഈ പരിപാടി എന്‍റെ പ്രതീക്ഷകൾക്കപ്പുറത്തായിരുന്നു, എന്നെ നിരാശപ്പെടുത്തി.",Sadness
പഴയ പുസ്‌തകങ്ങൾ ഇത്രയും വലിയ വിലയ്‌ക്ക്‌ അവർ വിൽക്കുന്നത്‌ വളരെ  അർത്ഥശൂന്യമാണ്‌.,Disgust
പാണ്‌ഡിത്യമുള്ള ഗവേഷണങ്ങളെ അവഗണിക്കാനും ജനപ്രീതിക്ക് വേണ്ടി തെറ്റിദ്ധരിപ്പിക്കുന്ന വിവരങ്ങൾ പ്രചരിപ്പിക്കാനുമാണ് നിങ്ങൾ മുതിരുന്നത് എന്നോര്‍ക്കണം.,Disgust
പ്രാക്ടീസ് ക്ലാസ്സിനിടെ എന്‍റെ കുട്ടിയുടെ മോശം പെരുമാറ്റം എന്നില്‍ നിരാശ ഉണ്ടാക്കി.,Sadness
"കൃഷിയ്ക്ക് ആവശ്യമായ വിവിധ  ഉപകരണങ്ങൾ  എന്നെ അമ്പരപ്പിച്ചു. ഞാൻ ഉദ്ദേശിച്ചത്, ഇത്രയും  ടൈപ്പ്  മണ്‍വെട്ടി  ഉണ്ടെന്ന് ആർക്കറിയാമായിരുന്നു?",Surprise
സ്വിറ്റ്സർലൻഡിലേക്കുള്ള യാത്രയിൽ ഗൈഡ് ഞങ്ങളോട് വളരെ മോശമായി പെരുമാറിയതിൽ ഞങ്ങൾ അവരോട് ദേഷ്യപ്പെട്ടു.,Anger
ഞങ്ങളുടെ ഇവന്‍റിൽ ഇവന്‍റ് മാനേജർ വേണ്ടത്ര സുരക്ഷാ മുൻകരുതലുകൾ  എടുക്കാത്തത് എന്നെ ദേഷ്യം പിടിപ്പിച്ചു . നമ്മുടെ കാര്യത്തിൽ  അദ്ദേഹത്തിനു ഒരു ശ്രദ്ധ ഇല്ലാത്തത് പോലെ !`,Anger
ചെന്നൈയിൽ നിന്ന് ഒരു സൂര്യഗ്രഹണം വീക്ഷിക്കുന്ന സമയത്ത് മേഘങ്ങൾ വന്നപ്പോൾ എനിക്ക് നിരാശയായി.,Sadness
എം. എസ്. ധോണിയെ കണ്ട യുവ ഇന്ത്യൻ ക്രിക്കറ്റ് ആരാധകൻ  സന്തോഷം കൊണ്ട് തുള്ളിച്ചാടി.,Happiness
ഞങ്ങൾക്ക് കിട്ടിയ ഹോട്ടൽ മുറിയിലെ അലങ്കാരങ്ങൾ ഒക്കെ കണ്ടപ്പോൾ ഞാനും ഭാര്യയും കണ്ണും മിഴിച്ച് നിന്നുപോയി.,Surprise
രണ്ടായിരത്തിയെട്ടിലെ മാന്ദ്യകാലത്ത് എന്‍റെ സാമ്പത്തികനില ആകെ തകരേണ്ടതായിരുന്നു.,Fear
റോഡ് റേജ് സംഭവത്തിൽ വേറൊരാള്‍ തന്‍റെ കാറിനെ മറികടന്നതിനാണ് കാർ ഡ്രൈവർ അയാളെ മർദ്ദിച്ചത്.,Anger
"വീട്ടിലേക്ക് പോകാൻ ഒരു തത്കാൽ ടിക്കറ്റ് ബുക്ക് ചെയ്യാൻ ഞാൻ നോക്കി,പക്ഷെ അത് കിട്ടീല്ല.",Sadness
കസ്റ്റമേഴ്സിന് നല്ല വില ഓഫര്‍ ചെയ്യാന്‍ കഴിയുന്ന ഒരു ജനപ്രിയ ഉൽപ്പന്നത്തിന് ഡിസ്‌കൗണ്ട് കിട്ടിയതു നന്നായി.,Happiness
"ആളുകൾ വഞ്ചനയിലൂടെ പണം സമ്പാദിച്ച് പിടിക്കപ്പെടുമ്പോ, അവരുടെ തെറ്റു മൂലം ദുരിതമനുഭവിച്ച അവരുടെ കുടുംബത്തോട് എനിക്ക് സഹതാപം തോന്നുന്നു.",Sadness
"പറയുന്നതിൽ ഒന്നും തോന്നരുത്, പക്ഷേ കേക്കിന്‍റെ ഫ്ലേവറും സൈസും ഇപ്പൊ കുറച്ചേ സ്റ്റോക്കുള്ളൂ.",Sadness
ലോകകപ്പിലെ ആദ്യ മത്സരത്തിൽ കാമറൂണിനോട് അർജന്റീന തോൽക്കുമെന്ന്  ഞാന്‍ ഒട്ടും പ്രതീക്ഷിച്ചില്ല.,Surprise
രണ്ടാമതൊരു വരുമാനം വാഗ്ദാനം ചെയ്തിട്ടാണ് ഈ ആംവേ ഒക്കെ ആളെ കൂട്ടുന്നത്; ഓരോരോ തട്ടിപ്പുകൾ!,Disgust
ഫസ്റ്റ് ടൈം ഷോപ്പേർസിനുള്ള ഡിസ്കൗണ്ട് കണ്ട് ഞാൻ ഞെട്ടിപ്പോയി.,Surprise
ഹൈദരാബാദിൽ ഒരു ക്വിസ് മത്സരത്തിൽ ജയിച്ച ശേഷം പത്രത്തിൽ എന്‍റെ ചിത്രം കണ്ടപ്പോ എനിക്ക് വലിയ സന്തോഷമായി .,Happiness
തെരഞ്ഞെടുപ്പ് വാഗ്ദാനങ്ങളൊക്കൊന്നും ഒരു കുറവും ഇല്ല; ഇപ്പോൾ ഇതാ കർണാടകയിലെ ഒരു പാർട്ടി എല്ലാവർക്കും സൗജന്യ വൈദ്യുതി വാഗ്ദാനം ചെയ്തിരിക്കുന്നു!,Anger
എൻ്റെ കാറു മെച്ചപ്പെടുത്താനുള്ള മെക്കാനിക്കിന്‍റെ നിർദ്ദേശങ്ങളിൽ ഞാൻ ആവേശഭരിതനാണ്. എനിക്ക് തികച്ചും യോജ്യമായ സംഭവങ്ങള്‍ ആണ് ഇപ്പോൾ അതിന് ഉള്ളത്.,Happiness
"എന്‍റെ ഭാര്യ ചായ ഉണ്ടാക്കുന്ന രീതി എനിക്ക് നല്ല ഇഷ്ടമാണ് , ഞാൻ കുറഞ്ഞത് രണ്ട് കപ്പ് കുടിക്കാത്ത ഒരു ദിവസം ഉണ്ടാകില്ല.",Happiness
തര്‍ക്കിക്കാതെ ഞാൻ പറയുന്നത് ഒന്ന് ശ്രദ്ധിക്കൂ.,Anger
കേടുള്ള ബാച്ചുകളൊന്നും പോകാതിരിക്കാൻ പ്രത്യേകം ശ്രദ്ധിക്കണം; പിന്നെ നെഗറ്റീവ് റിവ്യൂകളും റേറ്റിംഗും ഒക്കെയായി ആകെ പ്രശ്നമാവും.,Fear
ഓൺലൈനിൽ കുറച്ച് ജോലികൾ പൂർത്തിയാക്കേണ്ടതിനാൽ  വൈഫൈ ഇല്ലാത്തത് എന്നെ ഭയപ്പെടുത്തുന്നു.,Fear
കഴിഞ്ഞ ആഴ്‌ചയുണ്ടായ തകർച്ചയ്ക്ക് ശേഷം വിപണിക്ക് ഒരു ഉണർവ് വരാൻ  സമ്പത് വ്യവസ്ഥ നന്നായി പോകുന്നതിൽ എനിക്ക് ആശ്വാസമുണ്ട്.,Happiness
വീണ്ടും റാംപിൽ ഇറങ്ങാൻ എനിയ്ക്കു വയ്യ. കഴിഞ്ഞ തവണ നല്ലൊരു വീഴ്ച്ച  വീണതാ.,Fear
എങ്ങനെയാ എന്‍റെ ചോറിൽ ഒരു കല്ല് വന്നേ? ഇതെങ്ങനെ ശരിയ്ക്കും വൃത്തിയാക്കണമെന്ന് നിങ്ങൾക്കറിയില്ലേ?,Anger
"നിങ്ങളുടെ റിട്ടേൺ പ്രോസസ്  ഭയങ്കര കോംപ്ലിക്കേറ്റഡും, ടൈം വേസ്റ്റ് ചെയ്യുന്നതുമാണ്.",Anger
ഈ നല്ല പ്രഭാതത്തിൽ  ഞങ്ങൾ  നിങ്ങൾക്കായി എന്താണ് ചെയ്യേണ്ടത്  സർ?,Happiness
ഇന്ന് രാത്രിയോടെ ഞാൻ ഈ വർക് കഴിച്ചില്ലെങ്കിൽ  നാളെ മാഡം എന്നെ വഴക്കു പറയാരിക്കും.,Fear
രാജ്യാഭിമാനത്തിനു എതിരായി  ഇന്ത്യയെ ഒറ്റിക്കൊടുക്കാനും  നിരവധി സ്വാര്‍ത്ഥരായ  ഇന്ത്യക്കാർ ഉണ്ടെന്നത്  എന്നെ  ഭയപ്പെടുത്തുന്നു.,Fear
അവരുടെ ടാക്സ്  ഫയലിങ്ങിനെ  സംബന്ധിച്ച് അവർ സംതൃപ്തരാണെന്ന് കേട്ടപ്പോൾ ഞങ്ങൾക്ക് ആശ്വാസമായി.,Happiness
നിൻ്റെ ഈ കരുണയില്ലായ്മയാണ് എന്നെ ചൊടിപ്പിക്കുന്നത്.,Anger
റോമാക്കാരുമായുള്ള തമിഴ്‌നാടിന്‍റെ വ്യാപാരത്തിൽ നിന്നുള്ള പുരാവസ്തുക്കൾ മ്യൂസിയത്തിൽ കണ്ടതിൽ ഞാൻ ത്രില്ലിലാണ്.,Happiness
സൈക്കിൾ സ്റ്റോറിൽ കയറി അഞ്ച്മി മിനിറ്റിനുള്ളിൽത്തന്നെ  എന്‍റെ ബജറ്റിനുള്ളിൽ ഇത്രയും നല്ല ഒരു ബൈക്ക് കണ്ടെത്തുമെന്ന് ഞാൻ പ്രതീക്ഷിച്ചിരുന്നില്ല.,Surprise
ഇന്ത്യയിലെ സാഹചര്യങ്ങളിലുണ്ടായ മാറ്റത്തിൽ എനിക്ക് വലിയ പ്രതീക്ഷയുണ്ട്.,Happiness
"ഒരു രുചിയുമില്ലാത്ത, ഓരോ കടിയിലും പശ്ചാത്തപിക്കുന്ന ഒരു കേക്ക് ദേ അനുഭവിച്ചറിയാം.",Disgust
"കൊള്ളാം, മറ്റെല്ലായിടത്തും വിലകൂടിയിട്ടും  ഈ കടയിൽ  താങ്ങാവുന്ന വിലയുള്ള പച്ചക്കറികളുണ്ടെന്ന് എനിക്ക് വിശ്വസിക്കാൻ കഴിയുന്നില്ല!",Surprise
ഈ പൂ ഒരു ഭംഗിയും ഇല്ലാ . പിന്നെങ്ങെനയാ ആരെങ്കിലും ഇത് വാങ്ങുക?,Disgust
എൻ്റെ ക്രെഡിറ്റ് കാർഡിലെ പോയിന്റുകൾ കൊണ്ട് ഞാൻ എൻ്റെ എക്കാലത്തെയും സ്വപ്നമായ കാർ വാങ്ങി! എൻ്റെ വലിയൊരു സ്വപ്‌നമാണ് ഇതോടെ യാഥാർഥ്യമായത്.,Happiness
ഞാൻ എന്‍റെ പാൻ കാർഡ് കാണിച്ചില്ലെങ്കി എന്‍റെ രജിസ്ട്രേഷൻ കാൻസൽ ആക്കുന്ന് അവർ പറഞ്ഞു.,Fear
ടേക്ക് ഓഫ് ചെയ്ത ശേഷം പൊട്ടിത്തെറിച്ച ചലഞ്ചർ ഷട്ടിലിലെ ബഹിരാകാശയാത്രികരെ ഓർത്ത് എനിക്കു കരച്ചില്‍ വരുന്നു.,Sadness
ഈ ആപ്പ് എന്‍റെ പലചരക്ക് സാധനങ്ങൾ ട്രാക്ക് ചെയ്യുമെന്ന് ഞാൻ ഒരിക്കലും പ്രതീക്ഷിച്ചില്ല.,Surprise
"ഇവന്‍റിനിടെ ചില തടസ്സങ്ങൾ ഉണ്ടായപ്പോൾ, അവയിൽ നിന്ന് പഠിക്കാനും ,മെച്ചപ്പെടുത്താനുമുള്ള ഇവന്റ് മാനേജരുടെ സന്നദ്ധതയെ ഞാൻ അഭിനന്ദിക്കുന്നു.",Happiness
പ്രാദേശിക വിപണികളും സെയിൽസും  സുവനീറുകളുടെ ഒരു നിധിയാണ്.,Happiness
ഈ മ്യൂസിക്  ഭയങ്കര ഉച്ചത്തിൽ  വെറും അലങ്കോലം തന്നെ. എനിക്ക് മറ്റൊന്നിലും ശ്രദ്ധ കിട്ടണില്ല .,Anger
നോവലിന്‍റെ രണ്ടാം ഭാഗം രസായിട്ടുണ്ട്.,Happiness
"ഓ, ഞാൻ അത് പ്രതീക്ഷിച്ചില്ല. വീട്ടിൽ ഇങ്ങനെ പെരുമാറിയിട്ടേയില്ല",Surprise
കഴിഞ്ഞ ക്വാർട്ടറിൽ എന്‍റെ നിക്ഷേപങ്ങൾക്ക്  മാർക്കറ്റിൽ നല്ല ലാഭം കിട്ടിയതോണ്ട്  ഞാൻ നല്ല  സന്തോഷത്തിലാണ്.,Happiness
"ഇന്തോനേഷ്യയിലെ എക്സ്ചെയ്ഞ്ച് നിരക്ക് വെച്ച് നോക്കുമ്പോ എനിക്ക് ഒരു രൂപയ്ക്ക് പകരം ധാരാളം പ്രാദേശിക കറൻസി കിട്ടി, അതിപ്പോ നല്ല രസമാണെല്ലോ.",Happiness
എനിക്ക് തരുന്നേനു  മുമ്പ് ഡോക്ടർ ടെസ്റ്റ് സ്ട്രിപ്പിൽ തുമ്മി.,Disgust
നന്നായിരിക്കുന്നു. അത് വളരെ വേഗത്തിലായിരുന്നു. എന്‍റെ പണം രണ്ട്  സെക്കൻഡിനുള്ളിൽ ട്രാൻസ്ഫർ ചെയ്തു.,Surprise
കഴിഞ്ഞ കുറച്ച് ദിവസങ്ങളായി നിങ്ങൾ എന്തുകൊണ്ടാണ് ഇത്ര വിഷമിച്ചതിരുന്നത്  എന്ന്  ഇപ്പോഴാ  എനിക്ക് മനസിലായത്.,Sadness
മറ്റുള്ളവരുടെ പണം കവർന്നെടുക്കുന്ന ഈ ഹാക്കർമാരെ വിചാരണ കൂടാതെ ഇല്ലാതാക്കണം. അവർ ക്രിമിനൽസാണ്.,Anger
ഈയിടെയായി  പുറത്തുനിന്ന് ഭക്ഷണം കഴിക്കാൻ ഞാൻ ഇത്രമാത്രം ചെലവാക്കുന്നത്   ശരിക്കും സങ്കടം തന്നെയാണ് .,Sadness
"ഹോ അടുക്കളയിലെ കാബിനെറ്റുകളെല്ലാം പൊട്ടിച്ചിട്ടേക്കുന്നു, ഞാൻ പുതുക്കിപ്പണിയാനാ കാശ് കൊടുത്തേ; അല്ലാതെ ഇങ്ങനെയുള്ള മോശമായ കൊത്തു പണിക്കൊന്നുമല്ല.",Anger
ഈ കൊമേർഷ്യൽ പ്രോപര്‍ട്ടി  ഒരു ബിസിനസ് ജില്ലയിലാണ് സ്ഥിതിചെയ്യുന്നത് എന്നതിൽ എനിക്ക് വളരെ സന്തോഷമുണ്ട്. അതുതന്നെയാണ് ഞാൻ അന്വേഷിച്ചിരുന്നത്.,Surprise
"എൻറെ ആർട്ടിക്കിളിനുള്ള   ബോസിന്‍റെ റിവ്യൂവിനു വേണ്ടി  ഞാൻ ശ്വാസമടക്കി കാത്തിരുന്നു, പക്ഷേ ഞാൻ പ്രതീക്ഷിക്കാത്ത സമയത്താണ് അത് വന്നത്.",Surprise
"മെഡിക്കല്‍ കോളേജിലെ ജനറല്‍ വാര്‍ഡിലെ വരാന്തയില്‍ അടക്കം രോഗികള്‍ കിടക്കുന്നു, എന്ത് കഷ്ടമാണ്.",Disgust
അത്ഭുതം തന്നെ ! ഈ പരിപാടിയിലേക്ക് അധികം കളിക്കാരെ ക്ഷണിക്കാറില്ല. നിങ്ങൾ ശരിക്കും സൂപ്പറായിരിക്കണം!,Surprise
"ദൈവത്തിന് നന്ദി, ഈ ആഴ്ച മഴ പെയ്തു. ഇനി  എന്‍റെ കൃഷി നന്നായി വളരും.",Happiness
"മോനെ, ലോണിനു വേണ്ടി  ഞാൻ എന്‍റെ കൃഷിഭൂമി പണയം വെച്ചെങ്കിലും കൃത്യസമയത്ത് അത് തിരിച്ചടയ്ക്കാൻ കഴിഞ്ഞില്ല. നാളെ ബാങ്ക് ഉദ്യോഗസ്ഥർ ഞങ്ങളുടെ ഭൂമി  ജപ്തി ചെയ്യും.",Sadness
വായുസഞ്ചാരം കിട്ടാത്തതോണ്ട് ടൈറ്റാനിക്കിലേക്ക് ഇറങ്ങിയ മുങ്ങിക്കപ്പൽ കൃത്യസമയത്ത് കണ്ടെത്താൻ പറ്റില്ലെന്നാ തോന്നുന്നേ.,Fear
"എനിക്ക് ഇന്ന് ആകെ ഒരു സുഖമില്ല, ഈ മ്യൂസിക് എന്‍റെ സങ്കടം കൂട്ടുന്നു .",Sadness
റോഡരികിലെ കടയിലെ എണ്ണമയമുള്ള ഭക്ഷണം എന്‍റെ വയര്‍ കേടാക്കുന്നു.,Disgust
"പരാജയപ്പെട്ട പ്രൊജക്ടിൽ നിന്ന് ലീഡർഷിപ്പ്  കൈ കഴുകിയതിലും , സഹായിക്കാൻ ഇടപെടാത്തത്തിലും  എനിക്ക് ആക്ഷേപമുണ്ട് .",Disgust
"ഈയിടെയായി എന്നോടുള്ള നിങ്ങളുടെ  പെരുമാറ്റം തീരെ ശരിയല്ല, എനിക്കതിലത്ര സന്തോഷമൊന്നും ഇല്ല കേട്ടോ.",Anger
ഇന്ത്യ അരി കയറ്റുമതി നിർത്തിയെന്ന വാർത്ത കേട്ടപ്പോൾ യൂറോപ്പിലെ പ്രവാസികളൊക്കെ അമ്പരന്നുപോയി. ഇതിനു മാറ്റം വരില്ലേ?,Surprise
ഈ പഴയ ഉപകരണങ്ങൾ എപ്പോ വേണമെങ്കിലും തകരാമെന്ന അഭ്യൂഹങ്ങൾ ഞാൻ കേട്ടു.,Fear
"ഞാൻ ആ സബ് വേ സ്റ്റേഷനിലേക്ക് തിരിച്ച് പോകുന്നില്ല. പ്ലാറ്റ്ഫോം ആകെ വൃത്തികേടായിരുന്നു , അതിനു എന്തൊരു നാറ്റം .",Disgust
ഈ ടൂർ ഗ്രൂപ്പ് എത്രത്തോളം മോശമായാണ് കാര്യങ്ങൾ കൈകാര്യം ചെയ്യുന്നതെന്ന്  എനിക്ക് വിശ്വസിക്കാൻ കഴിയുന്നില്ല.,Disgust
ഇതില്‍ പങ്കെടുക്കാൻ നിനക്ക് ഇത്ര  ഉത്സാഹം ഉണ്ടാകുമെന്നു  ഞാൻ വിചാരിച്ചിരുന്നില്ല.,Surprise
ഞങ്ങടെ കാര്യങ്ങൾ  സത്യസന്ധമായി അവതരിപ്പിച്ചിട്ടും ജഡ്ജി പല കാര്യങ്ങളും തള്ളിക്കളയുകാ ഉണ്ടായത്.,Disgust
കേടുവന്ന ഭക്ഷണം വിൽക്കുന്നതുകൊണ്ട്  ആ കടയിൽ നിന്ന് എന്തെങ്കിലും  വാങ്ങാൻ എനിക്ക് പേടിയാണ്.,Fear
നിങ്ങളുടെ നിലവിലെ വരുമാനത്തിന്‍റെ  അവസ്ഥ അത്ര സ്വീകാര്യമല്ല. സാഹചര്യം ശരിയാക്കാൻ പെട്ടന്ന് എന്തെങ്കിലും ചെയ്യ്.,Anger
കടമൊക്കെ അടച്ചുതീർത്ത് പുതിയൊരു ബ്രാഞ്ച് കൂടി തുറന്നപ്പോൾ അവരുടെ മുഖത്തുണ്ടായ സന്തോഷം ഒന്ന് കാണേണ്ടത് തന്നെയായിരുന്നു.,Happiness
അനാവശ്യമായ ബാങ്ക് ഫീസുകൾക്കായി എത്ര പൈസയാ വേസ്റ്റ് ആക്കണേന്ന് മനുഷ്യര്‍ക്ക് അറിയില്ല..,Surprise
മൂന്ന് മണിക്കൂർ കഷ്ടപ്പെട്ട് ഉണ്ടാക്കിയതായിരുന്നു; ഒരു നിമിഷത്തെ അശ്രദ്ധയിൽ എല്ലാം കരിഞ്ഞുപോയി.,Sadness
ഞാൻ ഈ കളി കളിക്കുന്നില്ല. അവസാനായിട്ട് ഈ ബോർഡ് ഗെയിം കളിച്ചയാൾ ജീവിച്ചിരിപ്പില്ല .,Fear
"ഓ, ഈ ആഴ്ചത്തെ ഷോയിൽ ഞാൻ ഉണ്ടാക്കിയ വസ്ത്രങ്ങളാണ് മോഡലുകൾ ധരിക്കാൻ പോണതെന്നു  മാനേജർ പറഞ്ഞു.",Happiness
ഈ ടാബില്‍ ഇത്രയധികം പുസ്തകങ്ങളൊക്കെ കൊള്ളുമോ? വിശ്വസിക്കാൻ കഴിയുന്നില്ല!,Surprise
ആഴത്തില്‍ എന്നോട് സംസാരിക്കുന്ന കലാസൃഷ്‌ടികളാൽ ചുറ്റപ്പെട്ടതിൽ എനിക്ക് അതിയായ സന്തോഷമുണ്ട്.,Happiness
തെറ്റ് എന്‍റെ ടീം അംഗങ്ങളുടേതല്ലാത്ത പക്ഷം എന്ത് ധൈര്യത്തിലാ അദ്ദേഹം അവരോട് ആക്രോശിക്കുന്നെ?,Anger
പ്രൊമോഷന്  പരിഗണിക്കപ്പെടാൻ എനിക്ക് ഭാഗ്യമുണ്ടായില്ല.,Sadness
തടസ്സമില്ലാത്ത റിട്ടേണ്‍ പ്രക്രിയയ്ക്ക് എനിക്കെങ്ങനെ നന്ദി പറയണമെന്നറിയില്ല; അത് വളരെ സൗകര്യവും വേഗമേറിയതുമായിരുന്നു.,Happiness
എന്തോ കത്തണ മണം. എഞ്ചിന് തീപിടിച്ചോ?,Fear
കഴിഞ്ഞയാഴ്ച ഓഫീസ് ക്ലീനിംഗ് ടീമിനെ മുഴുവൻ വേട്ടയാടാൻ അവര്‍ ശ്രമിച്ചപ്പോൾ എനിക്ക് നല്ല ടെൻഷനായി . ഭാഗ്യത്തിന് ടീം വിട്ടുപോയില്ല.,Anger
യാതൊരു ആയാസവുമില്ലാതെ ഫുൾ സിലിണ്ടർ എളുപ്പത്തിൽ കൈകാര്യം ചെയ്യാൻ കഴിയുന്നത് ഒരു വലിയ കാര്യമാണ്. എന്‍റെ കുടുംബവും സേഫ്.,Happiness
"മുൻവിധിയോടെ തീരുമാനങ്ങൾ എടുക്കുന്ന എ.ഐ. എന്ന ആശയവും ശരി, അതുകൊണ്ടു സിസ്റ്റത്തിലുള്ള   തുടർച്ചയായ  വിവേചനവും ശരി, ഓര്‍ക്കുമ്പഴേ കടുപ്പാവുകാ.",Disgust
ഹൈദരാബാദിലെ വലിയ ആഢംബര ഹോട്ടൽ ആണ് പോലും! ജിമ്മിൽ കേറാൻ വേറെ കാശ് കൊടുക്കണമത്രേ.,Anger
കാനഡയിലെ കാട്ടുതീയിൽ ആളുകൾ നിസ്സഹായരാകുന്നു.,Fear
എന്‍റെ പ്രായമായ  അമ്മക്ക്    വീട്ടിൽ തന്നെ ഒരു ആയുർവേദ ഡോക്ടറുടെ ചികിത്സ കൊണ്ട് ഭേദമായി വരുന്നുണ്ട്.,Happiness
ആ ഗുളിക കഴിക്കണ്ട. ഒരു പന്നിയുടെ കുടലിൽ നിന്നാണ് ഇത് ഉണ്ടാക്കിയെന്ന ഞാൻ കേട്ടേ.,Disgust
എനിക്ക് ലഭിച്ച പരാതികളോടുള്ള നിങ്ങളുടെ പെട്ടെന്നുള്ള റെസ്‌പോൺസ്  ശരിക്കും ശ്രദ്ധേയമാണെന്ന് ഞാൻ പറയാൻ ആഗ്രഹിക്കുന്നു. നിങ്ങളുടെ പത്ര വിതരണം വളരെ നല്ലതാണ്..,Happiness
ഫുട്ബോൾ ലോകകപ്പിൽ എന്‍റെ ടീമിന്‍റെ തുടർച്ചയായുള്ള തോൽവി കണ്ടപ്പോ എന്‍റെ ഹൃദയം തകർന്നുപോയി .,Sadness
ഇന്നത്തെ നൃത്തപരിപാടി അടിപൊളി ആയിരുന്നു.,Happiness
"നിന്‍റെ അച്ഛൻ  എന്ന നിലയിൽ,നീ കുട്ടിയായിരിക്കുമ്പോൾ നിനക്കായി ഒന്നും ചെയ്തിട്ടില്ലെങ്കിലും നീ   എനിക്കെതിരെ നില്ക്കാത്തതിൽ എനിക്ക് വളരെ ആശ്വാസമുണ്ട്.",Happiness
ഈ കമന്‍റ്  ആളുകൾ  കാണുന്നതിൽ   ഞാൻ അമ്പരക്കാ. അതേസമയം കൂടുതൽ നിരുപദ്രവകരമായ കമന്‍റ് സ് എത്ര  വേഗത്തിലാണ് നീക്കം ചെയ്യാറുള്ളത്!,Surprise
"ആ ചാനലിലെ റിയാലിറ്റി ഷോ അരോചകമാണ്, ഇതിനൊക്കെ എങ്ങനെ റേറ്റിങ് കിട്ടുന്നു?",Disgust
ആ കടയില്‍ എല്ലാ സാധനവും അതിന്റെ യഥാര്‍ത്ഥ വിലയുടെ ഇരട്ടി വിലയ്ക്കാണ് വില്‍ക്കുന്നത്. ഇത് വല്ലാത്ത കഷ്ടമാണ് .,Disgust
"എല്ലാ മാസവും എന്‍റെ വരുമാനത്തിൽ നിന്ന് പത്ത് ശതമാനം  ഞാൻ സേവ് ചെയ്തിരുന്നു , ഇപ്പോ എന്‍റെ അക്കൗണ്ടിൽ നല്ലൊരു തുക ഉണ്ട്.",Happiness
ആ ഗ്യാസ് ഏജൻസിയിലെ ആളുകൾ എന്നോട് വളരെ മോശമായിട്ടാണ് സംസാരിച്ചത്. എനിക്ക് അവകാശപ്പെട്ട എക്സ്ട്രാ സിലിണ്ടർ തരില്ല എന്നുകൂടി പറഞ്ഞപ്പോൾ എനിക്കങ്ങോട്ട് കലി വന്നു.,Anger
നിങ്ങളുടെ സാധനങ്ങൾ മോഷ്ടിച്ച കുറ്റവാളികളെ ഞങ്ങൾ തീർച്ചയായും പിടികൂടും.,Happiness
ഒരു തെളിവും ഇല്ലാതെ പ്രേതകഥ മെനഞ്ഞുണ്ടാക്കുന്ന ആൾക്കാരെ എനിക്ക് കണ്ണെടുത്താൽ കണ്ടൂടാ.,Disgust
അത് ശാപം കിട്ടിയതാണെന്ന് പറഞ്ഞപ്പോൾ പുരാതനമായ ഓടുമേഞ്ഞ ക്ഷേത്രത്തിന്‍റെ കവാടത്തിൽ ഞെട്ടലോടെ ഞാൻ നിന്നു.,Fear
"ഓ! ക്ലിയറൻസ് സെയിലിലെ ഡിസ്‌ക്കൗണ്ട് ഒക്കെ അവസാനിച്ചു. അത് ഉണ്ടെന്നാ ഞാൻ കരുതിയേ, ഇതിപ്പോ കഷ്ടായല്ലോ.",Sadness
ഞാൻ തിരികെ നൽകിയ പാക്കേജ് ഒരിക്കലും നിങ്ങളുടെ വെയർഹൗസിൽ എത്തിയിട്ടില്ലെന്ന് അറിഞ്ഞപ്പോൾ ഞാൻ അമ്പരന്നുപോയി.,Surprise
തിയേറ്ററിൽ എന്‍റെ സീറ്റിന്‍റെ പിന്നിൽ ഇരുന്ന  ആൾടെ പെരുമാറ്റം എനിക്ക് വല്ലാതെ വെറുപ്പ് തോന്നി .,Disgust
എന്‍റെ അയൽക്കാരൻ ഒരിക്കൽപ്പോലും ടാക്സ്  ഫയൽ ചെയ്യാതെ ഞങ്ങടെ തെരുവിലുള്ള  എല്ലാരോടും അതിനെക്കുറിച്ച് വീമ്പിളക്കി നടക്കാ. അത്രയ്ക്ക് വെറുപ്പിക്കുന്ന ഒരാളാണ് അയാൾ .,Disgust
ഇതുകൊള്ളാം. അവർ ഞങ്ങൾക്ക് ശരിയായ വിവരം തരണ്ടേ; അല്ലാതെ എന്തെങ്കിലും പ്രശ്നം വരുമ്പോൾ ഞങ്ങളെ കുറ്റം പറഞ്ഞിട്ടെന്താ?,Anger
അഴിമതി തുറന്നുകാട്ടുന്ന വിസിൽ ബ്ലോവർമാരെ സർക്കാർ നിശബ്ദരാക്കുന്നത് എന്‍റെ രക്തം തിളച്ചു മറിക്കുന്നു.,Anger
രാത്രി മുഴുവനും കറന്‍റ് പോയും വന്നുമിരുന്ന് ആകെ കലിപ്പായി.,Anger
എനിക്ക് വഴി തെറ്റി. ഞാൻ ഈ  നഗരത്തിൽ ഇതാദ്യമാ. ആരേലും എന്നെ കൊള്ളയടിക്കുമോ?,Fear
ഭൂമിയുടെ ചരിത്രത്തിൽ നിരവധി തവണ വലിയ വെള്ളപ്പൊക്കം സംഭവിക്കാമായിരുന്നു എന്ന കാര്യം  ആളുകൾ തള്ളിക്കളഞ്ഞപ്പോൾ എനിക്ക് വിഷമമായി.,Sadness
എന്‍റെ പതിനേഴ് വയസ്സുള്ള അനന്തരവൾ ഒരു കർണാടക സംഗീത കച്ചേരിയിൽ നല്ല പ്രകടനം കാഴ്ചവെച്ചത് എന്നെ അത്ഭുതപ്പെടുത്തി.,Surprise
ഒരു കവറേജും ലഭിക്കാതെ ഞാൻ പിന്നെന്തിന് ഇത്രയും ഉയർന്ന പ്രീമിയം അടക്കണം?,Anger
"എന്‍റെ  കസിനോട് സംസാരിക്കാൻ എനിക്ക് നല്ല   ഇഷ്ടമാണ്, കാരണം അവൻ എപ്പോഴും നല്ല ജോളി ആണ് .",Happiness
മത്സരത്തിന് ശേഷമുള്ള അഭിമുഖത്തിൽ മറ്റൊരു ടീമിൽ നിന്നുള്ള ഒരു കളിക്കാരനെക്കുറിച്ച് മോശം പരാമർശം നടത്തിയപ്പോ  ഫുട്ബോൾ ടീമിന്‍റെ പരിശീലകനോടുള്ള  എന്‍റെ ബഹുമാനം പോയി .,Disgust
നമ്മുടെ സൈന്യത്തെയും വിമർശിക്കുന്ന ഇന്ത്യക്കാർ ഉണ്ടല്ലോ ദൈവമേ!,Anger
എത്ര കാശാണ് വീട്ടിൽ റിപ്പയറിങ്ങിനും മറ്റുമായി ചെലവാകുന്നത്; ഉള്ള കാശ് മുഴുവൻ അവിടെത്തന്നെ തീരുന്നു.,Sadness
"ആ പയ്യന്റെ മുറിവ് ആകെ പഴുത്ത് പുണ്ണായിരുന്നു, കാണാന്‍ വയ്യായിരുന്നു.",Disgust
"ഈ കൗൺസിലറെ എനിക്ക് ഇഷ്ടായി, കാരണം മണിക്കൂറിന് പകരം നേടിയ റിസൽറ്റുകളെ  നോക്കിയാണ് അദ്ദേഹം ഫീസ് ഈടാക്കിയത്.",Happiness
"ഒരു മിനിറ്റ് ഫ്രീ ഹാൻഡ് വ്യായാമം ചെയ്യാൻ കഴിയില്ലെന്നാ ഞാൻ കരുതിയേ, പക്ഷേ ഞാൻ കൂടുതൽ ചെയ്തു.",Surprise
ഞാൻ എന്‍റെ അക്കൗണ്ട് സുഹൃത്തുക്കളുമായി  ഷെയർ ചെയ്യൂന്നുണ്ടെന്നു മനസിലാക്കിയതിനാൽ   അവർ അത്  ബ്ലോക്ക്  ചെയ്തു.,Sadness
"എന്‍റെ ക്ലാസ്സിൽ വളരെ വിഷാദരോഗിയായ ഒരു ചെറുപ്പക്കാരനുണ്ട്, അവനുമായി ആരും സംസാരിക്കില്ല. എനിക്ക് അയാളോട് സഹതാപം തോന്നാ.",Sadness
ഇവിടുത്തെ ഉച്ചഭക്ഷണം എനിക്ക് വെറുപ്പാണ്- വൃത്തികെട്ട ചുറ്റുപാടുകളും  മേശകളും ശരിക്കും അരോചകമാണ്.,Disgust
ആനുവൽ  ഫീസ് അടയ്ക്കുന്നതിന് മുമ്പ് എ.സി.ടി. ബ്രോഡ്ബാൻഡ് കണക്ഷന്‍റെ ക്വാളിറ്റിയെക്കുറിച്ച്  ഒരിക്കലെങ്കിലും  നിന്നോട്  ചോദിച്ചാൽ മതിയായിരൂന്നു .,Sadness
നോക്കൂ! തീരത്തിനടുത്ത് ഒരു സ്രാവ് !,Surprise
യു.എസ്. എയർപോർട്ട് സെക്യൂരിറ്റിയിൽ ഞങ്ങൾ യാത്ര ചെയ്യുമ്പോഴെല്ലാം പരിശോധനയ്ക്കായി ഞങ്ങളെയും മറ്റ് ഏഷ്യക്കാരെയും എപ്പോഴും വിളിക്കുന്ന കാണുമ്പോ ഭയങ്കര മടുപ്പാണ്.,Disgust
രണ്ടു തവണ പൈസ കടം വാങ്ങിയിട്ടും തിരിച്ച് തരാത്ത ടീച്ചറെ കാണുന്നതേ എനിക്ക് വെറുപ്പാ.,Disgust
ഓവനിൽ  കരിഞ്ഞ കുക്കികൾ കണ്ടപ്പോൾ എനിക്ക് നിരാശയായി . അവ വീണ്ടും ബേക്ക് ചെയ്യാൻ എനിക്ക് പറ്റിയില്ല .,Sadness
ഞാൻ ഹിന്ദി പരീക്ഷയിൽ തോറ്റു എന്ന് നിങ്ങള്‍ പറയാതെ തന്നെ ആ മുഖഭാവത്തില്‍നിന്ന് എനിക്ക് അറിയാം.,Sadness
ഈ ഫ്രിഡ്ജ് എന്നെ പരീക്ഷിച്ച് കൊല്ലും. എന്‍റെ അടുക്കളയെ ഐസ് റിങ്കാക്കി മാറ്റുന്ന ഇത് ആർക്കാ വേണ്ടത്?,Anger
"ഞാൻ ചെന്നൈയിൽ നിന്ന് കന്യാകുമാരിയിലേക്ക് എഴുന്നൂറ്  കിലോമീറ്റർ റോഡ് യാത്ര ചെയ്തു , അത് എന്‍റെ ജീവിതത്തിലെ ഏറ്റവും നല്ലൊരു  അനുഭവായിരുന്നു.",Happiness
മലനിരകളിലുള്ള മോശം  കാലാവസ്ഥയിലും  റോഡിന്‍റെ  മോശം അവസ്ഥയിലും ബസ് യാത്ര ഇത്ര സുഗമമായി പോയി എന്നത് എന്നെ അത്ഭുതപ്പെടുത്തി!,Surprise
ഒരു കസ്റ്റമർ  ലൈനിലൊന്നും നിൽക്കാതെ   തന്‍റെ അടയ്ക്കാനുള്ള  പൈസ  മുന്നോട്ട് വച്ചപ്പോൾ എനിക്ക് ദേഷ്യം വന്നു.,Anger
മുംബൈയിൽ നടന്ന ഒരു കൊലപാതകത്തിൽ ആ രാഷ്ട്രീയക്കാരൻ വർഗീയത കലർത്തിയപ്പോ എനിക്ക് അത് അരോചകമായി തോന്നി.,Disgust
"എന്‍റെ കുട്ടിക്ക് അക്കൗണ്ട് തുറക്കുന്നതിനെക്കുറിച്ച് ചർച്ച ചെയ്യുമ്പോൾ, അവന്‍റെ സാമ്പത്തിക ഭാവിയെക്കുറിച്ചു ഞാൻ ആശങ്കപ്പെട്ടു.",Sadness
ശക്തനായ ഒരു എതിരാളിയെ നേരിടാൻ ബോക്സിങ് റിങ്ങിൽ  കയറിയപ്പോ  മഹേഷിനു ആകെ ടെൻഷൻ ആയി .,Fear
പുതിയ വനിതാ പരിശീലക എങനെ ഉണ്ടാകുമെന്നു എനിക്ക് ഒരു പിടിയുമില്ല   . ഒരു പുതിയ ടീച്ചിങ് സ്‌റ്റൈലുമായി പൊരുത്തപ്പെടുന്നതിനെക്കുറിച്ച് ചിന്തിക്കുന്നത് അൽപ്പം ബുദ്ധിമുട്ടാണ് .,Fear
"ക്ലയന്‍റിനെ മാനേജ് ചെയ്യാൻ നമ്മുടെ  ടീം വളരെയധികം പരിശ്രമിക്കുന്നില്ല എന്നത് ഖേദകരമാണ്, അത് കൊണ്ട്  നമുക്ക്  തന്നെ തിരിച്ചടി കിട്ടാം .",Sadness
ഓ! ഈ പൂക്കൾ ഇന്ന് രാവിലെ ഫ്രഷ് ആയി പറിച്ചെടുത്തതാണോ?,Surprise
"ഇന്നലെ ഈ  കടയിൽ നിന്ന് പച്ചക്കറി വാങ്ങിയപ്പോ, ക്വാളിറ്റി സൂപ്പറായിരുന്നു.",Happiness
"വിജ്ഞാനം, തത്ത്വചിന്ത, പ്രപഞ്ചം എന്നിവയെക്കുറിച്ച് മടുപ്പില്ലാതെ വളരെ സന്തോഷത്തോടെ   മണിക്കൂറുകൾ സംസാരിക്കാൻ എനിക്ക് കഴിയും.",Happiness
പ്രീതി! ഞങ്ങടെ അനിയത്തി  ഈ വർഷം മിസ് വേൾഡ് ചാമ്പ്യൻഷിപ്പിലേക്ക് തിരഞ്ഞെടുക്കപ്പെട്ടു!,Surprise
ഞങ്ങളെ ഏറ്റവും വലിയ ബാങ്കുകളിലൊന്നാക്കി മാറ്റുന്ന ഒരു വലിയ ഇടപാട് ഞാൻ വിജയകരമായി ക്ലോസ് ചെയ്തു.,Happiness
ഇത്രയും  വിശാലമായ കൊമ്മേർഷ്യൽ റെന്റൽ സ്‌പേസ്  കണ്ട് ഞാൻ ഞെട്ടിപ്പോയി. ഒരാഴ്ചയ്ക്കുള്ളിൽ ഇത്ര വേഗത്തിൽ കിട്ടുമെന്ന്  ഞാൻ പ്രതീക്ഷിച്ചിരുന്നില്ല!,Surprise
എന്റെ പാചക വൈദഗ്ദ്ധ്യം പരീക്ഷിക്കാൻ കഴിയുന്ന ഒരു വിശാലമായ അടുക്കള ഉണ്ടായിരിക്കുകന്നത് വളരെ നല്ലതാണ്.,Happiness
മനുഷ്യന്മാരെന്താ ഈ പഴയ കസേരകളുടെ  മൂല്യം മനസിലാക്കാത്തെ?,Anger
ഹോ!  മുപ്പത്  മിനിറ്റു കൊണ്ട് എയർപോർട്ടിൽ നിന്ന് എന്‍റെ വീട്ടിലേക്ക് എത്താൻ പറ്റുമെന്ന് എനിക്കറിയില്ലായിരുന്നു.,Surprise
"ഞങ്ങളുടെ ഫ്‌ളാറ്റില്‍ ഇപ്പോള്‍ വേസ്റ്റ് എടുക്കുന്നില്ല, അതുകൊണ്ട് പരിസരം മൊത്തം നാറ്റമാണ്.",Disgust
എനിക്ക് പ്രായമാകുമ്പോ  ആരും എന്നെ നോക്കാതിരുന്നാ എന്താ ചെയ്യാ?,Fear
"ഞാൻ ആമസോണിൽ ഒരു മൊബൈൽ ഫോൺ ഓർഡർ ചെയ്തു ,ഒരു വൃത്തികെട്ട  മോഡലാണ്  കിട്ടിയത് , അത് എനിക്ക് തീരെ ഇഷ്ടമായില്ല .",Sadness
"ഈ കൊറിയർ സർവീസ്  വീണ്ടും ഉപയോഗിക്കുന്നതിനോട്  എനിക്ക് തീരെ യോജിപ്പില്ല . ഡെലിവറി വൈകിപ്പിക്കുന്നതും, പ്രശ്നം പരിഹരിക്കാനുള്ള അവരുടെ മനോഭാവവും വെറുപ്പിക്കുന്നതാണ്.",Disgust
ഓഫീസിനെ പുതുമയുള്ളതും ആകർഷകവുമാക്കിയ സൂപ്പർവൈസറുടെ പുതിയ ക്ലീനിംഗ് ടെക്നിക്കുകളെ ഞങ്ങള്‍ നന്നായി  പ്രശംസിച്ചു.,Happiness
നീ ഒരു ദിവസം ശരാശരി മൂന്ന്  മുതൽ നാല്  തവണ വരെ രോഷാകുലനാവുന്നു.,Anger
അമേരിക്കൻ സര്‍ക്കാര്‍വിദ്യാർത്ഥികളുടെ വിദ്യാഭ്യാസ വായ്പയുടെ ഭാരം കുറച്ചതിൽ എനിക്ക് എന്തെന്നില്ലാത്ത സന്തോഷം തോന്നുന്നു.,Happiness
ബാങ്കിന്‍റെ കൊള്ളയടിക്കുന്ന വായ്പാ രീതികളിൽ എനിക്ക് വല്ലാത്ത ദേഷ്യം തോന്നുന്നു .,Anger
മൊബൈൽ പേയ്മെന്‍റുകളൊക്കെ ഇപ്പോൾ നല്ല വേഗത്തിലായല്ലോ.,Surprise
അയ്യോ... അവരുടെ ബോണസ് കുറയുമെന്ന ഈ ബാഡ് ന്യൂസ് ഞാൻ എങ്ങനെ എന്‍റെ ടീമുകളോട് പറയും  ? ചിലപ്പോ അവർ വിട്ടുപോകും.,Fear
ഒരിക്കലുമില്ല ! ഈ ഗാഡ്ജെറ്റിന് റിമോട്ട് ആയി എന്‍റെ ലൈറ്റുകൾ ഓണാക്കാനും ഓഫാക്കാനും കഴിയുമെന്നൊ ?,Surprise
ചെന്നൈയിൽ നിന്നും കൊണ്ടുവന്ന ഏതോ ലോക്കൽ ബിയർ ആണ്; വായിൽ വെക്കാൻ കൊള്ളില്ല.,Disgust
മറ്റേ ടീമിന്‍റെ പച്ചയ്ക്കൊള്ള വഞ്ചന ശരിക്കും അപമാനമായിരുന്നു.,Disgust
എന്തിനാ ഈ മിസ് വേൾഡ് മത്സരത്തിനായി ഞാൻ ഡയറ്റ് ചെയ്യാൻ സമ്മതിച്ചതെന്ന് എനിക്കറിയില്ല.   പിസ്സ കഴിക്കണത് ഞാൻ  മിസ്സ് ചെയ്യാ .,Sadness
ഒരു പെൺകുട്ടി സസ്യാഹാരത്തിലേക്ക് മാറുകയും പഴങ്ങൾ മാത്രം കഴിച്ച് മരിക്കുകയും ചെയ്തു അത്രേ.,Sadness
ഞനിപ്പോ  കൂടുതലൊന്നും പറയുന്നില്ല കാരണം കുറച്ച് പൈസ  നൽകി നിങ്ങൾ എന്നെ മുതലെടുക്കുന്നുവെന്ന് എനിക്കറിയാം .,Anger
പുതിയ ഹോട്ടലില്‍ പാലക് പനീർ വിഭവത്തിന്‍റെ രുചി സൂപ്പര്‍ ആയിരുന്നു; ഫ്ലേവറുകളുടെ  ഒരു നല്ല യോജിപ്പാണ് ഇത് തരുന്നത്.,Happiness
സ്റ്റോക്ക് മാർക്കറ്റ് നന്നായി പ്രവർത്തിക്കുന്നില്ല എന്ന് ഞാൻ തമാശ പറഞ്ഞതാ.,Happiness
എന്താ ഇത്! ടിക്കറ്റ് അടുത്ത ദിവസത്തേക്ക് മാറ്റാൻ ബുക്കിംഗ് ക്ലാർക്ക് മറന്നെന്നോ?,Surprise
ഈ കടയിലെ വെളിച്ചം എന്ത് മോശമാണ്; നല്ല സാധനം പോലും ഇവിടെ ചീത്തയായിട്ടാണ് കാണുന്നത്.,Disgust
ആളുകൾ തമിഴ് ടിവി സീരിയലുകൾ കാണുകയും ലോകം അവർക്കെതിരെ ഗൂഢാലോചന നടത്തുവാണെന്ന് വിശ്വസിക്കുകയും ചെയ്യുന്നത് കാണുമ്പോൾ എനിക്ക് ദേഷ്യം വരും.,Anger
"മോനെ, എന്‍റെ ഓഫീസ് ലാപ് ടോപ്പിൽ ഗെയിമുകൾ കളിക്കരുതെന്ന് ഞാൻ പല തവണ നിന്നോട്  പറഞ്ഞിട്ടുള്ളതല്ലേ?",Anger
ഞാൻ ജോലി വിട്ടതിനുശേഷം ആരും എന്നെ അംഗീകരിക്കാത്തപ്പോൾ പഴയ  ഉത്സാഹം നിലനിർത്താൻ എനിക്ക് ബുദ്ധിമുട്ടായി .,Sadness
എന്‍റെ എഞ്ചിനിലെ ആ വലിയ പ്രശ്നം മെക്കാനിക് കണ്ടെത്തുകയും പരിഹരിക്കുകയും ചെയ്ത രീതി എന്നെ ശരിക്കും സംതൃപ്തനാക്കി; എന്‍റെ കാർ വീണ്ടും അതിന്റെ പഴയ കണ്ടീഷനിലേക്ക് തിരിച്ചെത്തിയതായി തോന്നുന്നു.,Happiness
മൈക്ക് ടൈസൺ ഇവാൻഡർ ഹോളിഫീൽഡിന്‍റെ ചെവി കടിക്കുന്ന സീൻ  കണ്ടപ്പോ  എനിക്ക് ഭയങ്കര വെറുപ്പ്  തോന്നി.,Disgust
ഉയർന്ന എണ്ണവില കാരണം നമ്മൾ എടുത്തുവെച്ച കാശൊക്കെ തീർന്നുപോകുമോ എന്ന ഭീതിയിലാണ് ഞാൻ.,Fear
കനത്ത ട്രാഫിക് ഉണ്ടായിട്ടും ഞങ്ങൾ ലക്ഷ്യസ്ഥാനത്ത് കൃത്യസമയത്ത് എത്തിയതെന്നെ ഞെട്ടിച്ചു!,Surprise
"ശ്ശോ, ആയിരക്കണക്കിന് പേജുള്ള ഈ പഴയ പുസ്തകം വായിക്കുന്നത് എനിക്ക് ആലോചിക്കാനേ വയ്യ.",Disgust
ടോക്കിയോയിലേക്കുള്ള ഈ ഏകദിന യാത്രയിൽ ഞാൻ കാണാൻ ആഗ്രഹിച്ച സ്ഥലങ്ങളെല്ലാം കവർ ചെയ്യാൻ എനിക്ക് മതിയായ സമയം ലഭിക്കുമോ?,Fear
കസ്റ്റമറുടെ ആവശ്യങ്ങൾ നിറവേറ്റുന്നുവെന്ന് ഉറപ്പാക്കിക്കൊണ്ട് സ്റ്റോക്കിന്‍റെ ഷോർട്ടേജ് ഇഷ്യൂ  ഞാൻ പെട്ടന്ന്  പരിഹരിച്ചു.,Happiness
"ഞാൻ ആ അണ്ണാന്മാരുടെ  അടുത്തേക്ക് പോകുന്നില്ല, കാരണം അവ പെട്ടന്ന് കടിക്കുകയും, മാന്തുകയും ഒക്കെ  ചെയ്യും.",Fear
പ്രകൃതിയിലൂടെ  ഓടുന്നതിന്‍റെ സന്തോഷം അനുഭവിക്കാൻ വേണ്ടി എന്‍റെ ഫ്രണ്ട് തൊണ്ണൂറ് കിലോമീറ്റർ  അൾട്രാ മാരത്തണിൽ പങ്കെടുത്തു.,Happiness
ഞാൻ സ്ഥാപനം  വിട്ടതിന് ശേഷം എന്‍റെ ടീം പല ദിശകളിലേക്ക് ചിതറിപ്പോയപ്പോൾ എനിക്ക് മനസ്സിന്  വല്ലാത്ത  ഒരു ഭാരം പോലെ തോന്നി .,Sadness
ഒരു തരി പൊടി പോലും കാണരുതെന്ന് ഞാൻ പ്രത്യേകം പറഞ്ഞതായിരുന്നു. എന്നിട്ടും ഈ പൊടിയൊക്കെ കണ്ടപ്പോൾ എനിക്ക് പിരാന്ത് പിടിച്ചു.,Anger
എല്ലാവർക്കും വഴി  തെറ്റാൻ  സാധ്യതയുള്ള   മലനിരകളിൽ ഈ പുതിയ ജി.പി.എസ്. നാവിഗേഷൻ സിസ്റ്റം എന്നെ വഴി തെറ്റാതെ രക്ഷിച്ചു  . അത് അവിശ്വസനീയം  തന്നെ !,Surprise
വാഷിംഗ്ടണിലെ പ്രാദേശിക ആർട്ട് ഗാലറികൾ ഇത്രയും വൈവിധ്യമാർന്ന സൃഷ്ടികൾ അവതരിപ്പിക്കുമെന്ന് ഞാൻ കരുതിയില്ല.,Surprise
അയാള്‍ എന്റെയടുത്ത് നിന്ന് ചുമച്ചപ്പോള്‍ വാ പൊത്തിയില്ല. ഒരു മര്യാദയില്ലാത്തവന്‍.,Disgust
എനിക്ക് ക്രെഡിറ്റ് കാർഡ് നിരസിക്കപ്പെട്ടപ്പോൾ ഞാൻ യു.എസ്. ബാങ്കിംഗ് സംവിധാനത്തെക്കുറിച്ച്  വിമർശിക്കുകയും അധിക്ഷേപിക്കുകയും  ചെയ്തു.,Anger
കുറച്ച് മാസങ്ങൾക്ക് ശേഷം എന്‍റെ ജോലിയുടെയും വിദ്യാഭ്യാസത്തിന്‍റെയും കനത്ത ഭാരം താങ്ങാൻ എനിക്ക് കഴിയുമോ എന്തോ!,Fear
ഏതൊരു കായിക ഇനത്തിലും നന്നായി തിളങ്ങണമെങ്കിൽ അച്ചടക്കം പ്രധാനമാണ്.  അരമണിക്കൂർ വൈകി വന്നിട്ടു ഒരു നല്ല കളിക്കാരനാകുമെന്ന് നിങ്ങൾ വിചാരിക്കുന്നുണ്ടോ ?,Anger
ഇവന്‍റ് മാനേജർ ഇവന്‍റ് സുരക്ഷയ്ക്ക് മുൻഗണന നൽകുന്നുവെന്നും സമഗ്രമായ റിസ്ക് മാനേജ്മെന്റ് പ്ലാൻ ഉണ്ടെന്നും കേൾക്കുമ്പോൾ എനിക്ക് ശരിക്കും ആശ്വാസം തോന്നുന്നു.,Happiness
"ഞാൻ സഹകരിക്കേണ്ട വ്യക്തി എന്നോടൊപ്പം പങ്കാളിയാകുന്നില്ല, എനിക്കാണേൽ കലി വരുന്നു.",Anger
നിശ്ചയിച്ച സമയത്തിന് മുമ്പുതന്നെ നാം നമ്മുടെ ലക്ഷ്യങ്ങൾ നേടി,Happiness
ഈ വർഷങ്ങളിലൊക്കെ  എന്‍റെ അച്ഛനമ്മമാർ എന്‍റെ കോളേജ് വിദ്യാഭ്യാസത്തിനായി രഹസ്യമായി പണം സമ്പാദിക്കുന്നുണ്ടെന്ന് അറിഞ്ഞപ്പോൾ ഞാൻ ഞെട്ടിപ്പോയി.,Surprise
ബേക്കറിയിൽ നിന്ന് പോഷകസമൃദ്ധദമായ ഒരു പുതിയ തരം സ്വാദിഷ്ടമായ സോഫ്റ്റ് ബ്രെഡ് കിട്ടിയപ്പോ  ഞാൻ നല്ല ത്രില്ലിലായി.,Happiness
സർക്കസിൽ അക്രോബാറ്റിന്‍റെ പ്രകടനം തികച്ചും അവിശ്വസനീയമായിരുന്നു!,Surprise
"നിങ്ങൾ രാവിലത്തെ ഭക്ഷണം  കഴിയ്ക്കാതെ നീന്താൻ പോയാ ഇങ്ങനെയേ ഉണ്ടാവൂ. അടുത്ത തവണ നിനക്കു മുങ്ങിച്ചാവാൻ ആഗ്രഹം ഇല്ലെങ്കി,  ഒരു പഴമെങ്കിലും കഴിച്ചിട്ടു പൊയ്ക്കോ .",Anger
സ്റ്റേജിന്‍റെ പിന്നിൽ നിന്ന് ഉച്ചത്തിൽ അലറരുത്. ഓഡിയൻസിന് നിങ്ങൾ  പറയണത് കേൾക്കാൻ കഴിയും .,Anger
പുരാതനമായ  കസേരകൾ വിൽക്കുന്നതിൽ എനിക്ക് നിങ്ങളെ സഹായിക്കാൻ കഴിയാത്തത് നിർഭാഗ്യകരമാണ്.,Sadness
എന്‍റെ റൂമിൽ വെള്ളമില്ല! ഇങ്ങനെയാണോ നിങ്ങൾ ഒരു ഹോട്ടൽ നടത്തിക്കൊണ്ടു പോകുന്നത് ?,Anger
എന്‍റെ ട്രെയിൻ ടിക്കറ്റ് ബുക്കിംഗ് ഇപ്പോഴും വെയിറ്റിംഗ് ലിസ്റ്റില്‍ ഉള്ളതുകൊണ്ട്  അതിന്‍റെ റിസള്‍ട്ട് എന്താവോ എന്തോ.,Fear
സിറ്റി സ്കൈലൈൻ ചെന്നൈയിലെ ഞങ്ങളുടെ ടെറസിൽ നിന്ന് ആകാശം വ്യക്തമായി കാണാൻ എനിക്ക് ബുദ്ധിമുട്ടുണ്ടാക്കുകയും എന്നെ വല്ലാതെ വിഷമിപ്പിയ്ക്കുകയും ചെയ്യുന്നു.,Sadness
"ഞങ്ങളുടെ ബന്ധം അവസാനിച്ചു, എന്‍റെ ചങ്കു തകർന്നു .",Sadness
നിൻ്റെയടുത്ത് സ്റ്റാർ വാർസിൽ നിന്നുള്ള ഇത്രയധികം കളക്ഷൻസ് ഉണ്ടെന്ന് എനിക്ക് വിശ്വസിക്കാൻ കഴിയുന്നില്ല.,Surprise
മത്സരത്തിൽ നൃത്തം ചെയ്യാൻ എന്‍റെ കുട്ടിയെ ഡാൻസ് സ്കൂൾ സാമ്പത്തികമായി സഹായിക്കുന്നതറിഞ്ഞതിൽ ഞാൻ ആവേശത്തിലാണ്.,Happiness
ഇപ്പോഴത്തെ വിപണികളുടെ അവസ്ഥയെക്കുറിച്ച് എനിക്ക് ആശങ്കയുണ്ട്.,Fear
എന്‍റെ മകന്‍റെ കാറിന്‍റെ  പെട്രോള്‍ തീർന്ന് പാതിരാത്രിയിൽ നടുറോഡിൽ കുടുങ്ങി.,Fear
ഈ സിനിമ കാണാൻ എനിക്ക് പേടിയാ. അതിൽ  നിരവധി മന്ത്രവാദിനികളും പ്രേതങ്ങളും പേടിപ്പെടുത്തുന്ന മൃഗങ്ങളുമുണ്ട്.,Fear
ഇവിടുത്തെ തോടുകളെല്ലാം വൃത്തിയാക്കുമെന്ന് പറഞ്ഞ് അധികാരത്തില്‍ വന്നവര്‍ പിന്നെ ഇവിടെ തിരിഞ്ഞുനോക്കിയിട്ടില്ല.,Disgust
കാഞ്ചീപുരത്ത് നിന്ന് സാരി വാങ്ങാൻ എൻ്റെ ഭാര്യക്ക് അത്ര ധൈര്യം ഇല്ല. അന്നൊരു ദിവസം ഞങ്ങളെ ഒരു കടക്കാരൻ പറ്റിച്ചിട്ടുള്ളതാണ്.,Fear
"കൊറിയർ ഡെലിവറി വൈകുമോയെന്നു എനിക്ക് പേടിയുണ്ട്,എനിക്ക് എത്രയും പെട്ടന്ന് പാക്കേജ് വേണം.",Fear
"ടിക്കറ്റ് കൗണ്ടറിൽ  എന്തൊരു നാറ്റവും  വൃത്തികേടുമാണ്. എനിക്ക് ചെന്നൈയിലേക്കുള്ള ടിക്കറ്റ് ബുക്ക് ചെയ്യണം, ഞാൻ എങ്ങനെ അവിടെ നിൽക്കും?",Disgust
ഈ റോളർകോസ്റ്ററുകൾ ശരിക്കും ഭീകരം തന്നെ!,Fear
"ഭാവി തലമുറകൾക്കായി അവ സംരക്ഷിക്കാനും, അവതരിപ്പിക്കാനും ഞങ്ങൾ പരമാവധി ശ്രമിച്ചതായിരുന്നു. പക്ഷെ!",Sadness
വൗ  മാഡം! ഇത്ര പെട്ടന്ന് ഒരു ഇക്രിമെന്‍റ്  ഞാൻ വിചാരിച്ചേയില്ല!,Surprise
ഒരു ബോക്സിംഗ് മത്സരത്തിനിടെ മറ്റൊരു ബോക്സറുടെ ചെവി കടിച്ച മൈക്ക് ടൈസണോട് എനിക്ക് വെറുപ്പ് തോന്നി.,Disgust
"വലിയ പ്രതീക്ഷയോടെയാണ് ആ സിനിമ കാണാന്‍ പോയത്, പക്ഷേ അത് വെറുതെയായി.",Disgust
എന്‍റെ സഹപ്രവർത്തക രണ്ടായിരത്തി അഞ്ഞൂറ്  വാക്കുകളുള്ള   ഒരു ലേഖനം  ചോദിച്ചപ്പോൾ അയ്യായിരം വാക്കുകളുള്ള ഒരു ലേഖനം നൽകി ഞാൻ അവരെ  ഞെട്ടിച്ചു.,Surprise
"കഷ്ടം, എന്‍റെ ഭാര്യ എന്‍റെ സഹായമില്ലാതെ വീട്ടുജോലികൾ തനിച്ചാണ് കൈകാര്യം ചെയ്യുന്നത്.",Sadness
"എനിക്ക് നിങ്ങളുടെ സ്റ്റോറിനോട് വെറുപ്പാണ്, കാരണം അതിൽ എപ്പോഴും നീണ്ട ചെക്ക്ഔട്ട് ലൈനുകൾ ഉണ്ടാകും, എന്നാൽ  ആവശ്യത്തിന് കാഷ്യർമാർ ഉണ്ടാകുകയുമില്ല.",Anger
ഈ ജീവിതം ജീവിച്ചിട്ട് എന്ത് കാര്യം എന്ന് ചിന്തിക്കുന്ന ഇരുണ്ട ദിനങ്ങളുണ്ട്.,Sadness
എനിക്ക് ഒറ്റയ്ക്ക് ധൈര്യമായിട്ട് വണ്ടിയും കൊണ്ട് റോഡിലേക്കിറങ്ങണേൽ കുറച്ച് കൂടി എന്‍റെ ഡ്രൈവിംഗ് ശരിയാക്കണമെന്ന് ഡ്രൈവിംഗ് സ്കൂളിൽ നിന്ന് പറഞ്ഞപ്പോ എനിക്ക് കുറച്ച് വിഷമമായി.,Sadness
പുതിയ സര്‍ക്കാര്‍ നിയന്ത്രണങ്ങൾ കണ്‍സ്യൂമര്‍ പ്രൊട്ടെക്ഷനില്‍ ഉണ്ടാക്കിക്കൊണ്ടിരിക്കുന്ന മാറ്റങ്ങള്‍ അമ്പരപ്പിക്കുന്നതാണ്.,Surprise
ഈ  ചെറിയ അറ്റകുറ്റപ്പണിക്കു നിങ്ങൾ എന്തിനാ  ഇത്രയധികം പൈസ ഈടാക്കുന്നത്?,Anger
നാഗാലാൻഡിലെ പ്രാദേശിക നർത്തകരുടെ കഴിവും സൗന്ദര്യവും വിസ്മയിപ്പിക്കുന്നതാണ്.,Surprise
സെഞ്ച്വറി നേടിയ ശേഷം ഒരു ക്രിക്കറ്റ് താരം എതിരാളികളോട് മോശമായി സംസാരിച്ചത് എനിക്ക് ഭയങ്കര മോശമായിട്ട് തോന്നി.,Disgust
പാസ്വേഡ് മറന്നതുകൊണ്ട് ഇനി എന്തുചെയ്യും എന്ന് ആലോചിക്കുകയായിരുന്നു; അപ്പോഴാണ് പാസ്വേഡ് മാനേജറിൽ എൻ്റെ എല്ലാ പാസ്വേഡുകളും സുരക്ഷിതമായി ഇരിക്കുന്നത് കണ്ടത്.,Surprise
ദുരൂഹമായ ഒരാൾ വന്നിരുന്നു കടയിൽ; സംഭവം എന്താണെന്നുവെച്ചാൽ ആളൊരു സോഷ്യൽ മീഡിയ ഇൻഫ്ലുവൻസറായിരുന്നു; ആളുടെ അടുത്ത് നിന്ന് നല്ല ഫീഡ്ബാക്ക് കിട്ടിയപ്പോൾ സന്തോഷം കൊണ്ട് തുള്ളിച്ചാടുകയായിരുന്നു ഞങ്ങൾ.,Happiness
തങ്ങൾ ഉണ്ടാക്കുന്ന മലിനീകരണത്തെക്കുറിച്ച് ചിന്തിക്കാത്ത കർഷകരോട് എനിക്ക് വെറുപ്പാ.,Disgust
"ഏയ് വേണ്ട! എനിക്ക് ബസിൽ സ്കൂളിൽ പോകുന്നത് ഇഷ്ടല്ല, അമ്മേ. എല്ലാ കുട്ടികളും എന്നെ കളിയാക്ക.",Fear
നീ  എഴുതിയ ഉത്തരങ്ങൾ നീ വായിച്ച്‌ നോക്കിയോ ? നീ എനിക്ക് വല്ലാത്ത ഒരു തലവേദനയായി.,Anger
അവർ എന്‍റെ ഡോക്യൂമെന്‍റ്സ്‌ നോക്കീട്ട് ഞാൻ  ഈ സ്കീമിന് എലിജിബിൾ ആണെന്ന് പറഞ്ഞു.,Happiness
കൽക്കി ഒപ്പിട്ട പൊന്നിയിൻ സെൽവന്‍റെ ഒരു പകർപ്പ് എന്‍റെ മുകളിലെത്തെ നിലയിലുള്ള മുറിയിൽ കണ്ടപ്പോൾ ഞാൻ അത്ഭുതപ്പെട്ടു!,Surprise
"രാത്രിയിൽ ഞാൻ പതിവിൽ നിന്ന് മാറി വേറെ വഴിയിലൂടെ പോയാൽ വഴിതെറ്റിപ്പോവുകയോ, കൊള്ളയടിക്കപ്പെടുകയോ ചെയ്യുമോ?",Fear
"നഗരത്തിലുടനീളമുള്ള റീട്ടെയിൽ സ്റ്റോറുകളുടെ പുതിയ ശൃംഖലയിൽ എന്നെ അസ്വസ്ഥനാക്കുന്നു ,കാരണം ഞങ്ങളുടെ മികച്ച ജീവനക്കാർ  അവിടേക്ക്‌ പോകാൻ ഉള്ള സാധ്യതയുണ്ട്.",Fear
ഫിഫ ലോകകപ്പിനായി ഒരു ലോകോത്തര ടീമിനെ കെട്ടിപ്പടുക്കുന്നതിൽ ശ്രദ്ധ കേന്ദ്രീകരിക്കാൻ വയ്യ. നമ്മുടെ രാജ്യത്ത് രാഷ്ട്രീയം അത്രയ്ക്കുണ്ട്.,Disgust
ഓരോ തവണയും ഡെലിവറി ചെയ്യുന്നയാൾ വരുമ്പോ  വീട്ടിലേക്ക് കേറ്റാന്‍ എനിക്ക് പേടിയാ. ഇപ്പോ മോഷണത്തിന്‍റെ നിരവധി കേസുകളുണ്ട്.,Fear
"എത്ര നിരുത്തരവാദപരമായാണ് അവര്‍ യാത്രക്കാരുടെ ബാഗേജുകള്‍ കൈകാര്യം ചെയ്യുന്നത്, വെറുതെയല്ല ഈ എയര്‍ലൈന്‍സിലെ യാത്രക്കാരുടെ ബാഗേജുകള്‍ നഷ്ടമാവുന്നത്.",Disgust
"ഏതാനും ആഴ്ചകൾക്ക് മുമ്പ്, ലെയിനുകൾ മാറ്റുമ്പോൾ  ഞാൻ പരിഭ്രാന്തനായിരുന്നു, ഇപ്പോൾ ഹൈവേ ഡ്രൈവിംഗിന് ശേഷം എനിക്ക് നല്ല ആത്മവിശാസം തോന്നുന്നു!",Happiness
ആ ബാങ്കിലെ ജീവനക്കാര്‍ കസ്റ്റമേഴ്സിനോട് കാണിക്കുന്ന ധാര്‍ഷ്ട്യം കാണുമ്പോള്‍ മടുപ്പ് തോന്നുന്നു. എന്തൊരു അഹങ്കാരമാണവര്‍ക്ക്,Disgust
"പൊതി  തുറന്നപ്പോൾ ഞാൻ ഞെട്ടിപ്പോയി ,കാരണം അത് ഒരു വശത്ത് നിന്ന് കീറിയിരുന്നു !",Surprise
"അടിസ്ഥാന സേവനങ്ങൾ താങ്ങാനാവുമെന്നാണ് ഞാൻ പ്രതീക്ഷിച്ചത്, പക്ഷേ മൊത്തം ചെലവ് കേട്ടപ്പോൾ എനിക്ക് അൽപ്പം നിരാശ തോന്നി.",Sadness
"തെറ്റായ മരുന്ന് വാങ്ങി ഞാൻ ഒരു തെറ്റ് ചെയ്തു, അതിനെക്കുറിച്ച് എനിക്ക് വല്ലാതെ  പേടി തോന്നി .",Sadness
എന്‍റെ കാർ കഴുകിയതിൽ  എനിക്ക് തീരെ സംതൃപ്തിയില്ല.,Sadness
"എന്‍റെ സ്കൂളിലെ ടീച്ചേര്‍സ് എല്ലാം വളരെ കൂള്‍ ആണ്, അതുകൊണ്ട് തന്നെ എനിക്ക് പഠിക്കാന്‍ നല്ല ഇഷ്ടമാണ്.",Happiness
ഈ ആഴ്ചയുടെ അവസാനം  ഹോസ്പിറ്റലിലെ  ഏറ്റവും പരിചയസമ്പന്നരായ ഡോക്ടർമാർ കൺസൾട്ടേഷനായി ലഭ്യമാണെന്നതിൽ എനിക്ക് സന്തോഷമുണ്ട്.,Happiness
ഒരു വർഷാവസാനമുള്ള  വിൽപ്പനയുടെ  സമയത്ത് ജനപ്രിയമായ ഐറ്റങ്ങളുടെ സ്റ്റോക്ക് തീർന്നുപോകുന്നതിനെക്കുറിച്ച് എനിക്ക് ആശങ്കയുണ്ട്.,Fear
ഡയറക്റ്റര്‍ തല കുലുക്കിയതോടെ വിജയസാധ്യതയെല്ലാം കൈവിട്ടുപോയി.,Sadness
കുംഭൽഗഡ് കോട്ട സന്ദർശിക്കുമ്പോൾ തകർന്ന സ്വപ്നങ്ങളുടെ വയലിലൂടെ നടക്കുന്നതുപോലെ എനിക്ക് തോന്നുന്നു.,Sadness
"ഇലക്‌ട്രോണിക്‌സ് കടയിൽ നിന്ന് വാങ്ങിയ ടി.വി. കൊണ്ട് ഞാന്‍ കുടുങ്ങി, അത് വര്‍ക്കാവുന്നില്ല, എന്‍റെ ജീവിതമേ ബുദ്ധിമുട്ടാക്കി.",Anger
നടക്കാവുന്ന ദൂരത്തിനുള്ളിൽ ഒരു സ്കൂൾ ഉണ്ടെന്ന വസ്തുത ഒരു അതിശയകരമായ കണ്ടെത്തലാണ്. ഇത് എന്‍റെ കുട്ടികൾക്ക് വളരെ യോജിച്ചതാണ്.,Surprise
കൺസ്ട്രക്ഷന്‍റെ പാളികൾക്കടിയിൽ കുഴിച്ചിട്ടിരിക്കുന്ന  ജല പൈപ്പുകള്‍ വീണ്ടെടുക്കാന്‍ പറ്റില്ല എന്ന് തോന്നുന്നു.,Sadness
"എന്‍റെ ഫോൺ ഉപയോഗിച്ച് പണമടയ്ക്കുമ്പോൾ ഞാൻ അത്ര ശ്രദ്ധിച്ചിരുന്നില്ല ,അങ്ങനെ ഒരു ദിവസം എന്‍റെ  നൂറ്  രൂപ പോയി .",Sadness
കംബോഡിയയിലെ പ്രാദേശിക ചരിത്രത്തിന്‍റെയും സംസ്കാരത്തിന്‍റെയും സമ്പന്നത ശരിക്കും ആകർഷണീയമാണ്.,Surprise
സാമ്പത്തിക മാന്ദ്യത്തിൽ  എന്‍റെ കമ്പനിയുടെ ഫിനാൻഷ്യൽ ഹെൽത്ത് കൈകാര്യം ചെയ്യേണ്ടത് ആലോചിച്ച്‌  എന്‍റെ ഉറക്കം നഷ്ടപ്പെടുന്നു.,Fear
കേസ്  ഫ്രീയായി എടുക്കുമെന്ന് വക്കീൽ  പറഞ്ഞപ്പോൾ എനിക്ക് വിശ്വസിക്കാൻ കഴിഞ്ഞില്ല.,Surprise
യുവരാജ് സിംഗ് സ്റ്റുവർട്ട് ബ്രോഡിനെ ഒരു ഓവറിൽ ആറ് സിക്സറുകൾ അടിച്ചപ്പോൾ ക്രിക്കറ്റ് ലോകം  മുഴുവൻ ആവേശത്തിലായി.,Happiness
സിനിമയിൽ  വൃത്തിഹീനമായ ഒരു ആശുപത്രി കണ്ടപ്പോൾ പാവപ്പെട്ട രോഗികളെ ഓർത്ത് എനിക്ക് വിഷമം തോന്നി.,Sadness
ഓപ്പൺഹൈമറിലെ ഭഗവദ്ഗീത വെച്ചുള്ള രംഗം മതത്തോട് കാണിക്കുന്ന അനാദരവ് ആണ്. ഇതിനെതിരെ പ്രതിഷേധിക്കണം.,Anger
അനാവശ്യമായ പേപ്പർവർക്കുകൾക്ക് എന്‍റെ സമയം പാഴാക്കരുത്.,Anger
ആ ഗുഹയിൽ ആഴത്തിലുള്ള ഒരു ദ്വാരമുണ്ടായിരുന്നു; അതിലൂടെ കല്ലും വെള്ളവും ഒക്കെ തിളച്ചുകേറിവരുന്നത് കണ്ടപ്പോ എൻ്റെ ശ്വാസം പോയി.,Fear
"ബോഡി റിപ്പെയറിനുള്ള  എസ്റ്റിമേറ്റ് കിട്ടിയപ്പോൾ, അത് എന്നെ സാമ്പത്തികമായി എത്രമാത്രം പിന്നോട്ടടിക്കുമെന്ന് എനിക്ക് വിശ്വസിക്കാൻ പറ്റിയില്ല . ഇത് ശരിക്കും എന്റെ ബജറ്റിന് വല്ലാത്ത തിരിച്ചടിയാണ്.",Sadness
"ജി.ഡി.പി. ഗ്രോത്ത് കുറയുന്നത് എനിക്ക് ചില അസ്വസ്ഥതകൾ ഉണ്ടാക്കുന്നു, കാരണം അത് എന്‍റെ ചെലവിനെ  ബാധിക്കും.",Fear
ബെംഗളൂരുവിലേക്ക് ടിക്കറ്റ് ബുക്ക് ചെയ്യാൻ റെയിൽവേ സ്റ്റേഷനിൽ പേടിയോടെ പോയെങ്കിലും പിന്നെ ബസിൽ പോകാൻ ഞാൻ പ്ലാനിട്ടു.,Fear
മാനേജറെ ഭീഷണിപ്പെടുത്തണ്ട . അയാളുടെ മുറിയിൽ തോക്കുണ്ടെന്നാ ഞാൻ കേട്ടത് .,Fear
സൈബറിടത്തില്‍ ഒളിച്ചിരുന്ന് സാമൂഹ്യവിരുദ്ധ പ്രവര്‍ത്തനം നടത്തുന്നവരോട് എനിക്ക് വെറുപ്പാണ്.,Disgust
നിനക്ക് എന്നോട് വിരോധം ഉണ്ടാകുമെന്നാ ഞാൻ കരുതിയെ.,Fear
എന്‍റെ ഇ കൊമേഴ്‌സ് ബിസിനസ്സിൽ  മുന്‍പൊന്നുമില്ലാത്ത സെയില്‍സാ!,Happiness
നിങ്ങൾ  നിക്ഷേപിച്ച കമ്പനി ഫിനാൻഷ്യൽ  ഡാറ്റയിൽ  കൃത്രിമത്വം കാണിക്കുന്നത് മഹാകഷ്ടം തന്നെ .,Disgust
ശുചീകരണ നിർദ്ദേശങ്ങളിൽ സൂപ്പർവൈസർ കാണിച്ച അതീവ  ശ്രദ്ധ എന്നെ അമ്പരപ്പിച്ചു. ആ ഓഫീസ് ഒരിക്കലും ഇത്രയും വൃത്തിയായി  തോന്നിയിട്ടില്ല!.,Surprise
എന്‍റെ മൈക്രോവേവ് ഓർഡറിനൊപ്പം മനോഹരമായ ഒരു സമ്മാനം ലഭിച്ചപ്പോ എനിക്ക് അത്ഭുതമായി.,Surprise
എന്‍റെ കുട്ടിക്കാലത്ത് ഞാൻ എല്ലാ ദിവസവും കളിച്ചിരുന്ന എന്‍റെ ഇഷ്ടപ്പെട്ട ഗെയിം അവർ വീണ്ടും ഉണ്ടാക്കി !,Surprise
ഞങ്ങള്‍ താമസിച്ച ഹോട്ടലിലെ ബാത്ത്‌റൂമിന്റെ അവസ്ഥ കാണ്ടപ്പോള്‍ എനിക്ക് ഛര്‍ദ്ദിക്കാന്‍ വന്നു,Disgust
എല്ലാം പൊടിയും അഴുക്കും കൊണ്ട് മൂടിയിരുന്നതിനാൽ പുസ്തകക്കടയിൽ നിന്ന് പുസ്തകങ്ങളൊന്നും വാങ്ങാൻ എനിക്ക് തോന്നിയില്ല.,Disgust
വർഷാവസാനം മാത്രം പഠിക്കാൻ തീരുമാനിച്ച എന്നെ റിസൾട്ട് വളരെ നിരാശനാക്കി .,Sadness
എല്ലാം നന്നായി നടന്ന ഒരു ദിവസത്തിന്‍റെ അവസാനം  നല്ല  മ്യൂസിക്  കേൾക്കുമ്പോ എനിക്ക് ഡാൻസ്  ചെയ്യാൻ തോന്നും .,Happiness
ഈ പ്രേതങ്ങളെ ഒക്കെ ഉണ്ടാക്കിയത് മതങ്ങളാണ്. ഓരോരോ കണ്ടുപിടിത്തങ്ങൾ!,Anger
"ഒരു എച്ച്.ആർ.  പാർട്ണർ  എന്ന നിലയിൽ, നിങ്ങൾ ടീം വിടാനുള്ള സാധ്യത പരിഗണിക്കുമ്പോൾ,  അനുഭവസമ്പത്തിന്‍റെയും അറിവിന്‍റെയും കാര്യത്തിൽ നിങ്ങളുടെ അഭാവം  ഉണ്ടാക്കുന്ന  വിടവിനെക്കുറിച്ച് എനിക്ക് നല്ല ആശങ്കയുണ്ട്.",Fear
"ഒടുവിൽ, രണ്ട്  വർഷത്തിന് ശേഷം എന്‍റെ ഇഷ്ടനായകന്‍റെ ചിത്രം  പുറത്തിറങ്ങുന്നു, റിലീസ് ഒരു ഉത്സവം പോലെയാണ്.",Happiness
ജി.പി.എസ്. ഇല്ലാതെ ഈ ആമസോൺ കാട്ടില്‍ വഴി കണ്ടെത്താൻ കഴിയുമോ എന്ന് എനിക്ക് ഉറപ്പില്ല.,Fear
അവിടുത്തെ നാട്ടുകാരെ ഒന്നും വിശ്വസിക്കാൻ കൊള്ളില്ല; വഴി ചോദിച്ചപ്പോ ഏതോ കാട്ടുമുക്കിലേക്കാണ് വഴി പറഞ്ഞ് തന്നത്.,Anger
നഖം കടിക്കുന്ന ആളുകളെ എനിക്ക് അറപ്പാ.,Disgust
ഇൻഷുറൻസ് റീഇംബേഴ്‌സ്‌മെന്‍റിനായി എല്ലാ ഡോക്ടേഴ്സിന്‍റെയും ഓഫീസ് സ്റ്റാഫിന്‍റെയും സഹായം ചോദിച്ചു. പക്ഷേ അവരാരും തിരിഞ്ഞു നോക്കിയില്ല.,Disgust
ചെന്നൈയിൽ നിന്ന് ബാംഗ്ലൂരിലേക്ക് ഡ്രൈവ് ചെയ്തപ്പോൾ  വെല്ലൂർ വരെ വലിയ ട്രക്കുകൾ അരികിലൂടെ കടന്നുപോയി.,Fear
"എന്‍റെ മകന് എന്നെ ഏറ്റവും കൂടുതൽ ആവശ്യമുള്ള സമയത്ത് അവന്‍റെയടുത്ത് ഞാൻ ഇല്ലായിരുന്നു, എനിക്ക് അതിൽ നല്ല വിഷമമുണ്ട്.",Sadness
ഈ വർഷം ചെലവഴിക്കാൻ മാത്രള്ള പണം എന്‍റെ കൈയില്‍ ഉണ്ടാവില്ല.,Fear
പുഴുക്കളെ കണ്ടാൽ എനിക്ക് സഹിക്കാനാവില്ല; അത് കണ്ടാ എനിക്ക്  ഛർദ്ദിക്കാൻ വരും.,Disgust
കാൻഡിഡേറ്റ് അയാള്‍ടെ ശമ്പളം പറയുന്നത് വരെ ഞങ്ങൾ പരിഗണിക്കുന്നതിനേക്കാൾ ഉയർന്ന ലെവൽ ആണ് അയാൾ അന്വേഷിക്കുന്നതെന്ന് എനിക്ക് അറിയില്ലായിരുന്നു.,Surprise
നിങ്ങൾ എന്നെ വിമർശിക്കുന്ന രീതി എന്നെ ശത്രുവാക്കുമേ.,Anger
"യ്യോ! മുടി കടിക്കുന്നത് ഒന്ന്  നിർത്തു. നോക്കൂ, നിങ്ങടെ തുപ്പൽ  കൊണ്ട് അത് നനഞ്ഞിരിക്കുന്നു.",Disgust
"അവരുടെ കൈയിൽ  വലിയ വാളുകളുണ്ടായിരുന്നു, അവർ എന്നെ കൊല്ലുമെന്ന് ഭീഷണിപ്പെടുത്തി.",Fear
"മുപ്പത്  വർഷത്തിനു ശേഷം ഞാൻ എൻ്റെ ഒരു സുഹൃത്തിനെ കണ്ടപ്പോൾ എനിക്കവനെ തിരിച്ചറിയാനേ കഴിഞ്ഞില്ല, അവൻ ആൾ ആകെ മാറിയിരിക്കുന്നു.",Surprise
പുസ്തകം കിട്ടിയ ആളുകളിൽ നിന്നുള്ള റിവ്യൂകളും പ്രതികരണങ്ങളും വായിച്ചതിന് ശേഷം ബുക്ക് മുൻകൂട്ടി ഓർഡർ ചെയ്യുന്നതേ എനിക്ക് വെറുപ്പാണ്.,Disgust
ആദ്യ മത്സരത്തിൽത്തന്നെ കാമറൂണിനോട് അർജന്റീന തോൽക്കുമെന്ന്  ഞാന്‍ ഒട്ടും പ്രതീക്ഷിച്ചില്ല. അട്ടിമറികള്‍ ഇനിയും ഉണ്ടാകും.,Surprise
സോഫ്റ്റ്‌വെയർ കമ്പനിയുടെ കസ്റ്റമർ സപ്പോർട് ടീമിൽ നിന്നുള്ള റെസ്‌പോൺസ് വളരെ പെട്ടന്നായിരുന്നു!,Surprise
"ജീവനക്കാരന്‍റെ സ്കില്ലുകാളിൽ  ഞാൻ ഞെട്ടിപ്പോയി, ടീമിൽ ആദ്യമായി ചേർന്ന അന്ന് മുതൽ അവൻ ഒരുപാട്  വളർന്നു.",Surprise
ശാലിനി നീ എന്താ എന്‍റെ നികുതി അടയ്ക്കാൻ മറന്നത്? അത് ചെയ്യാൻ ഇന്നലെ ഞാൻ നിന്നോട് പറഞ്ഞതല്ലേ ?,Anger
പല ദിവസങ്ങളിലും കടകളിൽ നിന്ന്  ഫ്രഷ് ആയ  പച്ചക്കറിയൊന്നും കിട്ടാതെ വരുമ്പോ എനിക്ക് കഷ്ട്ടം  തോന്നും .,Sadness
പിങ്ക് നിറത്തിൽ  പച്ച കുത്തുകളുള്ള കാർ ഓടിക്കാൻ സ്വയബുദ്ധീള്ള ആരാ ശെരിക്കും ആഗ്രഹിക്കുന്നേ?,Disgust
വാടക വീടിനുള്ള ബ്രോക്കറേജ് ഫീസ് എല്ലാ മാര്‍ക്കറ്റിംഗും പരസ്യവും ഉൾപ്പെടുത്തുമെന്ന് ഞാൻ പ്രതീക്ഷിച്ചിരുന്നില്ല.,Surprise
നിങ്ങളുടെ ഓൺലൈൻ ഉൽപ്പന്നത്തിന്‍റെ വിവരണങ്ങൾ തെറ്റിദ്ധരിപ്പിക്കുന്നതാ. കൂടാതെ തെറ്റുമാണ്.,Anger
ഈ ഷോപ്പിംഗ് ജില്ലയിൽ ശുചിത്വമില്ലാത്തത് വല്ലാത്ത കഷ്ടമാണ്.,Disgust
"സുഗമവും വിശ്വസനീയവുമായ ജലവിതരണം ഉറപ്പാക്കിക്കൊണ്ട്, എംബഡഡ് വാട്ടർ പൈപ്പ് വിജയകരമായി ആക്സസ് ചെയ്യാനും, നന്നാക്കാനും ഞങ്ങൾക്ക് കഴിഞ്ഞു.",Happiness
"റെസ്റ്റോറന്‍റ്  സര്‍വീസ് വളരെ മോശമായിരുന്നു. സെർവ് ചെയ്യുന്നവര്‍ക്ക് ശ്രദ്ധയില്ല, ഓരോ ഐറ്റവും ഒത്തിരി താമസിച്ചാണ് എത്തുന്നത്.",Disgust
നിങ്ങളുടെ സ്റ്റാൾ  എന്‍റെ കടയ്ക്ക് മുന്നിൽ വെക്കാൻ പറ്റില്ലെന്ന് ഞാൻ എത്ര തവണ നിങ്ങളോട് പറഞ്ഞതാ?,Anger
വൗ ! കമ്പ്യൂട്ടറുകളിലെ പ്രോഗ്രാമിംഗിന്‍റെ കാര്യത്തിൽ നിങ്ങൾ വളരെ ടാലന്‍റഡ് ആണ് .,Surprise
"വൗ ! അവസാന നിമിഷം കാര്യങ്ങൾ ചെയ്യാനുള്ള നിങ്ങളുടെ തന്ത്രം നിങ്ങൾ മാറ്റുമെന്നും, മുൻകൂട്ടി ഒരു പുതിയ പ്രസന്‍റേഷൻ  തയ്യാറാക്കുമെന്നും ഞാൻ ഒരിക്കലും പ്രതീക്ഷിച്ചിരുന്നില്ല.",Surprise
ഈ വൈഫൈ എന്തൊരു സ്പീഡ് ആണ്!,Surprise
യഥാർത്ഥത്തിൽ എന്‍റെ ബിസിനസ്സ് കൂട്ടുന്നതിനേക്കാൾ  എന്‍റെ പുതിയ സ്റ്റോറിൽ ഷോപ്പ് ലിഫ്റ്റർമാരെ തിരഞ്ഞ് ഞാൻ മടുത്തു.,Disgust
"""ദി ലാസ്റ്റ് എയർബെൻഡർ"" എന്നതിലെ ഛായാഗ്രഹണം വളരെ മോശമായിരുന്നു , മാത്രമല്ല അത് കണ്ടിട്ട് ഒരു കാര്യവുമില്ല.",Disgust
എല്ലാ ദിവസവും രാവിലെ ഫ്രിഡ്ജിനുള്ളിൽ നിന്ന് ഐസ് പാളികൾ നീക്കം ചെയ്യേണ്ടിവരുന്നത് എന്തൊരു കഷ്ടമാണ് .,Sadness
പുതുതായി നിർമ്മിച്ച ബൈക്കുകളിൽ താഴ്ന്ന ഹാൻഡിൽബാറുകൾക്ക് മുകളിലൂടെ ഞാൻ വളരെയധികം കുനിഞ്ഞാൽ എനിക്ക് നടുവേദന വന്നാലോ എന്ന് എനിക്ക് പേടിയുണ്ട് .,Fear
തിരുച്ചിയിലെ ചൂടുള്ള ഒരു  ദിവസത്തിന്‍റെ അവസാനം മഴ പെയ്തപ്പോൾ എനിക്ക് നല്ല  സുഖമായി.,Happiness
സംഗീത പ്രതിഭ സംഗീതം ഒഴികെയുള്ള കാര്യങ്ങളില്‍ ശ്രദ്ധ കേന്ദ്രീകരിക്കാൻ തുടങ്ങിയത് കുടുംബത്തിലാകെ ആശയക്കുഴപ്പമുണ്ടാക്കി.,Fear
കടയുടമ പറഞ്ഞ മൈക്രോവേവ് അവന്‍റെ വില വല്യ അന്യായമാ.,Anger
ഇന്ത്യയിലെ ഫുട്‌ബോളിന്‍റെ ഭാവിയെക്കുറിച്ച് എനിക്ക് ആശങ്കയുണ്ട്.,Fear
ഫൈനൽ പരീക്ഷകളുടെ സമ്മർദ്ദം എനിക്ക് താങ്ങാൻ പറ്റുമെന്ന് തോന്നുന്നില്ല.,Fear
മാനേജർ അവരുടെ പണവുമായി അപ്രത്യക്ഷനായെന്ന വാർത്ത കസ്റ്റമേഴ്സ് അറിഞ്ഞപ്പോ  ഞാൻ ചിറ്റ് ഫണ്ട് ഓഫീസിന് പുറത്ത് നോക്കിനിൽക്കുകയായിരുന്നു.,Sadness
ലൈഫ്സ്റ്റൈൽ സ്റ്റോറിലെ  വസ്ത്രങ്ങളുടെ വെറൈറ്റി എന്നെ ആകർഷിച്ചു!,Surprise
കപ്ബോർഡ് ഓപ്ഷനുകൾ നിങ്ങളുമായി ചർച്ച ചെയ്യാനോ?,Surprise
"സഹോദരാ, ഈ ആഴ്ച ഡീസൽ വില കുറഞ്ഞുന്നു തോന്നുന്നു. വേഗം ടാങ്ക് നിറച്ചോ.",Happiness
ക്ലാസിൽ വെച്ച് പ്രൊഫസർ എന്നെ ഒരു തീവ്രവാദിയുമായി താരതമ്യപ്പെടുത്തിയപ്പോൾ എനിക്ക് സഹിച്ചില്ല.,Anger
ചിത്രത്തിൽ കുറെ ട്വിസ്റ്റുകൾ ഉണ്ടായിരുന്നു! അതെല്ലാം വരുന്നത് ഞാൻ മുന്‍കൂട്ടി കണ്ടതേയില്ല.,Surprise
"ചെന്നൈയിലെ ഓട്ടോകള്‍ ഭയങ്കര അപകടകാരികളാണ്, എങ്ങനെ എവിടെ നിന്ന് കയറിവരുമെന്ന് പറയാന്‍ കഴിയില്ല.",Disgust
ആരും ഇല്ലാത്ത കാട്ടിൽ പെട്ടെന്ന് ആരോ എൻ്റെ തോളിൽ കൈ വെച്ചപ്പോൾ ഞാൻ ഞെട്ടിപ്പോയി.,Surprise
വളരെ നന്നായിട്ടുണ്ട് ! നിങ്ങൾക്ക് ഇത്ര നന്നായി പെയിന്‍റ്  ചെയ്യാൻ കഴിയുന്ന് എനിക്കറിയില്ലായിരുന്നു!,Surprise
എനിക്ക് ഈ ആപ്പ് വളരെ ഇഷ്ടമായി.,Happiness
ആ രണ്ട് ചെറുപ്പക്കാർ ആ വൃദ്ധയുടെ ലാപ്ടോപ്പിൽ അവരുടെ ബാങ്ക് പാസ്വേഡ് കണ്ടെത്താൻ ശ്രമിയ്ക്കാ.,Disgust
കഴിഞ്ഞ ക്വാർട്ടറിൽ ഞാൻ ഇൻവെസ്റ്റ് ചെയ്ത ഓഹരികളുടെ വില കൂപ്പുകുത്തിയപ്പോ എനിക്ക് ഭയങ്കര വിഷമമായി .,Sadness
ബാങ്കുകൾ ആളുകളോട് അവരുടെ സോഷ്യൽ സ്റ്റാറ്റസ് നോക്കിയാണ്  പെരുമാറുന്നത് എന്നത് ദുഃഖകരമാണ്.,Disgust
ഓപ്പറേഷൻ  ഇല്ലാതെത്തന്നെ  ആയുർവേദ ഡോക്ടർ എന്‍റെ സെർവിക്കൽ ഡിസ്ക് പ്രോലാപ്‌സ് സുഖപ്പെടുത്തി.,Happiness
നിന്‍റെ  മുറിയിൽ നിന്ന് ഇറങ്ങിപ്പോകാൻ എന്നോട് നീ പറഞ്ഞു. പക്ഷേ പോകുന്നതിനുമുമ്പ് എനിക്ക് നിന്നോട് ചില കാര്യങ്ങൾ പറയാനുണ്ട് .,Sadness
"ആ ഹോട്ടലും പരിസരവും കണ്ടാല്‍ ആരും അവിടെ ഭക്ഷണം കഴിക്കാന്‍ പോകില്ല, എന്തൊരു വൃത്തികേടാ, ഛര്‍ദ്ദിക്കാന്‍ വരും.",Disgust
ഹോസ്പിറ്റലിലെ ശസ്ത്രക്രിയയുടെ കൂടുതൽ ചെലവുകൾ എന്‍റെ ഇൻഷുറൻസ് വഹിക്കുമെന്നാണ് ഞാൻ വിചാരിച്ചത് . ബില്ലുകൾ കുമിഞ്ഞുകൂടുന്നത് കാണുമ്പോൾ ആകെ സങ്കടം തോന്നുന്നു.,Sadness
ഇന്ന് പലയിടത്തും എന്‍റെ ക്രെഡിറ്റ് കുറയുകയാ. എന്‍റെ ബാങ്ക് അക്കൗണ്ടിൽ ആവശ്യത്തിന് പണമുണ്ടോന്ന് എനിക്കറിയില്ല.,Sadness
ഞങ്ങളുടെ എ.സി.യുടെ  വയർ കടിച്ച അണ്ണാനെ  കാണുമ്പോ എനിക്ക്  ഭ്രാന്ത് വരുന്നു.,Anger
ഡാഷ്ബോർഡിൽ ഒരു ഗ്ലാസ്  ഒരു തുള്ളി വെള്ളം  പോലും തെറിക്കാതെ  ഡൽഹി മുംബൈ എക്സ്പ്രസ് ഹൈവേയിലൂടെ കടന്നുപോകാൻ കഴിയുമെന്നത് എന്നെ അത്ഭുതപ്പെടുത്തി.,Surprise
ലോകത്തിലെ ഏറ്റവും പഴക്കമുള്ള ഭാഷ തമിഴാണല്ലേ!,Happiness
എന്‍റെ കുട്ടിയുടെ അക്കൗണ്ട് സെക്യൂരിറ്റിയെക്കുറിച്ച് എനിക്ക് നല്ല  ആശങ്കയുണ്ട് .,Fear
അയാൾക്ക് ഒരു  മര്യാദയും ഇല്ല. ഞാൻ അയാളുടെ അടുത്ത് നിക്കുമ്പോ അയാൾ ഉറക്കെ ഏമ്പക്കം വിട്ടു .,Disgust
"പാന്‍റമിക്കിനുശേഷം ശേഷം തിരക്ക് കാര്യമായി കുറഞ്ഞപ്പോ, സാൻ ഫ്രാൻസിസ്കോ ഡൗൺ ടൗണിലുള്ള  കടഉടമകളെല്ലാം വല്യ നിരാശയിലായി.",Sadness
"വിദ്യാർത്ഥികൾ യു.എസ് കോളേജുകൾക്ക് ധാരാളം പണം കൊടുക്കുന്നു , എത്ര വലിയ കടമാ അവര്‍ക്ക് ഉണ്ടാവുന്നെ!",Anger
ഇത്രയും കാലം സ്റ്റോക്ക് മാർക്കറ്റിൽ കിടന്ന് കളിച്ചിട്ടും എനിക്കൊരു ലാഭവും ഉണ്ടായിട്ടില്ല; കുറച്ച് ആളുകൾക്ക് മാത്രം ലാഭം ഉണ്ടാക്കാനുള്ള തട്ടിപ്പാണിത്.,Anger
പഴകിയ  ഭക്ഷണം കഴിക്കുന്നതിന് മുമ്പ് ഞാന്‍ ലേബലിൽ ഡേറ്റ് നോക്കിയില്ല.,Sadness
ഞങ്ങൾ വളരെയധികം പരിശ്രമിച്ച് നേടിയ  ഒരു പുതിയ ക്ലയന്‍റിനെക്കുറിച്ച് നിങ്ങൾ പരസ്യമായി മോശം  പ്രസ്താവന നടത്തുന്നതെന്തിനാ?,Anger
ആഴ്ചയിൽ  ഏഴ്  ദിവസവും ഇടവേളയില്ലാതെ ജോലി ചെയ്ത് ഞാനാകെ ക്ഷീണിച്ചു പോയി.,Sadness
"രാത്രി മരുഭൂമിയിൽ തനിച്ചായിരിക്കുക, അയ്യോ.",Fear
"നിങ്ങൾ എപ്പഴും എന്നെ ചീത്ത പറയും, പക്ഷെ  ഒരിക്കലും അനഘയെ ചീത്ത പറയാത്തത് എന്താ?",Sadness
പ്രധാന  സോഫ്റ്റ് സ്കില്‍സ് പ്രദർശിപ്പിക്കുന്നതിലെ ജീവനക്കാരന്‍റെ ആത്മവിശ്വാസം വളരെ സന്തോഷകരമാണ്.,Happiness
എന്‍റെ വയറും സെമസ്റ്ററും ഇപ്പോൾ നന്നായി പോകുന്നതുകൊണ്ട്  എനിക്ക് സന്തോഷം തോന്നുന്നു.,Happiness
"""വിവാഹത്തിൻറെ മോശം സൈഡിലേക്ക് സ്വാഗതം"" എങ്ങനേണ്ടാവും.",Disgust
ടീമംഗങ്ങൾ തമ്മിലുള്ള തീരാത്ത കലഹോം അകൽച്ചേം കണ്ടിട്ട് വെറുപ്പാ തോന്നണേ..,Disgust
ഈ കട എപ്പോഴും ഒരേ പാട്ടുകൾ വീണ്ടും വീണ്ടും പ്ലേ ചെയ്യുന്നത് വെറുപ്പാണ്.,Disgust
"ചിലപ്പോൾ, സ്ട്രെസ് വരുമ്പോ ഞാൻ എന്‍റെ ചുമലിൽ ഒരു വലിയ ഭാരം വഹിക്കുന്നതായി തോന്നുന്നു.",Sadness
സംഘടനാനേതാക്കൾ ജീവനക്കാരുടെ ക്ഷേമത്തേക്കാൾ ഓഹരി ഉടമകളുടെ ലാഭത്തിന് മുൻഗണന കൊടുക്കുന്നത് വളരെ മോശമാണ്.,Disgust
"അവന്റെ മുറിയിലാകെ ചപ്പുചവറും പൊടിയുമായിരുന്നു, അത് വൃത്തിയാക്കി എന്റെ നടുവൊടിഞ്ഞു.",Disgust
അടുത്തയാഴ്ച മിഷൻ ഇംപോസിബിൾ സെവൻ  കാണാൻ പോകുന്നേന്‍റെ ആവേശത്തിലാണ് ഞാന്‍.,Happiness
"എനിക്ക്  ക്ലയന്‍റിനെതിരെ സംസാരിക്കണമെന്നില്ല, വെറുതെ എന്തിനാ ജോലി കളയണേ.",Fear
"ഇത് എന്തൊരു കഷ്ടമാണ്, എനിക്ക് ഏറ്റവും ആവശ്യമുള്ള സാധനങ്ങൾ ഞാൻ വരുമ്പോഴോന്നും നിങ്ങളുടെ കടയിൽ സ്റ്റോക്ക് കാണില്ല.",Anger
എനിക്ക് ആർട്ട് ക്ലാസ് ഇഷ്ടമാണ്. നമുക്ക് ഇഷ്ടമുള്ള  ഏത് നിറവും ഉപയോഗിച്ച് പെയിന്‍റ് ചെയ്യാം .,Happiness
സുഹൃത്തുക്കൾക്കൊപ്പം വേദിയിൽ വെസ്റ്റേണ്‍ ഡാന്‍സ് കളിക്കുമ്പോ എന്‍റെ കുട്ടിയുടെ ശ്രദ്ധക്കുറവും അനിയന്ത്രിതമായ പെരുമാറ്റവും  എന്നെ വല്ലാതെ  വേദനിപ്പിച്ചു.,Sadness
ദിവസം മുഴുവൻ കാസ്റ്റിംഗ് ഡയറക്ടർ എന്നെ അവഗണിച്ചപ്പോൾ ഓഡിഷനിൽ എനിക്ക് വല്ലാത്ത കലിപ്പ് തോന്നി.,Anger
ഈ പടം ഞാന്‍ പ്രതീക്ഷിച്ചപോലെ നന്നാവാത്തത് കഷ്ടായി. അത് ആസ്വദിക്കാമെന്ന് ഞാൻ വിചാരിച്ചതാ.,Sadness
ഹോസ്പിറ്റലില്‍ എന്‍റെ ബ്ലഡ്‌ ഗ്രൂപ്പിന് യോജിച്ച രക്തം കണ്ടെത്താന്‍ കഴിഞ്ഞില്ല. എന്‍റെ അടിയന്തിര സ്ഥിതിക്ക് ഒരു ശസ്ത്രക്രിയ ആവശ്യമായിരുന്നു.,Sadness
പ്രധാനപ്പെട്ട ഇടപാടുകളും രസീതുകളുമൊന്നും ഫയലില്‍ സൂക്ഷിക്കാതെ ഓഫീസിൽ എല്ലായിടത്തും ചിതറിക്കിടക്കുന്നത് കാണുന്നത് എന്ത് കഷ്ടാണ്‌.,Anger
"യ്യോ, അമൃത്സറിലേക്കുള്ള  ട്രെയിൻ മിസ്സായി. എനിക്ക് ഒരു പ്രധാന മീറ്റിംഗ് ഉണ്ടായിരുന്നു.",Sadness
എല്ലാ കടകളിലേക്കും നടന്നു പോവാന്‍ പറ്റുന്നതുകൊണ്ട് ഞാൻ താമസിക്കുന്ന സ്ഥലം എനിക്ക് ഇഷ്ടമാണ്.,Happiness
"ഒരു വ്യക്തിയുടെ ലഭ്യതയെ അടിസ്ഥാനമാക്കി പരിപാടി നടത്തേണ്ടതാലോചിച്ച് ഞാൻ ഭയന്നു, ഞാനില്ലെങ്കിലും പരിപാടി നടത്താനാ പദ്ധതി.",Fear
അവൾ എന്‍റെ മൈസൂർ സിൽക്ക് സാരിയിൽ കേക്ക് വീഴ്ത്തി.,Anger
എന്‍റെ നിക്ഷേപങ്ങൾ എനിക്ക് റിട്ടയര്‍മെന്‍റിന് വേണ്ട തുക നൽകിയിട്ടുണ്ട്.,Happiness
മനുഷ്യരാശിക്ക് അന്യഗ്രഹജീവികളുടെ ആക്രമണം മൂലം കഷ്ടപ്പെടേണ്ടിവരുമെന്നു ഞാൻ ആശങ്കപ്പെടുന്നു.,Fear
അതൊന്നും കൂടാതെ വേറെയും കാശ് അടക്കേണ്ടി വന്നപ്പോൾ ഈ ഹോട്ടൽ എടുക്കേണ്ടിയിരുന്നില്ലാ എന്ന് തോന്നിപ്പോയി.,Sadness
"അയ്യോ, ആ മാന്ത്രികൻ ഒരാളെ അപ്രത്യക്ഷനാക്കിയെല്ലോ!",Surprise
"വ്യായാമത്തിന് ശേഷം ദിവസം മുഴുവനും എനിക്ക് ഊർജ്ജസ്വലതയും, പോസിറ്റിവിറ്റിയും  അനുഭവപ്പെടുന്നു.",Happiness
എഴുത്തുകാരന്‍റെ പോരാട്ടങ്ങളെക്കുറിച്ച് പറയുന്ന പുസ്തകത്തിന്‍റെ ഈ അധ്യായം വളരെ ഇമോഷണൽ ആയതോണ്ട് ഞാൻ കരയാൻ തുടങ്ങി.,Sadness
"എ.ടി.എം.ൽ  നിന്ന് വീട്ടിലേക്ക് തിരിച്ചു പോകുമ്പോ ഏതോ  ഒരു അപരിചിതൻ എന്നെ പിന്തുടരുന്നുണ്ടായിരുന്നു, ഞാൻ പെട്ടന്ന് വീട്ടിലേക്കു ഓടിപ്പോയി .",Fear
നിങ്ങൾക്ക് എന്നോട് ഫൈറ്റ് ചെയ്യണോ? ഞാൻ ഒരു പ്രൊഫഷണൽ ഗുസ്തിക്കാരനാ! ചോര വീഴുന്നതുവരെ എനിക്ക് നിന്നെ അടിക്കാൻ പറ്റും .,Anger
കുത്തിവെപ്പ്  പേടിച്ച് അവന്‍റെ കൈകൾ വിറച്ചതിനാൽ മകനെ താഴെയിറക്കാൻ എനിക്ക് പേടിയായി.,Fear
കഴിഞ്ഞ മാസം സ്റ്റോക്ക് മാർക്കറ്റ് സൂചികകൾ ഇടിഞ്ഞപ്പോൾ ഓഹരികളൊന്നും വാങ്ങാത്തതു കൊണ്ട് വലിയ നഷ്ടമായി.,Sadness
"അയ്യോ,ചെന്നൈയിലേക്കുള്ള ആ ട്രെയിൻ നിർത്തേണ്ട സ്റ്റേഷനിൽ നിർത്താതെ പോകുന്നേ!",Surprise
വാക്വം ക്ലീനർ കമ്പനിക്ക് ട്വന്റിഫോർ ബൈ സെവൻ  കസ്റ്റമർ സപ്പോർട്ട് ലൈൻ ഉണ്ടെന്ന് എനിക്ക് വിശ്വസിക്കാനേ പറ്റുന്നില്ല. രാത്രിയിൽ ആരും കോൾ എടുക്കുന്നില്ല.,Surprise
എന്‍റെ മകൻ അധികം ഫുട്ബോൾ കളിക്കാറില്ലെങ്കിലും കളിയെക്കുറിച്ച് അവന്‍റെ അറിവ് എന്നെ അത്ഭുതപ്പെടുത്തുന്നു.,Surprise
ടീമിന്‍റെ പരാജയത്തിന്‍റെ ഉത്തരവാദിത്തം ഏറ്റെടുക്കാൻ കോച്ച് സമ്മതിക്കാത്തത് കണ്ടിട്ട് കടുപ്പാവുകയാ.,Disgust
പറഞ്ഞത് കേൾക്കാൻ എന്താ ഇത്ര ബുദ്ധിമുട്ടെന്ന് എനിക്ക് മനസ്സിലാവണില്ല. ട്രെക്കിംഗ് ബൂട്ടുകൾ ധരിച്ച് വരണം എന്ന് ഞാൻ നിങ്ങളോട് നേരത്തെ പറഞ്ഞിരുന്നതല്ലേ ?,Anger
ധാരാളം മദ്യപിച്ചതിന് ശേഷം വീണ്ടും മദ്യപിക്കാൻ സമ്മതിക്കാത്തതുകൊണ്ട്  നൈറ്റ് ക്ലബ്ബിൽവെച്ച് ആ യുവാവ് എന്‍റെ നേരെ തട്ടിക്കയറി.,Anger
"എന്‍റെ ടീം എന്നെ ഞെട്ടിച്ചു, കേട്ടോ! പ്ലാൻ ചെയ്ത ഡെലിവറി ഡേറ്റിന്  രണ്ടാഴ്ച മുമ്പേ ഉൽപ്പന്നം നവീകരിച്ചു, വിതരണം ചെയ്യുകയും ചെയ്തു.",Surprise
ചിത്രത്തിലെ എന്‍റെ പെർഫോമൻസിന്  തിയേറ്റർ പ്രേക്ഷകരിൽ നിന്ന് ശക്തമായ കയ്യടി ലഭിച്ചു.,Happiness
ദീപു കണക്കിനു വട്ടപ്പൂജ്യമാ. അവൻ ഹ്യുമാനിറ്റീസിന് പകരം എഞ്ചിനീയറിംഗ് എടുക്കാൻ തീരുമാനിച്ചപ്പോ ഞാൻ ഞെട്ടിപ്പോയി.,Surprise
"ബഹിരാകാശയാത്രികരുടെ ത്യാഗത്തെക്കുറിച്ചും, ബഹിരാകാശ ദൗത്യങ്ങളിൽ ജീവൻ നഷ്ടപ്പെടാനുള്ള സാധ്യതയെക്കുറിച്ചും ഒക്കെ ചിന്തിക്കുമ്പോ  എനിക്ക് നല്ല വിഷമം തോന്നും .",Sadness
നിന്‍റെ വായിൽ നിന്നുള്ള  പച്ച  ഉള്ളിയുടെ നാറ്റം  കാരണം എനിക്ക് ഛർദ്ദിക്കാൻ വരുന്നു.,Disgust
"അറിഞ്ഞോ, എനിക്ക് അത്യാവശ്യം നല്ലൊരു തുക അനന്തരാവകാശമായി ലഭിച്ചു; എനിക്കിനി കാശിനെക്കുറിച്ചോർത്ത് പേടിക്കേണ്ടതില്ല.",Happiness
സ്റ്റോർ നയങ്ങൾ മാറ്റുന്നത് കസ്റ്റമെർസിന്‍റെ സംതൃപ്തിയെ നെഗറ്റീവായി ബാധിക്കുമോ എന്നതിനെക്കുറിച്ച് ഓർത്ത് എനിക്ക് ആശങ്കയുണ്ട്.,Fear
ഞാൻ ഡാൻസ് ചെയ്യുമ്പോ  എല്ലാവരും എന്നെ കളിയാക്കാ.,Sadness
ഞങ്ങടെ ലാപ് ടോപ്പുകളിൽ ഞങ്ങൾ ചെയ്യുന്നതൊക്കെ  ടെക്നിക്കൽ ടീം വാച്ച് ചെയ്യണുണ്ടത്രെ.,Fear
വീട്ടിൽ കറന്റ് പോകുകയും  മെർക്കുറി നാൽപ്പത് ഡിഗ്രി സെന്റിഗ്രേഡിൽ എത്തുകയും ചെയ്ത അവസ്ഥ!,Sadness
"ഒറ്റ മണിക്കൂർ കൊണ്ട് എല്ലാ പച്ചക്കറിയും വിറ്റപ്പോ, കച്ചവടക്കാരൻ ഞെട്ടിപ്പോയി.",Surprise
സ്റ്റോക്ക് നോക്കി ഇൻവെന്‍ററിയിലെ തെറ്റാണെന്ന് അറിഞ്ഞപ്പോഴാണ് ആശ്വാസമായത്.,Happiness
"ശരി, നിങ്ങള്‍ ശരിയാണെന്ന് ഉറപ്പുണ്ടോ? ഇതിന്‍റെ മേല്‍ ഇനിയും സമയോ പണമോ പാഴാക്കാൻ എനിക്ക് വയ്യ.",Fear
ഫാന്‍സിന്‍റെ അമിത ഉത്സാഹം  വെറുപ്പിക്കുന്നതായിരുന്നു.,Disgust
യു.എസി.ലേക്കുള്ള യാത്രാനുമതി ആവശ്യമുള്ളതിനാൽ ദുബായിൽ എന്‍റെ മകന് ബോർഡിംഗ് പാസ് നിഷേധിച്ചപ്പോൾ ഞാൻ ഞെട്ടിപ്പോയി.,Surprise
ഞങ്ങൾ ശ്രീനഗറിൽ പോയപ്പോ  ഉന്മേഷം തരുന്ന  ശുദ്ധവായു ശ്വസിക്കാൻ പറ്റി.,Happiness
ഗ്രാമീണരുടെ മക്കളോട് വിവേചനം കാണിക്കാൻ നിങ്ങൾക്ക്  അവകാശം ഇല്ല. (തർക്കം ചൂടുപിടിച്ചപ്പോൾ പേരക്കുട്ടികൾ അവരുടെ മുത്തച്ഛനോട്),Anger
തങ്ങളെ മുതലെടുത്ത ലീഡറിനെതിരെ കായിക താരങ്ങൾ അക്രമാസക്തരായി കലാപം നടത്തി.,Anger
"കഷ്ടം, ബാങ്കിംഗ് മേഖലയിലുള്ള ഈ ആളുകളെ ഒക്കെ എനിക്ക് നല്ല മതിപ്പായിരുന്നു; അവർ ഇങ്ങനെ തട്ടിപ്പ് നടത്തും എന്ന് ഞാൻ പ്രതീക്ഷിച്ചില്ല.",Sadness
"ശനിയാഴ്ച വൈകുന്നേരങ്ങളിൽ ഈസ്റ്റ് കോസ്റ്റ് റോഡ് മുറിച്ചുകടക്കാൻ ശ്രമിക്കുമ്പോൾ ഞാൻ നിരാശനാകും, ആരും എന്നെ കടന്നുപോകാൻ സമ്മതിക്കില്ല .",Anger
"പണ്ടൊക്കെ എനിക്ക് പത്ത്  മൈൽ നീന്താൻ കഴിയായിരുന്നു, എന്നാ  ഇപ്പോ ഒരു മൈൽ കഴിഞ്ഞപ്പഴക്കും ഞാൻ ക്ഷീണിച്ചു.",Sadness
ഈ വെയിറ്റ് ഒക്കെ  ഉയർത്തുന്നത് എനിക്ക് ആത്മവിശ്വാസവും  സംതൃപ്തിയും  നൽകുന്നു. അത് ചെയ്യാൻ എനിക്ക് ഇഷ്ടമാണ്.,Happiness
അടുത്തുള്ള  ബേക്കറിയിൽ ഉള്ള ഈ ക്രോസ്സൻ് അത്രക്കും സൂപ്പർ ആണ് .,Happiness
ഇന്‍റേൺ ചെയ്ത  കമ്പനിയിലെ   കൂൾ ആയ ബോസിനെ   കണ്ടുമുട്ടിയപ്പോൾ എന്‍റെ മകൻ ആവേശഭരിതനായി.,Happiness
"മാഡം, കുഷി എന്‍റെ നെറ്റിയിൽ തുപ്പി.",Disgust
"ഇന്നലെ വാങ്ങിയ മാങ്ങയില്‍ മൊത്തം പുഴുക്കളായിരുന്നു, വെറുതെ കാശ് പോയി.",Disgust
സീറ്റിൽ മൊത്തം എണ്ണ. കത്തുന്ന റബ്ബറിന്‍റെ മണം. എനിക്ക് സഹിക്കാൻ പറ്റുന്നില്ല .,Disgust
"ഞാൻ പല  ഗോളുകളും സ്കോർ ചെയ്യുന്നത്  തടഞ്ഞതാ ,എന്നിട്ടും, എന്‍റെ കഠിനാധ്വാനത്തിനു ഫലമില്ലാതെ മറ്റേ ടീം വിജയിച്ചു.",Sadness
ബെംഗളൂരുവിൽ നിന്ന് മംഗലാപുരത്തേക്കുള്ള വിസ്റ്റഡോം ട്രെയിനിൽ ഞാൻ കണ്ട മനോഹരമായ സീനറികളൊക്കെ  ഞാൻ ഇപ്പഴും ഓർക്കുന്നുണ്ട് .,Happiness
സൺഗ്ലാസ് ഹട്ടിൽ റെയ്ബാൻ ബ്രാൻഡ് വാഗ്ദാനം ചെയ്യുന്ന വിവിധ റേഞ്ചുകൾ അപാരമാ.,Surprise
ഇന്നലെ ഒരു പ്രധാന മീറ്റിംഗിന് പോകുമ്പോൾ  വഴിയിൽ വച്ച് എന്‍റെ കാർ തകരാറിലായപ്പോൾ ഞാൻ നിരാശനായി.,Sadness
അയർലണ്ടിലെ സമൃദ്ധമായ പച്ചപ്പ് കണ്ണഞ്ചിപ്പിക്കുന്ന  ഒരു കാഴ്ചയാണ്.,Happiness
സാഹചര്യം  അവലോകനം ചെയ്യാനും നമുക്ക് എങ്ങനെ മെച്ചപ്പെടാം എന്ന്നോക്കാനും ഞാൻ കാത്തിരിക്കുകയാ.,Happiness
"തങ്ങളുടെ കസ്റ്റമേഴ്‌സിന്റെ സുരക്ഷയേക്കാൾ ലാഭത്തിന് മുൻഗണന നൽകുന്ന ബിസിനസുകളോട് എനിക്ക് ഭയങ്കര  വെറുപ്പാണ് , പ്രത്യേകിച്ചും അവർ ക്വാളിറ്റി കുറഞ്ഞ  വയറുകൾ നല്ല ക്വാളിറ്റി ഉള്ളതാണെന്ന് പറഞ്ഞു  കൊടുക്കുമ്പോൾ .",Disgust
"നിങ്ങൾ എന്‍റെ ഇഷ്ടപ്പെട്ട ട്രാവൽ കമ്പനിയാണ്, കാരണം ഞാൻ ഇവിടെ വന്നാ മാത്രം മതി. ബാക്കി എല്ലാ കാര്യങ്ങളും  നിങ്ങൾ നോക്കിക്കോളുമല്ലോ.",Happiness
തട്ടുകടയിൽ നിന്ന്  ഭക്ഷണം കഴിച്ചിട്ട് ഞങ്ങളുടെ അയൽക്കാരന്ഭക്ഷ്യ വിഷബാധ ഉണ്ടായതുകൊണ്ട് ഇപ്പോൾ സ്ട്രീറ്റ് ഫുഡ്  പരീക്ഷിക്കാൻ എനിക്ക് പേടിയാണ്.,Fear
കുട്ടികളൊക്കെ യൂ.എസ്സില്‍ ആയതിനാല്‍ ഞങ്ങള്‍ വളരെ എകാന്തതയിലാണ്.,Sadness
അവർ ഓരോ ഐറ്റവും  അതിന്‍റെ യഥാർത്ഥ വിലയുടെ ഇരട്ടി വിലയ്ക്കാണ് വിൽക്കുന്നത് . ഇത് വല്ലാത്ത കഷ്ടമാണ് .,Disgust
നമുക്കുള്ള ഹോംവർക്ക് കുറച്ച് കൂടുതലാണെല്ലോ.  എങ്ങനെ ചെയ്തുതീര്‍ക്കും?,Fear
"ഹേയ് രാഹുൽ, നിങ്ങൾ  ഒരു മുതിർന്ന പൗരനാണെങ്കിലും , നിങ്ങൾ ഇപ്പോഴും സുന്ദരനാണ് ട്ടോ .",Happiness
"ഞാൻ കഴിയുന്നത്ര വേഗത്തിൽ ഓടാൻ ശ്രമിച്ചു ,പക്ഷേ  ഓട്ടത്തിൽ അവസാന സ്ഥാനത്തെത്താനെ  പറ്റിയുള്ളൂ.",Sadness
നിങ്ങക്ക് കുറച്ചുകൂടി ഉത്തരാവാദിത്വം ആയിക്കൂടെ ? നിങ്ങൾ എപ്പോഴും കുടിച്ചിട്ട് രാത്രി വൈകിയാ വീട്ടിലേക്ക് തിരിച്ചു വരുന്നേ .,Anger
എയർലൈൻകാർ എൻ്റെ ലഗേജ് കൊണ്ടുപോയി കളഞ്ഞതോടെ ഹോളിഡേയുടെ തുടക്കത്തിൽ തന്നെ എല്ലാ സന്തോഷവും പോയിക്കിട്ടി.,Sadness
"എന്‍റെ ടിക്കറ്റ് മാറ്റിവക്കാന്‍ എത്ര തവണയാ ബുക്കിംഗ് ഓഫീസറുമായി ഇടപെട്ടത്,  എനിക്ക് വെറുപ്പും ദേഷ്യവും തോന്നുന്നു.",Disgust
എണ്ണമയമുള്ള ഭക്ഷണം കഴിച്ച് നിരവധി ആളുകൾക്ക് രോഗം ബാധിച്ചിട്ടുണ്ടെന്ന് കേട്ടപ്പോൾ എനിക്ക് എന്തെങ്കിലും പ്രശ്നമുണ്ടോ എന്നറിയാൻ ഞാൻ ശ്വാസം അടക്കിപ്പിടിച്ചാണ് കാത്തിരുന്നത്.,Fear
ഈ സാലഡ് എന്തൊരു ഫ്രഷ് ആണ്. ഇത് കഴിക്കുമ്പോൾ ഉള്ളിൽ വല്ലാത്തൊരു സുഖം.,Happiness
വീട്ടില്‍ വാങ്ങിയ പുതിയ ഡിഷ്‌ വാഷര്‍ എങ്ങനെ ഉപയോഗിക്കും എന്ന് ആലോചിച്ചിരിക്കുമ്പോഴാണ് അതിൻ്റെ കൂടെ കിട്ടിയ നിർദേശങ്ങൾ കണ്ടത്; കണ്ണു തള്ളിപ്പോയി.,Surprise
കടയിൽ  ആകെ പൊടിയും പിന്നെ  ഭയങ്കര നാറ്റവും .,Disgust
പുതിയ നിയമങ്ങൾ കാരണം എന്‍റെ ഡ്രൈവിംഗ് ലൈസൻസ് നടപടിക്രമങ്ങൾക്ക് കൂടുതൽ സമയമെടുക്കുമെന്ന് കേട്ടപ്പോ ഞാന്‍ തളര്‍ന്നു.,Sadness
വെറും പത്ത്  അടി അകലെ നിന്നാ ഫ്രഞ്ച് കളിക്കാർ എനിക്ക് നേരെ പന്ത് ആഞ്ഞടിച്ചത്.,Fear
"എനിക്ക്  സ്പാം കോളുകൾ വരുന്നത് ഇഷ്ടമല്ല . ബാങ്കിന് എങ്ങനെയാണ് എന്‍റെ പേഴ്സണൽ നമ്പർ കിട്ടിയത്, എന്നെ വിളിക്കാൻ ആരാണ് നിങ്ങൾക്ക് അനുമതി നൽകിയേ ?",Anger
എന്തൊരു നാറ്റാ . വേഗം പണമടച്ച് പോകാം.,Disgust
"കഷ്ടം, ഈ സമയത്ത്, എന്തിനാ എന്‍റെ വിദ്യാർത്ഥികൾ എന്നെ പഴഞ്ചനായി കാണുന്നെ?",Sadness
വളരെ അപൂർവമായ ഒരു പുരാവസ്തു ഇന്നലെ ഞാൻ നല്ലൊരു തുകയ്ക്ക് വിറ്റു.,Happiness
പ്രകൃതിവിഭവങ്ങൾ കൊള്ളയടിക്കുകയും മലിനീകരണം ഉണ്ടാക്കുകയും ചെയ്യുമ്പോളൊക്കെ നാം എത്രത്തോളം സ്വാർത്ഥതയോടെ ആണ് നമ്മുടെ ഭൂമിയെ നശിപ്പിക്കുന്നത്!,Sadness
ഈ വർഷം  പല സ്കീമുകളുടെ സഹായത്തോടെ ഞാൻ ധാരാളം നികുതി ലാഭിച്ചു.,Happiness
അടുക്കളയുടെ പുതിയ രൂപം ഞാൻ പ്രതീക്ഷിച്ചതിലും അപ്പുറമാണ്; ആധുനികരീതിയിലുള്ള എന്നാൽ സുഖകരമായ ആയ സെറ്റ് അപ്പ്    അഭിനന്ദിക്കാതിരിക്കാൻ പറ്റില്ല.,Happiness
സൈക്കിൾ കടയിൽ ബൈക്കുകളുടെ വില കണ്ടതോടെ മതിയായി. അവർ എന്നെ തളര്‍ത്തി.,Disgust
ഇന്ത്യയിൽ ഡ്രൈവിംഗ് ലൈസൻസ് എടുക്കാൻ പോകാത്തതിൽ ഞാൻ ഖേദിക്കുന്നു. അങ്ങനെ ചെയ്തിരുന്നെങ്കിൽ  ഫാമിലി കാറിൽ കറങ്ങാനുള്ള സ്വാതന്ത്ര്യം എനിക്ക് കിട്ടുമായിരുന്നു.,Sadness
"കാന്താ, നിനക്ക് നല്ല കളിപ്പാട്ടങ്ങളുണ്ടല്ലോ. ഞാൻ  അത് എടുത്ത് കളിച്ചോട്ടെ ?",Happiness
"ദീർഘദൂര യാത്രയ്ക്ക്  എനിക്ക് ഒരു സൈക്കിൾ ആവശ്യമായിരുന്നു, സൈക്ലിംഗ് ആനന്ദകരമാക്കുന്ന ബൈക്കുകളുടെ നിര  കാണുന്നത് അത്ഭുതമായിരുന്നു.",Happiness
ഇന്ത്യയിലെ ഗതാഗതക്കുരുക്ക്   ആളുകൾ വലിയ പ്രശ്നങ്ങളൊന്നുമില്ലാതെ മാനേജ് ചെയ്യുന്നത് അത്ഭുതമാണ്!,Surprise
അഴിമതിക്കാരായ പോലീസിനെതിരെ സമൂഹത്തിലെ ജനങ്ങൾ ഉണരണ്ടേ?,Anger
രാത്രി നല്ല ഉറക്കം ലഭിക്കാത്തതോണ്ട് നീ പകൽ മുഴുവൻ ആകെ ദേഷ്യത്തിലാണല്ലോ .,Anger
ലോക്കൽ പാർക്കുകൾ നഗരജീവിതത്തിന്‍റെ തിക്കിലും തിരക്കിലും നിന്ന്  ഒരു മോചനം  തരുന്നു.,Happiness
ഞാൻ ഇതുവരെ അദ്ദേഹത്തിന്‍റെ പാഴ്സൽ അയച്ചിട്ടില്ലാത്തതുകൊണ്ട്  കസ്റ്റമറിന്‍റെ കോൾ എടുക്കാൻ എനിക്ക് പേടിയുണ്ട്.,Fear
ഞാൻ യു.എസി.ലേക്ക് പോയപ്പോൾ എന്‍റെ കുട്ടിയെ ഇന്ത്യയിൽ തനിച്ചാക്കിയതിൽ എനിക്ക് പശ്ചാത്താപം തോന്നി.,Sadness
"അയാളുടെ നോട്ടം കണ്ട് ഞാന്‍ ചൂളിപ്പോയി, വഷളന്‍.",Disgust
ഞാൻ ആരാധിക്കുന്ന ഒരാൾ മോശപ്പെട്ട സമയങ്ങളിലൂടെ കടന്നുപോകുന്നത് കാണുന്നത് സങ്കടം  തന്നെയാണ്. പ്രത്യേകിച്ചും നിങ്ങളുടെ കരിയറിൽ നിങ്ങൾ വളരെയധികം നേടിയ ആളല്ലേ!,Sadness
എന്‍റെ ട്രെയിൻ ടിക്കറ്റ് അടുത്ത ദിവസത്തേക്ക് മാറ്റിവയ്ക്കാൻ ബുക്കിംഗ് ക്ലാർക്കിനോട് എങ്ങനാ പറയുന്നേ?,Fear
ഇൻഷുറൻസ് വിൽപ്പനക്കാർ ആദ്യം പോളിസികൾ എടുക്കാൻ ആളുകളെ പ്രേരിപ്പിച്ച് പിന്നെ മാത്രം വിശദാംശങ്ങള്‍ പറയുന്ന രീതി എനിക്കിഷ്ടല്ല.,Disgust
"ഈ ടൂറിസ്റ്റ് സിറ്റിയിലെ ഇന്റർനെറ്റ് കണക്ഷനുകളുടെ സ്പീഡും,വിശ്വാസ്യതയും ശ്രദ്ധേയമാണ്.",Surprise
അടുത്തുള്ള  സൈക്കിൾ ഷോപ്പിൽ എന്‍റെ ബഡ്ജറ്റിലിലുള്ള  ബൈക്കുകൾ കണ്ടെത്തിയതിൽ എനിക്ക് വലിയ സന്തോഷമായി.,Happiness
ടൈറ്റൻ സബ്മെർസിബിളിലെ അവരുടെ മകൻ്റെ മരണം വലിയ ദുരന്തമായി.,Sadness
എന്‍റെ ഐസ്ക്രീം കോൺ കൈയിൽനിന്ന് വഴുതി നിലത്ത് വീണപ്പോൾ ഞാൻ തകർന്നുപോയി.,Sadness
ഈ ക്ലാസ്സിൽ തോൽക്കുമെന്ന ചിന്ത എന്നെ വേട്ടയാടുന്നു.,Fear
"ഒരു വനിതാ ഡ്രൈവിംഗ് ഇൻസ്ട്രക്ടറെ വേണമെന്നത് ഡ്രൈവിംഗ് സ്കൂൾ ഗൗരവമായി എടുക്കുന്നില്ല, മാത്രമല്ല പുരുഷ ഇൻസ്ട്രക്ടർമാരെ നിയമിക്കുന്നതും നിരാശാജനകമാണ്.",Anger
ഞങ്ങളുടെ സർവീസിൽ  നിങ്ങൾ ഹാപ്പിയാണെന്നാ ഞാൻ കരുതിയെ. നിങ്ങൾടെ സെക്യൂരിറ്റി   ഇഷ്യൂസ് ഇപ്പോഴും ശരിയായിട്ടില്ല എന്ന് കേട്ടതിൽ എനിക്ക് വിഷമമുണ്ട്.,Surprise
കർഷകത്തൊഴിലാളി സംഘം കഠിനാധ്വാനം ചെയത്  വയലുകൾ നന്നായി  വൃത്തിയാക്കുന്നത്തിൽ  എനിക്ക് നല്ല സന്തോഷമായി.,Happiness
ഞാൻ എല്ലാ മെസേജുകളും നോക്കി; ഒരൊറ്റ പോസിറ്റീവ് ഫീഡ്ബാക്ക് പോലും ഇല്ല.,Sadness
മാഡം നിങ്ങളെന്താ എന്നെ ഇങ്ങനെ നോക്കുന്നേ?,Disgust
"ഞങ്ങളുടെ ക്വാളിറ്റിയിൽ  ഞങ്ങൾക്ക്  അഭിമാനമുണ്ട്, നിങ്ങൾക്ക് അങ്ങനെയൊരു  മോശം അനുഭവം ഉണ്ടായി എന്നറിഞ്ഞപ്പോ ഞാൻ ഞെട്ടിപ്പോയി.",Surprise
ചെന്നൈയിൽ നടന്ന ഒരു ടൂർണമെൻ്റിൽ ഫുട്ബോൾ റഫറി ഞങ്ങടെ എതിരാളികളെ പച്ചയ്ക്ക് പിന്തുണച്ചപ്പോൾ എനിക്ക് വല്ലാതെ ദേഷ്യം വന്നു.,Anger
കുടുംബബിസിനസ്സ് അടച്ചുപൂട്ടാൻ ഞാൻ ഉത്തരവാദിയാകുമെന്നാണോ നീ പറയുന്നേ?,Disgust
"ഈ ചവറ്റുകുട്ടയിൽ ചീഞ്ഞഴുകുന്ന എന്തോ ആഹാരം കിടപ്പുണ്ട്, അതിൽ നിന്ന് നാറ്റം വരുന്നുണ്ട്.",Disgust
ഏയ് വേണ്ട! ഇന്നത്തെ പ്രസന്‍റേഷന് തയ്യാറെടുക്കാൻ ഞാൻ മറന്നേ പോയി .,Fear
"എനിക്ക് യൂട്യൂബിൽ  അമ്പതിനായിരത്തിലധികം സബ്സ്ക്രൈബേഴ്സ് ഉണ്ട് . ഞാൻ വീഡിയോകൾ ഉണ്ടാക്കുന്നത് തുടർന്നാലേ ""യൂട്യൂബ് സിൽവർ പ്ലേ ബട്ടൺ"" അവാർഡ് കിട്ടുമെന്ന് എനിയ്ക്കു തോന്നുന്നു.",Happiness
വെറും അഞ്ചു വര്‍ഷമായ ആ സ്റ്റാർട്ടപ്പ് അല്ലേ ഒരു മള്‍ടിമില്ല്യന്‍ ഡോളർ കമ്പനിയായി മാറിയത്; സംഭവം തന്നെ!,Surprise
കഴിഞ്ഞ വെള്ളിയാഴ്ച സ്റ്റോറിൽ ചില ഡിസ്കൌണ്ട് വിൽപ്പന നടക്കുന്നുണ്ടെന്ന് ഞാൻ കണ്ടു. അതിപ്പോഴും ഉണ്ടോയെന്തോ!,Fear
"അറിഞ്ഞോ, ഞങ്ങൾ ഒരു പുതിയ മാർക്കറ്റിംഗ് കാമ്പെയ്ൻ തുടങ്ങി; പരിപാടി വൻ ഹിറ്റ് ആണ്.",Happiness
"ഇന്ന് ഗതാഗതക്കുരുക്ക് ഒരു   ദുഃസ്വപ്നമായിരുന്നു. ബസ് ഡ്രൈവർ വേറെ റൂട്ടുകളൊന്നും എടുക്കുകയോ  കാലതാമസത്തെക്കുറിച്ച് ഞങ്ങളെ അറിയിക്കുകയോ ചെയ്തില്ല, ഇത് മുഴുവൻ യാത്രയും ഒരിക്കലും അവസാനിക്കാത്ത കഷ്ടപ്പാടാക്കി മാറ്റി!",Anger
ഒരു പ്രോജക്റ്റ് നടത്താനുള്ള സ്വാതന്ത്ര്യം  നൽകാതെ അതിന്‍റെ പരാജയത്തിന് ലീഡര്‍ എന്നെ കുറ്റപ്പെടുത്തുന്നു.,Anger
ചെന്നൈക്ക് പുറത്ത് പച്ചപ്പും ശുദ്ധജലാശയങ്ങളും പുനഃസ്ഥാപിക്കാനുള്ള എന്‍റെ സംരംഭത്തിന് വ്യക്തികളിൽ നിന്ന് ധനസഹായം കിട്ടിയത്  എനിക്ക് അനുഗ്രഹമായി.,Happiness
നിങ്ങൾ ഇങ്ങനെ ഓരോ കാര്യങ്ങൾ സങ്കൽപ്പിക്കുന്നത് നിർത്തണം. ഇത് നിങ്ങളുടെ ചുറ്റുമുള്ള ആളുകളെ ബാധിക്കുന്നു.,Anger
ന്യൂസ്‌പേപ്പർ  ഡെലിവറി  പാക്കിൽ നിങ്ങൾ ഉൾപ്പെടുത്തിയിട്ടുള്ള മാസികകൾ വളരെ നല്ലതാണ് . അവ പല തരത്തിലുള്ള  വായനാ സാമഗ്രികളുടെ ഒരു നിധി പോലെയാണ്.,Happiness
ഈ  കെട്ടിടത്തിനു പതിനായിരം വർഷം പഴക്കമുണ്ടെന്ന് നിങ്ങൾക്കറിയോ ?,Surprise
എയർ ഇന്ത്യ വിമാനത്തിലെ വൃത്തിയില്ലാത്ത ടോയ്‌ലറ്റിന്‍റെ  അടുത്തുകൂടെ കടന്നുപോയപ്പോ എനിക്ക് അറപ്പ് തോന്നി .,Disgust
ബോണ്ട് മാർക്കറ്റിലെ  അസ്ഥിരതയെക്കുറിച്ച് എനിക്ക് അൽപ്പംപേടി  തോന്നാൻ തുടങ്ങിയിരിക്കുന്നു.,Fear
നായ്ക്കുട്ടികളുടെ ആ കളിയൊക്കെ കണ്ടാൽ നമ്മൾ പോലും അറിയാതെ ചിരിച്ചുപോകും.,Happiness
"ഞങ്ങൾ കൊയ്ത സമൃദ്ധമായ വിളവെടുപ്പ് ഞങ്ങളുടെ കർഷക തൊഴിലാളി ടീമിന്‍റെ സമർപ്പണത്തിന്‍റെയും, കൂട്ടായ പ്രവർത്തനത്തിന്‍റെയും തെളിവാണ്. അതിനെക്കുറിച്ച് ചിന്തിക്കുമ്പോൾ എനിക്ക് ഒരു നേട്ടം തോന്നുന്നു.",Happiness
"ട്രെയിനിലെ കോച്ച് എന്ത് വൃത്തിഹീനമാണ്, എങ്ങനെ ഇതില്‍ യാത്ര ചെയ്യും.",Disgust
ഒരു പ്രയോജനവും ഇല്ലാതെ അപ്പാർട്ട്‌മെന്‍റ് കോമ്പ്ലക്സിന്‍റെ മെയിന്‍റനൻസ് ചാർജ് കൂട്ടിയതില്‍ ഞങ്ങള്‍ ശക്തമായിത്തന്നെ പ്രതിഷേധിക്കുന്നു.,Anger
"കുറെ ആഴ്ചകളായി തിരഞ്ഞു കഴിഞ്ഞിട്ട് ഇത്രയും ഉയർന്ന കച്ചവടം ഉള്ള ഒരു ബിസിനസ്സ് സ്പേസ് കിട്ടുമെന്ന്  ഞാൻ പ്രതീക്ഷിച്ചിരുന്നില്ല , അതൊരു വലിയ നേട്ടമായി .",Surprise
ഹെല്‍ത്ത് സെന്‍ററില്‍ ഒരു കിടക്ക കണ്ടെത്താന്‍ എത്ര സമയാ എടുത്തേ എന്നറിയാമോ.,Anger
നാൽപ്പത്തിയഞ്ച്  മിനിറ്റോളം എന്‍റെ ലൈൻ ഹോൾഡിൽ വച്ചിട്ട് നിങ്ങൾക്കെന്നെ സഹായിക്കാൻ കഴിയില്ലെന്നുള്ളതുകൊണ്ട് എന്താ നിങ്ങൾ ഉദ്ദേശിച്ചെ?,Anger
മുഖ്യാതിഥിയായി ക്ഷണിക്കപ്പെട്ട പ്രശസ്ത ഗായകനെ കുറിച്ച് എന്‍റെ ശിഷ്യൻ ചില മോശം  പരാമർശങ്ങൾ നടത്തി.,Sadness
പരുത്തി വിള വെള്ളപ്പൊക്കത്തിൽ നശിച്ചുപോയി; ഇനി ഇപ്പോ എങ്ങനെയാ ഉത്പാദനത്തിന് വേണ്ട വസ്തുക്കൾ കൃത്യസമയത്ത് ലഭിക്കുക?,Fear
ബസ് ദിനത്തിൽ ചെന്നൈയിലെ പല  കോളേജുകളിൽ നിന്നുള്ള വിദ്യാർത്ഥികളുടെ   പെരുമാറ്റം ശരിക്കും  മോശമാണ്.,Anger
"അവന്‍റെ മുറിവിൽ ആകെ രക്തവും, പഴുപ്പും ഒക്കെ ഉണ്ടായിരുന്നു.",Disgust
"ഇന്ന് മാര്‍ക്കറ്റില്‍  ക്രിപ്‌റ്റോകറൻസിയുടെ മൂല്യം കുത്തനെ ഇടിഞ്ഞപ്പോ,  ഞാൻ ഓര്‍ക്കാപ്പുറത്ത് കുടുങ്ങി.",Surprise
"ഞാൻ നിന്നെ  വിശ്വസിച്ച് ഓരോ കാര്യങ്ങൾ പറയുമ്പോൾ നീ കേൾക്കുന്നില്ല, എന്നിട്ട്  നീ എന്നോട് പറയാണ്  ഞാൻ നിന്നോട് ഒന്നും പറയുന്നില്ലെന്ന്.",Disgust
ഉത്തരാഘണ്ടിലെ കരകൗശലത്തൊഴിലാളികളുടെ കൃത്യതയും വൈദഗ്ധ്യവും ഒക്കെ ശരിക്കും അപാരം തന്നെ.,Surprise
"എന്തെങ്കിലും പൂർത്തിയാക്കേണ്ടിവരുമ്പോൾ എനിക്ക് വളരെയധികം ഉത്കണ്ഠ തോന്നുന്നു , പക്ഷേ അത് വിചാരിച്ച പോലെ  നടക്കുന്നില്ല.",Fear
ഈ കൗൺസലർ എന്‍റെ പ്രശ്നങ്ങൾ കൈകാര്യം ചെയ്യുന്ന രീതി എനിക്കി ഇഷ്ടമാണ് . അവർക്ക് നല്ല   സഹാനുഭൂതിയും ക്ഷമയും ഉണ്ട്.,Happiness
ഒരു ജേര്‍ണലിസ്റ്റ് എന്ന നിലയിൽ നിങ്ങൾ സിറ്റിയിലെ വർഗീയ കലാപങ്ങളെക്കുറിച്ച് തെറ്റായ വാർത്തകൾ പ്രസിദ്ധീകരിച്ചില്ലേ? അതുകൊണ്ട് എല്ലാരും ഇവിടെ പേടിച്ച് ഓടുകാ.,Fear
വൗ! നിങ്ങൾ രാവിലെ ഒരു ഷിഫ്റ്റിലും വൈകുന്നേരം വേറൊരു  ഷിഫ്റ്റിലും ജോലി ചെയ്യുന്നു! നിങ്ങൾക്ക്  ഒരു റെസ്റ്റും ഇല്ലേ ?,Surprise
"നോക്കൂ ,ആ സൈക്കിൾ എത്ര പഴയതാ, അതിന്‍റെ ചെയിൻ മുഴുവൻ  തുരുമ്പെടുത്തതാ.",Disgust
ഊർജ്ജസ്വലമായ പ്രകടനത്തിന് ശേഷം ആ യുവതി മുതിർന്നവരോട് വളരെ താഴ്മയോടെയും  ബഹുമാനത്തോടെയും  പെരുമാറുന്നത്  കണ്ടപ്പോൾ എനിക്ക് വളരെ സന്തോഷമായി.,Happiness
നിക്ഷേപ സ്ഥാപനങ്ങൾ ഈടാക്കുന്ന അമിത ഫീസുകള്‍ ശരിക്കും കൊള്ളയാ.,Anger
"വൗ , ഇന്ന് നിങ്ങൾ ചെയ്ത എല്ലാ സഹായത്തിനും വളരെ നന്ദി, മിസ്റ്റർ സ്മിത്ത്. അത് വളരെ വിലപ്പെട്ടതായിരുന്നു ട്ടോ !",Happiness
ഈ കമ്പ്യൂട്ടർ സ്റ്റോറിൽ വൈഫൈ എത്ര സ്ലോ ആണ്. ഒന്നും ചെയ്തു തീര്‍ക്കാന്‍ പറ്റില്ല.,Disgust
ചരിത്രത്തിൽ അഭിനിവേശമുള്ള സന്ദർശകർ മ്യൂസിയത്തിൽ വന്ന് എന്‍റെ പുരാവസ്തുക്കൾ കാണുന്നത് കാണുമ്പോ എനിക്കത് വളരെയധികം സന്തോഷം തോന്നുന്നു.,Happiness
അഘ്ഘ്! ഒച്ചിനെ ഒക്കെ തൊടുന്നത് ആലോചിക്കുമ്പോൾ തന്നെ എന്തോ പോലെ ആവുന്നു.,Disgust
ഈ പകർച്ചവ്യാധിയുടെ സമയത്ത്പല ആളുകൾക്കും പ്രിയപ്പെട്ടവരെ നഷ്ടപ്പെട്ടു.,Sadness
എന്‍റെ കുട്ടിയുടെ സ്റ്റേജ് ഫിയര്‍ മൂലം  തന്‍റെ മ്യൂസിക് കരിയര്‍ ഉപേക്ഷിക്കാനുള്ള സാധ്യതയെക്കുറിച്ച് എന്നെ അസ്വസ്ഥനാക്കി.,Fear
ടാക്സ്  റിട്ടേണിൽ തെറ്റ് വരുത്തുന്നതിന്‍റെ അനന്തരഫലങ്ങൾ ഇത്ര ഭീകരമാണോ?,Fear
അടുത്ത മൂന്ന് മണിക്കൂറിനു വിമാനം ടേക്ക് ഓഫ് ചെയ്യില്ല. എഞ്ചിനിൽ ചില പ്രശ്നങ്ങളുണ്ട്.,Sadness
"ഇത് പരിഹാസ്യമാണ്. ഞാൻ ശാന്തമായ അയൽപക്കം ആവശ്യപ്പെട്ടു, എന്നിട്ടും തിരക്കേറിയ തെരുവുകൾക്കും ശബ്ദമുള്ള പ്രദേശങ്ങൾക്കും സമീപമുള്ള സ്ഥലങ്ങളാണ് നിങ്ങള്‍ കാണിച്ചുതരുന്നത്. നിങ്ങൾ  എറിയുന്നതെന്തും ഞാൻ സമ്മതിക്കുമെന്നാണോ നിങ്ങൾ കരുതിയെ?",Anger
എന്‍റെ ക്യാബ് ഡ്രൈവർ കാഞ്ചീപുരത്തേക്കുള്ള ഒരു ഷോർട്ട് കട്ടിലൂടെ സഞ്ചരിച്ച് സമയം മുപ്പത്  മിനിറ്റ് ലാഭിച്ചപ്പോൾ ഞാൻ അത്ഭുതപ്പെട്ടുപോയി !,Surprise
ഗോൾഫ് ടൂർണമെന്‍റിൽ രൂക്ഷമായ ഒരു പട് നേരിവേണ്ടി വന്നപ്പോ  റഹീം അസ്വസ്ഥനായി.,Fear
"പതിനഞ്ച് ദിവസം മുമ്പ് ഞാൻ ഈ ബുക്ക് മുൻകൂട്ടി ഓർഡർ ചെയ്തിട്ടുണ്ട്, പക്ഷേ ഇപ്പോഴും എനിക്ക് ഒരു കൺഫമേഷൻ മെയിൽ പോലും കിട്ടിയില്ല.",Anger
എന്‍റെ പ്രതീക്ഷകൾക്ക്  അനുസരിച്ചുള്ള ഫർണിച്ചറുകൾ കിട്ടുമോ എന്ന്  എനിക്ക് നല്ല ആശങ്കയുണ്ട്.,Fear
"എനിക്ക് ആ ഭക്ഷണം നോക്കാൻ കൂടി പറ്റുന്നില്ല, പിന്നല്ലേ കഴിക്കുന്ന കാര്യം!",Disgust
ഈ ബിസിനസ്സ് ഓൺലൈനിൽ വാഗ്ദാനം ചെയ്യുന്ന പലതരം പേയ്മെന്‍റ് ഓപ്ഷനുകൾ കണ്ട് ഞാൻ അന്ധാളിച്ചു പോയി.,Surprise
ഈ ആഴ്ചയോടെ ഞാൻ എന്‍റെ ജോലിയെല്ലാം പൂർത്തിയാക്കിയാൽ എനിക്ക് ഒരു മാസത്തേക്ക് വെക്കേഷൻ എടുക്കാന്ന് സർ എന്നോട് പറഞ്ഞു!,Happiness
ഞങ്ങളുടെ കടയുടെ ലേഔട്ട് കസ്റ്റമേഴ്‌സിന് തീരെ പരിചയം ഇല്ലാത്ത ഒന്നാണ്; അതുകൊണ്ട് തന്നെ കച്ചവടം ഒന്നും അത്ര പോര.,Sadness
നമ്മുടെ  ബന്ധം വളരെ വഷളായിരിക്കുന്നു. ഞാൻ നിങ്ങളുടെ അടുത്ത് വരുമ്പോ എനിക്ക് മനസ്സിടിയുകയാ.,Sadness
ആകാശം ഇടിയും മിന്നലും കൊണ്ട് നിറഞ്ഞപ്പോൾ എന്‍റെ മോൻ ആകെ  വിറച്ചു.,Fear
"ക്ഷമിക്കണം, എനിക്ക് നിങ്ങളുടെ അവസ്ഥ മനസ്സിലാകുന്നുണ്ട്. പക്ഷേ വാർഷികത്തിനായി നിങ്ങളിപ്പോ നോക്കുന്ന ആഭരണങ്ങൾ നിങ്ങടെ കൊക്കിലൊതുങ്ങുന്നതല്ല.",Sadness
ആരോഗ്യ കേന്ദ്രത്തിൽ ഒരു ഡോക്ടറെ കാണാൻ ഇത്ര നേരൊക്കെ കാത്തിരിക്കണോ എന്ന് എനിക്ക് വിശ്വസിക്കാൻ കഴിയുന്നില്ല! ഇത്തരം സേവനത്തിന് പണം നൽകുന്നത് വെറുതെയാണ്.,Anger
ആ ഗൈഡ്  കോട്ടയ്ക്ക് ചുറ്റും എന്നെ കാണിച്ചതിന് എന്‍റെ കയ്യിൽ നിന്ന് കൂടുതൽ പണം മേടിച്ചു എന്ന്  അറിഞ്ഞപ്പോൾ എനിക്ക് എന്‍റെ ദേഷ്യം സഹിക്കവയ്യായിരുന്നു.,Anger
ഭക്ഷണത്തിന് ശേഷം തൈര് സാദം കഴിച്ചാൽ ഒരു ഉഷാറാണ്!,Happiness
ഒരു സ്ഥാപനത്തിലെ  മികച്ച ജീവനക്കാരെ  പോലും  ഒഴിവാക്കുന്നത് വെറുപ്പിക്കുന്നതാണ്.,Disgust
പ്രത്യേകിച്ചും നിങ്ങൾക്ക് വേറെ പ്ലാൻസ് ഉണ്ടായിരുന്നപ്പോൾ കാർ കേടുവന്നത്  വളരെ കഷ്ടായിപ്പോയി.,Sadness
ഇൻഷുറൻസ് കമ്പനിയുടെ തെറ്റായ വാഗ്ദാനങ്ങളോടും തെറ്റിദ്ധരിപ്പിക്കുന്ന വിവരങ്ങളോടും എനിക്ക് വെറുപ്പാണ്.,Disgust
എന്‍റെ കേൾവിശക്തിയെ ചോദ്യം ചെയ്യാൻ നിങ്ങൾക്ക് എങ്ങനെ ധൈര്യം വന്നു?,Anger
എന്‍റെ ജോലിസ്ഥലത്ത് പ്രൊഫഷണലുകളുടെ കഴിവില്ലായ്മയുമായി ഞാൻ എന്‍റെ ക്ഷമയുടെ നെല്ലിപ്പടി കണ്ടു.,Anger
നിൻ്റെ പാർക്കർ സ്റ്റണ്ടുകൾ കണ്ടിട്ട് എൻ്റെ കണ്ണ് തള്ളിപ്പോയി; ഇതൊക്കെ നീ എവിടുന്നാ പഠിച്ചത്?,Surprise
സ്നോർക്കലിംഗ് പോലുള്ള വാട്ടർ ആക്റ്റിവിറ്റികൾക്ക് എന്തെങ്കിലും സുരക്ഷാ നടപടികൾ കാണുമോ?,Fear
"അതിനടിയിൽ ആമസോണിനേക്കാൾ വലിയ ഒരു നദിയുണ്ടെന്ന് ഞാൻ കേട്ടു , അത് ശരിക്കും അവിശ്വസനീയമാണ്!",Surprise
കോഴ്സ് കഴിഞ്ഞ് ചില വിദ്യാർത്ഥികൾക്കുള്ള കടബാധ്യതയെ കുറിച്ചറിഞ്ഞ് ഞാൻ ഞെട്ടിപ്പോയി. അവര്‍ അത് എങ്ങനെ വീട്ടും?,Surprise
ഞാൻ കുറെക്കാലമായി തിരയുന്ന ബുക്ക് ഈ കടയിലും ഇല്ലാത്തത് എന്തൊരു  കഷ്ടാണ്‌.,Sadness
ഭാംഗ്ര ഡാന്‍സ് പെര്‍ഫോമന്‍സ് കാണുമ്പഴെല്ലാം എനിക്ക് ചാടി എണീറ്റ് ഡാന്‍സ് ചെയ്യാൻ തോന്നാറുണ്ട്.,Happiness
"ചെന്നൈയിൽ നിന്ന് ദുബായിലേക്കുള്ള എന്‍റെ വിമാനം വൈകിയത് എനിക്ക് വിഷമമായി , കാരണം എനിക്ക് വാഷിംഗ്ടണിലേക്കുള്ള കണക്ഷൻ ഫ്ലൈറ്റ് മിസ്  ആയി .",Sadness
"ഒരു വനിതാ ഇൻസ്ട്രക്ടറിൽ നിന്ന് പഠിക്കുന്നത് അത്ര സുഖകരമാണെന്ന് ഞാൻ ഒരിക്കലും വിചാരിച്ചിരുന്നില്ല, പക്ഷേ അവരുടെ  ക്ഷമയും അറിവുമൊക്കെ  പറഞ്ഞറിയിക്കാൻ പറ്റില്ല.",Surprise
"അടുത്തതായി ബാറ്റ് ചെയ്യാൻ എനിയ്ക്ക്പേടിയാ . മലിംഗ യോർക്കറെറിയാൻ തുടങ്ങിട്ടുണ്ട്, അവന്‍റെ പന്ത് ചിലപ്പോ എന്‍റെ തലയിൽ വീഴും.",Fear
കാശുണ്ടായിട്ടും ടാക്സ് വെട്ടിക്കുന്ന കുറെ ബിസിനസുകാരുണ്ട്; പരിതാപകരമാണ് അവരുടെ അവസ്ഥ.,Disgust
പി.ആർ.എൽ .ലേക്കുള്ള സെലക്ഷനില്‍ എന്‍റെ പേര് പ്രഖ്യാപിച്ചത് ഇപ്പഴും എനിക്ക് വിശ്വസിക്കാൻ കഴിഞ്ഞില്ല!,Surprise
ഇത് കഷ്ടമാണപ്പാ. ഇന്ന് ഇത് വൃത്തിയാക്കുമെന്ന് ഞാൻ പ്രതീക്ഷിച്ചതാ.,Sadness
അമ്പലത്തില്‍ പോയി നന്നായി പ്രാര്‍ഥിച്ച ശേഷം  എന്‍റെ ആഗ്രഹങ്ങൾ സാധിച്ചു.,Happiness
ഈ സ്റ്റാർട്ടപ്പിലെ എന്‍റെ ബിസിനസ്സ് നിക്ഷേപം കുറയുന്നത് ഭാവിയെക്കുറിച്ച് എനിക്ക് ആശങ്കയുണ്ടാക്കുന്നു.,Fear
"പുതിയ മോഡുലാർ കിച്ചൺ നന്നായി ചെയ്യുന്നതിൽ  എനിക്ക് വലിയ പ്രതീക്ഷകളുണ്ടായിരുന്നു, പക്ഷേ നിർഭാഗ്യവശാൽ, കൗണ്ടർടോപ്പിലുള്ള   പോറലുകൾ എന്നെ നിരാശനാക്കി.",Sadness
കുടുംബത്തെ നഷ്ടപ്പെട്ടതിനുശേഷം അദ്ദേഹത്തിൻ്റെ ജീവിതത്തട്ടിൽ വല്ലാത്തൊരു ശൂന്യതയാണ്.,Sadness
"ഗ്യാസ് സിലിണ്ടറിന്‍റെ വില ഇങ്ങനെ കൂടുന്നത് എന്ത് കഷ്ടാ. ഇത് എന്‍റെ ബജറ്റിനെ ബാധിക്കുന്നു, എന്ത് ചെയ്യുമെന്ന് ഒരെത്തും പിടീം കിട്ടുന്നില്ല.",Sadness
വാടക വിലയിൽ എല്ലാ യൂട്ടിലിറ്റികളും ഉൾപ്പെടുന്നത് നന്നായി. അത് പൊളിച്ചു.,Surprise
ഗ്യാസ് സിലിണ്ടർ ഡെലിവറി ചെയ്യാൻ അമ്പത് രൂപ വേണമെന്ന് പറയുന്നു.,Sadness
"നിങ്ങൾ  എത്ര പതുക്കെയാണ് ഡ്രൈവ് ചെയുന്നത്, എയർപോർട്ടിൽ കൃത്യസമയത്ത്  എത്തി  ഫ്ലൈറ്റ് കിട്ടുമോ?",Fear
വരാനിരിക്കുന്ന ഗ്രൂപ്പ് ചർച്ചയെക്കുറിച്ച് എനിക്ക് അൽപ്പം പേടി  തോന്നുന്നു.,Fear
അവരുടെ നിക്ഷേപങ്ങൾ പരിസ്ഥിതിയെ ബാധിക്കുന്നത് കണക്കിലെടുക്കാത്തത് വലിയ കഷ്ടം തന്നെ.,Disgust
എല്ലാ ദിവസവും രാവിലെ എന്‍റെ പൂന്തോട്ടത്തിൽ അണ്ണാന്‍റെ പരക്കംപാച്ചിൽ കാണാൻ എനിക്ക് നല്ല  ഇഷ്ടമാണ് .,Happiness
നിങ്ങൾക്കെന്താ?  എനിക്ക് പ്രശ്നം വന്നാൽ അത് എന്‍റെ തലയാ പോകുന്നെ.,Anger
ഞങ്ങളൊരു പുതിയ ലോയൽറ്റി പ്രോഗ്രാം കൊണ്ടുവന്നു. കസ്റ്റമേഴ്സ് ഒക്കെ ഭയങ്കര ആവേശത്തിലാണ്.,Happiness
ഞങ്ങൾടെ  ക്വർട്ടർലി    റിപ്പോർട്ടിംഗ് സീസൺ  അടുക്കുമ്പോൾ കമ്പനിയുടെ ഫിനാൻഷ്യൽ ഹെൽത്തുമായി  ബന്ധപ്പെട്ട് വിവരങ്ങൾ ഒന്നും കിട്ടാത്തതിൽ  എനിക്ക് നല്ല നിരാശയുണ്ട്.,Anger
ഞാൻ താമസിക്കുന്ന ഹോട്ടൽ മുറിയിലെ ഇന്‍റർനെറ്റ് കണക്ഷന് വീഡിയോ കോൺഫറൻസിംഗ് നടത്താൻ  നല്ല സ്പീഡ് ഉണ്ട്.,Happiness
യു.കെ.യിലേക്ക് പോകുമ്പോൾ ലോക്കൽ  കറൻസി മാറ്റിയെടുക്കാൻ കഴിയുമോ എന്ന് എനിക്ക് ഉറപ്പില്ല.,Fear
മാനേജർ എന്നെ നോക്കി കണ്ണിറുക്കി. വല്ലാത്തൊരു പുഞ്ചിരിയോടെ എന്നെ നോക്കുകയും ചെയ്തു.,Disgust
എൻ്റെ ഒരു സുഹൃത്ത് കണ്ടുപിടിച്ച മെക്കാനിക്ക് ആണ്. ആൾ അടിപൊളിയായി കാർ സർവീസ് ചെയ്ത് തന്നു.,Happiness
"ഈ സോസിലെ മധുരവും പുളിയും അത്രയ്‌ക്ക് പെർഫെക്ട് ആണ്; ഒന്ന് അങ്ങോട്ടോ ഇല്ല, ഇങ്ങോട്ടോ ഇല്ല.",Happiness
ഞാൻ വേണ്ടത്ര ശ്രദ്ധിച്ചില്ലെങ്കിൽ പെയിന്‍റിംഗ് നശിച്ചു പോകോന്ന് എനിയ്ക്ക് പേടിയുണ്ട്.,Fear
അവരുടെ സംഗീത നൃത്ത കഴിവുകളിൽ ഞങ്ങൾക്ക് വലിയ പ്രതീക്ഷയുണ്ടായിരുന്നു. പക്ഷെ!,Sadness
ജോലി ചെയ്തു തീർക്കുന്നതിൽ രാഷ്ട്രീയക്കാർ ആത്മാർഥത കാണിക്കാത്തത് എന്ത് അരോചകമാണ്.,Anger
എന്‍റെ ചില കോർ ടീം  മെമ്പേഴ്‌സ് പോയേന് ശേഷം പ്രോജക്റ്റ് ഡെലിവറി ഡേറ്റിനെക്കുറിച്ച് ആലോചിച്ച്  ഞാൻ  വലിയ ടെന്‍ഷനിലായി.,Fear
"ഹായ് കൗസല്യ, നീ എന്താ ഇതുവരെ വീട്ടിൽ പോയില്ല? സമയം ഒരുപാട് വൈകിയില്ലേ?",Surprise
ഈജിപ്ഷ്യൻ പെൺകുട്ടി ഒരു ഹിന്ദി ഗാനം പാടിക്കൊണ്ട്  ഇന്ത്യൻ പ്രധാനമന്ത്രിയുടെ ആവേശം ഉയർത്തി.,Happiness
"ശ്ശോ, കഫറ്റീരിയയിൽ ആ രുചിയില്ലാത്ത സൂപ്പ് വീണ്ടും വിളമ്പുന്നത് എനിക്ക് വിശ്വസിക്കാൻ  പറ്റുന്നില്ല. ഒരാഴ്ചയ്ക്കിടെ ഇത് നാലാം തവണയാണ് അവർ ഇത് നൽകുന്നത്.",Disgust
നിങ്ങൾ ചെറുപ്പമായോണ്ട്  പ്രതിരോധ കുത്തിവയ്പ്പ് ഒഴിവാക്കാമെന്ന് അർത്ഥമില്ല. നമുക്കെല്ലാവർക്കും പ്രതിരോധ കുത്തിവയ്പ്പ് നൽകുന്നത് സർക്കാർ നിർബന്ധമാക്കീത്  നിങ്ങൾ അറിഞ്ഞില്ലേ ?,Anger
ഇല്ല! എനിക്ക് ചിലന്തികളെ പേടിയാ. ഞാൻ അത് തൊടണില്ലാ.,Fear
"സർ! ബാംഗ്ലൂരിൽ നിന്ന് ചെന്നൈയിലേക്കുള്ള ടിക്കറ്റ് ബുക്ക് ചെയ്യണമെന്നാണ് ഞാൻ പറഞ്ഞത്, പക്ഷെ നിങ്ങൾ ബാംഗ്ലൂരിൽ നിന്ന് പൂനെയിലേക്കുള്ള ടിക്കറ്റ് ബുക്ക് ചെയ്തു. നിങ്ങൾക്ക് ബോധമില്ലേ?",Anger
ഈ മാസം കുറേ ചെലവഴിച്ചിട്ടുണ്ട്; ക്രെഡിറ്റ് ക്രഞ്ച് വല്ലതും വരുമോ എന്ന് പേടിച്ചിരിക്കുകയാണ് ഞാൻ.,Fear
"നിങ്ങടെ ഫാമിലി  ഫോട്ടോസ് പോയത് നിങ്ങൾ കൂളായി എടുത്തത് നന്നായി, ട്ടോ.",Happiness
എനിക്ക് ടൈം വേസ്റ്റ് ചെയ്യണ്ട! ഈ റോള്‍ കിട്ടാനാണ് ഞാനിവിടെ വന്നത്. മനസ്സിലായോ?,Anger
കൃത്യമായ അഡ്രസ്സ് കണ്ടെത്തുന്നതിലെ ക്യാബ് ഡ്രൈവറുടെ കണ്‍ഫ്യൂഷന്‍ യാത്ര അരോചകമാക്കുന്നു.,Disgust
ഈ പാസ്ത സോസിന്‍റെ ക്രീമിന് എന്ത്  രുചി ആണെന്നറിയാമോ .,Happiness
"മുംബൈയിലെ  പബ്ലിക്ക് റെസ്റ്റ്‌റൂമുകളുടെ ലഭ്യതയും, ശുചിത്വവും എന്നെ അത്ഭുതപ്പെടുത്തി.",Surprise
"എന്‍റെ മോന്‍ ഡിഗ്രി ഒന്നാം സെമസ്റ്ററിന് എഞ്ചിനീയറിംഗ് വിഷയങ്ങളിലെല്ലാം മോശം മാർക്ക് നേടിയപ്പോ, എനിക്ക് നിരാശയായി.",Sadness
ക്ലോസ് ചെയ്യുന്നതിന് അഞ്ച് മിനിറ്റ് മുമ്പ് ബാങ്ക് ജീവനക്കാരൻ ബാങ്കിൽ നിന്ന്  തള്ളി  പുറത്താക്കിയത് എന്നെ ഞെട്ടിച്ചു.,Surprise
അഭയാർത്ഥികളോടുള്ള യു.കെ.യുടെ നിലപാട് തീർത്തും മനുഷ്യത്വരഹിതമാണ്.,Anger
എനിക്ക് കൂടുതൽ ചെയ്യാന്‍ കഴിയാത്തോണ്ട് ഇനിയുള്ള ഹോംവര്‍ക്ക്‌ സബ്മിറ്റ് ചെയ്യേണ്ട ലാസ്റ്റ് ഡേറ്റിനെ പറ്റി എനിക്ക് ടെന്‍ഷന്‍ ആവുന്നു.,Fear
"ലാസ്റ്റ് നിമിഷം ടിക്കറ്റ് കാന്‍സല്‍ ചെയ്യാന്‍ എന്നെ സഹായിച്ചതിന് വളരെ നന്ദി,",Happiness
നമുക്ക് ഇന്‍റേണ്‍സ് ഉള്ളപ്പോൾ ഇതാണ് സംഭവിക്കുന്നത്. നിങ്ങൾ ഫ്ലൈറ്റില്‍ കയറുമ്പോൾ ഒരാള്‍ മറ്റൊരാളുടെ ലഗേജിന് പകരം നിങ്ങളുടെ ലഗേജാ ഇറക്കിയേ.,Disgust
പ്രശ്നത്തിലായ പ്രോജെക്ടിനെ  സഹായിക്കാൻ സി. ഇ. ഒ .എത്തുന്നതായി എനിക്കറിയില്ലായിരുന്നു.,Surprise
നമ്മുടെ ഭൂതകാലത്തിന്‍റെ ഒരു പ്രധാന ഭാഗം നഷ്ടപ്പെട്ടത് ശരിക്കും ഹൃദയഭേദകമാണ്.,Sadness
ഞങ്ങളുടെ കോളേജ് തുറക്കാൻ ആറ് മാസം വൈകുമെന്ന  വാർത്ത വിശ്വസിക്കാനേ പറ്റുന്നില്ല.,Surprise
ഞാൻ സന്ദർശിച്ച  ഗുഹയേക്കാൾ കൂടുതൽ സമയം ചെലവഴിച്ചത് ടാക്സിയിലാണല്ലോ!,Sadness
നമ്മൾ  കഠിനാധ്വാനം ചെയ്ത് നട്ടുവളർത്തിയ വിളകൾക്ക് നാശനഷ്ടമുണ്ടാക്കുന്ന ആ ഇടതടവില്ലാത്ത കൊടുങ്കാറ്റിനെക്കുറിച്ച് എനിക്ക് വിഷമിക്കാതിരിക്കാൻ പറ്റില്ല. കഴിഞ്ഞ തവണ നമുക്ക് എല്ലാം നഷ്ടപ്പെട്ടത് ഓർമയുണ്ടോ?,Fear
ഞങ്ങൾ ആ അവശിഷ്ടങ്ങളിലൂടെ നടന്നപ്പോൾ ചോള രാജവംശത്തിന്‍റെ മഹത്തായ പഴയ കാലത്തെക്കുറിച്ചൊക്കെ ഗൈഡ് നല്ല ആവേശത്തോടെ വിവരിച്ചു തന്നു.,Happiness
ഈ ഹോട്ടലിന്‍റെ പ്രഭാതഭക്ഷണം കേടുവന്നതും രുചിയില്ലാത്തതുമാ.,Anger
"യാത്രക്കാരിൽ ഒരാൾ ടിക്കറ്റിന് പണം നൽകാൻ  സമ്മതിക്കാതെ  ബസ് നിർത്തി, കൃത്യസമയത്ത് ഇനി ഓഫീസിൽ എത്താന്‍ പറ്റില്ല.",Anger
കമ്പനിയുടെ ടോപ്പ് മാനേജ്മെന്‍റ്  വിട്ടുപോയ വാർത്ത ജീവനക്കാരുടെ മനോവീര്യം തകർത്തു.,Sadness
കുറച്ച് വർഷങ്ങൾക്ക് മുമ്പ് ജെ.എൻ.യു.വിലെ സംഭവങ്ങളെക്കുറിച്ച് പക്ഷപാതപരമായ വാർത്ത റിപ്പോർട്ട് ചെയ്ത മാധ്യമപ്രവർത്തകരോട് എനിക്ക് ദേഷ്യം വന്നു.,Anger
വാതിലുകൾ ഉരസുന്ന  ശബ്ദം എന്നെ വിറപ്പിക്കുന്നു.,Fear
അയ്യേ . ഈ ബാങ്ക് മാനേജർ ചെവി വൃത്തിയാക്കാൻ വിരൽ ചെവിയിൽ  ഇടുന്നു,Disgust
"അയാള്‍ ഈ പ്രായത്തില്‍ ഈ പൂക്കളുള്ള ഷര്‍ട്ടും ധരിച്ച് നടക്കുന്നത് കണ്ടില്ലേ, എന്ത് ബോറാണ്.",Disgust
ഞാൻ ടിക്കറ്റ് കൌണ്ടറിൽ ചെന്നപ്പോൾ എമിറേറ്റ്സ് എന്നെ ഇക്കണോമീന്ന് ബിസിനസ് ക്ലാസിലേക്ക് മാറ്റിയത് എന്നെ ഞെട്ടിച്ചു.,Surprise
കാറിന്‍റെ പ്രശ്നങ്ങൾ നിർണ്ണയിക്കുന്നതിൽ വിദഗ്ധരാണെന്ന് മെക്കാനിക്കുകൾ അവകാശപ്പെട്ടുവെങ്കിലും 'ഡയഗ്നോസ്റ്റിക് ടെസ്റ്റുകൾക്ക്' എന്നോട് ചാർജ് ചെയ്യാതെ പ്രശ്നം കണ്ടെത്താൻ പോലും കഴിഞ്ഞില്ലന്നോ?,Anger
നിങ്ങൾ ഈ കളി കളിക്കുന്നത് എനിക്കു കാണാന്‍ ആവൂല്ല. ബാക്ക്ഗ്രൗണ്ട് മ്യൂസിക്  വല്ലാതെ ഹോണ്‍ട് ചെയ്യുന്നു.,Fear
കമ്പനിക്ക് അവാർഡ് ലഭിച്ചപ്പോൾ പണിയെടുത്ത ഞങ്ങളെ പരാമർശിക്കാത്തതിൽ സങ്കടം തോന്നി.,Sadness
"മറ്റുള്ളവരുമായി വഴക്കിട്ടാൽ  എന്നെ ഫ്‌ളൈറ്റിൽ നിന്ന്  പുറത്താക്കുമോ എന്ന് എനിക്ക് പേടിയായി , അതുകൊണ്ട് ഒരാൾ എന്‍റെ സീറ്റ് ചവിട്ടിയപ്പോ  ഞാൻ  പ്രതിഷേധിച്ചില്ല.",Fear
"കൊറിയറിൽ നിന്ന് പാക്കേജ് ലഭിച്ചപ്പോ എനിക്ക് വലിയ നിരാശ തോന്നി , കാരണം അത് എന്‍റെ അടുക്കൽ എത്തുന്നതിന് മുമ്പ് തന്നെ തുറന്നിരുന്നു.",Sadness
തീർച്ചയായും! നിങ്ങളുടെ പാർട്ടിയുടെ തീമുമായി യോജിക്കുന്ന തരത്തിൽ കേക്ക് നമുക്ക് ഡിസൈൻ ചെയ്യാം.,Happiness
ഓര്‍ഡറിന്‍റെ ഫൈനല്‍ റിസല്‍ട്ട് എന്നെ വെറുപ്പിച്ചു. അടുക്കളയിലിരിക്കാൻ പോലും പറ്റാത്ത അവസ്ഥയിലാണ് ഞാൻ.,Disgust
കേറുന്ന സ്ഥലത്ത്  തന്നെ ഈ ചരക്ക് വയ്ക്കുന്നത് നല്ല കാര്യമാണെന്ന്  ആരാ പറഞ്ഞെ?,Disgust
ബൈക്കിന്‍റെ ടയർ പൊട്ടി  കൃത്യസമയത്ത് ഡോജോയിൽ എത്താൻ കഴിയാത്തതു കൊണ്ട് നിരാശനായി  എന്‍റെ കോച്ച് എന്നെ വിളിച്ചു.,Sadness
എന്തിനാപ്പാ ഞങ്ങളുടെ ഡ്രൈവ് വേയിൽ  നിർമ്മാണ സാമഗ്രികൾ കൂട്ടിയിട്ടത്?,Anger
നിങ്ങളുടെ കട മുഴുവൻ എപ്പോഴും വൃത്തികേടായി കിടക്കുന്നകൊണ്ട് എനിക്ക് ഇവിടെ വരാനേ അറപ്പാണ്.,Disgust
"എനിക്ക് ദേഷ്യം സഹിക്കാൻ പറ്റുന്നില്ല, ഞാൻ ജഡ്ജ് ആയിരുന്നെങ്കിൽ , മയക്കുമരുന്ന്  മാഫിയാ  തലവന്മാർക്ക് കോടതിയിൽ ഉറപ്പായും വധശിക്ഷ നൽകിയേനെ.",Anger
"ഞങ്ങളുടെ പരിപാടിയിൽ തീയും, തിക്കും തിരക്കും കൈകാര്യം ചെയ്യാനുള്ള അറേഞ്ച്മെന്‍റിനെപ്പറ്റി എനിക്ക് പേടിണ്ട്.",Fear
വിത്തുകൾ നട്ട് മണ്ണില്‍ ആദ്യത്തെ മുള കാണുമ്പോ എനിക്കുണ്ടാവുന്ന സന്തോഷം ശരിക്കും പറഞ്ഞറിയിക്കാന്‍ പറ്റാത്തതാണ്.,Happiness
ഞാൻ ഒരു ക്ലെയിമും നൽകാതെ തന്നെ നിങ്ങൾ എന്തിനാണ് കഴിഞ്ഞ വർഷത്തേക്കാളധികം ഇൻഷുറൻസ് ക്ലെയിം ചുമത്തുന്നത്? എന്നെ പറ്റിക്കാന്‍ നോക്കാണോ?,Anger
"ഇവന്‍റ് മാനേജരുടെ വിശാലമായ സേവനങ്ങൾ എന്‍റെ മനസ്സിന് വലിയ ആശ്വാസമായി. കാറ്ററിംഗ്, വിനോദം എന്നിവ മുതൽ സീറ്റിംഗ് അറേഞ്ച്മെന്‍റ്  വരെ എല്ലാം തടസ്സമില്ലാതെ കൈകാര്യം ചെയ്യുന്നത് വളരെ ആശ്വാസകരമാണ്.",Happiness
ഞാൻ വീണപ്പോൾ ഒരു കല്ല് എന്‍റെ കാൽമുട്ടിലേക്ക് തുളച്ച് കേറി. അടുത്ത കുറച്ചു ആഴ്ചത്തേക്ക് എനിക്ക് കളിക്കാൻ പറ്റുന്നു തോന്നണില്ല .,Fear
നിങ്ങളിൽ നിന്നുള്ള ഒരു അനാദരവും ഞാന്‍ സഹിക്കില്ല.,Anger
ഒടുവിൽ  മോഡുലാർ കിച്ചണ്‍ വെച്ചപ്പോൾ എന്‍റെ ഭാര്യ  ആവേശഭരിതയായി. അത് വളരെ നല്ലതായി തോന്നി!,Happiness
നിനക്ക് എപ്പോഴും നല്ല ഓഫറുകൾ കിട്ടുന്നുണ്ടല്ലോ; ഇത്രയും കൊല്ലമായിട്ട് എനിക്ക് ഇതുവരെ നല്ലൊരു ഓഫറുപോലും കിട്ടിയിട്ടില്ല.,Disgust
"സർ, ദയവായി നിങ്ങളുടെ സീറ്റിലേക്ക്പോകൂ. ഇതൊരു എയർലൈനാണ്, ഫുഡ് ബസാറല്ല!",Anger
എവിടെയും കിട്ടാത്ത ഒരു സാധനം ഞാൻ ആ കസ്റ്റമറിന് കണ്ടുപിടിച്ച് കൊടുത്തപ്പോൾ എന്തോ വല്ലാത്ത ഒരു സംതൃപ്തി തോന്നുന്നു.,Happiness
നിങ്ങൾക്ക് എന്‍റെ റൊട്ടിയിൽ നെയ്യ് കുറച്ചൂടേ ? എനിക്ക് കൊളസ്ട്രോൾ കൂടുതലാന്നു  നിങ്ങക്കറിയില്ലേ?,Anger
ഈ അമ്യൂസ്മെന്‍റ് പാർക്കിൽ ശരിയായ ഒരു സുരക്ഷാ നടപടിയും ഇല്ല.,Disgust
ഞങ്ങൾക്ക് കിട്ടിയ ഹോട്ടൽ മുറിയിലെ ബെഡ്ഷീറ്റിൻ്റെയും ടവലിൻ്റെയും ഒക്കെ അവസ്ഥ കാണണമായിരുന്നു; ഛര്‍ദ്ദിക്കാന്‍ വരും.,Disgust
"മർഫ് ചലഞ്ച് ആരെങ്കിലും തീര്‍ക്കുമെന്ന് ഞാൻ കരുതിയേയില്ല, എന്നാൽ ഒരാള്‍ എല്ലാ പ്രതിബന്ധങ്ങളെയും മറികടന്ന് സമയത്തിന് മുമ്പേ പൂർത്തിയാക്കി.",Surprise
"എന്‍റെ ഫ്രണ്ട്സിനു  മോശം അനുഭവങ്ങൾ ഉണ്ടായിട്ടുണ്ട്, നിങ്ങടെ അടുത്ത് നിന്ന് വാട്ടർ ഫിൽട്ടർ വാങ്ങരുതെന്ന് അവർ എന്നോട് പറഞ്ഞതാ . ഞാൻ അവർ പറഞ്ഞത് കേൾക്കണമായിരുന്നു.",Disgust
പ്രൊമോഷനും നല്ല കമ്മീഷൻ നിരക്കും ഒക്കെ കിട്ടിയപ്പോൾ ഒരു ഉന്മാദാവസ്ഥയിലായിരുന്നു ഞാൻ.,Happiness
"ഒരു ഭക്ഷ്യ നിരൂപകൻ എന്ന നിലയിൽ എന്നെ സംബന്ധിച്ചിടത്തോളം ആ ഭക്ഷണം അരോചകമായിരുന്നു. അത് വല്ലാതെ വെന്തുകുഴഞ്ഞതും,രുചിയില്ലാത്തതുമായിരുന്നു.",Disgust
"ഓടുന്നതിനിടയിൽ ശരീരത്തിൽ ഉപ്പ് കുറഞ്ഞപ്പോൾ, അവിടെ  മുൻപില്ലാത്ത കാര്യങ്ങൾ ഞാൻ കാണാൻ തുടങ്ങി.",Fear
ഞാൻ ശ്രദ്ധയില്ലാതെ കുടിച്ച ആ പഴകിയ തൈര് കാരണം എനിക്ക്  ഛർദ്ദിക്കാൻ വന്നു.,Disgust
സ്‌കൂളിൽ ക്ലാസ്മേറ്റ്‌സ് പ്രേതകഥ പറഞ്ഞ ദിവസെല്ലാം കുന്നിൻ ചെരിവിലൂടെ വീട്ടിലേക്ക് നടക്കുമ്പോ ഞാൻ പുറകിലേക്ക് നോക്കും.,Fear
ഈ കണ്ട ആൾക്കാർക്കൊന്നും കൂട്ടുപലിശയെക്കുറിച്ച് ഒരു അടിസ്ഥാന ധാരണ പോലും ഇല്ലേ?,Surprise
നമുക്ക് വില ഇനിയും കുറയ്ക്കേണ്ടി വരുമോ? ബാക്കി കമ്പനികൾ നമ്മുടെ കസ്റ്റമേഴ്‌സിനെ ഒക്കെ അടിച്ചുകൊണ്ട് പോയാലോ?,Fear
ഒരു ഡിന്നർ ബുഫേയിൽ ഒരു  ദഹി വട  കൂടി വേണമെന്ന് ആഗ്രഹിച്ചിട്ട് അത് കിട്ടാതിരുന്ന  ആ കുട്ടിയോട് എനിക്ക് സഹതാപം തോന്നി.,Sadness
പ്രതിസന്ധി നിറഞ്ഞ ഈ സമയത്ത് എൻ്റെ പ്രയാസങ്ങൾ പങ്കുവയ്ക്കാൻ എനിക്ക് ആരുമില്ല.,Sadness
"മാഡം, ഞാനാ ആദ്യം ലൈനിൽ വന്നേ , അതോണ്ട്  അയാള്‍ എന്‍റെ ബൈക്കിന്‍റെ ടയറില്‍  ആദ്യം കാറ്റടിയ്ക്കണം.",Anger
എപ്പോഴും ആ ആക്സിഡന്റ് നടന്ന സ്ഥലത്തിൻ്റെ അടുത്ത് കൂടെ പോകുമ്പോൾ അവിടെവെച്ച് മരണപ്പെട്ടവരുടെ മുഖം മനസ്സിലേക്ക് വരും.,Sadness
"ഞങ്ങൾ ഒരു മാസം വൈകി പ്രോജക്ട് തുടങ്ങിയപ്പോ , എന്‍റെ ജോബ് സെക്യൂരിറ്റിയെക്കുറിച്ചായി എന്‍റെ ആശങ്ക.",Fear
ഡൗൺഹിൽ മൗണ്ടൻ സ്കീയിങ് ഇവന്‍റിനായി വരിയിൽ നിൽക്കുമ്പോ ലക്ഷ്മിയുടെ കൈകൾ വിറച്ചു.,Fear
"ഈ ഭാഗത്ത് വീടില്ലാത്ത ആളുകളെയും, മയക്കുമരുന്നിന് അടിമകളെയും ഞങ്ങൾ ഓടിച്ചുവിട്ടപ്പോൾ എനിക്ക് വല്ലാത്തൊരു  അസ്വസ്ഥത തോന്നി.",Fear
ഞാൻ ഒരു സിനിമക്ക് ഓഡിഷൻ തുടങ്ങിയപ്പോ തന്നെ കാസ്റ്റിംഗ് ഡയറക്ടർ എന്നോട് പൊക്കോളാന്‍ പറഞ്ഞത് എന്നെ തളര്‍ത്തി.,Sadness
എന്‍റെ ഭാര്യ അവളുടെ പാവകളുടെ ആദ്യ വിൽപ്പന നടത്തിയപ്പോൾ ഭയങ്കര ആവേശത്തിൽ തുള്ളിച്ചാടി.,Happiness
ഞങ്ങൾ  കുട്ടികളെ കാണാൻ ഇന്ത്യയിൽ നിന്ന് യു.എസ്.ലേക്ക് പോവാ.,Happiness
"എനിക്ക് ഈ  ദിവസം മൊത്തം  ഒരു ബിസിനസും ഉണ്ടായിട്ടില്ല , അതുകൊണ്ട്  ദയവായി ഒരു മണിക്കൂര്‍ നിങ്ങളുടെ കടയ്ക്ക് മുന്നിൽ എന്റെ സ്റ്റാൾ വെക്കാൻ എന്നെ അനുവദിക്കു.",Sadness
നിങ്ങടെ ലാപ്ടോപ്പിൽ ഈ സോഫ്റ്റ് വെയർ തകരാറിലാകുന്നത് അതിശയം തന്നെ. എന്താണ് വച്ചാ  അത് എന്‍റെ ലാപ്ടോപ്പിൽ നന്നായി വർക്ക് ചെയ്യുന്നുണ്ട്.,Surprise
എന്‍റെ ഫേവറിറ്റ്  സ്റ്റോറിന്‍റെ പ്രവർത്തനസമയം കുറച്ചതുകൊണ്ട് എനിക്ക് അൽപ്പം നിരാശ  തോന്നുന്നു.,Sadness
സിലിണ്ടർ ഡെലിവറി ചെയ്യുന്നതിന് ഞാൻ നിങ്ങൾക്ക് അഞ്ഞൂറ് രൂപ അധികമൊന്നും തരില്ല. ഇത് എന്തൊരു പകൽക്കൊള്ളയാ !,Anger
നീ  അന്ന് ഞാൻ പറയുന്നത് കേൾക്കാഞ്ഞത് എന്താ ?  ലോൺ എടുത്ത പൈസ കൊണ്ട്  ചൂതാടുന്നത് ഒരു  നല്ല കാര്യമല്ലെന്ന് ഞാൻ നിന്നോട് പറഞ്ഞതല്ലേ.,Anger
"ഈ ഹോസ്റ്റൽ ഉടമകൾ വാടക തുടർച്ചയായി കൂട്ടുന്നു , എനിക്ക് ഇത്രക്ക് പൈസ താങ്ങാൻ പറ്റുന്നില്ല .",Sadness
ട്രെയിൻ ടിക്കറ്റ് ബുക്കിംഗ് ചെയ്യുന്നതിന് എന്നെ  ക്ഷമയോടെ സഹായിച്ച റെയിൽവേ ബുക്കിംഗ് ക്ലർക്കിനെ  ഞാൻ ശരിക്കും അഭിനന്ദിച്ചു.,Happiness
ഇത്രക്കു  മധുരമുള്ള പേരയ്ക്ക ഞാൻ ഇതുവരെ കഴിച്ചിട്ടില്ല !,Surprise
നിൻ്റെ വാക്കുകൾ മറ്റുള്ളവരെ എത്രത്തോളം വേദനിപ്പിക്കുന്നുണ്ടെന്ന് നിനക്ക് വല്ല ധാരണയും ഉണ്ടോ?,Anger
കൊറിയർ കമ്പനി എൻ്റെ കത്ത് കൊണ്ടന്ന് തരാതെ എന്നോട് വന്ന് എടുക്കാൻ പറഞ്ഞപ്പോൾ എനിക്കങ്ങോട്ട് കലി കയറി.,Anger
പല തവണ വിളിച്ചിട്ടും   യുറീക്ക ഫോർബ്സ്  എന്‍റെ വാട്ടർ ഫിൽട്ടർ  സർവീസ് ചെയ്യാൻ വന്നില്ലന്നേ!,Anger
എൻ്റെ റിട്ടയർമെന്റ് പ്ലാനിൽ കാര്യമായി ഒന്നും കിട്ടില്ലല്ലോ എന്നാലോചിക്കുമ്പോൾ വല്ലാത്ത നിരാശ തോന്നുന്നു.,Sadness
"സെയിൽസ് മാൻ  ഞങ്ങളോട് പെരുമാറിയ രീതി എനിക്ക് തീരെ ഇഷ്ടായില്ല, ഞങ്ങൾ പറയുന്നത് അയാൾ ഒരിക്കൽ പോലും  ശ്രദ്ധിച്ചില്ല.",Anger
ഈ വാതിൽ ഇതുപോലെ കുടുങ്ങിപ്പോയാൽ  എനിക്ക് ഹോട്ടലിൽ നിന്ന് പുറത്തിറങ്ങാൻ കഴിയില്ലെ?,Fear
"എന്‍റെ വീടിനു വേണ്ടി  നിങ്ങൾ ചെയ്ത എല്ലാ ജോലിയും വളരെ നന്നായി. ആർക്കെങ്കിലും വിദഗ്ധനായ ഒരു കൽപ്പണിക്കാരനെ ആവശ്യമുണ്ടെങ്കിൽ, ഞാൻ നിങ്ങളെ റെക്കമൻഡ് ചെയ്യും.",Happiness
നിങ്ങളുടെ ക്ലീനിംഗ് സർവീസ് പരമ ബോറാണ്.,Anger
അവരുടെ വിദ്യാഭ്യാസത്തെ നിങ്ങൾ ഗൗരവമായി എടുക്കുന്നില്ലെന്ന് വ്യക്തമാണ്.,Anger
അസോസിയേഷന്‍റെ മീറ്റിംഗിൽ ചില വീട്ടുകാർ  അനാവശ്യമായി വലിയ കോലാഹലമുണ്ടാക്കിയപ്പോൾ ഞാൻ ശരിക്കും അസ്വസ്ഥനായി.,Disgust
ഞങ്ങളുടെ ചെക്ക്ബുക്ക് കൃത്യസമയത്ത് അയച്ചുതരാത്തതിന് ഫോൺ എടുത്ത് കസ്റ്റമർ സർവീസിനോട് ദേഷ്യപ്പെടാനാണ് എനിക്ക് തോന്നുന്നത്.,Anger
നാട്ടുകാർ എത്ര കാറുകളും കടകളും ആണ് കത്തിച്ചത്; ആൾക്കാരുടെ പണവുംകൊണ്ട് മുങ്ങിയ ആ കമ്പനി മുതലാളിയാണ് എല്ലാറ്റിനും കാരണം.,Anger
എനിക്കുള്ള മൊത്തം കടത്തെപ്പറ്റി ചിന്തിക്കുമ്പോഴെല്ലാം എനിക്ക് വിഷമം തോന്നും .,Sadness
"ഡ്രാക്കുള സിനിമ കണ്ടതിനുശേഷം, രാത്രി ഒറ്റയ്ക്ക് ഇരുട്ടുള്ള സ്ഥലങ്ങളിൽ പോകാനേ പേടിയായിരുന്നു.",Fear
വെറും രണ്ടീസം കൊണ്ട് നിങ്ങൾ ഇത്രയധികം ജോലി പൂർത്തിയാക്കിയോ?,Surprise
ഇപ്രാവശ്യം  എനിക്ക് ഒരു മിനിറ്റ് പോലും കാത്തിരിക്കേണ്ടി വന്നില്ല. എന്‍റെ റൈഡ് ബുക്കിംഗ് വളരെ പെട്ടന്ന് കൺഫേം ആയി !,Surprise
നഗരത്തിൽ വർദ്ധിച്ചുവരുന്ന റോഡ് റേജ് സംഭവങ്ങളിൽ എനിക്ക്  നല്ല ആശങ്കയുണ്ട് .,Fear
"രവിശങ്കർ ഈ ആഴ്ച യുടെ അവസാനത്തിൽ   ചെന്നൈയിൽ പരിപാടി അവതരിപ്പിക്കുന്നുണ്ട്, എനിക്ക് മുൻനിരയിലെ സീറ്റുകൾ  കിട്ടി !",Happiness
"ഒരു നടൻ എന്ന നിലയിൽ, ഓഡിഷൻ കഴിഞ്ഞ് വളരെനേരത്തിനുശേഷവും കഥാപാത്രത്തിന്‍റെ നിരാശ എന്നെ തളർത്തി.",Sadness
ക്രമീകരിച്ച സെഷനുകൾക്ക് ഹാജരാകാത്തപ്പോൾ പരിശീലിപ്പിക്കാന്‍ തിരഞ്ഞെടുത്ത ജീവനക്കാരുടെ അനാസ്ഥ എന്നെ ഞെട്ടിച്ചു.,Surprise
പോകുന്നതിനുമുമ്പ് വെയിറ്റർ എന്നെ നോക്കി കണ്ണിറുക്കി. എന്തൊരു വെറുപ്പിക്കലാ അയാൾ .,Disgust
കായികതാരങ്ങൾ  അവരുടെ എതിരാളികളെ അവഹേളിക്കുന്നത് എന്തു കഷ്ടാ!,Disgust
"നിങ്ങൾ തനിച്ചായിരിക്കാൻ ഇഷ്ടപ്പെടുന്ന ഒരാളായതുകൊണ്ട്,  മനുഷ്യബന്ധങ്ങൾക്ക് ഇത്ര  വിലകൊടുക്കുമെന്ന് ഞാൻ വിചാരിച്ചില്ല .",Surprise
ആമസോൺ പ്രൈം ഡേ സെയിലിൽ  അമ്പത്‌  മുതൽ എഴുപത്തിയഞ്ച് ശതമാനം  വില കുറച്ചു നമ്മടെ വായടച്ചു.,Surprise
പഴയ കോട്ടയുടെ മതിലുകൾ  വികൃതമാക്കുന്ന ചുമരെഴുത്തുകൾ  കണ്ട്  എനിക്ക് ദേഷ്യം വന്നു.,Anger
"നിങ്ങള്‍ക്ക് റീഫണ്ടു ചെയ്യാന്‍ കഴിയില്ല, ഇത് വളരെ ദയനീയമാണ്.",Sadness
എനിക്ക് ടെന്നീസ് ബോൾ നന്നായി കളിക്കാനറിയാ.   ഞാൻ നിരവധി മത്സരങ്ങളിൽ ജയിച്ചിട്ടുണ്ട്.,Happiness
എന്‍റെ മൊബൈൽ ഫോൺ എടുത്ത് കളിക്കുന്നത് നിർത്തിക്കോ. ബാങ്കിങ്  കാര്യങ്ങൾക്കു ഒക്കെ ആ  ഫോൺ ഉപയോഗിക്കുന്നതാ .,Anger
വലിയ കടകളിൽ കയറുമ്പോൾ ഒരു നെഞ്ചിടിപ്പാണ്.,Fear
ഈ കായികതാരങ്ങളൊക്കെ  ജയിക്കാൻ മയക്കുമരുന്ന് ഉപയോഗിക്കുന്നത് കാണുമ്പോഴേ വെറുപ്പാ തോന്നാ.,Disgust
ഞങ്ങളുടെ കഥകൾ ആർ. കെ. നാരായണന്‍റെ മാൽഗുഡി ഡേയ്‌സുമായി താരതമ്യപ്പെടുത്തിയതിൽ ഞാൻ അന്ധാളിച്ചുപോയി!,Surprise
"കോമ്പൗണ്ട് ഭിത്തിയുടെ തകർന്ന അവസ്ഥ കാണുമ്പോൾ, കാലവും കാലാവസ്ഥയും ഒരു കാലത്ത് ശക്തമായി നിലനിന്നിരുന്ന ഒന്നിനെ എങ്ങനെ ബാധിച്ചുവെന്ന് ഓര്‍ത്തുനോക്കുകാ.",Sadness
ഞങ്ങടെ ആർട്ട് ടീച്ചർ ഭയങ്കര പേടിപ്പിക്കലാ. ഞാൻ അദ്ദേഹത്തോട് എപ്പോ ചോദ്യം ചോദിക്കുമ്പഴും  അദ്ദേഹം ആ തടിറൂളര്‍  പുറത്തെടുക്കും.,Fear
ബുക്ക് ചെയ്യുന്നതിന് മുമ്പ് എനിക്ക് പണം ലാഭിക്കാൻ കഴിയുമായിരുന്ന ഒരു സ്പെഷ്യൽ സ്റ്റുഡന്റ് ഡിസ്‌ക്കൗണ്ടിനെക്കുറിച്ച്  ബുക്കിംഗ് ക്ലാർക്ക് എന്നോട് പറഞ്ഞപ്പോൾ ഞാൻ അമ്പരന്നു.,Surprise
പ്രതീക്ഷിച്ചതുപോലെ തയ്യാറെടുക്കാൻ പറ്റാത്തതുകൊണ്ട്  ഞാൻ പരീക്ഷാ ഹാളിലേക്ക് നടന്നത് ആകെ ടെന്ഷനിലാ.,Fear
"ഈ ടൗണിലുള്ള  എല്ലാ കടകളിലേക്കും ഞാൻ വിളിച്ചു നോക്കി ,പക്ഷേ എവിടെയും  ഒരു ഡിഷ് വാഷർ  ഉണ്ടായിരുന്നില്ല.",Sadness
ഈ രേഖകളിൽ ഞാൻ കണ്ടെത്തിയത് സഹിക്കാനാവാത്ത ക്രമക്കേടുകളാ!,Disgust
എന്‍റെ പ്രിയപ്പെട്ട ലൂയി ല'മോർ ബുക്ക് കളക്ഷൻ ഒഴിവാക്കി  അത് സെക്കൻഡ് ഹാൻഡ് പുസ്തക വിൽപ്പനക്കാരന് വിൽക്കേണ്ടി വന്നപ്പോൾ ഞാൻ നിരാശനായി.,Sadness
ഒരു സാലഡിലെ ഫ്രഷ് ആയ ചീര ചവച്ച് തിന്നുന്നത് എനിക്ക് ഇഷ്ടമാണ്.,Happiness
കാസ്റ്റിംഗ് ഡയറക്ടർ എന്‍റെ  ഓഡിഷൻ പോലും എടുക്കാതെ  ചിത്രത്തിലെ പ്രധാന റോൾ  എനിക്ക് നൽകിയപ്പോൾ ഞാൻ ഞെട്ടിപ്പോയി.,Surprise
"ഞാൻ നിങ്ങളുടെ കാർ  ഏറ്റവും നല്ല രീതിയിൽ സര്‍വീസ് ചെയ്യാൻ പോകുന്നു.  നിങ്ങളുടെ തീരുമാനത്തിൽ നിങ്ങൾക്കു  ഖേദിക്കേണ്ടി വരില്ലെന്ന് ഉറപ്പാണ് , സർ!",Happiness
ഈ ഉപകരണത്തിന് എവിടെനിന്നും ഇന്റർനെറ്റിലേക്ക് കണക്റ്റുചെയ്യാനാകുമെന്ന് ഞാൻ ഒരിക്കലും വിചാരിച്ചിരുന്നില്ല.,Surprise
അമ്മാവൻ തന്‍റെ തോട്ടത്തിൽ നിന്ന് ഒരു ബാഗ് മുഴുവൻ മാമ്പഴം കൊണ്ടുവന്നപ്പോൾ എനിക്ക് അത്ഭുതമായി .,Surprise
ഒരു വ്യാപാരതർക്കത്തിന്‍റെ പ്രത്യാഘാതത്തെക്കുറിച്ച് എനിക്ക് വല്ലാത്ത ആശങ്ക തോന്നുന്നു.,Fear
"ഞാൻ ഇവിടെ നിന്ന്പോകുകയാണ് . എനിക്ക് രണ്ട് ബെഡ്‌റൂം അപ്പാർട്ട്‌മെന്റ് വേണമെന്ന് ഞാൻ പ്രത്യേകം പറഞ്ഞതാണ് , നിങ്ങൾ എനിക്ക് ഒരു ബെഡ്‌റൂം സ്ഥലങ്ങൾ കാണിച്ച്‌ കൊണ്ടേയിരിക്കുന്നു . ശരിയായ സ്ഥലം കണ്ടെത്താൻ എന്നെ സഹായിക്കാൻ  നിങ്ങൾക്ക് ഒട്ടും താൽപ്പര്യമില്ല.",Anger
"ഭയവും, വിഭജനവും രാഷ്ട്രീയ നേട്ടത്തിനായി അവർ എങ്ങനെ മുതലെടുക്കുന്നു എന്നത് എനിക്ക് സഹിക്കാനാവുന്നില്ല.",Anger
ആന്റിനയിലെ രണ്ട്  ശതമാനം ഷിഫ്റ്റ് കാരണം വോയേജർ രണ്ട്   ബഹിരാകാശ പേടകം സൗരയൂഥത്തിന് പുറത്ത് പോയെന്ന് കേട്ടപ്പോൾ എനിക്ക് വിഷമമായി.,Sadness
ആധുനിക സമൂഹത്തിൽ സ്ത്രീകളുടെ അവകാശങ്ങൾ  എത്ര നീചമായാണ് ഹനിക്കുന്നത്!,Anger
വിക്രം! ഇന്ന് നീ  വേദിയിൽ വളരെ ആത്മവിശ്വാസത്തോടെയാണല്ലോ  സംസാരിച്ചെ!,Surprise
പുതിയ ബിസിനസ്സ് പ്രവർത്തനക്ഷമമാക്കുന്നതിനായി ഒരു വർഷത്തിനുള്ളിൽ എന്‍റെ ടീമിന്‍റെ എഴുപത്തിയഞ്ച്  ശതമാനം പേർക്ക് സ്ഥാനക്കയറ്റം കിട്ടി.,Happiness
മരിച്ചുപോയ  ഭർത്താവിന്‍റെ ജന്മദിനത്തിൽ അദ്ദേഹത്തെ  ഓർത്ത് അവൾക്ക് സങ്കടം സഹിക്കാൻ കഴിഞ്ഞില്ല.,Sadness
"ഇൻഡെയ്ൻ ഗ്യാസ്, ഉപയോഗിക്കാൻ എളുപ്പമുള്ളു ഒരു ചെറിയ ഫൈബർ ഗ്ലാസ് സിലിണ്ടർ കൊണ്ടുവന്നപ്പോൾ എനിക്കത്  ഇഷ്ടപ്പെട്ടു.",Happiness
എന്‍റെ ഹിന്ദി പരീക്ഷാ പേപ്പർ കറക്ട് ചെയ്തിട്ടുണ്ടോ? ഞാൻ പാസ് ആകുമോ?,Fear
ആ ദിവസത്തെ പ്ലാൻസ് ഞാൻ മറന്നുന്ന് അദ്ദേഹം അലറിവിളിക്കാ.,Anger
ചുറ്റുമുള്ള രാജ്യങ്ങളിലെ ന്യൂനപക്ഷ സമുദായങ്ങളുടെ തുടർച്ചയായ പാർശ്വവൽക്കരണത്തിന് സാക്ഷ്യം വഹിക്കുന്നത് മഹാകഷ്ടമാണ്.,Anger
കൃത്യസമയത്ത് ഡെലിവർ ചെയ്യാൻ പറ്റാത്തത് നിങ്ങളുടെ പേയ്‌മെന്‍റ് അനിശ്ചിതമായി നീട്ടിവെക്കാനുള്ള മറ്റൊരു ഒഴികഴിവ് ആണ്.,Disgust
നിന്‍റെ താൽപ്പര്യങ്ങളുമായി പൊരുത്തപ്പെടാത്ത ഒന്ന്  തിരഞ്ഞെടുത്താൽ അത് ഭാവിയിൽ നിന്നെ ബാധിക്കില്ലേ?,Fear
ഒരു സ്പാമർ അയച്ച ആപ്പിൽ അറിയാതെ ക്ലിക്ക് ചെയ്തതിന് ശേഷം അരമണിക്കൂറോളം   ഞാൻ ആകെ പരിഭ്രാന്തിയിലായിരുന്നു.,Fear
ദുർഗന്ധം വമിക്കുന്ന ചുറ്റുപാടിൽ നേതാവ് വെറുപ്പോടെ തന്‍റെ  മൂക്ക് ചുളിച്ചു.,Disgust
ഞങ്ങളുടെ ബ്രാഞ്ചിൽ നിങ്ങൾക്ക് മോശം അനുഭവമുണ്ടായെന്നോ?,Surprise
എന്‍റെ ഫോൺ ഉപയോഗിച്ച് ഒരു ടാക്സി ബുക്ക് ചെയ്യാൻ കഴിയുമല്ലേ! എനിക്കിനി ഒരു ഓട്ടോറിക്ഷ തിരയുന്നതിനെക്കുറിച്ച് വിഷമിക്കണ്ടല്ലോ.,Happiness
ഈ മലിനജല ശുദ്ധീകരണശാലയിൽ നിന്നുള്ള നാറ്റം എനിക്ക് സഹിക്കാൻ പറ്റുന്നില്ല.,Disgust
പഴം വിൽപ്പനക്കാരൻ മാമ്പഴം മുറിച്ചുപ്പോ  വണ്ട് പുറത്തേക്ക് ഇഴഞ്ഞു വന്നപ്പോ എനിക്ക് എന്തോ പോലെ തോന്നി.,Disgust
എന്‍റെ പുതിയ വെള്ള ഷർട്ടിൽ അബദ്ധത്തിൽ കാപ്പി തെറിച്ചപ്പോൾ എനിക്ക് കരച്ചിൽ വന്നു.,Sadness
സ്കൂൾ ബസ് മിസ്സായി ഞങ്ങൾ അഞ്ച് പേർ ഒരു മണിക്കൂർ വൈകി സ്കൂളിൽ  എത്തിയപ്പോ പ്രിൻസിപ്പൽ ആകെ കലിപ്പിലായിരുന്നു.,Anger
"എന്തൊരു നാറ്റമാണ് ആ ബസ് സ്റ്റാന്‍ഡും പരിസരവും, ഓക്കാനും വരും.",Disgust
"നിങ്ങൾക്കു നിങ്ങളുടെ മുറിയിൽ ഉണ്ടായ  പ്രശ്നത്തിനും, നിങ്ങൾ ഇവിടെ നിന്ന് പോകുന്നതിലും ഹോട്ടൽ മാനേജ്മെന്‍റിനെ പ്രതിനിധീകരിച്ച്, ഞങ്ങൾ ഖേദിക്കുന്നു.",Sadness
ആളുകൾ എന്നെ വിളിച്ച് എന്‍റെ ബാങ്ക് അക്കൗണ്ട് ഡീറ്റെയില്‍സ് സാധൂകരിക്കാൻ ഒ.ടി.പി. ചോദിക്കുന്നതേ എനിക്ക് പേടിയാ.,Fear
ഇത്ര കനമുള്ളതൊക്കെ  ഉയർത്താൻ എനിക്ക് വയ്യ. എനിക്ക് വല്ല  പരിക്കും  പറ്റിയാൽ എന്താ ചെയ്യാ ?,Fear
എഞ്ചിൻ ഓടിച്ചോണ്ട് ഡ്രൈവർ കാറിൽ ഇന്ധനം നിറയ്ക്കാ. നമ്മൾ ഓടിപ്പോണോ ? കാർ ഇപ്പൊ പൊട്ടിത്തെറിക്കുന്ന് എനിക്ക് തോന്നണു .,Fear
നിങ്ങൾ കൃത്യസമയത്ത് ജോലിക്ക് വരുകയോ നിങ്ങളെ വിളിക്കുന്ന  മീറ്റിംഗുകളിൽ പങ്കെടുക്കുകയോ ചെയ്യാത്തത് അങ്ങേയറ്റം നിരുത്തരവാദപരമായാണ് ഞാൻ കാണുന്നത്.,Anger
"കൊറിയർ സർവീസിനോട് എനിക്ക് ദേഷ്യമുണ്ട്. പെട്ടെന്നുള്ള ഡെലിവറിക്കായി ഞാൻ പ്രത്യേകം പറഞ്ഞതാണ് , ഇപ്പോന്നെ ഒരു ദിവസം വൈകി!",Anger
ക്രോസ് കൺട്രി റേസിൽ ഫിനിഷ് ചെയ്യാൻ കെനിയൻ റേസ് ലീഡർ ഏബൽ മുതായയെ പ്രോത്സാഹിപ്പിക്കുന്ന സ്പാനിഷ് താരം ഇവാൻ ഫെർണാണ്ടസ് അനയയെ കണ്ടപ്പോൾ ഞാൻ പുഞ്ചിരിച്ചു.,Happiness
"നിങ്ങളുടെ പണം നിക്ഷേപിച്ച കമ്പനികളുടെ ലിസ്റ്റ് നോക്കുമ്പോ , നിങ്ങളുടെ  ഇൻവെസ്റ്റ്മെൻ്റുകൾക്ക് കൂടുതൽ  നഷ്ടം  ഉണ്ടാകുമോന്ന് എനിക്ക് പേടിയുണ്ട്.",Fear
"ഒരു സ്വകാര്യ ഇവന്‍റിനായി മ്യൂസിയം അടച്ചു, ഇത് ഞങ്ങളുടെ സന്ദർശനത്തിന്‍റെ സമയമായിരുന്നു.",Sadness
കഴിഞ്ഞ അഞ്ച്  ദിവസായി എന്താ നിങ്ങൾ ഓഫീസിൽ വരാതിരുന്നെ? നിങ്ങൾക്ക് തോന്നുമ്പോ വരാനും പോകാനും കഴിയുന്ന് നിങ്ങൾ വിചരിക്ക്ണ്‌ണ്ടോ?,Anger
"നിങ്ങൾ സ്റ്റോർ മാനേജർക്ക് പരാതി കൊടുത്താൽ  എനിക്ക് എന്‍റെ ജോലി പോവും , അതുകൊണ്ട്  ദയവായി അത് ചെയ്യരുത്, സർ.",Fear
"ആയിരം ആള്‍ക്കാരുള്ള ഒരു ജനക്കൂട്ടത്തിനു  മുന്നിൽ സംസാരിക്കാൻ എന്നോട് ആവശ്യപ്പെട്ടു. സ്റ്റേജില്‍ കാലുകുത്തിയതും എന്‍റെ കാലൊക്കെ വിറച്ച്, തൊണ്ടയൊക്കെ ആകെ വരണ്ടുണങ്ങി .",Fear
നിനക്ക് മത്സരത്തിൽ ശ്രദ്ധ കേന്ദ്രീകരിക്കാൻ കഴിയാത്തതെന്താ? നിനക്ക് തീരെ ശ്രദ്ധ ഇല്ല. നീ എന്നെ നിരാശപ്പെടുത്തി.,Anger
തുടക്കത്തിൽ  ഇവന്‍റ്  മാനേജർ വാഗ്ദാനം ചെയ്ത സര്‍വീസ് ഒന്നും കിട്ടിയില്ലെന്നാ എനിക്ക് തോന്നുന്നേ.,Sadness
പലചരക്ക് കടയിൽ ക്യൂവിൽ ഒരു കസ്റ്റമര്‍ എന്‍റെ മുന്നിൽ  ചാടിയപ്പോൾ ഞാൻ നല്ലോണം ചൂടായി.,Anger
"ഒന്നും തോന്നരുത്, നിർഭാഗ്യവശാൽ, ഞങ്ങളുടെ എല്ലാ ഓർഡറുകളും ഇപ്പോൾ ഫുള്‍ ആണ്. അസൗകര്യം നേരിട്ടതില്‍ ക്ഷമിക്കണം.",Sadness
എൻ്റെ ഫ്ലാറ്റിനടുത്ത് ഒരാളുണ്ട്; അയാൾ വായ തുറക്കുന്നത് തന്നെ എന്നെ പരിഹസിക്കാനാണ്; അതുകൊണ്ട് തന്നെ അയാളെ എനിക്ക് കണ്ണെടുത്താൽ കണ്ടൂടാ.,Anger
പക്ഷെ ഒരു വയസ്സായ സ്ത്രീ വന്നപ്പോ  എനിക്ക് എന്‍റെ സീറ്റ് കൊടുക്കേണ്ടിവന്നു .,Sadness
റെയിൽവേ ബുക്കിംഗ് ക്ലാർക്ക് ഡൽഹിയിലെത്താനുള്ള എന്‍റെ തിരക്ക് കാര്യമാക്കാതെ  കൗണ്ടറിൽ നിന്ന് മാറാൻ എന്നോട് ആവശ്യപ്പെടുന്നതും മഹാകഷ്ടമാണ്.,Sadness
അടഞ്ഞു കിടക്കുന്ന സ്ഥലങ്ങൾ  എന്നെ അസ്വസ്ഥനാക്കുന്നു.,Fear
നിങ്ങളുടെ റെസ്പോൺസിനെയും  ബിസിനസ്സിനെയും   ഞങ്ങൾ വിലമതിക്കുന്നു.,Happiness
ഒരു ജിഗ്സോ പസില്‍ ഇത്രയും സ്റ്റൈലിഷായി പൊതിയാൻ കഴിയുമെന്ന് ഞാൻ ഒരിക്കലും കരുതിയില്ല. ഇതിപ്പോ കണ്ടാൽ എന്തോ വലിയ സമ്മാനം പോലെയാണ്.,Surprise
നമ്മുടെ കടയുടെ വൃത്തിയെയും അടുക്കിനെയും ചിട്ടയെയും കുറിച്ച് ഒരു കസ്റ്റമർ പ്രശംസിച്ചപ്പോൾ ഞാനങ്ങു പൊങ്ങിപ്പോയി.,Happiness
മുംബൈയിലെ പ്രാദേശിക ഫാഷനുകൾ വളരെ ട്രെൻഡിയും സ്റ്റൈലിഷുമാണ്.,Happiness
പുസ്തകം മുൻകൂട്ടി ഓർഡർ ചെയ്യുമ്പോ അവർ എന്നെ ചതിക്കുമോ?,Fear
സൂചി മാറ്റാൻ മറന്ന നഴ്സ് അടുത്ത രോഗിയ്‌ക്കും അത് കുത്തിവച്ചു.,Disgust
ഈ ഇന്‍റർനെറ്റ് കണക്ഷൻ ഇത്ര സ്പീഡ് കുറവാണെന്നു  നിങ്ങൾക്ക് വിശ്വസിക്കാൻ കഴിയുമോ? അത് എന്നെ ഭ്രാന്ത് പിടിപ്പിക്കുന്നു !,Anger
ഞാൻ സൂപ്പർവൈസറുടെ പെർഫോമൻസ്  നോക്കുകയും  അദ്ദേഹത്തിന് കൂടുതൽ പ്രതിഫലം നൽകുന്നതിൽ സന്തോഷിക്കുകയും ചെയ്തു.,Happiness
"പണം വാഗ്ദാനം ചെയ്യുന്ന ഓൺലൈൻ ലിങ്കുകളിൽ ക്ലിക്ക് ചെയ്യുന്നത്, മൂന്ന് മാസം മുമ്പ് ഞാൻ  നിർത്തിയെന്ന് നിനക്കറിയില്ലേ?",Surprise
എന്നോട് ഇത്രയും അടുത്ത് നിൽക്കണ്ട ! എ.ടി.എം.ൽ  ഞാൻ എന്‍റെ പിൻ എൻട്രി ചെയുന്നത് നിങ്ങൾക്ക് കാണാൻ പറ്റണില്ലേ  ?,Anger
ഈ വർഷം ടാക്സ്  കൂടുതലായി സമ്പാദ്യം കുറഞ്ഞു പോയി. എനിക്ക് ആകെ നിരാശയായി.,Sadness
അർഹനായ തന്‍റെ ടീം അംഗത്തിന് സ്ഥാനക്കയറ്റം ലഭിക്കാതിരുന്നപ്പോൾ അവനൊന്നും ചെയ്യാൻ പറ്റുന്നില്ലലോ എന്ന വിഷമം.,Sadness
അയ്യേ! ആ ചെറുക്കന്‍ കുളത്തിൽ മൂക്ക് ചീറ്റി. നമുക്ക് തിരിച്ചു പോകാ.,Disgust
ക്ലയന്‍റ് ഓഫീസിൽ ക്ലീനിംഗ് ടീമിന് അതിലോലമായ ഉപകരണങ്ങൾ വൃത്തിയാക്കുന്നതിൽ തെറ്റ് സംഭവിക്കുമോ?  അവ കേടുവരുത്തുമോ?,Fear
"നിങ്ങളുടെ കസ്റ്റമർ സർവീസ്  എന്നെ വിളിക്കുമ്പോഴെല്ലാം, എന്‍റെ ബാങ്ക് അക്കൗണ്ടിന്‍റെ സെക്യൂരിറ്റി ഇഷ്യൂസിൽ എന്നെ സഹായിക്കാതെ   അവർ ഒരു പുതിയ സ്‌കീം  പ്രചരിപ്പിക്കാൻ വരുന്നതെന്തിനാ?",Anger
നിങ്ങൾ എന്നെ ഓവർബുക്ഡ് ആയ വിമാനത്തിൽ കയറ്റി വൈകിപ്പിക്കുമെന്ന് അറിഞ്ഞിരുന്നെങ്കിൽ ഞാൻ ഒരിക്കലും നിങ്ങളുടെ എയർലൈനിൽ ബുക്ക് ചെയ്യില്ലായിരുന്നു.,Disgust
"ഞാൻ പഴയ ഒഴിഞ്ഞ ലൈറ്റ്ഹൗസിലേക്ക്‌  നടന്നു, ആരോ പുറകില്‍ ഉണ്ടെന്നു തോന്നി ഞാൻ പുറകിലേക്ക് നോക്കി.",Fear
ഈ കടയിൽ എങ്ങനെയാ ഒരു സാധനം തിരയുക? കസ്റ്റമേഴ്‌സിനൊക്കെ പ്രാന്ത് പിടിക്കും.,Disgust
ഈ ബുക്കുകള്‍ക്ക് എന്തിനാണ് ഇത്രയും പൈസ ഈടാക്കുന്നത്? ഇത് പഴയതോ അതോ പുതിയതോ?,Anger
ഈ ചൈനീസ് ഫുഡിന്‍റെ ക്വാളിറ്റി  എന്നെ ശരിക്കും ആകർഷിച്ചു.,Happiness
ചെന്നൈയിൽ നിന്ന് ഡൽഹിയിലേക്ക് ഒരു ട്രെയിൻ കണ്ടെത്താൻ എന്നെ സഹായിക്കാൻ റെയിൽവേ ബുക്കിംഗ് ക്ലാർക്ക് താൽപര്യം കാണിക്കാത്തപ്പോൾ എനിക്ക് അയാളോട് നല്ല  വെറുപ്പ് തോന്നുന്നു.,Disgust
ആ മനുഷ്യൻ എന്നെ ഇടിക്കാൻ  കാറിൽ നിന്ന് ഇറങ്ങുന്നത് പോലെണ്ട്.,Fear
ടൂറിസ്റ്റ് ഓപ്പറേറ്റർ ബുക്ക് ചെയ്ത ഹോട്ടലിലെ റൂമുകളിൽ ഫുള്‍ പാറ്റ.,Disgust
പുതിയ ക്‌ളൈന്‍റിന്‍റെ അടുത്ത് ചെയ്യാൻ പോകുന്ന ഒരു പ്രസന്റേഷനെക്കുറിച്ച്  ഓര്‍ക്കുമ്പഴാ.,Fear
"ഒന്നിലധികം നിറങ്ങളിൽ ഈ ടോസ്റ്റർ അവർക്കുണ്ടാകുമെന്ന് ഞാൻ കരുതിയില്ല, അവരുടെ കൈയിൽ അത് ഉള്ളതുകൊണ്ട് ഞാൻ  അത്ഭുതപ്പെട്ടു.",Surprise
"അടുത്തുള്ള കടയിൽ നിന്ന് സമൂസയുടെ മണം വരുമ്പോഴുണ്ടല്ലോ, അപ്പോൾ തന്നെ രണ്ടെണ്ണം വാങ്ങി കഴിക്കാൻ തോന്നും.",Happiness
അടുത്ത ആറ്  മാസത്തിനുള്ളിൽ സ്റ്റോക്ക് മാർക്കറ്റിനെക്കുറിച്ച് നിങ്ങൾ ഇങ്ങനെ പ്രതികൂലമായി ചിന്തിക്കുന്നത് എന്നെ  ആശ്ചര്യപ്പെടുത്തുന്നു.,Surprise
ദിവ്യക്ക് കുത്തനെയുള്ള ഇറക്കം കണ്ട് വയറു കാളി.,Fear
ഞാൻ എന്‍റെ പേഴ്സ് വീട്ടിൽ മറന്നു വച്ചു.  എനിക്ക് വീട്ടിൽ പോയി തിരിച്ചുവരണം .,Sadness
"നിങ്ങളുടെ ഷർട്ടിൽ ഇതാ സാമ്പാറിന്‍റെ കറ, നിങ്ങളുടെ പാന്‍റ് സിൽ കുറച്ച് ചട്ണിയും ആയിട്ടുണ്ട് .",Disgust
ഇലക്ട്രിക്കൽ സ്റ്റോർ അവരുടെ ഐറ്റങ്ങൾക്കു  ഇങ്ങനെ സമഗ്രമായ  വാറന്‍റിയും റിട്ടേൺ പോളിസിയും വാഗ്ദാനം ചെയ്യുന്നു എന്നത് ആശ്വാസകരമാണ്.,Happiness
അത് കൊള്ളാലോ! എന്‍റെ ഉറ്റ സുഹൃത്തിനായി ഞാൻ ഒരു സർപ്രൈസ് പാർട്ടി പ്ലാന്‍ ചെയ്യുകയാണ്.,Surprise
വിമാനത്തിൽ എന്‍റെ സീറ്റിൽ നിരവധി തവണ ചവിട്ടിയതിനുശേഷം യാത്രക്കാരൻ മാപ്പ് പറയുന്നത് കേൾക്കുന്നത് എത്ര സുഖം!,Happiness
അയ്യോ! ഉച്ചഭക്ഷണം കഴിക്കുന്നതിന് മുമ്പെങ്കിലും നിങ്ങൾക്ക് നിങ്ങളുടെ അഴുക്കുള്ള  കൈയൊന്നു കഴുകായിരുന്നു.,Disgust
അമൃത്‌സറിലെ പഞ്ചാബി ധാബയിലെ പാലക് പനീര്‍ നാന്‍ കോമ്പിനേഷൻ എനിക്കിനിയും വേണം.,Happiness
ക്വിസ്സിനായുള്ള എല്ലാ കാര്യങ്ങളും ഓർക്കാൻ എനിക്ക് കഴിയില്ലെന്നേ.,Fear
നിങ്ങൾ വായ മൂടാതെ ഭക്ഷണത്തിലേക്ക് തുമ്മിയോ ?,Disgust
ഫ്രിഡ്ജിന്‍റെ  പ്രശ്നങ്ങളിൽ എനിക്ക്  ബുദ്ധിമുട്ട്‌ തോന്നുന്നു;  ഭക്ഷണം കേടുവരുത്താനും    ഉപകരണങ്ങൾ കേടാക്കാനും  ഞാൻ ആഗ്രഹിക്കുന്നില്ല.,Fear
"ശോ, എന്‍റെ കയ്യിലുണ്ടാരുന്ന ആന്‍റിക് വാച്ച് പുതിയ ഫാൻസി വാച്ച് മേടിക്കുന്നതിന് എക്സ്ചെയ്ഞ്ച് ചെയ്യണ്ടാരുന്നു, അത് ആണേലോ ഒരാഴ്ചയ്ക്കുള്ളിൽ കേടാവുകയും ചെയ്തു.",Sadness
എന്‍റെ കുടുംബത്തിന്‍റെ ആവശ്യങ്ങൾ കണക്കിലെടുത്ത് ഞാൻ വാടകയ്‌ക്ക് താമസിക്കുന്നതിന്‍റെ അയല്‍പക്കം സുരക്ഷിതമാകുമോ എന്തോ.,Fear
എനിക്ക് വാങ്ങാൻ കഴിയുന്ന ഏറ്റവും മികച്ച വയറിംഗിന് ശേഷം എന്‍റെ പുതിയ വീട്ടിൽ  ഇലക്ട്രിക് ഷോക്ക് ഉണ്ടായത്  എന്നെ വിഷമിപ്പിച്ചു.,Sadness
സിസ്റ്റിന്‍ ചാപ്പലിലേക്കുള്ള സന്ദർശനം കാന്‍സല്‍ ചെയ്യുന്നത് ടൂർ ഓപ്പറേറ്റർ ഞങ്ങളെ മുൻകൂട്ടി അറിയിക്കാത്തത് ശരിയായില്ല.,Anger
"ഞാൻ ഒരിക്കലും റൂം നമ്പർ നൂറ്റി അമ്പത്തി നാലിൽ പോകില്ല , എന്തൊരു വൃത്തികേടാ , ഛർദ്ദിക്കാൻ വരും.",Disgust
റെയിൽവേ സ്റ്റേഷനിലെ ലഗേജ് സ്റ്റോറേജ് സൗകര്യങ്ങൾ ഒട്ടും സുരക്ഷിതമല്ല.,Fear
ദുബായില്‍ ഒന്നിന് മുകളിൽ ഒന്നായി ഇരിക്കുന്ന ഒന്നിലധികം ഫ്‌ളൈ ഓവറുകൾ കാണുമ്പോൾ ഞാൻ ആകപ്പാടെ കുഴഞ്ഞു പോയി. ഞാനിവിടെ വണ്ടി ഓടിച്ചതുതന്നെ.,Surprise
"ഗ്യാസ് ഡെലിവറി ചെയ്യുന്നയാൾ സിലിണ്ടറുമായി വരുമെന്ന് പറഞ്ഞപ്പോ  എനിക്ക് ആശ്വാസം തോന്നി, അതുകൊണ്ട്  ആ സമയത്ത് എനിക്ക് എന്‍റെ ദിവസം പ്ലാൻ ചെയ്യാം.",Happiness
ഇന്ത്യയിൽ നിരവധി യുവാക്കൾ മയക്കുമരുന്നിന് അടിമപ്പെടുന്നതിനെക്കുറിച്ച് കേൾക്കുമ്പോൾ അത് മനസ്സിനെ  വല്ലാതെ വേദനിപ്പിക്കുന്നു.,Sadness
ഓഗസ്റ്റിൽ ഇൻഷുറൻസ് പോളിസിയിൽ നിന്ന് എന്‍റെ ആന്വിറ്റി ലഭിക്കുമ്പോൾ എനിക്ക് വലിയ സന്തോഷമാകും .,Happiness
പ്രമോഷന്‍ തരാത്തതിനെക്കുറിച്ച് പ്രതിഷേധിച്ചാല്‍ ഈ ജോലി നഷ്ടപ്പെടുമോ എന്തോ!,Fear
ഈ പഴയ പുസ്തകക്കടയില്‍  അപൂർവവും ജനപ്രിയവുമായ ബുക്കുകള്‍ കുറഞ്ഞ വിലയ്ക്ക് ലഭിക്കും.,Happiness
"അവളുടെ തല നിറയെ പേനാണ്, കാണുമ്പോള്‍ തന്നെ ഓക്കാനം വരും.",Disgust
"നിന്‍റെ  തൊപ്പി പിടിച്ചിരുന്നോ , കാരണം ഞാൻ പറയാൻ പോകുന്ന കാര്യം നിന്നെ അത്ഭുതപ്പെടുത്തും .",Surprise
പരസ്യം ചെയ്തതിൽ നിന്ന് കൂടിയ വില കടയില്‍ വരുമ്പോള്‍ പറയുന്നത് മര്യാദയല്ല.,Anger
നമ്മുടെ വരുമാനം ഇടിഞ്ഞു! ഈ തിരിച്ചടിയെ മറികടക്കാനുള്ള തന്ത്രങ്ങൾ ഒന്നും കാണാനില്ലതാനും.,Sadness
രാത്രിയിൽ ഓക്ക്‌ലാൻഡ് നഗരത്തിലൂടെ ഡ്രൈവ് ചെയ്യുന്നതിൽ എനിക്കൊട്ടും സുരക്ഷിതത്വം തോന്നിയില്ല.,Fear
"ഞാൻ പാരീസിലെ നോത്ര ദാം കത്തീഡ്രലിലേക്ക് കേറി, ആ ഗാംഭീര്യം കണ്ടപ്പോൾ ഞാൻ അന്തം വിട്ടു പോയി.",Surprise
മുംബൈയ്ക്കടുത്തുള്ള കുന്നുകളിൽ ഇത്രയും മനോഹരമായ കാൽനട പാതകൾ കണ്ടെത്താൻ പറ്റുമെന്ന് ഞാൻ പ്രതീക്ഷിച്ചില്ലായിരുന്നു.,Surprise
അത് കൊള്ളാം! പാഠങ്ങൾ തുടരാൻ എനിക്ക് തിടുക്കമാവുന്നു.,Happiness
"അത്ഭുതം! അവസാനത്തെ  ഓവറിൽ യുവരാജ് തുടർച്ചയായി മൂന്ന് സിക്സറുകൾ അടിച്ചു, ഞങ്ങടെ ടീം ജയിച്ചു.",Surprise
അവരുടെ പുരോഗതിയും മൊത്തത്തിലുള്ള അവതരണവും എന്നെ തികച്ചും ത്രില്ലടിപ്പിച്ചു.,Happiness
ഞാൻ ഒരു ട്രാൻസ്ഫർ ചെയ്യുമ്പോ എന്‍റെ കമ്പ്യൂട്ടർ ഷട്ട്ഡൗൺ ആയി .,Sadness
എന്‍റെ പ്രൊഫഷണൽ ജീവിതത്തിലെ നഷ്ടമായ അവസരങ്ങളെക്കുറിച്ച് ചിന്തിക്കുമ്പോൾ എനിക്ക് സങ്കടം  തോന്നുന്നു.,Sadness
തങ്ങളുടെ കരിയറിനെക്കുറിച്ചും വ്യക്തിപരമായ അനുഭവങ്ങളെക്കുറിച്ചും അധികം ഷെയർ ചെയ്യാത്ത  ഒരു സെലിബ്രിറ്റി!  കഷ്ടം തന്നെ.,Anger
സൈന്യത്തെ വിമർശിക്കുന്നവര്‍ ദേശീയ വികാരമില്ലാത്ത കൂലിപ്പടയാളികളല്ലാതെ മറ്റാരുമല്ല.,Disgust
ഫ്ലൈറ്റ് ഓവർ ബുക്കിംഗ് ആയതിനാൽ ലാസ്റ്റ് നിമിഷം വരെ എന്നെ സ്റ്റാൻഡ് ബൈയിൽ ആക്കി.,Fear
"ഡിസ്ക്കൗണ്ട്  കൂടാതെ മനോഹരമായ, ബ്രാൻഡഡ് ഐറ്റത്തിലാണ് ഡീൽ  എന്ന് കണ്ടപ്പോൾ അത് കൂടുതൽ ആകർഷകമായി തോന്നി.",Happiness
എന്‍റെ ക്രിപ്റ്റോകറൻസി പോർട്ട്ഫോളിയോ ഇപ്പോ അടിപൊളിയായി ഉയർന്നു വന്നു.,Happiness
പോക്കറ്റടിക്കാര്‍ കാരണം ലോക്കൽ പാരീസ് ട്രെയിനുകളിൽ യാത്ര ചെയ്യുന്നത് കുറച്ച് ബുദ്ധിമുട്ടാണ്.,Fear
എവിടെ നിന്നാപ്പാ നിങ്ങൾക്ക്  ഈ പണമെല്ലാം  കിട്ടിയത് ?,Anger
"വൗ , കൊള്ളാം, ഈ പുതിയ സ്‌മാർട്ട്‌ഫോൺ ഇത്ര വേഗത്തിൽ ചാർജ് ആവുമെന്ന് എനിക്ക് വിശ്വസിക്കാൻ കഴിയുന്നില്ല!",Surprise
ഞങ്ങളുടെ  മാസ്റ്റേഴ്‌സ് പ്രോഗ്രാമിലെ കോഴ്‌സ്  തുടങ്ങുന്നത് ആറ് മാസത്തേക്ക് നീട്ടിയപ്പോ  ഞാൻ ഞെട്ടിപ്പോയി.,Fear
നിങ്ങളുടെ വാഹനത്തിൽ ഉരസല്‍  കാണുന്നുണ്ട്; അത് ശരിയാക്കാൻ ഞാൻ പരമാവധി ശ്രമിക്കുമെന്നേ പറയാനുള്ളൂ.,Sadness
ആ കടയിലെ കസ്റ്റമേഴ്സില്‍ പത്തുലക്ഷം തികച്ചയാളായതില്‍ അയാള്‍ക്ക് സമ്മാനം കിട്ടി.,Happiness
സമുദ്രത്തിലെ തെളിഞ്ഞ ജലത്തിന്‍റെ കാഴ്ച പറഞ്ഞറിയിക്കാൻ പറ്റില്ല !,Surprise
രോഗലക്ഷണങ്ങളുടെയും മെഡിക്കൽ പരിശോധനാ റിപ്പോർട്ടിന്‍റെയും അഭാവത്തിലും ഡോക്ടർ കൃത്യമായ രോഗനിർണയം നടത്തിയപ്പോൾ ഞാൻ സ്തംഭിച്ചുപോയി!,Surprise
"എന്‍റെ ഭാര്യ പാർട്ടിവെയര്‍ ധരിച്ച് അകത്തേക്ക് വന്നപ്പോ , അവളുടെ സൗന്ദര്യം കണ്ടു കണ്ണു തള്ളി.",Surprise
പ്രായോഗികമായി തെളിയിക്കാൻ കഴിയുന്ന പ്രപഞ്ചത്തെക്കുറിച്ചുള്ള ഒരു ശാസ്ത്രീയ സിദ്ധാന്തം പഠിക്കുമ്പോഴെല്ലാം എനിക്ക് നല്ല സന്തോഷം തോന്നും.,Happiness
ഈ കമ്പനി ഓൺലൈനിൽ വാഗ്ദാനം ചെയ്യുന്ന പലതരം ഓപ്ഷനുകൾ കണ്ട് ഞാൻ അന്ധാളിച്ചു പോയി. അത്രയ്ക്ക് വെറൈറ്റി!,Surprise
ഞാൻ നേടിയ മാർക്കുവച്ച് എനിക്ക് ആവശ്യമുള്ള കോളേജുകളിലും കോഴ്സുകളിലും അഡ്മിഷൻ  ലഭിക്കാത്തതിനാൽ എനിക്ക് എന്നോട് തന്നെ ദേഷ്യം  തോന്നുന്നു .,Anger
"ഞാൻ പാരീസിലെ നോത്ര ദാം കത്തീഡ്രലിലേക്ക് കേറി, ആ ഗുഹ പോലുള്ള ഉള്‍ഭാഗം കണ്ടപ്പോൾ ഞാൻ അന്തം വിട്ടു പോയി.",Surprise
വൺ പ്ലസ് ടിവിക്ക് ആകസ്മികമായ കേടുപാടുകൾ പോലും ഉൾക്കൊള്ളുന്ന ഒരു വാറന്റി ഉണ്ടാകുമെന്ന് ഞാൻ പ്രതീക്ഷിച്ചേയില്ല.,Surprise
കാബ് ഡ്രൈവർ ബാംഗ്ലൂരിലെ ട്രാഫിക് കൈകാര്യം ചെയ്ത രീതി കണ്ട് ഞാൻ ഞെട്ടിപ്പോയി .,Surprise
അയൽക്കാരൻ രാത്രിയിൽ നായയെ വീട്ടിന്ന് പുറത്താക്കിയപ്പോൾ അത് സങ്കടത്തോടെ  അലറിവിളിക്കുന്നത് ഞാൻ കേട്ടു .,Sadness
ഫ്രാൻസിൽ ഞാൻ ഗോൾകീപ്പറായിരുന്ന  ഒരു ടീമിനൊപ്പം ഒരു ഫുട്ബോൾ മത്സരം വിജയിച്ചതിന് ശേഷം അക്ഷരാർത്ഥത്തിൽ ഞാൻ വലിയ സന്തോഷത്തിലായിരുന്നു.,Happiness
അക്കൗണ്ട് ക്ലോസ് ചെയ്യുന്നതിന് അധിക ഫീസുകള്‍ ഉണ്ടാവുമോ എന്തോ!,Fear
ടാക്സ് ഫയലിംഗ് പ്രക്രിയ ഇത്രയ്ക്ക് വെല്ലുവിളികൾ നിറഞ്ഞതായിരിക്കുമെന്ന് ഞാൻ ഒരിക്കലും പ്രതീക്ഷിച്ചിരുന്നില്ല.,Surprise
ബാങ്ക് അടച്ചുപൂട്ടുകയും സി.ഇ.ഒ. ധാരാളം പണവുമായി ഒളിച്ചോടുകയും ചെയ്തതോണ്ട്    എന്‍റെ കാശിന്‍റെ കാര്യം ഇപ്പോ എന്താകും ?,Fear
"ലൈറ്റ് സ്വിച്ചിടല്ലേ. ഗ്യാസ് സിലിണ്ടർ ചോരുന്നുണ്ട്, അത്  ചെലപ്പം പൊട്ടിത്തെറിക്കും.",Fear
എല്ലാത്തരം വാഹനങ്ങൾക്കും മികച്ച സർവീസ്  നൽകുന്നതിൽ ഞങ്ങൾ ഒരു വിട്ടുവീഴ്ചയ്ക്കുമില്ല.,Happiness
കമ്പനിയിൽ ജോലി ചെയ്തിരുന്ന സമയത്ത് ടെക്നിക്കൽ ജീവനക്കാരന്‍റെ പ്രവൃത്തിപരിചയം എങ്ങനെ വളർന്നുവെന്ന് കണ്ടതിൽ എനിക്ക് വളരെ സന്തോഷമുണ്ട്.,Happiness
എ.ഐ. എത്രത്തോളം പുരോഗമിച്ചുവെന്ന് കണ്ട് ഞാൻ അത്ഭുതപ്പെട്ടു. ഈ മേഖലയിലെ മുന്നേറ്റങ്ങൾ അവിശ്വസനീയമായ വേഗത്തിലാ നടക്കുന്നത്.,Surprise
മികച്ച ഇലക്ട്രിക്കൽ ഫിറ്റിംഗുകളും കൂടെ ഫ്ലെക്സിബിൾ റിട്ടേൺ പോളിസികളും ഉള്ള ഒരു സ്റ്റോർ കണ്ടെത്താൻ കഴിയാത്തതുകൊണ്ട് ഞാനും എന്‍റെ കുടുംബവും അസ്വസ്ഥരാണ്.,Sadness
"എന്‍റെ പുതിയ വീടിനായി ചില മികച്ച വയറിംഗ് കിട്ടുമെന്ന് ഞാൻ പ്രതീക്ഷിച്ചു, പക്ഷേ അടുത്തുള്ള കടയിൽ വളരെ കുറച്ച് മാത്രം  ഓപ്ഷനുകൾ കണ്ടപ്പോ എനിക്ക് നിരാശയായി.",Sadness
നമ്മൾ ഒരുമിച്ച് കടന്നുപോയ എല്ലാ കാര്യങ്ങൾക്കും ശേഷം നിങ്ങൾ എന്‍റെ പുറകിൽ നിന്ന് എന്നെ കുത്തുവാണല്ലോ.,Anger
"ടൂറിനായി  കോക്‌സ് ആൻഡ് കിംഗ്‌സ് പഴയ, തെറ്റായ  മാപ്പുകളാ നൽകിയത്.",Anger
ഹാക്കർമാരുടെ ഓൺലൈൻ പ്രൈവസി തട്ടിപ്പുകളെക്കുറിച്ചുള്ള ഈ ന്യൂസ് ആർട്ടിക്കിൾ ഞാൻ വായിച്ചു. എന്‍റമ്മോ!,Fear
അവളുടെ പ്രവർത്തന ധാർമ്മികതയും അർപ്പണബോധവും വർഷങ്ങളായി എന്നെ ശരിക്കും അത്ഭുതപ്പെടുത്തിയിട്ടുണ്ട് ; അവൾ വിട്ടുപോകുന്നതിനെക്കുറിച്ച്  ചിന്തിക്കുകയാണെന്ന് വിശ്വസിക്കാൻ പ്രയാസമാണ്.,Surprise
"ചിലയാളുകള്‍ റോഡില്‍ ഒരു മര്യാദയും കാണിക്കില്ല, തോന്നിയ പോലെ വണ്ടി പാര്‍ക്ക് ചെയ്യുകയും തോന്നിയ പോലെ റോങ് സൈഡിലൂടെ ഓവര്‍ടേക്ക് ചെയ്യുകയും ചെയ്യും, കഷ്ടം തന്നെ.",Disgust
"ഹൈവേകളിൽ വണ്ടിയോടിക്കാന്‍ എനിക്ക് പേടിയാണ്, എന്‍റെ ഡ്രൈവിംഗ് ഇൻസ്ട്രക്ടറിൽ നിന്ന് എനിക്കിനിയും ട്രെയിനിംഗ് വേണ്ടിവരും.",Fear
വാടകവീട്ടിലെ അടുക്കള ഇത്ര അടിപൊളിയായിരുക്കും എന്ന് ഞാൻ വിചാരിച്ചില്ല! എൻ്റെ താത്പര്യം വെച്ച് ഉണ്ടാക്കിയത് പോലെ ആയിരുന്നു.,Surprise
എന്‍റെ മുറിയുടെ കാര്യത്തിൽ നിങ്ങൾക്ക് എന്താണ് പ്രശ്നം? വാതിൽ അടച്ച് പുറത്ത് പോകൂ .,Anger
കൊടുങ്കാറ്റക്കടിക്കുന്ന സമയത്ത് കടലിൽ പോയിട്ടുണ്ടോ നീ? അനുഭവിച്ചു തന്നെ അറിയണം.,Surprise
വെള്ളത്തിലേക്ക് ഇറങ്ങി  പോണ്ട. അതിന്  നല്ല ആഴം ണ്ട്.,Fear
"ഇനി ഞാൻ  ആ പ്രൊഡക്റ്റ് പ്ലഗ് ഇൻ ചെയ്യില്ല, കാരണം എനിക്ക് ഭീകര ഷോക്കാ കിട്ടീത്.",Fear
അയൽപക്കത്ത് പ്രശ്നണ്ടാക്കിയ ഒരു വാടകക്കാരനെ ഒഴിപ്പിച്ചതിന് ശേഷം എനിക്ക് എന്തൊരു ആശ്വാസം.,Happiness
"എന്‍റെ മാനേജർക്കെതിരെ ഞാൻ ശബ്ദം ഉയർത്തിയാൽ, എന്‍റെ ടീം കഷ്ടപ്പെടും. അതുകൊണ്ട്  ഞാൻ മിണ്ടാതിരുന്നു.",Fear
എനിക്ക് എന്തോ തളർന്ന പോലെയൊക്കെ തോന്നുവാ. പ്രത്യേകിച്ച് ഈ ഓർഗനൈസെഷനുള്ളിൽ നമ്മൾ നേരിടുന്ന വെല്ലുവിളികളിൽ എനിക്ക് മോട്ടിവേറ്റഡായി നിക്കാൻ ഒട്ടും പറ്റുന്നില്ല.,Sadness
"ഹേയ്, കൊള്ളാം! നീ  ഈ നിറത്തിലുള്ള ഒരു ബൈക്ക് വാങ്ങുമെന്ന് ഞാൻ ഒരിക്കലും വിചാരിച്ചില്ല.",Surprise
സാമ്പത്തികസ്ഥിതിയെക്കുറിച്ച് മാധ്യമങ്ങൾ ചോദിച്ചപ്പോൾ രാഷ്ട്രീയക്കാരൻ ആകെ അസ്വസ്ഥനായത് എന്തിനാ?,Anger
രാവിലെ ഒരു ഗ്ലാസ് കേരള ചായ കുടിക്കുന്നതിന്‍റെ സുഖം ഒന്ന് വേറെ തന്നെ .,Happiness
സിക്കിമിലെ നാട്ടുകാരുടെ ഹൃദയസ്പർശിയായ ആതിഥ്യമര്യാദ ശരിക്കും പ്രതീക്ഷിച്ചതേയില്ല.,Surprise
ഞങ്ങൾ സുഹൃത്തുക്കളെന്ന് വിളിക്കുന്ന ആളുകൾ ഞങ്ങളെ കൂട്ടാതെ  ഒരു ട്രിപ്പ് പോയപ്പോൾ ഞങ്ങൾ ഒറ്റപ്പെട്ട പോലെ തോന്നി .,Sadness
"ഹോട്ടലിലെ ഈ ടാപ്പ് വെള്ളത്തിന്‍റെ രുചി എനിക്ക് സഹിക്കാൻ കഴിയില്ല, ഓക്കാനം വരും.",Disgust
ശ്രമിക്കുന്ന ഉപഭോക്താക്കളെ സ്റ്റോർ നിരുത്സാഹപ്പെടുത്തുന്നതു കൊണ്ട്  കസ്റ്റമേഴ്സിന് റീഫണ്ടു കിട്ടുന്നില്ല.,Disgust
ഞങ്ങളുടെ വീടിനു മുകളിലൂടെ ഒരു യു. എഫ്. ഒ സഞ്ചരിക്കുന്നത് കണ്ട് ഞാൻ അമ്പരന്നിരിക്കുകയാണ്.,Surprise
ഇത് ഞങ്ങളുടെ ശ്രദ്ധയിൽപ്പെടുത്തിയതിന് നന്ദി. ഇനി ഒരിക്കലും ഇങ്ങനെ ഉണ്ടാവില്ല.,Sadness
"ബാംഗ്ലൂരിലെ ഗതാഗതം വിശ്വസനീയമല്ലാ. ഇത് കാലതാമസത്തിനും, നിരാശയ്ക്കും കാരണമായി.",Sadness
ഇരുപത്  വർഷത്തിലേറെയായി പ്രവർത്തിച്ച സ്ഥാപനത്തിൽ നിന്ന് വിട്ടതിനുശേഷം എന്ത് ചെയ്യണമെന്നറിയാതെ അദ്ദേഹം അലഞ്ഞുതിരിഞ്ഞു .,Sadness
യ്യോ! എന്താ എന്‍റെ ബാങ്ക് നെഗറ്റീവ് ബാലൻസ് കാണിക്കുന്നെ? ആരെങ്കിലും എന്‍റെ പണം മോഷ്ടിച്ചോ?,Fear
നിങ്ങൾ എന്‍റെ ചാമ്പ്യനായിരുന്നു! നിങ്ങളില്ലാതെ എനിക്ക് ഇത് ചെയ്യാൻ കഴിയുമായിരുന്നില്ല.,Happiness
"നല്ല പാകമായ ഒരു തക്കാളി വായിലിടുമ്പോഴുള്ള രുചിയില്ലേ, അതാണ് സ്വർഗം.",Happiness
"നിങ്ങളുടെ സോഫ്റ്റ് സ്കിൽസ് മെച്ചപ്പെടുത്താൻ ഞങ്ങൾ എത്ര സമയം ചെലവാക്കി, എന്നിട്ടിപ്പോ നിങ്ങൾക്ക് അവ മറ്റെവിടെങ്കിലും പ്രയോഗിക്കണോ? എന്താ ഇത്!",Anger
"ഇവിടുത്തെ നടപ്പാതകള്‍ മൊത്തം മനുഷ്യര്‍ക്ക് നടക്കാന്‍ പറ്റാത്ത വിധം ഈ കടകള്‍ കൈയ്യേറിയിരിക്കുകയാണ്, ആരും ചോദിക്കാനും പറയാനുമില്ല.",Disgust
എന്‍റെ ഓട്ടോമൊബൈൽ വിദഗ്ധൻ ന്യായമായ ചിലവിൽ നല്ലൊരു സെക്കൻഡ് ഹാൻഡ് കാർ കണ്ടെത്തിയപ്പോൾ എനിക്ക് വളരെ സന്തോഷമായി.,Happiness
"ഫിറ്റ്നസിൽ നിങ്ങൾക്ക് എന്താണ് വേണ്ടതെന്ന് ഒരു ഫിറ്റ്നസ് ട്രെയിനറോട് സംസാരിച്ചിട്ടു കൂടി ഇല്ല ,പിന്നെ എന്തിനാ  നിങ്ങൾ  ഇങ്ങനെ പെടയ്ക്കുന്നെ?",Anger
കൊറിയർ കമ്പനി ആ പ്രശ്‌നം പരിഹരിക്കുന്നതിന് അനാവശ്യമായ ബുദ്ധിമുട്ടുകളും അസൗകര്യങ്ങളും സൃഷ്‌ടിക്കുന്നത് കാണുന്നത് കഷ്ടം  തന്നെയാണ്.,Sadness
ലൈവ് മ്യൂസിക്കിന്‍റെ ശബ്ദം അന്തരീക്ഷത്തില്‍ സന്തോഷം നിറയ്ക്കുന്നു.,Happiness
നിങ്ങളെപ്പോലെ അർപ്പണബോധവും അനുഭവപരിചയവുമുള്ള ഒരു സ്ഥാനാർത്ഥിയെ കണ്ടെത്തുന്നതിൽ ഞങ്ങൾ അഭിമുഖീകരിക്കാനിടയുള്ള ബുദ്ധിമുട്ടുകൾ വളരെയാണ്. ഇനി എന്താകുമോ?,Fear
വളരെ നന്നായി  വിവേക്! നീ  ഇതിനെക്കുറിച്ച് മുൻപ് പഠിച്ചിട്ടുണ്ടോ?,Surprise
ബ്രേക്കു വർക്കാവുന്നില്ല. നമ്മൾ ഇപ്പോ എന്താ ചെയ്യണ്ടത്?,Fear
"ഗതാഗതക്കുരുക്ക് കാരണം ഡൽഹിയിൽ നിന്ന് മണാലിയിലേക്ക് വാഹനമോടിക്കാൻ എനിക്ക് തീരെ താല്പര്യം ഉണ്ടായിരുന്നില്ല, പക്ഷേ എനിക്ക് മറ്റൊരു മാർഗവും ഉണ്ടായിരുന്നില്ല .",Disgust
"എന്‍റെ കാർ ഇപ്പോൾ സ്റ്റാർട്ട് ആവുന്നില്ല, നിങ്ങൾ ഇങ്ങനെ  പെരുമാറുന്നതോണ്ട്   ഞാൻ മറ്റൊരു സർവീസ് സെന്‍ററിലേക്ക് പോകുന്നു.",Anger
അവൻ എന്നോട് ഈ ചതി ചെയ്യുമെന്ന് ഞാൻ കരുതിയില്ല.,Sadness
ശക്തമായ ഇടിമിന്നലിനും കാറ്റിനും ശേഷം ഞാൻ കുളിമുറിയുടെ വാതിൽ തുറന്നപ്പോ അവിടെ ഒരു വലിയ പാമ്പ്.,Fear
എൻ്റെ പ്രായമായ മാതാപിതാക്കളെ നോക്കാനുള്ള കഴിവൊന്നും എനിക്കില്ലാതെ പോയല്ലോ ദൈവമേ.,Sadness
"എന്‍റെ ഹോട്ടൽ മുറിയിൽ  സിനിമ കണ്ട് വിശ്രമിക്കാനും കുറച്ച് ജോലികൾ ചെയ്യാനുമാണ് ഞാൻ ആഗ്രഹിച്ചത്, പക്ഷേ എനിക്ക് വൈഫൈ കണക്റ്റുചെയ്യാൻ കഴിയുന്നില്ല, അത് ശരിക്കും എന്‍റെ പ്ലാനെല്ലാം തകര്‍ത്തു.",Sadness
നമസ്കാരം! ഈ തിരക്കെല്ലാം വച്ച് നിങ്ങൾക്ക് മീറ്റിംഗിൽ പങ്കെടുക്കാൻ കഴിഞ്ഞുന്ന് എനിക്ക് വിശ്വസിക്കാൻ പറ്റണില്ല!,Surprise
മനുഷ്യത്വമില്ലാതെ ആക്രമിക്കുന്ന രീതിയിൽ പിടിച്ച് പറിക്കുന്ന തന്ത്രങ്ങൾ പ്രയോഗിക്കുന്ന ഇന്ത്യയിലെ പ്രാദേശിക പണമിടപാടുകാരോട് എനിക്ക് അറപ്പാ.,Disgust
എനിക്ക് കമ്പനി വിടേണ്ട സമയം അടുത്തപ്പോൾ ഞാൻ ആകെ തളർന്നു. എൻ്റെ പണി ഏറ്റെടുക്കാൻ ഒരു പിൻഗാമിയെ വരെ തിരഞ്ഞെടുത്തിരുന്നു.,Sadness
"ഈ രീതിയിൽ നികുതി ലാഭിക്കാൻ കഴിയുമെന്നാ ഞാൻ വിചാരിച്ചെ, പക്ഷേ ഇപ്പോൾ അതിൽ ഒരു കാര്യമില്ല.",Sadness
അവധിയെടുക്കുമ്പോൾ നേരത്തെ അറിയിക്കണമെന്ന് എത്രവട്ടം പറഞ്ഞിട്ടുള്ളതാണ്; ഇനി ഇത് ആവർത്തിക്കരുത്.,Anger
"പരാതികൾ പരിഹരിക്കുക മാത്രമല്ല, ജില്ലയിലെ മികച്ച ഓഫീസ് ആക്കിക്കൊണ്ട്  സൂപ്പർവൈസർ അപ്രതീക്ഷിതമായി ക്ലയന്‍റ് ഓഫീസിലെ സ്ഥിതിഗതികൾ മാറ്റിമറിച്ചു.",Surprise
എന്നും രാവിലെ തന്നെ വല്ലാതെ പേടിപ്പെടുത്തുന്ന  നായ്ക്കൂട്ടത്തെ കണ്ട് പത്രക്കാരൻ വല്ലാതെ  ഭയക്കുന്നത് ഞാൻ കണ്ടു. അതിനാൽ അതിനുവേണ്ട നടപടിയെടുക്കാൻ കോർപ്പറേഷനുമായി ഞാൻ സംസാരിച്ചു.,Fear
"എന്‍റെ ഒരു ചോട് തെറ്റിയാല്‍, ഈ മലഞ്ചെരിവിൽ നിന്ന് വീണു  ഞാൻ തട്ടിപ്പോകാം.",Fear
"നിങ്ങളുടെ കൂടുതൽ പൈസയും ,മോശം സർവീസും കൊണ്ട് എനിക്ക് മതിയായതുകൊണ്ട്  ഞാൻ വേറെ  ഐ.എസ്.പി.കളിലെക്ക് മാറാൻ പോകുകയാണ്.",Anger
"എക്സ്ഹോസ്റ്റ് സിസ്റ്റം നവീകരിക്കുന്നത് പോലുള്ള പരിഷ്ക്കരണങ്ങൾ കാറിൽ ചെയ്യാൻ കഴിയുമോ എന്ന് ഞാൻ അത്ഭുതപ്പെടുന്നു, അത് ചെയ്യുന്നതുകൊണ്ട് എന്തെങ്കിലും ഗുണം ഉണ്ടാകുമോയെന്ന് ഞാൻ ആശങ്കപ്പെടുന്നു.",Fear
എന്‍റെ അച്ഛനമ്മമാർ  മരിച്ചതിനുശേഷം ഞാൻ അവരെ നല്ലോണം  മിസ് ചെയ്യുന്നു. ആരും ആഗ്രഹിച്ചു പോകുന്ന  അത്രക്ക് നല്ല അച്ഛനമ്മമാരായിരുന്നു അവർ.,Sadness
ചെറിയൊരു മാറ്റം വരുത്താനല്ലേ ഉള്ളൂ; അതിനാണോ നിങ്ങൾ എക്സ്ട്രാ കാശ് ചോദിക്കുന്നത്?,Anger
പണം നൽകാതെ  ഞാൻ ഡ്രീം കാർ വാങ്ങിയപ്പോൾ എനിക്ക് സന്തോഷം അടക്കാനായില്ല .,Happiness
"ഞാൻ ഒരു വലിയ തുക പിൻവലിക്കാൻ പോയി, സംശയാസ്പദമായ പെരുമാറ്റമുള്ള നാല് പുരുഷന്മാർ ലക്ഷ്യമില്ലാതെ ബാങ്കിന് ചുറ്റും കറങ്ങിയപ്പോൾ ഞാൻ പേടിച്ച്  ചുറ്റും നോക്കി.",Fear
"സോഫ്‌റ്റ്‌വെയർ ഇൻസ്‌റ്റാൾ ചെയ്‌തു, പക്ഷേ ഇന്റർഫേസ് വളരെ കുഴപ്പമുള്ളതിനാൽ  ഞാൻ അത് ഉപയോഗിക്കല്‍ നിര്‍ത്തി.",Disgust
ചെന്നൈയിലെ എന്‍റെ ബാല്യകാല ബേക്കറിയിൽ നിന്ന് എന്‍റെ പ്രിയപ്പെട്ട കേക്ക് ഫ്ലേവർ ഓർഡർ ചെയ്തത് ഉടന്‍ കിട്ടി.,Happiness
"മ്യൂസിക് ടീച്ചറിന് അച്ചടക്കം നിര്‍ബന്ധമാണ്, താൻ മാറുന്നില്ലെങ്കിൽ ഒരു വിദ്യാർത്ഥിക്ക് ഒരു നല്ല അധ്യാപകനെ നഷ്ടപ്പെടും കേട്ടോ.",Fear
ഈ ബൈക്ക് എന്തൊരു സ്പീഡ് ആണ്!,Surprise
"നിങ്ങള്‍ ഏതു നേരോം ഫോണിലെന്നെ, അതോണ്ട് ഞാൻ അത് എടുത്തു വെക്കാൻ പോവാ.",Anger
എൻ്റെ പതിനഞ്ച് സ്റ്റാർട്ടപ്പ് ഐഡിയയും തള്ളി അവസാനം ഒന്നിന് ഒരു വി.സി.യിൽ നിന്ന് ഫണ്ടിംഗ് ലഭിച്ചപ്പോഴുള്ള എൻ്റെ സന്തോഷം പറഞ്ഞറിയിക്കാൻ പറ്റാത്തതായിരുന്നു.,Happiness
ഇന്ന് നിങ്ങളുടെ ബാങ്ക് അക്കൗണ്ട് ഓപ്പൺ  ആക്കാൻ കഴിയില്ല. അസൗകര്യമുണ്ടായതില്‍ ഞാൻ ക്ഷമ ചോദിക്കുന്നു.,Sadness
പെനാൽറ്റി കിക്ക് എടുക്കാൻ തയ്യാറെടുക്കുമ്പോ  ജാക്സന്‍റെ കൈകൾ  നെർവസ് ആയി ആകെ വിയർത്തുപോയി.,Fear
വെല്ലുവിളി നിറഞ്ഞ ഒരു മൗണ്ടൻ  ബൈക്കിംഗിനു  തയ്യാറെടുക്കുമ്പോ ടോം ആകെ  നിരാശനായി.,Fear
ചില രാഷ്ട്രീയ നേതാക്കള്‍ സാധാരണ ജനങ്ങളുടെ ക്ഷേമത്തേക്കാള്‍ വലിയ വ്യവസായികളുടെ ക്ഷേമത്തിനാണ് മുന്‍ഗണന നല്‍കുന്നത്.,Disgust
ഒരു വിശ്രമവും ഇല്ലാതെ ആറ് മാസം തുടർച്ചയായി പണിയെടുക്കണം പോലും; ഞങ്ങളുടെ ബുദ്ധിമുട്ടുകളൊന്നും ഇവിടെ ആർക്കും ഒരു പ്രശ്നം അല്ല.,Anger
"പുതിയ ഹെൽത്ത് സെന്‍റർ  ഞാൻ കണ്ടു, അതിന്റെ സൗകര്യങ്ങളും ,ശുചിത്വവും  വളരെ നന്നായി തോന്നി.",Happiness
"ഞാൻ രജനികാന്തിന്‍റെ  വലിയ ഫാനാന്ന് എൻ്റെ ഫ്രണ്ട് പറഞ്ഞു. ""കഴിഞ്ഞ ആഴ്ച, ഞാൻ ഒരു ഫ്രണ്ടിന്‍റെ വെഡിംഗ് റിസപ്ഷന് പോയപ്പോ അവിടെ അദ്ദേഹം ഉണ്ടായിരുന്നു. എന്തു സിമ്പിള്‍!"".",Surprise
"ജനങ്ങളുടെ നല്ല വാർത്തകളും, നേട്ടങ്ങളും മാത്രം പ്രസിദ്ധീകരിക്കുന്ന വെബ്‌സൈറ്റുകൾ  ഏതെങ്കിലും  ഉണ്ടോ?",Surprise
ഒരു ബ്ലേഡ് ഉപയോഗിക്കരുത്. അത് ചിലപ്പോ എന്‍റെ സ്കിന്നിൽ മുറി ആക്കും .,Fear
"സിഗ്നലിൽ വച്ച് എന്‍റെ ഓട്ടോയെ  വെട്ടിക്കുകയും,ലൈറ്റ് ചുവപ്പാകുന്നതിന് മുമ്പ് എന്നെ പോകാൻ സമ്മതിക്കാതിരിക്കുകയും ചെയ്ത കാർ ഡ്രൈവറോട് ഞാനെന്താ ചിരിച്ചുകാണിക്കണോ?",Anger
ഞാൻ വാടകയ്ക്ക് എടുക്കാൻ ആഗ്രഹിച്ച വീടിന്‍റെ സ്വീകരണമുറിയിൽ പ്രകൃതിയിൽ നിന്നു വരുന്ന സുലഭമായ  വെളിച്ചം   എന്നെ അത്ഭുതപ്പെടുത്തി.,Surprise
എല്ലാ മ്യൂസിക് ക്ലാസ്സിലും പാടുന്നതിൽ ശ്രദ്ധ കാണിക്കാത്തപ്പോൾ  എന്‍റെ കുട്ടിയോട് എനിക്ക് ദേഷ്യം വന്നു.,Anger
ഈ പ്രൊപോസല്‍ ഡ്രോപ്പ് ആയാല്‍ ഞാന്‍ നിങ്ങളെ ഫയര്‍ ചെയ്യും.,Anger
ഉരസല്‍ നന്നാക്കി നിങ്ങളുടെ വണ്ടിയുടെ ആ സുന്ദര രൂപം തിരികെ നൽകാന്‍ കഴിഞ്ഞല്ലോന്നാ,Happiness
എന്താ  ആളുകൾക്കു  ഇത്രയ്ക്ക്  സെൻസ് ഇല്ലാത്തെ  ? ഇത് യുനെസ്കോയുടെ പൈതൃക സ്ഥലമാണെങ്കിലും ആളുകൾ ഇപ്പോഴും  ഇവിടെയെല്ലാം മാലിന്യം തള്ളുന്നു.,Anger
"കരാട്ടെക്കാരിൽ ഒരാൾക്ക് കൺട്രോൾ  നഷ്ടപ്പെട്ട്  ,എതിരാളിയുടെ മൂക്ക് അടിച്ചു പൊട്ടിച്ചെന്നേ.",Disgust
കാലിന്‍റെ ചികിത്സ ഫലപ്രദമായില്ല. ഒന്നോ രണ്ടോ മാസത്തിനുള്ളിൽ എനിക്ക് നടക്കാൻ കഴിയില്ലെന്നാ തോന്നുന്നേ.,Fear
"മോഡുലാർ കിച്ചന്‍റെ  ഫൈനൽ ഡിസൈൻ  എന്‍റെ പ്രതീക്ഷകളുമായി പൊരുത്തപ്പെടില്ലെന്നും, എന്‍റെ അഭിരുചിക്കോ ആവശ്യങ്ങൾക്കോ യോജിച്ചതല്ലാത്ത  വേറെ എന്തെങ്കിലുമൊക്കെ ആകുമെന്നാ എനിക്ക് തോന്നുന്നേ.",Fear
"സിനിമ നല്ലതാണെങ്കിലും എനിക്ക് വളരെ സങ്കടം തോന്നാ, എന്താച്ച അവസാനം അവർ  എന്‍റെ ഫേവറിറ്റ് കാരക്ടറിനെ കൊന്നു.",Sadness
അപ്രതീക്ഷിതമായ ചില പ്രശ്നങ്ങൾ കാരണം എന്‍റെ കുട്ടിക്ക് ഒരു അക്കൗണ്ട് നിഷേധിക്കപ്പെടുമെന്ന ചിന്ത എന്നെ അസ്വസ്ഥനാക്കുന്നു.,Fear
ടീമിന്‍റെ വളർച്ചയെക്കുറിച്ച് നന്നായി ചിന്തിക്കുന്ന  ഒരു മാനേജരെ  കിട്ടിയത് എന്‍റെ ഭാഗ്യാ.,Happiness
"ഞാൻ ക്യാബിൽ തിരിച്ച്‌ വരുമ്പോ നല്ല മഴ പെയ്യാൻ തുടങ്ങി, വലിയ ട്രാഫിക് ജാമും  ഉണ്ടായി.",Sadness
"ഇവന്‍റ്  തീമിനു വേണ്ടിയുള്ള  ഇവന്‍റ്  മാനേജരുടെ ക്രിയേറ്റീവ് ആയ  സമീപനം എനിക്ക് ഇഷ്‌ടപ്പെട്ടു, അത് ശരിക്കും വേദിയെ ആകർഷകമായ ഇടമാക്കി മാറ്റി.",Happiness
"രാഹുൽ! ഒന്ന് മിണ്ടാതിരിയ്‌ക്കോ, അല്ലെങ്കിൽ ലീലാവതി മാഡം നമ്മളെ ഒരു മണിക്കൂർ  വെയിലത്ത് നിർത്തും .",Fear
"എന്‍റെ വനിതാ ഇൻസ്ട്രക്ടർക്ക് നല്ല ക്ഷമ  ഉള്ളതുകൊണ്ട് ഞാൻ നല്ല ത്രില്ലിലാ, റിവേഴ്സിംഗ്, പാർക്കിംഗ് എന്നിവ പരിശീലിക്കുമ്പോൾ ഇത് എന്‍റെ ആത്മവിശ്വാസം വർദ്ധിപ്പിക്കുന്നു.",Happiness
നാളെ മുതൽ ആരംഭിക്കുന്ന ന്യൂസ് പേപ്പർ ഡെലിവറിയെക്കുറിച്ച്  എനിക്ക് അൽപ്പം ആശങ്കയുണ്ട്. അത് മുമ്പത്തെപ്പോലെ വിശ്വസിക്കാൻ പറ്റുമോ ആവോ ?,Fear
പോലീസ് എത്തണവരെ നിങ്ങൾ അയാൾക്കെതിരെ നടപടിയെടുക്കില്ല എന്നതോണ്ട് നിങ്ങൾ എന്താ  ഉദ്ദേശിക്കുന്നെ? നിങ്ങൾ ഒരു ഡോക്ടറല്ലേ?,Anger
പഴയ ബുക്കുകളുടെ വില നോക്കുമ്പഴെ പേടിയാവുന്നു.,Fear
വാലിഡേഷന് വേണ്ടിയുള്ള  നിങ്ങളുടെ നിരന്തരമായ ആവശ്യം നിര്‍ത്തിക്കൂടെ?,Anger
"ആ പോലീസുകാരന്‍ തട്ടുക്കടക്കാരനോട് കാണിച്ചത് കണ്ടോ?, എന്തൊരു അഹങ്കാരമാണ് അയാള്‍ക്ക്, ഇവിടെ പാവങ്ങള്‍ക്ക് ഒരു വിലയുമില്ല.",Disgust
ഈ ക്ലയന്‍റിന്‍റെ പിടിവാശി വച്ച് ഈ പുതിയ പ്രോജെക്റ്റ്‌ എന്താകുമോ എന്തോ!,Fear
ഞാൻ ഒത്തിരി പണം മുടക്കീട്ടും എന്‍റെ പ്രധാന എതിരാളിയോട് ഈ നിർണായക ഡീല്‍ നഷ്ടപ്പെട്ടുകഴിഞ്ഞാൽ പിന്നെ ഞാൻ എന്തിന് ഇങ്ങനൊരു സെയിൽസ് ടീമിനെ നിലനിർത്തണം?,Anger
ആ ഉദാരമായ  സംഭാവനകളിലൂടെ നമ്മൾ  നികുതി ലാഭിക്കുക മാത്രമല്ല പോസിറ്റീവായി സ്വാധീനം ചെലുത്തുകയും ചെയ്തു!,Happiness
ഇംഗ്ലീഷ് പ്രീമിയർ ലീഗിൽ കളിക്കാൻ സുനിൽ ഛേത്രിക്ക് യു.കെ. വർക്ക് പെർമിറ്റ് നിഷേധിച്ചപ്പോൾ എനിക്ക് ആകെ നിരാശയായി.,Sadness
ഗാരേജ് നൽകിയ സർവീസിംഗ്‌  എന്‍റെ കാറിന് ഒരു പുതിയ ജീവിതം നൽകി; അത് എന്നത്തേക്കാളും നന്നായി  പ്രവർത്തിക്കുന്നുണ്ട് !,Happiness
എന്‍റെ മെഡിവെൽ ഇൻഷുറൻസ് ചെലവുകളുടെ വലിയൊരു ഭാഗം വഹിക്കുമെന്നാണ് ഞാൻ പ്രതീക്ഷിച്ചത്. പക്ഷെ വലിയ തുക കവർ ചെയ്യാത്തത് നിരാശാജനകമാണ്.,Surprise
"പ്രോജക്ടിനു  ഇത്രയധികം പൈസയും, ജനങ്ങളുടെ തിരിച്ചടിയും നേരിവേണ്ടി വരുന്നത്  നിരാശാജനകമാണ്.",Sadness
നിങ്ങൾ അതിനുവേണ്ടി   ഒന്നും ചെയ്യാൻ പോകുന്നില്ലെങ്കിൽ പിന്നെ എന്തിനാ നിങ്ങൾ എന്നോട് ഫീഡ്ബാക്ക് ചോദിച്ചത്?,Disgust
ഐ. എസ്. ആർ. ഒ.യുടെ വനിതാ സംഘം ചൊവ്വയിൽ വിജയകരമായി എത്തിയത്   ലോകത്തെ ആകെ ഞെട്ടിച്ചു.,Surprise
എപ്പഴും പന്തിൽ ശ്രദ്ധിയ്ക്ക്! കോർട്ടിൽ നൃത്തം ചെയ്യണത് നിർത്തിട്ട് ശരിയ്ക്ക് കളിയ്ക്കാൻ നോക്ക്.,Anger
നീയെന്താ കളിയും കണ്ട്  ഇങ്ങനെ മടി പിടിച്ചിരിക്കണെ  ? നിനക്ക് എന്ത  പുറത്ത് പോയി കളിച്ചൂടെ ?,Anger
വിലപ്പെട്ട കസ്റ്റമേഴ്സ്  ഞങ്ങളുടെ എതിരാളികളുടെ അടുത്ത്  പോകുന്നതിൽ   എനിക്ക് ആശങ്കയുണ്ട്.,Fear
മുങ്ങിക്കപ്പലിന്‍റെ വായു തീർന്നുവെന്നു കരുതി ഏറെ നാളുകൾക്കു ശേഷം സമുദ്രത്തിന്‍റെ അടിത്തട്ടിൽ കേട്ട ഇളക്കത്തെക്കുറിച്ച്  വായിച്ചപ്പോൾ ഞാൻ ഞെട്ടിപ്പോയി.,Surprise
അവരുടെ സാധനങ്ങൾക്കുള്ള പണം മൊബൈലിലൂടെ കൈപ്പറ്റാൻ കഴിഞ്ഞപ്പോൾ ഗ്രാമവാസികൾ ആവേശഭരിതരായി.,Happiness
ഞാൻ പതിവായി പോവാറുള്ള ബസന്ത് നഗറിലെ ഹോട്ടല്‍ ഭക്ഷണത്തിന്‍റെ ക്വാളിറ്റി   ക്രമേണ വഷളായിക്കൊണ്ടിരിക്കുന്നതിൽ എനിക്ക് നിരാശ തോന്നി.,Sadness
"വൗ , രണ്ട് വർഷത്തിനിടെ ആദ്യമായിട്ടാ  ഇന്ന് ബസ് വൈകിയിരിക്കണെ .",Surprise
"ആശുപത്രിയുടെ ഈ കുഴപ്പം കാരണം, ഇൻഷുറൻസേ റദ്ദാക്കാമെന്നാണ് ഇൻഷുറൻസ് കമ്പനീടെ ആളു പറയുന്നത്.",Fear
തന്‍റെ കടയിൽ വരുന്ന സ്ത്രീകള്‍ക്ക് നേരെ ടി.വി. സെയിൽസ്മാന്റെ   അശ്ലീലനോട്ടം എനിക്ക് തീരേ ഇഷ്ടപ്പെട്ടില്ല.,Disgust
"നടുകയും വിളവെടുക്കുകയും ചെയ്യുമ്പോ ഒരു പ്രത്യേക ഓക്കാനം ഉണ്ടാക്കുന്ന നാറ്റം ഉണ്ട്, എന്‍റെ ഉള്ളിൽ കടുത്ത വെറുപ്പാണ് അപ്പൊ.",Disgust
ക്രിക്കറ്റ് കളിയില്‍ ബൗളര്‍ പന്തില്‍ തുപ്പല്‍ പുരട്ടുന്നത് കാണുമ്പോള്‍ എനിക്ക് അറപ്പ് തോന്നും.,Disgust
"ഞാൻ ഒരു കസ്റ്റമറിനു അവരുടെ ഉടുപ്പിനു ചേരുന്ന ഏറ്റവും അടിപൊളിയായ ആക്സസറി കണ്ടെത്താൻ സഹായിച്ചു, എനിക്ക് അതിൽ നല്ല സന്തോഷമുണ്ട്.",Happiness
തീർച്ചയായും! തനതായ പുരാതനമായ  ഫർണിച്ചറുകൾ ഞാൻ എപ്പോഴും തിരയും.,Happiness
"ഈ സ്റ്റോക്ക് മാർക്കറ്റ് തകർച്ച തികച്ചും അന്യായമാണ്, കാരണം ഇത് തടയാൻ കഴിയുമായിരുന്നു.",Anger
യു.കെ.യില്‍ പന്ത്രണ്ട്  മാസത്തില്‍ പത്ത്  മാസവും മഴയായ കാരണം സൂര്യനെ കാണാതെ എനിക്കാകെ മടുപ്പാണ്.,Sadness
"കഴിഞ്ഞ കുറേ  വർഷങ്ങളായി  അവർ പറയുന്ന പോലെത്തന്നെ, ഈ വർഷവും  എന്നെ പ്രമോഷന്  പരിഗണിക്കാത്തതിന്  ലീഡർഷിപ്പ് ടീം ചില മുടന്തൻ ന്യായങ്ങൾ പറഞ്ഞു.",Disgust
"നിങ്ങൾ എന്നെ വിശ്വസിക്കുന്നില്ലെന്നാ ഞാൻ വിചാരിച്ചെ, പക്ഷേ ഇപ്പോൾ നിങ്ങൾ കമ്പനിയുടെ വെല്ലുവിളികള്‍ എന്നോട് തുറന്നു പറഞ്ഞപ്പോള്‍  എന്‍റെ മനസ്സ് ശാന്തമായി .",Happiness
"ഉയർന്ന പ്രതീക്ഷയൊക്കെ കൊള്ളാം. പക്ഷെ പ്രോത്സാഹനവും, ബലം പ്രയോഗിച്ച് ചെയ്യിക്കുന്നതും തമ്മിൽ വ്യത്യാസമുണ്ടെന്നു നിങ്ങള്‍ മനസ്സിലാക്കണം.",Anger
ഒരു ദിവസം ഒരു വിദ്യാർത്ഥി കൈകൊണ്ട് മൂക്ക് വൃത്തിയാക്കി ഉത്തരക്കടലാസിൽ തുടയ്ക്കുന്നത് ഞാൻ കണ്ടു.,Disgust
ഈ വർഷം ഇൻകം ടാക്സ്  അടയ്ക്കേണ്ടതില്ലെന്ന് അറിഞ്ഞപ്പോൾ എനിക്ക് എന്‍റെ കണ്ണുകളെ വിശ്വസിക്കാൻ കഴിഞ്ഞില്ല!,Surprise
"അറിഞ്ഞോ, എനിക്ക് ബിരുദ പഠനത്തിന് സ്കോളർഷിപ്പ് ലഭിച്ചു.",Happiness
ആ പഴം കഴിക്കണ്ടാ. അത് വിഷം കലർന്നതാ .,Fear
അയാൾ  വ്യായാമം ചെയ്യുന്ന ഈ  രീതി വല്ലാതെ  വിചിത്രം തന്നെ.,Disgust
അയാൾ എന്നെ ആ രീതിയിൽ നോക്കുമ്പോൾ എനിക്ക് വെറുപ്പ് തോന്നുന്നു.,Disgust
"പുലർച്ചെ നാലരയ്ക്ക്  എഴുന്നേറ്റപ്പോൾ എനിക്ക് സമാധാനം തോന്നുന്നു , അത് ദിവസം മുഴുവൻ എന്നെ സന്തോഷിപ്പിക്കുന്നു.",Happiness
"ഛെ, ഈ സോഫ്റ്റ് വെയര്‍ റൺ ചെയ്യുമ്പോഴൊക്കെ അത് തകരാറിലാകുന്നു.",Disgust
വൈസ് പ്രസിഡൻ്റ്  ആയി ജോലി ചെയ്യാൻ ഇന്ത്യാ സിമൻ്റ് സ് ധോണിക്ക് വാഗ്ദാനം ചെയ്ത ശമ്പളം എത്രയാണെന്നറിയോ? വെറും     നാല്പത്തിമൂവായിരം  രൂപ!,Surprise
ക്രിക്കറ്റ് സ്‌റ്റേഡിയത്തിലെ സ്റ്റാൻഡ് തിങ്ങി നിറഞ്ഞ് തകർന്നു വീഴുമോ എന്നെനിക്ക് പേടിയായി.,Fear
എനിക്ക് ഈ കടയിൽ വരാൻ ഇഷ്ടമാണ്. അവർ എപ്പഴും ലേറ്റസ്റ്റ് ഫോണുകൾ ഡിസ്പ്ളേ ചെയ്യും.,Happiness
ഞാൻ അപേക്ഷിച്ച കോളേജിനെക്കുറിച്ച് നിങ്ങൾ വ്യക്തമായി സംസാരിക്കു.,Anger
ആ വല്ലാത്ത മനുഷ്യന്‍ എന്നെ  തുറിച്ചുനോക്കായിരുന്നു.,Fear
അറിവുള്ള സ്റ്റാഫിൽ നിന്നുള്ള സഹായത്തിന് ഒരു കസ്റ്റമര്‍ നന്ദി പ്രകടിപ്പിച്ചു.,Happiness
മൂന്ന്  മാസം മുമ്പ് ചെയ്തതുപോലെ തെറ്റായ തീയതിക്ക് ടിക്കറ്റ് ബുക്ക് ചെയ്യുമോ എന്ന് എനിക്ക് നല്ല ആശങ്കയുണ്ട്.,Fear
കൗൺസിലിങ്ങിലൂടെ എല്ലാം പെട്ടെന്ന് ശരിയാവും എന്ന് വിചാരിച്ച എന്നെ പറഞ്ഞാൽ മതി. ഞാൻ വിചാരിച്ചതിനെക്കാളും ഒക്കെ എത്രയോ ബുദ്ധിമുട്ടാണ് ഇത്.,Anger
കൊച്ചിയിലെ ഈ ചെറിയ ഹോട്ടലിൽ ഇത്രയും നല്ല ക്വാളിറ്റിയുള്ള സർവീസ് ഞാൻ പ്രതീക്ഷിച്ചില്ല!,Surprise
ഉപഭോക്താക്കൾക്ക് ഒക്കെ ഇഷ്ടപ്പെടുന്ന ഒരു സൗകര്യപ്രദമായ ഓൺലൈൻ ഓഡർ സംവിധാനം ഞങ്ങൾ പുതുതായി കൊണ്ടു വന്നിട്ടുണ്ട്.,Happiness
"രാജ്യമെന്ന നിലയിൽ നമുക്ക് ഒരുമിച്ച് ചെയ്യാൻ കഴിയുന്ന ഒരുപാട് കാര്യങ്ങളുണ്ട്, എന്നിട്ടും നമ്മള്‍ യുദ്ധം ചെയ്യാൻ സമയം ചെലവഴിക്കുന്നതിനാൽ എനിക്ക് നിരാശ തോന്നുന്നു.",Sadness
നെൽസൺ മണ്ടേലയെക്കുറിച്ചുള്ള സിനിമ കാണുകായിരുന്നു. കേള്‍വിക്ക് ഇത്രേം വികസിച്ച നാഗരികത ഒരു മനുഷ്യനെ ഇത്രയും ചെറിയ സെല്ലിനുള്ളിൽ തളച്ചിടാൻ തക്കവിധം തരംതാഴുമെന്ന് എനിക്ക് ചിന്തിക്കാനേ കഴിഞ്ഞില്ല.,Disgust
തങ്ങളുടെ ടീം ലോകകപ്പ് നേടിയപ്പോൾ ആളുകൾ തെരുവുകളിൽ തുള്ളിച്ചാടുകയായിരുന്നു.,Happiness
എന്‍റെ ഫ്രണ്ടിന്‍റെ കടയിൽ പോയി അവൻ ഇത്ര  നന്നായി  ചെയുന്നത് കാണുമ്പോ  എന്തൊരു സന്തോഷാ .,Happiness
"ഞാൻ ഇൻ്റർനെറ്റിന്‍റെ എന്തെങ്കിലും  പ്രശ്നം പറഞ്ഞാ  ഉടൻ വരാന്ന് ആരെങ്കിലും എപ്പോഴും പറയും,പക്ഷെ കുറെ ദിവസങ്ങൾ കഴിഞ്ഞാലും ആരും വരാറില്ല.",Disgust
രോഗനിർണയം നടത്താതെ എന്‍റെ അമ്മായിയമ്മയുടെ ചർമ്മത്തിന്‍റെ പ്രശ്നത്തിന് ഡോക്ടർ അനാവശ്യ മരുന്ന് നിർദ്ദേശിച്ചു.,Anger
എന്‍റെ ഓട്ടോയിൽ നിങ്ങളെ കൊണ്ടുപോണോ വേണ്ടയോ എന്നത് എന്‍റെ ഇഷ്ടമാണ് . എന്നെ ചോദ്യം ചെയ്യാൻ നിങ്ങൾ ആരാ ?,Anger
ഇന്ത്യക്കാരെക്കുറിച്ച് അധിക്ഷേപകരമായ ഒരു കമന്‍റ്  എന്‍റെ വാട്ട്‌സ്ആപ്പ് ഗ്രൂപ്പിൽ  അഡ്മിനിസ്ട്രേറ്റർമാർ അനുവദിച്ചതുകൊണ്ട്  ഞാൻ കടുപ്പായിരിക്കുകാ.,Anger
നിങ്ങടെ നട്ടെല്ലിനു തകരാറുണ്ടാവാം.,Fear
വർഷങ്ങളായി കമ്പനി കെട്ടിപ്പടുത്ത പ്രശസ്തിയെല്ലാം ഒരു  സാമ്പത്തിക തട്ടിപ്പിലൂടെ ഒരു നിമിഷം കൊണ്ട് നശിക്കുമോ എന്ന് എനിക്ക് ആധിയായിരുന്നു.,Fear
"ആ ഹോട്ടലില്‍ ഒരു തവണ അനുവിന് മസാലദോശയില്‍ നിന്ന് ഒരു അട്ടയെ കിട്ടി, ഓര്‍ക്കുമ്പോള്‍ ഛര്‍ദ്ദിക്കാന്‍ വരുന്നു.",Disgust
മാത്‍സ് ഹോം വർക്ക്  ഇന്ന് തന്നെ കൊടുക്കുകേണ്ടതായിരുന്നു എന്ന് നിനക്ക് മനസ്സിലായില്ലേ? രണ്ട് ദിവസം മുമ്പ്  പ്രൊഫസർ നമ്മളോട് പറഞ്ഞപ്പോൾ നീ  ക്ലാസ്സിൽ ഉണ്ടായിരുന്നല്ലോ.,Surprise
ഈ പുരാതന കസേരകൾ വിൽക്കുന്നതിലുള്ള നിങ്ങളുടെ ഉത്സാഹം കാണുമ്പോൾ എനിക്ക്  വിശ്വസിക്കാനാവുന്നില്ല.,Surprise
ഇന്ത്യയിലെ തൊണ്ണൂറ്റിയെട്ട് ശതമാനം  ആളുകളും ആദായനികുതി അടയ്‌ക്കാതെ ഞാൻ മാത്രം എന്തിന് അടയ്‌ക്കണം?,Anger
"ചോർച്ചയോ,പൊട്ടലോ ഒന്നും  ഉണ്ടാക്കാതെ എംബഡഡ് വാട്ടർ പൈപ്പ് ആക്‌സസ് ചെയ്യുമ്പോൾ നമ്മൾനേരിടാനിടയുള്ള പ്രശ്നങ്ങളെക്കുറിച്ച്  ഞാൻ ചിന്തിച്ചുകൊണ്ടിരുന്നു.",Fear
"അഥർവ്വ, മറ്റുള്ളവരുടെ മേലിലേക്കു  തുമ്മുന്നത് നിർത്തു. ദയവായി വായ മൂടു. എന്തൊരു അറപ്പാ അത് .",Disgust
പ്രതിസന്ധിയിലായ പ്രോജക്ടിനെ  സഹായിക്കാൻ സി. ഇ. ഒ ഇടപെടുന്ന വാർത്ത അറിയിച്ചതില്‍ സന്തോഷം.,Happiness
ഞങ്ങളുടെ നല്ല ക്വാളിഫൈഡ് ആയ  ബോസിന് പകരം കമ്പനി റൺ ചെയ്യാൻ  ചെയർമാൻ പുറത്തുനിന്നുള്ള ഒരാളെ തിരഞ്ഞെടുത്തു.,Disgust
"നിങ്ങളുടെ അസാധാരണമായ സോഫ്റ്റ് സ്‌കില്ലുകളെക്കുറിച്ചും ഞങ്ങളുടെ ജോലിസ്ഥലത്തേക്കുള്ള അവരുടെ സംഭാവനകളെക്കുറിച്ചും ചിന്തിക്കുമ്പോൾ, ടീമിന്‍റെ സുഗമമായ  പ്രവത്തനത്തിനു  തടസ്സങ്ങളില്ലാതെ മുന്നോട്ട്  പോകാൻ കഴിയുന്ന  കഴിയുന്ന ഒരു പകരക്കാരനെ കണ്ടെത്തുന്നത് എത്രത്തോളം വെല്ലുവിളി നിറഞ്ഞതായിരിക്കുമെന്ന് എനിക്ക് ചിന്തിക്കാൻ കഴിയില്ല.",Fear
"ക്ഷമിക്കണം, പക്ഷേ ആ പരിപാടിക്ക് നിങ്ങളുടെ കേക്ക് ഓർഡർ റെഡിയാവോന്നു എനിക്ക് പേടിണ്ട്.",Fear
കൊടുങ്കാറ്റിനുശേഷം മൈതാനം മൊത്തം  ചളിയും അവശിഷ്ടങ്ങളും കൊണ്ട് നിറഞ്ഞു അത് കണ്ടപ്പോ എനിക്ക് വല്ലാതെ അസ്വസ്ഥത തോന്നി .,Disgust
ഓട്ടോയുടെ മീറ്റർ ഫാൻ പോലെ ഓടുമ്പോൾ പണത്തിനായി നിരാശയോടെ ഞാൻ പേഴ്സ് പരിശോധിച്ചു.,Sadness
ശസ്‌ത്രക്രിയയ്‌ക്കുള്ള എന്‍റെ ബ്ലഡ്ഗ്രൂപ്പ് മാച്ച് ആകുന്നതിനെക്കുറിച്ച് എനിക്ക് നല്ല  ആശങ്കയുണ്ട് ഹെൽത്ത് സെന്ററിൽ എന്‍റെ ചികിത്സയ്‌ക്കായുള്ള എല്ലാ കാര്യങ്ങളും  ഉണ്ടാകുമോ ആവോ ?,Fear
"പകൽ സമയത്ത് എന്‍റെ ഓഹരികളുടെ വിലയങ്ങനെ ഉയരുന്നതു കാണുന്നതിനേക്കാൾ സുഖം, മറ്റൊന്നിനുമില്ല.",Happiness
"നിങ്ങളുടെ സ്വപ്നം സാക്ഷാത്കരിക്കാൻ   നിങ്ങൾക്കു  വേണ്ട  അപൂർവ മെറ്റീരിയൽ  തരാൻ ഞങ്ങൾക്ക് കഴിഞ്ഞെങ്കിലെന്നു ഞാൻ ശരിക്കും ആഗ്രഹിക്കുന്നുണ്ട് , പക്ഷേ അത് കിട്ടാൻ  വളരെ ബുദ്ധിമുട്ടാണ്.",Sadness
ഈ കാൽനടപ്പാതയിലെ മാലിന്യം  കാരണം ഛർദ്ദിക്കാൻ വരുന്നു.,Disgust
ഒരു മഴയുള്ള ദിവസം  ഒരു ചെറിയ ജനക്കൂട്ടത്തിന് മുന്നിൽ അദ്ദേഹം ഒരു ലോക റെക്കോർഡ് തിരുത്തിയതായി കേട്ടപ്പോൾ എനിക്ക് അത്ഭുതമായി.,Surprise
"നിങ്ങൾക്ക് സ്വയം അത് ചെയ്യാൻ പറ്റില്ലെങ്കിൽ   എനിക്ക് എങ്ങനെ നിങ്ങളെ സഹായിക്കാനാകും, മിസ്റ്റര്‍!",Disgust
"നിങ്ങൾ വിമാനക്കമ്പനിക്കെതിരെ കേസ് ഫയൽ ചെയ്താൽ, എനിക്ക് എന്‍റെ ജോലി പോകാനുള്ള  സാധ്യതയുണ്ട്.",Fear
"വീട്ടിലേക്ക് തിരിച്ചു നടന്നു പോകുമ്പ, ഞാൻ ഒരു കല്ലിൽ തട്ടി വീണു. ഞാൻ വാങ്ങിയ പാൽ മൊത്തം നിലത്തു പോയി .",Sadness
"ടൂർ ബസിലെ യാത്ര എന്നെ വല്ലാതെ ദേഷ്യം പിടിപ്പിച്ചു , കാരണം അത് ഒരു സുഖമുണ്ടായിരുന്നില്ല, കാല്‍ നീട്ടാനുള്ള ഇടം പോലും ഉണ്ടായിരുന്നില്ല.",Anger
റാമ്പിലൂടെ നടക്കുമ്പോൾ ഞാൻ വഴുതിവീണു. എന്‍റെ കാൽമുട്ടിനു സഹിക്കാൻ വയ്യാത്ത വേദന.,Sadness
ആരും ഇല്ലാത്ത മുറിയില്‍ ഇരുട്ടത്ത് പെട്ടെന്ന് ആരോ എൻ്റെ തോളിൽ കൈ വെച്ചപ്പോൾ ഞാൻ ഞെട്ടിപ്പോയി.,Surprise
"നിങ്ങൾക്ക്  ഒരു  ഇൻവെസ്റ്റ്മെൻ്റ് അഡ്വൈസർ ഉണ്ടെന്നാ ഞാൻ വിചാരിച്ചെ, പണം നിങ്ങൾ സ്വയം കൈകാര്യം ചെയ്യുന്ന കാര്യം എനിക്കറിയില്ലായിരുന്നു .",Surprise
ബോളിവുഡിന്‍റെ നാടായ മുംബൈയിൽ ഇത്രയും അഭിവൃദ്ധി പ്രാപിച്ച   ഒരു തിയറ്റർ കണ്ടെത്തുമെന്ന് ഞാൻ പ്രതീക്ഷിച്ചിരുന്നില്ല.,Surprise
ചെലവേറിയ ഈ ഗൈഡഡ് ടൂറുകളും .ടൂർ ഓപ്പറേറ്റർമാര്‍ ചൂഷണം ചെയ്യുന്ന രീതിയും എനിക്ക് വിശ്വസിക്കാൻ കഴിയുന്നില്ല.,Disgust
ഐ.ടി.സി. ഹോട്ടൽ മാനജർ അവരുടെ മികച്ച ക്വാർട്ടർ റിസൾട്ടുകൾ  പ്രഖ്യാപിച്ചതിന് ശേഷം സന്തോഷത്തോടെ ഡാൻസ്  ചെയ്യുന്നത് ഞാൻ കണ്ടു.,Happiness
"എനിക്ക് ജോലി ചെയ്യാൻ തോന്നാത്ത ദിവസങ്ങളുണ്ട്, എന്തിനാണ് ഞാൻ അത് ചെയ്യുന്നത് എന്നറിയാതെ നിശബ്ദമായി ചുവരുകളിൽ നോക്കി ഇരിക്കുന്നു.",Sadness
"അവന് ഇരുപത് വയസായി, എന്നിട്ടും അവന് പൊതുയിടങ്ങളില്‍ എങ്ങനെ പെരുമാറണമെന്ന് അറിയില്ല.",Disgust
ബേക്കറിക്കാരൻ വാഗ്ദാനം ചെയ്തതുപോലെ കൃത്യസമയത്ത് കേക്ക് നൽകാത്തതുകൊണ്ട് എനിക്ക് ദേഷ്യം വന്നു.,Anger
എന്‍റെ പുതിയ വീട്ടിൽ നല്ല രീതിയിൽ വിനോദം ആസ്വദിക്കാൻ സാംസങ്ങിന്‍റെ  ഒരു പുതിയ ടിവി വാങ്ങുന്നതിൽ  ഞാൻ നല്ല  ആവേശത്തിലാണ്.,Happiness
"അവൾ ഒരു തമാശ പോലും പറഞ്ഞില്ല, അവൾ എന്നെ കളിയാക്കുക മാത്രാ  ചെയ്തത്.",Sadness
ബാങ്കുകളിൽ ആളുകൾക്ക് തെറ്റായ സ്ഥാനങ്ങൾ കൊടുത്തിട്ട്  അവർ ശരാശരിക്കാരാണെന്ന് കുറ്റപ്പെടുത്തുന്നതില്‍ അര്‍ത്ഥമില്ല.,Anger
"വൗ , ഓഹരി വിപണി എക്കാലത്തെയും ഉയർന്ന നിലയിലെത്തിയെന്ന് എനിക്ക് വിശ്വസിക്കാൻ കഴിയുന്നില്ല!",Surprise
കൊൽക്കത്തയിലെ ബസുകളുടെ അവസ്ഥ മഹാമോശമാണ്! ഞങ്ങളെ പകുതിവഴിയിലാക്കിയിട്ട്   അവ സ്ഥിരമായി   ബ്രേക്ക് ഡൗൺ ആകുന്നത്  എനിക്ക് വിശ്വസിക്കാൻ പോലും കഴിയുന്നില്ല.,Disgust
ബ്രോക്കറോട് എനിക്ക് ശരിക്കും ക്ഷമ നശിച്ചു തുടങ്ങിയിരുന്നു. ബാൽക്കണിയുള്ള ഒരു സ്ഥലം വേണമെന്ന് ഞാൻ അയാളോട് പലതവണ പറഞ്ഞതാണ് . ഞാൻ ആഗ്രഹിച്ചതിനോട് യോജിക്കുന്ന  എന്തെങ്കിലും കണ്ടെത്താൻ അയാൾ  ശ്രമിക്കാത്തതുപോലെയുണ്ട് .,Anger
"ആ ബുക്ക് എടുക്കാൻ ഞാൻ ഒരു അഞ്ച് തവണയെങ്കിലും പറഞ്ഞു കാണും, പക്ഷേ എല്ലാ തവണയും  നിങ്ങൾ അത് മറക്കുന്നു, നിങ്ങൾ എന്തിനാണ് ഇങ്ങനെ ചെയ്യുന്നത്?",Anger
വെസ്റ്റ്‌ ആഫ്രിക്കയിലെ ഡോഗോൺ ഗോത്രത്തിന് നഗ്നനേത്രങ്ങൾ കൊണ്ട് കാണാൻ കഴിയാത്ത നക്ഷത്രമായ സിറിയസ് ബി യെക്കുറിച്ച് അറിയാമെന്ന് വായിച്ചപ്പോ ഞാൻ ആശ്ചര്യപ്പെട്ടു  പോയി.,Surprise
"ഞാൻ എർത്തിംഗ് ഇല്ലാത്ത ഒരു ഇലക്ട്രിക്കൽ ഉപകരണം വാങ്ങി, അത്  കണക്റ്റ് ചെയ്തപ്പോൾ  അക്ഷരാർത്ഥത്തിൽ എന്‍റെ ജീവിതത്തിന് ഷോക് ഏറ്റു.",Fear
അത്താഴത്തിന് പച്ചക്കറികൾ വാങ്ങാൻ മറന്നുപോയി; ഇന്നിനി എന്ത് ഉണ്ടാക്കും?,Sadness
ഡ്രൈവിംഗ് സ്‌കൂളിൽ നിന്ന് ധാരാളം പാഠങ്ങൾ പഠിച്ചിട്ടും എന്‍റെ ഡ്രൈവിംഗ് സ്കിൽ  മെച്ചപ്പെടുന്നില്ല എന്നത് എന്തൊരു കഷ്ടമാണ്.,Anger
പഠനം നിങ്ങൾക്ക് ഗൌരവമുള്ളതാണെങ്കിൽ ഈ ക്ലാസ് ശ്രദ്ധിക്കണം.,Anger
എന്തുകൊണ്ടാ നിങ്ങൾ ബ്ലേഡ് മാറ്റാൻ മറന്നത്? ഇപ്പോ എന്‍റെ മുഖത്ത് തടിപ്പ് വന്നു !,Anger
"നിനക്ക് സ്വയം തമാശ പറയാം, പക്ഷേ സ്റ്റോക്ക് മാർക്കറ്റിലെ സാഹചര്യം മോശമായിരിക്കുമ്പോ  എന്നെ വിഡ്ഢിയാക്കി നീ ആസ്വദിക്കുന്നതാ കഷ്ടം.",Disgust
സോക്കർ മത്സരത്തിൽ പെനാൽറ്റി ഷൂട്ട് ഔട്ട്  നേരിട്ടപ്പോ  സൂസന്‍റെ ഹൃദയം നിലച്ചപോലെയായി.,Fear
എത്ര ശ്രമിച്ചാലും എന്‍റെ വളർത്തുനായുടെ ആക്രമണം കൂടികൊണ്ടേയിരിക്കുമോ എന്തോ!,Fear
ആ ഐ.ടി. കമ്പനിക്കെതിരെ കേസ് കൊടുക്കണം; ഉപയോഗം കഴിഞ്ഞപ്പോൾ ജീവനക്കാരെയൊക്കെ ഒരു ദാക്ഷിണ്യവും ഇല്ലാതെ പിരിച്ചുവിട്ടിരിക്കുന്നു.,Anger
ഇവിടുത്തെ സ്ട്രീറ്റ് ഫുഡ് കഴിച്ചിട്ടുണ്ടോ? മുംബൈയിൽ മാത്രം കിട്ടുന്ന അടിപൊളി വിഭവങ്ങളാണ് ഇവിടെ ഉള്ളത്.,Happiness
ബസിലെ കണ്ടക്ടര്‍ എന്നെ നോക്കി കണ്ണിറുക്കി. എന്തൊരു വെറുപ്പിക്കലാ അയാള്‍ .,Disgust
പുതിയ ബാങ്കിൽ ഞാൻ കുട്ടിക്ക് വേണ്ടി ഒരു അക്കൗണ്ട് തുറന്നപ്പോൾ അവർ പത്ത് ശതമാനം പലിശ നൽകിയപ്പോ ഞാൻ അത്ഭുതപ്പെട്ടു.,Surprise
"ഭക്ഷണ നിരൂപകൻ എന്ന നിലയിൽ, എന്‍റെ  പ്ലേറ്റിൽ കൂടുതൽ വേവിച്ച  ഉണങ്ങിയ ചിക്കൻ കിട്ടിയപ്പോൾ എനിക്ക് നിരാശ തോന്നി .",Sadness
സൈക്കിൾ ചവിട്ടുമ്പോൾ നിങ്ങളുടെ മുഖത്തേക്ക് അടിക്കുന്ന തണുത്ത കാറ്റ് ഉണ്ടല്ലോ അത്  എല്ലാവരും ജീവിതത്തിൽ ഒരിക്കലെങ്കിലും അനുഭവിക്കേണ്ട ഒന്നാണ്.,Happiness
"എല്ലാ ഗെയിമുകളുടെയും ലക്ഷ്യം ഉപയോക്താവിനെ കൊളുത്തിയിടുകയും ,അവരെ അടിമകളാക്കുകയും ചെയ്യുക എന്നതാണെന്ന്  എനിക്കറിയാം.",Disgust
"ദൈവമേ, ഒരേസമയം രണ്ട് മഴവില്ലുകൾ കാണാൻ എനിക്ക് കഴിഞ്ഞുവെന്ന് എനിക്ക് വിശ്വസിക്കാൻ കഴിയുന്നില്ല!",Surprise
മീറ്റിങ്ങുകളോ ഒത്തുകൂടലുകളോ സന്തോഷമായിട്ടുള്ള മുഖങ്ങളോ ഒന്നുമില്ലാത്ത ഇവിടത്തെ അന്തരീക്ഷം മഹാ മോശം.  ഇവിടുത്തെ ആളുകൾക്ക് എന്തോ വല്ലാത്ത നിരാശ പോലെ .,Sadness
ഞാൻ ഓർഡർ ചെയ്ത ഒരു ഐറ്റം കിട്ടിയപ്പോ അത് പൊട്ടിയിയിരിക്കുന്നു.,Sadness
വളരെക്കാലത്തിനുശേഷം ഇതാദ്യമായാണ് ഞാൻ എന്നെക്കുറിച്ച് നിങ്ങളിൽ നിന്ന് നല്ലത് കേൾക്കുന്നത്.,Surprise
എയർപോർട്ടിലെ ഇരിക്കാനുള്ള സൗകര്യം ഒന്നും തീരെ പോര; കുറേ നേരം കാത്തിരിക്കേണ്ടി വന്നാലുള്ള അവസ്ഥ പറയാനേ വയ്യ.,Disgust
നിങ്ങളുടെ മാനേജർക്ക് നിങ്ങളുടെ പിന്തുണ ആവശ്യമുള്ളപ്പോൾ നിങ്ങൾ അദ്ദേഹത്തെ നിരാശപ്പെടുത്തിയതിൽ എനിക്ക് ഭയങ്കര ദേഷ്യമുണ്ട്.,Anger
ഇങനെ സ്ലോ ആയിട്ടുള്ള  സമ്പദ്‌വ്യവസ്ഥയിൽ സ്റ്റാർട്ടപ്പുകളിലേക്ക് നിക്ഷേപിക്കുന്ന പണത്തിന്‍റെ അളവ് എന്നെ അത്ഭുതപ്പെടുത്തുന്നു.,Surprise
"ആ ബസ്സിന്റെ ഒരു പോക്ക് കണ്ടില്ലേ, ആ ഡ്രൈവറിന്റെ വിചാരം അവന് ട്രാഫിക്ക് നിയമങ്ങളൊന്നും ബാധകമല്ലെന്നാണ്, ആരോട് പറയാന്‍",Disgust
ഈ ഒരൊറ്റ പ്രൊജക്ടിന് വേണ്ടി എൻ്റെ എത്ര സമയവും കാശുമാണ് കളഞ്ഞത്? ഇതിങ്ങനെ മുന്നോട്ട് കൊണ്ടുപോവാൻ കഴിയില്ല. പെട്ടെന്ന് തന്നെ ഒരു പരിഹാരം കാണണം.,Anger
പാരീസിലെ റെയിൽവേ ക്ലർക്ക് എന്നോട് ഇംഗ്ലീഷിൽ സംസാരിക്കാൻ വിസമ്മതിച്ചപ്പോൾ ഞാൻ അയാളോട് ദേഷ്യപ്പെട്ടു.,Anger
ക്വാളിറ്റിയേയില്ല.  നിങ്ങളുടെ ഹോം സർവീസിൽ ഞാൻ അങ്ങേയറ്റം നിരാശനാണ് മിസ്റ്റര്‍.,Anger
ചെളി നിറഞ്ഞ റോഡുകളിലൂടെ ഓടിച്ചശേഷം എന്‍റെ കാർ ആകെ വൃത്തികേടായി.,Sadness
"പ്രേക്ഷകർക്ക് ചിയര്‍ ചെയ്യാന്‍ സൂചനകൾ കിട്ടുന്നുണ്ട്, അതെന്ത് കൃത്രിമമാണ്.",Disgust
ഈ ഓഗ്മെന്റഡ് റിയാലിറ്റി ആപ്പ് അദ്ഭുതം തന്നെ. മറ്റൊരു ലോകം പോലെ തോന്നുന്നു.,Surprise
എന്‍റെ സമയം പൂർണ്ണമായും പാഴാക്കിയ പരിപാടിയിൽ ഇവന്‍റ് മാനേജരുടെ കഴിവില്ലായ്മ എന്നെ ദേഷ്യം പിടിപ്പിച്ചു .,Anger
"ഈ ക്വാർട്ടറിൽ നമ്മുടെ സെയിൽസ് നമ്പേഴ്സ്  എന്നെ ആകർഷിച്ചു, ഞങ്ങളുടെ ഉൽപ്പന്നത്തിന് അത്തരമൊരു റെസ്‌പോൺസ് ഞാൻ പ്രതീക്ഷിച്ചിരുന്നില്ല.",Surprise
തെറ്റായ മീറ്റർ കാരണം രണ്ട് മാസം മുമ്പ് വൈദ്യുതി ബിൽ കൂടിയതിൽ  എനിക്ക് ദേഷ്യം വന്നു.,Anger
"ആഹാ! ബേസിക് സർവീസ് പാക്കേജിൽ ഇത്രയൊക്കെ വരും എന്ന് ഞാൻ ഒരിക്കലും വിചാരിച്ചില്ല. ഓയിൽ ചെയ്ഞ്ച്, ടയർ റൊട്ടേഷൻ, ഫുൾ ഇൻസ്‌പെക്ഷൻ എല്ലാം ഉണ്ട്! ഞാൻ വിചാരിച്ചതിനെക്കാളും ഒക്കെ എത്രയോ കൂടുതലാണ് ഇത്!",Surprise
ഏകാന്തത കാരണം  കോളേജിലെ ഒന്നാം വർഷത്തിൽ അവനു  ട്രോമാറ്റിക് ഡിപ്രഷൻ ഉണ്ടായി.,Sadness
ഗാരേജിൽ നിന്ന് കാറിനുള്ളിലെ ഇത്ര ചെറിയ ഡെന്‍റിനായി ഇത്രയും വലിയ ബിൽ കണ്ടപ്പോൾ ഞാൻ അമ്പരക്കുകയും അസ്വസ്ഥനാകുകയും ചെയ്തു.,Disgust
"ഞങ്ങൾക്ക് ചില അപ്രതീക്ഷിതമായ  സാമ്പത്തിക പ്രശ്‌നങ്ങൾ നേരിടേണ്ടി വന്നിട്ടുണ്ട്, ഫീസ് അടയ്ക്കാന്‍ ഇനിയും വൈകും.",Sadness
"എല്ലാവരും ഇതുവരെ എനിക്ക് നല്ല ഫീഡ്ബാക്ക്  നൽകിയിട്ടുണ്ട്, നിങ്ങളിൽ നിന്നും ഞാൻ അത് തന്നെയാ  പ്രതീക്ഷിച്ചത്.",Surprise
എന്‍റെ ചെടികൾ ടെറസിൽ നിന്ന് മാറ്റാൻ പറയാൻ നിങ്ങൾ ആരാ? താന്‍ പോടോ!,Anger
ഒരു മോഡേൺ അടുക്കള ലഭിക്കുന്നതിൽ ഞാൻ ശരിക്കും ആവേശഭരിതനാണ്.,Happiness
ഭയങ്കരിയായ  മാത്സ് ടീച്ചര്‍ റൂമിലേക്ക് വന്നപ്പോൾ ക്ലാസ്സ് മുഴുവൻ നിശ്ശബ്ദമായി.,Fear
"ചില അടിസ്ഥാന സൗകര്യങ്ങൾ കിട്ടുമെന്ന്  പ്രതീക്ഷിച്ചാണ് ഞാൻ ഇവിടെ വന്നത്, പക്ഷേ ഉപകരണങ്ങളിൽ പകുതിയും കേടാ, ശുചിത്വം ഒട്ടുമില്ല.",Anger
ജനസ്വീകാര്യത അവർ പറഞ്ഞതുപോലെ നല്ലതല്ലാത്തപ്പോൾ ഞാൻ നിരാശനായി.,Sadness
"ഹലോ, ഈ കാര്യത്തിൽ ഞാൻ ശരിക്കും നിരാശനാണ്. എന്‍റെ പാക്കേജിന് കേടുപാടുകൾ സംഭവിച്ചു എന്ന് മാത്രമല്ല, അത് തുറന്നിട്ടുമുണ്ട് !",Anger
ബ്രോക്കർ എനിക്ക് കാണിച്ചുതന്ന എല്ലാ ഓപ്ഷനുകളും വളർത്തുമൃഗങ്ങളെ അനുവദിക്കില്ല എന്നത് നിരാശാജനകമാണ്.   എന്‍റെ ആവശ്യങ്ങൾ പറഞ്ഞത് അയാൾ കേട്ടോ എന്ന് പോലും  എനിക്ക് ഉറപ്പില്ല.,Anger
"വൗ, എന്‍റെ പുതിയ വീടിന് ഇലക്‌ട്രിക്കൽ ഫിറ്റിംഗ് റേഞ്ച് കിട്ടുമെന്ന് ഞാൻ പ്രതീക്ഷിച്ചില്ല  പുതിയ ഓപ്‌ഷനുകൾ എത്രയാണ്!",Surprise
നിൻ്റെയടുത്ത് ആസ്റ്റെരിക്സ് കോമിക്സില്‍ നിന്നുള്ള ഇത്രയധികം കളക്ഷൻസ് ഉണ്ടെന്ന് എനിക്ക് വിശ്വസിക്കാൻ കഴിയുന്നില്ല.,Surprise
"എന്തായിത്? എന്നോട് അനാദരവോടെ പെരുമാറുക, സഹായം വേണ്ടപ്പോഴെല്ലാം കുറെ നേരം വെയിറ്റ് ചെയ്യിക്കുക.",Disgust
"ഞാൻ ഒരു മണിക്കൂർ ആയി  ജ്വല്ലറിയിൽ വന്നിട്ട് , ഇതുവരെ ആരും എന്‍റെ അടുത്തേക്ക് വന്നില്ല. നിങ്ങളുടെ സ്റ്റോർ  എനിക്ക് മതിയായി.",Anger
"ഒരു അപ്രതീക്ഷിത സന്ദർശനത്തിനിടെ അർദ്ധരാത്രിയിൽ ഞാൻ അവരുടെ വാതിലിൽ മുട്ടിയപ്പോ എന്‍റെ അച്ഛനും, അമ്മയും  ഞെട്ടിപ്പോയി.",Surprise
"എല്ലാ സൗകര്യങ്ങളുമുള്ള മാളാണ്, എന്നാല്‍ കസ്റ്റമര്‍ റിലേഷന്‍ വളരെ പരിതാപകരമാണ്.",Disgust
നിങ്ങൾ എല്ലാവരും മാറ്റിമാറ്റി പറയുന്ന കഥകൾ എനിക്ക് മടുത്തു.,Disgust
"ദിവസങ്ങളായി  എന്‍റെ മനസ്സമാധാനം തകർക്കുന്ന, ഒച്ചയുള്ള, ഉപയോഗശൂന്യവുമായ ഫ്രിഡ്ജ് എനിക്ക് സഹിക്കേണ്ടിവന്നുവെന്ന് എനിക്ക് വിശ്വസിക്കാൻ കഴിയുന്നില്ല!",Anger
ഫ്രിഡ്ജിൽ നിന്ന് വെള്ളം ചോരുന്നതിനെക്കുറിച്ച് എനിക്ക് കുറച്ച്  ഉത്കണ്ഠ തോന്നുന്നു ഇത് എന്‍റെ അടുക്കളയുടെ തറയ്ക്കോ ഉപകരണത്തിനോ എന്തെങ്കിലും കേടുപാടുകൾ വരുത്തുമോ?,Fear
എല്ലാം നിർത്തിവയ്ക്കേണ്ടിവരുന്നത് നിരാശാജനകമാണ്.,Fear
ആയിരക്കണക്കിന് പാവപ്പെട്ടവരെ വഞ്ചിച്ച് അവരുടെ പണവുമായി ഒരു സ്റ്റോക്ക് ബ്രോക്കര്‍ ഓടിപ്പോയി.,Disgust
കമ്പനി സി.ഇ.ഒ.യെ സിസ്റ്റത്തിൽ നിന്ന് പുറത്താക്കി ഒറ്റരാത്രികൊണ്ട് പറഞ്ഞയച്ചപ്പോൾ ഇൻഡസ്ട്രി ആകെ ഞെട്ടിപ്പോയി.,Surprise
കളിയിലുടനീളം റഫറിയുടെ തീരുമാനങ്ങൾ തീർത്തും പക്ഷപാതപരമായിരുന്നു.,Disgust
"അതോണ്ടാ ഞാൻ ഇപ്പോഴും നിന്നോട് ഹെൽമെറ്റ് വയ്ക്കാൻ പറയുന്നേ, പക്ഷേ നീ അത് കേൾക്കില്ലല്ലോ.",Anger
സൈക്കിൾ യാത്രികൻ ഒരു മുന്നറിയിപ്പുമില്ലാതെ എനിക്ക് മുന്നിലൂടെ എന്നെ വെട്ടിച്ചപ്പോൾ    എനിക്ക് ദേഷ്യം വന്നു.,Anger
ഞാൻ അവരുടെ വീട്ടിൽ അടുപ്പ് പുറകിൽ വെച്ചിട്ടുണ്ടാകും. വീടിന് തീപിടിച്ചാൽ അവർ എന്നെ ചീത്ത പറയും .,Fear
"അത് ഒരു വളരെ നല്ല അനുഭവമായിരുന്നു, കോളേജിൽ ആദ്യമായി ഒരു അവാർഡ് കിട്ടിയപ്പോ  എനിക്ക് അഭിമാനം തോന്നി.",Happiness
വൗ  ഈ വാടകസ്ഥലത്തെ സ്മാർട്ട് ഹോം ഫീച്ചേഴ്സ്  ഞാൻ വിചാരിച്ചതിലും അപ്പുറമാണ്. എനിക്ക് കൈകൊട്ടി ലൈറ്റുകൾ ഓൺ ചെയ്യാൻ കഴിയുന്നത് അതിശയം തന്നെയാണ് !,Surprise
അടച്ചിട്ട സ്ഥലങ്ങളിൽ ഉള്ളപ്പോൾ എനിക്ക് പേടി തോന്നും.,Fear
ഇത്രയധികം ഇൻവെന്‍ററി പേപ്പർവർക്കുകൾ ഉള്ളതുകൊണ്ട് എൻ്റെ അടുത്ത് നിന്ന് എന്തെങ്കിലും തെറ്റ് വന്ന് പോകുമോ എന്ന ആധിയിലാണ് ഞാൻ.,Fear
കയ്യിൽ കത്തിയുമായി ഒരു അപരിചിതൻ വീട്ടിലേക്ക് കേറുന്നത് കണ്ടപ്പോ ആ കൊച്ചുകുട്ടി ഓടി അലമാരയിൽ കയറി ഒളിച്ചു.,Fear
വിശ്വസനീയമായ ഉപകരണങ്ങൾ ഉപയോഗിച്ച് മണ്ണ് കിളയ്ക്കാനും നടുന്നതിന് തയ്യാറാക്കാനും ഞങ്ങൾക്ക് വിദഗ്ധരായ കർഷക തൊഴിലാളികൾ ഉണ്ട്.,Happiness
നോർത്ത് വെസ്റ്റ് ഫ്രോണ്ടിയർ പ്രവിശ്യയിൽ ഒറ്റയ്ക്ക് യാത്ര ചെയ്യുമ്പോൾ ലോക്കൽ ടാക്സി ഒന്നും അത്ര സെയ്ഫ് അല്ല.,Fear
സാമാന്യം വിശ്വാസയോഗ്യമായ ബസ് നടുറോഡിൽ കേടായി എന്ന് കണ്ടക്ടർ പറഞ്ഞപ്പോൾ എനിക്ക് വിശ്വസിക്കാനായില്ല!,Surprise
"ഹലോ, ഞങ്ങടെ സാമ്പത്തിക നിലയെ ബാധിക്കുന്ന  ഒരു വായ്പയും ഞങ്ങൾ എടുക്കില്ല !",Anger
എന്തു ചെയ്യാന്‍! നിങ്ങളുടെ പരിപാടിക്ക് അനുയോജ്യമായ കേക്ക് തിരഞ്ഞെടുക്കാൻ കഴിഞ്ഞില്ല.,Disgust
എനിക്ക് വേണ്ട  എല്ലാ പ്രതിരോധ കുത്തിവയ്പ്പുകളും എടുത്തുകഴിഞ്ഞു. ഇപ്പോ മിക്ക രോഗങ്ങളോടും പ്രതിരോധശേഷിയുള്ളവളാണ് ഞാൻ.,Happiness
അവർ എന്തിനാ അച്ചാറിന്‍റെ അടുത്ത് ഡയപ്പറുകൾ സൂക്ഷിക്കുന്നത്?,Disgust
"പേഴ്സ് പുറത്തെടുത്ത് പണം നൽകാനായി ഞാൻ പോക്കറ്റിൽ കൈ വച്ചു. എന്തൊരു കഷ്ടം, അതവിടില്ല.",Fear
ഒരു ക്ലാസിക്കൽ കച്ചേരിയിൽ പതിനേഴ് വയസ്സുള്ള എന്‍റെ അനന്തരവൾ തന്‍റെ വോയിസ് റേഞ്ച് കൊണ്ട് എന്നെ അമ്പരപ്പിച്ചു .,Surprise
എന്‍റെ ആശങ്കകള്‍ കൗൺസിലിംഗ് സെഷനുകൾ എത്ര നന്നായാണ് പരിഹരിച്ചത്. എനിക്ക് ആദ്യം സംശയം തോന്നിയെങ്കിലും തോളിൽ നിന്ന് ഒരു ഭാരം ഇറക്കി വച്ച  പോലെ.,Surprise
ആളുകൾ അവരുടെ തെറ്റുകളിൽ നിന്ന് പഠിക്കാതിരിക്കുകയും അവ വീണ്ടും ആവർത്തിക്കുകയും ചെയ്യുമ്പോൾ അത് എന്നെ നിരാശനാക്കുന്നു.,Anger
"ക്ഷമിക്കണം, ദയവായി എന്നെ അടിക്കരുത്. നിങ്ങടെ കുട്ടിയെ വിഡ്ഢിയെന്ന് വിളിക്കാൻ ഞാൻ ഉദ്ദേശിച്ചിരുന്നില്ല. അവൻ കുറച്ച് സ്പെഷ്യൽ ആണെന്ന  ഞാൻ ഉദ്ദേശിച്ചെ.",Fear
"ഹോട്ടലിൽ  നിന്ന് വരുന്ന ശബ്ദം  അസഹനീയമാണ്, അതിന് ചുറ്റും നിർമ്മാണ പ്രവർത്തനങ്ങൾ നടക്കുകയാണ്.",Anger
പ്രോജക്ട് നന്നായി ചെയ്യാൻ പറ്റാത്തതിനെത്തുടർന്ന്   ലീഡർഷിപ് ടീം  എന്‍റെ ഭാവി തീരുമാനിക്കുന്നതിനാൽ ഞാന്‍ കോൺഫറൻസ് റൂമിന് പുറത്ത് അസ്വസ്ഥനായി ഇരിക്കുകാ.,Fear
ഞാൻ ഉണ്ടാക്കിയ കേക്ക് ശരിയായി പൊങ്ങിവന്നില്ല എന്നതിൽ  എനിക്ക് നിരാശയായി .,Sadness
കഴിഞ്ഞ വർഷം മാർക്കറ്റ് മോശമായ സമയത്ത് എന്‍റെ ഇൻവെസ്റ്റ്മെൻ്റ്  പോർട്ട്‌ഫോളിയോ നോക്കുമ്പോ  ഞാൻ ആകെ ഗ്ലൂമി ആകുമായിരുന്നു.,Sadness
"എന്‍റെ മാസം തോറുമുള്ള  ബിൽ കൂടിക്കൊണ്ടിരിക്കുന്നു., എനിക്ക് അർഹമായ സേവനം പോലും ലഭിക്കുന്നില്ല. ഇത് മഹാകഷ്ടമാണ്. ഞാൻ നിങ്ങളുടെ സൂപ്പർവൈസർക്ക് പരാതി കൊടുക്കാൻ പോകുകയാ .",Anger
നിനക്ക്  ബിസിനസിനോട് താല്പര്യം കുറയുന്നത് എന്നെ ആശങ്കപ്പെടുത്തുന്നു.,Fear
ബഹിരാകാശ പര്യവേഷണത്തിലെ പുരോഗതിയെക്കുറിച്ച് ഞാൻ നല്ല ആവേശത്തിലാണ്! എല്ലാ സാധ്യതകളെക്കുറിച്ചും ചിന്തിക്കുന്നത് ശെരിക്കും അത്ഭുതപ്പെടുത്തും .,Happiness
വീടിലെ നിർമ്മാണ പ്രവർത്തനങ്ങളും എന്‍റെ കുടുംബത്തിന്‍റെ ദിനചര്യകളും നന്നായി കൈകാര്യം ചെയ്യാന്‍ കഴിയുമോ എന്തോ!,Fear
"രാമറാവു, ലോൺ കിട്ടാൻ  എന്നെ സഹായിച്ചതിന് നന്ദി. ഇനി  എനിക്ക് ഒരു വീട് പണിയാലോ .",Happiness
എൻ്റെ മകൻ അവൻ്റെ കീബോർഡിൽ മണിക്കൂറുകളോളം പ്രാക്ടീസ് ചെയ്യുന്നത് കാണുമ്പോൾ അഭിമാനം തോന്നുന്നു.,Happiness
ഞാൻ ഈസ്റ്റ് കോസ്റ്റ് റോഡിൽ വണ്ടിയോടിക്കുമ്പോൾ ഷെയർ ഓട്ടോ ഡ്രൈവര്‍  ഹോൺ അടിച്ചോണ്ടിരുന്നെന്നേ.,Anger
ഭയപ്പെടുത്തുന്ന എതിരാളിയെ നേരിട്ടപ്പോൾ ടെന്നീസ് കോർട്ടിൽ സ്മിത ആകെ വിറച്ചു  പോയി .,Fear
ഈ ക്യാമറയ്ക്ക് ഇത്രയധികം ഊഷ്മളമായ നിറങ്ങൾ എങ്ങനെയാ  പകർത്താൻ കഴിയുന്നതെന്ന് ഞാൻ ആശ്ചര്യപ്പെടുന്നു!,Surprise
യ്യേ. നിങ്ങൾക്ക്  എന്തിനാ  എന്‍റെ മോഷന്‍റെ സാമ്പിൾ ?,Disgust
അവരുടെ ഡെലിവറി സ്പീഡിൽ ഞാൻ രോമാഞ്ചം കൊണ്ടു. എന്‍റെ പാക്കേജ് പ്രതീക്ഷിച്ചതിലും നേരത്തെ എത്തി!,Happiness
അവർ ഒരു സംഘമായാണ് പോയെങ്കിലും അവൾ മാത്ര തിരിച്ചെത്തിയെ .,Sadness
പി.എച്ച്.ഡി. ഒന്നും ഇപ്പോൾ പണ്ടത്തെ പോലെ എളുപ്പമല്ല; ഇതൊക്കെ എന്നെക്കൊണ്ട് കഴിയുമോ എന്ന് സംശയമാണ്.,Fear
ഭൂവുടമയോട് തിരിച്ച് ഒച്ചയിടരുത്. അയാൾക്കു നമ്മളെ  ഇവിടെന്ന് പുറത്താക്കാന്‍ പറ്റും.,Fear
കഠിനമായ ജീവിതവും നിരന്തരമായ വിമർശനങ്ങളും കാരണം അഭിനേതാക്കൾ പിൻവലിയുന്നത്  ഞാൻ കാണുന്നു.,Sadness
ഒരു പാകിസ്ഥാനി കാമുകനെ വിവാഹം കഴിക്കാൻ വേണ്ടി സ്വന്തം ഭർത്താവിനെയും മക്കളെയും ഉപേക്ഷിച്ച് പോയവളല്ലേ അവൾ!,Disgust
ഫ്ലൈറ്റ് മൊത്തം ശക്തമായി കുലുങ്ങിയപ്പോൾ ഞാൻ എന്‍റെ സീറ്റിന്‍റെ ആംറെസ്റ്റുകൾ മുറുകെ പിടിച്ചെങ്കിലും ആകെ വിയർത്തുപോയി.,Fear
മുസ്സൂറിയിലെ ഭക്ഷണം അടിപൊളിയായിരുന്നു . എന്‍റെ ജീവിതത്തിൽ  ഇന്നുവരെ ഞാൻ ഇത്രയും നല്ല മലായ് കോഫ്ത കഴിച്ചിട്ടില്ല.,Happiness
ഈ കടയിൽ ഒന്നും കിട്ടാത്തതെന്താ?,Anger
"ഒരിക്കൽപ്പോലും  ഉപയോഗിച്ചിട്ടില്ലെങ്കിൽ ,പിന്നെ നിങ്ങൾക്ക് എന്തിനാ ക്രെഡിറ്റ് കാർഡ് ?",Disgust
ആ ചാനലിലെ ആ ടോക്ക് ഷോ ഹോസ്റ്റുകൾ ഭയങ്കര പക്ഷപാതത്തോടെയാണ് പരിപാടി അവതരിപ്പിക്കുന്നത്; നിഷ്‌പക്ഷമായ ഒരു പരിപാടിയും അവരിൽ നിന്ന് ഞാൻ ഇതുവരെ കണ്ടിട്ടില്ല.,Disgust
കഴിഞ്ഞ വീക്കെൻഡിൽ  ഒരു ടെലിസ്കോപ്പിലൂടെ വ്യാഴത്തിന്റെയും അതിന്‍റെ മൂന്ന് ഉപഗ്രഹങ്ങളുടെയും ഫോട്ടോ ക്ലിക്കു ചെയ്‌തപ്പോ  എന്റെ മകന് വളരെ സന്തോഷമായി .,Happiness
ജീവതത്തിൻ്റെ അർത്ഥവും ലക്ഷ്യവും തിരഞ്ഞുകൊണ്ടിരിക്കെ അതിങ്ങനെ കഴിഞ്ഞുപോകുന്നതോർത്ത് വല്ലാത്ത ശൂന്യത അനുഭവപ്പെടുന്നു.,Sadness
"പോസിറ്റീവ് പഠന അന്തരീക്ഷം സൃഷ്ടിക്കാൻ ഞങ്ങൾ പരമാവധി ശ്രമിക്കാറുണ്ട്, പക്ഷേ പലപ്പോഴും അത് നടക്കാറില്ല.",Sadness
മീറ്റിംഗിൽ ലീഡർഷിപ്പ് ടീം ബുദ്ധിമുട്ടുള്ള ചോദ്യങ്ങൾ ചോദിക്കുകയും അദ്ദേഹത്തെ വെള്ളം കുടിപ്പിക്കുകയും  ചെയ്തപ്പോൾ മാനേജർ  ആകെ അസ്വസ്ഥനായി.,Sadness
എല്ലാം കഴിഞ്ഞപ്പോളുള്ള ക്ലാസ്‌റൂമിൻ്റെ കോലം കാണണമായിരുന്നു; ജീവിതത്തിലൊരിക്കലും ഇനി അങ്ങോട്ട് പോകാൻ തന്നെ തോന്നില്ല.,Disgust
ഫീനിക്സ് മാളിൽ പോയാൽ പോക്കറ്റടിക്കുമോ എന്ന ആശങ്കയാണ് എപ്പോഴും.,Fear
"പരാജയത്തെക്കുറിച്ചുള്ള ചിന്ത എന്നെ വല്ലാതെ അലട്ടുന്നു, അപ്പോഴാണ് ഞാൻ എന്നെത്തന്നെ വെറുത്ത് പോകുന്നത്.",Disgust
നിങ്ങൾ ഒരു വർഷമായി മദ്യപിക്കുന്നില്ലെന്ന് എനിക്ക് വിശ്വസിക്കാൻ കഴിയുന്നില്ല!  നല്ല ബുദ്ധിമുട്ടാണെങ്കിലും  നിങ്ങൾ അത് ചെയ്‌തല്ലോ!,Surprise
മൃദുഭാഷിയാണെന്ന് കരുതിയ നീ ലീഡർഷിപ്പ് ടീമിനോട്  രൂക്ഷമായി സംസാരിച്ചപ്പോൾ ഞാൻ സ്തംഭിച്ചുപോയി.,Surprise
എന്‍റെ ടാക്സ്  റീഫണ്ട് വളരെ വേഗത്തിൽ പ്രോസസ്സ് ചെയ്യുകയും പണം പെട്ടന്ന് കിട്ടുകയും ചെയ്തപ്പോൾ എനിക്ക് വളരെ സന്തോഷമായി.,Happiness
"ഹോസ്പിറ്റലില്‍  കൂടുതൽ നഴ്സുമാർ ഉണ്ടാവുമെന്നാ   ഞാൻ പ്രതീക്ഷിച്ചിരുന്നത് , അത് ഇല്ലാത്തത്  കൊണ്ട് എനിക്ക് അത്ര തൃപ്തി തോന്നിയില്ല.",Sadness
ആ തൂണുകൾ നോക്കൂ. അത് മുഴുവൻ പൂപ്പലാ.,Disgust
റോഡിലെ  ട്രാഫിക് ഒക്കെ മാറ്റി ബസ് കൃത്യസമയത്ത്  സ്റ്റോപ്പില്‍ എത്തുമോ എന്നാണ് എന്‍റെ ടെന്‍ഷന്‍. എനിക്ക് ഒരു ചടങ്ങിൽ പങ്കെടുക്കാനുണ്ട്.,Fear
ഇപ്പോൾ ബ്ലഡ് ഷുഗര്‍ അളക്കാനുള്ള ആപ്പ് വരെയുണ്ട്; എന്തൊക്കെ കണ്ടുപിടിത്തങ്ങളാണല്ലേ!,Surprise
"ഒരു പ്രൊമോഷന് വേണ്ടി അവൻ ഇങ്ങനെ ചെയ്യുമെന്ന് ഞാൻ കരുതിയില്ല; അവന് ഇത്ര ആഗ്രഹുമുണ്ടായിരുന്നെങ്കിൽ ഒരു വാക്ക് പറഞ്ഞാൽ പോരെ, ഞാൻ മാറിക്കൊടുക്കില്ലായിരുന്നോ?",Sadness
ഇന്ത്യയോട് തോറ്റതിന് ശേഷം ഇംഗ്ലീഷ് ആരാധകർ നമ്മളെ  അധിക്ഷേപിച്ചത്  എന്നെപ്പോലുള്ള ഇന്ത്യൻ ക്രിക്കറ്റ് ആരാധകരെ  പ്രകോപിതരാക്കി.,Anger
"സുന്ദർശ്യാം, നി അറിഞ്ഞോ  ? പ്രൊഫസർ സൌമ്യ പരീക്ഷ കാൻസൽ ആക്കി, നമുക്ക് ഒരു ഹോളിഡേ എടുക്കാന്ന് പറഞ്ഞു!",Surprise
"ഒരു അഡിക്ഷൻ കൗൺസിലർ ആയിരുന്നിട്ടും, മയക്കുമരുന്നിന് അടിമകളായ ആയിരക്കണക്കിന് ആളുകളെ സഹായിക്കാൻ  കഴിയാത്തപ്പോൾ  എനിക്ക് വിഷമം തോന്നി.",Sadness
റസ്‌റ്റോറന്‍റില്‍ കസ്റ്റമേഴ്‌സിന് എടുത്ത് കൊടുക്കുന്നതിന് മുമ്പ് കുക്ക് ഭക്ഷണത്തിലേക്കു തുമ്മുന്നത് കണ്ടപ്പോൾ എന്‍റെ  വയറാകെ കലങ്ങി.,Disgust
"ഈ പയ്യന്മാര് അവരുടെ സോക്സുകളിൽ നിറയെ  ചെളി ആക്കി, കഴുകാതെ വീണ്ടും അത് തന്നെ അടുത്ത കളിക്ക് ഇട്ടിരിക്കുന്നു .",Disgust
"വിദ്യാര്‍ഥികള്‍ താമസിക്കുന്ന ഹോസ്റ്റല്‍ മുറികളുടെ കാര്യം മഹാകഷ്ടമാണ്, ഒരു വൃത്തിയും വെടുപ്പുമില്ലാതെ, ബാത്ത്‌റൂമിന്റെ കാര്യം പറയുകയും വേണ്ട, അസഹ്യമാണ്.",Disgust
അയ്യോ! എന്‍റെ പൈനാപ്പിൾ ജ്യൂസിൽ ചത്ത ഒരു ചിലന്തി.,Disgust
ഒന്നിനും കൊള്ളാത്ത ടിവി സീരിയൽ ആയാലും കാണാൻ ഇഷ്ടംപോലെ ആൾക്കാരുണ്ടാകും!,Disgust
എന്‍റെ കാറിൽ പഴയ പൊട്ടിപ്പൊളിഞ്ഞ  ഭാഗങ്ങൾ മാറ്റാതെയും നന്നാക്കാതെയും പണം ലാഭിക്കുക എന്ന ആശയം എനിക്ക് വെറുപ്പുളവാക്കുന്നതാണ്.,Disgust
തലമുറകളോളമുള്ള ഒരു കുടുംബ പാരമ്പര്യമാണ് ഞാൻ പ്രതീക്ഷിച്ചിരുന്നത്. ഒരു പകർപ്പിനെക്കുറിച്ചുള്ള ചിന്ത യോജിക്കാനാവില്ല.,Sadness
ഇത്രയൊക്കെ ചെയ്തുതന്ന ആ സെക്ക്യൂരിറ്റിക്കാരന് നല്ലൊരു ടിപ്പ് കൊടുത്തപ്പോൾ മനസ്സിനൊരു സുഖം.,Happiness
"ആ കവിതയുടെ വരികള്‍ വളരെ പ്രകോപനപരവും അനുചിതവുമാണ്, ഇതൊക്കെ വലിയ സംഭവമായി പുകഴ്ത്തുന്നവരെ സമ്മതിക്കണം.",Disgust
ഇന്ന്  പബ്ലിക് ബസിൽ കയറിയപ്പോ  അത് എന്തൊരു നാറ്റമായിരുന്നു.,Disgust
കനത്ത മഞ്ഞുവീഴ്ചയുള്ളപ്പോൾ അർദ്ധരാത്രിയിൽ ഒരു ചെറിയ യു.എസ്. ടൗണിലേക്ക് പോകാൻ പബ്ലിക്ട്രാന്‍സ്പോര്‍ട്ട് എടുക്കുന്നത് എനിക്ക് അത്ര നല്ലതായി തോന്നുന്നില്ല.,Fear
ഹെല്‍ത്ത് സെന്‍റര്‍ എന്‍റെ ചികിത്സ കൈകാര്യം ചെയ്യുന്നതിൽ ചില പ്രശ്നങ്ങളുണ്ടായി. അവിടെ യോഗ്യതയുള്ള ഡോക്ടർമാരുണ്ടോ എന്നെനിക്ക് ചില ആശങ്കകളുണ്ട്.,Fear
പത്രക്കാരൻ പേപ്പർ ഇത്ര കൃത്യമായി ഒന്നാം നിലയിലേക്ക് എറിയുന്നത് എന്നെ അത്ഭുതപ്പെടുത്തുന്നു.,Surprise
എന്‍റെ പുതിയ ഭക്ഷണരീതി കൊണ്ട് കഴിഞ്ഞ അഞ്ച്  മാസത്തിനിടെ പത്ത്  കിലോ ഭാരം കുറയ്ക്കാൻ കഴിഞ്ഞു.,Happiness
ഞങ്ങളുടെ സേവനത്തെക്കുറിച്ച് ഒരു കസ്റ്റമറിന്‍റെ ഹൃദയസ്പർശിയായ സാക്ഷ്യപത്രം ഞങ്ങളെ ആവേശഭരിതരാക്കി.,Happiness
ഈ പൊട്ടിയ  ഷെൽഫുകളിൽ ഞങ്ങൾ വർക്ക് ചെയ്യുമെന്ന്  അവർ പ്രതീക്ഷിക്കുന്നത്  എനിക്ക് വിശ്വസിക്കാൻ കഴിയുന്നില്ല.,Disgust
"സർ, ദയവായി പെയിന്‍റിങ്ങുകൾ  തൊടരുത്! നിങ്ങൾ അതിൽ കറ പറ്റിച്ചാൽ നിങ്ങൾ അതിന് പൈസ നൽകേണ്ടി  വരും.",Anger
"കാലങ്ങളായി ഞാനെന്‍റെ ഹോട്ടൽ മുറിക്ക് പുറത്ത് അകത്ത് കയറാൻ കാത്തിരിപ്പാണ്, മുൻവാതിൽ ഇളകുന്നില്ല! പ്രത്യേകിച്ച് ആരും സഹായിക്കാനും ഇല്ലാ.",Anger
ജനപ്രീതി നേടിയ ഏതൊരു കലാകാരനോടും കൂടെ നിങ്ങളുടെ പേര് ചേർക്കാനുള്ള തീവ്രശ്രമമാണ് ഞാൻ കാണുന്നത്.,Anger
എനിക്ക് ഈ ജാക്കറ്റ്  വേണമെന്ന് നല്ല ആഗ്രഹമുണ്ടായിരുന്നു പക്ഷേ എന്റെ വലിപ്പത്തിന് പറ്റിയ ജാക്കറ്റ് ഇല്ലെന്ന് സെയിൽസ് മാൻ  എന്നോട് പറഞ്ഞു.,Sadness
മാഗി നമ്മുടെ ആരോഗ്യത്തെ ദോഷകരമായി ബാധിക്കുമെന്ന് കേട്ടപ്പോൾ മുതൽ ഞാൻ അത് വാങ്ങുന്നത് നിർത്തി.,Fear
എന്‍റെ പേയ്മെന്റ് വിവരങ്ങൾ തെറ്റായി കൈകാര്യം ചെയ്യാനുള്ള സാധ്യത ഉള്ളതുകൊണ്ട് ഈ ഡെലിവറി സർവീസുമായി  മുന്നോട്ട് പോകാൻ എനിക്ക് വയ്യ.,Fear
ജീവിതത്തെ നേരിടാൻ കൗൺസിലിംഗ് എന്നെ സഹായിച്ചില്ലെങ്കിൽ എനിക്ക് സുഖം പ്രാപിക്കാനുള്ള വേറെ വഴികളെക്കുറിച്ച്  എനിക്ക് ആശങ്കയുണ്ട്.,Fear
പകർച്ചവ്യാധി സമയത്ത് എത്ര  ലോക നേതാക്കളിൽ നിന്നാ ഇന്ത്യൻ സർക്കാരിന് അപ്രതീക്ഷിത പിന്തുണ ലഭിച്ചത്!,Surprise
"സ്റ്റോക്ക് മാർക്കറ്റ് തകർന്ന രീതിവച്ച്, അടുത്ത കുറച്ച് മാസങ്ങളിൽ വിപണി വീണ്ടും ഉയരുമെന്ന് എനിക്ക് തോന്നുന്നില്ല.",Fear
മേഘാലയയിലെ പ്രാദേശിക ചരിത്രത്തിന്‍റെയും സംസ്കാരത്തിന്‍റെയും സമ്പന്നത എന്നെ ശരിക്കും അമ്പരപ്പിച്ചു.,Surprise
ഞങ്ങൾ വയലുകളിൽ ജോലി ചെയ്യുമ്പോൾ ഞങ്ങളുടെ ഉച്ചനേരത്തെ ഭക്ഷണത്തിന് നല്ല സുഖമുള്ള  നിഴലൊക്കെയുള്ള  ഒരു സ്ഥലം കിട്ടിയെന്നേ!,Happiness
എന്തുകൊണ്ടാണ് നിങ്ങൾ എന്നെ  തെറ്റായ വഴിക്ക് നിരന്തരം നയിക്കുന്നത്. നിങ്ങൾക്ക് ഭ്രാന്താണോ?,Anger
ക്ലയന്‍റ്  ഞങ്ങളുടെ ജീവനക്കാരനെ അവരുടെ പരിധിയിൽ നേരിട്ട് നിയമിച്ചാൽ റിക്രൂട്ട് ചെയ്യാൻ ശ്രമിച്ചേക്കാം.,Fear
ഇതിപ്പോൾ എത്രാമത്തെ തവണയാണ് നമ്മൾ പണമടയ്ക്കാൻ വൈകുന്നത്? ഇങ്ങനെ പോയാൽ നമ്മൾ പിഴ അടച്ച് മുടിയും!,Anger
"എന്റെ മനസ്സ് കൈവിട്ടു പോകുന്നു, അല്ലാത്തപക്ഷം, നിങ്ങൾ സംസാരിക്കുമ്പോൾ എനിക്ക് ശ്രദ്ധിക്കാൻ കഴിയാത്തത് എന്താ?",Fear
ഞാൻ ഈ ടിക്കറ്റുകൾ കരിഞ്ചന്തയിൽ മൂന്നിരട്ടി വിലയ്ക്ക്  വാങ്ങിയല്ലോ എന്നോർത്ത് എനിക്ക് വല്ലാതെ ദേഷ്യം വരുന്നു  .,Anger
"ട്രെയിനുകളിൽ ടോയ്ലറ്റ് ഉപയോഗിക്കുന്നതേ എനിക്ക്  ഇഷ്ടമല്ല , ""അവയിൽ നാറ്റമാണ്"" എന്ന് അദ്ദേഹം പറഞ്ഞു.",Disgust
എങ്ങനെയാണ് നിങ്ങള്‍ സാമ്പത്തികമായി ഇത്ര മോശം സ്ഥിതിയിലായത്?,Sadness
കൗൺസിലിംഗ് സമയത്ത് എന്‍റെ മുൻകാല അനുഭവങ്ങളെക്കുറിച്ച് തുറന്നുപറയാൻ എന്നോട് ആവശ്യപ്പെട്ടപ്പോൾ എനിക്ക് വികാരനിർഭരമായി  തോന്നി .,Fear
"അനുപമ മാഡത്തിന്‍റെ ക്ലാസിൽ ഇരിക്കാൻ നല്ല രസായിരുന്നു. ഞങ്ങൾ കഥകൾ, തമാശകൾ, നാടകങ്ങൾ എന്നിവ വായിക്കുകയും ആസ്വദിക്കുകയും  ഒക്കെ ചെയ്തേരുന്നു.",Happiness
ഞങ്ങളുടെ ജനലിൽ നിന്ന് എ.സി. മാറ്റുമ്പോള്‍ അതിനുള്ളിൽ ജീവനുള്ള അണ്ണാന്‍കുഞ്ഞിനെ കണ്ട് ഞങ്ങൾ ഞെട്ടിപ്പോയി.,Surprise
"ഒരു തൊഴിലുടമയുടെ കാഴ്ചപ്പാടിൽ, നിങ്ങളുടെ രാജി ഞങ്ങളുടെ ശമ്പള ബജറ്റിനെയും ടീമിന്‍റെ മൊത്തത്തിലുള്ള നഷ്ടപരിഹാര ഘടനയെയും എങ്ങനെ ബാധിക്കുമെന്നതിനെപ്പറ്റി എനിക്ക് കുറച്ച് ആശങ്കയുണ്ട്.",Fear
ഞാൻ ആവശ്യപ്പെട്ടപ്പോൾ പുസ്തക വിൽപ്പനക്കാരൻ എന്‍റെ ഒരു പുസ്തകം വിൽക്കുമെന്ന് ഞാൻ ഒരിക്കലും വിചാരിച്ചിരുന്നില്ല!,Surprise
മാർക്കറ്റ് കറക്ഷന്‍റെ സാധ്യത തീരെയുണ്ടെന്നു തോന്നുന്നില്ല.,Fear
നിങ്ങളെല്ലാവരും മുതിർന്നവരല്ലേ! ദയവായി  നിങ്ങളൊക്കെ  കൂടുതൽ മെച്വർ ആവുകയും ജോലി കൂടുതൽ ഗൗരവമായി എടുക്കുകയും വേണം .,Anger
ആർക്കും പണം കൊടുക്കാതെ  ക്ഷേത്രത്തിന്‍റെ ശ്രീകോവിലിലേക്ക് വിളിച്ചപ്പോ  ഞങ്ങൾ അമ്പരന്നു.,Surprise
അപേക്ഷയിൽ കാണിച്ചിരിക്കുന്ന തുക തരാന്ന് ഞങ്ങൾ സമ്മതിച്ചതല്ലെ . നിങ്ങൾ എന്തിനാ ഇപ്പോ എന്നോട് ഡബിൾ ചാർജ് ആവശ്യപ്പെടുന്നേ ?,Anger
സുരക്ഷാ സർട്ടിഫിക്കറ്റ് ഇല്ലാതെ ഈ മുങ്ങിക്കപ്പലുകൾ വഴി  ടൈറ്റാനിക്കിലേക്കുള്ള ടൂറുകൾ  എന്നെ ദേഷ്യം പിടിപ്പിക്കുന്നു.,Anger
അരെ വാ ! ഈ സ്ഥലത്ത്  ഇത്രയും നല്ല  കാപ്പി കിട്ടുമെന്ന് ഞാൻ ഒരിക്കലും വിചാരിച്ചതല്ല .,Surprise
"ഞാൻ എല്ലായിടത്തും വെറ്റില തിരഞ്ഞു, പക്ഷേ ഒന്നു പോലും കിട്ടിയില്ല.",Sadness
പ്രാവുകൾ വീടിനുള്ളിൽ കയറി അലങ്കോലപ്പെടുത്തുമോ എന്നാ എനിക്ക് പേടി.,Fear
ഇന്നത്തെ തലമുറയുടെ   വിശ്വാസമില്ലായ്മ മടുപ്പിക്കുന്നതാണ്.,Disgust
ഇന്ന് എന്തോ മോശമായി സംഭവിക്കാൻ പോകുന്നു എന്ന്  എനിക്ക്  വല്ലാത്തൊരു തോന്നൽ.,Fear
മഴ കാരണം ഇപ്പോൾ പണിയൊന്നും നടക്കുന്നില്ല.,Sadness
"ഒരു നടൻ എന്ന നിലയിൽ, ഒരു സിനിമയിലെ ഒരു വേഷത്തിനായി ഓഡിഷൻ നടത്തുമ്പോഴെല്ലാം എനിക്ക് നല്ല  ഊർജ്ജവും ആവേശവും കിട്ടുന്നു.",Happiness
"ഞാൻ വളർന്ന ആ മനോഹരമായ ചുറ്റുപാടിൽ  ഒരു വീട് കിട്ടുമെന്ന്  ഞാൻ പ്രതീക്ഷിച്ചിരുന്നു, പക്ഷേ വില വളരെ കൂടി , അത് ഇപ്പോൾ ഒരു വിദൂര സ്വപ്നം പോലെ തോന്നുന്നു.",Sadness
അവൻ വണ്ടിയോടിക്കുമ്പോൾ ഒരു നിമിഷം ഞാൻ സ്വസ്ഥതയോടെ ഇരുന്നിട്ടില്ല. റാഷ് ഡ്രൈവിംഗ്!,Fear
ആ വഴുവഴുത്ത ഒച്ച്  എന്‍റെ അടുത്തേക്ക് ഇഴഞ്ഞുവന്നു.,Disgust
"കസ്റ്റമേഴ്സ്  പോകുന്നത് തടയാൻ ഞാൻ ശ്രമിച്ചു, പക്ഷേ അവർ എന്നെ ശ്രദ്ധിക്കാത്തപ്പോൾ നിരാശ തോന്നി.",Sadness
"ഞാൻ കണ്ടിട്ടുള്ളതിൽ വച്ച് ഏറ്റവും മോശമായ മെസ്സാ ഇത്. കുറെ നേരം കാത്തിരിക്കണം,  ഭക്ഷണം ആണെങ്കിലോ എപ്പഴും തണുത്തതും ആവും.",Anger
അൽഷിമേഴ്‌സ് രോഗം കാരണം മുമ്പ് സജീവമായിരുന്ന എന്‍റെ  ബന്ധു ചുറ്റുമുള്ള ലോകത്തെ മറന്നത് എനിക്ക് ദാരുണമായി തോന്നി.,Sadness
രണ്ടായിരത്തി പതിനൊന്നിലെ ക്രിക്കറ്റ് ലോകകപ്പിന്‍റെ സെമി ഫൈനലിൽ ഇന്ത്യൻ ടീം തോറ്റപ്പോൾ ഞാൻ തകർന്നുപോയി.,Sadness
എന്‍റെ  അപ്പോയിൻമെന്‍റിനായി  ഒരാഴ്ച കൂടി കാത്തിരിക്കണമെന്നു  വിശ്വസിക്കാൻ പറ്റുന്നില്ല.   ഇത് അംഗീക്കരിക്കാൻ പറ്റില്ല .,Anger
എല്ലാ ദിവസവും രാവിലെ മലനിരകളുടെ മനോഹരമായ  കാഴ്ചയിലേക്ക്  ഉണരുന്ന ഒരു വാടക വീടാണ് ഞാൻ സ്വപ്നം കാണുന്നത്.,Happiness
എനിക്ക് വീട്ടിലേക്ക് പോകാലോ. ദീപാവലി സമയത്ത്  ഒരു നീണ്ട വാരാന്ത്യം വരാനിരിക്കുന്നുണ്ട്.,Happiness
വാഷ് ചെയ്യുന്നതുമായി ബന്ധപ്പെട്ട് ഞാൻ നേരിട്ട പ്രശ്‌നങ്ങള്‍ പറഞ്ഞാല്‍ വിശ്വസിക്കില്ല.,Surprise
കമ്പനിയുടെ ഈ വർഷത്തെ ഫിനാൻഷ്യൽ സ്റ്റേറ്റ്മെൻ്റ്  ആകെ കുളമായി .,Anger
എന്‍റെ ബിസിനസ്സ് ലൈൻ ഓഫ് ക്രെഡിറ്റ് വിജയകരമായി അടച്ചതുകൊണ്ട് എനിക്ക് ആശ്വാസമായി .,Happiness
"എനിക്ക് എപ്പോഴും വഴി തെറ്റും, എന്താന്നോ, ഞാന്‍ ചുറ്റുപാടുകൾ ശ്രദ്ധിക്കാറില്ല.",Disgust
ഈ സീസണിൽ വീണ്ടും കീടങ്ങളെ നേരിടുന്നതിനെക്കുറിക്ക് എനിക്ക് നല്ല ആശങ്കയുണ്ട്. വെട്ടുക്കിളികൾ വിളവെടുപ്പ് നശിപ്പിച്ചപ്പോൾ നമുക്കുണ്ടായ ബുദ്ധിമുട്ട് ഓർക്കുന്നുണ്ടോ?,Fear
നല്ല പലിശ നിരക്കുകൾ ഓഫര്‍ ചെയ്യാത്തതിന് എനിക്ക് ബാങ്കിനോട് ദേഷ്യമുണ്ട്.,Anger
ഗോവയിലെ താജ് ഹോട്ടലിൽ എപ്പോൾ പോയാലും അവിടുത്തെ ലിഫ്റ്റ് കേടായിരിക്കും.,Disgust
സിനിമാ ഓഡിഷൻ കഴിഞ്ഞ് കാസ്റ്റിംഗ് ഡയറക്ടർ എനിക്ക് ഒരു തംസ്അപ്പും അഭിനന്ദന പുഞ്ചിരിയും നൽകി.,Happiness
"വിമാനത്തിൽ എന്‍റെ ബാഗേജ് ലോഡ് ചെയ്യാത്തതിന് ഞാൻ എയർലൈനിനെതിരെ കേസെടുക്കാൻ പോകുന്നു, ഇപ്പോ അത് കാണാനില്ല.",Anger
"ശരിക്കും , എന്‍റെ ഫ്രണ്ട്സ് ഈ  മണാലി തിരഞ്ഞെടുത്ത് എന്നെ ഇത്ര ദൂരം  ഡ്രൈവ് ചെയ്യിപ്പിക്കേണ്ടതുണ്ടോ ? എന്‍റെ സമയവും ഇന്ധനവും പാഴാക്കാൻ അവർ ആഗ്രഹിക്കുന്നതുപോലെ!",Anger
"ഞാൻ ഒരു സ്ഥാനത്തിന് അപേക്ഷിച്ചപ്പോൾ, തിരിച്ചു കിട്ടിയ കമ്പനിയുടെ മോശം പ്രതികരണം എന്നെ ആകെ അലോസരപ്പെടുത്തി.",Anger
സാധനങ്ങളുടെ വില വളരെ സൂക്ഷ്മമായി നിരീക്ഷിക്കുന്ന ആളല്ലേ? ഈ മാസം ആദ്യം നിങ്ങൾക്ക് അയച്ച ഐറ്റങ്ങളുടെ മാറിയ വില  നിങ്ങൾ വായിച്ചില്ലെന്നോ?,Surprise
ഞാൻ പഴയ ഒരു കോട്ടയില്‍ പോയ സമയത്ത് പാതിരാത്രി അവിടെ ഒറ്റക്കായപ്പോ എനിക്ക് ആകെ പേടിയായി.,Fear
ഇവിടെ അടുത്തുള്ള  ഞങ്ങളുടെ പുതിയ സ്റ്റോറിന്‍റെ ഉദ്ഘാടന ദിവസം ഉണ്ടായ തിരക്ക് എന്നെ ഞെട്ടിച്ചുകളഞ്ഞു.,Surprise
ഇത് അവസാനത്തെ പ്രാവശ്യമാ നിങ്ങളോട് ഞാനീ മുറി ക്ലീന്‍ ചെയ്യാന്‍ പറയുന്നെ.,Anger
വേദിയിൽ അവള്‍ കർണാടക സംഗീത പാരായണത്തിനിടെ ഒരു ഫുള്‍ വോയിസ്‌ റേഞ്ച് എടുത്തപ്പോ ഞാൻ കുട്ടിയെ അത്ഭുതത്തോടെ നോക്കി.,Happiness
"അത്ഭുതം,  , രാഷ്ട്രീയക്കാരുടെ എതിർപ്പ് അവഗണിച്ച്  പോലീസ് കുറ്റകൃത്യങ്ങൾ അടിച്ചമർത്തി!",Surprise
"രാഹുൽ! ഇന്ന് നമുക്ക് വ്യായാമങ്ങളൊന്നും ഉണ്ടാകില്ലെന്നും ഒരു മണിക്കൂർ കളിക്കാൻ പോകാന്നും  പീ.റ്റി.  സർ പറഞ്ഞു! വേഗം വാ, നമുക്ക് പന്ത് എടുക്കാം!",Surprise
ചില ഓഫീസ് സ്‌പേസുകൾ ക്ലീനിംഗ് ചെയ്യാത്തതിനെക്കുറിച്ച് ക്ലയന്‍റിൽ നിന്ന് പരാതികൾ ലഭിക്കുന്നത് എന്നെ ആശങ്കയിലാക്കി.,Sadness
എന്‍റെ പുതിയ വീടിനായുള്ള ഇലക്ട്രിക്കൽ ഫിറ്റിംഗ്സ് എന്‍റെ ബജറ്റിൽ ഒതുക്കാൻ ക്വാളിറ്റിയിൽ  വിട്ടുവീഴ്ച ചെയ്യേണ്ടി വന്നേക്കാം എന്നത് കഷ്ടം തന്നെയാണ് .,Sadness
ശതാബ്ദി എക്സ്പ്രസിൽ വിളമ്പിയ ഭക്ഷണത്തിൽ  മുടിയിഴകൾ കണ്ടപ്പോൾ അത് വെറുപ്പിക്കുന്നതായിരുന്നു .,Disgust
സൈബർ കുറ്റകൃത്യങ്ങളുടെ ഭീഷണി പേടിച്ചിട്ട്  ഞാൻ അജ്ഞാത നമ്പറുകളിൽ നിന്നുള്ള കോളുകളൊന്നും എടുക്കാറില്ല .,Fear
ഒരു ഉപഭോക്താവ് ഞങ്ങളുടെ കടയിലെ പോസിറ്റീവ് ഷോപ്പിംഗ് അനുഭവം സോഷ്യൽ മീഡിയയിൽ പങ്കുവെച്ചപ്പോൾ നമ്മൾ ലോകത്തിന്‍റെ നെറുകയിൽ എത്തിയപ്പോലെ തോന്നി.,Happiness
"നിങ്ങളുടെ ഫീഡ്‌ബാക്ക് ഞങ്ങൾക്ക് വിലപ്പെട്ടതാണ്, എല്ലായ്‌പ്പോഴും മര്യാദയുള്ള പ്രൊഫഷണൽ സേവനം  ഞങ്ങൾ ഉറപ്പാക്കും.",Happiness
എനിക്ക് കറുത്ത നിറത്തിലുള്ള ഏറ്റവും പുതിയ മോഡൽ വേണായിരുന്നു. നിങ്ങൾ എന്തിനാ  ഈ പഴയ മഞ്ഞ കാർ എനിക്ക് വിൽക്കുന്നെ ?,Anger
"ഫ്രഞ്ച് ഗ്രാമപ്രദേശങ്ങളിലെ പ്രാദേശിക മുന്തിരിത്തോട്ടങ്ങൾ  അതിമനോഹരമായ വൈൻ ഉത്പാദിപ്പിക്കുന്നുണ്ട്, അത് എനിക്ക് വലിയൊരു പ്രത്യേക അനുഭവമാ നൽകുന്നേ.",Happiness
നിങ്ങൾ തിരഞ്ഞെടുത്ത കേക്കിന്റെ ഡിസൈനും  ഓപ്‌ഷനുകളും കാരണം കുറച്ച് പൈസ കൂടുതല്‍ വന്നിട്ടുണ്ട്. അസൗകര്യം ഉണ്ടായതിൽ ഞാൻ ക്ഷമ ചോദിക്കുന്നു.,Sadness
നീ ഒരുപാട് പണം വാഗ്ദാനം ചെയ്യുന്ന അനാവശ്യ ഓൺലൈൻ ലിങ്കുകളിൽ ക്ലിക്കുചെയ്യുന്നത് ഒഴിവാക്കിയാ നിനക്കു ഒരു പ്രശ്നവും ഉണ്ടാവില്ല.,Disgust
കമ്പനി നിരന്തരമായി ബജറ്റ് വെട്ടിക്കുറച്ചതുകൊണ്ട് ജോലി ചെയ്യാൻ ആർക്കും മുമ്പത്തെ അത്ര താല്പര്യമില്ല.,Sadness
"ഹാർഡ് വർക്കിനെ അംഗീകരിക്കാത്ത ഈ രീതി മുകളിൽ നിന്നെ ഉള്ളതാണ്, കമ്പനിയിലെ മിക്ക ലീഡേഴ്‌സും അങ്ങനെയാ.",Disgust
നിങ്ങളുടെ ജീവനക്കാരന്‍റെ പെരുമാറ്റം എന്തിനു കൊള്ളാം.,Anger
കഴിഞ്ഞ മഴയിൽ ഞങ്ങളുടെ പ്രദേശത്ത് മലിനജലം കലർന്ന് ഭൂഗർഭജലമൊക്ക മലിനമായപ്പോൾ ആകെ ഒരു അറപ്പ് തോന്നി.,Disgust
നമ്മുടെ സമുദ്രങ്ങളുടെ ആഴത്തെപ്പറ്റി  ഞാൻ വല്ലാതെ  അമ്പരന്നിരിക്കുകയാണ്!,Surprise
എന്ത് ? കഴിഞ്ഞയാഴ്ച ഞങ്ങൾ നിങ്ങളോട് ചോദിച്ചപ്പോൾ നിങ്ങൾ ക്യാമറ വെച്ചുവെന്നു ഞങ്ങളോട് നുണ പറഞ്ഞത് എന്തിനാ?,Anger
നാറ്റം അസഹനീയം. പള്ളിക്കരനൈ ചതുപ്പിലൂടെ വാഹനമോടിക്കാന്‍ ഒരു നിവൃത്തിയില്ല.,Disgust
ഒരിക്കലുമില്ല ! ഈ ഗാഡ്‌ജെറ്റിന് വിദേശ ഭാഷകൾ തത്സമയം വിവർത്തനം ചെയ്യാനാകുമെന്നോ ?,Surprise
ഈ വസ്ത്രങ്ങൾക്ക് അവർ ഫ്രീ ആൾട്ടറേഷൻസ് വാഗ്ദാനം ചെയ്യുന്നുവെന്ന് എനിക്ക് വിശ്വസിക്കാൻ കഴിയുന്നില്ല!,Surprise
"ഇൻഷുറൻസ് കത്ത് തുറന്നപ്പോൾ,  ക്ലെയിം ചെയ്തതിനേക്കാൾ പണം വന്നത് കണ്ടപ്പോ വിശ്വസിക്കാന്‍ പറ്റാതെ ഞാന്‍ അതിലേക്ക് തന്നെ കുറേ നേരം നോക്കിനിന്നു.",Surprise
"അമ്മേ, ഈ വർഷത്തെ നാടകത്തിൽ എനിക്ക് മഹാബലിയുടെ വേഷം ചെയ്യാൻ കഴിയുമെന്ന് എന്‍റെ ടീച്ചർ പറഞ്ഞു.",Happiness
ഈ കിൻഡലിൽ ഇത്രയധികം പുസ്തകങ്ങളൊക്കെ കൊള്ളുമോ? വിശ്വസിക്കാൻ കഴിയുന്നില്ല!,Surprise
എന്‍റെ ബഡ്ജറ്റില്‍ നിങ്ങൾ അമിതവിലയുള്ള ഈ  ഡയമണ്ട് നിർദ്ദേശിക്കുമെന്ന് ഞാന്‍ കരുതിയില്ല! ഞാൻ സ്വർണ്ണം കൊണ്ടുണ്ടാക്കിയതാണോ?,Anger
കടയിൽനിന്ന് ഇപ്പോൾ സാധനങ്ങളൊക്കെ വളരെ എളുപ്പത്തിൽ വാങ്ങിക്കൊണ്ട് പോകാം; മുമ്പത്തെ പോലെ കാത്തിരിക്കേണ്ട ഒരു ആവശ്യവും ഇല്ല.,Happiness
എന്‍റെ ഡ്രെസ് കീറിപ്പോയി. എനിക്ക് ഇതുപോലെ സ്റ്റേജിൽ  പോകാൻ പറ്റില്ല .,Sadness
മറ്റുള്ളവരെ നിരാശപ്പെടുത്താൻ ആഗ്രഹിക്കാത്തതിനാൽ തോറ്റു പോവുമോ എന്ന് എനിക്ക് പേടിയുണ്ട്.,Fear
മത്സ്യ ബുഫേയിലെ വൈവിധ്യം മനസ്സിനെ ത്രസിപ്പിക്കുന്നതായിരുന്നു! കൂടുതൽ കിട്ടാനായി എനിക്ക് ഇനിയും പോകണം .,Surprise
ഒരു കാര്യവും ഇല്ലാതെ ആ ബാങ്കിലെ ആൾ എൻ്റെ അടുത്ത് തട്ടിക്കയറിയപ്പോൾ എൻ്റെ നിയന്ത്രണം പോയി.,Anger
കാൻസറിന്‍റെ നാലാം ഘട്ടത്തിൽ   നിന്ന് അനിത മൂർജാനി അത്ഭുതകരമായി സുഖം പ്രാപിച്ചതിനെക്കുറിച്ച് വായിച്ചപ്പോൾ ഞാൻ ഞെട്ടിപ്പോയി.,Surprise
ഗംഭീരന്‍ കൊത്തുപണികളുള്ള തടി ഊഞ്ഞാലിൽ  ഉള്ള കരകൗശലപ്പണി കാണണം!,Happiness
"എങ്ങനെയാവോ ചില ആൾക്കാർ ഓട്സും , തൈരും  കൂടി കലർത്തുന്നത്? അത് ശെരിക്കും ഓക്കാനിക്കാൻ വരും .",Disgust
പാതിരാത്രി കഴിഞ്ഞിട്ടും വൈകിയ ട്രെയിനും കാത്ത് ഞാൻ ആകുലതയോടെ വിജനമായ സ്റ്റേഷന് ചുറ്റും നോക്കി.,Fear
ഞങ്ങളുടെ കസ്റ്റമർ സർവീസിലേക്ക് വിളിച്ചതിന് നന്ദി. സഹായിക്കാൻ ഞങ്ങൾക്ക് സന്തോഷമുണ്ട്.,Happiness
നല്ല ജ്യൂസി ആയ ഒരു  തണ്ണിമത്തന്‍റെ വലിയ  കഷ്ണം കടിച്ചപ്പോൾ  എനിക്ക്  നല്ല ഇഷ്ടമായി.,Happiness
വാടകവീട്ടിലെ വലിയ സ്റ്റഡി റൂം ആർട്ട് സ്റ്റുഡിയോയാക്കി മാറ്റണം. ഒടുവിൽ എന്‍റെ സൃഷ്ടിപരമായ പ്രവർത്തനങ്ങളെ സപ്പോര്‍ട്ട് ചെയ്യുന്ന ഒരു സ്ഥലം കണ്ടെത്തുന്നത് അതിശയകരമാണ്.,Happiness
ഞാൻ ജനിച്ച് ഒന്നുരണ്ട് ദിവസം എനിക്ക് നീലക്കണ്ണുകളായിരുന്നുവെന്ന് അമ്മ പറഞ്ഞപ്പോൾ എനിക്ക് വിശ്വസിക്കാൻ  പറ്റിയില്ല.,Surprise
ഓഹ്! ആ സിനിമയിലെ രംഗങ്ങള്‍ വല്ലാത്ത അസ്വസ്ഥതയുണ്ടാക്കുന്നു.,Disgust
ഒരു പെട്ടി ടീ ബാഗുകൾ ഇത്രയും സ്റ്റൈലിഷായി പൊതിയാൻ കഴിയുമെന്ന് ഞാൻ ഒരിക്കലും കരുതിയില്ല. ഇതിപ്പോ കണ്ടാൽ എന്തോ വലിയ സമ്മാനം പോലെയാണ്.,Surprise
ഇന്ത്യയും ഇംഗ്ലണ്ടും തമ്മിലുള്ള ഏകദിനത്തിൽ യുവരാജ് സിംഗ് ക്രിസ് ബ്രോഡിനെ ആറ് സിക്‌സറുകൾ പറത്തുന്നത് കണ്ടപ്പോൾ എനിക്ക്  സന്തോഷം അടക്കാൻ പറ്റിയില്ല .,Happiness
"ഞാൻ ടി.വി. ഓണാക്കുമ്പോഴെല്ലാം അതിൽ നിന്നു  മൂന്ന് തവണ ബീപ്പ് എന്നൊരു സൗണ്ടും,  പിന്നെ പുകയും വരാൻ തുടങ്ങും. അത്പൊട്ടിത്തെറിക്കുമോ എന്തോ!",Fear
ഓ! രാജ്യത്തിന്‍റെ ഈ ഭാഗത്ത് പല കടകളിലും  കാശ്മീരി വില്ലോ ബാറ്റുകൾ  വിൽക്കുന്നില്ല. നിങ്ങടെ അടുത്ത് ഇതുള്ളത് അത്ഭുതം തന്നെ .,Surprise
"ബൃഹദീശ്വര ക്ഷേത്രത്തിന്‍റെ ചരിത്രപരമായ പ്രാധാന്യമൊന്നും എനിക്ക് അറിയില്ലായിരുന്നു, അത് കേട്ടപ്പോൾ എനിക്ക് ശരിക്കും അത്ഭുതം തോന്നി.",Surprise
പുനരുപയോഗ ഊർജ സംരംഭം വഴി നടപ്പിലാക്കിയ ഞങ്ങളുടെ പ്രദേശത്തെ വലിയ സോളാർ നിരകൾ  എന്നെ ഞെട്ടിച്ചു.,Surprise
ആ ഗായകന്‍റെ ശബ്‌ദം അത്ര വൃത്തികെട്ടതാണ്. കേൾക്കാൻ ഒരു രസവുമില്ല .,Disgust
ഇ.പി.എഫ്.ഒ  തുക പിൻവലിക്കുന്നത്  വളരെ ബുദ്ധിമുട്ടുള്ള കാര്യാ. ഞാൻ ഇനി അത് പരീക്ഷിക്കാൻ പോണില്ല.,Disgust
തൊട്ടടുത്തുള്ള നിർമ്മാണ സ്ഥലം ആളുകളുടെ സൗകര്യങ്ങൾ ശ്രദ്ധിക്കാതെ എല്ലായ്‌പ്പോഴും കോലാഹലം ഉണ്ടാക്കുകാണെന്നേ!,Disgust
"മത്സരത്തിൽ ഒരു കമ്പ്യൂട്ടർ തന്നെ തോൽപ്പിച്ചേന്   ""ഗോ"" എന്ന ഗെയിം കളിക്കുന്നത് ഉപേക്ഷിക്കാൻ ലീ സെഡോൾ തീരുമാനിച്ചു. അദ്ദേഹം ഒരു നല്ല കളിക്കാരനായിരുന്നു, അദ്ദേഹത്തിന്‍റെ കളികൾ കാണുന്നത് ഞാൻ മിസ് ചെയ്യാ.",Sadness
ടിക്കറ്റ് ചെക്കർമാർ എന്‍റെ ബസ് തടഞ്ഞ് നിർത്തിയപ്പോൾ എനിക്ക് അങ്ങോട്ട് കലി മൂത്തു.,Anger
ഞങ്ങളുടെ കടയ്ക്ക് ഒരു തരം ശോകമൂകമായ അവസ്ഥയാണ്. അവിടെ ഇരുന്നാൽ സകല മൂഡും പോകും.,Sadness
ഞങ്ങളുടെ ക്രൂഡ് ഓയിൽ ടാങ്കർ വടക്കൻ അറ്റ്ലാന്റിക് കൊടുങ്കാറ്റിൽ അകപ്പെട്ടപ്പോൾ ഞാൻ പേടിച്ചുപോയി.,Fear
കുറേ സെക്യൂരിറ്റി ഇഷ്യൂസുണ്ട്. ഞാൻ എന്‍റെ അക്കൗണ്ട് ക്ലോസ് ചെയ്യാൻ പോവാ .,Fear
എയർപ്പോട്ടിൽ നിന്ന് സ്റ്റേഷനിലേക്കെത്താൻ വൈകിയാൽ ട്രെയിൻ പോവില്ലേ?,Fear
"ഞാന്‍ നേരത്തെ തന്നെ  പടിത്തം പൂർത്തിയാക്കുമായിരുന്നു, പക്ഷേ ഒരു ശുംഭൻ എന്‍റെ പുസ്തകം കടം വാങ്ങി വൈകിയാ  തിരിച്ചു തന്നേ!",Anger
നമുക്ക്  നേരെ ചോവ്വേ പണിയെടുക്കാൻ കഴിയാത്ത  മോശം ഉപകരണങ്ങൾ  ഉപയോഗിച്ച് വയലുകളിൽ ഏതെങ്കിലും ജോലി ചെയ്യാൻ ശ്രമിക്കുമ്പോഴുണ്ടാകുന്ന  അസ്വസ്ഥത പറഞ്ഞറിയിക്കാൻ പറ്റില്ല .,Anger
എന്‍റെ ബാഗിൽ ഒരു പല്ലി. ഞാൻ എന്താ  ചെയ്യണ്ടത് ?,Fear
ക്ലീനിംഗ് സ്റ്റാഫിനെക്കുറിച്ച് അവർ നെഗറ്റീവ് ഫീഡ്‌ബാക്ക് നൽകിയപ്പോ അത് മൊത്തം എന്‍റെ തലയിലായി .,Anger
അടുത്ത ഞായറാഴ്ച ചെന്നൈയിൽ നടക്കുന്ന ചാമ്പ്യൻസ് ഹോക്കി മത്സരങ്ങൾ കാണാൻ ഞാൻ കാത്തിരിക്കുകയാണ്.,Happiness
"ഒരു റിപ്പെയർ പ്രതീക്ഷിച്ച് ഞാൻ എന്‍റെ കാർ മെക്കാനിക്കിന്‍റെ അടുത്തേക്ക് കൊണ്ടുപോയി, റീപ്ളേസ്മെന്‍റ്  ഓപ്ഷനല്ല  പകരം  അമിതമായ കുറെ ചിലവുകൾ  അവർ അടിച്ചേൽപ്പിക്കാൻ നോക്കുക യായിരുന്നു ! ഇത് ഭ്രാന്ത് പിടിപ്പിക്കുന്നതാണ്.",Anger
പരിപാടി നടത്താൻ നീ ചെയ്തുതന്ന സഹായങ്ങൾ എന്നെ ശരിക്കും അത്ഭുതപ്പെടുത്തി!,Surprise
"വൈകീട്ട് റോഡില്‍ ഇറങ്ങാന്‍ പറ്റില്ല, എന്തൊരു ട്രാഫിക്കാണ്, പിന്നെ പൊടിയും പുകയും അസഹ്യമാണ്.",Disgust
ഒരു രോഗിയും  ഇല്ലാതെ  ആംബുലൻസ് ഡ്രൈവർ സൈറൺ മുഴക്കുന്നത് കണ്ടപ്പോ എനിക്ക് ആകെ വെറുപ്പ് തോന്നി .,Disgust
ഡാലസിൽ ഒന്നിന് മുകളിൽ ഒന്നായി ഇരിക്കുന്ന ഒന്നിലധികം ഫ്‌ളൈ ഓവറുകൾ കാണുമ്പോൾ ഞാൻ ആകപ്പാടെ കുഴഞ്ഞു പോയി.,Surprise
എനിക്ക് ഒരു ഫോൺ കോൾ വന്നു. എന്താണെന്നറിയോ? കുൻ ലുൻ പർവതനിരകളിൽ ഒരു ലോസ്റ്റ് സിറ്റി തേടിപ്പോകാൻ. എനിക്കാണെങ്കിൽ ആകാംക്ഷ കൊണ്ട് ഇരിക്കാൻ വയ്യ!,Happiness
ഈ വാടകവീട്ടിൽ നിന്ന് മലകള്‍ കാണാൻ കഴിയുന്നത് എന്നെ അത്ഭുതപ്പെടുത്തുന്നു. ഇത് എത്ര മനോഹരമാണ് !,Surprise
ഒരു ഡ്രൈവർ അബദ്ധത്തിൽ വീണതിനെ തുടർന്ന് ഒരു എയർപോർട്ട് കാർട്ട് നിയന്ത്രണം വിട്ട വീഡിയോ ഞാന്‍ ഞെട്ടലോടെയാ കണ്ടെ.,Surprise
കുളിമുറിയിലെ ടൈലുകളെല്ലാം വളഞ്ഞതാണെന്ന് എനിക്ക് വിശ്വസിക്കാൻ കഴിയുന്നില്ല! ഞാൻ നിങ്ങളെ മേസ്തിരിയായി നിയമിച്ചപ്പോ ഇതല്ല പ്രതീക്ഷിച്ചത്.,Anger
അയ്യേ. മുഴുവൻ ചെളി മൂടിയിരിക്കുമ്പോ നീ എങ്ങനെയാ  ഡർട്ട് ബൈക്കിംഗ് ആസ്വദിക്കുന്നെ?,Disgust
ബെഡ് അസംബ്ലി പ്രക്രിയയെക്കുറിച്ച് എനിക്ക് നല്ല  ഉത്കണ്ഠയുണ്ട്.,Fear
"സ്പൈഡർമാൻ സിനിമയുടെ സംഗീതം വളരെ ഉന്മേഷം തരുന്നതായിരുന്നു, അത് എന്‍റെ മുഖത്ത് ഒരു പുഞ്ചിരി വിടർത്തി.",Happiness
വേഗമാകട്ടെ എന്നു പറഞ്ഞപ്പോൾ എല്ലാവരുടെയും മുന്നിൽ വെച്ച് ബാങ്ക് ജീവനക്കാരൻ എന്നോട് പരുഷമായി സംസാരിച്ചു.,Sadness
കളിക്കിടയിൽ ചില ആരാധകർ വംശീയ അധിക്ഷേപങ്ങൾ നടത്തിയത് വളരെ മോശമായിപ്പോയി .,Disgust
ക്‌ളൗഡ്‌  ആർക്കിടെക്ചറിനായി ഞങ്ങളുടെ മികച്ച സ്ഥാനാർത്ഥികളുമായി ഞാൻ എല്ലായ്പ്പോഴും ടെൻറർഹൂക്കിലാണ്. നമ്മുടെ മത്സരം അവരെ വേട്ടയാടുന്നതിലാണ് അവസാനിക്കുന്നത്.,Fear
"അയ്യോ, ആ പയ്യന് ഭയങ്കര വായനാറ്റം, ഞാന്‍ എങ്ങനെയോ അവിടുന്ന് രക്ഷപ്പെട്ടു.",Disgust
മികച്ച സെയിൽസ് പെർഫോമൻസിന്‌  ഹെഡ് ഓഫീസിൽ നിന്ന് ഞങ്ങൾക്ക് അംഗീകാരം  കിട്ടി.,Happiness
"ഞങ്ങളുടെ കേക്കിന്‍റെ രഹസ്യ ചേരുവ നിങ്ങളെ ഞെട്ടിക്കും, അത് നല്ല രുചി തരും.",Surprise
ഡ്രൈവിംഗ് ഇൻസ്ട്രക്ടർ എന്റെ ഡ്രൈവിംഗ് സ്‌കിൽസ്  അവലോകനം ചെയ്യുന്നു  എന്ന കാര്യം  അൽപ്പം അസ്വസ്ഥതയുണ്ടാക്കുന്നു.,Fear
ഇവിടെ വലിയ വാഹനങ്ങൾ ഇടാൻ സ്ഥലമില്ല. ഭ്രാന്തു പിടിക്കുന്നു.,Anger
എൻ്റെ നാട്ടിലെ പ്രാദേശിക ആഘോഷങ്ങൾ അനിശ്ചിതമായി മാറ്റിവച്ചത് എന്നെ വല്ലാതെ തളർത്തി.,Sadness
വെസ്റ്റ് ഇൻഡീസിനെതിരായ ഇന്ത്യൻ ക്രിക്കറ്റ് ടീമിന്‍റെ വിജയം ഒരു അത്ഭുതമാണ്.,Surprise
"ആ റെയില്‍വേ സ്‌റ്റേഷനില്‍ ഇരിക്കാനൊക്കെ സൗകര്യങ്ങള്‍ വളരെ കുറവാണ്, നിന്ന്, നിന്ന്, മനുഷ്യന്റെ കാല് കഴച്ചു.",Disgust
മേലാൽ ഇതുപോലെ അമിതവേഗത്തിൽ കാർ ഓടിക്കരുത്; മനസ്സിലായോ?,Anger
"മോഡുലാർ കിച്ചന്‍റെ അളവുകൾ കൃത്യമാവുമോയെന്നും, കാബിനറ്റുകൾ ആ സ്ഥലത്തിനുള്ളിൽ  യോജിക്കുമോന്നും ഞാൻ ശരിക്കും ആശങ്കപ്പെടുന്നു.",Fear
ഇരുട്ടിയതിനുശേഷം സിറ്റിയില്‍ ഒരു സീരിയൽ കില്ലർ പിന്നാലെ വരുന്നത് പേടിച്ച് ആര്‍ക്കും രാത്രി വീടിനു പുറത്തിറങ്ങാന്‍ പറ്റുന്നില്ല.,Fear
"വൗ! ഈ കടയിൽ അവർ പഴയ ബുക്ക് പകുതി വിലക്ക് വിൽക്കുന്നു. പണം ലാഭിക്കാം, അറിവുമുണ്ടാക്കാം.",Happiness
കോവിഡ് പ്രതിരോധ കുത്തിവയ്പ്പിന്‍റെ രണ്ടാമത്തെ ഡോസ് കൃത്യസമയത്ത് ലഭിക്കാത്തതോണ്ട് എന്‍റെ വിസ കാൻസൽ ആയി.,Sadness
എന്‍റെ ഡ്രൈവിംഗ് ഇൻസ്ട്രക്ടർ ഇനിയും പഠിക്കാന്‍ പറഞ്ഞപ്പോ ഞാൻ അമ്പരന്നു.,Surprise
"എന്‍റെ അക്കൗണ്ട് ഇപ്പോള്‍ തന്നെ ക്ലോസ് ആക്കണം, അല്ലെങ്കിൽ എനിക്ക് അധികാരികളെ കാണേണ്ടി വരും.",Anger
"മിസ്റ്റർ സുബ്രഹ്മണ്യൻ നല്ലൊരു ഹാസ്യനടനാണ്. അദ്ദേഹത്തിന്‍റെ ഷോയ്ക്ക് പോകുന്നത് നല്ല കാര്യമായി, പാർവതി.",Happiness
അമ്പത്  മൈൽ വൺവേയുള്ള എന്‍റെ ദൈനംദിന യാത്രയ്‌ക്ക് എന്‍റെ ബഡ്ജറ്റിലുള്ള ബൈക്കുകൾ മതിയായ ഡ്യൂറബിൾ ആയിരിക്കില്ല എന്നതിൽ എനിക്ക് ആശങ്കയുണ്ട്.,Fear
"""ഏലിയൻ"" എന്ന സിനിമ കാണുമ്പോഴെല്ലാം എനിക്ക് പേടി തോന്നും. അത്തരമൊരു ജീവജാലത്തിന് നമ്മെ കീഴടക്കാൻ കഴിയുമോ എന്ന് എനിക്ക് ആശങ്കയുണ്ട്.",Fear
പൊലീസില്ലാതെ അങ്ങോട്ട് പോകുന്നത് അത്ര പന്തിയല്ല; അവിടുത്തെ നാട്ടുകാർ ഭയങ്കര അക്രമകാരികളാണ്.,Fear
സർക്കാർ ഓഫീസുകളൊന്നും ഒന്നിനും കൊള്ളാതായിട്ടുണ്ട്; എന്നാണ് ഇനി ഇതിനൊക്കെ ഒരു മാറ്റം വരിക?,Anger
നമ്മുടെ കോടതികൾ കേസുകൾ തീർപ്പാക്കാൻ വർഷങ്ങളെടുക്കുന്നതിൽ എനിക്ക് നല്ല അമർഷമുണ്ട്.,Anger
"എന്‍റെ പ്രശ്നങ്ങൾ ദൈവത്തിന് സമർപ്പിക്കുന്നതു തന്നെ സമാധാനമാണ്, കാരണം പിന്നെ എനിക്ക്  വിഷമിക്കേണ്ടതില്ല.",Happiness
"വൃത്തിയില്ലാത്ത  മുറികളും,വർക് ചെയ്യാത്ത ഇലക്ട്രിക്കൽ ഫിറ്റിംഗുകളും കാരണം നിങ്ങളുടെ ഹോട്ടലിലെ താമസം ഇതുവരെ ഒരു പേടിസ്വപ്നമായിരുന്നു.",Anger
ഈ വേനൽക്കാലത്ത് ഈർപ്പത്തോടൊപ്പം മെർക്കുറിയും ഉയരുന്നതിനാൽ ചെന്നൈയിലെ ചൂട് എന്നെ തളർത്തുന്നു.,Sadness
ആ ഡ്രൈവർ ആറുമാസായിട്ട് തല കുളിച്ചിട്ടില്ല. അയാളുടെ തലയിൽ പേനുകൾ ഉണ്ടായിരുന്നു.,Disgust
ഡെലിവറി സമയത്ത് ഞങ്ങളുടെ ഉൽപ്പന്നം നിർമ്മിക്കാനുള്ള അസംസ്കൃത വസ്തുക്കൾ കിട്ടുമോ എന്തോ?,Fear
ഞാന്‍ അപ്രതീക്ഷിതമായി അവളുടെ മുന്നിൽ ഒരു ബർത്ത്ഡേ  കേക്ക് വെച്ചപ്പോൾ എന്‍റെ ഭാര്യയ്ക്ക് അവളുടെ കണ്ണുകളെ വിശ്വസിക്കാൻ കഴിഞ്ഞില്ല.,Surprise
നഗരത്തിലെ ഏറ്റവും വലിയ പുസ്തകക്കടയില്‍ ഞാൻ തിരയുന്ന പുസ്തകം കണ്ടെത്താൻ കഴിയാത്തപ്പോൾ എനിക്ക് നിരാശയായി .,Sadness
ഡ്രൈവിംഗ് സ്‌കൂളിലെ വനിതാ ഡ്രൈവിംഗ് ഇൻസ്ട്രക്ടറെ എനിക്ക് വെറുപ്പായിരുന്നു. അവര്‍ക്ക് എപ്പഴും ഭയങ്കര ധൃതിയായിരുന്നു.,Disgust
ഈ സിംപിൾ ആയിട്ടുള്ള  അപേക്ഷാ ഫോമുകൾ ശരിയായി പൂരിപ്പിക്കാൻ എജുക്കേറ്റഡ് ആയ കസ്റ്റമേഴ്സിന് കഴിയാത്തതെന്താണപ്പാ!,Disgust
ഞാൻ യു.എസ്.ലേക്ക് മാറിയതിനാൽ ഡ്രൈവിംഗ് ലൈസൻസ് നടപടിക്രമങ്ങൾ മുഴുവനായി വീണ്ടും ചെയ്യേണ്ടിവരുന്നതിൽ  എനിക്ക് ദേഷ്യമുണ്ട്.,Anger
ഇപ്പോ എല്ലാ പരീക്ഷകളും കഴിഞ്ഞ കാരണം എനിക്ക് ഫുട്ബോൾ കളിക്കാലോ.,Happiness
ഓരോന്ന് കേടുവരുത്തുമ്പോ  നീ എപ്പോഴും   ഒരോ ഒഴികഴിവു പറയാറുണ്ടല്ലോ. ഇപ്പോ എന്താ പറയാനുള്ളത്  ?,Disgust
ഗെയിമിൽ നന്നായി കളിച്ചില്ലങ്കിൽ പുറത്ത് പോകേണ്ടി വരുമെന്ന് നിനക്ക് പേടിയില്ലേ?,Fear
ട്രെയിൻ ടിക്കറ്റ് ബുക്ക് ചെയ്യാൻ പോയപ്പോൾ റെയിൽവേ ബുക്കിംഗ് ക്ലർക്ക്  ഒരു മുതിർന്ന പൗരനോട് മോശമായി സംസാരിക്കുന്നത് കേട്ടപ്പോ എനിക്ക് എന്തോ പോലെ തോന്നി.,Disgust
നിങ്ങളുടെ വരുമാന രേഖകളിലെ  കണക്കുകള്‍ ആശങ്കാജനകമാണ് കേട്ടോ.,Fear
"നിങ്ങൾ എന്തു  ചെയ്തതതാന്ന്എനിക്കറിയില്ല, പക്ഷേ ആ ചവച്ച പേന കണ്ടാ മതിയല്ലോ.",Disgust
ഒരു പുതിയ സ്‌കൂളിൽ വർഷം തുടങ്ങുന്നതിൽ എനിക്ക് ചെറിയ ആശങ്കയുണ്ട്.,Fear
എനിക്ക് മടുത്തു നിങ്ങളുടെ ജീവനക്കാരെ കൊണ്ട്.  പരുക്കന്മാര്‍.,Anger
ഗൗർമെറ്റ് പുലാവോയുടെ സങ്കീർണ്ണമായ അവതരണം കലക്കി.,Happiness
"വളർന്നുവരുമ്പോൾ, എന്‍റെ അധ്യാപകരുടെ പ്രതീക്ഷകൾ എനിക്ക് നിറവേറ്റാനാകുമോ?",Fear
"നിങ്ങൾക്ക് ഭ്രാന്താണോ? ചികിൽസ തുടങ്ങിയപ്പോ മറ്റേ ഡോക്ടർ  നാൽപ്പത്തിയഞ്ച്  ദിവസത്തെ വിശ്രമമൊന്നും പറഞ്ഞില്ല  . ഞാൻ ഇരുപത്തിയൊന്ന്  ദിവസം വിശ്രമിച്ചു, ഇപ്പോൾ ജോലിയിലേക്ക് തിരിച്ചു കേറിയില്ലെങ്കിൽ  എന്‍റെ ജോലി പോകും .",Anger
റഷ്യൻ ടെന്നീസ് താരത്തെ ടൂർണമെന്‍റിനായി പോളണ്ടിൽ പ്രവേശിക്കാൻ അനുവദിക്കാത്തത് നീതികേടാണ്‌.,Anger
രണ്ട്  വർഷത്തോളം മദ്യപാനത്തെ പിടിച്ച് നിർത്തിയ ശേഷം വീണ്ടും  മദ്യത്തിലേക്ക് തിരിയുമ്പോൾ എനിക്ക് വല്ലാതെ വിഷാദം അനുഭവപ്പെട്ടു.,Sadness
എന്‍റെ എഞ്ചിൻ പ്രശ്നത്തിൽ എന്നെ സഹായിക്കാൻ ചെന്നൈയിലെ നല്ല     അറിവുള്ള ഒരു സർവീസുകാരൻ ആണ്  വി.പി. എന്നതിൽ എനിക്ക് നല്ല ആശ്വാസമുണ്ട്.,Happiness
ഞാൻ മൂന്ന് തവണ വിളിച്ചിട്ടും ആരും റൂം സർവീസിന് വരാൻ മെനക്കെട്ടിട്ടില്ല! ഹോട്ടൽ ഇങ്ങനെയാണോ പെരുമാറേണ്ടത്.,Anger
നമുക്ക്   ഓപ്ഷനുകൾ വളരെ കുറവാണ് ! ഒരു ട്രെഡീഷണൽ ലോണിന്  നമുക്ക് യോഗ്യത ഉണ്ടാകാൻ വഴിയില്ല .,Sadness
"ശരിക്ക് പറഞ്ഞാല്‍, നിങ്ങടെ പെരുമാറ്റം കണ്ടിട്ട് എനിക്കു നല്ല കടുപ്പാകുന്നുണ്ട്.",Anger
"കഴിഞ്ഞ ഒരാഴ്ചയായി ഞാൻ ഈ ബുക്ക് തിരയുകയാണ്, പക്ഷേ ഇപ്പോഴും എനിക്ക് അത് കിട്ടിയിട്ടില്ല. ബുക്ക് കിട്ടാത്തത് എന്നെ വല്ലാതാക്കുന്നു.",Fear
എന്‍റെ പാചകക്കാരൻ എന്‍റെ ബോസിനും കുടുംബത്തിനും നല്ല രുചികരമായ  അത്താഴം തയ്യാറാക്കി.,Happiness
ഓരോ തവണ ബിൽ കാണുമ്പഴും എനിക്ക് നിരാശയാണ്. ഗ്യാസ് സിലിണ്ടർ വില കൂടുന്നത് കാരണം എന്‍റെ ചെലവുകളെപ്പറ്റി ഒന്നുകൂടി  ആലോചിക്കണം.,Sadness
"ആ ന്യൂസ് പോര്‍ട്ടലില്‍ മൊത്തം അവിഹിതങ്ങളാണ്, എന്തൊരു നാണംകെട്ട മാധ്യമപ്രവര്‍ത്തനമാണ്.",Disgust
എല്ലാ വിവരങ്ങളും നൽകാതെ ടെക്നിക്കൽ  വൈറ്റ് പേപ്പർ പൂർത്തിയാക്കുമെന്ന് അവര്‍ പ്രതീക്ഷിക്കുമെന്ന് ഞാൻ വിചാരിച്ചിരുന്നേയില്ല.,Surprise
സി. ഇ. ഒ ആണെന്ന് കരുതി ഇങ്ങനെ നിർത്തി അപമാനിക്കാൻ പാടുണ്ടോ; എന്തെങ്കിലും പറയാനുണ്ടെങ്കിൽ ഓഫീസിലേക്ക് വിളിച്ച് പറഞ്ഞാൽ പോരെ.,Anger
നമുക്ക് ചുറ്റും നടക്കുന്ന എത്രയോ  നല്ല കാര്യങ്ങൾ കാണിക്കുന്നതിനേക്കാൾ നെഗറ്റീവ് വാർത്തകളിൽ മാത്രമാണ് ടിവി ചാനലുകൾ ശ്രദ്ധ കേന്ദ്രീകരിക്കുന്നത് .,Anger
തങ്ങളുടെ കമാൻഡറെ ആക്രമിച്ചപ്പോൾ    ഇന്ത്യൻ സൈനികർ  പ്രകോപിതരാകുകയും ശത്രുക്കൾക്കെതിരെ തിരിച്ചടിക്കുകയും ചെയ്യേണ്ടതായിരുന്നു.,Anger
"ടിവിയിൽ ""ദി കോസ്ബി ഷോ"" വീണ്ടും കാണുന്നത് എനിക്ക് വളരെ രസമായി തോന്നി .",Happiness
മോശം സര്‍വീസ് ക്വാളിറ്റി കാരണം ഈ കൊറിയർ വീണ്ടും എനിക്ക് ഉപയോഗിക്കാന്‍ തോന്നാറില്ല.,Fear
ബെന്ന്യാമിന്റെ ആടുജീവിതം ഞാന്‍ ഇതുവരെ വായിച്ചില്ലലോ എന്നോര്‍ക്കുമ്പോള്‍ എനിക്ക് എന്നോട് തന്നെ പുച്ഛം തോന്നുന്നു.,Disgust
"ധ്രുവ്, മറ്റുള്ളവരെ വിഡ്ഢികളാക്കുന്നത് നിർത്തി ക്ലാസ്സിൽ ശ്രദ്ധിക്കൂ !",Anger
അയാളുടെ അഭിമാനയം കണ്ടാൽ എഴുന്നേറ്റ് ഓടാൻ തോന്നും; ഞാനില്ല ഇനി അയാളുടെ പരിപാടിക്ക്.,Disgust
എൻ്റെ നാട്ടിലുള്ള പാവപ്പെട്ട കുടുംബങ്ങൾക്ക് കേറിക്കിടക്കാൻ ഒരു വീടുപോലും ഇല്ല.,Anger
"പാപ്പരായി, അവസാനത്തെ കൊഡാക് സ്റ്റോർ അതിന്‍റെ വാതിലടച്ചപ്പോൾ ഞാൻ കുറെ  നിരാശ നിറഞ്ഞ മുഖങ്ങൾ കണ്ടു.",Sadness
"വൗ , ഈ വാടക വീട് കണ്ടെത്തുന്നതിന് ബ്രോക്കറേജ് സര്‍വീസിനു ഒരു വിലനിർണ്ണയ ഘടനയുണ്ടെന്നത് വസ്തുതയാണല്ലേ.",Surprise
"കൊറിയർ കമ്പനിയുടെ പേയ്മെന്റ് പ്രക്രിയയിൽ ഞാൻ ശരിക്കും സംതൃപ്തനാണ്. അത് സത്യസന്ധമായതും , പെട്ടന്ന് കഴിയുന്നതുമായിരുന്നു.",Happiness
ഫ്രിഡ്ജ് ശരിക്കു തണുക്കാതെ  എന്‍റെ ഭക്ഷണമെല്ലാം കേട് വരുന്നത്  എന്നെ ശരിക്കും വിഷമിപ്പിക്കുന്നു.,Sadness
"ഞാൻ ഒരു ക്ഷേത്രത്തിലേക്ക് ഡ്രൈവ് ചെയ്യുകയായിരുന്നു, അത്  അടയ്ക്കുന്നതിന് മുമ്പ് കൃത്യസമയത്ത് അവിടെ എത്താൻ കഴിയാത്തതിൽ എനിക്ക് നിരാശയായി .",Sadness
നിന്‍റെ  ഫോൺ നീ അശ്രദ്ധമായി താഴെയിട്ടതിന് ഉത്തരവാദി ഞാനാണോ!,Surprise
ഞങ്ങളുടെ വരുമാന മാർഗങ്ങൾ  ഇപ്പൊ സൂപ്പറായി പോകുന്നു.,Happiness
ഇന്ത്യാന ജോൺസ് സിനിമകളിലെ ഹാരിസൺ ഫോർഡിൻ്റെ അഭിനയം കണ്ടിട്ടുണ്ടോ? അഭിനയം എന്ന് പറഞ്ഞാൽ അതാണ്.,Happiness
ചെന്നൈയിലെ ട്രാഫിക്കിൽ വണ്ടി നിർത്താൻ എനിക്ക് പേടിയാണ്.  പ്രത്യേകിച്ച് ബെല്ലും ബ്രേക്കുമില്ലാത്ത ചെന്നൈ സിറ്റി ബസ് പുറകിലുണ്ടേൽ.,Fear
ഞങ്ങൾ എപ്പോഴും  എയർ കണ്ടീഷനിംഗ് ഉപയോഗിക്കുന്നതുകൊണ്ട്  ഈ മാസം ഞങ്ങളുടെ വൈദ്യുതി ബിൽ എത്ര  വരുമെന്ന് എനിക്ക് നല്ല പേടിയുണ്ട്.,Fear
നിങ്ങടെ ഡാൻസ് സ്കൂളിൽ എന്‍റെ കുട്ടി പഠിക്കുന്നതിന്‍റെ ചെലവു താങ്ങാൻ എനിക്ക് കഴിയില്ലെന്ന് മനസിലാക്കാൻ നിങ്ങള്‍ക്ക് ഇത്ര ബുദ്ധിമുട്ടാണോ?,Disgust
നിന്‍റെ  സത്യസന്ധതയില്ലായ്മയും ബഹുമാനക്കുറവും എന്നെ വെറുപ്പിച്ചു.,Disgust
"മിന്നുന്ന സൈക്കിള്‍ എനിക്കിഷ്ടല്ല, കാരണം ഇത് ഭയങ്കര ആഡംബരമാണ്, അതോണ്ട് ഞാൻ അവ വാങ്ങാറില്ല.",Disgust
ഞങ്ങളുടെ വാക്വം ക്ലീനർ എളുപ്പത്തിൽ സർവീസ് ചെയ്തതും  എന്നെ അമ്പരപ്പിച്ചു.,Surprise
ഒരു ലളിതമായ ബോഡി റിപ്പെയറിന്  മെക്കാനിക്ക് ഇത്രയും  തുക ഈടാക്കുന്നുവെന്ന് എനിക്ക് വിശ്വസിക്കാൻ കഴിയുന്നില്ല! അവൻ എന്നേ കൊള്ളയടിക്കുകാ.,Anger
എന്റെ പലചരക്ക് സാധനങ്ങൾ നശിക്കുന്നതിനെക്കുറിച്ച് ഉടൻ വിഷമിക്കേണ്ടതില്ലെന്ന് അറിയുന്നത് എന്‍റെ ചുമലിൽ നിന്ന് ഒരു ഭാരം ഒഴിഞ്ഞ പോലെയാണ്. ഞാൻ ഒരു പുതിയ ഫ്രിഡ്ജ് വാങ്ങുകയാണ്.,Happiness
ഗംഭീരം! അപ്പൊ ഇതിനർത്ഥം ഈ വർഷം അവസാനമാവുമ്പോഴേക്കും നമുക്ക് പത്ത് മില്യൺ  ഇയർഫോണുകൾ വിൽക്കാൻ കഴിഞ്ഞേക്കും എന്നാണ് !,Surprise
"വിദ്യാർത്ഥികൾ പച്ചയ്യപ്പാസ് കോളേജിന് ചുറ്റും നടക്കുകയും, വഴിയാത്രക്കാരെ വളഞ്ഞിട്ട്  ആക്രമിക്കുകയും ചെയ്യുന്നു.",Fear
എന്‍റെ ലാപ്ടോപ്പിൽ തകരാറിലാകുന്ന സോഫ്റ്റ് വെയർ  നിങ്ങളുടേതില്‍ വര്‍ക്കു ചെയ്യുന്നൂന്ന് കേൾക്കുമ്പഴാ.,Sadness
ആമസോണിൻ്റെ ആപ്പിൽ വീട്ടിൽ ഇരുന്ന് ഷോപ്പിംഗ് ചെയ്യാൻ എന്ത് എളുപ്പമാണ്; മറ്റൊരു ആപ്പും അടുത്തെങ്ങും വരില്ല!,Surprise
പ്രതികാരം ചെയ്യുമെന്ന് ഭയന്നതിനാൽ സാൻ ഫ്രാൻസിസ്കോയിലെ കടയുടമ  മോഷ്ടാക്കളെ തടഞ്ഞില്ല.,Fear
"ഓവർ ദി ടോപ്പ് പരിഷ്ക്കരണങ്ങളോട് എനിക്ക് വെറുപ്പ് ഉണ്ട്. എൻ്റെ കാറിനെ ഒരു മിന്നുന്ന, ആഡംബര കാഴ്ചയാക്കി മാറ്റുന്നത് എനിക്കിഷ്ടല്ല.",Disgust
പ്രധാനപ്പെട്ട ഒരു ഇന്റർവ്യൂ വന്നപ്പോൾ ഒരു ഓട്ടോ ഡ്രൈവറും എന്നെ കൊണ്ടുപോകാതിരുന്നപ്പോ എനിക്ക് കരച്ചിൽ വന്നു.,Sadness
മരുന്നുകൾ കൃത്യസമയത്ത് എത്തിച്ചതിന് നന്ദി. നിങ്ങൾ ഒരു ജീവൻ രക്ഷിച്ചു.,Happiness
ലെബനനെ തോൽപ്പിച്ച് ഇന്ത്യൻ ടീം കപ്പ് നേടിയ സമയത്ത് എന്‍റെ ആവേശം അണപൊട്ടി.,Happiness
കുറെ വാങ്ങുമ്പോ ഡിസ്ക്കൗണ്ട്  തന്ന് വിശ്വസ്ത ഉപഭോക്താവെന്ന നിലയിൽ ഇലക്ട്രിക്കൽ സ്റ്റോർ എനിക്ക് ക്രെഡിറ്റ് നൽകാത്തപ്പോൾ ഞാൻ അസ്വസ്ഥനായി.,Anger
"പുതിയ പ്രൊഡക്റ്റ് ലോഞ്ചിനായി ആപ്പിൾ സ്റ്റോറിന് പുറത്ത് വളരെ കുറച്ച് ആളുകളെ ഉണ്ടായിരുന്നുള്ളൂ, മുൻപൊക്കെ  അവിടെ ഒരു പ്രൊഡക്റ്റ് ലോഞ്ച് ചെയ്യുമ്പോൾ ആയിരക്കണക്കിന് ആള്‍ക്കാരാണ് ഉണ്ടായിരുന്നത്.",Surprise
ടോക്കിയോ നഗരത്തിൻ്റെ ഹൃദയഭാഗത്ത് ഇത്രയും ആള്‍ത്തിരക്കില്ലാതെ ഒരു ഇടം കിട്ടുമെന്ന് ഞാൻ ഒരിക്കലും കരുതിയില്ല!,Surprise
എത്ര കാശാണ് ആളുകൾ ക്രെഡിറ്റ് കാർഡിൽ പലിശയായി ചെലവഴിക്കുന്നത്?,Surprise
"ബാങ്കിലേക്ക് കടക്കുമ്പോൾ , എന്‍റെ ഹൃദയമിടിച്ചു, കൂടുതൽ പ്രശ്നങ്ങൾ ഇല്ലാതെ  പ്രായപൂർത്തിയാകാത്ത എന്‍റെ കുട്ടിക്കായി അക്കൗണ്ട് തുറക്കാൻ കഴിയുമോ എന്ന് എനിക്ക്  ഉറപ്പില്ല.",Fear
ഡബ്ല്യു. ഡബ്ല്യു.ഇ . ഇങ്ങനെ  കാണുന്നത് എനിക്ക് സഹിക്കാൻ കഴിയില്ല. അത് നിർത്തിയെന്നു തോന്നുന്നു.,Disgust
നമ്മുടെ  മാർക്യൂ ക്ലയന്‍റ് കാരണം നമ്മൾ ഗണ്യമായി വളരുന്നുണ്ട്.,Happiness
കഴിഞ്ഞ ആറ്  മാസമായി മദ്യാസക്തിയെ ചെറുത്ത് ഒരു പക്ഷി ഉയരത്തിൽ കുതിക്കുന്നതുപോലെ എനിക്ക് തോന്നുന്നു.,Happiness
യ്യോ! രണ്ടുപേരും  പന്ത് തലകീഴായി എടുക്കാൻ ശ്രമിക്കുമ്പോ അവരുടെ ചുണ്ടുകൾ അബദ്ധത്തിൽ കൂട്ടിമുട്ടി.,Disgust
"ആഹ്, നിങ്ങൾ വീണ്ടും എന്തിനാ ഷെഡ്യൂളിനെക്കുറിച്ച് ചോദിച്ചോണ്ടിരിക്കുന്നെ!",Disgust
സംസാരം നിർത്തി ജോലി ചെയ്യ് !,Anger
എൽ.ജി.ബി.ടി.ക്യു.പ്ലസ്   അവകാശങ്ങളുടെ പിൻവലിക്കലിന് സാക്ഷ്യം വഹിക്കുന്നത് പ്രകോപനകരമാണ്.,Anger
നിങ്ങൾക്കെന്തായാലും ഇഷ്‌ടപ്പെടുമെന്ന് കരുതുന്ന ഒരു പുതിയ നൃത്ത ശൈലി നിങ്ങൾ അടുത്തറിയാൻ പോകുകല്ലേ!,Happiness
വൗ ! ഈ സ്മാർട്ട്ഫോൺ ക്യാമറ പ്രൊഫഷണൽ ക്വാളിറ്റിയുള്ള  ഫോട്ടോകൾ എടുക്കും.,Surprise
"ഉയ്യോ, ബാംഗ്ലൂരിലേക്കുള്ള ആ ട്രെയിൻ നിർത്തേണ്ട സ്റ്റേഷനിൽ നിർത്താതെ പോകുന്നേ കണ്ടോ!",Surprise
സിനിമയിൽ ഒരു റോളിനുള്ള ഓഡിഷനായി ക്യാമറയ്ക്ക് മുന്നിൽ നിൽക്കുമ്പോൾ എന്‍റെ കൈകൾ  വിറയ്ക്കുകയും ഹൃദയമിടിക്കുകയും ചെയ്തു.,Fear
നിങ്ങൾ  വിദ്യാർത്ഥികളാരും ഭാഷയെക്കുറിച്ച് ചിന്തിക്കുന്നില്ല,Disgust
ക്ഷേത്രത്തിൽ പോയതിന് ശേഷം മനസ്സിന് വല്ലാത്തൊരു സംതൃപ്തി.,Happiness
ഈ സമയത്ത് അവരുടെ വാതിലിൽ മുട്ടണ്ട. അവർ ചിലപ്പോ പോലീസിനെ വിളിയ്ക്കും .,Fear
ഇത്രയും കാലം രോഗികളായ ഞങ്ങടെ അച്ഛനമ്മമാരെ എന്‍റെ സഹോദരൻ ആരും അറിയാതെ  രഹസ്യമായി പരിപാലിക്കുന്നുണ്ടെന്ന് അറിഞ്ഞപ്പോ  ഞാൻ അത്ഭുതപ്പെട്ടു. നിസ്വാർത്ഥമായ  ഒരു പുണ്യപ്രവൃത്തി.,Surprise
എന്താ ഇത് ? ഒരു മരപ്പണിക്കാരന്‍റെ  കൈയിൽ വിവിധ  കബോർഡ് ഓപ്ഷനുകൾ ഉണ്ടാകുമെന്നാ  ഞാൻ വിചാരിച്ചത്.,Anger
വിദേശാക്രമണകാരികൾ എന്തുകൊണ്ടാ നമ്മുടെ രാജ്യത്തുള്ള  പേരുകേട്ട എല്ലാ ലൈബ്രറികളും നശിപ്പിച്ചതെന്ന് എനിക്കറിയില്ല.,Sadness
യാത്രക്കാരൻ മദ്യപിച്ചെത്തി ഞങ്ങളുടെ വിമാനം വൈകിയപ്പോൾ ആകെ സീനാക്കി ടേക്ക് ഓഫിൽ ഇരിക്കാൻ വിസമ്മതിച്ചപ്പോൾ എനിക്ക് ദേഷ്യം വന്നു .,Anger
"എന്‍റെ കുട്ടിയുടെ ജന്മദിനത്തിനു സമ്മാനങ്ങൾ വാങ്ങാൻ  വേണ്ട പണം എന്‍റെ കയ്യിലുണ്ടായിരുന്നു, അതുകൊണ്ട് ഞാൻ നല്ല ഉഷാറായി കടയിലേക്ക് നടന്നു.",Happiness
"മോശം കാലാവസ്ഥ കണക്കിലെടുത്ത്, മൗണ്ട് എവറസ്റ്റ് ബേസ് ക്യാമ്പിലേക്കുള്ള ഈ ട്രിപ്പ് ഞാൻ കാൻസൽ ചെയ്യണോ  ?",Fear
നിങ്ങളുടെ എല്ലാ ആവശ്യങ്ങളും സാമ്പത്തിക ലക്ഷ്യങ്ങളും നേടിയെടുക്കാന്‍ സഹായിക്കുന്നതിനുള്ള അക്കൗണ്ടുകൾ നിങ്ങൾക്കുണ്ട്.,Happiness
കസ്റ്റമേഴ്‌സിന്‍റെ  പരാതികൾ കൈകാര്യം ചെയ്യുമ്പോഴും കാര്യങ്ങൾ കൂടുതൽ വഷളാക്കുമ്പോഴും എന്‍റെ ശാന്തത നഷ്ടപ്പെടുന്നുണ്ടോ?,Fear
എന്‍റെ അമ്മായിയമ്മയുടെ ആരോഗ്യത്തിന് കുഴപ്പമൊന്നുമില്ലെന്ന് ഡോക്ടർ സ്ഥിരീകരിച്ചതോടെ ഞങ്ങൾക്ക് ആശ്വാസമായി.,Happiness
എനിക്ക് ഒരു മെഡിക്കൽ ചെലവിനുള്ള റീഇംബേഴ്സ്മെന്റ് കിട്ടി.,Happiness
പെർഫോമൻസിന്‍റെ തലേന്ന് രാത്രി അഞ്ച്‌  ഗ്ലാസ് നാരങ്ങ സോഡ കഴിച്ചതിന് ശേഷം രാവിലെ സ്റ്റേജിൽ പാടാനുള്ള മകന്‍റെ കഴിവിനെക്കുറിച്ച് എനിക്ക് ആശങ്കയുണ്ടായിരുന്നു .,Fear
വലിയ ഉത്സാഹമില്ലാത്ത  നൂറ്  മീറ്റർ ഓട്ടത്തിനായി വരിയിൽ നിൽക്കുമ്പോൾ ഡാനിന്‍റെ കാലുകൾ മരവിച്ചുപോയി.,Fear
റെയിൽവേ ബുക്കിംഗ് കൗണ്ടറിൽ എത്തുമ്പഴേക്കും ചെന്നൈയിലേക്കുള്ള  ടിക്കറ്റുകളെല്ലാം കഴിയുമോയെന്ന ആശങ്കയിലാണ് ഞാൻ.,Fear
ഇന്നലെ വൃദ്ധനായ യാചകൻ തെരുവിലൂടെ പതുക്കെ  ഇഴഞ്ഞു  പോകുന്നത് ഞാൻ സങ്കടത്തോടെ നോക്കി .,Sadness
വിരലുകളിലെ വേദനയിൽ നിന്ന് ഒരു ഡോക്ടർക്കും ആശ്വാസം നൽകാൻ കഴിയാത്തപ്പോൾ എനിക്ക് എന്‍റെ അമ്മയോട്  സഹതാപം തോന്നി.,Sadness
ചില  ആൾക്കാർ ഒരുപാട് ബുദ്ധിമുട്ടുമ്പോൾ  സമ്പന്നർക്ക് കൈ നിറയെ പണം കിട്ടുന്നു.,Anger
ഇത്തവണ ഞാൻ നന്നായി തയ്യാറാക്കിയ ഒരു പുതിയ പ്രസന്‍റേഷൻ  അവതരിപ്പിച്ചു.,Happiness
സീനിയർ ലീഡർഷിപ്പ്  പുതിയ ആളുകൾ വേണമെന്ന്  ആഗ്രഹിക്കുകയും എന്നാൽ അവരുടെ ആശയങ്ങൾ അംഗീകരിക്കാതിരിക്കുകയും ചെയ്യുന്നത് ദേഷ്യം പിടിപ്പിക്കുന്നതാണ് .,Anger
ഞങ്ങളുടെ ഗാലറിക്കു വേണ്ടി  ഞാനെന്താ നേടിയേന്നു നിങ്ങൾ വിശ്വസിക്കില്ല!,Surprise
വിനായക ചതുർത്ഥി പൂജയ്ക്കായി ഞങ്ങളുടെ സ്വന്തം പൂന്തോട്ടത്തിൽ നിന്ന് ധാരാളം പൂക്കൾ കിട്ടിയപ്പോ എനിക്ക് ഭയങ്കര സന്തോഷമായി.,Happiness
"അടയാറിലെ പുതിയ റെസ്റ്റോറന്‍റിൽ സർവീസ്  ഭയങ്കര മോശം ആയിരുന്നു, ഞങ്ങളുടെ ആനിവേഴ്സറിക്ക് ഭാര്യയെ അവിടെ കൊണ്ടുപോയതു കഷ്ടമായി.",Sadness
"എനിക്ക് വേറൊരു വഴിയുമില്ലാന്നാ തോന്നുന്നേ ,   ടാക്സ് വന്നിട്ടും അത്  അടയ്ക്കാത്തവരുടെ കൂടി കുറവ് തീര്‍ക്കാന്‍  എന്നോട് കൂടുതൽ അടയ്ക്കാൻ   ആവശ്യപ്പെടുന്ന സിസ്റ്റം തീരെ ശെരിയല്ല.",Disgust
"എന്‍റെ ആരോഗ്യ റിപ്പോട്ടിൽ ഡോക്ടർ വളരെ ഹാപ്പി ആയിരുന്നു, എന്നോട് വ്യായാമം എന്തായാലും തുടരണെന്ന് പറഞ്ഞു.",Happiness
എനിക്ക് ഇനി ഈ മണ്ടൻ കളി കളിക്കാൻ വയ്യാ. എനിയ്ക്ക് ഒരിക്കലും ജയിക്കാൻ പറ്റാത്ത  കുറെ വിഡ്ഢി നിയമങ്ങൾ ഉള്ളതാ ഇത്.,Anger
ഒരു കാൽനടയാത്രക്കാരനെ കടന്നുപോകാൻ അനുവദിക്കുന്നതിനുവേണ്ടി ഇന്ത്യയിൽ  സീബ്ര ക്രോസിംഗിൽ നിർത്തിയപ്പോള്‍  പിന്നില്‍ ഹോണടിച്ചതിനെ തുടർന്ന് എനിക്ക് വിഷമമായി.,Sadness
എന്‍റെ വിമാനത്തിൽ ഒരു യാത്രക്കാരൻ തന്‍റെ ഇരുണ്ട നിറമുള്ള സഹയാത്രികനെ അധിക്ഷേപിക്കുകയും അദ്ദേഹത്തിന്‍റെ അടുത്തിരിക്കാൻ വിസമ്മതിക്കുകയും ചെയ്യുന്നത് കേട്ടപ്പോൾ എനിക്ക് വെറുപ്പ് തോന്നി .,Disgust
ഞങ്ങൾ ഡ്രൈവ് ചെയ്ത് കടന്നുപോകുമ്പോൾ കണ്ട ഗ്രാമത്തിലെ ആളുകൾ വളരെ ദുരിതത്തിലായിരുന്നു.,Sadness
എന്‍റെ വിശ്വസ്തരായ സഹപ്രവർത്തകരിൽ പലരും പുതിയ നല്ല ജോലിയൊക്കെ നോക്കി പോകുന്നുവെന്ന് കേട്ടപ്പോൾ ഞാൻ ആകെ തളർന്നുപോയി.,Sadness
കോവിഡ് പത്തൊൻപത്  കേസുകളിൽ സമീപകാലത്തുണ്ടായ വർദ്ധനവ് കാരണം ഇപ്പോൾ പുറത്തിറങ്ങാനുള്ള ധൈര്യം പോലും ഇല്ല.,Fear
സംഭാവനക്കൂപ്പണ്‍ ഇന്നുതന്നെ കൊടുത്തു തീര്‍ക്കണമെന്ന് പറഞ്ഞ് അവര്‍ പോകും പിന്നെ പെടാപാട് പെടേണ്ടത് നമ്മളാണ്.,Disgust
അവസാന ക്വാർട്ടറിൽ  ഞാൻ സ്ഥാനക്കയറ്റം നൽകിയ കാൻഡിഡേറ്റ്  രാജിവയ്ക്കാൻ തീരുമാനിച്ചപ്പോൾ എനിക്ക് ആശ്ചര്യവും ആശയക്കുഴപ്പവുമായി .,Surprise
"ലോക്കർ പ്രവർത്തിപ്പിക്കാൻ ബാങ്കിൽ ചെന്നപ്പോൾ എനിക്കാകെ വിഷമമായി , ഒരു മണിക്കൂറോളം എന്നെ സഹായിക്കാൻ  ആരും വന്നില്ല.",Sadness
അവർക്ക് മറ്റൊരു ജോലി ലഭിക്കാൻ വേണ്ടിയുള്ള പരിശീലനത്തിനായി കമ്പനി പണം ചെലവഴിക്കണമെന്ന് ജീവനക്കാർ ആഗ്രഹിക്കുന്നതിൽ എനിക്ക് ദേഷ്യം തോന്നി.,Anger
സ്മിത്‌സോണിയൻ മ്യൂസിയങ്ങളിൽ ഇത്രയും നന്നായി സംരക്ഷിക്കപ്പെട്ടിട്ടുള്ള ചരിത്രവസ്തുക്കൾ കണ്ടെത്തുമെന്ന് ഞാൻ പ്രതീക്ഷിച്ചേയില്ല.,Surprise
നഗരത്തിന്‍റെ മധ്യഭാഗത്തുള്ള സ്റ്റോറിൽ സെയിൽസ്  കുറയുന്നത് വല്ലാത്ത നിരാശാ തന്നെയാണ്.,Sadness
"ഹോസ്പിറ്റല്‍ ബില്ലിലെ ഡോക്ടറുടെയും  ട്രാൻസ്പോർട്ടേഷന്‍റെയും അധിക  ഫീസ്  ഞാൻ വിചാരിച്ചിരുന്നതല്ല, ഇത് എന്നെ ആകെ നിരാശനാക്കി.",Sadness
യാത്രക്കാരെ സൗജന്യമായി സഹായിക്കാൻ തീരുമാനിച്ചതിന് ശേഷം യാത്രക്കാര്‍ കൊള്ളയടിച്ച സത്യസന്ധനായ ഓട്ടോ ഡ്രൈവറെ ഓർത്ത് എനിക്ക് ഭയങ്കര വിഷമമായി .,Sadness
ഞാൻ ഒരു പുതിയ ലാപ് ടോപ്  ചോദിച്ചെങ്കിലും എനിക്ക് ഒരു പുതിയത് തരാൻ പറ്റില്ലെന്നു  സപ്പോർട്ട് സ്റ്റാഫ് പറഞ്ഞു.,Sadness
റെഡിമെയ്ഡ് ഫർണിച്ചറുകൾ വാങ്ങാനുള്ള പ്രതീക്ഷയിൽ ഞാൻ ശരിക്കും ത്രില്ലിലാണ്  .,Surprise
ഓ!  ഓടാൻ പെട്രോൾ ആവശ്യമില്ലാത്ത പുതിയ ഹൈബ്രിഡ് കാറാണോ  ഇത്?,Surprise
വൗ! നിങ്ങളുടെ മകൻ കല്യാണം കഴിക്കാൻ പോകുന്നെന്ന് എനിക്കറിയില്ലായിരുന്നു!,Surprise
ഫ്രാൻസിലെ റെസ്റ്റോറന്റുകളിലൊക്കെ പോയാൽ ഭാഷ അറിയാതെ എങ്ങനെയാ ഭക്ഷണം ഒക്കെ ഓർഡർ ചെയ്യുക?,Fear
"വാങ്ങാനുള്ള ബൈക്കുകൾ തിരഞ്ഞെടുക്കാൻ കഴിയാത്തതുകൊണ്ട് നിങ്ങള്‍ എന്നെ അപമാനിക്കണ്ട കാര്യമില്ല, മിസ്ടര്‍.",Anger
"ഈ കമ്പനിയുടെ കാന്‍സലേഷനും, റീഫണ്ട് പോളിസികളും മനസിലാക്കിയത് അപ്രതീക്ഷിത കാര്യങ്ങൾ പ്ലാന്‍ ചെയ്യുന്നതിൽ എനിക്ക് ആത്മവിശ്വാസം നൽകുന്നു.",Happiness
അരമണിക്കൂറിനുള്ളിൽ കളി തുടങ്ങും. എന്താ   നിങ്ങളാരും  ഇതുവരെ വാം അപ്പ് ചെയ്തില്ലേ ?,Anger
"അപ്രതീക്ഷിതമായ ഒരു സാഹചര്യം ഉണ്ടായതിനാൽ , ഞങ്ങളുടെ ഇവന്‍റിന് സ്ട്രിക്ട് കാൻസലേഷൻ  പോളിസി   അപ്ലൈ  ചെയ്യാൻ  ഞങ്ങൾക്ക് പറ്റില്ല  എന്നത് നിരാശാജനകമാണ്.",Sadness
നീണ്ട ഇടവേളയ്ക്ക് ശേഷമാണെങ്കിലും വൈദ്യുതി പുനഃസ്ഥാപിച്ചല്ലോ.,Happiness
ഈ അതിമനോഹരമായ ഡയമണ്ട് പെൻഡന്റ്  നിങ്ങളുടെ ആനിവേഴ്സറി സെലിബ്രേഷന് നൽകുന്ന തിളക്കം ഒന്നാലോചിച്ചു നോക്കിയേ.,Happiness
കമ്പനിക്ക് ഇപ്രാവശ്യം നല്ല ലാഭമുണ്ടായിട്ടും അവർ എൻ്റെ ഈ വർഷത്തെ ബോണസ് കുറച്ചിരിക്കുകയാണ്.,Sadness
"എന്‍റെ ബന്ധുവിന് സര്‍ജറിക്ക് അടിയന്തിരമായി എ.ബി. നെഗറ്റിവ് ബ്ലഡ്‌ വേണം, അത് ഉണ്ടോന്നു ആരും  കൃത്യമായി  ഉത്തരം പറയുന്നില്ല. ഇത് ജീവന്മരണ പ്രശ്നമാണ്!",Anger
"നിർഭാഗ്യവശാൽ എനിക്ക് പല  പ്രശ്നങ്ങൾ ഉണ്ടായിട്ടുണ്ട്, അതോണ്ട് നിങ്ങളുടെ  ബാങ്കുമായി യാതൊരു ഇരുപാടും വേണ്ട എന്ന തോന്നലിലെത്തി.",Disgust
വൗ! അഡ്രസ്സില്‍ വളരെയധികം കണ്‍ഫ്യൂഷന്‍ ഉണ്ടെങ്കിലും ഞങ്ങള്‍ക്ക് കൃത്യ സ്ഥലം    കണ്ടെത്താൻ കഴിഞ്ഞു.,Surprise
മക്കളുടെ കോളേജ് ഫീസ് അടച്ചുതീർക്കേണ്ടത് ആലോചിച്ചിട്ട് ഉറക്കം കിട്ടുന്നില്ല.,Fear
അയാള്‍ടെ മുഴച്ചിരിക്കുന്ന കാൽമുട്ടിന് ശമനമില്ലെന്ന് പറഞ്ഞപ്പോൾ സെക്യൂരിറ്റിക്കാരൻ വല്ലാത്ത കഷ്ടത്തിലായിപ്പോയി.,Sadness
"ഡിസൈൻ ശരിക്കും  പെര്‍ഫക്റ്റ് അല്ലേല്‍, നിങ്ങൾ എനിക്ക് പണം തിരികെ നൽകും.",Anger
ഇങ്ങനെ മഴ പെയ്താൽ നമ്മുടെ നാട്ടിലെ ഭക്ഷണത്തിലൂടെയും വെള്ളത്തിലൂടെയും ഒക്കെ രോഗങ്ങൾ പകരില്ലേ?,Fear
മോഡുലാർ കിച്ചൺ  ഇത്രയേറെ ശ്രദ്ധയോടെ ഡിസൈൻ ചെയ്യപ്പെടുമെന്ന് ഞാൻ ഒരിക്കലും പ്രതീക്ഷിച്ചിരുന്നില്ല! ഞാൻ വിചാരിച്ചതിലും അപ്പുറത്താണ് ഇത് .,Surprise
ആഭരണങ്ങൾ സന്ദർഭവുമായി നന്നായി  മാച്ച് ചെയ്യണം . അത് അപ്രസക്തമോ നന്നല്ലാത്തതോ ആയി  തോന്നാൻ ഞാൻ ആഗ്രഹിക്കുന്നില്ല.,Fear
"നഗരത്തിലെ സമാധാനം തകർക്കുന്ന വിദ്യാർത്ഥികൾക്ക് ഗുരുതരമായ  പ്രത്യാഘാതങ്ങൾ നേരിടേണ്ടി വരുമെന്ന് ഭാഗ്യവശാൽ,  പോലീസ് താക്കീത് കൊടുത്തിട്ടുണ്ട്.",Happiness
അദ്ദേഹത്തിന്‍റെ ആയുസ്സ് കുറച്ച് ദിവസങ്ങൾ  കൂടി മാത്രമേ ഉള്ളൂന്ന് ഡോക്ടർ പറഞ്ഞു.,Sadness
"ഞാൻ കുറെ പൈസ മുടക്കി കഷ്ടപെട്ടിട്ടാ  സ്റ്റേഡിയത്തിൽ എത്തിയത്, സി.എസ്.കെ. ടീം മത്സരം തോറ്റപ്പോ എനിക്ക് കടുപ്പായി.",Anger
ആരോഗ്യത്തോടെ ഇരിക്കാൻ  പല ആളുകളും  സൈക്കിൾ ചവിട്ടുന്നതിൽ ഞാൻ സന്തുഷ്ടനാണ്. അത് എനിക്ക് നന്നായി തോന്നുന്നു .,Happiness
മുപ്പത്തിയഞ്ച്  വർഷത്തിനുശേഷം എന്‍റെ ഏറ്റവും ക്ലോസ് ആയ  ക്ലാസ്സ്മേറ്റ്സിനെ  കണ്ടുമുട്ടുന്നതിനെക്കുറിച്ച്  ആലോചിച്ച് എനിക്ക് ഭയങ്കര സന്തോഷമായി.,Happiness
"എന്തൊരു കഷ്ടമാണ്, ആരാണിവിടെ ഭക്ഷണവേസ്റ്റ് ഇട്ടത്? അതില്‍ മൊത്തം ഈച്ചയും ഉറുമ്പുമാണ്.",Disgust
"ആ നേഴ്‌സിന്റെ ഒരു ഭാവം കണ്ടില്ലേ, ഇവരെ പോലെയുള്ള ആളുകളാണ് നേഴ്‌സുമാരുടെ പേര് കളഞ്ഞുകുളിക്കുന്നത്.",Disgust
കട തുറക്കുമെന്ന് കടയുടമ പറഞ്ഞ കൊണ്ട് ഞാൻ നൂറ്  മൈലോളം വണ്ടിയോടിച്ച് ചെന്നപ്പോ കടയടവ്. അത് കണ്ടപ്പോഴേക്കും എനിക്ക് തരിച്ചു കേറി വന്നു.,Anger
"വൗ ! ഇത് നല്ല  സ്വാദുണ്ട് , ഇത് പ്രതീക്ഷിച്ചതേയില്ല. എനിക്ക് ഇത് ഇഷ്ടപ്പെട്ടു.",Surprise
"ഞാൻ എന്‍റെ നീന്തൽ വസ്ത്രങ്ങളൊക്കെ എടുത്താരുന്നു, പക്ഷേ കഷ്ടം എന്നു പറയട്ടെ ഞങ്ങൾ താമസിച്ച സമയത്ത് അവിടെ അറ്റകുറ്റപ്പണികൾക്കായി ഹോട്ടലിന്‍റെ പൂൾ അടച്ചിട്ടു.",Sadness
വീട് വാടകയ്ക്കെടുക്കുന്ന  പാക്കേജിന്‍റെ ഭാഗമായി ഒരു ജിമ്മിലേക്കും കുളത്തിലേക്കും പ്രവേശനം ലഭിക്കുമെന്ന് ഞാൻ പ്രതീക്ഷിച്ചിരുന്നില്ല.,Surprise
ചില സമയങ്ങളിൽ ബുദ്ധിമുട്ടുള്ള എന്തെങ്കിലും ജോലി ചെയ്യാനുണ്ടെങ്കില്‍ ഞാൻ ആകെ തകർന്നടിയും.,Sadness
"നമ്മുടെ ഫിനാൻഷ്യൽ റിപ്പോർട്ടുകൾ ക്രമത്തിൽ നോക്കി, ലാഭം ക്രമാനുഗതമായി വർദ്ധിച്ചത്  കണ്ടപ്പോൾ  എനിക്ക് അത് വലിയൊരു നേട്ടമായി തോന്നി .",Happiness
ഫിലാഡൽഫിയ റെയിൽവേ സ്റ്റേഷനടുത്തുള്ള സുരക്ഷയെക്കുറിച്ച് എനിക്ക് ആശങ്കയുണ്ട്; അവിടെ കള്ളക്കടത്ത് നടത്തുന്നതിനെപ്പറ്റിയൊക്കെ ചില കഥകൾ ഞാൻ കേട്ടിട്ടുണ്ട്.,Fear
റോങ്ങ് സൈഡിൽ കയറി വന്ന അയാളുടെ ഭാഗത്താണ് തെറ്റ്; എന്നിട്ടും അയാളുടെ ചെല കണ്ടാ!,Disgust
സി.ഇ.ഒ. കുറെ പൈസയുമായി  ഒളിവിൽ പോയതായി ഞാൻ പത്രങ്ങളിലൊന്നും വായിച്ചില്ല.  എവിടെയാ അങനെ കണ്ടത് ?,Surprise
"എന്‍റെ ജീവിതത്തിലുടനീളം നോർമണ്ടി ബീച്ചുകൾ കാണാൻ ഞാൻ ആഗ്രഹിച്ചിരുന്നു, പക്ഷേ നിങ്ങൾക്ക് തരാൻ എന്‍റെ കൈയിൽ പൈസ ഇല്ലാ.",Sadness
ഓഫീസിൽ ക്‌ളീനിംഗ്  ഷെഡ്യൂളുകൾ സൂപ്പർവൈസർ വളരെ കൃത്യമായി  ക്രമീകരിക്കുകയും അത് കേടുകൂടാതെ സൂക്ഷിക്കുകയും ചെയ്തു.,Happiness
എന്‍റെ വിദ്യാഭ്യാസ ലോണിനു ഞാൻ എത്ര കടം വാങ്ങിയെന്നാലോചിക്കുമ്പോള്‍ വല്ലാത്തൊരു  നിരാശ.,Sadness
സെക്കൻഡ് ഹാൻഡ് കാർ വാങ്ങാനുള്ള എന്‍റെ  തീരുമാനം നന്നായിന്നാ എനിക്ക് തോന്നണേ.,Happiness
കമ്പനി നഷ്ടത്തിലായപ്പോൾ ബൈജൂസ് സ്ഥാപകൻ ഒരു ടൗൺഹാൾ മീറ്റിംഗിൽ വിതുമ്പുന്ന കാഴ്ച്ച കണ്ണ് നനയിപ്പിക്കുന്നതായിരുന്നു.,Sadness
എന്‍റെ ഫ്രിഡ്ജ് തണുപ്പിക്കുന്നതിനുപകരം   ചെന്നൈയിലെ ചൂടിനെ വെല്ലുവിളിക്കുന്ന ചൂടാക്കുമെന്നു ഞാൻ ഒരിക്കലും പ്രതീക്ഷിച്ചിരുന്നില്ല!,Surprise
എന്താ നീ  ഒരു കുട എടുക്കാൻ  മറന്നേ ? ഇപ്പോ ഈ ചുട്ടു പൊള്ളണ വെയിലത്ത് എങ്ങനെയാ  ഇരിയ്ക്ക?,Anger
എൻ്റെ കൺസൾട്ടിംഗ് ബിസിനസ്സ് ഒന്ന് പച്ചപിടിച്ചിട്ടുണ്ട്. മുമ്പത്തെ പോലെ ഒന്നും അല്ല; ഇപ്പോൾ കിട്ടുന്ന ക്ലയന്‍റുകളൊക്കെ വലിയ പാർട്ടികളാ.,Happiness
എന്‍റെ ഓഹരി നിക്ഷേപങ്ങൾ തുടർച്ചയായി വിപണിയുടെ  പ്രതീക്ഷകളെ മറികടക്കുന്നു.,Happiness
"പരിപാടി എത്ര നന്നായി നടന്നു എന്ന് പങ്കെടുത്ത എല്ലാ അതിഥികളും പറഞ്ഞ കേട്ടില്ലേ, അത് ഇവന്‍റ് മാനേജരുടെ മിടുക്ക് തന്നെ.",Happiness
വൗ ! ഇത്രയും തമാശക്കാരനായ ഒരാളെ ഞാൻ ഇതിന് മുമ്പ് കണ്ടിട്ടില്ല!,Surprise
നിങ്ങളുടെ ഫീഡ്ബാക്ക് മോശമാകുമോ എന്ന ആശങ്കയിലാണ് ഞാന്‍.,Fear
"ഇന്ത്യയിലെ ഡ്രൈവിംഗ് യുഎസിലേതുമായി താരതമ്യം ചെയ്താല്‍, യു.എസ്.ൽ പഠിപ്പിക്കുന്ന ചിട്ടയായ സമീപനത്തിലാണ് എനിക്ക് കൂടുതൽ സുഖം തോന്നുന്നത്.",Happiness
"ഏറ്റവും വലിയ ഈ ബുക്ക് ഷോപ്പില്‍ ""കൗണ്ട് ഓഫ് മോണ്ടി ക്രിസ്റ്റോ"" യുടെ അസംഗൃഹീത പതിപ്പ് കിട്ടാത്തത് കഷ്ടമാണ്.",Sadness
ചെക്ക് ക്യാഷ് ചെയ്യാനുള്ള എന്‍റെ ഊഴത്തിനായി ഞാൻ ക്ഷമയോടെ കാത്തിരിക്കുമ്പോൾ ബാങ്ക് ജീവനക്കാരൻ എന്നോട് മോശമായി സംസാരിച്ചത്   എന്‍റെ സമനില തെറ്റിച്ചു.,Anger
ഞങ്ങളുടെ നഗരത്തിൽ കുട്ടികൾക്കായി ഇത്രയും മനോഹരമായ ഒരു കട തുറന്നതിൽ ഞാൻ ആവേശഭരിതനാണ്.,Happiness
"ഇയ്യേ! അത്രയ്ക്ക് മോശം! ഇത് ചീഞ്ഞ തക്കാളി പോലെയുണ്ട് , ഞാൻ ഇനി ഒരിക്കലും ഈ റെസ്റ്റോറന്‍റിൽ നിന്ന് ഭക്ഷണം കഴിക്കില്ല.",Disgust
"ഞാൻ ഒരു ചെറിയ മോഡിഫിക്കേഷനാണ്  ആവശ്യപ്പെട്ടത്,   ബാങ്ക് അക്കൗണ്ട് കാലിയാക്കലല്ല ! ഇത് നിരാശപ്പെടുത്തുന്നതിനും അപ്പുറമാണ്.",Anger
വീണ്ടും ബസ് തകരാറിലായ വിവരം ഞങ്ങളെ വഴിയരികിൽ നിർത്തിക്കൊണ്ട്  പറഞ്ഞപ്പോ  കണ്ടക്ടറുടെ മുഖം വാടി  .,Sadness
നിങ്ങളുടെ അക്കൗണ്ടിൽ  നിങ്ങൾ അഭിമുഖീകരിക്കുന്ന സെക്യൂരിറ്റി  ഇഷ്യൂസ്  ഞങ്ങൾ ശ്രദ്ധിക്കാത്തതോണ്ട്  നിങ്ങൾക്ക്  ഉണ്ടായ ബുദ്ധിമുട്ടിൽ ഞാൻ ശരിക്കും ഖേദിക്കുന്നു.,Sadness
"ഇക്കോണമി സീറ്റുകൾ ഒന്നും ഒഴിവില്ലാന്നു പറഞ്ഞു, എയർലൈൻ സ്റ്റാഫ് എന്നെ ഒഴിവാവാക്കാതെ ബിസിനസ് ക്ലാസിലേക്ക് ഫ്രീ ആയി  അപ്ഗ്രേഡ് ചെയ്തപ്പോ  ഞാൻ ഞെട്ടിപ്പോയി.",Surprise
ആ സ്പോർട്സിൽ  എന്തുവിലകൊടുത്തും വിജയിക്കാനുള്ള വഴികൾ നോക്കുന്നത്  മഹാകഷ്ടം തന്നെയാണ്.,Disgust
വൗ ! ശ്യാം ഇത്രയും വേഗത്തിൽ ഓടണ ആളാന്ന് ആർക്കെങ്കിലും അറിയായിരുന്നോ ?,Surprise
ഞാൻ ചോദിച്ചപ്പോ  റെയിൽവേ ബുക്കിംഗ് ക്ലർക്കുമാർ ബസ് ബുക്കിംഗ് കൗണ്ടറിലേക്ക് വഴി പറഞ്ഞു തന്നപ്പോ എനിക്ക്    സന്തോഷമായി.,Happiness
"റൂം സർവീസിനായി വിളിച്ചപ്പോൾ ഞാൻ അമ്പരന്നു, അഞ്ച്  മിനിറ്റിനുള്ളിൽ വരുമെന്ന്  അവർ പറഞ്ഞു. ഒരു വലിയ ഹോട്ടലിൽ  ഇത്രയും  വേഗത്തിൽ കാര്യങ്ങൾ ചെയുന്നതിനോട് നല്ല മതിപ്പ് തോന്നുന്നു.",Surprise
കാൾ ലൂയിസിന്‍റെ നേതൃത്വത്തിലുള്ള സംഘം നാല് ഗുണം നൂറ്   ഒളിമ്പിക്സിൽ വിജയത്തിലേക്ക് കുതിച്ചുകയറുമ്പോൾ അമേരിക്കൻ കാണികളുടെ ശബ്ദം സ്റ്റേഡിയത്തിൽ അല തല്ലി.,Happiness
പെട്ടെന്ന് ഐഡിയകള്‍ കൊണ്ടുവരുന്നതല്ല എന്‍റെ ജോലി.,Anger
കഴിഞ്ഞ വീക്കെന്‍ഡില്‍ ഞാൻ എന്‍റെ ഫേവറിറ്റ്  ഉച്ചഭക്ഷണം കഴിച്ചത് എനിക്ക് സന്തോഷായി.,Happiness
ഫ്‌ളവർ പോട്ടിലുടനീളം   പുഴുക്കൾ അരിക്കുന്നത്   വെറുപ്പുളവാക്കുന്ന ഒരു കാഴ്ചയായിരുന്നു.,Disgust
അമേരിക്കയിലേക്ക് ഉന്നത പഠനത്തിന് പോയ ഒരു സ്ത്രീ തെരുവിൽ അലയുന്ന കാഴ്ച്ച കരളലിയിപ്പിക്കുന്നതാണ്.,Sadness
അയ്ഷ്!! നിനക്ക് തുമ്മുമ്പോൾ ഒന്ന് മൂക്ക് പൊത്തിക്കൂടെ?,Disgust
കുടുംബത്തിൽ ഞാന്‍ പരാജയപ്പെട്ടുവെന്ന് തോന്നിയതിനാൽ എനിക്ക് മരിക്കാന്‍ തോന്നി.,Sadness
ഈ ഡാർക്ക് ചോക്ലേറ്റ് ട്രഫലിന്‍റെ ടേസ്റ്റ് അപാരം തന്നെ.,Happiness
ഈ സീസണിൽ ടീം വളരെ നന്നായി കളിക്കുകയും എല്ലാ മത്സരങ്ങളും വിജയിക്കുകയും ചെയ്തു.,Happiness
ആ മാജിക് ഷോയിൽ ഒരാളെ പകുതിയായി മുറിച്ച് വീണ്ടും പഴയതുപോലെ ആക്കിയത് കണ്ട് ഞാൻ അന്തംവിട്ട് നിന്നു.,Surprise
പരുക്കനായ ഒരു  ജീവനക്കാരനെക്കുറിച്ച് പരാതിപ്പെടാൻ ബാങ്ക് മാനേജരുടെ അടുത്തേക്ക് പോയപ്പോൾ എന്‍റെ വയർ  ഒന്ന് കാളി .,Fear
എന്‍റെ സ്റ്റോർ പർച്ചേസുകൾക്കു  നിങ്ങൾ ഈ വാലിഡ് ആയ ഡിസ്‌കൗണ്ട് കൂപ്പൺ സ്വീകരിക്കില്ലെന്ന് എനിക്ക് വിശ്വസിക്കാൻ പറ്റുന്നില്ല.,Anger
നിങ്ങളുടെ ആരോഗ്യത്തെക്കുറിച്ച്  നിങ്ങള്‍ക്ക് ഒരു ശ്രദ്ധയുമില്ലല്ലോ!,Fear
"നിങ്ങളുടെ ഷുഗർ ലെവൽ വളരെ കുറവാ, നിങ്ങളുടെ ബി. പി. യും കൂടുന്നുണ്ട് .",Fear
"ഇത് എന്തുവാണ്, ഇത്രയും വലിയ കടയിൽ വരുന്നവർ അവരുടെ സ്വന്തം പാർക്കിംഗ് സ്ഥലത്ത് പാർക്ക് ചെയ്യാൻ പൈസ കൊടുക്കണമെന്ന് പറയുന്നെ എനിക്ക് ഒട്ടും വിശ്വസിക്കാൻ പറ്റുന്നില്ല.",Anger
"എന്റെ മോഡുലാർ കിച്ചൺ  ഓർഡർ ഇത്രയും   വൈകുന്നതെന്താ? പറഞ്ഞ ഡെലിവറി തീയതി കഴിഞ്ഞ് ആഴ്ചകളായി, അത് എപ്പോൾ റെഡിയാകുമെന്ന്  എനിക്ക് ഇപ്പോഴും അറിയില്ല.",Anger
"സ്പോർട്സ് ഒരു കുട്ടിയുടെ മനസ്സിനെ വികസിപ്പിക്കുമെന്ന് മനസിലാക്കാതെ ,കുട്ടികളെ കളിക്കുന്നതിൽ നിന്ന് തടയുന്ന മാതാപിതാക്കളെയും സ്കൂളുകളെയും ഞാൻ വെറുക്കുന്നു.",Disgust
ഇത് പത്താം തവണയാണ് ഞാൻ നിങ്ങളുടെ അടുത്തേക്ക് വരുന്നത്. വീണ്ടും എന്‍റെ റൂമിന്‍റെ  കീ  വർക്ക് ചെയ്യൂന്നില്ല . എന്താണപ്പാ ഇത്?,Anger
ചരിത്രം തളംകെട്ടി നിൽക്കുന്ന ബുഡാപെസ്റ്റിൻ്റെ അരികുകളിലൂടെ നടന്നുപോകുമ്പോൾ മനസ്സൊന്ന് പുഞ്ചിരിക്കും.,Happiness
പ്രാദേശിക കരകൗശലത്തൊഴിലാളികളുടെ കൃത്യതയും വൈദഗ്ധ്യവും ഒക്കെ ശരിക്കും അപാരം തന്നെ.,Surprise
"ഒരു മണിക്കൂർ മുമ്പ് എന്‍റെ ലോണ്‍ഡ്റി  എടുക്കണമെന്ന് ഞാൻ ഹോട്ടൽ സ്റ്റാഫിനോട് പ്രത്യേകം പറഞ്ഞതാണ്, ആരും വന്നില്ല. ഈ ഉത്തരവാദിത്തക്കുറവ് കാരണം എന്‍റെ പ്ലാനൊക്കെ തെറ്റി.",Anger
ഈ ഉൽപ്പന്നം ഇത്രയധികം കാലം നിലനിൽക്കും എന്ന് ഞാൻ ഒരിക്കലും പ്രതീക്ഷിച്ചില്ല.,Surprise
പുതിയ ഹോട്ടലില്‍ നിന്ന് അത്താഴം കഴിക്കുമ്പോൾ വെയിറ്റർ ഞങ്ങളുടെ കുടുംബത്തോട് വളരെ മോശമായി പെരുമാറിയപ്പോൾ എനിക്ക് ദേഷ്യം വന്നു.,Anger
നീ  ആ ചീഞ്ഞ ഭക്ഷണം കഴിച്ചുവെന്ന് എനിക്ക് വിശ്വസിക്കാൻ കഴിയുന്നില്ല. അയ്യ !,Disgust
എനിക്ക് കൈകാര്യം ചെയ്യാൻ അല്ലെങ്കിൽത്തന്നെ ഒരുപാട് പ്രശ്നങ്ങളുണ്ട്; അതിൻ്റെ ഇടയിലൂടെ നിന്നെക്കൂടി സഹിക്കാൻ എനിക്ക് വയ്യ!,Anger
"യൂറോപ്യൻ കപ്പ് മത്സരത്തിന് ശേഷം ഇംഗ്ലീഷ് ഫുട്ബോൾ ആരാധകരുടെ പെരുമാറ്റം മോശമായിരുന്നു, എന്താന്നുവച്ചാ  അവർ സ്റ്റേഡിയം ആകെ  അലങ്കോലമാക്കി .",Disgust
അവൾക്കു വേണ്ടി  ഒരുഗിഫ്‌റ്റ്  വാങ്ങാൻ അഞ്ഞൂറ്  രൂപ എടുക്കാന്ന് ഞാൻ വിചാരിച്ചതാ. പക്ഷേ എ.ടി.എം. ൽ  പണമുണ്ടായിരുന്നില്ല.,Sadness
ഇങ്ങനെ ജീവിച്ചു മടുത്തു! എനിക്ക് എന്തേലും മെച്ചപ്പെടണമെങ്കിൽ നിങ്ങളുടെ സഹായം വേണം!,Anger
ഭാഗ്യം കുറഞ്ഞ ആളുകളെ  സഹായിക്കുന്നതിനായി സ്റ്റോർ ജീവനക്കാർ ഒരു കമ്മ്യൂണിറ്റി പരിപാടിയിൽ പങ്കെടുക്കുകയും നല്ല ഫീഡ്ബാക്ക് കിട്ടുകയും ചെയ്തു.,Happiness
ആളുകളുമായി ഇടപഴകുന്നതല്ലേ ഏറ്റം സുഖമുള്ള കാര്യം?,Happiness
ചെന്നൈയിൽ നിന്ന് ബാംഗ്ലൂരിലേക്കുള്ള ട്രെയിൻ ടിക്കറ്റുകൾ ഉടൻ ബുക്ക് ആവുന്നതുകൊണ്ട് എനിക്ക് ടിക്കറ്റ് ബുക്ക് ചെയ്യാനേ പറ്റില്ല.,Sadness
അവിശ്വസനീയം! നിങ്ങൾക്ക് ലിമിറ്റഡ് എഡിഷൻ പ്ലാറ്റിനം ക്രെഡിറ്റ് കാർഡ് ഉണ്ടെന്ന് എനിക്കറിയില്ലായിരുന്നു. വളരെ കുറച്ച് ആളുകൾക്ക് മാത്രമേ അത് കിട്ടൂ.,Surprise
എല്ലാ ദിവസവും രാവിലെ അഴുക്കുചാലിൽ നിന്ന് എന്തൊരു നാറ്റമാണ് വരുന്നത്.,Disgust
ഈ പാരെൻ്റ് സ് മീറ്റിങ്ങിന് പോകൽ നിർബന്ധമാണോ? നിൻ്റെ ടീച്ചർമാർ എന്തൊക്കെ പറയും ആവോ.,Fear
"എന്‍റെ കൺസൾട്ടിംഗ് ബിസിനസ്സ് അഭിവൃദ്ധി പ്രാപിക്കുന്നു, എന്‍റെ കൈയിൽ  ഒരു ഫുൾ  ക്ലയന്‍റ് ലിസ്റ്റ്  ഉണ്ട്.",Happiness
ഇലക്ട്രിക്കൽ ഷോപ്പ് വയറിന്‍റെ ക്വാളിറ്റിയ്ക്ക് മുൻഗണന നൽകുന്നുവെന്ന് അറിഞ്ഞപ്പോൾ എനിക്ക് വളരെ ആശ്വാസം തോന്നി . എന്‍റെ കുടുംബത്തിന്‍റെയും വീടിന്‍റെയും സുരക്ഷയ്ക്ക് ഇത് അത്യന്താപേക്ഷിതമാണ്.,Happiness
കൊറിയർ ചെയ്ത ഒരു പ്രത്യേക സമ്മാനം എന്‍റെ കസ്റ്റമറിന് കൈയിൽ  എത്താത്തപ്പോൾ എനിക്കാകെ നിരാശയായി.,Sadness
പണം തട്ടുന്നത് തടഞ്ഞതു കൊണ്ട് അയൽവാസികൾ ഞങ്ങള്‍ക്കെതിരെ വധഭീഷണയാ മുഴക്കുന്നത് .,Fear
നഗരങ്ങളിലെ പബ്ലിക് ടോയ്‌ലെറ്റൊക്കെ അത്ര സെയ്ഫ് ആണോ? പിടിച്ചുപറിക്കാരൊക്കെ ഉണ്ടാവില്ലേ?,Fear
പാരീസിലെ തിരക്കേറിയ കഫേകൾ ആളുകൾ നടന്നുപോകുന്നത് കാണാൻ പറ്റിയ ഇടം തന്നെ.,Happiness
"ബസിൽ നല്ല സുഖായിരുന്നു , ഞാൻ രണ്ട് മണിക്കൂറിനുള്ളിൽ എത്തി.",Happiness
"ഹെൽത്ത് സെന്റർ അനിശ്ചിതമായി അടച്ചിരിക്കുന്നതിൽ ഞാൻ അസ്വസ്ഥനാണ്, അത് ഇനി എപ്പോഴാ തുറക്കുക എന്ന് എനിക്ക് ഉത്കണ്ഠ തോന്നുന്നു. .",Fear
"ഇപ്പഴും വിൻഡോസിൽ ചില   വരകളുണ്ട് ,പിന്നെ    പുറംഭാഗത്ത് ഉണ്ടായിരുന്ന ചില സ്പോട്ടുകൾ ഇപ്പൊ കാണാനില്ല.",Fear
ഈ കടയിലെ പച്ചക്കറികൾ എപ്പഴും ഫ്രഷ് ആണ് !,Happiness
ആ ഭക്ഷണത്തിൽ  മുഴുവൻ  എണ്ണയായിരുന്നതുകൊണ്ട് എനിക്ക് ഛര്‍ദ്ദിക്കാന്‍ വന്നു.,Disgust
പുതിയ വീട്ടിൽ യാതൊരു തരത്തിലുള്ള കീടപ്രശ്നങ്ങളും ഉണ്ടാകില്ലെന്ന് ഞാൻ പ്രതീക്ഷിക്കുന്നു; എനിക്ക് മുമ്പ് മോശം അനുഭവങ്ങൾ ഉണ്ടായിട്ടുണ്ട്.,Fear
ആ വൃത്തികെട്ട കടയിലെ പൂപ്പൽ പിടിച്ച ഉടുപ്പുകള്‍ കണ്ടു സഹിക്കാൻ പറ്റിയില്ല.,Disgust
നൃത്തമത്സരത്തിൽ ആ ദിവ്യാംഗ പെണ്‍കുട്ടിക്ക് ഒന്നാം സ്ഥാനം കിട്ടുമെന്ന് ഞാൻ സ്വപ്നത്തിൽ പോലും പ്രതീക്ഷിച്ചില്ല.,Surprise
അയ്യേ. നിങ്ങടെ വിയർപ്പുള്ള കൈകൾ നിങ്ങളുടെ ഷർട്ടിൽ ഇങ്ങനെ തുടയ്ക്കണ്ടാ.,Disgust
"അഡ്രസ്സില്‍ കണ്‍ഫ്യൂഷന്‍ ഉണ്ടായിരുന്നെങ്കിലും, ലക്ഷ്യസ്ഥാനത്ത് എത്താൻ കഴിഞ്ഞല്ലോ!",Happiness
"ഇത്രയും വർഷങ്ങൾക്ക് ശേഷം, ഹബിൾ ദൂരദർശിനിയുടെ മൂല്യത്തെ ആളുകൾ ചോദ്യം ചെയ്യുന്നത് നിരാശാജനകമാണല്ലോ.",Sadness
കളവ് പോയ സാധങ്ങൾ തിരിച്ച്‌  കിട്ടിട്ടില്ലെങ്കിൽ  എന്‍റെ മകളുടെ വിവാഹം പ്രശ്നത്തിലാകും.,Fear
ഈ റിസോർട്ടിൽ ഞങ്ങൾ ബുക്ക് ചെയ്ത താമസസൗകര്യം ഓൺലൈൻ ഫോട്ടോകളില്‍ ഉള്ള പോലല്ല എന്നത് നിരാശാജനകമാണ്.,Sadness
ഞാൻ എന്‍റെ ഫ്രണ്ട്സ് പറഞ്ഞ  പോലെ  മറ്റേ ഹോട്ടലിലേക്ക് പോകണമായിരുന്നു.,Disgust
"കേടായ ഭക്ഷണം വലിച്ചെറിയേണ്ടിവരുമ്പോൾ എനിക്ക് നല്ല വിഷമമുണ്ട് , പണ്ടാരം! ഈ ഫ്രിഡ്ജ്    ശരിയായി വർക്  ചെയുന്നില്ല !",Anger
"ഹായ്! എന്‍റെ കാറിൽ ഒരു പോറൽ ഉണ്ട്, നിങ്ങൾക്ക് ഇത് എനിക്ക്  ശരിയാക്കാൻ കഴിയുമായിരുന്നോ.",Surprise
ഞാൻ അവിടെയുള്ള പയ്യന്മാരുമായി സംസാരിയ്ക്കായിരുന്നു. പക്ഷേ  അവരുടെ ശ്വാസം ഭയങ്കര പൊട്ടമണം ആയിരുന്നു. അവർ ഉള്ളി കഴിച്ചതുപോലെ ഒരു  മണം.,Disgust
"ഈ മോണിറ്ററിന്‍റെ ഹൈ ഡെഫനിഷൻ ഡിസ്പ്ലേയുടെ ക്ലാരിറ്റി കണ്ടില്ലേ, എന്ത് രസമാ!",Surprise
"ഇന്ന് രാത്രി റെസ്റ്റോറന്‍റിലെ തിരക്ക് കണ്ടോ, ടേബിളിലേക്ക് ഇത്രയും വേഗത്തിൽ ഡെലിവറി ചെയ്യുമെന്ന് ഞാൻ പ്രതീക്ഷിച്ചിരുന്നില്ല.",Surprise
അടുത്ത മൂന്ന് ദിവസത്തേക്ക് ചെന്നൈയിൽ നിന്ന് ഡൽഹിയിലേക്ക് നേരിട്ടുള്ള ട്രെയിനുകൾ ലഭ്യമല്ലെന്ന് ബുക്കിംഗ് ക്ലാർക്ക് പറഞ്ഞപ്പോൾ  ഞാൻ ഞെട്ടിപ്പോയി.,Surprise
"മിസ്ടര്‍, എന്‍റെ വീട് കൊള്ളയടിക്കപ്പെട്ടുന്ന്.",Anger
"ഞാൻ ഇപ്പോൾ ക്ലാസിലിരുന്ന് പഠിക്കുന്നുണ്ടാവുമെന്ന  വിചാരിച്ചെ, പക്ഷേ ഇപ്പോൾ ഞാൻ വീട്ടിൽ കുടുങ്ങിപ്പോയി. എന്‍റെ ലാപ്ടോപ്പിൽ ലെക്ച്ചർ വീഡിയോകൾ കാണേണ്ടിവരുന്നു.",Sadness
പുസ്തക വിൽപ്പനക്കാരന് എന്‍റെ പഴയ പുസ്തകങ്ങൾ വാങ്ങാൻ താൽപ്പര്യമുണ്ടായിരുന്നതിൽ എനിക്ക് ആശ്വാസം തോന്നി. അവസാനം  അവ പുതിയ വായനക്കാരെ കണ്ടെത്തും.,Happiness
എനിക്ക് ഒരു പേപ്പര്‍ കൂടി ഇടുന്നത് നല്ലതായിരിക്കും! വിരുന്നുകാരുണ്ട്. അവര്‍ ഓരോരുത്തരും അവരവരുടെ സ്പീഡില്‍ വായിക്കുന്നവരാണ്.,Happiness
ഓസ്‌ട്രേലിയക്കാർ നടപ്പാക്കുന്ന വിവേചനപരമായ ഇമിഗ്രേഷൻ പോളിസികളിൽ എനിക്ക് നല്ല എതിർപ്പുണ്ട്.,Anger
നീ കാരണം എനിക്ക് ജീവിതത്തിൽ എത്രയാ സുഖവും സന്തോഷവും! നിന്നെ കിട്ടിയത് എന്‍റെ ഭാഗ്യം  തന്നെയാ .,Happiness
"വീട്ടുമുറ്റത്ത് ഒരു ബാക്ക് യാർഡ് ഡെക്കും ,ഔട്ട്ഡോർ അടുക്കളയും ഉള്ള ഒരു വാടക റെസിഡൻഷ്യൽ പ്രോപ്പർട്ടി കണ്ട് ഞാന്‍ അമ്പരന്നു.",Surprise
ഞങ്ങൾ താമസിക്കുന്ന അപ്പാർട്ട്മെന്‍റ് കോംപ്ലക്സിൽ  ദിവസവും ധാരാളം കൊച്ചുകുട്ടികൾ കളിക്കുന്നതിനാൽ അത്  വളരെ സജീവമാണ്.,Happiness
ഒരു സിനിമയ്ക്കുള്ള ഓഡിഷനിൽ ഞാൻ ആ കഥാപാത്രത്തിൽ മുഴുകിയിരിക്കുമ്പോൾ എന്‍റെ ഹൃദയം തുടിക്കുകയാണ്.,Happiness
ഡൽഹിയിലേക്കുള്ള ട്രെയിൻ ടിക്കറ്റ് ബുക്ക് ചെയ്യാൻ പോയപ്പോൾ എം. ആർ. ടി. എസ്. സ്റ്റേഷനിലെ മൂത്രത്തിൻറെയും ചവറ്റുകുട്ടകളുടെയും നാറ്റം കൊണ്ട് എനിക്ക്  ഓക്കാനം വന്നു.,Disgust
"ഞാൻ പൈസ കൊടുത്തിട്ടാ മ്യൂസിയം കാണാൻ  വന്നത്  ,  എനിക്ക് ഇഷ്ടള്ള പോലെ പുരാവസ്തുക്കളെ നോക്കും!",Anger
ചില കമ്പനികൾ അവരുടെ ജീവനക്കാരെ ബാധിക്കുന്നതൊന്നും നോക്കാതെ ഓരോ  പ്രോസസുകൾ ഓട്ടോമേറ്റ് ചെയ്യാൻ എ.ഐ. ഉപയോഗിക്കുന്നതിൽ എനിക്ക് ദേഷ്യമുണ്ട്.,Anger
"അപ്പാർട്ട്മെന്റ് സമുച്ചയത്തിലെ ഷാര്‍പ് ടേണ്‍ ഒരു കുഴപ്പം തന്നെ, ഞാൻ വാഹനമോടിക്കുമ്പോൾ ശ്രദ്ധിക്കാതെ ഓടുന്ന കുട്ടികളെ തട്ടുമോന്നു നല്ല പേടിയാ.",Fear
"ഡെലിവറി   എക്സ്പീരിയൻസിൽ  ഞാൻ നിരാശനാണ്, പ്രത്യേകിച്ചും ടൈം  സെൻസിറ്റീവ് ആയിരിക്കുമ്പോഴും പാക്കേജ് പ്രതീക്ഷിച്ചതിലും വളരെ വൈകിയും എത്തുമ്പോൾ.",Sadness
എന്‍റെ വാട്ടർ ഫിൽട്ടറിനായി മെച്ചപ്പെട്ട മെയിന്‍റനൻസ് ഫീസ് ഞാൻ ചർച്ച ചെയ്തുനേടി.,Happiness
"അമ്മേ, ഞാൻ ശരിയ്ക്ക് വരിയിൽ നിൽക്കാത്തതോണ്ട്  ഇന്ന് കാമാക്ഷി മാഡം എന്നെ അഞ്ച് റൗണ്ട് ഓടിപ്പിച്ചു.",Sadness
തിരിയുന്നതിനുമുമ്പ് നിങ്ങൾ എന്താ ഇൻഡിക്കേറ്റർ ഇടാഞ്ഞത്? നിങ്ങൾക്ക് കണ്ണാടിയിലെങ്കിലും ഒന്ന് നോക്കിക്കൂടെ?,Anger
"ആ പുസ്തകം വായിച്ചു തുടങ്ങിയപ്പോള്‍ തന്നെ എനിക്ക് കാര്യം പിടികിട്ടി, അയ്യോ, അറുബോറന്‍ ഭാഷയും വിവരണവും",Disgust
ബ്രോക്കർ കണ്ടുപിടിച്ച  ഈ വീട്ടിൽ ഒരു ബിൽറ്റ് ഇൻ ഹോം തിയേറ്റർ ഉണ്ടെന്ന് എനിക്ക് വിശ്വസിക്കാൻ കഴിഞ്ഞില്ല. വല്ലാത്ത അത്ഭുതം തന്നെ.,Surprise
"നിൽക്കൂ, എനിക്ക് ഇത് മാത്രമല്ല പണി.",Surprise
വാറന്റി എക്സ്പയർ ആയതിനെക്കുറിച്ച്  ഒരു കസ്റ്റമറിന്‍റെ പരാതി കൈകാര്യം ചെയ്യുന്നതിൽ എനിക്ക് ഉത്കണ്ഠ തോന്നുന്നു.,Fear
"ബ്രേക്കു വർക്ക് ചെയ്യണില്ല, ഞാനിപ്പോ എന്താ  ചെയ്യാ?",Fear
അലഞ്ഞുതിരിയുന്ന ഒരു ഛിന്നഗ്രഹം ഭൂമിയെ നശിപ്പിക്കുമോന്ന് എനിക്ക് പേടിണ്ട്.,Fear
"അവര്‍ വലിയ പോപ്പ് ഗായികയാണെന്നാ പറയുന്നത്, പഴയ നല്ല ഗാനങ്ങള്‍ അരോചകമാക്കുക എന്നതാണ് അവരുടെ ഹോബി.",Disgust
ഈ ഹോട്ടലില്‍ കയറാൻ എനിക്ക് വയ്യാ. ഇവിടത്തെ  സൗകര്യങ്ങളും ഇവിടുത്തെ ആളുകളെയും  ഒക്കെ കാണുമ്പോ അകെ വല്ലാതെ.,Fear
ബാങ്ക് കൊള്ളയടിക്കപ്പെടുമ്പോൾ നിലത്തു കിടന്ന കസ്റ്റമേഴ്സിന് ആകെ പേടിയായി .,Fear
പ്രഭാതഭക്ഷണത്തിന് നല്ല സോഫ്റ്റ് ആയ പാൻകേക്കുകൾ കഴിക്കുന്നതിനേക്കാൾ സുഖം വേറെ ഒന്നിനുമില്ല.,Happiness
അത് അടിപൊളി ! നല്ല രുചിയുള്ള ഇഷ്ടത്തിനു അനിസരിച്ചുള്ള  കേക്കുണ്ടാക്കാന്‍ നിങ്ങൾ മിടുക്കരാണ്.,Surprise
ഈ നല്ല ഓഫീസ് ക്ലീനിംഗ് ടീമിനെയും സൂപ്പർവൈസറെയും മാർക്കറ്റിൽ നഷ്ടപ്പെടുമോ?,Fear
ഭാവിയിലേക്കായി ഒന്നും എടുത്ത് വെക്കാൻ കഴിയാത്ത അവസ്ഥയിലാണ് ഇപ്പോൾ.,Sadness
ആയിരക്കണക്കിന് ആളുകൾ മണിപ്പൂർ സംഘർഷത്തിൽ മരിച്ച് വീഴുമ്പോൾ ഞാനെങ്ങനെയാണ് സ്വസ്ഥമായി കിടന്നുറങ്ങുക?,Sadness
ആരെയും അറിയിക്കാതെ നീയെന്തിനാ പ്രൊജക്റ്റിൻ്റെ ഡെഡ്‌ലൈൻ മാറ്റിയെ? എനിക്ക് വിശ്വസിക്കാൻ കഴിയുന്നില്ല.,Anger
എന്‍റെ കുട്ടിയുടെ ഭാവി സുരക്ഷിതമാക്കാനുള്ള കുറെ വഴികൾ ബാങ്ക് ജീവനക്കാരൻ ചർച്ച ചെയ്തപ്പോ എനിക്ക് സന്തോഷായി.,Happiness
പണ്ട് സിലിണ്ടർ ഈസിയായി എടുത്തിരുന്ന എനിക്ക് ഇത്തവണ അതെടുക്കാന്‍ ശ്രമിച്ച്  എന്‍റെ പുറം ഏതാണ്ട് ഉളുക്കി.,Surprise
ചിലപ്പോ മൊബൈലിലെ ഇന്‍റർനെറ്റ് ബാങ്കിങ്ങിനു   യു.പി.ഐ.യേക്കാൾ സ്പീഡ് ഉണ്ടെന്നു നിങ്ങൾക്കറിയൊ ?,Surprise
കൊടുങ്കാറ്റിൽ വൈദ്യുതി ലൈനുകൾ പൊട്ടാതിരുന്നെങ്കിലെന്ന് ഞാൻ ശ്വാസം അടക്കിപ്പിടിച്ചു.,Fear
എനിക്ക് മൂക്ക് പൊത്താതെ പള്ളിക്കരണൈയിലെ മാലിന്യക്കൂമ്പാരത്തിന്‍റെ അതിലൂടെ ഡ്രൈവ് ചെയ്യാൻ  പറ്റില്ല .,Disgust
നിങ്ങളുടെ ലാപ്ടോപ്പിൽ ഇന്‍റർനെറ്റ്  ഉപയോഗിക്കുമ്പോഴെല്ലാം നിങ്ങളുടെ മുഖത്ത് ഒരു പുഞ്ചിരി എനിക്ക് കാണാൻ കഴിയും.,Happiness
"ഇവന്‍റ് മാനേജർ എല്ലാ കാര്യങ്ങളിലും  കാണിച്ച  ശ്രദ്ധ എനിക്ക് വിശ്വസിക്കാൻ കഴിയുന്നില്ല, പക്ഷേ ഒരു തവണ ഡെക്കറേഷൻസിനു കാണിച്ച  അശ്രദ്ധ പറയാതിരിക്കാൻ കഴിയില്ല.",Surprise
"ഈ മ്യൂസിയം ശരിയായി വയ്ക്കാത്തോണ്ട് ആകെ ഇരുണ്ടതും, വൃത്തികെട്ടതുമാണ്.",Disgust
വീട് കയ്യടക്കാൻ ശ്രമിക്കുന്ന ഇതുപോലത്തെ വാടകക്കാർ കേറിക്കിടക്കാൻ ഒരു സ്ഥലം അന്വേഷിക്കുന്ന നിഷ്കളങ്കരായ വാടകക്കാർക്കൊക്കെ ഒരു അപമാനമാണ്.,Disgust
ഈ കടയിൽ യൂസ്ഡ് പുസ്തകങ്ങൾ വിൽക്കുന്നുവെന്നു ഞാനറിഞ്ഞു. എന്നാൽ ഈ പുസ്തകങ്ങൾ കീറി വളരെ മോശാവസ്ഥയിലാണല്ലോ.,Disgust
"സർ, ഒരു പുതിയ വ്യക്തി ചെയ്ത തെറ്റിന് എന്നോട് ദേഷ്യപ്പെടുന്ന അഞ്ചാമത്തെ ആളാണ് നിങ്ങൾ.",Sadness
കേക്കിന് ഫ്‌ളെവര്‍ തെറ്റായിപ്പോവോന്നു എനിക്ക് പേടിണ്ട്.,Fear
ഈ ഷർട്ട് നല്ല ഫിറ്റ് ആയിട്ടുണ്ട്. ഞാന്‍ നല്ല കുട്ടപ്പനായി.,Happiness
ഞാൻ പുസ്തകങ്ങൾ അലമാരയിൽ വെക്കുകയാണെങ്കിൽ  ചിതൽ പിടിക്കുമോ?,Fear
എന്‍റെ സിസ്റ്റത്തില്‍  നേരെ വർക്ക് ചെയ്യാത്ത  ആപ്പിനെക്കുറിച്ച് നിങ്ങൾ ഇങ്ങനെ പുകഴ്‌ത്തി പറയുമ്പോ എനിക്ക്  അപമാനം തോന്നുകാ.,Anger
നമ്മടെ വീട് പണയം വെയ്ക്കണ്ട . ലോൺ കൃത്യസമയത്ത് തിരിച്ചടയ്ക്കാൻ കഴിഞ്ഞില്ലെങ്കിൽ എന്താ ചെയ്യാ?,Fear
ബുക്കുകള്‍ വാങ്ങുമ്പോ നല്ല ഡിസ്‌ക്കൗണ്ട്. അതില്‍ എഴുനൂറു രൂപ ലാഭിച്ചു!,Happiness
ഞാൻ കൃത്യസമയത്ത് ലക്ഷ്യസ്ഥാനത്ത് എത്തുമോ ഉറപ്പില്ല. ബസ് വൈകിയതിന് ബസ് കമ്പനി ക്ഷമാപണം പോലും നടത്തിയില്ല.,Sadness
മാർക്കറ്റ്  ഇടിഞ്ഞപ്പോൾ നമുക്കെല്ലാവർക്കും ധാരാളം പണം നഷ്ടപ്പെട്ടതുകൊണ്ട് ഈ ഓഫീസിലെ എല്ലാവർക്കും അസ്വസ്ഥത തോന്നുന്നു.,Sadness
സൈക്കിൾ വിൽപ്പനക്കാരൻ എന്‍റെ ബജറ്റിനപ്പുറത്തു ള്ള സൈക്കിളുകൾ കാണിക്കുന്നത് തുടർന്നപ്പോൾ എനിക്ക് ദേഷ്യം വന്നു .,Anger
നിങ്ങളുടെ മകനോട് ഇങ്ങനെ മൂക്കിൽ വിരലിടുന്നത് നിർത്താൻ പറയൂ. അത് കാണുമ്പോ എന്തോ പോലെ.,Disgust
ഓ!  അമൃത്സർ  എക്സ്പ്രസ് ഓടിത്തുടങ്ങി!,Surprise
"ഹാംലിയുടെ കളിപ്പാട്ടക്കടയിലേക്ക് നടക്കുമ്പോഴെല്ലാം എനിക്ക് ചെറുപ്പവും,ഒരു പ്രത്യേക  ഊർജ്ജവും  അനുഭവപ്പെടും !",Happiness
എന്‍റെ  അടുത്ത സെമസ്റ്ററിലെ  പുതിയ ക്ലാസ് തുടങ്ങുന്നത് കാത്തിരിക്കാൻ  എനിക്ക് വയ്യ !,Happiness
സി.എസ്‌.കെ. മത്സരം കണ്ട് ആരാധകർ ഇട്ടിട്ടുപോയ ചപ്പുചവറുകൾ  താങ്ങാവുന്നതിനപ്പുറമാണ്.,Disgust
ജീവനക്കാരൻ്റെ അപകടവാർത്ത കേട്ടശേഷം ഓഫീസിലാകെ മൂകമായ അന്തരീക്ഷമാണ്.,Sadness
ഈ വാർഷികം പെർഫെക്റ്റ് ആകേണ്ടതായിരുന്നു യഥാർത്ഥത്തിൽ മനോഹരമായ എന്തെങ്കിലും അവൾക്ക് സമ്മാനിക്കണമെന്നു  ഞാൻ വിചാരിച്ചതായിരുന്നു . എന്നാൽ ബജറ്റ് മാനേജ് ചെയ്യാന്‍ കഴിഞ്ഞില്ല.,Sadness
ഇന്നത്തെ പരീക്ഷ എഴുതാൻ എനിക്ക് പേടിയാവാ. ഞാൻ പാസായില്ലെങ്കിലോ?,Fear
എന്‍റെ ക്ലാസില്‍ നിങ്ങളുടെ കുട്ടിയുടെ പെരുമാറ്റം തീരെ ശരിയല്ല.,Anger
ഇത് ഒരു ക്ലാസാണോ അതോ ഫിഷ് മാർക്കറ്റാണോ? നിങ്ങളെല്ലാരും ഇപ്പോ  ബെഞ്ചിൽ കേറി നിൽക്കൂ!,Anger
"ഈ ഭക്ഷണത്തിന്‍റെ രുചി ഒരു വെളിപാടാണ്; സുഗന്ധവ്യഞ്ജനങ്ങളുടെ യോജിപ്പും, പ്രധാന ചേരുവയുടെ ആർദ്രതയും ഞാൻ പ്രതീക്ഷിച്ചതിലും അപ്പുറത്തതായിരുന്നു .",Surprise
പല  അവയവങ്ങളുടെയും  തകരാർ മൂലം എന്‍റെ സഹപ്രവർത്തകരിൽ ഒരാൾ പെട്ടെന്ന് മരണപ്പെട്ടു.,Sadness
ബ്രേക്കു വര്‍ക്കാകുന്നില്ലെന്ന് ഡ്രൈവർ പറയാ. നമ്മൾ എവിടെയോ ഇടിക്കാൻ പോണുന്നാ എനിക്ക് തോന്നണേ.,Fear
അഘ്! ഈ പുതിയ സ്റ്റോർ നയം ഭയങ്കര പ്രശ്നമാണ്. നാട്ടിൽ അല്ലെങ്കിലേ ഉള്ള ഒരുപാട് പ്രശ്നങ്ങളുടെ മേൽ ഈ പാർക്കിങ്ങും പൊലൂഷനും കൂടിയായാൽ പിന്നെ സഹിക്കാൻ പറ്റില്ല.,Disgust
ചെന്നൈയിലെ കുമരൻ സിൽക്സ് സ്റ്റോറിൽ ഓരോന്നിനും ഓരോ സൈസ് ചാർട്ട് ഉണ്ടെന്ന് വിശ്വസിക്കാനേ കഴിയുന്നില്ല.,Surprise
എന്‍റെ ഭാര്യയുടെ അച്ഛൻ പെട്ടെന്ന് മരിച്ചപ്പോൾ ഓരോ ദിവസവും വല്ലാതെ നോവില്‍ മങ്ങിപ്പോയി.,Sadness
വാഷ് ചെയുന്ന  സമയത്ത് എന്‍റെ വാഹനത്തിന് കേടുപാടുകൾ സംഭവിക്കുമോ എന്ന ആശങ്കയിലാണു ഞാൻ.,Fear
ഹോട്ടലിലെ  ഞങ്ങളുടെ മുറികളില്‍  വൃത്തിയില്ലാ. നിങ്ങളുടെ ഹോട്ടൽ ജീവനക്കാർ പല തവണ   ഞങ്ങളുടെ പരാതികൾ അവഗണിച്ചു.,Disgust
അദ്ദേഹത്തിന്‍റെ ജീവിതം കുറച്ച് ദിവസങ്ങൾ കൂടി മാത്രേ ബാക്കിയുള്ളൂന്ന് ഡോക്ടർ പറഞ്ഞു.,Sadness
ക്ലാസ് സീനിയർ ആയ ഒരാൾ എന്നെ ഭീഷണിപ്പെടുത്തിയപ്പോ ഞാനും അക്രമാസക്തമായി പ്രതികരിച്ചു.,Anger
സുഹൃത്തുക്കളുടെ നിർബന്ധം വകവെക്കാതെ പാർട്ടിയിൽ ആകെ  ഒരു ഗ്ലാസ് മാത്രം മദ്യം  കഴിച്ച യുവാവിനോട് എനിക്ക് മതിപ്പ് തോന്നി.,Happiness
ഈ ഫുട്ബോൾ മത്സരം കാണാൻ  ഞാൻ വളരെ ആവേശത്തിലാണ്! അത് നല്ലൊരു കളിയായിരിക്കും.,Happiness
"ഈ പുരാവസ്തുക്കൾ കഴിഞ്ഞ കാലത്തിന്‍റെ കണ്ണികളാണ്, അവ നഷ്ടപ്പെട്ടാല്‍, നമ്മുടെ പങ്കിട്ട ചരിത്രത്തിന്റെ ഒരു ഭാഗം തന്നെ നഷ്‌ടപ്പെടും.",Fear
ഇത്രയും വലിയൊരു ആൾക്കൂട്ടത്തെ ആകർഷിച്ച ഒരു വിജയകരമായ പ്രമോഷണൽ പരിപാടി നമ്മൾ നന്നായി സംഘടിപ്പിച്ചെല്ലോ.,Happiness
ആള്‍ ഇന്ത്യ ഗാനാലാപന മത്സരത്തില്‍ ജഡ്ജസിനോട് അപമര്യാദയായി സംസാരിച്ച ഗായകന്‍റെ ഭാവി എന്തായിത്തീരും.,Fear
പതിനായിരം  പേരെ വിട്ടയച്ചതിന് ശേഷം ഒരു നേതാവിന് എങ്ങനെയാണ് സ്വയം  ഇരുന്നൂറ് ശതമാനം  വേതന വര്‍ധനവൊക്കെ നൽകാൻ കഴിയുന്നതെന്നു എനിക്കറിയില്ല.,Disgust
ഞങ്ങൾ ശ്രീഹരിക്കോട്ടയിൽ നിന്ന് ചന്ദ്രയാൻ മൂന്ന്  പറന്നുയരുന്നത് നേരിട്ട് കണ്ടു; അതൊരു അഭിമാനനിമിഷം തന്നെയായിരുന്നു.,Happiness
എന്‍റെ വിശ്വാസം മുതലെടുത്ത്‌ അച്ഛനമ്മമാർ എന്നെ പറഞ്ഞു പറ്റിക്കുമെന്നു  എനിക്ക് വിശ്വസിക്കാൻ പറ്റുന്നില്ല .അത് എന്‍റെ  സ്വകാര്യത ഇല്ലാതാക്കലാണ്.,Disgust
ഒരു കപ്പ് ഹെർബൽ ടീ കുടിക്കുമ്പോൾ എനിക്ക് നല്ല  ആശ്വാസം തോന്നുന്നു.,Happiness
ഏഷ്യൻ ഗെയിംസിൽ ഇന്ത്യ ഫുട്ബോൾ കളിക്കുന്നത് കാണാനുള്ള പ്രതീക്ഷയിൽ ഞാൻ ആവേശഭരിതനാണ്.,Happiness
"അത്യാഗ്രഹം വെറുപ്പിക്കുന്നതാണ് , കൂടാതെ ഇലക്ട്രിക്കൽ ഷോപ്പ് അവരുടെ പ്രീമിയം വിലനിർണ്ണയത്തിൽ മുതലെടുക്കുന്നത് എനിക്കൊട്ടും ഇഷ്ടമല്ല.",Disgust
അവർ ആഴ്‌ചയിൽ ഒരിക്കൽ മാത്രം വെള്ളം മാറ്റുമ്പോൾ നിങ്ങൾക്ക് ശരിക്കും വാട്ടർ റൈഡുകളില്‍ പോകാൻ തോന്നുമോ?,Disgust
"ഹോസ്പിറ്റലിലെ ബില്ലിലെ ഒട്ടും പ്രതീക്ഷിക്കാതെയുള്ള  അധിക ചാർജുകളിൽ ഞാൻ അൽപ്പം നിരാശനാണ്, ഇത് മഹാ കഷ്ടമായിപ്പോയി.",Sadness
"കായികതാരങ്ങളുടെ   അമിതവിദ്വേഷവും, പരുഷമായ കളിയും അപമാനം തന്നെ.",Disgust
റോഡരികിലെ ഒരു കടക്കാരൻ  അയാളുടെ  കസ്റ്റമറുടെ വായിൽ തീപിടിച്ച പാൻ ഇടുന്നത് ഞാൻ ഞെട്ടലോടെ നോക്കിനിന്നു.,Surprise
ആംസ്റ്റർഡാമിൽ ഞാൻ പ്രതീക്ഷിച്ചതിലും കൂടുതൽ ഔട്ട്ഡോർ മാർക്കറ്റുകൾ ഉണ്ട്.,Surprise
"ഇപ്പ, ദേ, റീഫണ്ട് നൽകുന്നതിനുപകരം അധിക നികുതി അടയ്ക്കാൻ ഇൻകം ടാക്സ് അധികാരികൾ എന്നോട് ആവശ്യപ്പെടുകാ.",Anger
"ആ ചെറുപ്പക്കാരൻ എന്‍റെ ക്രെഡിറ്റ് കാർഡുമായി ഓടിപ്പോയി. അതിനുമുമ്പ് അവൻ  എന്‍റെ പിൻ കണ്ടതാ. യ്യോ, എന്‍റെ സമ്പാദ്യമൊക്കെ നഷ്ടപ്പെടുമോ എന്തോ.",Fear
വൈദികർ ശാസ്ത്രീയ ഗവേഷണത്തെയും വൈദഗ്ധ്യത്തെയും തുരങ്കം വയ്ക്കുന്ന രീതി കൊള്ളരുതായ്മയാണ്.,Anger
"അടുത്തുള്ള  ജിമ്മിലെ ഉപകരണങ്ങൾ തൊടാൻ തോന്നിയില്ല , കാരണം അവ  അത്രക്ക് വൃത്തിഹീനമായിരുന്നു.",Disgust
പിന്നിൽ ഇരിക്കുന്ന യാത്രക്കാരൻ വിമാനത്തിൽ എന്‍റെ സീറ്റിനടുത്തേക്ക് കാലുകൾ നീട്ടുന്നത് കണ്ടപ്പോൾ ഞാൻ അയാളെ തുറിച്ചു നോക്കി. അയാള്‍ക്ക് ഒരു കൂസലുമില്ല.,Surprise
പൂക്കളിൽ ചവിട്ടരുത്! നിങ്ങൾ അങ്ങനെ ചെയ്താൽ എനിക്ക് അതെങ്ങനെ  വിൽക്കാൻ പറ്റും !,Anger
അടുത്തിടെ ബഹിരാകാശ പര്യവേഷണത്തിൽ കൈവരിച്ച എല്ലാ സാങ്കേതിക മുന്നേറ്റങ്ങളെക്കുറിച്ചും അറിഞ്ഞപ്പോൾ ഞാൻ അത്ഭുതപ്പെട്ടു.,Surprise
"സാമ്പത്തിക രേഖകൾ പരിശോധിച്ചപ്പോ , വരാനിരിക്കുന്ന വിപത്തിന്‍റെ ഞെട്ടിക്കുന്ന ഒരു സൂചന കിട്ടി.",Fear
"അവൻ തലയടിച്ചു വീണു , കുറെ  രക്തം പോയി. അവൻ രക്ഷപ്പെടുമെന്ന് എനിക്ക് തോന്നണില്ല .",Fear
കസ്റ്റമറിന്‍റെ ആത്മവിശ്വാസം കുറയുന്നത് എന്നെ വിഷമിപ്പിക്കുന്നു.,Fear
അത്രയും കോണ്‍ഫിഡന്‍സോടെ വരികൾ പറഞ്ഞപ്പോ ഡയറക്റ്ററുടെ കണ്ണു നിറഞ്ഞുപോയെന്നേ!,Surprise
ഏതൊരു ആവശ്യത്തിനും ഹെൽത്ത് സെന്റർ അടുത്തായതിനാൽ ഞാൻ ഇപ്പോൾ സന്തോഷവാനാണ്.,Happiness
"ഞാൻ രണ്ട് കിലോ ഉരുളക്കിഴങ്ങാണ് ചോദിച്ചത്, പക്ഷേ നിങ്ങൾ എനിക്ക് ആകെ ഒരു കിലോ മാത്രമാണ് തന്നത്! നിങ്ങൾ എന്നെ പറ്റിയ്ക്കാൻ നോക്കാണോ ?",Anger
"ഊബർ ഡ്രൈവർമാർ കാൻസൽ ആക്കുമ്പോഴെല്ലാം അത് എന്നെ അലോസരപ്പെടുത്തുന്നു, പ്രത്യേകിച്ചും എന്തെങ്കിലും പ്രധാന   മീറ്റിംഗ് ഒക്കെ ഉണ്ടെങ്കിൽ.",Anger
അയാൾ അയാൾടെ മൊബൈൽ ഫോണിൽ ഛർദ്ദിച്ചു. എന്തൊരു വൃത്തികേടായിരുന്നു.,Disgust
വീട്ടമ്മമാരെ നോക്കാതെ സോപ്പുപൊടിക്ക് സെയിൽസ് സ്ട്രാറ്റജി ഉണ്ടാക്കാൻ നിനക്ക് എങ്ങനെ തോന്നി?!,Disgust
ഡിസ്ലെക്സിയാ ഉള്ള ഒരു കുട്ടിയെക്കുറിച്ചുള്ള സിനിമ കണ്ടതിന് ശേഷം എനിക്ക് കരച്ചില്‍ അടക്കാന്‍ പറ്റുന്നില്ല.,Sadness
"ഈ വജ്രത്തിന്‍റെ അതിമനോഹരമായ തിളക്കം എനിക്ക് വിശ്വസിക്കാൻ കഴിയുന്നില്ല! അതിന്‍റെ തിളക്കം അതിശയിപ്പിക്കുന്നു , അത് എന്‍റെ ബജറ്റിനുള്ളിൽ ഒതുങ്ങുന്നതാണ്.",Surprise
ഒരു ടിവി പരിപാടിയിൽ ഒരു മാന്ത്രികൻ വായുവിലൂടെ പറന്നപ്പോൾ  വിശ്വസിക്കാനാകാതെ  എന്‍റെ കണ്ണു തള്ളി.,Surprise
ഞങ്ങളൊരു കസ്റ്റമറിന് പ്രത്യേക റെക്കമെൻ്റേഷൻ കൊടുത്തപ്പോഴുള്ള അദ്ദേഹത്തിൻ്റെ സന്തോഷം കണ്ടപ്പോൾ ഞങ്ങളുടെ മനസ്സ് നിറഞ്ഞു.,Happiness
"ആ റസ്‌റ്റോറന്റിലെ കൈകഴുകുന്ന സ്ഥലം വല്ലാതെ വൃത്തിഹീനമായിരിക്കുന്നു, എനിക്ക് അറപ്പ് തോന്നി.",Disgust
ഗൂഗിൾ പേ പാസ്‌വേഡ് ഒരു പച്ചക്കറി കച്ചവടക്കാരനു കൊടുത്തുവെന്നു  അച്ഛൻ പറഞ്ഞപ്പോൾ ഞാൻ ഞെട്ടിപ്പോയി.,Surprise
ചന്തയിലെ ചീഞ്ഞളിഞ്ഞ പഴത്തിന്‍റെ അടുത്ത് ഞാൻ പോകുന്നില്ല.,Disgust
ഇന്‍കം ടാക്സ് ഓഫീസ് എന്‍റെ റിട്ടേണുകളോട് ഒരിക്കലും ഇത്ര വേഗത്തിൽ പ്രതികരിച്ചിട്ടില്ല.,Surprise
ഞാൻ ഇന്നലെ ബീച്ചിൽ പോയി ഫുട്ബോൾ കളിച്ചു. അത് എന്തൊരു രസായിരുന്നൂന്ന് അറിയോ .,Happiness
പട്ടണത്തിന് പുറത്തേക്കുള്ള  ഒരു യാത്രയിൽ ഞങ്ങളുടെ പുതിയ ഡ്രൈവർ ഞങ്ങളുടെ കാർ വളരെ ശ്രദ്ധയോടെ കൈകാര്യം ചെയ്തപ്പോൾ എനിക്ക് സന്തോഷമായി.,Happiness
ഞങ്ങടെ പ്രശ്നം തീര്‍ക്കാന്‍ പണം ഒരുപാടു ചോദിച്ചതോണ്ട് ഞങ്ങൾ ഇ.ബി. തൊഴിലാളികളുമായി വഴക്കിട്ടു.,Anger
ഇൻസ്റ്റാൾ ചെയ്തതിന് ശേഷം ചില കാബിനറ്റ് വാതിലുകൾ ശരിയായി നിൽക്കാത്തത്തിൽ  ഞാൻ നിരാശനായി.,Sadness
കനത്ത മഴ ഉള്ളതോണ്ട് പദ്ധതി നാല്  മാസം വൈകുമെന്ന് തൊഴിലാളികൾ എന്നോട് പറയുന്നു.,Sadness
ചില ഇൻവെസ്റ്റേഴ്‌സ് എടുക്കുന്ന റിസ്ക് കണ്ടാൽ കണ്ണ് തള്ളിപ്പോവും.,Surprise
പ്രമേഹത്തിന് ചികിത്സയില്ലെന്നാ ഡോക്ടർ എന്നോട് പറഞ്ഞത്.,Sadness
രണ്ട് വർഷത്തിനുള്ളിൽ ഞാൻ എൻ്റെ ഹോം ലോണൊക്കെ അടച്ചുതീർത്തു. മനസ്സിന് വല്ലാത്ത സംതൃപ്തി ആണ് ഇപ്പോൾ.,Happiness
സർക്കാർ സ്‌കൂളിലെ കുളിമുറികൾ വൃത്തിഹീനവും ഉപയോഗിക്കാൻ പറ്റാത്തതുമാണ്.,Disgust
അഘ്ഘ്! ബാത്ത്റൂമിലൊരു എട്ടുകാലി! എനിക്കുവയ്യ ഇവിടെ നിൽക്കാൻ.,Disgust
ഇലക്ട്രിക് ട്രാൻസ്ഫോർമർ നേരെയാക്കുന്നതിനു വേണ്ടി  പാതിരാത്രി വരെ  ജോലി ചെയ്ത ഞങ്ങളെ  അഭിനന്ദിച്ച് ഒരു കസ്റ്റമറും ഇതുപോലെ ഞങ്ങളെ ബ്രേക്ക് ഫാസ്റ്റിന്  കൊണ്ടുപോയിട്ടില്ല.,Happiness
ഈ സുവനീറിന് വില കൂടുതലാണെന്ന് എനിക്ക് ഇപ്പോഴാണ് മനസ്സിലായത്; ആ കടക്കാരൻ എന്നെ പറ്റിച്ചതാണ്.,Sadness
"ട്രാഫിക് ജാമിൽ മറ്റുള്ളവരെക്കാൾ മുന്നിലെത്താൻ, ഞാൻ നടന്നിരുന്ന നടപ്പാതയിലൂടെ ആളുകൾ വാഹനമോടിച്ചപ്പോൾ ഞാന്‍ അലറി.",Anger
"വാടകക്കാരൻ വിശ്വസിക്കാനാവാതെ അയാള്‍ടെ ഇലക്ട്രിസിറ്റി ബില്ലിലേയ്ക്ക് അഞ്ച് മിനിറ്റോളം നോക്കി നിന്നു, കാരണം അത് അയാള്‍ പ്രതീക്ഷിച്ചേതിന്‍റെ  പകുതിയേ ഉണ്ടായിരുന്നുള്ളൂ.",Surprise
പ്രശസ്തനായ ഒരു തമിഴ് രാജാവിന്‍റെ ശ്മശാന സ്ഥലത്തെക്കുറിച്ചുള്ള ഒരു ലേഖനം വായിച്ചപ്പോ എനിക്ക് വല്ലാതെ വിഷമം തോന്നി.,Sadness
"കടൽ പ്രക്ഷുബ്ധമായതിനാൽ ബോട്ട് യാത്ര റദ്ദാക്കി, അത് കഷ്ടമായിപ്പോയി.",Sadness
മൽഖാംബ് കളിക്കാരെ കണ്ടോ? എന്തൊരു മെയ്‌വഴക്കം ആണ് അവർക്ക്!,Surprise
കള്ളന്മാരെ  പിടിച്ചു  കഴിഞ്ഞിരുന്നെങ്കിൽ കഴിഞ്ഞ അരമണിക്കൂറോളം സി.സി.ടി.വി. ക്യാമറയെക്കുറിച്ചുള്ള ചോദ്യങ്ങൾ ചോദിച്ച് നിങ്ങൾ എന്തിനാണ് എന്നെ ബുദ്ധിമുട്ടിച്ചത്?,Anger
നിങ്ങൾ ബിസിനസ് ക്ലാസ് ആണെന്നും  നിങ്ങൾ നേരത്തെ ബുക്ക് ചെയ്ത ഓവർബുക്ക്ഡ് ആയ  ഫ്ലൈറ്റ് കഴിഞ്ഞ് പതിനഞ്ച്  മിനിറ്റിനു ശേഷം മാത്രമേ ഈ ഫ്ലൈറ്റ് എത്തുകയുള്ളൂവെന്നും നിങ്ങളെ അറിയിക്കുന്നതിൽ എനിക്ക് സന്തോഷമുണ്ട്.,Happiness
"എക്സൈറ്റിങ് ആയ  ഒരു സെമിനാറിൽ പങ്കെടുത്ത ശേഷം, മൂല്യവത്തായ കസ്റ്റമർ സർവീസ് ടെക്നിക്കുകൾ പഠിച്ചപ്പോൾ എനിക്ക് വലിയ സന്തോഷമായി.",Happiness
"എൻറെ ഭർത്താവിന് നാളെ ഒരു കണ്ണ് ഓപ്പറേഷൻ നടത്താൻ പരിപാടി ഇട്ടതാ , പക്ഷേ ഞങ്ങൾക്ക് അത് താങ്ങാൻ കഴിയില്ല.",Sadness
ഐ.എസ്.എസ്.  ലേക്ക് ഒരു ബഹിരാകാശ സഞ്ചാരിയെ അയക്കുന്നതിനെക്കുറിച്ച് നാസയുമായുള്ള ഐ.എസ്.ആർ.ഒ.യുടെ പങ്കാളിത്തം പ്രഖ്യാപിച്ചപ്പോൾ ഞാൻ ഞെട്ടിപ്പോയി!,Surprise
അമൃത്‌സറിലേക്കുള്ള അവസാന ട്രെയിൻ പോയോ? എനിക്ക് നാളെ ഒരു മീറ്റിംഗ് ഉണ്ട്.,Fear
"നിങ്ങൾ ചെയ്യുന്ന വർക് ഔട്ട് ഞാൻ നോക്കായിരുന്നു, അത് എന്നെ പേടിപ്പെടുത്തുന്നു.",Fear
ഈ ഫിറ്റ്നസ് ട്രാക്കർ എന്‍റെ ഹാര്‍ട്ട്റേറ്റ് കൃത്യമായി നിരീക്ഷിക്കുന്നത് എനിക്കിഷ്ടായി.,Surprise
"മറ്റുള്ളവരുടെ പണം കൊണ്ട് മുങ്ങുമ്പോ അവർക്ക് ഒരു പ്രശ്നവും വരുന്നില്ല, അതാ  അവർ എളുപ്പത്തിൽ പേടിയില്ലാതെ കക്കുന്നത് .",Disgust
ഹോ ചി മിൻ നഗരത്തിലെ സ്ട്രീറ്റ് മാർക്കറ്റുകൾ ഷോപ്പർമാരുടെ ഒരു പറുദീസയാണ്.,Happiness
"ഞാൻ സിനിമയ്ക്ക്  ഓഡിഷന് പോയപ്പോൾ, കാസ്റ്റിംഗ് ഡയറക്ടർ എന്‍റെ ബാല്യകാല സുഹൃത്തായിരിക്കുമെന്ന് ഞാൻ പ്രതീക്ഷിച്ചിരുന്നില്ല.",Surprise
കൃത്യനിഷ്ഠയുള്ള സ്വിസ് ട്രെയിൻ അഞ്ച്  മിനിറ്റ് വൈകിയെന്ന് എനിക്ക് വിശ്വസിക്കാനായില്ല.,Surprise
ഞങ്ങളുടെ കുടുംബം ഇരുപത്തി അയ്യായിരം വർഷങ്ങൾക്ക് മുമ്പ് സൈബീരിയയിലെ മാൾട്ടാ ബോയിൽ നിന്നാണ് വന്നത് എന്ന് ജീൻ ടെസ്റ്റുകാളിൽ നിന്ന് അറിഞ്ഞപ്പോൾ ഞാൻ ഞെട്ടിപ്പോയി.,Surprise
ദക്ഷിണേന്ത്യയിലേക്ക് യാത്ര ചെയ്യുമ്പോൾ രാവിലെ കാപ്പിയുടെ മണം എനിക്കിഷ്ടമാണ്.,Happiness
തിയേറ്റർ ടൗണിന്‍റെ ഒട്ടും സേഫ് അല്ലാത്ത ഭാഗത്തായോണ്ട് എനിക്ക് ഒറ്റയ്ക്ക് പോകാൻ വയ്യ.,Fear
ഞാൻ കാശ് കൊടുത്ത് ബുക്ക് ചെയ്തതാണ്; എന്നിട്ടും ഹോട്ടലിലെ സ്റ്റാഫ് ഒന്ന് നോക്കുക പോലും ചെയ്യാതിരുന്നപ്പോൾ ഞാൻ അങ്ങോട്ട് പൊട്ടിത്തെറിച്ചു.,Anger
"പ്രൊഫഷണൽ സ്പോർട്സിലെ അമിതമായ വാണിജ്യവൽക്കരണവും, അത്യാഗ്രഹവും കണ്ടാല്‍ സഹിക്കൂല.",Disgust
രാത്രിയിൽ അപകടകരമായ ഒരു സ്ഥലത്തൂടെ പുതിയ റെസ്റ്റോറൻ്റിലേക്ക് നടന്നപ്പോൾ എനിക്ക് വല്ലാത്തൊരു പേടിയാരുന്നു.,Fear
"ചെലവുകൾ പോലും  മാറ്റിവച്ചിട്ട്, ആവശ്യമുള്ളതിനേക്കാൾ കൂടുതൽ നികുതികൾ അടക്കേണ്ടി വരുന്നത് എനിക്ക് പറഞ്ഞറിയിക്കാൻ പറ്റാത്ത വിധം അസ്വസ്ഥതയുണ്ടാക്കുന്നു.",Anger
"കൊള്ളാം, നമ്മൾ  പണിയാൻ പോകുന്ന മതിലിലൂടെ ഒരു  വാട്ടർ  പൈപ്പ് പോകുന്നുണ്ടെന്നാണോ  നിങ്ങൾ അർത്ഥമാക്കുന്നത്?",Surprise
"ഏതാനും മണിക്കൂറുകൾക്കുള്ളിൽ എന്‍റെ അലക്കൽ, ഉണക്കല്‍, മടക്കിവെക്കല്‍ എല്ലാം  കഴിയുമെന്ന് ഹോട്ടൽ റിസപ്ഷൻ പറഞ്ഞപ്പോൾ ഞാൻ ശരിക്കും അത്ഭുതപ്പെട്ടു. ഗസ്റ്റിന് എന്താ വേണ്ടതെന്ന് അലക്ക് റൂമിലുള്ളവര്‍ക്ക് അറിയാമോ എന്ന് ഞാൻ അത്ഭുതപ്പെടുന്നു.",Surprise
ഇപ്പോൾ കുറച്ച് ഓപ്ഷനുകൾ മാത്രമേയുള്ളൂ. മുൻകൂട്ടി ഡിസൈന്‍ ചെയ്ത ലഭ്യമായ ഓപ്ഷനുകളിൽ നിന്ന് ഒരെണ്ണം തിരഞ്ഞെടുക്കേണ്ടി വരും.,Sadness
കാർത്തിക്! വരിയിൽ തിരിച്ചുവന്നിട്ട് സംസാരിക്കുന്നത് ഒന്ന് നിർത്ത്.,Anger
എന്‍റെ സഹോദരിയുടെ പിറന്നാളാണ്. ഞങ്ങൾ അവൾക്ക് ഒരു സർപ്രൈസ് പാർട്ടി കൊടുക്കുകയാണ്.,Happiness
ടെറസ് മുഴുവന്‍ വളവും പുഴുക്കളും കൊണ്ട് നാറ്റമാണ്.,Disgust
ദേശീയ ബാങ്കിന് വായ്പയെടുത്ത് ബുദ്ധിമുട്ടുന്നവരോട് ഒരു അനുകമ്പയും ഇല്ല.,Disgust
"വിമാനങ്ങളില്‍ തരുന്ന ഭക്ഷണം ഒരു വകയ്ക്ക് കൊള്ളില്ല, ഞാന്‍ അത് കഴിക്കാറേയില്ല.",Disgust
"നിങ്ങൾക്കറിയോ ക്ലയന്‍റും നമ്മുടെ മാനേജ്മെന്‍റും എന്നോട് ദേഷ്യപ്പെട്ടിരിക്കാണ്, ഞാൻ നിങ്ങൾക്കു  വേണ്ടിയാ ഇതൊക്കെ കേട്ടത്.",Anger
"ഞാൻ അവിടെ ഇല്ലാത്തപ്പോ ഒരു മരം എന്‍റെ സൈക്കിളിലേക്കു  വീണു. എനിക്കാണെങ്കി, ഇപ്പോ വീട്ടിലേക്ക് തിരിച്ചും പോണം .",Sadness
ബേക്കറി മെനുവിൽ ഞാൻ തിരയുന്ന ബ്രെഡ് ഫ്ലേവർ കാണാത്തപ്പോൾ എനിക്ക് വിഷമമായി .,Sadness
എന്‍റെ ഈ വയറുവേദന സെമസ്റ്ററിനെ തടസ്സപ്പെടുത്തിയേക്കാം!,Fear
ബാങ്ക് അക്കൗണ്ട് സുഗമമായി ഓപ്പൺ ചെയ്യാൻ  എന്‍റെ മാതാപിതാക്കളെ സഹായിക്കാൻ ബാങ്ക് ജീവനക്കാരൻ വീട്ടിലെത്തിയപ്പോൾ ഞാൻ അത്ഭുതപ്പെട്ടു.,Surprise
നിങ്ങളുടെ ഡെലിവറി ബോയ് ചെയ്ത തെറ്റിന് ഞാനാണോ കഷ്ടപ്പെടേണ്ടി വരുന്നേ?,Anger
"ഒരു ബിസിനസ്സ് ഉടമ എന്ന നിലയിൽ, ടാക്സ് അധികാരികളിൽ നിന്നുള്ള ഒരു അപ്രതീക്ഷിത ഓഡിറ്റ്  എന്നെ  വല്ലാതെ പേടിപ്പെടുത്തുന്നു .",Fear
"ഫ്രിഡ്ജിന്‍റെ ആയുസ്സ് എത്രകാലം ഉണ്ടാകുമെന്നു അറിയില്ല, അത്  എപ്പോഴും ഇങ്ങനെ  മുഴങ്ങിക്കൊണ്ടിരിക്കുന്നത് കേൾക്കുന്നത് മഹാകഷ്ടമാണ്.",Sadness
ഒരേ ഡെലിവറിക്ക് രണ്ടുതവണ പൈസ കൊടുക്കേണ്ടി വന്നപ്പോ ഞാൻ ഞെട്ടി.,Surprise
എൻറോൺ നേതൃത്വം അവരുടെ പരാജയങ്ങളുടെ ഉത്തരവാദിത്തം ഏറ്റെടുക്കാൻ വിസമ്മതിച്ചതിൽ എനിക്ക് നിരാശ തോന്നി .,Disgust
മീറ്റിംഗിൽ ഇരിക്കുമ്പോൾ മര്യാദ കാണിക്കണം; മറ്റുള്ളവർ സംസാരിക്കുമ്പോൾ ഇടയിൽ കയറി സംസാരിക്കാൻ നിൽക്കരുത്.,Anger
"നഗരം മൊത്തം വെള്ളത്തിലാണ്, എന്നാല്‍ മേയറും കോര്‍പ്പറേഷനിലെ ഉന്നത ഉദ്യോഗസ്ഥരും വിദേശ പര്യടനത്തിലാണ്, ഇവരെയൊക്കെ തെരഞ്ഞെടുത്ത നമ്മളെ പറഞ്ഞാല്‍ മതിയല്ലോ",Disgust
ലാബ് പരീക്ഷണത്തിനിടയിൽ ഒരു തെറ്റ് വരുമോയെന്നു ആലോചിച്ച് എനിക്ക് പേടി തോന്നുന്നു.,Fear
കൂടുതൽ ഗുളികകൾ സ്റ്റോക്കിലില്ലെന്ന് അവർ പറഞ്ഞു. നമ്മക്ക് രണ്ട് ദിവസം കൂടി കാത്തിരിക്കേണ്ടി വരും .,Sadness
റൂം സർവീസിനായുള്ള എന്‍റെ റിക്വസ്റ്റ്  ശരിയായി നടന്നിട്ടുണ്ടോ എന്നതിനെക്കുറിച്ച് എനിക്ക് നല്ല ആശങ്കയുണ്ട് . ഞാനിപ്പോൾ ഹോട്ടലിൽ വന്നിട്ട് എട്ട്  മണിക്കൂർ ആയി.,Fear
അതെ! പുസ്തകത്തിനായുള്ള എന്‍റെ മുൻകൂർ ഓർഡർ ഉറപ്പായി. ഞാൻ കാത്തിരുന്ന ഒരു ബുക്കാണിത്.,Surprise
കശ്മീറിലെ ഗ്രാമപ്രദേശങ്ങളിലെ ഈ ശാന്തത വല്ലാത്തൊരു ഉന്മേഷം ആണ്.,Happiness
നീ ഇങ്ങനെ  ദേഷ്യപ്പെടുന്നത് പതിവല്ലാത്തകൊണ്ട് എനിക്ക് ഒന്നും സംസാരിക്കാൻ പറ്റുന്നില്ല.,Surprise
അമൃത്സറിലെ ഒരു ചെറിയ ഈറ്റിംഗ് ജോയിന്‍റിലെ അമൃത്സരി കുൽച്ച എനിക്ക് നല്ല ഇഷ്ടപ്പെട്ടു. അത് ശരിക്കും  നല്ല സ്വാദ് ആയിരുന്നു.,Happiness
ഫിനാൻഷ്യൽ  മാനേജുമെന്‍റിന്‍റെയും ടാക്സ്  പ്രിപ്പറേഷന്‍റെയും  സങ്കീർണ്ണതകൾ നിർണയിക്കുമ്പോൾ   പ്രശ്നങ്ങൾ എത്രയാ!,Fear
"എന്ത് രസമാ ഗോവയിലെ പ്രാദേശിക സംഗീതവും ആ സ്ഥലവും ഊർജ്ജവുമൊക്കെ, അത് കണ്ട് തന്നെ മനസിലാക്കണം.",Surprise
എന്‍റെ ജീവിതത്തിന്‍റെ എല്ലാ കാര്യങ്ങളും നിയന്ത്രിക്കാൻ എന്‍റെ അച്ഛനമ്മമാർ എപ്പഴും ശ്രമിക്കുന്നതിനോട് എനിക്ക് യോജിക്കാൻ പറ്റുന്നില്ല. അത് നല്ലതല്ല .,Anger
ഡൈവിംഗ് ബോർഡിൽ നിന്ന് താഴേക്ക്  ചാടാൻ നിൽക്കുമ്പോൾ പ്രേമയുടെ കാലുകൾ വിറച്ചു.,Fear
മിക്ക മനുഷ്യരെയും വളരെ മോശമായ രീതിയിൽ കാണിക്കുന്ന  ചില തമിഴ് ടിവി സീരിയലുകൾ എനിക്ക് ഭയങ്കര വെറുപ്പാണ്. .,Disgust
എ.ടി.എം.ൽ നിന്ന് ചേഞ്ച്  കിട്ടിയപ്പോ എനിക്ക് സന്തോഷമായി.,Happiness
"ഉദ്യോഗസ്ഥരോടും, അവരുടെ തീരുമാനങ്ങളോടുമുള്ള  കളിക്കാരുടെ ബഹുമാനക്കുറവേ, പൊറുത്തൂട.",Disgust
ക്ലാസ്സിൽ എടുക്കുന്ന പാഠം മനസ്സിലാകാതെ വരുമ്പോൾ ഒരുതരം ഉത്കണ്ഠയാണ്.,Fear
കോർപ്പറേഷൻ തൊഴിലാളികൾ വൃത്തിയാക്കിയതിന് ശേഷം  അവിടെ മാലിന്യം തള്ളുന്ന ആളുകളോട് എനിക്ക് വെറുപ്പ് തോന്നുന്നു.,Disgust
കോളേജ് കഴിഞ്ഞ് ചില വിദ്യാർത്ഥികൾക്കുള്ള കടബാധ്യതയെ കുറിച്ചറിഞ്ഞ് ഞാൻ ഞെട്ടിപ്പോയി.,Surprise
കാർഗിൽ യുദ്ധത്തിൽ സൈനികർ രാജ്യത്തിനായി ജീവൻ ബലിയർപ്പിക്കുന്ന രംഗം കണ്ടപ്പോൾ എൻ്റെ കണ്ണുനിറഞ്ഞു.,Sadness
ബൈക്ക് വിൽപനക്കാരൻ ക്വാളിറ്റി കുറഞ്ഞ  ബൈക്ക് നല്ലതാണെന്നു പറഞ്ഞ്  വിൽക്കാൻ ശ്രമിച്ചപ്പോൾ എനിക്ക് വല്ലാതെ ദേഷ്യം വന്നു .,Anger
ഇവിടെ ഇരുന്ന് കാപ്പി കുടിച്ചുകൊണ്ട് വിമാനങ്ങൾ പറന്നുയരുന്നത് നോക്കാൻ എന്ത് രസാ.,Happiness
"ഇന്‍കം ടാക്സ് ഓഫീസിന്ന്  എന്ത് ഇമെയിലോ കത്തോ വന്നാലും, അവർ ഇനീം പൈസ ചോദിക്ക്യാണോ കരുതി എന്‍റെ ഹൃദയമിടിപ്പ് കൂടും.",Fear
എങ്ങനെയെങ്കിലും കാശുണ്ടാക്കുകയെന്ന ചിന്തയോടെ നടക്കുന്നവരെ എനിക്ക് പുച്ഛമാണ്.,Disgust
സർക്കാരിലെ അഴിമതിയെക്കുറിച്ച് വായിക്കുമ്പോൾ എനിക്ക് വല്ലാതെ ദേഷ്യം വരും.,Anger
അന്വേഷിക്കാതെ തിളങ്ങുന്ന ഒരു പുതിയ സൈക്കിൾ വാങ്ങാൻ പെട്ടെന്ന് തീരുമാനിച്ച് പിന്നീട് അതിൽ ഖേദിക്കേണ്ടി വരാം.,Fear
വാടകവീട്ടിലെ ലിവിംഗ്റൂം ഇത്ര അടിപൊളിയായിരുക്കും എന്ന് ഞാൻ വിചാരിച്ചില്ല! പറഞ്ഞു ചെയ്യിച്ചപോലെ!,Surprise
ഓ ഇല്ല... പോകല്ലേ. ദയവായി  ഇവിടെ താമസിക്കൂ.,Fear
വേറൊരു കടയുടെ തൊട്ട അടുത്തുതന്നെ നമ്മുടെ കട തുറക്കുന്നത് അത്ര നല്ല ബുദ്ധിയാണോ? നമ്മുടെ കച്ചവടത്തെ ഒക്കെ അത് ബാധിക്കില്ലേ?,Fear
എന്‍റെ മോഡുലാർ കിച്ചണു വേണ്ടി  ആശാരി ഡിസൈന്‍ ചെയ്ത ഓപ്ഷനുകളിൽ എനിക്ക് ഭയങ്കര ത്രില്‍ ആയിരുന്നു. അവ എനിക്ക് പെര്‍ഫക്റ്റ് ആണ്!,Happiness
പുതിയ ടാക്സ് റൂള്‍സ് മിഡില്‍ ക്ലാസിന് ഇത്ര ഗുണം ചെയ്യുമെന്ന് ഞാൻ ഒട്ടും പ്രതീക്ഷിച്ചില്ല.,Surprise
"മരപ്പണിക്കാരന്‍റെ മോഡുലാർ കിച്ചൺ ഇൻസ്റ്റാളേഷനിലെ കരകൗശല വൈദഗ്ധ്യവും, അതീവ ശ്രദ്ധയും ശരിക്കും ആകർഷകമായിരുന്നു.",Happiness
"ഒരു അക്കൗണ്ടന്റ് എന്ന നിലയിൽ, സാമ്പത്തിക രേഖകളുടെ അഭാവവും ടാക്സ് ഫയലിംഗിനെ ബാധിക്കുന്ന ബിസിനസുകളുടെ ക്രമമില്ലാത്ത ബുക്ക് കീപ്പിംഗും എന്നെ ആലോസരപ്പെടുത്തുന്നു.",Disgust
ഇന്നലെ നിങ്ങൾ എന്നോട് സീരിയസായി സംസാരിച്ചപ്പോ കേക്കാത്തതില്‍ എനിക്ക് സങ്കടമുണ്ട്.,Sadness
പ്രദർശനത്തിനു വച്ചിരിക്കുന്ന ഈ വസ്തുക്കളൊക്കെ എത്ര ആകർഷകമാണ്!,Surprise
ഞാൻ ബേക്കറിയുടെ പുറകിൽ നടന്നപ്പോൾ അവിടെ വേസ്റ്റ് കുമിഞ്ഞുകൂടിയതിനാൽ അവിടം മൊത്തം എന്തൊരു  നാറ്റമായിരുന്നു.,Disgust
എന്തുകൊണ്ടാണ് ആ നടൻ അവാർഡിനായി നോമിനേറ്റ് ചെയ്യപ്പെടുന്നതെന്ന്  എനിക്ക് മനസ്സിലാകുന്നില്ല. അയാൾ തീരെ പോരാ.,Disgust
എൻ്റെ ഒരു സുഹൃത്ത് ഉണ്ട്. ഒരു പരിചയവും ഇല്ലാത്ത ആൾക്കാരുമായി അവൻ കൂൾ ആയിട്ട് കൂട്ടുകൂടുന്നത് കണ്ടാൽ അത്ഭുതം തോന്നും.,Surprise
കഴിഞ്ഞ തവണ  ക്ലീനിംഗ് സമയത്ത് മിസ് ആയ സ്ഥലങ്ങളെക്കുറിച്ച് ക്ലയന്‍റില്‍ നിന്ന് ചില നെഗറ്റീവ് ഫീഡ്‌ബാക്ക് എനിക്ക് കിട്ടിയിട്ടുണ്ട്. അവരെ   തൃപ്തിപ്പെടുത്താനും   ഞങ്ങളുടെ പ്രൊഫഷണൽ  റപ്യുട്ടേഷൻ നിലനിർത്താനും ഇത് പരിഹരിച്ചെ തീരൂ .,Fear
ഒരു ക്ലയന്റിൻ്റെ ഉപഭോക്താക്കൾക്ക് ലേറ്റ് ആയിട്ടാണ് സാധനങ്ങൾ എത്തിച്ചുകൊടുത്തത്; ആ ക്ലയന്റ് ഇനി എന്തൊക്കെ പറയുമോ ആവോ.,Fear
അത് കേൾക്കുമ്പോൾ എനിക്ക് സങ്കടം തോന്നുന്നു. നിങ്ങൾക്ക് എന്തുകൊണ്ടാണ് അതൃപ്തി എന്ന് ദയവായി വിശദീകരിക്കാമോ?,Sadness
"ഈ സ്വർണ്ണ ചെയിന്‍ ചതിയാണ്, എന്നിട്ടും ആധികാരികമെന്നെങ്ങനെ പറയും? ഞാൻ വ്യാജമായ  ആഭരണങ്ങൾക്കു വേണ്ടിയല്ല  ഇവിടെ വന്നത് !",Anger
പുതിയ ക്‌ളൈന്‍റിനെക്കുറിച്ചുള്ള എന്‍റെ വാർണിങ്സ് എല്ലാം  നീ  നിസ്സാരമായി എടുത്തു.,Anger
"ഞാൻ എന്‍റെ അക്കൗണ്ട് നോക്കി , അതിൽ ആരോ അനധികൃതായിട്ട് പണം  പിൻവലിച്ചിട്ടുണ്ട്. എന്താ സംഭവിക്കുന്നേ? എന്‍റെ പണം സേഫ് ആണോ?",Fear
ഹംപിയിലെ സ്മാരകങ്ങളുടെ വാസ്തുവിദ്യാ വിശദാംശങ്ങൾ സങ്കീർണ്ണവും വിസ്മയകരവുമാണ്.,Happiness
"ഹലോ മാഡം, എന്‍റെ പേര് ഖാൻ, നിങ്ങൾക്ക് വേണ്ട  സഹായം ചെയ്യാൻ എനിക്ക് സന്തോഷമുണ്ട്.",Happiness
മാറ്റുന്നതിനുപകരം നന്നാക്കാനുള്ള മെക്കാനിക്കിന്‍റെ സമീപനത്തിൽ എനിക്ക് നല്ല  മതിപ്പുണ്ട്. അത് നന്നായി .,Happiness
കേടുവന്ന ഒരു ബൾബ്  തന്നതിന് ഞാൻ കടയുടമയോട് ശരിക്കും ചൂടായി.,Anger
ചില വിദ്യാർത്ഥികൾ അധ്യാപകരെ കളിയാക്കിക്കൊണ്ട് അവരെ അവഹേളിക്കുന്ന രീതി വെറും അരോചകമാണ്.,Disgust
"വൗ, അത് അതിശയകരമായി തോന്നുന്നു! ഇത് പരീക്ഷിക്കാതിരിക്കാനാവില്ല.",Surprise
നിരവധി പുതിയ സ്റ്റാർട്ടപ്പുകൾ മാനസികാരോഗ്യത്തിൽ ശ്രദ്ധ കേന്ദ്രീകരിക്കുന്നുണ്ട് ! ഈ മേഖലയിൽ നമ്മുടെ ഇന്ത്യ ഇത്ര വേഗം  പുരോഗമിക്കുന്ന് ഞാൻ ഒരിക്കലും വിചാരിച്ചിരുന്നില്ല.,Surprise
ഒന്നിലധികം ജോലികളിൽ ഒരേസമയം പരാജയപ്പെടാനുള്ള കഴിവാണ് മൾട്ടി ടാസ്കിംഗ് എന്ന് പറഞ്ഞുകൊണ്ട്  എന്‍റെ ഫ്രണ്ട് എന്നെ ചിരിപ്പിച്ചു.,Happiness
ബ്രസ്സൽസിലെ സ്ട്രീറ്റ് ആർട്ട് കാണുമ്പോൾ മനസ്സൊന്ന് കുളിർക്കും.,Happiness
തുടർച്ചയായി അഞ്ച്  വർഷം പ്രമോഷൻ തരാതെ കഴിഞ്ഞ വർഷവും  ലീഡർഷിപ്പ്  എന്നെ അവഗണിച്ചപ്പോ എനിക്ക് ദേഷ്യം സഹിക്കാൻ പറ്റിയില്ല.,Anger
"ഇത്രയ്ക്കും ശബ്ദമുണ്ടാക്കരുതെന്ന് ഞാൻ അവരോട് പറഞ്ഞതാ, പക്ഷേ അവർ ഒരിക്കലും കേൾക്കില്ല.",Sadness
ഈ വോയ്സ് റെക്കഗ്നിഷൻ സോഫ്റ്റ്വെയർ എത്ര കൃത്യതയോടെയാണ് ശബ്ദം തിരിച്ചറിയുന്നത്. ടെക്നോളജിയുടെ ഒരു പോക്കേ!,Surprise
പോസിറ്റീവ് ആയ കാഴ്ചപ്പാടിലേക്ക് മാറാൻ നിങ്ങൾ ചിന്തിക്കുന്നത് ഒരു നല്ല തുടക്കമാണ്. പകുതി യുദ്ധം   ജയിച്ചു.,Happiness
എന്‍റെ സന്തോഷവാനായ അമ്മാവനെ ദിവസത്തിലെ ഏത് സമയത്തും വീട്ടിലേക്ക് സ്വാഗതം ചെയ്യുന്നതിൽ ഞാൻ സന്തുഷ്ടനാണ്.,Happiness
രാവിലെ കഠിനമായ വ്യായാമം ചെയ്തുകഴിഞ്ഞാല്‍ ഞാന്‍ സംതൃപ്തനായി. ദിവസം മുഴുവൻ നല്ല ഉന്മേഷം .,Happiness
"കുറച്ച് നല്ല ഡ്രസ്സ് കഴുകാനുണ്ടായിരുന്നു, പക്ഷേ എന്‍റെ ഹോട്ടൽ അലക്കുന്ന കാര്യം ഒന്നും പറയുന്നില്ല, ഇനി എന്ത് ചെയ്യും?",Sadness
ടാക്സ്  ഫയലിംഗ് ഇത്രയും കുഴപ്പത്തിലാകുമെന്ന് ഞങ്ങൾ വിചാരിച്ചിരുന്നില്ല!,Disgust
വളരെ ചരിത്രപ്രാധാന്യമുള്ള ഈ സ്ഥലമൊക്കെ നല്ലതുപോലെ സംരക്ഷിക്കാതെ തകർന്ന് കിടക്കുന്ന കാഴ്ച മനസ്സ് വേദനിപ്പിക്കുന്നതാണ്.,Sadness
മൊബൈൽ പേയ്മെന്‍റുകളൊക്കെ ഇപ്പോൾ നല്ല സ്പീഡിലാണല്ലോ! കൂള്‍!,Surprise
"ഞാൻ കുട്ടിയായിരുന്നപ്പോൾ നിങ്ങൾ ചെയ്തതോ ചെയ്യാത്തതോ ഒന്നും ഇനി പ്രശ്നമല്ല, അച്ഛാ. കുറച്ച് ആത്മാഭിമാനത്തോടെ ഇരിക്കൂ !",Disgust
ഞാൻ പി.എച്ച്.ഡി. പ്രോഗ്രാമിലേക്കു യോഗ്യത നേടിയെന്നുള്ള  വാർത്ത എനിക്ക് പ്രത്യേക ഊർജ്ജം തന്നു.,Happiness
തെറ്റായ ഐറ്റം  വിതരണം ചെയ്തതുകൊണ്ട് പാക്കേജ് തിരികെ നൽകേണ്ടിവരുന്നത് ശരിക്കും നിരാശാജനകമാണ്.,Sadness
ഈ സമൃദ്ധമായ വിളവെടുപ്പിൽ  നമ്മുടെ    കഠിനാധ്വാനം കാണുമ്പോ  എത്ര പ്രതിഫലം  കിട്ടുമെന്നു എനിക്ക് അറിയില്ലായിരുന്നു.,Surprise
ബിൽഡർമാരെ ജലസ്രോതസ്സുകൾ കയ്യേറാൻ അനുവദിച്ചുകൊണ്ട് പരിസ്ഥിതി സംരക്ഷണത്തെ രാഷ്ട്രീയക്കാരൻ അവഗണിക്കുന്നത് അക്രമമാണ്.,Anger
വിശാലമായ ഈ  ലോകത്ത് വീട്ടിൽ ഒറ്റയ്ക്കിരിക്കുമ്പോൾ വല്ലാത്ത ഏകാന്തത അനുഭവപ്പെടുന്നു.,Sadness
"എന്‍റെ ശമ്പളം കൂട്ടാൻ ഞാൻ എച്ച്.ആർ. മാനേജറോട് പറഞ്ഞതാ, പക്ഷെ  അവർ  സമ്മതിച്ചില്ല.",Sadness
"ഈ ഒന്നിനും കൊള്ളാത്ത സാധനങ്ങൾ വിറ്റുതീർക്കാൻ പറഞ്ഞാൽ എങ്ങനെയാ? അവർക്കെങ്ങനെ പറഞ്ഞാൽ മതി, വിൽക്കുന്നത് നമ്മളല്ലേ!",Disgust
"മുൻകൂട്ടി തുറന്ന ഒരു പാക്കേജ് ലഭിക്കുമോ എന്ന് എനിക്ക് പേടിയുണ്ട് , കാരണം ഇതിനു  മുമ്പ് അങ്ങനെ ഉണ്ടായിട്ടുണ്ട്  .",Fear
ഈ മ്യൂസിക് ടീച്ചര്‍ക്ക് ഒരു ചുക്കും അറിയില്ല.,Anger
മറ്റുള്ളവരെ വഴിയില്‍ തള്ളിമാറ്റുന്ന ഓട്ടക്കാരെ എനിക്ക് വെറുപ്പാണ്.,Anger
കാസ്റ്റിംഗ് ഡയറക്ടർ സംഘടിപ്പിച്ച സിനിമാ ഓഡിഷന് ഞാൻ വളരെ വൈകിയതിനാൽ എനിക്ക് അഭിനയിക്കാനുള്ള അവസരം നഷ്ടപ്പെടുമോ എന്തോ.,Fear
ഓരോ തവണയും ഓവനിൽ നിന്ന് ബ്രെഡിൻ്റെ മണം കേൾക്കുമ്പോൾ ആ പഴയ കാലമൊക്കെ മനസ്സിൽ തെളിയും.,Happiness
വിശ്വസിക്കാൻ പറ്റുന്നില്ല! ആ സാമ്പത്തിക രേഖകളിൽ  അവന്മാര്‍ മനപ്പൂർവ്വം കൃത്രിമത്വം കാണിച്ചതാ.,Anger
"എന്‍റെയീ കൂട്ടുകാരനോട്‌ സംസാരിക്കാനേ പറ്റില്ല., കാരണം എന്നെ മുഴുവൻ  സംസാരിക്കാൻ  സമ്മതിക്കാതെ അവൻ  കേറി ഓരോന്ന് പറയും.",Anger
ഇത്രയും കാലം ആയിട്ടും സിനിമാ ഹാളുകളിൽ പ്രായമായവരുടെ ആവശ്യങ്ങൾക്ക് ഒരു പരിഗണയും ഇല്ല.,Anger
ഒരു ബാങ്ക് ജീവനക്കാരൻ എന്നോട് പരുഷമായി സംസാരിച്ചപ്പോ എന്‍റെ വർക് ബാങ്ക് ഓഫീസർ ഏറ്റെടുത്തു.,Happiness
"കൗൺസിലിങ്ങിലൂടെ എന്‍റെ സ്‌ട്രെസും, ഉത്കണ്ഠയും മാനേജ് ചെയ്യാനുള്ള ഫലപ്രദമായ വഴികൾ ഞാൻ പഠിക്കുന്നുണ്ടെന്ന് അറിയുമ്പോൾ എനിക്ക് ആശ്വാസം തോന്നുന്നു.",Happiness
"ബാങ്ക് ലോക്കറിനായി നമ്മൾ  പണം നൽകിയിട്ടും, ആ മുറിയിൽ എന്തൊരു നാറ്റവും പൂപ്പലും ഒക്കെയാണ് , എനിക്ക്   അകത്തേക്ക് പോകാനേ തോന്നുന്നില്ല.",Disgust
ആ ബസ് വരുന്നത് കണ്ടപ്പോ എനിക്ക് ആകെ നിരാശയായി . ഇനി ഞാൻ എപ്പോഴ  മടങ്ങി വരാന്ന്‌ അറിയില്ല.,Sadness
നിങ്ങൾ വീണ്ടും പറഞ്ഞ വാക്ക് ലംഘിച്ചത് എനിക്ക് വിശ്വസിക്കാനാവുന്നില്ല.,Anger
വിനോദസഞ്ചാരികൾ ഭീകരമായി  കൊല്ലപ്പെട്ടുവെന്ന നിരവധി റിപ്പോർട്ടുകൾ എന്നെ ഞെട്ടിച്ചതോണ്ട്  ഞാൻ ഈ വിൻ്ററിൽ ഹിൽ സ്റ്റേഷനിലേക്കൊന്നും  ടൂർ പോകാൻ ഉദ്ദേശിക്കുന്നില്ല .,Fear
നിങ്ങൾ എന്താ എപ്പോഴും വൈകുന്നത്? എനിക്ക് ഇപ്പോ ജോലിക്ക് പോകണം! നാളെ നേരത്തെ വന്നില്ലെങ്കിൽ ഞാൻ ഈ മാസം നിങ്ങൾക്ക് പൈസ തരില്ല.,Anger
"ഞങ്ങടെ തെരുവിലുള്ള എല്ലാർക്കും കോവിഡ് ണയൻറ്റീൻ വന്നിട്ടുണ്ട് , അടുത്തന്നെ നമുക്കും അത് വരാൻ സാധ്യതയുണ്ട് .",Fear
തുറന്ന ഓട്ടോയിൽ  വച്ച് മഴ പെയ്തു ഞാൻ നനഞ്ഞപ്പോ എനിക്ക് വിഷമമായി.,Sadness
"ആ സയൻസ് ഫിക്ഷൻ സിനിമയിലെ സ്പെഷ്യൽ ഇഫക്റ്റുകൾ വളരെ മോശവും, കാലഹരണപ്പെട്ടതുമായിരുന്നു.",Disgust
അഞ്ച്  വർഷം മുമ്പത്തെ ഇൻകം ടാക്സ് അടയ്ക്കാൻ ആവശ്യപ്പെട്ടുകൊണ്ട് ഒരു കത്ത് കിട്ടിയപ്പോ  ഞാൻ ആകെ ഞെട്ടിപ്പോയി.,Fear
"സാധാരണ ഓട്ടോകളിൽ നിന്ന് വ്യത്യസ്തമായി, ഷെയർ ഓട്ടോകകൾ  എനിക്ക് ഇഷ്ടമാണ് , കാരണം എനിക്ക്  അതിൽ വിലപേശേണ്ട ആവശ്യം വരില്ല.",Happiness
ചെക്ക്പോസ്റ്റിൽ എന്‍റെ ട്രക്ക് വിട്ടയച്ചതിന് കൈക്കൂലി നൽകാൻ ഞാൻ വിസമ്മതിച്ചതുകൊണ്ട്  എക്സൈസ് ഇൻസ്പെക്ടർക്ക്  എന്നോട് ശത്രുതയായെങ്കില്‍ ആകട്ടെ.,Anger
കർണാടകയിൽ കോൺഗ്രസ് പാർട്ടി വിജയിക്കുമെന്ന് ഞാൻ വിചാരിച്ചിരുന്നില്ല.,Surprise
വൗ ! വളരെ മനോഹരമായ ചിത്രാ ട്ടോ സുന്ദര! നന്നായി ചെയ്തിട്ടുണ്ട് .,Surprise
യു.കെ.യിലെ ക്ഷേത്രങ്ങൾക്ക് പുറത്തു ഹിന്ദുക്കൾക്കെതിരായി നടത്തുന്ന അക്രമാസക്തമായ പ്രതിഷേധങ്ങൾ ഉടൻ അവസാനിപ്പിക്കണം.,Anger
ഞങ്ങളുടെ കമ്പനി   പാപ്പരായതി അടുത്തയാഴ്ച അടച്ചുപൂട്ടുന്നതുകൊണ്ട്  ഞാൻ അകെ ഹൃദയം തകർന്നിരിയ്ക്കാ .,Sadness
കുറെ വർഷങ്ങളായിട്ടുള്ള  എന്‍റെ സഹപ്രവർത്തകൻ സ്ഥാപനം വിടാൻ തീരുമാനിച്ചപ്പോൾ കഴിഞ്ഞ കുറെ  വർഷങ്ങളിൽ  ഒരുമിച്ച് ഉണ്ടായത്  ഓർത്ത്  എനിക്ക് ഒരു നൊസ്റ്റാൾജിയ തോന്നി .,Sadness
ശ്രേയാ ഘോഷാൽ പാടുന്നത് കേൾക്കുമ്പോഴെല്ലാം എൻ്റെ രോമം ഇങ്ങനെ എഴുന്നേറ്റ് നിൽക്കും.,Happiness
"റെസ്റ്റോറന്റിൽ എനിക്ക് ഏറ്റവും പ്രിയപ്പെട്ട വിഭവം തീർന്നു, അത് എന്നെ അസ്വസ്ഥനാക്കി.",Sadness
കേടുവന്ന ഭക്ഷണം നിങ്ങൾക്ക് വിറ്റ കട കൊള്ളാമല്ലോ!,Anger
"വൗ , രണ്ടായിരത്തി ഇരുപതിലെ ഒളിമ്പിക്സിൽ പി.വി. സിന്ധുവിനു  വെങ്കല മെഡൽ കിട്ടി .",Surprise
എന്‍റെ ആരോഗ്യ ഇൻഷുറൻസ് പ്രീമിയങ്ങൾ ഇത്രത്തോളം കൂടിയതായി കാണുന്നത് കഷ്ടം തന്നെയാണ് .,Sadness
ഞങ്ങളുടെ മികച്ച സാങ്കേതിക വിദഗ്ധരെക്കുറിച്ചുള്ള വിവരങ്ങൾ ഒരു എതിരാളിക്ക്  കൈമാറുന്നത് കണ്ടത്തിയതിനെത്തുടർന്ന് ഞാൻ ഒരു ജീവനക്കാരനെ  പുറത്താക്കി.,Anger
"ആരോ ഞങ്ങള്‍ടെ പറമ്പില്‍ ഒരു ചത്ത പട്ടിയെ കൊണ്ടിട്ടിരിക്കുന്നു, നാറ്റം സഹിക്കാന്‍ വയ്യ.",Disgust
ഞങ്ങൾ ജോലീന്ന് ഒരു ബ്രേക്ക് എടുത്ത് ഒരുമിച്ച് ഒരു ഹോളിഡേ പോകുമ്പോൾ  എന്‍റെ ടീമിന് അതൊരു സന്തോഷാണ്.,Happiness
പുതിയ സാമ്പത്തിക നിയന്ത്രണങ്ങൾ ഉപഭോക്തൃ സംരക്ഷണത്തിൽ ഉണ്ടാക്കിക്കൊണ്ടിരിക്കുന്ന മാറ്റങ്ങള്‍ അമ്പരപ്പിക്കുന്നതാണ്.,Surprise
ആളുകളെയും അവരുടെ സ്വകാര്യ വിവരങ്ങളെയും ചൂഷണം ചെയ്യാൻ സൈബർ  ക്രിമിനലുകൾ  ഉപയോഗിക്കുന്ന വൃത്തികെട്ട  തന്ത്രങ്ങളിൽ എനിക്ക് വെറുപ്പ് തോന്നുന്നു.,Disgust
വിദ്യാഭ്യാസച്ചെലവുകൾ അടിക്കടി കൂടുന്നത്  എന്നെ ശരിക്കും വിഷമിപ്പിക്കുന്നു.,Sadness
ഞാൻ ആ ജോലി ഉപേക്ഷിച്ചതിനുശേഷം എന്‍റെ മുൻപത്തെ  ജോലിസ്ഥലത്ത് ആരും എന്നെ ശ്രദ്ധിക്കാത്തപ്പോൾ എനിക്ക് വിഷമവും  ഏകാന്തതയും തോന്നി.,Sadness
"മള്‍ട്ടി ലെവല്‍ മാര്‍ക്കറ്റിങ് എന്നും പറഞ്ഞ് ആളുകളെ പറ്റിക്കാന്‍ ഓരോരുത്തര്‍ ഇറങ്ങിക്കോളും, ഇവരെയൊന്നും നിയന്ത്രിക്കാന്‍ ഇവിടെയാരുമില്ലേ?",Disgust
പാസ്വേഡ് മറന്നതുകൊണ്ട് ഇനി എന്തുചെയ്യും എന്ന് ആലോചിക്കുകയായിരുന്നു; അപ്പോഴാണ് എന്‍റെ പഴയ ഡയറിയില്‍ എൻ്റെ എല്ലാ പാസ്വേഡുകളും ഉള്ളതായി കണ്ടത്.,Surprise
വ്യവസായ ലാഭത്തിനുവേണ്ടി അവർ ഇങ്ങനെ  പാരിസ്ഥിതിക നിയന്ത്രണങ്ങളെ അവഗണിക്കുന്നത് എനിക്ക് സഹിക്കാനാവുന്നില്ല.,Anger
തെറ്റായ നയപരമായ തീരുമാനങ്ങൾ മൂലമുണ്ടായ ഈ സാമ്പത്തിക മാന്ദ്യത്തിനു കാരണം സർക്കാരാണ്.,Anger
ഈ പാട്ടിന്‍റെ വരികള്‍ എന്തൊരു ബോറാ. ഒക്കെ വല്ലാതെ  പ്രകോപനപരവും അനുചിതവുമാണ്.,Disgust
കുറ്റവാളികളിൽ നിന്ന് സ്വയം പരിരക്ഷിക്കാനുള്ള മാർഗങ്ങൾ   സ്വീകരിക്കേണ്ടതിന്‍റെ പ്രാധാന്യം നിങ്ങൾ മനസ്സിലാക്കുന്നില്ല.,Disgust
ഒരു ക്ലാസ്സ് പഠിപ്പിക്കാൻ തുടങ്ങുന്നതിനുമുമ്പ് എനിക്ക് എല്ലായ്പ്പോഴും അസ്വസ്ഥത അനുഭവപ്പെടുന്നു.,Fear
പ്രത്യേക രുചികളുടെ അപൂർവമായ സംയോജനമാണ് നാടൻ പാചകരീതികൾ .,Happiness
ഇരുപത്തിയൊന്ന് ദിവസം മാത്രമാണ് വിശ്രമിച്ചതെന്നാണോ നിങ്ങൾ അർത്ഥമാക്കുന്നത് ? നിങ്ങൾ നാൽപ്പത്തിയഞ്ച്  ദിവസം വിശ്രമിക്കണം.,Surprise
കമ്പനി ലീഡർഷിപ്പിനുള്ള  ഒരു പ്രസന്റേഷന്‍റെ തലേന്ന് എന്‍റെ ടീം  തയ്യാറാക്കിയ പ്രോജക്റ്റ് റിപ്പോർട്ട് മഹാ മോശമായിരുന്നു.,Anger
കസ്റ്റമേഴ്‌സ് ഞങ്ങളുടെ ജീവനക്കാരുടെ കഴിവിനെ വകവെക്കാതെ അവരെ ഇങ്ങനെ ചോദ്യം ചെയ്ത് ബുദ്ധിമുട്ടിക്കുന്ന കാഴ്ച്ച വേദനാജനകമാണ്.,Sadness
ഇങ്ങനെയാണോ നിങ്ങൾ നിങ്ങളുടെ കുട്ടികളെ വളർത്തുന്നത്? ഞാൻ എപ്പ  അവരോട് ചോദ്യം ചോദിക്കുമ്പഴും അവർ എനിക്ക് നേരെ ഒച്ചയിടാ .,Anger
ക്രെഡിറ്റ് കാർഡ് കമ്പനികളൊക്കെ ഈടാക്കുന്ന ഫീസ് കണ്ടിട്ട് കലി കയറുന്നു.,Anger
ഡൽഹിയിൽ എത്ര തരം മ്യൂസിയങ്ങൾ ആണുള്ളത്!,Surprise
എന്‍റെ കുട്ടി ആഗ്രഹിക്കുന്ന സൈക്കിൾ വാങ്ങാൻ എന്‍റെ കൈയിൽ പൈസ ഇല്ലാത്തതുകൊണ്ട്  എനിക്ക് വിഷമം തോന്നുന്നു.,Sadness
ഈ റോബോട്ടിന് യഥാർത്ഥത്തിൽ ഒരു റുബിക്സ് ക്യൂബ് പരിഹരിക്കാൻ കഴിയുമെന്ന് നിങ്ങൾക്ക് വിശ്വസിക്കാൻ കഴിയുമോ?,Surprise
തന്‍റെ മകൾക്ക് സിലിക്കന്‍ വാലിയില്‍ ഒരു ജോലി ശരിയായിട്ടുണ്ടെന്ന് ഞാൻ  ഇപ്പോഴാണ് അറിയുന്നത്. പൊളിച്ചു മോനേ!,Surprise
"എനിക്ക് നല്ല ദേഷ്യമുണ്ട്! ഹോട്ടലിൽ ചെക്ക് ഇൻ ചെയ്തതുമുതൽ ഞാൻ വൈഫൈ കണക്റ്റുചെയ്യാൻ ശ്രമിക്കുന്നു, എനിക്ക്  എറര്‍ മെസ്സേജസ് മാത്രമാണ് കിട്ടുന്നത് .  ഇന്‍റർനെറ്റ് കണക്ഷൻ ഇല്ലാതെ ജോലി ചെയ്യാനും വിശ്രമിക്കാനും ഒക്കെ പാടാണ്.",Anger
ഒരു സ്ഥലത്ത് കയറാൻ ഗൈഡ് വിലകൂടിയ ടിക്കറ്റ് വാങ്ങിയിട്ട് എന്നോട് കൊടുക്കാൻ പറഞ്ഞപ്പോൾ എൻ്റെ എല്ലാ കണ്ട്രോളും പോയി.,Anger
യു.എസ്സിലുള്ള എന്‍റെ കുട്ടിയുടെ അക്കൗണ്ട് കൈകാര്യം ചെയ്യാൻ ബാങ്ക് എന്നെ അനുവദിക്കാത്തത് ശരിയല്ല.,Anger
വാദിയും പ്രതിയും ഒരേ വക്കീലിനെത്തന്നെ കാണുക! നല്ല പരിപാടി!,Disgust
സ്വയം പരിക്കേൽക്കുമെന്ന പേടി ഉള്ളത്കൊണ്ടാണ്  നിങ്ങൾ നിങ്ങളുടെ മുഴുവൻ കഴിവും പുറത്തെടുത്ത് കളിക്കാത്തത്.  (ഫുട്ബോൾ കളിക്കാരനോട് പരിശീലകൻ),Fear
"അധ്വാനം മാത്രമല്ല പ്രശ്നം, എന്നാൽ അസുഖകരമായ ചൂടും ക്ഷീണവും സഹിച്ചുകൊണ്ട് ആ വയലുകളിൽ മണിക്കൂറുകളോളം ചെലവഴിക്കുന്നത് എനിക്ക് ശരിക്കും വെറുപ്പാണ് .",Disgust
കഴിഞ്ഞ ആഴ്ചയിലെ കുടുംബസംഗമത്തിൽ എന്‍റെ മാതാപിതാക്കൾ ആസ്വദിക്കുന്നത് കണ്ടതിൽ ഞാൻ സന്തോഷിച്ചു.,Happiness
എന്‍റെ സഹപ്രവർത്തകന്‍റെ രാജിയും അസാന്നിധ്യവും കാരണം ഞാൻ ഓർഗനൈസേഷനിൽ എച്ച്.ആർ. ഹെഡായി തുടരണമോയോയെന്നു എനിക്ക് ആശങ്കയുണ്ടായി .,Sadness
പ്രായം വെറുമൊരു നമ്പർ മാത്രാ. എനിക്ക് എപ്പൊഴും ചെറുപ്പമായി തന്നെയാ തോന്നണെ.,Happiness
രാജിവെക്കാനുള്ള നിങ്ങളുടെ തീരുമാനം നമ്മുടെ  ടീമിന്‍റെ ഭാവിയെപ്പറ്റി ഒരു അനിശ്ചിതത്വം ഉണ്ടാക്കും.,Fear
"ലണ്ടൻ ഹീത്രൂ എയർപോർട്ടിന്‍റെ സ്ഥിതി വളരെ മോശാണ്. ഞാൻ ഒരു ടെർമിനലിന്ന് അടുത്തതിലേക്ക് ടണലിലൂടെ നടക്കുമ്പോൾ, നാറ്റം സഹിക്കാന്‍ പറ്റീല.",Disgust
പിയർ ടു പിയർ വായ്പാ പ്ലാറ്റ്ഫോമുകൾ ഇത്രയും വേഗത്തിൽ ജനപ്രീതി നേടി എന്നത് മനസ്സിനെ വല്ലാതെ ആകർഷിക്കുന്നു.,Surprise
എൻ്റെ ക്രെഡിറ്റ് കാർഡിൽ കുറഞ്ഞ പലിശ നിരക്ക് കിട്ടിയപ്പോൾ സന്തോഷംകൊണ്ട് തുള്ളിച്ചാടുകയായിരുന്നു ഞാൻ.,Happiness
"രാത്രി മുഴുവൻ കറണ്ട് കൂടീം കുറഞ്ഞും ഇരുന്നാല്‍, റ്റീവീം ഫ്രിജ്ജുമൊക്കെ  കേടാകുമോയെന്തോ!",Fear
ചെന്നൈയിലെ പ്രാദേശിക വിഭവങ്ങൾ ഒന്ന് പരീക്ഷിച്ച് നോക്കണം! കഴിച്ചാൽ പിന്നെയും പിന്നെയും കഴിക്കാൻ തോന്നും.,Happiness
എന്‍റെ ജീവിതത്തിൽ  സ്‌ട്രെസിനും   ഉത്കണ്ഠയ്ക്കും കാരണമാകുന്ന മടുപ്പിക്കുന്ന ഈ വികാരം എനിക്ക് സഹിക്കാൻ പറ്റില്ല.,Disgust
"എന്‍റെ കാറിനെ ആകെ മാറ്റിമറിക്കുന്ന പരിഷ്കാരങ്ങൾക്കായി എനിക്ക് രസകരമായ ആശയങ്ങൾ ഉണ്ടായിരുന്നു, പക്ഷേ വില കേട്ടതിനുശേഷം, എന്‍റെ ആവേശമൊക്കെ പോയി  നിരാശയായി മാറി.",Sadness
ഹബിൾ ടെലിസ്‌കോപ്പിന് നമുക്ക് അവിടെയെത്തുന്നത് സ്വപ്നം കാണാൻ പോലും കഴിയാത്തത്ര അകലെയുള്ള ഗാലക്‌സികളുടെ ചിത്രങ്ങൾ പകർത്താൻ കഴിയുമെന്നത് എന്നെ അത്ഭുതപ്പെടുത്തി!,Surprise
ഹലോ സർ! അമൃത്സറിലേക്കുള്ള  ട്രെയിനുകളെക്കുറിച്ച് ചോദിച്ച് ഞാൻ ഇവിടെ പത്ത്  മിനിറ്റായി കാത്തിരിക്കുന്നു. നിങ്ങൾ എന്നോട് മറുപടി തരാതെ ബാക്കിയുള്ളവരുടെ പ്രശ്നങ്ങള്‍ ഡീല്‍ ചെയ്യുന്നു.,Anger
"ഹോട്ടലിന്‍റെ മതിലുകൾ വളരെ നേർത്തതാണ്, അപ്പുറത്തെ  മുറികളിൽ നിന്ന് വെറുപ്പിക്കുന്ന ശബ്ദങ്ങൾ എനിക്ക് കേൾക്കാം.",Disgust
ഗ്രേറ്റ് ബാരിയർ പവിഴപ്പുറ്റിലെ സമുദ്രജീവികളുടെ വൈവിധ്യം എന്നെ ശരിക്കും ഞെട്ടിച്ചു.,Surprise
"മാവ് തളിർക്കുമെന്ന വിശ്വാസം തോട്ടക്കാരൻ അവിടെ ഉപേക്ഷിച്ചു, മൂന്ന് വർഷത്തിന് ശേഷം അത് അപ്രതീക്ഷിതമായി സംഭവിച്ചു.",Surprise
പല വിദ്യാർത്ഥികളും കാര്യങ്ങൾ മനസ്സിലാക്കാതെ കാണാപ്പാഠം  പഠിച്ച്  ഉത്തരങ്ങൾ എഴുതുന്നത്  കാണുമ്പോ കഷ്ടം തോന്നും .,Sadness
മോഡുലാർ കിച്ചണിന്‍റെ ഇൻസ്റ്റാളേഷൻ പ്രക്രിയയെക്കുറിച്ച് എനിക്ക് അൽപ്പം പേടിയുണ്ട്  . മോഡുലാർ യൂണിറ്റുകളുടെ അസംബ്ലി സമയത്ത് എന്‍റെ അടുക്കളയുടെ ഭിത്തികൾക്കോ ഫ്ലോറിങ്ങുകൾക്കോ കേടുപാടുകൾ ഉണ്ടാകില്ലെന്നു കരുതുന്നു.,Fear
ആ വിഭവം എന്‍റെ മേശയിൽ വന്നയുടനെതന്നെ എനിക്ക് എന്തോ അറപ്പ് തോന്നി  . വല്ലാത്ത ഒരു മണം കാരണം  ഒരു കഷ്ണം പോലും കഴിക്കാൻ കഴിഞ്ഞില്ല.,Disgust
എന്റെ മകന്‍റെ പ്രൊഫസർമാർക്ക് അവന് ഒരു റഫറൻസ് നൽകാൻ പറ്റില്ലെന്ന്  എനിക്ക് പേടിയുണ്ട്.,Fear
പിന്നിൽ വടികൾ  ഉന്തി നിൽക്കുന്ന ട്രക്ക് എന്‍റെ മുന്നിൽ പെട്ടെന്ന്  നിർത്തിയെടോ.,Fear
ഓക്സിജൻ സിലിണ്ടർ ബാക്കിയില്ലാന്നു പറയുമ്പോ നിങ്ങൾ എന്താ ഉദ്ദേശിക്കണേ ? ശ്വസിക്കാൻ ബുദ്ധിമുട്ടുന്ന കുട്ടിയെ നിങ്ങൾക്ക് കാണാൻ പറ്റണില്ലേ ?,Anger
അത്രയും ഉയരത്തിൽ അയാൾ കയറിൻ്റെ മുകളിലൂടെ നടന്നുപോകുന്നത് ഞാൻ നെഞ്ചിടിപ്പോടെയാണ് നോക്കി നിന്നത്.,Fear
"നല്ലോണം ശ്രദ്ധയോടുകൂടെ   വാഹനമോടിക്കാൻ ഞാൻ അവരോട് ആവർത്തിച്ച് പറഞ്ഞതാണ് , പക്ഷേ അവർ  ഞാൻ പറഞ്ഞത് കേൾക്കുന്നില്ല.",Anger
ഞങ്ങൾ പോകുന്ന പഴയ കോട്ടയിൽ കാണേണ്ട ഒന്നുമില്ലെന്ന് ടാക്സി ഡ്രൈവർ പറഞ്ഞപ്പോൾ ഞാൻ നിരാശനായി.,Sadness
നട്ടപ്പാതിരക്ക് അയച്ച ഇമെയിലിന് റിപ്ലൈ കൊടുക്കാത്തതിനാണ് അയാളീ കിടന്ന് കാറുന്നത്.,Anger
വിംബിൾഡൺ ഫൈനലിലെ വിജയത്തിൽ സന്തോഷം കൊണ്ട്  റോജർ ഫെഡറർ തന്‍റെ കുടുംബത്തെ കെട്ടിപ്പിടിക്കാൻ  സ്റ്റാൻഡിലേക്ക് കയറി.,Happiness
ഇവിടെ നമുക്ക് ചില നല്ല നിലവാരമുള്ള പ്രീ ഓൺഡ് ബുക്ക്സ് കണ്ടെത്താൻ കഴിയുമെന്ന് അവർ പറഞ്ഞതാ. എന്നാൽ ഈ ബുക്ക്സില്‍ മിക്കതും കീറിയതാണ്.,Anger
ചെലവുകൾ  ബാലൻസ് ചെയ്യാൻ  ബോണസ് കുറയ്ക്കേണ്ടി വരും..,Sadness
വിദ്യാഭ്യാസ പരിപാടികൾക്കുള്ള ഫണ്ട് അവർ വെട്ടിക്കുറയ്ക്കുന്നതിൽ എനിക്ക് നല്ല  ദേഷ്യമുണ്ട്.,Anger
"യു.എസി.ലെ എന്‍റെ ഫ്രണ്ടിന്‍റെ  ഇ. വി .കാറിലെ യാത്ര  വളരെ മനോഹരമായിരുന്നു, സ്വപ്നതുല്യമായിരുന്നു.",Happiness
"റീബിൽഡിങ്ങിനെക്കിറിച്ച്  ചിന്തിക്കുമ്പോൾ, കുളിമുറി മുതൽ കോമ്പൗണ്ട് മതിൽ വരെയും അടുക്കളയും വരെയും,  എങ്ങനെ സാധിക്കാനാണ്?",Sadness
സാധാരണക്കാരന് താങ്ങാൻ പറ്റാത്ത വിധം കമ്പനി മനപ്പൂർവ്വം മരുന്നിന്‍റെ വില വർദ്ധിപ്പിച്ചത് വെറുപ്പിക്കുന്നതാണ് .,Disgust
ഒരു അക്കൗണ്ട് തുറക്കാൻ എന്‍റെ കുട്ടിയുടെ വിദേശ പൗരത്വത്തിന് ഒരു വഴി കണ്ടെത്താൻ കഴിയുന്ന ഒരു ബാങ്ക് മാനേജരെ കണ്ടെത്തിയപ്പോ എനിക്ക് സന്തോഷമായി.,Happiness
ക്യാമറ വെക്കേണ്ടെന്ന് തീരുമാനിക്കുന്നതിന് മുമ്പ് ഒരു കവർച്ച ഉണ്ടായാൽ  നിങ്ങളുടെ കുടുംബജീവിതത്തെ അത് എങ്ങനെ പ്രതികൂലമായി ബാധിക്കുമെന്ന് നിങ്ങൾ ചിന്തിക്കണം.,Anger
"കുട്ടികള്‍ ചെറുതിലെ വയലന്‍സുള്ള വീഡിയോ ഗെയിംസാണ് കളിക്കുന്നത്, പിന്നെങ്ങനെ ഈ നാട് നന്നാകും?",Disgust
കാബിനറ്റുകൾക്കായി പാർട്ടിക്കിൾ  ബോർഡ് ഉപയോഗിക്കുന്ന ആശയത്തോട് എനിക്ക് ഇഷ്ടമല്ല . ഇത് തീർത്തും വെറുപ്പിക്കുന്നതാ.,Disgust
വിവാഹയാത്രയുടെ താളത്തിനൊത്ത് ഇടനാഴിയിലൂടെ നടക്കുമ്പോൾ വധു ആകെ തിളങ്ങി.,Happiness
"ഡ്രൈവർ ബസ് ചെങ്കുത്തായ വക്കത്തൂടെ ഓടിച്ചു, കുത്തനെയുള്ള ആ ഇറക്കം കണ്ടതും എന്‍റെ ചങ്കു നിന്നുപോയി.",Fear
"എനിക്ക് മനസിലായി. ഞങ്ങൾ നിങ്ങളെ സഹായിക്കം. നിങ്ങള്‍ പറഞ്ഞാ മതി, നമുക്ക് അക്കൗണ്ട് ക്ലോഷര്‍ പ്രക്രിയ ആരംഭിക്കാം.",Happiness
"ആ ഹോട്ടലിലെ സ്വിമ്മിങ്പൂള്‍ അപ്പടി അഴുക്കാണ്, എനിക്കറിയില്ല, അതില്‍ ആളുകള്‍ എങ്ങനെ കുളിക്കുന്നുവെന്ന്",Disgust
വൗ ! ഒരു മാസത്തിൽ ഏകദേശം പതിമൂന്ന്  ലക്ഷം കോടി രൂപ വില വരുന്ന  എണ്ണൂറ്  കോടി ഇടപാടുകൾ യു.പി.ഐ. കൈകാര്യം ചെയ്യുന്നുണ്ട് .,Surprise
ഈ സ്മാർട്ട് ടിവിയിൽ ഇത്രയും കൂടുതൽ സ്ട്രീമിംഗ് ആപ്ലിക്കേഷനുകൾ  ഉണ്ടാകുമെന്ന് ഞാൻ പ്രതീക്ഷിച്ചിരുന്നില്ല!,Surprise
ചില കളിക്കാരുടെ  മാറാത്ത അഹങ്കാരവും അഹംഭാവവും കണ്ടാല്‍   വെറുപ്പു തോന്നും.,Disgust
ഇത്രയും കാലം അഡ്മിനിസ്ട്രേറ്റീവ് ടീം കച്ചവടക്കാരിൽ നിന്ന് കൈക്കൂലി വാങ്ങുകയായിരുന്നു; ഇവരെയൊക്കെ വിശ്വസിച്ച എന്നെ പറഞ്ഞാൽ മതി.,Anger
ഈ സ്റ്റോറിന്‍റെ എയർ കണ്ടീഷനിംഗിൽ നിന്നുള്ള മണം അസഹനീയമാണ്.,Disgust
ഫുൾ ഫർണിഷ്ഡ് ആയ ഒരു വാടക വീട് എന്റെ ബജറ്റിനു  യോജിച്ച് കിട്ടുന്നത് സന്തോഷകരമായ ഒരു  ബോണസാണ്.,Surprise
നിങ്ങളുടെ വിരലിൽ പെയിന്‍റ് കലർത്തിട്ട് അത് നക്കണത് ഒന്ന് നിർത്തോ.,Disgust
എന്റെ പഴയ പുസ്തകം പുസ്തകവിൽപ്പനക്കാരന് വീണ്ടും സ്വീകരിക്കാൻ പറ്റിയ അവസ്ഥയിലല്ലെന്ന് എനിക്ക് ആശങ്കയുണ്ട്.,Fear
ഒരു ബാങ്ക് അക്കൗണ്ട് ഓപ്പൺ ചെയ്യാൻ നിങ്ങളെ വിളിച്ചപ്പോ  നിങ്ങൾ ബാങ്കിന്‍റെ നിലവിലുള്ള കസ്റ്റമർ ആണെന്ന് അറിഞ്ഞപ്പോ  ഞാൻ ഞെട്ടിപ്പോയി.,Surprise
ഈ യെലഗിരിയിൽ ഹോട്ടലിന്‍റെ എയർ കണ്ടീഷനിംഗ് ശരിയല്ലാ. ചൂട് കാരണം എനിക്ക് ദേഷ്യം വരുന്നു.,Anger
അവർ വാഷിംഗ് മെഷീന്‍റെ മോട്ടോറിന് ലൈഫ്ടൈം വാറന്‍റി നല്കുന്നുവെന്ന് എനിക്ക് വിശ്വസിക്കാൻ പറ്റുന്നില്ല.,Surprise
"ഒരു ഷെഫ് എന്ന നിലയിൽ ഞാൻ നിങ്ങളെ ഇഷ്ടപ്പെടുന്നുണ്ടെങ്കിലും, വൃത്തി ഇല്ലാത്തോണ്ട്  റെസ്റ്റോറന്റിനെക്കുറിച്ച് ഞാൻ ഒരു മോശം റിവ്യൂ  എഴുതുമോന്ന് തോന്നുന്നു.",Sadness
"അവരുടെ സംഭാവന ഉണ്ടായിരുന്നിട്ടു കൂടി , നികുതി കിഴിവുകൾക്ക് ആവശ്യമായ മാനദണ്ഡങ്ങൾ പാലിക്കാൻ ഞങ്ങൾക്ക് കഴിഞ്ഞില്ല.",Sadness
ഞങ്ങൾക്ക് ഒന്നും അറിയാത്ത ഈ ഉൽപ്പന്നം ഞങ്ങൾ പ്രൊമോട്ട് ചെയ്യണമെന്ന് ആ ഉൽപ്പന്ന ഉടമകൾ പ്രതീക്ഷിക്കുന്നത് കടുംകൈയാണ്.,Disgust
"ഒരു പ്രധാന മീറ്റിംഗ് കാരണം ഇന്നലെ ട്രെയിൻ ടിക്കറ്റ് മാറ്റാന്‍ ഞാൻ പറഞ്ഞു, പക്ഷേ നിങ്ങൾ ഇതുവരെ അത് ചെയ്തിട്ടില്ല, നിങ്ങൾ എന്താണ് ചെയ്തു കൊണ്ടിരിക്കുന്നത്?",Anger
ആ കടക്കാരൻ ദുരിയൻ പഴം മുറിച്ചപ്പോൾ എനിക്ക് ഓക്കാനം വന്നു; അമ്മാതിരി മണമായിരുന്നു അതിന്.,Disgust
സോഷ്യൽ മീഡിയയിലെ വ്യാജവാർത്തകൾ വായിച്ച് മടുത്തു; ഇപ്പോൾ വാർത്ത വായിക്കാൻ തന്നെ തോന്നുന്നില്ല.,Anger
ആവശ്യമായ ചില ഡോക്യുമെന്റുകൾ ഇല്ലാത്തതിനാൽ എന്‍റെ കുട്ടിയുടെ അക്കൗണ്ട് തുറക്കുന്നതുമായി ബന്ധപ്പെട്ട്  ബാങ്കിൽ ചില പ്രശ്നങ്ങൾ ഉണ്ടായി.,Sadness
"ആദ്യം, നിങ്ങൾ ഞങ്ങളുടെ ടൂർ രണ്ടുതവണ ബുക്ക് ചെയ്തു, തുടർന്ന് ഞങ്ങളുടെ ഗൈഡിനെ മറ്റൊരു ഗ്രൂപ്പുമായി ഷെയർ ചെയ്യണമെന്ന്  നിങ്ങൾ പറയുന്നു. നിങ്ങൾക്കു ഭ്രാന്താണോ ?",Anger
"ഞാൻ ഇവിടെ എത്ര പണം ചെലവാക്കിയതാ, ഞാൻ എന്‍റെ ഫ്രെണ്ട്സിനോടൊക്കെ  ചെരുപ്പു വാങ്ങാൻ മറ്റെവിടെയെങ്കിലും പോകാൻ പറയും.",Anger
"ഈ ബേക്കറിൽ നിന്ന് ഞാൻ ഓർഡർ ചെയ്ത കേക്ക് വാങ്ങാൻ ഇരുപത്  കിലോമീറ്റർ യാത്ര ചെയ്ത പോകേണ്ട ആവശ്യമില്ല , അവർ അത്  വീട്ടിൽ എത്തിക്കുന്നതുകൊണ്ട്  എനിക്ക് വലിയ സന്തോഷമുണ്ട്.",Happiness
"ചികിത്സ കഴിഞ്ഞ് ഇരുപത്തിഒന്ന് ദിവസം പോരാ , നാല്‍പത്തിഅഞ്ച് ദിവസം വിശ്രമിക്കണം. ഇല്ലെങ്കില്‍ കുഴപ്പമാകുമേ.",Sadness
"പാരിസ് കോർണര്‍ എനിക്ക് ഇഷ്ടല്ല. അവിടെ പാർക്കിംഗ് കണ്ടെത്തുന്നത് തലവേദനയാണ്, രാത്രിയിലും ഇത് സുരക്ഷിതമല്ല.",Anger
ഈ സ്ഥലത്ത് കസ്റ്റമര്‍ സര്‍വീസ് ഇല്ലാത്തത് കഷ്ടം തന്നെയാണ് .,Disgust
"ഫാർമസി രാത്രി പത്തിന് തന്നെ അടച്ചു, പക്ഷേ ഉള്ളിൽ നിന്ന് ചില വലിയ ഒച്ച ഞാൻ കേൾക്കുന്നു.",Fear
എങ്ങനെയാപ്പാ അയാൾക്ക്  എന്‍റെ കാറിനെ പെട്ടെന്ന് ഓവർടേക്ക് ചെയ്ത് എന്നെ നിര്‍ത്താന്‍ കഴിയാ?,Anger
നിങ്ങൾ ഈ ഭക്ഷണത്തിൽ നിറച്ചും മുളകുപൊടി ഇട്ടിട്ടു എന്‍റെ ബി.പി കൂടി.,Anger
ബിഹാറിൽ പോയി പരീക്ഷ നടത്തുന്നത് ആലോചിക്കാൻ കഴിയുന്നില്ല; കുട്ടികളൊക്കെ എന്താ ചെയ്യുക എന്ന് പറയാൻ പറ്റാത്ത അവസ്ഥയാണ്.,Fear
"ഞാൻ ഒരിക്കലും ഇനി ഇവടന്നു ഭക്ഷണം കഴിക്കില്ല, എന്‍റെ ചോറീന്ന് ഒരു പാറ്റയെ കിട്ടി.",Disgust
"കഴിഞ്ഞ 5 വർഷമായി നിങ്ങളുടെ നിരന്തരമായ വിമർശനങ്ങളും, അസംതൃപ്തിയും കേട്ട് ഞാൻ   മടുത്തു.",Disgust
ഈ സംഗീതജ്ഞൻ ഇത്രയ്ക്കു കഴിവുള്ളവനാണെന്നത് എന്നെ ശെരിക്കും  അത്ഭുതപ്പെടുത്തി. അവരുടെ പ്രകടനം അതിശയിപ്പിക്കുന്നതായിരുന്നു.,Surprise
"ഡ്രൈവിംഗ് സ്കൂൾ കൂടുതൽ ലെസൺസ് നിർദ്ദേശിച്ചെങ്കിലും, വൃത്തികെട്ട ഡ്രൈവിംഗ് സിമുലേറ്റർ ഉപയോഗിക്കുന്നത് എനിക്ക് ഇഷ്ടമല്ല .",Disgust
എന്‍റെ ക്രെഡിറ്റ് കാർഡ് ഈ ലോഞ്ചിൽ വർക്ക് ചെയ്യുമെന്ന് ഞാൻ ഒരിക്കലും വിചാരിച്ചില്ല !,Surprise
പേടിയോ? എന്തിന്? അത്രയും ചെലവേറിയതാണോ?,Fear
"എന്‍റെ ഹോട്ടൽ മുറിയിൽ നല്ല ഭക്ഷണത്തിനായി ഞാൻ ശരിക്കും കാത്തിരിക്കുകയായിരുന്നു, പക്ഷേ റൂം സർവീസ് പ്രതികരിക്കാത്തത് എന്നെ നിരാശപ്പെടുത്തുന്നു.",Sadness
ഹോട്ടലിന്‍റെ പിൻവാതിലിനടുത്തുള്ള    അഴുക്കുചാലിലേക്ക് കാലെടുത്തുവച്ചപ്പോൾ  എനിക്ക് അറപ്പ് തോന്നി  .,Disgust
ഇന്നലെ രാത്രി നിങ്ങൾ  സംസാരിച്ചപ്പോൾ ഞാൻ ഉറങ്ങിപ്പോയതിൽ ക്ഷമിക്കണേ.,Sadness
മുറിയിൽ പോയപ്പോൾ ബാത്റൂമിൽ സോപ്പും ഷാമ്പുവും ഒന്നും ഇല്ല. ഞാൻ ഹോട്ടലുകാരെ വിളിച്ച് കണക്കിന് കൊടുത്തു.,Anger
"നിങ്ങളുടെ വികസനത്തിനായി ഞങ്ങൾ നടത്തിയ എല്ലാ ശ്രമങ്ങൾക്കും ശേഷം, എനിക്ക് വിശ്വസിക്കാൻ കഴിയുന്നില്ല, ഈ രാജി സംസാരത്തിലൂടെ നിങ്ങൾ അതെല്ലാം കളയുകയാണ്.",Anger
കർണാടകയിൽ ടൂറിസ്റ്റുകള്‍ക്ക് കന്നഡ അറിയാത്തതിനാൽ അവരോടുള്ള ചില പ്രദേശവാസികളുടെ പെരുമാറ്റം  വെറുപ്പിച്ചു.,Disgust
"എക്സ്ചേഞ്ച് പോളിസി ഉണ്ടെന്ന് നിങ്ങടെ ഷോപ്പ് ക്ലർക്ക് എന്നോട് ഉറപ്പ് പറഞ്ഞതാ , അതുകൊണ്ട്  ഞാൻ പറയുന്നത് നിങ്ങൾക്ക് സംശയമുണ്ടെങ്കിൽ, സ്റ്റോർ മാനേജരെ ഇപ്പോൾ തന്നെ എനിക്ക് കാണണം.",Anger
"ആളുകൾ അവരുടെ ജോലിയിൽ മികച്ചവരാണെന്ന് നിങ്ങൾ കരുതുന്നുണ്ടെങ്കിലും , എല്ലാ വർഷവും അവരെ പ്രമോട്ട് ചെയ്യുന്നത്  വിപരീതഫലമുണ്ടാക്കുമെന്ന് നിങ്ങൾക്കറിയില്ലേ?",Disgust
"ആരാ ഈ ഭക്ഷണം ഉണ്ടാക്കിയത്? ഇത് എന്തൊരു എരിവാ , നാവ് പൊള്ളിപ്പോകും .",Anger
പ്രോജക്റ്റിന്‍റെ പരാജയത്തിന് ലീഡര്‍ ഉത്തരവാദിത്തം ഏറ്റെടുക്കണമെന്ന് ഞാൻ ആവശ്യപ്പെട്ടപ്പോൾ ഒരുത്തനും ഒന്നും മിണ്ടിയില്ല.,Anger
ഒളിമ്പിക് ഫൈനലിലെ ആദ്യ ഡൈവിനായി തയ്യാറെടുക്കുമ്പോൾ മിയയുടെ ശരീരം മരവിച്ചുപോയി.,Fear
"എന്തായിത്? ഒരു മണിക്കൂർ മുമ്പ് ഞാൻ ഫുഡ് ഓർഡർ നൽകി, എനിക്ക്  വിശക്കുന്നു.  ഞാൻ വിളിച്ചപ്പോൾ നിങ്ങളുടെ സ്റ്റാഫ് കൂടുതൽ  ഒന്നും പറയാതെ അത് വരുന്നുണ്ടെന്നു മാത്രം പറഞ്ഞു. ഹോട്ടൽ അതിഥികളോട് ഇങ്ങനെയല്ല പെരുമാറേണ്ടത്.",Anger
എൻ്റെ പ്രശ്നങ്ങളൊന്നും ഇവർക്ക് ഒന്നും അല്ല; അവർക്ക് അവരുടെ കാര്യങ്ങൾ നടന്ന് കിട്ടിയാൽ മതി!,Anger
ഓ വളരെ നന്ദി! വൈദഗ്ധ്യവും വ്യക്തിഗത ശ്രദ്ധയും കിട്ടണമെങ്കില്‍ അതിനു നല്ല ചെലവും വരുമെന്ന് മനസ്സിലായി.,Surprise
കഴിഞ്ഞ മാസം ഞാൻ സമ്പാദിച്ച ഏകദേശം മുഴുവൻ പൈസയും ഞാൻ ചെലവാക്കി. ഈ മാസം എനിക്ക് വാടക കൊടുക്കാൻ  പറ്റുമെന്ന് തോന്നണില്ല.,Sadness
വരാനിരിക്കുന്ന മെർജറും അക്വിസിഷനും പ്രശ്നമൊന്നും ഇല്ലാതെ കഴിഞ്ഞുകിട്ടിയാൽ മതിയായിരുന്നു.,Fear
പണക്കാരായ   ആളുകൾക്ക് നിയമം ലംഘിച്ച്  എളുപ്പത്തിൽ  രക്ഷപ്പെടാൻ കഴിയുമെന്നാ എനിക്ക് തോന്നുന്നുന്നത്. പണം ആണ് പ്രധാനം!,Disgust
യു.എസ്. വനിതാ ഫുട്ബോൾ ടീം ദേശീയഗാനം ആലപിക്കാന്‍ കൂട്ടാക്കിയില്ലന്നേ.,Anger
യു.എസ്.ൽ  കുട്ടികൾ വെടിയേറ്റുമരിക്കുന്നത് കാണുമ്പോൾ  എനിക്ക് സഹിക്കാന്‍ പറ്റണില്ല.,Anger
എന്‍റെ ടീമിലെ  ഒരാളെ  പുറത്താക്കിയതായി പറയാൻ എന്നോട് ആവശ്യപ്പെട്ടിരിക്കുകയാ .,Sadness
ഞാൻ പുതിയ ബൈക്ക് വാങ്ങിയപ്പോൾ അപ്രതീക്ഷിതമായി ബൈക്ക് വിൽപ്പനക്കാരൻ ചില   സൗജന്യ സമ്മാനങ്ങൾ   തന്നപ്പോൾ ഞാൻ അമ്പരന്നു.,Surprise
"എനിക്ക് ഗ്യാസിന്‍റെ മണം വന്നു , അത് നോക്കാൻ  ലൈറ്റ് സ്വിച്ച് ഓണാക്കാൻ എനിക്ക് പേടിയായി . ഒരു പൊട്ടിത്തെറിക്കുള്ള റിസ്ക്  ഉണ്ട്.",Fear
ബസ്സിലെ കണ്ടക്ടറുടെ ടിക്കറ്റ് തരുന്നതിലെ കാര്യക്ഷമതയെ അഭിനന്ദിക്കാതിരിക്കാൻ  എനിക്ക് കഴിഞ്ഞില്ല. ബസിൽ ഒരു തടസ്സവുമില്ലാതെ സുഖമായി കയറാൻ പറ്റി.,Happiness
"ഭക്ഷണ നിരൂപകൻ എന്ന നിലയിൽ, പുതിയ റെസ്റ്റോറന്‍റിലെ ഭക്ഷണത്തിന്‍റെ രുചിയെക്കുറിച്ച് ഞാൻ ആശങ്കാകുലനാണ്.",Fear
"എനിക്ക് പെൻഷനോ ഗ്രാറ്റുവിറ്റിയോ കിട്ടുന്നില്ല, എന്‍റെ വയസ്സുകാലം എങ്ങനെ മാനേജ് ചെയ്യുമെന്ന്  ഒരു എത്തും പിടീം കിട്ടണില്ലാ .",Fear
ഈ വെബ്സൈറ്റിലെ നിറങ്ങൾ അരോചകമായി തോന്നുന്നു.,Disgust
"സോദരീ, നിങ്ങൾ ഭക്ഷണം കഴിക്കുന്നത് കുറച്ചാൽ ക്ഷീണിക്കും ട്ടോ.",Fear
ബ്രൊക്കോളി ആരോഗ്യത്തിന് നല്ലതാണെന്ന് പറയുന്നുണ്ടെങ്കിലും അതിന്‍റെ രുചി എനിക്ക് അങ്ങോട്ട് തീരെ പിടിക്കുന്നില്ല.,Disgust
ആ ക്യു.ആർ. കോഡ് സ്കാൻ ചെയ്യരുത്. നിങ്ങൾ അങ്ങനെ ചെയ്താൽ നിങ്ങടെ മുഴുവൻ പണവും നഷ്ടപ്പെടുമെന്നാ ഞാൻ വിചാരിക്കുന്നേ.,Fear
"ആഹ്, അത്രേം വെയിറ്റ് ഉള്ള  ഒരു കേക്കിനെക്കുറിച്ചു  ചിന്തിക്കുമ്പോഴേ എന്തോ പോലെ.",Disgust
ഇന്നലെ രാവിലെ സ്കൂട്ടർ ഓടിക്കുന്നതിനിടെ കാക്കയുടെ വിസർജ്ജ്യം തെറിച്ചപ്പോൾ എനിക്ക് ഛർദ്ദിക്കാൻ വന്നു.,Disgust
ആളുകളെ കവിളിൽ ചുംബിച്ച് അഭിവാദ്യം ചെയ്യണമെന്നു പറയുമ്പോൾ  എനിക്ക് വലിയ സന്തോഷമോ സുഖമോ ഇല്ല.,Sadness
ഘട്ട് സെക്ഷനിൽ പലതവണ മലയുടെ അരികിലൂടെ ബസ് കടന്നുപോയപ്പോ  ഞാൻ ഭയന്നുവിറച്ചു.,Fear
"നോർത്ത്  ചെന്നൈയിലേക്ക് വണ്ടി ഓടിക്കുന്നത് ക്യാബ് ഡ്രൈവർക്ക് വെറുപ്പായിരുന്നു. അവിടം വൃത്തികെട്ടതും തിരക്കേറിയതുമാണെന്ന് അയാൾക്ക് തോന്നി, അവിടെ അയാള്‍ക്ക് മാന്യമായ യാത്രാക്കൂലി ഒരിക്കലും കിട്ടാറില്ല.",Disgust
നമുക്ക് പ്രോഗ്രസ് ഇല്ലാത്തതുകൊണ്ട്  വിപണിയിലെ എതിരാളികൾ  നമ്മളെ  ദുർബലരാക്കി.,Sadness
"എന്‍റെ മുഴുവൻ ബിസിനസ്സ് ലോണും ഞാൻ വിജയകരമായി തിരിച്ചടച്ചു, സമാധാനമായി.",Happiness
ഇന്ത്യൻ ടീമിൽ നിന്ന് രവിചന്ദ്രൻ അശ്വിനെ ഒഴിവാക്കിയത് ഗവാസ്‌കറെ വല്ലാതെ അസ്വസ്ഥനാക്കുകയും മാനേജ്‌മെന്റിനോട് അത് തുറന്നു പ്രകടിപ്പിക്കുകേം ചെയ്തു.,Anger
ഞാൻ നാല് മാസം  വിദേശത്തായിരുന്നപ്പോൾ അദ്ദേഹം എന്‍റെ കാർ നന്നായി നോക്കി.,Happiness
ഒഫീഷ്യൽ എന്ന് തോന്നാത്ത ലിങ്ക് ഉള്ള ഒഫീഷ്യൽ ലുക്ക് ഇമെയിലുകൾ കിട്ടുമ്പഴെല്ലാം ഞാൻ അസ്വസ്ഥനാണ്.,Fear
"യഥാർത്ഥ വെണ്ണയ്ക്ക് പകരം മാർഗരൈൻ ഉപയോഗിച്ചുവെന്ന് മനസിലായപ്പോൾ , പ്രശസ്ത ബേക്കർ ഉണ്ടാക്കിയ  കേക്കിനോട്  എനിക്ക് അറപ്പ് തോന്നി .",Disgust
നമ്മുടെ  യാത്രയ്ക്കിടെ ബസ് കേടാകുമോയെന്ന് എനിക്ക് നല്ല പേടിയുണ്ട് ; അത് ഒരുപാട് അസൗകര്യങ്ങൾക്കും കാലതാമസത്തിനും കാരണമാകും.,Fear
എൻ്റെ പാസ്ബുക്ക് അപ്ഡേറ്റ് ചെയ്യാൻ വേണ്ടി എത്ര തവണയാണ് ബാങ്ക് കയറി ഇറങ്ങേണ്ടി വന്നത്!,Anger
വൗ ! എന്‍റെ മോഡുലാർ കിച്ചൺ ഓർഡറിനുള്ള പെട്ടെന്നുള്ള ടേൺറൌണ്ട് സമയം എന്നെ അത്ഭുതപ്പെടുത്തുന്നു. ഇത് ഇത്ര വേഗം റെഡിയാകുമെന്ന്  ഞാൻ വിചാരിച്ചിരുന്നില്ല!,Surprise
ആയിരത്തി തൊള്ളായിരത്തി തൊണ്ണൂറ്റി രണ്ടിലെ ലോകകപ്പിൽ ബാറ്റ്സ്മാനെ റൺഔട്ട് ആക്കാന്‍ ജോണ്ടി റോഡ്സ് വായുവിലൂടെ പറന്ന കാഴ്ച കാണേണ്ടതായിരുന്നു.,Surprise
"അടുക്കളയിൽ പാറ്റകളെ കാണുമ്പോൾ എനിക്ക് വെറുപ്പും ,മടുപ്പും തോന്നും .",Disgust
ദയവായി എന്‍റെ കട അടയ്ക്കരുതേ. ഞാൻ വെറും തുച്ഛമായ വരുമാനമുള്ള ഒരു ചെറിയ പൂക്കച്ചവടക്കാരനാ.,Fear
എ.ഐ.സോഫ്റ്റ് വെയറിലൂടെ എന്‍റെ ചോദ്യങ്ങൾക്കുള്ള കൃത്യമായ ഉത്തരങ്ങൾ ലഭിച്ചപ്പോൾ ഞാൻ അത്ഭുതപ്പെട്ടു.,Surprise
സ്റ്റോക്ക് മാർക്കറ്റിൽ ഇൻസൈഡർ ട്രേഡിംഗും മാർക്കറ്റ് കൃത്രിമത്വവും ഇപ്പോഴും നടക്കുന്നത്  എന്തൊരു  മടുപ്പിക്കലാണ്. ഇത് അധികാരത്തിന്‍റെ നഗ്നമായ ദുരുപയോഗവും വിപണിയുടെ സത്യസന്ധതയെ ദുർബലപ്പെടുത്തുന്നതുമാണ്.,Disgust
നിങ്ങൾ എനിക്ക് അപ്രതീക്ഷിതമായി ഒരു മനോഹരമായ സമ്മാനം നൽകിയപ്പോൾ എനിക്ക് സംസാരിക്കാൻ വാക്കുകൾ കിട്ടാതെയായി.,Surprise
എന്‍റെ ഡ്രൈവിംഗ് കഴിവുകൾ ക്രിയാത്മകമായി എന്‍റെ ഇൻസ്ട്രക്ടർ അവലോകനം ചെയ്തപ്പോൾ ഞാൻ ഞെട്ടിപ്പോയി. ഡ്രൈവിംഗ് ലോകമാകെ ഞാന്‍ ഒരു പുതിയ കണ്ണിലൂടെ കണ്ടു.,Surprise
"യോഗത്തിലുടനീളം സംഭാവനയുടെ  തീരുമാനം ചർച്ച ചെയ്തു, പക്ഷെ എന്താകുമെന്നറിയില്ല.",Fear
ഈ മഴ സിറ്റിയില്‍ വെള്ളപ്പൊക്കമുണ്ടാക്കുമെന്നാ തോന്നുന്നെ.,Fear
"ചില  കസ്റ്റമേഴ്സ് എന്തൊരു  ശല്യാ. ഇന്നലെ ഗേറ്റിൽവെച്ച് അവർ  ആക്രോശിച്ച്‌  എന്‍റെ വഴി തടഞ്ഞു, എന്നെ വീട്ടിലേക്ക് പോകാൻ സമ്മതിച്ചില്ല !",Anger
മറഞ്ഞിരുന്ന ഏതൊക്കെ നിധികളാടോ നിങ്ങളുടെ വരുമാനം അപ്രതീക്ഷിതമായി ഉയർത്തിയത് ?,Surprise
എന്നോട് ക്ഷമിക്കണം! എനിക്ക് ഇക്കാര്യത്തില്‍ നിങ്ങളെ സഹായിക്കാൻ  കഴിയില്ല.,Sadness
ഈ സങ്കീർണ്ണമായ പ്രൊജക്റ്റിനെക്കുറിച്ച്  എനിക്കറിയാത്ത എന്തെങ്കിലും നിങ്ങൾക്കറിയാമോ എന്ന് എനിക്കറിയില്ല.,Fear
"കത്ത് തരാൻ  നിങ്ങൾ ഇന്നലെ മൂന്ന് തവണ വീട്ടിൽ വന്നെന്നോ ? കഴിഞ്ഞ രണ്ട് ദിവസമായി ഞാൻ ദിവസം മുഴുവൻ വീട്ടിലുണ്ടായിരുന്നു , ഈ ഡോക്യുമെന്റ്  നഷ്ടപ്പെടാൻ ഞാൻ ആഗ്രഹിക്കുന്നില്ല.",Fear
എന്‍റെ പുറകിൽ ക്യൂവിൽ നിൽക്കുന്ന ആൾ  വിയർത്ത് കുളിച്ചിട്ട്  എന്തൊരു നാറ്റാ വന്നിരുന്നേ.,Disgust
ലക്ഷ്യങ്ങളൊന്നും കൈവരിക്കാത്തതിനാൽ  ബാങ്കിന്‍റെ സീനിയര്‍ എക്സിക്യൂട്ടീവ്   തന്‍റെ ടീമിനോട് ആക്രോശിച്ചു .,Anger
ഈ സൈറ്റിൽ നിന്ന് സാധനം ഓർഡർ ചെയ്യാനുള്ള ധൈര്യമൊന്നും എനിക്കില്ല; അവർ കുറെ ആളുകളെ പറ്റിച്ചിട്ടുള്ളതായി കേട്ടിട്ടുണ്ട്.,Fear
ഈ കറിയിലെ സുഗന്ധവ്യഞ്ജനങ്ങളുടെ മണം  എന്നെ മറ്റൊരു ലോകത്തേക്ക് കൊണ്ടുപോകുന്നു.,Happiness
"ഹേയ്, ഞാൻ ഏത് നിറമാണ് ചോദിച്ചതെന്ന് നിങ്ങള്‍ക്ക് ഓർമ്മയില്ലേ? നിങ്ങള്‍ എന്തിനാ എനിക്ക് ഇത് കൊണ്ടുവരുന്നത്?",Anger
"ഞങ്ങൾക്ക് ഒരിക്കലും ഒരു എക്‌സ്‌ചേഞ്ച് പോളിസിയേ ഇല്ല, ഞങ്ങളുടെ ക്ലർക്കുകളാരും നിങ്ങളോട് അത് പറയില്ലല്ലോ.",Surprise
എനിക്ക് ഒരുപാട് ബന്ധങ്ങളുണ്ട്; പക്ഷേ ഞാൻ താമസിക്കുന്ന സ്ഥലത്തിൻ്റെ അടുത്ത് ഒരുത്തരും ഇല്ലാതെപോയി.,Sadness
"ഞാൻ താമസിക്കുന്ന സ്ഥലത്ത് എപ്പോഴും   ഷെയർ ഓട്ടോകൾ  ഉള്ളത് എനിക്ക് ഇഷ്ടമാണ്, ബസിനായി കാത്തിരിക്കേണ്ടതില്ല.",Happiness
"എന്‍റെ ഫ്ലിപ്പ്കാർട്ടിന്‍റെ ഓർഡറുകളിൽ  എപ്പോഴും തെറ്റുകൾ വരുന്നുണ്ട് , അവയിൽ നിന്ന് വാങ്ങുന്നത് ഞാൻ നിർത്തും.",Anger
ഞാനല്ലാത്ത ആളുകളുടെ ജീവിതത്തെ ബാധിക്കുന്ന ഒരു തീരുമാനം എടുക്കേണ്ടിവരുമ്പോഴെല്ലാം എനിക്ക് പേടി തോന്നും.,Fear
എല്ലാ ദിവസവും വീടിന് ചുറ്റും വൃത്തികെട്ട  ഓരോ സാധനങ്ങൾ കുമിഞ്ഞുകൂടുന്നത് കണ്ട്  ഞാൻ മടുത്തു.,Disgust
ഒരുപാട് കാലമായി നടക്കുന്ന വിയറ്റ്നാമിലെ വിളവെടുപ്പുത്സവം ഭയങ്കര രസമാണ്; ഇതുപോലെ വേറെങ്ങും ഞാന്‍ ഒരു ഉത്സവം കണ്ടിട്ടില്ല.,Surprise
അപ്‌ഡേറ്റ് ആവശ്യപ്പെടുന്ന എന്‍റെ ഇമെയിൽ എന്‍റെ കോച്ചുകൾ അംഗീകരിക്കാത്തത് എന്നെ നിരാശനാക്കി.,Sadness
അറ്റ്ലാന്‍റിക്കിൽ കൊടുങ്കാറ്റക്കടിക്കുന്ന സമയത്ത് കടലിൽ പോയിട്ടുണ്ടോ നീ? ഇങ്ങനെ ഒരു അനുഭവം എൻ്റെ ജീവിതത്തിൽ ആദ്യമാണ്.,Surprise
ഇസ്രായേൽ ഗവൺമെൻ്റ്  സുപ്രീം കോടതിയുടെ മേൽ കൈവെക്കുമെന്ന് ഞാൻ സ്വപ്നത്തിൽ പോലും പ്രതീക്ഷിച്ചില്ല.,Surprise
"എനിക്ക് ഇവിടെ എന്തൊരു സന്തോഷവും സമാധാനവുമാ ,ഇവിടത്തെ അന്തരീക്ഷവും പ്ലേ ചെയ്തിരിക്കുന്ന മ്യൂസികും എത്ര  ശാന്തമാണ്!",Happiness
"ഹായ് ജയ, നിങ്ങളുടെ മകൾ നന്നായി പഠിക്കുന്ന നല്ല സ്വാഭാവമുള്ള കുട്ടിയാ. അവൾ എപ്പഴും എന്നോട് ഗുഡ് മോർണിംഗ് പറയും.",Happiness
ബൃഹദീശ്വര ക്ഷേത്രത്തിന്‍റെ ചരിത്രപരമായ പ്രാധാന്യം കേട്ടപ്പോൾ എനിക്ക് ശരിക്കും അത്ഭുതം തോന്നി. രാജരാജ ചോഴനെ നമിക്കണം.,Surprise
"എന്‍റെ കാറിന്‍റെ എഞ്ചിൻ  ബ്രേക്ക് ഡൗൺ ആയി, അത് ശരിയാക്കാൻ രണ്ട് ലക്ഷം രൂപ ചെലവാകുമെന്ന് അവർ പറഞ്ഞു.",Sadness
"അയാള്‍ വീട്ടിലെ ഒരു കാര്യവും ശ്രദ്ധിക്കാതെ ഏത് സമയവും മൊബൈല്‍ നോക്കിയിരിപ്പാ, കഷ്ടം തന്നെ.",Disgust
ഇതിപ്പോൾ എത്രാമത്തെ പ്രസംഗമാണ്; ബോറടിച്ച് ചത്തു.,Disgust
"ഹായ് വിഷ്ണു, നിങ്ങളുടെ പെർഫോമൻസിൽ  ഞങ്ങൾ വളരെ ഹാപ്പിയാ , നിങ്ങൾക്ക് ഒരു ബോണസ് തരാൻ വിചാരിക്കുന്നു.",Happiness
എന്‍റെ സഹോദരങ്ങൾ ഇവിടന്നു പോയ  ശേഷം  ഞാൻ അവരെ വല്ലാതെ മിസ് ചെയ്യുന്നു. അവർ ഇപ്പോഴും ഇവിടെ ഉണ്ടായിരുന്നെങ്കിൽ എന്ന് ഞാൻ ആഗ്രഹിക്കുന്നു.,Sadness
പ്രായപൂർത്തിയായവരുടെ അക്കൗണ്ടുമായി താരതമ്യപ്പെടുത്തുമ്പോൾ പ്രായപൂർത്തിയാകാത്തവരുടെ അക്കൗണ്ടിൽ ലഭ്യമായ പല സവിശേഷതകൾ എന്നെ അമ്പരപ്പിച്ചു. എനിക്ക്  വീണ്ടും ഒരു കുട്ടിയാകാൻ ആഗ്രഹം തോന്നി .,Surprise
"ഒരു വലിയ വജ്രം വാങ്ങണമെന്നുണ്ടായിരുന്നു, പക്ഷേ എനിക്ക് അതിനുള്ള  ബജറ്റ് ഇല്ല  .",Sadness
ഈ പഴുത്ത മാങ്ങയുടെ രസം പറഞ്ഞറിയിക്കാൻ പറ്റില്ല.,Happiness
ആ ഹൊറർ സിനിമയുടെ ആദ്യ ഭാഗത്തിലെ അടിയും കുത്തും എനിക്ക് സഹിക്കാവുന്നതിലും അപ്പുറമായിരുന്നു; രണ്ടാം ഭാഗത്തിൻ്റെ കാര്യം പറയുകയേ വേണ്ട.,Disgust
നിങ്ങളോട് പറഞ്ഞിട്ട് കാര്യമില്ല.  ഞാൻ ഒറ്റയ്ക്ക് ഈ സിനിമയ്ക്ക് പോകാൻ പോണു.,Disgust
ഞാൻ സ്വന്തമായി  തയ്യാറാക്കിയ  ഒരു വിഭവം എന്‍റെ ബോസും സി.ഇ.ഒ.യും  കഴിക്കുമ്പോ  ഞാൻ ശ്വാസം അടക്കിപ്പിടിച്ചു.,Fear
സ്റ്റോക്ക് മാർക്കറ്റ് ബബിളിന്‍റെ സാധ്യതയിൽ എനിക്ക് കുറച്ചൊക്കെ പേടിയുണ്ട്.,Fear
"ഹേയ്, നിങ്ങളുടെ മൊബൈൽ താഴെ നിന്ന് എടുക്കൂ ,ഞാൻ ഡംബല്‍ താഴെ ഇട്ടാൽ അത് പൊട്ടി പോകും, ജിമ്മിലൊക്കെ കുറച്ചു കൂടെ ശ്രദ്ധയോടെ  കാര്യങ്ങൾ ചെയ്തൂടെ .",Anger
പ്രൊഫസറുടെ ചോദ്യത്തിന് ഉത്തരം നൽകാൻ വിളിക്കുമ്പോൾ എന്‍റെ വയറു കാളി .,Fear
ഒരു കാരണവുമില്ലാതെ എന്നെ പുറത്താക്കിയാൽ മാനേജ്മെൻ്റിന് അതിനു മറുപടി പറയേണ്ടി വരും.,Anger
പണമെല്ലാം നഷ്‌ടപ്പെട്ടപ്പോൾ ആ മനുഷ്യൻ പ്രതീക്ഷ വച്ചുപുലർത്താൻ പാടുപെട്ടു .,Sadness
നല്ല ക്ലീനിംഗ് റിസള്‍ട്ട് നൽകുന്നതിൽ ഞങ്ങൾ അഭിമാനിക്കുന്നു.,Happiness
"സ്റ്റാർട്ടിങ്  ഓപ്ഷനുകൾ ചർച്ച ചെയ്യാതെ അനുമാനങ്ങൾ നടത്തരുതെന്ന് ഞാൻ നിങ്ങളോട് പറഞ്ഞു പറഞ്ഞു മടുത്തു, അതോണ്ട് നിങ്ങൾക്ക്   പോകണമെങ്കിൽ പൊയ്ക്കോളൂ .",Disgust
റോഡ് പണിയുമ്പോൾ തൊഴിലാളികൾ ഒരേ സ്വരത്തിൽ പാടി.,Happiness
കുത്തകകളായിരുന്ന കമ്പനികളെ സർക്കാർ പിൻവലിക്കാത്തതിൽ എനിക്കു കടുപ്പായി.,Anger
"ഡ്രൈവിംഗ് സ്കിൽ റിവ്യൂ  സെഷനുകൾ ഇത്ര  വിശദമായി ഉള്ളത്  ഞാൻ ശരിക്കും ആസ്വദിക്കുന്നു; എന്‍റെ ശക്തിയും, ഇമ്പ്രൂവ്  ചെയ്യാനുള്ള ഏരിയകളും മനസ്സിലാക്കാൻ ഇത് എന്നെ സഹായിക്കുന്നു.",Happiness
എനിക്ക് ഈ നഗരം കൈവെള്ള പോലെ അറിയാം. നാമിന്ന് അടിച്ചുപൊളിക്കും.,Happiness
ഈ കമ്പനിയുടെ തട്ടിപ്പിന്‍റെ ട്രാക്ക് റെക്കോർഡ് വളരെ  അസ്വസ്ഥതയുണ്ടാക്കുന്നു.,Disgust
ഞങ്ങളുടെ പ്രീമിയർ ക്ലയന്‍റിനു വേണ്ടി  ഞങ്ങൾ ആരംഭിക്കുന്ന പുതിയ പ്രോജക്റ്റിൽ ഞാൻ ആവേശഭരിതനാണ്.,Happiness
നികുതി നിയന്ത്രണങ്ങൾ മൂലം എന്‍റെ ബിസിനസ്സിന് എപ്പോൾ  വേണമെങ്കിലും തകർച്ച നേരിടേണ്ടി വരാം  എന്ന അവസ്ഥയിലാണ് ഞാൻ.,Fear
"മറിച്ചായിരുന്നെങ്കിൽ എന്ന് ഞാൻ ആഗ്രഹിക്കുന്നു, പക്ഷേ പല നേതാക്കളും ജനങ്ങളേക്കാൾ ഹ്രസ്വകാല നേട്ടങ്ങളിൽ ശ്രദ്ധ കേന്ദ്രീകരിച്ച് യുവതലമുറയ്ക്ക്  മോശം മാതൃകയാണ്  കാണിക്കുന്നത്.",Disgust
അവ ട്രൈ ചെയ്യുമ്പോ അബദ്ധത്തിൽ ഞാൻ പാന്‍റ് വലിച്ചുകീറി. ഞാൻ ഇപ്പൊ കടയുടമയോട് എന്താ  പറയാ ?,Fear
ഈ ലീഡേഴ്‌സ്  ഒരു പാഠവും പഠിക്കാതെ    പരസ്പരം പോരടിക്കുന്നത്  തുടരുന്നത് മഹാകഷ്ടം തന്നെ.,Sadness
മോഡുലാർ കിച്ചൺ  കണ്ടപ്പോൾ എനിക്ക് അറപ്പ്  തോന്നി . നിറങ്ങളുടെയും ടെക്സ്ചറുകളുടെയും കോമ്പിനേഷൻ ശരിക്കും ഛർദ്ദിക്കാൻ വരുന്നതായിരുന്നു .,Disgust
എന്‍റെ ദിവസങ്ങൾ എണ്ണപ്പെട്ടു. എന്‍റെ രോഗപ്രതിരോധ ശേഷി ദുർബലാണെന്നു  ഡോക്ടർ എന്നോട് പറഞ്ഞു.,Sadness
സർക്കാർ മാറിയ  ശേഷം സാമ്പത്തിക മേഖലയിൽ നിന്ന് വരുന്ന എല്ലാ നെഗറ്റീവ് വാർത്തകളും  കേൾക്കുമ്പോ   എനിക്ക് അൽപ്പം പരിഭ്രാന്തി തോന്നുന്നു.,Fear
"ഞാൻ ഇന്ന് പുലർച്ചെ അപ്രതീക്ഷിതമായി നാലരയ്ക്കു  എഴുന്നേറ്റു, ആ സമയത്താണ് എനിക്ക് ആദ്യമായി പ്രാർത്ഥിക്കാൻ കഴിഞ്ഞത്.",Surprise
"സിറ്റിയുടെ കേന്ദ്രത്തില്‍ ഒരു കൊമ്മേർഷ്യൽ  സ്‌പേസ്  വാടകയ്‌ക്ക് കണ്ടെത്തി, അവിടെ എത്ര ട്രാഫിക്കിലും നടന്നു പോവാന്‍ കഴിയും.",Happiness
സ്കൂളിലെ ഉച്ചഭക്ഷണം വായിൽ വെക്കാൻ പോലും കൊള്ളില്ല.,Disgust
ഞാൻ എന്‍റെ ആധാർ കാർഡ് കൊടുത്തില്ലെങ്കി  എന്‍റെ ആപ്ലികേഷന്‍ പ്രോസസ്സ് ചെയ്യില്ലെന്ന് ആ ഉദ്യോഗസ്ഥൻ പറഞ്ഞു. എനിക്ക് നാളെയും അവിടെ പോണം.,Sadness
നമ്മൾ  വളരെ  ശ്രദ്ധയോടെ  നട്ട വിത്തുകൾ നമ്മൾ വിചാരിച്ചതുപോലെ വളരാത്തത് എനിക്ക് നിരാശയായി.,Sadness
പരീക്ഷയ്ക്ക് പഠിക്കേണ്ട ഭാഗം മനസ്സിലായില്ലെങ്കിൽ ഞാൻ എന്ത് ചെയ്യും?,Fear
ഇന്ത്യയ്ക്ക് വളരെ നല്ല ക്രിക്കറ്റ് ടീമാ ഉള്ളത്. നമ്മടെ ടീം നൂറ്റി ഇരുപത്തിയേഴിലധികം അന്താരാഷ്ട്ര ടി ട്വൻറ്റി   മത്സരങ്ങൾ ജയിച്ചിട്ടുണ്ട്.,Happiness
അവർ ഫ്രിഡ്ജിന്‍റെ കംപ്രസറിനു ലൈഫ്ടൈം വാറന്‍റി നല്കുന്നുവെന്ന് എനിക്ക് വിശ്വസിക്കാൻ പറ്റുന്നില്ല.,Surprise
നഗരത്തിലെ മറ്റൊരു കെട്ടിടത്തിലേക്ക് സ്ഥലംമാറ്റിയതറിഞ്ഞ് സെക്യൂരിറ്റി ജീവനക്കാരൻ തളര്‍ന്നുപോയി.,Sadness
"ഞാൻ പൊതി തുറന്നപ്പോൾ, എന്‍റെ കയ്യിൽ  എത്തുന്നതിന് മുമ്പ് തന്നെ അതിൽ കൃത്രിമം നടന്നിട്ടുണ്ടെന്ന് മനസ്സിലാക്കിയപ്പോൾ എനിക്ക് വെറുപ്പ് തോന്നി.",Disgust
യു.എസ്.ൽ താമസസ്ഥലം അന്വേഷിക്കുന്ന ഞങ്ങളുടെ മകനെ സഹായിക്കാൻ കഴിയാതെ വന്നപ്പോൾ എന്‍റെ ഭാര്യയ്ക്ക്  വിഷമമായി.,Sadness
"തഴച്ചുവളരുന്ന ഒരു ഫ്രീലാൻസ് ബിസിനസ്സിനേക്കാളും, സ്ഥിരമായ ക്ലയന്റുകൾ  ഉള്ളതിനെക്കാളും മികച്ചതായി മറ്റൊന്നും എനിക്ക് തോന്നുന്നില്ല.",Happiness
പ്രോജക്ട് ആകെ കുളമാക്കുന്നതിനു മുന്നേ   സംശയങ്ങൾ എന്നോട് ചോദിക്കാൻ പോലും നിങ്ങൾക്ക്  സമയം കിട്ടിയില്ല അല്ലേ?,Anger
എന്‍റെ ആംറെസ്റ്റിൽ അതിക്രമിച്ചുകയറിയ വിമാനത്തിലെ രണ്ട് യാത്രക്കാർക്കിടയിൽ കുടുങ്ങിപ്പോയതിനെത്തുടർന്ന് എനിക്കാകെ  നിരാശയായി .,Sadness
ലൈഫ്സ്റ്റൈൽ സ്റ്റോറിൽ പ്ലസ് സൈസുകളുടെ വിശാലമായ  ലഭ്യത എന്നെ അതിശയിപ്പിക്കുന്നു.,Surprise
"ഉത്തരവാദിത്തമുള്ള ഒരു നികുതിദായകനെന്ന നിലയിൽ, ചില ബിസിനസ്സ് ഉടമകൾ നികുതി ഒഴിവാക്കാൻ അവരുടെ അക്കൗണ്ടുകളിൽ  കൃത്രിമത്വം ചെയ്യുന്നത് വെറുപ്പിക്കുന്നു .",Disgust
"ഹാവൂ, അപ്രൂവൽ കിട്ടില്ലെന്ന് ഞാൻ കരുതിയ ഒരു പ്രധാന ബിസിനസ്സ് ചെലവിന് എനിക്ക് ഒരു റീഇംബേഴ്സ്മെന്‍റ്  ലഭിച്ചു.",Happiness
കടൽക്കൊള്ളക്കാർ കാരണം എന്‍റെ ട്രക്കുകൾ ആഫ്രിക്കയിലേക്ക് അയയ്ക്കുന്നതിൽ എനിക്ക് അങ്കലാപ്പുണ്ട്.,Fear
"റോഡിലൂടെ  റോങ് സൈഡീ വണ്ടിയോടിച്ചിട്ട്, എനിക്ക് നേരെ അവന്മാര് ഹോൺ അടിക്കുന്ന കണ്ടോ.",Anger
ഇന്‍ഷുറന്‍സ് കമ്പനികള്‍ മോഹന വാഗ്ദാനങ്ങള്‍ നല്‍കി പാവപ്പെട്ട ആളുകളെ പറ്റിക്കുന്നത് മഹാകഷ്ടമാണ്.,Disgust
ഹോട്ടലിലെ മന്ദഗതിയിലുള്ള സേവനം എന്നെ ചൊടിപ്പിച്ചു. എന്‍റെ ഓർഡർ കൊടുക്കാന്‍ തന്നെ എത്ര നേരം കാത്തിരുന്നു!,Anger
ഞാൻ ഓർഡർ ചെയ്ത പുതിയ കേക്കിന്  ഇങ്ങനെ  പ്രത്യേക  രുചി ഉണ്ടാകുമെന്ന് ഞാൻ പ്രതീക്ഷിച്ചിരുന്നില്ല!,Surprise
"ഇത് ഒരു പുതിയ ക്ലയന്‍റ്  ആണെന്ന് കണക്കിലെടുത്ത്, നമ്മൾ അവരെ  ശ്രദ്ധിക്കണം, അല്ലെങ്കിൽ നമുക്ക്   ഈ വരുമാനം വളരെ വേഗത്തിൽ നഷ്ടപ്പെടും.",Fear
ഇവന്‍റ് മാനേജർ ഇവന്‍റിനായി ചർച്ച ചെയ്ത സുരക്ഷാ നടപടികൾ എന്‍റെ അതിഥികൾക്ക് പോരാതെ വരുമെന്ന്  തോന്നിയതിനാൽ ഞാൻ നിരാശനായി.,Sadness
നിങ്ങൾക്ക് ആകെ വയ്യാത്ത പോലെയുണ്ടല്ലോ. ഞാൻ ഒരു ഡോക്ടറെ വിളിക്കട്ടെ?,Fear
ഈ വില കൂടിയ  പുരാതനമായ  കസേരകൾ വിൽക്കുന്നത് എങ്ങനെയാണാവോ!,Fear
ഓട്ടം കഴിഞ്ഞ് ഒന്ന് കുളിക്കാതെ അവന്‍ വിയർപ്പുള്ള അതേ ഷർട്ടുമിട്ടു  കിടന്നുറങ്ങി.,Disgust
"ഞാൻ ഇന്നലെ ആശുപത്രിയിൽ പോയിപ്പോ  ഭയങ്കര  വെറുപ്പു തോന്നി  . രോഗികൾക്ക് കിടക്കാൻ പോലും സ്ഥലമില്ല, വൃത്തിയുടെ കാര്യം പിന്നെ  പറയേം വേണ്ട .",Disgust
അവൻ വിരമിച്ചപ്പോൾ ടീമിൻ്റെ നെടുംതൂണാണ് പോയത്; അവനെ പോലെ കളിക്കുന്ന വേറെ ആരും ഇല്ല ടീമിൽ.,Sadness
ഹോട്ടലിൽ ഞാൻ ഓർഡർ ചെയ്ത ഭക്ഷണത്തിൽ ഞാൻ സന്തുഷ്ടനായിരുന്നു. അത്  നല്ല രുചിയുള്ളതായിരുന്നു.,Happiness
"നിങ്ങൾ നിർമ്മിച്ച മതിൽ ഒരു വശത്തേക്ക് ചായുന്നുണ്ട്,  ഇത് ഒരു വന്‍ ദുരന്തമാണ്, പൈസ വേസ്റ്റ് ആണ്, ഒരു കല്‍പണിക്കാരന്‍ എന്ന  നിലയില്‍ നിങ്ങളുടെ മിടുക്ക് ആണ് ഇത് കാണിക്കുന്നത്.",Anger
നാട്ടുകാർ എന്നെ ഇരുകൈയ്യും നീട്ടി സ്വീകരിക്കുമെന്നും അവരുടെ ആതിഥേയത്വം ആസ്വദിക്കുമെന്നും ഞാൻ പ്രതീക്ഷിച്ചേയില്ല.,Surprise
അത് നല്ലതാണ്. പ്രൊഫഷണലായും വ്യക്തിപരമായും മികവ് പുലർത്താനുള്ള നിങ്ങളുടെ കഴിവ് നല്ല പ്രചോദനം  തരുന്നു.,Happiness
നിങ്ങളുടെ ആരോഗ്യത്തെക്കുറിച്ച് നിങ്ങൾ പറയുന്നത് കണക്കിലെടുക്കുമ്പോൾ നിങ്ങളുടെ വയറ് നന്നായി പിടിച്ചുനിൽക്കുന്നുവെന്ന് പറയണം.,Surprise
"നോക്കൂ, പതിനഞ്ച്  മിനിറ്റിനുള്ളിൽ എന്‍റെ കുട്ടിയുടെ അക്കൗണ്ട് തുറന്നു.",Happiness
ദിവസം അവസാനിക്കുമ്പോ എത്ര അഡ്മിനിസ്‌ട്രേറ്റീവ് ജോലികളാ കംപ്ലീറ്റ്‌ ആക്കാന്‍ ഉള്ളെ.,Fear
"ഫ്രിഡ്ജിൽ നിന്ന് വരുന്ന ഉച്ചത്തിലുള്ള അസാധാരണമായ ശബ്‌ദങ്ങളിൽ എനിക്ക് നല്ല ആശങ്കയുണ്ട്, എന്തോ കാര്യമായ കേട് ഉണ്ടെന്നു തോന്നുന്നു.",Fear
സ്ത്രീകളെ ജോലി ചെയ്യുന്നതിൽ നിന്ന് താലിബാൻ തടയുന്നത് എന്തൊരു നീതികേടാ!,Anger
ഒരു പ്രേതത്തെ കാണുന്നത് ഓർക്കുമ്പോൾ തന്നെ വിറ വരുന്നു.,Fear
ഒരു സൈബർ സുരക്ഷാ ലംഘനത്തിൽ എന്‍റെ ഫാമിലി  ഫോട്ടോസ്  നഷ്ടപ്പെട്ടപ്പോൾ  എനിക്ക് ഭ്രാന്ത് പിടിച്ചു.,Anger
"തഞ്ചാവൂർ ക്ഷേത്രത്തിന്‍റെ നിർമ്മാണം സൂപ്പര്‍ ആണ്, പ്രത്യേകിച്ച് മുകളിലുള്ള വലിയ പാറ.",Surprise
"ഈ സ്വർണ്ണ ബ്രേസ്ലെറ്റ് മനോഹരരമാണെന്ന് മാത്രമല്ല, ഇത് എന്‍റെ ബജറ്റിനുള്ളിൽ ഒതുങ്ങുന്നതുമാണ് .",Happiness
എൻ്റെ കുടുംബക്കാർ ഇതൊന്നും അല്ല എന്നിൽനിന്നും പ്രതീക്ഷിക്കുന്നത്; അതൊക്കെക്കൂടി ആലോചിക്കുമ്പോൾ ശ്വാസം മുട്ടുന്നു.,Sadness
ഈ വർഷം അവസാനത്തോടെ കെട്ടിടത്തിന്‍റെ പണി  കഴിയുമെന്നാ ഞാൻ വിചാരിക്കുന്നെ.,Happiness
കാർബൺ ഫുട്പ്രിന്റ് കുറയ്ക്കുകയും ഡ്രൈവിങിന്‍റെ  സ്ട്രെസ് ഏറ്റെടുക്കുകയും ചെയ്യുന്ന സുഹൃത്തുക്കളോടൊപ്പം കാർപൂൾ ചെയ്യാന്‍ എനിക്കിഷ്ടാണ്.,Happiness
ആമസോണിലെ അവരുടെ ഓൺലൈൻ ഓർഡർ പ്രോസസ്സിംഗിന്‍റെ സ്പീഡ് എന്നെ ആകർഷിച്ചു.,Surprise
ഞാൻ എന്ത് ചെയ്യണമെന്ന് എപ്പോഴുമെപ്പോഴും നിങ്ങൾ എന്നോട് ഇങ്ങനെ പറയുന്നത് എനിക്ക് ഇഷ്ടമല്ല.,Anger
സോഷ്യൽ മീഡിയയില്‍ എന്‍റെ പേര് കളയാന്‍ ശ്രമിച്ചതിന് ഞാൻ നിങ്ങളെ കോടതി കേറ്റും. ഓരോ ചില്ലിക്കാശിനും കേസ് നടത്തും.,Anger
ഓരോ തവണ പന്തെറിയുമ്പഴും അവൻ എന്തിനാ  പന്ത് ഇങ്ങനെ നക്കണത്?,Disgust
ഈ സ്റ്റോർ എല്ലായ്പ്പോഴും ഒരേ പാട്ടുകൾ വീണ്ടും വീണ്ടും പ്ലേ ചെയ്യുന്നത് എന്നെ ദേഷ്യം പിടിപ്പിക്കുന്നു .,Anger
"ഞാൻ വാതിൽക്കൽ നിൽക്കുമ്പോൾ ബാങ്ക് ഓഫീസർ എന്നെ അവഗണിച്ച് മറ്റ് കസ്റ്റമേഴ്സിനെ വിളിച്ചപ്പോ  എനിക്ക് അപമാനവും ദേഷ്യവും തോന്നി, എന്‍റെ മുഖം ചുവന്നുതുടുത്തു .",Anger
"ഹായ്, നിർമ്മാതാവ് എന്‍റെ പുതിയ ലാപ്ടോപ്പ് കൃത്യസമയത്ത് വിതരണം ചെയ്തു.",Happiness
"എന്‍റെ മോഡുലാർ കിച്ചണിലെ  കരകൗശലപ്പണികളിൽ  ഞാൻ തീർത്തും  നിരാശനാണ്. ക്യാബിനറ്റുകൾ തെറ്റായി ക്രമീകരിച്ചിരിക്കുന്നു, ഡ്രോയറുകൾ ശരിയായി അടയുന്നില്ല, മൊത്തത്തിൽ  ഫിനിഷിംഗ് ശരിയല്ല.",Anger
ചെന്നൈയിൽ നടന്ന ഒരു കച്ചേരിയിൽ ഒരേസമയം രണ്ട്  കീബോർഡുകൾ പ്ലേ ചെയ്ത്  യാനി എന്നെ ഞെട്ടിച്ചു.,Surprise
ആദ്യം പ്രേക്ഷകരുടെ റേറ്റിംഗ് നോക്കാതെ  നീ  എന്തിനാ  കരിഞ്ചന്തയിൽ  സിനിമാ ടിക്കറ്റുകൾ വാങ്ങുന്നേ ?,Surprise
ഞങ്ങളുടെ മകന്‍റെ താൽപ്പര്യങ്ങൾക്കായി നിലകൊള്ളാൻ ഭാര്യ ശ്രമിച്ചപ്പോൾ അവളുമായി നല്ല വഴക്കായി.,Anger
"ഇളം വെയിലിൽ തണുത്ത കാറ്റു വീശുന്ന ഒരു അരുവിയുടെ തീരത്ത് ഇരിക്കുമ്പോ, ആഹാ!",Happiness
"എനിക്ക് ശേഷം ആദ്യം വന്ന ആളുകൾക്ക് റെസ്റ്റോറന്‍റ്  സർവീസ് കൊടുത്തു , അത് എന്നെ വല്ലാതെ  ദേഷ്യം പിടിപ്പിച്ചു .",Anger
"ഹലോ, ഞാൻ നിങ്ങളിൽ നിന്ന് ധാരാളം ലാപ്ടോപ്പുകൾ വാങ്ങുന്നുണ്ടല്ലോ. എന്‍റെ ബിസിനസ്സ് മറ്റെവിടെയെങ്കിലും  ആക്കണെമന്ന് നിങ്ങൾക്ക്  ആഗ്രഹമുണ്ടോ?",Anger
ക്ലാസിലെ എന്‍റെ മകന്‍റെ പെരുമാറ്റത്തെക്കുറിച്ച് മാത്രം മ്യൂസിക് ട്യൂട്ടർ എന്നോട് പരാതിപ്പെട്ടപ്പോൾ എനിക്ക് കടുത്ത നിരാശ തോന്നി.,Sadness
ഓഫീസുകളുടെ ക്ലീനിംഗ് ഷെഡ്യൂളുകൾ പാലിക്കാൻ ക്ളീനിംഗ് ടീമിന് ജീവനക്കാരുടെ കുറവുണ്ടെന്ന് തോന്നുന്നു.,Fear
എന്തുകൊണ്ടാ എല്ലാവരും  ആദ്യം എന്നെ കുറ്റപ്പെടുത്തണത്?,Anger
"എന്‍റെ ഭക്ഷണ നിയന്ത്രണങ്ങൾ കണക്കിലെടുക്കുമ്പോൾ, ഭക്ഷണ ക്രമം കൃത്യമാകുമോ എന്നതിനെക്കുറിച്ച് ഞാൻ അൽപ്പം പരിഭ്രാന്തി തോന്നിത്തുടങ്ങി.",Fear
ഫുട്ബോൾ കളിക്കാർ മൈതാനത്ത് എപ്പോഴും തലകുത്തി വീഴുന്നത് കഷ്ടാ.,Disgust
കൂടുതൽ പണം കിട്ടാൻ വേണ്ടി മാത്രം പേരുകേട്ട ആശുപത്രി ഒരു രോഗിയെ പ്രവേശിപ്പിക്കുന്നത് കണ്ടപ്പോൾ വെറുപ്പ് തോന്നി .,Disgust
ആറ്  മാസം മുമ്പ് ഞാൻ തിരിച്ചു  നൽകിയ ഒരു ഐറ്റത്തിൽ  നിന്ന് എന്‍റെ ബാങ്ക് അക്കൗണ്ടിലേക്ക്  പ്രതീക്ഷിക്കാതെ  റീഫണ്ട് കിട്ടിയത്  എന്നെ അത്ഭുതപ്പെടുത്തി.,Surprise
മുൻകൂട്ടി തുറന്ന പാക്കേജിലെ പ്രശ്നം ഉടനടി  പരിഹരിച്ചതിൽ എനിക്ക് ആശ്വാസമുണ്ട്. കൊറിയർ കമ്പനി അത് നന്നായി കൈകാര്യം ചെയ്തു.,Happiness
മുംബൈയിലെ  ലോക്കൽ  സ്ട്രീറ്റ് ഫുഡിന്‍റെ  മണം  പറഞ്ഞറിയിക്കാൻ പറ്റില്ല .,Surprise
തുരുമ്പെടുത്ത് പൊട്ടാറായ  എന്‍റെ കാർഷിക ഉപകരണങ്ങൾ നോക്കുമ്പോൾ എനിക്ക് സങ്കടം തോന്നുന്നു. നമുക്ക് പുതിയ ഉപകരണങ്ങൾ  ആവശ്യമാണ്.,Sadness
ഈ നീണ്ട അവധി കഴിഞ്ഞാൽ കടയിലെ ജീവനക്കാർ തിരിച്ചുവരും എന്ന് എന്താ ഉറപ്പ്?,Fear
വേറെ ആരൊക്കെയോ ഉണ്ടെന്ന് തോന്നുന്നോണ്ട് ഇരുണ്ട മുറിയിൽ തനിച്ചിരിക്കാൻ എനിക്ക് വയ്യ.,Fear
"ആഹാ! ഇവരുടെ സർവീസ് പാക്കേജിൽ ഇത്രയൊക്കെ വരും എന്ന് ഞാൻ ഒരിക്കലും വിചാരിച്ചില്ല. ഓയിൽ ചെയ്ഞ്ച്, ടയർ റൊട്ടേഷൻ, ഫുൾ ഇൻസ്‌പെക്ഷൻ എല്ലാം ഉണ്ട്! അടിപൊളി!",Surprise
ഇന്ത്യൻ ഫുട്ബോൾ ടീമിനെ ഏഷ്യൻ ഗെയിംസിൽ കളിക്കാൻ ഇന്ത്യൻ സർക്കാർ സമ്മതിക്കാത്തതിൽ എനിക്ക് വലിയ നിരാശയായി .,Sadness
"ലക്ഷ്മി, നമ്മൾ ശരിയായ വഴിയിലാണോ പോകുന്നെന്നു എനിക്കറിയില്ല. ഫോൺ മറ്റൊരു റൂട്ട് കാണിക്കുന്നുണ്ടെങ്കിലും ഡ്രൈവർ തെറ്റായ റൂട്ട് ആണ് എടുത്തേ.",Fear
നിങ്ങൾ  ഇടയ്ക്കിടയ്ക്ക് എന്തിനാ എന്നോട്  പരുഷമായി പെരുമാറുന്നത്?,Anger
"മാറ്റിസ്ഥാപിക്കുന്നത് ചിലവു കൂടുതലായ  കാരണം അറ്റകുറ്റപ്പണികൾ നടത്താമെന്ന് ഞാൻ കരുതി, പക്ഷേ അറ്റകുറ്റപ്പണികൾക്കുള്ള ചെലവ് വളരെ കൂടുതലാണെന്ന് അറിഞ്ഞപ്പോൾ എനിക്ക് നിരാശ തോന്നി.",Sadness
ഈ ഓട്ടോക്കാരോക്കെ എവിടെ നോക്കിയാണാവോ വണ്ടി ഓടിക്കുന്നത്; തലനാരിഴക്കാണ് ഞാൻ രക്ഷപ്പെട്ടത്.,Anger
ഈയിടെയായി എന്‍റെ  ജീവിതം ഒരു യന്ത്രപ്പാവ പോലെയാ  കടന്നുപോകുന്നെ.,Sadness
"നിങ്ങളുടെ നിരാശ ഞാൻ മനസ്സിലാക്കുന്നു, ക്വാളിറ്റി ഇഷ്യൂസ്  പരിഹരിക്കുന്നതിന് തത്കാലം നിവൃത്തിയില്ലല്ലോ.",Sadness
മൈക്രോവേവിനു  തീപിടിക്കുമോയെന്നാ എന്‍റെ ആധി. ദയവായി അതൊന്ന് ഓഫ് ചെയ്യൂ.,Fear
"ഇത്ര നീണ്ട സമയവും  അപ്പ്രീസിയേഷനും  ഉണ്ടായിരുന്നിട്ടും , ക്ലീനിംഗ് ടീമിന് അവരുടെ ന്യായമായ പ്രതിഫലം നൽകാൻ ഞങ്ങൾക്ക് കഴിയില്ലെന്നത് കഷ്ടം തന്നെയാണ്.",Sadness
ഈ ഗിഗ് എക്കണോമി എത്ര വേഗത്തിലാണ് ജോബ് മാർക്കറ്റിനെ തന്നെ മാറ്റിമറിച്ചത്.,Surprise
എന്‍റെ അക്കൗണ്ട്  ഉണ്ടാക്കാൻ  നിങ്ങൾ എന്താ  ഇത്ര സമയം എടുക്കുന്നെ? ഒരു മണിക്കൂർ കഴിഞ്ഞു  ഞാനിവിടെ കാത്തിരിക്കാൻ തുടങ്ങീട്ട് !,Anger
സെൻട്രൽ ബാങ്കിന്‍റെ പലിശനിരക്കിന്‍റെ തീരുമാനത്തെ ചുറ്റിപ്പറ്റിയുള്ള അനിശ്ചിതത്വം എന്ന് മാറും?,Fear
"ആളുകള്‍ക്ക് ഒരു മര്യാദയുമില്ല, ആ കൊച്ച് പാടുമ്പോള്‍ കൂവി വിളിക്കുന്നു, കഷ്ടം തന്നെ.",Disgust
ഇരുട്ട് മൂടിയ ആ സ്റ്റോർ റൂമും അതിൽ ആരോ ശ്വസിക്കുന്ന ശബ്ദവും കൂടി കേട്ടപ്പോൾ എൻ്റെ നെഞ്ചിടിക്കാൻ തുടങ്ങി.,Fear
എന്‍റെ ബർത്ഡേ  കേക്ക് കൃത്യസമയത്ത് വീട്ടിൽ എത്തിക്കാത്തതിൽ ഞാൻ നിരാശനായിരുന്നു.,Sadness
"എനിക്ക് ഈ വീഡിയോ ഗെയിം കളിക്കാൻ ആഗ്രഹമുണ്ടായിരുന്നു, പക്ഷേ സി.ഡി. കേടായി.  എനിക്ക് ഇനി ഒരിക്കലും ഈ  ഗെയിം  കളിക്കാൻ പറ്റില്ല.",Sadness
എല്ലാ തവണത്തേയും പോലെ  ഈ കോഴ്സിൽ നീ  വിജയിക്കുമെന്ന് എനിക്ക് ഉറപ്പുണ്ട്.,Happiness
പല ആളുകൾ സൈബർ ആക്രമണങ്ങൾക്ക് ഇരയാകുകയും അവരുടെ സ്വകാര്യ വിവരങ്ങൾ നഷ്ടപ്പെടുകയും ചെയ്തുവെന്ന് കേൾക്കുമ്പോ എനിക്ക് വല്ലാത്ത വിഷമമുണ്ട് .,Sadness
ഡെലിവറി  ചെയ്യുന്നതിനിടയിൽ കൊറിയറിന്‍റെ  പാക്കേജ് നഷ്ടപ്പെടുമോ പോകുമോ എന്ന് എനിക്ക് നല്ല പേടിയുണ്ടായിരുന്നു.,Fear
ഫ്രഷ് ആയ  ഫ്രൂട്ട്സ്‌  കഴിച്ച  ശേഷം എനിക്ക് വല്ലാത്ത ഉന്മേഷം തോന്നുന്നു.,Happiness
യോ! അത് പൊളിച്ചു!,Surprise
കാർ റോഡിലേക്ക് കയറിയപ്പോൾ ഞാൻ കാണുമെന്ന് പ്രതീക്ഷിക്കാത്ത മനോഹരമായ ഒരു പുൽമേട് കണ്ടപ്പോൾ ഞാൻ അമ്പരന്നു പോയി .,Surprise
ഇല്ല! ഇത്രേം പലിശ അടക്കേണ്ട ഒരു ലോണിൽ ഞങ്ങൾക്കൊട്ടും താൽപ്പര്യമില്ല.,Disgust
ഓഹരി വില ഇങ്ങനെ കുത്തനെ കുറഞ്ഞാല്‍ നമ്മള്‍ എന്തു ചെയ്യും?,Fear
ഒരു ജംഗ്ഷനില്‍ ഒരു ഡ്രൈവര്‍ എന്നോട് അയാള്‍ക്ക് മുന്നേ പൊയ്ക്കോളാന്‍ പറയുന്നത് കേക്കാന്‍ എനിക്ക് നല്ല ഇഷ്ടാണ്.,Happiness
പിങ്ക് പാന്തർ സിനിമയിലെ പീറ്റർ സെല്ലേഴ്സിനെ നോക്കി എനിക്ക് ചിരി അടക്കാൻ  കഴിഞ്ഞില്ല.,Happiness
"മത്സരം കാണാമെന്ന് ഞാൻ വിചാരിച്ചതാ, പക്ഷേ പിന്നെ ഞാൻ മറ്റ് ജോലികളിൽപ്പെട്ടു  തിരക്കായിപ്പോയി.",Sadness
കസ്റ്റമേഴ്സ് അവരുടെ ഷോപ്പിംഗ് അനുഭവത്തെക്കുറിച്ച് ഫീഡ്ബാക്ക് നൽകാത്തത് നിരാശാജനകമാണ്.,Sadness
കച്ചവടം ഇല്ലാത്തതുകൊണ്ട് ഞങ്ങളുടെ നാട്ടിലെ ഫാമിലി സ്റ്റോർ അടച്ചുപൂട്ടുന്ന കാഴ്ച്ച കണ്ട് എൻ്റെ ഹൃദയം തകർന്നുപോയി.,Sadness
"അവരുടെ  സംഭാവനാതീരുമാനം അപ്രതീക്ഷിതമായിരുന്നു, പക്ഷേ സന്തോഷം.",Surprise
എന്‍റെ സ്വന്തം ബിസിനസ് ആലോചിക്കാതെ  ഇവിടെ ഒരു സ്റ്റാൾ വെക്കാൻ  എന്‍റെ  അനുവാദം  വാങ്ങുന്നതിനെക്കുറിച്ച് നിങ്ങൾ ചിന്തിക്കുന്നുവെന്നത്  എന്നെ ഞെട്ടിച്ചു.,Surprise
"ബസില്‍ എന്റെയടുത്ത് ഇരുന്ന സ്ത്രീക്ക് എന്തൊരു വിയര്‍പ്പ് നാറ്റമായിരുന്നു, അയ്യോ സഹിക്കാന്‍ വയ്യായിരുന്നു.",Disgust
സമീപത്തുള്ള ചില യൂക്കാലിപ്റ്റസ് മരങ്ങൾ കാരണം ഞങ്ങൾ നട്ട ഫലവൃക്ഷങ്ങൾ നശിച്ചുപോയി.,Sadness
കോച്ചിന് വേണ്ടത്ര ഫിറ്റ്‌നസ് ഇല്ലാത്തത്  എത്ര കഷ്ടാ!,Disgust
നമ്മുടെ നികുതി ഒക്കെ എവിടേക്കാണ് പോകുന്നതെന്ന് എനിക്കറിയില്ലേ .,Anger
കാറിൽ ഉള്ള കറുത്ത കണ്ണട വച്ചിരിക്കുന്നവർ രാഷ്ട്രീയക്കാരും ബോധമില്ലാത്തവരുമായിരിക്കും.,Disgust
"അമ്മേ! നിങ്ങൾ എന്തിനാ  കടയിൽവച്ച് എന്നോട് ഒച്ചയിട്ടത് , എനിക്ക് വളരെ സങ്കടം ആയി .",Sadness
"അയ്യോ മാഡം, ഇത്രയധികം ആളുകളുടെ മുന്നിൽ സംസാരിക്കാൻ എനിക്ക് വയ്യാ. അവർ ചിലപ്പോ എന്നെ കളിയാക്കും.",Fear
ജോലിസ്ഥലത്ത് സെയില്‍സ് ടാര്‍ഗറ്റ് നേടിയതില്‍ ബോണസ് ലഭിച്ചപ്പോ എനിക്ക് ഭയങ്കര സന്തോഷായി.,Happiness
"സർ, നിങ്ങൾ അഞ്ച്  മിനിറ്റ് മുമ്പ് സ്ഥലത്തു എത്തുമെന്ന് എന്നോട് പറഞ്ഞതല്ലേ . നിങ്ങൾ ഇത് എവിടെയാ?",Anger
സത്യത്തില്‍ അവർ ഇത്രയും മികവ് പുലർത്തുമെന്ന് ഞാൻ പ്രതീക്ഷിച്ചതേയില്ല.,Surprise
ചെന്നൈയിലെ എഗ്മോർ മ്യൂസിയത്തിലെ ഓഡിയോ ഗൈഡിന്‍റെ ക്വാളിറ്റി തീരെ മോശമാണ്.,Disgust
എന്‍റെ പാർക്കിംഗ് സ്കില്‍ മെച്ചപ്പെടുത്താന്‍ എനിക്ക് ഇനീം ക്ലാസ് വേണമെന്നു വനിതാ ഇൻസ്ട്രക്ടർ പറഞ്ഞപ്പോൾ എനിക്ക് അൽപ്പം നിരാശ തോന്നി.,Sadness
"നിങ്ങളുടെ വൈദഗ്ദ്ധ്യം കണക്കിലെടുക്കുമ്പോൾ, കുറ്റവാളികളെ പിടികൂടാൻ നിങ്ങൾക്ക് ക്യാമറ ദൃശ്യങ്ങൾ ആവശ്യമാണെന്ന് എനിക്ക് തോന്നുന്നില്ല.",Surprise
പന്ത് എന്‍റെ നേരെ ഉറക്കെ എറിയല്ലേ. എനിക്ക് വേദനിയ്ക്കും.,Fear
നാല്‍പതാം വയസ്സിലും  എം. എസ്. ധോണിയുടെ ഫിറ്റ്നസ് കണ്ട് ഞാൻ ഞെട്ടിപ്പോയി.,Surprise
"വൗ! കാന്‍സല്‍ ചെയ്യുന്നതിന് ഫുള്‍ റീഫണ്ട് ലഭ്യമാണല്ലേ,  പകുതിയേ കിട്ടു എന്നാ  ഞാൻ കരുതിയേ. നന്ദി സർ",Surprise
"നിങ്ങൾക്ക് ഒരു ഗുഡ് ന്യൂസ് ഉണ്ട് ,  ഞങ്ങൾ കള്ളന്മാരെ  പിടിച്ചു.",Happiness
താൻ പണം മുടക്കിയ  ചരക്ക് കൃത്യസമയത്ത് എത്താതിരുന്നപ്പോൾ കസ്റ്റമറിന്‍റെ മുഖം ആകെ ചുവന്നു തുടുത്തു .,Anger
ഒരു സാമൂഹ്യബോധവും അന്തസ്സുമില്ലാത്തവരോട് സംസാരിക്കാന്‍ എനിക്കൊരു താല്‍പര്യവുമില്ല.,Disgust
ടൈറ്റാനിക് മുങ്ങി  മരിച്ചവരുടെ  കുടുംബങ്ങളെ കുറിച്ച് ഓർക്കുമ്പോൾ എനിക്ക് വല്ലാത്ത വിഷമം തോന്നും.,Sadness
"നാളെ മുതൽ പത്രം വായിച്ചുകൊണ്ട്  എന്‍റെ ദിവസം ആരംഭിക്കാൻ ഞാൻ  ആഗ്രഹിക്കുന്നു, ഇത്  ദിവസവും ഒരുപാട് അറിവും, പ്രചോദനവും തരും.",Happiness
"വയലുകളിൽ ഇത്തരമൊരു ഉച്ചഭക്ഷണ സജ്ജീകരണം ഞാൻ പ്രതീക്ഷിച്ചിരുന്നില്ല, വീടുകളിൽ ഉണ്ടാക്കുന്ന  രുചികരമായ  ഭക്ഷണങ്ങളുള്ള ഒരു താൽക്കാലിക പിക്നിക് ഏരിയ!",Surprise
"കർഷക തൊഴിലാളികൾ പറയാതെ ഉത്സവങ്ങൾക്ക്    പോകുകയോ, കൂടുതൽ പണം നൽകിയാൽ മറ്റ് ഭൂവുടമകൾക്ക് വേണ്ടി ജോലി ചെയ്യുകയോ ചെയ്യുന്നത് വലിയ തെറ്റാണ്.",Anger
ക്ലാസ്സിൽ എല്ലാ ദിവസവും വർക്  ലോഡ്  കൂടുന്നതിനാൽ എനിക്ക് പിടിച്ചുനിൽക്കാൻ കഴിയില്ല.,Fear
പരിപാടി ശരിയായി  സംഘടിപ്പിക്കാതിരുന്നതിന് ഇവന്‍റ്  മാനേജറോട് ഞാൻ  എന്‍റെ വെറുപ്പ് പ്രകടിപ്പിച്ചു.,Disgust
"അയാള്‍ സംസാരിക്കുന്നതിനിടയില്‍ തുമ്മികൊണ്ടിരിക്കുകയായിരുന്നു, എനിക്ക് വല്ലാത്ത അസ്വസ്ഥത തോന്നി.",Disgust
രോഗം സുഖമാക്കാതെ മണിക്കൂറിനു  പണം ഈടാക്കുന്ന കൗൺസലർമാരോട് എനിക്ക് വെറുപ്പാണ്.,Disgust
ഈ മാസം എന്‍റെ എല്ലാ മ്യൂച്വൽ ഫണ്ടുകൾക്കും ലാഭവിഹിതം ലഭിക്കുന്നതിൽ ഞാൻ നല്ല ആവേശത്തിലായിരുന്നു.,Happiness
ആർ.ടി.ഒ. ഓഫീസിലെ ഓരോ ഘട്ടത്തിലും വ്യക്തികൾക്ക് കൈക്കൂലി കൊടുത്ത് ഡ്രൈവിംഗ് ലൈസൻസ് നേടുന്നത് അരോചകമാണ്.,Disgust
"അയ്യേ, അവളെങ്ങനെ ആ വസ്ത്രമിട്ട് നടക്കുന്നു, കാണുന്ന നമുക്ക് തന്നെ നാണമാകുന്നു.",Disgust
രേഖകള്‍  വേദനാജനകമായ ഒരു സത്യം വെളിപ്പെടുത്തിയപ്പോൾ മുറിയാകെ  നിശബ്ദമായി;  പ്രതീക്ഷകളുടെ തിളക്കം കെടുത്തി.,Sadness
യു. പി. എസ്. സി. ക്ക് തയ്യാറെടുക്കാൻ ഞാൻ ഒരു വർഷം അവധിയെടുത്തെതാ എന്നിട്ടും ജയിച്ചില്ല. ഇനി ഇപ്പോ ഞാൻ എന്താ ചെയ്യണ്ടത്?,Sadness
ആ നാടക നിർമ്മാണം വളരെ അപൂർണമായിരുന്നു. ഒരു ഹൈസ്കൂൾ നാടകം പോലെ തോന്നി.,Disgust
എന്തായിത്? ഈ ഭാഗത്തെക്കുറിച്ച് എഴുത്തുകാരന്‍ പരാമർശിച്ചത് എനിക്ക് ഇഷ്ടപ്പെടുന്നില്ല.,Anger
ഓൺലൈൻ ക്രൌഡ് ഫണ്ടിംഗ് കാമ്പെയ്നുകൾക്ക് അവരുടെ ഫണ്ടിംഗ് ലക്ഷ്യങ്ങളിൽ ഇത്ര വേഗത്തിൽ എത്താൻ കഴിയുമെന്നത് ശരിക്കും അത്ഭുതമാണ്.,Surprise
കൊള്ളാലോ! നിങ്ങളെ ഒരു പുതിയ കസ്റ്റമര്‍ ആയി കിട്ടിയതില്‍ ഒത്തിരി സന്തോഷം. അക്കൗണ്ട് തുറക്കാം.,Surprise
ഹെൽത്ത് സെന്ററിൽ നിന്നുള്ള ഈ എക്സ്ട്രാ  ബെഡ് ചാർജ്ജുകള്‍ അന്യായമാണ്. ഇത് ആദ്യം എന്നോട് പറഞ്ഞിരുന്നില്ല.,Anger
ഞാനും എന്‍റെ സുഹൃത്തും മാസത്തിലൊരിക്കൽ ഒരു ലോക്കൽ ഹോട്ടലിൽ പ്രഭാതഭക്ഷണം കഴിച്ച് സമയം ചെലവഴിക്കുന്നത് എനിക്ക് ഇഷ്ടമാണ്.,Happiness
ഇന്‍കം ടാക്സ് വെട്ടിച്ച് വിദേശത്തേക്ക് ധാരാളം പണം അയക്കുന്നവരാണ് എല്ലാത്തിനും കാരണം.,Disgust
തോഡയിലെ ഗോത്രവർഗ്ഗക്കാർ ഉണ്ടാക്കുന്ന ഈ കരകൗശല വസ്തുക്കൾ കണ്ടോ? കാണുമ്പോൾ തന്നെ മനസ്സിനൊരു സുഖം ആണ്.,Happiness
എന്‍റെ സ്ഥാപനത്തിലെ എന്‍റെ പ്രവർത്തനങ്ങൾക്ക് എന്‍റെ  കൂടെയുള്ളവരിൽ നിന്നും നേതൃത്വത്തിൽ നിന്നും  ഒക്കെയെനിക്ക് അംഗീകാരം കിട്ടി.,Happiness
ജോലിസ്ഥലത്തും വീട്ടിലും എനിക്ക് കൈകാര്യം ചെയ്യേണ്ട കാര്യങ്ങള്‍ ആലോചിക്കുമ്പഴേ പേടിയാണ്.,Fear
ഇ.പി.എഫ്.ഒ. തുക പൂർണ്ണമായും പിൻവലിക്കാനുള്ള എന്‍റെ അപേക്ഷ മൂന്ന് തവണ തള്ളി.,Sadness
ഇയാളെ ഒക്കെ ആരാ സിനിമയിൽ എടുക്കുന്നത്; അഭിനയം എന്താണെന്ന് പോലും അറിയാത്തവർ.,Disgust
വീട്ടിലെ ഒരു കവർച്ച എന്നെ വല്ലാതെ പിടിച്ചുകുലുക്കിയതോണ്ട്   ഒരൊറ്റ ദിവസത്തിനുള്ളിൽത്തന്നെ ഞാൻ ഒരു സി.സി.ടി.വി. ക്യാമറ വെക്കും.,Fear
"എന്തൊരു കഷ്ടായി ! ""ആദിപുരുഷ്"" കാണാൻ ടിക്കറ്റ് വാങ്ങുന്നതിന് മുമ്പ് ഞാൻ നിങ്ങളോട് ചോദിച്ചാ മതിയായിരിന്നു എന്ന് എനിക്ക് തോന്നുന്നു.",Fear
ഞങ്ങൾ മണിക്കൂറുകൾ ചെലവഴിച്ചിട്ടും ഈ മാസം ഞങ്ങൾക്ക് പ്രോഗ്രസ്സ്ഒന്നും ഇല്ലാത്തത് എന്നെ നിരുത്സാഹപ്പെടുത്തുന്നു.,Sadness
ബസില്‍ സ്ത്രീകള്‍ക്ക് നേരെ നടക്കുന്ന അതിക്രമങ്ങള്‍ കണ്ടിട്ടും ആരും ഒന്നും മിണ്ടാതെയിരിക്കുന്നത് കാണുമ്പോള്‍ കഷ്ടം തോന്നും.,Disgust
"ഹലോ മിസ്ടര്‍, നിങ്ങള്‍ വന്ന്  എന്നെ ഇടിച്ചപ്പോ എന്‍റെ മൊബൈൽ ഫോൺ താഴെ പോയി .",Anger
പുതിയ റെസ്റ്റോറന്‍റിലെ ഷെഫ് എന്‍റെ പ്രിയപ്പെട്ട വിഭവവുമായി എന്‍റെ അടുത്ത് വന്നപ്പോഎനിക്ക് വലിയ സന്തോഷമായി,Happiness
എന്‍റെ റിട്ടയർമെന്‍റ്  സേവിംഗ്സ് കൊണ്ട് എന്‍റെ സാമ്പത്തിക ഉദ്ദേശങ്ങളെല്ലാം നിറവേറ്റാൻ സാധിക്കുമെല്ലോ.,Happiness
ലൈഫ്സ്റ്റൈലിന്‍റെ ക്ലിയറൻസിൽ എഴുപത്തിയഞ്ച്  ശതമാനം ഡിസ്കൗണ്ടോ! ഒരു പാർട്ടി ഡ്രസ്സിനൊക്കെ ഇത്രയും വലിയ ഡീൽ കിട്ടുമെന്ന് ഞാൻ വിചാരിച്ചില്ല.,Surprise
"ഇതെന്തൊരു ശല്യമാ, എ.ടി.എമ്മി.ൽ നിന്ന് പണം എടുക്കുന്നതിന് ബാങ്കുകാർ വെറുതെ പൈസ ഈടാക്കുന്നു.",Anger
കർഷക തൊഴിലാളികൾ തുറസായ  സ്ഥലത്ത് ഉച്ചഭക്ഷണം കഴിക്കുന്നത് കാണുമ്പൊ കഷ്ടം  തോന്നും . അവരുടെ ഇടവേള ആസ്വദിക്കാൻ അവർക്ക്   ഒരു ചെറിയ കെട്ടിടമെങ്കിലും വേണം.,Sadness
"സർ,ഞങ്ങളെ വിശ്വസിച്ചതിന് നന്ദി. നിങ്ങളെ വീണ്ടും സഹായിക്കാൻ ഞങ്ങൾക്ക് സന്തോഷമേയുള്ളൂ.",Happiness
ചൈനയിലെ ഈ പ്രാദേശിക വിഭവത്തിന് ഒരു രുചിയുമില്ലാ.,Disgust
കമ്പനി എന്‍റെ ലാപ്ടോപ്പ് ഇത്രവേഗം മാറ്റി തരുമെന്ന്‌  ഞാൻ ഒരിക്കലും വിചാരിച്ചില്ല!,Surprise
എ.ഐ.യ്ക്ക്  ഇപ്പോൾ ബോർഡ് ഗെയിമുകളിൽ മനുഷ്യരെ തോൽപ്പിക്കാൻ കഴിയും എന്ന് കാണുമ്പോ എന്ത് സന്തോഷാ.,Happiness
ഒരു നിസ്സാരകാര്യത്തിന്  അയൽക്കാരൻ എന്നെ അപമാനിച്ചപ്പോൾ ഞാന്‍ വല്ലാതായി.,Sadness
നിങ്ങൾ ഇന്ന് ഒന്നും കഴിച്ചിട്ടില്ലെങ്കിലും നിങ്ങളുടെ ഷുഗർ ലെവൽ നോർമലാ !,Surprise
"ഓ, മുറിയുടെ വാതിൽ ഇളകിയെന്ന് എനിക്ക് വിശ്വസിക്കാനാവുന്നില്ല! ഇതുവരെ ഒരു ഹോട്ടലിലും ഇത്തരമൊരു സംഭവം ഉണ്ടായിട്ടില്ല. ഞാൻ ഞെട്ടി!",Surprise
"ഞാൻ ഡ്രൈവർക്ക് മെസേജ്  അയച്ചു, പക്ഷേ അയാൾ  മദ്യപിച്ചിട്ടുണ്ടെന്നു തോന്നുന്നു, ഈ സമയത്ത് വേറൊരു ക്യാബും കിട്ടാനുല്ല .",Fear
സർ! ഞാൻ എന്‍റെ ടിക്കറ്റ് കാന്‍സല്‍ ചെയ്തിട്ടും പണം ഇതുവരെ എന്‍റെ അക്കൗണ്ടിലേക്ക് ക്രെഡിറ്റ്  ആയിട്ടില്ല. നിങ്ങൾ അത് അന്വേഷിക്കുന്നുണ്ടോ ഇല്ലയോ?,Anger
വല്ലാത്തൊരു ഹോം സർവീസ് അനുഭവം! ഈ സാഹചര്യം എന്നെ വെറുപ്പിച്ചു .,Disgust
അടിസ്ഥാന സേവനങ്ങൾ മാത്രം വാഗ്ദാനം ചെയ്ത് ഇവന്‍റിനെ സവിശേഷമാക്കുന്ന സ്പെഷല്‍ സര്‍വീസുകള്‍ ഒന്നും ചെയ്യാത്ത ഇവന്‍റ് മാനേജർമാരേ കാണാനേ എനിക്ക് ഇഷ്ടമല്ല.,Disgust
"റൈഡുകൾ  ഷെയർ ചെയുന്നത്  എനിക്ക് ഇഷ്ടല്ല, എന്താച്ചാ  എന്‍റെ അടുത്ത് ഇരിക്കുന്ന ഏതെങ്കിലും അപരിചിതന്‍റെ ശ്വാസം എനിക്ക് സഹിക്കാൻ കഴിയില്ല.",Disgust
"എനിക്ക് ഉയരം പേടിയാണ്, കാര്യം വീഴാനുള്ള സാധ്യത കൂടുതലാണേ.",Fear
"എനിക്ക് ഒരിക്കലും എന്‍റെ മകന്‍റെ സംഗീതപരിപാടികൾ കാണാൻ പോയിരുന്നില്ല , അതുകൊണ്ട്  ഞാൻ കൃത്യസമയത്ത് എത്തി മുഴുവൻ പരിപാടിയും കണ്ടപ്പോൾ അവൻ  അമ്പരന്നു.",Surprise
എന്‍റെ ഭാര്യ വെണ്ണ പോലെ സോഫ്റ്റ് ആയ  അപ്പം ഉണ്ടാക്കിയപ്പോൾ എനിക്ക് വലിയ സന്തോഷമായി .,Happiness
ഈ രാഷ്ട്രീയക്കാര്‍ താല്‍കാലികനേട്ടത്തിന് വേണ്ടി ഇങ്ങനെ നട്ടാല്‍ മുളയ്ക്കാത്ത നുണ പറയുന്നത് കഷ്ടം തന്നെയാണ്.,Disgust
"വീട്ടിൽ ഒരു സി. സി. ടി. വി. ക്യാമറ വെക്കാത്തതിലൂടെ  ഞാൻ ഒരു തെറ്റ് ചെയ്തുവെന്ന് ഞാൻ സമ്മതിക്കുന്നു, അതുകൊണ്ടാ ഞാൻ ഇപ്പോൾ ഈ അനുഭവിക്കുന്നെ .",Sadness
ജോലിയുള്ള ഒരു  ദിവസം പ്രൊഫഷണൽ കോളുകളൊന്നും ഇല്ലാത്തപ്പോൾ എനിക്ക് വല്ലാത്ത ആശ്വാസം തോന്നി .,Happiness
എന്താപ്പാ ഇത്? പാവപ്പെട്ടവർക്ക് ഉപയോഗപ്പെടുത്താൻ പറ്റുന്ന നല്ലൊരു ആശുപത്രി പോലും ഇവിടെ ഇല്ല.,Anger
"അതെ, ഷെഫ്,  ഇന്നത്തെ ഭക്ഷണം എനിക്ക് ഇഷ്ടപ്പെട്ടു ട്ടോ . അത് വളരെ ഫ്രഷും രുചിയുള്ളതും ആയിരുന്നു.",Happiness
മൊബൈൽ ഫോണിലെ പുതിയ സൈബർ സുരക്ഷാ ലംഘനം ലക്ഷക്കണക്കിന് ഉപയോക്താക്കളെ ബാധിച്ചത്രേ!,Fear
കാട്ടിൽ പോയ സമയത്ത്  ഭീകരമായ ഒരു അലർച്ച  കേട്ടപ്പോൾ ഞാൻ  പേടിച്ചു  വിറച്ചുപോയി .,Fear
ഞാൻ വിവാഹം കഴിക്കാൻ പോകുന്ന പെൺകുട്ടിയെ കണ്ടുമുട്ടിയതിന് ശേഷം ഞാൻ വളരെ ഹാപ്പിയായി .,Happiness
"സിറ്റി ബസുകളിൽ സംഘർഷം സൃഷ്ടിക്കുന്നതിനും, പൊതുജനങ്ങളെ ശല്യപ്പെടുത്തുന്നതിനുമുള്ള ഒരു എസ്ക്യൂസാ ഈ ബസ് ദിനം.",Disgust
ഈ ട്രാൻസ്ഫർ  ഞാൻ അപ്പ്രൂവ്‌ ചെയ്തിട്ടില്ല. എന്‍റെ ബാങ്ക് അക്കൗണ്ട് അപഹരിക്കപ്പെട്ടോ എന്തോ!,Fear
"ഇവിടെ പകുതി വിലയ്ക്ക് പുസ്തകങ്ങൾ വില്ക്കു‍ന്നുണ്ടെന്നു പറഞ്ഞു. ഇപ്പോൾ എന്‍റെ കൈയിൽ  പൈസ കുറവാണ്, ഞാൻ  എങ്ങനെ ഈ പുസ്തകം വാങ്ങും ?",Sadness
ഞാൻ ബേക്കറിൽ നിന്ന് ഓർഡർ ചെയ്ത കേക്ക് ബന്ദ് കാരണം കൃത്യസമയത്ത് വരില്ലെന്ന് ഞാൻ ശരിക്കും ആശങ്കപ്പെട്ടു.,Fear
ഈ കേസിൽ തോറ്റാൽ ഞാൻ തകർന്നു പോകും.,Fear
മറ്റു കടക്കാരുമായി നോക്കുമ്പോൾ നിങ്ങളുടെ വിലയൊക്കെ ലോകത്തെങ്ങും ഇല്ലാത്ത പോലെയാണെല്ലോ.,Anger
എന്‍റെ എ.സി.ടി. കണക്ഷനിൽ എനിക്ക് ധാരാളം പ്രശ്‌നങ്ങളുണ്ടെന്ന് നിനക്ക് അറിയാമായിരുന്നിട്ടും നീ  എ.സി .ടി .ബ്രോഡ്‌ബാൻഡ് ഉപയോഗിക്കുന്നത് എന്താണെന്നു എനിക്ക് മനസ്സിലാക്കാൻ കഴിയുന്നില്ല.,Surprise
"ഒരു കസ്റ്റമറിന്‍റെ പ്രശ്നത്തിന് എനിക്ക് ഒരു പരിഹാരം കണ്ടെത്താൻ പറ്റുന്നില്ലേൽ, അവർ അത് മുന്നോട്ട് കൊണ്ടുപോകുവാണേൽ ഞാൻ എന്തുചെയ്യുമോ ആവോ?",Fear
"ഈ കുറഞ്ഞ വില നോക്കിയാല്‍, പച്ചക്കറികളെക്കുറിച്ച് ആലോചിച്ച് എനിക്ക് ഉത്ക്കണ്ഠയുണ്ട്, അവ കീടനാശിനി  പ്രയോഗിക്കാത്തതായിരിക്കുമോ എന്തോ.",Fear
"പൊട്ടിയ ഷവർ ഉള്ള ഒരു മുറി അവർ എനിക്ക് തന്നു, ഞാൻ ദേഷ്യത്തോടെ പരാതി പറഞ്ഞിട്ടും അത് മാറ്റിയില്ല.",Anger
വൈകുന്നേരം ഞാൻ ന്യൂയോർക്കിലൂടെ നടന്നപ്പോ നല്ല സുഖം തോന്നി. സിറ്റിയുടെ ഊർജ്ജം സൂപ്പറാണ് .,Happiness
ഈ മെഡിക്കൽ ഫെസിലിറ്റി  എന്‍റെ കേസ് കൈകാര്യം ചെയ്ത രീതിയിൽ എനിക്ക് വല്ലാത്ത  വെറുപ്പ് തോന്നുന്നു. നേരാവണ്ണം കാര്യങ്ങൾ പറയാത്തതും  എന്‍റെ ആരോഗ്യപ്രശ്നങ്ങളോടുള്ള അവഗണനയും അംഗീകരിക്കാൻ പറ്റുന്നതല്ല .,Disgust
കൊറിയർ കമ്പനി നഷ്‌ടപ്പെടുത്തിയ പാക്കേജിന് പെട്ടെന്ന് നഷ്ടപരിഹാരം ലഭിച്ചപ്പോ  ഞാൻ ഞെട്ടിപ്പോയി .,Surprise
ഒരു കാട്ടുപ്രദേശത്ത് വെച്ച് സിഗ്നൽ പോയപ്പോൾ എൻ്റെ നെഞ്ചൊന്ന് കാളി. വഴിതെറ്റി പോകുമോ എന്ന ആശങ്കയിലായിരുന്നു ഞാൻ.,Fear
ഇത്തവണ എനിക്ക് ട്രിപ്പിന് വരാൻ പറ്റില്ല. ഞായറാഴ്ച  ആവുമ്പഴേക്കും എനിക്ക് ഒരു അസൈൻമെന്‍റ്  സബ്മിറ്റ് ചെയ്യണം.,Sadness
"ഒരു രോഗിയെന്ന നിലയിൽ, ഹെൽത്ത് സെന്ററിൽ  താമസിക്കുമ്പോൾ കൂടുതൽ സഹായവും,  മെച്ചപ്പെട്ട സൗകര്യങ്ങളും ഞാൻ പ്രതീക്ഷിച്ചിരുന്നു, അവിടത്തെ പരിമിതികൾ കാണുമ്പോ  കഷ്ടം തോന്നും.",Sadness
"ഈ ശനിയാഴ്ച ബാങ്ക് ഓപ്പൺ ആയിരിക്കുമെന്ന്  ഞാൻ പ്രതീക്ഷിച്ചിരുന്നില്ല, ജീവനക്കാർ ജോലി ചെയ്യുന്നത് കണ്ടപ്പോ  ഞാൻ അത്ഭുതപ്പെട്ടു.",Surprise
ജി.എസ്.എൽ. വി. റോക്കറ്റിന്‍റെ വിക്ഷേപണം ലോഞ്ച്പാഡിൽ നിന്ന് ആകാശത്തേക്ക് ഉയർന്ന് പൊട്ടിത്തെറിക്കുന്നത് വരെ കണ്ടപ്പോൾ ഞാൻ സ്തംഭിച്ചു നിന്നുപോയി  .,Surprise
"ഞങ്ങളുടെ എതിരാളികൾ കൂടുതൽ ആകർഷകമായ പ്രമോഷനുകളും, ഡിസ്‌കൗണ്ടുകളും കൊടുക്കുമോ എന്തോ!",Fear
വിമാനം കുലുങ്ങിയപ്പോൾ ഞാനാകെ വിയർക്കാൻ തുടങ്ങി.,Fear
"നിങ്ങളുടെ പെരുമാറ്റം കാരണം ഞാൻ ആകെ അസ്വസ്ഥനാണ്, നിങ്ങളെ എനിക്കു കാണണ്ട.",Anger
"""സ്ലീപ്‌ലെസ്സ് ഇൻ സിയാറ്റിൽ"" എന്ന ചിത്രത്തിലെ ടോം ഹാങ്കിന്‍റെ അഭിനയം കലക്കി.",Happiness
മാർക്കറ്റിലൂടെ പോയപ്പോൾ എനിക്ക് അവിടെയൊക്കെ നിന്ന് ഷോപ്പിങ് ചെയ്യണമെന്ന് ആഗ്രഹമുണ്ടായിരുന്നു. പക്ഷേ ആ ഗൈഡ് എന്തൊരു ധിറുതിയാ കാണിച്ചേ. എനിക്ക് ഭയങ്കര മുഷിപ്പ് തോന്നി.,Anger
എല്ലാ ദിവസവും നമുക്ക് കിട്ടുന്ന ഹോം വർക്കിന്‍റെ അളവ് വെറുപ്പിക്കുന്നതാണ്  .,Disgust
"മരപ്പണിക്കാരൻ ആദ്യം തീരുമാനിച്ചതിനേക്കാൾ നീളമുള്ള ഒരു അലമാര നൽകിയപ്പോൾ ഞാൻ ഒന്നും മിണ്ടിയില്ല , പക്ഷേ എന്നോട് പറഞ്ഞ തുക ഈടാക്കുകയും ചെയ്തു.",Surprise
നമ്മള്‍ ചർച്ച ചെയ്ത സംഭാവനകളെക്കുറിച്ചുള്ള  കരാറിൽ നിന്ന് നിങ്ങൾ പിന്മാറുകയാണെന്ന് എനിക്ക് വിശ്വസിക്കാൻ പറ്റുന്നില്ല.,Anger
രണ്ടാഴ്ചയ്ക്കുള്ളിൽ എനിക്ക് വീണ്ടും നടക്കാൻ പറ്റോ ?,Surprise
നന്നാക്കണമെങ്കിൽ എന്‍റെ കാറിലെ ചെറിയ ചളുക്കം പൊളിക്കേണ്ടി വരുമോ?,Fear
പല  ഡീലുകൾ  നേടിയിട്ടും തുടർച്ചയായി അഞ്ച് വർഷം പ്രമോഷൻ  കിട്ടാത്തതിൽ  എനിക്ക് ആകെ ഒരു താൽപര്യക്കുറവ് തോന്നി.,Sadness
"ആ മാളിന്റെ മുന്നിലെ വെള്ളക്കെട്ട് കാണുമ്പോള്‍ അവിടെ പോകാനേ തോന്നില്ല, എന്തൊരു നാറ്റമാണ് അവിടെ.",Disgust
ഞാൻ മടങ്ങിയെത്തുമ്പോൾ കാർ ഇങ്ങനെ തന്നെ ഉണ്ടാവുമോന്ന് അറിയില്ല.,Fear
നമ്മൾ എത്ര കഷ്ടപ്പെട്ട് ചെയ്ത പ്രൊപ്പോസൽ ആയിരുന്നു; നിസ്സാര കാരണങ്ങളും പറഞ്ഞല്ലേ തള്ളിയത്.,Sadness
ഈ സിനിമ കാണുമ്പോ എനിക്ക് ഭയങ്കര സന്തോഷാ. ഈ സിനിമയിൽ എന്‍റെ ഏറ്റവും ഇഷ്ടപ്പെട്ട ആക്ടേഴ്‌സ് ഉണ്ട്.,Happiness
പ്രപഞ്ചത്തിന്‍റെ ആരംഭം സങ്കൽപ്പിക്കുന്നതിന് ഏറ്റവും ദൂരെയുള്ള ഗാലക്സികളുടെ ചിത്രങ്ങൾ നോക്കുന്നതിൽ എനിക്ക് വലിയ സന്തോഷം തോന്നുന്നു.,Happiness
ജോലിസ്ഥലത്ത്  നല്ല കസ്റ്റമർ സർവീസിന് ഒരു ബോണസ് ലഭിച്ചപ്പോ എനിക്ക് വല്ലാത്ത സന്തോഷം തോന്നി.,Happiness
ഒരു ചെറിയ അപകടം കാരണം യാത്ര ചെയ്യാൻ പറ്റാത്തതിനാൽ എനിക്ക് എന്‍റെ ടിക്കറ്റ് നാളത്തേക്ക് മാറ്റിവയ്ക്കണം. ദയവായി എന്നെ സഹായിക്കൂ സർ.,Sadness
പുരാതന കൈലാസ ക്ഷേത്ര സമുച്ചയത്തിന്‍റെ വലിപ്പം കണ്ട് ഞാൻ ഞെട്ടി.,Surprise
പ്രോജെക്ടിനെ  ബാധിക്കുന്ന പല ഘടകങ്ങളും നമ്മുടെ നിയന്ത്രണത്തിന് അതീതമാകുന്നുണ്ട്.,Anger
"ഇന്ന് ഒരുകുട്ടി എ.ടി.എം.ൽ നിന്ന് പണം എടുക്കാൻ  എന്നെ സഹായിച്ചു, അവന് വേണ്ടി  ചോക്ലേറ്റ് വാങ്ങാൻ അവൻ എന്നെ സമ്മതിച്ചില്ല. അത്രയ്ക്ക് നല്ല ഒരു കുട്ടിയാ അവൻ.",Happiness
അവിടുത്തെ വിഭവങ്ങൾക്ക് ശരിക്കുമുള്ള പഞ്ചാബി രുചി കിട്ടും എന്നായിരുന്നു ഞങ്ങൾ വിചാരിച്ചത്.,Sadness
"സഹോദരാ, ദയവായി ബില്ലിങ്  ഒന്ന് വേഗം ചെയ്തു തീര്‍ക്കൂ! ഞാൻ  പത്ത് മിനിറ്റായി  ലൈനിൽ വെയിറ്റ് ചെയ്യാൻ തുടങ്ങിയിട്ട്.",Anger
"ഹേയ്, കഴുതേ. നിങ്ങൾ റോഡിന്‍റെ റോങ്  സൈഡിലൂടെയാ ഓടിക്കുന്നെ.",Anger
ഇന്നും കഴിച്ചില്ലെങ്കിൽ അവൻ പട്ടിണി കിടന്ന് മരിക്കുമോന്നാ എന്‍റെ പേടി.,Fear
"ഞാൻ നിലത്തുവീണ പിസയിൽ അറിയാതെ ചവിട്ടിപ്പോയി; ശേ, ഇനിയിപ്പോ എന്ത് ചെയ്യും?",Sadness
ചില കഥാപാത്രങ്ങളെയും പ്രമേയങ്ങളെയും സിനിമ ചിത്രീകരിച്ച രീതി ഒട്ടും നന്നായില്ല. അത് ശെരിയ്ക്കും നിർവികാരമായിരുന്നു .,Disgust
ലോകകപ്പ് സമയമാകുമ്പോഴേക്കും  എന്‍റെ കേടായ ടിവി ശരിയാക്കാൻ കടക്കാർക്ക്  കഴിയുമോ എന്നു എനിക്ക് ആശങ്ക തോന്നുന്നു .,Fear
ഈ മ്യൂസിക് കേൾക്കുമ്പോൾ എനിക്ക് എന്തൊരു രസാ. അത് എപ്പഴും  എന്നെ നല്ല മൂഡിലാക്കും .,Happiness
ഒരു സ്പെഷ്യൽ ഫംഗ്ഷന് വേണ്ടി  ഞാൻ ഓൺലൈനിൽ ഓർഡർ ചെയ്ത ചെരിപ്പ് എനിക്ക് പാകല്ലാതെ വന്നപ്പോ എനിക്ക് നിരാശയായി .,Sadness
ത്യാഗരാജ കൃതി സ്റ്റേജിൽ അവതരിപ്പിക്കുമ്പോൾ ഗായകൻ സംഗീതജ്ഞരുമായി വളരെ  നന്നായി കമ്പയിൻ ചെയ്തു.,Happiness
ജാപ്പനീസ് പയ്യന് റോഡ് ക്രോസ് ചെയ്യാൻ നിർത്തിക്കൊടുത്തപ്പോള്‍ അവന്‍ എന്നെ വണങ്ങിയത് കണ്ട്  ഞാൻ അന്തം വിട്ടുപോയി.,Surprise
എന്‍റെ ഒരു ക്ലാസ്സ്മേറ്റ് എന്‍റെ കൈയിൽ  നിന്ന് പൈസ  കടം വാങ്ങി തിരിച്ച്  തരാതെ മുങ്ങി.,Anger
"അടിസ്ഥാന സേവനത്തിന് ന്യായമായ പൈസ ഞാൻ പ്രതീക്ഷിച്ചിരുന്നു, എന്നാൽ ഇത് കൊള്ളയാണ്! നിങ്ങളെന്താ എന്നെ കളിയാക്കുകയാണോ?",Anger
കാണാൻ ഒരുപാട്  കാഴ്ചകൾ ഉള്ള എന്നാൽ  കൂടുതൽ റേറ്റ് ഒന്നുമില്ലാത്ത ഒരു നല്ല  ഹോട്ടൽ ഞാൻ കണ്ടുപിടിച്ചു.,Happiness
ഒരുകാലത്ത് മനോഹരമായിരുന്ന ആ പഴയ പൊളിഞ്ഞുവീഴാറായ മാളികയിലേക്ക് നോക്കുമ്പോൾ മനസ്സിൽ വല്ലാത്തൊരു ഭാരം അനുഭവപ്പെടുന്നു.,Sadness
ഒരുപാട് കാലമായി നടക്കുന്ന വിയറ്റ്നാമിലെ വിളവെടുപ്പുത്സവം ഭയങ്കര രസമാണ്; ഞാൻ വേറെങ്ങും ഇന്നേവരെ അങ്ങനെ ഒരു ഉത്സവം കണ്ടിട്ടില്ല.,Surprise
കഴിഞ്ഞ ദിവസം ഒരു അപകടത്തിൽ രണ്ട്  ജീവനക്കാർ  മരിച്ചതു കൊണ്ട് ഓഫീസിലെ അന്തരീക്ഷം ആകെ ശോകമൂകമായിരുന്നു.,Sadness
സിനിമ കണ്ടശേഷം രാത്രിയിൽ ഉറങ്ങുമ്പോ എനിക്ക് വല്ലാണ്ടെ  ഭയവും പരിഭ്രാന്തിയും തോന്നാ.,Fear
ഒരു  റിസർച്ചും  നടത്താതെ നിങ്ങൾ നിങ്ങളുടെ പണം കമ്പനിയിൽ നിക്ഷേപിച്ചതിൽ എനിക്ക് അത്ഭുതം തോന്നുന്നു.,Surprise
വെറും രണ്ട്  മിനിറ്റ് കൺസൾട്ടേഷന് നിങ്ങൾ ഇത്രയധികം പൈസ  ഈടാക്കാൻ പാടില്ല !,Anger
ഇന്ത്യയിലെ സംവരണത്തെക്കുറിച്ച് ആരെങ്കിലും സംസാരിക്കുമ്പോഴെല്ലാം എനിക്ക് ദേഷ്യം തോന്നും .,Anger
"വിൽക്കാൻ  വേണ്ടി നിങ്ങൾ നിരന്തരം ഫോളോ അപ്പ് ചെയ്യുന്നുണ്ടല്ലോ, സർവീസിനെക്കുറിച്ച് പറയുമ്പോൾ, ഞങ്ങളുടെ പ്രശ്നങ്ങൾ സൗകര്യപ്രദമായി അവഗണിക്കുന്ന നിങ്ങളുടെ മനോഭാവം തീരെ ശരിയല്ല .",Disgust
ഈ മുറിയിൽ ഒരു എലി ചത്തതുപോലെ നാറ്റം വരുന്നു.,Disgust
കഴിഞ്ഞ വർഷം സൈബർ സുരക്ഷാലംഘനം ബാധിച്ച് എന്‍റെ ഫാമിലി ഫോട്ടോസിൽ ഭൂരിഭാഗവും നഷ്ടപ്പെട്ടപ്പോൾ എനിക്ക് നിരാശയായി.,Sadness
ഹേയ്! ബാംഗ്ലൂരിൽ നിന്ന് ചെന്നൈയിലേക്കുള്ള ബസ് ടിക്കറ്റ് ഇരുപത് ശതമാനം ഓഫറില്‍ കിട്ടി.,Happiness
ഞങ്ങളുടെ കോഡിന്‍റെ ഡെലിവറി വൈകുമെന്ന് ക്ലയൻ്റിനെ അറിയിക്കാതിരുന്നത് തെറ്റായിപ്പോയി.,Sadness
അത് കേൾക്കാൻ നല്ല രസമാണ്! സുഖമുള്ള ഒരു സോഫയും സ്റ്റഡി ഡൈനിംഗ് ടേബിളും എനിക്ക് പ്രത്യേക താൽപ്പര്യമുള്ള വിഷയമാണ്‌.,Happiness
എനിക്ക് പണച്ചെലവ് വരുന്ന ഒരു പ്രധാന മീറ്റിങ്  ഞാന്‍ മിസ് ചെയ്യാൻ പോവാണെന്ന് നിങ്ങൾക്കറിയാമോ? ഇത് അംഗീകരിക്കാൻ പറ്റില്ല .,Anger
ആ കസ്റ്റമർ ഒറ്റ ദിവസം കടയിൽ വന്നപ്പോഴേക്കും കുടുംബക്കാർക്കൊക്കെ ഞങ്ങളെ റെഫർ ചെയ്തുകൊടുത്തു; കസ്റ്റമേഴ്‌സ് ആയാൽ ഇങ്ങനെ വേണം.,Happiness
ഊർജ്ജ കാര്യക്ഷമതയുള്ള ഉപകരണങ്ങൾ സ്ഥാപിച്ചതിന് ടാക്സ് ക്രെഡിറ്റ് ലഭിച്ചപ്പോൾ എനിക്ക് വലിയ സന്തോഷമായി.,Happiness
സ്വന്തം ടീമിന് പണി വരുമ്പോൾ ഓരോ കാരണങ്ങൾ പറഞ്ഞ് ഒഴിഞ്ഞുമാറുന്ന നിൻ്റെ ഈ സ്വഭാവം ഇന്നത്തോടെ അവസാനിപ്പിച്ചേക്കണം.,Anger
എന്‍റെ പ്രശ്നത്തെക്കുറിച്ചുള്ള നിങ്ങളുടെ ഗൗരവമില്ലായ്മ കാണുമ്പോ  ഞാൻ നിന്നെ വിശ്വസിക്കാൻ പാടില്ലായിരുന്നുവെന്ന് എനിക്ക് തോന്നുന്നു.,Disgust
ഞാൻ പോസിറ്റീവ് എനർജി കൊണ്ട് നിറഞ്ഞിരിക്കുകയാണ്.,Happiness
നഗരത്തിനടുത്തുള്ള എനിക്ക് പ്രിയപ്പെട്ട എത്ര പുസ്തകശാലകളാണ് അടച്ച് പൂട്ടിയത്.,Sadness
ഫ്രീസറിനുള്ളിൽ വളരെയധികം ഐസ് കുമിഞ്ഞുകൂടുന്നതും ഫ്രിഡ്ജിന് ചുറ്റും വെള്ളം നിറയുന്നതും  കാണുന്നത് എന്നെ അസ്വസ്ഥനാക്കുന്നു; അത് സേഫ് ആണോ  എന്ന് എനിക്ക് ഉറപ്പില്ല.,Fear
"ഹലോ, എന്‍റെ ഷർട്ടിന്‍റെ സൈസ് കിട്ടാതെ വേറെ സ്ഥലങ്ങളിലേക്കു മൂന്ന് തവണ പോയതാ.",Anger
സൈക്കിൾ കടയിൽ എനിക്കിഷ്ടപ്പെട്ട ബൈക്കുകളുടെ വില നോക്കുമ്പോ എന്‍റെ ഹൃദയം പിടഞ്ഞു. ഡിസ്കൌണ്ട് ഒന്നുമില്ലതാനും.,Sadness
ഞാൻ നിക്ഷേപിച്ച കമ്പനി ഒരു തട്ടിപ്പാണെന്ന് എനിക്ക് വിശ്വസിക്കാൻ കഴിയുന്നില്ല. അവർക്ക് എങ്ങനെ അവരുടെ ഓഹരി ഉടമകളോട് ഇങ്ങനെ ചെയ്യാൻ കഴിഞ്ഞു ?,Anger
അപകടങ്ങളൊന്നുമില്ലാതെ പല ദിശയിലേക്കും ലക്കില്ലാതെ വണ്ടിയോടുമ്പോള്‍ അത് എപ്പോഴും വിദേശികളെ അത്ഭുതപ്പെടുത്തുന്നു.,Surprise
സ്‌കൂൾ കഴിഞ്ഞ് ഞാൻ ആഗ്രഹിക്കുന്ന യൂണിവേഴ്സിറ്റിയിൽ ചേരാൻ  പറ്റില്ലെന്ന് എനിക്ക് ആശങ്കയുണ്ട്.,Fear
നഗരത്തിൽ കലാപമുണ്ടാക്കുന്ന ആൾകൂട്ടത്തിന്‍റെ ശബ്ദം അടുക്കുംതോറും എന്‍റെ കൈകളെല്ലാം വിറയ്ക്കാൻ തുടങ്ങി.,Fear
ഇന്ത്യൻ ഫുട്ബോൾ ടീം തുടർച്ചയായി മൂന്ന്  ട്രോഫികൾ നേടിയതിൽ ഞാൻ വളരെ  ആവേശത്തിലാണ്.,Happiness
എന്‍റെ കുട്ടിയുടെ അക്കൗണ്ട് സെറ്റ് ചെയ്യുന്നതിൽ എനിക്ക് നല്ല പരിഭ്രാന്തി ഉണ്ടായിരുന്നു .,Fear
രണ്ട് ദിവസത്തിനുള്ളിൽ സ്റ്റോർ തുറക്കുന്നതിന് മുമ്പ് ചെയ്തു തീര്‍ക്കാന്‍ എത്ര ജോലികളാ കിടക്കണേന്നറിയുമോ.,Fear
ബൗളിംഗ് അല്ലിയിൽ തുടർച്ചയായി മൂന്ന് സ്ട്രൈക്കുകൾ ലഭിച്ചപ്പോൾ ഞാൻ തുള്ളിച്ചാടി.,Happiness
തായ്‌ലാൻഡിലെ ഗുഹയിൽ നിന്ന് പതിമൂന്ന്  ഫുട്ബോൾ കാളിക്കാരെ രക്ഷിച്ചു എന്ന് കേട്ടപ്പോൾ ഞാൻ ആവേശഭരിതനായി.,Happiness
"കറന്‍റ്  പോയപ്പോ, വീട്ടിലാകെ എന്തൊക്കെയോ വിചിത്ര ശബ്ദങ്ങൾ. ഒറ്റയ്ക്കായോണ്ട് ഞാന്‍ ആകെ പേടിച്ച് വിറച്ചുപോയി .",Fear
നമ്മുടെ കടയിലെ കസ്റ്റമർ സർവീസൊന്നും തീരെ പോരാ.,Sadness
മ്യൂച്വൽ ഫണ്ടുകളുടെ പേരിൽ നിങ്ങൾ ഓഹരി വിപണിയിൽ നിങ്ങളുടെ പണം അപകടത്തിലാക്കുമെന്ന് ഞാൻ കരുതിയിരുന്നില്ല.,Surprise
"ഒരു ഡ്രൈവറെ വിളിക്കാമെന്ന തീരുമാനം എനിക്ക് ഇഷ്ടപ്പെട്ടു, അതുകൊണ്ട് എനിക്ക് ലോങ് ഡ്രൈവിൽ വിശ്രമിക്കാലോ.",Happiness
പരാജയപ്പെട്ട കോർപ്പറേഷനുകളെ പൊതുപണം ഉപയോഗിച്ച് സർക്കാർ രക്ഷപ്പെടുത്തേണ്ട കാര്യമെന്താ?,Anger
"വൗ , ഞങ്ങൾ നട്ട ഈ വിത്തുകൾ എത്ര വേഗാ മുളച്ചത്. അവർക്ക് ലോകത്ത് വരാന്‍ ഇത്ര ധൃതിയാണോ!",Surprise
"എന്‍റെ ലാപ്‌ടോപ്പ് ക്രാഷായതിനാൽ, ഡാറ്റ റീസ്റ്റോർ ചെയ്യാൻ  എനിക്ക് ബാക്കപ്പ് ഇല്ലാത്തതുകൊണ്ട് എനിക്ക് വിഷമം തോന്നുന്നു.",Sadness
വര്‍ഷം ഇത്രയുമായി. എന്നിട്ടും നിങ്ങളോടു തുറന്നുപറഞ്ഞാല്‍ നിങ്ങൾ തെറ്റിദ്ധരിക്കുന്നത് കഷ്ടമാണ്.,Sadness
"നമ്മൾ  വസ്ത്രങ്ങൾ കൃത്യസമയത്ത് എത്തിക്കുന്നു, കച്ചവടം കൂടുന്നു, സൂപ്പറല്ലേ!",Happiness
ഞങ്ങളുടെ തലമുറയെ മനസ്സിലാക്കാത്ത അച്ഛന്മാരിൽ ഒരാളാണ് നിങ്ങൾ.,Disgust
എന്‍റെ സ്റ്റോർ നടത്തുന്ന സ്ഥലത്തിന്‍റെ കെട്ടിട ഉടമ  വാടക  മൂന്നിരട്ടി കൂട്ടിയപ്പോൾ ഞാന്‍ പല്ലിറുമ്മി.,Anger
എന്‍റെ ഭർത്താവ് ഇന്ന് കുടിച്ചിട്ട് വീട്ടിൽ വന്നു . അങ്ങേര് എന്നെ അടിക്കുമെന്നാ തോന്നുന്നേ.,Fear
"നിങ്ങൾക്കീ വിഷയത്തെപ്പറ്റി ഒന്നും അറിയില്ല, പാനൽ ചർച്ചയിലെ പാനലിസ്റ്റ് മറ്റെ പാനലിസ്റ്റിനോട്  ഉറക്കെ പറഞ്ഞു. ""നിങ്ങൾ പറയുന്നതില്‍ എന്തെങ്കിലും അർത്ഥണ്ടോ""",Anger
യൂസ്ഡ് ബുക്കുകള്‍ വിൽക്കുന്നതിനെ പറ്റി കടയുടമയോട് എങ്ങനെ ചോദിക്കുമെന്നാ.,Fear
ഈ സോപ്പുപോടി ഉടുപ്പുകളൊക്കെ നന്നായി വെളുപ്പിക്കുമെന്ന് കാണിച്ച നിങ്ങളുടെ തെറ്റായ പരസ്യവും തെറ്റായ അവകാശവാദങ്ങളൊക്കെ കണ്ടിട്ട് എനിക്ക് സഹിക്കുന്നില്ല.,Anger
ക്രിക്കറ്റ് മത്സരത്തിൽ ഇഷ്ടപ്പെട്ട ടീം പരാജയപ്പെട്ടതിന് നീയെന്തിനാപ്പാ ടിവി പൊട്ടിച്ചേ?,Anger
"കൊള്ളാം, എന്‍റെ ഓഹരികൾ നല്ലോണം കേറുന്നുണ്ട്! ഇത് എന്‍റെ പോർട്ട്ഫോളിയോയെ സംബന്ധിച്ചിടത്തോളം വലിയ വാർത്തയാ.",Happiness
ശൈത്യകാലത്ത് ലണ്ടനിലെ കാലാവസ്ഥ വളരെ മോശമാണെന്നു എനിക്ക് മനസിലായി .,Sadness
ഇലക്ട്രിസിറ്റി ബോർഡ് ജീവനക്കാർ നിലത്തു നിന്ന് അമ്പത്  അടി ഉയരത്തിലാ ഒരു പ്ലാറ്റ്ഫോമിലേക്ക് നടക്കുന്നെ.,Fear
എന്‍റെ അപേക്ഷകൾ നിരന്തരമായി  തള്ളുന്നത് എത്ര കഷ്ടമാണ്!,Sadness
പാൽ കേടുവന്നതുകൊണ്ട് എനിക്ക് ചായ കുടിക്കാൻ പറ്റിയില്ല.,Sadness
"വൈൻ സെല്ലാറുള്ള ഒരു വീട് കണ്ടെത്തുമെന്ന് ഞാൻ വിചാരിച്ചിരുന്നില്ല, അത് വളരെ  പ്രേത്യേകതയുള്ള   ആവേശകരമായ ഒരു സംഗതിയാണ്.",Surprise
എൻ്റെ പ്രിയപ്പെട്ട എഴുത്തുകാരന്‍റെ പുസ്തകങ്ങൾ എനിക്ക് സമ്മാനിച്ചുകൊണ്ട് നിങ്ങൾ എന്നെ അമ്പരപ്പിച്ചു  !,Surprise
"അയ്യോ, ആ മാന്ത്രികൻ ഒരാളെ വെട്ടിനുറുക്കിയെല്ലോ!",Surprise
ഫുട്ബോൾ മത്സരത്തിൽ എതിരാളികൾക്ക് മുന്നിൽ നിങ്ങൾ ഇത്രയും തരംതാഴ്ത്തുമെന്ന് എനിക്ക് വിശ്വസിക്കാൻ പറ്റുന്നില്ല.,Anger
അടുത്ത് നിരവധി മനോഹരമായ പാർക്കുകളുള്ള ഒരു  ഒരു വാടക വീട് കണ്ടെത്തിയപ്പോൾ ഞാൻ അത്ഭുതപ്പെട്ടു.,Surprise
"വീട്ടിൽ സി.സി.ടി.വി. ക്യാമറ വയ്ക്കില്ല ,ഞങ്ങളോട് കള്ളം പറയാ   പിന്നെ കൊള്ളയടിക്കപ്പെടുക, നിങ്ങളെപ്പോലുള്ളവരെയൊക്കെ  എന്താ ചെയ്യാ?",Disgust
വില കൂടിയാല്‍ അത് നമ്മുടെ വില്‍പ്പനയെ ബാധിക്കും.,Fear
റോമിലെ ഭക്ഷണശാലകളെപ്പറ്റി ഗൈഡ്ബുക്കിന്‍റെ റെക്കമെൻഡേഷനുകൾ   തീരെ മോശമാണ്.,Sadness
നേരേ ഡ്രൈവ് ചെയ്യാൻ പറ്റാത്ത വിധം  നിർമ്മാണ സാമഗ്രികൾ ആളുകൾ റോഡിൽ ഉപേക്ഷിക്കുന്നത് കണ്ടപ്പോ  എനിക്ക് അരോചകമായി തോന്നി .,Disgust
ഞാൻ വാങ്ങിയ ഭക്ഷണം ഭിക്ഷക്കാരന് എങ്ങനെ ചവറ്റുകുട്ടയില്‍ എറിയാന്‍ കഴിഞ്ഞു ?,Anger
എല്ലാം ആകെ അലങ്കോലമായി കിടക്കുന്ന  ഒരു മുറിയിൽ നീ  എങ്ങനെ താമസിക്കുന്നു?,Disgust
നിങ്ങളുടെ കരിയറിനെ കുറിച്ചും വ്യക്തിജീവിതത്തെ കുറിച്ചും എന്തെങ്കിലും തെറ്റായി പറയുകയോ ചോദിക്കുകയോ ചെയ്യുമോന്നാ ഒരു ശങ്ക.,Fear
ഒരു നോട്ടുപോലും ഇല്ലാതെ എല്ലാ ചോദ്യങ്ങൾക്കും ഉത്തരം നൽകാനുള്ള പ്രധാനമന്ത്രിയുടെ കഴിവ് അപാരം തന്നെ!,Surprise
"ടെന്നീസ് പന്ത് ആ പ്രാണിയെ ചതച്ചരച്ചു,  അത് വൃത്തിയാക്കാൻ കോച്ച് എന്നോട് പറയാ.",Disgust
വാൾമാർട്ടിൽ കുട്ടികൾക്കുള്ള  ഇത്രയും നല്ല സാധനങ്ങൾ  കിട്ടുമെന്ന്  ഞാൻ പ്രതീക്ഷിച്ചിരുന്നില്ല.,Surprise
ടാക്സ്  ഫയൽ ചെയ്തതിന് ശേഷം ആദായനികുതി അധികാരികളിൽ നിന്ന് ഒരു കത്ത് ലഭിക്കുമ്പോഴെല്ലാം എന്‍റെ ഹൃദയം പടപടാന്ന് പിടയ്ക്കുകാ.,Fear
ആളുകളുടെ സ്വകാര്യതയെ ആക്രമിക്കുകയും അവരുടെ വിവരങ്ങൾ മോഷ്ടിക്കുകയും ചെയ്യാമെന്നു  ഈ ഹാക്കർമാർ കരുതുന്നത് എന്തൊരു കഷ്ടമാണ്! ഇത് അധികാരത്തിന്‍റെ നഗ്നമായ ദുരുപയോഗമാണ്.,Anger
ആർട്ട് റൂമിലെ ആ പെയിന്‍റിംഗിലേക്ക് നോക്കാൻ പോലും എനിക്ക് ഇഷ്ടമല്ല ; ആധുനിക കല എന്നെ മടുപ്പിക്കുന്നു.,Disgust
ഓ! മെട്രോയിൽ സൈക്കിളുകൾ അലൗ ചെയ്യും. എനിക്ക് അറിയില്ലായിരുന്നു .,Surprise
"പരിപാടിയെക്കുറിച്ച് പങ്കെടുത്തവരിൽ നിന്നുള്ള ഫീഡ്ബാക്ക്  വളരെ നെഗറ്റീവ് ആയിരുന്നു , ആ മാനേജരുടെ വൈദഗ്ധ്യത്തിൽ ഞാൻ  വിശ്വാസം അർപ്പിച്ചതിൽ എനിക്ക് വളരെ നിരാശ തോന്നി.",Sadness
"അടുത്ത മാസം എനിക്ക് കുറച്ച് അതിഥികൾ ഉണ്ട് , വേറൊരു  ഗ്യാസിനു ബജറ്റ് എന്‍റെ കൈയിൽ ഇല്ല . എല്ലാ രാത്രിയും ഞാൻ അതിനെക്കുറിച്ച് ആശങ്കപ്പെടുന്നു.",Fear
"ഞാൻ ക്ഷമ ചോദിക്കുന്നു, ഇത് ശെരിയാക്കാൻ തീർച്ചയായും ഞാൻ നിങ്ങളെ സഹായിക്കും. ദയവായി ഞങ്ങളെ നിങ്ങളുടെ ഫ്രണ്ട്സിനോട് റഫർ ചെയ്യണേ",Fear
സർക്കാർ വിരമിക്കൽപ്രായം കൂട്ടിയപ്പോ ഫ്രാൻസിലെ പൗരന്മാർ രോഷം കൊണ്ടു.,Anger
"ട്രെയിനില്‍ ചായ കൊണ്ടുവരുന്നവന്‍ ആ ചായപാത്രത്തില്‍ വെള്ളം എടുത്തത് ടോയ്‌ലെറ്റില്‍ നിന്നാണ്, അതാണല്ലോ നമ്മള്‍ കുടിക്കുന്നത് എന്നോര്‍ക്കുമ്പോള്‍ ഛര്‍ദ്ദിക്കാന്‍ വരുന്നു.",Disgust
"റെസ്റ്റോറന്‍റ് വൃത്തിയുണ്ടായിരുന്നില്ല, കുറച്ച്   പാറ്റകൾ ഓടുന്നത് ഞാൻ കണ്ടു.",Disgust
നമ്മുടെ ഗ്രൂപ്പിൽ ഒരു ഐക്യവും ഇല്ല; ഇങ്ങനെ പോയാൽ ഈ ഗ്രൂപ്പ് പ്രൊജക്ട് നമ്മൾ എങ്ങനെ പൂർത്തിയാക്കും?,Fear
ബാങ്കിലെ കസ്റ്റമേഴ്‌സിനോടുള്ള പെരുമാറ്റം കണ്ടിട്ട് എനിക്ക് എന്തോ പോലെ ആയി. ഞങ്ങളെ മൈൻഡ് ചെയ്യാതെ ജീവനക്കാർ ഒരു കൂസലും ഇല്ലാതെ അങ്ങോട്ടും ഇങ്ങോട്ടും നടക്കുകയായിരുന്നു.,Disgust
ഇന്ന് കട തുറന്നിട്ടില്ലാന്ന് എനിക്ക് വിശ്വസിക്കാൻ പറ്റണില്ലാ! ഇന്ന് അവധി കൂടി അല്ല.,Surprise
എന്‍റെ ലാപ്ടോപ്പിൽ എസ് എസ് .ഡി. ഡിസ്ക് ഇൻസ്റ്റാൾ ചെയ്തപ്പോൾ ഇൻസ്റ്റന്‍റ്  സ്റ്റാർട്ടപ്പ് എന്നെ ഞെട്ടിച്ചു.,Surprise
ഈ ഇലക്ട്രിക് കുക്കറിന്‍റെ  സവിശേഷതകൾ എന്നെ ആകർഷിച്ചു!,Surprise
നിങ്ങൾക്ക് പോകേണ്ട ഏരിയായ്ക്ക് ഞാൻ വരുന്നില്ലേയ്! എന്നെ രണ്ടുതവണ അവിടെ കൊള്ളയടിച്ചിട്ടുണ്ട്.,Fear
അവളുടെ മുത്തശ്ശിയുടെ ജന്മദിനത്തിൽ അവൾ പാടിയ പാട്ട് ആകെ കുളമായി; അതിനുശേഷം ഇതുവരെ കരച്ചിൽ നിർത്തിയിട്ടില്ല.,Sadness
ഈ റീഫില്ലിന് ശേഷം പുതിയ ഗ്യാസ് സിലിണ്ടര്‍ ബിൽ എനിക്കങ്ങ് ദഹിച്ചില്ല. ചന്ദ്രനിലേക്ക് ഒരു റോക്കറ്റ് വിട്ട പോലെയാണ് ഇത്!,Surprise
വിപണി ഇടിഞ്ഞതോടെ വരാനിരിക്കുന്ന കോർപ്പറേറ്റ് വരുമാന സീസണിനെക്കുറിച്ച് എനിക്ക് ആകെ ടെൻഷൻ തോന്നുന്നു.,Fear
എല്ലാ  നിർദ്ദേശങ്ങളും പറഞ്ഞു തന്നുകൊണ്ട് ഡ്രൈവിംഗ് ലൈസൻസ് നടപടിക്രമം ഇത്ര  ഈസി ആവുമെന്ന് ഞാൻ കരുതിയിരുന്നില്ല. എനിക്ക് നല്ല മതിപ്പായി!,Surprise
എന്താണ് സംഭവിക്കുന്നതെന്ന് ഞാൻ എന്‍റെ മാതാപിതാക്കളോട് സത്യം പറഞ്ഞാൽ അവർക്ക് അത് താങ്ങാൻ പറ്റുമോന്ന് എനിക്ക് അറിയില്ല.,Fear
ഈ വർഷത്തെ സെയിൽസ് ടാർഗെറ്റ്  മീറ്റ് ചെയ്യുന്നതിൽ  ഞാൻ അൽപ്പം സ്ട്രസിൽ  ആണ്.,Fear
"കറന്‍റ്  പോയ ശേഷം ഫ്രിഡ്ജ് എപ്പോ തുറന്നാലും ശരി, കേടായ ഭക്ഷണത്തിന്‍റെ നാറ്റം കൊണ്ട് സഹിക്കാന്‍ വയ്യ.",Disgust
എതിർ ടീമിനോടുള്ള  ആരാധകരുടെ പെരുമാറ്റം ലജ്ജാകരമായിരുന്നു.,Disgust
"എനിക്ക് ശരിക്കും ഈ ഗ്രൂപ്പ് പ്രോജക്റ്റുകൾ ഇഷ്ടമല്ല, അവസാനം എല്ലാം എന്‍റെ തലയിലാകും.",Disgust
"ഈ വീക്കെൻഡിൽ  എന്‍റെ അതിഥികൾക്കായി കുറച്ച് എക്സ്ട്രാ ന്യൂസ് പേപ്പർ  കിട്ടുമെന്ന്  ഞാൻ പ്രതീക്ഷിച്ചിരുന്നു, എന്നാൽ നിങ്ങൾ പുറത്തായതിനാൽ ഇപ്പോൾ അത് നടക്കില്ലെന്നു  തോന്നുന്നു.",Sadness
മാളിൽ എല്ലാം താറുമാറായി കിടക്കുന്ന ആ വഴിക്കേ ഞാൻ പോകുന്നില്ല.,Disgust
രാഷ്ട്രീയവും വർഗീയതയും കൂടിക്കലർന്ന് കലാപങ്ങളുണ്ടായാൽ നമ്മുടെ ബിസിനസിനെ ബാധിക്കുമോ എന്ന ആശങ്കയിലാണ് ഞാൻ.,Fear
അവർ മറ്റൊരു   സൂപ്പർഹീറോ സിനിമ പുറത്തിറക്കിയെന്ന് എനിക്ക് വിശ്വസിക്കാൻ പറ്റുന്നില്ല . ഈ സൂപ്പർഹീറോ ട്രെൻഡിനെയൊക്കെ  ഞാൻ എന്നേ  മറികടന്നിരിക്കുന്നതാ,Disgust
"താപനില ക്രമീകരിച്ചിട്ടും ഫ്രിഡ്ജ് എന്‍റെ ഫുഡ് തണുപ്പിക്കാത്തത് എന്നെ വിഷമിപ്പിക്കുന്നു, എന്‍റെ  സാധനങ്ങൾ കേടാവുമോ എന്ന് എനിക്ക് ആശങ്കയുണ്ട്.",Fear
"കള്ളന്മാരെക്കുറിച്ച്  നിങ്ങളുടെ അയൽവാസി ഞങ്ങൾക്ക് വിവരങ്ങൾ തന്നു , അവർ ആ പരിസരത്ത് നിന്ന് പോകുന്നതിനുമുമ്പ് അവരെ എളുപ്പത്തിൽ പിടികൂടാൻ പറ്റി.",Happiness
ഗ്യാസ് സിലിണ്ടർ ഇൻവോയിസിൽ എന്തിനുവേണ്ടിയാണെന്ന് വിശദീകരിക്കാത്ത ഒരു  ഹിഡൻ ചാർജ് കാണുമ്പോൾ എനിക്ക് ദേഷ്യമുണ്ട്.,Anger
ഞാൻ ഇന്ന് ടി.വി. ഓണാക്കാൻ നോക്കിയെങ്കിലും എനിക്ക് ഒരു കറുത്ത സ്ക്രീൻ മാത്രമേ കാണാൻ കഴിഞ്ഞുള്ളൂ .,Sadness
ഫ്ലൈറ്റില്‍ വെച്ച് അപ്പനുമമ്മേം കൊച്ചിന്‍റെ ഡയപ്പർ ഊരിമാറ്റി ഗലിയിൽ മൂത്രമൊഴിപ്പിച്ചു.,Disgust
ഞങ്ങളുടെ സംരഭത്തിൻ്റെ ഏറ്റവും പ്രധാനപ്പെട്ട ഒരു സ്ട്രാറ്റജി മീറ്റിങ് ആയിരുന്നു; എന്നിട്ടും സീനിയർ ടീം മീറ്റിങ്ങിന് വരാതിരുന്നപ്പോൾ ഞാൻ നല്ലവണ്ണം ചൂടായി.,Anger
നിങ്ങളുടെ വാഗ്ദാനം പാലിക്കൂ . ഒരു നല്ല കേക്കിനേക്കാൾ കുറഞ്ഞതൊന്നും ഞാൻ സ്വീകരിക്കില്ല.,Anger
"എന്താണ് സംഭവിച്ചതെന്ന് നിങ്ങൾ വിശ്വസിക്കില്ല! കണ്ടക്ടർ എനിക്ക് ബസിൽ തെറ്റായ ഒരു ടിക്കറ്റ് നൽകി, ഞാൻ ഇറങ്ങാൻ സമയമാകുന്നതുവരെ ഞാൻ അത് ശ്രദ്ധിച്ചില്ല!",Surprise
"ആ ഹോട്ടലില്‍ വെള്ളം കുടിക്കാന്‍ കൊണ്ടുവെയ്ക്കുന്ന ഗ്ലാസ് കണ്ടാല്‍ ഓക്കാനും വരും, അത് ശരിക്ക് കഴുകിയിട്ട് മാസങ്ങളായിട്ടുണ്ടാകും.",Disgust
അത് ലോകത്തിലെ ഏറ്റവും ഉയരം കൂടിയ കെട്ടിടമാണിതെന്നാ എന്നോട് പറഞ്ഞെ. ഇത് കാണാൻ നല്ല രസമുണ്ട്  !,Surprise
ഇന്ത്യ അരി കയറ്റുമതി നിർത്തിയെന്ന വാർത്ത കേട്ടപ്പോൾ അമേരിക്കയിലെ പ്രവാസികളൊക്കെ നടുങ്ങിപ്പോയി.,Surprise
ഇത്രയും കാലം ആയിട്ടും സേവിങ്സ് കാര്യമായിട്ട് ഒന്നും കൂടിയിട്ടില്ല; പിന്നെ എങ്ങനെയാ നമ്മൾ മുന്നോട്ട് പോവുക?,Sadness
മത്സരം കാണാൻ ഞാൻ പാതിരാത്രി ഉണർന്നാ എന്‍റെ അച്ഛൻ എന്നെ ചീത്ത പറയും.,Fear
ബൈക്കിംഗിൽ കുത്തനെയുള്ള ഇറക്കം കണ്ടപ്പോൾ അവളുടെ ഹൃദയമിടിച്ചു .,Fear
എന്‍റെ ടെസ്റ്റ് റിസൾട്ട്  നെഗറ്റീവ് ആയതിൽ സോറി. വേറെ എന്തെങ്കിലും ചെയ്യാൻ പറ്റോ ?,Sadness
"വാട്ടർ ഫിൽട്ടറിനു വേണ്ടി  ഞാൻ എന്‍റെ എ.എം.സി. പുതുക്കിയതാ, പക്ഷേ ഒരു മാസം കഴിഞ്ഞിട്ടും  ഫിൽട്ടറുകൾ മാറ്റി വെക്കാൻ ആരും വന്നിട്ടില്ല.",Anger
രണ്ട്  വർഷത്തേക്ക് ടി.വി.  വർക് ചെയ്യുമെന്ന്  നിങ്ങൾ എനിക്ക് ഗ്യാരന്‍റി തന്നതല്ലേ പക്ഷെ ഇപ്പോ  മൂന്ന് മാസം ആവുമ്പഴേക്കും  അത് വർക് ചെയ്യാതെയായി.,Anger
ചെറിയ കടയുടെ യൂസർ ഫ്രണ്ട്‌ലി  ആയിട്ടുള്ള വെബ്സൈറ്റ് ഡിസൈൻ എന്നെ അത്ഭുതപ്പെടുത്തി.,Surprise
ഓ! പഴയ പുസ്തകങ്ങളുടെ വില കുതിച്ചുയരുകയാണ്. അവർക്ക് അത് താങ്ങാൻ എങ്ങനെ കഴിയുന്നു!,Surprise
ലോൺ തിരഞ്ഞെടുക്കുമ്പോൾ ഇത്രയും കാര്യങ്ങൾ  നോക്കണമെന്ന്  അവർ മനസ്സിലാക്കിയേയില്ല!,Surprise
"ബുക്കിനെപ്പറ്റി ചോദിക്കാനാണ് ഞാൻ ഇവിടെ വന്നത്, പക്ഷേ നാറ്റമുള്ളതും വൃത്തികെട്ടതുമായ പുസ്തകക്കട കണ്ടപ്പോൾ ഞാൻ ഓടിപ്പോയി.",Disgust
"എനിക്ക് ഉയർന്ന സ്ഥലങ്ങള്‍ ഭയമാണ്. ഞാൻ ഭൂനിരപ്പിൽ നിന്ന് ഉയരത്തിൽ ആയിരിക്കുമ്പോൾ എന്‍റെ കാലുകൾ വിറക്കും,  വായ വരണ്ടുപോകും.",Fear
ബസ് യാത്രക്കുള്ള  ടിക്കറ്റ് കൊടുക്കുന്ന പ്രക്രിയയെക്കുറിച്ച് എനിക്ക് ചെറുതായി ഉത്കണ്ഠ തോന്നുന്നുണ്ട്; നീണ്ട ക്യൂവിൽ നിന്ന് സമയം പാഴാക്കേണ്ടി വരുമോ?,Fear
ബജറ്റ് പരിമിതികൾ കാരണം ഞങ്ങളുടെ കഠിനാധ്വാനിയായ ക്ലീനിംഗ് സൂപ്പർവൈസർക്ക് ശമ്പള വർദ്ധനവ് കിട്ടില്ലല്ലോ  എന്ന്  എനിക്ക് നിരാശയായി.,Sadness
"സെക്കൻഡ് ഹാൻഡ് ബൈക്ക് വാങ്ങുന്നത് നല്ല കാര്യമാണെന്ന ഞാൻ വിചാരിച്ചെ , പക്ഷേ അറ്റകുറ്റപ്പണികൾക്കായി ബൈക്കിന്‍റെ ഇരട്ടി വില എനിക്ക് കൊടുക്കേണ്ടി വന്നു .",Sadness
എല്ലാ ദിവസവും രാവിലെ ബേക്കറിയിൽ നിന്ന് വരുന്ന  ഫ്രഷ് ആയ ബ്രെഡിന്‍റെ മണം എനിക്കിഷ്ടമാണ്.,Happiness
വിചാരിച്ച പോലെ ഒന്നും നടന്നില്ലെങ്കിൽ ഞാൻ എന്ത് ചെയ്യും?,Fear
എന്‍റെ രണ്ട് നായ്ക്കൾക്ക് സ്വതന്ത്രമായി വിഹരിക്കാൻ പറ്റിയ ഒരു പൂന്തോട്ടത്തോടുകൂടിയ നല്ലൊരു വീട് കണ്ടെത്തുന്നതിൽ ഞാൻ ആവേശഭരിതനാണ്.,Happiness
എനിക്ക് ഒരു പത്രം കൂടി കൊണ്ടുവരാമോ ? അല്ലെങ്കിൽ എന്‍റെ കുടുംബാംഗങ്ങൾ വഴക്കടിക്കും.,Fear
ഈ അഭിമുഖത്തിൽ എന്നെ തള്ളികളയുമെന്ന ചിന്ത എന്നെ വീർപ്പുമുട്ടിക്കുന്നു.,Fear
എന്‍റെ സ്റ്റാർട്ടപ്പിന് ഒരു വെഞ്ച്വർ ക്യാപിറ്റലിസ്റ്റിൽ നിന്ന് ഗണ്യമായ നിക്ഷേപം ലഭിച്ചന്നേ!,Happiness
ആരോഗ്യ കേന്ദ്രത്തിൽ എനിക്ക് ലഭിച്ച മെഡിക്കൽ പരിചരണത്തിൽ ഞാൻ വളരെ നിരാശനാണ്.,Sadness
"എന്‍റെ മകന് ഇന്ന് ഡ്രൈവിംഗ് ലൈസൻസ് ലഭിച്ചതിൽ എനിക്ക് നല്ല സന്തോഷമായി , ഇപ്പോൾ ഫ്രീ ആയി ഡ്രൈവ് ചെയ്യാൻ പറ്റും  .",Happiness
ഇന്ത്യൻ നാവികസേനയിലെ ഒരാൾ ഒറ്റയ്ക്ക് ലോകം മുഴുവൻ പായ്ക്കപ്പലില്‍ സഞ്ചരിച്ചു; അദ്ദേഹത്തെ സമ്മതിക്കുക തന്നെ വേണം!,Surprise
ഗാംഗ്ടോക്കിലെ പർവ്വതങ്ങൾക്ക് മുകളിലൂടെ സൂര്യൻ ഉദിച്ചുവരുന്നത് കണ്ടാൽ അമ്പരന്ന് പോകും.,Surprise
നിങ്ങളുടെ അക്കൗണ്ട് ക്ലോസാക്കാന്‍ നിങ്ങൾ തീരുമാനിച്ചതിൽ ഖേദമുണ്ട്. നിങ്ങൾ പോകേണ്ടിയിരുന്നില്ല.,Sadness
ഒരു വേനൽക്കാലത്ത് എന്‍റെ ഫ്രിഡ്ജ് തേനീച്ചക്കൂടിനെക്കാൾ ഉച്ചത്തിൽ മുഴങ്ങുന്നത് കേട്ടപ്പോൾ അന്തം വിട്ടുപോയി!,Surprise
വിസയ്ക്കായി എംബസിയിലേക്ക് അയച്ച  പ്രധാനപ്പെട്ട  രേഖകൾ കൃത്യസമയത്ത് എത്താത്തപ്പോൾ ഞാൻ ഞെട്ടിപ്പോയി.,Surprise
ആദിപുരുഷ് സിനിമയുടെ ടിക്കറ്റു വാങ്ങിയതിനു  നിങ്ങൾക്ക് നിങ്ങടെ കുടുംബക്കാരുടെ വായിലിരിക്കുന്നത് കേൾക്കേണ്ടി വരുമല്ലോ.,Sadness
ഗംഭീരായിട്ടുണ്ട്! സിനിമ ഇങ്ങനെ അവസാനിക്കുന്ന് ഞാൻ ഒരിക്കലും വിചാരിച്ചില്ല. അടുത്ത ഭാഗത്തിനായി ഞാൻ ആകാംക്ഷയോടെ കാത്തിരിക്കാ.,Surprise
നിർമ്മാണ സ്ഥലം പ്രേതബാധ ഉള്ളതാണെന്ന്  ഞാൻ വിചാരിക്കുന്നു. കഴിഞ്ഞ രാത്രി സൈറ്റിലൂടെ നടക്കുമ്പോൾ ഒരു പ്രേതത്തെ കണ്ടതായി എനിക്ക് തോന്നി .,Fear
ഭൂമിയിലെ കൂടുതൽ പ്രധാനപ്പെട്ട പല പ്രശ്നങ്ങളും  അവഗണിച്ചുകൊണ്ട് ചില രാജ്യങ്ങൾ ബഹിരാകാശ പര്യവേഷണത്തിനായി കൂടുതൽ പൈസ  ചെലവഴിക്കുന്നതിൽ  എനിക്ക് ദേഷ്യമുണ്ട്.,Anger
എൻ്റെ സുഹൃത്തിൻ്റെ കമ്പനിയിൽ അവനു ഇത്ര പെട്ടെന്ന് പ്രൊമോഷന്‍ ആയി എന്നത് എനിക്ക് വിശ്വസിക്കാനേ കഴിയുന്നില്ല.,Surprise
വൗ ! ഈ മലയുടെ മുകളിൽ നിന്നുള്ള കാഴ്ച എന്ത് രസാ!,Surprise
ഞാൻ പ്രതീക്ഷിച്ചിരുന്ന പുതിയ പുസ്തകങ്ങളുള്ള എന്‍റെ ആമസോൺ പാക്കേജ് ഇന്ന് എത്തിയപ്പോ എനിക്ക് ഭയങ്കര സന്തോഷമായി .,Happiness
"ശരി, നിങ്ങൾ അത് ശരിക്ക് മനസ്സിലാക്കൂ. തെറ്റുകൾ ഞാന്‍ ഒരിക്കലും അംഗീകരിക്കില്ല.",Anger
സി.സി.ടി.വി. ക്യാമറ ഇല്ലെന്ന് പോലീസിനോട് പറഞ്ഞാൽ ഞങ്ങളെ വിളിച്ച് സി.സി.ടി.വി. ക്യാമറ നിർബന്ധമായും വെക്കാൻ ആവശ്യപ്പെടുമോ എന്ന് എനിക്ക് പേടിയായി.,Fear
ഈ കടയിലെ വൈവിധ്യമാർന്ന ഇലക്ട്രിക്കൽ ഫിറ്റിംഗുകളിൽ ഞാൻ ത്രില്ലടിച്ചു. ഇത് എന്‍റെ പുതിയ വീട് സജ്ജീകരിക്കുന്നത് വളരെ എളുപ്പമാക്കുന്നു.,Happiness
മൊബൈൽ ഫോണിന്‍റെ സ്ക്രീൻ താഴെ വീണ് പൊട്ടിയപ്പോ  അത് ശരിയാക്കാനുള്ള ചെലവിനെക്കുറിച്ച് എനിക്കാകെ ആശങ്കയായി .,Fear
മദ്യാസക്തിയിൽ നിന്ന് കരകയറിയിട്ടും വൃത്തികെട്ട  സമൂഹം ഒരാളെ  കുറ്റപ്പെടുത്തുന്നത്  കാണുന്നത് കഷ്ടം തന്നെയാണ്.,Disgust
അവർക്ക് ഈ ട്രെയിനിൽ നേരാവണ്ണം ഒരു ചായ പോലും ഉണ്ടാക്കാൻ പറ്റില്ല!,Anger
എന്നെ ശ്രദ്ധിക്കാതെ ബേക്കറിയിൽ എന്‍റെ പിന്നിൽ  എത്തിയവരിൽ നിന്ന് ബേക്കർ ഓർഡർ എടുത്തപ്പോൾ എനിക്ക് ദേഷ്യം വന്നു .,Anger
കളിക്കളത്തിലെ ചില കളിക്കാരുടെ കളിയുടെ സ്പിരിറ്റിനു ചേരാത്ത പെരുമാറ്റത്തിൽ എനിക്ക് വെറുപ്പ് തോന്നുന്നു.,Disgust
"കൊറിയർ സര്‍വീസിന്‍റെ ഗുണനിലവാരത്തിൽ എനിക്ക് മതിപ്പായി. ഡെലിവറി ചെയ്യുന്ന വ്യക്തി മാന്യനും, പ്രൊഫഷണലുമായിരുന്നു.",Happiness
സുചി. കച്ചേരിക്ക് ഒറ്റയ്ക്ക് പോകണ്ട. ആളുകൾ മദ്യപിച്ച്  നിന്നോട് ചിലപ്പോ മോശമായി പെരുമാറുമെന്നു ഞാൻ കേട്ടു.,Fear
ഈ പ്രശസ്‌ത അഭിഭാഷകൻ ഈ കേസിൽ എങ്ങനെ മറുപടി പറയുമെന്ന് എനിക്ക് ഉറപ്പില്ലാ.,Fear
രണ്ട് പേര്‍  തമ്മിലുള്ള അനാരോഗ്യകരമായ മത്സരം കാരണം  ഞങ്ങളുടെ പ്രോജക്ട്  ഡെലിവറി ആകെ കുഴപ്പത്തിലായല്ലോ.,Anger
വൗ ! നിങ്ങൾ ഇത്ര വേഗം സുഖം പ്രാപിക്കുമെന്ന് ഞാൻ ഒരിക്കലും വിചാരിച്ചില്ല.,Surprise
ഞാൻ ഒരു മൂല്യവത്തായ ശേഖരം നല്ല  ലാഭത്തിന് വിറ്റു.,Happiness
ഗ്യാസ് സിലിണ്ടറിന്‍റെ വില വളരെ കുറവായിരുന്ന സമയം ഓർക്കുന്നു. സിലിണ്ടർ ചെലവ് ഇപ്പൊ കൈകാര്യം ചെയ്യുന്നത്എന്ത് ബുദ്ധിമുട്ടാണ്.,Sadness
മുതിർന്ന ഒരു പൗരന്‍റെ ജീവിതസമ്പാദ്യം ഇലക്‌ട്രോണിക് രീതിയില്‍ മോഷ്ടിച്ചിട്ട് ഒരു നാണക്കേടും കൂടാതിരിക്കാന്‍  ഒരാള്‍ക്ക് എങ്ങനെ സാധിക്കുന്നുവെന്നു എനിക്ക് മനസ്സിലാകുന്നില്ല.,Disgust
സാമ്പത്തിക വർഷം അവസാനിക്കാറായി. നമ്മൾ നേരിട്ട സാമ്പത്തിക വെല്ലുവിളികൾ ഓർക്കുമ്പോൾ ടാക്സ് കൂട്ടിനോക്കാനൊന്നും തോന്നുന്നില്ല.,Sadness
ക്ലാസിലിരുന്ന് ആടിനെപ്പോലെ ച്യൂയിങ് ഗം ചവച്ചുകൊണ്ടിരിക്കുന്ന കുറെ കുട്ടികളുണ്ട്.,Disgust
കൃത്യസമയത്ത് എന്‍റെ ജോലി പൂർത്തിയാക്കാൻ കഴിയാത്തപ്പോൾ എനിക്ക് ആകെ അസ്വസ്ഥത  തോന്നും.,Sadness
നിര്‍മ്മിതബുദ്ധി കൂടുതൽ സർവസാധാരണമാകുമ്പോൾ  നഷ്ടമായേക്കാവുന്ന ജോലികളെക്കുറിച്ച് ചിന്തിക്കുമ്പോ എനിക്ക് സങ്കടമുണ്ട്.,Sadness
ആ രാഷ്ട്രീയ നേതാവ് മരിക്കുകയും അദ്ദേഹത്തിന്‍റെ ഗുണ്ടകൾ സമ്മർദ്ദം ചെലുത്തുകയും ചെയ്തപ്പോൾ കടക്കാർ പേടിച്ചിട്ട്  അവരുടെ എല്ലാ ഷട്ടറുകളും താഴ്ത്തി.,Fear
"അതെ സഹോദരാ, എനിക്കും കയ്യുറകൾ വേണം. ഇത് ശരിക്കും ഫ്രീ ആണോ? നന്ദി!",Happiness
"ഞാൻ എനിക്കുവേണ്ടി നിലകൊണ്ടില്ലെങ്കിൽ, എന്‍റെ സഹോദരങ്ങൾ എല്ലായ്പ്പോഴും എന്നോട് ഏറ്റവും ഇളയവനെപ്പോലെ പെരുമാറുകയും എന്നെ  വട്ടം കറക്കുകയും  ചെയ്യുമെന്നാ എന്‍റെ വിചാരം.",Fear
ഈ കിച്ചൺ സിങ്കിൽ നാറ്റം  പരത്തുന്ന  ചെളി അടിഞ്ഞു കൂടിയിരിക്കുന്നു .,Disgust
ചില രാജ്യങ്ങളിൽ പോയാൽ അവിടുത്തെ ഹോട്ടൽ മെനുവിലൊക്കെ ഉണ്ടാകും കുറേ പ്രാണി വിഭവങ്ങൾ; അതൊക്കെ കണ്ടാൽ ഛർദിക്കാൻ തോന്നും.,Disgust
എൻ്റെ സ്റ്റോക്ക് പോർട്ട്ഫോളിയോ മാർക്കറ്റിൽ തുടർച്ചയായി നേട്ടം ഉണ്ടാക്കുകയാണ്. അതിൻ്റെ ആവേശത്തിലാണ് ഞാൻ.,Happiness
"പഴയ അടുക്കളയിലെ ടൈലുകളുമായി പുതിയ ടൈലുകൾ യാതൊരു  തടസ്സവുമില്ലാതെ യോജിപ്പിക്കാൻ നിങ്ങൾക്ക് കഴിഞ്ഞു എന്നതിൽ ഞാൻ ആശ്ചര്യപ്പെടുന്നു. നിങ്ങൾ ഒരു പണിക്കാരൻ മാത്രമാണെന്ന് ഞാൻ കരുതി, പക്ഷേ യഥാർത്ഥത്തിൽ ഒരു വിദഗ്ധനായ  പണിക്കാരനാണെന്ന് നിങ്ങൾ തെളിയിച്ചു.",Surprise
എന്‍റെ അക്കൗണ്ട് ബാലൻസ് അക്കൗണ്ടിന് ആവശ്യമായ ലിമിറ്റിലും കുറവായി.,Fear
ലോകത്തിലെ ഓരോ  വാർത്തകൾ  കേൾക്കാൻ അത്ര സുഖമില്ലാത്തതായത് കൊണ്ട്  അതൊന്നും  വായിക്കാൻ എനിക്ക് തോന്നാറില്ല.,Sadness
സ്വന്തം നേട്ടത്തിന് വേണ്ടി മറ്റുള്ളവരുടെ ആശയങ്ങൾ മോഷ്ടിച്ച ആളുടെ അതേ മുറിയിൽ കഴിയാൻ എനിക്ക്ആഗ്രഹമില്ല .,Disgust
"നമ്മുടെ പ്രണയത്തെ സൂചിപ്പിക്കുന്ന, നമ്മുടെ ആഗ്രഹം പോലെയുള്ള വിവാഹനിശ്ചയ മോതിരം കിട്ടിയതുകൊണ്ട് എനിക്ക് വളരെയധികം സന്തോഷമുണ്ട്.",Happiness
ഇതെന്തൊരു കഷ്ടമാണ്! ഇതിപ്പോൾ എത്രാമത്തെ തവണയാണ് നിങ്ങൾ റിട്ടേൺ പോളിസി മാറ്റുന്നത്.,Anger
കളിയിൽ ഉണ്ടായ  അപ്രതീക്ഷിതമായ സംഭവങ്ങൾ എന്നെ അത്ഭുതപ്പെടുത്തി.,Surprise
ഞങ്ങളുടെ അപ്പാർട്ട്മെന്റിന് അടുത്തുള്ള ഗാർബേജ് കുമിഞ്ഞ് കൂടി ചീഞ്ഞ് നാറുകയാണ്. ആർക്കും വീട്ടിൽ വരാൻ പറ്റാത്ത അവസ്ഥയാണ് ഇപ്പോൾ.,Disgust
ഈ ഉത്സാഹം പകരുന്നതാണ്! നിങ്ങളുമായും നിങ്ങളുടെ പെറ്റ്സുമായും തുടർന്നും പ്രവർത്തിക്കുന്നതില്‍ എനിക്ക് സന്തോഷമുണ്ട്.,Surprise
ഒരു നോട്ടുപോലും ഇല്ലാതെ എല്ലാ ചോദ്യങ്ങൾക്കും ഉത്തരം നൽകാനുള്ള ഇന്ത്യൻ വിദേശകാര്യമന്ത്രിയുടെ കഴിവ് അപാരം തന്നെ!,Surprise
തണുപ്പുള്ള  ഒരു ദിവസം ആവി പറക്കുന്ന  ചൂടുള്ള ഒരു കപ്പ് കൊക്കോ കുടിക്കുമ്പോ  എനിക്ക് നല്ല സംതൃപ്തി തോന്നുന്നു,Happiness
ലൈഫ്സ്റ്റൈൽ സ്റ്റോറിൽ ലഭ്യമായ വൈവിധ്യമാർന്ന പെര്‍ഫ്യൂമ്സ് എനിക്ക് ഇഷ്ടമാണ്.,Surprise
എന്‍റെ പുതിയ വീടിനായി ഞാൻ അവരിൽ നിന്ന് നിരവധി സാധനങ്ങൾ വാങ്ങിയതിന് ശേഷം ഇലക്ട്രിക്കൽ ഷോപ്പ് എനിക്ക് അഡിഷണൽ വാറന്‍റി നൽകാത്തത് മര്യാദകേടാ.,Anger
ഗതാഗതച്ചെലവുകളിലെ നിരന്തരമായ വർദ്ധനവ് എന്നെ ശരിക്കും പാപ്പരാക്കി.,Sadness
"ഇത്തവണ ജോലിഭാരം നിയന്ത്രിക്കാൻ ഞങ്ങൾക്ക് ആളുകള്‍ ഉണ്ടെന്നാണ് എന്‍റെ ധാരണ. കഴിഞ്ഞ വർഷത്തെ ക്ഷാമം ഞങ്ങളെ തളർത്തി, നടീലും വിളവെടുപ്പും തുടരാൻ പാടുപെടുകയായിരുന്നു.",Fear
സെക്യൂരിറ്റിയെ വച്ചിട്ടും മോഷണം നടന്നതറിഞ്ഞു ഞാന്‍ വല്ലാതെ കടുപ്പായി.,Anger
മരപ്പണിക്കാര് പറഞ്ഞപോലെ ഒന്നും ചെയ്യുന്നില്ല.,Anger
കനത്ത മഴയിൽ കുറച്ച് മാത്രം മുന്നോട്ടു കാണുന്ന മലമുകളിൽ അതിവേഗ ട്രാഫിക്കിൽ വണ്ടിയോടിക്കുമ്പോ എനിക്ക് നല്ല ടെൻഷനുണ്ടായി.,Fear
സീനിയർ സിറ്റിസൻസിനുള്ള എഫ്.ഡി. പലിശ നിരക്ക് സർക്കാർ വർദ്ധിപ്പിച്ചെന്ന് കേട്ടപ്പോൾ എന്‍റെ പെരെന്‍സ് വളരെ സന്തോഷിച്ചു.,Happiness
"അവരുടെ ഷൂസില്‍ മൊത്തം ചെളിയാണ്, അതോടെയാണ് അവര്‍ മുറിയിലേക്ക് കടന്നത്, എന്തു പറയാനാണ്.",Disgust
ബാങ്കിലെ പ്രായപൂർത്തിയാകാത്തവർക്കുള്ള അക്കൗണ്ട് ഓപ്‌ഷനുകൾ നോക്കുമ്പോൾ എന്‍റെ കുട്ടി എത്ര വേഗത്തിൽ വളരുന്നു എന്നതിനെക്കുറിച്ച് എനിക്ക് സങ്കടം  തോന്നുന്നു.,Sadness
വാടക വീട് കണ്ടെത്താനുള്ള  ബ്രോക്കറേജ് ഫീസ് ഹിഡൻ ചാർജുകളൊന്നുമില്ലാതെ വ്യക്തമായി വിവരിച്ചിരിക്കുന്നു എന്നത് ഒരു ആശ്വാസമാണ്.,Happiness
എനിക്ക് വല്ലാത്ത ശൂന്യത അനുഭവപ്പെടുന്നു; ഈ ജീവിതത്തിന് എന്ത് അർത്ഥമാണുള്ളത്?,Sadness
"ഇയ്യെ, നിങ്ങളുടെ വസ്‍ത്രം ഇങ്ങനെ  കടിക്കല്ലേ.",Disgust
എന്‍റെ സഹോദരങ്ങൾ തമ്മിൽ എപ്പോഴും ഉള്ള  വഴക്കിൽ ഞാൻ മടുത്തു. നമുക്ക് ഒരിക്കലെങ്കിലും ഒരുമിച്ച് പോകാൻ കഴിയില്ലേ ?,Anger
ഫോണിലൂടെ ഉള്ള കാര്യങ്ങൾ  കുറച്ചുകൂടി ശ്രദ്ധിക്കാൻ ഞാൻ നിങ്ങളോട് പറഞ്ഞതാ .ചില യു. പി. ഐ. തട്ടിപ്പുകൾ കാരണം ഇപ്പോ നിങ്ങടെ  പതിനായിരം രൂപ പോയില്ലേ.,Anger
ഇതിലൂടെ കടന്നുപോകുന്നത് ബുദ്ധിമുട്ടാണെന്ന് എനിക്കറിയാം! നമ്മൾ ഒരുമിച്ച് അതിനെ അതിജീവിക്കില്ലേ?,Sadness
എന്താ ഹേ ഇത്? നിങ്ങൾ എനിക്ക് കാണിച്ചുതന്ന അവസാനത്തെ അഞ്ച് അപ്പാർട്ട്മെന്റുകൾ എന്‍റെ ബജറ്റിനേക്കാൾ വളരെ കൂടുതലായിരുന്നു. ഞാൻ നിങ്ങൾക്ക് നൽകിയ നമ്പറുകൾ നിങ്ങൾ ശ്രദ്ധിക്കുന്നുണ്ടോ?,Anger
എന്‍റെ ബന്ധുവിനെ അഡ്മിറ്റ് ചെയ്തതിന് ശേഷം അവനെ സന്ദർശിക്കാൻ ഹോസ്പിറ്റല്‍ അനുവദിച്ചില്ല.,Anger
എ.ഐ. ഏറ്റെടുക്കുകയാണെങ്കിൽ ടീച്ചിങ്ങിൽ നമുക്ക് ഇനി ഒരു റോളുമുണ്ടാകില്ലെന്നാ തോന്നുന്നേ.,Fear
പുതിയ നികുതി നിയമങ്ങൾ സൂപ്പറാ! എനിക്ക് ഈ വർഷം നികുതി കുറച്ചടച്ചാൽ  മതി !,Surprise
ഞാൻ സെറ്റാക്കിക്കൊടുത്ത കുട്ടിയുടെ കൂടെ അവനെ കണ്ടപ്പോൾ എൻ്റെ മുഖത്തൊരു പുഞ്ചിരി വിടർന്നു.,Happiness
കഴിഞ്ഞ കുറച്ച് ദിവസങ്ങളായി നീ  പഠിക്കാൻ വളരെയധികം പരിശ്രമിക്കുന്നുണ്ടല്ലോ . പരീക്ഷയ്ക്കിടെ നിനക്ക്  എന്ത് പറ്റി ?,Surprise
ഒരു ക്ലാസ്മേറ്റ്‌ അവന്റെ മൂക്ക് തോണ്ടിയിട്ട്  അതേ വിരൽ വായിൽ ഇട്ടപ്പോൾ എനിക്ക് ഛര്‍ദിക്കാന്‍ വന്നു.,Disgust
"സഹോദരാ! നീ  ഇത്രയും  ഭാരമുള്ളത് ഉയർത്തുമെന്ന് ഞാൻ ഒരിക്കലും വിചാരിച്ചില്ല  , നിനക്ക് ഭ്രാന്താണ്! !",Surprise
"ആദ്യ സെറ്റ് ജയിക്കുമെന്നാ ഞാൻ വിചാരിച്ചെ , പക്ഷേ  ഞാൻ പെട്ടന്ന് തളർന്നു. എല്ലാം എന്‍റെ തെറ്റാ .",Sadness
"എന്‍റെ ബജറ്റ് കണക്കിലെടുക്കുമ്പോൾ, അത്യാകര്‍ഷകവും, ഉയർന്ന നിലവാരമുള്ളതുമായ സ്വർണാഭരണം  എനിക്ക് താങ്ങാൻ കഴിയുമോ എന്നതിനെക്കുറിച്ച് എനിക്ക് അൽപ്പം ഉത്കണ്ഠ  തോന്നുന്നു.",Fear
നിരവധി കാര്യങ്ങളിൽ ഇവന്‍റ് മാനേജർ  പരാജയപ്പെട്ടു എന്ന വസ്തുത അവര്‍ മറച്ചു  വയ്ക്കുന്നില്ല. ഇത്തരം പൊരുത്തക്കേടുകൾ കാണുന്നത് വല്യ കഷ്ടമാണ്.,Anger
ഈ സ്ഥലത്ത് ഒരു ബോംബ്  വച്ചിട്ടുണ്ടെന്നും  എത്രയും വേഗം നമ്മൾ ഇവിടെന്നു  മാറണമെന്നും  അവർ പറയാ.,Fear
ഉപേക്ഷിക്കപ്പെട്ട നായ്ക്കളെ എനിക്ക് കൊണ്ടുപോകാൻ കഴിയാത്തതിൽ സങ്കടത്തോടെ അല്ലാതെ  അവയെ  നോക്കാൻ എനിക്ക് കഴിയില്ല.,Sadness
"കഴിഞ്ഞ മൂന്ന് തവണയും എനിക്ക് വേണ്ടതൊന്നും നിങ്ങടെ അടുത്തില്ലായിരുന്നു ,നാളെ ഞായറാഴ്ച നിങ്ങൾക്ക് അവധിയുമാണ്‌.",Disgust
നിങ്ങളുടെ ഒ.ടി.പി.അവനുമായി ഷെയർ ചെയ്യരുത്. അവൻ ചിലപ്പോ നിങ്ങളുടെ പണം മോഷ്ടിച്ചേക്കാം.,Fear
"ചില ഓട്ടോക്കാര്‍ക്ക് വല്ലാത്ത ആക്രാന്തമാണ്, മീറ്ററില്‍ കാണിക്കുന്ന കാശ് പോര, കൂടുതല്‍ വേണമെന്ന് വാശിപിടിക്കും.",Disgust
റീട്ടെയിൽ ഗോഡൌണിലേക്ക് നടന്നപ്പോൾ ചീഞ്ഞളിഞ്ഞ മരക്കഷണത്തിൽ നിന്ന് വന്ന ദുർഗന്ധം എന്നെ ഞെട്ടിച്ചു.,Disgust
ഈ പ്രദേശത്ത് കുറ്റകൃത്യങ്ങളുടെ നിരക്ക് വളരെ കുറവാണല്ലോ! ഇത്രയും മനോഹരമായ ഒരു വാടക വീട് കിട്ടിയത് വലിയ  ആശ്വാസമാണ്.,Surprise
"ഇരുപത്  ഗസ്റ്റിന് വേണ്ട ഒരു കേക്കിന്, ഞങ്ങൾ അതിനു വേണ്ട വെയിറ്റ് നിര്‍ദേശിക്കും. എല്ലാവർക്കും കിട്ടണമല്ലോ!",Happiness
"ധനസ്ഥിതി കൈകാര്യം ചെയ്യുന്നതിനെക്കുറിച്ചും, നികുതികൾ തയ്യാറാക്കുന്നതിനെക്കുറിച്ചുമൊക്കെ  നടന്ന ചർച്ച ആകെ അലങ്കോലമായി.",Disgust
എന്‍റെ കടയ്ക്ക് മുന്നിൽ ഒരു സ്റ്റാൾ  വെക്കരുതെന്ന്  ഞാൻ  എത്ര തവണ പറഞ്ഞു ഹേ?,Disgust
ഞാൻ കൃത്യസമയത്ത് ക്ലാസിൽ എത്തിയില്ലെങ്കിൽ മാഡം എന്നെ വീണ്ടും ചീത്ത പറയും .,Fear
കൃത്യസമയത്ത് ബസ് സ്റ്റേഷനിൽ എത്താൻ പറ്റാത്തതോണ്ട് എനിക്ക് ബസ്  മിസ് ആയി .,Sadness
ഈ പുരാവസ്തുക്കൾ ശരിയായി ഗവേഷണവും വ്യാഖ്യാനവും ചെയ്യേണ്ടതാണ്. അല്ലാതെ സാധാരണ വിനോദസഞ്ചാരികളെ തൃപ്തിപ്പെടുത്താന്‍ പാതിമനസ്സോടെ ചെയ്തതല്ലാ.,Anger
സ്വന്തം മാലിന്യം മുഴുവൻ മൂന്നാം ലോക രാജ്യങ്ങളിലേക്ക് കയറ്റുമതി ചെയ്ത് ലോകത്തെ മലിനമാക്കിയിട്ട് അമേരിക്കയ്ക്ക് എങ്ങനെയാണ് അവരെ കുറ്റപ്പെടുത്താൻ കഴിയുന്നത് ?,Disgust
മാരത്തൺ മത്സരത്തിന് ശേഷം ബെസന്റ് നഗർ ബീച്ചിൽ മാലിന്യം നിറയുന്നത് കണ്ടപ്പോ  നിരാശ തോന്നി.,Sadness
കാലങ്ങളായി അടുത്ത ബന്ധം ഉണ്ടായിരുന്നിട്ടും  ശത്രുതയോടെയുള്ള നിന്‍റെ പെരുമാറ്റം ശരിയല്ല.,Anger
"മികച്ച വാടക സ്ഥലം കണ്ടെത്തുന്നത് ഇപ്പൊ തന്നെ വെല്ലുവിളിയാണ്, അതിന്‍റെ പുറകെ അധിക ഫീസും. എന്‍റെ ബജറ്റ് കുറച്ചുകൂടി കൂട്ടിയിരുന്നെങ്കില്‍ എന്ന് ഞാൻ ശരിക്കും പ്രതീക്ഷിച്ചിരുന്നു.",Sadness
സിനിമയിൽ മതതീവ്രവാദികൾ  ആ ചെറുപ്പക്കാരനെ ക്രൂരമായി വെടിവച്ചുകൊല്ലുന്നത് കണ്ടപ്പോൾ എന്‍റെ കണ്ണുകൾ നിറഞ്ഞു.,Sadness
അത് വളരെ കഷ്ടമാണ്. ഒരു ഫീസിനെക്കുറിച്ചും എനിക്കറിയില്ലായിരുന്നു.,Disgust
ഇവിടുത്തെ ലോക്കൽ ക്രാഫ്റ്റുകളൊക്കെ വിചാരിച്ചതിനേക്കാൾ അടിപൊളിയാണല്ലോ!,Surprise
ഈ ബാറ്റ് തീരെ നന്നല്ല ട്ടോ. ഇവിടെ  നിങ്ങക്ക് കുറച്ച് നല്ല ക്വാളിറ്റി ഉള്ള ബാറ്റൊന്നും ഇല്ലേ?,Anger
കളപറിക്കൽ സമയത്ത് അബദ്ധത്തിൽ ചില റോസ് ചെടികൾ  പറിച്ചെടുത്തതുകൊണ്ട്  ഞാൻ എന്‍റെ തോട്ടക്കാരനെ  അപ്പോൾത്തന്നെ  ഒഴിവാക്കി.,Anger
നിങ്ങൾക്ക് ഞാൻ ഒരിക്കലും ഈ ചികിത്സ ആരംഭിക്കാൻ പാടില്ലായിരുന്നു.,Disgust
വൗ ! ചെന്നൈ നഗരത്തിന്‍റെ ഹൃദയഭാഗത്തുള്ള ഇതുപോലുള്ള ശാന്തമായ ഒരു തെരുവിൽ ഒരു വാടക വീട് കണ്ടെത്തുമെന്ന് ഞാൻ പ്രതീക്ഷിച്ചിരുന്നില്ല.,Surprise
കഴിഞ്ഞ രണ്ട് പതിറ്റാണ്ടുകളായി എന്‍റെ റിയൽ എസ്റ്റേറ്റ് വസ്തുക്കളുടെ മൂല്യം നല്ലവണ്ണം കൂടി.,Happiness
ഈ സർവകലാശാല എന്‍റെ ചോയ്‌സുകൾ പരിമിതപ്പെടുത്തുകയാണെങ്കിൽ എനിക്ക് എന്തുചെയ്യാൻ പറ്റും?,Anger
സാധാരണക്കാരായ ജനങ്ങളെക്കൊണ്ട് ഏറ്റവും കൂടുതൽ റിസ്ക്കുള്ള ഈ നിക്ഷേപങ്ങൾ ബ്രോക്കർമാർ എടുപ്പിക്കുന്നത് വളരെ മോശം പരിപാടിയാ.,Disgust
തിരിച്ച് വീട്ടിലേക്ക്  പോകുമ്പൊ ബസ്സിൽ പോകാനാ എനിക്ക്  ഇഷ്ടം. ഇത് വളരെ ചീപ്പും  സൗകര്യവുമാണ്.  പുതിയ ആളുകളെ  ഒക്കെ കാണുകേം ചെയ്യാം.,Happiness
കാലുവിറയ്ക്കാതെ  എനിക്ക് ഒരു മലയുടെ അറ്റത്ത് നിൽക്കാൻ പറ്റില്ല .,Fear
ഒർലാൻഡോയിലെ ഡിസ്നിവേൾഡ് പാർക്കിലേക്ക് കാലെടുത്തു കുത്തുമ്പഴേ മനസ്സ് തുള്ളിച്ചാടും.,Happiness
ഇന്ത്യയുടെ സംസ്കാരവും ചരിത്രവും ഇത്ര മനോഹരമായി അവതരിപ്പിക്കുന്ന ഒരു സിനിമ ഞാൻ ഈയടുത്തൊന്നും കണ്ടിട്ടില്ല.,Happiness
"ഛി, ചട്ണിയില്‍ ഒരു പാറ്റ, എനിക്ക് ഛര്‍ദ്ദിക്കാന്‍ വരുന്നു.",Disgust
ആ മനുഷ്യൻ ഒന്ന് കുളിക്കുക പോലും ചെയ്യാതെ പെർഫോം ചെയ്യാൻ സ്റ്റേജിലേക്ക് പോയി.,Disgust
ഈ ആഴ്ച ഡീസൽ വില വീണ്ടും കൂടിയോ ?,Surprise
"ഞാൻ എന്‍റെ കഴിവിന്‍റെ പരമാവധി ചെയ്യുന്നുണ്ട്, നിങ്ങളുടെ രീതികൾ വര്‍ക്ക് ആവുന്നില്ലെങ്കില്‍ അതിലാ കുഴപ്പം.",Anger
ജോലിസ്ഥലം മനോഹരമായി നിലനിർത്തുന്നതിനുള്ള ക്ലീനിംഗ് സൂപ്പർവൈസറുടെ നിരന്തരമായ പ്രതിബദ്ധതയെ  ഞാനും എന്‍റെ  ടീമും  പ്രശംസിച്ചു.,Happiness
"വല്ലത്തൊരു കുതിച്ചുചാട്ടം ! ഈ ചെറിയ സ്റ്റാർട്ടപ്പ്, മാർക്കറ്റിലെ ഇത്രയും വലിയ സംഭവമായി മാറുമെന്ന് ഞാൻ ഒരിക്കലും ഊഹിച്ചതു പോലുമില്ല .",Surprise
ഇവിടെ അടുത്തു നായേനെ ഒക്കെ വളർത്തുന്ന സ്ഥലത്ത് നല്ല രസമുള്ള ഒരു നായക്കുട്ടി ഉണ്ട്. അതിൻ്റെ കൂടെ ഓടിക്കളിക്കുകയായിരുന്നു ഞങ്ങൾ.,Happiness
സര്‍വീസില്‍ എനിക്ക് അസ്വസ്ഥത തോന്നാതിരിക്കുന്നതെങ്ങനെ? സ്റ്റാഫിന്‍റെ ശ്രദ്ധക്കുറവ് മൊത്തത്തിലുള്ള ഡൈനിംഗിനെ നല്ലോണം ബാധിച്ചു.,Fear
എനിക്ക് ഓഹരി വിപണിയെക്കുറിച്ച്  ഒന്നും അറിയില്ലെന്നാണോ നിങ്ങടെ വിചാരം?,Anger
"ലോണ്‍ വേണമോ, ക്രെഡിറ്റ് കാര്‍ഡ് വേണമോയെന്ന് ചോദിച്ച് ഫോണില്‍ സ്ഥിരം വിളിയാണ്, എന്തൊരു വെറുപ്പിക്കലാണ്.",Disgust
ശങ്കരാചാര്യർ പെട്ടെന്ന് ഒരു സ്വപ്നത്തിൽ എൻ്റെ മുന്നിൽ പ്രത്യക്ഷപ്പെട്ടപ്പോൾ ഞാൻ വാ പൊളിച്ച് നിന്നുപോയി.,Surprise
പുതിയ ഹോട്ടലില്‍ വെയിറ്റർമാർ കുറെ നേരമായിട്ടും  എന്‍റെ മേശയുടെ  അടുത്ത് വരാതിരുന്നപ്പോൾ എനിക്ക് വല്ലാതെ ദേഷ്യം വന്നു . ഞാൻ എന്തായാലും  ഇനി അവിടെ  പോകില്ല.,Disgust
ആരെങ്കിലും എൻ. എസ്. ഇ.യെ പറ്റിച്ചെന്ന് കരുതി എൻ്റെ നിക്ഷേപം കുറയുന്നതെന്തിനാ! ഓരോരോ പൊല്ലാപ്പുകൾ!,Anger
ആ ബ്രോഡ്‌വേ നാടകത്തിലെ സംവിധാനം വളരെമോശമായിരുന്നു. സംവിധായകന് ഒന്നും അറിയാത്ത  പോലെ   എനിക്ക് തോന്നി.,Disgust
വസ്തുതകൾ വളച്ചൊടിക്കുന്ന സെൻസേഷണൽ വാർത്തകൾ കണ്ട് മടുത്ത ഞാൻ പത്രം വാങ്ങുന്നത് നിർത്തി.,Disgust
ഈ ഉപകരണത്തിന് എന്‍റെ സ്റ്റെപ്പുകളും എരിഞ്ഞ കലോറികളും ട്രാക്ക് ചെയ്യാൻ കഴിയുമെന്ന് എനിക്ക് വിശ്വസിക്കാൻ കഴിയുന്നില്ല.,Surprise
കുറച്ച് ദിവസത്തിനുള്ളിൽ  ഗ്യാസ്‌ വില പെട്ടന്നു  കൂടുമെന്നു എനിക്ക് സംശയമുണ്ട്.,Fear
"ഒരാഴ്ച മുമ്പ് വാങ്ങിയ അപ്പം കഴിച്ചതിന് ശേഷം എനിക്ക് അസ്വസ്ഥത അനുഭവപ്പെട്ടു, ഭക്ഷ്യവിഷബാധ മൂലം എനിക്ക് അസുഖം വരുമോ?",Fear
"എന്‍റെ ബെസ്റ്റ് ഫ്രണ്ട് മറ്റൊരു രാജ്യത്തേക്ക് താമസം മാറി, ഇന്നലെ സ്കൂൾ വിട്ടുപോയി .",Sadness
ചില വിദ്യാർത്ഥികൾ പരീക്ഷകളിൽ കോപ്പിയടിച്ച് രക്ഷപ്പെടുന്നത് മഹാകഷ്ടമാണ്.,Disgust
ആ വൃത്തികെട്ട മനുഷ്യരെ സൂക്ഷിക്കണം. അവർക്ക് നമ്മടെ ആഭരണങ്ങൾ മോഷ്ടിക്കണം എന്നുണ്ടന്നു എനിക്ക് തോന്നാ.,Fear
ഏയ്! നിന്നോട്  ഇത്രയും ശക്തമായ വികാരങ്ങൾ എനിക്ക് ഉണ്ടാവുമെന്നു  ഞാൻ ഒരിക്കലും വിചാരിച്ചതല്ല. ഇതൊരു അത്ഭുതം തന്നെ .,Surprise
കുറേ രാഷ്ട്രീയക്കാർക്ക് കടന്നുപോവാൻ നമ്മൾ പാവം ജനങ്ങൾ ബുദ്ധിമുട്ടണം; ഈ സമൂഹം ഇനി എന്നാണ് ശരിയാവുക?,Anger
സാമ്പത്തിക രേഖകളിലെ അപ്രതീക്ഷിതമായ വെളിപ്പെടുത്തലുകൾ അവരുടെ സംഭാഷണത്തിന്‍റെ  ഗതി  മാറ്റിമറിക്കുന്നതായിരുന്നു.,Surprise
"ഈശ്വരാ, ഹിമാലയപർവ്വതങ്ങൾക്ക് മുകളിലൂടെ സൂര്യൻ ഉദിച്ചുവരുന്നത് കണ്ടാൽ അമ്പരന്ന് പോകും.",Surprise
ഈ കേക്കിന്‍റെ വിലയേക്കാള്‍ ഒറ്റ പൈസ കൂടുതൽ ഞാൻ തരില്ല ! അത് ഓർത്താല്‍ നല്ലത്!,Anger
മറ്റ് രാജ്യങ്ങൾക്ക് ആയുധം നൽകി അവരെക്കൊണ്ട് യുദ്ധം ചെയ്യിപ്പിക്കുന്നതിനേക്കാൾ വലിയ നീചവൃത്തിയുണ്ടോ?,Anger
"ഞാൻ എന്‍റെ കാറിന്‍റെ എഞ്ചിന്‍ സർവീസ് അവസാനം വരെ ചെയ്തില്ല, ഇപ്പോൾ അത് ചെയ്തുകിട്ടുന്നത് മെനക്കേടാണ്.",Disgust
പാരീസിലെ ആ റെസ്റ്റോറന്‍റിലെ ഇന്ത്യൻ ഭക്ഷണം ഒരു രുചിയില്ലാത്തത് ആയിരുന്നതുകൊണ്ട്   അത് കഴിക്കാൻ  എനിക്ക്  പറ്റിയില്ല.,Sadness
എനിക്കു തീരെ മനസ്സിലാവാത്ത കുറെ ചിത്രങ്ങളുണ്ട് നാസ്ക പീഠഭൂമിയിൽ!,Surprise
"ഒടുവിൽ, എന്‍റെ എല്ലാ പ്രതീക്ഷകളും നിറവേറ്റുന്ന ഒരു സ്ഥലം ഞാൻ കണ്ടുപിടിച്ചു.",Happiness
"ക്ലയന്‍റിന്‍റെ പ്രതികരണത്തോടുള്ള സൂപ്പർവൈസറുടെ വേഗത്തിലുള്ള റെസ്പോൺസിനെ  ഞാൻ അഭിനന്ദിച്ചു, അത് ക്ലയന്‍റും എടുത്തു പറഞ്ഞു.",Happiness
"അറിഞ്ഞോ, ഞാൻ പറഞ്ഞ ആ യൂട്ടിലിറ്റി ബിൽ ഇല്ലേ, അതിനെനിക്ക് റീഫണ്ട് കിട്ടി.",Happiness
സ്റ്റേജ് പെർഫോമൻസ് കഴിഞ്ഞ ശേഷം തന്‍റെ സംഗീത അദ്ധ്യാപകനോട് യുവഗായകൻ ശരിയായ ബഹുമാനം കാണിക്കാത്തത് വളരെ അസ്വസ്ഥതയുണ്ടാക്കി.,Sadness
"എന്‍റെ പഴയ കുളിമുറിയിലെ കേടായ  ടൈലുകൾ നോക്കുമ്പോൾ, കഴിഞ്ഞുപോയ വർഷങ്ങളെക്കുറിച്ച് ചിന്തിച്ച്  എനിക്ക് ആക വിഷമമായി.",Sadness
"ലോക്കറിലേക്ക് കടക്കാൻ  ഞാൻ ബാങ്കിന്റെ പിൻഭാഗത്തേക്ക് പോയി, പക്ഷേ മുറിയിലെ ചവറ്റുകുട്ടകളും ,പൊടിയുള്ള പഴയ ഫയലുകളുമൊക്കെ  കണ്ടപ്പോ   എനിക്ക് അറപ്പ് തോന്നി.",Disgust
"അയ്യേ. കൈയിലെ അഴുക്ക് ഷര്‍ട്ടില്‍ തുടയ്ക്കുന്നോ, വൃത്തികേട്.",Disgust
ചെലവു കുറവായതിനാൽ ഈ മാസം ഞാൻ സന്തോഷത്തിലാണ് .,Happiness
ഉയ്യോ കമ്പനിയുടെ പരിപാടിയിൽ സ്റ്റേജിൽ ഒരു അവതാരകനായി നിക്കുക എന്നത് എനിക്ക് തീരെ പറ്റാത്ത കാര്യമാണ്.,Fear
"ഞാൻ മികച്ച കളിക്കാരനല്ലായിരിക്കാം, പക്ഷേ കഴിഞ്ഞ കുറച്ച് മാസങ്ങളായി ഞാൻ എങ്ങനെ മെച്ചപ്പെട്ടു! ഇത് ഞാൻ ശരിക്കും ഇഷ്ടപ്പെടുന്നു.",Happiness
ഫോർഡ് ഫോക്കസിനായുള്ള സ്പെയറുകൾ സ്റ്റോക്കിൽ ഉണ്ടായിരിക്കുമെന്ന് ഞാൻ കരുതിയിരുന്നേയില്ല.,Surprise
ബാംഗ്ലൂരിലെ  തിരക്കേറിയ സമയങ്ങളിലെ ട്രാഫിക്  തികച്ചും പ്രകോപനപരമാണ്. ആ തിരക്കേറിയ റോഡുകളിൽ മണിക്കൂറുകളോളം കുടുങ്ങിക്കിടക്കുന്നത് എനിക്ക് വെറുപ്പാണ്.,Disgust
"ഹേയ് ഷെഫാലി,  മൂലയ്ക്ക് നിൽക്കുന്ന ആ മനുഷ്യൻ കഴിഞ്ഞ ഒരു മണിക്കൂറായിട്ട്  എന്നെ തുറിച്ചുനോക്കുന്നു.",Fear
പേപ്പര്‍ സബ്സ്ക്രിപ്ഷൻ ഉൾപ്പെടെ പ്രതിമാസ ബില്ലിനായി ബജറ്റ് തയ്യാറാക്കാൻ എനിക്ക് പ്ലാന്‍ ഉണ്ടായിരുന്നെങ്കിലും ദൈനംദിന അടവ് തുടരേണ്ടതുണ്ട്.,Sadness
"സംശയാസ്പദമായ രീതികളിലൂടെ മറ്റുള്ളവരെ പുറത്താക്കിയിട്ട് , മങ്കഡിംഗിനെക്കുറിച്ച് പരാതിപ്പെടുന്ന ഓസ്ട്രേലിയൻ, ഇംഗ്ലീഷ് ക്രിക്കറ്റ് കളിക്കാരെ  എനിക്ക് വെറുപ്പാണ്.",Disgust
"ഡിടിഎച്ച് കണക്ഷന്‍ എടുപ്പിക്കാന്‍ അവന്മാര്‍ക്ക് വലിയ തിടുക്കമായിരുന്നു, എല്ലാ ദിവസവും വിളിച്ച് ശല്യം ചെയ്യുമായിരുന്നു, കണക്ഷന്‍ എടുത്തുകഴിഞ്ഞപ്പോള്‍ എന്തെങ്കിലും പ്രശ്‌നവുമായി വിളിച്ചാല്‍ ആരും മൈന്‍ഡ് ചെയ്യില്ല.",Disgust
നിങ്ങളുടെ അമ്മയ്ക്ക് പ്രായമായില്ലേ?  ഇടയ്ക്കിടെ ആശുപത്രിയില്‍ പോകുന്നത് അവരുടെ കണ്ടീഷൻ വഷളാക്കുമെന്ന് നിങ്ങൾക്ക്  പേടിയില്ലേ?,Fear
ഏഷ്യൻ ഗെയിംസിൽ ഇന്ത്യയ്ക്ക് യോഗ്യത നേടുന്നതിന് തടസ്സങ്ങൾ മറികടന്ന ഈ അത്ലറ്റുകളെക്കുറിച്ച് എനിക്ക് അഭിമാനമുണ്ട്.,Happiness
മരിച്ചു പോയ എന്‍റെ  സഹോദരിയെ ഒരു ഒരു കുടുംബ ചടങ്ങിൽ വച്ച് എന്‍റെ അമ്മ ഓർത്തപ്പോൾ എനിക്ക് വല്ലാത്ത  സങ്കടം തോന്നി.,Sadness
"കോപ്പിയടിച്ചിട്ടാ അവൻ പരീക്ഷ ജയിച്ചേ, എന്നിട്ടും അവൻ അവന്‍റെ മാർക്കിനെക്കുറിച്ച് പൊക്കിപ്പറയാ.",Disgust
കടയുടെ ചുവരുകളിൽ ഗ്രാഫിറ്റി എഴുതുന്ന ചില  അയൽവാസികളോട് എനിക്ക് ദേഷ്യമുണ്ട്.,Anger
എന്‍റെ മരുമകൾക്ക് യു.എസ്.ൽ ജോലി കിട്ടി ഇന്ത്യയിൽ നിന്ന് അവിടേക്ക് താമസം മാറുകയും ചെയ്തപ്പോൾ  ഞാൻ അമ്പരന്നുപോയി.,Surprise
ഹൈവേവഴി പോയ ബസ് പെട്ടെന്ന് ബ്രേക്കിട്ട് നനഞ്ഞ റോഡിൽ തെന്നി വശത്തേക്ക് വീണപ്പോൾ കടയ്‌ക്ക് സമീപമുള്ള ഒരു മരത്തിന്‍റെ ചുവട്ടിൽ നിന്ന ഞാന്‍ ഞെട്ടിപ്പോയി .,Surprise
തോട്ടക്കാരൻ ഞങ്ങളുടെ കോമ്പൗണ്ട് ഒരു ഗ്രീൻ സ്‌പേസ് ആക്കി  മാറ്റിയപ്പോൾ ഞാൻ ആവേശഭരിതനായി.,Happiness
ഒരു വിശദീകരണവും കൂടാതെ  എയർലൈൻ ഞങ്ങളുടെ വിമാനം വൈകിപ്പിച്ചു.,Anger
ഫീസ് കൂടുന്നത് എന്‍റെ കുടുംബത്തെ അനാവശ്യ സാമ്പത്തിക സമ്മർദ്ദത്തിലാക്കാം.,Fear
മരുഭൂമിയിൽ നിന്നുള്ള മനംമയക്കുന്ന കാഴ്ചയാണ് ദുബായ് നഗരത്തിന്‍റെ ആകാശരേഖ.,Happiness
"ഞാൻ വർഷങ്ങളായി നിങ്ങളുടെ ജ്വല്ലറിയുടെ വിശ്വസ്തനായ  കസ്റ്റമർ ആണ്, എന്നിട്ട്  നിങ്ങൾ എനിക്ക് ഈ സബ്പാർ ഓപ്ഷനുകൾ കാണിച്ച്‌ തരുന്നു ?ഇത്  എന്ത് മര്യാദയാണ്?",Anger
"ധാരാളം കാൽനടയാത്രയുള്ള തിരക്കേറിയ സ്ഥലത്താണ്  എന്‍റെ ചെറിയ ബേക്കറി സങ്കൽപ്പിച്ചത്, എന്നാൽ ലഭ്യമായ മിക്ക സ്ഥലങ്ങളും വളരെ ചെറുതോ അല്ലെങ്കിൽ പ്രതീക്ഷ നൽകുന്നതായി തോന്നാത്തതോ ആണെന്നത് നിരാശാജനകമാണ്.",Sadness
ചില രാജ്യങ്ങളിലെ സർക്കാർ കടത്തിന്‍റെ തോത് എന്നെ അമ്പരപ്പിക്കുന്നു.,Surprise
"ആട് അവന്‍റെ കൈ നക്കി,  കൈകഴുകാതെ അതേ കൈകൊണ്ട് അവനൊരു ബിസ്കറ്റ് കഴിച്ചു.",Disgust
ന്യൂയോർക്ക് നഗരത്തിൻ്റെ ഹൃദയഭാഗത്ത് ഇത്രയും സമാധാനവും ശാന്തിയും കിട്ടുമെന്ന് ഞാൻ ഒരിക്കലും കരുതിയില്ല!,Surprise
ഈ ചരിത്ര ഖനനത്തോടുള്ള നിങ്ങളുടെ ഉത്സാഹം കാണുമ്പോൾ അത്ഭുതം തോന്നുന്നു!,Happiness
ലീവെടുക്കുമ്പോൾ അവർക്ക് നേരത്തെ ഒന്ന് പറഞ്ഞുകൂടെ? അവരില്ലാതെ എങ്ങനെയാ കളി നടക്കുക?,Anger
"സിറ്റിബാങ്ക് റിലേഷൻഷിപ്പ് മാനേജർ എന്‍റെ  പോർട്ട്ഫോളിയോയുടെ ഡീറ്റയില്‍സ്  ആവർത്തിച്ച് അവഗണിച്ചപ്പോ, എനിക്ക് അയാളോട് വെറുപ്പ് തോന്നി.",Disgust
സിനിമ ഇത്ര മോശമായതിൽ എനിക്ക് നല്ല ദേഷ്യമുണ്ട്. അതിനു വേണ്ടി  ഞാൻ എന്‍റെ സമയവും പണവും പാഴാക്കിയെന്നു വിശ്വസിക്കാൻ പറ്റണില്ല.,Anger
പെരുമഴയത്തു പെട്ടുപോകുമോ എന്ന തോന്നൽ എന്നെ പേടിപ്പെടുത്തുന്നു.,Fear
"വാട്ടർ പൈപ്പ് നിങ്ങള്‍ ഉപയോഗിക്കുമ്പോ ശ്രദ്ധിക്കണമായിരുന്നു, ഇപ്പോൾ അതില്‍ നല്ല ചോർച്ചയുണ്ട്! നിങ്ങൾ ഒരു യഥാർത്ഥ മേസൺ ആണോ?",Anger
"ഒരു വർഷം മുമ്പേ തന്നെ  സൂര്യോദയവും ,സൂര്യാസ്തമയവും, ഗ്രഹണ സമയങ്ങളും എല്ലാം ഉൾക്കൊള്ളുന്ന ഹിന്ദു പഞ്ചാംഗത്തിന്‍റെ കൃത്യത എന്നെ അത്ഭുതപ്പെടുത്തുന്നു.",Surprise
ഞാൻ ഈ പ്രശ്നങ്ങൾ ഒക്കെ തുറന്നു പറഞ്ഞാൽ നിന്നെ നഷ്ടപ്പെടുമോ എന്നാ.,Fear
എന്‍റെ രഹസ്യങ്ങൾ നിങ്ങൾ  എല്ലാവരോടും പറഞ്ഞു അല്ലെ?,Anger
"ഞായറാഴ്ച കച്ചേരി ഹാളിന് സമീപം പാർക്കിംഗ് തേടി ഞാൻ ചുറ്റിക്കറങ്ങി, ഒരു മൈലിനകത്ത് പറ്റിയ സ്ഥലം കണ്ടെത്താത്തതിൽ ഞാൻ നിരാശനായിരുന്നു.",Sadness
ഈ വിഭവം തയ്യാറാക്കിയതിന് ഷെഫ് എന്നെ ശരിക്കും പ്രശംസിച്ചു; സുഗന്ധങ്ങളുടെയും ടെക്സ്ചറുകളുടെയും സംയോജനം അപ്രതീക്ഷിതവും ആനന്ദകരവുമാണത്രേ.,Surprise
അങ്ങനെ ചെയ്യരുതെന്ന് ഞാൻ പറഞ്ഞിട്ടും  എന്‍റെ പിന്നിലുള്ള യാത്രക്കാരൻ എന്‍റെ സീറ്റിൽ ചവിട്ടുന്നത് തുടർന്നപ്പോ  അസ്വസ്ഥമായ ആ  വിമാനത്തിൽ നിന്ന് ഞാൻ ഇറങ്ങി .,Sadness
"മൊബൈൽ ഫോൺ ഇടയ്ക്കിടെ ചാർജ് ചെയ്യരുത്, അത്  ബാറ്ററി  കേടാക്കും .",Fear
ആളുകളുടെ മനസിനെ നോവിക്കാനുള്ള   ഒരു നല്ല ഒഴികഴിവാണ്  ഈ തുറന്നുപറച്ചിലൊക്കെ.,Disgust
കൊറിയർ പാഴ്സൽ നഷ്ടപ്പെട്ടതിനെക്കുറിച്ച്  കസ്റ്റമറിനോട്  എന്താണ് പറയേണ്ടതെന്ന് എനിക്കറിയുന്നില്ല.,Fear
പലിശയ്ക്ക് പണംകൊടുക്കുന്നവരാണ് ഏറ്റവും വലിയ ചൂഷകർ; അവർ അവർക്കിഷ്ടമുള്ള പലിശനിരക്കും വെച്ച് ആളുകളെ ബുദ്ധിമുട്ടിക്കുന്നു.,Disgust
ഈ കാര്യത്തിൽ നിങ്ങൾ ഉരുണ്ടുകളിക്കുമെന്ന് എനിക്ക് അറിയാമായിരുന്നു.,Disgust
"റെസ്റ്റോറന്‍റിന്‍റെ വളരെ നല്ല  സർവീസും ,എല്ലാ കാര്യങ്ങളിലുമുള്ള ശ്രദ്ധയും ഭക്ഷണത്തിന്‍റെ സ്വാദ് വർദ്ധിപ്പിക്കുന്നു.",Happiness
ഞാൻ അടിയന്തിര ആവശ്യങ്ങൾക്കായി ഒന്നും എടുത്ത് വെച്ചിട്ടില്ല. അത് ആലോചിക്കുമ്പോൾ മനസ്സ് മടുക്കും.,Sadness
ഇന്ത്യയുടെ വിവിധ ഭാഗങ്ങളിൽ ആളുകൾ കഷ്ടപ്പെടുന്ന കാര്യങ്ങൾ ആലോചിച്ച് എന്നതിൽ എനിക്ക് വിഷമം തോന്നി.,Sadness
"ഇത് അംഗീകരിക്കാൻ പറ്റില്ല ! പ്രീമിയം ഡെലിവറി സർവീസിനായി  ഞാൻ പണമടച്ചു, എന്നിട്ടും എന്‍റെ പാക്കേജ് മിസ്സിംഗ് ആണ് !",Anger
യു. പി. ഐ. വന്നതുമുതൽ എനിക്ക് എന്‍റെ പേഴ്സ് കൊണ്ടുപോകേണ്ട ആവശ്യമില്ല. എന്‍റെ ഫോൺ ഉപയോഗിച്ച് എനിക്ക് എപ്പോൾ വേണമെങ്കിലും എവിടെയും പണമടയ്ക്കാൻ കഴിയും.,Happiness
നിയമത്തിനൊക്കെ പുല്ലുവില കൽപ്പിച്ചാണ് ആളുകൾ ഇപ്പോൾ വീടുകൾ നിർമിക്കുന്നത്.,Anger
ഉറക്കെ മ്യൂസിക് കേട്ട് രാത്രി മുഴുവൻ  ഞാൻ ക്ലബ്ബിൽ നൃത്തം ചെയ്തു. വളരെ നല്ലൊരു അനുഭവായിരുന്നു അത്.,Happiness
കമ്പനിയിലെ നിരന്തരമായ മാറ്റങ്ങൾ എന്നെ അസ്വസ്ഥനാക്കി.,Sadness
"നിങ്ങളെപ്പോലൊരു  ഒരു കസ്റ്റമറെ  ലഭിച്ചതിൽ ബാങ്കിന് വളരെ നല്ലതാ, ഇന്ന് രാവിലെ ഞങ്ങളുടെ ബ്രാഞ്ചിൽ നിങ്ങളെ കണ്ടതിൽ സന്തോഷമുണ്ട്, സർ!",Happiness
ഈ വലിയ  ആശുപത്രികളിലെ ഡോക്ടർമാർ കഴിവില്ലാത്തവരാ. എന്നിട്ടും അവർ എന്‍റെ കയ്യിന്നു  ഭയങ്കര ഫീസ് ഈടാക്കാൻ  പഠിച്ച പണി പതിനെട്ടും നോക്കുന്നു.,Anger
"ഹോസ്പിറ്റലില്‍ എനിക്ക് ആവശ്യമായ ശ്രദ്ധ ലഭിക്കാൻ ഞാൻ പാടുപെടുകയാണ്, എന്‍റെ ആരോഗ്യപ്രശ്നങ്ങൾ ഗൗരവമായി എടുത്തിട്ടില്ലെന്ന് തോന്നുന്നു.",Sadness
ബാങ്കിൽ നിന്ന് എനിക്ക്  പാസ്‌ബുക്ക് അപ്‌ഡേറ്റ് മാത്രം ആവശ്യമുള്ളപ്പോൾ ഒരു കൗണ്ടറിൽ നിന്ന് മറ്റൊന്നിലേക്ക് പോകാൻ പറഞ്ഞപ്പോ എനിക്ക് വിഷമമായി.,Sadness
എൻ്റെ കാല് നോക്കാൻ മെയിൻ ഡോക്ടറെ തന്നെ കിട്ടും എന്നായിരുന്നു ഞാൻ വിചാരിച്ചത്; പക്ഷെ നടന്നില്ല.,Sadness
എത്ര കാശാണ് ആളുകൾ ക്രെഡിറ്റ് കാർഡിൽ പലിശയായി പൊടിക്കുന്നത്! കൊള്ളപ്പലിശ തന്നെ!,Surprise
കാൻസറിന്‍റെ നാലാം ഘട്ടത്തിൽ   നിന്ന് ആ വൃദ്ധന്‍ അത്ഭുതകരമായി സുഖം പ്രാപിച്ചതിനെക്കുറിച്ച് വായിച്ചപ്പോൾ ഞാൻ ഞെട്ടിപ്പോയി.,Surprise
എൻ്റെ നിക്ഷേപം ഒക്കെ ആവിയായി പോയത് എന്നെ ശരിക്കും തളർത്തി.,Sadness
ഒരു ധനപ്രതിസന്ധി ഉണ്ടായാൽ പിടിച്ചുനിൽക്കാൻ മാത്രമുള്ള കരുത്തൊന്നും നമുക്കില്ല.,Fear
പ്രോബ്ലംസ് എനിക്ക് ഇഷ്ടായതുകൊണ്ട്   ഞാൻ ഫിസിക്സ് പഠിച്ചു.,Happiness
ചെയ്ത പണിയോ മോശം. എന്നിട്ടും പ്ലാനർ അയാള്‍ടെ തെറ്റ് അംഗീകരിച്ചില്ല.,Disgust
ഒരു കമ്പനിയുടെ സി.ഇ.ഒ. അങ്ങേരുടെ ജീവനക്കാർക്ക് കൂടുതൽ പൈസ കൊടുക്കാൻ വേണ്ടി തന്‍റെ ശമ്പളം വെട്ടിക്കുറച്ചത്രേ!,Surprise
ബിൽഡിംഗ് അസോസിയേഷനിൽ കടുത്ത തീരുമാനമെടുത്ത ശേഷം മറ്റുള്ളവർ എന്നെക്കുറിച്ച് എന്ത് വിചാരിക്കും എന്നതിൽ എനിക്ക് നല്ല ഉത്കണ്ഠയുണ്ട്.,Fear
ഞങ്ങൾ കാറിൽ ബാംഗ്ലൂരിലേക്ക് പോകുന്നതിൽ എനിക്ക് ദേഷ്യമുണ്ട്. എല്ലാ ട്രാഫിക്കും കുഴപ്പങ്ങളുമൊക്കെയായി വണ്ടി ഓടിക്കുന്നത് ഒരു പേടിസ്വപ്നമാണ്!,Anger
കാണാപ്പാഠം പഠിക്കാതെ പഠിപ്പിക്കാൻ വിദ്യാഭ്യാസ മന്ത്രാലയം പുതിയ വഴികൾ കൊണ്ടുവന്നപ്പോൾ എനിക്ക് പ്രോത്സാഹനം കിട്ടി .,Happiness
എപ്പോ മഴ പെയ്യുമെന്ന് പറയാൻ കഴിയാത്ത യു.കെ.യിലെ കാലാവസ്ഥ എന്നെ എപ്പോഴും ആശയക്കുഴപ്പത്തിലാക്കുന്നു.,Surprise
"പഴയ ഇരുണ്ട വീട്ടിനുള്ളിൽ  പെട്ടെന്ന് തണുപ്പ് കയറി , ഏതെങ്കിലും ആത്മാവ് അവിടെ ഉണ്ടാകുമോയെന്നു വിചാരിച്ച് ഞാൻ പേടിച്ചുവിറച്ചു.",Fear
എന്‍റെ ചെലവുകൾ പൂർണ്ണമായും കവർ ചെയ്യുമെന്ന്  ഞാൻ പ്രതീക്ഷിച്ചിരുന്നില്ല.,Surprise
നിങ്ങളെക്കുറിച്ച് നല്ല അവബോധം ഉള്ള  ഒരു വ്യക്തിയാണ് നിങ്ങൾ എന്ന് നിങ്ങളുടെ മുഖത്തെ മനോഹരമായ പുഞ്ചിരിയിൽ നിന്ന് എനിക്ക് വായിച്ചെടുക്കാൻ  കഴിന്നുണ്ട്.,Happiness
ഞാൻ എപ്പോഴാണാവോ എന്‍റെ ലക്ഷ്യസ്ഥാനത്ത് എത്തുന്നത്? ഈ മീറ്റിങ്ങോടെ എന്‍റെ ഭാവി ഒരു തീരുമാനാവും.,Fear
എക്സ്ട്രാ ലെസണ്‍സ് കിട്ടിയത് നല്ലതായി! ഡ്രൈവിംഗ് ലൈസൻസ് ടെസ്റ്റിനെ കുറിച്ച് ഇപ്പോൾ നല്ല ആശ്വാസം തോന്നുന്നു.,Happiness
ഇനിയും എനിക്ക് കൂടുതൽ പ്രശ്‌നങ്ങൾ ഉണ്ടായാൽ ഭാവി എന്താവുമെന്നു ഒരു എത്തും പിടീം കിട്ടുന്നില്ല.,Fear
ഈ വാടക വീട് മികച്ച സ്കൂളുകൾക്ക് വളരെ അടുത്തായതിൽ എനിക്ക് അതിയായ സന്തോഷമുണ്ട്. അത് എന്‍റെ കുടുംബത്തിന് ഒരു വലിയ പ്ലസ് ആണ്.,Surprise
"മേഘന, അത് എനിക്ക് തിരികെ താ, അത് എന്‍റെയാ !",Anger
ഡ്രൈവർ! ഞാൻ നിങ്ങൾക്ക് തെറ്റായ അഡ്രസ്സ് തന്നതില്‍ ക്ഷമിക്കണം. അഡ്രസ്സിന്‍റെ കാര്യത്തില്‍ ഞാൻ കൺഫ്യൂഷനിലായി .,Sadness
ഇലക്ട്രിക്കൽ സ്റ്റോർ എന്‍റെ പുതിയ വീടിന് വലിയ വിലയ്ക്ക് വിലകുറഞ്ഞ വയർ വിൽക്കാൻ ശ്രമിച്ചപ്പോൾ എനിക്ക് ദേഷ്യം  വന്നു.,Anger
"ഞാൻ അതിരാവിലെത്തന്നെ ബീച്ചിൽ പോയി, പക്ഷേ മഴക്കാർ ഉണ്ടായിരുന്നോണ്ട്  എനിക്ക് സൂര്യോദയം കാണാൻ പറ്റിയില്ല .",Sadness
നിങ്ങൾ എന്തിനാ  എന്‍റെ പ്രായം എന്നെ ഓർമ്മിപ്പിക്കുന്നേ?,Anger
"എനിക്ക് നന്നായി മനസ്സിലായി. പക്ഷെ, ഒരു പുതിയ അക്കൌണ്ട് തുറക്കുന്നതില്‍ എനിക്കു ആശങ്കയുണ്ട്.",Fear
അത് കൊള്ളാം! ഞാൻ എന്‍റെ സ്ഥലത്തുള്ള ഒരു കാർ വാഷ് തിരയുകയായിരുന്നു.,Happiness
ഈ  അടിച്ചമർത്തലിന്‍റെ പ്രത്യാഘാതങ്ങള്‍ ഭീകരമായിരിക്കും.,Fear
എനിക്ക് നല്ല നാച്ചുറല്‍ വെളിച്ചമുള്ള ഒരു വീട് വേണം; മങ്ങിയ വെളിച്ചമുള്ള  സ്ഥലങ്ങളിൽ  എനിക്ക് ആകെ  അസ്വസ്ഥത തോന്നും.,Fear
"ഞാൻ വർഷങ്ങളായി ഈ ബാങ്കിന്‍റെ വിശ്വസ്തനായ കസ്റ്റമറാണ്, പക്ഷേ ഇന്ന് എനിക്ക് ലഭിച്ച സേവനം തൃപ്തികരമല്ല. എനിക്ക് സൂപ്പർവൈസറുമായി സംസാരിക്കക്കണം .",Anger
ഡ്രൈവർ ഇന്ന്എന്തൊരു തിടുക്കത്തിലാ വണ്ടി ഓടിക്കണെ. ഈ ബസ് ഒരു ആംബുലൻസാണെന്നാണൊ അയാൾ കരുതുന്നെ ?,Anger
"എനിക്ക് ഇത് വിശ്വസിക്കാൻ കഴിയുന്നില്ല! എന്‍റെ പത്രം എല്ലാ തവണയും വൈകും, അതുകൊണ്ട് ബ്രെയിക്ക്ഫസ്റ്റ് കഴിഞ്ഞ് വായിക്കാൻ ഒന്നും ഇല്ലാതിരിക്കാ ഞാന്‍.",Anger
"ഈ ബാൽസാമിക് വിനൈഗ്രേറ്റിന്‍റെ പുളിപ്പ് , സാലഡിന്‍റെ സ്വാദ് കൂട്ടുന്നു , എനിക്ക് അത്  ഇനിയും വേണമെന്ന് തോന്നുന്നു .",Happiness
ഈ ഐറ്റത്തിന്‍റെ വാറണ്ടി നിങ്ങൾ അംഗീകരിക്കില്ലെന്ന് എനിക്ക് വിശ്വസിക്കാൻ കഴിയുന്നില്ല.,Anger
"കുറെ കാത്തിരുന്ന ശേഷം ഒടുവിൽ ഇപ്പൊ എന്‍റെ വാട്ടർ ഫിൽട്ടറിന്‍റെ സ്പെയർ വന്നല്ലോ, ഹാവൂ.",Happiness
കുട്ടിയാനയുടെ കോമാളിത്തരങ്ങളൊക്കെ കണ്ടിട്ട് സമയം പോയതായി ഞങ്ങൾക്ക് തോന്നിയേയില്ല.,Happiness
ക്ലോസ് ടൈം കഴിഞ്ഞ് അഞ്ച്‌  മിനിറ്റ് കഴിഞ്ഞ് ബാങ്കിൽ എത്തിയപ്പോൾ പണം പിൻവലിക്കാൻ ബാങ്ക് ഓഫീസർ ഇടപെട്ടപ്പോൾ എനിക്ക് വളരെ സന്തോഷമായി.,Happiness
ആ ഓറഞ്ചുകൾ  വല്ലാതെ ചീഞ്ഞു നാറിയതാണ്.,Disgust
നിങ്ങൾ എന്തിനാ ഈ നന്നല്ലാത്ത ഡ്രസ്സ് ധരിക്കാൻ ഞങ്ങളെ പ്രേരിപ്പിക്കുന്നത്? നിങ്ങൾക്ക് വേറെ നല്ല ഡ്രസ്സ് ഒന്നും കിട്ടിയില്ലേ ?,Anger
ഞാൻ പാസ്ത ഒരുപാട് വേവിച്ച്  അത് കുഴഞ്ഞു പോയി.,Sadness
ഞങ്ങളുടെ ടീമിന്‍റെ വലിപ്പം കുറച്ചത് ഓഫീസിൽ അരക്ഷിതാവസ്ഥ ഉണ്ടാക്കി .,Sadness
"ഭാവിയിൽ നിന്ന് വന്ന, ഒറ്റയ്ക്കാണെന്ന് കരുതപ്പെടുന്ന, സ്പെയിനിലെ ടിക് ടോക്ക് കാഴ്ചക്കാരനെപ്പോലെ ഭൂമിയിൽ തനിച്ചായിത്തീരുമെന്ന പേടിസ്വപ്നങ്ങൾ എന്നേ വേട്ടയാടുന്നു.",Fear
നിങ്ങൾ സ്വന്തമാക്കിയ പുരാവസ്തുക്കളുടെ ശേഖരം  എന്നെ ശരിക്കും ആകർഷിച്ചു.,Happiness
എന്‍റെ അക്കൗണ്ടിൽ ആവശ്യത്തിന് പണമുള്ളപ്പോൾ നിങ്ങൾ എന്താപ്പാ എന്‍റെ പേയ്‌മെന്‍റ്  ലിമിറ്റ് വർദ്ധിപ്പിക്കാത്തേ ?,Anger
"തിരഞ്ഞ് രണ്ടാഴ്ചയ്ക്കുള്ളിൽ ഞാൻ കണ്ടെത്തിയ കൊമെഴ്സ്യല്‍ വാടകസ്ഥലത്ത് അപ്രതീക്ഷിതമായി ഇന്റർനെറ്റും,യൂട്ടിലിറ്റികളും ഉൾപ്പെടുത്തിയിട്ടുണ്ട്.",Surprise
എന്‍റെ ബാങ്ക് ബാലൻസ് എന്നോട് ചോദിക്കരുത്. നിങ്ങൾക്ക് വേണമെങ്കിൽ നിങ്ങളുടെ ഡോക്യൂമെന്‍റ് സ് ചെക്ക് ചെയ്യാം. എന്‍റെ കയ്യിൽ ആവശ്യത്തിന് പൈസ ഉണ്ട് .,Anger
ഞാൻ കാലങ്ങളായി തിരയുന്ന പുസ്തകം പുസ്തക വിൽപ്പനക്കാരന്‍റെ പക്കലുണ്ടെന്ന് കേട്ടപ്പോൾ എനിക്ക് വല്ലാത്ത സന്തോഷമായി .,Happiness
"എന്‍റെ കോൺഫറൻസിന് സമയമാകുമ്പോൾ ഹോട്ടലിലെ  അലക്കുക്കാർ  എന്‍റെ വസ്ത്രങ്ങൾ തിരികെ നൽകുമോ എന്ന് എനിക്ക് അൽപ്പം ആശങ്ക  തോന്നുന്നു. ഇതുവരെ, എല്ലാ സർവീസുകളും അവർ വൈകിപ്പിച്ചു.",Fear
പ്രാക്ടീസ് ക്ലാസ്സിനിടെ എന്‍റെ കുട്ടി ഡാൻസ് ട്യൂട്ടറോട് മര്യാദയില്ലാതെ  സംസാരിച്ചപ്പോൾ ഞാൻ ഞെട്ടിപ്പോയി.,Surprise
അമ്മ സ്വീകരിക്കാത്ത അണ്ണാൻ കുഞ്ഞിനെ ഓർത്ത് ഞങ്ങൾക്ക് സഹതാപം തോന്നി.,Sadness
പ്രോഡക്ട്  ക്ലയന്‍റിന് അയയ്ക്കുന്നതിന് ചില  പ്രശ്നങ്ങൾ ഉണ്ടണ്ടായിരുന്നെവെന്ന്  എന്നോട് പറയാൻ മാനേജർ അവസാന നിമിഷം വരെ കാത്തിരുന്നപ്പോൾ  എനിക്ക് വല്ലാതെ ദേഷ്യം വന്നു.,Anger
"ചില പി.എച്ച്.ഡി. ഗൈഡുകൾ അവരുടെ വിദ്യാർത്ഥികളെ എങ്ങനെ ട്രീറ്റ് ചെയ്യുന്നുവെന്നും, അവരുടെ സ്വന്തം പ്രബന്ധ വിഷയങ്ങൾ തിരഞ്ഞെടുക്കാൻ അവരെ അനുവദിക്കുന്നില്ലെന്നും കാണുമ്പോ വെറുപ്പ് തോന്നുന്നു .",Disgust
ദേശീയ നൃത്തമത്സരത്തിന്‍റെ അടുത്ത റൗണ്ടിൽ പങ്കെടുക്കാൻ നിങ്ങളുടെ കുട്ടിയെ തിരഞ്ഞെടുത്തു.,Happiness
അത് അതിശയകരമായി തോന്നുന്നു! അലമാര എന്‍റെ കിടപ്പുമുറിയുടെ സൗന്ദര്യവുമായി പൊരുത്തപ്പെടണമെന്ന് ഞാൻ ആഗ്രഹിക്കുന്നു.,Happiness
പത്ര വിതരണത്തിനായുള്ള പ്രതിമാസ ബില്ലിംഗ് ഇത്ര നന്നായി  ക്രമീകരിച്ചിരിച്ചതിനെ  ഞാൻ അഭിനന്ദിക്കുന്നു.  എന്‍റെ ചെലവുകൾ  യാതൊരു പ്രശ്നങ്ങളും ഇല്ലാതെ നടത്താനും  യാതൊരു ആശങ്കയുമില്ലാതെ പത്രം വായിക്കാനും ഇത് എന്നെ അനുവദിക്കുന്നു.,Happiness
അവന്റെ മുഖത്തെ ഭാവവും ആ ബോഡി ലാംഗ്വേജും അരോചകമായി തോന്നി.,Disgust
വീൽ ഗാർഡ് ഇല്ലാതെ ഒരു ബൈക്ക് വാങ്ങുന്നത് മഴ പെയ്യുമ്പോൾ എന്‍റെ പുറകിൽ ചെളി തെറിപ്പിക്കുമെന്ന്എനിക്ക് പേടിയുണ്ട്.,Fear
ഒരു ഡ്രോണിന് അതിന്‍റെ ലക്ഷ്യംനേടാന്‍ പറ്റാത്തതിനു അതിന്‍റെ ഓപ്പറേറ്ററെ തന്നെ കൊല്ലുന്ന ഭീകരമായ ഒരു സ്ഥലത്ത് ജോലി ചെയ്യാൻ ഞാൻ ഒരിക്കലും ആഗ്രഹിക്കുന്നില്ല.,Fear
ടീം എല്ലാ ദിവസോം  അഞ്ച് മണിക്കൂർ പരിശീലനം നടത്തിയിട്ടും ടൂർണമെന്‍റിൽ അവർ തോറ്റു. അവർ ജയിക്കേണ്ടതായിരുന്നു എന്നാ എനിക്ക് തോന്നണേ .,Sadness
സഹായിക്കാൻ ആരുമില്ലാതെ കള്ളന്മാർ  ആക്രമിക്കാൻ സാധ്യതയുള്ള  ഒരു വിദൂര ക്യാബിനിൽ താമസിക്കുന്നത് എനിക്ക് വളരെ അസ്വസ്ഥമായിരുന്നു.,Fear
"ഇൻകം ടാക്സ്  അധികാരികൾ ആവശ്യപ്പെട്ട അധിക നികുതി നമ്മൾ അടച്ചില്ലെങ്കിൽ,  ഒരു ഭയാനകമായ ടാക്സ്  ഓഡിറ്റ് വരാനുള്ള  സാധ്യത നിങ്ങൾ അഭിമുഖീകരിക്കേണ്ടി വരും.",Fear
"ഓർഗനൈസേഷനുമായും ,ലോജിസ്റ്റിക്സുമായും ബന്ധപ്പെട്ട ചില പ്രശ്നങ്ങൾ പരാമർശിച്ച ഒരു മുൻകാല സംഭവത്തെക്കുറിച്ചുള്ള ഒരു റിവ്യൂ ഞാൻ വായിച്ചു. ഇവിടെ എന്നാല്‍ എല്ലാം കുളമാണ്.",Fear
ചുറ്റുമുള്ള ഭൂപ്രകൃതിക്കും ഞാൻ വിലമതിക്കുന്ന ചെടികൾക്കും കേടുപാടുകൾ വരുത്താതെ നമുക്ക് കോമ്പൗണ്ട് മതിൽ  പണിയാന്‍ പറ്റില്ലേ?,Fear
"ഹലോ, നിങ്ങളുടെ സാമ്പത്തിക സ്ഥിതി കുഴപ്പത്തിലാണ്! നിങ്ങൾ എത്രയും പെട്ടെന്ന് എന്തെങ്കിലും ചെയ്യണം,അല്ലെങ്കിൽ നിങ്ങൾ ആപ്പിലാകും.",Anger
നടപ്പിലാക്കിയതും നല്ല  സ്വീകാര്യത കിട്ടിയുതുമായ ഈ പ്രോഡക്റ്റ്  ഇമ്പ്രൂവ് ചെയ്യാൻ എന്നോട് പറഞ്ഞിരിക്കുന്നു.,Happiness
ഒരു സുഖവുമില്ലാത്ത സീറ്റുകളും കാൽ നീട്ടാനുള്ള സ്ഥലം കൂടി ഇല്ലാത്ത ടൂർ ബസ്. നിങ്ങൾ നല്ല പണിയാണപ്പാ തന്നത്!,Anger
പിന്നിൽ ഒരു കമ്പി ഇല്ലാത്ത  ഇന്‍റർസിറ്റി ബസ്സുകളിൽ കയറുന്നത് എനിക്ക് ഇഷ്ടമല്ല . സഡൻ ബ്രേക്കിട്ടാൽ  യാത്രക്കാരൻ  ബസിന്‍റെ മുൻഭാഗത്തേക്ക് എത്തും.,Disgust
ഒരു സ്ഥാപനത്തിൽ  ചേരാത്തതിന് എന്‍റെ അയൽക്കാരി  മുടന്തൻ ഒഴികഴിവായി അവളുടെ മുത്തശ്ശി മരിച്ചുവെന്നു പറഞ്ഞത് എനിക്ക് തീരെ ശരിയായി തോന്നിയില്ല.,Disgust
ഫ്രണ്ട്സ് അവഗണിച്ചതു കൊണ്ട് പാർട്ടിയിൽ ആ കുട്ടി  ഒറ്റയ്ക്ക് ഇരുന്നു.,Sadness
അഹമ്മദാബാദ് എയർപോർട്ട് റൺവേയിൽ ഒരു അടി വെള്ളം കയറിയപ്പോൾ എനിക്ക് എന്‍റെ കണ്ണുകളെ വിശ്വസിക്കാൻ പറ്റിയില്ല.,Surprise
ജയിച്ച ടീമിന്‍റെ സ്പോര്‍ട്സ്മാന്‍സ്പിരിറ്റില്ലാത്ത പ്രകടനം നാണക്കേടായിരുന്നു.,Disgust
മര്യാദയില്ലാത്ത ഡോക്ടറെയൊന്നും എനിക്ക് കാണേണ്ട.,Anger
"സർ, അമൃത്സര്‍ എക്സ്പ്രസ് നന്നായി മെയിന്‍റയിൻ ചെയ്യുന്നുണ്ടോ? കഴിഞ്ഞ തവണ യാത്ര ചെയ്തപ്പോൾ ഞാൻ അത് വെറുത്തുപോയി . ടോയ്‌ലറ്റുകൾ എന്ത് വൃത്തികേടാ .",Disgust
"ഈ കേക്ക് ഞാൻ ഓർഡർ ചെയ്ത അതേ ചോക്ലേറ്റ് ഫ്ലേവർ  അല്ലെങ്കിൽ, നിങ്ങൾ ഖേദിക്കും!",Anger
"പോസിറ്റീവ് ആയ വാർത്തകളിലും, നേട്ടങ്ങളിലും ശ്രദ്ധ കേന്ദ്രീകരിക്കുന്ന ചില സൈറ്റുകളിൽ നിന്നുള്ള ആർട്ടിക്കിളുകൾ വായിക്കുമ്പോൾ എനിക്ക് ഭയങ്കര സന്തോഷം തോന്നും.",Happiness
ഈ പ്രായപൂർത്തിയാകാത്ത കുട്ടിയുടെ അക്കൗണ്ടിനായി ബാങ്ക് വാഗ്ദാനം ചെയ്യുന്ന പലിശ നിരക്ക് കണ്ടപ്പോൾ എനിക്ക് വിശ്വസിക്കാൻ കഴിഞ്ഞില്ല! ഞാൻ പ്രതീക്ഷിച്ചതിലും എത്രയോ കൂടുതലായിരുന്നു  അത്.,Surprise
"ആധുനിക ഉപകരണങ്ങളുള്ള ഒരു അടുക്കളയും എന്‍റെ പാചക പരീക്ഷണങ്ങൾക്കായി കുറെ സ്ഥലവും ഒക്കെ  ഞാൻ പ്രതീക്ഷിച്ചതാ , പക്ഷേ മിക്ക വാടക സ്ഥലങ്ങളും എന്നെ നിരാശപ്പെടുത്തി.",Sadness
എന്‍റെ പ്രിയപ്പെട്ട കോഫി ഷോപ്പിന് അടുത്തായി ഒരു വാടക വീട് കിട്ടുമെന്ന് ഞാൻ കരുതിയേയില്ല. അതൊരു ബോണസ് ആണ്!,Surprise
സ്ഥാപനത്തിലെ ചെലവ് കുറയ്ക്കണം എന്നാണല്ലോ നിങ്ങളും ഞാനും ഒരുപോലെ ചിന്തിക്കുന്നത്. നന്നായി.,Happiness
പ്രതീക്ഷിച്ച ഫലം കിട്ടുന്നില്ല. അമിത വിലയും. ഇതെന്താ കൊള്ളയോ?,Anger
ഗോതമ്പിന്‍റെ ചാക്കിൽ ഞാൻ ഒരു ചത്ത എലിയെ  കണ്ടു .,Disgust
നിങ്ങൾ മറ്റൊരു ബെഡ്‌റൂമിൽ  ആയിരുന്നപ്പോ  ആളുകൾ വേറൊരു ബെഡ്‌റൂമിൽ  നിന്ന് മോഷ്ടിക്കുന്നത് നിങ്ങളുടെ  ശ്രദ്ധയിൽ പെട്ടില്ലേ ?,Surprise
നിങ്ങൾക്ക് നാളെ മറ്റൊരു കടയിൽ പോകാം . ഇനി ഇവിടെ വരരുത്.,Anger
കടുത്ത തണുപ്പിൽ വൈദ്യുതി ലൈനുകൾ പൊട്ടിത്തെറിച്ചപ്പോൾ ആ ഇരുട്ടിൽ ഇരുന്ന് ഞങ്ങൾ എല്ലാവരും പേടിച്ച് വിറയ്ക്കാൻ തുടങ്ങി.,Fear
സർക്കാരിന് പൊതുവിദ്യാഭ്യാസത്തോട് യാതൊരു പരിഗണനയും ഇല്ല.,Anger
ആരൊക്കെയോ കൊള്ളയടിച്ചതിന് ശേഷം ഞങ്ങളുടെ വെയർഹൌസിൽ വരാനിരിക്കുന്ന സാധനങ്ങളുടെ ചെക്കിംഗിനെപ്പറ്റി എനിക്ക് ആശങ്കയുണ്ട്.,Fear
ഒരു അപകടത്തിൽ കുടുംബം നഷ്ടപ്പെട്ടപ്പോൾ എന്‍റെ ഹൃദയം തകർന്നുപോയി .,Sadness
ആ വീഡിയോ ഗെയിം ആകെ  തകരാറിലായി ക്രാഷ് ആകുന്നു. അത് എന്നെ ഭ്രാന്തനാക്കാ.,Anger
ഭ്രാന്തി. നിന്‍റെ റാക്കറ്റ് മുറുകെ പിടിക്കൂ . ഞാൻ നിന്നെ പഠിപ്പിച്ചത് ഓർമയില്ലേ.,Anger
"വിമാനത്തിൽവെച്ച് എനിക്ക്  സമനില തെറ്റി , എന്‍റെ സീറ്റിൽ ചവിട്ടുന്നത് നിർത്താൻ വിസമ്മതിച്ചതിനാൽ എന്‍റെ പിന്നിലുള്ള സീറ്റിലുള്ള യാത്രക്കാരനോട് ഞാൻ ആക്രോശിച്ചു .",Anger
ഹെൽത്ത് സെന്ററിൽ  നിന്നുള്ള ഡോക്ടർമാർ അർദ്ധരാത്രിയിൽ എന്നെ കാണാൻ വന്നപ്പോ  ഞാൻ ഞെട്ടിപ്പോയി.,Surprise
"എന്‍റെ മോനില്ലേ, അവൻ ഹ്യുമാനിറ്റീസിന് പകരം എഞ്ചിനീയറിംഗ് ബിരുദം എടുക്കാൻ തീരുമാനിച്ചപ്പോ ഞാൻ ഞെട്ടിപ്പോയി.",Surprise
സഹോദരങ്ങളോടൊപ്പം സമയം ചെലവഴിക്കാൻ എനിക്ക് ഇഷ്ടമാണ്. ഞങ്ങൾ ഒത്തുകൂടുമ്പോ നല്ല രസാണ്.,Happiness
ഇന്‍റർനെറ്റ് കണക്ഷൻ സ്ലോ ആയോണ്ട് ഓഫീസ് മീറ്റിംഗിൽ സംഭാഷണം മുറിഞ്ഞു പോയത് എന്നെ പ്രകോപിപ്പിച്ചു.,Anger
"എന്തിനാണ് സാർ ഇങ്ങനെ നോക്കുന്നത്? കാന്‍സല്‍ ചെയ്തതിന്‍റെ റീഫണ്ടിനാണ് ഞാന്‍ ഇവിടെ നിൽക്കുന്നത്, പക്ഷെ നിങ്ങളെന്നെ വെറുപ്പിക്കുന്നു.",Disgust
ഒരു കസ്റ്റമർ പറയുന്നത്  കേൾക്കാൻ തയ്യാറല്ലെങ്കിൽ നിങ്ങൾ ഫീഡ്ബാക്ക്  ചോദിക്കരുത്.,Anger
ബാങ്കിൽ നിന്ന് എടുത്തതിനുശേഷം പുതുതായി അച്ചടിച്ച കറൻസി നോട്ടുകൾ മണക്കുമ്പോഴെല്ലാം എനിക്ക്  നല്ല സന്തോഷമാണ്.,Happiness
ക്ലബ് മഹീന്ദ്ര റിസോർട്ടുകളിലെ അംഗങ്ങൾക്കുള്ള പ്രത്യേക ഡിസ്കൗണ്ട് അടിപൊളിയാ.,Surprise
"ആ ഹൊറർ സിനിമ കണ്ട് ഞാൻ ശരിക്കും പേടിച്ചുപോയി, നോക്കുന്നിടതെല്ലാം പ്രേതം ഉള്ളപ്പോലെ തോന്നുവാ.",Fear
ഇന്ന് എന്‍റെ വിദ്യാർത്ഥികളിൽ ഒരാൾ എന്നെ ലിങ്ക്ഡ്ഇനിൽ പരാമർശിച്ചപ്പോ എനിക്ക് വളരെ സന്തോഷം തോന്നി.,Happiness
"ഒരു ഭക്ഷണ നിരൂപകൻ എന്ന നിലയിൽ, റെസ്റ്റോറന്‍റില്‍ എന്‍റെ ഉൾപ്പെടെ ചുറ്റുമുള്ള മേശകളിലേക്കും ഫുഡ് വരുന്നത് ക്രമരഹിതവും, സ്ലോ ആയിട്ടും ആണെന്നത്  എന്നെ ചൊടിപ്പിച്ചു.",Sadness
"എന്‍റെ ജോലി പോകും , സർ. ദയവായി ആരെയും വിളിക്കരുത്.",Fear
"ഡോക്ടർ, എന്‍റെ ടെസ്റ്റ് റിസൽറ്റുകളിൽ എന്തേലും കുഴപ്പുണ്ടോ ?എനിക്ക് വേറെ കുഴപ്പൊന്നുല്ലലോ ?",Fear
ഞാൻ ഒരിക്കലും ഇത്രയധികം പ്രകോപിതനായിട്ടില്ല. പരിഹാസ്യമായ പ്രശ്നങ്ങളെക്കുറിച്ച് നിരന്തരം വിഷമിക്കേണ്ടതില്ലാതെ പ്രവർത്തിക്കുന്ന ഒരു ഫ്രിഡ്ജ് എനിക്ക് വേണം!,Anger
"ഒരു ഞായറാഴ്ച ഞാൻ മെസ്സിൽ ബിരിയാണി കഴിക്കുമ്പോ എനിയ്ക്ക് ഒരു പുഴുവിനെ കിട്ടി, വേഗം ഞാനത് തുപ്പി. ഇനി ഒരിക്കലും മെസ്സിൽ നിന്ന് ബാസ്മതി റൈസ് ഞാൻ കഴിക്കില്ല.",Disgust
കരാറുകാരും രാഷ്ട്രീയക്കാരും പൊതുജനങ്ങളെ സഹായിക്കാതെ പണമുണ്ടാക്കാനാണ് എപ്പഴും നോക്കുന്നത്.,Disgust
"ഞങ്ങൾ ബുക്ക് ചെയ്ത ഈ താമസസ്ഥലം ഓൺലൈനിൽ കണ്ട ഫോട്ടോകളുമായി ഒട്ടും സാമ്യമല്ല, അത് തീർച്ചയായും നിരാശയുണ്ടാക്കുന്നേ.",Sadness
ഹോട്ടലിലെ ഒച്ചപ്പാടും ബഹളവും കാരണം ഇന്നലെ ഒരു പോള കണ്ണടയ്ക്കാൻ പറ്റിയിട്ടില്ല.,Sadness
എനിക്കെന്ത് ചെയ്യാൻ കഴിയുമെന്ന് എല്ലാർക്കും കാണിച്ചുകൊടുക്കാനുള്ള ഒരു അവസരം കാത്തിരിക്കുകയാണ് ഞാൻ.,Happiness
"ചേച്ചി, പാത്രങ്ങൾ വൃത്തിയാക്കിയതിനു വളരെ നന്ദിണ്ട്. നിങ്ങളുടെ സഹായമില്ലാതിരുന്നെങ്കിൽ ഞാൻ എന്തു ചെയ്യായിരുന്നുന്ന്  എനിക്കറിയില്ല.",Happiness
യൂണിവേഴ്സിറ്റി കഫറ്റീരിയയിലെ ഫുഡ് ഒരു തിരിച്ചറിവായിരുന്നു. അത് ഇത്രേം നല്ലതാവുമെന്ന് ഞാൻ പ്രതീക്ഷിച്ചില്ല.,Surprise
കാറ്റിന്‍റെയും പക്ഷികളുടെയും ശബ്ദം കേട്ടുകൊണ്ട് കടലിന് അഭിമുഖമായി ഒരു മലഞ്ചെരുവിൽ ഞാൻ സമാധാനത്തോടെ ഇരുന്നു.,Happiness
എന്‍റെ കാർ സർവീസ് ചെയ്തുകഴിഞ്ഞാൽ ഗാരേജ് ബേസിക് സർവീസ് ബില്ലിലേക്ക് വേറെ കുറെ  ഫീസും അപ്രതീക്ഷിത ചെലവുകളും  ചേർക്കുമോ?,Fear
ജീവനക്കാർക്ക് ഇമെയിലുകൾ അയയ്ക്കുന്നതിൽ നിന്ന് കമ്പനി പുറത്തു നിന്നുള്ളവരെ തടഞ്ഞിരിക്കാ. എത്രയാ വൈറസ് അറ്റാക്ക്!,Fear
"ഈ ക്വാർട്ടറിലെ   വരുമാനത്തിലെ ഇടിവിൽ ഞാൻ നിരാശനാണ്, ഇത് സമീപഭാവിയിൽ വളർച്ചയെ സങ്കൽപ്പിക്കാൻ പ്രയാസകരമാക്കുന്നു.",Sadness
സഹാനുഭൂതി കാണിച്ച് മദ്യപാനികളെ അത് മറികടക്കാൻ സഹായിക്കുന്നതിനുപകരം അവഗണിക്കുന്നത് ഒട്ടും ശരിയല്ല.,Anger
നമ്മുടെ കടയുടെ ബ്രാൻഡിങ് ഒക്കെ പഴഞ്ചനായിട്ടുണ്ട്; എത്ര കാലം എന്നുവെച്ചിട്ടാണ് ഈ പഴയ പേരും ലോഗോയും ഒക്കെ വെച്ച് കട നടത്തുക?,Sadness
ഈ എക്സ്പയർ ആയ പ്രോഡക്ട് ഒക്കെ കടയിൽ സ്റ്റോക്ക് ചെയ്ത് വെക്കണം എന്നുവെച്ചാൽ എങ്ങനെയാ! ഇവരെക്കൊണ്ടുള്ള ഒരു ബുദ്ധിമുട്ട് ചില്ലറ ഒന്നും അല്ല.,Disgust
ഇത്ര പ്രധാനപ്പെട്ട ഒരു സംരംഭമായിട്ടും മുകളിൽ നിന്ന് ഒരു പിന്തുണയും ഇല്ലാത്തത് ഭയങ്കര കഷ്ടമാണ്.,Sadness
റോഡിന്‍റെ ഇരുവശത്തും തുറന്ന അഴുക്കുചാലാ.  അതിലൂടെ നടക്കുമ്പോ ഛർദ്ദിക്കാൻ വരും.,Disgust
കളിക്കാരുടെ ഈ എപ്പോഴുമുള്ള  സമയം പാഴാക്കല്‍ തന്ത്രങ്ങൾ കണ്ടാല്‍  ദേഷ്യം വരും.,Disgust
"പുസ്തകങ്ങൾക്കുള്ള ഡിസ്‌ക്കൗണ്ട് ദയനീയമാണ്, അവർ പെരുമാറിയ രീതി വളരെ മോശമാണ്. അത് ഓര്‍ക്കാനേ ഇഷ്ടപ്പെടുന്നില്ല.",Disgust
"എല്ലാ ടിവി ചാനലുകളും അവരുടെ ടി.ആർ.പി.റേറ്റിംഗുകളിലാ  ശ്രദ്ധിക്കുന്നെ. കാഴ്ചക്കാരിൽ എന്തു സ്വാധീനം ചെലുത്തിയാലും റേറ്റിംഗ് വർദ്ധിപ്പിക്കുന്ന ഏതെങ്കിലും സെൻസേഷണൽ വാർത്ത കാണിക്കണം, അത്രതന്നെ.",Disgust
ഹൈ സ്പീഡ് ഡൌൺഹിൽ സ്കീ റേസിനായി   തയ്യാറെടുക്കുമ്പോ  ജഗൻ  ആകെ വിറച്ചുപോയി .,Fear
വഴിയിലെ നാറുന്ന കുപ്പ കണ്ട് വിനോദസഞ്ചാരികളൊക്കെ പെട്ടെന്ന് തിരിഞ്ഞ് മൂക്കും വായും പൊത്തി.,Disgust
നിയമ കാര്യങ്ങളിൽ മാർഗനിർദേശവും പിന്തുണയും തേടി ഞാൻ അഭിഭാഷകനെ സമീപിച്ചെങ്കിലും ഒരു ഫലവുമുണ്ടായില്ല!,Sadness
മറുപടി ആവശ്യപ്പെട്ട് കക്ഷി അഭിഭാഷകന്‍റെ ഓഫീസിൽ അതിക്രമിച്ചു കയറുകാന്നു വച്ചാല്‍?,Anger
ഡൽഹിയിലെ സരോജിനി മാർക്കറ്റിൽ വച്ച് എന്‍റെ മകനെ കാണാതായപ്പോ ഞാൻ വല്ലാതെ പേടിച്ചുപോയി .,Fear
പുതിയ നികുതിപരിഷ്കരണം മധ്യവർഗ കുടുംബങ്ങളിൽ ഇത്ര ഗുണം ചെയ്യുമെന്ന് ഞാൻ ഒട്ടും പ്രതീക്ഷിച്ചില്ല.,Surprise
അവരുടെ കാഴ്ചപ്പാടുകളെ ഞാൻ സ്വാഗതം ചെയ്യുന്നതിനാൽ വിദ്യാർത്ഥികൾ ഇപ്പോഴും എന്നോട്  കാര്യങ്ങൾ ചോദിക്കുന്നു.,Happiness
ടൈറ്റാനിക്കിലേക്ക് ഡൈവിംഗ് ചെയ്യാൻ എനിക്കു  വളരെ പരിഭ്രാന്തി ഉണ്ടായി .,Fear
ഇവിടുത്തെ ലോക്കൽ ഫോക്ആര്‍ട്ടുകളൊക്കെ വിചാരിച്ചതിനേക്കാൾ അടിപൊളിയാണല്ലോ!,Surprise
എ.ഐ. വളരെയധികം പുരോഗമിക്കുകയും നെഗറ്റീവ് പ്രത്യാഘാതങ്ങളുള്ള തീരുമാനങ്ങൾ എടുക്കാൻ തുടങ്ങുകയും ചെയ്താൽ എന്ത് സംഭവിക്കുമെന്ന് എനിക്ക് പേടി ഉണ്ട്.,Fear
ഇങ്ങനൊരു  പൊട്ട  സിനിമ നിർമ്മിച്ചതിന് സംവിധായകനോട് എനിക്ക് കടുപ്പായി.,Anger
"ആളുകളെ ഇറക്കാനും, കൂടുതൽ ആളുകളെ കയറ്റാനും വേണ്ടി റോഡിന് നടുവിൽ ബസ് നിർത്തിയപ്പോൾ ഭയങ്കര ട്രാഫിക് ആയി.",Sadness
ഞാൻ ഓൺലൈനിൽ ചെലവഴിക്കുന്ന സമയം അമ്പത്‌ ശതമാനം കുറച്ചതിന് ശേഷം എനിക്ക് ഇപ്പോൾ കൂടുതൽ പോസിറ്റീവ് ആയി തോന്നുന്നു,Happiness
ആഘോഷത്തിന്‍റെ പ്രധാന ആകർഷണമായ ഞങ്ങളുടെ കസ്റ്റം മെയ്ഡ് കേക്ക് കൊണ്ട് അത്ഭുതപ്പെടുത്താനും ആസ്വദിക്കാനും തയ്യാറാകുക.,Surprise
ഈ വർഷം എന്‍റെ നെറ്റ്ഫ്ലിക്സ് സബ്സ്ക്രിപ്ഷന്  എനിക്ക് വലിയ ഡിസ്‌കൗണ്ട് കിട്ടി  . എനിക്കിപ്പോ  വേവലാതിപ്പെടാതെ എത്ര സിനിമകൾ വേണമെങ്കിലും കാണാം.,Happiness
ഞാൻ മുമ്പ് ഓൺലൈനിൽ ബുക്ക് ചെയ്തിട്ടുള്ളതിനാൽ  റെയിൽവേ ബുക്കിംഗ് ക്ലാർക്കുമായി ഇടപഴകുന്നതിലും കാര്യങ്ങൾ കുഴപ്പാക്കുന്നതും എനിക്ക് വയ്യ.,Fear
ഡാര്‍ജിലിങ്ങില്‍ ഈ സമയത്ത് ഇത്ര ട്രാഫിക്ക് ഉണ്ടാവും എന്ന് ഞാൻ ഒട്ടും പ്രതീക്ഷിച്ചില്ല.,Surprise
എട്ട് സീറ്റുകളുള്ള ചെറിയ വിമാനത്തിൽ ഞങ്ങളുടെ ഹാൻഡ് ബാഗേജ് പോലും കൊണ്ടുപോകാൻ അനുവദിക്കാത്തത് എന്നെ ഞെട്ടിച്ചു .,Surprise
അവർ ജൂലിയസ് സീസർ നാടകം നന്നായി തന്നെ അവതരിപ്പിച്ചു. ആദ്യം മുതൽ അവസാനം വരെ ഒരു മടുപ്പും തോന്നിയില്ല.,Happiness
"നിങ്ങടെ കുട്ടിക്ക് അടുത്ത ക്ലാസിലേക്ക് സ്ഥാനക്കയറ്റം കിട്ടുന്ന് എനിയ്ക്ക് തോന്നണില്ല, ഒരു പരീക്ഷയ്ക്ക് പോലും അവനു നല്ല മാർക്ക് കിട്ടിയിട്ടില്ല .",Sadness
ഈ കേടായ ഫ്രിഡ്ജ് കാരണം എല്ലാ ദിവസവും രാവിലെ എന്റെ അടുക്കളയിലെ ഈ  വെള്ളക്കെട്ട് കൊണ്ട് ഞാൻ  മടുത്തു ! ഞാൻ ഒരു മെക്കാനിക്കിനെ വിളിക്കാൻ പോകുന്നു .,Anger
ഫോണിൽ മൂന്ന്  തവണ വിളിച്ച് പറഞ്ഞിട്ടും  ബേക്കർ എന്‍റെ ഓർഡർ ഓർക്കാത്തപ്പോൾ ഞാൻ നിരാശനായി.,Anger
എന്‍റെ കാറിന്‍റെ  ബോഡി റിപ്പയറിനു   താങ്ങാനാവുന്ന പൈസയെ ആയുള്ളൂ എന്നതിൽ എനിക്ക് സന്തോഷമുണ്ട്.,Happiness
"പല അനുകൂല റിവ്യൂസ് കണ്ടാണ് ആ സിനിമ കാണാന്‍ പോയത്, കഷ്ടം, കണ്ടിരിക്കാന്‍ വയ്യായിരുന്നു, ബോറടിച്ച് ഇന്റര്‍വെല്ലിന് ഇറങ്ങിപ്പോരേണ്ടി വന്നു.",Disgust
എന്‍റെ വയറ് എല്ലാത്തരം ഭക്ഷണങ്ങളോടും പൊരുത്തപ്പെട്ടുവെന്ന് എനിക്ക് തോന്നുന്നതിനാൽ എനിക്ക് വലിയ ശ്രദ്ധ ഒന്നും ഇല്ല.,Happiness
"അത്തരം പെരുമാറ്റവും, സഹായം തേടുമ്പോൾ വെറുപ്പും ആരും സഹിക്കേണ്ടതില്ല.",Disgust
ഓൺലൈൻ ക്ലാസുകൾ വളരെ രസാ. ഞാൻ വെറുതെ  എന്‍റെ ലാപ്ടോപ്പും ഓണാക്കി വെച്ച്  മീറ്റിംഗിൽ ജോയിൻ ചെയ്ത് ഉറങ്ങും .,Happiness
തിരിച്ചു വീട്ടിലേക്കു  യാത്ര വളരെ നല്ലതായിരുന്നു. എനിക്ക്ഇഷ്ടപ്പെട്ട കിഷോർ കുമാറിന്‍റെ പാട്ടുകളാ ഡ്രൈവർ വെച്ചിരുന്നെ.,Happiness
"ആ സൂപ്പര്‍മാര്‍ക്കറ്റില്‍ ആകെ പൊടിയും പിന്നെ  ഭയങ്കര നാറ്റവുമാണ്, ഓ, അവിടെ നില്‍ക്കാന്‍ പറ്റില്ല.",Disgust
"മോശമായി സംഘടിപ്പിച്ച പരിപാടിയെക്കുറിച്ചു എല്ലാവരിൽ നിന്നുമുള്ള പ്രശംസ വെറുപ്പിക്കുന്നതായിരുന്നു , പ്രത്യേകിച്ചും തുടക്കം മുതൽ അവസാനം വരെ ഇത് ആകെ അലങ്കോലമായി.",Disgust
എന്‍റെ കാറിന്‍റെ എഞ്ചിനിൽ എനിക്ക് ഈ വിചിത്രമായ ശബ്ദമുണ്ട്. ഇത് പ്രശ്നമാകുമോ?,Fear
"ഞാൻ ഇതുവരെ മൂന്ന് റൈഡുകൾ ബുക്ക് ചെയ്തതാ , എന്നാൽ എല്ലാ തവണയും ഡ്രൈവർ അത് ക്യാൻസൽ ആക്കി .",Sadness
ഡ്രൈവർ ഷെയർ ഓട്ടോയിൽ ആളുകളെ  തിക്കി തിരക്കി കേറ്റിയതിലും  ഇരിക്കാൻ വളരെ കുറച്ച് സ്ഥലം മാത്രം ഉള്ളതുകൊണ്ടും  എനിക്ക് ദേഷ്യം വന്നു.,Anger
ഫോണുകൾ എങ്ങനെ വർക്ക് ചെയ്യുന്നെവെന്നു മനസ്സിലാകാത്ത  ഒരു വിഡ്ഢിയാണ് ഞാൻ എന്ന്  നിങ്ങൾ കരുതുന്നുണ്ടോ?,Anger
എന്‍റെ കാർ മാറ്റുന്നതിനേക്കാൾ നല്ലത് റിപ്പയർ ചെയ്യുകയാണെന്ന് മെക്കാനിക് പറഞ്ഞപ്പോ ഞാൻ ഞെട്ടിപ്പോയി. അത് കേട്ടപ്പോ നല്ല ആശ്വാസം തോന്നി.,Surprise
"ഇത്   എക്കാലത്തെയും എന്‍റെ പ്രിയപ്പെട്ട ഭക്ഷണമാണ്, നിങ്ങൾ സമ്മതിക്കുകയാണെങ്കിൽ , ദിവസം മുഴുവൻ ഞാൻ ഇത് തന്നെ കഴിക്കും.",Happiness
സിനിമയില്‍ ഒരു വൃദ്ധനെ ഒരു കൂട്ടം യുവാക്കൾ ആക്രമിക്കുന്നത് കണ്ടപ്പോ  എനിക്ക് ദേഷ്യം തോന്നി.,Anger
"അപ്പന്‍റെ ഗുണം തന്നെ! സർ, ദയവായി പൊതുസ്ഥലത്ത് നിങ്ങളുടെ വിരൽ  മൂക്കിലിടുന്നത്  നിർത്തൂ.",Disgust
സോഷ്യല്‍ മീഡിയയില്‍ നടക്കുന്ന സ്ത്രീവിരുദ്ധത കാണുമ്പോള്‍ നമ്മുടെ നാട് എങ്ങോട്ട് പോകുന്നുവെന്നോര്‍ത്ത് കഷ്ടം തോന്നും.,Disgust
ഡൽഹിയിലേക്കുള്ള ട്രെയിൻ ടിക്കറ്റ് ബുക്ക് ചെയ്യുന്നതിന് റെയിൽവേ ബുക്കിംഗ് ക്ലാർക്ക് ബദൽ മാർഗ്ഗങ്ങൾ നൽകാൻ വിസമ്മതിച്ചപ്പോ എനിക്ക് ആ വൃദ്ധനോട് സഹതാപം തോന്നി.,Sadness
"ഓരോ തവണയും   ഒരു അണ്ണാനെ  കാണുമ്പോ, ആ എലിയുടെ ഓർമ വരും.",Disgust
അച്ഛൻ എന്‍റെ മാർക്ക് ഷീറ്റ് കണ്ടാ  എന്താ  പറയാന്ന് എനിക്കറിയില്ല.,Fear
വീട്ടിലെ ചില ഉത്തരവാദിത്തങ്ങൾ എനിക്ക് കൈകാര്യം ചെയ്യാൻ വായ്പയെടുക്കേണ്ടി വന്നപ്പോൾ ഭയങ്കര കഷ്ടം തോന്നി.,Sadness
കഴിഞ്ഞ മാസം എനിക്ക് അസുഖം വന്നപ്പോൾ എന്‍റെ ഭാര്യ ശരിക്കും കൂടെ നിന്ന് ശ്രദ്ധിച്ചത് എനിക്കിഷ്ടായി.,Happiness
"ഇവന്റ് സമയത്ത് വളരെ ശക്തമായി മഴ പെയ്യുമെന്ന് ഞാൻ കേട്ടു , ഇവന്റ് മാനേജർ അത് എങ്ങനെ കൈകാര്യം ചെയ്യുമോ എന്തോ!",Fear
വലിയ കടകളിൽ നിന്ന് ഇലക്ട്രോണിക്സ് വാങ്ങുന്നത് ഞാൻ പരമാവധി ഒഴിവാക്കാൻ നോക്കുവാ. പണികിട്ടിയാല്‍ അവന്മാര് തിരിഞ്ഞുനോക്കില്ല.,Fear
ഈ വാടക യൂണിറ്റ് എത്രത്തോളം ആധുനികവും നന്നായി പരിപാലിക്കപ്പെടുന്നതുമാണ് എന്നത് ശ്രദ്ധേയമാണ്! എനിക്കായി ഇത് കണ്ടെത്തിയ ഹൗസ് ബ്രോക്കർക്ക് ഞാൻ നന്ദി പറയണം.,Surprise
ഹോട്ടലിന്‍റെ അടുക്കളയിൽ ശുചിത്വമില്ലാത്തതിൽ ഞാൻ ശരിക്കും അസ്വസ്ഥനായിരുന്നു. വൃത്തികെട്ട പാത്രങ്ങളും അശുദ്ധമായ കൗണ്ടറുകളും കാണുന്നത് തന്നെ വെറുപ്പാണ് .,Anger
കൗൺസിലിംഗ് സമയത്ത് എന്‍റെ പോരാട്ടങ്ങളെക്കുറിച്ച് സംസാരിക്കുമ്പോൾ ഞാൻ തളർന്നുപോയി. അതെന്നെ കൂടുതൽ ദേഷ്യപ്പെടുത്തി.,Anger
"എനിക്ക് നിങ്ങളെ എന്‍റെ ഓട്ടോയിൽ നോർത്ത്  ചെന്നൈയിലേക്ക് കൊണ്ടുപോകാൻ കഴിയില്ല, കാരണം സൗത്ത്  ചെന്നൈയിൽ എന്‍റെ കുട്ടി സുഖമില്ലാതെ ഇരിക്കുന്നതോണ്ട് ഞാൻ ആകെ ടെൻഷനിലാ.",Sadness
അഫ്ഗാനിസ്ഥാനിലെ താലിബാന്‍റെ വിജയം കാരണം സ്ത്രീകളുടെ ഭാവി എന്താകുമോ!,Fear
എന്‍റെ കുട്ടികൾക്കു  കളിക്കാനും ഓർമിക്കാനും  ഒരു വലിയ വീട്ടുമുറ്റമുള്ള ഒരു സ്ഥലത്തിന് എനിക്ക്  ബജറ്റ് ഇല്ലാത്തതിൽ ഞാൻ ദുഃഖിതനായിരുന്നു.,Sadness
എന്‍റെ ഇൻഷുറൻസ് ക്ലെയിം എന്താ കിട്ടാഞ്ഞേന്നോ? അതീ ആശുപത്രി എന്‍റെ റീഇംബേഴ്‌സ്‌മെന്‍റിന്‍റെ കടലാസു മൊത്തം കുഴപ്പമാക്കിയതോണ്ടാ.,Anger
"ഇരുപത്തിനാല്  മണിക്കൂറും തുറക്കുന്ന ഒരു വലിയ വാൾമാർട്ട് സ്റ്റോർ ആണ്; എന്നാലോ, കസ്റ്റമേഴ്‌സിനെ സഹായിക്കാൻ ഒരാളെയും വെക്കില്ല.",Disgust
ഇത് ഒരു നിയമാനുസൃത ഷോറൂം പോലെ തോന്നുന്നില്ല . കാർ വാങ്ങാൻ  ഡീലർ ഞങ്ങളെ ഭീഷണിപ്പെടുത്തുന്നത്എന്തിനാ?,Fear
പ്രാക്ടീസ് ക്ലാസ്സിനിടെ എൻ്റെ കുട്ടി തൻ്റെ സംഗീത അദ്ധ്യാപകനോട് സഹകരിക്കാൻ വിസമ്മതിച്ചപ്പോൾ എനിക്ക് ദേഷ്യം വന്നു.,Anger
പുതിയ പ്രിൻസിപ്പൽ കഴിഞ്ഞ വർഷം റിട്ടേറായ ഞങ്ങളുടെ പ്രിയപ്പെട്ട ടീച്ചർ തന്നെയാണെന്നുകണ്ടപ്പോ ഞങ്ങൾ അദ്ഭുതപ്പെട്ടു പോയി .,Surprise
എനിക്ക് റവന്യൂ നമ്പറുകളിലേക്ക് ആക്സസ് ഇല്ലെന്നു  നിങ്ങൾക്കറിയില്ലായിരുന്നോ?,Surprise
ഞാൻ നിങ്ങളെ സംസാരിക്കാൻ  അനുവദിച്ചില്ലെന്നോ! വാസ്തവത്തിൽ നിങ്ങടെ കാര്യങ്ങൾ പറയാൻ ഞാൻ നിങ്ങൾക്ക് വേണ്ട സമയം തന്നതാ.,Surprise
ഓരോ ഇരുപത്‌ മിനിറ്റിലും ഒരു സിഗ്നൽ അയക്കുന്നതായി തോന്നുന്ന ഒരു ഖഗോളപിണ്ഡം ജ്യോതിശാസ്ത്രജ്ഞരെ ഞെട്ടിച്ചു.,Surprise
വില കുറയുന്നത് ലാഭവിഹിതത്തെ പ്രതികൂലമായി ബാധിക്കാനുള്ള സാധ്യതയെക്കുറിച്ച് ഞാൻ ആശങ്കപ്പെടുന്നു.,Fear
ഒരു പുതിയ അഡ്രസ്സിലേക്ക് ഗ്യാസ് കണക്ഷൻ ട്രാൻസ്ഫർ ചെയ്യുന്നതിനുള്ള  കാര്യങ്ങളെക്കുറിച്ച് ഫോണിലൂടെ  ഞങ്ങളോട് വിളിച്ചു ചോദിക്കാതെ നിങ്ങൾ എന്തിനാ  ഗ്യാസ് ഏജൻസിയിൽ വന്നത്?,Anger
പ്രൊഡക്ടിൻ്റെ സവിശേഷതകൾ മാത്രം വിശദീകരിച്ചിരുന്നാൽ വേറെ പ്രധാനപ്പെട്ട വല്ലതും വിട്ടുപോയാലോ?,Fear
ഒരു കസ്റ്റമര്‍ ഒരു വനിതാ ജീവനക്കാരിയുമായി ശൃംഗരിക്കുന്ന മക്ഡൊണാൾഡിന്‍റെ പരസ്യം അതിരുകടന്നതും സ്ത്രീകളെ  കച്ചവടച്ചരക്കായി ചിത്രീകരിക്കുന്നതുമാണ്.,Disgust
നിങ്ങളുടെ പിന്തുണയും അഭിനന്ദനവും ഒരു അദ്ധ്യാപകൻ എന്ന നിലയിൽ എനിക്ക് വലിയ കാര്യമാണ്.,Happiness
എനിക്ക് കരളിന്‍റെ ആ രുചി തീരെ പിടിക്കില്ല.,Disgust
"ഞാൻ ഇന്നലെ  വാങ്ങിയ പഴമാണ് , പക്ഷേ ഇപ്പത്തന്നെ അത് ചീഞ്ഞുപോയി.",Sadness
വാൽവ് തകരാറിലായി  ഗ്യാസ് വിതരണം തടസ്സപ്പെട്ടതിനാൽ ഞങ്ങൾ പട്ടിണി കിടന്നപ്പോൾ എനിക്ക് വിഷമമായി.,Sadness
"റോളർകോസ്റ്റർ  വേണോ വാട്ടർ റൈഡ്  വേണോ എന്ന് ഞാൻ തീരുമാനിക്കും, കേട്ടോ.",Anger
"കാസ്റ്റിംഗ് ഡയറക്ടറുടെ ഓഫീസിലേക്ക് നടക്കുമ്പോൾ, ഈ റോള്‍ കിട്ടാനുള്ള എന്‍റെ ഒരേയൊരു അവസരമാണല്ലോന്നോര്‍ത്ത് ഹൃദയം പിടച്ചു.",Fear
"വെബ്സൈറ്റിലൂടെ പുസ്തകം മുൻകൂട്ടി ഓർഡർ ചെയ്യാൻ ശ്രമിക്കുമ്പോഴെല്ലാം, സ്റ്റോക്ക് ഇല്ലെന്ന മെസ്സേജ് ആണ് വരുന്നത്, ഇത് എന്നെ അസ്വസ്ഥനാക്കുന്നു.",Sadness
"ഞാൻ ഒരാഴ്ച ക്രൂയിസ് ലൈനറിൽ ചെലവഴിച്ചു, മുഖത്ത് കടൽ കാറ്റേല്‍ക്കുന്നതിനേക്കാൾ സുഖം മറ്റൊന്നിനും  ഉണ്ടായിരുന്നില്ല.",Happiness
ഫുട്ബോൾ കളിക്കാരുടെ പരുക്കൻ കളി നാണം കെട്ടതാണ്.,Disgust
കാറിൽ വെക്കാൻ വാങ്ങിയ പുതിയ സ്പീക്കർ എങ്ങനെ ഉപയോഗിക്കും എന്ന് ആലോചിച്ചിരിക്കുമ്പോഴാണ് അതിൻ്റെ കൂടെ കിട്ടിയ നിർദേശങ്ങൾ കണ്ടത്; കണ്ണു തള്ളിപ്പോയി.,Surprise
"ക്ഷമിക്കണേ, സ്ഥലപരിമിതി കാരണം കേക്കിൽ ഒരു ചെറിയ മെസ്സേജ് മാത്രമേ ഉൾക്കൊള്ളിക്കാനാകൂ.",Sadness
ഈ കമ്പനിയുടെ സാമ്പത്തിക സാക്ഷരതാ സംരംഭങ്ങളുടെ അഭാവം അസ്വസ്ഥതയുണ്ടാക്കുന്നു.,Disgust
മോഡുലാർ കിച്ചൺ സ്ഥാപിക്കാൻ തൊഴിലാളികൾ നിലവിലുള്ള അലമാരകൾ പൊട്ടിച്ചപ്പോൾ അടുക്കളയിലെ പാറ്റകളെ കണ്ട് ഞാൻ ഞെട്ടിപ്പോയി.,Surprise
ഗ്യാസ് സിലിണ്ടറിന്‍റെ വില കുറഞ്ഞെന്നു ഡെലിവറി ചെയുന്ന ആൾ പറഞ്ഞപ്പോൾ എനിക്ക് സന്തോഷായി.,Happiness
ഇത്രയും മികച്ച റെസ്റ്റോറന്‍റ് സർവീസിൽ എനിക്ക് ഭയങ്കര അതിശയമായി; നല്ലൊരു  ഡൈനിംഗ് അനുഭവം ഉറപ്പാക്കാൻ അവർ എല്ലാ കാര്യങ്ങളും വളരെ നന്നായി ചെയ്തു.,Surprise
ഞാൻ ഇന്ന് ഒരു ബിസിനസും നടത്താതെ  പൈസ ഉണ്ടാക്കാതിരുന്നാ എന്‍റെ കുടുംബം പട്ടിണി കിടന്ന് ചാവും.,Fear
ലൈഫ്സ്റ്റൈലിന്‍റെ ക്ലിയറൻസിൽ അന്‍പത്  ശതമാനം ഡിസ്കൗണ്ടോ! ഒരു ചുരിദാറിനു ഇത്രയും വലിയ ഡീൽ കിട്ടുമെന്ന് ഞാൻ വിചാരിച്ചില്ല.,Surprise
ഞാൻ അബദ്ധത്തിൽ തള്ളിയപ്പോ  അമ്മൂമ്മ വീണു പോയതിന് ഇത്ര പ്രശ്നമുണ്ടാക്കണോ?,Anger
മറ്റ് ബിസിനസുകൾ അടച്ചുപൂട്ടുന്നതിന് എന്നെ ഉത്തരവാദിയാക്കുമോ?,Fear
ബോണസിൽ  ഇരുന്നൂറ് ശതമാനം  വർദ്ധനവ് ഉണ്ടെന്ന വാർത്ത കേട്ട് അവരുടെ കണ്ണു തെളിഞ്ഞു.,Happiness
വൈസ് പ്രസിഡൻ്റ്  ആയി ജോലി ചെയ്യാൻ കമ്പനി എനിക്ക് വാഗ്ദാനം ചെയ്ത ശമ്പളം എത്രയാണെന്നറിയോ? വെറും നാല്പത്തിമൂവായിരം  ഉലുവ!,Surprise
അഞ്ച്  കോടിയിലധികം കേസുകൾ കോടതിയിൽ തീർപ്പുകൽപ്പിച്ചിട്ടില്ലെന്ന് പറഞ്ഞതിന് ശേഷം നമ്മുടെ നിയമവ്യവസ്ഥയെ ബഹുമാനിക്കാന്‍ എനിക്ക് ബുദ്ധിമുട്ടാണ്.,Disgust
ഞാൻ ഈ പുസ്തകം ഇതു വരെ വായിച്ചില്ലലോ എന്നോർക്കുമ്പോൾ എനിക്ക് എന്നോട് തന്നെ വെറുപ്പ് തോന്നുന്നു.,Disgust
എന്‍റെ കാർ പാർക്കിങ്ങിന് തൊട്ടുമുമ്പിൽ ഒരു  സന്ദർശകൻ അവരുടെ കാർ പാർക്ക് ചെയ്തു.,Anger
പുതിയ ആളുകളെ കണ്ടുമുട്ടുമ്പോൾ എനിക്ക് ഒരുതരം അങ്കലാപ്പ് ആണ്.,Fear
കേടായ ഭക്ഷണം കഴിച്ചതിന് ശേഷം നിനക്ക്   കുഴപ്പമൊന്നുമില്ലെന്ന് എനിക്ക് തോന്നുന്നില്ല.,Fear
"ഞാൻ എന്‍റെ ഫോണിൽ ബാങ്ക് ആപ്ലിക്കേഷൻ ഇൻസ്റ്റാൾ ചെയ്തതുമുതൽ, ഒരു ചെറിയ പ്രശ്നത്തിനു പോലും  എനിക്ക് ഒരിക്കലും ബാങ്കിൽ പോകേണ്ടി വന്നിട്ടില്ല.",Happiness
"അലുമിനിയം റീസൈക്ലിംഗ് പ്ലാന്‍റിലെ പണി ശരിക്കും ഭയങ്കര കഷ്ടമാണ് ,ഓരോ തവണയും ഞാൻ ഫാക്ടറിയിലേക്ക് നടക്കുമ്പോൾ എനിക്ക് വെറുപ്പ് തോന്നും.",Disgust
യുഎസിലും യൂറോപ്പിലും ഒക്കെ ഇപ്പോഴുള്ള ഈ നെഗറ്റീവ് മാർക്കറ്റ് സെന്റിമെന്റുകൾ കാണുമ്പോൾ എനിക്കെന്തോ ഒരു വല്ലായ്മ തോന്നുന്നുണ്ട്.,Fear
എന്‍റെ ജീവിതലക്ഷ്യത്തെ നയിക്കാൻ പ്രതീക്ഷയുടെ ഒരു തിളക്കത്തിനായി ഞാൻ വെറുതെ കാത്തിരിക്കുന്നു.,Sadness
ഇന്ന് ഞങ്ങളുടെ ബാൽക്കണിയിൽ വെച്ച നെന്‍മണികൾ  ഒരു കൊച്ചു അണ്ണാൻ ഇരുന്നു കഴിക്കുന്നതു ഞാൻ കണ്ടു.,Happiness
"ഞങ്ങളുടെ നികുതികൾ ഒക്കെ നന്നായി തയ്യാറാക്കിയതിൽ എനിക്ക് ആശ്വാസം തോന്നുന്നു, അതുകൊണ്ട് ഇനി ആത്മവിശ്വാസത്തോടെ ബിസിനസ്സ് വിപുലീകരിക്കുന്നതിൽ ശ്രദ്ധ കേന്ദ്രീകരിക്കാൻ പറ്റും.",Happiness
ഒരു ഗോൾ നേടിയതിന് ശേഷമുള്ള അമിതാഘോഷങ്ങൾ കുറച്ച് കൂടിപ്പോയി.,Disgust
ടി.വി. നേരെയാക്കുന്ന ആളെ നോക്കാനേ എനിക്ക് പറ്റുന്നില്ല.  ചെളി പറ്റിയ  ഒരു പിങ്ക് ഷർട്ടാണ് അയാൾ  ഇട്ടിരുന്നത്.,Disgust
ഒരു കസ്റ്റമർ എന്‍റെ മുഖത്ത് തുപ്പി. ടിഷ്യു ഇല്ലാത്തതോണ്ട് എനിക്ക് അത് കൈകൊണ്ട് തുടയ്ക്കേണ്ടിവന്നു.,Disgust
രണ്ടാഴ്ചയിൽ ഒരിക്കൽ മാത്രം വൃത്തിയാക്കുന്ന ഈ ഹോട്ടലിന്‍റെ സ്വിമ്മിംഗ് പൂൾ കണ്ടാൽ തന്നെ ഓക്കാനം വരും.,Disgust
യാന്നിയുടെ പാട്ടുകൾ കേൾക്കുമ്പോൾ ജീവിതം അർത്ഥപൂർണമായതുപോലെ അനുഭവപ്പെടുന്നു.,Happiness
ഞങ്ങൾ ഒരു റിസോർട്ടിൽ പോയ സമയത്ത് ഷെഫ് എന്‍റെ പ്രിയപ്പെട്ട വിഭവം അടിപൊളിയായി  പാകം ചെയ്യുമെന്ന് ഞാൻ പ്രതീക്ഷിച്ചില്ല.,Surprise
"തിരക്കേറിയ തെരുവുകളിൽ നിന്ന് അകലെയുള്ള ഒരു വീടാണ് ഞാൻ തിരയുന്നത്, അത് കിട്ടുമോ എന്തോ!",Fear
ഈ ലെബനീസ് വിഭവം ഒരു വിസ്മയം തന്നെ.,Happiness
"റിക്രൂട്ട് ചെയ്യുമ്പോ  പ്രായം പരിഗണിക്കാത്തതിനെക്കുറിച്ച് വലിയ  അവകാശവാദങ്ങൾ ഉന്നയിക്കും, എന്നിട്ടും ശെരിക്ക് , നാൽപത്തി അഞ്ച് വയസ്സിന് മുകളിലുള്ള ആരെലും ഉണ്ടെങ്കിൽ  അവരെ ഒഴിവാക്കുകേം ചെയ്യും.",Disgust
യു.എഎസ് .ൽ വാഹനമോടിച്ച് ശീലിച്ചിട്ട് ഇന്ത്യൻ റോഡുകളിലെ കുഴപ്പം പിടിച്ച  ഡ്രൈവിംഗ് ശീലങ്ങളോട് എനിക്ക്  വെറുപ്പ് തോന്നുന്നു.,Disgust
വേനൽച്ചൂടിലെ കുളിർമഴയാണ് കരിമ്പ് ജ്യൂസ്.,Happiness
ആ കടയിൽനിന്ന് വെള്ളം വാങ്ങാൻ അത്ര ധൈര്യം ഇല്ല; വെള്ളത്തിന് പകരം വേറെ പലതും വിൽക്കുന്നവരാണ് അവർ എന്ന് പറഞ്ഞ് കേട്ടിട്ടുണ്ട്.,Fear
"ആ മെട്രോ സ്‌റ്റേഷന് വെളിയില്‍ മൊത്തം മാലിന്യമാണ്. അതിനകത്ത് കടക്കണമെങ്കില്‍ ആ മാലിന്യത്തിലൂടെ നടന്നുപോകണം, അസഹ്യമായ നാറ്റമാണ്. .",Disgust
ഈ സമ്പന്ന രാഷ്ട്രങ്ങളാണ് രാജ്യങ്ങൾക്കിടയിലെ ഈ സാമ്പത്തിക അസമത്വങ്ങൾക്കൊക്കെ കാരണം.,Anger
തുടർച്ചയായി ഫിനാൻഷ്യൽ ഡെഡ് ലൈൻ  പാലിക്കാൻ സാധിക്കാത്തത്  എന്നെ വല്ലാതെ ദേഷ്യം പിടിപ്പിച്ചു.,Anger
"തിരഞ്ഞെടുപ്പിൽ വിജയിക്കാൻ ജാതിയും പ്രാദേശിക രാഷ്ട്രീയവും എന്നുവേണ്ട, കയ്യിൽ കിട്ടുന്നതെന്തും ഉപയോഗിക്കുന്നവരാണ് രാഷ്ട്രീയക്കാർ.",Anger
മിക്ക സിലിണ്ടറുകളിലെയും ഇരുമ്പ് തുരുമ്പിച്ച്  സ്വയം മുറിവേല്‍ക്കാന്‍ വയ്യത്തോണ്ട് ഞാൻ  ഇപ്പോൾ ഗ്യാസ് സിലിണ്ടർ എടുക്കാറില്ല.,Fear
ഡൽഹിയിൽ  കൊച്ചുകുട്ടികളുള്ള കുടുംബങ്ങൾക്കുള്ള ഗൈഡഡ് സിറ്റി ടൂറുകൾ സേഫല്ല.,Fear
പണം കൈകാര്യം ചെയ്യുന്നത് മനസിലാക്കാതെ എന്‍റെ കുട്ടി വളരുമ്പോൾ അവരുടെ ബാങ്ക് അക്കൗണ്ടിലെ നിയന്ത്രണത്തെക്കുറിച്ച് ഞാൻ ആശങ്കാകുലനായിരുന്നു.,Fear
വിവാഹച്ചെലവുകൾ രണ്ട് കുടുംബങ്ങളും ഒരുപോലെ വഹിക്കുന്നത് വളരെ നല്ല ഏർപ്പാടാണ്.,Happiness
പ്രാക്ടീസ് ക്ലാസ്സിൽ എന്‍റെ കുട്ടിയുടെ സംഗീതത്തോടുള്ള ആവേശവും അഭിനിവേശവും കണ്ടോ!,Happiness
സാമ്പത്തിക ആസൂത്രകന്‍റെ കഴിവുകേട്‌ എന്നെ ഭ്രാന്തു പിടിപ്പിക്കുന്നു.,Anger
സാമാന്യബോധത്തോടെ പരിഹാരങ്ങൾ കണ്ടെത്തുന്നതിന് പകരം രാഷ്ട്രീയക്കാർ പക്ഷപാതപരമായ തർക്കങ്ങൾക്ക് മുൻഗണന നൽകുന്നത് എന്തൊരു കഷ്ടാണ്‌.,Anger
റെസ്റ്റോറന്‍റിൽ കുറെ നേരം വെയിറ്റ് ചെയ്യേണ്ടി വന്നതുകൊണ്ട്  എനിക്ക് ദേഷ്യം  വന്നു.,Anger
ഇൻഷുറൻസ് കമ്പനികൾ അനാവശ്യ കവറേജിന് ഈടാക്കുന്ന തുക എന്നെ അത്ഭുതപ്പെടുത്തുന്നു.,Surprise
കള പറിക്കാൻ വളപ്പിന്‍റെ ഒരു മൂലയിൽ ചെന്നപ്പോൾ അവിടെ കണ്ട  ഒരു വലിയ മൂർഖൻ പാമ്പിനെ കണ്ട് പേടിച്ച് വിറച്ചു.,Fear
ഇരുപത്  രൂപ കുറയ്ക്കാൻ വേണ്ടി ഒരു പാവപ്പെട്ട കച്ചവടക്കാരനോട് വിലപേശരുതപ്പാ.,Anger
പറഞ്ഞ പോലെ കട്ടില്‍ ചെയ്യാമെന്ന് പറയുക. തോന്നുന്ന പോലെ ചെയ്യുക. എന്താ ഹേ ഇത്?,Anger
വൈറ്റ് ചോക്ലേറ്റ് എന്‍റെ വായിൽ അലിഞ്ഞു പോകുന്നതിനാൽ  എനിക്ക് അത് ഇഷ്ടമാണ്.,Happiness
നഗരത്തിന് പുറത്തുള്ള ഗതാഗതക്കുരുക്ക് കാരണം യാത്ര തുടരുന്നതിന് മുമ്പ് നമ്മൾ  കുറച്ച് സമയം കുടുങ്ങിയേക്കാം എന്ന് പറയുമ്പോ കണ്ടക്ടറുടെ ശബ്ദം ഇടറി.,Sadness
ഓഗസ്റ്റ്   പതിനഞ്ചിന് ചെന്നൈയിൽ നിന്ന് ഡൽഹിയിലേക്കുള്ള ഒരു ട്രെയിനിലും ടിക്കറ്റ് ഇല്ലാ എന്നറിഞ്ഞപ്പോൾ എൻ്റെ എല്ലാ മൂഡും പോയി.,Sadness
ഇന്ത്യയിലെ കുഴപ്പം പിടിച്ച സാഹചര്യങ്ങളിൽ വണ്ടിയോടിച്ചതിന് ശേഷം ഒറ്റരാത്രികൊണ്ട് ഞാൻ ഒരു നല്ല ഡ്രൈവറാകുമെന്ന് യു.എസ് ഡ്രൈവിംഗ് ഇൻസ്ട്രക്ടർമാർ പ്രതീക്ഷിക്കുന്നത് പ്രകോപനപരമാണ്.,Anger
ആ ഫൗളിൽ എനിക്ക് നല്ല  ദേഷ്യമുണ്ട്! റഫറി അത് വിളിക്കേണ്ടതായിരുന്നു.,Anger
വാറന്‍റി കാലയളവിനുള്ളിൽ നിങ്ങൾ ഈ കേടുവന്ന  ഉൽപ്പന്നം എക്സ്ചേഞ്ച് ചെയ്യില്ലെന്ന് പറഞ്ഞാല്‍ അത് അക്രമമാണ്.,Anger
"കോഴ്സ് വൈകിയാ, ജോലി കിട്ടാനും വൈകും.",Sadness
ഞങ്ങളുടെ നായ മരിക്കുന്നതിന് മുമ്പ് എന്‍റെ അച്ഛൻ വീട്ടിൽ വന്ന് അതിനെ  കാണാന്‍  അവൾ  കാത്തിരുന്നത് ഹൃദയഭേദകമായിരുന്നു.,Sadness
എന്‍റെ ജീവിതത്തിൽ സമ്മർദ്ദവും ഉത്കണ്ഠയും എന്നെ എത്രമാത്രം പിന്നോട്ടടിക്കുന്നുവെന്ന് ഞാൻ ഒരിക്കലും തിരിച്ചറിഞ്ഞിരുന്നില്ല. ഈ കൗൺസിലിംഗ് പ്രക്രിയ ഒരു പുതിയ കാഴ്ചപ്പാടിലേക്ക് എന്നെ നയിച്ചു.,Surprise
ഇന്ന് ആര്‍ട്ട്‌ മാര്‍ക്കറ്റില്‍ കലയുടെ പരിവർത്തന ശക്തിക്ക് അംഗീകാരം ലഭിക്കാത്തത് വലിയ കഷ്ടമാണ്.,Sadness
"ഇതെന്താപ്പാ കേൾക്കുന്നേ, എനിക്ക് വിശ്വസിക്കാൻ കഴിയുന്നില്ല! മുംബൈ നിവാസികൾ ആകാശത്ത് ഒരു കപ്പല്‍ കണ്ടെന്നോ!",Surprise
"ഇന്നലെ രാത്രി ഞാൻ ഒരു സിനിമ കണ്ടു, അപ്പോ മുതൽ അത് എന്‍റെ സ്വൈരം കെടുത്തുന്നു.",Fear
സുരക്ഷാ കാരണങ്ങളൊക്കെ ഉള്ളതിനാൽ ഒരു ബജറ്റ് ഹോട്ടലിൽ താമസിക്കാൻ എനിക്ക് കുറച്ച് പ്രയാസമുണ്ട്.,Fear
ഇത് വളരെ കഷ്ടമാണ് !  ഞാൻ എപ്പോ  ഈ ബസിൽ കയറുമ്പോഴും അത് എപ്പോഴും വൈകും .,Anger
എന്താടോ ഇത്? ആ സംഭാവന നമുക്ക് പിൻവലിക്കാൻ കഴിയുന്ന ഒന്നല്ല.,Disgust
ചുറ്റുമുള്ള കാര്യങ്ങളൊന്നും കാണാൻ കഴിയാത്തോണ്ട് എനിക്ക് ഇരുട്ടു പേടിയാ .,Fear
ഞാൻ ഒരു ലൈസൻസ് എടുക്കുന്നതിനു മുമ്പ് ക്ലൗഡിന്‍റെ മറഞ്ഞിരിക്കുന്ന ചെലവുകളെക്കുറിച്ച്  ക്ലൗഡ് സെയിൽസ്മാൻ എന്നോട് പറഞ്ഞേയില്ല.,Anger
ഇലക്ട്രിക്കൽ സ്റ്റോറിന്‍റെ റിട്ടേൺ പോളിസി എനിക്കിഷ്ടായി; എനിക്ക് ഫ്ലെക്സിബിലിറ്റി  ഉണ്ടെന്ന് അറിയുന്നത് ആശ്വാസകരമാണ്.,Surprise
കൃത്യമായ ലൊക്കേഷൻ കണ്ടുപിടിക്കുന്നതിൽ  കണ്‍ഫ്യൂഷന്‍ ഉണ്ട്. ഞങ്ങൾ വഴി തെറ്റിപ്പോവുമോ എന്നൊരു ആശങ്ക.,Fear
എന്നോട് മോശമായി സംസാരിച്ചതിനു നിങ്ങളുടെ ക്ഷമാപണം സ്വീകരിച്ചിരിക്കുന്നു.,Happiness
"നിങ്ങൾ സ്വയം പ്രൊഫഷണലുകൾ എന്നല്ലേ  വിളിക്കുന്നത് , എന്നിട്ടും നിങ്ങൾക്ക് ഷെഡ്യൂളിൽ ഒരു ടൈംഷീറ്റ് പൂരിപ്പിക്കാൻ പോലും കഴിയുന്നില്ല .",Disgust
എൻ്റെ സുഹൃത്തിൻ്റെ കമ്പനിക്ക് ഐ.പി.ഒ.യിൽ ഇത്ര പെട്ടെന്ന് ഓവർസബ്സ്ക്രിപ്‌ഷൻ ആയി എന്നത് എനിക്ക് വിശ്വസിക്കാനേ കഴിയുന്നില്ല.,Surprise
പലിശ നിരക്കിൽ പെട്ടെന്നുണ്ടായ വർധന പല വായ്പക്കാരെയും വലച്ചു.,Surprise
ചില ഉത്തരേന്ത്യക്കാർ ദക്ഷിണേന്ത്യക്കാരോട് അപമര്യാദയായി സംസാരിക്കുകയും ഭാഷയെ വിമർശിക്കുകയും ചെയ്യുന്നത് കാണുമ്പഴാ.,Anger
തറയിൽ ഉടനീളം  നിറയെ മുടി . അത് കാണുമ്പോ എനിയ്ക്ക് ഛർദ്ദിക്കാൻ വരുന്നു.,Disgust
ആ നായ്ക്കൾ അലറിക്കൊണ്ട്  എന്നെ തുറിച്ചു നോക്കാ. ഞാൻ ആ വശത്തേക്ക് പോയാ  ചിലപ്പോ അവ എന്നെ കടിയ്ക്കും.,Fear
എനിക്ക് ആവശ്യമുള്ളപ്പോഴൊന്നും   സഹായിക്കാനായി  ഈ കടയിൽ ആരുമില്ല.,Disgust
ഞാൻ കുറച്ച് പണം ചെലവഴിച്ചാൽ മതിയെന്നും  സേഫ്റ്റിയിൽ  വിട്ടുവീഴ്ച ചെയ്യണമെന്നും ഇവന്‍റ് മാനേജർ പറഞ്ഞപ്പോള്‍ ഞാൻ വെറുത്തു.,Disgust
ഹിമാലയൻ ഹിൽ സ്റ്റേഷനുകളിൽ ഇത്ര ട്രാഫിക്ക് ഉണ്ടാവും എന്ന് ഞാൻ ഒട്ടും പ്രതീക്ഷിച്ചില്ല.,Surprise
ഞാൻ ഫ്രീസർ തുറന്ന് അവിടെ ഒരു വാട്ടർ പാർക്ക് കണ്ടപ്പോൾ  നിങ്ങൾ എന്‍റെ മുഖം ഒന്ന് കാണേണ്ടതായിരുന്നു. ഫ്രിഡ്ജിന് എന്തായാലും സർവീസ് വേണം.,Surprise
എന്‍റെ ക്രിപ്റ്റോകറൻസി ഹോൾഡിംഗുകളുടെ മൂല്യം കൂടി.,Happiness
ഈ സ്റ്റോറിന്‍റെ ഇൻവെന്‍ററി മാനേജ്‌മെന്‍റ് മൊത്തം കുഴപ്പമാണ്. ഒന്നും അതതിന്‍റെ സ്ഥലത്തല്ല  ഉള്ളത്.,Disgust
രണ്ടായിരത്തിയാറിലെ ലോകകപ്പിന് ശേഷം ഞാൻ ടിവിയിൽ കണ്ട ഏറ്റവും മികച്ച മത്സരാ ഇത്.,Happiness
നിങ്ങളെപ്പോലുള്ള പാഷനേറ്റും പ്രതിജ്ഞാബദ്ധരുമായ പെറ്റ് ഉടമകളോടൊപ്പം പ്രവർത്തിക്കുന്നത് എന്തൊരു സന്തോഷമാണെന്നോ.,Happiness
എന്താ നിങ്ങൾ ഉദ്ദേശിക്കുന്നേ ? അവൾക്ക് വീണ്ടും നടക്കാൻ പറ്റില്ലേ ?,Fear
സിഗ്നൽ  ഇല്ലാത്തതുകൊണ്ട്    ഞങ്ങളുടെ മക്കളോട് സംസാരിക്കാനേ പറ്റുന്നില്ലല്ലോ.,Sadness
ചെന്നൈയിൽ  ഒരു ഷെയർ ഓട്ടോയിൽ കയറി ഡ്രൈവറുടെ അരികിൽ ഇരിക്കുമ്പോൾ പുഞ്ചിരിക്കാതിരിക്കാൻ എനിക്ക് കഴിഞ്ഞില്ല.,Happiness
തങ്ങളുടെ വേനൽക്കാലം കൂടുതൽ കൂടുതൽ ചൂടുള്ളതായി മാറുന്നുവെന്ന്  ആളുകൾ ഭയപ്പെടുന്നു.,Fear
ഈ നശിച്ച മാരത്തൺ കാരണം എനിക്കെൻ്റെ ഫ്ലൈറ്റ് ആണ് മിസ്സായത്.,Anger
"ഓൺലൈനിൽ ഉള്ള പണമിടപാടുകളേക്കുറിച്ച് നിങ്ങൾ ശ്രദ്ധാലുവാണല്ലോ, നന്നായി.",Happiness
ടാക്‌സ് അടയ്ക്കാത്തതിന് ഇന്‍കം ടാക്‌സ് റെയ്ഡ് നടന്നിട്ട് അതൊരു അഭിമാനമായി പറഞ്ഞുനടക്കുന്ന അയാളെന്തൊരു ബോറനാണ്.,Disgust
"അയ്യോ, സ്‌നോർക്കെലിങ്ങോ? എനിക്ക് അത്രയ്ക്കൊന്നും നീന്തൽ അറിയില്ല.",Fear
എനിക്ക് ഇന്ന് മാർക്കറ്റിൽ നിന്ന് പുതിയ റോസാപ്പൂക്കൾ കിട്ടി . അവയ്ക്ക് എന്ത് നല്ല മണാ .,Happiness
വാച്ചുകടയിലെ ആളുകൾ എനിക്ക് ഫ്രീയായി ഒരു ഗിഫ്റ്റ് ബോക്സും തന്നു!,Surprise
ഈ പൂന്തോട്ടത്തിലെ സസ്യജാലങ്ങളുടെ വൈവിധ്യം അതിശയിപ്പിക്കുന്നതാണ്.,Surprise
ഡെത്ത് വാലിയിലെ താപനില ഇന്നലെ അമ്പത്തി മൂന്ന്  ഡിഗ്രി സെൻ്റിഗ്രേഡ് ആയിരുന്നുവെന്ന് ഞാൻ കേട്ടത് ശരിയാണോ?,Surprise
ഓഹരികളിൽ നിന്നുള്ള എന്‍റെ ദീർഘകാല നേട്ടത്തിന്മേൽ ചുമത്തുന്ന ഉയർന്ന നികുതി കാരണം ഞാൻ ഇരയാക്കപ്പെട്ടതായി തോന്നുന്നു.,Sadness
എന്‍റെ മകന്‍റെ ഡ്രൈവിംഗ് സ്കിൽ  എന്നെ വല്ലാതെ ഞെട്ടിച്ചു. അവൻ ആരുടെയും  സഹായമില്ലാതെ ആയിരം മൈല്‍ ഡ്രൈവ് ചെയ്തു.,Surprise
ഇപ്പോൾ സാധനങ്ങൾ തിരിച്ചറിയാനുള്ള ആപ്പ് വരെയുണ്ട്; എന്തൊക്കെ കണ്ടുപിടിത്തങ്ങളാണല്ലേ!,Surprise
പുതിയ ക്‌ളൈന്‍റിന് നൽകാനുള്ള ഈ പ്രസന്‍റേഷൻ  ശരിയാക്കാൻ  നീ  വളരെക്കാലമെടുത്തു.,Disgust
"നിങ്ങളുടെ ശമ്പള അഭ്യർത്ഥനകൾ ഞാൻ റിവ്യൂ  ചെയ്തിട്ടുണ്ട്, തുറന്നുപറയാം, ഞങ്ങൾ വാഗ്ദാനം ചെയ്ത ന്യായമായ പ്രതിഫലം നിങ്ങൾ അവഗണിക്കുന്നത് മര്യാദയല്ല.",Anger
ചെറുപ്പത്തിൽ ഫുട്ബോളിലും ക്രിക്കറ്റിലും  എന്‍റെ അച്ഛന് ധാരാളം നേട്ടങ്ങള്‍ ഉണ്ടായി.,Happiness
കൊറിയർ സർവീസ് എന്‍റെ പാഴ്സൽ നഷ്ടപ്പെടുത്തിയെന്നു മാത്രമല്ല അത്  എന്നോട് പറഞ്ഞുമില്ല.,Anger
ആമസോണിൻ്റെ ആപ്പിൽ വീട്ടിൽ ഇരുന്ന് ഷോപ്പിംഗ് ചെയ്യാൻ എന്ത് എളുപ്പമാണ്; ഞാൻ മുമ്പൊന്നും ഇത്ര സുഖമുള്ള ഒരു ആപ്പ് ഉപയോഗിച്ചിട്ടില്ല!,Surprise
എന്നെ  സപ്പോർട്ട് ചെയ്യാൻ  ഞാൻ നിന്നോട് പറഞ്ഞതല്ലേ ! നീ ഒറ്റൊരാൾ കാരണാ ഞാൻ കളി തോറ്റത്!,Anger
ആയിരത്തി തൊള്ളായിരത്തി എൺപത്തിമൂന്നിലെ ലോകകപ്പ് ഫൈനലിൽ ഇന്ത്യ വെസ്റ്റ് ഇൻഡീസിനെ പരാജയപ്പെടുത്തിയപ്പോ  ഇന്ത്യൻ കാണികൾ ആവേശത്തോടെ ഗ്രൗണ്ടിലേക്ക് ഇറങ്ങിയിരുന്നു.,Happiness
ബേ ഏരിയയിലെ സി. ഇ. ഒ.യുടെ ഒത്തിരി അധികമായ ശമ്പളത്തെ കുറിച്ച് ഓർക്കുമ്പോ തന്നെ ഭയങ്കര ദേഷ്യം വരും.,Anger
എത്ര നല്ല ആശയം!,Surprise
എന്‍റെ മുന്നിലുള്ളയാളെ അടിക്കാതിരിക്കാനാ ഞാൻ പല്ല് ഇറുമ്മുകേം  മുഷ്ടി  ചുരുട്ടുകേം  ചെയ്തെ.,Anger
വിയറ്റ്നാമിലെ പ്രദേശവാസികളുമായി സംസാരിക്കാൻ  എന്തെങ്കിലും ഭാഷാ തടസ്സങ്ങൾ ഉണ്ടാകുമോ?,Fear
ആ സിനിമ ഒരു വഹയ്ക്കു  കൊള്ളില്ല. ഞാൻ ഇന്നലെ എന്‍റെ  ജീവിതത്തിലെ മൂന്ന്  മണിക്കൂർ വെറുതെ  പാഴാക്കി.,Disgust
"ഇന്നലെ രാത്രി എന്‍റെ കൈയിൽ നിന്ന് അറിയാതെ ഹോസ്റ്റൽ മെസ്സിലെ  ഒരു ടാപ്പ് പൊട്ടി , അവർ എന്നെ ചീത്ത പറയുമോ എന്തോ.",Fear
അപരിചിതമായ എന്തെങ്കിലും ശബ്ദങ്ങൾ കേട്ടാൽ അപ്പൊ നെഞ്ച് ഇടിക്കാൻ തുടങ്ങും. രാത്രിയാണെങ്കിൽ പറയുകയേ വേണ്ട.,Fear
കൊള്ളക്കാർ ഈ പരിസരത്ത്  കലാപം നടത്തുകയും കടകൾ കൊള്ളയടിക്കുകയും ചെയ്യ.,Anger
ഞാൻ ആദ്യം നിങ്ങളെ വിളിക്കാതെ  എന്‍റെ ഗ്യാസ് കണക്ഷൻ ഒരു പുതിയ അഡ്രസിലേക്ക് മാറ്റുന്നതിനുള്ള അപേക്ഷ തരാൻ  ഇത്രയും ദൂരം വരരുതായിരുന്നു.,Sadness
ഈ മാസം ആന്വിറ്റി തുക എന്‍റെ അക്കൗണ്ടിൽ വന്നപ്പോ എന്ത് ആശ്വാസമായെന്നോ.,Happiness
നടൻ ഓഡിഷൻ പൂർത്തിയാക്കിയപ്പോൾ ഡയറക്റ്ററുടെ മുഖം ചുളുങ്ങിപ്പോയ പോലെ തോന്നി.,Disgust
ഒരു എലി അടുക്കളയിലേക്ക് പോണത് ഞാൻ കണ്ടു.  എന്‍റെ ഭക്ഷണത്തിന്‍റെ പകുതി ഞാൻ കഴിച്ചുകഴിഞ്ഞു. എനിക്ക് അസുഖം വരാതിരുന്നാൽ മതിയായിരുന്നു.,Fear
അടുത്ത വിമാനത്തിൽ എന്‍റെ ബാഗേജുകൾ എത്തിക്കാൻ എന്നെ സഹായിക്കുന്നതിന് നന്ദി.,Happiness
നിക്ഷേപ തട്ടിപ്പുകൾക്ക് ഇരയാകുന്നവരുടെ എണ്ണം കണ്ട് ഞാൻ ഞെട്ടിയിരിക്കുകാ.,Surprise
ക്വാളിറ്റി പ്രതീക്ഷിച്ചതിലും വളരെ മോശം. കാർ വാഷ് സർവീസിൽ  എനിക്ക് വല്ലാത്ത അതൃപ്തിയുണ്ട്.,Anger
തെരുവിലെ കടയിൽ നിന്ന് എണ്ണ വാങ്ങുമ്പോൾ എനിക്ക്  എപ്പോഴും ആശങ്കയാണ്. അതിൽ ധാരാളം മാലിന്യങ്ങൾ ഉണ്ടാവും.,Fear
പേനക്കടയിലെ ആളുകൾ എനിക്ക് ഫ്രീയായി ഒരു ഗിഫ്റ്റ് റാപ്പും തന്നു!,Surprise
കെമിസ്ട്രി ലാബിൽ നിന്നുള്ള മണം എനിക്ക് സഹിക്കാൻ പറ്റുന്നില്ല.,Disgust
എത്തേണ്ട സ്ഥലത്ത് എത്തിക്കഴിഞ്ഞാൽ പൈസ കൂട്ടിച്ചോദിക്കുന്ന ചില ടാക്സിക്കാരുണ്ട്. തീരെ പ്രൊഫെഷണൽ അല്ലാത്ത പെരുമാറ്റം ആണ് ഇവരുടേത്.,Disgust
ജഡ്ജിക്ക് നീതിമാനാകാതെ എങ്ങനെ ഒഴിഞ്ഞുമാറാന്‍ കഴിയും?,Anger
നികുതി വെട്ടിക്കാൻ അവർ കോർപ്പറേഷനുകളെ അനുവദിക്കുന്നത് അരോചകമാണ്.,Anger
നിനക്ക് എന്താ  ഇത്ര അച്ചടക്കമില്ലാത്തേ? ഒരു പരീക്ഷയ്ക്ക് പഠിച്ച്‌  മാർക്ക് വാങ്ങാൻ അത്ര ബുദ്ധിമുട്ടാണോ?,Anger
കഴിഞ്ഞ മൂന്ന് മാസമായി മഴയില്ല. ഈ മാസം നമുക്ക് കാശൊണ്ടാക്കാന്‍ കഴിയില്ല.,Sadness
എന്തുകൊണ്ടാണ് ആളുകൾ ആ ബാൻഡിനെ ഇഷ്ടപ്പെടുന്നതെന്ന് എനിക്ക് മനസ്സിലാകുന്നില്ല. അവരുടെ സംഗീതം കേട്ടാൽ മുഴുവൻ ആവർത്തന വിരസതയാണ്.,Disgust
എന്റെ ചെലവുകൾ പൂർണ്ണമായും കവർ ചെയ്യുമെന്ന് ഞാൻ പ്രതീക്ഷിച്ചിരുന്നില്ല.,Surprise
കൊള്ളാം! ഇന്ന് ബാർബർ ഷോപ്പിൽ വരുന്നതിന് മുമ്പ് നിങ്ങൾ തല കുളിച്ചോ?,Surprise
ഇന്ത്യയിലെ ഡ്രൈവിംഗിനെ യു.എസ്സുമായി താരതമ്യപ്പെടുത്തുമ്പോള് ആദ്യം മനസ്സ് മടുത്തെങ്കിലും ഡ്രൈവിംഗ് പാഠങ്ങൾ എനിക്ക് എത്രത്തോളം പൊരുത്തപ്പെടാൻ കഴിയുമെന്നതിൽ ഞാൻ അൽഭുതപ്പെട്ടു !,Surprise
ആ സ്പോർട്സിൽ എന്തുവിലകൊടുത്തും വിജയിക്കാനുള്ള വഴികൾ നോക്കുന്നത് മഹാകഷ്ടം തന്നെയാണ്.,Disgust
"ഓരോ തവണയും ഒരു അണ്ണാനെ കാണുമ്പോ, ആ എലിയുടെ ഓർമ്മ വരും.",Disgust
സർ! ഞാൻ എന്റെ ടിക്കറ്റ് ക്യാൻസൽ  ചെയ്തിട്ടും പണം ഇതുവരെ എന്റെ അക്കൗണ്ടിലേക്ക് ക്രെഡിറ്റ് ആയിട്ടില്ല. നിങ്ങൾ അത് അന്വേഷിക്കുന്നുണ്ടോ ഇല്ലയോ?,Anger
ഞങ്ങൾ കുട്ടികളെ കാണാൻ ഇന്ത്യയിൽ നിന്ന് യുഎസ്സിലേക്ക് പോവാ.,Happiness
സോഷ്യൽ മീഡിയയിൽ എന്റെ പേര് കളയാൻ ശ്രമിച്ചതിന് ഞാൻ നിങ്ങളെ കോടതി കേറ്റും. ഓരോ ചില്ലിക്കാശിനും കേസ് നടത്തും.,Anger
"ധാരാളം കാൽനടയാത്രക്കാരുള്ള തിരക്കേറിയ സ്ഥലത്താണ് എന്റെ ചെറിയ ബേക്കറി സങ്കൽപ്പിച്ചത്, എന്നാൽ ലഭ്യമായ മിക്ക സ്ഥലങ്ങളും വളരെ ചെറുതോ അല്ലെങ്കിൽ പ്രതീക്ഷ നൽകുന്നതായി തോന്നാത്തതോ ആണെന്നത് നിരാശാജനകമാണ്.",Sadness
"ഉള്ളു നിറഞ്ഞ പുഞ്ചിരി, ടീമിനോടുള്ള ആവേശം പിടിച്ച കയ്യടി, ജെയിംസിന്റെ ആഹ്ലാദം ശരിക്കും പ്രകടമായിരുന്നു.",Happiness
സാമ്പത്തിക മാന്ദ്യത്തിൽ എന്റെ കമ്പനിയുടെ ഫിനാൻഷ്യൽ ഹെൽത്ത് കൈകാര്യം ചെയ്യേണ്ടത് ആലോചിച്ച് എന്റെ ഉറക്കം നഷ്ടപ്പെടുന്നു.,Fear
വൗ ! ഇതാദ്യായിട്ടാ ഒരു പരിശീലകൻ എന്നോട് എന്താ വേണ്ടതെന്ന് ചോദിക്കുന്നേ .,Surprise
വിലപ്പെട്ട കസ്റ്റമേഴ്സ് ഞങ്ങളുടെ എതിരാളികളുടെ അടുത്ത് പോകുന്നതിൽ എനിക്ക് ആശങ്കയുണ്ട്.,Fear
പ്രിയപ്പെട്ട ഒരു ടീച്ചർ വിരമിച്ചപ്പോൾ ഞങ്ങളിൽ ഭൂരിഭാഗവും കരഞ്ഞു.,Sadness
എന്റെ ഭാര്യയെ കളിയാക്കരുത്! സൂക്ഷിച്ച് സംസാരിക്കുന്നതാ തനിക്ക് നല്ലത് !,Anger
ഞങ്ങളുടെ കമ്പനി പാപ്പരായതിൽ അടുത്തയാഴ്ച അടച്ചുപൂട്ടുന്നതുകൊണ്ട് ഞാൻ ആകെ ഹൃദയം തകർന്നിരിയ്ക്കാ .,Sadness
കമ്പനിക്ക് അവാഡ് ലഭിച്ചപ്പോൾ പണിയെടുത്ത ഞങ്ങളെ പരാമർശിക്കാത്തതിൽ സങ്കടം തോന്നി.,Sadness
പ്രിയപ്പെട്ട ഒരാളെ നഷ്ടപ്പെടുന്ന ഈ വേദനയ്ക്കിടയിൽ ആശ്വാസം കണ്ടെത്താൻ ഞാൻ പാടുപെടുകയാണ്.,Sadness
ഒരു ബഹിരാകാശ ദൗത്യത്തിനിടെ എന്തെങ്കിലും തെറ്റ് പറ്റുകയാണെങ്കിൽ പിന്നെ എന്ത് സംഭവിക്കുമെന്ന് എനിക്ക് പേടി തോന്നുന്നു .,Fear
ഇവിടെ അടുത്ത് നായേനെ ഒക്കെ വളർത്തുന്ന സ്ഥലത്ത് നല്ല രസമുള്ള ഒരു നായക്കുട്ടി ഉണ്ട്. അതിൻ്റെ കൂടെ ഓടിക്കളിക്കായിരുന്നു ഞങ്ങൾ.,Happiness
"ഹൈവേകളിൽ വണ്ടിയോടിക്കാൻ എനിക്ക് പേടിയാണ്, എന്റെ ഡ്രൈവിംഗ് ഇൻസ്ട്രക്ടറിൽ നിന്ന് എനിക്കിനിയും ട്രെയിനിങ്  വേണ്ടിവരും.",Fear
എല്ലാ മ്യൂസിക് ക്ലാസ്സിലും പാടുന്നതിൽ ശ്രദ്ധ കാണിക്കാത്തപ്പോൾ എന്റെ കുട്ടിയോട് എനിക്ക് ദേഷ്യം വന്നു.,Anger
"ഈയിടെയായി എന്നോടുള്ള നിങ്ങളുടെ പെരുമാറ്റം തീരെ ശരിയല്ല, എനിക്കതിലത്ര സന്തോഷമൊന്നും ഇല്ല കേട്ടോ.",Anger
ഇന്ത്യയ്ക്ക് വളരെ നല്ല ക്രിക്കറ്റ് ടീമാ ഉള്ളത്. നമ്മടെ ടീം നൂറ്റി ഇരുപത്തിയേഴിലധികം അന്താരാഷ്ട്ര ട്വന്റി ട്വന്റി മത്സരങ്ങൾ ജയിച്ചിട്ടുണ്ട്.,Happiness
"അഴുക്കുചാലിലെ ചെളി വൃത്തിയാക്കുന്ന ആളെ കണ്ടപ്പോ, എനിക്ക് അയാളോട് സഹതാപം തോന്നി.",Sadness
സ്റ്റോക്ക് മാർക്കറ്റ് ബബിളിന്റെ സാധ്യതയിൽ എനിക്ക് കുറച്ചൊക്കെ പേടിയുണ്ട്.,Fear
സീറ്റിൽ മൊത്തം എണ്ണ. കത്തുന്ന റബ്ബറിന്റെ മണം. എനിക്ക് സഹിക്കാൻ പറ്റുന്നില്ല .,Disgust
എവിടെ നിന്നാപ്പാ നിങ്ങൾക്ക് ഈ പണമെല്ലാം കിട്ടിയത് ?,Anger
പല ദിവസങ്ങളിലും കടകളിൽ നിന്ന് ഫ്രഷ് ആയ പച്ചക്കറിയൊന്നും കിട്ടാതെ വരുമ്പോ എനിക്ക് കഷ്ട്ടം തോന്നും .,Sadness
"ദി ലാസ്റ്റ് എയർബെൻഡർ എന്നതിലെ ഛായാഗ്രഹണം വളരെ മോശമായിരുന്നു , മാത്രമല്ല അത് കണ്ടിട്ട് ഒരു കാര്യവുമില്ല.",Disgust
അനാഥാലയങ്ങളിൽ കുട്ടികൾ പട്ടിണി കിടക്കുമ്പോൾ പല ആഡംബര ചടങ്ങുകളിലും എത്ര ഭക്ഷണമാണ് വെറുതെ പാഴാക്കിക്കളയുന്നത്!,Sadness
ഇങ്ങനെയാണോ നിങ്ങൾ നിങ്ങളുടെ കുട്ടികളെ വളർത്തുന്നത്? ഞാൻ എപ്പ അവരോട് ചോദ്യം ചോദിക്കുമ്പഴും അവർ എനിക്ക് നേരെ ഒച്ചയിടാ .,Anger
ഓ! രാജ്യത്തിന്റെ ഈ ഭാഗത്ത് പല കടകളിലും കാശ്മീരി വില്ലോ ബാറ്റുകൾ വിൽക്കുന്നില്ല. നിങ്ങടെ അടുത്ത് ഇതുള്ളത് അത്ഭുതം തന്നെ .,Surprise
അണ്ണാൻ പോലെ ചെറിയൊരു ജീവി എങ്ങനെ ഇരുപത്തിയഞ്ച് അടി താഴേക്ക് വീണിട്ട് അതിജീവിക്കും എന്നത് എനിക്ക് സങ്കൽപ്പിക്കാൻ പോലും കഴിയുന്നില്ല.,Surprise
എന്റെ കാർ പാർക്കിങ്ങിന് തൊട്ടുമുമ്പിൽ ഒരു സന്ദർശകൻ അവരുടെ കാർ പാർക്ക് ചെയ്തു.,Anger
എലോൺ മസ്ക് ട്വിറ്റർ ഏറ്റെടുത്തതിന് ശേഷം അതിലെ മികച്ച ഡെവലപ്പർമാരെ പുറത്താക്കിയപ്പോൾ ഞാൻ ഞെട്ടിപ്പോയി.,Surprise
"യഥാർത്ഥ വെണ്ണയ്ക്ക് പകരം മാർഗരൈൻ ഉപയോഗിച്ചുവെന്ന് മനസിലായപ്പോൾ , പ്രശസ്ത ബേക്കർ ഉണ്ടാക്കിയ കേക്കിനോട് എനിക്ക് അറപ്പ് തോന്നി .",Disgust
കഴിഞ്ഞ വീക്കെന്ഡിൽ ഞാൻ എന്റെ ഫേവറിറ്റ് ഉച്ചഭക്ഷണം കഴിച്ചത് എനിക്ക് സന്തോഷായി.,Happiness
രണ്ടാഴ്ചയിൽ ഒരിക്കൽ മാത്രം വൃത്തിയാക്കുന്ന ഈ ഹോട്ടലിന്റെ സ്വിമ്മിംഗ് പൂൾ കണ്ടാൽ തന്നെ ഓക്കാനം വരും.,Disgust
"ഫ്രീസറിനുള്ളിൽ വളരെയധികം ഐസ് കുമിഞ്ഞുകൂടുന്നതും ഫ്രിഡ്ജിന് ചുറ്റും വെള്ളം നിറയുന്നതും കാണുന്നത് എന്നെ അസ്വസ്ഥനാക്കുന്നു, അത് സേഫ് ആണോ എന്ന് എനിക്ക് ഉറപ്പില്ല.",Fear
"എന്റെ ഫ്ലിപ്പ്കാട്ടിന്റെ ഓഡറുകളിൽ എപ്പോഴും തെറ്റുകൾ വരുന്നുണ്ട് , അവയിൽ നിന്ന് വാങ്ങുന്നത് ഞാൻ നിർത്തും.",Anger
"വയലുകളിൽ ഇത്തരമൊരു ഉച്ചഭക്ഷണ സജ്ജീകരണം ഞാൻ പ്രതീക്ഷിച്ചിരുന്നില്ല, വീടുകളിൽ ഉണ്ടാക്കുന്ന രുചികരമായ ഭക്ഷണങ്ങളുള്ള ഒരു താൽക്കാലിക പിക്നിക് ഏരിയ!",Surprise
ഈ ലോൺ മൂലമുണ്ടാകുന്ന ദീർഘകാലത്തേക്കുള്ള സാമ്പത്തിക ഭാരം നിങ്ങൾക്ക് താങ്ങാൻ കഴിയുമോ എന്ന് ഞങ്ങൾക്ക് ഉറപ്പില്ല.,Fear
റോളർ കോസ്റ്ററിന്റെ വേഗത കൂടിയപ്പോൾ എയ്ഡൻ ഹാപ്പിയായി.,Fear
എനിക്ക് ബോറടിക്കുമ്പോഴൊക്കെ ഞാൻ യൂട്യൂബ് കാണും . പക്ഷെ ഇപ്പോ കുറച്ചായിട്ട് കാണാൻ രസമുള്ള ഒന്നും ഇല്ല.,Sadness
ഞങ്ങൾ സുഹൃത്തുക്കളായി. ഇനി ഡിന്നറിന് ഒത്തു കൂടും .,Happiness
"എന്റെ ബന്ധുവിന് സർജറിക്ക് അടിയന്തിരമായി എ.ബി. നെഗറ്റീവ് ബ്ലഡ് വേണം, അത് ഉണ്ടോന്ന് ആരും കൃത്യമായി ഉത്തരം പറയുന്നില്ല. ഇത് ജീവന്മരണ പ്രശ്നമാണ്!",Anger
ജി.പി.എസ്. ഇല്ലാതെ ഈ ആമസോൺ കാട്ടിൽ വഴി കണ്ടെത്താൻ കഴിയുമോ എന്ന് എനിക്ക് ഉറപ്പില്ല.,Fear
മാന്ദ്യത്തിന്റെ റിസ്ക് ഉള്ളത്കൊണ്ട് ആളുകൾക്ക് സ്വതന്ത്രമായി ചെലവഴിക്കാൻ പറ്റുന്നില്ല.,Fear
സ്വയം പരിക്കേൽക്കുമെന്ന പേടി ഉള്ളത്കൊണ്ടാണ് നിങ്ങൾ നിങ്ങളുടെ മുഴുവൻ കഴിവും പുറത്തെടുത്ത് കളിക്കാത്തത്. ഫുട്ബോൾ കളിക്കാരനോട് പരിശീലകൻ,Fear
എന്റെ കുട്ടികളെ നോക്കാനുള്ള ചെലവുകളൊക്കെ എന്തോരമാ കൂടിയെക്കുന്നേ.,Sadness
നിനക്ക് ബിസിനസ്സിനോട് താല്പര്യം കുറയുന്നത് എന്നെ ആശങ്കപ്പെടുത്തുന്നു.,Fear
"വൗ , ഞങ്ങൾ നട്ട ഈ വിത്തുകൾ എത്ര വേഗാ മുളച്ചത്. അവർക്ക് ലോകത്ത് വരാൻ ഇത്ര ധൃതിയാണോ!",Surprise
എന്റെ ദിവസങ്ങൾ എണ്ണപ്പെട്ടു. എന്റെ രോഗപ്രതിരോധ ശേഷി ദുർബലാണെന്ന് ഡോക്ടർ എന്നോട് പറഞ്ഞു.,Sadness
"ഞാൻ കണ്ടിട്ടുള്ളതിൽ വച്ച് ഏറ്റവും മോശമായ മെസ്സാ ഇത്. കുറെ നേരം കാത്തിരിക്കണം, ഭക്ഷണം ആണെങ്കിലോ എപ്പഴും തണുത്തതും ആവും.",Anger
"അമ്മേ! നിങ്ങൾ എന്തിനാ കടയിൽവച്ച് എന്നോട് ഒച്ചയിട്ടത് , എനിക്ക് വളരെ സങ്കടം ആയി .",Sadness
ഫ്രണ്ട്സ് അവഗണിച്ചതു കൊണ്ട് പാർട്ടിയിൽ ആ കുട്ടി ഒറ്റയ്ക്ക് ഇരുന്നു.,Sadness
ടീം ഒരു പുതിയ റെക്കോഡ് സ്ഥാപിക്കുന്നത് കണ്ട് ലക്ഷ്മി സന്തോഷത്തോടെ തുള്ളിച്ചാടി .,Happiness
"എൻ്റെ കുടുംബക്കാർ ഇതൊന്നും അല്ല എന്നിൽനിന്നും പ്രതീക്ഷിക്കുന്നത്, അതൊക്കെക്കൂടി ആലോചിക്കുമ്പോൾ ശ്വാസം മുട്ടുന്നു.",Sadness
ലൈഫ്സ്റ്റൈൽ സ്റ്റോറിലെ വസ്ത്രങ്ങളുടെ വെറൈറ്റി എന്നെ ആകർഷിച്ചു!,Surprise
നിങ്ങളാരും ഞങ്ങളുടെ ക്ഷേമത്തെക്കുറിച്ച് ചിന്തിക്കുന്നേയില്ലല്ലോ.,Surprise
"ഇത്ര നീണ്ട സമയവും അപ്പ്രീസിയേഷനും ഉണ്ടായിരുന്നിട്ടും , ക്ലീനിംഗ് ടീമിന് അവരുടെ ന്യായമായ പ്രതിഫലം നൽകാൻ ഞങ്ങൾക്ക് കഴിയില്ലെന്നത് കഷ്ടം തന്നെയാണ്.",Sadness
എന്റെ മരുമകൾക്ക് യു.എസ്സിൽ ജോലി കിട്ടി ഇന്ത്യയിൽ നിന്ന് അവിടേക്ക് താമസം മാറുകയും ചെയ്തപ്പോൾ ഞാൻ അമ്പരന്നുപോയി.,Surprise
എങ്ങനെയാണ് നിങ്ങൾ സാമ്പത്തികമായി ഇത്ര മോശം സ്ഥിതിയിലായത്?,Sadness
ചുറ്റുമുള്ള ഭൂപ്രകൃതിക്കും ഞാൻ വിലമതിക്കുന്ന ചെടികൾക്കും കേടുപാടുകൾ വരുത്താതെ നമുക്ക് കോമ്പൗണ്ട് മതിൽ പണിയാൻ പറ്റില്ലേ?,Fear
നീ എന്നോട് എന്തു മോശമായിട്ടാണ് പെരുമാറിയത്. അതുകൊണ്ട് എൻ്റെ ഷോപ്പിംഗ് രഹസ്യങ്ങളൊന്നും നിനക്ക് പറഞ്ഞുതരാൻ പോകുന്നില്ല.,Anger
"ഞാൻ എല്ലാ മെസേജുകളും നോക്കി, ഒരൊറ്റ പോസിറ്റീവ് ഫീഡ്ബാക്ക് പോലും ഇല്ല.",Sadness
"തഞ്ചാവൂർ ക്ഷേത്രത്തിന്റെ നിർമ്മാണം സൂപ്പർ ആണ്, പ്രത്യേകിച്ച് മുകളിലുള്ള വലിയ പാറ.",Surprise
"പാപ്പരായി, അവസാനത്തെ കൊഡാക് സ്റ്റോർ അതിന്റെ വാതിലടച്ചപ്പോൾ ഞാൻ കുറെ നിരാശ നിറഞ്ഞ മുഖങ്ങൾ കണ്ടു.",Sadness
ഞങ്ങളുടെ വാക്വം ക്ലീനർ എളുപ്പത്തിൽ സർവീസ് ചെയ്തതും എന്നെ അമ്പരപ്പിച്ചു.,Surprise
"ഫോൺ അവന് കൊടുക്കരുത്. അവൻ എന്റെ ഒരു ഫണ്ണി വീഡിയോ റെക്കോഡ് ചെയ്താൽ, എനിക്ക് എന്റെ എല്ലാ ഫോളോവേഴ്സിനെയും ചിലപ്പോ നഷ്ടമാവും.",Fear
വോളിബോൾ മത്സരത്തിൽ കളിക്കാർ അവരുടെ എതിരാളികളെ കായികമായി നേരിടുകയാണ്.,Fear
ഈ കേസിൽ തോറ്റാൽ ഞാൻ തകർന്ന് പോകും.,Fear
"ഹോട്ടൽ മുറി ക്ലീനാണ്, ഒരു ചെറുപ്രാണി ആകസ്മികമായി അകത്ത് വരുമ്പോ സ്റ്റാഫ് പെട്ടെന്ന് ശരിയാക്കുന്നത് പോലെ പെട്ടന്നുള്ള സർവീസ് .",Happiness
നിങ്ങളുടെ കേക്കിൽ ആഘോഷത്തിന് അനുസരിച്ച ഒരു മെസ്സേജ് ഞങ്ങൾ എഴുതാം.,Happiness
"കൊറിയർ ഡെലിവറി വൈകുമോയെന്ന് എനിക്ക് പേടിയുണ്ട്,എനിക്ക് എത്രയും പെട്ടന്ന് പാക്കേജ് വേണം.",Fear
ഈ റിസോട്ടിൽ ഞങ്ങൾ ബുക്ക് ചെയ്ത താമസസൗകര്യം ഓൺലൈൻ ഫോട്ടോകളിൽ ഉള്ള പോലല്ല എന്നത് നിരാശാജനകമാണ്.,Sadness
"ക്ലയന്റിനെ മാനേജ് ചെയ്യാൻ നമ്മുടെ ടീം വളരെയധികം പരിശ്രമിക്കുന്നില്ല എന്നത് ഖേദകരമാണ്, അത് കൊണ്ട് നമുക്ക് തന്നെ തിരിച്ചടി കിട്ടാം .",Sadness
ഒരു ടിവി പരിപാടിയിൽ ഒരു മാന്ത്രികൻ വായുവിലൂടെ പറന്നപ്പോൾ വിശ്വസിക്കാനാകാതെ എന്റെ കണ്ണു തള്ളി.,Surprise
ഈ പകർച്ചവ്യാധിയുടെ സമയത്ത് പല  ആളുകൾക്കും പ്രിയപ്പെട്ടവരെ നഷ്ടപ്പെട്ടു.,Sadness
"മുൻകൂട്ടി തുറന്ന ഒരു പാക്കേജ് ലഭിക്കുമോ എന്ന് എനിക്ക് പേടിയുണ്ട് , കാരണം ഇതിനു മുമ്പ് അങ്ങനെ ഉണ്ടായിട്ടുണ്ട് .",Fear
അടുത്തയാഴ്ച മിഷൻ ഇംപോസിബിൾ സെവൻ കാണാൻ പോകുന്നതിന്റെ  ആവേശത്തിലാണ് ഞാൻ.,Happiness
ഏതോ ബൾഗേറിയൻ ബേസ്മെൻ്റിൽ ഇരിക്കുന്ന ഒരു ഹാക്കറാണ് എന്റെ ഫോണിലെ സൈബർ സുരക്ഷാ ലംഘനത്തിന് കാരണമായതെന്ന് കേട്ടപ്പോ ഞാൻ ഞെട്ടിപ്പോയി.,Surprise
"എന്റെ കുട്ടിയുടെ ജന്മദിനത്തിന് സമ്മാനങ്ങൾ വാങ്ങാൻ വേണ്ട പണം എന്റെ കയ്യിലുണ്ടായിരുന്നു, അതുകൊണ്ട് ഞാൻ നല്ല ഉഷാറായി കടയിലേക്ക് നടന്നു.",Happiness
"ഈ വിഭവത്തിൻറെ രുചി എനിക്ക് തീരെ ഇഷ്ടമായില്ല , പക്ഷേ ഇത് എനിക്ക് ഏറ്റവും ഇഷ്ടപ്പെട്ടതാണ്.",Sadness
നിർഭയ ബലാത്സംഗക്കേസ് ഇപ്പോഴും എന്നെ ഉലയ്ക്കുന്നു.,Sadness
"ബസ് യാത്രക്കുള്ള ടിക്കറ്റ് കൊടുക്കുന്ന പ്രക്രിയയെക്കുറിച്ച് എനിക്ക് ചെറുതായി ഉൽക്കണ്ഠ  തോന്നുന്നുണ്ട്, നീണ്ട ക്യൂവിൽ നിന്ന് സമയം പാഴാക്കേണ്ടി വരുമോ?",Fear
റോഡിന്റെ റോംഗ് സൈഡിലൂടെ വണ്ടി ഓടിക്കുന്ന വിദ്യാസമ്പന്നരെ എനിക്ക് കാണരുത്.,Disgust
ഞാൻ ഫ്രീവേയിൽ ഡ്രൈവ് ചെയ്യുമ്പോൾ തല ചുറ്റി. പെട്ടെന്ന് കാഴ്ച ഏതാനും യാഡുകളിലേക്ക് കുറഞ്ഞു.,Surprise
സി.എസ്.കെ.യുടെ കളി കാണാൻ പോണത് വീട്ടുകാരോട് എങ്ങനെയാ പറയണ്ടെന്ന് എനിക്കറിയില്ല.,Sadness
ഞാൻ ഉണ്ടാക്കിയ കേക്ക് ശരിയായി പൊങ്ങിവന്നില്ല എന്നതിൽ എനിക്ക് നിരാശയായി .,Sadness
ശൈത്യകാലത്ത് ലണ്ടനിലെ കാലാവസ്ഥ വളരെ മോശമാണെന്ന് എനിക്ക് മനസ്സിലായി .,Sadness
വൗ ! ശ്യാം ഇത്രയും വേഗത്തിൽ ഓടണ ആളാണെന്ന് ആർക്കെങ്കിലും അറിയായിരുന്നോ ?,Surprise
കാലുവിറയ്ക്കാതെ എനിക്ക് ഒരു മലയുടെ അറ്റത്ത് നിൽക്കാൻ പറ്റില്ല .,Fear
ഹെൽത്ത് സെന്ററിൽ ആവശ്യമായ എല്ലാ ചികിത്സകൾക്കും എനിക്ക് ഇൻഷുറൻസ് പരിരക്ഷ ലഭിക്കുമോ എന്ന് എനിക്ക് സംശയമുണ്ട് . എനിക്ക് അപ്രതീക്ഷിതമായ സാമ്പത്തിക ബാധ്യതകൾ ഉണ്ടാകില്ലെന്ന് എനിക്ക് ഉറപ്പാക്കണം .,Fear
ഞങ്ങളുടെ പ്രത്യേക ഓഫറുകൾ കസ്റ്റമേഴ്സ് പ്രയോജനപ്പെടുത്താത് കാണുമ്പോൾ സങ്കടം വരും.,Sadness
എനിക്ക് തരുന്നേന് മുമ്പ് ഡോക്ടർ ടെസ്റ്റ് സ്ട്രിപ്പിൽ തുമ്മി.,Disgust
എന്റെ രഹസ്യങ്ങൾ നിങ്ങൾ എല്ലാവരോടും പറഞ്ഞു അല്ലെ?,Anger
"എന്റെ ദൈവമേ! ഇത് ഇത്രക്കും റിസ്ക് ആണെന്ന് എനിക്ക് അറിയില്ലായിരുന്നു. ഇത് എന്റെ ശ്രദ്ധയിൽപ്പെടുത്തിയതിന് നന്ദി, ഡോക്ടർ.",Surprise
ഹിമാചൽ പ്രദേശിലെ കെട്ടിടങ്ങളൊക്കെ വെള്ളപ്പൊക്കത്തിൽ ഒലിച്ചുപോകുന്നത് കാണുന്ന കാര്യം ഭയങ്കര കഷ്ടമാണ്.,Sadness
ഓരോ തവണ ബിൽ കാണുമ്പഴും എനിക്ക് നിരാശയാണ്. ഗ്യാസ് സിലിണ്ടർ വില കൂടുന്നത് കാരണം എന്റെ ചെലവുകളെപ്പറ്റി ഒന്നുകൂടി ആലോചിക്കണം.,Sadness
സി.ഇ.ഒ. കുറെ പൈസയുമായി ഒളിവിൽ പോയതായി ഞാൻ പത്രങ്ങളിലൊന്നും വായിച്ചില്ല. എവിടെയാ അങ്ങനെ കണ്ടത് ?,Surprise
തെറ്റ് എന്റെ ടീം അംഗങ്ങളുടേതല്ലാത്ത പക്ഷം എന്ത് ധൈര്യത്തിലാ അദ്ദേഹം അവരോട് ആക്രോശിക്കുന്നെ?,Anger
ബാംഗ്ലൂർ സിറ്റിയിലെ യാത്രക്കാരുടെ ക്ഷേമത്തേക്കാൾ ഓട്ടോ യൂണിയനുകൾ അവരുടെ സ്വാർത്ഥതാൽപ്പര്യത്തിന് മുൻഗണന നൽകുന്നത് എന്തൊരു കഷ്ടമാണ്.,Sadness
കടയിലെ റഫ്രിജറേറ്ററിലെ സാധനങ്ങളുടെ ദുർഗന്ധം അസഹ്യമാ.,Disgust
"കഷ്ടം, എന്റെ ഭാര്യ എന്റെ സഹായമില്ലാതെ വീട്ടുജോലികൾ തനിച്ചാണ് കൈകാര്യം ചെയ്യുന്നത്.",Sadness
അയ്യോ... അവരുടെ ബോണസ് കുറയുമെന്ന ഈ ബാഡ് ന്യൂസ് ഞാൻ എങ്ങനെ എന്റെ ടീമുകളോട് പറയും ? ചിലപ്പോ അവർ വിട്ടുപോകും.,Fear
ഇന്ത്യാന ജോൺസ് സിനിമകളിലെ ഹാരിസൺ ഫോഡിൻ്റെ അഭിനയം കണ്ടിട്ടുണ്ടോ? അഭിനയം എന്ന് പറഞ്ഞാൽ അതാണ്.,Happiness
മരിച്ചു പോയ എന്റെ സഹോദരിയെ ഒരു കുടുംബ ചടങ്ങിൽ വച്ച് എന്റെ അമ്മ ഓർത്തപ്പോൾ എനിക്ക് വല്ലാത്ത സങ്കടം തോന്നി.,Sadness
ഡാഷ്ബോഡിൽ ഒരു ഗ്ലാസ് ഒരു തുള്ളി വെള്ളം പോലും തെറിക്കാതെ ഡൽഹി മുംബൈ എക്സ്പ്രസ് ഹൈവേയിലൂടെ കടന്നുപോകാൻ കഴിയുമെന്നത് എന്നെ അത്ഭുതപ്പെടുത്തി.,Surprise
എന്റെ ക്രിപ്റ്റോകറൻസി ഹോൾഡിംഗുകളുടെ മൂല്യം കൂടി.,Happiness
"അവന് ഇരുപത് വയസ്സായി, എന്നിട്ടും അവന് പൊതുയിടങ്ങളില്‍ എങ്ങനെ പെരുമാറണമെന്ന് അറിയില്ല.",Disgust
"ആ കിടക്കവിരി നോക്കൂ, അതില്‍ അപ്പടി അഴുക്കാ, എങ്ങനെ കിടക്കും അതില്‍?",Disgust
ഓ വളരെ നന്ദി! വൈദഗ്ധ്യവും വ്യക്തിഗത ശ്രദ്ധയും കിട്ടണമെങ്കില് അതിനു നല്ല ചെലവും വരുമെന്ന് മനസ്സിലായി.,Surprise
ഹോട്ടലിൽ ഞാൻ ഓഡർ ചെയ്ത ഭക്ഷണത്തിൽ ഞാൻ സന്തുഷ്ടനായിരുന്നു. അത് നല്ല രുചിയുള്ളതായിരുന്നു.,Happiness
ഹൈ സ്പീഡ് ഡൗൺഹിൽ സ്കീ റേസിനായി തയ്യാറെടുക്കുമ്പോ ജഗൻ ആകെ വിറച്ചുപോയി .,Fear
സാധനങ്ങളുടെ വില വളരെ സൂക്ഷ്മമായി നിരീക്ഷിക്കുന്ന ആളല്ലേ? ഈ മാസം ആദ്യം നിങ്ങൾക്ക് അയച്ച ഐറ്റങ്ങളുടടെ മാറിയ വില നിങ്ങൾ വായിച്ചില്ലെന്നോ?,Surprise
"സോഷ്യൽ മീഡിയയിൽ എന്റെ സ്റ്റുഡന്റ് എന്നെപ്പറ്റി നല്ല ലേഖനം എഴുതീരിക്കുന്നോ? അതു കണ്ട് എന്നെ അഭിനന്ദിക്കാൻ വിളിച്ചതാ? കൊള്ളാം, ഞാനത് അറിഞ്ഞില്ല.",Surprise
കൊറിയർ കമ്പനി ആ പ്രശ്നം പരിഹരിക്കുന്നതിന് അനാവശ്യമായ ബുദ്ധിമുട്ടുകളും അസൗകര്യങ്ങളും സൃഷ്ടിക്കുന്നത് കാണുന്നത് കഷ്ടം തന്നെയാണ്.,Sadness
കഴിഞ്ഞ ക്വാട്ടറിൽ സ്റ്റേബിൾ ആയതിനു ശേഷം എണ്ണവില കുതിച്ചുയരുന്നത് കഷ്ടം തന്നെയാണ്.,Sadness
മ്യൂസിക് പ്രാക്ടീസിൽ എന്റെ മോനെ മറ്റ് വിദ്യാർത്ഥികൾ ഭീഷണിപ്പെടുത്തുകയും പുറകിലേക്ക് തള്ളുകയും ചെയ്യുന്നുവെന്ന് കേട്ടപ്പോ ഞാൻ ഞെട്ടിപ്പോയി.,Surprise
"സംശയാസ്പദമായ രീതികളിലൂടെ മറ്റുള്ളവരെ പുറത്താക്കിയിട്ട് , മങ്കഡിംഗിനെക്കുറിച്ച് പരാതിപ്പെടുന്ന ഓസ്ട്രേലിയൻ, ഇംഗ്ലീഷ് ക്രിക്കറ്റ് കളിക്കാരെ എനിക്ക് വെറുപ്പാണ്.",Disgust
പഠിക്കാനോ ജോലി ചെയ്യാനോ സ്വതന്ത്രരായിരിക്കാനോ അനുവദിക്കാത്ത സ്ത്രീകൾക്ക് എന്ത് ജീവിതമാണുള്ളത്?,Sadness
സിനിമാ ഗാനത്തിന്റെ റെൻഡറിംഗിലൂടെ നിങ്ങൾ എന്റെ സമനില ശരിക്കും തെറ്റിച്ചു!,Surprise
"ഗ്യാസ് വില കൂടിയത് ശരിക്കും കഷ്ടം തന്നെയാണ്, പ്രത്യേകിച്ചും നമുക്ക് വളരെ കുറച്ച് ചോയ്സുകൾ ഉള്ളപ്പോൾ.",Anger
അമേരിക്കൻ സർക്കാർ വിദ്യാർത്ഥികളുടെ വിദ്യാഭ്യാസ വായ്പയുടെ ഭാരം കുറച്ചതിൽ എനിക്ക് എന്തെന്നില്ലാത്ത സന്തോഷം തോന്നുന്നു.,Happiness
മൊബൈൽ ഫോണിന്റെ സ്ക്രീൻ താഴെ വീണ് പൊട്ടിയപ്പോ അത് ശരിയാക്കാനുള്ള ചെലവിനെക്കുറിച്ച് എനിക്കാകെ ആശങ്കയായി .,Fear
കാബിനറ്റുകൾക്കായി പാർട്ടിക്കിൾ ബോഡ് ഉപയോഗിക്കുന്ന ആശയത്തോട് എനിക്ക് ഇഷ്ടമല്ല . ഇത് തീർത്തും വെറുപ്പിക്കുന്നതാ.,Disgust
ആ വിഭവം എന്റെ മേശയിൽ വന്നയുടനെതന്നെ എനിക്ക് എന്തോ അറപ്പ് തോന്നി . വല്ലാത്ത ഒരു മണം കാരണം ഒരു കഷ്ണം പോലും കഴിക്കാൻ കഴിഞ്ഞില്ല.,Disgust
ടി.വി. നേരെയാക്കുന്ന ആളെ നോക്കാനേ എനിക്ക് പറ്റുന്നില്ല. ചെളി പറ്റിയ ഒരു പിങ്ക് ഷർട്ടാണ് അയാൾ ഇട്ടിരുന്നത്.,Disgust
ആ കളിക്കാരന്റെ അമിതമായ ഷോ ഓഫ് വെറും അഹങ്കാരമാണ്.,Disgust
എനിക്ക് ക്രെഡിറ്റ് കാർഡ് നിരസിക്കപ്പെട്ടപ്പോൾ ഞാൻ യു.എസ്. ബാങ്കിംഗ് സംവിധാനത്തെക്കുറിച്ച് വിമർശിക്കുകയും അധിക്ഷേപിക്കുകയും ചെയ്തു.,Anger
ഇന്നലെ രാത്രി എന്റെ കുടുംബത്തിലെ എല്ലാവരും ടിവിയിൽ ഫിറ്റ്നസിനെക്കുറിച്ചുള്ള എന്റെ അഭിമുഖമാണല്ലോ കണ്ടതെന്ന് ഞാൻ ഞെട്ടിപ്പോയി!,Surprise
"സോറി, പക്ഷേ എന്റെ അക്കൗണ്ട് ഓവർഡ്രാഫ്റ്റിലാ, മാസാവസാനത്തോടെ എനിക്ക് പണമടയ്ക്കാൻ കഴിയില്ല.",Sadness
നമ്മുടെ പുതിയ ഗാലറിയുടെ ഉൽഘാടനത്തിന് നൂറ് പേർ വരുമെന്ന് ആരേലും കരുതിയോ ?,Surprise
ഉച്ചഭക്ഷണത്തിനുള്ള ഇടവേളയിൽ ശരിയായ സൗകര്യങ്ങളും ഭക്ഷണവും ഇല്ലാത്തത് എന്നെ ഭ്രാന്തനാക്കുന്നു. ഭൂമിയിൽ ജോലി ചെയ്യുമ്പോൾ ഞങ്ങൾ തൊഴിലാളികൾ ദുരിതമനുഭവിക്കണമെന്നും പട്ടിണി കിടക്കണമെന്നും ഭൂവുടമ ആഗ്രഹിക്കുന്നത് പോലെയാണ് ഇത്.,Anger
ജയിച്ച ടീമിന്റെ സ്പോട്സ്മാൻ സ്പിരിറ്റ് ഇല്ലാത്ത  പ്രകടനം നാണക്കേടായിരുന്നു.,Disgust
മൈക്ക് ടൈസൺ ഇവാൻഡർ ഹോളിഫീൽഡിന്റെ ചെവി കടിക്കുന്ന സീൻ കണ്ടപ്പോ എനിക്ക് ഭയങ്കര വെറുപ്പ് തോന്നി.,Disgust
ഞാൻ ബേക്കറിയുടെ പുറകിൽ നടന്നപ്പോൾ അവിടെ വേസ്റ്റ് കുമിഞ്ഞുകൂടിയതിനാൽ അവിടം മൊത്തം എന്തൊരു നാറ്റമായിരുന്നു.,Disgust
വാൾവ് തകരാറിലായി ഗ്യാസ് വിതരണം തടസ്സപ്പെട്ടതിനാൽ ഞങ്ങൾ പട്ടിണി കിടന്നപ്പോൾ എനിക്ക് വിഷമമായി.,Sadness
ഓവർബുക്കായി നിങ്ങളുടെ ഫ്ലൈറ്റ് മിസ്സാക്കിയതിൽ ഞങ്ങൾ ക്ഷമ ചോദിക്കുന്നു.,Sadness
കൊള്ളാലോ! നിങ്ങളെ ഒരു പുതിയ കസ്റ്റമര് ആയി കിട്ടിയതില് ഒത്തിരി സന്തോഷം. അക്കൗണ്ട് തുറക്കാം.,Surprise
"കടുത്ത മത്സരത്തിന് ശേഷം, വിജയിച്ച ടീമംഗങ്ങളെ കെട്ടിപ്പിടിച്ചപ്പോ സോഫിയയുടെ സന്തോഷം കാണണമായിരുന്നു.",Happiness
"നിൽക്കൂ, ഈ സങ്കീർണ്ണമായ നെക്ലേസ് കൈകൊണ്ട് നിർമ്മിച്ചതാണെന്നാണോ നിങ്ങൾ പറയുന്നത് ? അത് ഉണ്ടാക്കിയ രീതിയും ആധികാരികതയും ഒക്കെ വേറെ ലെവലാ, ഞാൻ പ്രതീക്ഷിച്ചതിലും അപ്പുറമാണ്!",Surprise
കമ്പനിയുടെ ടോപ്പ് മാനേജ്മെന്റ് വിട്ടുപോയ വാർത്ത ജീവനക്കാരുടെ മനോവീര്യം തകർത്തു.,Sadness
അവർ എന്റെ ഡോക്യുമെന്റ്സ് പരിശോധിച്ച് കഴിഞ്ഞു വെറും അഞ്ച് മിനിറ്റിനുള്ളിൽ എന്റെ ആപ്ലിക്കേഷൻ അപ്രൂവ് ആക്കി !,Surprise
"ഞാൻ എന്റെ അക്കൗണ്ട് നോക്കി , അതിൽ ആരോ അനധികൃതമായിട്ട് പണം പിൻവലിച്ചിട്ടുണ്ട്. എന്താ സംഭവിക്കുന്നേ? എന്റെ പണം സേഫ് ആണോ?",Fear
"മറ്റുള്ളവരുമായി വഴക്കിട്ടാൽ എന്നെ ഫ്ളൈറ്റിൽ നിന്ന് പുറത്താക്കുമോ എന്ന് എനിക്ക് പേടിയായി , അതുകൊണ്ട് ഒരാൾ എന്റെ സീറ്റ് ചവിട്ടിയപ്പോ ഞാൻ പ്രതിഷേധിച്ചില്ല.",Fear
"ഇരുപത്തിനാല് മണിക്കൂറും തുറക്കുന്ന ഒരു വലിയ വാൾമാർട്ട് സ്റ്റോർ ആണ്, എന്നാലോ, കസ്റ്റമേഴ്സിനെ സഹായിക്കാൻ ഒരാളെയും വെക്കില്ല.",Disgust
എന്റെ ഏറ്റവും അടുത്ത സഹപ്രവർത്തകൻ മറ്റ് താൽപ്പര്യങ്ങൾക്കായി സ്ഥാപനം വിടാൻ തീരുമാനിച്ചു.,Sadness
പ്രതീക്ഷിച്ചതുപോലെ തയ്യാറെടുക്കാൻ പറ്റാത്തതുകൊണ്ട് ഞാൻ പരീക്ഷാ ഹാളിലേക്ക് നടന്നത് ആകെ ടെൻഷനിലാ.,Fear
ഞങ്ങളുടെ വരുമാന മാർഗ്ഗങ്ങൾ ഇപ്പൊ സൂപ്പറായി പോകുന്നു.,Happiness
കൃത്യനിഷ്ഠയുള്ള സ്വിസ് ട്രെയിൻ അഞ്ച് മിനിറ്റ് വൈകിയെന്ന് എനിക്ക് വിശ്വസിക്കാനായില്ല.,Surprise
"സഹോദരാ, ദയവായി ബില്ലിങ് ഒന്ന് വേഗം ചെയ്തു തീർക്കു ഞാൻ പത്ത് മിനിറ്റായി ലൈനിൽ വെയിറ്റ് ചെയ്യാൻ തുടങ്ങിയിട്ട്.",Anger
ആളുകളുമായി ഇടപഴകുന്നതല്ലേ ഏറ്റവും സുഖമുള്ള കാര്യം?,Happiness
കാട്ടിൽ പോയ സമയത്ത് ഭീകരമായ ഒരു അലർച്ച കേട്ടപ്പോൾ ഞാൻ പേടിച്ചു വിറച്ചുപോയി .,Fear
നിങ്ങടെ നട്ടെല്ലിന് തകരാറുണ്ടാവാം.,Fear
"ഞങ്ങളുടെ കേക്കിന്റെ രഹസ്യ ചേരുവ നിങ്ങളെ ഞെട്ടിക്കും, അത് നല്ല രുചി തരും.",Surprise
പുതിയ സാമ്പത്തിക നിയന്ത്രണങ്ങൾ ഉപഭോക്തൃ സംരക്ഷണത്തിൽ ഉണ്ടാക്കിക്കൊണ്ടിരിക്കുന്ന മാറ്റങ്ങള് അമ്പരപ്പിക്കുന്നതാണ്.,Surprise
എന്താ നീ ഒരു കുട എടുക്കാൻ മറന്നേ ? ഇപ്പോ ഈ ചുട്ടു പൊള്ളണ വെയിലത്ത് എങ്ങനെയാ ഇരിയ്ക്ക?,Anger
ഗ്രാമീണരുടെ മക്കളോട് വിവേചനം കാണിക്കാൻ നിങ്ങൾക്ക് അവകാശം ഇല്ല. തർക്കം ചൂടുപിടിച്ചപ്പോൾ പേരക്കുട്ടികൾ അവരുടെ മുത്തച്ഛനോട്,Anger
താൻ പണം മുടക്കിയ ചരക്ക് കൃത്യസമയത്ത് എത്താതിരുന്നപ്പോൾ കസ്റ്റമറിന്റെ മുഖം ആകെ ചുവന്നു തുടുത്തു .,Anger
"ഇപ്പോൾ സാധനങ്ങൾ തിരിച്ചറിയാനുള്ള ആപ്പ് വരെയുണ്ട്, എന്തൊക്കെ കണ്ടുപിടിത്തങ്ങളാണല്ലേ!",Surprise
"നിങ്ങള് ഏതു നേരോം ഫോണിലെന്നെ, അതോണ്ട് ഞാൻ അത് എടുത്തു വെക്കാൻ പോവാ.",Anger
ഓവനിൽ കരിഞ്ഞ കുക്കികൾ കണ്ടപ്പോൾ എനിക്ക് നിരാശയായി . അവ വീണ്ടും ബേക്ക് ചെയ്യാൻ എനിക്ക് പറ്റിയില്ല .,Sadness
എനിക്ക് ടെന്നീസ് എൽബോ ഉണ്ടെന്നും കൈകൾക്ക് കൂടുതൽ സ്ട്രെയിൻ എടുക്കരുതെന്നും ഡോക്ടർ പറയുന്നു.,Sadness
"ഞാൻ ഒരു ക്ഷേത്രത്തിലേക്ക് ഡ്രൈവ് ചെയ്യുകയായിരുന്നു, അത് അടയ്ക്കുന്നതിന് മുമ്പ് കൃത്യസമയത്ത് അവിടെ എത്താൻ കഴിയാത്തതിൽ എനിക്ക് നിരാശയായി .",Sadness
"നോർത്ത് ചെന്നൈയിലേക്ക് വണ്ടി ഓടിക്കുന്നത് ക്യാബ് ഡ്രൈവർക്ക് വെറുപ്പായിരുന്നു. അവിടം വൃത്തികെട്ടതും തിരക്കേറിയതുമാണെന്ന് അയാൾക്ക് തോന്നി, അവിടെ അയാൾക്ക് മാന്യമായ യാത്രാക്കൂലി ഒരിക്കലും കിട്ടാറില്ല.",Disgust
"ഞാൻ അസൈൻമെന്റ് സ്വീകരിച്ചു, എന്നാൽ ഇപ്പോൾ എന്തുചെയ്യണമെന്ന് അറിയാതെ ആകെ പരിഭ്രാന്തി ആകുന്നു.",Fear
"ഓ! ഇത്രയും കുറഞ്ഞ പലിശനിരക്കുള്ള ലോൺ എനിയ്ക്കു കിട്ടുമെന്ന് എനിക്കറിയില്ലായിരുന്നു. എന്നെ അറിയിച്ചതിന് നന്ദി, മിസ്റ്റർ ഡേവിഡ്.",Surprise
"അടുത്ത മാസം എനിക്ക് കുറച്ച് അതിഥികൾ ഉണ്ട് , വേറൊരു ഗ്യാസിന് ബജറ്റ് എന്റെ കൈയിൽ ഇല്ല . എല്ലാ രാത്രിയും ഞാൻ അതിനെക്കുറിച്ച് ആശങ്കപ്പെടുന്നു.",Fear
"എന്റെ കാറിന്റെ എഞ്ചിൻ ബ്രേക്ക് ഡൗൺ ആയി, അത് ശരിയാക്കാൻ രണ്ട് ലക്ഷം രൂപ ചെലവാകുമെന്ന് അവർ പറഞ്ഞു.",Sadness
"അടയാറിലെ പുതിയ റെസ്റ്റോറന്റിൽ സർവീസ് ഭയങ്കര മോശം ആയിരുന്നു, ഞങ്ങളുടെ ആനിവേഴ്സറിക്ക് ഭാര്യയെ അവിടെ കൊണ്ടുപോയതു കഷ്ടമായി.",Sadness
"ആ മോഡിഫിക്കേഷൻസ് കൊണ്ട് എന്റെ കാറിന്റെ പെർഫോമൻസ് വർധിപ്പിക്കാൻ കഴിയും എന്നത് അതിശയകരമാണ്. മോഡിഫിക്കേഷൻസ് മോടി കൂട്ടാൻ മാത്രമാണെന്നാ ഞാൻ കരുതിയെ , പക്ഷേ അവയ്ക്ക് ഇന്ധനക്ഷമത മെച്ചപ്പെടുത്താൻ കഴിയുമെന്ന് അറിയുന്നത് ഒരു ഗെയിം ചേഞ്ചറാണ്.",Surprise
ചെളി നിറഞ്ഞ റോഡുകളിലൂടെ ഓടിച്ചശേഷം എന്റെ കാർ ആകെ വൃത്തികേടായി.,Sadness
അവൾ എന്റെ മൈസൂർ സിൽക്ക് സാരിയിൽ കേക്ക് വീഴ്ത്തി.,Anger
നൃത്തമത്സരത്തിൽ എൻ്റെ മക്കൾക്ക് ഒന്നാം സ്ഥാനം കിട്ടുമെന്ന് ഞാൻ സ്വപ്നത്തിൽ പോലും പ്രതീക്ഷിച്ചില്ല.,Surprise
"അച്ഛാ, കയ്യിൽ ഒരു വലിയ സൂചിയായിട്ടാ ഡോക്ടർ വരുന്നേ.",Fear
ഹോട്ടലിലെ മന്ദഗതിയിലുള്ള സേവനം എന്നെ ചൊടിപ്പിച്ചു. എന്റെ ഓഡർ കൊടുക്കാൻ തന്നെ എത്ര നേരം കാത്തിരുന്നു!,Anger
"എനിക്ക് ഈ വീഡിയോ ഗെയിം കളിക്കാൻ ആഗ്രഹമുണ്ടായിരുന്നു, പക്ഷേ സി.ഡി. കേടായി. എനിക്ക് ഇനി ഒരിക്കലും ഈ ഗെയിം കളിക്കാൻ പറ്റില്ല.",Sadness
യു. പി. എസ്. സിക്ക് തയ്യാറെടുക്കാൻ ഞാൻ ഒരു വർഷം അവധിയെടുത്തെതാ എന്നിട്ടും ജയിച്ചില്ല. ഇനി ഇപ്പോ ഞാൻ എന്താ ചെയ്യേണ്ടത്?,Sadness
"ഞാൻ വർഷങ്ങളായി ഈ ബാങ്കിന്റെ വിശ്വസ്തനായ കസ്റ്റമറാണ്, പക്ഷേ ഇന്ന് എനിക്ക് ലഭിച്ച സേവനം തൃപ്തികരമല്ല. എനിക്ക് സൂപ്പർവൈസറുമായി സംസാരിക്കക്കണം .",Anger
കഴിഞ്ഞ മൂന്ന് തവണയും നിങ്ങൾക്ക് വേണ്ടത് കിട്ടിയില്ലെന്ന് ഞാൻ അറിഞ്ഞിരുന്നില്ല കേട്ടോ.,Surprise
കട ആകെ ഇരുണ്ടിരിക്കുന്നു. നമ്മൾ അവന്റെകൂടെ അകത്തേക്ക് പോകണമെന്ന് എനിക്ക് തോന്നുന്നില്ല. നിങ്ങൾ അകത്തേക്ക് പോയി പിന്നെ തിരിച്ച് വന്നില്ലെങ്കിൽ ഞാൻ എന്താ ചെയ്യാ?,Fear
സി. ഇ. ഒ ഓഫർ എന്റെ ദിവസം അടിപൊളിയാക്കി.,Happiness
റീട്ടെയിൽ ഗോഡൗണിലേക്ക് നടന്നപ്പോൾ ചീഞ്ഞളിഞ്ഞ മരക്കഷണത്തിൽ നിന്ന് വന്ന ദുർഗന്ധം എന്നെ ഞെട്ടിച്ചു.,Disgust
ഞങ്ങൾ എപ്പോഴും എയർ കണ്ടീഷനിംഗ് ഉപയോഗിക്കുന്നതുകൊണ്ട് ഈ മാസം ഞങ്ങളുടെ വൈദ്യുതി ബിൽ എത്ര വരുമെന്ന് എനിക്ക് നല്ല പേടിയുണ്ട്.,Fear
ഏയ് വേണ്ട! ഇന്നത്തെ പ്രസന്റേഷന് തയ്യാറെടുക്കാൻ ഞാൻ മറന്നേ പോയി .,Fear
സ്റ്റേജിന്റെ പിന്നിൽ നിന്ന് ഉച്ചത്തിൽ അലറരുത്. ഓഡിയൻസിന് നിങ്ങൾ പറയണത് കേൾക്കാൻ കഴിയും .,Anger
"എങ്ങനെയാവോ ചില ആൾക്കാർ ഓട്സും , തൈരും കൂടി കലർത്തുന്നത്? അത് ശെരിക്കും ഓക്കാനിക്കാൻ വരും .",Disgust
"ഞാൻ അതിരാവിലെത്തന്നെ ബീച്ചിൽ പോയി, പക്ഷേ മഴക്കാർ ഉണ്ടായിരുന്നോണ്ട് എനിക്ക് സൂര്യോദയം കാണാൻ പറ്റിയില്ല .",Sadness
വെസ്റ്റ് ആഫ്രിക്കയിലെ ഡോഗോൺ ഗോത്രത്തിന് നഗ്നനേത്രങ്ങൾ കൊണ്ട് കാണാൻ കഴിയാത്ത നക്ഷത്രമായ സിറിയസ് ബി യെക്കുറിച്ച് അറിയാമെന്ന് വായിച്ചപ്പോ ഞാൻ ആശ്ചര്യപ്പെട്ടു പോയി.,Surprise
വേഗം ഒരുങ്ങിക്കോ ! വൈകി പോയാൽ നമ്മൾക്ക് സീറ്റുകൾ കിട്ടില്ലെന്ന് ഞാൻ നിന്നൊട് പറഞ്ഞതാ.,Anger
"പറയുന്നതിൽ ഒന്നും തോന്നരുത്, പക്ഷേ കേക്കിന്റെ ഫ്ലേവറും സൈസും ഇപ്പൊ കുറച്ചേ സ്റ്റോക്കുള്ളൂ.",Sadness
ബ്രേക്ക് വർക്കാവുന്നില്ല. നമ്മൾ ഇപ്പോ എന്താ ചെയ്യേണ്ടത്?,Fear
കഴിഞ്ഞ മാസം ഞാൻ സമ്പാദിച്ച ഏകദേശം മുഴുവൻ പൈസയും ഞാൻ ചെലവാക്കി. ഈ മാസം എനിക്ക് വാടക കൊടുക്കാൻ പറ്റുമെന്ന് തോന്നണില്ല.,Sadness
"ഞാൻ സംസാരിക്കുമ്പോൾ ഒന്ന് ശ്രദ്ധിച്ചാലെന്താ നിനക്ക്, എൻ്റെ അടുത്ത് ലൂക്ക് സ്കൈവാക്കറിൻ്റെ ഒരു ഒറിജിനൽ ഫിഗർ ഉണ്ടെന്ന് ഞാൻ ഇന്നലെ തന്നെ പറഞ്ഞതല്ലേ?",Anger
"ഞാൻ പാരീസിലെ നോത്ര ദാം കത്തീഡ്രലിലേക്ക് കേറി, ആ ഗുഹ പോലുള്ള ഉൾഭാഗം കണ്ടപ്പോൾ ഞാൻ അന്തം വിട്ടു പോയി.",Surprise
"എന്തു ചെയ്യാന്, വീക്ക് എൻഡ് ഉൾപ്പെടെ രാവും പകലും ഒക്കെ ജോലി ചെയ്യാൻ ഞങ്ങളോട് ആവശ്യപ്പെട്ടിട്ടുണ്ട്.",Sadness
ഞാൻ ഇന്ന് ഒരു ബിസിനസ്സും നടത്താതെ പൈസ ഉണ്ടാക്കാതിരുന്നാ എന്റെ കുടുംബം പട്ടിണി കിടന്ന് ചാവും.,Fear
ബാറ്റ്സ്മാൻ അടിച്ച ഒരു സിക്സർ കാണികൾക്കിടയിൽ ഒരു കൊച്ചു പെൺകുട്ടിയുടെ വളരെ അടുത്ത് വരെ വന്നപ്പോൾ എന്റെ ഹൃദയം ഏതാണ്ട് നിലച്ചു.,Surprise
"ഞാൻ ഒരു ടാബ്ലറ്റ് എടുത്തു, പക്ഷേ ഇപ്പോൾ എനിക്ക് വ്യക്തമായി കാണാൻ പറ്റുന്നില്ലാ, എന്റെ കൈകൾ വിറയ്ക്കാ.",Fear
കർഷക തൊഴിലാളികൾ തുറസായ സ്ഥലത്ത് ഉച്ചഭക്ഷണം കഴിക്കുന്നത് കാണുമ്പൊ കഷ്ടം തോന്നും . അവരുടെ ഇടവേള ആസ്വദിക്കാൻ അവർക്ക് ഒരു ചെറിയ കെട്ടിടമെങ്കിലും വേണം.,Sadness
ഓസ്ട്രേലിയക്കാർ നടപ്പാക്കുന്ന വിവേചനപരമായ ഇമിഗ്രേഷൻ പോളിസികളിൽ എനിക്ക് നല്ല എതിർപ്പുണ്ട്.,Anger
രാവിലെ സിലിണ്ടർ എങ്ങനെയെങ്കിലും കിട്ടാൻ സാധ്യതയുണ്ടോ എന്ന് ഞാൻ ചിന്തിച്ചിരിക്കുകയായിരുന്നു . ബ്രേക്ക് ഫാസ്റ്റ് റെഡി ആക്കാൻ ഗ്യാസ് സിലിണ്ടർ കിട്ടുമെന്ന് ഞാൻ ഒരിക്കലും കരുതിയിരുന്നില്ല!,Surprise
അവളുടെ അച്ഛൻ ഒരു ഓപ്പറേഷൻ കഴിഞ്ഞ് മരിച്ചുവെന്ന് അറിഞ്ഞപ്പോ എന്റെ ഭാര്യയെ ആശ്വസിപ്പിക്കാൻ പറ്റാതെയായി.,Sadness
"ജോലി ചെയ്യാത്തവരും, നിയമത്തെ വെല്ലുവിളിക്കുന്നവരുമൊക്കെയാണ് എന്നെ ആക്ഷേപിക്കുന്നത്.",Disgust
"നിങ്ങൾക്ക് റീഫണ്ട് ചെയ്യാൻ  കഴിയില്ല, ഇത് വളരെ ദയനീയമാണ്.",Sadness
"പി.എച്ച്.ഡി. ഒന്നും ഇപ്പോൾ പണ്ടത്തെ പോലെ എളുപ്പമല്ല, ഇതൊക്കെ എന്നെക്കൊണ്ട് കഴിയുമോ എന്ന് സംശയമാണ്.",Fear
എൻ്റെ സ്റ്റോക്ക് പോട്ട്ഫോളിയോ മാർക്കറ്റിൽ തുടർച്ചയായി നേട്ടം ഉണ്ടാക്കുകയാണ്. അതിൻ്റെ ആവേശത്തിലാണ് ഞാൻ.,Happiness
ഇപ്പോൾ നമുക്കറിയാവുന്ന ലോകം എണ്ണമറ്റ തലമുറകളുടെ അവശേഷിപ്പുകൾ ആണെന്ന് തിരിച്ചറിയാതെ പോകുന്നല്ലോ!,Fear
"കുറെ ഇന്ത്യക്കാരുടെ ജീവൻ നഷ്ടപ്പെട്ടു, എന്തിനുവേണ്ടിയാ ?",Sadness
"അമ്മേ, ഞാൻ ശരിയ്ക്ക് വരിയിൽ നിൽക്കാത്തോണ്ട്‌ ഇന്ന് കാമാക്ഷി മാഡം എന്നെ അഞ്ച് റൗണ്ട് ഓടിപ്പിച്ചു.",Sadness
ഈ സ്ഥലത്ത് ഒരു ബോംബ് വച്ചിട്ടുണ്ടെന്നും എത്രയും വേഗം നമ്മൾ ഇവിടെന്ന് മാറണമെന്നും അവർ പറയാ.,Fear
നിങ്ങൾ നിക്ഷേപിച്ച കമ്പനി ഫിനാൻഷ്യൽ ഡാറ്റയിൽ കൃത്രിമത്വം കാണിക്കുന്നത് മഹാകഷ്ടം തന്നെ .,Disgust
"പലിശയ്ക്ക് പണംകൊടുക്കുന്നവരാണ് ഏറ്റവും വലിയ ചൂഷകർ, അവർ അവർക്കിഷ്ടമുള്ള പലിശനിരക്കും വെച്ച് ആളുകളെ ബുദ്ധിമുട്ടിക്കുന്നു.",Disgust
"നമ്മൾ നമ്മുടെ ലക്ഷ്യങ്ങൾ സ്ഥിരമായി നിറവേറ്റിക്കൊണ്ടിരിക്കുകയാണ്, നമ്മൾ ശരിക്കും റിസൽട്ട് കാണാൻ തുടങ്ങുകയാണ്.",Happiness
ഞാൻ ജനിച്ച് ഒന്നുരണ്ട് ദിവസം എനിക്ക് നീലക്കണ്ണുകളായിരുന്നുവെന്ന് അമ്മ പറഞ്ഞപ്പോൾ എനിക്ക് വിശ്വസിക്കാൻ പറ്റിയില്ല.,Surprise
"പോലീസില്ലാതെ അങ്ങോട്ട് പോകുന്നത് അത്ര പന്തിയല്ല, അവിടുത്തെ നാട്ടുകാർ ഭയങ്കര അക്രമകാരികളാണ്.",Fear
ക്രിക്കറ്റ് മത്സരത്തിൽ ഇഷ്ടപ്പെട്ട ടീം പരാജയപ്പെട്ടതിന് നീയെന്തിനാ ടിവി പൊട്ടിച്ചേ?,Anger
ഗ്യാസ് ഏജൻസി എന്റെ ഓഡർ ക്യാൻസൽ ചെയ്തെന്ന മെസ്സേജ് എന്റെ മൊബൈലിൽ വരുന്നതെന്താ?,Surprise
തുരുമ്പെടുത്ത് പൊട്ടാറായ എന്റെ കാർഷിക ഉപകരണങ്ങൾ നോക്കുമ്പോൾ എനിക്ക് സങ്കടം തോന്നുന്നു. നമുക്ക് പുതിയ ഉപകരണങ്ങൾ ആവശ്യമാണ്.,Sadness
എന്റെ ഇൻഷുറൻസ് ആയുർവേദ ചികിത്സ കവർ ചെയ്യാത്തോണ്ടാ. അല്ലേല് എനിക്കും ഇതുതന്നെ പറയാമായിരുന്നു.,Sadness
"എൻ്റെ പിൻസീറ്റിലിരുന്ന യാത്രക്കാരൻ എൻ്റെ സീറ്റിൽ ഇങ്ങനെ ചവിട്ടിക്കൊണ്ടിരിടുന്നു, അവസാനം എൻ്റെ കയ്യീന്ന് പോയി.",Anger
"എന്റെ റിക്വസ്റ്റിനോട് ക്ലയൻ്റ് റെസ്പോണ്ട് ചെയ്യാത്തതോണ്ടും, എന്റെ ലീഡർഷിപ്പ് ടീം സഹായിക്കാത്തതോണ്ടും എനിക്ക് വെറുപ്പ് തോന്നുന്നു.",Sadness
"ആ ഗുഹയിൽ ആഴത്തിലുള്ള ഒരു ദ്വാരമുണ്ടായിരുന്നു, അതിലൂടെ കല്ലും വെള്ളവും ഒക്കെ തിളച്ചുകേറിവരുന്നത് കണ്ടപ്പോ എൻ്റെ ശ്വാസം പോയി.",Fear
റോമിലെ ഭക്ഷണശാലകളെപ്പറ്റി ഗൈഡ്ബുക്കിന്റെ റെക്കമെൻഡേഷനുകൾ തീരെ മോശമാണ്.,Sadness
ചൂടിൽ കമ്പികൾ ഉരുകിയതുകൊണ്ട് നഗരത്തിലെ വൈദ്യുതി വിച്ഛേദിക്കപ്പെട്ടുവെന്ന് കേട്ടപ്പോൾ ഞാൻ ഞെട്ടിപ്പോയി!,Surprise
ഈ പുരാതന കസേരകൾ വിൽക്കുന്നതിലുള്ള നിങ്ങളുടെ ഉത്സാഹം കാണുമ്പോൾ എനിക്ക് വിശ്വസിക്കാനാവുന്നില്ല.,Surprise
"ഈ ചളുക്കം കൃത്യമായി ശെരിയാക്കുന്നതാണ് നിങ്ങൾക്ക്‌ നല്ലത്, അല്ലെങ്കിൽ എന്തായാലും പ്രശ്നമാവും!",Anger
തീയേറ്റർ ടൗണിന്റെ ഒട്ടും സേഫ് അല്ലാത്ത ഭാഗത്തായോണ്ട് എനിക്ക് ഒറ്റയ്ക്ക് പോകാൻ വയ്യ.,Fear
"ഹലോ, ഈ കാര്യത്തിൽ ഞാൻ ശരിക്കും നിരാശനാണ്. എന്റെ പാക്കേജിന് കേടുപാടുകൾ സംഭവിച്ചു എന്ന് മാത്രമല്ല, അത് തുറന്നിട്ടുമുണ്ട് !",Anger
"സാർ, ഒരു പുതിയ വ്യക്തി ചെയ്ത തെറ്റിന് എന്നോട് ദേഷ്യപ്പെടുന്ന അഞ്ചാമത്തെ ആളാണ് നിങ്ങൾ.",Sadness
"എനിക്ക് നന്നായി മനസ്സിലായി. പക്ഷെ, ഒരു പുതിയ അക്കൗണ്ട് തുറക്കുന്നതിൽ എനിക്ക് ആശങ്കയുണ്ട്.",Fear
പുരാതനമായ കസേരകൾ വിൽക്കുന്നതിൽ എനിക്ക് നിങ്ങളെ സഹായിക്കാൻ കഴിയാത്തത് നിർഭാഗ്യകരമാണ്.,Sadness
"എന്റെ കുട്ടി ശ്രദ്ധയുള്ളവനാണ്, അപ്പോ ഒരു പെർഫാമൻസിൽ  അവൻ സ്റ്റേജിൽ അസ്വസ്ഥനാകുന്നത് കണ്ട് ഞാൻ അമ്പരന്നു.",Surprise
ഞാൻ ടിക്കറ്റ് കൗണ്ടറിൽ ചെന്നപ്പോൾ എമിറേറ്റ്സ് എന്നെ ഇക്കണോമീന്ന് ബിസിനസ് ക്ലാസ്സിലേക്ക് മാറ്റിയത് എന്നെ ഞെട്ടിച്ചു.,Surprise
പ്രധാന സോഫ്റ്റ് സ്കിൽ പ്രദർശിപ്പിക്കുന്നതിലെ ജീവനക്കാരന്റെ ആത്മവിശ്വാസം വളരെ സന്തോഷകരമാണ്.,Happiness
വിദ്യാഭ്യാസച്ചെലവുകൾ അടിക്കടി കൂടുന്നത് എന്നെ ശരിക്കും വിഷമിപ്പിക്കുന്നു.,Sadness
"ഇത് അംഗീകരിക്കാൻ പറ്റില്ല ! പ്രീമിയം ഡെലിവറി സർവീസിനായി ഞാൻ പണമടച്ചു, എന്നിട്ടും എന്റെ പാക്കേജ് മിസ്സിംഗ് ആണ് !",Anger
"ക്ഷമിക്കണം, പക്ഷേ വാട്ടർ ഫിൽട്ടറിനുള്ള സ്പെയർ പാർട്സ് ഞങ്ങളുടെ അടുത്ത് ഇല്ല .",Sadness
ചെന്നൈയില് യാനിയുടെ പ്രകടനം എനിക്ക് ഒത്തിരി ഇഷ്ടായി. അദ്ദേഹം ഫുൾ എനർജിലായിരുന്നില്ലേ! ഞങ്ങളെടുത്ത ടിക്കറ്റിന്റെ ഓരോ രൂപയും മുതലായി.,Happiness
"ഇപ്പോൾ നിങ്ങളെ സഹായിക്കാൻ എനിക്ക് സന്തോഷമേ ഉള്ളു, മാഡം.",Happiness
ഈ കമ്പനിയുടെ തട്ടിപ്പിന്റെ ട്രാക്ക് റെക്കോഡ് വളരെ അസ്വസ്ഥതയുണ്ടാക്കുന്നു.,Disgust
"നിങ്ങളുടെ ശമ്പള അഭ്യർത്ഥനകൾ ഞാൻ റിവ്യൂ ചെയ്തിട്ടുണ്ട്, തുറന്നുപറയാം, ഞങ്ങൾ വാഗ്ദാനം ചെയ്ത ന്യായമായ പ്രതിഫലം നിങ്ങൾ അവഗണിക്കുന്നത് മര്യാദയല്ല.",Anger
ഒരു ക്ലാസ്മേറ്റ് അവന്റെ മൂക്ക് തോണ്ടിയിട്ട് അതേ വിരൽ വായിൽ ഇട്ടപ്പോൾ എനിക്ക് ഛർദ്ദിക്കാൻ വന്നു.,Disgust
"പുതിയ ഹെൽത്ത് സെന്റർ ഞാൻ കണ്ടു, അതിന്റെ സൗകര്യങ്ങളും ,ശുചിത്വവും വളരെ നന്നായി തോന്നി.",Happiness
"എന്തൊരു നാറ്റമാണ് ആ ബസ് സ്റ്റാന്‍ഡും പരിസരവും, ഓക്കാനം വരും.",Disgust
ഇൻകം ടാക്സ് ഓഫീസ് എന്റെ റിട്ടേണുകളോട് ഒരിക്കലും ഇത്ര വേഗത്തിൽ പ്രതികരിച്ചിട്ടില്ല.,Surprise
പെട്ടെന്ന് ഐഡിയകള് കൊണ്ടുവരുന്നതല്ല എന്റെ ജോലി.,Anger
ഇപ്പൊ ഒരു ആർട്ടിഫിഷ്യൽ പിച്ചിൽ ഫുട്സൽ എന്ന മോണിങ് ഗെയിമിനെക്കാൾ കൂടുതലൊന്നും എന്നെ സന്തോഷിപ്പിക്കുന്നില്ല.,Happiness
ദേശീയ ടീമിലേക്കുള്ള സെലക്ഷനില് ആളുകൾ പ്രധാന സ്പോട്സ് ഒഫീഷ്യലുകളെ ആകർഷിച്ച രീതി വേദനാജനകമായിരുന്നു.,Disgust
"ഞാൻ എനിക്കുവേണ്ടി നിലകൊണ്ടില്ലെങ്കിൽ, എന്റെ സഹോദരങ്ങൾ എല്ലായ്പ്പോഴും എന്നോട് ഏറ്റവും ഇളയവനെപ്പോലെ പെരുമാറുകയും എന്നെ വട്ടം കറക്കുകയും ചെയ്യുമെന്നാ എന്റെ വിചാരം.",Fear
എന്റെ മെഡിവെൽ ഇൻഷുറൻസ് ചെലവുകളുടെ വലിയൊരു ഭാഗം വഹിക്കുമെന്നാണ് ഞാൻ പ്രതീക്ഷിച്ചത്. പക്ഷെ വലിയ തുക കവർ ചെയ്യാത്തത് നിരാശാജനകമാണ്.,Surprise
"ചില കോണ്‍ട്രാക്ടര്‍മാര്‍ കാശ് വാങ്ങിച്ചിട്ട് പണി കൃത്യസമയത്ത് പൂര്‍ത്തിയാക്കുകയുമില്ല, പിന്നെ ചോദിക്കുമ്പോള്‍ അവര്‍ നമുക്ക് വേണ്ടി എന്തോ ത്യാഗം സഹിക്കുകയാണെന്ന രീതിയിലാണ് സംസാരിക്കുക.",Disgust
ഞങ്ങളുടെ പാഠത്തിന്റെ ആക്റ്റിവിറ്റികൾ പ്ലാൻ ചെയ്യാൻ എനിക്ക് പറ്റുന്നില്ല.,Sadness
"ഈ സ്വർണ്ണ ബ്രേസ്ലെറ്റ് മനോഹരമാണെന്ന് മാത്രമല്ല, ഇത് എന്റെ ബജറ്റിനുള്ളിൽ ഒതുങ്ങുന്നതുമാണ് .",Happiness
ലക്ഷ്യങ്ങളൊന്നും കൈവരിക്കാത്തതിനാൽ ബാങ്കിന്റെ സീനിയർ എക്സിക്യൂട്ടീവ് തന്റെ ടീമിനോട് ആക്രോശിച്ചു .,Anger
സർവീസ്സിൽ എനിക്ക് അസ്വസ്ഥത തോന്നാതിരിക്കുന്നതെങ്ങനെ? സ്റ്റാഫിന്റെ ശ്രദ്ധക്കുറവ് മൊത്തത്തിലുള്ള ഡൈനിംഗിനെ നല്ലോണം ബാധിച്ചു.,Fear
"വിമാനത്തിൽ എന്റെ പിന്നിൽ ഇരുന്ന യാത്രക്കാരൻ എന്റെ സീറ്റിന്റെ മുകളിൽ, അതായത് എന്റെ തലയ്ക്ക് മുകളിൽ കാലുകൾ വെച്ചപ്പോൾ ഞാൻ ഞെട്ടിപ്പോയി!",Surprise
തെറ്റായ മീറ്റർ കാരണം രണ്ട് മാസം മുമ്പ് വൈദ്യുതി ബിൽ കൂടിയതിൽ എനിക്ക് ദേഷ്യം വന്നു.,Anger
ആഹാ! ഒടുവിൽ എനിക്ക് ചെന്നൈയിലേക്കുള്ള ടിക്കറ്റ് കിട്ടി. കുറച്ച് സീറ്റുകൾ മാത്രമേ ബാക്കിയുണ്ടായിരുന്നുള്ളൂ.,Surprise
മുങ്ങിക്കപ്പലിന്റെ വായു തീർന്നുവെന്ന് കരുതി ഏറെ നാളുകൾക്കു ശേഷം സമുദ്രത്തിന്റെ അടിത്തട്ടിൽ കേട്ട ഇളക്കത്തെക്കുറിച്ച് വായിച്ചപ്പോൾ ഞാൻ ഞെട്ടിപ്പോയി.,Surprise
കഴിഞ്ഞ അഞ്ച് ദിവസായി എന്താ നിങ്ങൾ ഓഫീസിൽ വരാതിരുന്നെ? നിങ്ങൾക്ക് തോന്നുമ്പോ വരാനും പോകാനും കഴിയൂന്ന് നിങ്ങൾ വിചാരിക്കണുണ്ടോ ?,Anger
സോക്കർ മത്സരത്തിൽ പെനാൽറ്റി ഷൂട്ട് ഔട്ട് നേരിട്ടപ്പോ സൂസന്റെ ഹൃദയം നിലച്ചപോലെയായി.,Fear
എന്റെ അക്കൗണ്ട്  ബാലൻസ്  അക്കൗണ്ടിന് ആവശ്യമായ ലിമിറ്റിലും കുറവായി.,Fear
"ഞാൻ ഒരു കസ്റ്റമറിന് അവരുടെ ഉടുപ്പിനു ചേരുന്ന ഏറ്റവും അടിപൊളിയായ ആക്സസറി കണ്ടെത്താൻ സഹായിച്ചു, എനിക്ക് അതിൽ നല്ല സന്തോഷമുണ്ട്.",Happiness
ചില സമയങ്ങളിൽ ബുദ്ധിമുട്ടുള്ള എന്തെങ്കിലും ജോലി ചെയ്യാനുണ്ടെങ്കിൽ ഞാൻ ആകെ തകർന്നടിയും.,Sadness
പുതിയ മുംബൈ ഡൽഹി എക്സ്പ്രസ് വേയിലൂടെ വാഹനമോടിക്കുമ്പോഴേ ഗ്ലാസിൽ നിന്ന് ഒരു തുള്ളി വെള്ളം പോലും വീഴാതിരുന്നത് അത്ഭുതമല്ലേ!,Surprise
"ഞങ്ങൾക്ക് കിട്ടിയ ഹോട്ടൽ മുറിയിലെ ബെഡ്ഷീറ്റിൻ്റെയും ടവലിൻ്റെയും ഒക്കെ അവസ്ഥ കാണണമായിരുന്നു, ഛർദ്ദിക്കാൻ വരും.",Disgust
ഞങ്ങളാ പഴയ കോട്ടയ്ക്കകത്ത് കേറിയപ്പോൾ അതിന്റെയുള്ളിൽ പല പല യുദ്ധത്തിൽ മരിച്ച ആളുകളെക്കുറിച്ചോർത്ത് ഭയങ്കര സങ്കടം വന്നു.,Sadness
എന്റെ കടയ്ക്ക് മുന്നിൽ ഒരു സ്റ്റാൾ വെക്കരുതെന്ന് ഞാൻ എത്ര തവണ പറഞ്ഞു ഹേ?,Disgust
എന്തു ചെയ്യാൻ! നിങ്ങളുടെ പരിപാടിക്ക് അനുയോജ്യമായ കേക്ക് തിരഞ്ഞെടുക്കാൻ കഴിഞ്ഞില്ല.,Disgust
നാല്പതാം വയസ്സിലും എം. എസ്. ധോണിയുടെ ഫിറ്റ്നസ് കണ്ട് ഞാൻ ഞെട്ടിപ്പോയി.,Surprise
രണ്ട് വർഷത്തേക്ക് ടി.വി. വർക്ക് ചെയ്യുമെന്ന് നിങ്ങൾ എനിക്ക് ഗ്യാരന്റി തന്നതല്ലേ പക്ഷെ ഇപ്പോ മൂന്ന് മാസം ആവുമ്പഴേക്കും അത് വർക്ക് ചെയ്യാതെയായി.,Anger
കഴിഞ്ഞ കുറച്ച് മാസങ്ങളായി ടെക്നോളജി മേഖലയിൽ ആയിരക്കണക്കിനാളെ പിരിച്ചുവിടുന്നതിനെക്കുറിച്ച് വായിച്ചപ്പോ എനിക്കാകെ വിഷമായി.,Sadness
സോഫ്റ്റ്വെയർ കമ്പനിയുടെ കസ്റ്റമർ സപ്പോട്ട് ടീമിൽ നിന്നുള്ള റെസ്പോൺസ് വളരെ പെട്ടന്നായിരുന്നു!,Surprise
തെരുവ് കലാകാരന്മാർക്ക് ഇത്രയും അവിശ്വസനീയമായ കഴിവുകൾ ഉണ്ടെന്ന് ഞാൻ തിരിച്ചറിഞ്ഞില്ല.,Surprise
മുംബൈയിലെ ലോക്കൽ സ്ട്രീറ്റ് ഫുഡിന്റെ മണം പറഞ്ഞറിയിക്കാൻ പറ്റില്ല .,Surprise
ചില ആൾക്കാർ ഒരുപാട് ബുദ്ധിമുട്ടുമ്പോൾ സമ്പന്നർക്ക് കൈ നിറയെ പണം കിട്ടുന്നു.,Anger
"എന്റെ സ്കൂളിലെ ടീച്ചേസ് എല്ലാം വളരെ കൂൾ ആണ്, അതുകൊണ്ട് തന്നെ എനിക്ക് പഠിക്കാൻ നല്ല ഇഷ്ടമാണ്.",Happiness
ജോലി ചെയ്ത് തീർക്കുന്നതിൽ രാഷ്ട്രീയക്കാർ ആത്മാർഥത കാണിക്കാത്തത് എന്ത് അരോചകമാണ്.,Anger
ചെക്ക് ക്യാഷ് ചെയ്യാനുള്ള എന്റെ ഊഴത്തിനായി ഞാൻ ക്ഷമയോടെ കാത്തിരിക്കുമ്പോൾ ബാങ്ക് ജീവനക്കാരൻ എന്നോട് മോശമായി സംസാരിച്ചത് എന്റെ സമനില തെറ്റിച്ചു.,Anger
നിങ്ങളുടെ അക്കൗണ്ട് ക്ലോസാക്കാൻ നിങ്ങൾ തീരുമാനിച്ചതിൽ ഖേദമുണ്ട്. നിങ്ങൾ പോകേണ്ടിയിരുന്നില്ല.,Sadness
"ഊബർ ഡ്രൈവർമാർ കാൻസൽ ആക്കുമ്പോഴെല്ലാം അത് എന്നെ അലോസരപ്പെടുത്തുന്നു, പ്രത്യേകിച്ചും എന്തെങ്കിലും പ്രധാന മീറ്റിംഗ് ഒക്കെ ഉണ്ടെങ്കിൽ.",Anger
"ഹേയ് ഷെഫാലി, മൂലയ്ക്ക് നിൽക്കുന്ന ആ മനുഷ്യൻ കഴിഞ്ഞ ഒരു മണിക്കൂറായിട്ട് എന്നെ തുറിച്ചുനോക്കുന്നു.",Fear
പ്രൊഡക്റ്റിൻ്റെ സവിശേഷതകൾ മാത്രം വിശദീകരിച്ചിരുന്നാൽ വേറെ പ്രധാനപ്പെട്ട വല്ലതും വിട്ടുപോയാലോ?,Fear
ഒരു വിശദീകരണവും കൂടാതെ എയർലൈൻ ഞങ്ങളുടെ വിമാനം വൈകിപ്പിച്ചു.,Anger
"ആ ഹോട്ടലില്‍ രാവിലെ ബ്രേക്ഫാസ്റ്റ് ബുഫെ രണ്ടായിരം രൂപയാണ്, എന്നിട്ട് ആകെ ഉള്ളത് ഇഡ്‌ഡലിയും ചട്ണിയും, ബ്രഡ്, ബട്ടര്‍ ജാം, ഓംലറ്റും കുറച്ച് ഫ്രൂട്‌സും ജ്യൂസും മാത്രം, ആര്‍ക്കും ഒരു പരാതിയുമില്ല. കിട്ടുന്നത് തിന്നിട്ട് കാശും കൊടുത്ത് പോവുകതന്നെ.",Disgust
"വൈൻ സെല്ലാറുള്ള ഒരു വീട് കണ്ടെത്തുമെന്ന് ഞാൻ വിചാരിച്ചിരുന്നില്ല, അത് വളരെ പ്രേത്യേകതയുള്ള ആവേശകരമായ ഒരു സംഗതിയാണ്.",Surprise
"ഹോട്ടലിലെ ഓരോ കോഴ്സും തടസ്സങ്ങളില്ലാതെ കൃത്യസമയത്ത് ഡെലിവറി ചെയ്യുന്നത് എനിക്കിഷ്ടായി, അത് മൊത്തത്തിലുള്ള ഡൈനിംഗ് അനുഭവം മെച്ചപ്പെടുത്തി.",Happiness
എന്റെ സ്റ്റോർ പർച്ചേസുകൾക്ക് നിങ്ങൾ ഈ വാലിഡ് ആയ ഡിസ്കൗണ്ട് കൂപ്പൺ സ്വീകരിക്കില്ലെന്ന് എനിക്ക് വിശ്വസിക്കാൻ പറ്റുന്നില്ല.,Anger
ഫിഫ ലോകകപ്പ് മത്സരങ്ങൾ കാണുന്നതിനേക്കാൾ ഊർജം തരുന്ന മറ്റൊന്നില്ല.,Happiness
കൊടുങ്കാറ്റിനുശേഷം മൈതാനം മൊത്തം ചളിയും അവശിഷ്ടങ്ങളും കൊണ്ട് നിറഞ്ഞു അത് കണ്ടപ്പോ എനിക്ക് വല്ലാതെ അസ്വസ്ഥത തോന്നി .,Disgust
"ഇലക്ട്രിക്കൽ സ്റ്റോറിന്റെ റിട്ടേൺ പോളിസി എനിക്കിഷ്ടായി, എനിക്ക് ഫ്ലെക്സിബിലിറ്റി ഉണ്ടെന്ന് അറിയുന്നത് ആശ്വാസകരമാണ്.",Surprise
എനിക്ക് തീരെ മനസ്സിലാവാത്ത കുറെ ചിത്രങ്ങളുണ്ട് നാസ്ക പീഠഭൂമിയിൽ!,Surprise
"നിങ്ങടെ കുട്ടി പങ്കെടുക്കുന്നില്ലെങ്കിൽ, അടുത്ത വർഷം പുതിയ ആളുകളെ നമ്മടെ ഡാൻസ് സ്കൂളിന് ഉൾപ്പെടുത്താൻ പറ്റില്ല. പാർട്ടിസിപ്പേഷൻ ഫ്രീയാ.",Fear
പണമിടപാടുകാരനിൽ നിന്ന് കടം വാങ്ങുകയും ധാരാളം പലിശ കൊടുക്കേണ്ടി വരികയും ചെയ്തതാ കഷ്ടമായെ.,Sadness
"വിൽക്കാൻ വേണ്ടി നിങ്ങൾ നിരന്തരം ഫോളോ അപ്പ് ചെയ്യുന്നുണ്ടല്ലോ, സർവീസിനെക്കുറിച്ച് പറയുമ്പോൾ, ഞങ്ങളുടെ പ്രശ്നങ്ങൾ സൗകര്യപ്രദമായി അവഗണിക്കുന്ന നിങ്ങളുടെ മനോഭാവം തീരെ ശരിയല്ല .",Disgust
യ്യോ! നഖം കടിക്കുന്നത് ഒന്ന് നിര്‍ത്തു. എന്തൊരു വൃത്തികേടാ അത്.,Disgust
"പാസ്വേഡ് മറന്നതുകൊണ്ട് ഇനി എന്തുചെയ്യും എന്ന് ആലോചിക്കുകയായിരുന്നു, അപ്പോഴാണ് പാസ്വേഡ് മാനേജറിൽ എൻ്റെ എല്ലാ പാസ്വേഡുകളും സുരക്ഷിതമായി ഇരിക്കുന്നത് കണ്ടത്.",Surprise
ഞങ്ങളുടെ സർവീസിൽ നിങ്ങൾ ഹാപ്പിയാണെന്നാ ഞാൻ കരുതിയെ. നിങ്ങൾടെ സെക്യൂരിറ്റി ഇഷ്യൂസ് ഇപ്പോഴും ശരിയായിട്ടില്ല എന്ന് കേട്ടതിൽ എനിക്ക് വിഷമമുണ്ട്.,Surprise
ഞങ്ങളുടെ വാഷ് ബേയിലേക്ക് ഇത്രയും ആകർഷകമായ ഒരു കാർ വരുമെന്ന് ഞാൻ പ്രതീക്ഷിച്ചിരുന്നില്ല.,Surprise
ധാരാളം ആളുകൾ പങ്കെടുക്കുന്നതുകൊണ്ട് പങ്കെടുക്കുന്ന എല്ലാവരുടെയും ക്ഷേമം ഉറപ്പാക്കുന്നതിന് ആവശ്യമായ എല്ലാ മുൻകരുതലുകളും ഇവന്റ് മാനേജർ സ്വീകരിക്കുമെന്ന് ഉറപ്പാക്കാൻ ഞാൻ ആഗ്രഹിക്കുന്നു.,Fear
ഡ്രൈവർ ഷെയർ ഓട്ടോയിൽ ആളുകളെ തിക്കി തിരക്കി കേറ്റിയതിലും ഇരിക്കാൻ വളരെ കുറച്ച് സ്ഥലം മാത്രം ഉള്ളതുകൊണ്ടും എനിക്ക് ദേഷ്യം വന്നു.,Anger
എന്റെ അക്കൗണ്ടിൽ ആവശ്യത്തിന് പണമുള്ളപ്പോൾ നിങ്ങൾ എന്താപ്പാ എന്റെ പേയ്മെന്റ് ലിമിറ്റ് വർദ്ധിപ്പിക്കാത്തേ ?,Anger
"ആഹാ! ബേസിക് സർവീസ് പാക്കേജിൽ ഇത്രയൊക്കെ വരും എന്ന് ഞാൻ ഒരിക്കലും വിചാരിച്ചില്ല. ഓയിൽ ചെയ്ഞ്ച്, ടയർ റൊട്ടേഷൻ, ഫുൾ ഇൻസ്പെക്ഷൻ എല്ലാം ഉണ്ട്! ഞാൻ വിചാരിച്ചതിനെക്കാളും ഒക്കെ എത്രയോ കൂടുതലാണ് ഇത്!",Surprise
ഒരു കാൽനടയാത്രക്കാരനെ കടന്നുപോകാൻ അനുവദിക്കുന്നതിനുവേണ്ടി ഇന്ത്യയിൽ സീബ്ര ക്രോസിംഗിൽ നിർത്തിയപ്പോൾ പിന്നിൽ ഹോണടിച്ചതിനെ തുടർന്ന് എനിക്ക് വിഷമമായി.,Sadness
"രാത്രി കറന്റ് പോയപ്പോ, എന്തൊരു ശാന്തി! നല്ല തണുത്ത കാറ്റും. എനിക്ക് നല്ല സന്തോഷായി.",Happiness
പുതിയ ഹോട്ടലില് വെയിറ്റർമാർ കുറെ നേരമായിട്ടും എന്റെ മേശയുടെ അടുത്ത് വരാതിരുന്നപ്പോൾ എനിക്ക് വല്ലാതെ ദേഷ്യം വന്നു . ഞാൻ എന്തായാലും ഇനി അവിടെ പോകില്ല.,Disgust
ടീം എല്ലാ ദിവസോം അഞ്ച് മണിക്കൂർ പരിശീലനം നടത്തിയിട്ടും ടൂർണമെന്റിൽ അവർ തോറ്റു. അവർ ജയിക്കേണ്ടതായിരുന്നു എന്നാ എനിക്ക് തോന്നണേ .,Sadness
പകർച്ചവ്യാധി സമയത്ത് എത്ര ലോക നേതാക്കളിൽ നിന്നാ ഇന്ത്യൻ സർക്കാരിന് അപ്രതീക്ഷിത പിന്തുണ ലഭിച്ചത്!,Surprise
പണി കഴിയുന്നേന് മുമ്പുതന്നെ ആശാരി മോഡുലാർ കിച്ചന്റെ വില കൂട്ടിയത് എന്നെ ദേഷ്യം പിടിപ്പിച്ചു.,Anger
"മേഘ്ന, അത് എനിക്ക് തിരികെ താ, അത് എന്റെയാ !",Anger
എല്ലാവരുടെയും മുന്നിൽവെച്ച് എന്നെ അപമാനിക്കാൻ നിങ്ങൾക്കെന്താണ് അവകാശം?!,Anger
ഞങ്ങളുടെ മാസ്റ്റേഴ്സ് പ്രോഗ്രാമിലെ കോഴ്സ് തുടങ്ങുന്നത് ആറ് മാസത്തേക്ക് നീട്ടിയപ്പോ ഞാൻ ഞെട്ടിപ്പോയി.,Fear
കനറ ബാങ്കിൽ ഒരു വലിയ ലോക്കറിന് അപേക്ഷിച്ച് അത് കിട്ടിയപ്പോൾ നിധി കിട്ടിയ പോലെ ആയിരുന്നു ഞങ്ങൾക്ക്.,Happiness
ബാങ്കുകളിൽ ആളുകൾക്ക് തെറ്റായ സ്ഥാനങ്ങൾ കൊടുത്തിട്ട് അവർ ശരാശരിക്കാരാണെന്ന് കുറ്റപ്പെടുത്തുന്നതില് അർത്ഥമില്ല.,Anger
"നാട്ടുകാർ എത്ര കാറുകളും കടകളും ആണ് കത്തിച്ചത്, ആൾക്കാരുടെ പണവുംകൊണ്ട് മുങ്ങിയ ആ കമ്പനി മുതലാളിയാണ് എല്ലാറ്റിനും കാരണം.",Anger
എന്റെ പതിനേഴ് വയസ്സുള്ള അനന്തരവൾ ഒരു കർണാടക സംഗീത കച്ചേരിയിൽ നല്ല പ്രകടനം കാഴ്ചവെച്ചത് എന്നെ അത്ഭുതപ്പെടുത്തി.,Surprise
ഞങ്ങളുടെ കടയിലെ ഉല്പന്നങ്ങൾക്കൊന്നും ഒരു പുതുമയും ഇല്ല.,Sadness
കഴിഞ്ഞ വീക്കെൻഡിൽ ഒരു ടെലിസ്കോപ്പിലൂടെ വ്യാഴത്തിന്റെയും അതിന്റെ മൂന്ന് ഉപഗ്രഹങ്ങളുടെയും ഫോട്ടോ ക്ലിക്കു ചെയ്തപ്പോ എന്റെ മകന് വളരെ സന്തോഷമായി .,Happiness
ഇന്ന് ഈ സ്റ്റോറിലെ ഓരോ ഐറ്റത്തിനും ബയ് വൺ ഗെറ്റ് വൺ ഓഫർ ഉണ്ടെന്ന് നിങ്ങൾക്കറിയോ?,Surprise
ഇങ്ങനൊരു പൊട്ട സിനിമ നിർമ്മിച്ചതിന് സംവിധായകനോട് എനിക്ക് കടുപ്പായി.,Anger
എന്റെ ജീവിതത്തിൽ സ്ട്രെസ്സിനും ഉൽകണ്ഠയ്ക്കും കാരണമാകുന്ന മടുപ്പിക്കുന്ന ഈ വികാരം എനിക്ക് സഹിക്കാൻ പറ്റില്ല.,Disgust
ആളുകൾ എന്നെക്കുറിച്ച് എന്ത് നല്ലത് പറഞ്ഞാലും അത് കേൾക്കാൻ എനിക്ക് ഇഷ്ടമാണ്.,Happiness
എനിക്ക് വാങ്ങാൻ കഴിയുന്ന ഏറ്റവും മികച്ച വയറിംഗിന് ശേഷം എന്റെ പുതിയ വീട്ടിൽ ഇലക്ട്രിക് ഷോക്ക് ഉണ്ടായത് എന്നെ വിഷമിപ്പിച്ചു.,Sadness
കഴിഞ്ഞ മൂന്ന് മാസമായി മഴയില്ല. ഈ മാസം നമുക്ക് കാശൊണ്ടാക്കാൻ കഴിയില്ല.,Sadness
"എന്ത് രസമാ ഗോവയിലെ പ്രാദേശിക സംഗീതവും ആ സ്ഥലവും ഊർജ്ജവുമൊക്കെ, അത് കണ്ട് തന്നെ മനസ്സിലാക്കണം.",Surprise
സ്വന്തം നേട്ടത്തിന് വേണ്ടി മറ്റുള്ളവരുടെ ആശയങ്ങൾ മോഷ്ടിച്ച ആളുടെ അതേ മുറിയിൽ കഴിയാൻ എനിക്ക് ആഗ്രഹമില്ല .,Disgust
അയൽക്കാരൻ രാത്രിയിൽ നായയെ വീട്ടിൽ നിന്ന്  പുറത്താക്കിയപ്പോൾ അത് സങ്കടത്തോടെ അലറിവിളിക്കുന്നത് ഞാൻ കേട്ടു .,Sadness
ഞങ്ങൾക്ക് തിരിച്ചറിയാൻ പോലും കഴിയാത്ത ആളുകളെ തേടി ഓടുന്നതല്ലാതെ ഞങ്ങൾക്ക് വേറെ പണിയൊന്നുമില്ലെന്നാണോ നിങ്ങൾ വിചാരിക്കുന്നെ ?,Disgust
"മാഡം, നിങ്ങളുടെ ലാപ്ടോപ്പ് സോഫ്റ്റ് വെയർ പ്രശ്നങ്ങൾ ശരിയാക്കാൻ ഞങ്ങൾ സഹായിക്കാം , പക്ഷേ ദൈവത്തെ ഓർത്ത് , ദയവായി നിങ്ങളുടെ ബിസിനസ്സ് മറ്റെവിടെയെങ്കിലും കൊണ്ടുപോകരുത്.",Fear
ഇന്കം ടാക്സ് വെട്ടിച്ച് വിദേശത്തേക്ക് ധാരാളം പണം അയക്കുന്നവരാണ് എല്ലാത്തിനും കാരണം.,Disgust
"നിങ്ങളുടെ ലേഖനം നല്ല രസണ്ടായിരുന്നു, ഞാൻ ഫുൾ ചിരിച്ചോണ്ടേയിരുന്നു, മനസ്സില് നല്ല സന്തോഷം തോന്നി.",Happiness
ഒരു രോഗിയും ഇല്ലാതെ ആംബുലൻസ് ഡ്രൈവർ സൈറൺ മുഴക്കുന്നത് കണ്ടപ്പോ എനിക്ക് ആകെ വെറുപ്പ് തോന്നി .,Disgust
ഞാൻ അത്ര മോശമായിട്ടാ ചെയ്തതെന്ന് എനിക്ക് തോന്നുന്നില്ല .,Surprise
"ഒരു ഷെഫ് എന്ന നിലയിൽ ഞാൻ നിങ്ങളെ ഇഷ്ടപ്പെടുന്നുണ്ടെങ്കിലും, വൃത്തി ഇല്ലാത്തോണ്ട് റെസ്റ്റോറന്റിനെക്കുറിച്ച് ഞാൻ ഒരു മോശം റിവ്യൂ എഴുതുമോന്ന് തോന്നുന്നു.",Sadness
ഊർജ്ജസ്വലമായ പ്രകടനത്തിന് ശേഷം ആ യുവതി മുതിർന്നവരോട് വളരെ താഴ്മയോടും ബഹുമാനത്തോടെയും പെരുമാറുന്നത് കണ്ടപ്പോൾ എനിക്ക് വളരെ സന്തോഷമായി.,Happiness
"എനിക്ക് ശരിക്കും ഈ ഗ്രൂപ്പ് പ്രൊജക്റ്റുകൾ ഇഷ്ടമല്ല, അവസാനം എല്ലാം എന്റെ തലയിലാകും.",Disgust
അവസാന പരീക്ഷയിൽ എനിക്കു മുഴുവൻ മാർക്കും കിട്ടി. അതു കണ്ടപ്പോ വിശ്വസിക്കാനാകാതെ ട്രാൻസ്ക്രിപ്റ്റിലേക്ക് നോക്കി ഞാൻ കണ്ണു തിരുമ്മി.,Surprise
എനിക്ക് ആർട്ട് ക്ലാസ് ഇഷ്ട്ടാണ്. നമുക്ക് ഇഷ്ടമുള്ള ഏത് നിറവും ഉപയോഗിച്ച് പെയിന്റ് ചെയ്യാം .,Happiness
ഞാൻ ഫീഡ്ബാക്ക് നൽകിയപ്പോൾ ഹോട്ടൽ മാനേജരുടെ മോശം റെസ്പൊൺസിൽ എനിക്ക് നിരാശയായി. ഞാൻ ഭക്ഷണ വിമർശകനാണെന്ന് അയാൾക്ക് അറിയില്ലായിരുന്നു .,Sadness
മൂന്ന് മാസം മുമ്പ് ചെയ്തതുപോലെ തെറ്റായ തീയതിക്ക് ടിക്കറ്റ് ബുക്ക് ചെയ്യുമോ എന്ന് എനിക്ക് നല്ല ആശങ്കയുണ്ട്.,Fear
വീണ്ടും റാംപിൽ ഇറങ്ങാൻ എനിയ്ക്കു വയ്യ. കഴിഞ്ഞ തവണ നല്ലൊരു വീഴ്ച്ച വീണതാ.,Fear
ഫുട്ബോൾ ലോകകപ്പിൽ എന്റെ ടീമിന്റെ തുടർച്ചയായുള്ള തോൽവി കണ്ടപ്പോ എന്റെ ഹൃദയം തകർന്നുപോയി .,Sadness
ഒരു കസ്റ്റമർ ലൈനിലൊന്നും നിൽക്കാതെ തന്റെ അടയ്ക്കാനുള്ള പൈസ മുന്നോട്ട് വച്ചപ്പോൾ എനിക്ക് ദേഷ്യം വന്നു.,Anger
ഒരു റിസർച്ചും നടത്താതെ നിങ്ങൾ നിങ്ങളുടെ പണം കമ്പനിയിൽ നിക്ഷേപിച്ചതിൽ എനിക്ക് അത്ഭുതം തോന്നുന്നു.,Surprise
ചുറ്റുമുള്ള കാര്യങ്ങളൊന്നും കാണാൻ കഴിയാത്തോണ്ട് എനിക്ക് ഇരുട്ട് പേടിയാ .,Fear
"കസ്റ്റമേഴ്സ് പോകുന്നത് തടയാൻ ഞാൻ ശ്രമിച്ചു, പക്ഷേ അവര് എന്നെ ശ്രദ്ധിക്കാത്തപ്പോൾ നിരാശ തോന്നി.",Sadness
ഫൈനാൻഷ്യൽ പ്ലാനർ തന്റെ ജോലിയിൽ വളരെ മോശമായിരുന്നു.,Anger
കസ്റ്റമേഴ്സ് കുറെ സാരികൾ എടുത്തുനോക്കിയിട്ട് ഒന്നും വാങ്ങാതെ പോകുന്നത് കാണുമ്പോൾ കരച്ചിൽ വരും.,Sadness
"ജോലിസ്ഥലത്തെ എന്റെ സ്ട്രെസ്സും ഉൽകണ്ഠയും നിയന്ത്രിക്കാൻ ശ്രമിക്കുമ്പഴെല്ലാം എനിക്ക് കലിപ്പും, നിരാശയും തോന്നുന്നു.",Anger
ഞങ്ങളുടെ കോഡിന്റെ ഡെലിവറി വൈകുമെന്ന് ക്ലയൻ്റിനെ അറിയിക്കാതിരുന്നത് തെറ്റായിപ്പോയി.,Sadness
മനുഷ്യന്മാരെന്താ ഈ പഴയ കസേരകളുടെ മൂല്യം മനസിലാക്കാത്തെ?,Anger
കടയുടമ പറഞ്ഞ മൈക്രോവേവ് അവന്റെ വില വല്യ അന്യായമാ.,Anger
"നിർഭാഗ്യവശാൽ എനിക്ക് പല പ്രശ്നങ്ങൾ ഉണ്ടായിട്ടുണ്ട്, അതോണ്ട് നിങ്ങളുടെ ബാങ്കുമായി യാതൊരു ഇരുപാടും വേണ്ട എന്ന തോന്നലിലെത്തി.",Disgust
"അനുപമ മാഡത്തിന്റെ ക്ലാസിൽ ഇരിക്കാൻ നല്ല രസായിരുന്നു. ഞങ്ങൾ കഥകൾ, തമാശകൾ, നാടകങ്ങൾ എന്നിവ വായിക്കുകയും ആസ്വദിക്കുകയും ഒക്കെ ചെയ്തേരുന്നു.",Happiness
ഇന്ത്യക്കാർ കംബോഡിയയിലേക്കോ വിയറ്റ്നാമിലേക്കോ ഇന്തോനേഷ്യയിലേക്കോ പോകുമ്പോൾ നമുക്ക് പണത്തിന് കൂടുതൽ മൂല്യം കിട്ടുന്നു.,Happiness
"ഒരു റിപ്പെയർ പ്രതീക്ഷിച്ച് ഞാൻ എന്റെ കാർ മെക്കാനിക്കിന്റെ അടുത്തേക്ക് കൊണ്ടുപോയി, റീപ്ളേസ്മെന്റ് ഓപ്ഷനല്ല പകരം അമിതമായ കുറെ ചിലവുകൾ അവർ അടിച്ചേൽപ്പിക്കാൻ നോക്കുകയായിരുന്നു അവർ ! ഇത് ഭ്രാന്ത് പിടിപ്പിക്കുന്നതാണ്.",Anger
എന്റെ വിദ്യാഭ്യാസ ലോണിന് ഞാൻ എത്ര കടം വാങ്ങിയെന്നാലോചിക്കുമ്പോൾ വല്ലാത്തൊരു നിരാശ.,Sadness
"സുന്ദർശ്യാം, നി അറിഞ്ഞോ ? പ്രൊഫസർ സൗമ്യ പരീക്ഷ ക്യാൻസൽ ആക്കി, നമുക്ക് ഒരു ഹോളിഡേ എടുക്കാന്ന് പറഞ്ഞു!",Surprise
നമുക്ക് ഓപ്ഷനുകൾ വളരെ കുറവാണ് ! ഒരു ട്രെഡീഷണൽ ലോണിന് നമുക്ക് യോഗ്യത ഉണ്ടാകാൻ വഴിയില്ല .,Sadness
"യു.പി.ഐ. വന്നതുമുതൽ, ഞാൻ പുറത്ത് വളരെയധികം പണം ചെലവഴിക്കുന്നു, എന്റെ അക്കൗണ്ടിൽ ബാലൻസ് വളരെ കുറവാ.",Sadness
ചെന്നൈയിൽ നിന്ന് ഡൽഹിയിലേക്കുള്ള ട്രെയിൻ ടിക്കറ്റ് ബുക്ക് ചെയ്യാൻ ഒന്നിലധികം ഓപ്ഷനുകൾ ഉണ്ടെന്ന് റെയിൽവേ ബുക്കിംഗ് ക്ലർക്ക് പറഞ്ഞു.,Happiness
അടുത്ത ആറ് മാസത്തിനുള്ളിൽ സ്റ്റോക്ക് മാർക്കറ്റിനെക്കുറിച്ച് നിങ്ങൾ ഇങ്ങനെ പ്രതികൂലമായി ചിന്തിക്കുന്നത് എന്നെ ആശ്ചര്യപ്പെടുത്തുന്നു.,Surprise
"സിറ്റി ഫുൾ കറന്റില്ല, ഞാൻ ആകാശത്തേക്ക് നോക്കിയപ്പോ, എത്ര കോടി നക്ഷത്രങ്ങളാണെന്നറിയാമോ കാണാൻ കഴിഞ്ഞേ.",Surprise
ബെഡ് അസംബ്ലി പ്രക്രിയയെക്കുറിച്ച് എനിക്ക് നല്ല ഉൽകണ്ഠയുണ്ട്.,Fear
"എന്റെ കടയുടെ പരിസരം അത്ര ശരിയല്ല, മോഷണം പോകുമോന്നെനിക്ക് പേടീണ്ട്.",Fear
എന്റെ ജീവിതത്തിന്റെ എല്ലാ കാര്യങ്ങളും നിയന്ത്രിക്കാൻ എന്റെ അച്ഛനമ്മമാർ എപ്പഴും ശ്രമിക്കുന്നതിനോട് എനിക്ക് യോജിക്കാൻ പറ്റുന്നില്ല. അത് നല്ലതല്ല .,Anger
"സാധനത്തിന്റെ വില കുറയ്ക്കാൻ ഹെഡ് ഓഫീസിന് മാത്രമേ കഴിയൂ, അതിൽ ഞാൻ നിസ്സഹായനാണ്.",Sadness
"ഈ ശനിയാഴ്ച ബാങ്ക് ഓപ്പൺ ആയിരിക്കുമെന്ന് ഞാൻ പ്രതീക്ഷിച്ചിരുന്നില്ല, ജീവനക്കാർ ജോലി ചെയ്യുന്നത് കണ്ടപ്പോ ഞാൻ അത്ഭുതപ്പെട്ടു.",Surprise
എന്നെ ഒറ്റപ്പെടുത്തുന്ന നിങ്ങളുടെ രീതി നമ്മുടെ ബന്ധത്തെ ബാധിക്കുന്നുത് നിങ്ങൾക്ക് മനസിലാകുന്നില്ലേ?,Surprise
ഈ സ്മാർട്ട് ടിവിയിൽ ഇത്രയും കൂടുതൽ സ്ട്രീമിംഗ് ആപ്ലിക്കേഷനുകൾ ഉണ്ടാകുമെന്ന് ഞാൻ പ്രതീക്ഷിച്ചിരുന്നില്ല!,Surprise
"ചോർച്ചയോ,പൊട്ടലോ ഒന്നും ഉണ്ടാക്കാതെ എംബഡഡ് വാട്ടർ പൈപ്പ് ആക്സസ് ചെയ്യുമ്പോൾ നമ്മൾനേരിടാനിടയുള്ള പ്രശ്നങ്ങളെക്കുറിച്ച് ഞാൻ ചിന്തിച്ചുകൊണ്ടിരുന്നു.",Fear
"വൗ ! അവസാന നിമിഷം കാര്യങ്ങൾ ചെയ്യാനുള്ള നിങ്ങളുടെ തന്ത്രം നിങ്ങൾ മാറ്റുമെന്നും, മുൻകൂട്ടി ഒരു പുതിയ പ്രസന്റേഷൻ തയ്യാറാക്കുമെന്നും ഞാൻ ഒരിക്കലും പ്രതീക്ഷിച്ചിരുന്നില്ല.",Surprise
കാണാപ്പാഠം പഠിക്കാതെ പഠിക്കാൻ വിദ്യാഭ്യാസ മന്ത്രാലയം പുതിയ വഴികൾ കൊണ്ടുവന്നപ്പോൾ എനിക്ക് പ്രോത്സാഹനം കിട്ടി .,Happiness
കൊള്ളക്കാർ ഈ പരിസരത്ത് കലാപം നടത്തുകയും കടകൾ കൊള്ളയടിക്കുകയും ചെയ്യുകാ.,Anger
പി.ആർ.എല്ലിലേക്കുള്ള സെലക്ഷനിൽ എന്റെ പേര് പ്രഖ്യാപിച്ചത് ഇപ്പോഴും എനിക്ക് വിശ്വസിക്കാൻ കഴിഞ്ഞില്ല!,Surprise
"എനിക്ക് യൂട്യൂബിൽ അമ്പതിനായിരത്തിലധികം സബ്സ്ക്രൈബേഴ്സ് ഉണ്ട് . ഞാൻ വീഡിയോകൾ ഉണ്ടാക്കുന്നത് തുടർന്നാലേ ""യൂട്യൂബ് സിൽവർ പ്ലേ ബട്ടൺ"" അവാഡ് കിട്ടുമെന്ന് എനിയ്ക്കു തോന്നുന്നു.",Happiness
"രാജ്യമെന്ന നിലയിൽ നമുക്ക് ഒരുമിച്ച് ചെയ്യാൻ കഴിയുന്ന ഒരുപാട് കാര്യങ്ങളുണ്ട്, എന്നിട്ടും നമ്മൾ യുദ്ധം ചെയ്യാൻ സമയം ചെലവഴിക്കുന്നതിനാൽ എനിക്ക് നിരാശ തോന്നുന്നു.",Sadness
അവന് അഞ്ച് അടി മാത്രേള്ളൂ. പക്ഷേ അവൻ നല്ല ഉയരത്തിൽ ചാടി ബാസ്കറ്റ്ബോൾ വളയത്തിന്റെ വക്കത്ത് തൊട്ടു .,Surprise
ഹലോ സർ! അമൃത്സറിലേക്കുള്ള ട്രെയിനുകളെക്കുറിച്ച് ചോദിച്ച് ഞാൻ ഇവിടെ പത്ത് മിനിറ്റായി കാത്തിരിക്കുന്നു. നിങ്ങൾ എന്നോട് മറുപടി തരാതെ ബാക്കിയുള്ളവരുടെ പ്രശ്നങ്ങളെ ഡീല് ചെയ്യുന്നു.,Anger
വിയറ്റ്നാമിലെ പ്രദേശവാസികളുമായി സംസാരിക്കാൻ എന്തെങ്കിലും ഭാഷാ തടസ്സങ്ങൾ ഉണ്ടാകുമോ?,Fear
"നല്ല ആളുകളെ കിട്ടുന്നത് ഉറപ്പാക്കാൻ റിക്രൂട്ട്മെന്റ് പ്രക്രിയ സമഗ്രമായിരുന്നു, ഇപ്പോൾ നിങ്ങൾ എന്നോട് പറയുന്നത് ഇത് മൊത്തം വെയ്സ്റ്റ് ആണെന്നാണോ?",Anger
ഞാൻ എന്റെ പേഴ്സ് വീട്ടിൽ മറന്നു വച്ചു. എനിക്ക് വീട്ടിൽ പോയി തിരിച്ചുവരണം .,Sadness
പ്രാക്ടീസ് ക്ലാസ്സിനിടെ എന്റെ കുട്ടിയുടെ മോശം പെരുമാറ്റം എന്നില് നിരാശ ഉണ്ടാക്കി.,Sadness
സ്വന്തം സ്വാർത്ഥമായ ആവശ്യങ്ങൾക്ക് മതപരമായ കാര്യങ്ങളൊക്കെ എടുത്തിട്ട് രാഷ്ട്രീയക്കാർ ഓരോ പ്രശ്നങ്ങൾ ഉണ്ടാക്കുന്നേ കാണുമ്പോൾ എനിക്കങ്ങ് പുച്ഛം തോന്നും.,Disgust
ആകെയൊരു ശൂന്യത.,Sadness
"ഓർഗനൈസേഷനുമായും ,ലോജിസ്റ്റിക്സുമായും ബന്ധപ്പെട്ട ചില പ്രശ്നങ്ങൾ പരാമർശിച്ച ഒരു മുൻകാല സംഭവത്തെക്കുറിച്ചുള്ള ഒരു റിവ്യൂ ഞാൻ വായിച്ചു. ഇവിടെ എന്നാൽ എല്ലാം കുളമാണ്.",Fear
നമുക്കുള്ള ഹോംവർക്ക് കുറച്ച് കൂടുതലാണെല്ലോ. എങ്ങനെ ചെയ്തു തീർക്കും ?,Fear
ആറ് മാസം മുമ്പ് ഞാൻ തിരിച്ചു നൽകിയ ഒരു ഐറ്റത്തിൽ നിന്ന് എന്റെ ബാങ്ക് അക്കൗണ്ടിലേക്ക് പ്രതീക്ഷിക്കാതെ റീഫണ്ട് കിട്ടിയത് എന്നെ അത്ഭുതപ്പെടുത്തി.,Surprise
ടേക്ക് ഓഫ് ചെയ്ത ശേഷം പൊട്ടിത്തെറിച്ച ചലഞ്ചർ ഷട്ടിലിലെ ബഹിരാകാശയാത്രികരെ ഓർത്ത് എനിക്ക് കരച്ചിൽ വരുന്നു.,Sadness
"വീട്ടിലേക്ക് തിരിച്ചു നടന്നു പോകുമ്പോ, ഞാൻ ഒരു കല്ലിൽ തട്ടി വീണു. ഞാൻ വാങ്ങിയ പാൽ മൊത്തം നിലത്തു പോയി .",Sadness
"എന്റെ മാസം തോറുമുള്ള ബിൽ കൂടിക്കൊണ്ടിരിക്കുന്നു., എനിക്ക് അർഹമായ സേവനം പോലും ലഭിക്കുന്നില്ല. ഇത് മഹാകഷ്ടമാണ്. ഞാൻ നിങ്ങളുടെ സൂപ്പർവൈസർക്ക് പരാതി കൊടുക്കാൻ പോകുകയാ .",Anger
"ആയിരം ആൾക്കാരുള്ള ഒരു ജനക്കൂട്ടത്തിന് മുന്നിൽ സംസാരിക്കാൻ എന്നോട് ആവശ്യപ്പെട്ടു. സ്റ്റേജിൽ കാലുകുത്തിയതും എന്റെ കാലൊക്കെ വിറച്ച്, തൊണ്ടയൊക്കെ ആകെ വരണ്ടുണങ്ങി .",Fear
കഴിഞ്ഞയാഴ്ച നടന്ന ലോക്കൽ ടൂർണമെന്റിൽ ഫുട്ബോൾ റഫറിയുടെ തീരുമാനങ്ങള് വളരെ പക്ഷപാതപരമായി.,Anger
ഇന്ന് പബ്ലിക് ബസിൽ കയറിയപ്പോ അത് എന്തൊരു നാറ്റമായിരുന്നു.,Disgust
ഇ.പി.എഫ്.ഒ. തുക പൂർണ്ണമായും പിൻവലിക്കാനുള്ള എന്റെ അപേക്ഷ മൂന്ന് തവണ തള്ളി.,Sadness
"ഞാൻ ഡ്രാക്കുള സിനിമ കണ്ടു, രാത്രിയിലെ ഓരോ നിഴലിലും അത് തന്നെയെന്ന് തോന്നാ.",Fear
വാക്വം ക്ലീനർ കമ്പനിക്ക് ട്വന്റിഫോർ ബൈ സെവൻ കസ്റ്റമർ സപ്പോട്ട് ലൈൻ ഉണ്ടെന്ന് എനിക്ക് വിശ്വസിക്കാനേ പറ്റുന്നില്ല. രാത്രിയിൽ ആരും കോൾ എടുക്കുന്നില്ല.,Surprise
"ഹലോ, എന്റെ ഷർട്ടിന്റെ സൈസ് കിട്ടാതെ വേറെ സ്ഥലങ്ങളിലേക്ക് മൂന്ന് തവണ പോയതാ.",Anger
പുനരുപയോഗ ഊർജ സംരംഭം വഴി നടപ്പിലാക്കിയ ഞങ്ങളുടെ പ്രദേശത്തെ വലിയ സോളാർ നിരകൾ എന്നെ ഞെട്ടിച്ചു.,Surprise
ഈ നല്ല പ്രഭാതത്തിൽ ഞങ്ങൾ നിങ്ങൾക്കായി എന്താണ് ചെയ്യേണ്ടത് സർ?,Happiness
ഇവന്റ് മാനേജർ ഇവന്റിനായി ചർച്ച ചെയ്ത സുരക്ഷാ നടപടികൾ എന്റെ അതിഥികൾക്ക് പോരാതെ വരുമെന്ന് തോന്നിയതിനാൽ ഞാൻ നിരാശനായി.,Sadness
"എന്റെ ഹോട്ടൽ മുറിയിൽ നല്ല ഭക്ഷണത്തിനായി ഞാൻ ശരിക്കും കാത്തിരിക്കുകയായിരുന്നു, പക്ഷേ റൂം സർവീസ് പ്രതികരിക്കാത്തത് എന്നെ നിരാശപ്പെടുത്തുന്നു.",Sadness
പുസ്തകം കിട്ടിയ ആളുകളിൽ നിന്നുള്ള റിവ്യൂകളും പ്രതികരണങ്ങളും വായിച്ചതിന് ശേഷം ബുക്ക് മുൻകൂട്ടി ഓഡർ ചെയ്യുന്നതേ എനിക്ക് വെറുപ്പാണ്.,Disgust
മനുഷ്യർ സ്വന്തം സ്വാർത്ഥ താല്പര്യങ്ങൾക്ക് വേണ്ടി മൃഗങ്ങളുടെ ആവാസവ്യവസ്ഥകൾ കൈയേറി നശിപ്പിച്ചു.,Sadness
അടുത്ത് നിരവധി മനോഹരമായ പാർക്കുകളുള്ള ഒരു ഒരു വാടക വീട് കണ്ടെത്തിയപ്പോൾ ഞാൻ അത്ഭുതപ്പെട്ടു.,Surprise
"സ്റ്റാട്ടിങ് ഓപ്ഷനുകൾ ചർച്ച ചെയ്യാതെ അനുമാനങ്ങൾ നടത്തരുതെന്ന് ഞാൻ നിങ്ങളോട് പറഞ്ഞു പറഞ്ഞു മടുത്തു, അതോണ്ട് നിങ്ങൾക്ക് പോകണമെങ്കിൽ പൊയ്ക്കോളൂ .",Disgust
ഭയങ്കരിയായ മാത്സ് ടീച്ചർ റൂമിലേക്ക് വന്നപ്പോൾ ക്ലാസ്സ് മുഴുവൻ നിശ്ശബ്ദമായി.,Fear
"ഹേയ് പ്രണവ്, ഈ ക്ലബ് സ്റ്റാഗ് എൻട്രി അനുവദിക്കുമെന്ന് നിനക്കറിയോ? അതിനർത്ഥം അകത്തുകേറാന് നമ്മുടെ പങ്കാളികളെ കൊണ്ടുവരേണ്ടതില്ല എന്നല്ലേ? !",Surprise
ഡാലസിൽ ഒന്നിന് മുകളിൽ ഒന്നായി ഇരിക്കുന്ന ഒന്നിലധികം ഫ്ളൈ ഓവറുകൾ കാണുമ്പോൾ ഞാൻ ആകപ്പാടെ കുഴഞ്ഞു പോയി.,Surprise
"നിൻ്റെ പാർക്കർ സ്റ്റണ്ടുകൾ കണ്ടിട്ട് എൻ്റെ കണ്ണ് തള്ളിപ്പോയി, ഇതൊക്കെ നീ എവിടുന്നാ പഠിച്ചത്?",Surprise
ഘട്ട് സെക്ഷനിൽ പലതവണ മലയുടെ അരികിലൂടെ ബസ് കടന്നുപോയപ്പോ ഞാൻ ആകെ ഭയന്നുവിറച്ചു.,Fear
വിടച്ഛാ. നിങ്ങൾ ഇങ്ങനെയൊന്നും പറയാൻ പാടില്ല. നിങ്ങൾക്ക് മാനസികമായി പ്രശ്നം വല്ലതും ഉണ്ടോ?,Anger
ലൈഫ്സ്റ്റൈൽ സ്റ്റോറിൽ ലഭ്യമായ വൈവിധ്യമാർന്ന പെർഫ്യൂമ്സ് എനിക്ക് ഇഷ്ടമാണ്.,Surprise
ഈ മ്യൂസിക് ടീച്ചർക്ക് ഒരു ചുക്കും അറിയില്ല.,Anger
"ഇന്നലെ രാത്രി ഞാൻ ഒരു സിനിമ കണ്ടു, അപ്പോ മുതൽ അത് എന്റെ സ്വൈരം കെടുത്തുന്നു.",Fear
വാടകയ്ക്കുള്ള ഈ റെസിഡൻഷ്യൽ പ്രോപ്പട്ടിയിൽ ഇതിനകം സോളാർ പാനലുകൾ സ്ഥാപിച്ചിട്ടുണ്ട്.,Surprise
ആദിപുരുഷിന്റെ മാറ്റ്നി ടിക്കറ്റുകൾ ഇന്ന് കിട്ടി. ഭാഗ്യം. നീ അത് കണ്ടോ?,Happiness
ഈ ആപ്പ് എന്റെ പലചരക്ക് സാധനങ്ങൾ ട്രാക്ക് ചെയ്യുമെന്ന് ഞാൻ ഒരിക്കലും പ്രതീക്ഷിച്ചില്ല.,Surprise
എന്റെ മകന്റെ ഡ്രൈവിംഗ് സ്കിൽ എന്നെ വല്ലാതെ ഞെട്ടിച്ചു. അവൻ ആരുടെയും സഹായമില്ലാതെ ആയിരം മൈൽ ഡ്രൈവ് ചെയ്തു.,Surprise
ക്യാമറ വെക്കേണ്ടെന്ന് തീരുമാനിക്കുന്നതിന് മുമ്പ് ഒരു കവർച്ച ഉണ്ടായാൽ നിങ്ങളുടെ കുടുംബജീവിതത്തെ അത് എങ്ങനെ പ്രതികൂലമായി ബാധിക്കുമെന്ന് നിങ്ങൾ ചിന്തിക്കണം.,Anger
ടൈറ്റാനിക്കിലേക്ക് ഡൈവിംഗ് ചെയ്യാൻ എനിക്ക് വളരെ പരിഭ്രാന്തി ഉണ്ടായി .,Fear
"വീട്ടിൽ ഒരു സി. സി. ടി. വി. ക്യാമറ വെക്കാത്തതിലൂടെ ഞാൻ ഒരു തെറ്റ് ചെയ്തുവെന്ന് ഞാൻ സമ്മതിക്കുന്നു, അതുകൊണ്ടാ ഞാൻ ഇപ്പോൾ ഈ അനുഭവിക്കുന്നെ .",Sadness
മെറ്റയിലെ കൂട്ട പിരിച്ചുവിടലുകൾ ജീവനക്കാരുടെ മനോവീര്യത്തെ നന്നേ കെടുത്തി,Sadness
"അല്ലെങ്കിൽ തന്നെ ശാസ്ത്ര കോഴ്സുകൾക്കാണ് എല്ലാവർക്കും താല്പര്യം, അതിൻ്റെ കൂടെ വിദ്യാഭ്യാസ മന്ത്രാലയം ആർട്ട്സ് കോഴ്സുകൾക്കുള്ള ഫണ്ട് വെട്ടിച്ചുരുക്കുന്നത് എന്തൊരു നീതികേടാണ്!",Anger
ഈ സിനിമ തിയേറ്ററിന്ന് കാണുന്നത് എനിക്ക് മിസ്സാവുമെന്നാ തോന്നുന്നേ.,Sadness
എന്റെ സഹപ്രവർത്തക രണ്ടായിരത്തി അഞ്ഞൂറ് വാക്കുകളുള്ള ഒരു ലേഖനം ചോദിച്ചപ്പോൾ അയ്യായിരം വാക്കുകളുള്ള ഒരു ലേഖനം നൽകി ഞാൻ അവരെ ഞെട്ടിച്ചു.,Surprise
പെനാൽറ്റി കിക്ക് എടുക്കാൻ തയ്യാറെടുക്കുമ്പോ ജാക്സന്റെ കൈകൾ നെർവസ് ആയി ആകെ വിയർത്തുപോയി.,Fear
സിസ്റ്റിന് ചാപ്പലിലേക്കുള്ള സന്ദർശനം ക്യാൻസൽ ചെയ്യുന്നത് ടൂർ ഓപ്പറേറ്റർ ഞങ്ങളെ മുൻകൂട്ടി അറിയിക്കാത്തത് ശരിയായില്ല.,Anger
ഇവന്റ് മാനേജരുടെ ക്യാൻസലേഷനും റീഫണ്ട് നയങ്ങളും യഥാർത്ഥത്തിൽ ഞാൻ പ്രതീക്ഷിച്ചതിനേക്കാള് ന്യായമാണല്ലോ!,Surprise
എനിക്ക് ഒരു നിയമം മറ്റുള്ളവർക്ക് വേറൊരു നിയമം എന്ന് ചിന്തിക്കുന്ന എന്റെ ഫ്രണ്ട് എന്നെ ദേഷ്യം പിടിപ്പിക്കുന്നു .,Anger
യു.എസ്. വനിതാ ഫുട്ബോൾ ടീം ദേശീയഗാനം ആലപിക്കാൻ കൂട്ടാക്കിയില്ലന്നേ.,Anger
"ഏറ്റവും വലിയ ഈ ബുക്ക് ഷോപ്പില് ""കൗണ്ട് ഓഫ് മോണ്ടി ക്രിസ്റ്റോ"" യുടെ അസംഗൃഹീത പതിപ്പ് കിട്ടാത്തത് കഷ്ടമാണ്.",Sadness
ബിൽഡിംഗ് അസോസിയേഷനിൽ കടുത്ത തീരുമാനങ്ങൾഎടുത്ത ശേഷം മറ്റുള്ളവർ എന്നെക്കുറിച്ച് എന്ത് വിചാരിക്കും എന്നതിൽ എനിക്ക് നല്ല ഉൽകണ്ഠയുണ്ട്.,Fear
എന്റെ ഫ്രിഡ്ജ് തണുപ്പിക്കുന്നതിനുപകരം ചെന്നൈയിലെ ചൂടിനെ വെല്ലുവിളിക്കുന്ന ചൂടാക്കുമെന്ന് ഞാൻ ഒരിക്കലും പ്രതീക്ഷിച്ചിരുന്നില്ല!,Surprise
ഞാൻ നിങ്ങളുടെ ബാങ്കിന്റെ ഒരു കസ്റ്റമർ ആണെന്ന് നിങ്ങൾക്കറിയില്ലേ?,Disgust
അദ്ദേഹത്തിന്റെ ജീവിതം കുറച്ച് ദിവസങ്ങൾ കൂടി മാത്രേ ബാക്കിയുള്ളൂന്ന് ഡോക്ടർ പറഞ്ഞു.,Sadness
"പുഴുക്കളെ കണ്ടാൽ എനിക്ക് സഹിക്കാനാവില്ല, അത് കണ്ടാ എനിക്ക് ഛർദ്ദിക്കാൻ വരും.",Disgust
ഇത്രയും കാലം രോഗികളായ ഞങ്ങടെ അച്ഛനമ്മമാരെ എന്റെ സഹോദരൻ ആരും അറിയാതെ രഹസ്യമായി പരിപാലിക്കുന്നുണ്ടെന്ന് അറിഞ്ഞപ്പോ ഞാൻ അത്ഭുതപ്പെട്ടു. നിസ്വാർത്ഥമായ ഒരു പുണ്യപ്രവൃത്തി.,Surprise
പുസ്തക വിൽപ്പനക്കാരൻ കടയിൽ വന്ന സ്ത്രീകളെ നോക്കുന്ന രീതി എനിക്ക് ഇഷ്ടപ്പെട്ടില്ല .,Disgust
ഡൈവിംഗ് ബോഡിൽ നിന്ന് താഴേക്ക് ചാടാൻ നിൽക്കുമ്പോൾ പ്രേമയുടെ കാലുകൾ വിറച്ചു.,Fear
"ഞാൻ കഴിഞ്ഞയാഴ്ചയാ ഈ ചെരുപ്പ് വാങ്ങിയത് ,അത് ഇപ്പൊ തന്നെ പൊട്ടി.",Sadness
ഈ വീഡിയോ ഗെയിമിന് അപ്രതീക്ഷിതമായ ഒരു ട്വിസ്റ്റ് ഉണ്ട്. എനിക്ക് അത് താഴെ വയ്ക്കാൻ വയ്യ.,Surprise
സീനിയറിന്റെ ബിരുദദാന പ്രസംഗം എല്ലാവരേം കരയിപ്പിച്ചു.,Sadness
ക്രെഡിറ്റ് കാഡ് കമ്പനികളൊക്കെ ഈടാക്കുന്ന ഫീസ് കണ്ടിട്ട് കലി കയറുന്നു.,Anger
സുഹൃത്തുക്കൾക്കൊപ്പം വേദിയിൽ വെസ്റ്റേൺ ഡാൻസ് കളിക്കുമ്പോ എന്റെ കുട്ടിയുടെ ശ്രദ്ധക്കുറവും അനിയന്ത്രിതമായ പെരുമാറ്റവും എന്നെ വല്ലാതെ വേദനിപ്പിച്ചു.,Sadness
ബോളിവുഡിന്റെ നാടായ മുംബൈയിൽ ഇത്രയും അഭിവൃദ്ധി പ്രാപിച്ച ഒരു തിയറ്റർ കണ്ടെത്തുമെന്ന് ഞാൻ പ്രതീക്ഷിച്ചിരുന്നില്ല.,Surprise
ഈ മഴ സിറ്റിയില് വെള്ളപ്പൊക്കമുണ്ടാക്കുമെന്നാ തോന്നുന്നെ.,Fear
എന്താ കഴിഞ്ഞ രണ്ട് മാസായിട്ട് നിങ്ങൾ വാടക അടയ്ക്കാത്തത്? കാര്യം പറ.,Anger
ആ മനുഷ്യന്റെ പെരുമാറ്റം കാരണം എനിക്ക് വല്ലാതെ ദേഷ്യം വന്നു. കുറച്ച് നേരം കൂടി അവൻ ഇതേ രീതിയിൽത്തന്നെ പെരുമാറിയാൽ ഞാൻ അവനെ അടിക്കും.,Anger
എന്റെ പുതിയ വീടിനായുള്ള ഇലക്ട്രിക്കൽ ഫിറ്റിംഗ്സ് എന്റെ ബജറ്റിൽ ഒതുക്കാൻ ക്വാളിറ്റിയിൽ വിട്ടുവീഴ്ച ചെയ്യേണ്ടി വന്നേക്കാം എന്നത് കഷ്ടം തന്നെയാണ് .,Sadness
ഏതൊരു കായിക ഇനത്തിലും നന്നായി തിളങ്ങണമെങ്കിൽ അച്ചടക്കം പ്രധാനമാണ്. അരമണിക്കൂർ വൈകി വന്നിട്ട് ഒരു നല്ല കളിക്കാരനാകുമെന്ന് നിങ്ങൾ വിചാരിക്കുന്നുണ്ടോ ?,Anger
വൗ ഈ വാടകസ്ഥലത്തെ സ്മാട്ട് ഹോം ഫീച്ചേഴ്സ് ഞാൻ വിചാരിച്ചതിലും അപ്പുറമാണ്. എനിക്ക് കൈകൊട്ടി ലൈറ്റുകൾ ഓൺ ചെയ്യാൻ കഴിയുന്നത് അതിശയം തന്നെയാണ് !,Surprise
ഇന്ന് പലയിടത്തും എന്റെ ക്രെഡിറ്റ് കുറയുകയാ. എന്റെ ബാങ്ക് അക്കൗണ്ടിൽ ആവശ്യത്തിന് പണമുണ്ടോന്ന് എനിക്കറിയില്ല.,Sadness
വിശാലമായ ഈ ലോകത്ത് വീട്ടിൽ ഒറ്റയ്ക്കിരിക്കുമ്പോൾ വല്ലാത്ത ഏകാന്തത അനുഭവപ്പെടുന്നു.,Sadness
"നിങ്ങൾക്ക്‌ നിങ്ങളുടെ മുറിയിൽ ഉണ്ടായ പ്രശ്നത്തിനും, നിങ്ങൾ ഇവിടെ നിന്ന് പോകുന്നതിലും ഹോട്ടൽ മാനേജ്മെന്റിനെ പ്രതിനിധീകരിച്ച്, ഞങ്ങൾ ഖേദിക്കുന്നു.",Sadness
"ക്ഷേത്രത്തിന്റെ അടുത്ത് തന്നെ ഞങ്ങള്ക്ക് പാർക്കിംഗ് കിട്ടുമെന്ന് പ്രതീക്ഷിച്ചിരുന്നില്ല, പക്ഷേ എളുപ്പത്തിൽ ഒരു സ്ലോട്ട് ലഭിച്ചു.",Surprise
"ഒരു വർഷം മുമ്പ് തന്നെ സൂര്യോദയവും ,സൂര്യാസ്തമയവും, ഗ്രഹണ സമയങ്ങളും എല്ലാം ഉൾക്കൊള്ളുന്ന ഹിന്ദു പഞ്ചാംഗത്തിന്റെ കൃത്യത എന്നെ അത്ഭുതപ്പെടുത്തുന്നു.",Surprise
കൂടുതൽ ചാർജ് കിട്ടാൻ ആ ഡ്രൈവർ ലോങ്ങ് റൂട്ടിലൂടെ പോയപ്പോ എനിക്ക് ദേഷ്യം വന്നു.,Anger
എന്റെ കാറിന്റെ ബോഡി റിപ്പയറിങ്ങിന് താങ്ങാനാവുന്ന പൈസയെ ആയുള്ളൂ എന്നതിൽ എനിക്ക് സന്തോഷമുണ്ട്.,Happiness
ഒരു ഡ്രൈവർ അബദ്ധത്തിൽ വീണതിനെ തുടർന്ന് ഒരു എയർപോട്ട് കാട്ട് നിയന്ത്രണം വിട്ട വീഡിയോ ഞാൻ ഞെട്ടലോടെയാ കണ്ടെ.,Surprise
എന്റെ ജീവിതത്തിൽ സമ്മർദ്ദവും ഉൽകണ്ഠയും എന്നെ എത്രമാത്രം പിന്നോട്ടടിക്കുന്നുവെന്ന് ഞാൻ ഒരിക്കലും തിരിച്ചറിഞ്ഞിരുന്നില്ല. ഈ കൗൺസിലിംഗ് പ്രക്രിയ ഒരു പുതിയ കാഴ്ചപ്പാടിലേക്ക് എന്നെ നയിച്ചു.,Surprise
സ്റ്റോക്ക് മാർക്കറ്റിൽ ഇൻസൈഡർ ട്രേഡിംഗും മാർക്കറ്റ് കൃത്രിമത്വവും ഇപ്പോഴും നടക്കുന്നത് എന്തൊരു മടുപ്പിക്കലാണ്. ഇത് അധികാരത്തിന്റെ നഗ്നമായ ദുരുപയോഗവും വിപണിയുടെ സത്യസന്ധതയെ ദുർബലപ്പെടുത്തുന്നതുമാണ്.,Disgust
ഗോൾഫ് ടൂർണമെന്റിൽ രൂക്ഷമായ ഒരുപാട് നേരിടേണ്ടി വന്നപ്പോ റഹീം അസ്വസ്ഥനായി.,Fear
ഇത് ധാരാളം പരിക്കുകളൊക്കെ പറ്റാൻ സാധ്യതയുള്ള ഒരു പരുക്കൻ കളിയായി മാറുമെന്നാ തോന്നണേ.,Fear
ഈ വാതിൽ ഇതുപോലെ കുടുങ്ങിപ്പോയാൽ എനിക്ക് ഹോട്ടലിൽ നിന്ന് പുറത്തിറങ്ങാൻ കഴിയില്ലേ?,Fear
റെയിൽവേ ബുക്കിംഗ് ക്ലർക്ക് ടിക്കറ്റ് ബുക്ക് ചെയ്യുന്നതിനിടെ എന്നോട് മോശമായി പെരുമാറി.,Anger
എന്റെ ബോസ് അത്താഴത്തിന് വന്ന ദിവസം എന്റെ പാചകക്കാരൻ അവധിയെടുത്തപ്പോൾ എനിക്ക് ദേഷ്യം വന്നു.,Anger
എന്റെ ഓൺലൈൻ സെക്യൂരിറ്റി സംരക്ഷിക്കാൻ വേണ്ട കാര്യങ്ങൾ ചെയ്തില്ലെങ്കിൽ ഞാൻ സൈബർ ക്രിമിനലുകളുടെ ഇരയാകുമോയെന്ന് എനിക്ക് പേടിയുണ്ട്.,Fear
മുൻനിരയിലെ സീറ്റുകളിൽ ഇരിക്കണ്ട. അയാൾ എന്നോട് വേദിയിലേക്ക് വരാൻ പറഞ്ഞാലോ!,Fear
വിദ്യാഭ്യാസ പരിപാടികൾക്കുള്ള ഫണ്ട് അവർ വെട്ടിക്കുറയ്ക്കുന്നതിൽ എനിക്ക് നല്ല ദേഷ്യമുണ്ട്.,Anger
ഞങ്ങളുടെ കോളേജ് തുറക്കാൻ ആറ് മാസം വൈകുമെന്ന വാർത്ത വിശ്വസിക്കാനേ പറ്റുന്നില്ല.,Surprise
വർഷങ്ങളായി കമ്പനി കെട്ടിപ്പടുത്ത പ്രശസ്തിയെല്ലാം ഒരു സാമ്പത്തിക തട്ടിപ്പിലൂടെ ഒരു നിമിഷം കൊണ്ട് നശിക്കുമോ എന്ന് എനിക്ക് ആധിയായിരുന്നു.,Fear
നഗരങ്ങളിലെ പബ്ലിക് ടോയ്‌ലറ്റുകളൊക്കെ അത്ര സെയ്ഫ് ആണോ? പിടിച്ചുപറിക്കാരൊക്കെ ഉണ്ടാവില്ലേ?,Fear
എന്റെ സഹോദരങ്ങൾ തമ്മിൽ എപ്പോഴും ഉള്ള വഴക്കിൽ ഞാൻ മടുത്തു. നമുക്ക് ഒരിക്കലെങ്കിലും ഒരുമിച്ച് പോകാൻ കഴിയില്ലേ ?,Anger
എന്റെ പിന്നിലുള്ളയാൾ ചവിട്ടുന്നത് തുടർന്നപ്പോൾ എയർ ഹോസ്റ്റസ് വിമാനത്തിൽ എന്റെ സീറ്റ് മാറ്റിയപ്പോൾ എനിക്ക് ആശ്വാസമായി .,Happiness
ഇന്നലെ മൂന്ന് തവണയാ നിങ്ങളുടെ കത്ത് എത്തിക്കാൻ ഞങ്ങൾ ശ്രമിച്ചേ. നിങ്ങൾ അവിടെ ഉണ്ടായിരുന്നില്ലല്ലോ.,Sadness
"ഒരു അപ്രതീക്ഷിത സന്ദർശനത്തിനിടെ അർദ്ധരാത്രിയിൽ ഞാൻ അവരുടെ വാതിലിൽ മുട്ടിയപ്പോ എന്റെ അച്ഛനും, അമ്മയും ഞെട്ടിപ്പോയി.",Surprise
മൈക്രോവേവിന് തീപിടിക്കുമോയെന്നാ എന്റെ ആധി. ദയവായി അതൊന്ന് ഓഫ് ചെയ്യൂ.,Fear
ഒരു ബാങ്ക് അക്കൗണ്ട് ഓപ്പൺ ചെയ്യാൻ നിങ്ങളെ വിളിച്ചപ്പോ നിങ്ങൾ ബാങ്കിന്റെ നിലവിലുള്ള കസ്റ്റമർ ആണെന്ന് അറിഞ്ഞപ്പോ ഞാൻ ഞെട്ടിപ്പോയി.,Surprise
"എനിക്ക് അമ്പത് വയസ്സ് കഴിഞ്ഞതോണ്ട്, ഒരു കമ്പനിയും എന്നെ ഒരു സ്ഥാനത്തേക്കും പരിഗണിക്കുന്നില്ല.",Sadness
"മോനെ, ലോണിനു വേണ്ടി ഞാൻ എന്റെ കൃഷിഭൂമി പണയം വെച്ചെങ്കിലും കൃത്യസമയത്ത് അത് തിരിച്ചടയ്ക്കാൻ കഴിഞ്ഞില്ല. നാളെ ബാങ്ക് ഉദ്യോഗസ്ഥർ ഞങ്ങളുടെ ഭൂമി ജപ്തി ചെയ്യും.",Sadness
വിനോദസഞ്ചാരികൾ ഭീകരമായി കൊല്ലപ്പെട്ടുവെന്ന നിരവധി റിപ്പോട്ടുകൾ എന്നെ ഞെട്ടിച്ചതോണ്ട് ഞാൻ ഈ വിൻ്ററിൽ ഹിൽ സ്റ്റേഷനിലേക്കൊന്നും ടൂർ പോകാൻ ഉദ്ദേശിക്കുന്നില്ല .,Fear
"എന്താ ഞാൻ കേൾക്കുന്നേ, എനിക്ക് വിശ്വസിക്കാൻ കഴിയുന്നില്ല! ബാംഗ്ലൂർ നിവാസികൾ ആകാശത്ത് ഒരു വാതിൽ കണ്ടെന്നോ!",Surprise
പത്രത്തിലെ ചരമവാർത്ത കാണുമ്പോഴെല്ലാം എന്റെ കൂടെ ഇല്ലാത്തവരെ ഓർമ്മ വരും.,Sadness
എന്തിനാ ഈ മിസ് വേൾഡ് മത്സരത്തിനായി ഞാൻ ഡയറ്റ് ചെയ്യാൻ സമ്മതിച്ചതെന്ന് എനിക്കറിയില്ല. പിസ്സ കഴിക്കണത് ഞാൻ മിസ്സ് ചെയ്യാ .,Sadness
ഹെല്ത്ത് സെന്ററില് ഒരു കിടക്ക കണ്ടെത്താന് എത്ര സമയാ എടുത്തേ എന്നറിയാമോ.,Anger
ചില വിമർശകർ തെളിവുകൾ നോക്കാതെ തമിഴ്നാട്ടിൽ നിന്നുള്ള പുരാവസ്തു കണ്ടെത്തലുകളെ നിസ്സാരവൽക്കരിക്കുന്നത് കേൾക്കുമ്പോ ദേഷ്യം വരുന്നു.,Anger
"ഞാൻ എപ്പോഴും എന്റെ റിയർവ്യൂ മിററിലേക്ക് നോക്കും , പ്രത്യേകിച്ച് എന്റെ പുറകിൽ ഒരു സിറ്റി ബസ് ഉണ്ടെങ്കിൽ . എന്താന്നുവച്ചാ അവർക്ക് ബ്രേക്കു കുറവാണ്.",Fear
നന്നായിരിക്കുന്നു. അത് വളരെ വേഗത്തിലായിരുന്നു. എന്റെ പണം രണ്ട് സെക്കൻഡിനുള്ളിൽ ട്രാൻസ്ഫർ ചെയ്തു.,Surprise
"നിങ്ങൾക്കറിയാമോ, ഞാൻ വർഷങ്ങളായി വിശ്വസ്തനായ കസ്റ്റമർ ആണ്, എന്നിട്ടും പേപ്പർ തരാൻ എനിക്ക് പലതവണ ചോദിക്കേണ്ടി വന്നു. ഇത് മര്യാദകേടാ.",Anger
ബ്രോക്കറോട് എനിക്ക് ശരിക്കും ക്ഷമ നശിച്ചു തുടങ്ങിയിരുന്നു. ബാൽക്കണിയുള്ള ഒരു സ്ഥലം വേണമെന്ന് ഞാൻ അയാളോട് പലതവണ പറഞ്ഞതാണ് . ഞാൻ ആഗ്രഹിച്ചതിനോട് യോജിക്കുന്ന എന്തെങ്കിലും കണ്ടെത്താൻ അയാൾ ശ്രമിക്കാത്തതുപോലെയുണ്ട് .,Anger
ഞാൻ ഒത്തിരി പണം മുടക്കീട്ടും എന്റെ പ്രധാന എതിരാളിയോട് ഈ നിർണായക ഡീല് നഷ്ടപ്പെട്ടുകഴിഞ്ഞാൽ പിന്നെ ഞാൻ എന്തിന് ഇങ്ങനൊരു സെയിൽസ് ടീമിനെ നിലനിർത്തണം?,Anger
എനിക്ക് വഴി തെറ്റി. ഞാൻ ഈ നഗരത്തിൽ ഇതാദ്യമാ. ആരേലും എന്നെ കൊള്ളയടിക്കുമോ?,Fear
നഗരത്തിൽ വർദ്ധിച്ചുവരുന്ന റോഡ് റേജ് സംഭവങ്ങളിൽ എനിക്ക് നല്ല ആശങ്കയുണ്ട് .,Fear
"എന്റെ ടെസ്റ്റ് റിസൽട്ടിൽ എനിക്ക് വല്ലാതെ നിരാശയായി , കാരണം ഞാൻ പരീക്ഷയിൽ ജയിച്ചു എന്നാണ് ഞാൻ കരുതിയത് .",Sadness
ഞാൻ സ്ഥാപനം വിട്ടതിന് ശേഷം എന്റെ ടീം പല ദിശകളിലേക്ക് ചിതറിപോയപ്പോൾ എനിക്ക് മനസ്സിന് വല്ലാത്ത ഒരു ഭാരം പോലെ തോന്നി .,Sadness
"കഷ്ടം, ഈ സമയത്ത്, എന്തിനാ എന്റെ വിദ്യാർത്ഥികൾ എന്നെ പഴഞ്ചനായി കാണുന്നെ?",Sadness
അത്രയും കോൺഫിഡൻസോടെ വരികൾ പറഞ്ഞപ്പോ ഡയറക്റ്ററുടെ കണ്ണു നിറഞ്ഞുപോയെന്നേ!,Surprise
"സി. ഇ. ഒയുടെ രാജി ജീവനക്കാരുടെ മനോവീര്യം തകർത്തു, കാരണം അദ്ദേഹം കമ്പനിയിൽ എല്ലാവർക്കും വേണ്ടപ്പെട്ട ആളായിരുന്നു .",Sadness
ഈ കേക്കിന്റെ വിലയേക്കാൾ ഒറ്റ പൈസ കൂടുതൽ ഞാൻ തരില്ല ! അത് ഓർത്താൽ നല്ലത്!,Anger
ബ്രേക്കു വർക്കാകുന്നില്ലെന്ന് ഡ്രൈവർ പറയാ. നമ്മൾ എവിടെയോ ഇടിക്കാൻ പോണുന്നാ എനിക്ക് തോന്നണേ.,Fear
"റോങ്ങ് സൈഡിൽ കയറി വന്ന അയാളുടെ ഭാഗത്താണ് തെറ്റ്, എന്നിട്ടും അയാളുടെ ചെല കണ്ടാ!",Disgust
ഇന്ന് ആർട്ട് മാർക്കറ്റിൽ  കലയുടെ പരിവർത്തന ശക്തിക്ക് അംഗീകാരം ലഭിക്കാത്തത് വലിയ കഷ്ടമാണ്.,Sadness
ഫോണിലൂടെ ഉള്ള കാര്യങ്ങൾ കുറച്ചുകൂടി ശ്രദ്ധിക്കാൻ ഞാൻ നിങ്ങളോട് പറഞ്ഞതാ .ചില യു. പി. ഐ. തട്ടിപ്പുകൾ കാരണം ഇപ്പോ നിങ്ങടെ പതിനായിരം രൂപ പോയില്ലേ.,Anger
സഹോദരിയുടെ വിവാഹനിശ്ചയം നിങ്ങൾ മിസ്സാക്കിയതില് എനിക്ക് നിങ്ങളോട് സഹതാപം തോന്നുന്നു.,Sadness
"ആ ഹൊറർ സിനിമയുടെ ആദ്യ ഭാഗത്തിലെ അടിയും കുത്തും എനിക്ക് സഹിക്കാവുന്നതിലും അപ്പുറമായിരുന്നു, രണ്ടാം ഭാഗത്തിൻ്റെ കാര്യം പറയുകയേ വേണ്ട.",Disgust
മാത്സ് ഹോം വർക്ക് ഇന്ന് തന്നെ കൊടുക്കുകേണ്ടതായിരുന്നു ന്ന് നിനക്ക് മനസ്സിലായില്ലേ? രണ്ട് ദിവസം മുമ്പ് പ്രൊഫസർ നമ്മളോട് പറഞ്ഞപ്പോൾ നീ ക്ലാസ്സിൽ ഉണ്ടായിരുന്നല്ലോ.,Surprise
"ആർട്ട് റൂമിലെ ആ പെയിന്റിംഗിലേക്ക് നോക്കാൻ പോലും എനിക്ക് ഇഷ്ടമല്ല , ആധുനിക കല എന്നെ മടുപ്പിക്കുന്നു.",Disgust
നിങ്ങൾ വിദ്യാർത്ഥികൾ പുതിയ ആശയങ്ങളെ സ്വാഗതം ചെയ്യുമെന്നാണ് ശെരിക്കും ഞാൻ കരുതിയത് .,Surprise
എന്റെ ഓട്ടോമൊബൈൽ വിദഗ്ധൻ ന്യായമായ ചിലവിൽ നല്ലൊരു സെക്കൻഡ് ഹാൻഡ് കാർ കണ്ടെത്തിയപ്പോൾ എനിക്ക് വളരെ സന്തോഷമായി.,Happiness
"ട്രെയിനുകളിൽ ടോയ്ലറ്റ് ഉപയോഗിക്കുന്നതേ എനിക്ക് ഇഷ്ടമല്ല , ""അവയിൽ നാറ്റമാണ്"" എന്ന് അദ്ദേഹം പറഞ്ഞു.",Disgust
"ഈ ഒബാമയ്ക്ക് മിണ്ടാതിരുന്നാൽ പോരേ, എന്തിനാ ഇന്ത്യയെക്കുറിച്ച് ഈ വേണ്ടാതനം ഒക്കെ വിളിച്ചുപറയുന്നത്?",Anger
ചിലയാളുകള്‍ക്ക് ഒരു ശുചിത്വബോധവും ഇല്ല; ഭക്ഷണ വേസ്റ്റ് ഉള്‍പ്പെടെയുള്ള മാലിന്യങ്ങള്‍ റോഡിലേക്ക് വലിച്ചെറിയുന്നു.,Disgust
"ഫ്രിഡ്ജിന്റെ ആയുസ്സ് എത്രകാലം ഉണ്ടാകുമെന്ന് അറിയില്ല, അത് എപ്പോഴും ഇങ്ങനെ മുഴങ്ങിക്കൊണ്ടിരിക്കുന്നത് കേൾക്കുന്നത് മഹാകഷ്ടമാണ്.",Sadness
"അമ്മേ, ഈ വർഷത്തെ നാടകത്തിൽ എനിക്ക് മഹാബലിയുടെ വേഷം ചെയ്യാൻ കഴിയുമെന്ന് എന്റെ ടീച്ചർ പറഞ്ഞു.",Happiness
ഞാൻ എന്റെ പെറ്റ്സിനെ നന്നായി പരിപാലിക്കുകയും അവർ ഏറ്റവും നന്നായി ജീവിക്കണമെന്ന് ആഗ്രഹിക്കുകയും ചെയ്യുന്നയാളാ. പക്ഷേ ഇങ്ങനെയൊക്കെ ആവുമെന്ന് കരുതിയതേയില്ല.,Sadness
നടക്കാവുന്ന ദൂരത്തിനുള്ളിൽ ഒരു സ്കൂൾ ഉണ്ടെന്ന വസ്തുത ഒരു അതിശയകരമായ കണ്ടെത്തലാണ്. ഇത് എന്റെ കുട്ടികൾക്ക് വളരെ യോജിച്ചതാണ്.,Surprise
"നിങ്ങളെപ്പോലൊരു ഒരു കസ്റ്റമറെ ലഭിച്ചതിൽ ബാങ്കിന് വളരെ നല്ലതാ, ഇന്ന് രാവിലെ ഞങ്ങളുടെ ബ്രാഞ്ചിൽ നിങ്ങളെ കണ്ടതിൽ സന്തോഷമുണ്ട്, സാർ!",Happiness
ഞങ്ങളുടെ നായ മരിക്കുന്നതിന് മുമ്പ് എന്റെ അച്ഛൻ വീട്ടിൽ വന്ന് അതിനെ കാണാൻ അവൾ കാത്തിരുന്നത് ഹൃദയഭേദകമായിരുന്നു.,Sadness
കുറച്ച് ദിവസത്തിനുള്ളിൽ ഗ്യാസ് വില പെട്ടന്ന് കൂടുമെന്ന് എനിക്ക് സംശയമുണ്ട്.,Fear
ആരെങ്കിലും നല്ല വിലയുള്ള സാധനങ്ങളൊക്കെ മേടിച്ചാൽ പിറ്റേദിവസം തന്നെ തിരിച്ച് കൊണ്ടുവരുമോ എന്നാണ് എൻ്റെ ആശങ്ക.,Fear
ഹേയ്! ഈ ബുക്കിന് ഇരുപത്തഞ്ച് ശതമാനം ഡിസ്ക്കൗണ്ട് ഉണ്ടെങ്കിലും നിങ്ങൾ അധിക നിരക്ക് ഈടാക്കുന്നു. നിങ്ങൾ എന്നെ വഞ്ചിക്കുകയാണോ?,Anger
കുടുംബത്തിൽ ഞാൻ പരാജയപ്പെട്ടുവെന്ന് തോന്നിയതിനാൽ എനിക്ക് മരിക്കാൻ തോന്നി.,Sadness
ഒരു സൈനിക താവളത്തിന് മുകളിലൂടെ ഒരു യു. എഫ്. ഒ സഞ്ചരിക്കുന്നത് കണ്ട് ഞാൻ അമ്പരന്നിരിക്കുകയാണ്.,Surprise
"എന്റെ പ്രശ്നങ്ങൾ ദൈവത്തിന് സമർപ്പിക്കുന്നതു തന്നെ സമാധാനമാണ്, കാരണം പിന്നെ എനിക്ക് വിഷമിക്കേണ്ടതില്ല.",Happiness
"ആ ബുക്ക് എടുക്കാൻ ഞാൻ ഒരു അഞ്ച് തവണയെങ്കിലും പറഞ്ഞു കാണും, പക്ഷേ എല്ലാ തവണയും നിങ്ങൾ അത് മറക്കുന്നു, നിങ്ങൾ എന്തിനാണ് ഇങ്ങനെ ചെയ്യുന്നത്?",Anger
സിനിമ വളരെ ഗൗരവമുള്ളതാകുമോ എന്നും എനിക്ക് അത് കൈകാര്യം ചെയ്യാൻ കഴിയുമോയെന്നുമാണ് ഞാൻ വിചാരിക്കുന്നത്.,Fear
ഇന്ന് എന്തോ മോശമായി സംഭവിക്കാൻ പോകുന്നു എന്ന് എനിക്ക് വല്ലാത്തൊരു തോന്നൽ.,Fear
"ചില അടിസ്ഥാന സൗകര്യങ്ങൾ കിട്ടുമെന്ന് പ്രതീക്ഷിച്ചാണ് ഞാൻ ഇവിടെ വന്നത്, പക്ഷേ ഉപകരണങ്ങളിൽ പകുതിയും കേടാ, ശുചിത്വം ഒട്ടുമില്ല.",Anger
"ആ ഐ.ടി. കമ്പനിക്കെതിരെ കേസ് കൊടുക്കണം, ഉപയോഗം കഴിഞ്ഞപ്പോൾ ജീവനക്കാരെയൊക്കെ ഒരു ദാക്ഷിണ്യവും ഇല്ലാതെ പിരിച്ചുവിട്ടിരിക്കുന്നു.",Anger
ഈ സ്റ്റാർട്ടപ്പിലെ എന്റെ ബിസിനസ്സ് നിക്ഷേപം കുറയുന്നത് ഭാവിയെക്കുറിച്ച് എനിക്ക് ആശങ്കയുണ്ടാക്കുന്നു.,Fear
മാലിന്യങ്ങളുള്ള ഒരു വജ്രം നമ്മൾ തിരഞ്ഞെടുത്താൽ എനിക്ക്ആശങ്കയാകും . അവ നമ്മുടെ ആരോഗ്യത്തെ ബാധിക്കുമെന്ന് ഞാൻ കേട്ടിട്ടുണ്ട് .,Fear
മനുഷ്യരാശിക്ക് അന്യഗ്രഹജീവികളുടെ ആക്രമണം മൂലം കഷ്ടപ്പെടേണ്ടിവരുമെന്ന് ഞാൻ ആശങ്കപ്പെടുന്നു.,Fear
ഗംഭീരൻ കൊത്തുപണികളുള്ള തടി ഊഞ്ഞാലിൽ ഉള്ള കരകൗശലപ്പണി കാണണം!,Happiness
കാറിന്റെ പ്രശ്നങ്ങൾ നിർണ്ണയിക്കുന്നതിൽ വിദഗ്ധരാണെന്ന് മെക്കാനിക്കുകൾ അവകാശപ്പെട്ടുവെങ്കിലും 'ഡയഗ്നോസ്റ്റിക് ടെസ്റ്റുകൾക്ക്' എന്നോട് ചാർജ് ചെയ്യാതെ പ്രശ്നം കണ്ടെത്താൻ പോലും കഴിഞ്ഞില്ലന്നോ?,Anger
വരാനിരിക്കുന്ന ഗ്രൂപ്പ് ചർച്ചയെക്കുറിച്ച് എനിക്ക് അൽപ്പം പേടി തോന്നുന്നു.,Fear
"ഭക്ഷണ നിരൂപകൻ എന്ന നിലയിൽ, പുതിയ റെസ്റ്റോറന്റിലെ ഭക്ഷണത്തിന്റെ രുചിയെക്കുറിച്ച് ഞാൻ ആശങ്കാകുലനാണ്.",Fear
സുരക്ഷാ സർട്ടിഫിക്കറ്റ് ഇല്ലാതെ ഈ മുങ്ങിക്കപ്പലുകൾ വഴി ടൈറ്റാനിക്കിലേക്കുള്ള ടൂറുകൾ എന്നെ ദേഷ്യം പിടിപ്പിക്കുന്നു.,Anger
എന്റെ ചില കോർ ടീം മെമ്പേഴ്സ് പോയേന് ശേഷം പ്രൊജക്റ്റ് ഡെലിവറി ഡേറ്റിനെക്കുറിച്ച് ആലോചിച്ച് ഞാൻ വലിയ ടെൻഷനിലായി.,Fear
നിങ്ങൾക്ക് എന്റെ റൊട്ടിയിൽ നെയ്യ് കുറച്ചൂടേ ? എനിക്ക് കൊളസ്ട്രോൾ കൂടുതലാന്ന് നിങ്ങൾക്കറിയില്ലേ?,Anger
എന്റെ പ്രിയപ്പെട്ട ലൂയിലമോർ ബുക്ക് കളക്ഷൻ ഒഴിവാക്കി അത് സെക്കൻഡ് ഹാൻഡ് പുസ്തക വിൽപ്പനക്കാരന് വിൽക്കേണ്ടി വന്നപ്പോൾ ഞാൻ നിരാശനായി.,Sadness
പ്രായപൂർത്തിയായവരുടെ അക്കൗണ്ടുമായി താരതമ്യപ്പെടുത്തുമ്പോൾ പ്രായപൂർത്തിയാകാത്തവരുടെ അക്കൗണ്ടിൽ ലഭ്യമായ പല സവിശേഷതകൾ എന്നെ അമ്പരപ്പിച്ചു. എനിക്ക് വീണ്ടും ഒരു കുട്ടിയാകാൻ ആഗ്രഹം തോന്നി .,Surprise
സങ്കീർണ്ണമായ ഈ ലോകത്ത് മുമ്പത്തെ പോലെ ചെറിയ ചെറിയ കാര്യങ്ങളിൽ സന്തോഷം കണ്ടെത്താൻ കഴിയുന്നില്ല.,Sadness
കുറേ സെക്യൂരിറ്റി ഇഷ്യൂസുണ്ട്. ഞാൻ എന്റെ അക്കൗണ്ട് ക്ലോസ് ചെയ്യാൻ പോവാ .,Fear
എന്റെ ട്രെയിൻ ടിക്കറ്റ് അടുത്ത ദിവസത്തേക്ക് മാറ്റിവയ്ക്കാൻ ബുക്കിംഗ് ക്ലർക്കിനോട് എങ്ങനാ പറയുന്നേ?,Fear
കാൻസറിന്റെ നാലാം ഘട്ടത്തിൽ നിന്ന് അനിത മൂർജാനി അത്ഭുതകരമായി സുഖം പ്രാപിച്ചതിനെക്കുറിച്ച് വായിച്ചപ്പോൾ ഞാൻ ഞെട്ടിപ്പോയി.,Surprise
"എന്റെ ആർട്ടിക്കിളിനുള്ള ബോസിന്റെ റിവ്യൂവിന് വേണ്ടി ഞാൻ ശ്വാസമടക്കി കാത്തിരുന്നു, പക്ഷേ ഞാൻ പ്രതീക്ഷിക്കാത്ത സമയത്താണ് അത് വന്നത്.",Surprise
നിങ്ങള് കേൾക്കുന്നുണ്ടോ? ഇങ്ങനെ പലതവണ ആവർത്തിക്കേണ്ടി വരുന്നത് കഷ്ടമാണ് ഹേ.,Anger
ഈ വീഡിയോ എഡിറ്റിംഗ് സോഫ്റ്റ്വെയറിന് പ്രൊഫഷണലായി തോന്നുന്ന വീഡിയോകൾ എങ്ങനെ സൃഷ്ടിക്കാനാകും എന്നത് അൽഭുതം തന്നെയാണ്.,Surprise
എന്റെ സഹോദരങ്ങൾ ഇവിടന്നു പോയ ശേഷം ഞാൻ അവരെ വല്ലാതെ മിസ് ചെയ്യുന്നു. അവർ ഇപ്പോഴും ഇവിടെ ഉണ്ടായിരുന്നെങ്കിൽ എന്ന് ഞാൻ ആഗ്രഹിക്കുന്നു.,Sadness
"ഫിലാഡൽഫിയ റെയിൽവേ സ്റ്റേഷനടുത്തുള്ള സുരക്ഷയെക്കുറിച്ച് എനിക്ക് ആശങ്കയുണ്ട്, അവിടെ കള്ളക്കടത്ത് നടത്തുന്നതിനെപ്പറ്റിയൊക്കെ ചില കഥകൾ ഞാൻ കേട്ടിട്ടുണ്ട്.",Fear
ഇന്നലെ ചെന്നൈയിൽ ഞാൻ പോയ ഒരു സ്റ്റോറിലെങ്കിലും എനിക്ക് പ്രിയപ്പെട്ട ഇസോദ് ടി ഷട്ട് കിട്ടാഞ്ഞതിൽ എനിക്ക് വിഷമമായി.,Sadness
പല ഡീലുകൾ നേടിയിട്ടും തുടർച്ചയായി അഞ്ച് വർഷം പ്രമോഷൻ കിട്ടാത്തതിൽ എനിക്ക് ആകെ ഒരു താൽപര്യക്കുറവ് തോന്നി.,Sadness
സർക്കസിൽ അക്രോബാറ്റിന്റെ പ്രകടനം തികച്ചും അവിശ്വസനീയമായിരുന്നു!,Surprise
നീ ആ ചീഞ്ഞ ഭക്ഷണം കഴിച്ചുവെന്ന് എനിക്ക് വിശ്വസിക്കാൻ കഴിയുന്നില്ല. അയ്യ !,Disgust
"അഥർവ്വ, മറ്റുള്ളവരുടെ മേലിലേക്ക് തുമ്മുന്നത് നിർത്തു. ദയവായി വായ മൂടു. എന്തൊരു അറപ്പാ അത് .",Disgust
"വിമാനത്തിൽവെച്ച് എനിക്ക് സമനില തെറ്റി , എന്റെ സീറ്റിൽ ചവിട്ടുന്നത് നിർത്താൻ വിസമ്മതിച്ചതിനാൽ എന്റെ പിന്നിലുള്ള സീറ്റിലുള്ള യാത്രക്കാരനോട് ഞാൻ ആക്രോശിച്ചു .",Anger
വ്യവസായ ലാഭത്തിനുവേണ്ടി അവർ ഇങ്ങനെ പാരിസ്ഥിതിക നിയന്ത്രണങ്ങളെ അവഗണിക്കുന്നത് എനിക്ക് സഹിക്കാനാവുന്നില്ല.,Anger
"ഈ വിഭവം തയ്യാറാക്കിയതിന് ഷെഫ് എന്നെ ശരിക്കും പ്രശംസിച്ചു, സുഗന്ധങ്ങളുടെയും ടെക്സ്ചറുകളുടെയും സംയോജനം അപ്രതീക്ഷിതവും ആനന്ദകരവുമാണത്രേ.",Surprise
"സ്റ്റോക്ക് മാർക്കറ്റിൽ അടുത്ത നിമിഷം എന്ത് സംഭവിക്കും എന്ന് ഒന്നും പറയാൻ പറ്റാത്ത അവസ്ഥയാണ്, പ്രാന്ത് പിടിക്കും!",Anger
ഗൂഗിൾ പേ പാസ്വേഡ് ഒരു പച്ചക്കറി കച്ചവടക്കാരന് കൊടുത്തുവെന്ന് അച്ഛൻ പറഞ്ഞപ്പോൾ ഞാൻ ഞെട്ടിപ്പോയി.,Surprise
ഈ വില കൂടിയ പുരാതനമായ കസേരകൾ വിൽക്കുന്നത് എങ്ങനെയാണാവോ!,Fear
എന്റെ കുട്ടിയുടെ സ്റ്റേജ് ഫിയർ മൂലം തന്റെ മ്യൂസിക് കരിയർ ഉപേക്ഷിക്കാനുള്ള സാധ്യതയെക്കുറിച്ച് എന്നെ അസ്വസ്ഥനാക്കി.,Fear
"ആ കടയിൽനിന്ന് വെള്ളം വാങ്ങാൻ അത്ര ധൈര്യം ഇല്ല, വെള്ളത്തിന് പകരം വേറെ പലതും വിൽക്കുന്നവരാണ് അവർ എന്ന് പറഞ്ഞ് കേട്ടിട്ടുണ്ട്.",Fear
"വാതിൽ തുറക്കാനാവാതെ ഞാൻ ഹോട്ടൽ മുറിക്ക് പുറത്ത് കുടുങ്ങി, എനിക്കാകെ നിരാശയായി.",Sadness
ഇതില് പങ്കെടുക്കാൻ നിനക്ക് ഇത്ര ഉൽസാഹം ഉണ്ടാകുമെന്ന് ഞാൻ വിചാരിച്ചിരുന്നില്ല.,Surprise
"ഞങ്ങൾക്ക് നിങ്ങളുടെ ബിസിനസ്സ് കളയാൻ താൽപര്യമില്ല, നാളെ രാവിലെയോടെ നിങ്ങളാഗ്രഹിക്കുന്ന ഷർട്ട് കിട്ടിയിരിക്കും. ഞങ്ങൾ ഇപ്പോ ഞായറാഴ്ചയും തുറക്കാറുണ്ട്.",Fear
എ.ടി.എമ്മിൽ നിന്ന് ചേഞ്ച് കിട്ടിയപ്പോ എനിക്ക് സന്തോഷമായി.,Happiness
"ഞാൻ ശരിക്കും പ്രതീക്ഷിച്ച പോലെയൊന്നുമല്ല ഈ പ്രാദേശിക ശ്രീലങ്കൻ ഭക്ഷണങ്ങൾ, എല്ലാം നല്ല രുചികരമാണ്.",Surprise
"വൗ , രണ്ടായിരത്തി ഇരുപതിലെ ഒളിമ്പിക്സിൽ പി.വി. സിന്ധുവിന് വെങ്കല മെഡൽ കിട്ടി .",Surprise
ഇൻസ്റ്റാൾ ചെയ്തതിന് ശേഷം ചില കാബിനറ്റ് വാതിലുകൾ ശരിയായി നിൽക്കാത്തത്തിൽ ഞാൻ നിരാശനായി.,Sadness
ഈ വാടക വീട് കണ്ടെത്തുന്നതിനുള്ള ബ്രോക്കറേജ് ഫീസ് ഇത്രയും ന്യായമായിരിക്കുമെന്ന് ഞാൻ പ്രതീക്ഷിച്ചിരുന്നില്ല!,Surprise
"ഒന്നും അല്ലാതിരുന്ന ആ സ്റ്റാട്ടപ്പ് അല്ലേ ഒരു ബില്യൺ ഡോളർ കമ്പനിയായി മാറിയത്, സംഭവം തന്നെ!",Surprise
"എപ്പോഴൊക്കെ ഞാൻ ബിസിനസ്സ് ട്രിപ്പ് പോകുമ്പഴും എന്റെ കുഞ്ഞു കരയും, അപ്പൊ ഞാൻ അസ്വസ്ഥയാവും.",Sadness
എങ്ങനെയാ എന്റെ ചോറിൽ ഒരു കല്ല് വന്നേ? ഇതെങ്ങനെ ശരിയ്ക്കും വൃത്തിയാക്കണമെന്ന് നിങ്ങൾക്കറിയില്ലേ?,Anger
"കുറേ കാത്തിരുന്ന  ശേഷം ഒടുവിൽ ഇപ്പൊ എന്റെ വാട്ടർ ഫിൽട്ടറിന്റെ സ്പെയർ വന്നല്ലോ, ഹാവൂ.",Happiness
എ.ഐ.യ്ക്ക് ഇപ്പോൾ ബോഡ് ഗെയിമുകളിൽ മനുഷ്യരെ തോൽപ്പിക്കാൻ കഴിയും എന്ന് കാണുമ്പോ എന്ത് സന്തോഷാ.,Happiness
ഈ പടം ഞാൻ പ്രതീക്ഷിച്ചത്പോലെ നന്നാവാത്തത് കഷ്ടായി. അത് ആസ്വദിക്കാമെന്ന് ഞാൻ വിചാരിച്ചതാ.,Sadness
ഇതേ പോലുള്ള നടപടിയുടെ പേരിൽ നമ്മുടെ രാജ്യത്തെ വിമർശിക്കുകയും പ്രതിഷേധം അക്രമാസക്തമായി അടിച്ചമർത്തുന്നതിന് മറ്റൊരു രാജ്യത്തെ പുകഴ്ത്തുകയും ചെയ്യുന്ന പത്രത്തിന്റെ കാണിച്ച ഇരട്ടത്താപ്പ് കണ്ടപ്പോ ഞാൻ അമ്പരന്നു .,Disgust
ഞങ്ങൾ വയലുകളിൽ ജോലി ചെയ്യുമ്പോൾ ഞങ്ങളുടെ ഉച്ചനേരത്തെ ഭക്ഷണത്തിന് നല്ല സുഖമുള്ള നിഴലൊക്കെയുള്ള ഒരു സ്ഥലം കിട്ടിയെന്നേ!,Happiness
"ഞാൻ ടി.വി. ഓണാക്കുമ്പോഴെല്ലാം അതിൽ നിന്ന് മൂന്ന് തവണ ബീപ്പ് എന്നൊരു സൗണ്ടും, പിന്നെ പുകയും വരാൻ തുടങ്ങും. അത് പൊട്ടിത്തെറിക്കുമോ  എന്തോ!",Fear
ഈ സ്ഥലത്തിന്റെ ഓണർക്ക് കഴിഞ്ഞ വർഷം മാസ്റ്റർഷെഫ് കിട്ടിയത് എനിക്കറിയില്ലായിരുന്നു!,Surprise
ഓൺലൈനിൽ കുറച്ച് ജോലികൾ പൂർത്തിയാക്കേണ്ടതിനാൽ വൈഫൈ ഇല്ലാത്തത് എന്നെ ഭയപ്പെടുത്തുന്നു.,Fear
നിങ്ങളുടെ സ്റ്റാൾ എന്റെ കടയ്ക്ക് മുന്നിൽ വെക്കാൻ പറ്റില്ലെന്ന് ഞാൻ എത്ര തവണ നിങ്ങളോട് പറഞ്ഞതാ?,Anger
ആദിപുരുഷ് സിനിമയുടെ ടിക്കറ്റ് വാങ്ങിയതിന് നിങ്ങൾക്ക് നിങ്ങടെ കുടുംബക്കാരുടെ വായിലിരിക്കുന്നത് കേൾക്കേണ്ടി വരുമല്ലോ.,Sadness
ഈ ട്രാൻസ്ഫർ ഞാൻ അപ്പ്രൂവ് ചെയ്തിട്ടില്ല. എന്റെ ബാങ്ക് അക്കൗണ്ട് അപഹരിക്കപ്പെട്ടോ എന്തോ!,Fear
ഈ ഗെയിമിംഗ് കൺസോളിൽ ഫോർ കെ റെസല്യൂഷനിൽ ഗെയിമുകൾ കളിക്കാൻ കഴിയുമെന്ന് എനിക്ക് വിശ്വസിക്കാൻ കഴിയുന്നില്ല.,Surprise
"എന്റെ അക്കൗണ്ട് ഇപ്പോൾ തന്നെ ക്ലോസ് ആക്കണം, അല്ലെങ്കിൽ എനിക്ക് അധികാരികളെ കാണേണ്ടി വരും.",Anger
ഞങ്ങളുടെ മികച്ച സാങ്കേതിക വിദഗ്ധരെക്കുറിച്ചുള്ള വിവരങ്ങൾ ഒരു എതിരാളിക്ക് കൈമാറുന്നത് കണ്ടത്തിയതിനെത്തുടർന്ന് ഞാൻ ഒരു ജീവനക്കാരനെ പുറത്താക്കി.,Anger
"എന്തെങ്കിലും പൂർത്തിയാക്കേണ്ടിവരുമ്പോൾ എനിക്ക് വളരെയധികം ഉൽകണ്ഠ തോന്നുന്നു , പക്ഷേ അത് വിചാരിച്ച പോലെ നടക്കുന്നില്ല.",Fear
ടാക്സ് റിട്ടേണിൽ തെറ്റ് വരുത്തുന്നതിന്റെ അനന്തരഫലങ്ങൾ ഇത്ര ഭീകരമാണോ?,Fear
മധ്യകാലഘട്ടത്തിലെ പ്ലേഗ് പോലുള്ള പ്രകൃതി ദുരന്തങ്ങളുമായി ധൂമകേതുക്കൾക്ക് ബന്ധമുണ്ടെന്ന് വിശ്വസിച്ചിരുന്നത് അറിഞ്ഞപ്പോൾ ഞാൻ ഞെട്ടിപ്പോയി.,Sadness
ഞങ്ങളുടെ എ.സി.യുടെ വയർ കടിച്ച അണ്ണാനെ കാണുമ്പോ എനിക്ക് ഭ്രാന്ത് വരുന്നു.,Anger
രണ്ട് ദിവസം മുമ്പ് നല്ല തിരക്കുള്ള സമയത്ത് ഉച്ചഭക്ഷണത്തിന് റെസ്റ്റോറന്റിന് മുന്നിൽ ഒരു പാർക്കിംഗ് സ്ഥലം കിട്ടുമെന്ന് ഞാൻ പ്രതീക്ഷിച്ചിരുന്നില്ല.,Surprise
"അത് ഒരു വളരെ നല്ല അനുഭവമായിരുന്നു, കോളേജിൽ ആദ്യമായി ഒരു അവാഡ് കിട്ടിയപ്പോ എനിക്ക് അഭിമാനം തോന്നി.",Happiness
എനിക്ക് ഈ ജാക്കറ്റ് വേണമെന്ന് നല്ല ആഗ്രഹമുണ്ടായിരുന്നു പക്ഷേ എന്റെ വലിപ്പത്തിന് പറ്റിയ ജാക്കറ്റ് ഇല്ലെന്ന് സെയിൽസ് മാൻ എന്നോട് പറഞ്ഞു.,Sadness
"നിങ്ങൾ തനിച്ചായിരിക്കാൻ ഇഷ്ടപ്പെടുന്ന ഒരാളായതുകൊണ്ട്, മനുഷ്യബന്ധങ്ങൾക്ക് ഇത്ര വിലകൊടുക്കുമെന്ന് ഞാൻ വിചാരിച്ചില്ല .",Surprise
എങ്ങനെപ്പാ അയാൾക്ക് എന്റെ കാറിനെ പെട്ടെന്ന് ഓവർടേക്ക് ചെയ്ത് എന്നെ നിർത്താൻ  കഴിയാ?,Anger
വൗ ! ഈ വാണിജ്യ വാടക വസ്തുവിൽ ഇപ്പത്തന്നെ ഓഫീസ് ഫർണിച്ചറുകൾ ഉള്ളത് എത്ര ലാഭാണ്.,Surprise
ഈ കമന്റ് ആളുകൾ കാണുന്നതിൽ ഞാൻ അമ്പരക്കാ. അതേസമയം കൂടുതൽ നിരുപദ്രവകരമായ കമന്റ്സ് എത്ര വേഗത്തിലാണ് നീക്കം ചെയ്യാറുള്ളത്!,Surprise
"ഇതിപ്പോൾ എത്രാമത്തെ പ്രസംഗമാണ്, ബോറടിച്ച് ചത്തു.",Disgust
ശസ്ത്രക്രിയയ്ക്കുള്ള എന്റെ ബ്ലഡ്ഗ്രൂപ്പ് മാച്ച് ആകുന്നതിനെക്കുറിച്ച് എനിക്ക് നല്ല ആശങ്കയുണ്ട് ഹെൽത്ത് സെന്ററിൽ എന്റെ ചികിത്സയ്ക്കായുള്ള എല്ലാ കാര്യങ്ങളും ഉണ്ടാകുമോ ആവോ ?,Fear
ട്രെയിൻ ടിക്കറ്റ് ബുക്ക് ചെയ്യാൻ പോയപ്പോൾ റെയിൽവേ ബുക്കിംഗ് ക്ലർക്ക് ഒരു മുതിർന്ന പൗരനോട് മോശമായി സംസാരിക്കുന്നത് കേട്ടപ്പോ എനിക്ക് എന്തോ പോലെ തോന്നി.,Disgust
മുഖ്യാതിഥിയായി ക്ഷണിക്കപ്പെട്ട പ്രശസ്ത ഗായകനെ കുറിച്ച് എന്റെ ശിഷ്യൻ ചില മോശം പരാമർശങ്ങൾ നടത്തി.,Sadness
"ഇലക്ട്രോണിക്സ് കടയിൽ നിന്ന് വാങ്ങിയ ടി.വി. കൊണ്ട് ഞാൻ കുടുങ്ങി, അത് വർക്കാവുന്നില്ല, എന്റെ ജീവിതമേ ബുദ്ധിമുട്ടാക്കി.",Anger
"ഈ കുറഞ്ഞ വില നോക്കിയാല്, പച്ചക്കറികളെക്കുറിച്ച് ആലോചിച്ച് എനിക്ക് ഉൽക്കണ്ഠയുണ്ട്, അവ കീടനാശിനി പ്രയോഗിക്കാത്തതായിരിക്കുമോ എന്തോ.",Fear
വൗ ! ഈ ഫിലിമിൽ രജനികാന്ത് ഉണ്ടെന്ന് എനിക്കറിയില്ലായിരുന്നു. ഈ ഫിലിമിൽ അദ്ദേഹത്തിന്റെ എൻട്രി പ്രതീക്ഷിച്ചേയ്യില്ല.,Surprise
"ബഹിരാകാശയാത്രികരുടെ ത്യാഗത്തെക്കുറിച്ചും, ബഹിരാകാശ ദൗത്യങ്ങളിൽ ജീവൻ നഷ്ടപ്പെടാനുള്ള സാധ്യതയെക്കുറിച്ചും ഒക്കെ ചിന്തിക്കുമ്പോ എനിക്ക് നല്ല വിഷമം തോന്നും .",Sadness
ഹൈവേവഴി പോയ ബസ് പെട്ടെന്ന് ബ്രേക്കിട്ട് നനഞ്ഞ റോഡിൽ തെന്നി വശത്തേക്ക് വീണപ്പോൾ സമീപമുള്ള ഒരു മരത്തിന്റെ ചുവട്ടിൽ നിന്ന ഞാൻ ഞെട്ടിപ്പോയി .,Surprise
"വെബ്സൈറ്റിലൂടെ പുസ്തകം മുൻകൂട്ടി ഓഡർ ചെയ്യാൻ ശ്രമിക്കുമ്പോഴെല്ലാം, സ്റ്റോക്ക് ഇല്ലെന്ന മെസ്സേജ് ആണ് വരുന്നത്, ഇത് എന്നെ അസ്വസ്ഥനാക്കുന്നു.",Sadness
"കാറിൽ വെക്കാൻ വാങ്ങിയ പുതിയ സ്പീക്കർ എങ്ങനെ ഉപയോഗിക്കും എന്ന് ആലോചിച്ചിരിക്കുമ്പോഴാണ് അതിൻ്റെ കൂടെ കിട്ടിയ നിർദ്ദേശങ്ങൾ കണ്ടത്, കണ്ണു തള്ളിപ്പോയി.",Surprise
ഈ ഹോട്ടലിൽ കയറാൻ എനിക്ക് വയ്യാ. ഇവിടുത്തെ സൗകര്യങ്ങളും ഇവിടുത്തെ ആളുകളെയും ഒക്കെ കാണുമ്പോ അകെ വല്ലാതെ.,Fear
ഈ സമൃദ്ധമായ വിളവെടുപ്പിൽ നമ്മുടെ കഠിനാധ്വാനം കാണുമ്പോ എത്ര പ്രതിഫലം കിട്ടുമെന്ന് എനിക്ക് അറിയില്ലായിരുന്നു.,Surprise
എന്റെ മുന്നിലുള്ളയാളെ അടിക്കാതിരിക്കാനാ ഞാൻ പല്ല് ഇറുമ്മുകേം മുഷ്ടി ചുരുട്ടുകേം ചെയ്തെ.,Anger
ആഭരണങ്ങൾ സന്ദർഭവുമായി നന്നായി മാച്ച് ചെയ്യണം . അത് അപ്രസക്തമോ നന്നല്ലാത്തതോ ആയി തോന്നാൻ ഞാൻ ആഗ്രഹിക്കുന്നില്ല.,Fear
"അത് വളരെ വിചിത്രമാണ്, മാഡം. കീ വർക്ക് ചെയ്യാത്തതിനാൽ ഒരു ഗസ്റ്റിന് പത്ത് തവണ താഴേക്ക് വരേണ്ടി വന്നത് മുമ്പൊരിക്കലും ഉണ്ടായിട്ടില്ല.",Surprise
ഞങ്ങൾ ഒഴികെ ബാക്കി എല്ലാർക്കും കൃത്യസമയത്തൊന്നുമല്ലെങ്കിലും പുതിയ സിലിണ്ടർ കിട്ടുന്നുണ്ട്.,Sadness
ഈ ഫാർമസിയിൽ ചോക്ലേറ്റുകളും വിൽക്കുന്നുണ്ടെന്ന് എനിക്കറിയില്ലായിരുന്നു!,Surprise
ഈ സാരി ഒരു ഭംഗിയും ഇല്ല. ഇത് ആരെങ്കിലും വാങ്ങുമോ?,Disgust
ഗാരേജിൽ നിന്ന് കാറിനുള്ളിലെ ഇത്ര ചെറിയ ഡെന്റിനായി ഇത്രയും വലിയ ബിൽ കണ്ടപ്പോൾ ഞാൻ അമ്പരക്കുകയും അസ്വസ്ഥനാകുകയും ചെയ്തു.,Disgust
ഞാൻ ഒരു ലൈസൻസ് എടുക്കുന്നതിന് മുമ്പ് ക്ലൗഡിന്റെ മറഞ്ഞിരിക്കുന്ന ചെലവുകളെക്കുറിച്ച് ക്ലൗഡ് സെയിൽസ്മാൻ എന്നോട് പറഞ്ഞേയില്ല.,Anger
ഞങ്ങളുടെ കടയിലെ ജീവനക്കാർക്കൊന്നും ഒരു പരിശീലനവും തരുന്നില്ല.,Sadness
കോർപ്പറേറ്റ് ലാഭം ഇങ്ങനെ കുറഞ്ഞുകൊണ്ടിരുന്നാൽ എന്തുചെയ്യും? എനിക്കാണെങ്കിൽ ബോണസുകളും കൊടുക്കാനുണ്ട്.,Fear
ഗോതമ്പിന്റെ ചാക്കിൽ ഞാൻ ഒരു ചത്ത എലിയെ കണ്ടു .,Disgust
"ഇന്ന് മാർക്കറ്റിൽ ക്രിപ്റ്റോകറൻസിയുടെ മൂല്യം കുത്തനെ ഇടിഞ്ഞപ്പോ, ഞാൻ ഓർക്കാപ്പുറത്ത് കുടുങ്ങി.",Surprise
"ഞാൻ ഇവിടെ നിന്ന്പോകുകയാണ് . എനിക്ക് രണ്ട് ബെഡ്റൂം അപ്പാട്ട്മെന്റ് വേണമെന്ന് ഞാൻ പ്രത്യേകം പറഞ്ഞതാണ് , നിങ്ങൾ എനിക്ക് ഒരു ബെഡ്റൂം സ്ഥലങ്ങൾ കാണിച്ച് കൊണ്ടേയിരിക്കുന്നു . ശരിയായ സ്ഥലം കണ്ടെത്താൻ എന്നെ സഹായിക്കാൻ നിങ്ങൾക്ക് ഒട്ടും താൽപ്പര്യമില്ല.",Anger
നിന്റെ ഫോൺ നീ അശ്രദ്ധമായി താഴെയിട്ടതിന് ഉത്തരവാദി ഞാനാണോ!,Surprise
ഓർത്തോ ഡോക്ടർമാർ എന്നെ ഒത്തിരി പറ്റിച്ചിട്ടുണ്ട്.,Anger
തുടക്കത്തിൽ ഇവന്റ് മാനേജർ വാഗ്ദാനം ചെയ്ത സർവീസ് ഒന്നും കിട്ടിയില്ലെന്നാ എനിക്ക് തോന്നുന്നേ.,Sadness
ഇലക്ട്രിസിറ്റി ബോഡ് ജീവനക്കാർ നിലത്തു നിന്ന് അമ്പത് അടി ഉയരത്തിലാ ഒരു പ്ലാറ്റ്ഫോമിലേക്ക് നടക്കുന്നെ.,Fear
"സഹോദരാ! നീ ഇത്രയും ഭാരമുള്ളത് ഉയർത്തുമെന്ന് ഞാൻ ഒരിക്കലും വിചാരിച്ചില്ല , നിനക്ക് ഭ്രാന്താണ്! !",Surprise
എന്റെ ഉറ്റസുഹൃത്ത് റാം കൂടി ആ യാത്രയിൽ എന്റെ കൂടെ ഉണ്ടായിരുന്നെങ്കിൽ! വേണച്ചാ അതിലും നന്നാക്കായിരുന്നു അത്.,Sadness
"എന്റെ മുഴുവൻ ബിസിനസ്സ് ലോണും ഞാൻ വിജയകരമായി തിരിച്ചടച്ചു, സമാധാനമായി.",Happiness
വിദേശാക്രമണകാരികൾ എന്തുകൊണ്ടാ നമ്മുടെ രാജ്യത്തുള്ള പേരുകേട്ട എല്ലാ ലൈബ്രറികളും നശിപ്പിച്ചതെന്ന് എനിക്കറിയില്ല.,Sadness
അടുത്ത മൂന്ന് ദിവസത്തേക്ക് ചെന്നൈയിൽ നിന്ന് ഡൽഹിയിലേക്ക് നേരിട്ടുള്ള ട്രെയിനുകൾ ലഭ്യമല്ലെന്ന് ബുക്കിംഗ് ക്ലർക്ക് പറഞ്ഞപ്പോൾ ഞാൻ ഞെട്ടിപ്പോയി.,Surprise
"എന്നെയും, എന്റെ കൂടെയുള്ള ഇന്ത്യക്കാരെയും അപകീർത്തിപ്പെടുത്തുന്ന വാട്ട്സ്ആപ്പിലെ പോസ്റ്റുകൾ കണ്ടപ്പോ എനിക്ക് വിഷമമായി.",Sadness
ഇത്രയും വിശാലമായ കൊമ്മേഷ്യൽ റെന്റൽ സ്പേസ് കണ്ട് ഞാൻ ഞെട്ടിപ്പോയി. ഒരാഴ്ചയ്ക്കുള്ളിൽ ഇത്ര വേഗത്തിൽ കിട്ടുമെന്ന് ഞാൻ പ്രതീക്ഷിച്ചിരുന്നില്ല!,Surprise
"അയ്യോ, സ്നോർക്കെലിങ്ങോ? എനിക്ക് അത്രയ്ക്കൊന്നും നീന്തൽ അറിയില്ല.",Fear
ഞാൻ ഈ കളി കളിക്കുന്നില്ല. അവസാനായിട്ട് ഈ ബോഡ് ഗെയിം കളിച്ചയാൾ ജീവിച്ചിരിപ്പില്ല .,Fear
നിങ്ങളുടെ അക്കൗണ്ടിൽ നിങ്ങൾ അഭിമുഖീകരിക്കുന്ന സെക്യൂരിറ്റി ഇഷ്യൂസ് ഞങ്ങൾ ശ്രദ്ധിക്കാത്തതോണ്ട് നിങ്ങൾക്ക് ഉണ്ടായ ബുദ്ധിമുട്ടിൽ ഞാൻ ശരിക്കും ഖേദിക്കുന്നു.,Sadness
"പഴയ അടുക്കളയിലെ ടൈലുകളുമായി പുതിയ ടൈലുകൾ യാതൊരു തടസ്സവുമില്ലാതെ യോജിപ്പിക്കാൻ നിങ്ങൾക്ക് കഴിഞ്ഞു എന്നതിൽ ഞാൻ ആശ്ചര്യപ്പെടുന്നു. നിങ്ങൾ ഒരു പണിക്കാരൻ മാത്രമാണെന്ന് ഞാൻ കരുതി, പക്ഷേ യഥാർത്ഥത്തിൽ ഒരു വിദഗ്ധനായ പണിക്കാരനാണെന്ന് നിങ്ങൾ തെളിയിച്ചു.",Surprise
ബാങ്കിന്റെ നയങ്ങളിൽ എനിക്ക് ശരിക്കും ദേഷ്യമുണ്ട്. എന്റെ പ്രായപൂർത്തിയാകാത്ത കുട്ടിക്ക് ഒരു അക്കൗണ്ട് തുറക്കുമ്പോ ഞാൻ സപ്പോർട്ട് പ്രതീക്ഷിച്ചിരുന്നു.,Anger
ഒർലാൻഡോയിലെ ഡിസ്നിവേൾഡ് പാർക്കിലേക്ക് കാലെടുത്ത് കുത്തുമ്പഴേ മനസ്സ് തുള്ളിച്ചാടും.,Happiness
"എന്റെ ഫ്രണ്ട്സിന് മോശം അനുഭവങ്ങൾ ഉണ്ടായിട്ടുണ്ട്, നിങ്ങടെ അടുത്ത് നിന്ന് വാട്ടർ ഫിൽട്ടർ വാങ്ങരുതെന്ന് അവർ എന്നോട് പറഞ്ഞതാ . ഞാൻ അവർ പറഞ്ഞത് കേൾക്കണമായിരുന്നു.",Disgust
"തടസ്സമില്ലാത്ത, ആസ്വാദ്യമായ ഒരു എക്സ്പീരിയൻസാണ് ഞാൻ പ്രതീക്ഷിച്ചത്, പക്ഷേ ഈ പരിപാടി എന്റെ പ്രതീക്ഷകൾക്കപ്പുറത്തായിരുന്നു, എന്നെ നിരാശപ്പെടുത്തി.",Sadness
"വൗ , ഈ വാടക വീട് കണ്ടെത്തുന്നതിന് ബ്രോക്കറേജ് സർവീസിന് ഒരു വിലനിർണ്ണയ ഘടനയുണ്ടെന്നത് വസ്തുതയാണല്ലേ.",Surprise
"എനിക്ക് ഉയർന്ന സ്ഥലങ്ങൾ ഭയമാണ്. ഞാൻ ഭൂനിരപ്പിൽ നിന്ന് ഉയരത്തിൽ ആയിരിക്കുമ്പോൾ എന്റെ കാലുകൾ വിറക്കും, വായ വരണ്ടുപോകും.",Fear
എന്റെ മെഡിവെൽ ഇൻഷുറൻസ് കവർ ചെയ്യേണ്ടത്കൊണ്ടാണ് ഞാൻ ഈ ഹെൽത്ത് സെന്റർ തിരഞ്ഞെടുത്തത്. എന്റെ ഇതുവരെയുള്ള വിസിറ്റുകള് ഒന്നും കവർ ചെയ്തിട്ടില്ലാന്നാണോ നിങ്ങള് പറയുന്നേ?,Anger
ആ ഫൗളിൽ എനിക്ക് നല്ല ദേഷ്യമുണ്ട്! റഫറി അത് വിളിക്കേണ്ടതായിരുന്നു.,Anger
എന്റെ വിശ്വസ്തരായ സഹപ്രവർത്തകരിൽ പലരും പുതിയ നല്ല ജോലിയൊക്കെ നോക്കി പോകുന്നുവെന്ന് കേട്ടപ്പോൾ ഞാൻ ആകെ തളർന്നുപോയി.,Sadness
ചെലവുകൾ ബാലൻസ് ചെയ്യാൻ ബോണസ് കുറയ്ക്കേണ്ടി വരും..,Sadness
മിക്ക മനുഷ്യരെയും വളരെ മോശമായ രീതിയിൽ കാണിക്കുന്ന ചില തമിഴ് ടിവി സീരിയലുകൾ എനിക്ക് ഭയങ്കര വെറുപ്പാണ്. .,Disgust
"നവീകരിക്കുന്ന സമയത്ത് അടുക്കള തകർന്നതായി സങ്കൽപ്പിക്കുന്നത് അൽപ്പം സങ്കടമുള്ള കാര്യമാണ്, കാരണം ആ സ്ഥലവുമായി ബന്ധപ്പെട്ട പല ഓർമ്മകൾ എനിക്കുണ്ട്.",Sadness
"ഛെ, ഈ സോഫ്റ്റ് വെയർ റൺ ചെയ്യുമ്പോഴൊക്കെ അത് തകരാറിലാകുന്നു.",Disgust
ക്രിക്കറ്റ് സ്റ്റേഡിയത്തിലെ സ്റ്റാൻഡ് തിങ്ങി നിറഞ്ഞ് തകർന്നു വീഴുമോ എന്നെനിക്ക് പേടിയായി.,Fear
"ഇൻ്റർനെറ്റ് ബാൻഡ് വിഡ്ത് കൂട്ടാൻ ഞങ്ങൾ പ്രവർത്തിക്കുന്നുണ്ട് ,നിങ്ങൾക്ക് അപ്പർ ലിമിറ്റിനേക്കാൾ ഉയർന്ന സ്പീഡ് കിട്ടിയല്ലേ!",Surprise
റിസ്കി ആയ ഒരു ജിംനാസ്റ്റിക്സ് റുടീന് തയ്യാറെടുക്കുമ്പോൾ ഫാത്തിമയുടെ ശ്വാസമിടിച്ചു.,Fear
ഈ സോപ്പുപൊടി ഉടുപ്പുകളൊക്കെ നന്നായി വെളുപ്പിക്കുമെന്ന് കാണിച്ച നിങ്ങളുടെ തെറ്റായ പരസ്യവും തെറ്റായ അവകാശവാദങ്ങളൊക്കെ കണ്ടിട്ട് എനിക്ക് സഹിക്കുന്നില്ല.,Anger
പ്രൊജക്റ്റ്‌ ഡെലിവറിയെക്കുറിച്ചുള്ള നിങ്ങളുടെ ഉൽകണ്ഠ കാരണം പ്രോജക്ട് ടീമിലെ എല്ലാവരും വളരെ നിരാശരായി .,Sadness
"ഇന്ത്യയിലെ ഇ.ആർ.ഡോക്ടർമാരുടെ എഫിഷ്യൻസി കണ്ട ശേഷം , യു.കെ. യിലെ ഇ.ആർ. ഡോക്ടർമാർ ഒരു മണിക്കൂറിൽ കഷ്ടിച്ച് രണ്ട് രോഗികളെ ചികിത്സിക്കാൻ കഴിയാതെ വന്നപ്പോൾ ഞാൻ പ്രകോപിതനായി.",Disgust
ഞങ്ങളുടെ കഥകൾ ആർ. കെ. നാരായണന്റെ മാൽഗുഡി ഡേയ്സുമായി താരതമ്യപ്പെടുത്തിയതിൽ ഞാൻ അന്ധാളിച്ചുപോയി!,Surprise
"കോമ്പൗണ്ട് ഭിത്തിയുടെ തകർന്ന അവസ്ഥ കാണുമ്പോൾ, കാലവും കാലാവസ്ഥയും ഒരു കാലത്ത് ശക്തമായി നിലനിന്നിരുന്ന ഒന്നിനെ എങ്ങനെ ബാധിച്ചുവെന്ന് ഓർത്തു നോക്കുക .",Sadness
"ഇനി ഞാൻ ആ പ്രൊഡക്റ്റ് പ്ലഗ് ഇൻ ചെയ്യില്ല, കാരണം എനിക്ക് ഭീകര ഷോക്കാ കിട്ടീത്.",Fear
ഓപ്പറേഷൻ ഇല്ലാതെത്തന്നെ ആയുർവേദ ഡോക്ടർ എന്റെ സെർവിക്കൽ ഡിസ്ക് പ്രോലാപ്സ് സുഖപ്പെടുത്തി.,Happiness
"ഈ വജ്രത്തിന്റെ അതിമനോഹരമായ തിളക്കം എനിക്ക് വിശ്വസിക്കാൻ കഴിയുന്നില്ല! അതിന്റെ തിളക്കം അതിശയിപ്പിക്കുന്നു , അത് എന്റെ ബജറ്റിനുള്ളിൽ ഒതുങ്ങുന്നതാണ്.",Surprise
അയർലണ്ടിലെ സമൃദ്ധമായ പച്ചപ്പ് കണ്ണഞ്ചിപ്പിക്കുന്ന ഒരു കാഴ്ചയാണ്.,Happiness
തെറ്റായ നയപരമായ തീരുമാനങ്ങൾ മൂലമുണ്ടാകുന്ന ഈ സാമ്പത്തിക മാന്ദ്യത്തിനു കാരണം സർക്കാരാണ്.,Anger
അതെ! പുസ്തകത്തിനായുള്ള എന്റെ മുൻകൂർ ഓർഡർ ഉറപ്പായി. ഞാൻ കാത്തിരുന്ന ഒരു ബുക്കാണിത്.,Surprise
നമുക്ക് വില ഇനിയും കുറയ്ക്കേണ്ടി വരുമോ? ബാക്കി കമ്പനികൾ നമ്മുടെ കസ്റ്റമേഴ്സിനെ ഒക്കെ അടിച്ചുകൊണ്ട് പോയാലോ?,Fear
തായ്ലാൻഡിലെ ഗുഹയിൽ നിന്ന് പതിമൂന്ന് ഫുട്ബോൾ കളിക്കാരെ രക്ഷിച്ചു എന്ന് കേട്ടപ്പോൾ ഞാൻ ആവേശഭരിതനായി.,Happiness
"എന്റെ പേഴ്സിലാണെങ്കിൽ വേണ്ടത്ര കാശില്ല, പെട്രോൾ വില മുമ്പൊരിക്കലും ഇല്ലാത്തത്രയാ കൂടിയേ.",Sadness
കൃത്യസമയത്ത് എന്റെ ജോലി പൂർത്തിയാക്കാൻ കഴിയാത്തപ്പോൾ എനിക്ക് ആകെ അസ്വസ്ഥത തോന്നും.,Sadness
"റീബിൽഡിങ്ങിനെക്കുറിച്ച് ചിന്തിക്കുമ്പോൾ, കുളിമുറി മുതൽ കോമ്പൗണ്ട് മതിൽ വരെയും അടുക്കളയും വരെയും, എങ്ങനെ സാധിക്കാനാണ്?",Sadness
ഞാൻ ആവശ്യപ്പെട്ടപ്പോൾ പുസ്തക വിൽപ്പനക്കാരൻ എന്റെ ഒരു പുസ്തകം വിൽക്കുമെന്ന് ഞാൻ ഒരിക്കലും വിചാരിച്ചിരുന്നില്ല!,Surprise
എന്റെ ഭാര്യയുടെ അച്ഛൻ പെട്ടെന്ന് മരിച്ചപ്പോൾ ഓരോ ദിവസവും വല്ലാതെ നോവിൽ മങ്ങിപ്പോയി.,Sadness
"എത്ര നല്ല കെട്ടിടം ആയിട്ടെന്താ, ഈ സ്കാഫോൾഡിങ് അതിൻ്റെ എല്ലാ സൗന്ദര്യവും കളയുന്നു.",Sadness
ബെംഗളൂരുവിൽ രാത്രി എട്ട് മണിക്ക് കൊടുത്ത ഓർഡർ ഡെലിവറി ചെയ്യാൻ ഹോട്ടലിന്റെ റൂം സർവീസ് ഇതുവരെ തയ്യാറായിട്ടില്ല.,Anger
ഒരു പുതിയ അഡ്രസ്സിലേക്ക് ഗ്യാസ് കണക്ഷൻ ട്രാൻസ്ഫർ ചെയ്യുന്നതിനുള്ള കാര്യങ്ങളെക്കുറിച്ച് ഫോണിലൂടെ ഞങ്ങളോട് വിളിച്ചു ചോദിക്കാതെ നിങ്ങൾ എന്തിനാ ഗ്യാസ് ഏജൻസിയിൽ വന്നത്?,Anger
വളരെ നന്നായിട്ടുണ്ട് ! നിങ്ങൾക്ക് ഇത്ര നന്നായി പെയിന്റ് ചെയ്യാൻ കഴിയുന്ന് എനിക്കറിയില്ലായിരുന്നു!,Surprise
"ഈ സുവനീറിന് വില കൂടുതലാണെന്ന് എനിക്ക് ഇപ്പോഴാണ് മനസ്സിലായത്, ആ കടക്കാരൻ എന്നെ പറ്റിച്ചതാണ്.",Sadness
സമുദ്രത്തിലെ തെളിഞ്ഞ ജലത്തിന്റെ കാഴ്ച പറഞ്ഞറിയിക്കാൻ പറ്റില്ല !,Surprise
നിനക്കറിയോ ഇന്ന് മെട്രോയിൽ അധികം തിരക്ക് ഉണ്ടായിരുന്നില്ല. എനിക്ക് ഒരു സീറ്റ് കിട്ടി .,Happiness
എനിക്ക് ടൈം വേസ്റ്റ് ചെയ്യണ്ട! ഈ റോള് കിട്ടാനാണ് ഞാനിവിടെ വന്നത്. മനസ്സിലായോ?,Anger
ഒരു സ്പാമർ അയച്ച ആപ്പിൽ അറിയാതെ ക്ലിക്ക് ചെയ്തതിന് ശേഷം അരമണിക്കൂറോളം ഞാൻ ആകെ പരിഭ്രാന്തിയിലായിരുന്നു.,Fear
"എനിക്ക് ക്ലയന്റിനെതിരെ സംസാരിക്കണമെന്നില്ല, വെറുതെ എന്തിനാ ജോലി കളയണേ.",Fear
ഓഫീസിനെ പുതുമയുള്ളതും ആകർഷകവുമാക്കിയ സൂപ്പർവൈസറുടെ പുതിയ ക്ലീനിംഗ് ടെക്നിക്കുകളെ ഞങ്ങള് നന്നായി പ്രശംസിച്ചു.,Happiness
"വാടകക്കാരൻ വിശ്വസിക്കാനാവാതെ അയാൾടെ ഇലക്ട്രിസിറ്റി ബില്ലിലേയ്ക്ക് അഞ്ച് മിനിറ്റോളം നോക്കി നിന്നു, കാരണം അത് അയാൾ പ്രതീക്ഷിച്ചതിന്റെ പകുതിയേ ഉണ്ടായിരുന്നുള്ളൂ.",Surprise
"മീറ്റിംഗിൽ ഇരിക്കുമ്പോൾ മര്യാദ കാണിക്കണം, മറ്റുള്ളവർ സംസാരിക്കുമ്പോൾ ഇടയിൽ കയറി സംസാരിക്കാൻ നിൽക്കരുത്.",Anger
ഞാൻ ഇതുവരെ അദ്ദേഹത്തിന്റെ പാഴ്സൽ അയച്ചിട്ടില്ലാത്തതുകൊണ്ട് കസ്റ്റമറിന്റെ കോൾ എടുക്കാൻ എനിക്ക് പേടിയുണ്ട്.,Fear
നികുതി നിയന്ത്രണങ്ങൾ മൂലം എന്റെ ബിസിനസ്സിന് എപ്പോൾ വേണമെങ്കിലും തകർച്ച നേരിടേണ്ടി വരാം എന്ന അവസ്ഥയിലാണ് ഞാൻ.,Fear
ചെറുപ്പത്തിൽ ഫുട്ബോളിലും ക്രിക്കറ്റിലും എന്റെ അച്ഛന് ധാരാളം നേട്ടങ്ങൾ ഉണ്ടായി.,Happiness
അവിശ്വസനീയം! നിങ്ങൾക്ക് ലിമിറ്റഡ് എഡിഷൻ പ്ലാറ്റിനം ക്രെഡിറ്റ് കാഡ് ഉണ്ടെന്ന് എനിക്കറിയില്ലായിരുന്നു. വളരെ കുറച്ച് ആളുകൾക്ക് മാത്രമേ അത് കിട്ടൂ.,Surprise
"എനിക്ക് നല്ല വിശപ്പുണ്ട്, എന്റെ ഹോട്ടൽ മുറിയിലേക്ക് ഭക്ഷണം ഓഡർ ചെയ്യാൻ ഞാൻ ശ്രമിക്കുന്നു. പക്ഷേ അവർ ഫോണ് എടുക്കുന്നില്ല.",Sadness
ഈ സംഗീതജ്ഞൻ ഇത്രയ്ക്ക് കഴിവുള്ളവനാണെന്നത് എന്നെ ശെരിക്കും അൽഭുതപ്പെടുത്തി. അവരുടെ പ്രകടനം അതിശയിപ്പിക്കുന്നതായിരുന്നു.,Surprise
തുടർച്ചയായി ഫിനാൻഷ്യൽ ഡെഡ് ലൈൻ പാലിക്കാൻ സാധിക്കാത്തത് എന്നെ വല്ലാതെ ദേഷ്യം പിടിപ്പിച്ചു.,Anger
എന്റെ റൂമിൽ വെള്ളമില്ല! ഇങ്ങനെയാണോ നിങ്ങൾ ഒരു ഹോട്ടൽ നടത്തിക്കൊണ്ടു പോകുന്നത് ?,Anger
നിനക്ക് ഇന്ത്യൻ ഫുട്ബോളിൽ ഇത്ര താല്പര്യള്ളത് ഞാൻ അറിഞ്ഞിരുന്നില്ല.,Surprise
ഓഹരികളിൽ നിന്നുള്ള എന്റെ ദീർഘകാല നേട്ടത്തിന്മേൽ ചുമത്തുന്ന ഉയർന്ന നികുതി കാരണം ഞാൻ ഇരയാക്കപ്പെട്ടതായി തോന്നുന്നു.,Sadness
"വളർന്നുവരുമ്പോൾ, എന്റെ അധ്യാപകരുടെ പ്രതീക്ഷകൾ എനിക്ക് നിറവേറ്റാനാകുമോ?",Fear
ഞാൻ ബേക്കറിയിൽ നിന്ന് ഓഡർ ചെയ്ത കേക്ക് ബന്ദ് കാരണം കൃത്യസമയത്ത് വരില്ലെന്ന് ഞാൻ ശരിക്കും ആശങ്കപ്പെട്ടു.,Fear
"അവളുടെ മുത്തശ്ശിയുടെ ജന്മദിനത്തിൽ അവൾ പാടിയ പാട്ട് ആകെ കുളമായി, അതിനുശേഷം ഇതുവരെ കരച്ചിൽ നിർത്തിയിട്ടില്ല.",Sadness
ഹെൽത്ത് സെന്റർ എന്റെ ചികിത്സ കൈകാര്യം ചെയ്യുന്നതിൽ ചില പ്രശ്നങ്ങളുണ്ടായി. അവിടെ യോഗ്യതയുള്ള ഡോക്ടർമാരുണ്ടോ എന്നെനിക്ക് ചില ആശങ്കകളുണ്ട്.,Fear
ഈ വാടകവീട്ടിൽ നിന്ന് മലകൾ കാണാൻ കഴിയുന്നത് എന്നെ അൽഭുതപ്പെടുത്തുന്നു. ഇത് എത്ര മനോഹരമാണ് !,Surprise
ഞങ്ങൾ ശ്രീനഗറിൽ പോയപ്പോ ഉന്മേഷം തരുന്ന ശുദ്ധവായു ശ്വസിക്കാൻ പറ്റി.,Happiness
നിങ്ങൾ കൃത്യസമയത്ത് ജോലിക്ക് വരുകയോ നിങ്ങളെ വിളിക്കുന്ന മീറ്റിംഗുകളിൽ പങ്കെടുക്കുകയോ ചെയ്യാത്തത് അങ്ങേയറ്റം നിരുത്തരവാദപരമായാണ് ഞാൻ കാണുന്നത്.,Anger
"ഞങ്ങൾ ബുക്ക് ചെയ്ത ഈ താമസസ്ഥലം ഓൺലൈനിൽ കണ്ട ഫോട്ടോകളുമായി ഒട്ടും സാമ്യമല്ല, അത് തീർച്ചയായും നിരാശയായുണ്ടാക്കുന്നേ.",Sadness
എനിക്ക് കൂടുതൽ ചെയ്യാൻ കഴിയാത്തോണ്ട് ഇനിയുള്ള ഹോംവർക്ക് സബ്മിറ്റ് ചെയ്യേണ്ട ലാസ്റ്റ് ഡേറ്റിനെ പറ്റി എനിക്ക് ടെൻഷൻ ആവുന്നു.,Fear
ചെന്നൈയിലെ എഗ്മോർ മ്യൂസിയത്തിലെ ഓഡിയോ ഗൈഡിന്റെ ക്വാളിറ്റി തീരെ മോശമാണ്.,Disgust
വിഷമം പിടിച്ച ഒരു പ്രൊജക്റ്റിൽ ചെയ്ത ജോലിക്ക് ലീഡർഷിപ്പ് ടീമിൽ നിന്ന് ഒരു അംഗീകാരവും ലഭിക്കാത്തതിന് ശേഷവും കമ്പനിയിൽ ഇപ്പോഴും നല്ല കഴിവുള്ള പല ജീവനക്കാരും തുടരുന്നല്ലോന്നാ.,Surprise
എന്റെ ട്രെയിൻ ടിക്കറ്റ് ബുക്കിംഗ് ഇപ്പോഴും വെയിറ്റിംഗ് ലിസ്റ്റിൽ ഉള്ളതുകൊണ്ട് അതിന്റെ റിസൽട്ട് എന്താവോ എന്തോ.,Fear
പണം തട്ടുന്നത് തടഞ്ഞതുകൊണ്ട് അയൽവാസികൾ ഞങ്ങൾക്കെതിരെ വധഭീഷണയാ മുഴക്കുന്നത് .,Fear
ഞാൻ എന്റെ ക്രെഡിറ്റ് കാഡ് ബിൽ അടയ്ക്കാൻ ശ്രമിച്ചെങ്കിലും ബാങ്ക് സെർവറിന് ഒരു പ്രശ്നമുണ്ടെന്ന് ഇപ്പത്തന്നെ ഞാൻ ഒരു പത്ത് തവണ നിങ്ങളോട് പറഞ്ഞു. അത് എന്റെ തെറ്റല്ല!,Anger
"ശ്രമങ്ങൾ? അതിന് പരിശ്രമം വേണ്ടേ, അത് ഒരു പ്രതീക്ഷ മാത്രമാണോ.",Disgust
വിസയ്ക്കായി എംബസിയിലേക്ക് അയച്ച പ്രധാനപ്പെട്ട രേഖകൾ കൃത്യസമയത്ത് എത്താത്തപ്പോൾ ഞാൻ ഞെട്ടിപ്പോയി.,Surprise
പ്രിയപ്പെട്ട കളിക്കാരൻ ഹാട്രിക് നേടുന്നത് കണ്ട് ടോം നിറഞ്ഞു പുഞ്ചിരിച്ചു .,Happiness
"ഫ്രിഡ്ജിൽ നിന്ന് വരുന്ന ഉച്ചത്തിലുള്ള അസാധാരണമായ ശബ്ദങ്ങളിൽ എനിക്ക് നല്ല ആശങ്കയുണ്ട്, എന്തോ കാര്യമായ കേട് ഉണ്ടെന്ന് തോന്നുന്നു.",Fear
വൗ ! ഈ സ്ഥലം ഇത്ര നല്ലതാണെന്ന് ഞാൻ ഒരിക്കലും വിചാരിച്ചിരുന്നില്ല. വെബ്സൈറ്റിലെ ഫോട്ടോകളുമായി വച്ച് നോക്കുമ്പോ ഇത് വളരെ വ്യത്യാസമുണ്ട്.,Surprise
"നിൽക്കൂ, നീ ആ പുതിയ വൈറൽ വീഡിയോ കണ്ടോ? അത് എന്റെ കാലു വാരിക്കളഞ്ഞു.",Surprise
പുതിയ പ്രിൻസിപ്പൽ കഴിഞ്ഞ വർഷം റിട്ടേറായ ഞങ്ങളുടെ പ്രിയപ്പെട്ട ടീച്ചർ തന്നെയാണെന്ന് കണ്ടപ്പോ ഞങ്ങൾ അൽഭുതപ്പെട്ടു പോയി .,Surprise
ഇത്രയും വൃത്തിയുള്ള ഒരു ട്രെയിൻ ഞാൻ ഇതിനു മുമ്പ് കണ്ടിട്ടില്ല! ഈ ട്രെയിനിൽ എന്തൊരു വൃത്തിയാ !,Surprise
"വൈഫൈ കണക്റ്റുചെയ്യാൻ കഴിയാതെ ഞാൻ ഞെട്ടിപ്പോയി. ഇക്കാലത്ത്, സ്ഥിരതയുള്ള ഒരു കണക്ഷൻ ഇവിടെയില്ലല്ലോ!",Surprise
എന്താ ഇത്! ടിക്കറ്റ് അടുത്ത ദിവസത്തേക്ക് മാറ്റാൻ ബുക്കിംഗ് ക്ലർക്ക് മറന്നെന്നോ?,Surprise
ഇപ്രാവശ്യം എനിക്ക് ഒരു മിനിറ്റ് പോലും കാത്തിരിക്കേണ്ടി വന്നില്ല. എന്റെ റൈഡ് ബുക്കിംഗ് വളരെ പെട്ടന്ന് കൺഫേം ആയി !,Surprise
ആ പഞ്ചാബി സമ്മാനിച്ച യഥാർത്ഥ അമൃത്സരി കുൽച്ച എന്നെ നന്നെ സന്തോഷിപ്പിച്ചു.,Happiness
ഈ സങ്കീർണ്ണമായ പ്രൊജക്റ്റിനെക്കുറിച്ച് എനിക്കറിയാത്ത എന്തെങ്കിലും നിങ്ങൾക്കറിയാമോ എന്ന് എനിക്കറിയില്ല.,Fear
"സെക്കൻഡ് ഹാൻഡ് ബൈക്ക് വാങ്ങുന്നത് നല്ല കാര്യമാണെന്നാ ഞാൻ വിചാരിച്ചെ , പക്ഷേ അറ്റകുറ്റപ്പണികൾക്കായി ബൈക്കിന്റെ ഇരട്ടി വില എനിക്ക് കൊടുക്കേണ്ടി വന്നു .",Sadness
ചെറിയ കടയുടെ യൂസർ ഫ്രണ്ട്ലി ആയിട്ടുള്ള വെബ്സൈറ്റ് ഡിസൈൻ എന്നെ അത്ഭുതപ്പെടുത്തി.,Surprise
"ആരോഗ്യ കേന്ദ്രത്തിൽ പ്രത്യേക എം.ആർ.ഐ, സൗകര്യം ഇല്ലെന്നറിഞ്ഞപ്പോൾ ഞാൻ ഞെട്ടിപ്പോയി. ഇതുപോലൊരു സ്ഥലത്ത് എല്ലാ നൂതന സൗകര്യങ്ങളും ഉണ്ടായിരിക്കുമെന്നാ ഞാൻ കരുതിയേ.",Surprise
കോവിഡ് പ്രതിരോധ കുത്തിവയ്പ്പിന്റെ രണ്ടാമത്തെ ഡോസ് കൃത്യസമയത്ത്  ലഭിക്കാത്തോണ്ട് എന്റെ വിസ ക്യാൻസൽ ആയി.,Sadness
എന്റെ മെഡിക്കൽ ഇൻഷുറൻസ് പോളിസി ആയുർവേദ ചികിത്സ മുഴുവനും കവർ ചെയ്യുന്നത് വല്യ ആശ്വാസം തന്നെ.,Happiness
ക്ലോസ് ചെയ്യുന്നതിന് അഞ്ച് മിനിറ്റ് മുമ്പ് ബാങ്ക് ജീവനക്കാരൻ ബാങ്കിൽ നിന്ന് തള്ളി പുറത്താക്കിയത് എന്നെ ഞെട്ടിച്ചു.,Surprise
കേടുവന്ന ഭക്ഷണം വിൽക്കുന്നതുകൊണ്ട് ആ കടയിൽ നിന്ന് എന്തെങ്കിലും വാങ്ങാൻ എനിക്ക് പേടിയാണ്.,Fear
എന്തെങ്കിലും പ്രത്യേക ഡീൽ ഉടൻ വരുമോ എന്ന് ഞാൻ ചിന്തിച്ചു. എനിക്കും എന്റെ ഗ്യാസ് സിലിണ്ടറിനും ഒരു ചെറിയ ആഘോഷം ആവാം .,Surprise
ഇന്ത്യൻ സംഘത്തിന്റെ ചൊവ്വാ ദൗത്യം ശരിക്കും ശ്രദ്ധേയമായിരുന്നു.,Surprise
ആമസോണിൽ ഉൽപ്പന്നങ്ങളുടെ കൃത്യമായ വിവരണങ്ങൾ എന്നെ ആകർഷിച്ചു.,Surprise
"എന്റെ കാറിനെ ആകെ മാറ്റിമറിക്കുന്ന പരിഷ്കാരങ്ങൾക്കായി എനിക്ക് രസകരമായ ആശയങ്ങൾ ഉണ്ടായിരുന്നു, പക്ഷേ വില കേട്ടതിനുശേഷം, എന്റെ ആവേശമൊക്കെ പോയി നിരാശയായി മാറി.",Sadness
മറ്റുള്ളവരെ വഴിയിൽ തള്ളിമാറ്റുന്ന ഓട്ടക്കാരെ എനിക്ക് വെറുപ്പാണ്.,Anger
ഞാൻ ആ ജോലി ഉപേക്ഷിച്ചതിനുശേഷം എന്റെ മുൻപത്തെ ജോലിസ്ഥലത്ത് ആരും എന്നെ ശ്രദ്ധിക്കാത്തപ്പോൾ എനിക്ക് വിഷമവും ഏകാന്തതയും തോന്നി.,Sadness
എന്റെ ഓഹരികൾക്ക് വലിയ ഇടിവ് സംഭവിച്ചതോണ്ട് ഞാൻ വളരെ നിരാശനാ. ഞാൻ ഈ ഇൻവെസ്റ്റ്മെന്റില് വലിയ പ്രതീക്ഷ വച്ചിരുന്നു.,Sadness
"ഈ ഓട്ടോക്കാരൊക്കെ എവിടെ നോക്കിയാണാവോ വണ്ടി ഓടിക്കുന്നത്, തലനാരിഴക്കാണ് ഞാൻ രക്ഷപ്പെട്ടത്.",Anger
"മത്സരത്തിൽ ഒരു കമ്പ്യൂട്ടർ തന്നെ തോൽപ്പിച്ചേന് ""ഗോ"" എന്ന ഗെയിം കളിക്കുന്നത് ഉപേക്ഷിക്കാൻ ലീ സെഡോൾ തീരുമാനിച്ചു. അദ്ദേഹം ഒരു നല്ല കളിക്കാരനായിരുന്നു, അദ്ദേഹത്തിന്റെ കളികൾ കാണുന്നത് ഞാൻ മിസ് ചെയ്യാ.",Sadness
"യ്യോ, അമൃത്സറിലേക്കുള്ള ട്രെയിൻ മിസ്സായി. എനിക്ക് ഒരു പ്രധാന മീറ്റിംഗ് ഉണ്ടായിരുന്നു.",Sadness
"ഞങ്ങൾ എന്തായാലൂം നാളെ രാവിലെത്തന്നെ അവിടെ എത്തും, നിങ്ങൾക്ക് പരാതിപ്പെടാൻ ഒരു കാരണവുമുണ്ടാവില്ല, സത്യം.",Fear
കളിയിൽ ഉണ്ടായ അപ്രതീക്ഷിതമായ സംഭവങ്ങൾ എന്നെ അത്ഭുതപ്പെടുത്തി.,Surprise
നിങ്ങളുടെ വിരലിൽ പെയിന്റ് കലർത്തിട്ട് അത് നക്കണത് ഒന്ന് നിർത്തോ.,Disgust
"ഹേയ്, നിന്റെ പ്രതീക്ഷകൾക്ക് അനുസരിച്ച് നിനക്ക് താൽപ്പര്യമുള്ള ഒരു മേജർ ഞാൻ കണ്ടെത്തി .",Happiness
"ചികിത്സ കഴിഞ്ഞ് ഇരുപത്തിഒന്ന് ദിവസം പോരാ , നാല്പത്തിഅഞ്ച് ദിവസം വിശ്രമിക്കണം. ഇല്ലെങ്കിൽ കുഴപ്പാകുമേ.",Sadness
വാഷ് ചെയ്യുന്നതുമായി ബന്ധപ്പെട്ട് ഞാൻ നേരിട്ട പ്രശ്നങ്ങള് പറഞ്ഞാല് വിശ്വസിക്കില്ല.,Surprise
നീ എന്താ ദിവസം മുഴുവൻ സോഫയിൽ ഇരുന്ന് സിനിമകൾ കാണുന്നെ ? നിനക്ക് പുറത്തൊക്കെ പോയി ഒന്ന് കളിച്ചൂടെ?,Anger
ഒരു ബാറ്റ്മാൻ തീം കേക്കിനൊപ്പം അവരുടെ പിറന്നാള് ഇതിഹാസമാവും!,Surprise
"ഞങ്ങടെ തെരുവിലുള്ള എല്ലാവർക്കും കോവിഡ് ണയൻറ്റീൻ വന്നിട്ടുണ്ട് , അടുത്തന്നെ നമുക്കും അത് വരാൻ സാധ്യതയുണ്ട് .",Fear
നിങ്ങൾ ഈ ഭക്ഷണത്തിൽ നിറച്ചും മുളകുപൊടി ഇട്ടിട്ട് എന്റെ ബി.പി കൂടി.,Anger
വീണ്ടും ബസ് തകരാറിലായ വിവരം ഞങ്ങളെ വഴിയരികിൽ നിർത്തിക്കൊണ്ട് പറഞ്ഞപ്പോ കണ്ടക്ടറുടെ മുഖം വാടി .,Sadness
വിദ്യാഭ്യാസത്തിന്റെ പ്രാധാന്യത്തെക്കുറിച്ചോ അവരുടെ മാതാപിതാക്കൾ അവർക്കായി ചെലവഴിക്കുന്ന പണത്തെക്കുറിച്ചോ മനസ്സിലാക്കാത്ത ചെറുപ്പക്കാരോട് സംസാരിക്കുന്നത് എനിക്ക് തീരെ ഇഷ്ടമല്ല .,Disgust
ഞങ്ങളുടെ കുട്ടികൾ വളരെ ആലോചിച്ച് അവരുടെ അമ്മയ്ക്ക് ജന്മദിനത്തിൽ ഒരു ലാപ്ടോപ്പ് വാങ്ങികൊടുത്ത് അവരുടെ ആ ദിവസം സന്തോഷാക്കി.,Happiness
"റെസ്റ്റോറന്റ് സർവീസ് വളരെ മോശമായിരുന്നു. സർവീസ് ചെയ്യുന്നവർക്ക് ശ്രദ്ധയില്ല, ഓരോ ഐറ്റവും ഒത്തിരി താമസിച്ചാണ് എത്തുന്നത്.",Disgust
"കൊള്ളാം, ഈ റെന്റല് റെസിഡൻഷ്യൽ പ്രോപ്പട്ടിയുടെ വിശാലമായ വീട്ടുമുറ്റം ഞാൻ പ്രതീക്ഷിച്ചതിലുമൊക്കെ അപ്പുറത്താണ്!",Surprise
നമ്മുടെ സമുദ്രങ്ങളുടെ ആഴത്തെപ്പറ്റി ഞാൻ വല്ലാതെ അമ്പരന്നിരിക്കുകയാണ്!,Surprise
ഒരു കാരണവുമില്ലാതെ എന്നെ പുറത്താക്കിയാൽ മാനേജ്മെൻ്റിന് അതിന് മറുപടി പറയേണ്ടി വരും.,Anger
ധാരാളം മദ്യപിച്ചതിന് ശേഷം വീണ്ടും മദ്യപിക്കാൻ സമ്മതിക്കാത്തതുകൊണ്ട് നൈറ്റ് ക്ലബ്ബിൽവെച്ച് ആ യുവാവ് എന്റെ നേരെ തട്ടിക്കയറി.,Anger
ഈ സിനിമ കാണുമ്പോ എനിക്ക് ഭയങ്കര സന്തോഷാ. ഈ സിനിമയിൽ എന്റെ ഏറ്റവും ഇഷ്ടപ്പെട്ട ആക്ടേഴ്സ് ഉണ്ട്.,Happiness
കാർ കഴുകുന്ന സമയത്ത് എന്റെ സാധനങ്ങൾക്ക് കേടുപാട് പറ്റുമോ എന്തോ!,Fear
തിരുച്ചിയിലെ ചൂടുള്ള ഒരു ദിവസത്തിന്റെ അവസാനം മഴ പെയ്തപ്പോൾ എനിക്ക് നല്ല സുഖമായി.,Happiness
കുറെ വാങ്ങുമ്പോ ഡിസ്ക്കൗണ്ട് തന്ന് വിശ്വസ്ത ഉപഭോക്താവെന്ന നിലയിൽ ഇലക്ട്രിക്കൽ സ്റ്റോർ എനിക്ക് ക്രെഡിറ്റ് നൽകാത്തപ്പോൾ ഞാൻ അസ്വസ്ഥനായി.,Anger
ഞങ്ങൾ താമസിക്കുന്ന അപ്പാട്ട്മെന്റ് കോംപ്ലക്സിൽ ദിവസവും ധാരാളം കൊച്ചുകുട്ടികൾ കളിക്കുന്നതിനാൽ അത് വളരെ സജീവമാണ്.,Happiness
കൗൺസിലിംഗ് സമയത്ത് എന്റെ പോരാട്ടങ്ങളെക്കുറിച്ച് സംസാരിക്കുമ്പോൾ ഞാൻ തളർന്നുപോയി. അതെന്നെ കൂടുതൽ ദേഷ്യപ്പെടുത്തി.,Anger
സാധാരണക്കാരന് താങ്ങാൻ പറ്റാത്ത വിധം കമ്പനി മനപ്പൂർവ്വം മരുന്നിന്റെ വില വർദ്ധിപ്പിച്ചത് വെറുപ്പിക്കുന്നതാണ് .,Disgust
യു.എസ്സിൽ കുട്ടികൾ വെടിയേറ്റുമരിക്കുന്നത് കാണുമ്പോൾ എനിക്ക് സഹിക്കാൻ പറ്റണില്ല.,Anger
സൈക്കിൾ കടയിൽ എനിക്കിഷ്ടപ്പെട്ട ബൈക്കുകളുടെ വില നോക്കുമ്പോ എന്റെ ഹൃദയം പിടഞ്ഞു. ഡിസ്കൌണ്ട് ഒന്നുമില്ലതാനും.,Sadness
മാരത്തണിന് ശേഷമുള്ള സ്റ്റേഡിയത്തിന്റെ ഭീകരാവസ്ഥ എന്നെ ഞെട്ടിച്ചു.,Disgust
അങ്ങനെ ഒടുവിൽ ഈ സിനിമ കാണാൻ ഞാൻ വളരെ ത്രില്ലിലാ ! ആഴ്ചകളായി ഞാൻ അതിനു വേണ്ടി കാത്തിരിക്കുകയ്ക്കായിരുന്നു.,Happiness
നിന്റെ സത്യസന്ധതയില്ലായ്മയും ബഹുമാനക്കുറവും എന്നെ വെറുപ്പിച്ചു.,Disgust
പ്രശ്നത്തിലായ പ്രൊജക്റ്റിനെ സഹായിക്കാൻ സി. ഇ. ഒ.  എത്തുന്നതായി എനിക്കറിയില്ലായിരുന്നു.,Surprise
നിങ്ങൾ മറ്റൊരു ബെഡ്റൂമിൽ ആയിരുന്നപ്പോ ആളുകൾ വേറൊരു ബെഡ്റൂമിൽ നിന്ന് മോഷ്ടിക്കുന്നത് നിങ്ങളുടെ ശ്രദ്ധയിൽ പെട്ടില്ലേ ?,Surprise
പുതിയ സ്പൈഡർമാൻ സിനിമ അവനെ ആവേശം കൊള്ളിച്ചുവെന്നാണ് എന്റെ മകൻ പറയുന്നത്.,Happiness
"യ്യോ, നിങ്ങൾ ഉപയോഗിക്കുന്ന ഈ ക്ളീനിംഗ് പ്രോഡക്ട്സിനൊന്നും ക്വാളിറ്റിയേ ഇല്ല .",Fear
"ജനങ്ങളുടെ നല്ല വാർത്തകളും, നേട്ടങ്ങളും മാത്രം പ്രസിദ്ധീകരിക്കുന്ന വെബ്സൈറ്റുകൾ ഏതെങ്കിലും ഉണ്ടോ?",Surprise
"കത്ത് തരാൻ നിങ്ങൾ ഇന്നലെ മൂന്ന് തവണ വീട്ടിൽ വന്നെണോ? കഴിഞ്ഞ രണ്ട് ദിവസമായി ഞാൻ ദിവസം മുഴുവൻ വീട്ടിലുണ്ടായിരുന്നു , ഈ ഡോക്യുമെന്റ് നഷ്ടപ്പെടാൻ ഞാൻ ആഗ്രഹിക്കുന്നില്ല.",Fear
ഈ ഇലക്ട്രിക് കുക്കറിന്റെ സവിശേഷതകൾ എന്നെ ആകർഷിച്ചു!,Surprise
"ഞാൻ ആ പെയിന്റിംഗിന് വേണ്ടീട്ട് അഞ്ച് ആഴ്ച ചെലവഴിച്ചതാ, പക്ഷേ എന്റെ അനിയൻ അതിൽ കാപ്പി ഒഴിച്ചു. എന്റെ കഠിനാധ്വാനം ഒക്കെ വെറുതെയായി.",Sadness
"എല്ലാവരും ഇതുവരെ എനിക്ക് നല്ല ഫീഡ്ബാക്ക് നൽകിയിട്ടുണ്ട്, നിങ്ങളിൽ നിന്നും ഞാൻ അത് തന്നെയാ പ്രതീക്ഷിച്ചത്.",Surprise
ഇത് ഒരു നിയമാനുസൃത ഷോറൂം പോലെ തോന്നുന്നില്ല. കാർ വാങ്ങാൻ ഡീലർ ഞങ്ങളെ ഭീഷണിപ്പെടുത്തുന്നത് എന്തിനാ ?,Fear
"പരാതികൾ പരിഹരിക്കുക മാത്രമല്ല, ജില്ലയിലെ മികച്ച ഓഫീസ് ആക്കിക്കൊണ്ട് സൂപ്പർവൈസർ അപ്രതീക്ഷിതമായി ക്ലയന്റ് ഓഫീസിലെ സ്ഥിതിഗതികൾ മാറ്റിമറിച്ചു.",Surprise
എയർ ഇന്ത്യ വിമാനത്തിലെ വൃത്തിയില്ലാത്ത ടോയ്ലറ്റിന്റെ അടുത്തുകൂടെ കടന്നുപോയപ്പോ എനിക്ക് അറപ്പ് തോന്നി .,Disgust
കാസ്റ്റിംഗ് ഡയറക്ടർ എന്റെ ഓഡിഷൻ പോലും എടുക്കാതെ ചിത്രത്തിലെ പ്രധാന റോൾ എനിക്ക് നൽകിയപ്പോൾ ഞാൻ ഞെട്ടിപ്പോയി.,Surprise
അവർ എന്തിനാ അച്ചാറിന്റെ അടുത്ത് ഡയപ്പറുകൾ സൂക്ഷിക്കുന്നത്?,Disgust
"എന്റെ ബെസ്റ്റ് ഫ്രണ്ട് മറ്റൊരു രാജ്യത്തേക്ക് താമസം മാറി, ഇന്നലെ സ്കൂൾ വിട്ടുപോയി .",Sadness
"ബ്രേക്ക് വർക്ക് ചെയ്യണില്ല, ഞാനിപ്പോ എന്താ ചെയ്യാ?",Fear
അയാള് എന്നെ വീട്ടിൽ നിന്ന് കൊണ്ടുപോകാൻ ഒരു കാർ അയച്ചപ്പോ ആശ്ചര്യം കൊണ്ട് എന്റെ കണ്ണ് തള്ളിപ്പോയി.,Surprise
"ഹലോ, ഞാൻ നിങ്ങളിൽ നിന്ന് ധാരാളം ലാപ്ടോപ്പുകൾ വാങ്ങുന്നുണ്ടല്ലോ. എന്റെ ബിസിനസ്സ് മറ്റെവിടെയെങ്കിലും ആക്കണെമന്ന് നിങ്ങൾക്ക് ആഗ്രഹമുണ്ടോ?",Anger
ഈ കടയിൽ എങ്ങനെയാ ഒരു സാധനം തിരയുക? കസ്റ്റമേഴ്സിനൊക്കെ പ്രാന്ത് പിടിക്കും.,Disgust
ആരെയും അറിയിക്കാതെ നീയെന്തിനാ പ്രൊജക്റ്റിൻ്റെ ഡെഡ്ലൈൻ മാറ്റിയെ? എനിക്ക് വിശ്വസിക്കാൻ കഴിയുന്നില്ല.,Anger
എന്റെ പ്രതീക്ഷകൾക്ക് അനുസരിച്ചുള്ള ഫർണിച്ചറുകൾ കിട്ടുമോ എന്ന് എനിക്ക് നല്ല ആശങ്കയുണ്ട്.,Fear
ഈ സിംപിൾ ആയിട്ടുള്ള അപേക്ഷാ ഫോമുകൾ ശരിയായി പൂരിപ്പിക്കാൻ എജുക്കേറ്റഡ് ആയ കസ്റ്റേഴ്സിനു കഴിയാത്തതെന്താണപ്പാ!,Disgust
നിങ്ങളുടെ ജീവനക്കാരന്റെ പെരുമാറ്റം എന്തിനു കൊള്ളാം.,Anger
ചികിത്സയ്ക്ക് ശേഷം എനിക്ക് നല്ല ആശ്വാസവും സന്തോഷവും തോന്നുന്നുണ്ട്.,Happiness
മാരത്തൺ മത്സരത്തിന് ശേഷം ബെസന്റ് നഗർ ബീച്ചിൽ മാലിന്യം നിറയുന്നത് കണ്ടപ്പോ നിരാശ തോന്നി.,Sadness
ഇന്ന് നിങ്ങളുടെ ബാങ്ക് അക്കൗണ്ട് ഓപ്പൺ കഴിയില്ല. അസൗകര്യമുണ്ടായതിൽ ഞാൻ ക്ഷമ ചോദിക്കുന്നു.,Sadness
"ആധുനിക ഉപകരണങ്ങളുള്ള ഒരു അടുക്കളയും എന്റെ പാചക പരീക്ഷണങ്ങൾക്കായി കുറെ സ്ഥലവും ഒക്കെ ഞാൻ പ്രതീക്ഷിച്ചതാ , പക്ഷേ മിക്ക വാടക സ്ഥലങ്ങളും എന്നെ നിരാശപ്പെടുത്തി.",Sadness
ഒരു മഴയുള്ള ദിവസം ഒരു ചെറിയ ജനക്കൂട്ടത്തിന് മുന്നിൽ അദ്ദേഹം ഒരു ലോക റെക്കോർഡ് തിരുത്തിയതായി കേട്ടപ്പോൾ എനിക്ക് അത്ഭുതമായി.,Surprise
എന്തെങ്കിലും അസംതൃപ്തി ഉണ്ടായതിൽ ഞാൻ ക്ഷമ ചോദിക്കുന്നു.,Sadness
ഇവിടെ എന്റെ ഇഷ്ടപ്പെട്ട ഭക്ഷണം ഇല്ലാത്തോണ്ട് ഞാൻ നിരാശയോടെ ഇവിടുന്നു പോവാ.,Sadness
"ശ്ശേ, നമ്മൾ കാണണം എന്ന് വിചാരിച്ച് പ്ലാൻ ചെയ്ത ആ നാട്ടുവിഷയങ്ങൾ ഒന്നും നമുക്ക് കാണാൻ പറ്റിയില്ലലോ .",Sadness
"വൗ, എന്റെ പുതിയ വീടിന് ഇലക്ട്രിക്കൽ ഫിറ്റിംഗ് റേഞ്ച് കിട്ടുമെന്ന് ഞാൻ പ്രതീക്ഷിച്ചില്ല പുതിയ ഓപ്ഷനുകൾ എത്രയാണ്!",Surprise
നാളെ പരീക്ഷയുണ്ടായിട്ടാണോ നീ ഇങ്ങനെ ഇരുന്ന് വീഡിയോ ഗെയിം കളിക്കണത്?,Anger
ആളുകളുടെ സ്വകാര്യതയെ ആക്രമിക്കുകയും അവരുടെ വിവരങ്ങൾ മോഷ്ടിക്കുകയും ചെയ്യാമെന്ന് ഈ ഹാക്കർമാർ കരുതുന്നത് എന്തൊരു കഷ്ടമാണ്! ഇത് അധികാരത്തിന്റെ നഗ്നമായ ദുരുപയോഗമാണ്.,Anger
"ഇന്കം ടാക്സ് ഓഫീസിന്ന് എന്ത് ഇമെയിലോ കത്തോ വന്നാലും, അവർ ഇനീം പൈസ ചോദിക്ക്യാണോ കരുതി എന്റെ ഹൃദയമിടിപ്പ് കൂടും.",Fear
ഞാൻ വരുത്തുന്ന തെറ്റുകളിൽ എന്നെ സഹായിക്കാൻ വേണ്ടത്ര ക്ഷമയില്ലാത്ത വനിതാ ഡ്രൈവിംഗ് ഇൻസ്ട്രക്ടറോട് എനിക്ക് ദേഷ്യം വന്നു .,Anger
നിങ്ങളുടെ തെറ്റിന് എന്റെ കയ്യിന്ന് ഒരു ഫീസ് ഈടാക്കണത് എനിക്ക് വിശ്വസിക്കാൻ കഴിയുന്നില്ല. അത് ശരിയായ ഒരു കാര്യമല്ല .,Disgust
എന്റെ പുതിയ വീടിനായുള്ള ഈ വയറുകളുടെ ക്വാളിറ്റി എന്നെ ശരിക്കും അത്ഭുതപ്പെടുത്തി . ഇത്രയും വ്യത്യാസം ഉണ്ടാകുമെന്ന് ഞാൻ വിചാരിച്ചിരുന്നേയില്ല!,Surprise
"പണ്ടൊക്കെ എനിക്ക് പത്ത് മൈൽ നീന്താൻ കഴിയായിരുന്നു, എന്നാ ഇപ്പോ ഒരു മൈൽ കഴിഞ്ഞപ്പഴക്കും ഞാൻ ക്ഷീണിച്ചു.",Sadness
ശാലിനി നീ എന്താ എന്റെ നികുതി അടയ്ക്കാൻ മറന്നത്? അത് ചെയ്യാൻ ഇന്നലെ ഞാൻ നിന്നോട് പറഞ്ഞതല്ലേ ?,Anger
"എന്റെ മനസ്സ് കൈവിട്ട് പോകുന്നു, അല്ലാത്തപക്ഷം, നിങ്ങൾ സംസാരിക്കുമ്പോൾ എനിക്ക് ശ്രദ്ധിക്കാൻ കഴിയാത്തത് എന്താ?",Fear
പ്രത്യേകിച്ചും നിങ്ങൾക്ക് വേറെ പ്ലാൻസ് ഉണ്ടായിരുന്നപ്പോൾ കാർ കേടുവന്നത് വളരെ കഷ്ടമായിപ്പോയി.,Sadness
"ടാക്സ് ഫയലിങ് അത്ര എളുപ്പമുള്ള സംഭവമല്ല , എനിക്ക് ഭ്രാന്ത് പിടിക്കാൻ തുടങ്ങിയിരിക്കുന്നു!",Anger
"എൻ്റെ കാല് നോക്കാൻ മെയിൻ ഡോക്ടറെ തന്നെ കിട്ടും എന്നായിരുന്നു ഞാൻ വിചാരിച്ചത്, പക്ഷെ നടന്നില്ല.",Sadness
മാറ്റുന്നതിനുപകരം നന്നാക്കാനുള്ള മെക്കാനിക്കിന്റെ സമീപനത്തിൽ എനിക്ക് നല്ല മതിപ്പുണ്ട്. അത് നന്നായി .,Happiness
"ഞാൻ കുറെ പൈസ മുടക്കി കഷ്ടപെട്ടിട്ടാ സ്റ്റേഡിയത്തിൽ എത്തിയത്, സി.എസ്.കെ. ടീം മത്സരം തോറ്റപ്പോ എനിക്ക് കടുപ്പായി.",Anger
എനിക്ക് കറുത്ത നിറത്തിലുള്ള ഏറ്റവും പുതിയ മോഡൽ വേണായിരുന്നു. നിങ്ങൾ എന്തിനാ ഈ പഴയ മഞ്ഞ കാർ എനിക്ക് വിൽക്കുന്നെ ?,Anger
"നിങ്ങൾക്കീ വിഷയത്തെപ്പറ്റി ഒന്നും അറിയില്ല, പാനൽ ചർച്ചയിലെ പാനലിസ്റ്റ് മറ്റെ പാനലിസ്റ്റിനോട് ഉറക്കെ പറഞ്ഞു. ""നിങ്ങൾ പറയുന്നതില് എന്തെങ്കിലും അർത്ഥണ്ടോ""",Anger
"മ്യൂസിക് ടീച്ചറിന് അച്ചടക്കം നിർബന്ധമാണ്, താൻ മാറുന്നില്ലെങ്കിൽ ഒരു വിദ്യാർത്ഥിക്ക് ഒരു നല്ല അധ്യാപകനെ നഷ്ടപ്പെടും കേട്ടോ.",Fear
പുസ്തക വിൽപ്പനക്കാരന് എന്റെ പഴയ പുസ്തകങ്ങൾ വാങ്ങാൻ താൽപ്പര്യമുണ്ടായിരുന്നതിൽ എനിക്ക് ആശ്വാസം തോന്നി. അവസാനം അവ പുതിയ വായനക്കാരെ കണ്ടെത്തും.,Happiness
"എത്ര കാശാണ് വീട്ടിൽ റിപ്പയറിങ്ങിനും മറ്റുമായി ചെലവാക്കുന്നത്, ഉള്ള കാശ് മുഴുവൻ അവിടെത്തന്നെ തീരുന്നു.",Sadness
രാവിലെ വ്യായാമം ചെയ്തു കഴിയുമ്പോ എന്ത് സുഖാ!,Happiness
ഒരു മോഡുലാർ കിച്ചണിലേക്ക് നിങ്ങൾ താല്പര്യം കാണിച്ചുവെന്നത് തികച്ചും അത്ഭുതം തന്നെ .,Surprise
ഒരിക്കലുമില്ല ! ഈ ഗാഡ്ജെറ്റിന് വിദേശ ഭാഷകൾ തത്സമയം വിവർത്തനം ചെയ്യാനാകുമെന്നോ ?,Surprise
മരിച്ചുപോയ ഭർത്താവിന്റെ ജന്മദിനത്തിൽ അദ്ദേഹത്തെ ഓർത്ത് അവൾക്ക് സങ്കടം സഹിക്കാൻ കഴിഞ്ഞില്ല.,Sadness
"മേലാൽ ഇതുപോലെ അമിതവേഗത്തിൽ കാർ ഓടിക്കരുത്, മനസ്സിലായോ?",Anger
ഞാൻ നോക്കിയ ഡേറ്റിനുള്ള ടിക്കറ്റുകൾ കിട്ടിയേയില്ല.,Sadness
ആ വൃത്തികെട്ട മനുഷ്യരെ സൂക്ഷിക്കണം. അവർക്ക് നമ്മടെ ആഭരണങ്ങൾ മോഷ്ടിക്കണം എന്നുണ്ടന്ന് എനിക്ക് തോന്നാ.,Fear
ശ്രമിക്കുന്ന ഉപഭോക്താക്കളെ സ്റ്റോർ നിരുത്സാഹപ്പെടുത്തുന്നതു കൊണ്ട് കസ്റ്റമേഴ്സിന് റീഫണ്ട് കിട്ടുന്നില്ല.,Disgust
എൽ.ജി.ബി.ടി.ക്യു.പ്ലസ് അവകാശങ്ങളുടെ പിൻവലിക്കലിന് സാക്ഷ്യം വഹിക്കുന്നത് പ്രകോപനകരമാണ്.,Anger
"ഇന്ത്യൻ നാവികസേനയിലെ ഒരാൾ ഒറ്റയ്ക്ക് ലോകം മുഴുവൻ പായ്ക്കപ്പലിൽ സഞ്ചരിച്ചു, അദ്ദേഹത്തെ സമ്മതിക്കുക തന്നെ വേണം!",Surprise
എന്റെ സ്വന്തം ബിസിനസ് ആലോചിക്കാതെ ഇവിടെ ഒരു സ്റ്റാൾ വെക്കാൻ എന്റെ അനുവാദം വാങ്ങുന്നതിനെക്കുറിച്ച് നിങ്ങൾ ചിന്തിക്കുന്നുവെന്നത് എന്നെ ഞെട്ടിച്ചു.,Surprise
"സെക്കൻഡ് ഹാൻഡ് ബുക്ക് വിൽക്കുമെന്ന് എന്റെ സുഹൃത്ത് പറഞ്ഞ കടയാണിത്, പക്ഷേ അവർ ഇവിടെ വിൽക്കുന്നില്ലെന്ന് പറയുന്നു.",Sadness
"എന്റെ വരുമാന സ്രോതസ്സുകളുടെ അപകടസാധ്യതകളും, അനിശ്ചിതത്വങ്ങളും ഒരുപാടാണ്.",Fear
വൗ ! നിങ്ങടെ പണി സൂപ്പറായി. കാർ ഇപ്പോ പുതിയതു പോലെയുണ്ട് !,Surprise
"ഈ സ്റ്റാൻഡിലെ എല്ലാ ഓട്ടോ ഡ്രൈവർമാരും ഒരു ചോദ്യവും ചോദിക്കാതെ എന്നെ വീട്ടിലേക്ക് കൊണ്ടുപോയിരുന്നതാ , അതോണ്ട് നിങ്ങൾ പറ്റില്ലാന്ന് പറയുമ്പോ എനിക്ക് ഭയങ്കര അതിശയം !",Surprise
"കുറച്ച് ദിവസങ്ങൾ കഴിഞപ്പോ ഭയങ്കര വേദനയായി, പിന്നെ അത് പെട്ടെന്ന് കുറഞ്ഞു, പിന്നെ മുഴുവൻ മാറിയെന്നേ!",Surprise
ചിത്രത്തിൽ കുറെ ട്വിസ്റ്റുകൾ ഉണ്ടായിരുന്നു! അതെല്ലാം വരുന്നത് ഞാൻ മുൻകൂട്ടി കണ്ടതേയില്ല.,Surprise
"യു.എസി.ലെ എന്റെ ഫ്രണ്ടിന്റെ ഇ. വി .കാറിലെ യാത്ര വളരെ മനോഹരമായിരുന്നു, സ്വപ്നതുല്യമായിരുന്നു.",Happiness
സഹായിക്കാൻ ആരുമില്ലാതെ കള്ളന്മാർ ആക്രമിക്കാൻ സാധ്യതയുള്ള ഒരു വിദൂര ക്യാബിനിൽ താമസിക്കുന്നത് എനിക്ക് വളരെ അസ്വസ്ഥമായിരുന്നു.,Fear
ഈ പ്രദേശത്ത് കുറ്റകൃത്യങ്ങളുടെ നിരക്ക് വളരെ കുറവാണല്ലോ! ഇത്രയും മനോഹരമായ ഒരു വാടക വീട് കിട്ടിയത് വലിയ ആശ്വാസമാണ്.,Surprise
ആ ബസ് വരുന്നത് കണ്ടപ്പോ എനിക്ക് ആകെ നിരാശയായി . ഇനി ഞാൻ എപ്പോഴാ മടങ്ങി വരാന്ന് അറിയില്ല.,Sadness
"ഒരു വനിതാ ഇൻസ്ട്രക്ടറിൽ നിന്ന് പഠിക്കുന്നത് അത്ര സുഖകരമാണെന്ന് ഞാൻ ഒരിക്കലും വിചാരിച്ചിരുന്നില്ല, പക്ഷേ അവരുടെ ക്ഷമയും അറിവുമൊക്കെ പറഞ്ഞറിയിക്കാൻ പറ്റില്ല.",Surprise
ഓഗസ്റ്റ് പതിനഞ്ചിന് ചെന്നൈയിൽ നിന്ന് ഡൽഹിയിലേക്കുള്ള ഒരു ട്രെയിനിലും ടിക്കറ്റ് ഇല്ലാ എന്നറിഞ്ഞപ്പോൾ എൻ്റെ എല്ലാ മൂഡും പോയി.,Sadness
കബോഡ് ഓപ്ഷനുകൾ ചർച്ച ചെയ്യുന്നതായിട്ട് കാര്യമില്ലാ എന്നാ തോന്നുന്നേ.,Fear
"തക്കാളിക്കൊക്കെ ഇപ്പോൾ നല്ല ഡിമാൻഡ് അല്ലേ, മാർക്കറ്റിലേക്കുള്ള വഴിയിൽ ആരെങ്കിലും കൊള്ളയടിക്കുമോ എന്നാണ് എൻ്റെ ടെൻഷൻ.",Fear
ഞങ്ങളുടെ ഏറ്റവും പുതിയ ഉൽപ്പന്നത്തെക്കുറിച്ച് ഉപഭോക്താക്കളിൽ നിന്ന് നല്ല ഫീഡ്ബാക്കൊന്നും കിട്ടാത്തതുകൊണ്ട് ലേശം മൂഡോഫിലാണ് ഞാൻ.,Sadness
"ഒരു പ്രാദേശിക ബിസിനസ്സിൽ നിന്ന് ബൾക്ക് ഓഡർ ലഭിക്കുകയും, ദീർഘകാലത്തേക്ക് കരാർ ഒപ്പിടുകയും ചെയ്തിട്ടുണ്ട്.",Happiness
"എന്റെ അച്ഛനെന്ന നിലയിൽ, നിങ്ങൾ മുൻപൊന്നും എനിക്കുവേണ്ടി ഉണ്ടായിരുന്നില്ല. ഇത്രയും വർഷങ്ങൾക്ക് ശേഷം നിങ്ങൾ എന്തിനാ ഇപ്പോ വന്നിരിക്കുന്നെ?",Surprise
മോഡുലാർ കിച്ചൺ ഇത്രയേറെ ശ്രദ്ധയോടെ ഡിസൈൻ ചെയ്യപ്പെടുമെന്ന് ഞാൻ ഒരിക്കലും പ്രതീക്ഷിച്ചിരുന്നില്ല! ഞാൻ വിചാരിച്ചതിലും അപ്പുറത്താണ് ഇത് .,Surprise
കഴിഞ്ഞ വെള്ളിയാഴ്ച സ്റ്റോറിൽ ചില ഡിസ്കൗണ്ട് വിൽപ്പന നടക്കുന്നുണ്ടെന്ന് ഞാൻ കണ്ടു. അതിപ്പോഴും ഉണ്ടോയെന്തോ!,Fear
വൗ ! ഒരു മാസത്തിൽ ഏകദേശം പതിമൂന്ന് ലക്ഷം കോടി രൂപ വില വരുന്ന എണ്ണൂറ് കോടി ഇടപാടുകൾ യു.പി.ഐ. കൈകാര്യം ചെയ്യുന്നുണ്ട് .,Surprise
"നിങ്ങൾ എന്തു ചെയ്തതാന്ന് എനിക്കറിയില്ല, പക്ഷേ ആ ചവച്ച പേന കണ്ടാ മതിയല്ലോ.",Disgust
"കൃഷിയ്ക്ക് ആവശ്യമായ വിവിധ ഉപകരണങ്ങൾ എന്നെ അമ്പരപ്പിച്ചു. ഞാൻ ഉദ്ദേശിച്ചത്, ഇത്രയും ടൈപ്പ് മൺവെട്ടി ഉണ്ടെന്ന് ആർക്കറിയാമായിരുന്നു?",Surprise
ആഴ്ചയിൽ ഏഴ് ദിവസവും ഇടവേളയില്ലാതെ ജോലി ചെയ്ത് ഞാനാകെ ക്ഷീണിച്ചു പോയി.,Sadness
അനാവശ്യമായ ബാങ്ക് ഫീസുകൾക്കായി എത്ര പൈസയാ വേസ്റ്റ് ആക്കണേന്ന് മനുഷ്യർക്ക് അറിയില്ല..,Surprise
എന്റെ മൈക്രോവേവ് ഓഡറിനൊപ്പം മനോഹരമായ ഒരു സമ്മാനം ലഭിച്ചപ്പോ എനിക്ക് അൽഭുതമായി.,Surprise
പ്രൊജക്റ്റ് നന്നായി ചെയ്യാൻ പറ്റാത്തതിനെത്തുടർന്ന് ലീഡർഷിപ് ടീം എന്റെ ഭാവി തീരുമാനിക്കുന്നതിനാൽ ഞാൻ കോൺഫറൻസ് റൂമിന് പുറത്ത് അസ്വസ്ഥനായി ഇരിക്കുകാ.,Fear
നഗരത്തിൽ കലാപമുണ്ടാക്കുന്ന ആൾകൂട്ടത്തിന്റെ ശബ്ദം അടുക്കുംതോറും എന്റെ കൈകളെല്ലാം വിറയ്ക്കാൻ തുടങ്ങി.,Fear
"ഹോസ്റ്റലില്‍ എന്നും രാവിലെ ഉപ്പുമാവ് ആണ്, കഴിച്ച് മടുത്തു.",Disgust
"അപ്പന്റെ ഗുണം തന്നെ! സർ, ദയവായി പൊതുസ്ഥലത്ത് നിങ്ങളുടെ വിരൽ മൂക്കിലിടുന്നത് നിർത്തൂ.",Disgust
"സിഗ്നലിൽ വച്ച് എന്റെ ഓട്ടോയെ വെട്ടിക്കുകയും,ലൈറ്റ് ചുവപ്പാകുന്നതിന് മുമ്പ് എന്നെ പോകാൻ സമ്മതിക്കാതിരിക്കുകയും ചെയ്ത കാർ ഡ്രൈവറോട് ഞാനെന്താ ചിരിച്ചുകാണിക്കണോ?",Anger
തുടർച്ചയായി അഞ്ച് വർഷം പ്രമോഷൻ തരാതെ കഴിഞ്ഞ വർഷവും ലീഡർഷിപ്പ് എന്നെ അവഗണിച്ചപ്പോ എനിക്ക് ദേഷ്യം സഹിക്കാൻ പറ്റിയില്ല.,Anger
ഓരോ മാസവും ഞാൻ എത്രയാ വാടക കൊടുക്കുന്നേന്ന് ആലോചിക്കുമ്പോൾ തന്നെ സഹിക്കാന് വയ്യ.,Sadness
ഒരു വിദേശ പര്യടനം കഴിഞ്ഞ് മടങ്ങിയെത്തിയ ശേഷം ഇന്ത്യയിലെ എന്റെ പാസ്പോട്ട് കാണാതെപോയി.,Sadness
"രണ്ടാമതൊരു വരുമാനം വാഗ്ദാനം ചെയ്തിട്ടാണ് ഈ ആംവേ ഒക്കെ ആളെ കൂട്ടുന്നത്, ഓരോരോ തട്ടിപ്പുകൾ!",Disgust
കെട്ടിടനിർമ്മാണ അസോസിയേഷൻ ഫണ്ട് കണ്ടമാനം ദുരുപയോഗം ചെയ്യുകാ.,Anger
സത്യത്തില് അവർ ഇത്രയും മികവ് പുലർത്തുമെന്ന് ഞാൻ പ്രതീക്ഷിച്ചതേയില്ല.,Surprise
"ഞാൻ ആ അണ്ണാന്മാരുടെ അടുത്തേക്ക് പോകുന്നില്ല, കാരണം അവ പെട്ടന്ന് കടിക്കുകയും, മാന്തുകയും ഒക്കെ ചെയ്യും.",Fear
ഞാൻ ഫ്രീസർ തുറന്ന് അവിടെ ഒരു വാട്ടർ പാർക്ക് കണ്ടപ്പോൾ നിങ്ങൾ എന്റെ മുഖം ഒന്ന് കാണേണ്ടതായിരുന്നു. ഫ്രിഡ്ജിന് എന്തായാലും സർവീസ് വേണം.,Surprise
തറയിൽ ഉടനീളം നിറയെ മുടി . അത് കാണുമ്പോ എനിയ്ക്ക് ഛർദ്ദിക്കാൻ വരുന്നു.,Disgust
കസ്റ്റമറിന്റെ ആത്മവിശ്വാസം കുറയുന്നത് എന്നെ വിഷമിപ്പിക്കുന്നു.,Fear
ഹോചിമിൻ നഗരത്തിലെ സ്ട്രീറ്റ് മാർക്കറ്റുകൾ ഷോപ്പർമാരുടെ ഒരു പറുദീസയാണ്.,Happiness
ക്ലബ് മഹീന്ദ്ര റിസോട്ടുകളിലെ അംഗങ്ങൾക്കുള്ള പ്രത്യേക ഡിസ്കൗണ്ട് അടിപൊളിയാ.,Surprise
"ഫിറ്റ്നസിൽ നിങ്ങൾക്ക് എന്താണ് വേണ്ടതെന്ന് ഒരു ഫിറ്റ്നസ് ട്രെയിനറോട് സംസാരിച്ചിട്ടു കൂടി ഇല്ല ,പിന്നെ എന്തിനാ നിങ്ങൾ ഇങ്ങനെ കിടന്ന് പെടയ്ക്കുന്നെ ?",Anger
"ബസ് ദിനത്തെക്കുറിച്ച് കേട്ടപ്പോൾ ഞാൻ ഞെട്ടിപ്പോയി, എന്തിനാ വിദ്യാർത്ഥികൾ ഇങ്ങനെയൊരു ദിവസം ആഘോഷിക്കുന്നതെന്ന് അറിയില്ല.",Surprise
"എനിക്ക് പെൻഷനോ ഗ്രാറ്റുവിറ്റിയോ കിട്ടുന്നില്ല, എന്റെ വയസ്സുകാലം എങ്ങനെ മാനേജ് ചെയ്യുമെന്ന് ഒരു എത്തും പിടീം കിട്ടണില്ലാ .",Fear
ലോകകപ്പിലെ ആദ്യ മത്സരത്തിൽ കാമറൂണിനോട് അർജന്റീന തോൽക്കുമെന്ന് ഞാൻ ഒട്ടും പ്രതീക്ഷിച്ചില്ല.,Surprise
വെറും പത്ത് അടി അകലെ നിന്നാ ഫ്രഞ്ച് കളിക്കാർ എനിക്ക് നേരെ പന്ത് ആഞ്ഞടിച്ചത്.,Fear
"ഞാൻ പൊതി തുറന്നപ്പോൾ, എന്റെ കയ്യിൽ എത്തുന്നതിന് മുമ്പ് തന്നെ അതിൽ കൃത്രിമം നടന്നിട്ടുണ്ടെന്ന് മനസ്സിലാക്കിയപ്പോൾ എനിക്ക് വെറുപ്പ് തോന്നി.",Disgust
ഇന്ന് സ്റ്റോക്ക് മാർക്കറ്റ് നല്ല പ്രകടനമാ കാഴ്ചവെക്കുന്നെ.,Happiness
സ്കൂൾ കഴിഞ്ഞ് ഞാൻ ആഗ്രഹിക്കുന്ന യൂണിവേഴ്സിറ്റിയിൽ ചേരാൻ പറ്റില്ലെന്ന് എനിക്ക് ആശങ്കയുണ്ട്.,Fear
ഭ്രാന്തി. നിന്റെ റാക്കറ്റ് മുറുകെ പിടിക്കൂ . ഞാൻ നിന്നെ പഠിപ്പിച്ചത് ഓർമ്മയില്ലേ.,Anger
ഞാൻ ക്ഷീണിച്ചിരിക്കാ. പക്ഷെ നിങ്ങൾക്ക് അവസാനമായി ഒരു അവസരം കൂടി തരാം.,Sadness
ഈ ഗെയിമിൽ വെറും വയലൻസാ ഉള്ളത് . പിന്നെ എന്തിനാ ആരെങ്കിലും ഇത് കളിക്കുന്നേ ?,Disgust
"എന്റെ ഒരു ചോട് തെറ്റിയാല്, ഈ മലഞ്ചെരിവിൽ നിന്ന് വീണു ഞാൻ തട്ടിപ്പോകാം.",Fear
"ഇത് എന്ത് ഡിസൈനാണ് ഈ സാല്‍വാറിന്റേത്, ഇതെങ്ങനെ ധരിച്ച് നടക്കും?",Disgust
കട തുറക്കുമെന്ന് കടയുടമ പറഞ്ഞ കൊണ്ട് ഞാൻ നൂറ് മൈലോളം വണ്ടിയോടിച്ച് ചെന്നപ്പോ കടയടവ്. അത് കണ്ടപ്പോഴേക്കും എനിക്ക് തരിച്ചു കേറി വന്നു.,Anger
ഷോപ്പിംഗിന് വേറെ സമയമില്ലാത്തകൊണ്ട് വീക്എൻഡിൽ കട അടച്ചിട്ടിരിക്കുകയാണെന്ന് ലണ്ടനിലെ കടയുടമ എന്നോട് പറഞ്ഞപ്പോൾ ഞാൻ ഞെട്ടിപ്പോയി.,Surprise
ഈ വർഷം ചെലവഴിക്കാൻ മാത്രമുള്ള പണം എന്റെ കൈയിൽ ഉണ്ടാവില്ല.,Fear
"ഈ വിഷയം എനിക്ക് ഇഷ്ടമല്ല, അതുമായി ബന്ധപ്പെട്ട പുസ്തകങ്ങൾ വായിക്കുന്നതേ ഓർക്കാൻ വയ്യ.",Fear
അടുത്തുള്ള ബേക്കറിയിൽ ഉള്ള ഈ ക്രോസ്സൻ് അത്രക്കും സൂപ്പർ ആണ് .,Happiness
കനത്ത മഞ്ഞുവീഴ്ചയുള്ളപ്പോൾ അർദ്ധരാത്രിയിൽ ഒരു ചെറിയ യു.എസ്. ടൗണിലേക്ക് പോകാൻ പബ്ലിക് ട്രാൻസ്പോട്ട് എടുക്കുന്നത് എനിക്ക് അത്ര നല്ലതായി തോന്നുന്നില്ല.,Fear
മൃദുഭാഷിയാണെന്ന് കരുതിയ നീ ലീഡർഷിപ്പ് ടീമിനോട് രൂക്ഷമായി സംസാരിച്ചപ്പോൾ ഞാൻ സ്തംഭിച്ചുപോയി.,Surprise
ഈ വർഷം ടാക്സ് കൂടുതലായി സമ്പാദ്യം കുറഞ്ഞു പോയി. എനിക്ക് ആകെ നിരാശയായി.,Sadness
കൗൺസിലിങ്ങിലൂടെ ഭേദപ്പെടുന്നതിനു മുമ്പ് ഞങ്ങളുടെ മകൻ നരകയാതന അനുഭവിച്ചുവെന്ന് കേട്ടപ്പോ ഹൃദയം തകർന്നുപോയി .,Sadness
എന്റെ ക്രെഡിറ്റ് കാഡ് ഈ ലോഞ്ചിൽ വർക്ക് ചെയ്യുമെന്ന് ഞാൻ ഒരിക്കലും വിചാരിച്ചില്ല !,Surprise
പിന്നിൽ വടികൾ ഉന്തി നിൽക്കുന്ന ട്രക്ക് എന്റെ മുന്നിൽ പെട്ടെന്ന് നിർത്തിയെടോ.,Fear
"നിങ്ങളുടെ കസ്റ്റമർ സർവീസ് എന്നെ വിളിക്കുമ്പോഴെല്ലാം, എന്റെ ബാങ്ക് അക്കൗണ്ടിന്റെ സെക്യൂരിറ്റി ഇഷ്യൂസിൽ എന്നെ സഹായിക്കാതെ അവർ ഒരു പുതിയ സ്കീം പ്രചരിപ്പിക്കാൻ വരുന്നതെന്തിനാ?",Anger
"ഇപ്പഴും വിൻഡോസിൽ ചില വരകളുണ്ട് ,പിന്നെ പുറംഭാഗത്ത് ഉണ്ടായിരുന്ന ചില സ്പോട്ടുകൾ ഇപ്പൊ കാണാനില്ല.",Fear
എന്റെ കാർ സർവീസ് ചെയ്തുകഴിഞ്ഞാൽ ഗാരേജ് ബേസിക് സർവീസ് ബില്ലിലേക്ക് വേറെ കുറെ ഫീസും അപ്രതീക്ഷിത ചെലവുകളും ചേർക്കുമോ?,Fear
"തങ്ങളുടെ കസ്റ്റമേഴ്സിന്റെ സുരക്ഷയേക്കാൾ ലാഭത്തിന് മുൻഗണന നൽകുന്ന ബിസിനസുകളോട് എനിക്ക് ഭയങ്കര വെറുപ്പാണ് , പ്രത്യേകിച്ചും അവർ ക്വാളിറ്റി കുറഞ്ഞ വയറുകൾ നല്ല ക്വാളിറ്റി ഉള്ളതാണെന്ന് പറഞ്ഞു കൊടുക്കുമ്പോൾ .",Disgust
എന്നെ ഒരു ബോഡിംഗ് സ്കൂളിൽ ചേർക്കുന്നതിനെക്കുറിച്ച് നിങ്ങൾ ചിന്തിക്കുന്നില്ലെങ്കിൽ എനിക്ക് അത് വലിയ ആശ്വാസമായി.,Happiness
എന്റെ സ്വപ്ന പൂന്തോട്ടത്തിന് വേണ്ടുന്നത്ര വലിപ്പമുള്ള ഒരു വീട്ടുമുറ്റമുള്ള ഒരു വീട് കണ്ടെത്തുമെന്ന് ഞാൻ ഒരിക്കലും കരുതിയിരുന്നില്ല.,Surprise
ഞാൻ ഒരു ക്ലെയിമും നൽകാതെ തന്നെ നിങ്ങൾ എന്തിനാണ് കഴിഞ്ഞ വർഷത്തേക്കാൾ അധികം ഇൻഷുറൻസ് ക്ലെയിം ചുമത്തുന്നത്? എന്നെ പറ്റിക്കാൻ നോക്കാണോ?,Anger
ഫുട്ബോൾ കളിക്കാരുടെ വിടാത്ത പരിക്ക് ഒരു ദുരന്തമാ.,Disgust
ഈ ലീഡേഴ്സ് ഒരു പാഠവും പഠിക്കാതെ പരസ്പരം പോരടിക്കുന്നത് തുടരുന്നത് മഹാകഷ്ടം തന്നെ.,Sadness
എന്തുകൊണ്ടാ നിങ്ങൾ ബ്ലേഡ് മാറ്റാൻ മറന്നത്? ഇപ്പോ എന്റെ മുഖത്ത് തടിപ്പ് വന്നു !,Anger
എന്നെ ശ്രദ്ധിക്കാതെ ബേക്കറിയിൽ എന്റെ പിന്നിൽ എത്തിയവരിൽ നിന്ന് ബേക്കർ ഓഡർ എടുത്തപ്പോൾ എനിക്ക് ദേഷ്യം വന്നു .,Anger
കൊറിയർ കമ്പനി നഷ്ടപ്പെടുത്തിയ പാക്കേജിന് പെട്ടെന്ന് നഷ്ടപരിഹാരം ലഭിച്ചപ്പോ ഞാൻ ഞെട്ടിപ്പോയി .,Surprise
ഈ വർഷത്തെ സെയിൽസ് ടാർഗെറ്റ് മീറ്റ് ചെയ്യുന്നതിൽ ഞാൻ അൽപ്പം സ്ട്രസിൽ ആണ്.,Fear
അയ്യേ. മുഴുവൻ ചെളി മൂടിയിരിക്കുമ്പോ നീ എങ്ങനെയാ ഡട്ട് ബൈക്കിംഗ് ആസ്വദിക്കുന്നെ?,Disgust
കള പറിക്കാൻ വളപ്പിന്റെ ഒരു മൂലയിൽ ചെന്നപ്പോൾ അവിടെ കണ്ട ഒരു വലിയ മൂർഖൻ പാമ്പിനെ കണ്ട് പേടിച്ച് വിറച്ചു.,Fear
നിങ്ങൾ ഈ കളി കളിക്കുന്നത് എനിക്ക് കാണാൻ ആവൂല്ല. ബാക്ക്ഗ്രൗണ്ട് മ്യൂസിക് വല്ലാതെ ഹോണ്ട് ചെയ്യുന്നു.,Fear
ഫ്ലൈറ്റ് മൊത്തം ശക്തമായി കുലുങ്ങിയപ്പോൾ ഞാൻ എന്റെ സീറ്റിന്റെ ആംറെസ്റ്റുകൾ മുറുകെ പിടിച്ചെങ്കിലും ആകെ വിയർത്തുപോയി.,Fear
വലിയ കടകളിൽ നിന്ന് ഇലക്ട്രോണിക്സ് വാങ്ങുന്നത് ഞാൻ പരമാവധി ഒഴിവാക്കാൻ നോക്കുവാ. പണികിട്ടിയാല് അവന്മാര് തിരിഞ്ഞുനോക്കില്ല.,Fear
"പരിപാടിയെക്കുറിച്ച് പങ്കെടുത്തവരിൽ നിന്നുള്ള ഫീഡ്ബാക്ക് വളരെ നെഗറ്റീവ് ആയിരുന്നു , ആ മാനേജരുടെ വൈദഗ്ധ്യത്തിൽ ഞാൻ വിശ്വാസം അർപ്പിച്ചതിൽ എനിക്ക് വളരെ നിരാശ തോന്നി.",Sadness
ഡൗൺഹിൽ മൗണ്ടൻ സ്കീയിങ് ഇവന്റിനായി വരിയിൽ നിൽക്കുമ്പോ ലക്ഷ്മിയുടെ കൈകൾ വിറച്ചു.,Fear
വെസ്റ്റ് ഇൻഡീസിനെതിരായ ഇന്ത്യൻ ക്രിക്കറ്റ് ടീമിന്റെ വിജയം ഒരു അത്ഭുതമാണ്.,Surprise
ഇന്റർനെറ്റ് കണക്ഷൻ സ്ലോ ആയോണ്ട് ഓഫീസ് മീറ്റിംഗിൽ സംഭാഷണം മുറിഞ്ഞു പോയത് എന്നെ പ്രകോപിപ്പിച്ചു.,Anger
"കുറെ ആഴ്ചകളായി തിരഞ്ഞ് കഴിഞ്ഞിട്ട് ഇത്രയും ഉയർന്ന കച്ചവടം ഉള്ള ഒരു ബിസിനസ്സ് സ്പേസ് കിട്ടുമെന്ന് ഞാൻ പ്രതീക്ഷിച്ചിരുന്നില്ല , അതൊരു വലിയ നേട്ടമായി .",Surprise
ഭക്ഷണം നല്ല ടേസ്റ്റ് ഉണ്ടായിരുന്നോ എന്തോ? നിങ്ങൾ ഞങ്ങൾക്ക് ഫൈവ് സ്റ്റാർ റേറ്റിംഗ് തരുമെന്ന് ഞാൻ പ്രതീക്ഷിക്കുന്നു.,Fear
മുസ്സൂറിയിലെ ഭക്ഷണം അടിപൊളിയായിരുന്നു . എന്റെ ജീവിതത്തിൽ ഇന്നുവരെ ഞാൻ ഇത്രയും നല്ല മലായ് കോഫ്ത കഴിച്ചിട്ടില്ല.,Happiness
ആ സിനിമ ഒരു വഹയ്ക്കു കൊള്ളില്ല. ഞാൻ ഇന്നലെ എന്റെ ജീവിതത്തിലെ മൂന്ന് മണിക്കൂർ വെറുതെ പാഴാക്കി.,Disgust
അടുത്തുള്ള സൈക്കിൾ ഷോപ്പിൽ എന്റെ ബഡ്ജറ്റിലിലുള്ള ബൈക്കുകൾ കണ്ടെത്തിയതിൽ എനിക്ക് വലിയ സന്തോഷമായി.,Happiness
ബംഗീ ജംമ്പിങ്ങിന് തയ്യാറെടുക്കുമ്പോൾ അബിഗെയിലിന്റെ ശരീരം തളർന്നുപോയി .,Fear
ഇന്നത്തെ തലമുറയുടെ വിശ്വാസമില്ലായ്മ മടുപ്പിക്കുന്നതാണ്.,Disgust
നമ്മൾ കഠിനാധ്വാനം ചെയ്ത് നട്ടുവളർത്തിയ വിളകൾക്ക് നാശനഷ്ടമുണ്ടാകുന്ന ആ ഇടതടവില്ലാത്ത കൊടുങ്കാറ്റിനെക്കുറിച്ച് എനിക്ക് വിഷമിക്കാതിരിക്കാൻ പറ്റില്ല. കഴിഞ്ഞ തവണ നമുക്ക് എല്ലാം നഷ്ടപ്പെട്ടത് ഓർമ്മയുണ്ടോ?,Fear
"കാശുണ്ടായിട്ടും ടാക്സ് വെട്ടിക്കുന്ന കുറെ ബിസിനസുകാരുണ്ട്, പരിതാപകരമാണ് അവരുടെ അവസ്ഥ.",Disgust
ഐ. എസ്. ആർ. ഒ.യുടെ വനിതാ സംഘം ചൊവ്വയിൽ വിജയകരമായി എത്തിയത് ലോകത്തെ ആകെ ഞെട്ടിച്ചു.,Surprise
അപകടങ്ങളൊന്നുമില്ലാതെ പല ദിശയിലേക്കും ലക്കില്ലാതെ വണ്ടിയോടിക്കുമ്പോൾ അത് എപ്പോഴും വിദേശികളെ അൽഭുതപ്പെടുത്തുന്നു.,Surprise
ഈ പുരാവസ്തുക്കൾ ശരിയായി ഗവേഷണവും വ്യാഖ്യാനവും ചെയ്യേണ്ടതാണ്. അല്ലാതെ സാധാരണ വിനോദസഞ്ചാരികളെ തൃപ്തിപ്പെടുത്താൻ പാതിമനസ്സോടെ ചെയ്തതല്ലാ.,Anger
"ബാങ്കിലേക്ക് കടക്കുമ്പോൾ , എന്റെ ഹൃദയമിടിച്ചു, കൂടുതൽ പ്രശ്നങ്ങൾ ഇല്ലാതെ പ്രായപൂർത്തിയാകാത്ത എന്റെ കുട്ടിക്കായി അക്കൗണ്ട് തുറക്കാൻ കഴിയുമോ എന്ന് എനിക്ക് ഉറപ്പില്ല.",Fear
തങ്ങളുടെ കരിയറിനെക്കുറിച്ചും വ്യക്തിപരമായ അനുഭവങ്ങളെക്കുറിച്ചും അധികം ഷെയർ ചെയ്യാത്ത ഒരു സെലിബ്രിറ്റി! കഷ്ടം തന്നെ.,Anger
"നല്ലൊരു ഒരു ഫ്രിഡ്ജ് ആണ് ഞാൻ പ്രതീക്ഷിച്ചത് , പക്ഷേ അതിന്റെ ഓരോ പ്രശ്നങ്ങൾ കൈകാര്യം ചെയ്ത് ഞാൻ മടുത്തു.",Sadness
"നല്ലോണം ശ്രദ്ധയോടുകൂടെ വാഹനമോടിക്കാൻ ഞാൻ അവരോട് ആവർത്തിച്ച് പറഞ്ഞതാണ് , പക്ഷേ അവർ ഞാൻ പറഞ്ഞത് കേൾക്കുന്നില്ല.",Anger
ഒരേ സർവീസിന് രണ്ട് തവണ ചാർജ് ഈടാക്കിയപ്പോൾ ഞാൻ നേരെ ഹോട്ടൽ മാനേജ്മെന്റിന്റെ അടുത്ത് പോയി.,Anger
"ഞങ്ങളുടെ കടയുടെ ലേഔട്ട് കസ്റ്റമേഴ്സിന് തീരെ പരിചയം ഇല്ലാത്ത ഒന്നാണ്, അതുകൊണ്ട് തന്നെ കച്ചവടം ഒന്നും അത്ര പോര.",Sadness
പ്രൊഫസറുടെ ചോദ്യത്തിന് ഉത്തരം നൽകാൻ വിളിക്കുമ്പോൾ എന്റെ വയറു കാളി .,Fear
ഞങ്ങളുടെ പുതിയ മാർക്കറ്റിംഗ് ക്യാംപെയിനിനോടുള്ള കസ്റ്റമേഴ്സിന്റെ പ്രതികരണം ഒട്ടും നന്നല്ല.,Fear
എന്റെ മൊബൈൽ ഫോൺ എടുത്ത് കളിക്കുന്നത് നിർത്തിക്കോ. ബാങ്കിംഗ് കാര്യങ്ങൾക്ക്  ഒക്കെ ആ ഫോൺ ഉപയോഗിക്കുന്നതാ .,Anger
"ശ്ശോ, കഫ്റ്റീരിയയിൽ ആ രുചിയില്ലാത്ത സൂപ്പ് വീണ്ടും വിളമ്പുന്നത് എനിക്ക് വിശ്വസിക്കാൻ പറ്റുന്നില്ല. ഒരാഴ്ചയ്ക്കിടെ ഇത് നാലാം തവണയാണ് അവർ ഇത് നൽകുന്നത്.",Disgust
ഞാൻ നേടിയ മാർക്കുവച്ച് എനിക്ക് ആവശ്യമുള്ള കോളേജുകളിലും കോഴ്സുകളിലും അഡ്മിഷൻ ലഭിക്കാത്തതിനാൽ എനിക്ക് എന്നോട് തന്നെ ദേഷ്യം തോന്നുന്നു .,Anger
ഡ്രൈവിംഗ് ഇൻസ്ട്രക്ടർ എന്റെ ഡ്രൈവിംഗ് സ്കിൽസ് അവലോകനം ചെയ്യുന്നു എന്ന കാര്യം അൽപ്പം അസ്വസ്ഥതയുണ്ടാക്കുന്നു.,Fear
"എന്റെ പുതിയ വീടിനായി ചില മികച്ച വയറിംഗ് കിട്ടുമെന്ന് ഞാൻ പ്രതീക്ഷിച്ചു, പക്ഷേ അടുത്തുള്ള കടയിൽ വളരെ കുറച്ച് മാത്രം ഓപ്ഷനുകൾ കണ്ടപ്പോ എനിക്ക് നിരാശയായി.",Sadness
"ഞാൻ ഒരാഴ്ച ക്രൂയിസ് ലൈനറിൽ ചെലവഴിച്ചു, മുഖത്ത് കടൽ കാറ്റേല്ക്കുന്നതിനേക്കാൾ സുഖം മറ്റൊന്നിനും ഉണ്ടായിരുന്നില്ല.",Happiness
ആളുകളെയും അവരുടെ സ്വകാര്യ വിവരങ്ങളെയും ചൂഷണം ചെയ്യാൻ സൈബർ ക്രിമിനലുകൾ ഉപയോഗിക്കുന്ന വൃത്തികെട്ട തന്ത്രങ്ങളിൽ എനിക്ക് വെറുപ്പ് തോന്നുന്നു.,Disgust
നാൽപ്പത്തിയഞ്ച് മിനിറ്റോളം എന്റെ ലൈൻ ഹോൾഡിൽ വച്ചിട്ട് നിങ്ങൾക്കെന്നെ സഹായിക്കാൻ കഴിയില്ലെന്നുള്ളതുകൊണ്ട് എന്താ നിങ്ങൾ ഉദ്ദേശിച്ചെ?,Anger
ഹാവൂ! ഈ വർഷം ആദ്യം അത് തകരുന്നതിന് മുമ്പ് ഞാൻ ബിറ്റ്കോയിനിൽ നിക്ഷേപിച്ചിട്ടില്ല.,Happiness
കോളേജിലേക്കുള്ള അപേക്ഷ കൊടുക്കുമ്പോൾ ആ വലിയ അക്കൗണ്ടൻസി പുസ്തകങ്ങളാണല്ലോ ദൈവമേ മനസ്സിലേക്ക് വരുന്നത്.,Fear
ഗാംഗ്ടോക്ക് പോലൊരു ടൂറിസ്റ്റ് സ്പോട്ടിലെ ട്രാഫിക്കിന്റെ ക്രമം കണ്ട് ഞാൻ ശെരിക്കും അത്ഭുതപ്പെട്ടു.,Surprise
"എന്റെ മോഡുലാർ കിച്ചണിലെ കരകൗശലപ്പണികളിൽ ഞാൻ തീർത്തും നിരാശനാണ്. ക്യാബിനറ്റുകൾ തെറ്റായി ക്രമീകരിച്ചിരിക്കുന്നു, ഡ്രോയറുകൾ ശരിയായി അടയുന്നില്ല, മൊത്തത്തിൽ ഫിനിഷിംഗ് ശരിയല്ല.",Anger
കേടുവന്ന ഒരു ബൾബ് തന്നതിന് ഞാൻ കടയുടമയോട് ശരിക്കും ചൂടായി.,Anger
"വൗ ! ഇത് നല്ല സ്വാദുണ്ട് , ഇത് പ്രതീക്ഷിച്ചതേയില്ല. എനിക്ക് ഇത് ഇഷ്ടപ്പെട്ടു.",Surprise
ഞങ്ങളുടെ കുടുംബം ഇരുപത്തി അയ്യായിരം വർഷങ്ങൾക്ക് മുമ്പ് സൈബീരിയയിലെ മാൾട്ടാ ബോയിൽ നിന്നാണ് വന്നത് എന്ന് ജീൻ ടെസ്റ്റുകളിൽ നിന്ന് അറിഞ്ഞപ്പോൾ ഞാൻ ഞെട്ടിപ്പോയി.,Surprise
"ഡെലിവറി എക്സ്പീരിയൻസിൽ ഞാൻ നിരാശനാണ്, പ്രത്യേകിച്ചും ടൈം സെൻസിറ്റീവ് ആയിരിക്കുമ്പോഴും പാക്കേജ് പ്രതീക്ഷിച്ചതിലും വളരെ വൈകിയും എത്തുമ്പോൾ.",Sadness
"ഞാൻ നിങ്ങളോട് ശരിയായി സംസാരിക്കാത്തതോണ്ട് , നിങ്ങൾ എന്നെ ബോഡിംഗ് സ്കൂളിൽ ചേർക്കാൻ പോകാണോ?",Fear
രാവിലെ എന്റെ ഗ്രൂപ്പിനൊപ്പം വ്യായാമം ചെയ്യുമ്പോൾ എനിക്ക് നല്ല സംതൃപ്തി തോന്നും .,Happiness
ആ വല്ലാത്ത മനുഷ്യൻ എന്നെ തുറിച്ചുനോക്കായിരുന്നു.,Fear
ഇന്ത്യയിലെ ഫുട്ബോളിന്റെ ഭാവിയെക്കുറിച്ച് എനിക്ക് ആശങ്കയുണ്ട്.,Fear
"ഞാൻ വളർന്ന ആ മനോഹരമായ ചുറ്റുപാടിൽ ഒരു വീട് കിട്ടുമെന്ന് ഞാൻ പ്രതീക്ഷിച്ചിരുന്നു, പക്ഷേ വില വളരെ കൂടി , അത് ഇപ്പോൾ ഒരു വിദൂര സ്വപ്നം പോലെ തോന്നുന്നു.",Sadness
ഓർത്തോ ഡോക്ടറേക്കാൾ നല്ലവർ വേറെയുണ്ടെന്നാണോ നിങ്ങൾ പറയുന്നത്?,Surprise
എന്റെ കുടുംബത്തിന്റെ ആവശ്യങ്ങൾ കണക്കിലെടുത്ത് ഞാൻ വാടകയ്ക്ക് താമസിക്കുന്നതിന്റെ അയല്പക്കം സുരക്ഷിതമാകുമോ എന്തോ.,Fear
ശരിക്കും? പണത്തിനായി ഇന്ത്യക്കാർ ഇന്ത്യയെ വഞ്ചിക്കുമെന്ന് നിങ്ങൾ വിചാരിക്കുന്നുണ്ടോ ?,Surprise
ഡൽഹിയിലേക്കുള്ള ട്രെയിൻ ടിക്കറ്റ് ബുക്ക് ചെയ്യാൻ പോയപ്പോൾ എം. ആർ. ടി. എസ്. സ്റ്റേഷനിലെ മൂത്രത്തിന്റെയും ചവറ്റുകുട്ടകളുടെയും നാറ്റം കൊണ്ട് എനിക്ക് ഓക്കാനം വന്നു.,Disgust
"വർഷം മുഴുവൻ നന്നായി പഠിക്കാനും, ഭാവിയിലേക്കുള്ള പാഠം പഠിക്കാനും നിന്നോട് പറഞ്ഞതിന് നീ എന്തിനാ ചൂടാവുന്നെ?",Disgust
നിങ്ങളെയും എന്നെയും നിരാശപ്പെടുത്തുന്ന കാര്യങ്ങളാ നടക്കുന്നെ.,Fear
ഞങ്ങൾ ഒരു റിസോട്ടിൽ പോയ സമയത്ത് ഷെഫ് എന്റെ പ്രിയപ്പെട്ട വിഭവം അടിപൊളിയായി പാകം ചെയ്യുമെന്ന് ഞാൻ പ്രതീക്ഷിച്ചില്ല.,Surprise
"റോമിലെ കൊളോസിയം ഉള്ളിൽ നിന്ന് കാണുകയെന്നത് എന്റെ സ്വപ്നമായിരുന്നു, പക്ഷേ തീരെ സമയം കിട്ടീല്ല.",Sadness
ഡെത്ത് വാലിയിലെ താപനില ഇന്നലെ അമ്പത്തി മൂന്ന് ഡിഗ്രി സെൻ്റിഗ്രേഡ് ആയിരുന്നുവെന്ന് ഞാൻ കേട്ടത് ശരിയാണോ?,Surprise
ഈ സീസണിൽ വീണ്ടും കീടങ്ങളെ നേരിടുന്നതിനെക്കുറിച്ചു എനിക്ക് നല്ല ആശങ്കയുണ്ട്. വെട്ടുക്കിളികൾ വിളവെടുപ്പ് നശിപ്പിച്ചപ്പോൾ നമുക്കുണ്ടായ ബുദ്ധിമുട്ട് ഓർക്കുന്നുണ്ടോ?,Fear
എന്റെ ക്രിപ്റ്റോകറൻസി പോട്ട്ഫോളിയോ ഇപ്പോ അടിപൊളിയായി ഉയർന്ന് വന്നു.,Happiness
"ഭക്ഷണ നിരൂപകൻ എന്ന നിലയിൽ, എന്റെ പ്ലേറ്റിൽ കൂടുതൽ വേവിച്ച ഉണങ്ങിയ ചിക്കൻ കിട്ടിയപ്പോൾ എനിക്ക് നിരാശ തോന്നി .",Sadness
ബാങ്ക് അക്കൗണ്ട് സുഗമമായി ഓപ്പൺ ചെയ്യാൻ എന്റെ മാതാപിതാക്കളെ സഹായിക്കാൻ ബാങ്ക് ജീവനക്കാരൻ വീട്ടിലെത്തിയപ്പോൾ ഞാൻ അത്ഭുതപ്പെട്ടു.,Surprise
നമ്മൾ ഇതൊക്കെ ചർച്ച ചെയ്തതാണ് മീര! ഒരേ ചോദ്യങ്ങൾ വീണ്ടും വീണ്ടും ചോദിക്കുന്നത് ഒന്ന് നിർത്തോ ?,Anger
ഈ ഹെഡ്ഫോണിൽ നിന്നുള്ള ശബ്ദം വിശ്വസിക്കണമെങ്കിൽ അത് കേൾക്കണം.,Surprise
മൽഖാംബ് കളിക്കാരെ കണ്ടോ? എന്തൊരു മെയ്വഴക്കം ആണ് അവർക്ക്!,Surprise
ഈ പ്രൊജക്റ്റിൽ ഉൾപ്പെട്ടിരിക്കുന്ന റിസ്കുകളെക്കുറിച്ച് എനിക്ക് നല്ല ആശങ്കയുണ്ട് മാഷേ.,Fear
ഒരു അപകടത്തിൽ കുടുംബത്തെ നഷ്ടപ്പെട്ടതിന് ശേഷം അവളുടെ ലോകം ആകെ ഒറ്റപ്പെട്ട് പ്രതീക്ഷകളില്ലാത്തതായി.,Sadness
പുതിയ നിയമങ്ങൾ കാരണം എന്റെ ഡ്രൈവിംഗ് ലൈസൻസ് നടപടിക്രമങ്ങൾക്ക് കൂടുതൽ സമയമെടുക്കുമെന്ന് കേട്ടപ്പോ ഞാൻ തളർന്നു.,Sadness
തന്റെ പ്രിയപ്പെട്ട അത്ലറ്റ് സ്വർണ്ണ മെഡൽ നേടുന്നത് കണ്ടപ്പോ ഹാർപ്പറിന്റെ മുഖം ഒന്നു കാണണമായിരുന്നു!,Happiness
വളരെ നന്നായി വിവേക്! നീ ഇതിനെക്കുറിച്ച് മുൻപ് പഠിച്ചിട്ടുണ്ടോ?,Surprise
വാറന്റി എക്സ്പയർ ആയതിനെക്കുറിച്ച് ഒരു കസ്റ്റമറിന്റെ പരാതി കൈകാര്യം ചെയ്യുന്നതിൽ എനിക്ക് ഉൽകണ്ഠ തോന്നുന്നു.,Fear
റോളർകോസ്റ്ററിനേക്കാൾ നിങ്ങൾ വാട്ടർ റൈഡുകൾ ഇഷ്ടപ്പെടുന്നത് ഞാൻ ഇതാദ്യാമായിട്ടാ കാണുന്നത്.,Surprise
വിദേശത്ത് പണം അയക്കുന്നതിനുള്ള ഈ ടി.സി.എസ്. നിരക്ക് കാരണം എനിക്ക് കലി കയറി വരുന്നുണ്ട്.,Anger
"ഈ ക്വാർട്ടറിൽ നമ്മുടെ സെയിൽസ് നമ്പേഴ്സ് എന്നെ ആകർഷിച്ചു, ഞങ്ങളുടെ ഉൽപ്പന്നത്തിന് അത്തരമൊരു റെസ്പോൺസ് ഞാൻ പ്രതീക്ഷിച്ചിരുന്നില്ല.",Surprise
ഞാൻ നിങ്ങളെ എല്ലാവരെയും ബ്രെയിക്ക്ഫാസ്റ്റിന് പുറത്ത് കൊണ്ടുപോയാൽ എങ്ങനെയുണ്ടാവും?,Surprise
രാവിലെ ഒരു ഗ്ലാസ് കേരള ചായ കുടിക്കുന്നതിന്റെ സുഖം ഒന്ന് വേറെ തന്നെ .,Happiness
ഞാൻ ഒരു പുതിയ ലാപ് ടോപ് ചോദിച്ചെങ്കിലും എനിക്ക് ഒരു പുതിയത് തരാൻ പറ്റില്ലെന്ന് സപ്പോട്ട്  സ്റ്റാഫ് പറഞ്ഞു.,Sadness
"ഹലോ, ഞങ്ങടെ സാമ്പത്തിക നിലയെ ബാധിക്കുന്ന ഒരു വായ്പയും ഞങ്ങൾ എടുക്കില്ല !",Anger
ഫ്രിഡ്ജ് ശരിക്കു തണുക്കാതെ എന്റെ ഭക്ഷണമെല്ലാം കേട് വരുന്നത് എന്നെ ശരിക്കും വിഷമിപ്പിക്കുന്നു.,Sadness
"വാട്ടർ പൈപ്പ് നിങ്ങള് ഉപയോഗിക്കുമ്പോ ശ്രദ്ധിക്കണമായിരുന്നു, ഇപ്പോൾ അതില് നല്ല ചോർച്ചയുണ്ട്! നിങ്ങൾ ഒരു യഥാർത്ഥ മേസൺ ആണോ?",Anger
അങ്ങനെ ചെയ്യരുതെന്ന് ഞാൻ പറഞ്ഞിട്ടും എന്റെ പിന്നിലുള്ള യാത്രക്കാരൻ എന്റെ സീറ്റിൽ ചവിട്ടുന്നത് തുടർന്നപ്പോ അസ്വസ്ഥമായ ആ വിമാനത്തിൽ നിന്ന് ഞാൻ ഇറങ്ങി .,Sadness
"എനിക്ക് നിങ്ങളെ എന്റെ ഓട്ടോയിൽ നോർത്ത് ചെന്നൈയിലേക്ക് കൊണ്ടുപോകാൻ കഴിയില്ല, കാരണം സൗത്ത് ചെന്നൈയിൽ എന്റെ കുട്ടി സുഖമില്ലാതെ ഇരിക്കുന്നതോണ്ട് ഞാൻ ആകെ ടെൻഷനിലാ.",Sadness
സിനിമ ഇത്ര മോശമായതിൽ എനിക്ക് നല്ല ദേഷ്യമുണ്ട്. അതിനു വേണ്ടി ഞാൻ എന്റെ സമയവും പണവും പാഴാക്കിയെന്ന് വിശ്വസിക്കാൻ പറ്റണില്ല.,Anger
റോളർകോസ്റ്ററിൽ ചേട്ടനും കൂടെ വന്നിരുന്നെങ്കിൽ എന്നാണ് എന്റെ ആഗ്രഹം. പക്ഷേ അവൻ വാട്ടർ റൈഡുകളിലാ പോകുന്നെ.,Sadness
എന്റെ വീട്ടിൽ ക്യാമറ ഇൻസ്റ്റാൾ ചെയ്യാത്തതിലും കവർച്ച മൂലം ഉണ്ടായ നഷ്ടങ്ങൾ ആലോചിക്കുമ്പോഴും എന്താ പറയാ!,Sadness
പ്രാക്ടീസ് ക്ലാസ്സിനിടെ എന്റെ കുട്ടി ഡാൻസ് ട്യൂട്ടറോട് മര്യാദയില്ലാതെ സംസാരിച്ചപ്പോൾ ഞാൻ ഞെട്ടിപ്പോയി.,Surprise
"മുപ്പത്  വർഷത്തിനുശേഷം ഞാൻ എൻ്റെ ഒരു സുഹൃത്തിനെ കണ്ടപ്പോൾ എനിക്കവനെ തിരിച്ചറിയാനേ കഴിഞ്ഞില്ല, അവൻ ആൾ ആകെ മാറിയിരിക്കുന്നു.",Surprise
നിങ്ങളുടെ ലഗേജ് വന്നിട്ടില്ലെന്ന് വിഷമത്തോടെ അറിയിക്കട്ടെ.,Sadness
സംഗീത പ്രതിഭ സംഗീതം ഒഴികെയുള്ള കാര്യങ്ങളിൽ ശ്രദ്ധ കേന്ദ്രീകരിക്കാൻ തുടങ്ങിയത് കുടുംബത്തിലാകെ ആശയക്കുഴപ്പമുണ്ടാക്കി.,Fear
"വീഡിയോ കോൺഫറൻസിംഗ് ഞങ്ങളുടെ കുടുംബത്തെ ഒരുമിച്ച് കൊണ്ടുവന്നു, ലോകത്തെവിടെ ആണേലും എല്ലാരും ചിരിക്കുന്നത് കാണാൻ തന്നെ എന്ത് രസമാണ്.",Happiness
പരുക്കനായ ഒരു ജീവനക്കാരനെക്കുറിച്ച് പരാതിപ്പെടാൻ ബാങ്ക് മാനേജരുടെ അടുത്തേക്ക് പോയപ്പോൾ എന്റെ വയർ ഒന്ന് കാളി .,Fear
തൊട്ടടുത്തുള്ള നിർമ്മാണ സ്ഥലം ആളുകളുടെ സൗകര്യങ്ങൾ ശ്രദ്ധിക്കാതെ എല്ലായ്പ്പോഴും കോലാഹലം ഉണ്ടാക്കുകയാണെന്നേ!,Disgust
ഹ്! ബാത്ത്റൂം റൂമിലെ ഓവുചാലിൽ മുടി കുടുങ്ങിക്കിടക്ക. ഞാൻ അത് വൃത്തിയാക്കില്ല.,Disgust
വൗ ! പത്ത് വർഷം മുമ്പ് സുഭാഷ് ചന്ദ്രബോസും ഈ ഹോട്ടലിൽ താമസിച്ചിട്ടുണ്ടായിരുന്നോ?,Surprise
നീ എഴുതിയ ഉത്തരങ്ങൾ നീ വായിച്ച് നോക്കിയോ ? നീ എനിക്ക് വല്ലാത്ത ഒരു തലവേദനയായി.,Anger
ഈ വർഷം ഇൻകം ടാക്സ് അടയ്ക്കേണ്ടതില്ലെന്ന് അറിഞ്ഞപ്പോൾ എനിക്ക് എന്റെ കണ്ണുകളെ വിശ്വസിക്കാൻ കഴിഞ്ഞില്ല!,Surprise
കുട്ടികളൊക്കെ യു.എസ്സിൽ ആയതിനാൽ ഞങ്ങള് വളരെ എകാന്തതയിലാണ്.,Sadness
ഒരു ലളിതമായ ബോഡി റിപ്പെയറിന് മെക്കാനിക്ക് ഇത്രയും തുക ഈടാക്കുന്നുവെന്ന് എനിക്ക് വിശ്വസിക്കാൻ കഴിയുന്നില്ല! അവൻ എന്നേ കൊള്ളയടിക്കുകാ.,Anger
ഉക്രെയ്നിന് ശേഷം റഷ്യക്ക് പോളണ്ടിനെ ആക്രമിക്കാൻ കഴിയുമെന്ന് വായിച്ചപ്പോ ഞാൻ വല്ലാതെ ഞെട്ടിപ്പോയി.,Surprise
"അയാള്‍ കപ്പലണ്ടിയുടെ തൊലി അവിടെയെല്ലാം ഇട്ടു,ഒരു ബോധമില്ലാത്തവന്‍.",Disgust
സൈബർ കുറ്റകൃത്യങ്ങളുടെ ഭീഷണി പേടിച്ചിട്ട് ഞാൻ അജ്ഞാത നമ്പറുകളിൽ നിന്നുള്ള കോളുകളൊന്നും എടുക്കാറില്ല .,Fear
ഈ അഭിമുഖത്തിൽ എന്നെ തള്ളിക്കളയുമോ ചിന്ത എന്നെ വീർപ്പുമുട്ടിക്കുന്നു.,Fear
ചില കളിക്കാരുടെ മാറാത്ത അഹങ്കാരവും അഹംഭാവവും കണ്ടാൽ വെറുപ്പു തോന്നും.,Disgust
നിങ്ങളുടെ ഫീഡ്ബാക്ക് മോശമാകുമോ എന്ന ആശങ്കയിലാണ് ഞാൻ.,Fear
ആമസോൺ പ്രൈം ഡേ സെയിലിൽ അമ്പത് മുതൽ എഴുപത്തി അഞ്ച്  ശതമാനം വില കുറച്ച് നമ്മടെ വായടച്ചു.,Surprise
ചില രാഷ്ട്രീയ താൽപ്പര്യങ്ങൾ കാരണം പാവപ്പെട്ട കർഷകർക്ക് നേരിട്ട് പണം ലഭിക്കുന്നത് തടയുകാ. ഇതെന്ത് കഷ്ടാ!,Sadness
"എനിക്ക് വേറൊരു വഴിയുമില്ലാന്നാ തോന്നുന്നേ , ടാക്സ് വന്നിട്ടും അത് അടയ്ക്കാത്തവരുടെ കൂടി കുറവ് തീർക്കാൻ എന്നോട് കൂടുതൽ അടയ്ക്കാൻ ആവശ്യപ്പെടുന്ന സിസ്റ്റം തീരെ ശെരിയല്ല.",Disgust
ഞാൻ പുസ്തകങ്ങൾ അലമാരയിൽ വെക്കുകയാണെങ്കിൽ ചിതൽ പിടിക്കുമോ?,Fear
പ്രിയ ഉപഭോക്താവേ! നിങ്ങൾ ബുക്ക് വിജയകരമായി മുൻകൂട്ടി ഓഡർ ചെയ്തിരിക്കുന്നു. ഏഴ് ദിവസത്തിനുള്ളിൽ പുസ്തകം നിങ്ങളുടെ വീട്ടിൽ എത്തും.,Happiness
"ഒന്നും തോന്നരുത്, നിർഭാഗ്യവശാൽ, ഞങ്ങളുടെ എല്ലാ ഓഡറുകളും ഇപ്പോൾ ഫുൾ ആണ്. അസൗകര്യം നേരിട്ടതിൽ  ക്ഷമിക്കണം.",Sadness
കളിക്കാരുടെ ഈ എപ്പോഴുമുള്ള സമയം പാഴാക്കൽ തന്ത്രങ്ങൾ കണ്ടാൽ ദേഷ്യം വരും.,Disgust
ആദ്യം പ്രേക്ഷകരുടെ റേറ്റിംഗ് നോക്കാതെ നീ എന്തിനാ കരിഞ്ചന്തയിൽ സിനിമാ ടിക്കറ്റുകൾ വാങ്ങുന്നേ ?,Surprise
"ഞാൻ ഒരു ചെറിയ മോഡിഫിക്കേഷനാണ് ആവശ്യപ്പെട്ടത്, ബാങ്ക് അക്കൗണ്ട് കാലിയാക്കലല്ല ! ഇത് നിരാശപ്പെടുത്തുന്നതിനും അപ്പുറമാണ്.",Anger
"ഒരു വലിയ വജ്രം വാങ്ങണമെന്നുണ്ടായിരുന്നു, പക്ഷേ എനിക്ക് അതിനുള്ള ബജറ്റ് ഇല്ല .",Sadness
"എന്റെ മോനില്ലേ, അവൻ ഹ്യുമാനിറ്റീസിന് പകരം എഞ്ചിനീയറിംഗ് ബിരുദം എടുക്കാൻ തീരുമാനിച്ചപ്പോ ഞാൻ ഞെട്ടിപ്പോയി.",Surprise
ഓരോ ഇരുപത് മിനിറ്റിലും ഒരു സിഗ്നൽ അയക്കുന്നതായി തോന്നുന്ന ഒരു ഖഗോളപിണ്ഡം ജ്യോതിശാസ്ത്രജ്ഞരെ ഞെട്ടിച്ചു.,Surprise
ഈ സിനിമ കാണാൻ എനിക്ക് പേടിയാ. അതിൽ നിരവധി മന്ത്രവാദിനികളും പ്രേതങ്ങളും പേടിപ്പെടുത്തുന്ന മൃഗങ്ങളുമുണ്ട്.,Fear
കാർബൺ ഫുട്പ്രിന്റ് കുറയ്ക്കുകയും ഡ്രൈവിങിന്റെ സ്ട്രെസ് ഏറ്റെടുക്കുകയും ചെയ്യുന്ന സുഹൃത്തുക്കളോടൊപ്പം കാർപൂൾ ചെയ്യാൻ എനിക്കിഷ്ടാണ്.,Happiness
ആദരവും അഭിനന്ദനവും അർഹിക്കുന്ന ഈ പുരാവസ്തുക്കൾ നിസ്സാരമായി തള്ളിക്കളയരുത് മനുഷ്യാ.,Disgust
എന്തിനാപ്പാ ഞങ്ങളുടെ ഡ്രൈവേയിൽ നിർമ്മാണ സാമഗ്രികൾ കൂട്ടിയിട്ടത്?,Anger
"ഒരു അഡിക്ഷൻ കൗൺസിലർ ആയിരുന്നിട്ടും, മയക്കുമരുന്നിന് അടിമകളായ ആയിരക്കണക്കിന് ആളുകളെ സഹായിക്കാൻ കഴിയാത്തപ്പോൾ എനിക്ക് വിഷമം തോന്നി.",Sadness
യ്യേ ! ഈ മോഡൽസിന് വേണ്ടത്ര തുണി ധരിച്ചൂടെ!,Disgust
കബാേഡ് ഓപ്ഷനുകൾ നിങ്ങളുമായി ചർച്ച ചെയ്യാനോ?,Surprise
"നിങ്ങളുടെ മാലിന്യങ്ങൾ എന്റെ മുറ്റത്ത് വലിച്ചെറിയണ്ടാ. ഇത് എന്റെ വീടാ, നിങ്ങളുടെ ചവറ്റുകുട്ടയല്ല!",Anger
നിങ്ങളെല്ലാവരും മുതിർന്നവരല്ലേ! ദയവായി നിങ്ങളൊക്കെ കൂടുതൽ മെച്വർ ആവുകയും ജോലി കൂടുതൽ ഗൗരവമായി എടുക്കുകയും വേണം .,Anger
"ഞാൻ നാളെ ടൗണിൽ കാണില്ല, വർഗീയ സംഘർഷങ്ങളെക്കുറിച്ച് ഓർത്താ എനിക്ക് ആശങ്ക.",Fear
ഒരു കമ്പനിയുടെ സി.ഇ.ഒ. അങ്ങേരുടെ ജീവനക്കാർക്ക് കൂടുതൽ പൈസ കൊടുക്കാൻ വേണ്ടി തന്റെ ശമ്പളം വെട്ടിക്കുറച്ചത്രേ!,Surprise
വൗ! നിങ്ങൾ രാവിലെ ഒരു ഷിഫ്റ്റിലും വൈകുന്നേരം വേറൊരു ഷിഫ്റ്റിലും ജോലി ചെയ്യുന്നു! നിങ്ങൾക്ക് ഒരു റെസ്റ്റും ഇല്ലേ ?,Surprise
"പുതിയ വീട്ടിൽ യാതൊരു തരത്തിലുള്ള കീടപ്രശ്നങ്ങളും ഉണ്ടാകില്ലെന്ന് ഞാൻ പ്രതീക്ഷിക്കുന്നു, എനിക്ക് മുമ്പ് മോശം അനുഭവങ്ങൾ ഉണ്ടായിട്ടുണ്ട്.",Fear
"ഞാൻ പഴയ ഒഴിഞ്ഞ ലൈറ്റ് ഹൗസിലേക്ക് നടന്നു, ആരോ പുറകിൽ ഉണ്ടെന്ന് തോന്നി ഞാൻ പുറകിലേക്ക് നോക്കി.",Fear
ആമസോണിലെ അവരുടെ ഓൺലൈൻ ഓഡർ പ്രോസസ്സിംഗിന്റെ സ്പീഡ് എന്നെ ആകർഷിച്ചു.,Surprise
സാമാന്യബോധത്തോടെ പരിഹാരങ്ങൾ കണ്ടെത്തുന്നതിന് പകരം രാഷ്ട്രീയക്കാർ പക്ഷപാതപരമായ തർക്കങ്ങൾക്ക് മുൻഗണന നൽകുന്നത് എന്തൊരു കഷ്ടമാണ്.,Anger
"അയ്യോ, സ്കൈഡൈവിംഗ് പോലുള്ള ഭയങ്കര കായിക വിനോദങ്ങൾ പരീക്ഷിക്കാൻ എനിക്ക് വയ്യ.",Fear
നിങ്ങളുടെ നിലവിലെ വരുമാനത്തിന്റെ അവസ്ഥ അത്ര സ്വീകാര്യമല്ല. സാഹചര്യം ശരിയാക്കാൻ പെട്ടന്ന് എന്തെങ്കിലും ചെയ്യ്.,Anger
"ഡോക്ടറിൽ നിന്ന് നല്ല വാർത്തയൊന്നും ഞാൻ പ്രതീക്ഷിച്ചിരുന്നില്ല, അതിനാൽ അവർ എന്റെ അമ്മായിയമ്മയ്ക്ക് ക്ലീൻ ചിറ്റ് നൽകിയപ്പോൾ ഞാൻ അമ്പരന്നു.",Surprise
ഞങ്ങളുടെ ജനലിൽ നിന്ന് എ.സി. മാറ്റുമ്പോൾ അതിനുള്ളിൽ ജീവനുള്ള അണ്ണാൻകുഞ്ഞിനെ കണ്ട് ഞങ്ങൾ ഞെട്ടിപ്പോയി.,Surprise
നൂറ്റി നാൽപത് കോടി ആളുകളുണ്ട്. ഇന്ത്യ ഇപ്പഴും ലോകകപ്പ് ഫൈനലിൽ യോഗ്യത നേടാത്തത് എന്ത് കഷ്ടമാണ്!,Sadness
"മോനെ, എന്റെ ഓഫീസ് ലാപ് ടോപ്പിൽ ഗെയിമുകൾ കളിക്കരുതെന്ന് ഞാൻ പല തവണ നിന്നോട് പറഞ്ഞിട്ടുള്ളതല്ലേ?",Anger
ഓ! അമൃത്സർ എക്സ്പ്രസ് ഓടിത്തുടങ്ങി!,Surprise
"ഒന്നിലധികം നിറങ്ങളിൽ ഈ ടോസ്റ്റർ അവർക്കുണ്ടാകുമെന്ന് ഞാൻ കരുതിയില്ല, അവരുടെ കൈയിൽ അത് ഉള്ളതുകൊണ്ട് ഞാൻ അത്ഭുതപ്പെട്ടു.",Surprise
"ശരിക്കും , എന്റെ ഫ്രണ്ട്സ് ഈ മണാലി തിരഞ്ഞെടുത്ത് എന്നെ ഇത്ര ദൂരം ഡ്രൈവ് ചെയ്യിപ്പിക്കേണ്ടതുണ്ടോ ? എന്റെ സമയവും ഇന്ധനവും പാഴാക്കാൻ അവർ ആഗ്രഹിക്കുന്നതുപോലെ!",Anger
ഈജിപ്ഷ്യൻ പെൺകുട്ടി ഒരു ഹിന്ദി ഗാനം പാടിക്കൊണ്ട് ഇന്ത്യൻ പ്രധാനമന്ത്രിയുടെ ആവേശം ഉയർത്തി.,Happiness
ഓക്സിജൻ സിലിണ്ടർ ബാക്കിയില്ലാന്ന് പറയുമ്പോ നിങ്ങൾ എന്താ ഉദ്ദേശിക്കണേ ? ശ്വസിക്കാൻ ബുദ്ധിമുട്ടുന്ന കുട്ടിയെ നിങ്ങൾക്ക് കാണാൻ പറ്റണില്ലേ ?,Anger
ഞങ്ങളുടെ പ്രീമിയർ ക്ലയന്റിനു വേണ്ടി ഞങ്ങൾ ആരംഭിക്കുന്ന പുതിയ പ്രൊജക്റ്റിൽ ഞാൻ ആവേശഭരിതനാണ്.,Happiness
"നിങ്ങളുടെ നിരാശ ഞാൻ മനസ്സിലാക്കുന്നു, ക്വാളിറ്റി ഇഷ്യൂസ് പരിഹരിക്കുന്നതിന് തത്കാലം നിവൃത്തിയില്ലല്ലോ.",Sadness
ഫസ്റ്റ് ടൈം ഷോപേഴ്സിനുള്ള ഡിസ്കൗണ്ട് കണ്ട് ഞാൻ ഞെട്ടിപ്പോയി.,Surprise
"ഞാൻ നിന്നെ വിശ്വസിച്ച് ഓരോ കാര്യങ്ങൾ പറയുമ്പോൾ നീ കേൾക്കുന്നില്ല, എന്നിട്ട് നീ എന്നോട് പറയാണ് ഞാൻ നിന്നോട് ഒന്നും പറയുന്നില്ലെന്ന്.",Disgust
ജി. എസ്. റ്റി. പോളിസിയിൽ മാറ്റം വന്നാൽ ഉണ്ടാകുന്ന പ്രത്യാഘാതങ്ങളെക്കുറിച്ച് ഓർക്കുമ്പോൾ ആധി കൂടി വരികയാണ്.,Fear
എ.ഐ.സോഫ്റ്റ്‌വെയറിലൂടെ എന്റെ ചോദ്യങ്ങൾക്കുള്ള കൃത്യമായ ഉത്തരങ്ങൾ ലഭിച്ചപ്പോൾ ഞാൻ അൽഭുതപ്പെട്ടു.,Surprise
ഒരു സ്ഥാപനത്തിൽ ചേരാത്തതിന് എന്റെ അയൽക്കാരി മുടന്തൻ ഒഴികഴിവായി അവളുടെ മുത്തശ്ശി മരിച്ചുവെന്ന് പറഞ്ഞത് എനിക്ക് തീരെ ശെരിയായി തോന്നിയില്ല.,Disgust
"സൂപ്പർവൈസറുടെ ജോലി എനിക്ക് നല്ല മതിപ്പുണ്ടാക്കി, ഞങ്ങളുടെ സേവന വാഗ്ദാനങ്ങളിൽ ഓഫീസ് ക്ലീനിംഗ് ഒരു പ്രധാന ഭാഗമാക്കി മാറ്റി.",Surprise
കൽക്കി ഒപ്പിട്ട പൊന്നിയിൻ സെൽവന്റെ ഒരു പകർപ്പ് എന്റെ മുകളിലെത്തെ നിലയിലുള്ള മുറിയിൽ കണ്ടപ്പോൾ ഞാൻ അത്ഭുതപ്പെട്ടു!,Surprise
ജീവിതത്തെ നേരിടാൻ കൗൺസിലിംഗ് എന്നെ സഹായിച്ചില്ലെങ്കിൽ എനിക്ക് സുഖം പ്രാപിക്കാനുള്ള വേറെ വഴികളെക്കുറിച്ച് എനിക്ക് ആശങ്കയുണ്ട്.,Fear
"ഞങ്ങളുടെ ബന്ധം അവസാനിച്ചു, എന്റെ ചങ്കു തകർന്നു .",Sadness
ഇന്നലെ ഒരു പ്രധാന മീറ്റിംഗിന് പോകുമ്പോൾ വഴിയിൽ വച്ച് എന്റെ കാർ തകരാറിലായപ്പോൾ ഞാൻ നിരാശനായി.,Sadness
"പോസിറ്റീവ് പഠനാന്തരീക്ഷം സൃഷ്ടിക്കാൻ ഞങ്ങൾ പരമാവധി ശ്രമിക്കാറുണ്ട്, പക്ഷേ പലപ്പോഴും അത് നടക്കാറില്ല.",Sadness
"മിസ്റ്റർ സുബ്രഹ്മണ്യൻ നല്ലൊരു ഹാസ്യനടനാണ്. അദ്ദേഹത്തിന്റെ ഷോയ്ക്ക് പോകുന്നത് നല്ല കാര്യമായി, പാർവതി.",Happiness
ഈ ഫിറ്റ്നസ് ട്രാക്കർ എന്റെ ഹാർട്ട്റേറ്റ് കൃത്യമായി നിരീക്ഷിക്കുന്നത് എനിക്കിഷ്ടായി.,Surprise
"എനിക്ക് ഒരിക്കലും എന്റെ മകന്റെ സംഗീതപരിപാടികൾ കാണാൻ പോയിരുന്നില്ല , അതുകൊണ്ട് ഞാൻ കൃത്യസമയത്ത് എത്തി മുഴുവൻ പരിപാടിയും കണ്ടപ്പോൾ അവൻ അമ്പരന്നു.",Surprise
ഞങ്ങളുടെ ഇവന്റിൽ ഇവന്റ് മാനേജർ വേണ്ടത്ര സുരക്ഷാ മുൻകരുതലുകൾ എടുക്കാത്തത് എന്നെ ദേഷ്യം പിടിപ്പിച്ചു . നമ്മുടെ കാര്യത്തിൽ അദ്ദേഹത്തിന് ഒരു ശ്രദ്ധയും ഇല്ലാത്തത് പോലെ !',Anger
എല്ലാവർക്കും വഴി തെറ്റാൻ സാധ്യതയുള്ള മലനിരകളിൽ ഈ പുതിയ ജി.പി.എസ്. നാവിഗേഷൻ സിസ്റ്റം എന്നെ വഴി തെറ്റാതെ രക്ഷിച്ചു . അത് അവിശ്വസനീയം തന്നെ !,Surprise
ക്ലയന്റ് ഓഫീസിൽ ക്ലീനിംഗ് ടീമിന് അതിലോലമായ ഉപകരണങ്ങൾ വൃത്തിയാക്കുന്നതിൽ തെറ്റ് സംഭവിക്കുമോ? അവ കേടുവരുത്തുമോ?,Fear
"സർ, അമൃത്സർ എക്സ്പ്രസ് നന്നായി മെയിന്റയിൻ ചെയ്യുന്നുണ്ടോ? കഴിഞ്ഞ തവണ യാത്ര ചെയ്തപ്പോൾ ഞാൻ അത് വെറുത്തുപോയി . ടോയ്ലറ്റുകൾ എന്ത് വൃത്തികേടാ .",Disgust
"ആ കാർ എത്ര പഴയതാ നോക്കൂ. സീറ്റുകളൊക്കെ കീറി, അതിൽ നിന്ന് എന്തൊരു നാറ്റാ വരുന്നേ.",Disgust
"ഞാൻ ഒരു ടിവി പ്രോഗ്രാം കണ്ടുകൊണ്ടിരുന്നപ്പോ കറന്റ് പോയി, അതിന്റെ എൻഡിങ് മിസ്സായി പോയപ്പോ വല്ലാത്തൊരു നിരാശ.",Sadness
"നിങ്ങളുടെ മാനേജർ എന്ന നിലയ്ക്ക് പറയാം, ഒരിക്കലും ഞാൻ നിങ്ങളെ ഇത്ര നിരാശനായി കണ്ടിട്ടില്ല.",Surprise
ക്ലാസ്സിൽ എടുക്കുന്ന പാഠം മനസ്സിലാകാതെ വരുമ്പോൾ ഒരുതരം ഉൽകൺഠയാണ്.,Fear
ആളുകളെ കവിളിൽ ചുംബിച്ച് അഭിവാദ്യം ചെയ്യണമെന്ന് പറയുമ്പോൾ എനിക്ക് വലിയ സന്തോഷമോ സുഖമോ ഇല്ല.,Sadness
വെള്ളത്തിലേക്ക് ഇറങ്ങി പോണ്ട. അതിന് നല്ല ആഴം ണ്ട്.,Fear
അവസാനം കൊലയാളിയുടെ ഐഡന്റിറ്റി വെളിപ്പെട്ടപ്പോൾ ഞാൻ ഒട്ടും പ്രതീക്ഷിക്കാത്തൊരു കൊലപാതക രഹസ്യായിരുന്നു അത്.,Surprise
"അവൾ ഒരു തമാശ പോലും പറഞ്ഞില്ല, അവൾ എന്നെ കളിയാക്കുക മാത്രാ ചെയ്തത്.",Sadness
അരമണിക്കൂറിനുള്ളിൽ കളി തുടങ്ങും. എന്താ നിങ്ങളാരും ഇതുവരെ വാം അപ്പ് ചെയ്തില്ലേ ?,Anger
എന്റെ കുട്ടിയുടെ അക്കൗണ്ട് സെക്യൂരിറ്റിയെക്കുറിച്ച് എനിക്ക് നല്ല ആശങ്കയുണ്ട് .,Fear
രണ്ട് സ്റ്റാർ ഹോട്ടലുകൾക്ക് ഇത്രേം പൈസ വാങ്ങിയോണ്ട് ഞാനിനി ഒരിക്കലും ഈ ഓപ്പറേറ്ററുമായി ഹോളിഡേ ബുക്ക് ചെയ്യണ പ്രശ്നല്ല.,Anger
പ്ലൈമൗത്ത് മീറ്റിംഗിൽ ഇന്ത്യൻ സ്റ്റോറിൽ നിന്ന് ഒരു മൈലിലധികം ഇരുപത് കിലോഗ്രാം അരിച്ചാക്ക് കൊണ്ടുപോയപ്പോൾ ഞാൻ ക്ഷീണിച്ച് തളർന്നു.,Sadness
എന്റെ ഫ്രണ്ടിന്റെ കടയിൽ പോയി അവൻ ഇത്ര നന്നായി ചെയ്യുന്നത് കാണുമ്പോ എന്തൊരു സന്തോഷാ .,Happiness
"ഈ കൗൺസിലറെ എനിക്ക് ഇഷ്ടായി, കാരണം മണിക്കൂറിന് പകരം നേടിയ റിസൽറ്റുകളെ നോക്കിയാണ് അദ്ദേഹം ഫീസ് ഈടാക്കിയത്.",Happiness
ഓഹരി വില ഇങ്ങനെ കുത്തനെ കുറഞ്ഞാൽ നമ്മൾ എന്തു ചെയ്യും?,Fear
ഒരു പുതുമുഖ ടീമിനൊപ്പം ഫുട്ബോൾ ടൂർണമെന്റിന്റെ സെമി ഫൈനലിലെത്തിയപ്പോൾ ഞാൻ ഞെട്ടിപ്പോയി.,Surprise
ജാപ്പനീസ് പയ്യന് റോഡ് ക്രോസ് ചെയ്യാൻ നിർത്തിക്കൊടുത്തപ്പോൾ അവൻ എന്നെ വണങ്ങിയത് കണ്ട് ഞാൻ അന്തം വിട്ടുപോയി.,Surprise
യു.എസ്സിലുള്ള എന്റെ കുട്ടിയുടെ അക്കൗണ്ട് കൈകാര്യം ചെയ്യാൻ ബാങ്ക് എന്നെ അനുവദിക്കാത്തത് ശരിയല്ല.,Anger
ഗുഡ് മോണിംഗ്! ഞാൻ നിങ്ങൾക്ക് എന്ത് സഹായമാ ചെയ്യെണ്ടേ മാഡം?,Happiness
യ്യോ! എന്താ എന്റെ ബാങ്ക് നെഗറ്റീവ് ബാലൻസ് കാണിക്കുന്നെ? ആരെങ്കിലും എന്റെ പണം മോഷ്ടിച്ചോ?,Fear
കേസ് ഫ്രീയായി എടുക്കുമെന്ന് വക്കീൽ പറഞ്ഞപ്പോൾ എനിക്ക് വിശ്വസിക്കാൻ കഴിഞ്ഞില്ല.,Surprise
വീട് വാടകയ്ക്കെടുക്കുന്ന പാക്കേജിന്റെ ഭാഗമായി ഒരു ജിമ്മിലേക്കും കുളത്തിലേക്കും പ്രവേശനം ലഭിക്കുമെന്ന് ഞാൻ പ്രതീക്ഷിച്ചിരുന്നില്ല.,Surprise
"അറിയോ, എന്റെ ക്രെഡിറ്റ് കാഡിന് ഉപയോഗമുള്ള പല ഗുണങ്ങളുണ്ട്. കഴിഞ്ഞ ദിവസം എയർപോട്ട് ലോഞ്ചിലേക്ക് എനിക്ക് ഫ്രീ ആയിട്ട് എൻട്രി കിട്ടി.",Happiness
കഴിഞ്ഞ വർഷം സ്റ്റോക്ക് മാർക്കറ്റിൽ എനിക്ക് ഒരുപാട് പണം നഷ്ടം വന്നു.,Sadness
"കൊള്ളാം, നമ്മൾ പണിയാൻ പോകുന്ന മതിലിലൂടെ ഒരു വാട്ടർ പൈപ്പ് പോകുന്നുണ്ടെന്നാണോ നിങ്ങൾ അർത്ഥമാക്കുന്നത്?",Surprise
കോഡ് ഡെലിവറി ചെയ്യാൻ പറ്റാത്തത് കൃത്യസമയത്ത് ക്ലയൻ്റിനോട് നിങ്ങൾ പറയാത്തത് അംഗീകരിക്കാൻ പറ്റുന്നതല്ല.,Anger
"ഈ സോസിലെ മധുരവും പുളിയും അത്രയ്ക്ക് പെർഫെക്ട് ആണ്, ഒന്ന് അങ്ങോട്ടോ ഇല്ല, ഇങ്ങോട്ടോ ഇല്ല.",Happiness
ചെന്നൈയിലെ എന്റെ ബാല്യകാല ബേക്കറിയിൽ നിന്ന് എന്റെ പ്രിയപ്പെട്ട കേക്ക് ഫ്ലേവർ ഓഡർ ചെയ്തത് ഉടൻ കിട്ടി.,Happiness
"ഞാൻ എർത്തിംഗ് ഇല്ലാത്ത ഒരു ഇലക്ട്രിക്കൽ ഉപകരണം വാങ്ങി, അത് കണക്റ്റ് ചെയ്തപ്പോൾ അക്ഷരാർത്ഥത്തിൽ എന്റെ ജീവിതത്തിന് ഷോക്ക് ഏറ്റു.",Fear
"കൊറിയറിൽ നിന്ന് പാക്കേജ് ലഭിച്ചപ്പോ എനിക്ക് വലിയ നിരാശ തോന്നി , കാരണം അത് എന്റെ അടുക്കൽ എത്തുന്നതിന് മുമ്പ് തന്നെ തുറന്നിരുന്നു.",Sadness
"മുംബൈയിലെ പബ്ലിക്ക് റെസ്റ്റ്റൂമുകളുടെ ലഭ്യതയും, ശുചിത്വവും എന്നെ അത്ഭുതപ്പെടുത്തി.",Surprise
"ഞാൻ ഇന്നലെ ഒരു സൂപ്പർഹീറോ സിനിമ കണ്ടു, അത് എന്നെ മാനസികമായി തളർത്തി.",Sadness
പുതിയ ക്ളൈന്റിനെക്കുറിച്ചുള്ള എന്റെ വാണിങ്സ് എല്ലാം നീ നിസ്സാരമായി എടുത്തു.,Anger
ഞാൻ തെളിവുകളൊക്കെ നോക്കിയപ്പോ നമ്മള് കാണാതിരുന്ന ചിലത് കണ്ടെത്തി.,Surprise
"ഞാൻ എന്റെ കഴിവിന്റെ പരമാവധി ചെയ്യുന്നുണ്ട്, നിങ്ങളുടെ രീതികൾ വർക്ക് ആവുന്നില്ലെങ്കിൽ അതിലാ കുഴപ്പം.",Anger
"അവരുടെ സംഭാവനാതീരുമാനം അപ്രതീക്ഷിതമായിരുന്നു, പക്ഷേ സന്തോഷം.",Surprise
"ഒരു ക്ലയന്റിൻ്റെ ഉപഭോക്താക്കൾക്ക് ലേറ്റ് ആയിട്ടാണ് സാധനങ്ങൾ എത്തിച്ചുകൊടുത്തത്, ആ ക്ലയന്റ് ഇനി എന്തൊക്കെ പറയുമോ ആവോ.",Fear
വാതിലുകൾ ഉരസുന്ന ശബ്ദം എന്നെ വിറപ്പിക്കുന്നു.,Fear
എന്റെ ടെസ്റ്റ് റിസൾട്ട് നെഗറ്റീവ് ആയതിൽ സോറി. വേറെ എന്തെങ്കിലും ചെയ്യാൻ പറ്റോ ?,Sadness
"ഒരു പ്രധാന മീറ്റിംഗ് കാരണം ഇന്നലെ ട്രെയിൻ ടിക്കറ്റ് മാറ്റാൻ ഞാൻ പറഞ്ഞു, പക്ഷേ നിങ്ങൾ ഇതുവരെ അത് ചെയ്തിട്ടില്ല, നിങ്ങൾ എന്താണ് ചെയ്തു കൊണ്ടിരിക്കുന്നത്?",Anger
"നമ്പർ ക്രഞ്ചിംഗിനിടയിൽ, നികുതി സമയത്ത് നമ്മുടെ വാലറ്റുകളെ പുഞ്ചിരിപ്പിക്കുന്ന ഒരു തന്ത്രം ഞങ്ങൾ കണ്ടുപിടിച്ചു!",Happiness
"ഹാഡ് വർക്കിനെ അംഗീകരിക്കാത്ത ഈ രീതി മുകളിൽ നിന്നെ ഉള്ളതാണ്, കമ്പനിയിലെ മിക്ക ലീഡേഴ്സും അങ്ങനെയാ.",Disgust
"ആ ടച്ച് ഡൗൺ! ഹോ, രോമാഞ്ചം വന്നു.",Happiness
സൈക്കിൾ കടയിൽ ബൈക്കുകളുടെ വില കണ്ടതോടെ മതിയായി. അവർ എന്നെ തളർത്തി.,Disgust
വധഭീഷണി കാരണം ചക്രവർത്തി തനിക്ക് മുമ്പേ ഭക്ഷണം കഴിക്കാൻ മറ്റൊരാൾക്ക് പണം കൊടുത്തു.,Fear
എന്റെ സെക്കൻഡ് ഹാൻഡ് പുസ്തകത്തിന് പുസ്തക വിൽപ്പനക്കാരൻ ന്യായമായ വില നൽകുമോ എന്തോ!,Fear
"ജീവനക്കാരന്റെ സ്കില്ലുകളിൽ ഞാൻ ഞെട്ടിപ്പോയി, ടീമിൽ ആദ്യമായി ചേർന്ന അന്ന് മുതൽ അവൻ ഒരുപാട് വളർന്നു.",Surprise
കേക്കിന് ഫ്ളേവർ തെറ്റായിപ്പോവുമോന്ന്  എനിക്ക് പേടിണ്ട്.,Fear
ഈ ബിസിനസ്സ് ഓൺലൈനിൽ വാഗ്ദാനം ചെയ്യുന്ന പലതരം പേയ്മെന്റ് ഓപ്ഷനുകൾ കണ്ട് ഞാൻ അന്ധാളിച്ചു പോയി.,Surprise
എന്റെ സൈക്കിളിന്റെ കുറഞ്ഞ ബജറ്റ് കാരണം സൈക്കിൾ വിൽപ്പനക്കാരൻ എന്നെ അവഗണിക്കുമ്പോൾ എനിക്ക് വിഷമം തോന്നി .,Sadness
"അവൻ ഇപ്പോൾ ഒരു കൗമാരക്കാരനാ, എന്നിട്ട് ഇപ്പോഴും മുതിർന്നവരോട് എങ്ങനെ പെരുമാറണമെന്ന് അവന് അറിയില്ല",Disgust
ആകാശം ഇടിയും മിന്നലും കൊണ്ട് നിറഞ്ഞപ്പോൾ എന്റെ മോൻ ആകെ വിറച്ചു.,Fear
"രേഖകൾ വേദനാജനകമായ ഒരു സത്യം വെളിപ്പെടുത്തിയപ്പോൾ മുറിയാകെ നിശബ്ദമായി, പ്രതീക്ഷകളുടെ തിളക്കം കെടുത്തി.",Sadness
എന്നും രാവിലെ തന്നെ വല്ലാതെ പേടിപ്പെടുത്തുന്ന നായ്ക്കൂട്ടത്തെ കണ്ട് പത്രക്കാരൻ വല്ലാതെ ഭയക്കുന്നത് ഞാൻ കണ്ടു. അതിനാൽ അതിനുവേണ്ട നടപടിയെടുക്കാൻ കോർപ്പറേഷനുമായി ഞാൻ സംസാരിച്ചു.,Fear
ദയവായി ധൃതി കൂട്ടല്ലേ. കാർ ശരിയാക്കിത്തരാം. നിങ്ങളെ ഞങ്ങടെ കസ്റ്റമർ ആയി നിലനിർത്താൻ ഞങ്ങക്ക് ഒരവസരം കൂടിത്തരൂ.,Fear
നിങ്ങൾക്കത് ശരിയാക്കാൻ പറ്റിയില്ലെങ്കിൽ നിങ്ങൾ ശരിക്കും ഫ്രീ ആയിട്ട് എന്റെ ടി.വി. മാറ്റിത്തരുമോ ?,Surprise
"ഹോസ്പിറ്റലിലെ ബില്ലിലെ ഒട്ടും പ്രതീക്ഷിക്കാതെയുള്ള അധിക ചാർജുകളിൽ ഞാൻ അൽപ്പം നിരാശനാണ്, ഇത് മഹാ കഷ്ടമായിപ്പോയി.",Sadness
പ്രമുഖ ആശുപത്രികളിൽ നിന്നുള്ളവരാണെങ്കിലും സ്പെഷ്യലിസ്റ്റ് ഡോക്ടർമാർക്ക് എന്റെ തലവേദന മാറ്റാൻ പറ്റുന്നില്ല.,Surprise
"ഹോട്ടലിൽ നിന്ന് വരുന്ന ശബ്ദം അസഹനീയമാണ്, അതിന് ചുറ്റും നിർമ്മാണ പ്രവർത്തനങ്ങൾ നടക്കുകയാണ്.",Anger
വരാനിരിക്കുന്ന പരിപാടിയുടെ പ്രതീക്ഷകൾ അവർക്ക് നിറവേറ്റാൻ  പറ്റുമോന്ന് എനിക്ക് ആശങ്കയുണ്ട്.,Fear
സ്വന്തം പണം തിരിച്ചു കിട്ടാൻ പതിനഞ്ച് മാസത്തോളം കാത്തിരിക്കണം.,Sadness
പാരീസിലെ ആ റെസ്റ്റോറന്റിലെ ഇന്ത്യൻ ഭക്ഷണം ഒരു രുചിയില്ലാത്തത് ആയിരുന്നതുകൊണ്ട് അത് കഴിക്കാൻ എനിക്ക് പറ്റിയില്ല.,Sadness
"സർ, നിങ്ങൾ അഞ്ച് മിനിറ്റ് മുമ്പ് സ്ഥലത്തു എത്തുമെന്ന് എന്നോട് പറഞ്ഞതല്ലേ . നിങ്ങൾ ഇത് എവിടെയാ?",Anger
മുപ്പത്തഞ്ച് വർഷത്തിനുശേഷം എന്റെ ഏറ്റവും ക്ലോസ് ആയ ക്ലാസ്സ്മേറ്റ്സിനെ കണ്ടുമുട്ടുന്നതിനെക്കുറിച്ച് ആലോചിച്ച് എനിക്ക് ഭയങ്കര സന്തോഷമായി.,Happiness
നീയെന്താ കളിയും കണ്ട് ഇങ്ങനെ മടി പിടിച്ചിരിക്കണെ ? നിനക്ക് എന്താ പുറത്ത് പോയി കളിച്ചൂടെ ?,Anger
എന്ത് ? കഴിഞ്ഞയാഴ്ച ഞങ്ങൾ നിങ്ങളോട് ചോദിച്ചപ്പോൾ നിങ്ങൾ ക്യാമറ വെച്ചുവെന്ന് ഞങ്ങളോട് നുണ പറഞ്ഞത് എന്തിനാ?,Anger
"ഹോസ്പിറ്റലിൽ എനിക്ക് ആവശ്യമായ ശ്രദ്ധ ലഭിക്കാൻ ഞാൻ പാടുപെടുകയാണ്, എന്റെ ആരോഗ്യപ്രശ്നങ്ങൾ ഗൗരവമായി എടുത്തിട്ടില്ലെന്ന് തോന്നുന്നു.",Sadness
ഇത് കൊള്ളാലോ! എല്ലാ പുസ്തകങ്ങൾക്കും അമ്പത് ശതമാനം ഡിസ്ക്കൗണ്ട്. നിങ്ങൾ എന്തൊരു ഡീൽ ആണ് തരുന്നത്.,Surprise
ഞാൻ യു.എസി.ലേക്ക് പോയപ്പോൾ എന്റെ കുട്ടിയെ ഇന്ത്യയിൽ തനിച്ചാക്കിയതിൽ എനിക്ക് പശ്ചാത്താപം തോന്നി.,Sadness
എന്റെ ആംറെസ്റ്റിൽ അതിക്രമിച്ചുകയറിയ വിമാനത്തിലെ രണ്ട് യാത്രക്കാർക്കിടയിൽ കുടുങ്ങിപ്പോയതിനെത്തുടർന്ന് എനിക്കാകെ നിരാശയായി .,Sadness
"തിരഞ്ഞു രണ്ടാഴ്ചയ്ക്കുള്ളിൽ ഞാൻ കണ്ടെത്തിയ കൊമെഴ്സ്യല് വാടകസ്ഥലത്ത് അപ്രതീക്ഷിതമായി ഇന്റർനെറ്റും,യൂട്ടിലിറ്റികളും ഉൾപ്പെടുത്തിയിട്ടുണ്ട്.",Surprise
ഓ! ഈ ബസ് ഡൽഹിയിലേക്കും പോണുണ്ടോ? ഇവിടെ നിന്ന് അഞ്ഞൂറ് കിലോമീറ്റർ ദൂരമില്ലേ,Surprise
റെയിൽവേ ബുക്കിംഗ് ക്ലാർക്ക് ഡൽഹിയിലെത്താനുള്ള എന്റെ തിരക്ക് കാര്യമാക്കാതെ കൗണ്ടറിൽ നിന്ന് മാറാൻ എന്നോട് ആവശ്യപ്പെടുന്നതും മഹാകഷ്ടമാണ്.,Sadness
ഞങ്ങൾ വളരെയധികം പരിശ്രമിച്ച് നേടിയ ഒരു പുതിയ ക്ലയന്റിനെക്കുറിച്ച് നിങ്ങൾ പരസ്യമായി മോശം പ്രസ്താവന നടത്തുന്നതെന്തിനാ?,Anger
"നിങ്ങടെ കുട്ടിക്ക് അടുത്ത ക്ലാസ്സിലേക്ക് സ്ഥാനക്കയറ്റം കിട്ടൂന്ന് എനിയ്ക്ക് തോന്നണില്ല, ഒരു പരീക്ഷയ്ക്ക് പോലും അവന് നല്ല മാർക്ക് കിട്ടിയിട്ടില്ല .",Sadness
ഇരുൾമൂടിയ ഈ ജീവിതത്തിൽ ഒരു സൂര്യകിരണമെങ്കിലും വന്നെത്തിയിരുന്നെങ്കിൽ...,Sadness
"ഞാൻ അപ്പുറത്തെ മുറിയിലെ രോഗികളുമായി നല്ല കൂട്ടായി, പക്ഷെ എന്റെ ഡിസ്ചാർജ് കഴിഞ്ഞപ്പൊ ഞാൻ അവരെ വല്ലാതെ മിസ്സ് ചെയ്യുന്നു.",Sadness
എനിക്ക് ഇഷ്ടപ്പെട്ട ടീം ഇന്ന് നന്നായി കളിക്കാത്തതുകൊണ്ട് എനിക്ക് വിഷമമുണ്ട്.,Sadness
"ശരി, നിങ്ങൾ അത് ശരിക്ക് മനസ്സിലാക്കൂ. തെറ്റുകൾ ഞാൻ ഒരിക്കലും അംഗീകരിക്കില്ല.",Anger
വെല്ലുവിളി നിറഞ്ഞ ഒരു മൗണ്ടൻ ബൈക്കിംഗിന് തയ്യാറെടുക്കുമ്പോ ടോം ആകെ നിരാശനായി.,Fear
എന്റെ വിശ്വാസം മുതലെടുത്ത് അച്ഛനമ്മമാർ എന്നെ പറഞ്ഞു പറ്റിക്കുമെന്ന് എനിക്ക് വിശ്വസിക്കാൻ പറ്റുന്നില്ല .അത് എന്റെ സ്വകാര്യത ഇല്ലാതാക്കലാണ്.,Disgust
അടുക്കളയുടെ മൂലയിൽ ഒളിപ്പിച്ചിരിക്കുന്ന ആ പഴയ സിങ്ക് നിങ്ങൾ കണ്ടെത്തി പുനഃസ്ഥാപിച്ചത് ശ്രദ്ധേയമാണ്. വിദഗ്ധരായ കൽപ്പണിക്കാർ ചെയ്യുന്നത് അതാണ് എന്ന് ഞാൻ കരുതുന്നു.,Surprise
എന്തിനാപ്പാ ഇക്കാലത്ത് എല്ലാ കച്ചവടക്കാരും അവരുടെ കച്ചവടത്തിനായി ലൗഡ് സ്പീക്കർ ഉപയോഗിക്കുന്നെ?,Anger
"കറന്റ് പോയപ്പോ, വീട്ടിലാകെ എന്തൊക്കെയോ വിചിത്ര ശബ്ദങ്ങൾ. ഒറ്റയ്ക്കായോണ്ട് ഞാൻ ആകെ പേടിച്ച് വിറച്ചുപോയി .",Fear
ഞാൻ ഹിന്ദി പരീക്ഷയിൽ തോറ്റു എന്ന് നിങ്ങൾ പറയാതെ തന്നെ ആ മുഖഭാവത്തിൽ നിന്ന്  എനിക്ക് അറിയാം.,Sadness
അമ്മാവൻ തന്റെ തോട്ടത്തിൽ നിന്ന് ഒരു ബാഗ് മുഴുവൻ മാമ്പഴം കൊണ്ടുവന്നപ്പോൾ എനിക്ക് അത്ഭുതമായി .,Surprise
ഭൂമിയുടെ ചരിത്രത്തിൽ നിരവധി തവണ വലിയ വെള്ളപ്പൊക്കം സംഭവിക്കാമായിരുന്നു എന്ന കാര്യം ആളുകൾ തള്ളിക്കളഞ്ഞപ്പോൾ എനിക്ക് വിഷമമായി.,Sadness
എന്താ ഹേ ഇത്? നിങ്ങൾ എനിക്ക് കാണിച്ചുതന്ന അവസാനത്തെ അഞ്ച് അപ്പാട്ട്മെന്റുകൾ എന്റെ ബജറ്റിനേക്കാൾ വളരെ കൂടുതലായിരുന്നു. ഞാൻ നിങ്ങൾക്ക് നൽകിയ നമ്പറുകൾ നിങ്ങൾ ശ്രദ്ധിക്കുന്നുണ്ടോ?,Anger
നഗരത്തിന് പുറത്തുള്ള ഗതാഗതക്കുരുക്ക് കാരണം യാത്ര തുടരുന്നതിന് മുമ്പ് നമ്മൾ കുറച്ച് സമയം കുടുങ്ങിയേക്കാം എന്ന് പറയുമ്പോ കണ്ടക്ടറുടെ ശബ്ദം ഇടറി.,Sadness
നമ്മുടെ ഭൂതകാലത്തിന്റെ ഒരു പ്രധാന ഭാഗം നഷ്ടപ്പെട്ടത് ശരിക്കും ഹൃദയഭേദകമാണ്.,Sadness
"വർത്താനം പറഞ്ഞ് ആളുകളെ മാറ്റിനിർത്താനും, ജീവിതത്തിൽ ഒറ്റപ്പെടാനും ഞാൻ എന്തായാലും ആഗ്രഹിക്കുന്നില്ല.",Fear
ഒരു വ്യാപാരതർക്കത്തിന്റെ പ്രത്യാഘാതത്തെക്കുറിച്ച് എനിക്ക് വല്ലാത്ത ആശങ്ക തോന്നുന്നു.,Fear
"ഇത്തവണ ജോലിഭാരം നിയന്ത്രിക്കാൻ ഞങ്ങൾക്ക് ആളുകൾ ഉണ്ടെന്നാണ് എന്റെ ധാരണ. കഴിഞ്ഞ വർഷത്തെ ക്ഷാമം ഞങ്ങളെ തളർത്തി, നടീലും വിളവെടുപ്പും തുടരാൻ പാടുപെടുകയായിരുന്നു.",Fear
"പഴയ ഇരുണ്ട വീടിനുള്ളിൽ പെട്ടെന്ന് തണുപ്പ് കയറി , ഏതെങ്കിലും ആത്മാവ് അവിടെ ഉണ്ടാകുമോയെന്ന് വിചാരിച്ച് ഞാൻ പേടിച്ചുവിറച്ചു.",Fear
ഓഡിഷനിടെ കാസ്റ്റിംഗ് ഡയറക്ടർ എന്നെ പെട്ടെന്ന് തടഞ്ഞ് പോകാൻ പറഞ്ഞപ്പോ ഞാൻ പൊട്ടിത്തെറിച്ചു.,Anger
റെയിൽവേ ബുക്കിംഗ് കൗണ്ടറിൽ എത്തുമ്പോഴേക്കും ചെന്നൈയിലേക്കുള്ള ടിക്കറ്റുകളെല്ലാം കഴിയുമോയെന്ന ആശങ്കയിലാണ് ഞാൻ.,Fear
ബാങ്കിൽ നിന്ന് എനിക്ക് പാസ്ബുക്ക് അപ്ഡേറ്റ് മാത്രം ആവശ്യമുള്ളപ്പോൾ ഒരു കൗണ്ടറിൽ നിന്ന് മറ്റൊന്നിലേക്ക് പോകാൻ പറഞ്ഞപ്പോ എനിക്ക് വിഷമമായി.,Sadness
ഈ ഐറ്റത്തിന്റെ വാറണ്ടി നിങ്ങൾ അംഗീകരിക്കില്ലെന്ന് എനിക്ക് വിശ്വസിക്കാൻ കഴിയുന്നില്ല.,Anger
അത് ലോകത്തിലെ ഏറ്റവും ഉയരം കൂടിയ കെട്ടിടമാണിതെന്നാ എന്നോട് പറഞ്ഞെ. ഇത് കാണാൻ നല്ല രസമുണ്ട് !,Surprise
അക്കൗണ്ട് ക്ലോസ് ചെയ്യുന്നതിന് അധിക ഫീസുകൾ ഉണ്ടാവുമോ എന്തോ!,Fear
ആ കള്ളൻ സി.ഇ.ഒ. കുറെ പണവുമായി മുങ്ങിയതാണെന്ന തോന്നുന്നെ.,Anger
ഡൽഹിയിലേക്കുള്ള യാത്രയിൽ മുകളിലെ ബെർത്ത് ബുക്ക് ചെയ്യാനും നന്നായി ഉറങ്ങാനും റെയിൽവേ ബുക്കിംഗ് ക്ലർക്ക് എന്നെ ഉപദേശിച്ചപ്പോൾ എനിക്ക് വളരെ നന്ദി തോന്നി.,Happiness
ഈ വോയ്സ് റെക്കഗ്നിഷൻ സോഫ്റ്റ്‌വെയർ എത്ര കൃത്യതയോടെയാണ് ശബ്ദം തിരിച്ചറിയുന്നത്.,Surprise
ഏതു നശിച്ച ഇടത്തൂന്നാ നിങ്ങൾക്കീ പണം? നിങ്ങളുടെ സാമ്പത്തിക സ്രോതസ്സുകൾ എന്തൊക്കെയാണെന്ന് പറയൂ .,Disgust
"ഇവന്റ് മാനേജർ എല്ലാ കാര്യങ്ങളിലും കാണിച്ച ശ്രദ്ധ എനിക്ക് വിശ്വസിക്കാൻ കഴിയുന്നില്ല, പക്ഷേ ഒരു തവണ ഡെക്കറേഷൻസിന് കാണിച്ച അശ്രദ്ധ പറയാതിരിക്കാൻ കഴിയില്ല.",Surprise
ഒരു സ്പെഷ്യൽ ഫംങ്ഷന് വേണ്ടി ഞാൻ ഓൺലൈനിൽ ഓഡർ ചെയ്ത ചെരിപ്പ് എനിക്ക് പാകമല്ലാതെ വന്നപ്പോ എനിക്ക് നിരാശയായി .,Sadness
കഴിഞ്ഞ ദിവസം ഒരു അപകടത്തിൽ രണ്ട് ജീവനക്കാർ മരിച്ചതു കൊണ്ട് ഓഫീസിലെ അന്തരീക്ഷം ആകെ ശോകമൂകമായിരുന്നു.,Sadness
ദിവസവും അമിതമായി മൊബൈൽ ഫോൺ ഉപയോഗിക്കുകയാണെങ്കിൽ മാനസികമായ പ്രശ്നങ്ങൾ ഉണ്ടാകുമെന്ന് പഠനങ്ങൾ തെളിയിച്ചിട്ടുണ്ട്.,Fear
നുഴഞ്ഞുകയറ്റം തടയാൻ ഇന്ത്യക്കാർ തടാകത്തിന് മുകളിലേക്ക് ടാങ്കുകൾ കയറ്റുമ്പോ ചൈനീസ് സൈന്യം ഉറങ്ങുകയായിരുന്നു.,Surprise
ഞങ്ങൾ ആ അവശിഷ്ടങ്ങളിലൂടെ നടന്നപ്പോൾ ചോള രാജവംശത്തിന്റെ മഹത്തായ പഴയ കാലത്തെക്കുറിച്ചൊക്കെ ഗൈഡ് നല്ല ആവേശത്തോടെ വിവരിച്ചു തന്നു.,Happiness
എനിക്ക് എന്റെ ചെവികളെ വിശ്വസിക്കാൻ കഴിയുന്നില്ല. കവർച്ച നടന്ന് ഒരു ദിവസത്തിനുള്ളിൽ കള്ളന്മാരെ ഇത്ര പെട്ടന്ന് പിടിക്കാൻ നിങ്ങൾക്ക് എങ്ങനെ കഴിഞ്ഞു?,Surprise
ഓ! മെട്രോയിൽ സൈക്കിളുകൾ അലാേ ചെയ്യും. എനിക്ക് അറിയില്ലായിരുന്നു .,Surprise
"ഈ പുരാവസ്തുക്കൾ കഴിഞ്ഞ കാലത്തിന്റെ കണ്ണികളാണ്, അവ നഷ്ടപ്പെട്ടാൽ, നമ്മുടെ പങ്കിട്ട ചരിത്രത്തിന്റെ ഒരു ഭാഗം തന്നെ നഷ്ടപ്പെടും.",Fear
"വിമാനത്തിൽ എന്റെ ബാഗേജ് ലോഡ് ചെയ്യാത്തതിന് ഞാൻ എയർലൈനിനെതിരെ കേസെടുക്കാൻ പോകുന്നു, ഇപ്പോ അത് കാണാനില്ല.",Anger
ഫ്രാൻസിലെ റെസ്റ്റോറന്റുകളിലൊക്കെ പോയാൽ ഭാഷ അറിയാതെ എങ്ങനെയാ ഭക്ഷണം ഒക്കെ ഓഡർ ചെയ്യുക?,Fear
"ബാലസോറിലെ ട്രെയിൻ അപകടത്തിന് ശേഷം, എനിക്ക് ട്രെയിനിൽ പോകുന്നത് ആലോചിക്കുമ്പഴേ വിറയലാണ്.",Fear
ഡയറക്റ്റർ തല കുലുക്കിയതോടെ വിജയസാധ്യതയെല്ലാം കൈവിട്ടുപോയി.,Sadness
"ഓ, ഇത്രയും ഉയർന്ന നിലവാരമുള്ള സ്വർണ്ണം ഉപയോഗിച്ചാണ് ഇത് നിർമ്മിച്ചതെന്ന് എനിക്കറിയില്ലായിരുന്നു. കരകൗശല വൈദഗ്ധ്യവും മെറ്റീരിയൽ തിരഞ്ഞെടുപ്പും എങ്ങനെ തടസ്സമില്ലാതെ കൂടിച്ചേരുന്നു!",Surprise
ഞാൻ ഒരുപാട് തവണ പരീക്ഷണം നടത്താൻ ശ്രമിച്ചെങ്കിലും നല്ല റിസൾട്ടുകൾ കിട്ടില്ല .,Sadness
ഈ ഓൺലൈൻ ഹാക്കർമാർ മൂലം മകളുടെ വിവാഹത്തിനായി സമ്പാദിച്ച പൈസ നഷ്ടപ്പെട്ട ആളോട് എനിക്ക് സഹതാപം തോന്നുന്നു.,Sadness
കഴിഞ്ഞ വർഷം മാർക്കറ്റ് മോശമായ സമയത്ത് എന്റെ ഇൻവെസ്റ്റ്മെൻ്റ് പോർട്ട്ഫോളിയോ നോക്കുമ്പോ ഞാൻ ആകെ ഗ്ലൂമി ആകുമായിരുന്നു.,Sadness
ഹലോ സഹോദരാ. ഇന്ന് ഞാൻ വളരെ നല്ല മൂഡിലാ. ദയവായി എന്റെ താടിയും കൂടി വൃത്തിയാക്കു.,Happiness
ശോചനീയ സാഹചര്യങ്ങൾ കാരണം പരിപാടി ക്യാൻസൽ ആക്കിയിട്ടും ഞങ്ങളുടെ പണം എടുത്തതിന് ഞാൻ മാനേജരോട് ദേഷ്യപ്പെട്ടു.,Anger
നാളെ മുതൽ ആരംഭിക്കുന്ന ന്യൂസ് പേപ്പർ ഡെലിവറിയെക്കുറിച്ച് എനിക്ക് അൽപ്പം ആശങ്കയുണ്ട്. അത് മുമ്പത്തെപ്പോലെ വിശ്വസിക്കാൻ പറ്റുമോ ആവോ ?,Fear
പെർഫോമൻസിന്റെ തലേന്ന് രാത്രി അഞ്ച് ഗ്ലാസ് നാരങ്ങ സോഡ കഴിച്ചതിന് ശേഷം രാവിലെ സ്റ്റേജിൽ പാടാനുള്ള മകന്റെ കഴിവിനെക്കുറിച്ച് എനിക്ക് ആശങ്കയുണ്ടായിരുന്നു .,Fear
എന്റെ ക്ലാസില് നിങ്ങളുടെ കുട്ടിയുടെ പെരുമാറ്റം തീരെ ശരിയല്ല.,Anger
നിനക്ക് എന്താ ഇത്ര അച്ചടക്കമില്ലാത്തേ? ഒരു പരീക്ഷയ്ക്ക് പഠിച്ച് മാർക്ക് വാങ്ങാൻ അത്ര ബുദ്ധിമുട്ടാണോ?,Anger
പിരമിഡ് മാർക്കറ്റിംഗ് ആണത്രേ! ആൾക്കാരെ പറ്റിക്കാൻ കമ്പനി ഇറക്കുന്ന ഓരോ നമ്പറുകൾ!,Disgust
"പഠിക്കുന്നതിനും കളിക്കുന്നതിനുമാണ് ഞാൻ മൊബൈൽ ഉപയോഗിക്കുന്നത് , അതില്ലാതെ പറ്റില്ല, അച്ഛാ.",Sadness
ചില ഫാൻസ് മോശം ഭാഷ ഉപയോഗിക്കുന്നത് വല്ലാതെ അസ്വസ്ഥതയുണ്ടാക്കുന്നു.,Disgust
ഭൂമിയിലെ കൂടുതൽ പ്രധാനപ്പെട്ട പല പ്രശ്നങ്ങളും അവഗണിച്ചുകൊണ്ട് ചില രാജ്യങ്ങൾ ബഹിരാകാശ പര്യവേഷണത്തിനായി കൂടുതൽ പൈസ ചെലവഴിക്കുന്നതിൽ എനിക്ക് ദേഷ്യമുണ്ട്.,Anger
എൻ്റെ സുഹൃത്തിൻ്റെ കമ്പനിക്ക് ഐ.പി.ഒ.യിൽ ഇത്ര പെട്ടെന്ന് ഓവർസബ്സ്ക്രിപ്ഷൻ ആയി എന്നത് എനിക്ക് വിശ്വസിക്കാനേ കഴിയുന്നില്ല.,Surprise
"യാത്രക്കാരിൽ ഒരാൾ ടിക്കറ്റിന് പണം നൽകാൻ സമ്മതിക്കാതെ ബസ് നിർത്തി, കൃത്യസമയത്ത് ഇനി ഓഫീസിൽ എത്താന് പറ്റില്ല.",Anger
രോഗനിർണയം നടത്താതെ എന്റെ അമ്മായിയമ്മയുടെ ചർമ്മത്തിന്റെ പ്രശ്നത്തിന് ഡോക്ടർ അനാവശ്യ മരുന്ന് നിർദ്ദേശിച്ചു.,Anger
എന്റെ ബഡ്ജറ്റിൽ നിങ്ങൾ അമിതവിലയുള്ള ഈ ഡയമണ്ട് നിർദ്ദേശിക്കുമെന്ന് ഞാൻ കരുതിയില്ല! ഞാൻ സ്വർണ്ണം കൊണ്ടുണ്ടാക്കിയതാണോ?,Anger
എതിർ ടീമിനോടുള്ള ആരാധകരുടെ പെരുമാറ്റം ലജ്ജാകരമായിരുന്നു.,Disgust
വാടക വീടിനുള്ള ബ്രോക്കറേജ് ഫീസ് എല്ലാ മാർക്കറ്റിംഗും പരസ്യവും ഉൾപ്പെടുത്തുമെന്ന് ഞാൻ പ്രതീക്ഷിച്ചിരുന്നില്ല.,Surprise
ഭൂവുടമകളിൽ നിന്നുള്ള പിന്തുണയുടെയും സംഘടനയുടെയും അഭാവം മൂലം തൊഴിലാളികളുടെ കഠിനാധ്വാനം പാഴാകാൻ ഞാന് സമ്മതിക്കില്ല.,Anger
ഈ വർഷം വിദേശ പണമയയ്ക്കലിന് അഞ്ച് ശതമാനം ടാക്സേയുള്ളൂ എന്നാണ് എന്റെ ധാരണ.,Happiness
"അവൻ വിരമിച്ചപ്പോൾ ടീമിൻ്റെ നെടുംതൂണാണ് പോയത്, അവനെ പോലെ കളിക്കുന്ന വേറെ ആരും ഇല്ല ടീമിൽ.",Sadness
കൊറിയർ പാഴ്സൽ നഷ്ടപ്പെട്ടതിനെക്കുറിച്ച് കസ്റ്റമറിനോട് എന്താണ് പറയേണ്ടതെന്ന് എനിക്കറിയുന്നില്ല.,Fear
ഞാൻ നന്നായി പഠിച്ചെങ്കിലും പരീക്ഷേലൊന്നും വേണ്ടത്ര മാർക്ക് നേടാൻ പറ്റിയില്ല.,Sadness
തനിക്കു പ്രിയപ്പെട്ട കായികതാരം ലോക റെക്കോഡ് തകർത്തത് കണ്ട് മഹേഷ് ആവേശഭരിതനായി.,Happiness
ഞങ്ങൾ വളർത്തിയിരുന്ന അണ്ണാനെ കഴിഞ്ഞയാഴ്ച കാട്ടിലേക്ക് വിടേണ്ടി വന്നു.,Sadness
"സാമ്പത്തിക രേഖകൾ പരിശോധിച്ചപ്പോ , വരാനിരിക്കുന്ന വിപത്തിന്റെ ഞെട്ടിക്കുന്ന ഒരു സൂചന കിട്ടി.",Fear
ഇന്നലെ കിട്ടിയ സിലിണ്ടറിന് മുമ്പത്തേതിനേക്കാൾ വെയിറ്റ് കുറവായതിൽ ഞാൻ അസ്വസ്ഥനാണ്. നമ്മൾ ഇപ്പോൾ കുറഞ്ഞ അളവിന് കൂടുതൽ പണം നൽകുന്നുണ്ടോ എന്ന് എനിക്ക് നല്ല സംശയമുണ്ട്.,Anger
എന്റെ കമ്പനിയുടെ ഓഹരി മൂല്യത്തിലെ പെട്ടെന്നുള്ള ആ ഇടിവ് കണ്ടപ്പോൾ ഞാൻ ആകപ്പാടെ തകർന്നുപോയി.,Sadness
ഫ്രിഡ്ജിൽ നിന്ന് വെള്ളം ചോരുന്നതിനെക്കുറിച്ച് എനിക്ക് കുറച്ച് ഉൽകണ്ഠ തോന്നുന്നു ഇത് എന്റെ അടുക്കളയുടെ തറയ്ക്കോ ഉപകരണത്തിനോ എന്തെങ്കിലും കേടുപാടുകൾ വരുത്തുമോ?,Fear
അയ്യേ! ആ ചെറുക്കൻ കുളത്തിൽ മൂക്ക് ചീറ്റി. നമുക്ക് തിരിച്ചു പോകാ.,Disgust
രാത്രിയിൽ ഓക്ക്ലാൻഡ് നഗരത്തിലൂടെ ഡ്രൈവ് ചെയ്യുന്നതിൽ എനിക്കൊട്ടും സുരക്ഷിതത്വം തോന്നിയില്ല.,Fear
അവരുടെ പ്രവർത്തനങ്ങളെക്കുറിച്ച് എനിക്ക് നല്ല ആശങ്കയുണ്ട്.,Fear
എന്റെ പാക്കേജുകൾ തെറ്റായി കൈകാര്യം ചെയ്യുന്നത് ഇതാദ്യമല്ലാത്തതിനാൽ മോശം സർവീസ് ക്വാളിറ്റിയെക്കുറിച്ച് എനിക്ക് വളരെ അസ്വസ്ഥത തോന്നുന്നു.,Sadness
കുറെ വർഷങ്ങളായിട്ടുള്ള എന്റെ സഹപ്രവർത്തകൻ സ്ഥാപനം വിടാൻ തീരുമാനിച്ചപ്പോൾ കഴിഞ്ഞ കുറെ വർഷങ്ങളിൽ ഒരുമിച്ച് ഉണ്ടായത് ഓർത്ത് എനിക്ക് ഒരു നൊസ്റ്റാൾജിയ തോന്നി .,Sadness
"വർഷങ്ങളിലായിട്ട് നിനക്ക് ഒരു മാറ്റവുമില്ല, അതുകൊണ്ട് നിന്നെ ഒരു ബോർഡിംഗ് സ്കൂളിൽ ചേർക്കുന്നതിനെക്കുറിച്ച് ഞങ്ങൾ ആലോചിക്കുമെന്ന് നീ വിചാരിക്കുന്നുണ്ടോ?",Surprise
"മാറ്റിസ്ഥാപിക്കുന്നത് ചിലവു കൂടുതലായ കാരണം അറ്റകുറ്റപ്പണികൾ നടത്താമെന്ന് ഞാൻ കരുതി, പക്ഷേ അറ്റകുറ്റപ്പണികൾക്കുള്ള ചെലവ് വളരെ കൂടുതലാണെന്ന് അറിഞ്ഞപ്പോൾ എനിക്ക് നിരാശ തോന്നി.",Sadness
ഡെലിവറി ചെയ്യുന്നതിനിടയിൽ കൊറിയറിന്റെ പാക്കേജ് നഷ്ടപ്പെടുമോ പോകുമോ എന്ന് എനിക്ക് നല്ല പേടിയുണ്ടായിരുന്നു.,Fear
തങ്ങളുടെ കമാൻഡറെ ആക്രമിച്ചപ്പോൾ ഇന്ത്യൻ സൈനികർ പ്രകോപിതരാകുകയും ശത്രുക്കൾക്കെതിരെ തിരിച്ചടിക്കുകയും ചെയ്യേണ്ടതായിരുന്നു.,Anger
അഭിലാഷ് ടോമി തന്റെ വള്ളത്തിൽ ഭൂമി ചുറ്റിക്കറങ്ങിയ ശേഷം അദ്ദേഹം ഏഴാം സ്വർഗ്ഗത്തിലായിരുന്നു.,Happiness
അൽഷിമേഴ്സ് രോഗം കാരണം മുമ്പ് സജീവമായിരുന്ന എന്റെ ബന്ധു ചുറ്റുമുള്ള ലോകത്തെ മറന്നത് എനിക്ക് ദാരുണമായി തോന്നി.,Sadness
ഓർത്തോ ഡോക്ടർ തരുന്ന അലോപ്പതി മരുന്നുകൾക്ക് ഭയങ്കര സൈഡ് ഇഫക്ടുകൾ ഉണ്ട്.,Fear
എളുപ്പമുള്ള ഉദാഹരണങ്ങൾ ഉപയോഗിച്ച് ബുദ്ധിമുട്ടുള്ള വിഷയങ്ങൾ എഴുത്തുകാരന് ഇത്രയും ലളിതമാക്കിയത് എങ്ങനെയാണാവോ!,Surprise
"റെസ്റ്റോറന്റിന്റെ വളരെ നല്ല സർവീസും ,എല്ലാ കാര്യങ്ങളിലുമുള്ള ശ്രദ്ധയും ഭക്ഷണത്തിന്റെ സ്വാദ് വർദ്ധിപ്പിക്കുന്നു.",Happiness
"സിനിമ നല്ലതാണെങ്കിലും എനിക്ക് വളരെ സങ്കടം തോന്നാ, എന്താച്ച അവസാനം അവർ എന്റെ ഫേവറിറ്റ് കാരക്ടറിനെ കൊന്നു.",Sadness
"ആളുകൾ അറിയാതെ വ്യാജ സ്വർണ്ണാഭരണങ്ങൾ വാങ്ങുന്നതിനെക്കുറിച്ചുള്ള കഥകൾ ഞാൻ കേട്ടിട്ടുണ്ട്, പക്ഷെ അത് അനുഭവത്തിൽ വരുമോ?",Fear
കടയുടമകളിൽ നിന്ന് പണം തട്ടാൻ ഗുണ്ടകൾ മാർക്കറ്റിലാകെ കറങ്ങിനടക്കുകാ.,Fear
"നിങ്ങൾ നിർമ്മിച്ച മതിൽ ഒരു വശത്തേക്ക് ചായുന്നുണ്ട്, ഇത് ഒരു വൻ ദുരന്തമാണ്, പൈസ വേസ്റ്റ് ആണ്, ഒരു കല്പണിക്കാരൻ എന്ന നിലയില് നിങ്ങളുടെ മിടുക്ക് ആണ് ഇത് കാണിക്കുന്നത്.",Anger
"ഞാൻ ഒരു മണിക്കൂർ ആയി ജ്വല്ലറിയിൽ വന്നിട്ട് , ഇതുവരെ ആരും എന്റെ അടുത്തേക്ക് വന്നില്ല. നിങ്ങളുടെ സ്റ്റോർ എനിക്ക് മതിയായി.",Anger
ആൾ ഇന്ത്യ ഗാനാലാപന മത്സരത്തിൽ ജഡ്ജസിനോട് അപമര്യാദയായി സംസാരിച്ച ഗായകന്റെ ഭാവി എന്തായിത്തീരും.,Fear
അമൃത്സറിലെ പഞ്ചാബി ധാബയിലെ പാലക് പനീർ നാന് കോമ്പിനേഷൻ എനിക്കിനിയും വേണം.,Happiness
ഈ ഭീമൻ പ്രൊജക്റ്റ് ആരംഭിക്കുന്നതിൽ നീ ത്രില്ലിൽ ആണോ? നിനക്ക് ടെൻഷൻ ഉണ്ടാകുമെന്നാ ഞാൻ കരുതിയേ .,Surprise
കായികതാരങ്ങൾ അവരുടെ എതിരാളികളെ അവഹേളിക്കുന്നത് എന്തു കഷ്ടാ!,Disgust
വൗ! അഡ്രസ്സിൽ വളരെയധികം കൺഫ്യൂഷൻ ഉണ്ടെങ്കിലും ഞങ്ങൾക്ക് കൃത്യ സ്ഥലം കണ്ടെത്താൻ കഴിഞ്ഞു.,Surprise
"ഈ സ്വർണ്ണ ചെയിൻ ചതിയാണ്, എന്നിട്ടും ആധികാരികമാണെന്ന് എങ്ങനെ പറയും? ഞാൻ വ്യാജമായ ആഭരണങ്ങൾക്കു വേണ്ടിയല്ല ഇവിടെ വന്നത് !",Anger
ആ ക്യൂ ആർ. കോഡ് സ്കാൻ ചെയ്യരുത്. നിങ്ങൾ അങ്ങനെ ചെയ്താൽ നിങ്ങളുടെ മുഴുവൻ പണവും നഷ്ടപ്പെടൂന്നാ ഞാൻ വിചാരിക്കുന്നേ.,Fear
"ഹോസ്പിറ്റൽ ബില്ലിലെ ഡോക്ടറുടെയും ട്രാൻസ്പോട്ടേഷന്റെയും അധിക ഫീസ് ഞാൻ വിചാരിച്ചിരുന്നതല്ല, ഇത് എന്നെ ആകെ നിരാശനാക്കി.",Sadness
എന്റെ വയറ് എല്ലാത്തരം ഭക്ഷണങ്ങളോടും പൊരുത്തപ്പെട്ടുവെന്ന് എനിക്ക് തോന്നുന്നതിനാൽ എനിക്ക് വലിയ ശ്രദ്ധ ഒന്നൂല്ല.,Happiness
"പ്രിയപ്പെട്ട യാത്രക്കാരേ, പറഞ്ഞപോലെ നിങ്ങളുടെ ട്രെയിൻ ടിക്കറ്റ് നാളേക്ക് മാറ്റിയിട്ടുണ്ട്. ഒരു നല്ല യാത്ര ആശംസിക്കുന്നു!",Happiness
"നിങ്ങളുടെ കടയിൽ എപ്പോഴും വലിയ തിരക്കാണ്, ആളുകൾ അങ്ങോട്ടുമിങ്ങോട്ടും ഉന്തും തള്ളുമാണ്. എനിക്ക് അത് കാണുമ്പോഴേക്കും ഭയങ്കര ദേഷ്യം വരും.",Anger
എന്റെ ഈ വയറുവേദന സെമസ്റ്ററിനെ തടസ്സപ്പെടുത്തിയേക്കാം!,Fear
ആ നായ്ക്കൾ അലറിക്കൊണ്ട് എന്നെ തുറിച്ചു നോക്കാ. ഞാൻ ആ വശത്തേക്ക് പോയാ ചിലപ്പോ അവ എന്നെ കടിയ്ക്കും.,Fear
"നിങ്ങൾ രാവിലത്തെ ഭക്ഷണം കഴിയ്ക്കാതെ നീന്താൻ പോയാ ഇങ്ങനെയേ ഉണ്ടാവൂ. അടുത്ത തവണ നിനക്ക് മുങ്ങിച്ചാവാൻ ആഗ്രഹം ഇല്ലെങ്കി, ഒരു പഴമെങ്കിലും കഴിച്ചിട്ട് പൊയ്ക്കോ .",Anger
"ആ ബീച്ചില്‍ നിറയെ മാലിന്യമാണ്, എനിക്കവിടെ പോകുന്നത് ഇഷ്ടമല്ല.",Disgust
ഉരസൽ നന്നാക്കി നിങ്ങളുടെ വണ്ടിയുടെ ആ സുന്ദര രൂപം തിരികെ നൽകാൻ കഴിഞ്ഞല്ലോന്നാ,Happiness
ചെന്നൈയിലെ ട്രാഫിക്കിൽ വണ്ടി നിർത്താൻ എനിക്ക് പേടിയാണ്. പ്രത്യേകിച്ച് ബെല്ലും ബ്രേക്കുമില്ലാത്ത ചെന്നൈ സിറ്റി ബസ് പുറകിലുണ്ടേൽ.,Fear
ഈ പ്രശസ്ത അഭിഭാഷകൻ ഈ കേസിൽ എങ്ങനെ മറുപടി പറയുമെന്ന് എനിക്ക് ഉറപ്പില്ലാ.,Fear
ആരോ നിങ്ങളുടെ വീട് കൊള്ളയടിച്ചുവെന്ന് കേട്ടതിൽ ഞങ്ങൾക്ക് വിഷമമുണ്ട്.,Sadness
ഏയ്! നിന്നോട് ഇത്രയും ശക്തമായ വികാരങ്ങൾ എനിക്ക് ഉണ്ടാവുമെന്ന് ഞാൻ ഒരിക്കലും വിചാരിച്ചതല്ല. ഇതൊരു അൽഭുതം തന്നെ .,Surprise
നിങ്ങൾക്ക് ഒരു ജോടി പോലും ഫുട്ബോൾ സ്റ്റഡുകൾ ബാക്കിയില്ലെ? അപ്പോ നാളത്തെ മത്സരം കളിക്കാൻ പറ്റില്ലാന്നാ എനിക്ക് തോന്നണേ .,Sadness
വീടും കുടുംബവും ഇല്ലാതെ ചെന്നൈ നഗരത്തിലൂടെ ഭിക്ഷക്കാർ അലഞ്ഞുനടക്കുന്ന കാഴ്ച്ച ആരെയും കരയിപ്പിക്കുന്നതാണ്.,Sadness
"എന്റെ പഴയ കുളിമുറിയിലെ കേടായ ടൈലുകൾ നോക്കുമ്പോൾ, കഴിഞ്ഞുപോയ വർഷങ്ങളെക്കുറിച്ച് ചിന്തിച്ച് എനിക്ക് ആകെ വിഷമമായി.",Sadness
ലോൺ തിരഞ്ഞെടുക്കുമ്പോൾ ഇത്രയും കാര്യങ്ങൾ നോക്കണമെന്ന് അവർ മനസ്സിലാക്കിയേയില്ല!,Surprise
നിക്ഷേപ സ്ഥാപനങ്ങൾ ഈടാക്കുന്ന അമിത ഫീസുകൾ ശരി കൊള്ളയാ.,Anger
എനിക്ക് ലഭിച്ച പരാതികളോടുള്ള നിങ്ങളുടെ പെട്ടെന്നുള്ള റെസ്പോൺസ് ശരിക്കും ശ്രദ്ധേയമാണെന്ന് ഞാൻ പറയാൻ ആഗ്രഹിക്കുന്നു. നിങ്ങളുടെ പത്ര വിതരണം വളരെ നല്ലതാണ്..,Happiness
പോലീസ് എത്തണവരെ നിങ്ങൾ അയാൾക്കെതിരെ നടപടിയെടുക്കില്ല എന്നതോണ്ട് നിങ്ങൾ എന്താ ഉദ്ദേശിക്കുന്നെ? നിങ്ങൾ ഒരു ഡോക്ടറല്ലേ?,Anger
എന്തുകൊണ്ടാണ് ആ നടൻ അവാർഡിനായി നോമിനേറ്റ് ചെയ്യപ്പെടുന്നെന്ന് എനിക്ക് മനസ്സിലാകുന്നില്ല. അയാൾ തീരെ പോരാ.,Disgust
ആർക്കും പണം കൊടുക്കാതെ ക്ഷേത്രത്തിന്റെ ശ്രീകോവിലിലേക്ക് വിളിച്ചപ്പോ ഞങ്ങൾ അമ്പരന്നു.,Surprise
ഇത് വളരെ കഷ്ടമാണ് ! ഞാൻ എപ്പോ ഈ ബസിൽ കയറുമ്പോഴും അത് എപ്പോഴും വൈകും .,Anger
"ഈ കടയിലെ വെളിച്ചം എന്ത് മോശമാണ്, നല്ല സാധനം പോലും ഇവിടെ ചീത്തയായിട്ടാണ് കാണുന്നത്.",Disgust
"എന്റെ ലാപ്ടോപ്പ് ക്രാഷായതിനാൽ, ഡാറ്റ റീസ്റ്റോർ ചെയ്യാൻ എനിക്ക് ബാക്കപ്പ് ഇല്ലാത്തതുകൊണ്ട് എനിക്ക് വിഷമം തോന്നുന്നു.",Sadness
ഈ സ്മാർട്ട് ഹോം സെക്യൂരിറ്റി സിസ്റ്റത്തിന് ഫേഷ്യൽ റെക്കഗ്നിഷൻ ഉണ്ടാകുമെന്ന് ഞാൻ പ്രതീക്ഷിച്ചിരുന്നില്ല. അത് ആകർഷകമാണ്!,Surprise
ഇങ്ങനെ സ്ലോ ആയിട്ടുള്ള സമ്പദ്  വ്യവസ്ഥയിൽ സ്റ്റാട്ടപ്പുകളിലേക്ക് നിക്ഷേപിക്കുന്ന പണത്തിന്റെ അളവ് എന്നെ അൽഭുതപ്പെടുത്തുന്നു.,Surprise
പണം വാഗ്ദാനം ചെയ്യുന്ന ഓൺലൈൻ ലിങ്കുകളിൽ ക്ലിക്ക് ചെയ്യുന്നത് മൂന്ന് മാസം മുമ്പ് ഞാൻ നിർത്തിയെന്ന് നിനക്കറിയില്ലേ?,Surprise
ബസ് ദിനത്തിൽ ചെന്നൈയിലെ പല കോളേജുകളിൽ നിന്നുള്ള വിദ്യാർത്ഥികളുടെ പെരുമാറ്റം ശരിക്കും മോശമാണ്.,Anger
"ഈ ടൗണിലുള്ള എല്ലാ കടകളിലേക്കും ഞാൻ വിളിച്ചു നോക്കി ,പക്ഷേ എവിടെയും ഒരു ഡിഷ് വാഷർ ഉണ്ടായിരുന്നില്ല.",Sadness
ഇന്നലെ രാത്രി നിങ്ങൾ സംസാരിച്ചപ്പോൾ ഞാൻ ഉറങ്ങിപ്പോയതിൽ ക്ഷമിക്കണേ.,Sadness
അവർ ഒരു സംഘമായാണ് പോയെങ്കിലും അവൾ മാത്രമാ തിരിച്ചെത്തിയെ .,Sadness
"അയാളുടെ അഭിനയം കണ്ടാൽ എഴുന്നേറ്റ് ഓടാൻ തോന്നും, ഞാനില്ല ഇനി അയാളുടെ പരിപാടിക്ക്.",Disgust
"ഞാൻ വർഷങ്ങളായി നിങ്ങളുടെ ജ്വല്ലറിയുടെ വിശ്വസ്തനായ കസ്റ്റമർ ആണ്, എന്നിട്ട് നിങ്ങൾ എനിക്ക് ഈ സബ്പാർ ഓപ്ഷനുകൾ കാണിച്ച് തരുന്നു ?ഇത് എന്ത് മര്യാദയാണ്?",Anger
"ഹലോ മാഡം, എന്റെ പേര് ഖാൻ, നിങ്ങൾക്ക് വേണ്ട സഹായം ചെയ്യാൻ എനിക്ക് സന്തോഷമുണ്ട്.",Happiness
ടൈറ്റാനിക് മുങ്ങി മരിച്ചവരുടെ കുടുംബങ്ങളെ കുറിച്ച് ഓർക്കുമ്പോൾ എനിക്ക് വല്ലാത്ത വിഷമം തോന്നും.,Sadness
പതിമൂന്ന് ഫുട്ബോൾ കളിക്കാരെ ഗുഹയിൽ നിന്ന് ജീവനോടെ പുറത്തെടുത്തപ്പോ എനിക്ക് എന്റെ കണ്ണുകളെ വിശ്വസിക്കാനായില്ല.,Surprise
"എൻ്റെ ഫ്ലാറ്റിനടുത്ത് ഒരാളുണ്ട്, അയാൾ വായ തുറക്കുന്നത് തന്നെ എന്നെ പരിഹസിക്കാനാണ്, അതുകൊണ്ട് തന്നെ അയാളെ എനിക്ക് കണ്ണെടുത്താൽ കണ്ടൂടാ.",Anger
ഹോട്ടൽ ജീവനക്കാരുടെ പെരുമാറ്റം വളരെ മോശമാ. ഞാൻ ഒരു മത്തങ്ങ പോലെ ഇരിക്കുന്നു എന്ന് അയാൾ പറഞ്ഞു.,Sadness
"കായികതാരങ്ങളുടെ അമിതവിദ്വേഷവും, പരുഷമായ കളിയും അപമാനം തന്നെ.",Disgust
ഒരാൾ പെട്രോൾ നിറയ്ക്കാൻ മോട്ടോർ ഘടിപ്പിച്ച കട്ടിലുമായി വന്നപ്പോൾ പെട്രോൾ ബങ്കിലെ ആൾ അന്ധാളിച്ചുപോയി .,Surprise
നിയമത്തിനൊക്കെ പുല്ലുവില കൽപ്പിച്ചാണ് ആളുകൾ ഇപ്പോൾ വീടുകൾ നിർമ്മിക്കുന്നത്.,Anger
"ഒരു മണിക്കൂർ മുമ്പ് എന്റെ ലോണ്ഡ്റി എടുക്കണമെന്ന് ഞാൻ ഹോട്ടൽ സ്റ്റാഫിനോട് പ്രത്യേകം പറഞ്ഞതാണ്, ആരും വന്നില്ല. ഈ ഉത്തരവാദിത്തക്കുറവ് കാരണം എന്റെ പ്ലാനൊക്കെ തെറ്റി.",Anger
പൂക്കളിൽ ചവിട്ടരുത്! നിങ്ങൾ അങ്ങനെ ചെയ്താൽ എനിക്ക് അതെങ്ങനെ വിൽക്കാൻ പറ്റും !,Anger
നാറ്റം അസഹനീയം. പുള്ളിക്കാരനെ ചതുപ്പിലൂടെ വാഹനമോടിക്കാൻ ഒരു നിവൃത്തിയില്ല.,Disgust
"എനിക്ക് ദേഷ്യം സഹിക്കാൻ പറ്റുന്നില്ല, ഞാൻ ജഡ്ജ് ആയിരുന്നെങ്കിൽ , മയക്കുമരുന്ന് മാഫിയാ തലവന്മാർക്ക് കോടതിയിൽ ഉറപ്പായും വധശിക്ഷ നൽകിയേനെ.",Anger
സീനിയർ ലീഡർഷിപ്പ് പുതിയ ആളുകൾ വേണമെന്ന് ആഗ്രഹിക്കുകയും എന്നാൽ അവരുടെ ആശയങ്ങൾ അംഗീകരിക്കാതിരിക്കുകയും ചെയ്യുന്നത് ദേഷ്യം പിടിപ്പിക്കുന്നതാണ് .,Anger
"ഒരു പ്രൊമോഷന് വേണ്ടി അവൻ ഇങ്ങനെ ചെയ്യുമെന്ന് ഞാൻ കരുതിയില്ല, അവന് ഇത്ര ആഗ്രഹുമുണ്ടായിരുന്നെങ്കിൽ ഒരു വാക്ക് പറഞ്ഞാൽ പോരെ, ഞാൻ മാറിക്കൊടുക്കില്ലായിരുന്നോ?",Sadness
ഞാൻ എന്റെ പാൻ കാഡ് കാണിച്ചില്ലെങ്കി എന്റെ രജിസ്ട്രേഷൻ ക്യാൻസൽ ആക്കുന്ന് അവർ പറഞ്ഞു.,Fear
"അവളുടെ പ്രവർത്തന ധാർമ്മികതയും അർപ്പണബോധവും വർഷങ്ങളായി എന്നെ ശരിക്കും അത്ഭുതപ്പെടുത്തിയിട്ടുണ്ട് , അവൾ വിട്ടുപോകുന്നതിനെക്കുറിച്ച് ചിന്തിക്കുകയാണെന്ന് വിശ്വസിക്കാൻ പ്രയാസമാണ്.",Surprise
നിങ്ങൾക്കെന്താ? എനിക്ക് പ്രശ്നം വന്നാൽ അത് എന്റെ തലയാ പോകുന്നെ.,Anger
പഠനം നിങ്ങൾക്ക് ഗൗരവമുള്ളതാവണമെങ്കിൽ ഈ ക്ലാസ്സ്  ശ്രദ്ധിക്കണം.,Anger
"ട്രാഫിക് ജാമിൽ മറ്റുള്ളവരെക്കാൾ മുന്നിലെത്താൻ, ഞാൻ നടന്നിരുന്ന നടപ്പാതയിലൂടെ ആളുകൾ വാഹനമോടിച്ചപ്പോൾ ഞാന് അലറി.",Anger
ഞാൻ ഓഡർ ചെയ്ത പുതിയ കേക്കിന് ഇങ്ങനെ പ്രത്യേക രുചി ഉണ്ടാകുമെന്ന് ഞാൻ പ്രതീക്ഷിച്ചിരുന്നില്ല!,Surprise
എന്റെ ബർത്ഡേ കേക്ക് കൃത്യസമയത്ത് വീട്ടിൽ എത്തിക്കാത്തതിൽ ഞാൻ നിരാശനായിരുന്നു.,Sadness
ഇത്രക്കു മധുരമുള്ള പേരയ്ക്ക ഞാൻ ഇതുവരെ കഴിച്ചിട്ടില്ല !,Surprise
"ഈ സൈറ്റിൽ നിന്ന് സാധനം ഓഡർ ചെയ്യാനുള്ള ധൈര്യമൊന്നും എനിക്കില്ല, അവർ കുറെ ആളുകളെ പറ്റിച്ചിട്ടുള്ളതായി കേട്ടിട്ടുണ്ട്.",Fear
ക്ളൗഡ് ആർക്കിടെക്ചറിനായി ഞങ്ങളുടെ മികച്ച സ്ഥാനാർത്ഥികളുമായി ഞാൻ എല്ലായ്പ്പോഴും ടെൻറർഹൂക്കിലാണ്. നമ്മുടെ മത്സരം അവരെ വേട്ടയാടുന്നതിലാണ് അവസാനിക്കുന്നത്.,Fear
കോവിഡ് പത്തൊൻപത് കേസുകളിൽ സമീപകാലത്തുണ്ടായ വർദ്ധനവ് കാരണം ഇപ്പോൾ പുറത്തിറങ്ങാനുള്ള ധൈര്യം പോലും ഇല്ല.,Fear
നിങ്ങൾക്കെന്തായാലും ഇഷ്ടപ്പെടുമെന്ന് കരുതുന്ന ഒരു പുതിയ നൃത്ത ശൈലി നിങ്ങൾ അടുത്തറിയാൻ പോകുകല്ലേ!,Happiness
വൗ! മുൻകൂർ ഉടമസ്ഥതയിലുള്ള ബുക്കുകളും അവർ വിൽക്കുന്നുണ്ടോ? അവരത് വിൽക്കുമെന്ന് ഞാൻ ഒരിക്കലും പ്രതീക്ഷിച്ചില്ല.,Surprise
കുടുംബത്തെ നഷ്ടപ്പെട്ടതിനുശേഷം അദ്ദേഹത്തിൻ്റെ ജീവിതത്തിൽ വല്ലാത്തൊരു ശൂന്യതയാണ്.,Sadness
"ഞാൻ നേരത്തെ തന്നെ പഠിത്തം പൂർത്തിയാക്കുമായിരുന്നു, പക്ഷേ ഒരു ശുംഭൻ എന്റെ പുസ്തകം കടം വാങ്ങി വൈകിയാ തിരിച്ചു തന്നേ!",Anger
റഷ്യൻ ടെന്നീസ് താരത്തെ ടൂർണമെന്റിനായി പോളണ്ടിൽ പ്രവേശിക്കാൻ അനുവദിക്കാത്തത് നീതികേടാണ്.,Anger
യു.കെ.യിലേക്ക് പോകുമ്പോൾ ലോക്കൽ കറൻസി മാറ്റിയെടുക്കാൻ കഴിയുമോ എന്ന് എനിക്ക് ഉറപ്പില്ല.,Fear
നിങ്ങൾ ഒരു വർഷമായി മദ്യപിക്കുന്നില്ലെന്ന് എനിക്ക് വിശ്വസിക്കാൻ കഴിയുന്നില്ല! നല്ല ബുദ്ധിമുട്ടാണെങ്കിലും നിങ്ങൾ അത് ചെയ്തല്ലോ!,Surprise
കളിക്കളത്തിലെ ചില കളിക്കാരുടെ കളിയുടെ സ്പിരിറ്റിന് ചേരാത്ത പെരുമാറ്റത്തിൽ എനിക്ക് വെറുപ്പ് തോന്നുന്നു.,Disgust
വിക്രം! ഇന്ന് നീ വേദിയിൽ വളരെ ആത്മവിശ്വാസത്തോടെയാണല്ലോ സംസാരിച്ചെ!,Surprise
എന്റെ ഇൻകം ടാക്സിന് പുറമെ വിദേശത്തേക്ക് പണമയക്കുന്നതിന് ഇരുപത് ശതമാനം നികുതി ചുമത്തുന്നത് എന്റെ രക്തം തിളപ്പിക്കുന്നു.,Anger
"ഹോസ്പിറ്റലിൽ കൂടുതൽ നഴ്സുമാർ ഉണ്ടാവുമെന്നാ ഞാൻ പ്രതീക്ഷിച്ചിരുന്നത് , അത് ഇല്ലാത്തത് കൊണ്ട് എനിക്ക് അത്ര തൃപ്തി തോന്നിയില്ല.",Sadness
"ഈ കേക്ക് ഞാൻ ഓഡർ ചെയ്ത അതേ ചോക്ലേറ്റ് ഫ്ലേവർ അല്ലെങ്കിൽ, നിങ്ങൾ ഖേദിക്കും!",Anger
മുതിർന്ന ഒരു പൗരന്റെ ജീവിതസമ്പാദ്യം ഇലക്ട്രോണിക് രീതിയിൽ മോഷ്ടിച്ചിട്ട് ഒരു നാണക്കേടും കൂടാതിരിക്കാൻ ഒരാൾക്ക് എങ്ങനെ സാധിക്കുന്നുവെന്ന് എനിക്ക് മനസ്സിലാകുന്നില്ല.,Disgust
ഹെൽത്ത് സെന്ററിൽ നിന്നുള്ള ഈ എക്സ്ട്രാ ബെഡ് ചാർജ്ജുകള് അന്യായമാണ്. ഇത് ആദ്യം എന്നോട് പറഞ്ഞിരുന്നില്ല.,Anger
കഴിഞ്ഞ കുറച്ച് ദിവസങ്ങളായി നിങ്ങൾ എന്തുകൊണ്ടാണ് ഇത്ര വിഷമിച്ചതിരുന്നത് എന്ന് ഇപ്പോഴാ എനിക്ക് മനസ്സിലായത്.,Sadness
ടാക്സ് ഫയൽ ചെയ്തതിന് ശേഷം ആദായനികുതി അധികാരികളിൽ നിന്ന് ഒരു കത്ത് ലഭിക്കുമ്പോഴെല്ലാം എന്റെ ഹൃദയം പടപടാന്ന് പിടയ്ക്കുകാ.,Fear
ഞാൻ കുറെക്കാലമായി തിരയുന്ന ബുക്ക് ഈ കടയിലും ഇല്ലാത്തത് എന്തൊരു കഷ്ടാണ്.,Sadness
അവസാന നിമിഷത്തിൽ ടീം ഗോൾ നേടിയപ്പോൾ ജഗന് ആവേശം താങ്ങാൻ പറ്റീല്ല.,Happiness
സ്കീ ജംമ്പിന് ടേക്ക് ഓഫ് ചെയ്യാൻ തയ്യാറായി മേളിൽ നിൽക്കുമ്പോ അലക്സിന്റെ വയറു കാളി .,Fear
ലാബ് പരീക്ഷണത്തിനിടയിൽ ഒരു തെറ്റ് വരുമോയെന്ന് ആലോചിച്ച് എനിക്ക് പേടി തോന്നുന്നു.,Fear
"സ്പോട്സ് ഒരു കുട്ടിയുടെ മനസ്സിനെ വികസിപ്പിക്കുമെന്ന് മനസ്സിലാക്കാതെ ,കുട്ടികളെ കളിക്കുന്നതിൽ നിന്ന് തടയുന്ന മാതാപിതാക്കളെയും സ്കൂളുകളെയും ഞാൻ വെറുക്കുന്നു.",Disgust
"ഈ ആഭരണത്തിന്റെ കരകൗശലവും, സ്വർണ്ണത്തിന്റെ പരിശുദ്ധിയും കണ്ടില്ലേ, നിങ്ങളുടെ മകളുടെ ബിരുദദാന സമ്മാനത്തിന് ഇത് അണിയുന്നത് സൂപ്പർ ആകും .",Happiness
തുടർച്ചയായ തണുപ്പും മഴക്കാർ മൂടിയ  കാലാവസ്ഥയും എന്നെ ആകെ ഗ്ലൂമിയാക്കും.,Sadness
ഞാൻ മുമ്പ് ഓൺലൈനിൽ ബുക്ക് ചെയ്തിട്ടുള്ളതിനാൽ റെയിൽവേ ബുക്കിംഗ് ക്ലർക്കുമായി ഇടപഴകുന്നതിലും കാര്യങ്ങൾ കുഴപ്പമാക്കുന്നതും എനിക്ക് വയ്യ.,Fear
അവർ ഓരോ ഐറ്റവും അതിന്റെ യഥാർത്ഥ വിലയുടെ ഇരട്ടി വിലയ്ക്കാണ് വിൽക്കുന്നത് . ഇത് വല്ലാത്ത കഷ്ടമാണ് .,Disgust
പുതിയ പ്രൊഡക്റ്റ് കാത്തിരുന്ന ഡെഡിക്കേറ്റഡ് ആയ ആപ്പിൾ ആരാധകർ വില കേട്ടതും ഒരേ സ്വരത്തിൽ നെടുവീർപ്പിട്ടു.,Sadness
"ഹേയ് സുധ ,നീ പുതിയ ഹെയർകട്ട് ആക്കിയോ ! എനിക്ക് നിന്നെ കണ്ടിട്ട് തിരിച്ചറിയാനേ പറ്റിയില്ല !",Surprise
എന്റെ അക്കൗണ്ട് ഉണ്ടാക്കാൻ നിങ്ങൾ എന്താ ഇത്ര സമയം എടുക്കുന്നെ? ഒരു മണിക്കൂർ കഴിഞ്ഞു ഞാനിവിടെ കാത്തിരിക്കാൻ തുടങ്ങീട്ട് !,Anger
ചില ഓഫീസ് സ്പേസുകൾ ക്ലീനിംഗ് ചെയ്യാത്തതിനെക്കുറിച്ച് ക്ലയന്റിൽ നിന്ന് പരാതികൾ ലഭിക്കുന്നത് എന്നെ ആശങ്കയിലാക്കി.,Sadness
ക്ലയന്റ് മാനേജർ എല്ലാരുടേം മുന്നിൽ തന്റെ ടീമിനോട് ഷൗട്ട് ചെയ്യുന്നോണ്ട് എനിക്കയാളെ കാണാനേ ഇഷ്ടല്ല.,Disgust
"വൃത്തിയില്ലാത്ത മുറികളും,വർക്ക് ചെയ്യാത്ത ഇലക്ട്രിക്കൽ ഫിറ്റിംഗുകളും കാരണം നിങ്ങളുടെ ഹോട്ടലിലെ താമസം ഇതുവരെ ഒരു പേടി സ്വപ്നമായിരുന്നു.",Anger
"വാങ്ങാനുള്ള ബൈക്കുകൾ തിരഞ്ഞെടുക്കാൻ കഴിയാത്തതുകൊണ്ട് നിങ്ങള് എന്നെ അപമാനിക്കണ്ട കാര്യമില്ല, മിസ്റ്റർ.",Anger
"ഡോക്ടർ, എന്റെ ടെസ്റ്റ് റിസൽറ്റുകളിൽ എന്തേലും കുഴപ്പൊണ്ടോ ?എനിക്ക് വേറെ കുഴപ്പൊന്നുല്ലലോ ?",Fear
നമ്മൾ വളരെ ശ്രദ്ധയോടെ നട്ട വിത്തുകൾ നമ്മൾ വിചാരിച്ചതുപോലെ വളരാത്തത് എനിക്ക് നിരാശയായി.,Sadness
വൗ ! ചെന്നൈ നഗരത്തിന്റെ ഹൃദയഭാഗത്തുള്ള ഇതുപോലുള്ള ശാന്തമായ ഒരു തെരുവിൽ ഒരു വാടക വീട് കണ്ടെത്തുമെന്ന് ഞാൻ പ്രതീക്ഷിച്ചിരുന്നില്ല.,Surprise
ഞാൻ ഒരു സിനിമക്ക് ഓഡിഷൻ തുടങ്ങിയപ്പോ തന്നെ കാസ്റ്റിംഗ് ഡയറക്ടർ എന്നോട് പൊക്കോളാൻ പറഞ്ഞത് എന്നെ തളർത്തി.,Sadness
"മികച്ച വാടക സ്ഥലം കണ്ടെത്തുന്നത് ഇപ്പൊ തന്നെ വെല്ലുവിളിയാണ്, അതിന്റെ പുറകെ അധിക ഫീസും. എന്റെ ബജറ്റ് കുറച്ചുകൂടി കൂട്ടിയിരുന്നെങ്കിൽ എന്ന് ഞാൻ ശരിക്കും പ്രതീക്ഷിച്ചിരുന്നു.",Sadness
ഈ ചെറിയ അറ്റകുറ്റപ്പണിക്ക് നിങ്ങൾ എന്തിനാ ഇത്രയധികം പൈസ ഈടാക്കുന്നത്?,Anger
എന്റെ കുട്ടിയുടെ അക്കൗണ്ട് സെറ്റ് ചെയ്യുന്നതിൽ എനിക്ക് നല്ല പരിഭ്രാന്തി ഉണ്ടായിരുന്നു .,Fear
തിങ്ങിനിറഞ്ഞിട്ടുണ്ടായിരുന്ന കടത്തുവള്ളം മുങ്ങിപ്പോയിട്ട് അതിൽനിന്ന് രക്ഷപ്പെട്ടവർ തങ്ങളുടെ ബന്ധുക്കളിൽ പലരെയും നഷ്ടപ്പെട്ടതറിഞ്ഞ് തീരത്ത് സ്തബ്ധരായിരുന്നു.,Sadness
ക്ലാസ്സിൽ എല്ലാ ദിവസവും വർക്ക് ലോഡ് കൂടുന്നതിനാൽ എനിക്ക് പിടിച്ചുനിൽക്കാൻ കഴിയില്ല.,Fear
"ഈ വീട്ടുപകരണങ്ങളുടെ വിലയിൽ ഞാൻ അൽപ്പം ഞെട്ടിപ്പോയി, എന്നാൽ ഒരു നല്ല സജ്ജീകരണമുള്ള വീടിനായി ഞാൻ നല്ല പോലെ ശ്രദ്ധിച്ച് ബഡ്ജറ്റ് ചെയ്താല് നടന്നേക്കും!",Surprise
"എന്റെ വീടിന് വേണ്ടി നിങ്ങൾ ചെയ്ത എല്ലാ ജോലിയും വളരെ നന്നായി. ആർക്കെങ്കിലും വിദഗ്ധനായ ഒരു കൽപ്പണിക്കാരനെ ആവശ്യമുണ്ടെങ്കിൽ, ഞാൻ നിങ്ങളെ റെക്കമെൻഡ് ചെയ്യും.",Happiness
കാലിന്റെ ചികിത്സ ഫലപ്രദമായില്ല. ഒന്നോ രണ്ടോ മാസത്തിനുള്ളിൽ എനിക്ക് നടക്കാൻ കഴിയില്ലെന്നാ തോന്നുന്നേ.,Fear
വീൽ ഗാഡ് ഇല്ലാതെ ഒരു ബൈക്ക് വാങ്ങുന്നത് മഴ പെയ്യുമ്പോൾ എന്റെ പുറകിൽ ചെളി തെറിപ്പിക്കുമെന്ന് എനിക്ക് പേടിയുണ്ട്.,Fear
ഈ സ്ഥലത്ത് കസ്റ്റമർ സർവീസ് ഇല്ലാത്തത് കഷ്ടം തന്നെയാണ് .,Disgust
"റഫറി, അവൻ പന്തിൽ തുപ്പി. ഞാൻ ഇപ്പോൾ അത് തൊടാൻ പോണില്ല.",Disgust
"ഞങ്ങളുടെ എതിരാളികൾ കൂടുതൽ ആകർഷകമായ പ്രമോഷനുകളും, ഡിസ്കൗണ്ടുകളും കൊടുക്കുമോ എന്തോ!",Fear
ഇൻഷുറൻസ് വിൽപ്പനക്കാർ ആദ്യം പോളിസികൾ എടുക്കാൻ ആളുകളെ പ്രേരിപ്പിച്ച് പിന്നെ മാത്രം വിശദാംശങ്ങൾ പറയുന്ന രീതി എനിക്കിഷ്ടല്ല.,Disgust
എന്റെ ഡ്രൈവിംഗ് കഴിവുകൾ ക്രിയാത്മകമായി എന്റെ ഇൻസ്ട്രക്ടർ അവലോകനം ചെയ്തപ്പോൾ ഞാൻ ഞെട്ടിപ്പോയി. ഡ്രൈവിംഗ് ലോകമാകെ ഞാന് ഒരു പുതിയ കണ്ണിലൂടെ കണ്ടു.,Surprise
"ഡ്രൈവർ ബസ് ചെങ്കുത്തായ വക്കത്തൂടെ ഓടിച്ചു, കുത്തനെയുള്ള ആ ഇറക്കം കണ്ടതും എന്റെ ചങ്കു നിന്നുപോയി.",Fear
തീം പാർക്കിൽ നല്ല രസമായിരുന്നെന്ന് നിങ്ങളുടെ മുഖത്ത് നോക്ക്യാലേ മനസ്സിലാവുന്നുണ്ട്.,Happiness
മത്സരത്തിൽ നിങ്ങളുടെ കുട്ടി പങ്കെടുക്കുന്നതിന് വേണ്ട കാര്യങ്ങളൊക്കെ ഞങ്ങൾ ചെയ്തത് കണക്കിലെടുക്കുമ്പോൾ നിങ്ങൾ ഇങ്ങനെ മോശമായി പ്രതികരിക്കുമെന്ന് ഞങ്ങൾ വിചാരിച്ചില്ല.,Surprise
ബാങ്കിലെ പ്രായപൂർത്തിയാകാത്തവർക്കുള്ള അക്കൗണ്ട് ഓപ്ഷനുകൾ നോക്കുമ്പോൾ എന്റെ കുട്ടി എത്ര വേഗത്തിൽ വളരുന്നു എന്നതിനെക്കുറിച്ച് എനിക്ക് സങ്കടം തോന്നുന്നു.,Sadness
എന്റെ പുതിയ വെള്ള ഷട്ടിൽ അബദ്ധത്തിൽ കാപ്പി തെറിച്ചപ്പോൾ എനിക്ക് കരച്ചിൽ വന്നു.,Sadness
വാലിഡേഷന് വേണ്ടിയുള്ള നിങ്ങളുടെ നിരന്തരമായ ആവശ്യം നിർത്തിക്കൂടെ?,Anger
കസ്റ്റമർ കേക്കിന് എത്ര വെയിറ്റ് വേണമെന്ന് പറഞ്ഞില്ലല്ലോ. അയാള് പോവുകേം ചെയ്തു.,Fear
"ഈ ഭക്ഷണത്തിന്റെ രുചി ഒരു വെളിപാടാണ്, സുഗന്ധവ്യഞ്ജനങ്ങളുടെ യോജിപ്പും, പ്രധാന ചേരുവയുടെ ആർദ്രതയും ഞാൻ പ്രതീക്ഷിച്ചതിലും അപ്പുറത്തതായിരുന്നു .",Surprise
ഞാൻ ടിക്കറ്റുകൾ വാങ്ങാൻ നേരത്തെ പോയതാ പക്ഷേ ഞാൻ വരിയുടെ മുൻവശത്ത് എത്തുന്നതിനുമുമ്പ് തന്നെ എല്ലാ ടിക്കറ്റുകളും വിറ്റുപോയി.,Sadness
എന്റെ ബന്ധുവിന്റെ ഓപ്പറേഷനുവേണ്ടി ഹോസ്പിറ്റലിൽ നിന്ന് എ.ബി. നെഗറ്റീവ് രക്തം കിട്ടിയതിൽ എനിക്ക് ആശ്വാസമുണ്ട്.,Happiness
നിങ്ങൾ എന്തിനാ എന്റെ പ്രായം എന്നെ ഓർമ്മിപ്പിക്കുന്നേ?,Anger
ലോകത്തിലെ ഓരോ വാർത്തകൾ കേൾക്കാൻ അത്ര സുഖമില്ലാത്തതായത് കൊണ്ട് അതൊന്നും വായിക്കാൻ എനിക്ക് തോന്നാറില്ല.,Sadness
"കാസ്റ്റിംഗ് ഡയറക്ടറുടെ ഓഫീസിലേക്ക് നടക്കുമ്പോൾ, ഈ റോള് കിട്ടാനുള്ള എന്റെ ഒരേയൊരു അവസരമാണല്ലോ എന്നോർത്ത് ഹൃദയം പിടച്ചു.",Fear
നമുക്ക് ചുറ്റും നടക്കുന്ന എത്രയോ നല്ല കാര്യങ്ങൾ കാണിക്കുന്നതിനേക്കാൾ നെഗറ്റീവ് വാർത്തകളിൽ മാത്രമാണ് ടിവി ചാനലുകൾ ശ്രദ്ധ കേന്ദ്രീകരിക്കുന്നത് .,Anger
"അവൻ തലയടിച്ചു വീണു , കുറെ രക്തം പോയി. അവൻ രക്ഷപ്പെടുമെന്ന് എനിക്ക് തോന്നണില്ല .",Fear
ചില ബൈക്കുകളിൽ എനിക്ക് കിട്ടാവുന്ന വേഗതയും സാങ്കേതിക വിദ്യയും എന്നെ അൽഭുതപ്പെടുത്തുന്നു.,Surprise
ചെന്നൈയിലെ കോളേജ് ബസ് ഡ്രൈവർമാർ മറ്റുള്ളവരെ ശ്രദ്ധിക്കാതെ വണ്ടിയോടിക്കുന്നത് കാണുന്നത് വേദനാജനകമാണ്. അവർക്ക് നമ്മുടെ ജീവിതത്തെക്കുറിച്ച് ഒരു ശ്രദ്ധയുമില്ല.,Disgust
ഞങ്ങളുടെ മകന്റെ താൽപ്പര്യങ്ങൾക്കായി നിലകൊള്ളാൻ ഭാര്യ ശ്രമിച്ചപ്പോൾ അവളുമായി നല്ല വഴക്കായി.,Anger
ഈയിടെയായി എന്റെ ജീവിതം ഒരു യന്ത്രപ്പാവ പോലെയാ കടന്നുപോകുന്നെ.,Sadness
"ഒരു എച്ച്.ആർ. പാർട്ണർ എന്ന നിലയിൽ, നിങ്ങൾ ടീം വിടാനുള്ള സാധ്യത പരിഗണിക്കുമ്പോൾ, അനുഭവസമ്പത്തിന്റെയും അറിവിന്റെയും കാര്യത്തിൽ നിങ്ങളുടെ അഭാവം ഉണ്ടാക്കുന്ന വിടവിനെക്കുറിച്ച് എനിക്ക് നല്ല ആശങ്കയുണ്ട്.",Fear
വൺ പ്ലസ് ടിവിക്ക് ആകസ്മികമായ കേടുപാടുകൾ പോലും ഉൾക്കൊള്ളാവുന്ന ഒരു വാറന്റി ഉണ്ടാകുമെന്ന് ഞാൻ പ്രതീക്ഷിച്ചേയില്ല.,Surprise
ഞാൻ ആദ്യം നിങ്ങളെ വിളിക്കാതെ എന്റെ ഗ്യാസ് കണക്ഷൻ ഒരു പുതിയ അഡ്രസ്സിലേക്ക് മാറ്റുന്നതിനുള്ള അപേക്ഷ തരാൻ ഇത്രയും ദൂരം വരരുതായിരുന്നു.,Sadness
ഹബിൾ ടെലിസ്കോപ്പിന് നമുക്ക് അവിടെയെത്തുന്നത് സ്വപ്നം കാണാൻ പോലും കഴിയാത്തത്ര അകലെയുള്ള ഗാലക്സികളുടെ ചിത്രങ്ങൾ പകർത്താൻ കഴിയുമെന്നത് എന്നെ അത്ഭുതപ്പെടുത്തി!,Surprise
"എന്റെ പോളിസി ആയുർവേദ ചികിത്സ കവർ ചെയ്യില്ലെന്നാ ഞാൻ വിചാരിച്ചെ , തന്നവരോട് ചോദിച്ചുമില്ല. അത് തെറ്റായിപ്പോയി.",Sadness
ഈ കാലാവസ്ഥ ആസ്വദിക്കാൻ കുട്ടികളും കൂടെ ഉണ്ടായിരുന്നെങ്കിൽ എന്ന് ആശിച്ചു പോവാ!,Sadness
"ഹേയ്, നിങ്ങളുടെ മൊബൈൽ താഴെ നിന്ന് എടുക്കൂ ,ഞാൻ ഡംബല് താഴെ ഇട്ടാൽ അത് പൊട്ടി പോകും, ജിമ്മിലൊക്കെ കുറച്ചു കൂടെ ശ്രദ്ധയോടെ കാര്യങ്ങൾ ചെയ്തൂടെ .",Anger
ഒരു സൈബർ സുരക്ഷാ ലംഘനത്തിൽ എന്റെ ഫാമിലി ഫോട്ടോസ് നഷ്ടപ്പെട്ടപ്പോൾ എനിക്ക് ഭ്രാന്ത് പിടിച്ചു.,Anger
"ഞാൻ ഇവിടെ എത്ര പണം ചെലവാക്കിയതാ, ഞാൻ എന്റെ ഫ്രെണ്ട്സിനോടൊക്കെ ചെരുപ്പു വാങ്ങാൻ മറ്റെവിടെയെങ്കിലും പോകാൻ പറയും.",Anger
വൗ! നിങ്ങൾ ഇന്ന് പ്രതിരോധ കുത്തിവയ്പ്പ് എടുത്തെങ്കിലും നിങ്ങൾക്ക് പനിയും ക്ഷീണവും ഇല്ല. നിങ്ങൾക്ക് നല്ല പ്രതിരോധശേഷി ഉണ്ടാവും!,Surprise
അഴിമതി തുറന്നുകാട്ടുന്ന വിസിൽ ബ്ലോവർമാരെ സർക്കാർ നിശബ്ദരാക്കുന്നത് എന്റെ രക്തം തിളച്ചു മറിക്കുന്നു.,Anger
ഈ കിച്ചൺ സിങ്കിൽ നാറ്റം പരത്തുന്ന ചെളി അടിഞ്ഞു കൂടിയിരിക്കുന്നു .,Disgust
ഇന്ത്യൻ വനിതാ ക്രിക്കറ്റ് ടീം ക്യാപ്റ്റന്റെ അകാരണമായ കോപം എന്നെ വല്ലാതെ വെറുപ്പിച്ചു .,Disgust
അപ്രതീക്ഷിതമായ ചില പ്രശ്നങ്ങൾ കാരണം എന്റെ കുട്ടിക്ക് ഒരു അക്കൗണ്ട് നിഷേധിക്കപ്പെടുമെന്ന ചിന്ത എന്നെ അസ്വസ്ഥനാക്കുന്നു.,Fear
"ഞങ്ങൾ മുഴുവൻ ടാക്സി ജീപ്പിന്റെ ഡ്രൈവറെ തിരയുകയായിരുന്നു, ജീപ്പിന് പുറത്ത് തൂങ്ങിക്കിടക്കുന്നത് ഡ്രൈവറാണെന്ന് മനസിലായപ്പോൾ ഞാൻ പൊട്ടിച്ചിരിച്ചു.",Happiness
തട്ടുകടയിൽ നിന്ന് ഭക്ഷണം കഴിച്ചിട്ട് ഞങ്ങളുടെ അയൽക്കാരന് ഭക്ഷ്യ  വിഷബാധ ഉണ്ടായതുകൊണ്ട് ഇപ്പോൾ സ്ട്രീറ്റ് ഫുഡ് പരീക്ഷിക്കാൻ എനിക്ക് പേടിയാണ്.,Fear
"എന്റെ മുൻകാല പരാജയങ്ങൾ എന്റെ സ്ട്രെസ്സിന് കാരണമായത് എങ്ങനെയെന്നത് അതിശയം തന്നെയാണ്, കൗൺസിലിംഗ് കൊണ്ടാണ് അത് മാറ്റിയെടുക്കാൻ പറ്റിയത്.",Surprise
"എന്റെ ബജറ്റ് കണക്കിലെടുക്കുമ്പോൾ, അത്യാകർഷകവും , ഉയർന്ന നിലവാരമുള്ളതുമായ സ്വർണ്ണാഭരണം  എനിക്ക് താങ്ങാൻ കഴിയുമോ എന്നതിനെക്കുറിച്ച് എനിക്ക് അൽപ്പം ഉൽക്കണ്ഠ തോന്നുന്നു.",Fear
"കൊറിയർ കമ്പനിയിൽ നിന്ന് ഇത്രയും മോശം സർവീസ് കിട്ടുന്നത് വളരെ കഷ്ടമാണ്. എന്റെ പാക്കേജ് മോശമായി കൈകാര്യം ചെയ്തു , അത് ആകെ നാശമാക്കി .",Disgust
കൊറിയർ സർവീസ് എന്റെ പാഴ്സൽ നഷ്ടപ്പെടുത്തിയെന്നു മാത്രമല്ല അത് എന്നോട് പറഞ്ഞുമില്ല.,Anger
"പ്രൊഫഷണൽ സ്പോട്സിലെ അമിതമായ വാണിജ്യവൽക്കരണവും, അത്യാഗ്രഹവും കണ്ടാല് സഹിക്കൂല.",Disgust
എന്റെ കാർ സ്റ്റാട്ട് ആകാത്തത് കഷ്ടായിപ്പോയി.,Sadness
"എയർപോട്ടിലെ ഇരിക്കാനുള്ള സൗകര്യം ഒന്നും തീരെ പോര, കുറേ നേരം കാത്തിരിക്കേണ്ടി വന്നാലുള്ള അവസ്ഥ പറയാനേ വയ്യ.",Disgust
ആഴ്ചയിൽ രണ്ടുതവണയുള്ള സൂപ്പർഫാസ്റ്റ് ട്രെയിൻ ഡൽഹിയിലെത്താൻ പകുതി സമയമേ എടുക്കൂ എന്ന് ക്ലർക്ക് പറഞ്ഞപ്പോൾ ഞാൻ അൽഭുതപ്പെട്ടു!,Surprise
ഗംഭീരം! അപ്പൊ ഇതിനർത്ഥം ഈ വർഷം അവസാനമാകുമ്പോഴേക്കും നമുക്ക് പത്ത് മില്യൺ ഇയർഫോണുകൾ വിൽക്കാൻ കഴിഞ്ഞേക്കും എന്നാണ് !,Surprise
എനിക്ക് ഈ പ്ലാറ്റ്ഫോം ഇഷ്ടമല്ല. വീഡിയോസ് ഉണ്ടാക്കുന്നവർക്ക് അവർ വളരെ കുറച്ച് കാശേ കൊടുക്കൂ.,Disgust
"ഹേയ്, കഴുതേ. നിങ്ങൾ റോഡിന്റെ റോങ് സൈഡിലൂടെയാ ഓടിക്കുന്നെ.",Anger
"നമ്മുടെ യാത്രയ്ക്കിടെ ബസ് കേടാകുമോയെന്ന് എനിക്ക് നല്ല പേടിയുണ്ട് , അത് ഒരുപാട് അസൗകര്യങ്ങൾക്കും കാലതാമസത്തിനും കാരണമാകും.",Fear
"ടൂർ ബസിലെ യാത്ര എന്നെ വല്ലാതെ ദേഷ്യം പിടിപ്പിച്ചു , കാരണം അത് ഒരു സുഖമുണ്ടായിരുന്നില്ല, കാല് നീട്ടാനുള്ള ഇടം പോലും ഉണ്ടായിരുന്നില്ല.",Anger
ഹോ! മുപ്പത് മിനിറ്റു കൊണ്ട് എയർപോട്ടിൽ നിന്ന് എന്റെ വീട്ടിലേക്ക് എത്താൻ പറ്റുമെന്ന് എനിക്കറിയില്ലായിരുന്നു.,Surprise
"കാന്താ, നിനക്ക് നല്ല കളിപ്പാട്ടങ്ങളുണ്ടല്ലോ. ഞാൻ അത് എടുത്ത് കളിച്ചോട്ടെ ?",Happiness
"ടീം അർഹിക്കുന്ന വിജയം നേടിയപ്പോ, പ്രേമ സന്തോഷത്തോടെ ചാടിത്തുള്ളി.",Happiness
ബേക്കറിയിൽ നിന്ന് പോഷകസമൃദ്ധദമായ ഒരു പുതിയ തരം സ്വാദിഷ്ടമായ സോഫ്റ്റ് ബ്രഡ് കിട്ടിയപ്പോ ഞാൻ നല്ല ത്രില്ലിലായി.,Happiness
ഞങ്ങളുടെ ക്ലീനിംഗ് പ്രക്രിയയെക്കുറിച്ച് വിശദമായി അറിഞ്ഞാൽ നിങ്ങള് ആശ്ചര്യപ്പെടും .,Surprise
വൗ ! കമ്പ്യൂട്ടറുകളിലെ പ്രോഗ്രാമിംഗിന്റെ കാര്യത്തിൽ നിങ്ങൾ വളരെ ടാലന്റഡ് ആണ് .,Surprise
എം. എസ്. ധോണിയെ കണ്ട യുവ ഇന്ത്യൻ ക്രിക്കറ്റ് ആരാധകൻ സന്തോഷം കൊണ്ട് തുള്ളിച്ചാടി.,Happiness
"എന്റെ കൺസൾട്ടിംഗ് ബിസിനസ്സ് അഭിവൃദ്ധി പ്രാപിക്കുന്നു, എന്റെ കൈയിൽ ഒരു ഫുൾ ക്ലയന്റ് ലിസ്റ്റ് ഉണ്ട്.",Happiness
"താപനില ക്രമീകരിച്ചിട്ടും ഫ്രിഡ്ജ് എന്റെ ഫുഡ് തണുപ്പിക്കാത്തത് എന്നെ വിഷമിപ്പിക്കുന്നു, എന്റെ സാധനങ്ങൾ കേടാവുമോ എന്ന് എനിക്ക് ആശങ്കയുണ്ട്.",Fear
പ്രതിഫലത്തെയും മറ്റ് പ്രവർത്തനങ്ങളെയും കുറിച്ചുള്ള ക്ലീനിംഗ് സൂപ്പർവൈസറുടെ ധാരണ എന്നെ ഞെട്ടിച്ചു. അദ്ദേഹം ടീമിന് വേണ്ടി ഒരു റിവാഡ് മോഡൽ ഉണ്ടാക്കി.,Surprise
"ടിക്കറ്റ് കൗണ്ടറിലെ ആള് ആ വൃദ്ധയോട് വളരെ മോശമായാണ് സംസാരിച്ചത്, ഇവരെയൊന്നും നിലയ്ക്ക് നിര്‍ത്താന്‍ ഇവിടെ ആരുമില്ലല്ലോ.",Disgust
പഴയ കോട്ടയുടെ മതിലുകൾ വികൃതമാക്കുന്ന ചുമരെഴുത്തുകൾ കണ്ട് എനിക്ക് ദേഷ്യം വന്നു.,Anger
എന്റെ മകൾ പത്മ സ്പോട്സിൽ വളരെ മിടുക്കിയാ. കഴിഞ്ഞ വർഷം നൂറ് മീറ്റർ ഓട്ടത്തിൽ അവൾ ഒന്നാം സ്ഥാനത്തെത്തി.,Happiness
ലൈഫ്സ്റ്റൈലിന്റെ ക്ലിയറൻസിൽ എഴുപത്തഞ്ച് ശതമാനം ഡിസ്കൗണ്ടോ! ഒരു പാർട്ടി ഡ്രസ്സിനൊക്കെ ഇത്രയും വലിയ ഡീൽ കിട്ടുമെന്ന് ഞാൻ വിചാരിച്ചില്ല.,Surprise
നീ ഒരു ദിവസം ശരാശരി മൂന്ന് മുതൽ നാല് തവണ വരെ രോഷാകുലനാവുന്നു.,Anger
എന്റെ ആശങ്കകൾ കൗൺസിലിംഗ് സെഷനുകൾ എത്ര നന്നായി ആണ് പരിഹരിച്ചത്. എനിക്ക് ആദ്യം സംശയം തോന്നിയെങ്കിലും തോളിൽ നിന്ന് ഒരു ഭാരം ഇറക്കി വച്ച പോലെ.,Surprise
"ഇന്തോനേഷ്യയിലെ എക്സ്ചെയ്ഞ്ച് നിരക്ക് വെച്ച് നോക്കുമ്പോ എനിക്ക് ഒരു രൂപയ്ക്ക് പകരം ധാരാളം പ്രാദേശിക കറൻസി കിട്ടി, അതിപ്പോ നല്ല രാസമാണല്ലോ.",Happiness
നിങ്ങൾ അതിനുവേണ്ടി ഒന്നും ചെയ്യാൻ പോകുന്നില്ലെങ്കിൽ പിന്നെ എന്തിനാ നിങ്ങൾ എന്നോട് ഫീഡ്ബാക്ക് ചോദിച്ചത്?,Disgust
"ബീഹാറിൽ പോയി പരീക്ഷ നടത്തുന്നത് ആലോചിക്കാൻ കഴിയുന്നില്ല, കുട്ടികളൊക്കെ എന്താ ചെയ്യുക എന്ന് പറയാൻ പറ്റാത്ത അവസ്ഥയാണ്.",Fear
വെറും രണ്ട് മിനിറ്റ് കൺസൾട്ടേഷന് നിങ്ങൾ ഇത്രയധികം പൈസ ഈടാക്കാൻ പാടില്ല !,Anger
"അവിടെ ഫുൾ തെരക്കായിരുന്നു, ഗൈഡിൽ നിന്ന് അതിന്റെ ചരിത്രം കേൾക്കാതെ പോയപ്പോൾ ഭയങ്കര സങ്കടം തോന്നി .",Sadness
ഈ ഉപകരണത്തിന് എന്റെ സ്റ്റെപ്പുകളും എരിഞ്ഞ കലോറികളും ട്രാക്ക് ചെയ്യാൻ കഴിയുമെന്ന് എനിക്ക് വിശ്വസിക്കാൻ കഴിയുന്നില്ല.,Surprise
ഇന്ത്യയിലെ ഗതാഗതക്കുരുക്ക് ആളുകൾ വലിയ പ്രശ്നങ്ങളൊന്നുമില്ലാതെ മാനേജ് ചെയ്യുന്നത് അത്ഭുതമാണ്!,Surprise
ഫീസ് കൂടുന്നത് എന്റെ കുടുംബത്തെ അനാവശ്യ സാമ്പത്തിക സമ്മർദ്ദത്തിലാക്കാം.,Fear
ഒരു വേനൽക്കാലത്ത് എന്റെ ഫ്രിഡ്ജ് തേനീച്ചക്കൂടിനെക്കാൾ ഉച്ചത്തിൽ മുഴങ്ങുന്നത് കേട്ടപ്പോൾ അന്തം വിട്ടുപോയി!,Surprise
അവരുടെ ഹാഡ് വർക്ക് അംഗീകരിക്കപ്പെട്ടില്ലെങ്കിൽ എന്റെ ടീമിലുള്ളവർ വിട്ടുപോയേക്കും,Fear
ശ്മശാനത്തിൽ നിന്ന് ഭയാനകമായ ഒരു നിലവിളി കേട്ടപ്പോൾ ഞാനാകെ മരവിച്ചു പോയി .,Fear
ഈ കൊമേഷ്യൽ പ്രോപ്പർട്ടി ഒരു ബിസിനസ് ജില്ലയിലാണ് സ്ഥിതിചെയ്യുന്നത് എന്നതിൽ എനിക്ക് വളരെ സന്തോഷമുണ്ട്. അതുതന്നെയാണ് ഞാൻ അന്വേഷിച്ചിരുന്നത്.,Surprise
"അവളുടെ വീട്ടില്‍ തറയില്‍ മൊത്തം പട്ടീടെ രോമമാണ്, അവിടെ നിന്ന് വെള്ളം കുടിക്കാന്‍ പോലും എനിക്ക് അറപ്പാണ്.",Disgust
ഞാൻ നിങ്ങളെ സംസാരിക്കാൻ അനുവദിച്ചില്ലെന്നോ! വാസ്തവത്തിൽ നിങ്ങടെ കാര്യങ്ങൾ പറയാൻ ഞാൻ നിങ്ങൾക്ക് വേണ്ട സമയം തന്നതാ.,Surprise
"നിങ്ങൾ എന്നെ വിശ്വസിക്കുന്നില്ലെന്നാ ഞാൻ വിചാരിച്ചെ, പക്ഷേ ഇപ്പോൾ നിങ്ങൾ കമ്പനിയുടെ വെല്ലുവിളി എന്നോട് തുറന്നു പറഞ്ഞപ്പോൾ എന്റെ മനസ്സ് ശാന്തമായി .",Happiness
ഈ ബാറ്റ് തീരെ നന്നല്ല ട്ടോ. ഇവിടെ നിങ്ങക്ക് കുറച്ച് നല്ല ക്വാളിറ്റി ഉള്ള ബാറ്റൊന്നും ഇല്ലേ?,Anger
നഗരത്തിലെ മറ്റൊരു കെട്ടിടത്തിലേക്ക് സ്ഥലംമാറ്റിയതറിഞ്ഞ് സെക്യൂരിറ്റി ജീവനക്കാരൻ തളർന്നുപോയി.,Sadness
"എനിക്ക് കൈകാര്യം ചെയ്യാൻ അല്ലെങ്കിൽത്തന്നെ ഒരുപാട് പ്രശ്നങ്ങളുണ്ട്, അതിൻ്റെ ഇടയിലൂടെ നിന്നെക്കൂടി സഹിക്കാൻ എനിക്ക് വയ്യ!",Anger
രണ്ട് ദിവസത്തിനുള്ളിൽ സ്റ്റോർ തുറക്കുന്നതിന് മുമ്പ് ചെയ്തു തീർക്കാൻ എത്ര ജോലികളാ കിടക്കണേന്നറിയുമോ.,Fear
"മാഡം, ഞാനാ ആദ്യം ലൈനിൽ വന്നേ , അതോണ്ട് അയാള് എന്റെ ബൈക്കിന്റെ ടയറിൽ ആദ്യം കാറ്റടിയ്ക്കണം.",Anger
സ്പെയർ ഫിൽട്ടറുകൾ വന്നിട്ടുണ്ടെന്ന് ദേ ഇപ്പോ എന്നോട് പറഞ്ഞു. എത്ര യാദൃശ്ചികം!,Surprise
"മർഫ് ചലഞ്ച് ആരെങ്കിലും തീർക്കുമെന്ന് ഞാൻ കരുതിയേയില്ല, എന്നാൽ ഒരാൾ എല്ലാ പ്രതിബന്ധങ്ങളെയും മറികടന്ന് സമയത്തിന് മുമ്പേ പൂർത്തിയാക്കി.",Surprise
ഈ വാർഷികം പെർഫെക്റ്റ് ആകേണ്ടതായിരുന്നു യഥാർത്ഥത്തിൽ മനോഹരമായ എന്തെങ്കിലും അവൾക്ക് സമ്മാനിക്കണമെന്ന് ഞാൻ വിചാരിച്ചതായിരുന്നു . എന്നാൽ ബജറ്റ് മാനേജ് ചെയ്യാൻ കഴിഞ്ഞില്ല.,Sadness
വ്യത്യസ്ത പാചകരീതികളും നിരവധി ഓപ്ഷനുകളുമുള്ള റൂം സർവീസിനായി ഇത്രയും വിപുലമായ മെനു ഉണ്ടാകുമെന്ന് ഞാൻ പ്രതീക്ഷിച്ചിരുന്നില്ല. ഈ ഹോട്ടലിൽ ഇത് നല്ലൊരു സർപ്രൈസ് ആണ്!,Surprise
ക്വാളിറ്റി പ്രതീക്ഷിച്ചതിലും വളരെ മോശം. കാർ വാഷ് സർവീസിൽ എനിക്ക് വല്ലാത്ത അതൃപ്തിയുണ്ട്.,Anger
"കേടായ ഭക്ഷണം വലിച്ചെറിയേണ്ടിവരുമ്പോൾ എനിക്ക് നല്ല വിഷമമുണ്ട് , പണ്ടാരം! ഈ ഫ്രിഡ്ജ് ശരിയായി വർക് ചെയുന്നില്ല !",Anger
"വൗ! ക്യാൻസൽ ചെയ്യുന്നതിന് ഫുൾ റീഫണ്ട് ലഭ്യമാണല്ലേ, പകുതിയേ കിട്ടു എന്നാ ഞാൻ കരുതിയേ. നന്ദി സാർ",Surprise
വാടക വീടിന്റെ മാസ്റ്റർ ബെഡ്റൂമിലെ വാക്ക് ഇൻ ക്ലോസറ്റിൽ ഒരാൾക്ക് ഉറങ്ങാൻ കഴിയുന്നത് എന്നെ ശരിക്കും അത്ഭുതപ്പെടുത്തി.,Surprise
"എന്റെ മോൻ ഡിഗ്രി ഒന്നാം സെമസ്റ്ററിന് എഞ്ചിനീയറിംഗ് വിഷയങ്ങളിലെല്ലാം മോശം മാർക്ക് നേടിയപ്പോ, എനിക്ക് നിരാശയായി.",Sadness
"നിങ്ങൾ എപ്പഴും എന്നെ ചീത്ത പറയും, പക്ഷെ ഒരിക്കലും അനഘയെ ചീത്ത പറയാത്തത് എന്താ?",Sadness
"ഞാൻ ഡ്രൈവർക്ക് മെസേജ് അയച്ചു, പക്ഷേ അയാൾ മദ്യപിച്ചിട്ടുണ്ടെന്ന് തോന്നുന്നു, ഈ സമയത്ത് വേറൊരു ക്യാബും കിട്ടാനുല്ല .",Fear
"വഴിയിലെ പുതിയ ക്ലബ്ബിൽ ഞാൻ സുഹൃത്തുക്കളെ ഉണ്ടാക്കാൻ ശ്രമിച്ചു നോക്കിയതാ, പക്ഷേ എന്നോട് സംസാരിക്കാൻ ആർക്കും താൽപ്പര്യമുണ്ടായിരുന്നില്ല.",Sadness
ഓൺലൈൻ ക്രൗഡ് ഫണ്ടിംഗ് കാമ്പെയ്നുകൾക്ക് അവരുടെ ഫണ്ടിംഗ് ലക്ഷ്യങ്ങളിൽ ഇത്ര വേഗത്തിൽ എത്താൻ കഴിയുമെന്നത് ശരിക്കും അൽഭുതമാണ്.,Surprise
"ഓഫീസിനുപുറത്ത് നാം നേരിടുന്ന ബുദ്ധിമുട്ടുകൾ തുറന്നുപറഞ്ഞ്, ആ ദിവസത്തെ ജോലി പൂർത്തിയാക്കി ഞങ്ങൾ സംസാരിക്കാൻ ഒത്തുകൂടുമ്പോൾ നിരാശപ്പെടാതിരിക്കുക എന്നത് ബുദ്ധിമുട്ടുള്ള കാര്യമാണ്.",Sadness
"ലോക്കർ പ്രവർത്തിപ്പിക്കാൻ ബാങ്കിൽ ചെന്നപ്പോൾ എനിക്കാകെ വിഷമമായി , ഒരു മണിക്കൂറോളം എന്നെ സഹായിക്കാൻ ആരും വന്നില്ല.",Sadness
"വൗ , ഈ പുതിയ സോഫ്റ്റ്വെയർ അപ്ഡേറ്റ് എല്ലാ ബഗ്ഗുകളും പരിഹരിച്ചു. ലാപ്ടോപ്പ് പുതിയത് പോലെയാണ് തോന്നുന്നത്!",Surprise
ഹാക്കർമാരുടെ ഓൺലൈൻ പ്രൈവസി തട്ടിപ്പുകളെക്കുറിച്ചുള്ള ഈ ന്യൂസ് ആർട്ടിക്കിൾ ഞാൻ വായിച്ചു. എന്റമ്മോ!,Fear
"മുൻവിധിയോടെ തീരുമാനങ്ങൾ എടുക്കുന്ന എ.ഐ. എന്ന ആശയവും ശരി, അതുകൊണ്ടു സിസ്റ്റത്തിലുള്ള തുടർച്ചയായ വിവേചനവും ശരി, ഓർക്കുമ്പഴേ കടുപ്പാവുകാ.",Disgust
ആ കടയിലെ പച്ചക്കറികളുടെ ഗുണനിലവാരം കണ്ടാ നിരാശയല്ലാതെ എന്ത് തോന്നാനാ.,Sadness
എനിക്ക് മടുത്തു നിങ്ങളുടെ ജീവനക്കാരെ കൊണ്ട്. പരുക്കന്മാര്.,Anger
പ്രവർത്തനരഹിതമായ അക്കൗണ്ടുകളിൽ നിന്ന് പണം മോഷ്ടിക്കുന്ന ബാങ്ക് ജീവനക്കാരോട് എനിക്ക് പുച്ഛമാണ്.,Disgust
കഴിഞ്ഞ ക്വാട്ടറിൽ ഞാൻ ഇൻവെസ്റ്റ് ചെയ്ത ഓഹരികളുടെ വില കൂപ്പുകുത്തിയപ്പോ എനിക്ക് ഭയങ്കര വിഷമമായി .,Sadness
"സർ, ദയവായി പെയിന്റിങ്ങുകൾ തൊടരുത്! നിങ്ങൾ അതിൽ കറ പറ്റിച്ചാൽ നിങ്ങൾ അതിന് പൈസ നൽകേണ്ടി വരും.",Anger
സേവിംഗ്സ് അക്കൗണ്ടിലെ പലിശനിരക്ക് കുറച്ചതു കൊണ്ട് എനിക്കിപ്പോൾ അത്യാവശ്യകാര്യങ്ങൾക്കായി ചെലവഴിക്കാനും കഴിയാതെയായി.,Sadness
"ഇല്ല സാർ, എന്റെ മുത്തച്ഛന് സുഖമില്ലാത്തോണ്ട് എനിക്ക് ഇന്നലെ വർക്ക് ചെയ്യാൻ പറ്റിയില്ല .",Sadness
"ഫ്രിഡ്ജിന്റെ പ്രശ്നങ്ങളിൽ എനിക്ക് ബുദ്ധിമുട്ട് തോന്നുന്നു, ഭക്ഷണം കേടുവരുത്താനും ഉപകരണങ്ങൾ കേടാക്കാനും ഞാൻ ആഗ്രഹിക്കുന്നില്ല.",Fear
ഡൽഹിയിലെ സരോജിനി മാർക്കറ്റിൽ വച്ച് എന്റെ മകനെ കാണാതായപ്പോ ഞാൻ വല്ലാതെ പേടിച്ചുപോയി .,Fear
എനിക്ക് പണച്ചെലവ് വരുന്ന ഒരു പ്രധാന മീറ്റിങ് ഞാൻ മിസ് ചെയ്യാൻ പോവാണെന്ന് നിങ്ങൾക്കറിയാമോ? ഇത് അംഗീകരിക്കാൻ പറ്റില്ല .,Anger
വിപണി വളരെ പ്രവചനാതീതവും വെല്ലുവിളി നിറഞ്ഞതുമായി മാറിയിരിക്കുന്നു.,Fear
"സാധാരണ ഓട്ടോകളിൽ നിന്ന് വ്യത്യസ്തമായി, ഷെയർ ഓട്ടോകൾ എനിക്ക് ഇഷ്ടമാണ് , കാരണം എനിക്ക് അതിൽ വിലപേശേണ്ട ആവശ്യം വരില്ല.",Happiness
ഞനിപ്പോ കൂടുതലൊന്നും പറയുന്നില്ല കാരണം കുറച്ച് പൈസ നൽകി നിങ്ങൾ എന്നെ മുതലെടുക്കുന്നുവെന്ന് എനിക്കറിയാം .,Anger
യു.കെ.യില് പന്ത്രണ്ട് മാസത്തിൽ പത്ത് മാസവും മഴയായ കാരണം സൂര്യനെ കാണാതെ എനിക്കാകെ മടുപ്പാണ്.,Sadness
വൗ ! കളിയുടെ അവസാന പത്ത് മിനിറ്റിൽ ഫ്രാൻസ് രണ്ട് ഗോളുകൾ നേടി. അവർ എന്തായാലും തോൽക്കുന്നാ ഞാൻ വിചാരിച്ചെ.,Surprise
കസ്റ്റമറുടെ ആവശ്യങ്ങൾ നിറവേറ്റുന്നുവെന്ന് ഉറപ്പാക്കിക്കൊണ്ട് സ്റ്റോക്കിന്റെ ഷോട്ടേജ് ഇഷ്യൂ ഞാൻ പെട്ടന്ന് പരിഹരിച്ചു.,Happiness
"കേടുള്ള ബാച്ചുകളൊന്നും പോകാതിരിക്കാൻ പ്രത്യേകം ശ്രദ്ധിക്കണം, പിന്നെ നെഗറ്റീവ് റിവ്യൂകളും റേറ്റിംഗും ഒക്കെയായി ആകെ പ്രശ്നമാവും.",Fear
ഞാൻ കണ്ട മറ്റ് ഓപ്ഷനുകളുമായി താരതമ്യപ്പെടുത്തുമ്പോൾ എനിക്ക് വേണ്ടി വാടക വീട് കണ്ടെത്തിയ ഈ ബ്രോക്കറുടെ ബ്രോക്കറേജ് ഫീസ് കുഴപ്പമില്ല.,Happiness
നിങ്ങൾ വിദ്യാർത്ഥികളാരും ഭാഷയെക്കുറിച്ച് ചിന്തിക്കുന്നില്ല,Disgust
ഞാൻ സ്വന്തമായി തയ്യാറാക്കിയ ഒരു വിഭവം എന്റെ ബോസും സി.ഇ.ഒ.യും കഴിക്കുമ്പോ ഞാൻ ശ്വാസം അടക്കിപ്പിടിച്ചു.,Fear
ക്ലീനിംഗ് സൂപ്പർവൈസർ ഓഫീസിൽ സ്ഥിരമായി നിർദ്ദേശങ്ങൾ പാലിക്കാത്തതെന്ത് മോശാണ്.,Sadness
എപ്പോഴൊക്കെ തറയിൽ വെള്ളം കണ്ടാലും ഫ്രിഡ്ജിൽ നിന്ന് വരുന്നതാണ് . എനിക്ക് ആകെ മടുത്തു.,Sadness
ഇത്രയും ജോലിഭാരം എന്റെ പ്രചോദനത്തെ ബാധിക്കാൻ തുടങ്ങിയിരിക്കുന്നു.,Sadness
"അയ്യേ ! എന്തൊരു വൃത്തികേടാ ഈ മേശയിൽ , ഈ ഹോട്ടല് ഒരു ചവറ്റുകുട്ട പോലെ ഉണ്ട്!",Disgust
ഒരു ബ്ലേഡ് ഉപയോഗിക്കരുത്. അത് ചിലപ്പോ എന്റെ സ്കിന്നിൽ മുറി ആക്കും .,Fear
"അവരുമായി വർക്ക് ചെയുന്നത് ഞാൻ മനക്കോട്ട കെട്ടുകയായിരുന്നു, പക്ഷെ പെട്ടെന്ന് കോൺട്രാക്ട് കാൻസൽ ആയി .",Surprise
"ഇവിടെ പകുതി വിലയ്ക്ക് പുസ്തകങ്ങൾ വില്ക്കുന്നുണ്ടെന്നു പറഞ്ഞു. ഇപ്പോൾ എന്റെ കൈയിൽ പൈസ കുറവാണ്, ഞാൻ എങ്ങനെ ഈ പുസ്തകം വാങ്ങും ?",Sadness
എന്റെ അപേക്ഷകൾ നിരന്തരമായി തള്ളുന്നത് എത്ര കഷ്ടമാണ്!,Sadness
"വൗ , കൊള്ളാം, ഈ പുതിയ സ്മാട്ട്ഫോൺ ഇത്ര വേഗത്തിൽ ചാർജ് ആവുമെന്ന് എനിക്ക് വിശ്വസിക്കാൻ കഴിയുന്നില്ല!",Surprise
"അപ്പാട്ട്മെന്റ് സമുച്ചയത്തിലെ ഷാർപ് ടേൺ ഒരു കുഴപ്പം തന്നെ, ഞാൻ വാഹനമോടിക്കുമ്പോൾ ശ്രദ്ധിക്കാതെ ഓടുന്ന കുട്ടികളെ തട്ടുമോന്ന് നല്ല പേടിയാ.",Fear
ഇന്ന് എന്താണ് ചെയ്യേണ്ടതെന്ന് നിങ്ങൾ എന്നോടെന്തിനാ ചോദിക്കുന്നെ.,Disgust
"ആ ചെറുപ്പക്കാരൻ എന്റെ ക്രെഡിറ്റ് കാഡുമായി ഓടിപ്പോയി. അതിനുമുമ്പ് അവൻ എന്റെ പിൻ കണ്ടതാ. യ്യോ, എന്റെ സമ്പാദ്യമൊക്കെ നഷ്ടപ്പെടുമോ എന്തോ.",Fear
അപ്ഡേറ്റ് ആവശ്യപ്പെടുന്ന എന്റെ ഇമെയിൽ എന്റെ കോച്ചുകൾ അംഗീകരിക്കാത്തത് എന്നെ നിരാശനാക്കി.,Sadness
നിങ്ങള് കഷ്ടപ്പെടുകയല്ലേ? നിങ്ങളെന്താ ഓർത്തോയെ കാണാൻ പോകാത്തത്?,Sadness
പറഞ്ഞ പോലെ കട്ടില് ചെയ്യാമെന്ന് പറയുക. തോന്നുന്ന പോലെ ചെയ്യുക. എന്താ ഹേ ഇത്?,Anger
"ടൈറ്റ് ഷെഡ്യൂളുകളും പരിമിതമായ ലഭ്യതയും കാരണം, എനിക്ക് കൂടുതൽ ഇടയ്ക്കിടെ പാഠങ്ങൾ വാഗ്ദാനം ചെയ്യാനാവില്ല.",Sadness
ചെന്നൈയിൽ നിന്ന് ബാംഗ്ലൂരിലേക്ക് ഡ്രൈവ് ചെയ്തപ്പോൾ വെല്ലൂർ വരെ വലിയ ട്രക്കുകൾ അരികിലൂടെ കടന്നുപോയി.,Fear
നഗരത്തിലെ ഏറ്റവും വലിയ പുസ്തകക്കടയിൽ ഞാൻ തിരയുന്ന പുസ്തകം കണ്ടെത്താൻ കഴിയാത്തപ്പോൾ എനിക്ക് നിരാശയായി .,Sadness
അഹ്! ഈ പുതിയ സ്റ്റോർ നയം ഭയങ്കര പ്രശ്നമാണ്. നാട്ടിൽ അല്ലെങ്കിലേ ഉള്ള ഒരുപാട് പ്രശ്നങ്ങളുടെ മേൽ ഈ പാർക്കിങ്ങും പൊലൂഷനും കൂടിയായാൽ പിന്നെ സഹിക്കാൻ പറ്റില്ല.,Disgust
ഇനിയും അവധി വേണമെന്ന് ഞാൻ എന്റെ മാനേജരോട് ചോയ്ക്കില്ല. ചിലപ്പോ അദ്ദേഹം എന്നെ ജോലിയിൽ നിന്നേ പിരിച്ചുവിടും.,Fear
"ആഹ്, അത്രേം വെയിറ്റ് ഉള്ള ഒരു കേക്കിനെക്കുറിച്ച് ചിന്തിക്കുമ്പോഴേ എന്തോ പോലെ.",Disgust
"ശരിക്ക് പറഞ്ഞാൽ, നിങ്ങടെ പെരുമാറ്റം കണ്ടിട്ട് എനിക്ക് നല്ല കടുപ്പാകുന്നുണ്ട്.",Anger
"നിങ്ങൾ വിമാനക്കമ്പനിക്കെതിരെ കേസ് ഫയൽ ചെയ്താൽ, എനിക്ക് എന്റെ ജോലി പോകാനുള്ള സാധ്യതയുണ്ട്.",Fear
നിങ്ങൾ അത് ചെയ്യണ്ടെന്ന് പറയുമോന്നാ എന്റെ വിചാരം.,Fear
"ദിവസങ്ങളായി എന്റെ മനസ്സമാധാനം തകർക്കുന്ന, ഒച്ചയുള്ള, ഉപയോഗശൂന്യവുമായ ഫ്രിഡ്ജ് എനിക്ക് സഹിക്കേണ്ടിവന്നുവെന്ന് എനിക്ക് വിശ്വസിക്കാൻ കഴിയുന്നില്ല!",Anger
എ.ബി നെഗറ്റീവ് രക്തം കിട്ടാനില്ലെന്ന് വിശ്വസിക്കാൻ കഴിയുന്നില്ല. ഹെൽത്ത് സെന്ററില് എപ്പോഴും അടിയന്തിര സാഹചര്യങ്ങൾക്കുള്ള സപ്ലൈ ഉണ്ടെന്നാ ഞാൻ കരുതിയേ.,Surprise
വിശ്വസിക്കാൻ പറ്റുന്നില്ല! ആ സാമ്പത്തിക രേഖകളിൽ അവന്മാർ മനപ്പൂർവ്വം കൃത്രിമത്വം കാണിച്ചതാ.,Anger
ഈ കമ്പ്യൂട്ടർ സ്റ്റോറിൽ വൈഫൈ എത്ര സ്ലോ ആണ്. ഒന്നും ചെയ്തു തീർക്കാൻ പറ്റില്ല.,Disgust
നിങ്ങളുടെ കൗൺസിലിംഗ് ഇത്രയും ആഴത്തിലേക്ക് പോയി എന്നെ ഇത്ര ചലഞ്ചു ചെയ്യുമെന്ന് ഞാൻ പ്രതീക്ഷിച്ചിരുന്നില്ല!,Surprise
എല്ലാം ആകെ അലങ്കോലമായി കിടക്കുന്ന ഒരു മുറിയിൽ നീ എങ്ങനെ താമസിക്കുന്നു?,Disgust
തർക്കിക്കാതെ ഞാൻ പറയുന്നത് ഒന്ന് ശ്രദ്ധിക്കൂ.,Anger
ബൈക്കിന്റെ ടയർ പൊട്ടി കൃത്യസമയത്ത് ഡോജോയിൽ എത്താൻ കഴിയാത്തതു കൊണ്ട് നിരാശനായി എന്റെ കോച്ച് എന്നെ വിളിച്ചു.,Sadness
എന്റെ അപ്പോയിൻമെന്റിനായി ഒരാഴ്ച കൂടി കാത്തിരിക്കണമെന്ന് വിശ്വസിക്കാൻ പറ്റുന്നില്ല. ഇത് അംഗീക്കരിക്കാൻ പറ്റില്ല .,Anger
ആഘോഷത്തിന്റെ പ്രധാന ആകർഷണമായ ഞങ്ങളുടെ കസ്റ്റം മെയ്ഡ് കേക്ക് കൊണ്ട് അത്ഭുതപ്പെടുത്താനും ആസ്വദിക്കാനും തയ്യാറാകുക.,Surprise
"ഞാൻ രജനികാന്തിന്റെ വലിയ ഫാനാന്ന് എൻ്റെ ഫ്രണ്ട് പറഞ്ഞു. കഴിഞ്ഞ ആഴ്ച, ഞാൻ ഒരു ഫ്രണ്ടിന്റെ വെഡിംഗ് റിസപ്ഷന് പോയപ്പോ അവിടെ അദ്ദേഹം ഉണ്ടായിരുന്നു. എന്തു സിമ്പിള്!",Surprise
"പാന്റമിക്കിനുശേഷം  തിരക്ക് കാര്യമായി കുറഞ്ഞപ്പോ, സാൻ ഫ്രാൻസിസ്കോ  ഡൗൺ ടൗണിലുള്ള കടഉടമകളെല്ലാം വല്യ നിരാശയിലായി.",Sadness
രാജിവെക്കാനുള്ള നിങ്ങളുടെ തീരുമാനം നമ്മുടെ ടീമിന്റെ ഭാവിയെപ്പറ്റി ഒരു അനിശ്ചിതത്വം ഉണ്ടാക്കും.,Fear
"എന്തായിത്? ഒരു മണിക്കൂർ മുമ്പ് ഞാൻ ഫുഡ് ഓഡർ നൽകി, എനിക്ക് വിശക്കുന്നു. ഞാൻ വിളിച്ചപ്പോൾ നിങ്ങളുടെ സ്റ്റാഫ് കൂടുതൽ ഒന്നും പറയാതെ അത് വരുന്നുണ്ടെന്നു മാത്രം പറഞ്ഞു. ഹോട്ടൽ അതിഥികളോട് ഇങ്ങനെയല്ല പെരുമാറേണ്ടത്.",Anger
ജോലിസ്ഥലത്തും വീട്ടിലും എനിക്ക് കൈകാര്യം ചെയ്യേണ്ട കാര്യങ്ങള് ആലോചിക്കുമ്പഴേ പേടിയാണ്.,Fear
എന്റെ കേൾവിശക്തിയെ ചോദ്യം ചെയ്യാൻ നിങ്ങൾക്ക് എങ്ങനെ ധൈര്യം വന്നു?,Anger
എന്റെ പേയ്മെന്റ് വിവരങ്ങൾ തെറ്റായി കൈകാര്യം ചെയ്യാനുള്ള സാധ്യത ഉള്ളതുകൊണ്ട് ഈ ഡെലിവറി സർവീസുമായി മുന്നോട്ട് പോകാൻ എനിക്ക് വയ്യ.,Fear
ലൈഫ്സ്റ്റൈൽ സ്റ്റോറിൽ പ്ലസ് സൈസുകളുടെ വിശാലമായ ലഭ്യത എന്നെ അതിശയിപ്പിക്കുന്നു.,Surprise
ഡ്രൈവർ  ഇന്ന് എന്തൊരു തിടുക്കത്തിലാ വണ്ടി ഓടിക്കണെ. ഈ ബസ്സൊരു ആംബുലൻസാണെന്നാണൊ അയാൾ കരുതുന്നെ ?,Anger
"ചെലവുകൾ പോലും മാറ്റിവച്ചിട്ട്, ആവശ്യമുള്ളതിനേക്കാൾ കൂടുതൽ നികുതികൾ അടക്കേണ്ടി വരുന്നത് എനിക്ക് പറഞ്ഞറിയിക്കാൻ പറ്റാത്ത വിധം അസ്വസ്ഥതയുണ്ടാക്കുന്നു.",Anger
"വിദ്യാർത്ഥികൾ പച്ചയ്യപ്പാസ് കോളേജിന് ചുറ്റും നടക്കുകയും, വഴിയാത്രക്കാരെ വളഞ്ഞിട്ട് ആക്രമിക്കുകയും ചെയ്യുന്നു.",Fear
"ഞാൻ സ്റ്റുഡന്റ് കൗൺസിലിനോട് സംസാരിക്കുമ്പോൾ നിനക്ക് എന്നെ സപ്പോട്ട് ചെയ്യാൻ കഴിയുന്നില്ലെങ്കിൽ, വായടയ്ക്ക്.",Anger
"ആ സൂപ്പര്‍മാര്‍ക്കറ്റില്‍ ആകെ പൊടിയും പിന്നെ ഭയങ്കര നാറ്റവുമാണ്, ഓ, അവിടെ നില്‍ക്കാന്‍ പറ്റില്ല.",Disgust
ഞാൻ യു.എസ്സിലേക്ക് മാറിയതിനാൽ ഡ്രൈവിംഗ് ലൈസൻസ് നടപടിക്രമങ്ങൾ മുഴുവനായി വീണ്ടും ചെയ്യേണ്ടിവരുന്നതിൽ എനിക്ക് ദേഷ്യമുണ്ട്.,Anger
എന്റെ എഞ്ചിൻ പ്രശ്നത്തിൽ എന്നെ സഹായിക്കാൻ ചെന്നൈയിലെ നല്ല അറിവുള്ള ഒരു സർവീസുകാരൻ ആണ് വി.പി. എന്നതിൽ എനിക്ക് നല്ല ആശ്വാസമുണ്ട്.,Happiness
"ഇവിടുത്തെ ഭക്ഷണം ദിവസം തോറും മോശമായിക്കൊണ്ടിരിക്കുകയാ. എനിക്ക് ഇനി അത് സഹിക്കാൻ പറ്റില്ല, ഞാൻ അത് ഉദ്യോഗസ്ഥരെ അറിയിക്കാൻ പോവാ.",Anger
ഫീൽഡിൽ സ്വന്തം ടീമിന്റെ സൂപ്പർ പെർഫോമൻസ് കണ്ടപ്പോ ഒലിവിയയ്ക്ക് ചിരി നിർത്താനേ കഴിഞ്ഞില്ല.,Happiness
സുശാന്ത് സിംഗ് രജ്പുത്തിന്റെ ആത്മഹത്യാ ന്യൂസ് തികച്ചും മനസ്സിടിച്ചുകളഞ്ഞു.,Sadness
അച്ഛൻ എന്റെ മാർക്ക് ഷീറ്റ് കണ്ടാ എന്താ പറയാന്ന് എനിക്കറിയില്ല.,Fear
രോഗലക്ഷണങ്ങളുടെയും മെഡിക്കൽ പരിശോധനാ റിപ്പോട്ടിന്റെയും അഭാവത്തിലും ഡോക്ടർ കൃത്യമായ രോഗനിർണയം നടത്തിയപ്പോൾ ഞാൻ സ്തംഭിച്ചുപോയി!,Surprise
പ്രത്യേകിച്ച് അക്രമാസക്തമായ രണ്ട് മോഷണങ്ങൾക്ക് ശേഷം ഞങ്ങൾ രാത്രിയിൽ ഞങ്ങളുടെ പരിസരത്ത് കൂട്ടമായി പട്രോളിംഗ് ആരംഭിച്ചു.,Fear
"കഷ്ടം, ബാങ്കിംഗ് മേഖലയിലുള്ള ഈ ആളുകളെ ഒക്കെ എനിക്ക് നല്ല മതിപ്പായിരുന്നു, അവർ ഇങ്ങനെ തട്ടിപ്പ് നടത്തും എന്ന് ഞാൻ പ്രതീക്ഷിച്ചില്ല.",Sadness
വൗ മാഡം! ഇത്ര പെട്ടന്ന് ഒരു ഇൻക്രിമെന്റ് ഞാൻ വിചാരിച്ചേയില്ല!,Surprise
എന്റെ പ്രൊഫഷണൽ ജീവിതത്തിലെ നഷ്ടമായ അവസരങ്ങളെക്കുറിച്ച് ചിന്തിക്കുമ്പോൾ എനിക്ക് സങ്കടം തോന്നുന്നു.,Sadness
"എൻ്റെ കൺസൾട്ടിംഗ് ബിസിനസ്സ് ഒന്ന് പച്ചപിടിച്ചിട്ടുണ്ട്. മുമ്പത്തെ പോലെ ഒന്നും അല്ല, ഇപ്പോൾ കിട്ടുന്ന ക്ലയന്റുകളൊക്കെ വലിയ പാർട്ടികളാ.",Happiness
ഒരു ജേൺലിസ്റ്റ് എന്ന നിലയിൽ നിങ്ങൾ സിറ്റിയിലെ വർഗീയ കലാപങ്ങളെക്കുറിച്ച് തെറ്റായ വാർത്തകൾ പ്രസിദ്ധീകരിച്ചില്ലേ? അതുകൊണ്ട് എല്ലാരും ഇവിടെ പേടിച്ച് ഓടുകാ.,Fear
"പകൽ സമയത്ത് എന്റെ ഓഹരികളുടെ വിലയങ്ങനെ ഉയരുന്നതു കാണുന്നതിനേക്കാൾ സുഖം, മറ്റൊന്നിനുമില്ല.",Happiness
"ഈ ക്വാർട്ടറിലെ വരുമാനത്തിലെ ഇടിവിൽ ഞാൻ നിരാശനാണ്, ഇത് സമീപഭാവിയിൽ വളർച്ചയെ സങ്കൽപ്പിക്കാൻ പ്രയാസകരമാക്കുന്നു.",Sadness
എനിക്ക് ഓഹരി വിപണിയെക്കുറിച്ച് ഒന്നും അറിയില്ലെന്നാണോ നിങ്ങടെ വിചാരം?,Anger
ക്വാളിറ്റിയേയില്ല. നിങ്ങളുടെ ഹോം സർവീസിൽ ഞാൻ അങ്ങേയറ്റം നിരാശനാണ് മിസ്റ്റർ.,Anger
ഇന്നും കഴിച്ചില്ലെങ്കിൽ അവൻ പട്ടിണി കിടന്ന് മരിക്കുമോന്നാ എന്റെ പേടി.,Fear
"നിങ്ങൾക്ക് ഭ്രാന്താണോ? ചികിൽസ തുടങ്ങിയപ്പോ മറ്റേ ഡോക്ടർ നാൽപ്പത്തിയഞ്ച് ദിവസത്തെ വിശ്രമം ഒന്നും പറഞ്ഞില്ല . ഞാൻ ഇരുപത്തിയൊന്ന് ദിവസം വിശ്രമിച്ചു, ഇപ്പോൾ ജോലിയിലേക്ക് തിരിച്ചു കേറിയില്ലെങ്കിൽ എന്റെ ജോലി പോകും .",Anger
സ്കൂളിൽ ക്ലാസ്മേറ്റ്സ് പ്രേതകഥ പറഞ്ഞ ദിവസെല്ലാം കുന്നിൻ ചെരിവിലൂടെ വീട്ടിലേക്ക് നടക്കുമ്പോ ഞാൻ പുറകിലേക്ക് നോക്കും.,Fear
"ഞാൻ ഇന്ന് അബദ്ധത്തിൽ എന്റെ ഫോൺ താഴെ ഇട്ടു , സ്ക്രീൻ ഛിന്നഭിന്നമായി.",Sadness
നമുക്ക് പ്രോഗ്രസ് ഇല്ലാത്തതുകൊണ്ട് വിപണിയിലെ എതിരാളികൾ നമ്മളെ ദുർബലരാക്കി.,Sadness
"ഞാൻ എന്റെ നീന്തൽ വസ്ത്രങ്ങളൊക്കെ എടുത്താരുന്നു, പക്ഷേ കഷ്ടം എന്നു പറയട്ടെ ഞങ്ങൾ താമസിച്ച സമയത്ത് അവിടെ അറ്റകുറ്റപ്പണികൾക്കായി ഹോട്ടലിന്റെ പൂൾ അടച്ചിട്ടു.",Sadness
എന്റെ ബാങ്ക് ബാലൻസ് എന്നോട് ചോദിക്കരുത്. നിങ്ങൾക്ക് വേണമെങ്കിൽ നിങ്ങളുടെ ഡോക്യൂമെന്റ്സ് ചെക്ക് ചെയ്യാം. എന്റെ കയ്യിൽ ആവശ്യത്തിന് പൈസ ഉണ്ട് .,Anger
"കൗൺസിലിങ്ങിലൂടെ എന്റെ സ്ട്രെസ്സും, ഉൽകണ്ഠയും  മാനേജ് ചെയ്യാനുള്ള ഫലപ്രദമായ വഴികൾ ഞാൻ പഠിക്കുന്നുണ്ടെന്ന് അറിയുമ്പോൾ എനിക്ക് ആശ്വാസം തോന്നുന്നു.",Happiness
ഇൻവോയിസിലുള്ള ഈ പുതിയ ഡെലിവറി ചാർജ് ഞാൻ ശ്രദ്ധിച്ചു. എന്റെ ഗ്യാസ് സിലിണ്ടർ പോലും ഇപ്പോൾ സ്റ്റൈലിൽ സഞ്ചരിക്കാൻ ആഗ്രഹിക്കുന്നുവെന്ന് ഞാൻ കരുതുന്നു!,Surprise
"ആമസോണിൻ്റെ ആപ്പിൽ വീട്ടിൽ ഇരുന്ന് ഷോപ്പിംഗ് ചെയ്യാൻ എന്ത് എളുപ്പമാണ്, ഞാൻ മുമ്പൊന്നും ഇത്ര സുഖമുള്ള ഒരു ആപ്പ് ഉപയോഗിച്ചിട്ടില്ല!",Surprise
"കഴിഞ്ഞ കുറച്ച് മാസങ്ങളായി ട്വിറ്റർ, ഫേസ്ബുക്ക്, ലിങ്ക്ഡ്ഇൻ എന്നിവയിൽ ഓൺലൈനായി എഴുതുന്നത് ഞാൻ നിർത്തി. ട്രോള് തന്നെ.",Fear
ഇത്രയധികം ഇൻവെന്ററി പേപ്പർവർക്കുകൾ ഉള്ളതുകൊണ്ട് എൻ്റെ അടുത്ത് നിന്ന് എന്തെങ്കിലും തെറ്റ് വന്ന് പോകുമോ എന്ന ആധിയിലാണ് ഞാൻ.,Fear
ഒരു ഡിന്നർ ബുഫേയിൽ ഒരു ദഹി വട കൂടി വേണമെന്ന് ആഗ്രഹിച്ചിട്ട് അത് കിട്ടാതിരുന്ന ആ കുട്ടിയോട് എനിക്ക് സഹതാപം തോന്നി.,Sadness
"ഞാൻ നിലത്തുവീണ പിസയിൽ അറിയാതെ ചവിട്ടിപ്പോയി, ശേ, ഇനിയിപ്പോ എന്ത് ചെയ്യും?",Sadness
"ആരോ സീറ്റിൽ ഛർദ്ദിച്ചു, അത് നാറീട്ടു വയ്യ .",Disgust
ഫ്രാൻസിൽ ഞാൻ ഗോൾകീപ്പറായിരുന്ന ഒരു ടീമിനൊപ്പം ഒരു ഫുട്ബോൾ മത്സരം വിജയിച്ചതിന് ശേഷം അക്ഷരാർത്ഥത്തിൽ ഞാൻ വലിയ സന്തോഷത്തിലായിരുന്നു.,Happiness
കടയുടെ ചുവരുകളിൽ ഗ്രാഫിറ്റി എഴുതുന്ന ചില അയൽവാസികളോട് എനിക്ക് ദേഷ്യമുണ്ട്.,Anger
ഈ സാഹചര്യം മാറ്റാൻ ഒരു വഴിയുള്ളത് വല്യ കാര്യം.,Happiness
ചെന്നൈയിൽ നടന്ന ഒരു കച്ചേരിയിൽ ഒരേസമയം രണ്ട് കീബോഡുകൾ പ്ലേ ചെയ്ത് യാനി എന്നെ ഞെട്ടിച്ചു.,Surprise
സിഗ്നൽ ഇല്ലാത്തതുകൊണ്ട് ഞങ്ങളുടെ മക്കളോട് സംസാരിക്കാനേ പറ്റുന്നില്ലല്ലോ.,Sadness
വീടിലെ നിർമ്മാണ പ്രവർത്തനങ്ങളും എന്റെ കുടുംബത്തിന്റെ ദിനചര്യകളും നന്നായി കൈകാര്യം ചെയ്യാൻ കഴിയുമോ എന്തോ!,Fear
എന്റെ ഡ്രസ്സ്‌ കീറിപ്പോയി. എനിക്ക് ഇതുപോലെ സ്റ്റേജിൽ പോകാൻ പറ്റില്ല .,Sadness
"ഹേയ്, ഞാൻ ഏത് നിറമാണ് ചോദിച്ചതെന്ന് നിങ്ങള്ക്ക് ഓർമ്മയില്ലേ? നിങ്ങള് എന്തിനാ എനിക്ക് ഇത് കൊണ്ടുവരുന്നത്?",Anger
ഞങ്ങൾടെ ക്വാട്ടേർലി റിപ്പോർട്ടിംഗ് സീസൺ അടുക്കുമ്പോൾ കമ്പനിയുടെ ഫിനാൻഷ്യൽ ഹെൽത്തുമായി ബന്ധപ്പെട്ട് വിവരങ്ങൾ ഒന്നും കിട്ടാത്തതിൽ എനിക്ക് നല്ല നിരാശയുണ്ട്.,Anger
വില കൂടിയാൽ അത് നമ്മുടെ വില്പനയെ  ബാധിക്കും.,Fear
"വണ്ടിയൊക്കെ ടൂർ കമ്പനി ശരിയാക്കും എന്നായിരുന്നു പറഞ്ഞിരുന്നത്, പക്ഷെ അവിടെ പോയപ്പോ വണ്ടിയും ഇല്ല ഒരു ടൂർ കമ്പനിയും ഇല്ല!",Anger
ഈ സൈബർ ആക്രമണങ്ങളിൽ ചിലത് എത്രത്തോളം പ്രശ്നമാണെന്ന് അറിഞ്ഞപ്പോൾ ഞാൻ അത്ഭുതപ്പെട്ടു. ജാഗ്രത പാലിക്കുകയും ഓൺലൈനിൽ സ്വയം സംരക്ഷിക്കുകയും ചെയ്യേണ്ടത് പ്രധാനമാണ്.,Surprise
"ലിവിംഗ് റൂമിലേക്ക് വെക്കാനായി അടുത്തുള്ള ഷോറൂമിലെ മനോഹരമായ ഒരു ടി.വി.യിൽ എനിക്ക് കണ്ണുണ്ടായിരുന്നു, പക്ഷേ വാറന്റി നല്ലതല്ലെന്ന് അറിഞ്ഞതോടെ ഞാൻ നിരാശനായി.",Sadness
ഞാൻ പാസ്ത ഒരുപാട് വേവിച്ച് അത് കുഴഞ്ഞു പോയി.,Sadness
"എന്റെ ക്ലാസ്സിൽ വളരെ വിഷാദരോഗിയായ ഒരു ചെറുപ്പക്കാരനുണ്ട്, അവനുമായി ആരും സംസാരിക്കില്ല. എനിക്ക് അയാളോട് സഹതാപം തോന്നാ.",Sadness
പതുക്കെ പോ. മുന്നിലേക്കു പോകുമ്പോ കുറെ ആനകൾ റോഡ് ബ്ളോക്ക് ആക്കുന്നുണ്ട്.,Fear
ഈ കൊറിയർ കമ്പനി ശരിയല്ലപ്പാ. ഞാൻ മുൻകൂറായി പണമടച്ചതാണ്. ഇപ്പോൾ അവർ എന്നോട് പറയുന്നു പൈസ അടച്ചിട്ടില്ലെന്ന് !,Anger
ഗ്യാസ് സിലിണ്ടറിന്റെ വില കുറഞ്ഞെന്ന് ഡെലിവറി ചെയുന്ന ആൾ പറഞ്ഞപ്പോൾ എനിക്ക് സന്തോഷമായി.,Happiness
പ്രതികാരം ചെയ്യുമെന്ന് ഭയന്നതിനാൽ സാൻ ഫ്രാൻസിസ്കോയിലെ കടയുടമ മോഷ്ടാക്കളെ തടഞ്ഞില്ല.,Fear
ഇരുപത്തിയൊന്ന് ദിവസം മാത്രമാണ് വിശ്രമിച്ചതെന്നാണോ നിങ്ങൾ അർത്ഥമാക്കുന്നത് ? നിങ്ങൾ നാൽപ്പത്തിയഞ്ച് ദിവസം വിശ്രമിക്കണം.,Surprise
മോഡുലാർ കിച്ചണിന്റെ ഇൻസ്റ്റാളേഷൻ പ്രക്രിയയെക്കുറിച്ച് എനിക്ക് അൽപ്പം പേടിയുണ്ട് . മോഡുലാർ യൂണിറ്റുകളുടെ അസംബ്ലി സമയത്ത് എന്റെ അടുക്കളയുടെ ഭിത്തികൾക്കോ ഫ്ലോറിങ്ങുകൾക്കോ കേടുപാടുകൾ ഉണ്ടാകില്ലെന്ന് കരുതുന്നു.,Fear
കുറ്റകൃത്യങ്ങൾക്ക് പേരുകേട്ട ഹൈദരാബാദിൽ ഞങ്ങളുടെ പുതിയ സ്റ്റോർ തുറക്കുന്നതിൽ എനിക്ക് നല്ല ആശങ്കയുണ്ട്.,Fear
ശ്രദ്ധ കേന്ദ്രീകരിച്ച് പാഠങ്ങൾ ഫലപ്രദമായി ഉൾക്കൊള്ളാനുള്ള കഴിവിനെ ഈ ഇടപെടലുകൾ തടസ്സപ്പെടുത്തുമോന്നാ.,Fear
"എന്റെ ഫ്രിഡ്ജ് എന്താണ് ഈ ഭയങ്കര ശബ്ദം ഉണ്ടാക്കുന്നതെന്ന് മനസിലാക്കുന്ന ഒരാളെ കിട്ടിയതു നന്നായി, ഇത് ആഴ്ചകളായി എന്നെ അലട്ടുന്നു!",Happiness
"ഇത്രയും കാലം അഡ്മിനിസ്ട്രേറ്റീവ് ടീം കച്ചവടക്കാരിൽ നിന്നൊക്കെ കൈക്കൂലി വാങ്ങുകയായിരുന്നു, ഇവരെയൊക്കെ വിശ്വസിച്ച എന്നെ പറഞ്ഞാൽ മതി.",Anger
കഠിനമായ ജീവിതവും നിരന്തരമായ വിമർശനങ്ങളും കാരണം അഭിനേതാക്കൾ പിൻവലിയുന്നത് ഞാൻ കാണുന്നു.,Sadness
പഴം വിൽപ്പനക്കാരൻ മാമ്പഴം മുറിച്ചപ്പോ വണ്ട് പുറത്തേക്ക് ഇഴഞ്ഞ് വന്നപ്പോ എനിക്ക് എന്തോ പോലെ തോന്നി.,Disgust
ഈ കെട്ടിടത്തിന് പതിനായിരം വർഷം പഴക്കമുണ്ടെന്ന് നിങ്ങൾക്കറിയോ ?,Surprise
നിർമ്മാണ സ്ഥലം പ്രേതബാധ ഉള്ളതാണെന്ന് ഞാൻ വിചാരിക്കുന്നു. കഴിഞ്ഞ രാത്രി സൈറ്റിലൂടെ നടക്കുമ്പോൾ ഒരു പ്രേതത്തെ കണ്ടതായി എനിക്ക് തോന്നി .,Fear
വിശന്നു വലഞ്ഞ ഒരു യാചകൻ ഞാൻ കൊടുത്ത ഭക്ഷണം ഒരു കൂസലുമില്ലാതെ ചവറ്റുകുട്ടയിലേക്ക് എറിഞ്ഞപ്പോൾ എന്റെ മുഖം ദേഷ്യം കൊണ്ട് ചുവന്നു.,Anger
നല്ല പലിശ നിരക്കുകൾ ഓഫർ ചെയ്യാത്തതിന് എനിക്ക് ബാങ്കിനോട് ദേഷ്യമുണ്ട്.,Anger
അടഞ്ഞു കിടക്കുന്ന സ്ഥലങ്ങൾ എന്നെ അസ്വസ്ഥനാക്കുന്നു.,Fear
"ഓടുന്നതിനിടയിൽ ശരീരത്തിൽ ഉപ്പ് കുറഞ്ഞപ്പോൾ, അവിടെ മുൻപില്ലാത്ത കാര്യങ്ങൾ ഞാൻ കാണാൻ തുടങ്ങി.",Fear
ഒരു പ്രൊജക്റ്റ്‌ നടത്താനുള്ള സ്വാതന്ത്ര്യം നൽകാതെ അതിന്റെ പരാജയത്തിന് ലീഡർ എന്നെ കുറ്റപ്പെടുത്തുന്നു.,Anger
"നിങ്ങൾക്ക് ഒരു ഇൻവെസ്റ്റ്മെൻ്റ് അഡ്വൈസർ ഉണ്ടെന്നാ ഞാൻ വിചാരിച്ചെ, പണം നിങ്ങൾ സ്വയം കൈകാര്യം ചെയ്യുന്ന കാര്യം എനിക്കറിയില്ലായിരുന്നു .",Surprise
ഇന്നത്തെ മത്സരത്തിൽ ഞാൻ നന്നായി ഓടിയില്ലെങ്കിൽ കോച്ച് എന്നെ അടിക്കും.,Fear
എന്തുകൊണ്ടാ എല്ലാവരും ആദ്യം എന്നെ കുറ്റപ്പെടുത്തണത്?,Anger
"ടൂറിനായി കോക്സ് ആൻഡ് കിംഗ്സ് പഴയ, തെറ്റായ മാപ്പുകളാ നൽകിയത്.",Anger
ഐ.എസ്.എസ്സിലേക്ക് ഒരു ബഹിരാകാശ സഞ്ചാരിയെ അയക്കുന്നതിനെക്കുറിച്ച് നാസയുമായുള്ള ഐ.എസ്.ആർ.ഒ.യുടെ പങ്കാളിത്തം പ്രഖ്യാപിച്ചപ്പോൾ ഞാൻ ഞെട്ടിപ്പോയി!,Surprise
മൂത്ത സഹോദരന്റെ വിവാഹ ആഘോഷങ്ങളിൽ നിന്ന് അനിയനെ അവന്റെ മാതാപിതാക്കൾ മാറ്റിനിർത്തിയപ്പോൾ എനിക്ക് അവനോട് സഹതാപം തോന്നി .,Sadness
എന്റെ കുട്ടികൾക്ക്‌ കളിക്കാനും ഓർമിക്കാനും ഒരു വലിയ വീട്ടുമുറ്റമുള്ള ഒരു സ്ഥലത്തിന് എനിക്ക് ബജറ്റ് ഇല്ലാത്തതിൽ ഞാൻ ദുഃഖിതനായിരുന്നു.,Sadness
അറ്റ്ലാന്റിക്കിൽ കൊടുങ്കാറ്റക്കടിക്കുന്ന സമയത്ത് കടലിൽ പോയിട്ടുണ്ടോ നീ? ഇങ്ങനെ ഒരു അനുഭവം എൻ്റെ ജീവിതത്തിൽ ആദ്യമാണ്.,Surprise
"കർഷക തൊഴിലാളികൾ പറയാതെ ഉത്സവങ്ങൾക്ക് പോകുകയോ, കൂടുതൽ പണം നൽകിയാൽ മറ്റ് ഭൂവുടമകൾക്ക് വേണ്ടി ജോലി ചെയ്യുകയോ ചെയ്യുന്നത് വലിയ തെറ്റാണ്.",Anger
ഞാൻ ഓഡർ ചെയ്ത ഒരു ഐറ്റം കിട്ടിയപ്പോ അത് പൊട്ടിയിയിരിക്കുന്നു.,Sadness
അസ്ഥിരമായ സമ്പദ് വ്യവസ്ഥ കണക്കിലെടുക്കുമ്പോ അടുത്ത ആറ് മാസത്തിനുള്ളിൽ മാർക്കറ്റ് ഇടിവ് ഉണ്ടകുമോന്നാ ഞാൻ വിചാരിക്കുന്നെ.,Sadness
ഗ്രാമത്തിലൂടെ നടക്കുമ്പോൾ പുറംലോകം അനുഭവിക്കാൻ കഴിയാത്ത ആളുകളെക്കുറിച്ചോർത്ത് മനസ്സിലൊരു നീറ്റൽ.,Sadness
ഗ്യാസ് സിലിണ്ടറിന്റെ വില വളരെ കുറവായിരുന്ന സമയം ഓർക്കുന്നു. സിലിണ്ടർ ചെലവ് ഇപ്പൊ കൈകാര്യം ചെയ്യുന്നത്എന്ത് ബുദ്ധിമുട്ടാണ്.,Sadness
ഈ ആഴ്ച മുംബൈയിൽ ഹാരി സ്റ്റൈൽസ് പരിപാടി അവതരിപ്പിക്കുന്നുണ്ടെന്ന് എനിക്ക് വിശ്വസിക്കാൻ പറ്റണില്ല.,Surprise
"എനിക്ക് ഈ ദിവസം മൊത്തം ഒരു ബിസിനസ്സും ഉണ്ടായിട്ടില്ല , അതുകൊണ്ട് ദയവായി ഒരു മണിക്കൂർ നിങ്ങളുടെ കടയ്ക്ക് മുന്നിൽ എന്റെ സ്റ്റാൾ വക്കാൻ എന്നെ അനുവദിക്കു.",Sadness
എന്റെ പുറകിൽ ക്യൂവിൽ നിൽക്കുന്ന ആൾ വിയർത്ത് കുളിച്ചിട്ട് എന്തൊരു നാറ്റാ വന്നിരുന്നേ.,Disgust
ഈ മാൾ ഒരു പേടിസ്വപ്നമാണ്. ഞാൻ തിരയുന്നത് ഒന്നും എനിക്ക് ഇവിടെ കിട്ടാറില്ല.,Anger
എൻ്റെ മകൻ അവൻ്റെ കീബോഡിൽ മണിക്കൂറുകളോളം പ്രാക്ടീസ് ചെയ്യുന്നത് കാണുമ്പോൾ അഭിമാനം തോന്നുന്നു.,Happiness
അയാൾ വ്യായാമം ചെയ്യുന്ന ഈ രീതി വല്ലാതെ വിചിത്രം തന്നെ.,Disgust
"ഏതാനും മണിക്കൂറുകൾക്കുള്ളിൽ എന്റെ അലക്കൽ, ഉണക്കൽ, മടക്കിവെക്കൽ എല്ലാം കഴിയുമെന്ന് ഹോട്ടൽ റിസപ്ഷൻ പറഞ്ഞപ്പോൾ ഞാൻ ശരിക്കും അൽഭുതപ്പെട്ടു. ഗസ്റ്റിന് എന്താ വേണ്ടതെന്ന് അലക്ക് റൂമിലുള്ളവർക്ക് അറിയാമോ എന്ന് ഞാൻ അൽഭുതപ്പെടുന്നു.",Surprise
ഞങ്ങടെ ലാപ് ടോപ്പുകളിൽ ഞങ്ങൾ ചെയ്യുന്നതൊക്കെ ടെക്നിക്കൽ ടീം വാച്ച് ചെയ്യന്നുണ്ടത്രെ.,Fear
ഒരു പെൺകുഞ്ഞിന്റെ അച്ഛനായെന്ന് നെഴ്സ് പറഞ്ഞപ്പോൾ അദ്ദേഹത്തിന്റെ മുഖത്തൂന്ന് സന്തോഷക്കണ്ണീരാ ഒഴുകിയെ.,Happiness
എന്റെ എ.സി.ടി. കണക്ഷനിൽ എനിക്ക് ധാരാളം പ്രശ്നങ്ങളുണ്ടെന്ന് നിനക്ക് അറിയാമായിരുന്നിട്ടും നീ എ.സി .ടി .ബ്രോഡ്ബാൻഡ് ഉപയോഗിക്കുന്നത് എന്താണെന്ന് എനിക്ക് മനസ്സിലാക്കാൻ കഴിയുന്നില്ല.,Surprise
നിന്റെ വായിൽ നിന്നുള്ള പച്ച ഉള്ളിയുടെ നാറ്റം കാരണം എനിക്ക് ഛർദ്ദിക്കാൻ വരുന്നു.,Disgust
"ഇത്രയും കാലം സ്റ്റോക്ക് മാർക്കറ്റിൽ കിടന്ന് കളിച്ചിട്ടും എനിക്കൊരു ലാഭവും ഉണ്ടായിട്ടില്ല, കുറച്ച് ആളുകൾക്ക് മാത്രം ലാഭം ഉണ്ടാക്കാനുള്ള തട്ടിപ്പാണിത്.",Anger
കുറ്റവാളികളിൽ നിന്ന് സ്വയം പരിരക്ഷിക്കാനുള്ള മാർഗ്ഗങ്ങൾ സ്വീകരിക്കേണ്ടതിന്റെ പ്രാധാന്യം നിങ്ങൾ മനസ്സിലാക്കുന്നില്ല.,Disgust
എന്റെ പേപ്പറിനൊപ്പം ഞാൻ ആസ്വദിക്കുന്ന മാസികകൾ എന്റെ ദിവസത്തിന്റെ ഒരു ഭാഗമായിരിക്കുന്നു. നിങ്ങൾ അവധിയായതിനാൽ അവ നാളെ എനിക്ക് കിട്ടില്ല എന്നത് നിരാശാജനകമാണ്.,Sadness
എന്റെ ഗ്യാസ് സിലിണ്ടർ ഏതാണ്ട് കഴിയാറായി. പുതിയത് ഉടനേ വരില്ലേ?,Fear
"ഇന്ന് രാത്രി റെസ്റ്റോറന്റിലെ തിരക്ക് കണ്ടോ, ടേബിളിലേക്ക് ഇത്രയും വേഗത്തിൽ ഡെലിവറി ചെയ്യുമെന്ന് ഞാൻ പ്രതീക്ഷിച്ചിരുന്നില്ല.",Surprise
"കഴിഞ്ഞ അഞ്ച് വർഷമായി നിങ്ങളുടെ നിരന്തരമായ വിമർശനങ്ങളും, അസംതൃപ്തിയും കേട്ട് ഞാൻ മടുത്തു.",Disgust
പ്രൊജക്റ്റിന്റെ പരാജയത്തിന് ലീഡർ ഉത്തരവാദിത്തം ഏറ്റെടുക്കണമെന്ന് ഞാൻ ആവശ്യപ്പെട്ടപ്പോൾ ഒരുത്തനും ഒന്നും മിണ്ടിയില്ല.,Anger
"ഇവിടുത്തെ സര്വീസ് വളരെ മോശാണ്. പാക്കേജ് ശരിയായിരുന്നില്ല, കൃത്യമായ ട്രാക്കിംഗ് അപ്ഡേറ്റും ഉണ്ടായില്ല!",Anger
ഇന്നലെ നിങ്ങൾ എന്നോട് സീരിയസായി സംസാരിച്ചപ്പോ കേക്കാത്തതില് എനിക്ക് സങ്കടമുണ്ട്.,Sadness
"എനിക്ക് ഇത് വിശ്വസിക്കാൻ കഴിയുന്നില്ല! എന്റെ പത്രം എല്ലാ തവണയും വൈകും, അതുകൊണ്ട് ബ്രേക്ക്ഫാസ്റ്റ് കഴിഞ്ഞ് വായിക്കാൻ ഒന്നും ഇല്ലാതിരിക്കാ ഞാന്.",Anger
സെക്യൂരിറ്റിയെ വച്ചിട്ടും മോഷണം നടന്നതറിഞ്ഞ് ഞാൻ വല്ലാതെ കടുപ്പായി.,Anger
ഡ്രൈവിംഗ് സ്കൂളിലെ വനിതാ ഡ്രൈവിംഗ് ഇൻസ്ട്രക്ടറെ എനിക്ക് വെറുപ്പായിരുന്നു. അവർക്ക് എപ്പഴും ഭയങ്കര ധൃതിയായിരുന്നു.,Disgust
കാൻഡിഡേറ്റ് അയാൾടെ ശമ്പളം പറയുന്നത് വരെ ഞങ്ങൾ പരിഗണിക്കുന്നതിനേക്കാൾ ഉയർന്ന ലെവൽ ആണ് അയാൾ അന്വേഷിക്കുന്നതെന്ന് എനിക്ക് അറിയില്ലായിരുന്നു.,Surprise
അമൃത്സറിലെ ഒരു ചെറിയ ഈറ്റിംഗ് ജോയിന്റിലെ അമൃത്സരി കുൽച്ച എനിക്ക് നല്ല ഇഷ്ടപ്പെട്ടു. അത് ശരിക്കും നല്ല സ്വാദ് ആയിരുന്നു.,Happiness
എനിക്കെന്ത് ചെയ്യാൻ കഴിയുമെന്ന് എല്ലാവർക്കും കാണിച്ചുകൊടുക്കാനുള്ള ഒരു അവസരം കാത്തിരിക്കുകയാണ് ഞാൻ.,Happiness
ഡ്രൈവർ! ഞാൻ നിങ്ങൾക്ക് തെറ്റായ അഡ്രസ്സ് തന്നതിൽ ക്ഷമിക്കണം. അഡ്രസ്സിന്റെ കാര്യത്തിൽ ഞാൻ കൺഫ്യൂഷനിലായി .,Sadness
"അത്ഭുതം, , രാഷ്ട്രീയക്കാരുടെ എതിർപ്പ് അവഗണിച്ച് പോലീസ് കുറ്റകൃത്യങ്ങൾ അടിച്ചമർത്തി!",Surprise
"ഇന്ന് എന്റെ നിക്ഷേപം നോക്കി, ഇത് ഇത്ര ഉയരുമെന്ന് ഞാന് പ്രതീക്ഷിച്ചേയില്ല.",Surprise
രാജ്യാഭിമാത്തിന് എതിരായി ഇന്ത്യയെ ഒറ്റിക്കൊടുക്കാനും നിരവധി സ്വാർത്ഥരായ ഇന്ത്യക്കാർ ഉണ്ടെന്നത് എന്നെ ഭയപ്പെടുത്തുന്നു.,Fear
ഫ്രഷ് ആയ ഫ്രൂട്ട് കഴിച്ച ശേഷം എനിക്ക് വല്ലാത്ത ഉന്മേഷം തോന്നുന്നു.,Happiness
"പരിപാടീടെ തീം ശ്രദ്ധേയമാണെങ്കിലും മൊത്തത്തിലുള്ള കുഴപ്പത്തിനും, കെടുകാര്യസ്ഥതയ്ക്കും ഞാൻ ഇവന്റ് മാനേജരോട് ദേഷ്യപ്പെട്ടു.",Anger
ഇത്തവണ എനിക്ക് ട്രിപ്പിന് വരാൻ പറ്റില്ല. ഞായറാഴ്ച ആവുമ്പഴേക്കും എനിക്ക് ഒരു അസൈൻമെന്റ് സബ്മിറ്റ് ചെയ്യണം.,Sadness
കഴിഞ്ഞ മാസം അന്തരിച്ച നമ്മുടെ കമ്മ്യൂണിറ്റിയിലെ പ്രായും കൂടിയ ആക്ടീവ് അംഗത്തെ ഞങ്ങൾ വല്ലാതെ മിസ് ചെയ്യുന്നു.,Sadness
ആ ചെറുതിനെ കണ്ടോ? എത്ര സിമ്പിളായിട്ടാണ് ആ കയറിൻ്റെ മുകളിലൂടെ നടക്കുന്നത്!,Surprise
എന്റെ സഹപ്രവർത്തകന്റെ രാജിയും അസാന്നിധ്യവും കാരണം ഞാൻ ഓർഗനൈസേഷനിൽ എച്ച്.ആർ. ഹെഡായി തുടരണമോയോയെന്ന് എനിക്ക് ആശങ്കയുണ്ടായി .,Sadness
എപ്പോഴും വീടിന്റെ ഉള്ളിൽ തന്നെ ഇരിക്കുന്നതോണ്ട് കുട്ടികൾക്ക് ആകെ വിഷാദമായിരുന്നു .,Sadness
സിനിമയുടെ റിലീസ് ആഘോഷിക്കുന്നതിനിടെ ഒരു ആൺകുട്ടി മതിലിന്റെ മുകളിൽ നിന്ന് വീണു. കഷ്ടം തന്നെ!,Sadness
"അവിടുത്തെ നാട്ടുകാരെ ഒന്നും വിശ്വസിക്കാൻ കൊള്ളില്ല, വഴി ചോദിച്ചപ്പോ ഏതോ കാട്ടുമുക്കിലേക്കാണ് വഴി പറഞ്ഞ് തന്നത്.",Anger
ഈ പ്രായപൂർത്തിയാകാത്ത കുട്ടിയുടെ അക്കൗണ്ടിനായി ബാങ്ക് വാഗ്ദാനം ചെയ്യുന്ന പലിശ നിരക്ക് കണ്ടപ്പോൾ എനിക്ക് വിശ്വസിക്കാൻ കഴിഞ്ഞില്ല! ഞാൻ പ്രതീക്ഷിച്ചതിലും എത്രയോ കൂടുതലായിരുന്നു അത്.,Surprise
ഞാൻ വേണ്ടത്ര ശ്രദ്ധിച്ചില്ലെങ്കിൽ പെയിന്റിംഗ് നശിച്ചു പോകോന്ന് എനിയ്ക്ക് പേടിയുണ്ട്.,Fear
മീറ്റിംഗിൽ ലീഡർഷിപ്പ് ടീം ബുദ്ധിമുട്ടുള്ള ചോദ്യങ്ങൾ ചോദിക്കുകയും അദ്ദേഹത്തെ വെള്ളം കുടിപ്പിക്കുകയും ചെയ്തപ്പോൾ മാനേജർ ആകെ അസ്വസ്ഥനായി.,Sadness
"ആ പെൺകുട്ടി മദ്യം കഴിക്കുമെന്ന് കരുതിയിരുന്നില്ലാത്തതാ, പക്ഷേ ഒറ്റ തുള്ളി ബാക്കി വെക്കാതെ ഒരു ഫുൾ ബോട്ടിൽ വിസ്കിയാ തീർത്തത്!",Surprise
"ഇന്നലെ രാത്രി ഞാൻ വീഡിയോ ഗെയിം കളിച്ചൂ , അത് എന്നെ ആകെ തളർത്തി.",Sadness
വാഷ് ചെയുന്ന സമയത്ത് എന്റെ വാഹനത്തിന് കേടുപാടുകൾ സംഭവിക്കുമോ എന്ന ആശങ്കയിലാണ് ഞാൻ.,Fear
ഈ കാൽനടപ്പാതയിലെ മാലിന്യം കാരണം ഛർദ്ദിക്കാൻ വരുന്നു.,Disgust
വാൾമാർട്ടിൽ കുട്ടികൾക്കുള്ള ഇത്രയും നല്ല സാധനങ്ങൾ കിട്ടുമെന്ന് ഞാൻ പ്രതീക്ഷിച്ചിരുന്നില്ല.,Surprise
എന്താ ആളുകൾക്ക് ഇത്രയും  സെൻസ് ഇല്ലാത്തെ ? ഇത് യുനെസ്കോയുടെ പൈതൃക സ്ഥലമാണെങ്കിലും ആളുകൾ ഇപ്പോഴും ഇവിടെയെല്ലാം മാലിന്യം തള്ളുന്നു.,Anger
"കൊള്ളാം, ഇവന്റ് മാനേജരും ഇവന്റ് സേഫ്റ്റി വളരെ നന്നായി കൈകാര്യം ചെയ്തിട്ടുണ്ടെന്ന് എനിക്ക് അറിയില്ലായിരുന്നു !",Surprise
ഇന്ത്യയിൽ വണ്ടിയോടിച്ചതിന് ശേഷം അമേരിക്കയിൽ വണ്ടിയോടിക്കുന്നതിനെക്കുറിച്ച് എനിക്ക് അത്ര ഉറപ്പില്ല. എനിക്ക് അത് കൈകാര്യം ചെയ്യാൻ കഴിയുമോ ആവോ.,Fear
ഞാൻ വിചാരിച്ചത്ര കാലം എന്റെ സമ്പാദ്യം നിലനിൽക്കില്ലല്ലോ എന്നാ ആശങ്ക.,Fear
ഒരു പ്രമുഖ വിമാനക്കമ്പനിയുടെ രണ്ട് ഫ്ലൈറ്റ് അറ്റൻഡർമാർ ഒരു യാത്രക്കാരനെ കളിയാക്കുകയും തുടർന്ന് നിലത്ത് മല്ലയുദ്ധം നടത്തുകയും ചെയ്തപ്പോൾ എനിക്ക് വിശ്വസിക്കാൻ പറ്റിയില്ല .,Disgust
"ഇത്രയും കാലം ആയിട്ടും സേവിങ്സ് കാര്യമായിട്ട് ഒന്നും കൂടിയിട്ടില്ല, പിന്നെ എങ്ങനെയാ നമ്മൾ മുന്നോട്ട് പോവുക?",Sadness
രണ്ടായിരത്തിയെട്ടിലെ മാന്ദ്യകാലത്ത് എന്റെ സാമ്പത്തികനില ആകെ തകരേണ്ടതായിരുന്നു.,Fear
ആ കളിയിലെ വൃത്തികെട്ട ടാക്കുകളും മനപ്പൂർവമായ ഫൗളുകളും മോശമായിപ്പോയി.,Disgust
എന്താ ഇത് ? ഒരു മരപ്പണിക്കാരന്റെ കൈയിൽ വിവിധ കബോഡ് ഓപ്ഷനുകൾ ഉണ്ടാകുമെന്നാ ഞാൻ വിചാരിച്ചത്.,Anger
"ക്ഷമിക്കണം, ദയവായി എന്നെ അടിക്കരുത്. നിങ്ങടെ കുട്ടിയെ വിഡ്ഢിയെന്ന് വിളിക്കാൻ ഞാൻ ഉദ്ദേശിച്ചിരുന്നില്ല. അവൻ കുറച്ച് സ്പെഷ്യൽ ആണെന്നാ ഞാൻ ഉദ്ദേശിച്ചെ.",Fear
റീഫണ്ട് തരാൻ കൈക്കൂലി ചോദിക്കുന്ന ഇൻകം ടാക്സ് ഉദ്യോഗസ്ഥരൊക്കെ മനുഷ്യരാണോ?,Disgust
പരസ്യം ചെയ്തതിൽ നിന്ന് കൂടിയ വില കടയിൽ വരുമ്പോ പറയുന്നത് മര്യാദയല്ല.,Anger
പക്ഷെ ഒരു വയസ്സായ സ്ത്രീ വന്നപ്പോ എനിക്ക് എന്റെ സീറ്റ് കൊടുക്കേണ്ടിവന്നു .,Sadness
"സർക്കാർ ഓഫീസുകളൊന്നും ഒന്നിനും കൊള്ളാതായിട്ടുണ്ട്, എന്നാണ് ഇനി ഇതിനൊക്കെ ഒരു മാറ്റം വരിക?",Anger
"എനിക്ക് വല്ലാത്ത ശൂന്യത അനുഭവപ്പെടുന്നു, ഈ ജീവിതത്തിന് എന്ത് അർത്ഥമാണുള്ളത്?",Sadness
സ്ട്രോക്കിന് ശേഷം നിത്യവൃത്തി ഒന്നും സ്വയം ചെയ്യാൻ കഴിയാതെയിരിക്കുന്ന എന്നോട് അവൻ അങ്ങനെ എന്തിനാ സംസാരിച്ചേ?,Anger
കമ്പനി എന്റെ ലാപ്ടോപ്പ് ഇത്രവേഗം മാറ്റിത്തരൂന്ന് ഞാൻ ഒരിക്കലും വിചാരിച്ചില്ല!,Surprise
ബാങ്ക് അടച്ചുപൂട്ടുകയും സി.ഇ.ഒ. ധാരാളം പണവുമായി ഒളിച്ചോടുകയും ചെയ്തോണ്ട് എന്റെ കാശിന്റെ കാര്യം ഇപ്പോ എന്താകും ?,Fear
ഞങ്ങൾ സുഹൃത്തുക്കളെന്ന് വിളിക്കുന്ന ആളുകൾ ഞങ്ങളെ കൂട്ടാതെ ഒരു ട്രിപ്പ് പോയപ്പോൾ ഞങ്ങൾ ഒറ്റപ്പെട്ട പോലെ തോന്നി .,Sadness
"പുതിയ മോഡുലാർ കിച്ചൺ നന്നായി ചെയ്യുന്നതിൽ എനിക്ക് വലിയ പ്രതീക്ഷകളുണ്ടായിരുന്നു, പക്ഷേ നിർഭാഗ്യവശാൽ, കൗണ്ടർടോപ്പിലുള്ള പോറലുകൾ എന്നെ നിരാശനാക്കി.",Sadness
ഡ്രൈവിംഗ് സ്കൂളിൽ നിന്ന് ധാരാളം പാഠങ്ങൾ പഠിച്ചിട്ടും എന്റെ ഡ്രൈവിംഗ് സ്കിൽ മെച്ചപ്പെടുന്നില്ല എന്നത് എന്തൊരു കഷ്ടമാണ്.,Anger
ജഡ്ജിക്ക് നീതിമാനാകാതെ എങ്ങനെ ഒഴിഞ്ഞുമാറാൻ കഴിയും?,Anger
"ബൃഹദീശ്വര ക്ഷേത്രത്തിന്റെ ചരിത്രപരമായ പ്രാധാന്യമൊന്നും എനിക്ക് അറിയില്ലായിരുന്നു, അത് കേട്ടപ്പോൾ എനിക്ക് ശരിക്കും അത്ഭുതം തോന്നി.",Surprise
"ഈ മോണിറ്ററിന്റെ ഹൈ ഡെഫനിഷൻ ഡിസ്പ്ലേയുടെ ക്ലാരിറ്റി കണ്ടില്ലേ, എന്ത് രസമാ!",Surprise
ഇന്ത്യക്കാരെക്കുറിച്ച് അധിക്ഷേപകരമായ ഒരു കമന്റ് എന്റെ വാട്ട്സ്ആപ്പ് ഗ്രൂപ്പിൽ അഡ്മിനിസ്ട്രേറ്റർമാർ അനുവദിച്ചതുകൊണ്ട് ഞാൻ കടുപ്പായിരിക്കുകാ.,Anger
എനിക്ക് ഒറ്റയ്ക്ക് ധൈര്യായിട്ട് വണ്ടിയും കൊണ്ട് റോഡിലേക്കിറങ്ങണേൽ കുറച്ച് കൂടി എന്റെ ഡ്രൈവിംഗ് ശരിയാക്കണമെന്ന് ഡ്രൈവിംഗ് സ്കൂളിൽ നിന്ന് പറഞ്ഞപ്പോ എനിക്ക് കുറച്ച് വിഷമമായി.,Sadness
"നമ്മുടെ കടയുടെ ബ്രാൻഡിങ് ഒക്കെ പഴഞ്ചനായിട്ടുണ്ട്, എത്ര കാലം എന്നുവെച്ചിട്ടാണ് ഈ പഴയ പേരും ലോഗോയും ഒക്കെ വെച്ച് കട നടത്തുക?",Sadness
ആ മനുഷ്യൻ എന്നെ ഇടിക്കാൻ കാറിൽ നിന്ന് ഇറങ്ങുന്നത് പോലെണ്ട്.,Fear
"ഞാൻ ആമസോണിൽ ഒരു മൊബൈൽ ഫോൺ ഓഡർ ചെയ്തു ,ഒരു വൃത്തികെട്ട മോഡലാണ് കിട്ടിയത് , അത് എനിക്ക് തീരെ ഇഷ്ടമായില്ല .",Sadness
എഴുത്തുകാരന്റെ പോരാട്ടങ്ങളെക്കുറിച്ച് പറയുന്ന പുസ്തകത്തിന്റെ ഈ അധ്യായം വളരെ ഇമോഷണൽ ആയതോണ്ട് ഞാൻ കരയാൻ തുടങ്ങി.,Sadness
"ആ സന്തോഷ വാർത്ത കേട്ടപ്പോഴേ, അദ്ദേഹത്തിന്റെ കണ്ണു കാണണമായിരുന്നു! നക്ഷത്രം പോലെ തിളങ്ങുവായിരുന്നു.",Happiness
നിങ്ങളുടെ ആരോഗ്യത്തെക്കുറിച്ച് നിങ്ങൾക്ക് ഒരു ശ്രദ്ധയുമില്ലല്ലോ!,Fear
"അയാള്‍ വൈകുന്നേരമായാല്‍ പിന്നെ വെള്ളത്തിലാ, രാവിലെ വ്യായാമവും യോഗയും, വിചിത്രം തന്നെ.",Disgust
കേടായ ഭക്ഷണമാണ് കഴിച്ചതെന്ന് അറിഞ്ഞപ്പോ എനിക്ക് ആകെ വല്ലായ്മ തോന്നി. എനിക്ക് അസുഖം വരുമോ എന്ന് പേടിയുണ്ടായിരുന്നു.,Fear
"യു. എസ്. സെനറ്റ് പ്രധാനമന്ത്രി നരേന്ദ്ര മോദിക്ക് വമ്പിച്ച സ്വീകരണമാണ് നൽകിയത്, അതൊന്ന് കാണേണ്ടത് തന്നെയായിരുന്നു.",Happiness
"ഞാൻ അവിടെ ഇല്ലാത്തപ്പോ ഒരു മരം എന്റെ സൈക്കിളിലേക്ക് വീണു. എനിക്കാണെങ്കി, ഇപ്പോ വീട്ടിലേക്ക് തിരിച്ചും പോണം .",Sadness
"മിസ്റ്റർ, എന്റെ വീട് കൊള്ളയടിക്കപ്പെട്ടൂന്ന്.",Anger
പലചരക്ക് കടയിൽ ക്യൂവിൽ ഒരു കസ്റ്റമർ എന്റെ മുന്നിൽ ചാടിയപ്പോൾ ഞാൻ നല്ലോണം ചൂടായി.,Anger
എന്റെ പ്രിയപ്പെട്ട കോഫി ഷോപ്പിന് അടുത്തായി ഒരു വാടക വീട് കിട്ടുമെന്ന് ഞാൻ കരുതിയേയില്ല. അതൊരു ബോണസ് ആണ്!,Surprise
ഓ ഇല്ല... പോകല്ലേ. ദയവായി ഇവിടെ താമസിക്കൂ.,Fear
മൊബൈൽ പേയ്മെന്റുകളൊക്കെ ഇപ്പോൾ നല്ല വേഗത്തിലായല്ലോ.,Surprise
കളവ് പോയ സാധങ്ങൾ തിരിച്ച് കിട്ടിയില്ലെങ്കിൽ എന്റെ മകളുടെ വിവാഹം പ്രശ്നത്തിലാകും.,Fear
പട്ടണത്തിന് പുറത്തേക്കുള്ള ഒരു യാത്രയിൽ ഞങ്ങളുടെ പുതിയ ഡ്രൈവർ ഞങ്ങളുടെ കാർ വളരെ ശ്രദ്ധയോടെ കൈകാര്യം ചെയ്തപ്പോൾ എനിക്ക് സന്തോഷമായി.,Happiness
"ക്ഷമിക്കണം, പക്ഷേ ആ പരിപാടിക്ക് നിങ്ങളുടെ കേക്ക് ഓഡർ റെഡിയാവോന്ന് എനിക്ക് പേടിണ്ട്.",Fear
ചെക്ക്പോസ്റ്റിൽ എന്റെ ട്രക്ക് വിട്ടയച്ചതിന് കൈക്കൂലി നൽകാൻ ഞാൻ വിസമ്മതിച്ചതുകൊണ്ട് എക്സൈസ് ഇൻസ്പെക്ടർക്ക് എന്നോട് ശത്രുതയായെങ്കില് ആകട്ടെ.,Anger
കുറച്ചു നാളുകൾക്കുമുമ്പ് ഞങ്ങൾ പാടുപെട്ട് വൃത്തിയാക്കിയ വയലുകൾ തരിശായി കിടക്കുന്നത് കാണുമ്പോൾ എന്റെ ഹൃദയത്തിൽ ഒരു വലിയ ഭാരം തോന്നുന്നു .,Sadness
ഇന്ത്യയിൽ നിരവധി യുവാക്കൾ മയക്കുമരുന്നിന് അടിമപ്പെടുന്നതിനെക്കുറിച്ച് കേൾക്കുമ്പോൾ അത് മനസ്സിനെ വല്ലാതെ വേദനിപ്പിക്കുന്നു.,Sadness
"നിങ്ങൾ ആറ് വർഷത്തിൽ കൂടുതലായി ഈ പോസ്റ്റിൽ തന്നെയാണ് , അതോണ്ട് ഈ വർഷം നിങ്ങളെ പ്രമോഷന് പരിഗണിക്കാത്തതിൽ എനിക്ക് അത്ഭുതായി .",Surprise
എനിക്ക് ഈ ഷർട്ട് ഒത്തിരി ഇഷ്ടായി. ഈ നിറമാണ് ഞാൻ നോക്കിനടന്നേ.,Happiness
ആ മനുഷ്യൻ മാപ്പ് പറയുമെന്ന് ഞാൻ പ്രതീക്ഷിച്ചില്ല.,Surprise
"എ.ടി.എമ്മിൽ നിന്ന് വീട്ടിലേക്ക് തിരിച്ചു പോകുമ്പോ ഏതോ ഒരു അപരിചിതൻ എന്നെ പിന്തുടരുന്നുണ്ടായിരുന്നു, ഞാൻ പെട്ടന്ന് വീട്ടിലേക്ക് ഓടിപ്പോയി .",Fear
കനത്ത മഴ ഉള്ളതോണ്ട് പദ്ധതി നാല് മാസം വൈകുമെന്ന് തൊഴിലാളികൾ എന്നോട് പറയുന്നു.,Sadness
പെരുമഴയത്ത് പെട്ടുപോകുമോ എന്ന തോന്നൽ എന്നെ പേടിപ്പെടുത്തുന്നു.,Fear
നീ കുട്ടിയായിരിക്കുമ്പോ ഞാൻ നിന്റെ അടുത്ത് ഇല്ലായിരുന്നതിൽ എനിക്ക് വിഷമമുണ്ട്.,Sadness
"ലൈറ്റ് സ്വിച്ചിടല്ലേ. ഗ്യാസ് സിലിണ്ടർ ചോരുന്നുണ്ട്, അത് ചെലപ്പം പൊട്ടിത്തെറിക്കും.",Fear
എന്റെ ആരോഗ്യ ഇൻഷുറൻസ് പ്രീമിയങ്ങൾ ഇത്രത്തോളം കൂടിയതായി കാണുന്നത് കഷ്ടം തന്നെയാണ് .,Sadness
എന്റെ കുട്ടി ആഗ്രഹിക്കുന്ന സൈക്കിൾ വാങ്ങാൻ എന്റെ കൈയിൽ പൈസ ഇല്ലാത്തതുകൊണ്ട് എനിക്ക് വിഷമം തോന്നുന്നു.,Sadness
ക്രമീകരിച്ച സെഷനുകൾക്ക് ഹാജരാകാത്തപ്പോൾ പരിശീലിപ്പിക്കാൻ തിരഞ്ഞെടുത്ത ജീവനക്കാരുടെ അനാസ്ഥ എന്നെ ഞെട്ടിച്ചു.,Surprise
"ഇത് പരിഹാസ്യമാണ്. ഞാൻ ശാന്തമായ അയൽപക്കം ആവശ്യപ്പെട്ടു, എന്നിട്ടും തിരക്കേറിയ തെരുവുകൾക്കും ശബ്ദമുള്ള പ്രദേശങ്ങൾക്കും സമീപമുള്ള സ്ഥലങ്ങളാണ് നിങ്ങൾ കാണിച്ചുതരുന്നത്. നിങ്ങൾ എറിയുന്നതെന്തും ഞാൻ സമ്മതിക്കുമെന്നാണോ നിങ്ങൾ കരുതിയെ?",Anger
ഉപേക്ഷിക്കപ്പെട്ട നായകളെ എനിക്ക് കൊണ്ടുപോകാൻ കഴിയാത്തതിൽ സങ്കടത്തോടെ അല്ലാതെ അവയെ നോക്കാൻ എനിക്ക് കഴിയില്ല.,Sadness
"കൊള്ളാം, എന്റെ ഓഹരികൾ നല്ലോണം കേറുന്നുണ്ട്! ഇത് എന്റെ പോർട്ട്ഫോളിയോയെ സംബന്ധിച്ചിടത്തോളം വലിയ വാർത്തയാ.",Happiness
കുട്ടിക്കാലത്ത് തീയേറ്ററിൽ എഴുപത് എം.എം. സ്ക്രീനിൽ എന്റെ പ്രിയപ്പെട്ട സിനിമയെല്ലാം കാണാൻ ഞാൻ ആകാംക്ഷയോടെ കാത്തിരിക്കുമായിരുന്നു.,Happiness
ഈ വർഷം വിദേശത്തേക്ക് പണമയക്കുന്നതിന് ഇരുപത് ശതമാനം നികുതി ചുമത്തുന്നത് കുറച്ചുകാലമായി വാർത്തകളിലൊക്കെ വന്നതാണല്ലോ!,Surprise
ഈ സർവ്വകലാശാല  എന്റെ ചോയ്സുകൾ പരിമിതപ്പെടുത്തുകയാണെങ്കിൽ എനിക്ക് എന്തുചെയ്യാൻ പറ്റും?,Anger
ഡബ്ല്യു. ഡബ്ല്യു.ഇ . ഇങ്ങനെ കാണുന്നത് എനിക്ക് സഹിക്കാൻ കഴിയില്ല. അത് നിർത്തിയെന്ന് തോന്നുന്നു.,Disgust
അവനുവേണ്ടി ഭക്ഷണം വാങ്ങുന്നതോർക്കുമ്പോ ഒരു സുഖം.,Happiness
"ഞാൻ ഒരു വലിയ തുക പിൻവലിക്കാൻ പോയി, സംശയാസ്പദമായ പെരുമാറ്റമുള്ള നാല് പുരുഷന്മാർ ലക്ഷ്യമില്ലാതെ ബാങ്കിന് ചുറ്റും കറങ്ങിയപ്പോൾ ഞാൻ പേടിച്ച് ചുറ്റും നോക്കി.",Fear
അടുത്ത മൂന്ന് മണിക്കൂറിന് വിമാനം ടേക്ക് ഓഫ് ചെയ്യില്ല. എഞ്ചിനിൽ ചില പ്രശ്നങ്ങളുണ്ട്.,Sadness
ബംഗളൂരുവിലേക്ക് ടിക്കറ്റ് ബുക്ക് ചെയ്യാൻ റെയിൽവേ സ്റ്റേഷനിൽ പേടിയോടെ പോയെങ്കിലും പിന്നെ ബസിൽ പോകാൻ ഞാൻ പ്ലാനിട്ടു.,Fear
"പ്രൊജക്റ്റിന് ഇത്രയധികം പൈസയും, ജനങ്ങളുടെ തിരിച്ചടിയും നേരിടേണ്ടി വരുന്നത് നിരാശാജനകമാണ്.",Sadness
ഈ വർഷം അവസാനത്തോടെ കെട്ടിടത്തിന്റെ പണി കഴിയുമെന്നാ ഞാൻ വിചാരിക്കുന്നെ.,Happiness
ഇന്നലെ വൃദ്ധനായ യാചകൻ തെരുവിലൂടെ പതുക്കെ ഇഴഞ്ഞു പോകുന്നത് ഞാൻ സങ്കടത്തോടെ നോക്കി .,Sadness
"ബയോളജി ക്ലാസിൽ എനിക്ക് പോകാൻ തന്നെ തോന്നുന്നില്ല, ഇന്ന് കൂറയാണെങ്കിൽ നാളെ തവള ആയിരിക്കും.",Disgust
അർഹനായ തന്റെ ടീം അംഗത്തിന് സ്ഥാനക്കയറ്റം ലഭിക്കാതിരുന്നപ്പോൾ അവനൊന്നും ചെയ്യാൻ പറ്റുന്നില്ലലോ എന്ന വിഷമം.,Sadness
അയാൾടെ മുഴച്ചിരിക്കുന്ന കാൽമുട്ടിന് ശമനമില്ലെന്ന് പറഞ്ഞപ്പോൾ സെക്യൂരിറ്റിക്കാരൻ വെല്ലാത്ത കഷ്ടത്തിലായിപ്പോയി.,Sadness
പുസ്തകം മുൻകൂട്ടി ഓഡർ ചെയ്യുമ്പോ അവർ എന്നെ ചതിക്കുമോ?,Fear
ഒരു നിസ്സാരകാര്യത്തിന് അയൽക്കാരൻ എന്നെ അപമാനിച്ചപ്പോൾ ഞാൻ വല്ലാതായി.,Sadness
ഹെൽത്ത് സെന്ററിൽ നിന്നുള്ള ഡോക്ടർമാർ അർദ്ധരാത്രിയിൽ എന്നെ കാണാൻ വന്നപ്പോ ഞാൻ ഞെട്ടിപ്പോയി.,Surprise
"എനിക്ക് മനസ്സിലാവുന്നുണ്ട്, ഞങ്ങടെ ഭാഗത്ത് നിന്ന്, നിങ്ങളെ സഹായിക്കാൻ ഞങ്ങൾ രാത്രി മുഴുവൻ ഉറക്കമിളച്ചതാ.",Sadness
ഞങ്ങൾ പോയ സ്ഥലത്തെ തെരുവ് കച്ചവടക്കാരിലൂടെ പ്രാദേശിക സംസ്കാരത്തെക്കുറിച്ച് ഞങ്ങൾ കണ്ട് മനസ്സിലാക്കിയല്ലോ.,Happiness
എന്റെ ലാപ്ടോപ്പ് വാങ്ങി ഒരാഴ്ചയ്ക്കുള്ളിൽ തന്നെ സോഫ്റ്റ് വെയർ പ്രശ്നമായല്ലോ .,Sadness
ഞാൻ എന്റെ സുഹൃത്തിനോട് പറഞ്ഞു എനിക്ക് അവന്റെ നെഗറ്റീവ് കാര്യങ്ങളൊക്കെ കേട്ട് മടുപ്പാണെന്ന്.,Anger
"ഓ! ക്ലിയറൻസ് സെയിലിലെ ഡിസ്ക്കൗണ്ട് ഒക്കെ അവസാനിച്ചു. അത് ഉണ്ടെന്നാ ഞാൻ കരുതിയേ, ഇതിപ്പോ കഷ്ടായല്ലോ.",Sadness
ഈ സ്മാട്ട് ടിവിയിൽ ഇത്രയും കൂടുതൽ സ്ട്രീമിംഗ് ആപ്ലിക്കേഷനുകൾ ഉണ്ടാകുമെന്ന് ഞാൻ പ്രതീക്ഷിച്ചിരുന്നില്ല!,Surprise
ഈ മിക്സറിന് വാറന്റി ഇല്ലെന്നാണോ നിങ്ങൾ പറഞ്ഞു വരുന്നത്? ഞാൻ ഇത് ഒരാഴ്ച മുമ്പാണ് വാങ്ങിയത്!,Anger
ഈ കേടായ ഫ്രിഡ്ജ് കാരണം എല്ലാ ദിവസവും രാവിലെ എന്റെ അടുക്കളയിലെ ഈ വെള്ളക്കെട്ട് കൊണ്ട് ഞാൻ മടുത്തു ! ഞാൻ ഒരു മെക്കാനിക്കിനെ വിളിക്കാൻ പോകുന്നു .,Anger
"കത്ത് തരാൻ മൂന്ന് തവണ നിങ്ങളുടെ വീട്ടിലേക്ക് വന്നുവെന്നും , പക്ഷെ നിങ്ങൾ അവിടെ ഉണ്ടായിരുന്നില്ലെന്നുമാണല്ലോ ഞങ്ങളുടെ കൊറിയർ ഡെലിവറി സ്റ്റാഫ് ട്രാക്കിംഗ് സിസ്റ്റത്തിൽ എഴുതിയിരിക്കുന്നെ!",Surprise
കഴിഞ്ഞ വർഷം സൈബർ സുരക്ഷാലംഘനം ബാധിച്ച് എന്റെ ഫാമിലി ഫോട്ടോസിൽ ഭൂരിഭാഗവും നഷ്ടപ്പെട്ടപ്പോൾ എനിക്ക് നിരാശയായി.,Sadness
ഇലക്ട്രിക്കൽ സ്റ്റോർ അവരുടെ ഐറ്റങ്ങൾക്ക് ഇങ്ങനെ സമഗ്രമായ വാറന്റിയും റിട്ടേൺ പോളിസിയും വാഗ്ദാനം ചെയ്യുന്നു എന്നത് ആശ്വാസകരമാണ്.,Happiness
വിരലുകളിലെ വേദനയിൽ നിന്ന് ഒരു ഡോക്ടർക്കും ആശ്വാസം നൽകാൻ കഴിയാത്തപ്പോൾ എനിക്ക് എന്റെ അമ്മയോട് സഹതാപം തോന്നി.,Sadness
ഓട്ടം കഴിഞ്ഞ് ഒന്ന് കുളിക്കാതെ അവൻ വിയർപ്പുള്ള അതേ ഷർട്ടുമിട്ട് കിടന്നുറങ്ങി.,Disgust
റെസ്റ്റോറന്റിൽ കുറെ നേരം വെയിറ്റ് ചെയ്യേണ്ടി വന്നതുകൊണ്ട് എനിക്ക് ദേഷ്യം വന്നു.,Anger
"കഴിഞ്ഞ അഞ്ച് വർഷമായി ഈ ബ്രാൻഡിന് ഒരിക്കലും ഒരു പ്രശ്നവും ഉണ്ടായിട്ടില്ല, അതിനാൽ നിങ്ങൾക്ക് ഇതിൽ ഒരു പ്രശ്നം വന്നുവെന്ന് എനിക്ക് വിശ്വസിക്കാൻ പറ്റുന്നില്ല.",Surprise
എന്തായിത്? ഈ ഭാഗത്തെക്കുറിച്ച് എഴുത്തുകാരൻ പരാമർശിച്ചത് എനിക്ക് ഇഷ്ടപ്പെടുന്നില്ല.,Anger
"ഞാൻ വാതിൽക്കൽ നിൽക്കുമ്പോൾ ബാങ്ക് ഓഫീസർ എന്നെ അവഗണിച്ച് മറ്റ് കസ്റ്റമേഴ്സിനെ വിളിച്ചപ്പോ എനിക്ക് അപമാനവും ദേഷ്യവും തോന്നി, എന്റെ മുഖം ചുവന്നുതുടുത്തു .",Anger
"വൗ, രണ്ട് വർഷത്തിനിടെ ആദ്യമായിട്ടാ ഇന്ന് ബസ് വൈകിയിരിക്കണെ .",Surprise
"പൊതി തുറന്നപ്പോൾ ഞാൻ ഞെട്ടിപ്പോയി ,കാരണം അത് ഒരു വശത്ത് നിന്ന് കീറിയിരുന്നു !",Surprise
ഷോപ്പിംഗ് മാളുകളിൽ നിന്നുള്ള സ്പാം കോളുകളിൽ ഞാൻ വെറുത്തുപോയി.,Anger
"നിന്റെ തൊപ്പി പിടിച്ചിരുന്നോ , കാരണം ഞാൻ പറയാൻ പോകുന്ന കാര്യം നിന്നെ അത്ഭുതപ്പെടുത്തും .",Surprise
ഹെൽത്ത് സെന്ററിൽ നിന്ന് നൽകുന്ന മരുന്നുകൾ എക്സ്പയറി കഴിഞ്ഞതായി തോന്നുന്നു.,Fear
കുത്തിവെപ്പ് പേടിച്ച് അവന്റെ കൈകൾ വിറച്ചതിനാൽ മകനെ താഴെയിറക്കാൻ എനിക്ക് പേടിയായി.,Fear
അത് അടിപൊളി ! നല്ല രുചിയുള്ള ഇഷ്ടത്തിന് അനിസരിച്ചുള്ള കേക്കുണ്ടാക്കാൻ നിങ്ങൾ മിടുക്കരാണ്.,Surprise
"നാരായൺ, അയൽക്കാർക്ക് ഒരു കുഞ്ഞുണ്ടായത് നിങ്ങൾ അറിഞ്ഞോ? അവരുടെ കുട്ടിക്ക് ഒരു പേരിടാൻ സഹായിക്കാമോ എന്നവർ ചോദിച്ചു.",Happiness
യാത്രക്കാരെ സൗജന്യമായി സഹായിക്കാൻ തീരുമാനിച്ചതിന് ശേഷം യാത്രക്കാർ കൊള്ളയടിച്ച സത്യസന്ധനായ ഓട്ടോ ഡ്രൈവറെ ഓർത്ത് എനിക്ക് ഭയങ്കര വിഷമമായി .,Sadness
അത് ശാപം കിട്ടിയതാണെന്ന് പറഞ്ഞപ്പോൾ പുരാതനമായ ഓടുമേഞ്ഞ ക്ഷേത്രത്തിന്റെ കവാടത്തിൽ ഞെട്ടലോടെ ഞാൻ നിന്നു.,Fear
"ഇന്ന് ഗതാഗതക്കുരുക്ക് ഒരു ദുഃസ്വപ്നമായിരുന്നു. ബസ് ഡ്രൈവർ വേറെ റൂട്ടുകളൊന്നും എടുക്കുകയോ കാലതാമസത്തെക്കുറിച്ച് ഞങ്ങളെ അറിയിക്കുകയോ ചെയ്തില്ല, ഇത് മുഴുവൻ യാത്രയും ഒരിക്കലും അവസാനിക്കാത്ത കഷ്ടപ്പാടാക്കി മാറ്റി!",Anger
ഞാൻ വീണപ്പോൾ ഒരു കല്ല് എന്റെ കാൽമുട്ടിലേക്ക് തുളച്ച് കയറി. അടുത്ത കുറച്ച് ആഴ്ചത്തേക്ക് എനിക്ക് കളിക്കാൻ പറ്റൂന്ന് തോന്നണില്ല .,Fear
ഒരു ക്ലാസിക്കൽ കച്ചേരിയിൽ പതിനേഴ് വയസ്സുള്ള എന്റെ അനന്തരവൾ തന്റെ വോയിസ് റേഞ്ച് കൊണ്ട് എന്നെ അമ്പരപ്പിച്ചു .,Surprise
"ഹലോ മിസ്റ്റർ, നിങ്ങൾ വന്ന് എന്നെ ഇടിച്ചപ്പോ എന്റെ മൊബൈൽ ഫോൺ താഴെ പോയി .",Anger
"ഞാൻ നിങ്ങളുടെ കാർ ഏറ്റവും നല്ല രീതിയിൽ സർവീസ് ചെയ്യാൻ പോകുന്നു. നിങ്ങളുടെ തീരുമാനത്തിൽ നിങ്ങൾക്ക് ഖേദിക്കേണ്ടി വരില്ലെന്ന് ഉറപ്പാണ് , സാർ!",Happiness
ലോകകപ്പ് സമയമാകുമ്പോഴേക്കും എന്റെ കേടായ ടിവി ശരിയാക്കാൻ കടക്കാർക്ക് കഴിയുമോ എന്ന് എനിക്ക് ആശങ്ക തോന്നുന്നു .,Fear
എൻ്റെ പതിനഞ്ച് സ്റ്റാട്ടപ്പ് ഐഡയും തള്ളി അവസാനം ഒന്നിന് ഒരു വി.സി.യിൽ നിന്ന് ഫണ്ടിംഗ് ലഭിച്ചപ്പോഴുള്ള എൻ്റെ സന്തോഷം പറഞ്ഞറിയിക്കാൻ പറ്റാത്തതായിരുന്നു.,Happiness
ഒരു ഡ്രോണിന് അതിന്റെ ലക്ഷ്യംനേടാൻ പറ്റാത്തതിന് അതിന്റെ ഓപ്പറേറ്ററെ തന്നെ കൊല്ലുന്ന ഭീകരമായ ഒരു സ്ഥലത്ത് ജോലി ചെയ്യാൻ ഞാൻ ഒരിക്കലും ആഗ്രഹിക്കുന്നില്ല.,Fear
ബാങ്കിലെ കസ്റ്റമേഴ്സിനോടുള്ള പെരുമാറ്റം കണ്ടിട്ട് എനിക്ക് എന്തോ പോലെ ആയി. ഞങ്ങളെ മൈൻഡ് ചെയ്യാതെ ജീവനക്കാർ ഒരു കൂസലും ഇല്ലാതെ അങ്ങോട്ടും ഇങ്ങോട്ടും നടക്കുകയായിരുന്നു.,Disgust
"പക്ഷേ, എന്റെ ലഗേജ് ഫ്ലൈറ്റിൽ കയറ്റുന്നത് ഞാൻ കണ്ടതാ.",Surprise
"മോശം കാലാവസ്ഥ കണക്കിലെടുത്ത്, മൗണ്ട് എവറസ്റ്റ് ബേസ് ക്യാമ്പിലേക്കുള്ള ഈ ട്രിപ്പ് ഞാൻ കാൻസൽ ചെയ്യണോ ?",Fear
സിനിമയിൽ ഒരു റോളിനുള്ള ഓഡിഷനായി ക്യാമറയ്ക്ക് മുന്നിൽ നിൽക്കുമ്പോൾ എന്റെ കൈകൾ വിറയ്ക്കുകയും ഹൃദയമിടിക്കുകയും ചെയ്തു.,Fear
എന്നോട് ക്ഷമിക്കണം! എനിക്ക് ഇക്കാര്യത്തിൽ നിങ്ങളെ സഹായിക്കാൻ കഴിയില്ല.,Sadness
എന്റെ കുട്ടികൾക്ക് മരുന്ന് വാങ്ങാൻ പോലും കാശില്ല.,Sadness
"ഒരു ബിസിനസ്സ് ഉടമ എന്ന നിലയിൽ, ടാക്സ് അധികാരികളിൽ നിന്നുള്ള ഒരു അപ്രതീക്ഷിത ഓഡിറ്റ് എന്നെ വല്ലാതെ പേടിപ്പെടുത്തുന്നു .",Fear
"എൻ്റെ ഒരു സുഹൃത്ത് ഉണ്ട്, പൈസ ആവശ്യം ഉണ്ടെങ്കിൽ മാത്രം വിളിക്കും, അല്ലെങ്കിൽ ഒരു മൈൻഡും ഉണ്ടാവില്ല.",Disgust
ക്ലാസിലെ പിള്ളേരുടെ കലപില കേട്ട് ഇപ്പോൾ ക്ലാസ് തന്നെ മടുത്തു.,Disgust
മൊബൈൽ ഫോണൊന്നൂല്ലാതെ നിങ്ങൾ എങ്ങനെയാണ് വളർന്നതെന്ന് എനിക്ക് ഊഹിക്കാൻ പോലും കഴിയുന്നില്ലച്ഛാ.,Surprise
"എന്റെ മകന് എന്നെ ഏറ്റവും കൂടുതൽ ആവശ്യമുള്ള സമയത്ത് അവന്റെയടുത്ത് ഞാൻ ഇല്ലായിരുന്നു, എനിക്ക് അതിൽ നല്ല വിഷമമുണ്ട്.",Sadness
ഞാൻ ഈ ടിക്കറ്റുകൾ കരിഞ്ചന്തയിൽ മൂന്നിരട്ടി വിലയ്ക്ക് വാങ്ങിയല്ലോ എന്നോർത്ത് എനിക്ക് വല്ലാതെ ദേഷ്യം വരുന്നു .,Anger
"നിങ്ങൾക്ക് സ്വയം അത് ചെയ്യാൻ പറ്റില്ലെങ്കിൽ എനിക്ക് എങ്ങനെ നിങ്ങളെ സഹായിക്കാനാകും, മിസ്റ്റർ!",Disgust
"വായില്‍ വെയ്ക്കാന്‍ കൊള്ളാത്ത ഭക്ഷണമാണ് ഇവിടെ മിക്ക ഹോട്ടലുകളിലും ലഭിക്കുന്നത്, വിലയാണെങ്കില്‍ അവര്‍ക്ക് തോന്നുന്ന റേറ്റാണ് പലതിനും, ഹോ മടുത്തു.",Disgust
അപൂർവമായ ഈ ആദ്യ പതിപ്പ് ചെറിയ പുസ്തകക്കടയുടെ ഒരു മൂലയിലെ അലമാരയിൽ ഒതുക്കി വച്ചിരിക്കുന്നത് കണ്ടപ്പോൾ എനിക്ക് വിശ്വസിക്കാനായില്ല.,Surprise
"ഞാനും ഒരുമിച്ച് സിനിമ കാണാൻ കാത്തിരിക്കുകയായിരുന്നു, പക്ഷേ നിനക്ക് അത് ഇന്ന് തന്നെ കാണണമെന്ന് എനിക്കറിയില്ലായിരുന്നു ,അതുകൊണ്ട് ഞാൻ ടിക്കറ്റ് എടുത്തില്ല.",Surprise
അടിസ്ഥാന സൗകര്യങ്ങളിൽ നിക്ഷേപം നടത്താൻ ഈ സർക്കാരിന് ഒരു താല്പര്യവും ഇല്ലാത്തതെന്താ?,Anger
മദ്യാസക്തിയിൽ നിന്ന് കരകയറിയിട്ടും വൃത്തികെട്ട സമൂഹം ഒരാളെ കുറ്റപ്പെടുത്തുന്നത് കാണുന്നത് കഷ്ടം തന്നെയാണ്.,Disgust
എന്തുകൊണ്ടാണ് നിങ്ങൾ എന്നെ തെറ്റായ വഴിക്ക് നിരന്തരം നയിക്കുന്നത്. നിങ്ങൾക്ക് ഭ്രാന്താണോ?,Anger
പുതിയ വനിതാ പരിശീലക എങ്ങനെ ഉണ്ടാകുമെന്ന് എനിക്ക് ഒരു പിടിയുമില്ല . ഒരു പുതിയ ടീച്ചിങ് സ്റ്റൈലുമായി പൊരുത്തപ്പെടുന്നതിനെക്കുറിച്ച് ചിന്തിക്കുന്നത് അൽപ്പം ബുദ്ധിമുട്ടാണ് .,Fear
ഒരു ചെറിയ അപകടം കാരണം യാത്ര ചെയ്യാൻ പറ്റാത്തതിനാൽ എനിക്ക് എന്റെ ടിക്കറ്റ് നാളത്തേക്ക് മാറ്റിവയ്ക്കണം. ദയവായി എന്നെ സഹായിക്കൂ സാർ.,Sadness
"നിങ്ങൾ എന്റെ ഇഷ്ടപ്പെട്ട ട്രാവൽ കമ്പനിയാണ്, കാരണം ഞാൻ ഇവിടെ വന്നാ മാത്രം മതി. ബാക്കി എല്ലാ കാര്യങ്ങളും നിങ്ങൾ നോക്കിക്കോളുമല്ലോ.",Happiness
ഇലക്ട്രിക്കൽ സ്റ്റോർ എന്റെ പുതിയ വീടിന് വലിയ വിലയ്ക്ക് വിലകുറഞ്ഞ വയർ വിൽക്കാൻ ശ്രമിച്ചപ്പോൾ എനിക്ക് ദേഷ്യം വന്നു.,Anger
മോശം സർവീസ് ക്വാളിറ്റി കാരണം ഈ കൊറിയർ വീണ്ടും എനിക്ക് ഉപയോഗിക്കാൻ തോന്നാറില്ല.,Fear
സിനിമ കണ്ടശേഷം രാത്രിയിൽ ഉറങ്ങുമ്പോ എനിക്ക് വല്ലാണ്ടെ ഭയവും പരിഭ്രാന്തിയും തോന്നാ.,Fear
സൈക്കിൾ യാത്രികൻ ഒരു മുന്നറിയിപ്പുമില്ലാതെ എനിക്ക് മുന്നിലൂടെ എന്നെ വെട്ടിച്ചപ്പോൾ എനിക്ക് ദേഷ്യം വന്നു.,Anger
ഈ മോശം ഫിനാൻഷ്യൽ റിപ്പോട്ടിന് ശേഷം നമ്മുടെ ഭാവി എന്താവുമെന്ന് കണ്ടറിയണം.,Sadness
നീ ഒരു കഴുത തന്നെ . അവന്റെ അടുത്ത് ആരും ഇല്ലാതിരുന്നപ്പോ നീ അവന് പന്ത് പാസ് ചെയ്യണായിരുന്നു. ഫീൽഡിൽ നീ എന്ത് അലോചിച്ചിട്ടാ നിന്നേ ?,Anger
ആ ഗൈഡ് കോട്ടയ്ക്ക് ചുറ്റും എന്നെ കാണിച്ചതിന് എന്റെ കയ്യിൽ നിന്ന് കൂടുതൽ പണം മേടിച്ചു എന്ന് അറിഞ്ഞപ്പോൾ എനിക്ക് എന്റെ ദേഷ്യം സഹിക്കവയ്യായിരുന്നു.,Anger
ഇതിന്റെ ഡിലേ കാരണം എന്റെ കണക്റ്റിംഗ് ഫ്ലൈറ്റ് നഷ്ടമാകുമോയെന്ന് എനിക്ക് പേടിയുണ്ട്.,Fear
ഈ വാടക വീട് മികച്ച സ്കൂളുകൾക്ക് വളരെ അടുത്തായതിൽ എനിക്ക് അതിയായ സന്തോഷമുണ്ട്. അത് എന്റെ കുടുംബത്തിന് ഒരു വലിയ പ്ലസ് ആണ്.,Surprise
ഹെൽത്ത് സെന്ററിലെ ബില്ല് മുൻകൂട്ടി അറിയിക്കാത്തോണ്ട് അവര് ഇൻഷുറൻസ് തന്നില്ല.,Anger
എന്റെ മകന്റെ കാറിന്റെ പെട്രോള് തീർന്ന് പാതിരാത്രിയിൽ നടുറോഡിൽ കുടുങ്ങി.,Fear
ഫിനാൻഷ്യൽ മാനേജുമെന്റിന്റെയും ടാക്സ് പ്രിപ്പറേഷന്റെയും സങ്കീർണ്ണതകൾ നിർണയിക്കുമ്പോൾ പ്രശ്നങ്ങൾ എത്രയാ!,Fear
ഒരു ദശലക്ഷത്തിലധികം ആളുകൾ ഈ ഗെയിം കളിച്ചിട്ടുണ്ട്. എന്നിട്ടും നിങ്ങക്ക് ഇതിനെക്കുറിച്ച് അറിയില്ലേ ?,Surprise
പ്രവേശനപരീക്ഷയിൽ നമ്മുടെ കാമാക്ഷിയ്ക്ക് രണ്ടാം റാങ്ക് കിട്ടൂന്ന് ആരെങ്കിലും വിചാരിച്ചോ?,Surprise
"നിങ്ങളുടെ സ്വപ്നം സാക്ഷാൽകരിക്കാൻ നിങ്ങൾക്ക് വേണ്ട അപൂർവ്വ മെറ്റീരിയൽ തരാൻ ഞങ്ങൾക്ക് കഴിഞ്ഞെങ്കിലെന്ന് ഞാൻ ശരിക്കും ആഗ്രഹിക്കുന്നുണ്ട് , പക്ഷേ അത് കിട്ടാൻ വളരെ ബുദ്ധിമുട്ടാണ്.",Sadness
കാലങ്ങളായി അടുത്ത ബന്ധം ഉണ്ടായിരുന്നിട്ടും ശത്രുതയോടെയുള്ള നിന്റെ പെരുമാറ്റം ശരിയല്ല.,Anger
"ഞാൻ ഒരു പ്രധാന ഡോക്യുമെന്റിൽ വർക്ക് ചെയ്യുമ്പോ, എന്റെ ലാപ്ടോപ് ഷട്ട് ഡൗൺ ആകുന്നതിന്റെ ലക്ഷണങ്ങൾ കാണിച്ചു.",Fear
കുറച്ച് ആഴ്ചകൾക്ക് മുമ്പ് റിലീസ് ആയ ആ ചിത്രം പ്രൈമിലും റിലീസ് ആയി ! ഇപ്പോൾ അത് കാണാൻ തീയേറ്ററിൽ പോകേണ്ട ആവശ്യമില്ല !,Surprise
വൗ ! കുറെ കാലമായി ഞാൻ തിരയുന്ന ടി ഷർട്ടാണിത്. ഒടുവിൽ എനിക്കത് കിട്ടി.,Surprise
നിരവധി പുതിയ സ്റ്റാർട്ടപ്പുകൾ മാനസികാരോഗ്യത്തിൽ ശ്രദ്ധ കേന്ദ്രീകരിക്കുന്നുണ്ട് ! ഈ മേഖലയിൽ നമ്മുടെ ഇന്ത്യ ഇത്ര വേഗം പുരോഗമിക്കുന്ന് ഞാൻ ഒരിക്കലും വിചാരിച്ചതിരുന്നില്ല.,Surprise
ഒരു അപകടത്തിൽ കുടുംബം നഷ്ടപ്പെട്ടപ്പോൾ എന്റെ ഹൃദയം തകർന്നുപോയി .,Sadness
ഞാന് അപ്രതീക്ഷിതമായി അവളുടെ മുന്നിൽ ഒരു ബർത്ത്ഡേ കേക്ക് വെച്ചപ്പോൾ എന്റെ ഭാര്യയ്ക്ക് അവളുടെ കണ്ണുകളെ വിശ്വസിക്കാൻ കഴിഞ്ഞില്ല.,Surprise
ദുർഗന്ധം വമിക്കുന്ന ചുറ്റുപാടിൽ നേതാവ് വെറുപ്പോടെ തന്റെ മൂക്ക് ചുളിച്ചു.,Disgust
നിങ്ങൾ എന്തിനാണ് റോങ്ങ് സൈഡിൽക്കൂടി ഡ്രൈവ് ചെയ്ത് ട്രാഫിക്ക് ബ്ലോക്ക്‌ ഉണ്ടാക്കുന്നത്? നിങ്ങൾ കാരണം ഞാൻ ജോലിക്കെത്താൻ ലേറ്റ് ആകും.,Anger
നിങ്ങൾ ഇടയ്ക്കിടയ്ക്ക് എന്തിനാ എന്നോട് പരുഷമായി പെരുമാറുന്നത്?,Anger
"രാത്രി മുഴുവൻ കറണ്ട് കൂടീം കുറഞ്ഞും ഇരുന്നാല്, റ്റീവീം ഫ്രിജ്ജുമൊക്കെ കേടാകുമോയെന്തോ!",Fear
ഇവിടെയുള്ള പെറ്റ് ഫ്രണ്ട്ലി പോളിസി അതിശയകരവും അപ്രതീക്ഷിതവുമാണ്!,Surprise
"അവന്‍ ആ പട്ടി നക്കിയ ബിസ്‌കറ്റ് കഴിച്ചു, അഹ്, എനിക്ക് ഛര്‍ദ്ദിക്കാന്‍ വരുന്നു.",Disgust
എന്റെ ഒരു ക്ലാസ്സ്മേറ്റ് എന്റെ കൈയിൽ നിന്ന് പൈസ കടം വാങ്ങി തിരിച്ച് തരാതെ മുങ്ങി.,Anger
ബൈക്ക് വിൽപനക്കാരൻ ക്വാളിറ്റി കുറഞ്ഞ ബൈക്ക് നല്ലതാണെന്ന് പറഞ്ഞ് വിൽക്കാൻ ശ്രമിച്ചപ്പോൾ എനിക്ക് വല്ലാതെ ദേഷ്യം വന്നു .,Anger
"നഗരത്തിലുടനീളമുള്ള റീട്ടെയിൽ സ്റ്റോറുകളുടെ പുതിയ ശൃംഖലയിൽ എന്നെ അസ്വസ്ഥനാക്കുന്നു ,കാരണം ഞങ്ങളുടെ മികച്ച ജീവനക്കാർ അവിടേക്ക് പോകാൻ ഉള്ള സാധ്യത ഉണ്ട്.",Fear
പണമെല്ലാം നഷ്ടപ്പെട്ടപ്പോൾ ആ മനുഷ്യൻ പ്രതീക്ഷ വച്ചുപുലർത്താൻ പാടുപെട്ടു .,Sadness
കടൽക്കൊള്ളക്കാർ കാരണം എന്റെ ട്രക്കുകൾ ആഫ്രിക്കയിലേക്ക് അയയ്ക്കുന്നതിൽ എനിക്ക് അങ്കലാപ്പുണ്ട്.,Fear
ഈ പ്രൊപ്പോസൽ ഡ്രോപ്പ് ആയാൽ ഞാൻ നിങ്ങളെ ഫയർ ചെയ്യും.,Anger
എന്റെ സാമ്പത്തികസ്ഥിതി എന്റെ നികുതികളിൽ ഇത്രയധികം സ്വാധീനം ചെലുത്തുമെന്ന് ഞാൻ ഒട്ടും വിചാരിച്ചിരുന്നില്ല.,Surprise
ഞാൻ ഒരു ആന്റിബയോട്ടിക് മാത്രാ ചോദിക്കുന്നേ! അതിനു എനിക്ക് എന്തിനാ ഒരു ഡോക്ടറുടെ കുറിപ്പടി ?,Anger
"ഇന്ത്യയുടെ മനുഷ്യ ദൗത്യം ലക്ഷ്യത്തിലെത്തുമെന്നും ,അത് ഉടൻ വിക്ഷേപിക്കുമെന്നും കണ്ടപ്പോ ഞാൻ സന്തോഷിച്ചു.",Happiness
"ഞാൻ ഇന്ന് പുലർച്ചെ അപ്രതീക്ഷിതമായി നാലരയ്ക്ക് എഴുന്നേറ്റു, ആ സമയത്താണ് എനിക്ക് ആദ്യമായി പ്രാർത്ഥിക്കാൻ കഴിഞ്ഞത്.",Surprise
നേതാക്കളുടെ മോശം തീരുമാനത്തെ തുടർന്ന് ഓഹരി വിലയിൽ ഒറ്റരാത്രികൊണ്ട് ഇരുപത് ശതമാനമാ ഇടിവുണ്ടായത്.,Anger
റോഡ് റേജ് സംഭവത്തിൽ വേറൊരാള് തന്റെ കാറിനെ മറികടന്നതിനാണ് കാർ ഡ്രൈവർ അയാളെ മർദ്ദിച്ചത്.,Anger
കഴിഞ്ഞ ക്വാട്ടറിൽ എന്റെ നിക്ഷേപങ്ങൾക്ക് മാർക്കറ്റിൽ നല്ല ലാഭം കിട്ടിയതോണ്ട് ഞാൻ നല്ല സന്തോഷത്തിലാണ്.,Happiness
"അവരുടെ കൈയിൽ വലിയ വാളുകളുണ്ടായിരുന്നു, അവർ എന്നെ കൊല്ലുമെന്ന് ഭീഷണിപ്പെടുത്തി.",Fear
രാജ്യസേവനത്തിനിടെ നമ്മുടെ സൈനികർ മരിക്കുന്നതും അവരുടെ ദുഃഖിതരായ കുടുംബങ്ങളെയും കുറിച്ച് വായിക്കുമ്പോൾ എനിക്കാകെ നഷ്ടബോധം തോന്നുന്നു.,Sadness
ഇത്രയും കൊല്ലങ്ങളായി എൻ്റെ മകൻ അവൻ്റെ വിദ്യാഭ്യാസത്തിനായി ഇത്രയേറെ പൈസ കടം വാങ്ങിയിട്ടുണ്ടെന്ന് അറിയുമ്പോൾ എനിക്ക് ഭയങ്കര നിരാശ തോന്നുന്നു.,Sadness
ഞാൻ വാടകയ്ക്ക് എടുക്കാൻ ആഗ്രഹിച്ച വീടിന്റെ സ്വീകരണമുറിയിൽ പ്രകൃതിയിൽ നിന്ന് വരുന്ന സുലഭമായ വെളിച്ചം എന്നെ അൽഭുതപ്പെടുത്തി.,Surprise
"എന്റെ മാനേജർക്കെതിരെ ഞാൻ ശബ്ദം ഉയർത്തിയാൽ, എന്റെ ടീം കഷ്ടപ്പെടും. അതുകൊണ്ട് ഞാൻ മിണ്ടാതിരുന്നു.",Fear
പ്രഭാതഭക്ഷണത്തിന് നല്ല സോഫ്റ്റ് ആയ പാൻകേക്കുകൾ കഴിക്കുന്നതിനേക്കാൾ സുഖം വേറെ ഒന്നുമില്ല.,Happiness
ഒരു പുതിയ സ്കൂളിൽ വർഷം തുടങ്ങുന്നതിൽ എനിക്ക് ചെറിയ ആശങ്കയുണ്ട്.,Fear
"ഗതാഗതക്കുരുക്ക് കാരണം ഡൽഹിയിൽ നിന്ന് മണാലിയിലേക്ക് വാഹനമോടിക്കാൻ എനിക്ക് തീരെ താല്പര്യം ഉണ്ടായിരുന്നില്ല, പക്ഷേ എനിക്ക് മറ്റൊരു മാർഗ്ഗവും ഉണ്ടായിരുന്നില്ല .",Disgust
"കുറേ രാഷ്ട്രീയക്കാർക്ക് കടന്നുപോവാൻ നമ്മൾ പാവം ജനങ്ങൾ ബുദ്ധിമുട്ടണം, ഈ സമൂഹം ഇനി എന്നാണ് ശരിയാവുക?",Anger
എന്റെ ചെടികൾ ടെറസിൽ നിന്ന് മാറ്റാൻ പറയാൻ നിങ്ങൾ ആരാ? താൻ പോടോ!,Anger
ഈ ഹോട്ടലിന്റെ പ്രഭാതഭക്ഷണം കേടുവന്നതും രുചിയില്ലാത്തതുമാ.,Anger
ഭീകരമായി ഡിസൈൻ ചെയ്ത ഞങ്ങളുടെ കേക്കിലൂടെ ഭയത്തിന്റെ രുചി ആസ്വദിക്കൂ.,Fear
ഒരു തരി പൊടി പോലും കാണരുതെന്ന് ഞാൻ പ്രത്യേകം പറഞ്ഞതായിരുന്നു. എന്നിട്ടും ഈ പൊടിയൊക്കെ കണ്ടപ്പോൾ എനിക്ക് പ്രാന്ത് പിടിച്ചു.,Anger
"വലിയ ഓഡിറ്റിങ് സ്ഥാപനങ്ങൾക്ക് നിയമങ്ങൾ ഒന്നും ഒരു പ്രശ്നം ഇല്ല, അവർ എങ്ങനെയെങ്കിലും പഴുതുകൾ കണ്ടുപിടിച്ച് ചൂഷണം ചെയ്തോളും.",Disgust
"ഹായ് ജയ, നിങ്ങളുടെ മകൾ നന്നായി പഠിക്കുന്ന നല്ല സ്വാഭാവമുള്ള കുട്ടിയാ. അവൾ എപ്പോഴും എന്നോട് ഗുഡ് മോണിംഗ് പറയും.",Happiness
"നിങ്ങളെ നിരാശപ്പെടുത്തിയതിൽ സോറി, പക്ഷേ നിങ്ങടെ സൈസ് ഞങ്ങടെ അടുത്ത് ഇല്ല.",Sadness
നിന്റെ താൽപ്പര്യങ്ങളുമായി പൊരുത്തപ്പെടാത്ത ഒന്ന് തിരഞ്ഞെടുത്താൽ അത് ഭാവിയിൽ നിന്നെ ബാധിക്കില്ലേ?,Fear
"പരുത്തി വിള വെള്ളപ്പൊക്കത്തിൽ നശിച്ചുപോയി, ഇനി ഇപ്പോ എങ്ങനെയാ ഉല്പാദനത്തിന് വേണ്ട വസ്തുക്കൾ കൃത്യസമയത്ത് ലഭിക്കുക?",Fear
"എനിക്ക് നല്ല ദേഷ്യമുണ്ട്! ഹോട്ടലിൽ ചെക്ക് ഇൻ ചെയ്തതുമുതൽ ഞാൻ വൈഫൈ കണക്റ്റുചെയ്യാൻ ശ്രമിക്കുന്നു, എനിക്ക് എറർ മെസ്സേജസ് മാത്രമാണ് കിട്ടുന്നത് . ഇന്റർനെറ്റ് കണക്ഷൻ ഇല്ലാതെ ജോലി ചെയ്യാനും വിശ്രമിക്കാനും ഒക്കെ പാടാണ്.",Anger
"ആദ്യം, നിങ്ങൾ ഞങ്ങളുടെ ടൂർ രണ്ടുതവണ ബുക്ക് ചെയ്തു, തുടർന്ന് ഞങ്ങളുടെ ഗൈഡിനെ മറ്റൊരു ഗ്രൂപ്പുമായി ഷെയർ ചെയ്യണമെന്ന് നിങ്ങൾ പറയുന്നു. നിങ്ങൾക്കു ഭ്രാന്താണോ ?",Anger
"നിങ്ങളുടെ അസാധാരണമായ സോഫ്റ്റ് സ്കില്ലുകളെക്കുറിച്ചും ഞങ്ങളുടെ ജോലിസ്ഥലത്തേക്കുള്ള അവരുടെ സംഭാവനകളെക്കുറിച്ചും ചിന്തിക്കുമ്പോൾ, ടീമിന്റെ സുഗമമായ പ്രവത്തനത്തിന് തടസ്സങ്ങളില്ലാതെ മുന്നോട്ട് പോകാൻ കഴിയുന്ന ഒരു പകരക്കാരനെ കണ്ടെത്തുന്നത് എത്രത്തോളം വെല്ലുവിളി നിറഞ്ഞതായിരിക്കുമെന്ന് എനിക്ക് ചിന്തിക്കാൻ കഴിയുന്നില്ല.",Fear
തിരിച്ചു വീട്ടിലേക്ക് യാത്ര വളരെ നല്ലതായിരുന്നു. എനിക്ക് ഇഷ്ടപ്പെട്ട കിഷോർ കുമാറിന്റെ പാട്ടുകളാ ഡ്രൈവർ വെച്ചിരുന്നെ.,Happiness
എന്റെ സമയം പൂർണ്ണമായും പാഴാക്കിയ പരിപാടിയിൽ ഇവന്റ് മാനേജരുടെ കഴിവില്ലായ്മ എന്നെ ദേഷ്യം പിടിപ്പിച്ചു .,Anger
അയൽപക്കത്ത് പ്രശ്നമുണ്ടാക്കിയ ഒരു വാടകക്കാരനെ ഒഴിപ്പിച്ചതിന് ശേഷം എനിക്ക് എന്തൊരു ആശ്വാസം.,Happiness
"തെറ്റായ മരുന്ന് വാങ്ങി ഞാൻ ഒരു തെറ്റ് ചെയ്തു, അതിനെക്കുറിച്ച് എനിക്ക് വല്ലാതെ പേടി തോന്നി .",Sadness
"ആ പാട്ടിന്റെ വരികൾ ആഴമില്ലാത്തതും അർത്ഥശൂന്യവുമാണ്, അത് ആരെങ്കിലും കേൾക്കുന്നുണെങ്കിൽ അത് ഒരു അത്ഭുതമാണ്.",Disgust
കൊറിയർ ചെയ്ത ഒരു പ്രത്യേക സമ്മാനം എന്റെ കസ്റ്റമറിന് കൈയിൽ എത്താത്തപ്പോൾ എനിക്കാകെ നിരാശയായി.,Sadness
വാറന്റി കാലയളവിനുള്ളിൽ നിങ്ങൾ ഈ കേടുവന്ന ഉൽപ്പന്നം എക്സ്ചേഞ്ച് ചെയ്യില്ലെന്ന് പറഞ്ഞാല് അത് അക്രമമാണ്.,Anger
"ഞാൻ ഒരിക്കലും ഇനി ഇവടന്ന് ഭക്ഷണം കഴിക്കില്ല, എന്റെ ചോറീന്ന് ഒരു പാറ്റയെ കിട്ടി.",Disgust
പുതിയ നികുതി നിയമങ്ങൾ സൂപ്പറാ! എനിക്ക് ഈ വർഷം നികുതി കുറച്ചടച്ചാൽ മതി !,Surprise
ഒരു ശ്രദ്ധയും ഇല്ലാത്ത ആളുകൾ നടത്തിയ ഇൻസൈഡ് ട്രേഡിംഗ് മൂലമാണ് സ്റ്റോക്ക് മാർക്കറ്റ് തകർന്നത് എന്നത് ലജ്ജാകരമാണ്.,Disgust
എന്റെ ഓട്ടോയിൽ നിങ്ങളെ കൊണ്ടുപോണോ വേണ്ടയോ എന്നത് എന്റെ ഇഷ്ടമാണ് . എന്നെ ചോദ്യം ചെയ്യാൻ നിങ്ങൾ ആരാ ?,Anger
എന്റെ മകന്റെ പ്രൊഫസർമാർക്ക് അവന് ഒരു റഫറൻസ് നൽകാൻ പറ്റില്ലെന്ന് എനിക്ക് പേടിയുണ്ട്.,Fear
ഈ ആപ്പുകൊണ്ട് ഇങ്ങനെയും ഉപകാരങ്ങളുണ്ടോ!,Surprise
അവരുടെ വിവാഹ വാർഷികം ആഘോഷിക്കാൻ ഞങ്ങൾ അവരെ ഡിന്നറിനു കൊണ്ടുപോയപ്പോൾ എന്റെ അച്ഛനും അമ്മയ്ക്കും വളരെ സന്തോഷമായി .,Happiness
ഒരു വർഷാവസാനമുള്ള വിൽപ്പനയുടെ സമയത്ത് ജനപ്രിയമായ ഐറ്റങ്ങളുടെ സ്റ്റോക്ക് തീർന്നുപോകുന്നതിനെക്കുറിച്ച് എനിക്ക് ആശങ്കയുണ്ട്.,Fear
സ്റ്റേജ് പെർഫോമൻസ് കഴിഞ്ഞ ശേഷം തന്റെ സംഗീത അദ്ധ്യാപകനോട് യുവഗായകൻ ശരിയായ ബഹുമാനം കാണിക്കാത്തത് വളരെ അസ്വസ്ഥതയുണ്ടാക്കി.,Sadness
"ഞങ്ങളുടെ അപ്പാട്ട്മെന്റിലെ സെക്യൂരിറ്റി ഒരു ചൂടനാണ്, എന്തെങ്കിലും ഒന്ന് കിട്ടിയാൽ മതി തല്ലുണ്ടാക്കാൻ.",Anger
വൗ ! വളരെ മനോഹരമായ ചിത്രാട്ടോ സുന്ദരാ! നന്നായി ചെയ്തിട്ടുണ്ട് .,Surprise
മൈക്കൽ ഫെൽപ്സ് നല്ലൊരു നീന്തൽക്കാരനാ. അയാൾ ഇത്രയധികം മെഡലുകൾ എങ്ങനെയാ നേടിയേന്ന് എനിക്കറിയില്ല!,Surprise
ഈ യെലഗിരിയിൽ ഹോട്ടലിന്റെ എയർ കണ്ടീഷനിംഗ് ശരിയല്ലാ. ചൂട് കാരണം എനിക്ക് ദേഷ്യം വരുന്നു.,Anger
കുറച്ച് മാസങ്ങൾക്ക് ശേഷം എന്റെ ജോലിയുടെയും വിദ്യാഭ്യാസത്തിന്റെയും കനത്ത ഭാരം താങ്ങാൻ എനിക്ക് കഴിയുമോ എന്തോ!,Fear
പുനരുപയോഗ ഊർജത്തിൽ നിക്ഷേപിക്കാൻ സർക്കാർ വിസമ്മതിച്ചത് ശരിയായില്ല.,Anger
എൻ്റെ പ്രിയപ്പെട്ട എഴുത്തുകാരന്റെ പുസ്തകങ്ങൾ എനിക്ക് സമ്മാനിച്ചുകൊണ്ട് നിങ്ങൾ എന്നെ അമ്പരപ്പിച്ചു !,Surprise
സ്വന്തം ടീം വിജയ ഗോൾ നേടിയപ്പോൾ കാലേബ് സന്തോഷം കൊണ്ട് തുള്ളിച്ചാടി.,Happiness
"ചേച്ചി, പാത്രങ്ങൾ വൃത്തിയാക്കിയതിന് വളരെ നന്ദിയുണ്ട്. നിങ്ങളുടെ സഹായമില്ലായിരുന്നുവെങ്കിൽ ഞാൻ എന്തു ചെയ്യായിരുന്നെന്ന് എനിക്കറിയില്ല.",Happiness
ഈ ആഴ്ചയുടെ അവസനം ഹോസ്പിറ്റലിലെ ഏറ്റവും പരിചയസമ്പന്നരായ ഡോക്ടർമാർ കൺസൾട്ടേഷനായി ലഭ്യമാണെന്നതിൽ എനിക്ക് സന്തോഷമുണ്ട്.,Happiness
"എനിക്ക് സ്പാം കോളുകൾ വരുന്നത് എനിക്ക് ഇഷ്ടമല്ല . ബാങ്കിന് എങ്ങനെയാണ് എന്റെ പേഴ്സണൽ നമ്പർ കിട്ടിയത്, എന്നെ വിളിക്കാൻ ആരാണ് നിങ്ങൾക്ക് അനുമതി നൽകിയേ ?",Anger
"ഇതുകൊള്ളാം. അവർ ഞങ്ങൾക്ക് ശരിയായ വിവരം തരണ്ടേ, അല്ലാതെ എന്തെങ്കിലും പ്രശ്നം വരുമ്പോൾ ഞങ്ങളെ കുറ്റം പറഞ്ഞിട്ടെന്താ?",Anger
അവരുടെ സംഗീത നൃത്ത കഴിവുകളിൽ ഞങ്ങൾക്ക് വലിയ പ്രതീക്ഷയുണ്ടായിരുന്നു. പക്ഷേ!,Sadness
സർക്കാർ മാറിയ ശേഷം സാമ്പത്തിക മേഖലയിൽ നിന്ന് വരുന്ന എല്ലാ നെഗറ്റീവ് വാർത്തകളും കേൾക്കുമ്പോൾ എനിക്ക് അൽപ്പം പരിഭ്രാന്തി തോന്നുന്നു.,Fear
ബാങ്ക് അടച്ചുപൂട്ടുകാത്രേ! എന്റെ പണം അവിടെ കുടുങ്ങിക്കിടക്കാ .,Sadness
ഞാൻ അനുഭവിക്കുന്ന ഈ വേദനയെക്കുറിച്ച് ഓർക്കുമ്പഴാ. അത് എന്തെങ്കിലും സീരിയസ് ആണോ ?,Fear
ഹോസ്പിറ്റലിൽ എന്റെ ബ്ലഡ് ഗ്രൂപ്പിന് യോജിച്ച രക്തം കണ്ടെത്താൻ കഴിഞ്ഞില്ല. എന്റെ അടിയന്തിര സ്ഥിതിക്ക് ഒരു ശസ്ത്രക്രിയ ആവശ്യമായിരുന്നു.,Sadness
"ഞാൻ കാശ് കൊടുത്ത് ബുക്ക് ചെയ്തതാണ്, എന്നിട്ടും ഹോട്ടലിലെ സ്റ്റാഫ് ഒന്ന് നോക്കുക പോലും ചെയ്യാതിരുന്നപ്പോൾ ഞാൻ അങ്ങോട്ട് പൊട്ടിത്തെറിച്ചു.",Anger
"കഴിഞ്ഞ തവണ കാറിന്റെ പ്രശ്നം ഞങ്ങൾ ശരിയാക്കിയതാ, അത് കുഴപ്പമൊന്നുമില്ലാതെ സ്റ്റാട്ട് ആവുന്നുണ്ടാരുന്നല്ലോ.",Surprise
"കോപ്പിയിടച്ചിട്ടാ അവൻ പരീക്ഷ ജെയിച്ചെ , എന്നിട്ടും അവൻ അവന്റെ മാർക്കിനെക്കുറിച്ച് പൊക്കിപ്പറയാ .",Disgust
നിർമ്മിതബുദ്ധി കൂടുതൽ സർവസാധാരണമാകുമ്പോൾ നഷ്ടമായേക്കാവുന്ന ജോലികളെക്കുറിച്ച് ചിന്തിക്കുമ്പോ എനിക്ക് സങ്കടമുണ്ട്.,Sadness
"നമ്മുടെ സ്വകാര്യ വിവരങ്ങളൊക്കെ ബാങ്കിൽ സുരക്ഷിതമാണെന്ന് നമുക്കൊരു വിശ്വാസമുണ്ട്, ആ വിശ്വാസമാണ് ബാങ്ക് തകർത്തത്.",Anger
ഇത് ഒരു ക്ലാസാണോ അതോ ഫിഷ് മാർക്കറ്റാണോ? നിങ്ങളെല്ലാരും ഇപ്പോ ബെഞ്ചിൽ കേറി നിൽക്കൂ!,Anger
സ്കൂൾ ബസ് മിസ്സായി ഞങ്ങൾ അഞ്ച് പേർ ഒരു മണിക്കൂർ വൈകി സ്കൂളിൽ എത്തിയപ്പോ പ്രിൻസിപ്പൽ ആകെ കലിപ്പിലായിരുന്നു.,Anger
"മൂന്ന് മണിക്കൂർ കഷ്ടപ്പെട്ട് ഉണ്ടാക്കിയതായിരുന്നു, ഒരു നിമിഷത്തെ അശ്രദ്ധയിൽ എല്ലാം കരിഞ്ഞുപോയി.",Sadness
ഈ ഫ്രിഡ്ജ് എന്നെ പരീക്ഷിച്ച് കൊല്ലും. എന്റെ അടുക്കളയെ ഐസ് റിങ്കാക്കി മാറ്റുന്ന ഇത് ആർക്കാ വേണ്ടത്?,Anger
"ചെറിയൊരു മാറ്റം വരുത്താനല്ലേ ഉള്ളൂ, അതിനാണോ നിങ്ങൾ എക്സ്ട്രാ കാശ് ചോദിക്കുന്നത്?",Anger
ബാംഗ്ലൂരിലേക്കുള്ള ബസ് ടിക്കറ്റിനെക്കുറിച്ച് ചോദിച്ചപ്പോൾ റെയിൽവേ ബുക്കിംഗ് ക്ലർക്ക് എന്നെ അധിക്ഷേപിച്ചപ്പോൾ എന്റെ മുഖം ദേഷ്യം കൊണ്ട് ചുവന്നു തുടുത്തു .,Anger
"കാലങ്ങളായി ഞാനെന്റെ ഹോട്ടൽ മുറിക്ക് പുറത്ത് അകത്ത് കയറാൻ കാത്തിരിപ്പാണ്, മുൻവാതിൽ ഇളകുന്നില്ല! പ്രത്യേകിച്ച് ആരും സഹായിക്കാനും ഇല്ലാ.",Anger
നിങ്ങളുടെ ജീവനക്കാർ ഒരു വൃദ്ധനോട് ബഹുമാനമില്ലാതെ പെരുമാറുന്നത് കണ്ടപ്പോ എനിക്ക് ദേഷ്യം വന്നു.,Anger
നമ്മൾ ഒരുമിച്ച് കടന്നുപോയ എല്ലാ കാര്യങ്ങൾക്കും ശേഷം നിങ്ങൾ എന്റെ പുറകിൽ നിന്ന് എന്നെ കുത്തുവാണല്ലോ.,Anger
അനാവശ്യമായ പേപ്പർവർക്കുകൾക്ക് എന്റെ സമയം പാഴാക്കരുത്.,Anger
ഇന്ത്യയിലെ തൊണ്ണൂറ്റിയെട്ട് ശതമാനം ആളുകളും ആദായനികുതി അടയ്ക്കാതെ ഞാൻ മാത്രം എന്തിന് അടയ്ക്കണം?,Anger
ഈ വർഷം എന്റെ നെറ്റ്ഫ്ലിക്സ് സബ്സ്ക്രിപ്ഷന് എനിക്ക് വലിയ ഡിസ്കൗണ്ട് കിട്ടി . എനിക്കിപ്പോ വേവലാതിപ്പെടാതെ എത്ര സിനിമകൾ വേണമെങ്കിലും കാണാം.,Happiness
പണം കൈകാര്യം ചെയ്യുന്നത് മനസ്സിലാക്കാതെ എന്റെ കുട്ടി വളരുമ്പോൾ അവരുടെ ബാങ്ക് അക്കൗണ്ടിലെ നിയന്ത്രണത്തെക്കുറിച്ച് ഞാൻ ആശങ്കാകുലനായിരുന്നു.,Fear
"ഇയ്യെ, നിങ്ങളുടെ വസ്ത്രം ഇങ്ങനെ കടിക്കല്ലേ.",Disgust
ഇവിടുത്തെ ഉച്ചഭക്ഷണം എനിക്ക് വെറുപ്പാണ് വൃത്തികെട്ട ചുറ്റുപാടുകളും മേശകളും ശരിക്കും അരോചകമാണ്.,Disgust
"ടിക്കറ്റ് കൗണ്ടറിൽ എന്തൊരു നാറ്റവും വൃത്തികേടുമാണ്. എനിക്ക് ചെന്നൈയിലേക്കുള്ള ടിക്കറ്റ് ബുക്ക് ചെയ്യണം, ഞാൻ എങ്ങനെ അവിടെ നിൽക്കും?",Disgust
"ബാങ്ക് ലോക്കറിനായി നമ്മൾ പണം നൽകിയിട്ടും, ആ മുറിയിൽ എന്തൊരു നാറ്റവും പൂപ്പലും ഒക്കെയാണ് , എനിക്ക് അകത്തേക്ക് പോകാനേ തോന്നുന്നില്ല.",Disgust
എനിക്ക് പ്രായമാകുമ്പോ ആരും എന്നെ നോക്കാതിരുന്നാ എന്താ ചെയ്യാ?,Fear
ഒരു കസ്റ്റമർ ഒരു വനിതാ ജീവനക്കാരിയുമായി ശൃംഗരിക്കുന്ന മക്ഡൊണാൾഡിന്റെ പരസ്യം അതിരുകടന്നതും സ്ത്രീകളെ കച്ചവടച്ചരക്കായി ചിത്രീകരിക്കുന്നതുമാണ്.,Disgust
എന്നോട് ഇത്രയും അടുത്ത് നിൽക്കണ്ട ! എ.ടി.എമ്മിൽ ഞാൻ എന്റെ പിൻ എൻട്രി ചെയുന്നത് നിങ്ങൾക്ക് കാണാൻ പറ്റണില്ലേ ?,Anger
"പ്രശ്നം എളുപ്പത്തിൽ കണ്ടുപിടിക്കാൻ കഴിയുമെന്നാ ഞാൻ കരുതിയേ, പക്ഷെ ചെലവേറിയ റിപ്പയർ ആവശ്യമായ വലിയ കുഴപ്പമാണെന്ന് മനസ്സിലായപ്പോ എനിക്ക് നിരാശയായി.",Sadness
വലിയ ഉത്സാഹമില്ലാത്ത നൂറ് മീറ്റർ ഓട്ടത്തിനായി വരിയിൽ നിൽക്കുമ്പോൾ ഡാനിന്റെ കാലുകൾ മരവിച്ചുപോയി.,Fear
ഞങ്ങടെ ആർട്ട് ടീച്ചർ ഭയങ്കര പേടിപ്പിക്കലാ. ഞാൻ അദ്ദേഹത്തോട് എപ്പോ ചോദ്യം ചോദിക്കുമ്പഴും അദ്ദേഹം ആ തടിറൂളറ് പുറത്തെടുക്കും.,Fear
എത്ര കാശാണ് ആളുകൾ ക്രെഡിറ്റ് കാഡിൽ പലിശയായി ചെലവഴിക്കുന്നത്?,Surprise
നിങ്ങൾ തിരഞ്ഞെടുത്ത കേക്കിന്റെ ഡിസൈനും ഓപ്ഷനുകളും കാരണം കുറച്ച് പൈസ കൂടുതൽ വന്നിട്ടുണ്ട്. അസൗകര്യം ഉണ്ടായതിൽ ഞാൻ ക്ഷമ ചോദിക്കുന്നു.,Sadness
"ഒരു വിശ്രമവും ഇല്ലാതെ ആറ് മാസം തുടർച്ചയായി പണിയെടുക്കണം പോലും, ഞങ്ങളുടെ ബുദ്ധിമുട്ടുകളൊന്നും ഇവിടെ ആർക്കും ഒരു പ്രശ്നവും അല്ല.",Anger
നിങ്ങൾ എവിടെയെങ്കിലും ദൂരെയാണ് താമസിക്കുന്നതെന്നാ ഞാൻ കരുതിയെ!,Surprise
നിങ്ങൾ പ്ലാൻ ചെയ്ത തീയ്യതിക്ക് മുമ്പ് തന്നെ ജോലി പൂർത്തിയാക്കിയല്ലോ.,Happiness
ആ വീഡിയോ ഗെയിം ആകെ തകരാറിലായി ക്രാഷ് ആകുന്നു. അത് എന്നെ ഭ്രാന്തനാക്കാ.,Anger
ലോക്കൽ പാർക്കുകൾ നഗരജീവിതത്തിന്റെ തിക്കിലും തിരക്കിലും നിന്ന് ഒരു മോചനം തരുന്നു.,Happiness
"യോഗത്തിലുടനീളം സംഭാവനയുടെ തീരുമാനം ചർച്ച ചെയ്തു, പക്ഷെ എന്താകുമെന്നറിയില്ല.",Fear
സിനിമയിൽ വൃത്തിഹീനമായ ഒരു ആശുപത്രി കണ്ടപ്പോൾ പാവപ്പെട്ട രോഗികളെ ഓർത്ത് എനിക്ക് വിഷമം തോന്നി.,Sadness
"ഓ! ഇത് എന്തൊരു വേദനയാ. ഞാൻ ഡംബെല്ലുകൾ എന്റെ കാലിൽ ഇട്ടു , അത് വല്ലാത്ത വേദന. എനിക്ക് എന്റെ കാൽ ഉയർത്താൻ പറ്റുന്നില്ല .",Sadness
രാഷ്ട്രീയവും വർഗീയതയും കൂടിക്കലർന്ന് കലാപങ്ങളുണ്ടായാൽ നമ്മുടെ ബിസിനസ്സിനെ ബാധിക്കുമോ എന്ന ആശങ്കയിലാണ് ഞാൻ.,Fear
ആ ഓറഞ്ചുകൾ വല്ലാതെ ചീഞ്ഞു നാറിയതാണ്.,Disgust
സ്റ്റോറുകളുടെ ശൃംഖലയുമായി മത്സരിക്കാൻ കഴിയാത്തതിനാൽ ചില കുടുംബ ബിസിനസ്സുകൾ അടച്ചുപൂട്ടേണ്ടി വരുമോ എന്ന് എനിക്ക് വല്ലാത്ത വിഷമം തോന്നുന്നു.,Sadness
"എയർലൈൻ ദിവസങ്ങളോളം ഞങ്ങളുടെ ബാഗേജ് നഷ്ടപ്പെടുത്തി, ഞങ്ങൾക്ക് നഷ്ടപരിഹാരം നൽകിയില്ല.",Anger
എന്റെ ഐസ്ക്രീം കോൺ കൈയിൽനിന്ന് വഴുതി നിലത്ത് വീണപ്പോൾ ഞാൻ തകർന്നുപോയി.,Sadness
"എന്റെ ജോലി പോകും , സർ. ദയവായി ആരെയും വിളിക്കരുത്.",Fear
ഈ മെഡിക്കൽ ഫെസിലിറ്റി എന്റെ കേസ് കൈകാര്യം ചെയ്ത രീതിയിൽ എനിക്ക് വല്ലാത്ത വെറുപ്പ് തോന്നുന്നു. നേരാവണ്ണം കാര്യങ്ങൾ പറയാത്തതും എന്റെ ആരോഗ്യപ്രശ്നങ്ങളോടുള്ള അവഗണനയും അംഗീകരിക്കാൻ പറ്റുന്നതല്ല .,Disgust
"ഇന്ത്യൻ ഫുട്ബോൾ ടീമിനെ ഏഷ്യാഡിലേക്ക് അയയ്ക്കുന്നതിനെച്ചൊല്ലി ഐ.ഒ.എ.യും, എ.ഐ.എഫ്.എഫും തമ്മിൽ തർക്കിക്കുന്നത് മഹാകഷ്ടം തന്നെയാണ് .",Anger
അയ്യേ . ഈ ബാങ്ക് മാനേജർ ചെവി വൃത്തിയാക്കാൻ വിരൽ ചെവിയിൽ ഇടുന്നു,Disgust
ഈ അടിച്ചമർത്തലിന്റെ പ്രത്യാഘാതങ്ങൾ ഭീകരമായിരിക്കും.,Fear
മാർക്കറ്റ് ഇടിഞ്ഞപ്പോൾ നമുക്കെല്ലാവർക്കും ധാരാളം പണം നഷ്ടപ്പെട്ടതുകൊണ്ട് ഈ ഓഫീസിലെ എല്ലാവർക്കും അസ്വസ്ഥത തോന്നുന്നു.,Sadness
"ഒരുപാട് കാലമായി നടക്കുന്ന വിയറ്റ്നാമിലെ വിളവെടുപ്പുത്സവം ഭയങ്കര രസമാണ്, ഞാൻ വേറെങ്ങും ഇന്നേവരെ അങ്ങനെ ഒരു ഉത്സവം കണ്ടിട്ടില്ല.",Surprise
ചില രാജ്യങ്ങളിലെ സർക്കാർ കടത്തിന്റെ തോത് എന്നെ അമ്പരപ്പിക്കുന്നു.,Surprise
"എനിക്ക് ഒരു സമോസ വേണായിരുന്നു, പക്ഷേ സ്റ്റോക്ക് തീർന്നുന്ന് അവർ പറഞ്ഞു.",Sadness
വരാനിരിക്കുന്ന സ്റ്റാൻഡേഡ് ടെസ്റ്റിനെക്കുറിച്ച് എനിക്ക് ചെറിയ പരിഭ്രാന്തി തോന്നുന്നു.,Fear
രാത്രി മുഴുവനും കറന്റ് പോയും വന്നുമിരുന്ന് ആകെ കലിപ്പായി.,Anger
നിങ്ങളെ മോശമാക്കാൻ ഞാൻ ആഗ്രഹിക്കുന്നില്ല. ഞാൻ ക്ലയന്റിനോട് സംസാരിക്കട്ടെ.,Fear
ഞാൻ പുതിയ ബൈക്ക് വാങ്ങിയപ്പോൾ അപ്രതീക്ഷിതമായി ബൈക്ക് വിൽപ്പനക്കാരൻ ചില സൗജന്യ സമ്മാനങ്ങൾ തന്നപ്പോൾ ഞാൻ അമ്പരന്നു.,Surprise
സാമ്പത്തിക ആസൂത്രകന്റെ കഴിവുകേട് എന്നെ ഭ്രാന്തു പിടിപ്പിക്കുന്നു.,Anger
ഇന്റേൺ ചെയ്ത കമ്പനിയിലെ കൂൾ ആയ ബോസിനെ കണ്ടുമുട്ടിയപ്പോൾ എന്റെ മകൻ ആവേശഭരിതനായി.,Happiness
വിവാഹത്തിൻറെ മോശം സൈഡിലേക്ക് സ്വാഗതം എങ്ങനേണ്ടാവും.,Disgust
ബാങ്കിന്റെ കൊള്ളയടിക്കുന്ന വായ്പാ രീതികളിൽ എനിക്ക് വല്ലാത്ത ദേഷ്യം തോന്നുന്നു .,Anger
അസോസിയേഷൻ മീറ്റിംഗിലുടനീളം വനിതാ താമസക്കാരിൽ ഒരാൾ മറ്റ് താമസക്കാർക്ക് നേരെ ആക്രോശിക്കുന്നത് ഭയാനകമായിരുന്നു.,Disgust
എല്ലാ നിർദ്ദേശങ്ങളും പറഞ്ഞു തന്നുകൊണ്ട് ഡ്രൈവിംഗ് ലൈസൻസ് നടപടിക്രമം ഇത്ര ഈസി ആവുമെന്ന് ഞാൻ കരുതിയിരുന്നില്ല. എനിക്ക് നല്ല മതിപ്പായി!,Surprise
കോച്ചില്‍ ഒന്നുരണ്ട് പേര്‍ യാതൊരു ബോധവുമില്ലാതെ ഉറക്കെ സംസാരിച്ചിട്ട് ഇന്നലെ രാത്രി ട്രെയിനില്‍ ഒരുപോള ഉറങ്ങാന്‍ പറ്റിയില്ല,Disgust
ഞാൻ ഡാൻസ് ചെയ്യുമ്പോ എല്ലാവരും എന്നെ കളിയാക്കാ.,Sadness
എനിക്ക് റവന്യൂ നമ്പറുകളിലേക്ക് ആക്സസ് ഇല്ലെന്ന് നിങ്ങൾക്കറിയില്ലായിരുന്നോ?,Surprise
അയാള്‍ തുപ്പല്‍ കൂട്ടി പണം എണ്ണി എനിക്ക് നീട്ടിയപ്പോള്‍ എനിക്ക് അറപ്പ് തോന്നി.,Disgust
"ഞാൻ പൈസ കൊടുത്തിട്ടാ മ്യൂസിയം കാണാൻ വന്നത് , എനിക്ക് ഇഷ്ടമുള്ള പോലെ പുരാവസ്തുക്കളെ നോക്കും!",Anger
"റോഡിലൂടെ റോങ് സൈഡീ വണ്ടിയോടിച്ചിട്ട്, എനിക്ക് നേരെ അവന്മാര് ഹോൺ അടിക്കുന്ന കണ്ടോ.",Anger
പബ്ലിക് ടോയ്ലെറ്റിൻ്റെ ഒക്കെ അവസ്ഥ പരിതാപകരമാണ്.,Sadness
"ലക്ഷ്മി, നമ്മൾ ശരിയായ വഴിയിലാണോ പോകുന്നെന്ന് എനിക്കറിയില്ല. ഫോൺ മറ്റൊരു റൂട്ട് കാണിക്കുന്നുണ്ടെങ്കിലും ഡ്രൈവർ തെറ്റായ റൂട്ട് ആണ് എടുത്തേ.",Fear
"നമ്മൾ എത്ര കഷ്ടപ്പെട്ട് ചെയ്ത പ്രൊപ്പോസൽ ആയിരുന്നു, നിസ്സാര കാരണങ്ങളും പറഞ്ഞല്ലേ തള്ളിയത്.",Sadness
"വാടക വീട്ടിൽ ഡെഡികേറ്റഡ് ആയ ഒരു ഹോം ജിം സ്പേസ് കണ്ടപ്പോ എനിക്ക് സന്തോഷമായി, അത് എനിക്ക് ഒരു വലിയ സെല്ലിങ് പോയിന്റ് ആണ് .",Surprise
എന്റെ ക്യാബ് ഡ്രൈവർ കാഞ്ചീപുരത്തേക്കുള്ള ഒരു ഷോട്ട് കട്ടിലൂടെ സഞ്ചരിച്ച് സമയം മുപ്പത് മിനിറ്റ് ലാഭിച്ചപ്പോൾ ഞാൻ അൽഭുതപ്പെട്ടുപോയി !,Surprise
സിനിമയില് ഒരു വൃദ്ധനെ ഒരു കൂട്ടം യുവാക്കൾ ആക്രമിക്കുന്നത് കണ്ടപ്പോ എനിക്ക് ദേഷ്യം തോന്നി.,Anger
എന്നെ സപ്പോട്ട് ചെയ്യാൻ ഞാൻ നിന്നോട് പറഞ്ഞതല്ലേ ! നീ ഒറ്റൊരാൾ കാരണാ ഞാൻ കളി തോറ്റത്!,Anger
കടൽ തീരത്ത് നമ്മടെ മേലേ വന്നുവീഴുന്ന വല്യ തിര കണ്ട് എനിക്ക് ആകെ പരിഭ്രാന്തിയായി.,Fear
ചൈനയിൽ നിന്ന് ഇന്ത്യയിലേക്ക് ഇറക്കുമതി ചെയ്യുന്ന വസ്തുക്കളുടെ ഗുണനിലവാരം കുറയുന്നത് കാണുമ്പോ വളരെ സങ്കടം ഉണ്ട്.,Sadness
ഈ ടൂർ ഗ്രൂപ്പ് എത്രത്തോളം മോശമായാണ് കാര്യങ്ങൾ കൈകാര്യം ചെയ്യുന്നതെന്ന് എനിക്ക് വിശ്വസിക്കാൻ കഴിയുന്നില്ല.,Disgust
"ഉദ്യോഗസ്ഥരോടും, അവരുടെ തീരുമാനങ്ങളോടുമുള്ള കളിക്കാരുടെ ബഹുമാനക്കുറവേ, പൊറുത്തൂട.",Disgust
എന്റെ സഹോദരൻ എന്നെക്കുറിച്ച് ഇങ്ങനെ നുണ പ്രചരിപ്പിക്കുമെന്ന് എനിക്ക് വിശ്വസിക്കാൻ പറ്റണില്ല. ഇത് തീർത്തും അംഗീകരിക്കാൻ പറ്റില്ല.,Disgust
ഞങ്ങളുടെ സാമ്പത്തിക ലക്ഷ്യങ്ങൾക്ക് ചേർന്നത് കണ്ടെത്താൻ ഞങ്ങൾ വിവിധ ലോൺ ഓപ്ഷനുകൾ നോക്കി മനസ്സിലാക്കി.,Happiness
"കറന്റ് പോവാതിരിക്കാൻ ഞങ്ങൾ മാക്സിമം നോക്കുന്നുണ്ട്, പക്ഷേ പുതിയ ഉപകരണങ്ങളൊന്നും സർക്കാർ അംഗീകരിക്കുന്നില്ലന്നേ.",Disgust
"ക്ലയന്റ് ഒരു വാശിക്കാരനാണ്, അയാളുടെ കൂടെ ജോലി ചെയ്ത് എല്ലാവർക്കും മടുത്തു.",Sadness
ഞാൻ എന്റെ അക്കൗണ്ട് സുഹൃത്തുക്കളുമായി ഷെയർ ചെയ്യുന്നുണ്ടെന്ന് മനസ്സിലാക്കിയതിനാൽ അവർ അത് ബ്ലോക്ക് ചെയ്തു.,Sadness
റാമ്പിലൂടെ നടക്കുമ്പോൾ ഞാൻ വഴുതിവീണു. എന്റെ കാൽമുട്ടിന് സഹിക്കാൻ വയ്യാത്ത വേദന.,Sadness
ഫോഡ് ഫോക്കസിനായുള്ള സ്പെയറുകൾ സ്റ്റോക്കിൽ ഉണ്ടായിരിക്കുമെന്ന് ഞാൻ കരുതിയിരുന്നേയില്ല.,Surprise
"രാഹുൽ! ഇന്ന് നമുക്ക് വ്യായാമങ്ങളൊന്നും ഉണ്ടാകില്ലെന്നും ഒരു മണിക്കൂർ കളിക്കാൻ പോകാന്നും പീ.റ്റി. സർ പറഞ്ഞു! വേഗം വാ, നമുക്ക് പന്ത് എടുക്കാം!",Surprise
തുറന്ന ഓട്ടോയിൽ വച്ച് മഴ പെയ്തു ഞാൻ നനഞ്ഞപ്പോ എനിക്ക് വിഷമമായി.,Sadness
"ചിലപ്പോൾ, സ്ട്രെസ് വരുമ്പോ ഞാൻ എന്റെ ചുമലിൽ ഒരു വലിയ ഭാരം വഹിക്കുന്നതായി തോന്നുന്നു.",Sadness
അയ്യോ! ഉച്ചഭക്ഷണം കഴിക്കുന്നതിന് മുമ്പെങ്കിലും നിങ്ങൾക്ക് നിങ്ങളുടെ അഴുക്കുള്ള കൈയൊന്നു കഴുകാമായിരുന്നു.,Disgust
അവൾക്കു വേണ്ടി ഒരു ഗിഫ്റ്റ് വാങ്ങാൻ അഞ്ഞൂറ് രൂപ എടുക്കാന്ന് ഞാൻ വിചാരിച്ചതാ. പക്ഷേ എ.ടി.എമ്മിൽ പണമുണ്ടായിരുന്നില്ല.,Sadness
നിരവധി കാര്യങ്ങളിൽ ഇവന്റ് മാനേജർ പരാജയപ്പെട്ടു എന്ന വസ്തുത അവർ മറച്ചു വയ്ക്കുന്നില്ല. ഇത്തരം പൊരുത്തക്കേടുകൾ കാണുന്നത് വല്യ കഷ്ടമാണ്.,Anger
"എന്റെ ശമ്പളം കൂട്ടാൻ ഞാൻ എച്ച്.ആർ. മാനേജറോട് പറഞ്ഞതാ, പക്ഷെ അവർ സമ്മതിച്ചില്ല.",Sadness
"ലണ്ടൻ ഹീത്രൂ എയർപോർട്ടിന്റെ സ്ഥിതി വളരെ മോശാണ്. ഞാൻ ഒരു ടെർമിനലിന്ന് അടുത്തതിലേക്ക് ടണലിലൂടെ നടക്കുമ്പോൾ, നാറ്റം സഹിക്കാന് പറ്റീല.",Disgust
"സി. ഇ. ഒ ആണെന്ന് കരുതി ഇങ്ങനെ നിർത്തി അപമാനിക്കാൻ പാടുണ്ടോ, എന്തെങ്കിലും പറയാനുണ്ടെങ്കിൽ ഓഫീസിലേക്ക് വിളിച്ച് പറഞ്ഞാ പോരെ.",Anger
റോഡിലെ ട്രാഫിക് ഒക്കെ മാറ്റി ബസ് കൃത്യസമയത്ത് സ്റ്റോപ്പിൽ എത്തുമോ എന്നാണ് എന്റെ ടെൻഷൻ എനിക്ക് ഒരു ചടങ്ങിൽ പങ്കെടുക്കാനുണ്ട്.,Fear
മത്സരം കാണാൻ ഞാൻ പാതിരാത്രി ഉണർന്നാ എന്റെ അച്ഛൻ എന്നെ ചീത്ത പറയും.,Fear
കോച്ചിന് വേണ്ടത്ര ഫിറ്റ്നസ് ഇല്ലാത്തത് എത്ര കഷ്ടാ!,Disgust
"സെയിൽസ് മാൻ ഞങ്ങളോട് പെരുമാറിയ രീതി എനിക്ക് തീരെ ഇഷ്ടായില്ല, ഞങ്ങൾ പറയുന്നത് അയാൾ ഒരിക്കൽ പോലും ശ്രദ്ധിച്ചില്ല.",Anger
ഞാൻ ശ്രദ്ധയില്ലാതെ കുടിച്ച ആ പഴകിയ തൈര് കാരണം എനിക്ക് ഛർദ്ദിക്കാൻ വന്നു.,Disgust
"ചെന്നൈയിൽ നിന്ന് ദുബായിലേക്കുള്ള എന്റെ വിമാനം വൈകിയത് എനിക്ക് വിഷമമായി , കാരണം എനിക്ക് വാഷിംഗ്ടണിലേക്കുള്ള കണക്ഷൻ ഫ്ലൈറ്റ് മിസ് ആയി .",Sadness
"എന്റെ ഭാര്യ പാർട്ടിവെയർ ധരിച്ച് അകത്തേക്ക് വന്നപ്പോ , അവളുടെ സൗന്ദര്യം കണ്ട് കണ്ണു തള്ളി.",Surprise
ഈയിടെയായി പുറത്തുനിന്ന് ഭക്ഷണം കഴിക്കാൻ ഞാൻ ഇത്രമാത്രം ചെലവാക്കുന്നത് ശരിക്കും സങ്കടം തന്നെയാണ് .,Sadness
"എനിക്ക് നിങ്ങളുടെ സ്റ്റോറിനോട് വെറുപ്പാണ്, കാരണം അതിൽ എപ്പോഴും നീണ്ട ചെക്ക്ഔട്ട് ലൈനുകൾ ഉണ്ടാകും, എന്നാൽ ആവശ്യത്തിന് കാഷ്യർമാർ ഉണ്ടാകുകയുമില്ല.",Anger
"രാവിലെ ഒൻപത് മണിക്ക് വന്ന് കഴുതയെ പോലെ പണിയെടുക്കുന്നു, എന്നിട്ടെന്താ കാര്യം, പരാതിയും കുത്തുവാക്കും തന്നെ നമുക്ക്",Disgust
ഈ വർഷങ്ങളിലൊക്കെ എന്റെ അച്ഛനമ്മമാർ എന്റെ കോളേജ് വിദ്യാഭ്യാസത്തിനായി രഹസ്യമായി പണം സമ്പാദിക്കുന്നുണ്ടെന്ന് അറിഞ്ഞപ്പോൾ ഞാൻ ഞെട്ടിപ്പോയി.,Surprise
"ചെന്നൈയിൽ നിന്നും കൊണ്ടുവന്ന ഏതോ ലോക്കൽ ബിയർ ആണ്, വായിൽ വെക്കാൻ കൊള്ളില്ല.",Disgust
"എക്സ്ചേഞ്ച് പോളിസി ഉണ്ടെന്ന് നിങ്ങടെ ഷോപ്പ് ക്ലർക്ക് എന്നോട് ഉറപ്പ് പറഞ്ഞതാ , അതുകൊണ്ട് ഞാൻ പറയുന്നത് നിങ്ങൾക്ക് സംശയമുണ്ടെങ്കിൽ, സ്റ്റോർ മാനേജരെ ഇപ്പോൾ തന്നെ എനിക്ക് കാണണം.",Anger
അരെ വാ ! ഈ സ്ഥലത്ത് ഇത്രയും നല്ല കാപ്പി കിട്ടുമെന്ന് ഞാൻ ഒരിക്കലും വിചാരിച്ചതല്ല .,Surprise
"ഇക്കോണമി സീറ്റുകൾ ഒന്നും ഒഴിവില്ലാന്ന് പറഞ്ഞു, എയർലൈൻ സ്റ്റാഫ് എന്നെ ഒഴിവാക്കാതെ ബിസിനസ് ക്ലാസ്സിലേക്ക് ഫ്രീ ആയി അപ്ഗ്രേഡ് ചെയ്തപ്പോ ഞാൻ ഞെട്ടിപ്പോയി.",Surprise
"എന്റെ ഈ കൂട്ടുകാരനോട് സംസാരിക്കാനേ പറ്റില്ല., കാരണം എന്നെ മുഴുവൻ സംസാരിക്കാൻ സമ്മതിക്കാതെ അവൻ കേറി ഓരോന്ന് പറയും.",Anger
ബസ് ഡ്രൈവർ ഹൈവേയിൽ ഒരു സ്റ്റണ്ട്മാനെപ്പോലെ വണ്ടി ഓടിച്ചപ്പോൾ ഞാൻ അയാളോട് ദേഷ്യപ്പെട്ടു.,Anger
ഞാൻ പഴയ ഒരു കോട്ടയിൽ പോയ സമയത്ത് പാതിരാത്രി അവിടെ ഒറ്റക്കായപ്പോ എനിക്ക് ആകെ പേടിയായി.,Fear
പരിപാടി ശരിയായി സംഘടിപ്പിക്കാതിരുന്നതിന് ഇവന്റ് മാനേജറോട് ഞാൻ എന്റെ വെറുപ്പ് പ്രകടിപ്പിച്ചു.,Disgust
"നിങ്ങൾ സ്റ്റോർ മാനേജർക്ക് പരാതി കൊടുത്താൽ എനിക്ക് എന്റെ ജോലി പോവും , അതുകൊണ്ട് ദയവായി അത് ചെയ്യരുത്, സർ.",Fear
"കൊള്ളാം, മറ്റെല്ലായിടത്തും വിലകൂടിയിട്ടും ഈ കടയിൽ താങ്ങാവുന്ന വിലയുള്ള പച്ചക്കറികളുണ്ടെന്ന് എനിക്ക് വിശ്വസിക്കാൻ കഴിയുന്നില്ല!",Surprise
പാരീസിനും ആംസ്റ്റഡാമിനും ഇടയിലുള്ള ട്രെയിൻ എന്ത് സുഖമാണെന്ന് അറിയോ...യാത്ര കഴിഞ്ഞപ്പോൾ ഒരു പ്രത്യേക ഉന്മേഷം ആയിരുന്നു.,Happiness
കൺസ്ട്രക്ഷന്റെ പാളികൾക്കടിയിൽ കുഴിച്ചിട്ടിരിക്കുന്ന ജല പൈപ്പുകൾ വീണ്ടെടുക്കാൻ  പറ്റില്ല എന്ന് തോന്നുന്നു.,Sadness
എൻ്റെ ക്രെഡിറ്റ് കാഡിൽ കുറഞ്ഞ പലിശ നിരക്ക് കിട്ടിയപ്പോൾ സന്തോഷംകൊണ്ട് തുള്ളിച്ചാടുകയായിരുന്നു ഞാൻ.,Happiness
"ഹായ്! എന്റെ കാറിൽ ഒരു പോറൽ ഉണ്ട്, നിങ്ങൾക്ക് ഇത് എനിക്ക് ശരിയാക്കാൻ കഴിയുമായിരുന്നോ.",Surprise
"ഭയങ്കര ചൂടിനു ശേഷം, ഈ തണുത്ത മഴയുള്ള കാലാവസ്ഥ എന്തൊരു സുഖമാ .",Happiness
"ഞങ്ങൾ ഒരു മാസം വൈകി പ്രൊജക്റ്റ് തുങ്ങിയപ്പോ , എന്റെ ജോബ് സെക്യൂരിറ്റിയെക്കുറിച്ചായി എന്റെ ആശങ്ക.",Fear
അഫ്ഗാനിസ്ഥാനിലെ താലിബാന്റെ വിജയം കാരണം സ്ത്രീകളുടെ ഭാവി എന്താകുമോ!,Fear
എന്റെ കാറിന്റെ എഞ്ചിനിൽ എനിക്ക് ഈ വിചിത്രമായ ശബ്ദമുണ്ട്. ഇത് പ്രശ്നമാകുമോ?,Fear
ബെംഗളൂരുവിലെ ആളുകൾക്കിടയിൽ കൂടി വരുന്ന ബൈക്ക് ടാക്സി ഉപയോഗം ഓട്ടോറിക്ഷാ യൂണിയനുകളെ ചൊടിപ്പിച്ചു.,Anger
ഓരോ തവണ പന്തെറിയുമ്പഴും അവൻ എന്തിനാ പന്ത് ഇങ്ങനെ നക്കണത്?,Disgust
ഏകാന്തത കാരണം കോളേജിലെ ഒന്നാം വർഷത്തിൽ അവന് ട്രോമാറ്റിക് ഡിപ്രഷൻ ഉണ്ടായി.,Sadness
അത്ലറ്റിക് ലോകകപ്പ് ഫൈനലിലേക്കുള്ള ഇന്ത്യക്കാരന്റെ യോഗ്യത പൂജ്യം ദശാംശം ഒന്ന് സെക്കന്റിൽ നഷ്ടായപ്പോ എന്റെ ആവേശെല്ലാം പോയി.,Sadness
"എനിക്ക് പത്ത് വർഷമായി ദുശ്ശീലമൊന്നുമില്ല, എന്നാലും എന്റെ സ്വബോധത്തെക്കുറിച്ച് എനിക്ക് ഒരു ഉറപ്പുപോരാ.",Fear
ആധുനിക സമൂഹത്തിൽ സ്ത്രീകളുടെ അവകാശങ്ങൾ എത്ര നീചമായാണ് ഹനിക്കുന്നത്!,Anger
"എന്റെ ടീം എന്നെ ഞെട്ടിച്ചു, കേട്ടോ! പ്ലാൻ ചെയ്ത ഡെലിവറി ഡേറ്റിന് രണ്ടാഴ്ച മുമ്പേ ഉൽപ്പന്നം നവീകരിച്ച്, വിതരണം ചെയ്യുകയും ചെയ്തു.",Surprise
മോശം പ്രകടനത്തിലും ചില നേതാക്കളുടെ ലാവിഷ് ആയ ബോണസുകൾ അരോചകമായി തോന്നുന്നു.,Disgust
"ഒരു യൂറോപ്യൻ ടൂർണമെന്റിൽ നൂറ് മീറ്റർ, ഇരുന്നൂറ് മീറ്റർ ഓട്ടങ്ങളിൽ ഇന്ത്യയുടെ അംലാൻ ബോർഗോഹെയ്ൻ വിജയിച്ചു. കഴിഞ്ഞ കുറച്ച് പതിറ്റാണ്ടുകാളിൽ യൂറോപ്പിൽ ഇങ്ങനെ ഇന്ത്യയുടെ വിജയം ഞാൻ കാണുന്നത് ഇതാദ്യാണ്.",Surprise
ഉറക്കെ മ്യൂസിക് കേട്ട് രാത്രി മുഴുവൻ ഞാൻ ക്ലബ്ബിൽ നൃത്തം ചെയ്തു. വളരെ നല്ലൊരു അനുഭവമായിരുന്നു അത്.,Happiness
റൂം സർവീസിനായുള്ള എന്റെ റിക്വസ്റ്റ് ശരിയായി നടന്നിട്ടുണ്ടോ എന്നതിനെക്കുറിച്ച് എനിക്ക് നല്ല ആശങ്കയുണ്ട് . ഞാനിപ്പോൾ ഹോട്ടലിൽ വന്നിട്ട് എട്ട് മണിക്കൂർ ആയി.,Fear
സൈക്കിൾ വിൽപ്പനക്കാരൻ എന്റെ ബജറ്റിനപ്പുറത്തുള്ള സൈക്കിളുകൾ കാണിക്കുന്നത് തുടർന്നപ്പോൾ എനിക്ക് ദേഷ്യം വന്നു .,Anger
കഴിഞ്ഞ കുറച്ച് ദിവസങ്ങളായി നീ പഠിക്കാൻ വളരെയധികം പരിശ്രമിക്കുന്നുണ്ടല്ലോ . പരീക്ഷയ്ക്കിടെ നിനക്ക് എന്ത് പറ്റി ?,Surprise
ഓഫീസിലെ ചില സ്ഥലങ്ങൾ നല്ലപോലെ വൃത്തിയായി സൂക്ഷിക്കാൻ ആവശ്യമായ ശ്രദ്ധ ലഭിക്കുന്നില്ല എന്നത് മഹാകഷ്ടം തന്നെയാണ്.,Sadness
എട്ട് വർഷങ്ങൾക്കു ശേഷം കഴിഞ്ഞ ദിവസം സ്കൂളിൽ പോയപ്പോ എനിക്ക് വല്ലാത്ത വിങ്ങലായിരുന്നു.,Sadness
ക്ലാസിലെ എന്റെ മകന്റെ പെരുമാറ്റത്തെക്കുറിച്ച് മാത്രം മ്യൂസിക് ട്യൂട്ടർ എന്നോട് പരാതിപ്പെട്ടപ്പോൾ എനിക്ക് കടുത്ത നിരാശ തോന്നി.,Sadness
മികച്ച ഇലക്ട്രിക്കൽ ഫിറ്റിംഗുകളും കൂടെ ഫ്ലെക്സിബിൾ റിട്ടേൺ പോളിസികളും ഉള്ള ഒരു സ്റ്റോർ കണ്ടെത്താൻ കഴിയാത്തതുകൊണ്ട് ഞാനും എന്റെ കുടുംബവും അസ്വസ്ഥരാണ്.,Sadness
"ഗ്യാസ് സിലിണ്ടറിന്റെ വില ഇങ്ങനെ കൂടുന്നത് എന്ത് കഷ്ടാ. ഇത് എന്റെ ബജറ്റിനെ ബാധിക്കുന്നു, എന്ത് ചെയ്യുമെന്ന് ഒരെത്തും പിടീം കിട്ടുന്നില്ല.",Sadness
ചെലവേറിയ ഈ ഗൈഡഡ് ടൂറുകളും. ടൂർ ഓപ്പറേറ്റർമാർ ചൂഷണം ചെയ്യുന്ന രീതിയും എനിക്ക് വിശ്വസിക്കാൻ കഴിയുന്നില്ല.,Disgust
വിമാനത്തിൽ എന്റെ സീറ്റിൽ നിരവധി തവണ ചവിട്ടിയതിനുശേഷം യാത്രക്കാരൻ മാപ്പ് പറയുന്നത് കേൾക്കുന്നത് എത്ര സുഖം!,Happiness
സെൻട്രൽ ബാങ്കിന്റെ പലിശനിരക്കിന്റെ തീരുമാനത്തെ ചുറ്റിപ്പറ്റിയുള്ള അനിശ്ചിതത്വം എന്ന് മാറും?,Fear
ഇന്ത്യയിൽ ഡ്രൈവിംഗ് ലൈസൻസ് എടുക്കാൻ പോകാത്തതിൽ ഞാൻ ഖേദിക്കുന്നു. അങ്ങനെ ചെയ്തിരുന്നെങ്കിൽ ഫാമിലി കാറിൽ കറങ്ങാനുള്ള സ്വാതന്ത്ര്യം എനിക്ക് കിട്ടുമായിരുന്നു.,Sadness
നല്ല ജ്യൂസി ആയ ഒരു തണ്ണിമത്തന്റെ വലിയ കഷ്ണം കടിച്ചപ്പോൾ എനിക്ക് നല്ല ഇഷ്ടമായി.,Happiness
"കഴിഞ്ഞ മൂന്ന് തവണയും എനിക്ക് വേണ്ടതൊന്നും നിങ്ങളുടെ അടുത്തില്ലായിരുന്നു ,നാളെ ഞായറാഴ്ച നിങ്ങൾക്ക് അവധിയുമാണ്.",Disgust
ഏലിയൻ എന്ന സിനിമ കാണുമ്പോഴെല്ലാം എനിക്ക് പേടി തോന്നും. അത്തരമൊരു ജീവജാലത്തിന് നമ്മെ കീഴടക്കാൻ കഴിയുമോ എന്ന് എനിക്ക് ആശങ്കയുണ്ട്.,Fear
"എനിക്ക് സ്പോട്സ് ഇഷ്ടായോണ്ട്, എന്റെ പാരന്റ്സ് എന്നെ കളി നിർബന്ധമാക്കിയ ഒരു സ്കൂളിലാ ചേർത്തത്.",Happiness
"അവളെ കളിയാക്കണ്ട. അവൾ നമ്മടെ ക്ലാസ് ടീച്ചറോട് പരാതി പറയും, അപ്പൊ നമ്മളെ പ്രിൻസിപ്പലിന്റെ അടുത്തേക്ക് കൊണ്ട് പോകും.",Fear
പ്രസംഗത്തിനിടയിൽ സംഘാടകർ മൈക്ക് സ്വിച്ച് ഓഫ് ചെയ്തപ്പോൾ ഞാൻ ഞെട്ടിപ്പോയി.,Surprise
ദയവായി എന്നെ ഗോഡൗണിലേക്ക് അയയ്ക്കരുതേ . അവിടെ ആകെ ഇരുട്ടാണ്.,Fear
ഈ ക്യാമറയ്ക്ക് ഇത്രയധികം ഊഷ്മളമായ നിറങ്ങൾ എങ്ങനെയാ പകർത്താൻ കഴിയുന്നതെന്ന് ഞാൻ ആശ്ചര്യപ്പെടുന്നു!,Surprise
എന്റെ ബാഗിൽ ഒരു പല്ലി. ഞാൻ എന്താ ചെയ്യണ്ടത് ?,Fear
എന്റെ കാർ മാറ്റുന്നതിനേക്കാൾ നല്ലത് റിപ്പയർ ചെയ്യുകയാണെന്ന് മെക്കാനിക് പറഞ്ഞപ്പോ ഞാൻ ഞെട്ടിപ്പോയി. അത് കേട്ടപ്പോ നല്ല ആശ്വാസം തോന്നി.,Surprise
"ഹോ അടുക്കളയിലെ കാബിനെറ്റുകളെല്ലാം പൊട്ടിച്ചിട്ടേക്കുന്നു, ഞാൻ പുതുക്കിപ്പണിയാനാ കാശ് കൊടുത്തേ, അല്ലാതെ ഇങ്ങനെയുള്ള മോശമായ കൊത്തു പണിക്കൊന്നുമല്ല.",Anger
ഒരു മണിക്കൂറിനുള്ളിൽ ആരെങ്കിലും കത്ത് കൊണ്ടുവരുമെന്ന് നിങ്ങളെ സന്തോഷത്തോടെ അറിയിക്കുന്നു.,Happiness
പല വിദ്യാർത്ഥികളും കാര്യങ്ങൾ മനസ്സിലാക്കാതെ കാണാപ്പാഠം പഠിച്ച് ഉത്തരങ്ങൾ എഴുതുന്നത് കാണുമ്പോ കഷ്ടം തോന്നും .,Sadness
"ആ ചാനലിലെ ടോക്ക് ഷോ ഹോസ്റ്റുകൾ ഭയങ്കര പക്ഷപാതത്തോടെയാണ് പരിപാടി അവതരിപ്പിക്കുന്നത്, നിഷ്പക്ഷമായ ഒരു പരിപാടിയും അവരിൽ നിന്ന് ഞാൻ ഇതുവരെ കണ്ടിട്ടില്ല.",Disgust
"നിങ്ങളുടെ ജ്വല്ലറി ഡിസൈനർമാർക്ക് ഈ മോതിരത്തിന്റെ ഡിസൈനിൽ ആധികാരികതയും, ചാരുതയും യോജിപ്പിക്കാൻ കഴിഞ്ഞത് എന്നെ ശരിക്കും അത്ഭുതപ്പെടുത്തുന്നു.",Surprise
ക്യാബ് ഡ്രൈവർ ബാംഗ്ലൂരിലെ ട്രാഫിക് കൈകാര്യം ചെയ്ത രീതി കണ്ട് ഞാൻ ഞെട്ടിപ്പോയി .,Surprise
ആനുവൽ ഫീസ് അടയ്ക്കുന്നതിന് മുമ്പ് എ.സി.ടി. ബ്രോഡ്ബാൻഡ് കണക്ഷന്റെ ക്വാളിറ്റിയെക്കുറിച്ച് ഒരിക്കലെങ്കിലും നിന്നോട് ചോദിച്ചാൽ മതിയായിരുന്നു .,Sadness
നിങ്ങൾ പുറത്തുപോകാനും നിങ്ങളുടെ ഉത്തരവാദിത്തങ്ങൾ ഉപേക്ഷിക്കാനും പോവാണോ? ഇത് മോശമാണ്.,Anger
ശുചീകരണ നിർദ്ദേശങ്ങളിൽ സൂപ്പർവൈസർ കാണിച്ച അതീവ ശ്രദ്ധ എന്നെ അമ്പരപ്പിച്ചു. ആ ഓഫീസ് ഒരിക്കലും ഇത്ര വൃത്തിയായി തോന്നിയിട്ടില്ല!.,Surprise
"വളരെ നന്ദി, ഡോക്ടർ! എനിക്ക് ഇപ്പോൾ വളരെ ഭേദം തോന്നുന്നുണ്ട്. നിങ്ങളുടെ സഹായം എനിക്ക് വളരെ വലുതാണ്.",Happiness
"സമയനിഷ്ഠയുടെയും സമർത്ഥമായ ഷെഡ്യൂളിംഗിന്റെയും പ്രാധാന്യം ഞാൻ വളരെ വ്യക്തമായി ഊന്നിപ്പറഞ്ഞതാണ് , എന്നിട്ടും മുറികൾ ഇങ്ങനെ വൃത്തിയില്ലാത്ത കാണുമ്പോൾ എനിക്ക് വളരെ നിരാശ തോന്നുന്നു !",Anger
ഊഹ്! സിനിമയിലെ സീനുകൾ എനിക്ക് വളരെ അസ്വസ്ഥതയുണ്ടാക്കുന്നു.,Disgust
സിനിമ ഹാളിലെ പ്രേക്ഷകർ വൈകി വന്ന് അവരുടെ സീറ്റും തിരഞ്ഞ് മുന്നിൽ നിൽക്കുമ്പോ ശരിക്കും ദേഷ്യം വരും.,Anger
ചിലപ്പോ മൊബൈലിലെ ഇന്റർനെറ്റ് ബാങ്കിങ്ങിന് യു.പി.ഐ.യേക്കാൾ സ്പീഡ് ഉണ്ടെന്ന് നിങ്ങൾക്കറിയൊ ?,Surprise
"ഹേയ്, കൊള്ളാം! നീ ഈ നിറത്തിലുള്ള ഒരു ബൈക്ക് വാങ്ങുമെന്ന് ഞാൻ ഒരിക്കലും വിചാരിച്ചിരുന്നില്ല.",Surprise
"ബഫെ റെസ്റ്റോറന്റിന്റെ സേവനം അതിശയകരമായിരുന്നു, അത് എന്റെ പ്രതീക്ഷകൾക്കപ്പുറമായിരുന്നു!",Surprise
ഇത് പത്താം തവണയാണ് ഞാൻ നിങ്ങളുടെ അടുത്തേക്ക് വരുന്നത്. വീണ്ടും എന്റെ റൂമിന്റെ കീ വർക്ക് ചെയ്യുന്നില്ല . എന്താണപ്പാ ഇത്?,Anger
ഈ ബുക്കുകൾക്ക് എന്തിനാണ് ഇത്രയും പൈസ ഈടാക്കുന്നത്? ഇത് പഴയതോ അതോ പുതിയതോ?,Anger
യേ! എന്റെ ലാപ്ടോപ്പിൽ സിനിമകൾ കാണുന്നത് എനിക്ക് ഇഷ്ടമല്ല. അത്രയ്ക്ക് ചെറിയ സ്ക്രീനാ ഇത്.,Disgust
ഇപ്പോൾ കുറച്ച് ഓപ്ഷനുകൾ മാത്രമേയുള്ളൂ. മുൻകൂട്ടി ഡിസൈൻ ചെയ്ത ലഭ്യമായ ഓപ്ഷനുകളിൽ നിന്ന് ഒരെണ്ണം തിരഞ്ഞെടുക്കേണ്ടി വരും.,Sadness
നാട്ടിൻപുറത്തെ മ്യൂസിയത്തിലെ പ്രദർശനങ്ങൾക്കൊന്നും ഇംഗ്ലീഷ് വിവർത്തനങ്ങളില്ലാത്തത് ഭയങ്കര നഷ്ടമാണ്.,Sadness
"നമ്മൾ ഒരു മാസം വൈകി തുടങ്ങിയത് ഓർക്കുമ്പോൾ, നമ്മൾ സമയത്തിന് മുമ്പ് തന്നെ പൂർത്തിയാക്കുമെന്ന് ഞാൻ വിചാരിച്ചിരുന്നില്ല .",Surprise
പുരാതന കൈലാസ ക്ഷേത്ര സമുച്ചയത്തിന്റെ വലിപ്പം കണ്ട് ഞാൻ ഞെട്ടി.,Surprise
യു.എസ്സിലേക്കുള്ള യാത്രാനുമതി ആവശ്യമുള്ളതിനാൽ ദുബായിൽ എന്റെ മകന് ബോഡിംഗ് പാസ് നിഷേധിച്ചപ്പോൾ ഞാൻ ഞെട്ടിപ്പോയി.,Surprise
സൈക്കിൾ സ്റ്റോറിൽ കയറി അഞ്ച് മിനിറ്റിനുള്ളിൽത്തന്നെ എന്റെ ബജറ്റിനുള്ളിൽ ഇത്രയും നല്ല ഒരു ബൈക്ക് കണ്ടെത്തുമെന്ന് ഞാൻ പ്രതീക്ഷിച്ചിരുന്നില്ല.,Surprise
"ഈ വീക്കെൻഡിൽ എന്റെ അതിഥികൾക്കായി കുറച്ച് എക്സ്ട്രാ ന്യൂസ് പേപ്പർ കിട്ടുമെന്ന് ഞാൻ പ്രതീക്ഷിച്ചിരുന്നു, എന്നാൽ നിങ്ങൾ പുറത്തായതിനാൽ ഇപ്പോൾ അത് നടക്കില്ലെന്ന് തോന്നുന്നു.",Sadness
"ഈ ഹോട്ടലിന്റെ മെനുവിൽ വെറൈറ്റി ഒന്നുമില്ലാല്ലാത്തതുകൊണ്ട് ഞാൻ നിരാശനാണ്, ഇവിടെ ഒരു പതിറ്റാണ്ടിലേറെയായി ഇത് ഒക്കെ തന്നെയാണ്.",Disgust
അദ്ദേഹത്തിന്റെ ആയുസ്സ് കുറച്ച് ദിവസങ്ങൾ കൂടി മാത്രമേ ഉള്ളൂന്ന് ഡോക്ടർ പറഞ്ഞു.,Sadness
"എനിക്ക് ഗ്യാസിന്റെ മണം വന്നു , അത് നോക്കാൻ ലൈറ്റ് സ്വിച്ച് ഓണാക്കാൻ എനിക്ക് പേടിയായി . ഒരു പൊട്ടിത്തെറിക്കുള്ള റിസ്ക് ഉണ്ട്.",Fear
"എന്റെ ജീവിതത്തിലുടനീളം നോർമണ്ടി ബീച്ചുകൾ കാണാൻ ഞാൻ ആഗ്രഹിച്ചിരുന്നു, പക്ഷേ നിങ്ങൾക്ക് തരാൻ എന്റെ കൈയിൽ പൈസ ഇല്ലാ.",Sadness
എന്റെ ബിസിനസ്സിലെ തിരിച്ചടികൾ എന്നെ വല്ലാതെ വിഷമിപ്പിച്ചു.,Sadness
ഞാൻ അബദ്ധത്തിൽ തള്ളിയപ്പോ അമ്മൂമ്മ വീണു പോയതിന് ഇത്ര പ്രശ്നമുണ്ടാക്കണോ?,Anger
അവർ വാഷിംഗ് മെഷീന്റെ മോട്ടോറിന് ലൈഫ്ടൈം വാറന്റി നല്കുന്നുവെന്ന് എനിക്ക് വിശ്വസിക്കാൻ പറ്റുന്നില്ല.,Surprise
ബാങ്കിൽ നിന്നാണെന്ന് പറഞ്ഞ് സാമ്പത്തിക ഇടപാട് നടത്താൻ എന്നോട് ഒ.ടി.പി. ആവശ്യപ്പെട്ട് വിളിച്ച ആളെപ്പറ്റി എനിക്ക് ആശങ്കയുണ്ട്.,Fear
ഇരുപത് രൂപ കുറയ്ക്കാൻ വേണ്ടി ഒരു പാവപ്പെട്ട കച്ചവടക്കാരനോട് വിലപേശരുതപ്പാ.,Anger
എല്ലാ വിവരങ്ങളും നൽകാതെ ടെക്നിക്കൽ വൈറ്റ് പേപ്പർ പൂർത്തിയാക്കുമെന്ന് അവർ പ്രതീക്ഷിക്കുമെന്ന് ഞാൻ വിചാരിച്ചിരുന്നേയില്ല.,Surprise
"എനിക്ക് ശേഷം ആദ്യം വന്ന ആളുകൾക്ക് റെസ്റ്റോറന്റ് സർവീസ് കൊടുത്തു , അത് എന്നെ വല്ലാതെ ദേഷ്യം പിടിപ്പിച്ചു .",Anger
എന്റെ പുതിയ വീട്ടിൽ നല്ല രീതിയിൽ വിനോദം ആസ്വദിക്കാൻ സാംസങ്ങിന്റെ ഒരു പുതിയ ടിവി വാങ്ങുന്നതിൽ ഞാൻ നല്ല ആവേശത്തിലാണ്.,Happiness
നമുക്ക് നേരെ ചോവ്വേ പണിയെടുക്കാൻ കഴിയാത്ത മോശം ഉപകരണങ്ങൾ ഉപയോഗിച്ച് വയലുകളിൽ എന്തെങ്കിലും ജോലി ചെയ്യാൻ ശ്രമിക്കുമ്പോഴുണ്ടാകുന്ന അസ്വസ്ഥത പറഞ്ഞറിയിക്കാൻ പറ്റില്ല .,Anger
ഈ ഇന്റർനെറ്റ് കണക്ഷൻ ഇത്ര സ്പീഡ് കുറവാണെന്ന് നിങ്ങൾക്ക് വിശ്വസിക്കാൻ കഴിയുമോ? അത് എന്നെ ഭ്രാന്ത് പിടിപ്പിക്കുന്നു !,Anger
"അർദ്ധരാത്രിയിൽ ഒറ്റയ്ക്ക് ബേസ്മെന്റിലേക്ക് പോകാനോ, അയ്യോ!",Fear
ബ്രൊക്കോളി ആരോഗ്യത്തിന് നല്ലതാണെന്ന് പറയുന്നുണ്ടെങ്കിലും അതിന്റെ രുചി എനിക്ക് അങ്ങോട്ട് തീരെ പിടിക്കുന്നില്ല.,Disgust
"ആരോ എന്റെ നെഞ്ചത്ത് ഒരു ഭാരം വെച്ചതുപോലെ എനിക്ക് തോന്നി, എന്റെ അച്ഛന്റെ മരണവാർത്ത കേട്ടപ്പോ, എനിക്ക് ശ്വാസം എടുക്കാൻ കഴിഞ്ഞില്ല.",Sadness
ശ്ശോ! ഈ മാസം ആദ്യംതന്നെ എനിക്കെന്റെ സ്റ്റൈപ്പൻഡ് കിട്ടി!,Surprise
കനത്ത മഴയിൽ കുറച്ച് മാത്രം മുന്നോട്ട് കാണുന്ന മലമുകളിൽ അതിവേഗ ട്രാഫിക്കിൽ വണ്ടിയോടിക്കുമ്പോ എനിക്ക് നല്ല ടെൻഷനുണ്ടായി.,Fear
കൂടുതൽ ഗുളികകൾ സ്റ്റോക്കിലില്ലെന്ന് അവർ പറഞ്ഞു. നമുക്ക് രണ്ട് ദിവസം കൂടി കാത്തിരിക്കേണ്ടി വരും .,Sadness
ഭൂവുടമയോട് തിരിച്ച് ഒച്ചയിടരുത്. അയാൾക്ക് നമ്മളെ ഇവിടെന്ന് പുറത്താക്കാൻ പറ്റും.,Fear
നമുക്ക് ഇന്റേണ്സ് ഉള്ളപ്പോൾ ഇതാണ് സംഭവിക്കുന്നത്. നിങ്ങൾ ഫ്ലൈറ്റിൽ കയറുമ്പോൾ ഒരാള് മറ്റൊരാളുടെ ലഗേജിന് പകരം നിങ്ങളുടെ ലഗേജാ ഇറക്കിയേ.,Disgust
"ഈ എ.ടി.എയിൽ ഒരിക്കലും തിരക്ക് ഉണ്ടാവാറില്ല , ഞാൻ ഇവിടെ വരുമ്പോ എനിയ്ക്ക് ഒരിക്കലും വെയിറ്റ് ചെയ്യേണ്ടി വരാറില്ല.",Surprise
"ഞങ്ങളുടെ സംരഭത്തിൻ്റെ ഏറ്റവും പ്രധാനപ്പെട്ട ഒരു സ്ട്രാറ്റജി മീറ്റിങ് ആയിരുന്നു, എന്നിട്ടും സീനിയർ ടീം മീറ്റിങ്ങിന് വരാതിരുന്നപ്പോൾ ഞാൻ നല്ലവണ്ണം ചൂടായി.",Anger
കള്ളന്മാരെ പിടിച്ചു കഴിഞ്ഞിരുന്നെങ്കിൽ കഴിഞ്ഞ അരമണിക്കൂറോളം സി.സി.ടി.വി. ക്യാമറയെക്കുറിച്ചുള്ള ചോദ്യങ്ങൾ ചോദിച്ച് നിങ്ങൾ എന്തിനാണ് എന്നെ ബുദ്ധിമുട്ടിച്ചത്?,Anger
എന്റെ ടീമിലെ ഒരാളെ പുറത്താക്കിയതായി പറയാൻ എന്നോട് ആവശ്യപ്പെട്ടിരിക്കുകാ.,Sadness
ദിവസം അവസാനിക്കുമ്പോ എത്ര അഡ്മിനിസ്ട്രേറ്റീവ് ജോലികളാ കംപ്ലീറ്റ് ആക്കാൻ ഉള്ളെ.,Fear
"പ്രിലിമിനറീസിൽ ജയിച്ചിട്ടേ, ഫൈനൽ പരീക്ഷയിൽ മറ്റൊരു വിദ്യാർത്ഥിയോട് ഒന്നാം സ്ഥാനം നഷ്ടപ്പെട്ടപ്പോ, ഞാൻ അമ്പരന്നുപോയി.",Surprise
ഹോസ്പിറ്റലിലെ ശസ്ത്രക്രിയയുടെ കൂടുതൽ ചെലവുകൾ എന്റെ ഇൻഷുറൻസ് വഹിക്കുമെന്നാണ് ഞാൻ വിചാരിച്ചത് . ബില്ലുകൾ കുമിഞ്ഞുകൂടുന്നത് കാണുമ്പോൾ ആകെ സങ്കടം തോന്നുന്നു.,Sadness
"കുറച്ച് നല്ല ഡ്രസ്സ് കഴുകാനുണ്ടായിരുന്നു, പക്ഷേ എന്റെ ഹോട്ടൽ അലക്കുന്ന കാര്യം ഒന്നും പറയുന്നില്ല, ഇനി എന്ത് ചെയ്യും?",Sadness
ബോഡി റിപ്പയർ എനിക്ക് താങ്ങാനാവുന്നതാണെന്ന് വിശ്വസിക്കാൻ കഴിയുന്നില്ല! ബമ്പറിന്റെ കേടുപാടുകൾ കണക്കിലെടുത്ത് വലിയ എസ്റ്റിമേറ്റാണ് ഞാന് കരുതിയേ.,Surprise
ചരിത്രസ്മാരകങ്ങളുടെ ഭിത്തിയെല്ലാം ആളുകൾ വികൃതമാക്കുന്നത് സഹിക്കാനാവുന്നില്ല.,Sadness
ഭയങ്കര അലർജി ഉണ്ടാക്കുന്ന സിന്തറ്റിക് വസ്ത്രങ്ങൾ എനിക്ക് തീരെ പറ്റില്ല.,Fear
നിങ്ങളുടെ ഓൺലൈൻ ഉൽപ്പന്നത്തിന്റെ വിവരണങ്ങൾ തെറ്റിദ്ധരിപ്പിക്കുന്നതാ. കൂടാതെ തെറ്റുമാണ്.,Anger
എന്റെ കാർ കഴുകിയതിൽ എനിക്ക് തീരെ സംതൃപ്തിയില്ല.,Sadness
ബ്രോക്കർ എനിക്ക് കാണിച്ചുതന്ന എല്ലാ ഓപ്ഷനുകളും വളർത്തുമൃഗങ്ങളെ അനുവദിക്കില്ല എന്നത് നിരാശാജനകമാണ്. എന്റെ ആവശ്യങ്ങൾ പറഞ്ഞത് അയാൾ കേട്ടോ എന്ന് പോലും എനിക്ക് ഉറപ്പില്ല.,Anger
മാനേജർ അവരുടെ പണവുമായി അപ്രത്യക്ഷനായെന്ന വാർത്ത കസ്റ്റമേഴ്സ് അറിഞ്ഞപ്പോ ഞാൻ ചിറ്റ് ഫണ്ട് ഓഫീസിന് പുറത്ത് നോക്കിനിൽക്കുകയായിരുന്നു.,Sadness
"മൊബൈൽ ഫോൺ ഇടയ്ക്കിടെ ചാർജ് ചെയ്യരുത്, അത് ബാറ്ററി കേടാക്കും .",Fear
"ഒരു രോഗിയെന്ന നിലയിൽ, ഹെൽത്ത് സെന്ററിൽ താമസിക്കുമ്പോൾ കൂടുതൽ സഹായവും, മെച്ചപ്പെട്ട സൗകര്യങ്ങളും ഞാൻ പ്രതീക്ഷിച്ചിരുന്നു, അവിടത്തെ പരിമിതികൾ കാണുമ്പോ കഷ്ടം തോന്നും.",Sadness
കിട്ടിപ്പോയ്! വളരെക്കാലമായി ഞാൻ തിരയുന്ന ബുക്കാണിത്. ഇതിന് എത്ര രൂപയാ ?,Surprise
"ഞാൻ പല ഗോളുകളും സ്കോർ ചെയ്യുന്നത് തടഞ്ഞതാ ,എന്നിട്ടും, എന്റെ കഠിനാധ്വാനത്തിന് ഫലമില്ലാതെ മറ്റേ ടീം വിജയിച്ചു.",Sadness
അഞ്ച് വർഷം മുമ്പത്തെ ഇൻകം ടാക്സ് അടയ്ക്കാൻ ആവശ്യപ്പെട്ടുകൊണ്ട് ഒരു കത്ത് കിട്ടിയപ്പോ ഞാൻ ആകെ ഞെട്ടിപ്പോയി.,Fear
ഗ്യാസ് സിലിണ്ടർ ഇൻവോയിസിൽ എന്തിനുവേണ്ടിയാണെന്ന് വിശദീകരിക്കാത്ത ഒരു ഹിഡൻ ചാർജ് കാണുമ്പോൾ എനിക്ക് ദേഷ്യമുണ്ട്.,Anger
പുതിയ റെസ്റ്റോറന്റിലെ ഷെഫ് എന്റെ പ്രിയപ്പെട്ട വിഭവവുമായി എന്റെ അടുത്ത് വന്നപ്പോ എനിക്ക് വലിയ സന്തോഷമായി,Happiness
നിങ്ങളുടെ വരുമാന രേഖകളിലെ കണക്കുകൾ ആശങ്കാജനകമാണ് കേട്ടോ.,Fear
മാർക്കറ്റിന്റെ അവസ്ഥയെക്കുറിച്ച് എനിക്ക് നല്ല ആശങ്കയുണ്ട്. കാര്യങ്ങൾ കൂടുതൽ വഷളായാ എന്ത് ചെയ്യാ ?,Fear
"ചില രാജ്യങ്ങളിൽ പോയാൽ അവിടുത്തെ ഹോട്ടൽ മെനുവിലൊക്കെ ഉണ്ടാകും കുറേ പ്രാണി വിഭവങ്ങൾ, അതൊക്കെ കണ്ടാൽ ഛർദിക്കാൻ തോന്നും.",Disgust
"നിങ്ങളുടെ കൂടുതൽ പൈസയും ,മോശം സർവീസും കൊണ്ട് എനിക്ക് മതിയായതുകൊണ്ട് ഞാൻ വേറെ ഐ.എസ്.പി.കളിലെക്ക് മാറാൻ പോകുകയാണ്.",Anger
ഓ! ഓടാൻ പെട്രോൾ ആവശ്യമില്ലാത്ത പുതിയ ഹൈബ്രിഡ് കാറാണോ ഇത്?,Surprise
സിലിണ്ടർ മാറ്റിയപ്പോ ഗ്യാസ് ഏജൻസി ഞങ്ങളുടെ ഗ്യാസ് റേഞ്ചും ട്യൂബും ഫ്രീയായി ചെക്ക് ചെയ്തത് നന്നായി.,Happiness
"നടുകയും വിളവെടുക്കുകയും ചെയ്യുമ്പോ ഒരു പ്രത്യേക ഓക്കാനം ഉണ്ടാക്കുന്ന നാറ്റം ഉണ്ട്, എന്റെ ഉള്ളിൽ കടുത്ത വെറുപ്പാണ് അപ്പൊ.",Disgust
ആ ഗായകന്റെ ശബ്ദം അത്ര വൃത്തികെട്ടതാണ്. കേൾക്കാൻ ഒരു രസവുമില്ല .,Disgust
വൗ ! ഈ ആപ്പിളുകൾ ജപ്പാനിൽ നിന്നാണോ?,Surprise
"റൂം സർവീസിനായി വിളിച്ചപ്പോൾ ഞാൻ അമ്പരന്നു, അഞ്ച് മിനിറ്റിനുള്ളിൽ വരുമെന്ന് അവർ പറഞ്ഞു. ഒരു വലിയ ഹോട്ടലിൽ ഇത്രയും വേഗത്തിൽ കാര്യങ്ങൾ ചെയുന്നതിനോട് നല്ല മതിപ്പ് തോന്നുന്നു.",Surprise
"വീട്ടുമുറ്റത്ത് ഒരു ബാക്ക് യാർഡ് ഡെക്കും ,ഔട്ട്ഡോർ അടുക്കളയും ഉള്ള ഒരു വാടക റെസിഡൻഷ്യൽ പ്രോപ്പട്ടി കണ്ട് ഞാന് അമ്പരന്നു.",Surprise
"പുതിയ പ്രൊഡക്റ്റ് ലോഞ്ചിനായി ആപ്പിൾ സ്റ്റോറിന് പുറത്ത് വളരെ കുറച്ച് ആളുകളെ ഉണ്ടായിരുന്നുള്ളൂ, മുൻപൊക്കെ അവിടെ ഒരു പ്രൊഡക്റ്റ് ലോഞ്ച് ചെയ്യുമ്പോൾ ആയിരക്കണക്കിന് ആൾക്കാരാണ് ഉണ്ടായിരുന്നത്.",Surprise
ആ രാഷ്ട്രീയ നേതാവ് മരിക്കുകയും അദ്ദേഹത്തിന്റെ ഗുണ്ടകൾ സമ്മർദ്ദം ചെലുത്തുകയും ചെയ്തപ്പോൾ കടക്കാർ പേടിച്ചിട്ട് അവരുടെ എല്ലാ ഷട്ടറുകളും താഴ്ത്തി.,Fear
ഈ ക്ലയന്റിന്റെ പിടിവാശി വച്ച് ഈ പുതിയ പ്രൊജക്റ്റ് എന്താകുമോ എന്തോ!,Fear
ബോണസിൽ ഇരുന്നൂറ് ശതമാനം വർദ്ധനവ് ഉണ്ടെന്ന് വാർത്ത കേട്ട് അവരുടെ കണ്ണു തെളിഞ്ഞു.,Happiness
ഗുസ്തിയിൽ തന്റെ ശക്തനായ എതിരാളിയെ കാർത്തിക് പേടിയോടെ നോക്കി.,Fear
നിങ്ങടെ ഡാൻസ് സ്കൂളിൽ എന്റെ കുട്ടി പഠിക്കുന്നതിന്റെ ചെലവു താങ്ങാൻ എനിക്ക് കഴിയില്ലെന്ന് മനസ്സിലാക്കാൻ നിങ്ങൾക്ക് ഇത്ര ബുദ്ധിമുട്ടാണോ?,Disgust
പുതിയ സാമ്പത്തിക വിദ്യാഭ്യാസ സംരംഭങ്ങളുടെ വലിയ രീതിയിലുള്ള സ്വാധീനം എന്നെ ഞെട്ടിച്ചു.,Surprise
ലണ്ടനിലെ ഓയ്സ്റ്റർ ടിക്കറ്റ് മെട്രോയിലും ബസിലും യാത്ര ചെയ്യാൻ എന്നെ അനുവദിക്കുമെന്ന് എനിക്ക് അറിയില്ലായിരുന്നു.,Surprise
ജോലിക്കായി ഫ്രാൻസിൽ പോകുമ്പോ കുടുംബത്തെ വിട്ടുപോകുന്നതില് എനിക്ക് വിഷമമുണ്ട്.,Sadness
ആംസ്റ്റഡാമിൽ ഞാൻ പ്രതീക്ഷിച്ചതിലും കൂടുതൽ ഔട്ട്ഡോർ മാർക്കറ്റുകൾ ഉണ്ട്.,Surprise
എന്റെ മോഡുലാർ കിച്ചൺ ഓഡറിന് തെറ്റായ അളവുകൾ ഉപയോഗിച്ചത് ശ്രദ്ധയിൽപ്പെട്ടപ്പോൾ എനിക്ക് മനസ്സ് മടുത്തു.,Sadness
എന്റെ ജീവിതലക്ഷ്യത്തെ നയിക്കാൻ പ്രതീക്ഷയുടെ ഒരു തിളക്കത്തിനായി ഞാൻ വെറുതെ കാത്തിരിക്കുന്നു.,Sadness
"ശരി, നിങ്ങൾ ശരിയാണെന്ന് ഉറപ്പുണ്ടോ? ഇതിന്റെ മേൽ ഇനിയും സമയോ പണമോ പാഴാക്കാൻ എനിക്ക് വയ്യ.",Fear
ഈ റെന്റൽ പ്രോപ്പട്ടിയുടെ ഫ്ലോർ പ്ലാനിൽ ഒരു ബിൽറ്റ് ഇൻ ഹോം ഓഫീസ് കാണുന്നത് വളരെ ആശ്ചര്യമാണ്.,Surprise
കമ്പനിയുടെ ഈ വർഷത്തെ ഫിനാൻഷ്യൽ സ്റ്റേറ്റ്മെൻ്റ് ആകെ കുളമായി .,Anger
"ഇത്രയും മികച്ച റെസ്റ്റോറന്റ് സർവീസിൽ എനിക്ക് ഭയങ്കര അതിശയമായി, നല്ലൊരു ഡൈനിംഗ് അനുഭവം ഉറപ്പാക്കാൻ അവർ എല്ലാ കാര്യങ്ങളും വളരെ നന്നായി ചെയ്തു.",Surprise
"ഹലോ മാഡം, ഞാനാ ആദ്യം ഇവിടെ വന്നത്. ആ സീറ്റ് എന്റെയാ.",Anger
ഒരിക്കലുമില്ല ! ഈ ഗാഡ്ജെറ്റിന് റിമോട്ട് ആയി എന്റെ ലൈറ്റുകൾ ഓണാക്കാനും ഓഫാക്കാനും കഴിയുമെന്നൊ ?,Surprise
ഓരോന്ന് കേടുവരുത്തുമ്പോ നീ എപ്പോഴും ഒരോ ഒഴികഴിവു പറയാറുണ്ടല്ലോ. ഇപ്പോ എന്താ പറയാനുള്ളത് ?,Disgust
പ്രീതി! ഞങ്ങടെ അനിയത്തി ഈ വർഷം മിസ് വേൾഡ് ചാമ്പ്യൻഷിപ്പിലേക്ക് തിരഞ്ഞെടുക്കപ്പെട്ടു!,Surprise
എന്റെ ഡ്രൈവിംഗ് ഇൻസ്ട്രക്ടർ ഇനിയും പഠിക്കാന് പറഞ്ഞപ്പോ ഞാൻ അമ്പരന്നു.,Surprise
ഒരു പരീക്ഷയെക്കുറിച്ച് ചിന്തിക്കുമ്പോഴെല്ലാം എന്റെ ഹൃദയമിടിപ്പ് കൂടുന്നു.,Fear
ആ വഴുവഴുത്ത ഒച്ച് എന്റെ അടുത്തേക്ക് ഇഴഞ്ഞുവന്നു.,Disgust
ഈ അമ്യൂസ്മെന്റ് പാർക്കിൽ ശരിയായ ഒരു സുരക്ഷാ നടപടിയും ഇല്ല.,Disgust
റോഡിന്റെ ഇരുവശത്തും തുറന്ന അഴുക്കുചാലാ. അതിലൂടെ നടക്കുമ്പോ ഛർദ്ദിക്കാൻ വരും.,Disgust
എന്റെ മോഡുലാർ കിച്ചണു വേണ്ടി ആശാരി ഡിസൈൻ ചെയ്ത ഓപ്ഷനുകളിൽ എനിക്ക് ഭയങ്കര ത്രിൽ ആയിരുന്നു. അവ എനിക്ക് പെർഫെക്റ്റ് ആണ്!,Happiness
അമ്പത്തൂരിലെ ഞങ്ങളുടെ ലക്ഷ്യസ്ഥാനത്തെ കുറിച്ച് ക്യാബ് ഡ്രൈവർക്ക് ഇത്ര ശക്തമായ വൈമനസ്യം ഉണ്ടാകുമെന്ന് ഞാൻ പ്രതീക്ഷിച്ചിരുന്നില്ല.,Surprise
ഒരു ക്രെഡിറ്റ് കാർഡെടുത്ത് എത്ര പെട്ടെന്നാണ് ഈ ആളുകൾ കടത്തിൽ മുങ്ങുന്നത്.,Surprise
എന്‍റെ സെക്കൻഡ് ഹാൻഡ് പുസ്തകത്തിന് പുസ്തക വിൽപ്പനക്കാരൻ  ന്യായമായ വില നൽകുമോ എന്തോ!,Fear
"ഇവന്‍റ് മാനേജർ വാഗ്ദാനം ചെയ്യുന്ന വിവിധ സേവനങ്ങൾ എന്നെ സത്യസന്ധമായി അമ്പരപ്പിക്കുന്നു പ്ലാനിങ് മുതൽ എക്‌സിക്യുഷൻ  വരെ,  എല്ലാം അതിൽ ഉൾക്കൊള്ളുന്നതായി തോന്നുന്നു!",Surprise
"നിങ്ങൾക്കറിയാമോ, ഞാൻ വർഷങ്ങളായി വിശ്വസ്തനായ കസ്റ്റമര്‍ ആണ്, എന്നിട്ടും പേപ്പര്‍ തരാന്‍ എനിക്ക് പലതവണ ചോദിക്കേണ്ടി വന്നു. ഇത് മര്യാദകേടാ.",Anger
കാർ കഴുകുന്ന സമയത്ത് എന്‍റെ സാധനങ്ങള്‍ക്ക് കേടുപാടു പറ്റുമോ എന്തോ!,Fear
ഇന്ത്യയിൽ വണ്ടിയോടിച്ചതിന് ശേഷം അമേരിക്കയിൽ വണ്ടിയോടിക്കുന്നതിനെക്കുറിച്ച് എനിക്ക്  അത്ര ഉറപ്പില്ല. എനിക്ക് അത് കൈകാര്യം ചെയ്യാൻ കഴിയുമോ ആവോ.,Fear
ഇത് ധാരാളം പരിക്കുകളൊക്കെ പറ്റാൻ സാധ്യതയുള്ള   ഒരു പരുക്കൻ കളിയായി മാറുമെന്നാ തോന്നണേ.,Fear
അടിസ്ഥാന സൗകര്യങ്ങളിൽ നിക്ഷേപം നടത്താൻ ഈ  സർക്കാരിന് ഒരു താല്പര്യവും ഇല്ലാത്തതെന്താ?,Anger
"എന്‍റെ വീഡിയോയ്ക്ക് ഒരു കാരണവുമില്ലാതെ കോപ്പി റൈറ്റ് പ്രശ്നം ഉണ്ടായി . മുഴുവൻ വീഡിയോയും ഞാൻ തന്നെയാ റെക്കോർഡ് ചെയ്തത്, എന്നിട്ടാ ഇങ്ങനെ.",Anger
തക്കാളിക്കൊക്കെ ഇപ്പോൾ നല്ല ഡിമാൻഡ് അല്ലേ; മാർക്കറ്റിലേക്കുള്ള വഴിയിൽ ആരെങ്കിലും കൊള്ളയടിക്കുമോ എന്നാണ് എൻ്റെ ടെൻഷൻ.,Fear
ഇന്നലെ ഞാൻ എന്‍റെ ആദ്യത്തെ പെയിന്‍റിംഗ് മൂവായിരത്തി അറുന്നൂറ്  രൂപയ്ക്ക് വിറ്റു. എന്‍റെ പെയിന്‍റിംഗ് ഇഷ്ടമാണെന്ന് അത് വാങ്ങിയ ആൾ പറഞ്ഞു!,Happiness
"ഈ എ.ടി.എ.മ്മിൽ   ഒരിക്കലും തിരക്ക്  ഉണ്ടാവാറില്ല , ഞാൻ ഇവിടെ വരുമ്പോ എനിയ്ക്ക് ഒരിക്കലും വെയിറ്റ് ചെയ്യേണ്ടി വരാറില്ല.",Surprise
എന്താ കഴിഞ്ഞ രണ്ട് മാസായിട്ട്  നിങ്ങൾ വാടക അടയ്ക്കാത്തത്? കാര്യം പറ.,Anger
എന്‍റെ മകന് കോളേജിലേക്ക് മടക്കിക്കൊണ്ടുപോകാൻ കഴിയുന്ന ഒരു സൈക്കിൾ വാങ്ങുന്നതിൽ  ഞാൻ ആവേശത്തിലായിരുന്നു.,Happiness
ഈ സ്മാർട്ട് ഹോം സെക്യൂരിറ്റി സിസ്റ്റത്തിന്  ഫേഷ്യൽ റെക്കഗ്നിഷൻ ഉണ്ടാകുമെന്ന് ഞാൻ പ്രതീക്ഷിച്ചിരുന്നില്ല. അത് ആകർഷകമാണ്!,Surprise
"എന്‍റെ കടയുടെ പരിസരം അത്ര ശരിയല്ല, മോഷണം പോകുമോന്നെനിക്ക് പേടിണ്ട്.",Fear
എന്‍റെ മാതാപിതാക്കൾ എനിക്കുവേണ്ടി ചെയ്ത എല്ലാത്തിനും ഞാൻ വളരെ നന്ദിയുള്ളവളാണ്. എന്തുതന്നെയായാലും അവർ എല്ലായ്പ്പോഴും എന്‍റെ കൂടെ ഉണ്ടാവും.,Happiness
കരാർ പ്രകാരം ക്ലീനിംഗ് സ്റ്റാഫുകൾക്ക് പേറോൾ ടീം പ്രതിഫലം നൽകാതിരിക്കുകയോ കുറച്ച് പണം നൽകുകയോ ചെയ്യുന്നത് എന്നെ ഭ്രാന്തു പിടിപ്പിക്കുന്നു.,Anger
മൈലാപ്പൂർ മെസ്സിലെ പൊങ്കലിന്‍റെ രുചി ശരിക്കും എന്‍റെ പ്രതീക്ഷകൾക്കപ്പുറമായിരുന്നു. അത് എന്തൊരു രുചി ആയിരുന്നു.,Happiness
വിദ്യാർത്ഥികളോടുള്ള അദ്ധ്യാപകന്‍റെ ഗൗരവമില്ലാത്ത പെരുമാറ്റം  ശരിക്കും മോശം തന്നെയാണ്.,Disgust
"എന്‍റെ കുട്ടി ശ്രദ്ധയുള്ളവനാണ്, അപ്പോ ഒരു പെര്‍ഫോമന്‍സില്‍ അവൻ സ്റ്റേജില്‍ അസ്വസ്ഥനാകുന്നത് കണ്ട് ഞാൻ അമ്പരന്നു.",Surprise
"ഞാൻ സ്റ്റുഡന്‍റ് കൗൺസിലിനോട് സംസാരിക്കുമ്പോൾ നിനക്ക്  എന്നെ സപ്പോർട്ട്  ചെയ്യാൻ കഴിയുന്നില്ലെങ്കിൽ, വായടയ്ക്ക്.",Anger
ഞങ്ങളുടെ ഫ്രന്റ്ലൈൻ മാറ്റിയതിന് ശേഷം ഉപഭോക്താക്കളുടെ സംതൃപ്തി കുറഞ്ഞത് വല്യ തിരിച്ചടിയായിപ്പോയി.,Sadness
ഇന്ത്യയിൽ നിന്നുള്ള ചില വിനോദസഞ്ചാരികളുടെ യൂറോപ്പിലെ പെരുമാറ്റം അരോചകമാണ് .,Disgust
ഇവിടെ സന്നിഹിതരായ നിങ്ങൾക്കെല്ലാവർക്കും ഗുഡ് മോർണിംഗ് . ഈ ക്വാർട്ടറിൽ  നമ്മുടെ സെയിൽസ് ഇരട്ടിയായി; ഒരു ദശലക്ഷത്തിലധികം റിപീറ്റ്‌ ഓർഡറുകൾ ലഭിക്കുകയും ചെയ്തു.,Happiness
"യ്യോ! മാഡം, കേശവ് അവന്‍റെ  ഇറേസർ ചവയ്ക്കുന്നു .",Disgust
കസ്റ്റമേഴ്സിന് ഈ അനുഭവമൊക്കെ ഉണ്ടാവുന്നതും  ജീവനക്കാരോട്മോശമായി  സംസാരിക്കുന്നതിലും ഒക്കെ ഞാൻ അപ്‌സെറ്റ് ആണ്.,Anger
"ഹോട്ടൽ മുറി ക്ലീനാണ്, ഒരു ചെറുപ്രാണി ആകസ്മികമായി അകത്ത് വരുമ്പോ സ്റ്റാഫ് പെട്ടെന്ന് ശരിയാക്കുന്ന പോലെ പെട്ടന്നുള്ള സർവീസ് .",Happiness
നേതാക്കളുടെ മോശം തീരുമാനത്തെ തുടർന്ന് ഓഹരി വിലയിൽ ഒറ്റരാത്രികൊണ്ട് ഇരുപത്  ശതമാനമാ ഇടിവുണ്ടായത്.,Anger
ഈ ഗെയിമിംഗ് കൺസോളിൽ  ഫോർ കെ റെസല്യൂഷനിൽ ഗെയിമുകൾ കളിക്കാൻ കഴിയുമെന്ന് എനിക്ക് വിശ്വസിക്കാൻ കഴിയുന്നില്ല.,Surprise
ഞാൻ അനുഭവിക്കുന്ന ഈ വേദനയെക്കുറിച്ച്  ഓര്‍ക്കുമ്പഴാ. അത് എന്തെങ്കിലും സീരിയസ് ആണോ ?,Fear
"ഞാൻ ഇനി  പിച്ചക്കാര്‍ക്കുവേണ്ടി ഭക്ഷണം വാങ്ങില്ല, കാരണം അവരത് അര്‍ഹിക്കുന്നില്ല.",Disgust
ഈ പ്രോജക്റ്റിൽ ഉൾപ്പെട്ടിരിക്കുന്ന റിസ്കുകളെക്കുറിച്ച്  എനിക്ക് നല്ല  ആശങ്കയുണ്ട് മാഷേ.,Fear
"ഞാൻ ആ പെയിന്‍റിംഗിനു വേണ്ടീട്ട്  അഞ്ച്  ആഴ്ച ചെലവഴിച്ചതാ, പക്ഷേ എന്‍റെ അനിയൻ  അതിൽ കാപ്പി ഒഴിച്ചു. എന്‍റെ കഠിനാധ്വാനം ഒക്കെ വെറുതെയായി.",Sadness
കല്‍ക്കത്തയില്‍ എത്ര തരം മ്യൂസിയങ്ങൾ ആണുള്ളത്! അതും എത്ര പഴയവ!,Surprise
ഒരു ബഹിരാകാശ ദൗത്യത്തിനിടെ എന്തെങ്കിലും തെറ്റ് പറ്റുകയാണെങ്കിൽ  പിന്നെ എന്ത് സംഭവിക്കുമെന്ന് എനിക്ക് പേടി തോന്നുന്നു .,Fear
"ഈജിപ്ഷ്യൻ മമ്മികളെക്കുറിച്ചുള്ള ഒരു പരിപാടി ഞാൻ കാണുകയായിരുന്നു, മണലിനടിയിൽ സ്വർണ്ണത്തിൽ പൊതിഞ്ഞ പ്രതിമകളുടെ കണ്ടെത്തലുകൾ കണ്ട് ഞാൻ ആവേശഭരിതനായി.",Happiness
മെയിന്‍റനൻസ് നൽകാതെ അപ്പാർട്ട്‌മെന്‍റ്  കമ്മിറ്റിയിലേക്ക് തിരഞ്ഞെടുക്കപ്പെടാൻ ആഗ്രഹിച്ച എന്‍റെ അയൽക്കാരനോട് എനിക്ക് വെറുപ്പ് തോന്നി.,Disgust
രാഷ്ട്രീയക്കാർ സ്വാർത്ഥമായ നേട്ടങ്ങൾ സംരക്ഷിക്കാൻ വിലകുറഞ്ഞ തന്ത്രങ്ങളാ പ്രയോഗിക്കുന്നെ.,Disgust
"ഞാൻ ഒരു പ്രധാന ഡോക്യൂമെന്റിൽ  വർക് ചെയ്യുമ്പോ, എന്‍റെ  ലാപ്ടോപ് ഷട്ട് ഡൗൺ  ആകുന്നതിന്‍റെ ലക്ഷണങ്ങൾ കാണിച്ചു.",Fear
ഹോട്ടലിലെ ഓരോ കോഴ്‌സും തടസ്സങ്ങളില്ലാതെ കൃത്യസമയത്ത് ഡെലിവറി ചെയ്യുന്നത് എനിക്കിഷ്ടായി; അത് മൊത്തത്തിലുള്ള ഡൈനിംഗ് അനുഭവം മെച്ചപ്പെടുത്തി.,Happiness
"ഞാന്‍ അസൈൻമെന്‍റ്  സ്വീകരിച്ചു, എന്നാൽ ഇപ്പോൾ എന്തുചെയ്യണമെന്ന് അറിയാതെ ആകെ പരിഭ്രാന്തി ആകുന്നു.",Fear
ഒരു അപകടത്തെത്തുടർന്ന് അരയ്ക്ക് കീഴ്‌പ്പോട്ട്  തളർന്നുവീണ സന്ദീപ് സിംഗ് ഇന്ത്യൻ ഹോക്കി ടീമിലേക്ക് മടങ്ങിയെത്തിയത് കണ്ടപ്പോ  എനിക്ക് സന്തോഷായി.,Happiness
"സെക്കന്‍ഡ് ഹാന്‍ഡ്‌ ബുക്ക് വിൽക്കുമെന്ന് എന്‍റെ സുഹൃത്ത് പറഞ്ഞ കടയാണിത്, പക്ഷേ അവർ ഇവിടെ വിൽക്കുന്നില്ലെന്ന് പറയുന്നു.",Sadness
പ്രമേഹത്തിന് മാതളനാരങ്ങ കൊള്ളാമോന്ന് എനിയ്ക്കെങ്ങനെ അറിയാ?,Anger
"ഫ്രിഡ്ജിൽ കൂടുതൽ  ഐസ് നിറയുന്നതും , വെള്ളം ചോരുന്നതും ശരിയാവുമെന്നു  അറിയുന്നത് എനിക്ക് വളരെ ആശ്വാസമായി തോന്നുന്നു . ഇത് വൃത്തിയാക്കുന്നത് വളരെ കഷ്ടമാണ്.",Happiness
"ഇല്ല സർ, എന്‍റെ മുത്തച്ഛന് സുഖമില്ലാത്തതോണ്ട് എനിക്ക് ഇന്നലെ വർക്ക് ചെയ്യാൻ പറ്റിയില്ല .",Sadness
ഹെൽത്ത് സെന്‍ററിൽ  ആവശ്യമായ എല്ലാ ചികിത്സകൾക്കും എനിക്ക് ഇൻഷുറൻസ് പരിരക്ഷ ലഭിക്കുമോ എന്ന് എനിക്ക് സംശയമുണ്ട് . എനിക്ക് അപ്രതീക്ഷിതമായ സാമ്പത്തിക ബാധ്യതകൾ ഉണ്ടാകില്ലെന്ന് എനിക്ക് ഉറപ്പാക്കണം .,Fear
പുതിയ സാമ്പത്തിക വിദ്യാഭ്യാസ സംരംഭങ്ങളുടെ വലിയ രീതിയിലുള്ള  സ്വാധീനം  എന്നെ ഞെട്ടിച്ചു.,Surprise
ഓഫീസ്  ത്രീ സിസ്റ്റി ഫൈവ് സോഫ്‌റ്റ്‌വെയറിൽ അനാവശ്യമായ എ.ഐ പോപ്പ്അപ്പ് നിരവധി തവണ വന്നപ്പോ ഞാൻ മൈക്രോസോഫ്റ്റിനു നേരെ പൊട്ടിത്തെറിച്ചു.,Anger
"നിൽക്കൂ, ഈ സങ്കീർണ്ണമായ നെക്ലേസ് കൈകൊണ്ട് നിർമ്മിച്ചതാണെന്നാണോ  നിങ്ങൾ  പറയുന്നത് ? അത് ഉണ്ടാക്കിയ രീതിയും ആധികാരികതയും ഒക്കെ  വേറെ ലെവലാ,  ഞാൻ പ്രതീക്ഷിച്ചതിലും അപ്പുറമാണ്!",Surprise
തന്‍റെ ഇയർഫോണിന് തീപിടിച്ചതായി ഒരു കസ്റ്റമർ  പറഞ്ഞു. അതുകൊണ്ട് ചിലപ്പോ ഞങ്ങൾക്ക് കോടതിയിൽ കേസ് വന്നേക്കാം.,Fear
ഇത്രയും ജോലിഭാരം എന്‍റെ പ്രചോദനത്തെ ബാധിക്കാൻ തുടങ്ങിയിരിക്കുന്നു.,Sadness
രാജ്യസേവനത്തിനിടെ നമ്മുടെ സൈനികർ മരിക്കുന്നതും അവരുടെ  ദുഃഖിതരായ കുടുംബങ്ങളെയും  കുറിച്ച് വായിക്കുമ്പോൾ എനിക്കാകെ നഷ്ടബോധം തോന്നുന്നു.,Sadness
സൂപ്പർവൈസർ എത്ര കാര്യക്ഷമമായാണ് ക്ലീനിംഗ് ഷെഡ്യൂൾ സംഘടിപ്പിച്ചതെന്ന് എനിക്ക് വിശ്വസിക്കാനായില്ല!,Surprise
ഞാൻ എന്‍റെ സുഹൃത്തിനോട് പറഞ്ഞു എനിക്ക് അവന്‍റെ നെഗറ്റീവ് കാര്യങ്ങളൊക്കെ കേട്ട് മടുപ്പാണെന്ന്.,Anger
"അഴുക്കുചാലിലെ ചെളി വൃത്തിയാക്കുന്ന ആളെ കണ്ടപ്പോ,  എനിക്ക് അയാളോട് സഹതാപം തോന്നി.",Sadness
ഒരു അപകടത്തിൽ കുടുംബത്തെ നഷ്ടപ്പെട്ടതിന് ശേഷം അവളുടെ ലോകം ആകെ ഒറ്റപ്പെട്ട്  പ്രതീക്ഷകളില്ലാത്തതായി.,Sadness
സിനിമയുടെ റിലീസ് ആഘോഷിക്കുന്നതിനിടെ ഒരു ആൺകുട്ടി മതിലിന്‍റെ മുകളിൽ നിന്ന് വീണു. കഷ്ടം തന്നെ!,Sadness
സ്കീ ജമ്പിനു  ടേക്ക് ഓഫ് ചെയ്യാൻ തയ്യാറായി മേളിൽ നിൽക്കുമ്പോ അലക്സിന്‍റെ വയറു കാളി .,Fear
അവിടുത്തെ തോട്ടിലെ വെള്ളത്തിൻ്റെ മണമടിച്ചാൽ മതി അപ്പോൾ ഓക്കാനം വരും.,Disgust
ഞാൻ ഒരു ആന്‍റിബയോട്ടിക് മാത്രാ ചോദിക്കുന്നേ! അതിനു എനിക്ക് എന്തിനാ ഒരു ഡോക്ടറുടെ കുറിപ്പടി ?,Anger
എന്‍റെ പുതിയ വീട്ടിലേക്കുള്ള  വീട്ടുപകരണങ്ങൾക്കായി ഇലക്ട്രിക്കൽ ഷോപ്പുമായി ഞാൻ നടത്തിയ വിലപേശലിൽ ഞാൻ തികച്ചും സന്തുഷ്ടനാണ്.,Happiness
വോളിബോൾ മത്സരത്തില്‍ കളിക്കാർ അവരുടെ  എതിരാളികളെ കായികമായി നേരിടുകയാണ്.,Fear
"ചൂടായ ബാത്ത്റൂം തറയുള്ള ഒരു വാടക വീട് കിട്ടുമെന്ന് ഞാൻ പ്രതീക്ഷിച്ചേയില്ല, അത് എന്ത് ആഡംബരമാണ്!",Surprise
"ഞാൻ ഡ്രാക്കുള സിനിമ കണ്ടു, രാത്രിയിലെ ഓരോ നിഴലിലും അത് തന്നെയെന്നു തോന്നാ.",Fear
മാരത്തണിൽ എനിക്കാ ഫസ്റ്റ് കിട്ടിയേ .,Happiness
"ചില ഇവന്‍റ്  മാനേജർമാർ വഞ്ചനാപൂര്‍ണമായ കാൻസലേഷൻ, റീഫണ്ട് പോളിസികളുള്ള ഡീലുകളിൽ നമ്മളെ  കുടുക്കാൻ ശ്രമിക്കുന്നതിനോട്  എനിക്ക് വെറുപ്പ് തോന്നുന്നു.",Disgust
"ആ കളിയിൽ ന്യായവും, സത്യസന്ധതയും തീരെ ഇല്ലാത്തത് കണ്ടിട്ട് സഹിച്ചില്ല.",Disgust
"എന്‍റെ സാമ്പത്തിക കാര്യങ്ങൾ വേണ്ടവിധം കൈകാര്യം ചെയ്യുന്നത് എനിക്ക് മനസ്സമാധാനം നൽകുകയും, ഭാവി നിക്ഷേപങ്ങൾക്കായി പ്ലാൻ ചെയ്യാൻ എന്നെ അനുവദിക്കുകയും ചെയ്യുന്നു.",Happiness
"കത്ത് തരാൻ  മൂന്ന് തവണ നിങ്ങളുടെ വീട്ടിലേക്ക് വന്നുവെന്നും , പക്ഷെ  നിങ്ങൾ അവിടെ ഉണ്ടായിരുന്നില്ലെന്നുമാണല്ലോ ഞങ്ങളുടെ കൊറിയർ ഡെലിവറി സ്റ്റാഫ് ട്രാക്കിംഗ് സിസ്റ്റത്തിൽ എഴുതിയിരിക്കുന്നെ!",Surprise
ഞാൻ സംസാരിക്കുമ്പോൾ ഒന്ന് ശ്രദ്ധിച്ചാലെന്താ നിനക്ക്; എൻ്റെ അടുത്ത് ലൂക്ക് സ്കൈവാക്കറിൻ്റെ ഒരു ഒറിജിനൽ ഫിഗർ ഉണ്ടെന്ന് ഞാൻ ഇന്നലെ തന്നെ പറഞ്ഞതല്ലേ?,Anger
എന്‍റെ പിന്നിലുള്ളയാൾ ചവിട്ടുന്നത് തുടർന്നപ്പോൾ എയർ ഹോസ്റ്റസ് വിമാനത്തിൽ എന്‍റെ സീറ്റ് മാറ്റിയപ്പോൾ എനിക്ക് ആശ്വാസമായി .,Happiness
നമ്മൾ  ഇതൊക്കെ  ചർച്ച ചെയ്തതാണ് മീര! ഒരേ ചോദ്യങ്ങൾ വീണ്ടും വീണ്ടും ചോദിക്കുന്നത് ഒന്ന് നിർത്തോ ?,Anger
"അവരുടെ സ്ഥിരമായ ശ്രദ്ധക്കുറവ്, അനാദരവ്, നിർദ്ദേശങ്ങൾ പാലിക്കാനുള്ള വിസമ്മതം ഒക്കെ വളരെ നിരാശാജനകമാണ്.",Sadness
ഞാൻ എന്‍റെ ക്രെഡിറ്റ് കാർഡ് ബിൽ അടയ്ക്കാൻ ശ്രമിച്ചെങ്കിലും ബാങ്ക് സെർവറിന് ഒരു പ്രശ്നമുണ്ടെന്ന് ഇപ്പത്തന്നെ ഞാൻ ഒരു  പത്ത് തവണ നിങ്ങളോട് പറഞ്ഞു. അത് എന്‍റെ തെറ്റല്ല!,Anger
എന്‍റെ പാക്കേജുകൾ തെറ്റായി കൈകാര്യം ചെയ്യുന്നത് ഇതാദ്യമല്ലാത്തതിനാൽ മോശം സർവീസ് ക്വാളിറ്റിയെക്കുറിച്ച് എനിക്ക് വളരെ അസ്വസ്ഥത തോന്നുന്നു.,Sadness
കുറ്റകൃത്യങ്ങൾക്ക് പേരുകേട്ട ഹൈദരാബാദിൽ  ഞങ്ങളുടെ പുതിയ സ്റ്റോർ തുറക്കുന്നതിൽ എനിക്ക് നല്ല ആശങ്കയുണ്ട്.,Fear
ഇന്ന് എനിക്ക്  ജോലിയിൽ പ്രമോഷൻ കിട്ടി.,Happiness
തെരുവ് കലാകാരന്മാർക്ക്  ഇത്രയും അവിശ്വസനീയമായ കഴിവുകൾ ഉണ്ടെന്ന് ഞാൻ തിരിച്ചറിഞ്ഞില്ല.,Surprise
ഒരു വർഷത്തിൽ മൂന്ന്  ട്രോഫികൾ നേടിയ മാഞ്ചസ്റ്റർ സിറ്റി ഫുട്ബോൾ കളിക്കാർ നല്ല ആവേശത്തിലായിരുന്നു.,Happiness
"നിങ്ങളുടെ മാലിന്യങ്ങൾ എന്‍റെ മുറ്റത്ത് വലിച്ചെറിയാണ്ടാ. ഇത് എന്‍റെ വീടാ, നിങ്ങളുടെ ചവറ്റുകുട്ടയല്ല!",Anger
ആ കടയിലെ പച്ചക്കറികളുടെ ഗുണനിലവാരം കണ്ടാ നിരാശയല്ലാതെ എന്ത്‌  തോന്നാനാ.,Sadness
"ഓ! ഇത്രയും കുറഞ്ഞ പലിശനിരക്കിലുള്ള ലോൺ എനിയ്ക്കു കിട്ടുമെന്ന് എനിക്കറിയില്ലായിരുന്നു. എന്നെ അറിയിച്ചതിന് നന്ദി, മിസ്റ്റർ ഡേവിഡ്.",Surprise
"അവിടെ ഫുള്‍ തിരക്കായിരുന്നു, ഗൈഡിൽ നിന്ന് അതിന്‍റെ ചരിത്രം കേൾക്കാതെ പോയപ്പോൾ ഭയങ്കര സങ്കടം തോന്നി .",Sadness
മൈക്കൽ ഫെൽപ്സ് നല്ലൊരു  നീന്തൽക്കാരനാ. അയാൾ ഇത്രയധികം മെഡലുകൾ എങ്ങനെയാ നേടിയേന്ന് എനിക്കറിയില്ല!,Surprise
കോഡ് ഡെലിവര്‍ ചെയ്യാൻ പറ്റാത്തത്  കൃത്യസമയത്ത് ക്ലയൻ്റിനോട്  നിങ്ങൾ പറയാത്തത്‍ അംഗീകരിക്കാൻ പറ്റുന്നതല്ല.,Anger
ഏയ് വേണ്ട! ഇപ്പൊ എന്‍റെ കൈയിൽ  കാശില്ല  ഞാൻ എന്‍റെ പേഴ്സ് കൊണ്ടുവന്നിട്ടുണ്ടെന്നാ   വിചാരിച്ചെ. ഇതിനെല്ലാം ഞാൻ എങ്ങനെ പൈസ  കൊടുക്കും ?,Fear
"ഫ്രണ്ട്സിനെ എന്‍റെ ഓട്ടോമൊബൈൽ വിദഗ്ധന് റഫർ ചെയ്യുമ്പോൾ എനിക്കാശ്വാസമാണ്, കാരണം അവരുടെ ആവശ്യങ്ങളെല്ലാം അദ്ദേഹം ഉറപ്പാക്കുന്നു.",Happiness
നാളെ പരീക്ഷയുണ്ടായിട്ടാണോ നീ  ഇങ്ങനെ  ഇരുന്ന് വീഡിയോ ഗെയിം കളിക്കണത്?,Anger
ഈ ആഴ്ച  കൂടുതൽ ടാക്സ്  അടച്ചതിന് എനിക്ക് ടാക്സ്  റീഫണ്ട് കിട്ടി.,Happiness
ശ്മശാനത്തിൽ നിന്ന് ഭയാനകമായ  ഒരു നിലവിളി കേട്ടപ്പോൾ ഞാനാകെ മരവിച്ചു പോയി .,Fear
"യ്യോ, നിങ്ങൾ ഉപയോഗിക്കുന്ന ഈ ക്‌ളീനിംഗ് പ്രോഡക്ട്സിനൊന്നും ക്വാളിറ്റിയേ ഇല്ല .",Fear
റിസ്‌കി  ആയ  ഒരു ജിംനാസ്റ്റിക്സ് റുടീന്      തയ്യാറെടുക്കുമ്പോൾ ഫാത്തിമയുടെ ശ്വാസമിടിച്ചു.,Fear
പ്രസംഗത്തിനിടയിൽ സംഘാടകർ മൈക്ക് സ്വിച്ച് ഓഫ് ചെയ്തപ്പോൾ ഞാന്‍ ഞെട്ടിപ്പോയി.,Surprise
നിങ്ങളെ മോശമാക്കാൻ ഞാൻ ആഗ്രഹിക്കുന്നില്ല. ഞാൻ ക്ലയന്‍റിനോട് സംസാരിക്കട്ടെ.,Fear
അങനെ ഒടുവിൽ ഈ സിനിമ കാണാൻ  ഞാൻ വളരെ ത്രില്ലിലാ ! ആഴ്ചകളായി ഞാൻ അതിനു  വേണ്ടി കാത്തിരിക്കുകയ്ക്കായിരുന്നു.,Happiness
"ന്യായമായ ഒരു ഗ്യാസ് സിലിണ്ടർ ബില്ലാണ്  ഞാൻ പ്രതീക്ഷിച്ചിരുന്നത്, എന്നാൽ ഈയിടെയായി വിലക്കയറ്റം എന്‍റെ മാനസികാവസ്ഥയെ ബാധിച്ചു.",Sadness
ഞാൻ വരുത്തുന്ന തെറ്റുകളിൽ  എന്നെ സഹായിക്കാൻ വേണ്ടത്ര ക്ഷമയില്ലാത്ത  വനിതാ ഡ്രൈവിംഗ് ഇൻസ്ട്രക്ടറോട് എനിക്ക് ദേഷ്യം വന്നു .,Anger
ലഖ്നൌവിലെ പൊതുഗതാഗത സംവിധാനത്തിലുള്ള  വൃത്തിയില്ലായ്മ ഞെട്ടിക്കുന്നതാണ്.,Disgust
യ്യേ ! ഈ മോഡൽസിനു   വേണ്ടത്ര തുണി ധരിച്ചൂടെ!,Disgust
ഒന്നും ചെയ്യാതെ ജീവിതം മുഴുവൻ പ്രതിഷേധിക്കാൻ നടക്കുന്ന കുറെ പരിസ്ഥിതി പ്രവർത്തകരുണ്ട്.,Anger
എൻ്റെ ഒരു സുഹൃത്ത് ഉണ്ട്; പൈസ ആവശ്യം ഉണ്ടെങ്കിൽ മാത്രം വിളിക്കും; അല്ലെങ്കിൽ ഒരു മൈൻഡും ഉണ്ടാവില്ല.,Disgust
ചെന്നൈയിൽ ഷെയർ  ഓട്ടോകളിലെ യാത്രക്കാർ മറ്റുള്ളവരുമായി ഭക്ഷണം ഷെയർ ചെയ്യുന്നത് എനിക്ക് ഹൃദയസ്പർശിയായി തോന്നുന്നു.,Happiness
ഉച്ചഭക്ഷണത്തിനുള്ള  ഇടവേളയിൽ ശരിയായ സൗകര്യങ്ങളും ഭക്ഷണവും   ഇല്ലാത്തത്  എന്നെ ഭ്രാന്തനാക്കുന്നു. ഭൂമിയിൽ ജോലി ചെയ്യുമ്പോൾ ഞങ്ങൾ തൊഴിലാളികൾ ദുരിതമനുഭവിക്കണമെന്നും പട്ടിണി കിടക്കണമെന്നും ഭൂവുടമ ആഗ്രഹിക്കുന്നത് പോലെയാണ് ഇത്.,Anger
എനിക്ക് ടെന്നീസ് എൽബോ ഉണ്ടെന്നും കൈകൾക്ക്  കൂടുതൽ  സ്‌ട്രെയിൻ എടുക്കരുതെന്നും ഡോക്ടർ പറയുന്നു.,Sadness
ഈ ചീസ് കേക്കിന്‍റെ ക്രീം അടിപൊളിയാണ്.,Happiness
നമ്മുടെ ശാശ്വത് പഠിയ്ക്കാൻ നല്ല മിടുക്കനാ  ! അഖിലേന്ത്യാ എഞ്ചിനീയറിംഗ് പ്രവേശന പരീക്ഷയിൽ വളരെ നല്ല റാങ്കോടെ അവൻ ജയിച്ചു.,Happiness
നിങ്ങൾ എന്നെ കളിയാക്കാണോ? മൂവീ അഡാപ്റ്റേഷനില്‍ ആ കഥയെ അവർ പൂർണ്ണമായും കുളമാക്കി.,Anger
കിടക്കാന്‍ ഒരു കൂര പോലും ഇല്ലാത്ത ഇത്രയധികം ആളുകളുണ്ടോ? കഷ്ടം!,Surprise
ഞങ്ങളുടെ പുതിയ മാർക്കറ്റിംഗ് ക്യാംപെയിനിനോടുള്ള  കസ്റ്റമേഴ്സിന്‍റെ പ്രതികരണം ഒട്ടും നന്നല്ല.,Fear
"ഇവിടുത്തെ സര്‍വീസ് വളരെ മോശാണ്. പാക്കേജ് ശരിയായിരുന്നില്ല, കൃത്യമായ ട്രാക്കിംഗ് അപ്‌ഡേറ്റും ഉണ്ടായില്ല!",Anger
"പാശ്ചാത്യലോകം നമ്മുടെ തിരുവെഴുത്തുകളിൽ ഇതിനകം ഉണ്ടായിരുന്ന എന്തെങ്കിലും ""കണ്ടെത്തുന്നതിനെ"" കുറിച്ച് വായിക്കുമ്പോഴെല്ലാം എനിക്ക് സങ്കടം വരും.",Sadness
യേ! എന്‍റെ ലാപ്ടോപ്പിൽ സിനിമകൾ കാണുന്നത് എനിക്ക് ഇഷ്ടല്ല. അത്രയ്ക്ക് ചെറിയ സ്ക്രീനാ ഇത്.,Disgust
പതിമൂന്ന് ഫുട്ബോൾ കാളിക്കാരെ ഗുഹയിൽ നിന്ന് ജീവനോടെ പുറത്തെടുത്തപ്പോ  എനിക്ക് എന്‍റെ കണ്ണുകളെ വിശ്വസിക്കാനായില്ല.,Surprise
ഇവന്‍റ് മാനേജരുടെ കാന്‍സലേഷനും റീഫണ്ട് നയങ്ങളും യഥാർത്ഥത്തിൽ ഞാൻ പ്രതീക്ഷിച്ചതിനേക്കാള്‍ ന്യായമാണല്ലോ!,Surprise
ഈ കണ്ട ആൾക്കാർക്കൊന്നും ബാങ്കിലെ പലിശയെക്കുറിച്ച് ഒരു ബോധവും ഇല്ലേ?,Surprise
ഞാൻ ഫുട്ബോൾ കളിക്കുമ്പോഴൊക്കെ എനിക്ക് വളരെ സന്തോഷാ. ഈ കളി കളിക്കാനാ ഞാൻ ജനിച്ചത് തന്നെ .,Happiness
നഗരത്തിൽ നടക്കാൻ ഇറങ്ങാനായിരുന്നു എൻ്റെ ആഗ്രഹം. പക്ഷെ ഞങ്ങൾക്ക് കുറേ ദൂരത്തുള്ള റൂമാണ് കിട്ടിയത് എന്നറിഞ്ഞപ്പോൾ ഞാനാകെ നിരാശനായി.,Sadness
കടയുടമകളിൽ നിന്ന് പണം തട്ടാൻ ഗുണ്ടകൾ മാർക്കറ്റിലാകെ   കറങ്ങിനടക്കുകയാ.,Fear
എനിക്ക്  ലൈസൻസ് കിട്ടുന്നതിന്  ഇത്രയും  ടെസ്റ്റും  പരിശോധനകളും നടത്തുന്നതിൽ ഞാൻ ശരിക്കും അസ്വസ്ഥനാണ്.  വലിയൊരു കടമ്പ കടക്കാനുള്ളത് പോലെ തോന്നുന്നു.,Fear
ജി. എസ്. ടി. പോളിസിയിൽ മാറ്റം വന്നാൽ ഉണ്ടാകുന്ന പ്രത്യാഘാതങ്ങളെക്കുറിച്ച് ഓർക്കുമ്പോൾ ആധി കൂടി വരികയാണ്.,Fear
ഇതിന്‍റെ ഡിലേ കാരണം എന്‍റെ കണക്റ്റിംഗ് ഫ്ലൈറ്റ് നഷ്ടമാകുമോയെന്നു  എനിക്ക് പേടിയുണ്ട്.,Fear
ഒന്നും അല്ലാതിരുന്ന ആ സ്റ്റാർട്ടപ്പ് അല്ലേ ഒരു ബില്യൺ ഡോളർ കമ്പനിയായി മാറിയത്; സംഭവം തന്നെ!,Surprise
ഇനിയും അവധി വേണമെന്ന് ഞാൻ എന്‍റെ മാനേജരോട് ചോയ്ക്കില്ല. ചിലപ്പോ അദ്ദേഹം എന്നെ ജോലിയിൽ നിന്നേ  പിരിച്ചുവിടും.,Fear
അമേരിക്കൻ ചീസും സോസുകളും നന്നാല്ലാത്തതും രുചിയില്ലാത്തതുമാണെന്നാ ഫ്രഞ്ചുകാരുടെ കണ്ടെത്തല്‍.,Disgust
എന്‍റെ ഏറ്റവും അടുത്ത സഹപ്രവർത്തകൻ മറ്റ് താൽപ്പര്യങ്ങൾക്കായി സ്ഥാപനം വിടാൻ തീരുമാനിച്ചു.,Sadness
"സോറി, പക്ഷേ എന്‍റെ അക്കൗണ്ട് ഓവർഡ്രാഫ്റ്റിലാ, മാസാവസാനത്തോടെ എനിക്ക് പണമടയ്ക്കാൻ കഴിയില്ല.",Sadness
നിങ്ങൾ എന്തിനാണ് റോങ്ങ് സൈഡിൽക്കൂടി ഡ്രൈവ് ചെയ്ത് ട്രാഫിക്ക് ബ്ലോക്കാക്കുന്നത്? നിങ്ങൾ കാരണം ഞാൻ ജോലിക്കെത്താന്‍ ലേറ്റ് ആകും.,Anger
വർഷങ്ങൾക്ക് ശേഷം എന്‍റെ പഴയ കൂട്ടുകാര്‍ വ്യായാമം ചെയ്യാൻ എത്തിയല്ലോ.,Happiness
വരാനിരിക്കുന്ന സ്റ്റാൻഡേർഡ് ടെസ്റ്റിനെക്കുറിച്ച് എനിക്ക് ചെറിയ പരിഭ്രാന്തി തോന്നുന്നു.,Fear
ഹോങ്കോങ്ങിലെ ഒരു മത്സ്യ മാർക്കറ്റിലൂടെ നടക്കുമ്പോൾ അവിടത്തെ നാറ്റം  എനിക്ക് സഹിക്കാൻ കഴിയുന്നില്ല.,Disgust
ഞങ്ങളുടെ അപ്പാർട്ട്മെന്റിലെ സെക്യൂരിറ്റി ഒരു ചൂടനാണ്; എന്തെങ്കിലും ഒന്ന് കിട്ടിയാൽ മതി തല്ലുണ്ടാക്കാൻ.,Anger
എന്നെ ഒരു ബോർഡിംഗ് സ്കൂളിൽ ചേർക്കുന്നതിനെക്കുറിച്ച് നിങ്ങൾ ചിന്തിക്കുന്നില്ലെങ്കിൽ എനിക്ക് അത് വലിയ ആശ്വാസമായി.,Happiness
ഗുസ്തിയില്‍ തന്‍റെ ശക്തനായ  എതിരാളിയെ കാർത്തിക്  പേടിയോടെ നോക്കി.,Fear
രാവിലെ എന്‍റെ ഗ്രൂപ്പിനോടൊപ്പം വ്യായാമം ചെയ്യുമ്പോൾ എനിക്ക് നല്ല  സംതൃപ്തി തോന്നും .,Happiness
"അത് നിരാശാജനകമാണ്,  എന്‍റെ ആവശ്യങ്ങൾക്ക് അനുസരിച്ച് ക്വാളിറ്റി ഉള്ള ഫർണിച്ചറുകൾ കിട്ടുമെന്ന് ഞാൻ പ്രതീക്ഷിച്ചിരുന്നു.",Sadness
മൂന്ന് മാസത്തിനുള്ളിൽ അവളുടെ എല്ലുകൾ വീണ്ടും വളരുമെന്നും അവൾക്ക് വീണ്ടും കളിക്കാൻ പറ്റുമെന്നും ഡോക്ടർ പറഞ്ഞു.,Happiness
എൻ്റെ പിൻസീറ്റിലിരുന്ന യാത്രക്കാരൻ എൻ്റെ സീറ്റിൽ ഇങ്ങനെ ചവിട്ടിക്കൊണ്ടിരികുന്നു; അവസാനം എൻ്റെ കയ്യീന്ന് പോയി.,Anger
"നമ്മൾ  ഇൻകം ടാക്സ് ഫയൽ ചെയ്തില്ലെങ്കിൽ, ഉദ്യോഗസ്ഥർ നമ്മളിൽ നിന്ന് വളരെ വലിയ പിഴ ഈടാക്കാം.",Fear
വളരെ ക്രിട്ടിക്കൽ  ആയ ഒരു പ്രൊജക്റ്റായിരുന്നു. അതിനുവേണ്ടി എന്‍റെ ടീമുകൾ നടത്തിയ ഹാർഡ് വർക്ക് എന്‍റെ ലീഡർ അംഗീകരിക്കുന്നില്ലന്നേ.,Anger
എന്‍റെ ഫണ്ടുകളുടെ കാര്യങ്ങൾ നോക്കാൻ  ഒരു അഡ്വൈസറെ ആദ്യം കിട്ടാത്തതിൽ എനിക്ക് എന്നോട് തന്നെ ദേഷ്യം  തോന്നുന്നു .,Anger
എല്ലാ ദിവസവും പുലർച്ചെ രണ്ട്  മണിക്ക് കോയമ്പേട് മാർക്കറ്റിലേക്ക് പോകുന്ന പൂക്കച്ചവടക്കാരുടെ കഠിനാധ്വാനം എന്നെ അത്ഭുതപ്പെടുത്തുന്നു.,Surprise
ഒരു പുതുമുഖ ടീമിനൊപ്പം ഫുട്ബോൾ ടൂർണമെന്‍റിന്‍റെ സെമി ഫൈനലിലെത്തിയപ്പോൾ ഞാൻ ഞെട്ടിപ്പോയി.,Surprise
അത്തരം പഴയ   പി.ഒ .എസ് . സിസ്റ്റങ്ങളിൽ ഞങ്ങൾ വർക്  ചെയ്യുമെന്ന് അവർ  വിചാരിക്കുന്നത് എനിക്ക് വിശ്വസിക്കാൻ പറ്റുന്നില്ല.,Disgust
ബോസിന്‍റെ ഓഫീസ് പാർട്ടിക്ക് നിങ്ങൾ ആ കറ പിടിച്ച  ഷർട്ട്  ഇട്ടുവെന്ന് എനിക്ക് വിശ്വസിക്കാൻ കഴിയുന്നില്ല.,Disgust
ഹലോ  സഹോദരാ. ഇന്ന് ഞാൻ വളരെ നല്ല മൂഡിലാ. ദയവായി എന്‍റെ താടിയും കൂടി വൃത്തിയാക്കു.,Happiness
ഒരു വിദേശ പര്യടനം കഴിഞ്ഞ് മടങ്ങിയെത്തിയ ശേഷം ഇന്ത്യയിലെ എന്‍റെ പാസ്പോർട്ട് കാണാതെപോയി.,Sadness
"എന്‍റെ ഷുഗർ ലെവൽ  ഇപ്പോ നോർമലാ, എനിക്ക് ഇഷ്ടമുള്ള ഏത് മധുരപലഹാരവും കഴിക്കാം.",Happiness
"ജോലിസ്ഥലത്തെ എന്‍റെ സ്ട്രെസ്സും ഉത്കണ്ഠയും നിയന്ത്രിക്കാൻ ശ്രമിക്കുമ്പഴെല്ലാം എനിക്ക് കലിപ്പും, നിരാശയും തോന്നുന്നു.",Anger
വരാനിരിക്കുന്ന ബജറ്റ് പ്രഖ്യാപനത്തെ പറ്റി കുറച്ച് അനിശ്ചിതത്വങ്ങളുണ്ട്. അത് ആലോചിക്കുമ്പോൾ ആശങ്ക തോന്നുന്നു.,Fear
ചന്ദ്രയാൻ റോക്കറ്റ് ആകാശത്തേക്ക് കുതിക്കുന്നത് കണ്ടപ്പോൾ ഞാൻ ആവേശഭരിതനായി.,Happiness
ആ കളിയിലെ വൃത്തികെട്ട ടാക്കുകളും മനപ്പൂർവമായ ഫൗളുകളും  മോശമായിപ്പോയി.,Disgust
"ഡിസൈൻ, രുചി, വലിപ്പം ഒക്കെ അടിസ്ഥാനമാക്കിയാണ് വില നിശ്ചയിക്കുന്നത്. നല്ല ഗുണമേന്മയും രുചിയും  ഞങ്ങള്‍ വാഗ്ദാനം ചെയ്യുന്നു.",Happiness
ഇപ്പൊ  ഒരു ആർട്ടിഫിഷ്യൽ  പിച്ചിൽ ഫുട്സൽ എന്ന മോർണിങ് ഗെയിമിനെക്കാൾ കൂടുതലൊന്നും  എന്നെ സന്തോഷിപ്പിക്കുന്നില്ല.,Happiness
പണി കഴിയുന്നേനു മുമ്പുതന്നെ ആശാരി മോഡുലാർ കിച്ചന്‍റെ  വില കൂട്ടിയത് എന്നെ ദേഷ്യം പിടിപ്പിച്ചു.,Anger
മോശം പ്രകടനത്തിലും  ചില നേതാക്കളുടെ ലാവിഷ് ആയ  ബോണസുകൾ അരോചകമായി തോന്നുന്നു.,Disgust
എന്‍റെ കുട്ടിക്ക് വേണ്ടി അക്കൗണ്ട് തുടങ്ങാന്‍ ഞാൻ ബാങ്കിൽ പോയപ്പോൾ ബാങ്ക് മാനേജർ എന്നോട് മോശമായി സംസാരിച്ചത് എനിക്ക് ഇഷ്ടമായില്ല.,Disgust
അവൻ പന്തുമായി എന്ത് വേഗത്തിലാ  ഓടുന്നേ !,Surprise
"ഡോക്ടറിൽ നിന്ന് നല്ല വാർത്തയൊന്നും ഞാൻ പ്രതീക്ഷിച്ചിരുന്നില്ല, അതിനാൽ അവർ  എന്റെ അമ്മായിയമ്മയ്ക്ക് ക്ലീൻ ചിറ്റ് നൽകിയപ്പോൾ ഞാൻ അമ്പരന്നു.",Surprise
"ആരോഗ്യ കേന്ദ്രത്തിൽ    പ്രത്യേക എം.ആർ.ഐ, സൗകര്യം ഇല്ലെന്നറിഞ്ഞപ്പോൾ ഞാൻ ഞെട്ടിപ്പോയി. ഇതുപോലൊരു സ്ഥലത്ത് എല്ലാ നൂതന സൗകര്യങ്ങളും ഉണ്ടായിരിക്കുമെന്നാ ഞാന്‍ കരുതിയേ.",Surprise
പാരീസിനും ആംസ്റ്റർഡാമിനും ഇടയിലുള്ള ട്രെയിൻ എന്ത് സുഖമാണെന്ന് അറിയോ...യാത്ര കഴിഞ്ഞപ്പോൾ ഒരു പ്രത്യേക ഉന്മേഷം ആയിരുന്നു.,Happiness
ബയോളജി ക്ലാസിൽ എനിക്ക് പോകാൻ തന്നെ തോന്നുന്നില്ല; ഇന്ന് കൂറയാണെങ്കിൽ നാളെ തവള ആയിരിക്കും.,Disgust
പ്രവർത്തനരഹിതമായ അക്കൗണ്ടുകളിൽ നിന്ന് പണം മോഷ്ടിക്കുന്ന ബാങ്ക് ജീവനക്കാരോട്  എനിക്ക് പുച്ഛമാണ്.,Disgust
ഉക്രെയ്‌നിന് ശേഷം റഷ്യക്ക് പോളണ്ടിനെ ആക്രമിക്കാൻ കഴിയുമെന്ന് വായിച്ചപ്പോ  ഞാൻ  വല്ലാതെ ഞെട്ടിപ്പോയി.,Surprise
പ്രോജക്ട് ഡെലിവറിയെക്കുറിച്ചുള്ള നിങ്ങളുടെ ഉത്കണ്ഠ കാരണം പ്രോജക്ട് ടീമിലെ  എല്ലാവരും വളരെ നിരാശരായി .,Sadness
"നമ്മുടെ വിദ്യാഭ്യാസ സമ്പ്രദായത്തോടുള്ള അനാദരവോടെയുള്ള പെരുമാറ്റം കൊണ്ട് ""ത്രീ  ഇഡിയറ്റ്‌സ്""  കാണാൻ എനിക്ക് വളരെ ഇഷ്ടമാണ് .",Happiness
അവരുടെ ഹോക്കി ടീം എതിരാളികൾക്ക് നേരേ ഗോൾ അടിച്ചപ്പോ പെൺകുട്ടികളുടെ ആവേശം കൂടി.,Happiness
ഒരു പരീക്ഷയെക്കുറിച്ച് ചിന്തിക്കുമ്പോഴെല്ലാം എന്‍റെ ഹൃദയമിടിപ്പ് കൂടുന്നു.,Fear
ഞങ്ങൾ  വളർത്തിയിരുന്ന  അണ്ണാനെ  കഴിഞ്ഞയാഴ്ച കാട്ടിലേക്ക് വിടേണ്ടി വന്നു.,Sadness
ഇന്ത്യൻ സംഘത്തിന്‍റെ ചൊവ്വ ദൗത്യം ശരിക്കും ശ്രദ്ധേയമായിരുന്നു.,Surprise
ഞങ്ങളുടെ പാഠത്തിന്‍റെ ആക്റ്റിവിറ്റികള്‍ പ്ലാന്‍ ചെയ്യാന്‍ എനിക്ക് പറ്റുന്നില്ല.,Sadness
കച്ചേരി നടത്താൻ നീ ചെയ്തുതന്ന സഹായങ്ങൾ എന്നെ ശരിക്കും ഞെട്ടിച്ചു!,Surprise
"ടൈലുകൾ പഴയ കുളിമുറിയെ ഉന്മേഷമുള്ള, മനോഹരമായ, ഇടമാക്കി മാറ്റി.",Happiness
ഹെൽത്ത് സെന്‍ററിൽ നിന്ന്  ഡിസ്ചാർജ് ചെയ്തുകഴിഞ്ഞാൽ എല്ലാം ഞാൻ തന്നെ കൈകാര്യം ചെയ്യേണ്ടിവരുമെന്നാ തോന്നുന്നേ.,Sadness
ഫസ്റ്റ് ടൈം യൂസേഴ്സിനുള്ള ഡിസ്കൗണ്ട് കണ്ട് ഞാൻ ഞെട്ടിപ്പോയി. സൂപ്പര്‍ ഓഫര്‍!,Surprise
എന്‍റെ മോഡുലാർ കിച്ചൺ  ഓർഡറിന് തെറ്റായ അളവുകൾ ഉപയോഗിച്ചത് ശ്രദ്ധയിൽപ്പെട്ടപ്പോൾ  എനിക്ക് മനസ്സ് മടുത്തു.,Sadness
"അവളെ കളിയാക്കണ്ട. അവൾ നമ്മടെ ക്ലാസ് ടീച്ചറോട് പരാതി പറയും, അപ്പൊ നമ്മളെ പ്രിൻസിപ്പലിന്‍റെ അടുത്തേക്ക് കൊണ്ട് പോകും.",Fear
എനിക്ക് ഒരു നിയമം മറ്റുള്ളവർക്ക് വേറെ നിയമം എന്ന് ചിന്തിക്കുന്ന എന്‍റെ ഫ്രണ്ട് എന്നെ ദേഷ്യം പിടിപ്പിക്കുന്നു .,Anger
നമ്മുടെ സ്വകാര്യ വിവരങ്ങളൊക്കെ ബാങ്കിൽ സുരക്ഷിതമാണെന്ന് നമുക്കൊരു വിശ്വാസമുണ്ട്; ആ വിശ്വാസമാണ് ബാങ്ക് തകർത്തത്.,Anger
ഗ്യാസ് ഏജൻസി എന്‍റെ ഓഡർ കാന്‍സല്‍ ചെയ്തെന്ന മെസ്സേജ് എന്‍റെ മൊബൈലിൽ വരുന്നതെന്താ?,Surprise
"നിങ്ങൾ ഒരു നല്ല  ലീഡർ ആണ് , നിങ്ങൾതന്നെ ഈ സംരംഭത്തിന് നേതൃത്വം നൽകണം.",Happiness
ആളുകൾ ഇറങ്ങാൻ കാത്തുനിൽക്കാതെ   ഓടിക്കയറിയ മെട്രോ യാത്രക്കാരോട് എനിക്ക് വെറുപ്പ് തോന്നി.,Disgust
മഴക്കാടുകാളിൽ സിപ്പ് ലൈനിംഗ് നടത്തലൊക്കെ അപകടം അല്ലേ. എന്ത് സുരക്ഷാ നടപടികൾ ആണുള്ളത്?,Fear
"എന്‍റെ അച്ഛനെന്ന  നിലയിൽ, നിങ്ങൾ മുൻപൊന്നും  എനിക്കുവേണ്ടി ഉണ്ടായിരുന്നില്ല. ഇത്രയും വർഷങ്ങൾക്ക് ശേഷം നിങ്ങൾ എന്തിനാ ഇപ്പോ  വന്നിരിക്കുന്നെ?",Surprise
ഒരു ബാങ്ക് ജീവനക്കാരൻ മോശമായി പെരുമാറുന്നതിനെക്കുറിച്ചുള്ള എന്‍റെ ആശങ്ക ബാങ്ക് ഉദ്യോഗസ്ഥൻ കൈകാര്യം ചെയ്ത രീതി എനിക്കിഷ്ടപ്പെട്ടു.,Happiness
"അയ്യേ ! എന്തൊരു വൃത്തികേടാ ഈ മേശയിൽ , ഈ ഹോട്ടല്‍ ഒരു ചവറ്റുകുട്ട  പോലെ ഉണ്ട്!",Disgust
"അറിയോ, എന്‍റെ ക്രെഡിറ്റ് കാർഡിന് ഉപയോഗമുള്ള പല  ഗുണങ്ങളുണ്ട്. കഴിഞ്ഞ ദിവസം എയർപോർട്ട് ലോഞ്ചിലേക്ക് എനിക്ക് ഫ്രീ ആയിട്ട് എന്‍ട്രി കിട്ടി.",Happiness
"വൗ , ഈ പുതിയ സോഫ്റ്റ്വെയർ അപ്ഡേറ്റ് എല്ലാ ബഗുകളും പരിഹരിച്ചു. ലാപ്ടോപ്പ് പുതിയതു പോലെയാണ് തോന്നുന്നത്!",Surprise
ചില വിദ്യാർത്ഥികൾക്ക് ഒരു ശുചിത്വബോധവും ഇല്ല; കാമ്പസിൽ തോന്നിയ സ്ഥലത്തെല്ലാം മാലിന്യം വലിച്ചെറിയുന്നു.,Disgust
ഏതോ ബൾഗേറിയൻ ബേസ്മെൻ്റിൽ ഇരിക്കുന്ന ഒരു ഹാക്കറാണ് എന്‍റെ ഫോണിലെ സൈബർ സുരക്ഷാ ലംഘനത്തിന് കാരണമായതെന്ന് കേട്ടപ്പോ  ഞാൻ ഞെട്ടിപ്പോയി.,Surprise
കസ്റ്റമേഴ്‌സ് കുറെ സാരികൾ എടുത്തുനോക്കിയിട്ട് ഒന്നും വാങ്ങാതെ പോകുന്നത് കാണുമ്പോൾ കരച്ചിൽ വരും.,Sadness
എന്തിനാപ്പാ ഇക്കാലത്ത് എല്ലാ കച്ചവടക്കാരും അവരുടെ കച്ചവടത്തിനായി ലൗഡ്  സ്പീക്കർ  ഉപയോഗിക്കുന്നെ?,Anger
കുറച്ചു ആഴ്ചകൾക്ക് മുമ്പ് റിലീസ് ആയ ആ ചിത്രം പ്രൈമിലും റിലീസ് ആയി ! ഇപ്പോൾ അത് കാണാൻ തിയേറ്ററിൽ പോകേണ്ട ആവശ്യമില്ല !,Surprise
"ഈ ഹോട്ടലില്‍ എന്തൊരു ബഹളം, ചന്ത പോലെയുണ്ട് , ഇവിടെ വരുന്നതേ എനിക്ക് വെറുപ്പാ.",Anger
ഞാൻ നാളെ ടൗണിൽ കാണില്ല; വർഗീയ സംഘർഷങ്ങളെക്കുറിച്ച് ഓർത്താ എനിക്ക് ആശങ്ക.,Fear
"ഹോട്ടലിന്‍റെ ഡൈനിംഗ് ഏരിയയില്‍ ഒരു വൃത്തിയില്ലാത്തതു  കണ്ടപ്പോ എനിക്കാകെ അസ്വസ്ഥത തോന്നി, അവിടെ നിന്ന്  ഭക്ഷണം കഴിക്കാൻ എനിക്ക് തോന്നിയില്ല.",Disgust
"എന്‍റെ പേഴ്സിലാണെങ്കില്‍ വേണ്ടത്ര കാശില്ല, പെട്രോൾ വില മുമ്പൊരിക്കലും ഇല്ലാത്തത്രയാ കൂടിയേ.",Sadness
"എന്‍റെ ഫ്രിഡ്ജ് എന്താണ് ഈ  ഭയങ്കര ശബ്ദം ഉണ്ടാക്കുന്നതെന്ന് മനസിലാക്കുന്ന ഒരാളെ കിട്ടിയതു നന്നായി, ഇത് ആഴ്ചകളായി എന്നെ അലട്ടുന്നു!",Happiness
സ്ട്രീമിംഗ് ആപ്ലിക്കേഷനുകൾ ഒരു ദിവസം കേബിൾ ടിവിയുടെ സ്ഥാനം കൈയടക്കുമെന്ന് ഞാൻ ഒരിക്കലും കരുതിയില്ല.,Surprise
"സമയനിഷ്ഠയുടെയും സമര്‍ത്ഥമായ ഷെഡ്യൂളിംഗിന്‍റെയും പ്രാധാന്യം ഞാൻ വളരെ വ്യക്തമായി ഊന്നിപ്പറഞ്ഞതാണ് , എന്നിട്ടും മുറികൾ ഇങ്ങനെ വൃത്തിയില്ലാത്ത കാണുമ്പോൾ എനിക്ക് വളരെ നിരാശ തോന്നുന്നു !",Anger
ഈ വോയ്സ് റെക്കഗ്നിഷൻ സോഫ്റ്റ്വെയർ എത്ര കൃത്യതയോടെയാണ് ശബ്ദം തിരിച്ചറിയുന്നത്.,Surprise
കഴിഞ്ഞ ഞായറാഴ്‌ച എന്‍റെ ലിമിറ്റ്സ് മറികടക്കാൻ സഹായിക്കുന്ന  ഒരാളുടെ കൂടെ  വർക്  ഔട്ട് ചെയ്തു. അത് എനിക്ക് നല്ല എനർജി തന്നു .,Happiness
എനിക്ക്  ഇഷ്ടപ്പെട്ട ടീം ഇന്ന് നന്നായി കളിക്കാത്തതുകൊണ്ട്  എനിക്ക് വിഷമമുണ്ട്.,Sadness
കട ആകെ ഇരുണ്ടിരിക്കുന്നു. നമ്മൾ അവന്‍റെകൂടെ അകത്തേക്ക് പോകണമെന്ന് എനിക്ക് തോന്നുന്നില്ല. നിങ്ങൾ അകത്തേക്ക് പോയി പിന്നെ  തിരിച്ച്‌ വന്നില്ലെങ്കിൽ  ഞാൻ എന്താ ചെയ്യാ?,Fear
മുഷിഞ്ഞ മ്യൂസിയത്തിലേക്കും പൊടിപിടിച്ച പുരാവസ്തുക്കളിലേക്കും ഞാൻ സങ്കടത്തോടെ നോക്കി. ചരിത്രം കാണാൻ സന്ദർശകരൊന്നും ഉണ്ടായിരുന്നില്ല.,Sadness
"ഈ ചളുക്കം കൃത്യമായി ശരിയാക്കുന്നതാണ് നിങ്ങള്‍ക്ക് നല്ലത്, അല്ലെങ്കിൽ എന്തായാലും പ്രശ്നാവും!",Anger
അവരുടെ വിവാഹ വാർഷികം ആഘോഷിക്കാൻ ഞങ്ങൾ അവരെ ഡിന്നറിനു കൊണ്ടുപോയപ്പോൾ എന്‍റെ അച്ഛനും അമ്മയ്ക്കും  വളരെ സന്തോഷമായി .,Happiness
വണ്ടിയൊക്കെ ടൂർ കമ്പനി ശരിയാക്കും എന്നായിരുന്നു പറഞ്ഞിരുന്നത്; പക്ഷെ അവിടെ പോയപ്പോ വണ്ടിയും ഇല്ല ഒരു ടൂർ കമ്പനിയും ഇല്ല!,Anger
ഒരു ശ്രദ്ധയും ഇല്ലാത്ത  ആളുകൾ നടത്തിയ ഇൻസൈഡ് ട്രേഡിംഗ് മൂലമാണ് സ്റ്റോക്ക് മാർക്കറ്റ് തകർന്നത് എന്നത് ലജ്ജാകരമാണ്.,Disgust
ഞാൻ നിങ്ങളെ വിളിക്കാൻ തീരുമാനിച്ചതിൽ എനിക്ക് സന്തോഷമുണ്ട് . എന്റെ ഫ്രിഡ്ജിന് എന്താണ് കുഴപ്പമെന്നും നിങ്ങൾ അത് എങ്ങനെ നേരെയാക്കും എന്നതിനെക്കുറിച്ചുമുള്ള നിങ്ങളുടെ വിശദീകരണം എനിക്ക് വളരെയധികം ആത്മവിശ്വാസം നൽകുന്നു.,Happiness
മാനേജർ അയാള്‍ടെ ക്ലൈന്റിന്‍റെ മുറിയിൽ ഒളിച്ചിരുന്ന് അയാള്‍ടെ എതിരാളിയുടെ കൊട്ടേഷന്‍തുക നോക്കുന്നന്നേ.,Disgust
ഞാൻ വിചാരിച്ചത്ര കാലം എന്‍റെ സമ്പാദ്യം നിലനിൽക്കില്ലല്ലോ എന്നാ ആശങ്ക.,Fear
നീ  ആദ്യം ചെയ്യേണ്ടത് നെഗറ്റീവ് ആകുന്നത് നിർത്തി സ്വയം വിശ്വസിക്കാൻ തുടങ്ങുക എന്നതാണ്. നീ  എല്ലായ്‌പ്പോഴും നിന്നെ മോശമായി കാണുന്നു .,Disgust
ഹോട്ടൽ ജീവനക്കാരുടെ പെരുമാറ്റം  വളരെ മോശമാ. ഞാൻ ഒരു മത്തങ്ങ പോലെ   ഇരിക്കുന്നു എന്ന് അയാൾ  പറഞ്ഞു.,Sadness
കുപ്പി തുറക്കാൻ പോലും തോന്നാത്തത്ര കയ്പ്പും മണവുമൊക്കെയുള്ള  മരുന്നുകൾ എനിക്ക് തന്നിട്ടുണ്ട്.,Disgust
"ബഫെ റെസ്റ്റോറന്റിന്‍റെ സേവനം അതിശയകരമായിരുന്നു, അത് എന്‍റെ പ്രതീക്ഷകള്‍ക്കപ്പുറമായിരുന്നു!",Surprise
ഇന്നലെ ചെന്നൈയിൽ ഞാൻ പോയ ഒരു സ്റ്റോറിലെങ്കിലും  എനിക്ക് പ്രിയപ്പെട്ട ഇസോദ് ടി ഷർട്ട് കിട്ടാഞ്ഞതിൽ എനിക്ക് വിഷമമായി.,Sadness
ഇന്നലെ കിട്ടിയ സിലിണ്ടറിന് മുമ്പത്തേതിനേക്കാൾ വെയിറ്റ്  കുറവായതിൽ ഞാൻ അസ്വസ്ഥനാണ്. നമ്മൾ ഇപ്പോൾ കുറഞ്ഞ അളവിന്  കൂടുതൽ പണം നൽകുന്നുണ്ടോ എന്ന് എനിക്ക് നല്ല സംശയമുണ്ട്.,Anger
എന്‍റെ ഡ്രൈവിംഗ് സ്‌കിൽസ്  വീണ്ടും വിലയിരുത്തണമെന്ന ആശയം ഞാൻ വെറുക്കുന്നു. കഴിഞ്ഞ തവണ ഭയങ്കരമായിരുന്നു. പൈസ വാങ്ങുന്ന ഇൻസ്പെക്ടർമാര്‍ എന്നെ വെറുപ്പിച്ചു.,Disgust
"ആ കാർ  എത്ര പഴയതാന്നു  നോക്കൂ. സീറ്റുകളൊക്കെ  കീറി, അതിൽ നിന്ന് എന്തൊരു നാറ്റ വരുന്നേ.",Disgust
പാരീസിലെ പ്രാദേശിക ആർട്ട് ഗാലറികൾ ഇത്രയും വൈവിധ്യമാർന്ന ഐറ്റെംസ് അവതരിപ്പിക്കുമെന്ന് ഞാൻ സ്വപ്നേപി കരുതിയില്ല.,Surprise
മാർക്കറ്റിന്‍റെ അവസ്ഥയെക്കുറിച്ച് എനിക്ക് നല്ല ആശങ്കയുണ്ട്. കാര്യങ്ങൾ കൂടുതൽ വഷളായാ എന്ത ചെയ്യാ ?,Fear
അവൾടെ  ഒരു പ്രത്യേക മാനസികാവസ്ഥയാ. അതാ  അവൾ എന്‍റെ ഷർട്ടിൽ മുഴുവൻ തുപ്പുന്നെ.,Disgust
ടോക്കിയോയിലെ ചെറി പൂക്കളുടെ കാഴ്ച എനിക്ക് ഒത്തിരി ഇഷ്ടായി.,Happiness
ഈ കൊറിയർ കമ്പനി ശരിയല്ലപ്പാ. ഞാൻ മുൻകൂറായി പണമടച്ചതാണ്.  ഇപ്പോൾ അവർ എന്നോട് പറയുന്നു പൈസ അടച്ചിട്ടില്ലെന്ന് !,Anger
അയ്യയ്യോ! ടാക്സ്  ഫയൽ ചെയ്യുന്ന തീയതി വളരെ അടുത്തെത്തി എന്ന്  ഞങ്ങളെ ഓർമ്മിപ്പിക്കാൻ അവർ വിളിച്ചു.,Sadness
"മിസ്റ്റർ ബീൻ പെയിന്‍റിങ്ങിലുടനീളം തുമ്മി, എന്നിട്ട് വിയർപ്പ് നിറഞ്ഞ തൂവാല കൊണ്ട് അതിൽ തുടച്ചു.",Disgust
ഈ ഞായറാഴ്ച ഒരു മൈൽ നീന്തീട്ട് അത് കഴിഞ്ഞ് ഞാൻ പത്ത്  ദോശ കഴിച്ചു. അടുത്തയാഴ്ചയും  ഞാൻ അങ്ങനെ ചെയ്യും .,Happiness
ബഹിരാകാശ പര്യവേഷണം  നടത്തുന്നതിലൂടെയുള്ള  വിഭവങ്ങളുടെ പാഴാക്കലും പരിസ്ഥിതിയ്ക്ക് ദോഷം വരുത്താനുള്ള അതിന്‍റെ  സാധ്യതയും ആലോചിക്കുമ്പോ എനിക്ക്  വെറുപ്പാണ്.,Disgust
ഞാൻ അവിടുത്തെ ആദിവാസികളുടെ കൂടെ ഡാൻസ് ഒക്കെ ചെയ്തു; നല്ല രസമായിരുന്നു.,Happiness
ഈ കളി ചെറിയ കുട്ടികൾക്കുള്ളതാ. ഇപ്പഴും നിങ്ങളെപ്പോലുള്ള മുതിർന്നവര്  ഇത് എങ്ങനെയാ കളിക്കണേ ?,Disgust
കാനറ ബാങ്കിൽ ഒരു വലിയ ലോക്കറിന് അപേക്ഷിച്ച് അത് കിട്ടിയപ്പോൾ നിധി കിട്ടിയ പോലെ ആയിരുന്നു ഞങ്ങൾക്ക്.,Happiness
എന്‍റെ ഇൻകം ടാക്‌സിനു  പുറമെ  വിദേശത്തേക്ക് പണമയക്കുന്നതിനു  ഇരുപത് ശതമാനം നികുതി ചുമത്തുന്നത് എന്‍റെ രക്തം തിളപ്പിക്കുന്നു.,Anger
നിനക്കറിയോ ഇന്ന് മെട്രോയിൽ അധികം തിരക്ക് ഉണ്ടായിരുന്നില്ല. എനിക്ക് ഒരു സീറ്റ് കിട്ടീ .,Happiness
വാഹന രജിസ്‌ട്രേഷനു വേണ്ടി അപേക്ഷിച്ചപ്പോഴാ ആർ.ടി.ഒ. ഓഫീസിലെ നിയമങ്ങൾ നിനച്ചപോലെ മാറുന്നത്.,Anger
കഴിഞ്ഞയാഴ്ച നടന്ന ലോക്കൽ  ടൂർണമെന്റിൽ ഫുട്ബോൾ റഫറിയുടെ തീരുമാനങ്ങള്‍ വളരെ പക്ഷപാതപരമായി.,Anger
"വേഗം എന്നെ തിരിച്ച് ബോട്ടിൽ കയറ്റൂ, വെള്ളത്തിൽ ഒരു സ്രാവ് ഉണ്ട്.",Fear
ആ കുട്ടിയെ കണ്ടോ? എത്ര സിമ്പിളായിട്ടാണ് ആ കയറിൻ്റെ മുകളിലൂടെ നടക്കുന്നത്!,Surprise
സീരീസിന്‍റെ  അടുത്ത ഭാഗം വായിക്കാൻ തുടങ്ങുന്നതിൽ ഞാൻ വളരെ ത്രില്ലിലാ !,Happiness
"നല്ലൊരു ഫ്രിഡ്ജ് ആണ്  ഞാൻ പ്രതീക്ഷിച്ചത് , പക്ഷേ അതിന്‍റെ ഓരോ പ്രശ്നങ്ങൾ കൈകാര്യം ചെയ്ത് ഞാൻ മടുത്തു.",Sadness
ഹെൽത്ത്  സെന്ററിൽ നിന്ന്  നൽകുന്ന മരുന്നുകൾ എക്സ്പയറി കഴിഞ്ഞതായി   തോന്നുന്നു.,Fear
നിങ്ങൾക്ക് ഒരു ജോടി പോലും ഫുട്ബോൾ സ്റ്റഡുകൾ ബാക്കിയില്ലെ? അപ്പോ നാളത്തെ മത്സരം കളിക്കാൻ പറ്റില്ലാന്നാ  എനിക്ക് തോന്നണേ .,Sadness
നീ ഒരു കഴുത തന്നെ . അവന്‍റെ  അടുത്ത് ആരും ഇല്ലാതിരുന്നപ്പോ  നീ  അവന് പന്ത് പാസ് ചെയ്യണായിരുന്നു. ഫീൽഡിൽ നീ എന്ത് അലോചിച്ചിട്ടാ നിന്നേ ?,Anger
ഈ കമ്പനിയുടെ ഇൻസൈഡർ ട്രേഡിങ്ങിന്‍റെ ചരിത്രം തീർത്തും ലജ്ജാകരമാണ്.,Disgust
ഈ സംഗീതം ഒരു സുഖമുണ്ടാവില്ല. മാത്രമല്ല ചില നന്നല്ലാത്ത  ഓർമ്മകൾ ഉണ്ടാക്കുമോയെന്നും  തോന്നുകാ.,Fear
എനിക്ക് ഈ പ്ലാറ്റ്ഫോം ഇഷ്ടമല്ല. വീഡിയോസ് ഉണ്ടാക്കുന്നവർക്കു  അവർ വളരെ കുറച്ച് കാശേ കൊടുക്കൂ.,Disgust
"ഞാൻ ഗാരേജിലേക്ക് നടന്നു,  അകത്ത് മുഴുവൻ ചെളിയും വഴുവഴുപ്പും ആയതിനാൽ  അത് ചവിട്ടാതെ അവിടെ നിൽക്കാൻ കഴിയില്ല.",Disgust
നിങ്ങളുടെ ജീവനക്കാർ ഒരു വൃദ്ധനോട്  ബഹുമാനമില്ലാതെ പെരുമാറുന്നത് കണ്ടപ്പോ എനിക്ക്  ദേഷ്യം വന്നു.,Anger
സിനിമ  വളരെ ഗൗരവമുള്ളതാകുമോ എന്നും  എനിക്ക് അത് കൈകാര്യം ചെയ്യാൻ കഴിയുമോയെന്നുമാണ് ഞാന്‍  വിചാരിക്കുന്നത്.,Fear
വളരെ പരിതാപകരമാണ് സ്കൂൾ ലൈബ്രറിയുടെ അവസ്ഥ; ഒരു വൃത്തിയും ഇല്ലെന്ന് മാത്രമല്ല ഒരു പുസ്‌തകം കിട്ടണമെങ്കിൽ ലൈബ്രറി മൊത്തം തിരയണം.,Disgust
കോമ്പൗണ്ട് മതിൽ  ഇത്ര നന്നായി വരുമെന്ന് ഞാൻ പ്രതീക്ഷിച്ചിരുന്നില്ല – ഇതൊരു മായാജാലം പോലെയാണ്! ഒരു മാന്ത്രിക കൊത്തുപണിക്കാരന്‍റെ അത്ഭുതകരമായ കൊത്തുപണിയാണിത്.,Surprise
നിങ്ങള് കേൾക്കുന്നുണ്ടോ?  ഇങ്ങനെ പലതവണ ആവർത്തിക്കേണ്ടി വരുന്നത് കഷ്ടമാണ് ഹേ.,Anger
ബ്രൂസ് ലീ പെട്ടെന്ന് ഒരു സ്വപ്നത്തിൽ എൻ്റെ മുന്നിൽ പ്രത്യക്ഷപ്പെട്ടപ്പോൾ ഞാൻ വാ പൊളിച്ച് നിന്നുപോയി.,Surprise
"എന്‍റെ മുൻകാല പരാജയങ്ങൾ എന്‍റെ സ്ട്രെസ്സിനു കാരണമായത് എങ്ങനെയെന്നത്  അതിശയം തന്നെയാണ്, കൗൺസിലിംഗ്  കൊണ്ടാണ്   അത് മാറ്റിയെടുക്കാൻ പറ്റിയത്.",Surprise
"ഒരു അഡിക്ഷൻ കൗൺസിലർ എന്ന നിലയിൽ, മദ്യത്തിനും മയക്കുമരുന്നിനും അടിമകളായവർക്ക് ചികിത്സ നിഷേധിക്കുന്നതും, തകർന്ന വ്യവസ്ഥിതിയെയും വെറുക്കുന്നു.",Disgust
"നവീകരിക്കുന്ന സമയത്ത്   അടുക്കള  തകർന്നതായി സങ്കൽപ്പിക്കുന്നത് അൽപ്പം സങ്കടമുള്ള കാര്യമാണ്, കാരണം ആ സ്ഥലവുമായി ബന്ധപ്പെട്ട പല  ഓർമ്മകൾ എനിക്കുണ്ട്.",Sadness
ഇവിടെ കൊൽക്കത്തയിലെ കച്ചവടക്കാരുടെ  അതിസാമർത്ഥ്യം സഹിക്കാൻ പറ്റുന്നതല്ല.,Disgust
എന്‍റെ കമ്പനിയുടെ ഓഹരി മൂല്യത്തിലെ പെട്ടെന്നുള്ള ആ ഇടിവ് കണ്ടപ്പോൾ ഞാൻ ആകപ്പാടെ തകർന്നുപോയി.,Sadness
യാത്രയ്ക്കിടെ ആറ്  സീറ്റുകളുള്ള ഒരു ചെറിയ വിമാനം കാറ്റിൽ ആടിയുലഞ്ഞതിനാൽ ഞാൻ പേടിച്ച് സീറ്റിന്‍റെ ഹാൻഡിലുകൾ മുറുകെ പിടിച്ചിരിക്കുവായിരുന്നു.,Fear
ഞങ്ങടെ കമ്പനി എന്നെ അവരുടെ പുതിയ സി.എം.ഒ. ആയി പ്രഖ്യാപിച്ചഡേയ്.,Happiness
"ഈ വിഷയം എനിക്ക് ഇഷ്ടമല്ല, അതുമായി ബന്ധപ്പെട്ട പുസ്തകങ്ങൾ വായിക്കുന്നതേ ഓര്‍ക്കാന്‍ വയ്യ.",Fear
ദയവായി എന്നെ ഗോഡൗണിലേക്ക് അയയ്ക്കരുതേ . അവടെ ആകെ ഇരുട്ടാണ്.,Fear
"ഞാൻ നിങ്ങളോട് ശരിയായി സംസാരിക്കാത്തതോണ്ട് , നിങ്ങൾ എന്നെ ബോർഡിംഗ് സ്കൂളിൽ ചേർക്കാൻ പോകാണോ?",Fear
വിശന്നു വലഞ്ഞ  ഒരു യാചകൻ   ഞാൻ കൊടുത്ത ഭക്ഷണം ഒരു കൂസലുമില്ലാതെ ചവറ്റുകുട്ടയിലേക്ക് എറിഞ്ഞപ്പോൾ എന്‍റെ മുഖം ദേഷ്യം കൊണ്ട് ചുവന്നു.,Anger
മൂത്ത സഹോദരന്‍റെ വിവാഹ ആഘോഷങ്ങളിൽ നിന്ന് അനിയനെ  അവന്‍റെ മാതാപിതാക്കൾ മാറ്റിനിർത്തിയപ്പോൾ എനിക്ക്  അവനോട് സഹതാപം തോന്നി .,Sadness
മ്യൂസിക് പ്രാക്ടീസില്‍ എന്‍റെ മോനെ മറ്റ് വിദ്യാർത്ഥികൾ ഭീഷണിപ്പെടുത്തുകയും പുറകിലേക്ക് തള്ളുകയും ചെയ്യുന്നുവെന്ന് കേട്ടപ്പോ ഞാൻ ഞെട്ടിപ്പോയി.,Surprise
"എന്നിരുന്നാലും, പ്രോഡക്ട് വളരെ ചീപ്പ്  ആണെന്ന് ഞങ്ങളുടെ സമീപകാല കസ്റ്റമേഴ്സിൽ  നിന്ന് ഞങ്ങൾക്ക് കുറെ പരാതികൾ കിട്ടി .",Sadness
ചില ഫാന്‍സ്‌ മോശം ഭാഷ ഉപയോഗിക്കുന്നത് വല്ലാതെ  അസ്വസ്ഥതയുണ്ടാക്കുന്നു.,Disgust
പുസ്തക വിൽപ്പനക്കാരൻ  കടയില്‍ വന്ന സ്ത്രീകളെ നോക്കുന്ന രീതി എനിക്ക് ഇഷ്ടപ്പെട്ടില്ല .,Disgust
"ഞങ്ങൾ മുഴുവൻ ടാക്സി ജീപ്പിന്‍റെ ഡ്രൈവറെ തിരയുകയായിരുന്നു, ജീപ്പിന് പുറത്ത് തൂങ്ങിക്കിടക്കുന്നത് ഡ്രൈവറാണെന്ന് മനസിലായപ്പോൾ  ഞാൻ പൊട്ടിച്ചിരിച്ചു.",Happiness
ചില ബൈക്കുകളിൽ എനിക്ക് കിട്ടാവുന്ന   വേഗതയും സാങ്കേതികവിദ്യയും എന്നെ അത്ഭുതപ്പെടുത്തുന്നു.,Surprise
എന്‍റെ ഭാര്യയെ കളിയാക്കരുത്! സൂക്ഷിച്ചു സംസാരിക്കുന്നതാ തനിക്കു നല്ലത് !,Anger
എന്‍റെ കിടപ്പുമുറിയിൽ പേഴ്സണലൈസ് ചെയ്ത എന്തെകിലും ഐറ്റം  ഉണ്ടായിരിക്കുന്നത് എത്ര നല്ലതാണ്.,Happiness
ഡൽഹിയിലേക്കുള്ള യാത്രയിൽ മുകളിലെ ബെർത്ത് ബുക്ക് ചെയ്യാനും നന്നായി ഉറങ്ങാനും റെയിൽവേ ബുക്കിംഗ് ക്ലാർക്ക് എന്നെ ഉപദേശിച്ചപ്പോൾ എനിക്ക് നന്ദി  തോന്നി.,Happiness
സീനിയറിന്‍റെ ബിരുദദാന പ്രസംഗം എല്ലാവരേം കരയിപ്പിച്ചു.,Sadness
"നമ്പർ ക്രഞ്ചിംഗിനിടയിൽ, നികുതി സമയത്ത് നമ്മുടെ വാലറ്റുകളെ പുഞ്ചിരിപ്പിക്കുന്ന ഒരു തന്ത്രം ഞങ്ങൾ കണ്ടുപിടിച്ചൂ!",Happiness
ആളുകൾ എന്നെ വിളിച്ച് എന്റെ ബാങ്ക് അക്കൗണ്ട് ഡീറ്റേൽസ് സാധൂകരിക്കാൻ ഒ.ടി.പി. ചോദിക്കുന്നതേ എനിക്ക് പേടിയാ.,Fear
"ഞാൻ ഇന്നലെ വാങ്ങിയ പഴമാണ് , പക്ഷേ ഇപ്പത്തന്നെ അത് ചീഞ്ഞുപോയി.",Sadness
"ഇന്നലെ രാത്രി എന്റെ കൈയിൽ നിന്ന് അറിയാതെ ഹോസ്റ്റൽ മെസ്സിലെ ഒരു ടാപ്പ് പൊട്ടി , അവർ എന്നെ ചീത്ത പറയുമോ എന്തോ.",Fear
എന്റെ ജോലിസ്ഥലത്ത് പ്രൊഫഷണലുകളുടെ കഴിവില്ലായ്മയുമായി ഞാൻ എന്റെ ക്ഷമയുടെ നെല്ലിപ്പടി കണ്ടു.,Anger
"അത് ടാക്സ് ഓഫീസർമാരുടെ തെറ്റാണ്, നിങ്ങളോട് കൂടുതൽ ടാക്സ് അടക്കേണ്ടി വരുമെന്ന് പറയുന്നതിൽ വിഷമണ്ട്.",Sadness
കോമ്പൗണ്ട് മതിൽ ഇത്ര നന്നായി വരുമെന്ന് ഞാൻ പ്രതീക്ഷിച്ചിരുന്നില്ല ഇതൊരു മായാജാലം പോലെയാണ്! ഒരു മാന്ത്രിക കൊത്തുപണിക്കാരന്റെ അത്ഭുതകരമായ കൊത്തുപണിയാണിത്.,Surprise
പകർച്ചവ്യാധിയുടെ മറ്റൊരു തരംഗം വരുന്നുണ്ടെന്ന് ഞാൻ വിചാരിച്ചു. അതൊരു വ്യാജ മുന്നറിയിപ്പ് ആയിരുന്നോ?,Surprise
ഹോട്ടലിന്റെ അടുക്കളയിൽ ശുചിത്വമില്ലാത്തതിൽ ഞാൻ ശരിക്കും അസ്വസ്ഥനായിരുന്നു. വൃത്തികെട്ട പാത്രങ്ങളും അശുദ്ധമായ കൗണ്ടറുകളും കാണുന്നത് തന്നെ വെറുപ്പാണ് .,Anger
ചെയ്ത പണിയോ മോശം. എന്നിട്ടും പ്ലാനർ അയാൾടെ തെറ്റ് അംഗീകരിച്ചില്ല.,Disgust
"വളരെ പരിതാപകരമാണ് സ്കൂൾ ലൈബ്രറിയുടെ അവസ്ഥ, ഒരു വൃത്തിയും ഇല്ലെന്ന് മാത്രമല്ല ഒരു പുസ്തകം കിട്ടണമെങ്കിൽ ലൈബ്രറി മൊത്തം തിരയണം.",Disgust
നിങ്ങൾ ഇൻസ്റ്റാൾ ചെയ്ത മോഡുലാർ കിച്ചൺ എനിക്ക് തീരെ ഇഷ്ടമായില്ല .,Anger
വീട്ടിൽ കറന്റ് പോകുകയും മെർക്കുറി നാൽപ്പത് ഡിഗ്രി സെന്റിഗ്രേഡിൽ എത്തുകയും ചെയ്ത അവസ്ഥ!,Sadness
കൃത്യമായ ലൊക്കേഷൻ കണ്ടുപിടിക്കുന്നതിൽ കൺഫ്യൂഷൻ ഉണ്ട്. ഞങ്ങൾ വഴി തെറ്റിപ്പോവുമോ എന്നൊരാശങ്ക.,Fear
ഒരിക്കലും ഒഴിവാക്കാൻ കഴിയില്ലെന്ന് ഞാൻ കരുതിയ എന്റെ ബോസിനെ പുറത്താക്കിക്കൊണ്ട് ലീഡർഷിപ്പ് ടീം ഒരു ബോംബ് പൊട്ടിച്ചു.,Surprise
അത് കൊള്ളാലോ! എന്റെ ഉറ്റ സുഹൃത്തിനായി ഞാൻ ഒരു സർപ്രൈസ് പാർട്ടി പ്ലാൻ ചെയ്യുകയാണ്.,Surprise
വൗ ! എന്റെ മോഡുലാർ കിച്ചൺ ഓർഡറിനുള്ള പെട്ടെന്നുള്ള ടേൺറൗണ്ട് സമയം എന്നെ അത്ഭുതപ്പെടുത്തുന്നു. ഇത് ഇത്ര വേഗം റെഡിയാകുമെന്ന് ഞാൻ വിചാരിച്ചിരുന്നില്ല!,Surprise
ആ ബ്രോഡ് വേ നാടകത്തിലെ സംവിധാനം വളരെമോശമായിരുന്നു. സംവിധായകന് ഒന്നും അറിയാത്ത പോലെ എനിക്ക് തോന്നി.,Disgust
"കുറെ കരയാനുള്ള സിനിമകൾ ഞാൻ കാണാറില്ല, അതെനിക്ക് ഭയങ്കര ബുദ്ധിമുട്ടാ.",Sadness
ഞാൻ ഓൺലൈനിൽ ഒരു ലാപ്ടോപ്പ് ഓഡർ ചെയ്തതാരുന്നു. അങ്ങനെ ചെയ്ത എന്റെ ഒരു അയൽവാസിക്ക് ലാപ്ടോപ്പിന് പകരം കിട്ടിയത് ഒരു ഇഷ്ടികയാത്രേ.,Fear
ആവശ്യമായ ചില ഡോക്യുമെന്റുകൾ ഇല്ലാത്തതിനാൽ എന്റെ കുട്ടിയുടെ അക്കൗണ്ട് തുറക്കുന്നതുമായി ബന്ധപ്പെട്ട് ബാങ്കിൽ ചില പ്രശ്നങ്ങൾ ഉണ്ടായി.,Sadness
ജൂൺ മാസത്തിൽ ചെന്നൈയിൽ ഇതുപോലത്തെ കനത്ത മഴ കാണുന്നത് ആയിരത്തി തൊള്ളായിരത്തി തൊണ്ണൂറ്റി ആറിന് ശേഷാണ്.,Surprise
"ഏകാന്തത അനുഭവിക്കുന്ന വൃദ്ധരുടെ ഡോക്യുമെന്ററികൾ ഞാൻ കാണുന്ന സമയത്ത് , എനിക്ക് പ്രായമാകുമ്പോൾ എങ്ങനെയായിരിക്കും എന്നതിന്റെ ഓർമ്മപ്പെടുത്തലായാണ് തോന്നുന്നത് .",Sadness
എന്റെ പ്രശ്നം മനസ്സിലാക്കി കേടുവന്ന സാധനം തിരിച്ചെടുക്കാനുള്ള നിങ്ങളുടെ സന്നദ്ധതയ്ക്ക് നന്ദി.,Happiness
"നിങ്ങൾക്ക് വളരെ പ്രായമായില്ലേ ,നിങ്ങൾ എന്നിട്ട് ഇപ്പോഴും എല്ലാ ദിവസവും പത്ത് കിലോമീറ്റർ നടക്കുന്നുണ്ടോ?",Surprise
നിങ്ങളുടെ അക്കൗണ്ട് എന്തുകൊണ്ടാണ് ക്ലോസാക്കാന് തീരുമാനിച്ചത് എന്ന് മനസ്സിലാകുന്നേയില്ല.,Surprise
"മത്സരം കാണാമെന്ന് ഞാൻ വിചാരിച്ചതാ, പക്ഷേ പിന്നെ ഞാൻ മറ്റ് ജോലികളിൽപ്പെട്ട് തിരക്കായിപ്പോയി.",Sadness
"റോളർകോസ്റ്റർ വേണോ വാട്ടർ റൈഡ് വേണോ എന്ന് ഞാൻ തീരുമാനിക്കും, കേട്ടോ.",Anger
ഞാൻ സന്ദർശിച്ച ഗുഹയേക്കാൾ കൂടുതൽ സമയം ചെലവഴിച്ചത് ടാക്സിയിലാണല്ലോ!,Sadness
കേടായ ഭക്ഷണം കഴിച്ചതിന് ശേഷം നിനക്ക് കുഴപ്പമൊന്നുമില്ലെന്ന് എനിക്ക് തോന്നുന്നില്ല.,Fear
വൗ ! എനിക്ക് ഏറ്റവും ഇഷ്ടപ്പെട്ട കടയിൽ ഇപ്പൊ പല ഓഫറുകളും ഉണ്ട് . ഞാൻ ഇപ്രാവശ്യം ധാരാളം ഡ്രസ്സുകൾ എടുക്കും .,Surprise
എന്റെ ഫണ്ടുകളുടെ കാര്യങ്ങൾ നോക്കാൻ ഒരു അഡ്വൈസറെ ആദ്യം കിട്ടാത്തതിൽ എനിക്ക് എന്നോട് തന്നെ ദേഷ്യം തോന്നുന്നു .,Anger
"ഇത് ഒരു പുതിയ ക്ലയന്റ് ആണെന്ന് കണക്കിലെടുത്ത്, നമ്മൾ അവരെ ശ്രദ്ധിക്കണം, അല്ലെങ്കിൽ നമുക്ക് ഈ വരുമാനം വളരെ വേഗത്തിൽ നഷ്ടപ്പെടും.",Fear
"എന്റെ ഭക്ഷണ നിയന്ത്രണങ്ങൾ കണക്കിലെടുക്കുമ്പോൾ, ഭക്ഷണ ക്രമം കൃത്യമാകുമോ എന്നതിനെക്കുറിച്ച് ഞാൻ അൽപ്പം പരിഭ്രാന്തി തോന്നിത്തുടങ്ങി.",Fear
ഇന്ന് എന്റെ വിദ്യാർത്ഥികളിൽ ഒരാൾ എന്നെ ലിങ്ക്ഡിനിൽ പരാമർശിച്ചപ്പോ എനിക്ക് വളരെ സന്തോഷം തോന്നി.,Happiness
ഒരു കസ്റ്റമർ പറയുന്നത് കേൾക്കാൻ തയ്യാറല്ലെങ്കിൽ നിങ്ങൾ ഫീഡ്ബാക്ക് ചോദിക്കരുത്.,Anger
"കഴിഞ്ഞ ദിവസം എന്റെയൊരു സുഹൃത്ത് വിളിച്ച് കൊച്ചിന്റെ അഡ്മിഷനാണ് കുറച്ച് കാശ് വേണമെന്ന് പറഞ്ഞു, രണ്ട് ദിവസത്തിനകം തിരിച്ചുതരാമെന്നും പറഞ്ഞു, ഇപ്പോള്‍ വിളിച്ചിട്ട് കോള്‍ എടുക്കുന്നില്ല.",Disgust
തന്റെ ഇയർഫോണിന് തീപിടിച്ചതായി ഒരു കസ്റ്റമർ പറഞ്ഞു. അതുകൊണ്ട് ചിലപ്പോ ഞങ്ങൾക്ക് കോടതിയിൽ കേസ് വന്നേക്കാം.,Fear
"ഞങ്ങൾക്ക് ചില അപ്രതീക്ഷിതമായ സാമ്പത്തിക പ്രശ്നങ്ങൾ നേരിടേണ്ടി വന്നിട്ടുണ്ട്, ഫീസ് അടയ്ക്കാൻ ഇനിയും വൈകും.",Sadness
നിങ്ങളിൽ നിന്നുള്ള ഒരു അനാദരവും ഞാൻ സഹിക്കില്ല.,Anger
അവള് എന്നെ അടിക്കാനോങ്ങിയപ്പോ ഞാൻ ആകെ വിറച്ചുപോയി.,Fear
"ചില കസ്റ്റമേഴ്സ് എന്തൊരു ശല്യാ. ഇന്നലെ ഗേറ്റിൽവെച്ച് അവർ ആക്രോശിച്ച് എന്റെ വഴി തടഞ്ഞു, എന്നെ വീട്ടിലേക്ക് പോകാൻ സമ്മതിച്ചില്ല !",Anger
ചില ആളുകൾ എന്തൊരു വെറുപ്പിക്കലാ. പാട്ടുനന്നാവാത്തതിന് അവർ ഗായകന് നേരെ തക്കാളി എറിഞ്ഞു.,Disgust
"ഹോട്ടലിന്റെ മതിലുകൾ വളരെ നേർത്തതാണ്, അപ്പുറത്തെ മുറികളിൽ നിന്ന് വെറുപ്പിക്കുന്ന ശബ്ദങ്ങൾ എനിക്ക് കേൾക്കാം.",Disgust
നിങ്ങൾ റേറ്റിംഗ് നൽകുകയും അതിനെക്കുറിച്ച് എഴുതുകയും ചെയ്യുന്നതിനുമുമ്പ് ഈ പ്രശ്നങ്ങൾ പരിഹരിക്കാൻ എനിക്ക് ഒരു അവസരം തരൂ .,Fear
എന്നോട് മോശമായി സംസാരിച്ചതിന് നിങ്ങളുടെ ക്ഷമാപണം സ്വീകരിച്ചിരിക്കുന്നു.,Happiness
"രണ്ടായിരം രൂപയുടെ നോട്ടുകൾ സർക്കാർ പിൻവലിച്ചപ്പോൾ പൊതുജനങ്ങളും ,ക്രിമിനലുകളും ഒരുപോലെ ഞെട്ടി.",Surprise
കർണാടകയിൽ ടൂറിസ്റ്റുകൾക്ക് കന്നഡ അറിയാത്തതിനാൽ അവരോടുള്ള ചില പ്രദേശവാസികളുടെ പെരുമാറ്റം വെറുപ്പിച്ചു.,Disgust
ഈ കടയിൽ യൂസ്ഡ് പുസ്തകങ്ങൾ വിൽക്കുന്നുവെന്ന് ഞാനറിഞ്ഞു. എന്നാൽ ഈ പുസ്തകങ്ങൾ കീറി വളരെ മോശാവസ്ഥയിലാണല്ലോ.,Disgust
നെറ്റ്ഫ്ലിക്സിൽ സിനിമകൾ കാണുമ്പോൾ വി.പി.എൻ. ഉപയോഗിക്കരുത്. അങ്ങനെ ചെയ്താൽ ചിലപ്പോ നിങ്ങൾക്ക് പിഴ കിട്ടും.,Fear
സാമ്പത്തിക വ്യവസായത്തിന്റെ ചില ഏരിയകളിലെ നിയന്ത്രണത്തിന്റെ അഭാവം എന്നെ ഞെട്ടിച്ചു.,Surprise
റെഡിമെയ്ഡ് ഫർണിച്ചറുകൾ വാങ്ങാനുള്ള പ്രതീക്ഷയിൽ ഞാൻ ശരിക്കും ത്രില്ലിലാണ് .,Surprise
പ്രൊമോഷന് പരിഗണിക്കപ്പെടാൻ എനിക്ക് ഭാഗ്യമുണ്ടായില്ല.,Sadness
ഉപഭോക്താക്കൾ നമ്മുടെ ലോയൽറ്റി പ്രോഗ്രാമൊന്നും പ്രയോജനപ്പെടുത്താത്തപ്പോൾ മനസ്സുമടുക്കും.,Sadness
ഞങ്ങളുടെ ടീമിന്റെ വലിപ്പം കുറച്ചത് ഓഫീസിൽ അരക്ഷിതാവസ്ഥ ഉണ്ടാക്കി .,Sadness
എന്റെ ഭർത്താവ് ഇന്ന് കുടിച്ചിട്ട് വീട്ടിൽ വന്നു . അങ്ങേര് എന്നെ അടിക്കുമെന്നാ തോന്നുന്നേ.,Fear
ഐ.ടി.സി. ഹോട്ടൽ മാനജർ അവരുടെ മികച്ച ക്വാട്ടർ റിസൾട്ടുകൾ പ്രഖ്യാപിച്ചതിന് ശേഷം സന്തോഷത്തോടെ ഡാൻസ് ചെയ്യുന്നത് ഞാൻ കണ്ടു.,Happiness
"അവസാനം, ഞങ്ങൾക്ക് വേണ്ടി സംസാരിക്കാൻ നിങ്ങൾ തയ്യാറായതിൽ എനിക്ക് സന്തോഷമുണ്ട് .",Happiness
"ഇവിടെ സന്നിഹിതരായ നിങ്ങൾക്കെല്ലാവർക്കും ഗുഡ് മോണിംഗ് . ഈ ക്വാട്ടറിൽ നമ്മുടെ സെയിൽസ് ഇരട്ടിയായി, ഒരു ദശലക്ഷത്തിലധികം റിപീറ്റ് ഓഡറുകൾ ലഭിക്കുകയും ചെയ്തു.",Happiness
കളപറിക്കൽ സമയത്ത് അബദ്ധത്തിൽ ചില റോസ് ചെടികൾ പറിച്ചെടുത്തതുകൊണ്ട് ഞാൻ എന്റെ തോട്ടക്കാരനെ അപ്പോൾത്തന്നെ ഒഴിവാക്കി.,Anger
ജി.എസ്.എൽ. വി. റോക്കറ്റിന്റെ വിക്ഷേപണം ലോഞ്ച്പാഡിൽ നിന്ന് ആകാശത്തേക്ക് ഉയർന്ന് പൊട്ടിത്തെറിക്കുന്നത് വരെ കണ്ടപ്പോൾ ഞാൻ സ്തംഭിച്ചു നിന്നുപോയി .,Surprise
ഞാൻ നിന്നെ പരിഹസിച്ചതാടോ. നിന്റെ പെർഫോമൻസിൽ ഞാൻ ഹാപ്പിയായിരുന്നു.,Happiness
"ആ കടക്കാരൻ ദുരിയൻ പഴം മുറിച്ചപ്പോൾ എനിക്ക് ഓക്കാനം വന്നു, അമ്മാതിരി മണമായിരുന്നു അതിന്.",Disgust
"ഭക്ഷണം കിട്ടാൻ കുറെ സമയമെടുത്തു, അപ്പോഴേക്കും ഞങ്ങൾക്ക് നന്നായി വിശന്നിരുന്നു.",Sadness
ചില കമ്പനികൾ അവരുടെ ജീവനക്കാരെ ബാധിക്കുന്നതൊന്നും നോക്കാതെ ഓരോ പ്രോസസുകൾ ഓട്ടോമേറ്റ് ചെയ്യാൻ എ.ഐ. ഉപയോഗിക്കുന്നതിൽ എനിക്ക് ദേഷ്യമുണ്ട്.,Anger
"ഹോട്ടലിന്റെ ഡൈനിംഗ് ഏരിയയില് ഒരു വൃത്തിയില്ലാത്തതു കണ്ടപ്പോ എനിക്കാകെ അസ്വസ്ഥത തോന്നി, അവിടെ നിന്ന് ഭക്ഷണം കഴിക്കാൻ എനിക്ക് തോന്നിയില്ല.",Disgust
താൻ കണ്ടുപിടിച്ച ആറ്റം ബോംബ് വിതച്ച നാശനഷ്ടങ്ങളെയോർത്ത് ഓപ്പൺഹൈമർ തന്നെ കരഞ്ഞുപോയി.,Sadness
മാർക്കറ്റ് കറക്ഷന്റെ സാധ്യത തീരെയുണ്ടെന്ന് തോന്നുന്നില്ല.,Fear
തുർക്കി ഭൂകമ്പത്തിൽ നിന്നുള്ള ദൃശ്യങ്ങളിൽ മനുഷ്യരുടെ വല്ലാത്ത കഷ്ടപ്പാടുകൾ കണ്ടപ്പോ എനിക്ക് വിഷമം തോന്നി.,Sadness
മീറ്റിങ്ങുകളോ ഒത്തുകൂടലുകളോ സന്തോഷമായിട്ടുള്ള മുഖങ്ങളോ ഒന്നുമില്ലാത്ത ഇവിടത്തെ അന്തരീക്ഷം മഹാ മോശം. ഇവിടുത്തെ ആളുകൾക്ക് എന്തോ വല്ലാത്ത നിരാശ പോലെ .,Sadness
ഒരു ക്രെഡിറ്റ് കാഡെടുത്ത് എത്ര പെട്ടെന്നാണ് ഈ ആളുകൾ കടത്തിൽ മുങ്ങുന്നത്.,Surprise
ഒരു മോഡുലാർ കിച്ചൺ ഉണ്ടാക്കുന്ന രീതിയെക്കുറിച്ച് എനിക്ക് ഒന്നുമറിയില്ല.,Fear
ബോണ്ട് മാർക്കറ്റിലെ അസ്ഥിരതയെക്കുറിച്ച് എനിക്ക് അൽപ്പംപേടി തോന്നാൻ തുടങ്ങിയിരിക്കുന്നു.,Fear
നിയമ കാര്യങ്ങളിൽ മാർഗ്ഗനിർദ്ദേശവും പിന്തുണയും തേടി ഞാൻ അഭിഭാഷകനെ സമീപിച്ചെങ്കിലും ഒരു ഫലവുമുണ്ടായില്ല!,Sadness
പ്രധാനപ്പെട്ട ഇടപാടുകളും രസീതുകളുമൊന്നും ഫയലിൽ സൂക്ഷിക്കാതെ ഓഫീസിൽ എല്ലായിടത്തും ചിതറിക്കിടക്കുന്നത് കാണുന്നത് എന്ത് കഷ്ടമാണ്.,Anger
മറുപടി ആവശ്യപ്പെട്ട് കക്ഷി അഭിഭാഷകന്റെ ഓഫീസിൽ അതിക്രമിച്ച് കയറുകാന്ന് വച്ചാല്?,Anger
പ്രതിസന്ധിയിലായ പ്രൊജക്റ്റിനെ സഹായിക്കാൻ സി. ഇ. ഒ ഇടപെടുന്ന വാർത്ത അറിയിച്ചതിൽ സന്തോഷം.,Happiness
കഴിഞ്ഞയാഴ്ച ഓഫീസ് ക്ലീനിംഗ് ടീമിനെ മുഴുവൻ വേട്ടയാടാൻ അവര് ശ്രമിച്ചപ്പോൾ എനിക്ക് നല്ല ടെൻഷനായി . ഭാഗ്യത്തിന് ടീം വിട്ടുപോയില്ല.,Anger
നിന്റെ മുറിയിൽ നിന്ന് ഇറങ്ങിപ്പോകാൻ എന്നോട് നീ പറഞ്ഞു. പക്ഷേ പോകുന്നതിനുമുമ്പ് എനിക്ക് നിന്നോട് ചില കാര്യങ്ങൾ പറയാനുണ്ട് .,Sadness
നിങ്ങൾ ചെറുപ്പമായോണ്ട് പ്രതിരോധ കുത്തിവയ്പ്പ് ഒഴിവാക്കാമെന്ന് അർത്ഥമില്ല. നമുക്കെല്ലാവർക്കും പ്രതിരോധ കുത്തിവയ്പ്പ് നൽകുന്നത് സർക്കാർ നിർബന്ധമാക്കീത് നിങ്ങൾ അറിഞ്ഞില്ലേ ?,Anger
അവസാന ക്വാർട്ടറിൽ ഞാൻ സ്ഥാനക്കയറ്റം നൽകിയ കാൻഡിഡേറ്റ് രാജിവയ്ക്കാൻ തീരുമാനിച്ചപ്പോൾ എനിക്ക് ആശ്ചര്യവും ആശയക്കുഴപ്പവുമായി .,Surprise
"തെരഞ്ഞെടുപ്പ് വാഗ്ദാനങ്ങളൊക്കൊന്നും ഒരു കുറവും ഇല്ല, ഇപ്പോൾ ഇതാ കർണാടകയിലെ ഒരു പാർട്ടി എല്ലാവർക്കും സൗജന്യ വൈദ്യുതി വാഗ്ദാനം ചെയ്തിരിക്കുന്നു!",Anger
"ചെന്നൈയിലെ മിക്ക ബിൽഡർമാരും പരിസ്ഥിതിയെക്കുറിച്ചോ, വരും തലമുറയുടെ ഭാവിയെക്കുറിച്ചോ ഒന്നും ശ്രദ്ധിക്കുന്നില്ല.",Disgust
ബുക്ക് ചെയ്യുന്നതിന് മുമ്പ് എനിക്ക് പണം ലാഭിക്കാൻ കഴിയുമായിരുന്ന ഒരു സ്പെഷ്യൽ സ്റ്റുഡന്റ് ഡിസ്ക്കൗണ്ടിനെക്കുറിച്ച് ബുക്കിംഗ് ക്ലർക്ക് എന്നോട് പറഞ്ഞപ്പോൾ ഞാൻ അമ്പരന്നു.,Surprise
നിങ്ങൾ ടെറസിൽ നൂറ് ചെടിച്ചട്ടി വച്ചത് ഞങ്ങൾ അറിഞ്ഞതേയില്ല,Surprise
"അലുമിനിയം റീസൈക്ലിംഗ് പ്ലാന്റിലെ പണി ശരിക്കും ഭയങ്കര കഷ്ടമാണ് ,ഓരോ തവണയും ഞാൻ ഫാക്ടറിയിലേക്ക് നടക്കുമ്പോൾ എനിക്ക് വെറുപ്പ് തോന്നും.",Disgust
ഡൽഹിയിൽ കൊച്ചുകുട്ടികളുള്ള കുടുംബങ്ങൾക്കുള്ള ഗൈഡഡ് സിറ്റി ടൂറുകൾ സേഫല്ല.,Fear
എം.എസ്. ധോണിയുടേം ടീമിന്റെയും കളി കാണാൻ പോകുന്നെനെക്കാൾ ത്രിൽ മറ്റെന്താ ഉള്ളേ,Happiness
കഴിഞ്ഞ കുറച്ച് ആഴ്ചകൾ കൊണ്ട് നിങ്ങടെ ശരീരഭാരം വളരെയധികം കുറഞ്ഞു!,Surprise
"ക്ഷമിക്കണം, ഇനി ഫീസ് അടയ്ക്കാൻ പറ്റാത്തതിനാൽ പ്രാക്റ്റീസ് നിർത്തേണ്ടി വരും.",Sadness
എന്തൊരു ഉഗ്രൻ പ്രകടനം! അമേലിയയുടെ സന്തോഷത്തിന് അതിരുകളില്ലായിരുന്നു.,Happiness
മലനിരകളിലുള്ള മോശം കാലാവസ്ഥയിലും റോഡിന്റെ മോശം അവസ്ഥയിലും ബസ് യാത്ര ഇത്ര സുഗമമായി പോയി എന്നത് എന്നെ അത്ഭുതപ്പെടുത്തി!,Surprise
"ഞാൻ ക്യാബിൽ തിരിച്ച് വരുമ്പോ നല്ല മഴ പെയ്യാൻ തുടങ്ങി, വലിയ ട്രാഫിക് ജാമും ഉണ്ടായി.",Sadness
എന്റെ മുറിയുടെ കാര്യത്തിൽ നിങ്ങൾക്ക് എന്താണ് പ്രശ്നം? വാതിൽ അടച്ച് പുറത്ത് പോ.,Anger
ദയവായി എന്റെ കട അടയ്ക്കരുതേ. ഞാൻ വെറും തുച്ഛമായ വരുമാനമുള്ള ഒരു ചെറിയ പൂക്കച്ചവടക്കാരനാ.,Fear
"ഇൻഷുറൻസ് കത്ത് തുറന്നപ്പോൾ, ക്ലെയിം ചെയ്തതിനേക്കാൾ പണം വന്നത് കണ്ടപ്പോ വിശ്വസിക്കാൻ പറ്റാതെ ഞാൻ അതിലേക്ക് തന്നെ കുറേ നേരം നോക്കിനിന്നു.",Surprise
"നിങ്ങൾ ഒരു നല്ല ലീഡർ ആണ് , നിങ്ങൾതന്നെ ഈ സംരംഭത്തിന് നേതൃത്വം നൽകണം.",Happiness
"ആ ഹൊറർ സിനിമ കണ്ട് ഞാൻ ശരിക്കും പേടിച്ചുപോയി, നോക്കുന്നിടതെല്ലാം പ്രേതം ഉള്ളതുപ്പോലെ തോന്നുവാ.",Fear
"അടുത്തതായി ബാറ്റ് ചെയ്യാൻ എനിയ്ക്ക് പേടിയാ . മലിംഗ യോർക്കറെറിയാൻ തുടങ്ങിയിട്ടുണ്ട്, അവന്റെ പന്ത് ചിലപ്പോ എന്റെ തലയിൽ വീഴും.",Fear
അവൻ പന്തുമായി എന്ത് വേഗത്തിലാ ഓടുന്നേ !,Surprise
"ഇത്രയും കാലം നമ്മൾ ഒരു ടീമായി ഒരുമിച്ചുണ്ടായി, നിന്നെ വിട്ടുപോകാൻ എനിക്ക് വലിയ വിഷമമുണ്ട് .",Sadness
ആ ഗിയർ സൈക്കിളിന് ആക്സസറികളെല്ലാം കൂടീ അയ്യായിരം രൂപ മാത്രേ ചെലവായുള്ളൂ ?,Surprise
എന്റെ ജീവിതത്തിൽ ഇതുപോലൊന്ന് ഞാൻ ഇതുവരെ കണ്ടിട്ടില്ല.,Surprise
"ജി.ഡി.പി. ഗ്രോത്ത് കുറയുന്നത് എനിക്ക് ചില അസ്വസ്ഥതകൾ ഉണ്ടാക്കുന്നു, കാരണം അത് എന്റെ ചെലവിനെ ബാധിക്കും.",Fear
വർഷം ഇത്രയുമായി. എന്നിട്ടും നിങ്ങളോടു തുറന്നുപറഞ്ഞാൽ നിങ്ങൾ തെറ്റിദ്ധരിക്കുന്നത് കഷ്ടമാണ്.,Sadness
ഓരോ തവണയും ഡെലിവറി ചെയ്യുന്നയാൾ വരുമ്പോ വീട്ടിലേക്ക് കേറ്റാൻ എനിക്ക് പേടിയാ. ഇപ്പോ മോഷണത്തിന്റെ നിരവധി കേസുകളുണ്ട്.,Fear
വല്ലത്തൊരു കുതിച്ചുചാട്ടം ! ഈ ചെറിയ സ്റ്റാട്ടപ്പ് മാർക്കറ്റിലെ ഇത്രയും വലിയ സംഭവമായി മാറുമെന്ന് ഞാൻ ഒരിക്കലും ഊഹിച്ചതു പോലുമില്ല .,Surprise
"അത്താഴത്തിന് പച്ചക്കറികൾ വാങ്ങാൻ മറന്നുപോയി, ഇന്നിനി എന്ത് ഉണ്ടാക്കും?",Sadness
തെരുവിലെ കടയിൽ നിന്ന് എണ്ണ വാങ്ങുമ്പോൾ എനിക്ക് എപ്പോഴും ആശങ്കയാണ്. അതിൽ ധാരാളം മാലിന്യങ്ങൾ ഉണ്ടാവും.,Fear
"എനിക്ക് ഒരുപാട് ബന്ധങ്ങളുണ്ട്, പക്ഷേ ഞാൻ താമസിക്കുന്ന സ്ഥലത്തിൻ്റെ അടുത്ത് ഒരുത്തരും ഇല്ലാതെപോയി.",Sadness
വർഷങ്ങൾക്ക് ശേഷം എന്റെ പഴയ കൂട്ടുകാർ വ്യായാമം ചെയ്യാൻ എത്തിയല്ലോ.,Happiness
എനിക്ക് ഇനി ഈ മണ്ടൻ കളി കളിക്കാൻ വയ്യാ. എനിയ്ക്ക് ഒരിക്കലും ജയിക്കാൻ പറ്റാത്ത കുറെ വിഡ്ഢി നിയമങ്ങൾ ഉള്ളതാ ഇത്.,Anger
കമ്പനി ലീഡർഷിപ്പിനുള്ള ഒരു പ്രസന്റേഷന്റെ തലേന്ന് എന്റെ ടീം തയ്യാറാക്കിയ പ്രൊജക്റ്റ് റിപ്പോട്ട് മഹാ മോശമായിരുന്നു.,Anger
ഇന്ത്യയോട് തോറ്റതിന് ശേഷം ഇംഗ്ലീഷ് ആരാധകർ നമ്മളെ അധിക്ഷേപിച്ചത് എന്നെപ്പോലുള്ള ഇന്ത്യൻ ക്രിക്കറ്റ് ആരാധകരെ പ്രകോപിതരാക്കി.,Anger
"ഈ ഹോട്ടലില് എന്തൊരു ബഹളം, ചന്ത പോലെയുണ്ട് , ഇവിടെ വരുന്നതേ എനിക്ക് വെറുപ്പാ.",Anger
നിങ്ങളുടെ അമ്മയ്ക്ക് പ്രായമായില്ലേ? ഇടയ്ക്കിടെ ആശുപത്രിയിൽ പോകുന്നത് അവരുടെ കണ്ടീഷൻ വഷളാക്കുമെന്ന് നിങ്ങൾക്ക് പേടിയില്ലേ?,Fear
യുഎസ്സിലും യൂറോപ്പിലും ഒക്കെ ഇപ്പോഴുള്ള ഈ നെഗറ്റീവ് മാർക്കറ്റ് സെന്റിമെന്റുകൾ കാണുമ്പോൾ എനിക്കെന്തോ ഒരു വല്ലായ്മ തോന്നുന്നുണ്ട്.,Fear
കുപ്പി തുറക്കാൻ പോലും തോന്നാത്തത്ര കയ്പ്പും മണവുമൊക്കെയുള്ള മരുന്നുകൾ എനിക്ക് തന്നിട്ടുണ്ട്.,Disgust
"അത് നിരാശാജനകമാണ്, എന്റെ ആവശ്യങ്ങൾക്ക് അനുസരിച്ച് ക്വാളിറ്റി ഉള്ള ഫർണിച്ചറുകൾ കിട്ടുമെന്ന് ഞാൻ പ്രതീക്ഷിച്ചിരുന്നു.",Sadness
"എനിക്ക് ഇന്ന് ആകെ ഒരു സുഖമില്ല, ഈ മ്യൂസിക് എന്റെ സങ്കടം കൂട്ടുന്നു .",Sadness
കാഞ്ചീപുരത്തേക്കുള്ള റോഡുകൾ സുന്ദരമായതു കൊണ്ട് അതിലൂടെ ഡ്രൈവ് ചെയ്തു പോവാൻ നല്ല രസാണ്.,Happiness
ഇന്ന് രാത്രിയോടെ ഞാൻ ഈ വർക്ക് കഴിച്ചില്ലെങ്കിൽ നാളെ മാഡം എന്നെ വഴക്കു പറയാരിക്കും.,Fear
"ഈ ഭാഗത്ത് വീടില്ലാത്ത ആളുകളെയും, മയക്കുമരുന്നിന് അടിമകളെയും ഞങ്ങൾ ഓടിച്ചുവിട്ടപ്പോൾ എനിക്ക് വല്ലാത്തൊരു അസ്വസ്ഥത തോന്നി.",Fear
എന്റെ പുതിയ വീടിനായി ഞാൻ അവരിൽ നിന്ന് നിരവധി സാധനങ്ങൾ വാങ്ങിയതിന് ശേഷം ഇലക്ട്രിക്കൽ ഷോപ്പ് എനിക്ക് അഡിഷണൽ വാറന്റി നൽകാത്തത് മര്യാദകേടാ.,Anger
"ഒരു തൊഴിലുടമയുടെ കാഴ്ചപ്പാടിൽ, നിങ്ങളുടെ രാജി ഞങ്ങളുടെ ശമ്പള ബജറ്റിനെയും ടീമിന്റെ മൊത്തത്തിലുള്ള നഷ്ടപരിഹാര ഘടനയെയും എങ്ങനെ ബാധിക്കുമെന്നതിനെപ്പറ്റി എനിക്ക് കുറച്ച് ആശങ്കയുണ്ട്.",Fear
"ഇയാളെ ഒക്കെ ആരാ സിനിമയിൽ എടുക്കുന്നത്, അഭിനയം എന്താണെന്ന് പോലും അറിയാത്തവർ.",Disgust
"പ്രത്യേകിച്ച് അവർ ഇവിടെ നിന്ന് നേടിയ അമൂല്യമായ എക്സ്പീരിയൻസിന് ശേഷം, ലീഡർ വിട്ടുപോകുന്നതിനെക്കുറിച്ച് ആലോചിക്കുമെന്ന് ഞാൻ ഒരിക്കലും പ്രതീക്ഷിച്ചിരുന്നില്ല.",Surprise
തങ്ങളുടെ വേനൽക്കാലം കൂടുതൽ കൂടുതൽ ചൂടുള്ളതായി മാറുന്നുവെന്ന് ആളുകൾ ഭയപ്പെടുന്നു.,Fear
നമ്മുടെ വയലുകളോടുള്ള അവഗണനയും അവ നശിച്ചുപോകുകയും ചെയ്യുന്നത് എന്നെ ദേഷ്യം പിടിപ്പിക്കുന്നു . കാലങ്ങളായി അവ വൃത്തിയാക്കാൻ ആരും മെനക്കെടാത്തതുപോലെയുണ്ട് .,Anger
"എൻ്റെ പ്രശ്നങ്ങളൊന്നും ഇവർക്ക് ഒന്നും അല്ല, അവർക്ക് അവരുടെ കാര്യങ്ങൾ നടന്ന് കിട്ടിയാ മതി!",Anger
ഇസ്രായേൽ ഗവൺമെൻ്റ് സുപ്രീം കോടതിയുടെ മേൽ കൈവെക്കുമെന്ന് ഞാൻ സ്വപ്നത്തിൽ പോലും പ്രതീക്ഷിച്ചില്ല.,Surprise
"ഞാൻ സിനിമയ്ക്ക് ഓഡിഷന് പോയപ്പോൾ, കാസ്റ്റിംഗ് ഡയറക്ടർ എന്റെ ബാല്യകാല സുഹൃത്തായിരിക്കുമെന്ന് ഞാൻ പ്രതീക്ഷിച്ചിരുന്നില്ല.",Surprise
എന്റെ ഹിന്ദി പരീക്ഷാ പേപ്പർ കറക്ട് ചെയ്തിട്ടുണ്ടോ? ഞാൻ പാസ് ആകുമോ?,Fear
വൈസ് പ്രസിഡൻ്റ് ആയി ജോലി ചെയ്യാൻ ഇന്ത്യാ സിമൻ്റ്സ് ധോണിക്ക് വാഗ്ദാനം ചെയ്ത ശമ്പളം എത്രയാണെന്നറിയോ? വെറും നാല്പത്തിമൂവായിരം രൂപ!,Surprise
"എന്റെ വീഡിയോയ്ക്ക് ഒരു കാരണവുമില്ലാതെ കോപ്പി റൈറ്റ് പ്രശ്നം ഉണ്ടായി . മുഴുവൻ വീഡിയോയും ഞാൻ തന്നെയാ റെക്കോഡ് ചെയ്തത്, എന്നിട്ടാ ഇങ്ങനെ.",Anger
"നമ്മൾ ഇൻകം ടാക്സ് ഫയൽ ചെയ്തില്ലെങ്കിൽ, ഉദ്യോഗസ്ഥർ നമ്മളിൽ നിന്ന് വളരെ വലിയ പിഴ ഈടാക്കാം.",Fear
പ്രൊഡക്റ്റ്  ക്ലയന്റിന് അയയ്ക്കുന്നതിന് ചില പ്രശ്നങ്ങൾ ഉണ്ടായിരുന്നെന്ന് എന്നോട് പറയാൻ മാനേജർ അവസാന നിമിഷം വരെ കാത്തിരുന്നപ്പോൾ എനിക്ക് വല്ലാതെ ദേഷ്യം വന്നു.,Anger
ഞാൻ ചോദിച്ചപ്പോ റെയിൽവേ ബുക്കിംഗ് ക്ലർക്കുമാർ ബസ് ബുക്കിംഗ് കൗണ്ടറിലേക്ക് വഴി പറഞ്ഞു തന്നപ്പോ എനിക്ക് സന്തോഷമായി.,Happiness
നീ അന്ന് ഞാൻ പറയുന്നത് കേൾക്കാഞ്ഞത് എന്താ ? ലോൺ എടുത്ത പൈസ കൊണ്ട് ചൂതാടുന്നത് ഒരു നല്ല കാര്യമല്ലെന്ന് ഞാൻ നിന്നോട് പറഞ്ഞതല്ലേ.,Anger
ബാങ്കിനു അതിന്റെ കസ്റ്റമേഴ്സ് ആരാണെന്ന് പോലും അറിയില്ലെങ്കിൽ എന്റെ അക്കൗണ്ട് ക്ലോസ് ചെയ്യണ്ട സമയമായി എന്നാ എനിക്ക് തോന്നുന്നേ.,Sadness
"പരിപാടി എത്ര നന്നായി നടന്നു എന്ന് പങ്കെടുത്ത എല്ലാ അതിഥികളും പറഞ്ഞത് കേട്ടില്ലേ, അത് ഇവന്റ് മാനേജരുടെ മിടുക്ക് തന്നെ.",Happiness
"ബോഡി റിപ്പെയറിനുള്ള എസ്റ്റിമേറ്റ് കിട്ടിയപ്പോൾ, അത് എന്നെ സാമ്പത്തികമായി എത്രമാത്രം പിന്നോട്ടടിക്കുമെന്ന് എനിക്ക് വിശ്വസിക്കാൻ പറ്റിയില്ല . ഇത് ശരിക്കും എന്റെ ബജറ്റിന് വല്ലാത്ത തിരിച്ചടിയാണ്.",Sadness
ആരോഗ്യത്തോടെ ഇരിക്കാൻ പല ആളുകളും സൈക്കിൾ ചവിട്ടുന്നതിൽ ഞാൻ സന്തുഷ്ടനാണ്. അത് എനിക്ക് നന്നായി തോന്നുന്നു .,Happiness
കൃത്യസമയത്ത്  ബസ് സ്റ്റേഷനിൽ എത്താൻ പറ്റാത്തോണ്ട് എനിക്ക് ബസ് മിസ് ആയി .,Sadness
മറ്റ് ബിസിനസ്സുകൾ അടച്ചുപൂട്ടുന്നതിന് എന്നെ ഉത്തരവാദിയാക്കുമോ?,Fear
എന്റെ ലാപ്ടോപ്പിൽ എസ് എസ് .ഡി. ഡിസ്ക് ഇൻസ്റ്റാൾ ചെയ്തപ്പോൾ ഇൻസ്റ്റന്റ് സ്റ്റാട്ടപ്പ് എന്നെ ഞെട്ടിച്ചു.,Surprise
ഞങ്ങളുടെ ഗാലറിക്കു വേണ്ടി ഞാനെന്താ നേടിയെന്ന് നിങ്ങൾ വിശ്വസിക്കില്ല!,Surprise
"ഇവന്റ് മാനേജർ വാഗ്ദാനം ചെയ്യുന്ന വിവിധ സേവനങ്ങൾ എന്നെ സത്യസന്ധമായി അമ്പരപ്പിക്കുന്നു പ്ലാനിങ് മുതൽ എക്സിക്യുഷൻ വരെ, എല്ലാം അതിൽ ഉൾക്കൊള്ളുന്നതായി തോന്നുന്നു!",Surprise
എന്റെ ഫേവറിറ്റ് സ്റ്റോറിന്റെ പ്രവർത്തനസമയം കുറച്ചതുകൊണ്ട് എനിക്ക് അൽപ്പം നിരാശ തോന്നുന്നു.,Sadness
ക്ലീനിംഗ് സ്റ്റാഫിനെക്കുറിച്ച് അവർ നെഗറ്റീവ് ഫീഡ്ബാക്ക് നൽകിയപ്പോ അത് മൊത്തം എന്റെ തലയിലായി .,Anger
എപ്പഴും ഉപ്പ് അധികം ചോയ്യ്ക്കാ! നിങ്ങൾക്ക് ബി. പി. കൂടുതലാണെങ്കിൽ ഇത് നല്ലതല്ലെന്ന് നിങ്ങൾക്ക് അറിയില്ലേ ?,Anger
സുചി കച്ചേരിക്ക് ഒറ്റയ്ക്ക് പോകണ്ട. ആളുകൾ മദ്യപിച്ച് നിന്നോട് ചിലപ്പോ മോശമായി പെരുമാറുമെന്ന് ഞാൻ കേട്ടു.,Fear
"ആദ്യ സെറ്റ് ജയിക്കുമെന്നാ ഞാൻ വിചാരിച്ചെ , പക്ഷേ ഞാൻ പെട്ടന്ന് തളർന്നു. എല്ലാം എന്റെ തെറ്റാ .",Sadness
"സ്ഥിരമായുള്ള ഒരു കസ്റ്റമർ എന്ന നിലയിൽ, നിങ്ങൾ എന്നെ മനസ്സിലാക്കുന്നതുകൊണ്ടും എനിക്ക് ആവശ്യമുള്ളതൊക്കെ ചെയ്യുന്നതുകൊണ്ടും ഞാൻ എപ്പഴും ഇവിടേക്ക് തന്നെ വരും.",Happiness
എൻ്റെ മകൾക്ക് ഹൈദരാബാദിൽ ഒരു ജോലി ശരിയായിട്ടുണ്ടെന്ന് ഞാൻ പോലും ഇപ്പോഴാണ് അറിയുന്നത്.,Surprise
ഞാൻ ആരാധിക്കുന്ന ഒരാൾ മോശപ്പെട്ട സമയങ്ങളിലൂടെ കടന്നുപോകുന്നത് കാണുന്നത് സങ്കടം തന്നെയാണ്. പ്രത്യേകിച്ചും നിങ്ങളുടെ കരിയറിൽ നിങ്ങൾ വളരെയധികം നേടിയ ആളല്ലേ!,Sadness
എൻ്റെ ഇൻവെസ്റ്റ്മെന്റ് അക്കൗണ്ടുകൾക്ക് അടയ്ക്കേണ്ടി വരുന്ന ഫീസ് കാണുമ്പോൾ എൻ്റെ തല കറങ്ങുന്നു.,Sadness
ഇവിടെ അടുത്തുള്ള ഞങ്ങളുടെ പുതിയ സ്റ്റോറിന്റെ ഉദ്ഘാടന ദിവസം ഉണ്ടായ തിരക്ക് എന്നെ ഞെട്ടിച്ചുകളഞ്ഞു.,Surprise
ഭയപ്പെടുത്തുന്ന എതിരാളിയെ നേരിട്ടപ്പോൾ ടെന്നീസ് കോട്ടിൽ സ്മിത ആകെ വിറച്ചു പോയി .,Fear
"നിങ്ങളുടെ ഇന്റർനെറ്റ് പ്രശ്നം പരിഹരിക്കാൻ പത്ത് മിനിറ്റിനുള്ളിൽ എന്റെ സ്റ്റാഫ് അവിടെ എത്തും , അതോണ്ട് ധൃതി പിടിച്ച് ഇൻ്റർനെറ്റ് പ്രൊവിഡറെ മാറ്റരുത്.",Fear
ഈ അതിമനോഹരമായ ഡയമണ്ട് പെൻന്റന്റ് നിങ്ങളുടെ ആനിവേഴ്സറി സെലിബ്രേഷന് നൽകുന്ന തിളക്കം ഒന്നാലോചിച്ചു നോക്കിയേ.,Happiness
അവർ മറ്റൊരു സൂപ്പർഹീറോ സിനിമ പുറത്തിറക്കിയെന്ന് എനിക്ക് വിശ്വസിക്കാൻ പറ്റുന്നില്ല . ഈ സൂപ്പർഹീറോ ട്രെൻഡിനെയൊക്കെ ഞാൻ എന്നേ മറികടന്നിരിക്കുന്നതാ,Disgust
കൊൽക്കത്തയിലെ ബസുകളുടെ അവസ്ഥ മഹാമോശമാണ്! ഞങ്ങളെ പകുതിവഴിയിലാക്കിയിട്ട് അവ സ്ഥിരമായി ബ്രേക്ക് ഡൗൺ ആകുന്നത് എനിക്ക് വിശ്വസിക്കാൻ പോലും കഴിയുന്നില്ല.,Disgust
കാമുകൻ മുട്ടുകുത്തി അവളോട് വിവാഹാഭ്യർത്ഥന നടത്തിയപ്പോ എന്റെ ഫ്രണ്ടിന്റെ മുഖമൊക്കെ കാണണമായിരുന്നു! ചുവന്നു തുടുത്തു കണ്ണുമിഴിച്ചു പോയി. .,Surprise
അഭിനന്ദനങ്ങൾ! നിങ്ങൾ ജാമ്യമൊന്നും കൊടുക്കാതെ ബാങ്ക് മാനേജർ നിങ്ങളുടെ ലോണിന് അംഗീകാരം തന്നോ ?,Surprise
അസാധാരണമായ ശബ്ദത്തോടെ എന്റെ ഫ്രിഡ്ജ് ഡി.ജെ. ആയി മാറിയത് എന്നെ വല്ലാതെ ഞെട്ടിച്ചു!,Surprise
"ഞാൻ ആണേൽ എന്തേലും നേടാനായി നന്നായി കഷ്ടപ്പെടാറുണ്ട്, പക്ഷേ അത് ഒന്നും നടക്കാറില്ല.",Sadness
വാഹന രജിസ്ട്രേഷനു വേണ്ടി അപേക്ഷിച്ചപ്പോഴാ ആർ.ടി.ഒ. ഓഫീസിലെ നിയമങ്ങൾ നിനച്ചപോലെ മാറുന്നത്.,Anger
ഈ മ്യൂസിക് ഭയങ്കര ഉച്ചത്തിൽ വെറും അലങ്കോലം തന്നെ. എനിക്ക് മറ്റൊന്നിലും ശ്രദ്ധ കിട്ടണില്ല .,Anger
ഞങ്ങടെ രണ്ടുപേരുടെയും ജന്മദിനം ഒരേ ദിവസം ആയിരുന്നുവെന്ന് എനിക്ക് അറിയില്ലായിരുന്നു .,Surprise
എന്റെ കുട്ടിക്കാലത്ത് ഞാൻ എല്ലാ ദിവസവും കളിച്ചിരുന്ന എന്റെ ഇഷ്ടപ്പെട്ട ഗെയിം അവർ വീണ്ടും ഉണ്ടാക്കി !,Surprise
ശക്തനായ ഒരു എതിരാളിയെ നേരിടാൻ ബോക്സിങ് റിങ്ങിൽ കയറിയപ്പോ മഹേഷിന് ആകെ ടെൻഷൻ ആയി .,Fear
റോഡരികിലെ ഒരു കടക്കാരൻ അയാളുടെ കസ്റ്റമറുടെ വായിൽ തീപിടിച്ച പാൻ ഇടുന്നത് ഞാൻ ഞെട്ടലോടെ നോക്കിനിന്നു.,Surprise
എനിക്ക് ഒരു പത്രം കൂടി കൊണ്ടുവരാമോ ? അല്ലെങ്കിൽ എന്റെ കുടുംബാംഗങ്ങൾ വഴക്കടിക്കും.,Fear
എന്റെ വീഡിയോ ഇത്രയധികം ആളുകൾക്ക് ഇഷ്ടപ്പെടുമെന്ന് എനിക്കറിയില്ലായിരുന്നു!,Surprise
"നിങ്ങൾക്കറിയോ ക്ലയന്റും നമ്മുടെ മാനേജ്മെന്റും എന്നോട് ദേഷ്യപ്പെട്ടിരിക്കാണ്, ഞാൻ നിങ്ങൾക്ക് വേണ്ടിയാ ഇതൊക്കെ കേട്ടത്.",Anger
രണ്ട് വർഷത്തോളം മദ്യപാനത്തെ പിടിച്ച് നിർത്തിയ ശേഷം വീണ്ടും മദ്യത്തിലേക്ക് തിരിയുമ്പോൾ എനിക്ക് വല്ലാതെ വിഷാദം അനുഭവപ്പെട്ടു.,Sadness
ബ്രോക്കർ കണ്ടുപിടിച്ച ഈ വീട്ടിൽ ഒരു ബിൽറ്റ് ഇൻ ഹോം തീയേറ്റർ ഉണ്ടെന്ന് എനിക്ക് വിശ്വസിക്കാൻ കഴിഞ്ഞില്ല. വല്ലാത്ത അൽഭുതം തന്നെ.,Surprise
നെൽസൺ മണ്ടേലയെക്കുറിച്ചുള്ള സിനിമ കാണുകാരുന്നു. കേളിക്ക് ഇത്രേം വികസിച്ച നാഗരികത ഒരു മനുഷ്യനെ ഇത്രയും ചെറിയ സെല്ലിനുള്ളുളിൽ തളച്ചിടാൻ തക്കവിധം തരംതാഴുമെന്ന് എനിക്ക് ചിന്തിക്കാനേ കഴിഞ്ഞില്ല.,Disgust
"എന്റെ കുട്ടിക്ക് അക്കൗണ്ട് തുറക്കുന്നതിനെക്കുറിച്ച് ചർച്ച ചെയ്യുമ്പോൾ, അവന്റെ സാമ്പത്തിക ഭാവിയെക്കുറിച്ച് ഞാൻ ആശങ്കപ്പെട്ടു.",Sadness
"ഞങ്ങളുടെ ക്വാളിറ്റിയിൽ ഞങ്ങൾക്ക് അഭിമാനമുണ്ട്, നിങ്ങൾക്ക് അങ്ങനെയൊരു മോശം അനുഭവം ഉണ്ടായി എന്നറിഞ്ഞപ്പോ ഞാൻ ഞെട്ടിപ്പോയി.",Surprise
ഞാൻ പതിവായി പോവാറുള്ള ബസന്ത് നഗറിലെ ഹോട്ടൽ ഭക്ഷണത്തിന്റെ ക്വാളിറ്റി ക്രമേണ വഷളായിക്കൊണ്ടിരിക്കുന്നതിൽ എനിക്ക് നിരാശ തോന്നി.,Sadness
"നിങ്ങൾ എത്ര പതുക്കെയാണ് ഡ്രൈവ് ചെയുന്നത്, എയർപോട്ടിൽ കൃത്യസമയത്ത് എത്തി ഫ്ലൈറ്റ് കിട്ടുമോ?",Fear
"അവരുടെ തെറ്റിന് എന്റെ അക്കൗണ്ടില്‍ നിന്ന് കാശ് പോയി, ഇതെന്ത് ന്യായം?",Disgust
ഞാൻ ഇന്നലെ രാത്രി എന്റെ ടിക്കറ്റ് കാൻസൽ ആക്കി. എനിക്ക് റീഫണ്ട് ലഭിക്കുമോ ഇല്ലയോ?,Fear
നിങ്ങടെ ലാപ്ടോപ്പിൽ ഈ സോഫ്റ്റ് വെയർ തകരാറിലാകുന്നത് അതിശയം തന്നെ. എന്താണ് വച്ചാ അത് എന്റെ ലാപ്ടോപ്പിൽ നന്നായി വർക്ക് ചെയ്യുന്നുണ്ട്.,Surprise
സ്മിത്സോണിയൻ മ്യൂസിയങ്ങളിൽ ഇത്രയും നന്നായി സംരക്ഷിക്കപ്പെട്ടിട്ടുള്ള ചരിത്രവസ്തുക്കൾ കണ്ടെത്തുമെന്ന് ഞാൻ പ്രതീക്ഷിച്ചേയില്ല.,Surprise
എല്ലാ ദിവസവും പുലർച്ചെ രണ്ട് മണിക്ക് കോയമ്പേട് മാർക്കറ്റിലേക്ക് പോകുന്ന പൂക്കച്ചവടക്കാരുടെ കഠിനാധ്വാനം എന്നെ അത്ഭുതപ്പെടുത്തുന്നു.,Surprise
"വാട്ടർ ഫിൽട്ടറിന് വേണ്ടി ഞാൻ എന്റെ എ.എം.സി. പുതുക്കിയതാ, പക്ഷേ ഒരു മാസം കഴിഞ്ഞിട്ടും ഫിൽട്ടറുകൾ മാറ്റി വെക്കാൻ ആരും വന്നിട്ടില്ല.",Anger
മിക്ക സിലിണ്ടറുകളിലെയും ഇരുമ്പ് തുരുമ്പിച്ച് സ്വയം മുറിവേൽക്കാൻ വയ്യാത്തോണ്ട് ഞാൻ ഇപ്പോൾ ഗ്യാസ് സിലിണ്ടർ എടുക്കാറില്ല.,Fear
യുവരാജ് സിംഗ് സ്റ്റുവട്ട് ബോഡിനെ ഒരു ഓവറിൽ ആറ് സിക്സറുകൾ അടിച്ചപ്പോൾ ക്രിക്കറ്റ് ലോകം മുഴുവൻ ആവേശത്തിലായി.,Happiness
കംബോഡിയയിലെ പ്രാദേശിക ചരിത്രത്തിന്റെയും സംസ്കാരത്തിന്റെയും സമ്പന്നത ശരിക്കും ആകർഷനീയമാണ്.,Surprise
കൗൺസിലിംഗ് സമയത്ത് എന്റെ മുൻകാല അനുഭവങ്ങളെക്കുറിച്ച് തുറന്നുപറയാൻ എന്നോട് ആവശ്യപ്പെട്ടപ്പോൾ എനിക്ക് വികാരനിർഭരമായി തോന്നി .,Fear
പ്രമേഹത്തിന് മാതളനാരങ്ങ കൊള്ളാമോ എന്ന് എനിയ്ക്കെങ്ങനെ അറിയാ?,Anger
ഞാൻ വാങ്ങിയ ഭക്ഷണം ഭിക്ഷക്കാരന് എങ്ങനെ ചവറ്റുകുട്ടയിൽ എറിയാൻ കഴിഞ്ഞു ?,Anger
ഇത്ര കനമുള്ളതൊക്കെ ഉയർത്താൻ എനിക്ക് വയ്യ. എനിക്ക് വല്ല പരിക്കും പറ്റിയാൽ എന്താ ചെയ്യാ ?,Fear
പുതിയ ഹോട്ടലിൽ നിന്ന് അത്താഴം കഴിക്കുമ്പോൾ വെയിറ്റർ ഞങ്ങളുടെ കുടുംബത്തോട് വളരെ മോശമായി പെരുമാറിയപ്പോൾ എനിക്ക് ദേഷ്യം വന്നു.,Anger
"കപ്പലിലെ ഒരു കാബിനിന് അവർ വാങ്ങിയത് എത്രയാണെന്നറിയോ, സാധാരണ ചാർജിനേക്കാൾ എത്രയോ കൂടുതലാണെന്ന് അറിഞ്ഞപ്പോൾ ഞാൻ അവരോട് നല്ലവണം ചൂടായി.",Anger
എന്റെ അച്ഛനമ്മമാർ മരിച്ചതിനുശേഷം ഞാൻ അവരെ നല്ലോണം മിസ് ചെയ്യുന്നു. ആരും ആഗ്രഹിച്ചു പോകുന്ന അത്രക്ക് നല്ല അച്ഛനമ്മമാരായിരുന്നു അവർ.,Sadness
"ഈ ബേക്കറിയിൽ നിന്ന് ഞാൻ ഓഡർ ചെയ്ത കേക്ക് വാങ്ങാൻ ഇരുപത് കിലോമീറ്റർ യാത്ര ചെയ്ത പോകേണ്ട ആവശ്യമില്ല , അവർ അത് വീട്ടിൽ എത്തിക്കുന്നതുകൊണ്ട് എനിക്ക് വലിയ സന്തോഷമുണ്ട്.",Happiness
അഹമ്മദാബാദ് എയർപോട്ട് റൺവേയിൽ ഒരു അടി വെള്ളം കയറിയപ്പോൾ എനിക്ക് എന്റെ കണ്ണുകളെ വിശ്വസിക്കാൻ പറ്റിയില്ല.,Surprise
തിയേറ്ററിൽ എന്റെ സീറ്റിന്റെ പിന്നിൽ ഇരുന്ന ആൾടെ പെരുമാറ്റം എനിക്ക് വല്ലാതെ വെറുപ്പ് തോന്നി .,Disgust
പണ്ട് സിലിണ്ടർ ഈസിയായി എടുത്തിരുന്ന എനിക്ക് ഇത്തവണ അതെടുക്കാന് ശ്രമിച്ച് എന്റെ പുറം ഏതാണ്ട് ഉളുക്കി.,Surprise
"വീട്ടിൽ സി.സി.ടി.വി. ക്യാമറ വയ്ക്കില്ല ,ഞങ്ങളോട് കള്ളം പറയാ പിന്നെ കൊള്ളയടിക്കപ്പെടുക,നിങ്ങളെപ്പോലുള്ളവരെയൊക്കെ എന്താ ചെയ്യാ?",Disgust
അലഞ്ഞുതിരിയുന്ന ഒരു ഛിന്നഗ്രഹം ഭൂമിയെ നശിപ്പിക്കുമോന്ന് എനിക്ക് പേടീണ്ട്.,Fear
കാർഗിൽ യുദ്ധത്തിൽ സൈനികർ രാജ്യത്തിനായി ജീവൻ ബലിയർപ്പിക്കുന്ന രംഗം കണ്ടപ്പോൾ എൻ്റെ കണ്ണുനിറഞ്ഞുപോയി.,Sadness
ചരിത്രത്തിൽ അഭിനിവേശമുള്ള സന്ദർശകർ മ്യൂസിയത്തിൽ വന്ന് എന്റെ പുരാവസ്തുക്കൾ കാണുന്നത് കാണുമ്പോ എനിക്ക് വളരെയധികം സന്തോഷം തോന്നുന്നു.,Happiness
അവ ട്രൈ ചെയ്യുമ്പോ അബദ്ധത്തിൽ ഞാൻ പാന്റ് വലിച്ചുകീറി. ഞാൻ ഇപ്പൊ കടയുടമയോട് എന്താ പറയാ ?,Fear
ഓരോ പിറന്നാളും എനിക്ക് പ്രായമാകാണെന്ന ഓർമ്മപ്പെടുത്തലാ.,Sadness
ഇനിയും എനിക്ക് കൂടുതൽ പ്രശ്നങ്ങൾ ഉണ്ടായാൽ ഭാവി എന്താവുമെന്ന് ഒരു എത്തും പിടീം കിട്ടുന്നില്ല.,Fear
അമ്പത് മൈൽ വൺവേയുള്ള എന്റെ ദൈനംദിന യാത്രയ്ക്ക് എന്റെ ബഡ്ജറ്റിലുള്ള ബൈക്കുകൾ മതിയായ ഡ്യൂറബിൾ ആയിരിക്കില്ല എന്നതിൽ എനിക്ക് ആശങ്കയുണ്ട്.,Fear
"അത്ഭുതം! അവസാനത്തെ ഓവറിൽ യുവരാജ് തുടർച്ചയായി മൂന്ന് സിക്സറുകൾ അടിച്ചു, ഞങ്ങടെ ടീം ജയിച്ചു.",Surprise
വീട്ടിലെ ഒരു കവർച്ച എന്നെ വല്ലാതെ പിടിച്ചുകുലുക്കിയതോണ്ട് ഒരൊറ്റ ദിവസത്തിനുള്ളിൽത്തന്നെ ഞാൻ ഒരു സി.സി.ടി.വി. ക്യാമറ വെക്കും.,Fear
ഇത് അവസാനത്തെ പ്രാവശ്യമാ നിങ്ങളോട് ഞാനീ മുറി ക്ലീൻ ചെയ്യാൻ പറയുന്നെ.,Anger
നീ ആദ്യം ചെയ്യേണ്ടത് നെഗറ്റീവ് ആകുന്നത് നിർത്തി സ്വയം വിശ്വസിക്കാൻ തുടങ്ങുക എന്നതാണ്. നീ എല്ലായ്പ്പോഴും നിന്നെ മോശമായി കാണുന്നു .,Disgust
"എന്റെ മോഡുലാർ കിച്ചൺ ഓഡർ ഇത്രയും വൈകുന്നതെന്താ? പറഞ്ഞ ഡെലിവറി തീയതി കഴിഞ്ഞ് ആഴ്ചകളായി, അത് എപ്പോൾ റെഡിയാകുമെന്ന് എനിക്ക് ഇപ്പോഴും അറിയില്ല.",Anger
ടിക്കറ്റ് ചെക്കർമാർ എന്റെ ബസ് തടഞ്ഞ് നിർത്തിയപ്പോൾ എനിക്ക് അങ്ങോട്ട് കലി മൂത്തു.,Anger
"ഹോട്ടലിലെ ഈ ടാപ്പ് വെള്ളത്തിന്റെ രുചി എനിക്ക് സഹിക്കാൻ കഴിയില്ല, ഓക്കാനം വരും.",Disgust
ഓഫീസ് ത്രീ സിസ്റ്റി ഫൈവ് സോഫ്റ്റ്‌വെയറിൽ  അനാവശ്യമായ എ.ഐ പോപ്പ്അപ്പ് നിരവധി തവണ വന്നപ്പോ ഞാൻ മൈക്രോസോഫ്റ്റിന് നേരെ പൊട്ടിത്തെറിച്ചു.,Anger
"എന്റെ ആരോഗ്യ റിപ്പോട്ടിൽ ഡോക്ടർ വളരെ ഹാപ്പി ആയിരുന്നു, എന്നോട് വ്യായാമം എന്തായാലും തുടരണെന്ന് പറഞ്ഞു.",Happiness
ഞാൻ ഒരു ട്രാൻസ്ഫർ ചെയ്യുമ്പോ എന്റെ കമ്പ്യൂട്ടർ ഷട്ട്ഡൗൺ ആയി .,Sadness
"അവധിയെടുക്കുമ്പോൾ നേരത്തെ അറിയിക്കണമെന്ന് എത്രവട്ടം പറഞ്ഞിട്ടുള്ളതാണ്, ഇനി ഇത് ആവർത്തിക്കരുത്.",Anger
ഞാൻ എന്റെ ആധാർ കാർഡ് കൊടുത്തില്ലെങ്കി എന്റെ ആപ്ലികേഷൻ പ്രോസസ്സ് ചെയ്യില്ലെന്ന് ആ ഉദ്യോഗസ്ഥൻ പറഞ്ഞു. എനിക്ക് നാളെയും അവിടെ പോണം.,Sadness
നമ്മുടെ ബന്ധം വളരെ വഷളായിരിക്കുന്നു. ഞാൻ നിങ്ങളുടെ അടുത്ത് വരുമ്പോ എനിക്ക് മനസ്സിടിയുകാ.,Sadness
എന്റെ സ്റ്റോർ നടത്തുന്ന സ്ഥലത്തിന്റെ കെട്ടിട ഉടമ വാടക മൂന്നിരട്ടി കൂട്ടിയപ്പോൾ ഞാൻ പല്ലിറുമ്മി.,Anger
