text,label
"मला हे अजिबात आवडले नाही, राग येतोय",Anger
"he khupach bhari ahe, mast",Happiness
mala khup bhiti vatat ahe,Fear
मी या विषयात इतका कच्चा आहे की त्याच्याशी निगडीत पुस्तकं वाचायचीही भीती वाटते मला.,Fear
शेअर बाजारातल्या फुगवट्याच्या शक्यतेमुळे मला थोडी भीती वाटते आहे.,Fear
मला भीती वाटत होती की जर मी पोलिसांना सांगितले की माझ्याकडे सी.सी.टी.व्ही. कॅमेरा नाहीत तर आमच्यावर टीका केली जाईल आणि ते बसवण्यास आम्हाला भाग पाडले जाईल.,Fear
बँकिंग क्षेत्रातल्या ज्या लोकांकडे मी विश्वासाने पाहिले ते फसवणूक करणारे निघाल्याचे निष्पन्न झाल्यानंतर मी निराश झालो.,Sadness
"अरेरे, हे खूप निराश करणारे आहे. मला तर माझ्या बजेटमध्ये काहीतरी मिळेल अशी आशा होती.",Disgust
या वर्षाच्या सुरुवातीला बिटकॉइन क्रॅश होण्यापूर्वी मी त्यात गुंतवणूक केली नाही याबद्दल मी खुश आहे.,Happiness
मलाच मारण्यासाठी तो माणूस गाडीतून उतरतोय असं दिसतंय.,Fear
उडी मारण्यासाठी स्की जंपच्या वर उभा राहिल्यावर ॲलेक्सच्या पोटात गोळाच आला.,Fear
एकदा तर मी एका विद्यार्थ्याला त्याच्या हाताने त्याचे नाक साफ करून नंतर तेच उत्तरपत्रिकेवर पुसतानाही बघितलंय.,Disgust
त्या कॉमेडियनचं सादरीकरण इतकं विचित्र आणि सक्तीचं वाटतं की मला पुन्हा त्याच्या कार्यक्रमाला उपस्थित राहायची इच्छा नाही.,Disgust
आम्ही अवशेषांमधून चालत जाताना गाईडने चोळ राजवंशाच्या गौरवशाली भूतकाळाचे वर्णन केले त्यावेळी तो खूप उत्तेजित झाला होता.,Happiness
"काही राजकीय हितसंबंध गरीब शेतकऱ्याला थेट पैसे मिळण्यापासून रोखत आहेत, हे खेदजनक आहे.",Sadness
त्या माणसाच्या वागण्याचा मला खूप राग आला. जर तो आणखी काही मिनिटे असेच वागला तर मी त्याच्या कानाखाली वाजवेन.,Anger
"आम्ही तुम्हाला निराश नाही करणार, मॅडम. खोलीत एक खास भेटवस्तू पण ठेवलेली असेल तुमच्यासाठी. हॉटेल गेस्ट रिलेशन्स",Happiness
नाझका पठारावर विचित्र रेखाचित्रं आहेत ज्याचं मला तर आकलन सुद्धा होत नाही!,Surprise
या महिन्यात खूप खर्च केल्यावर माझी पत संकटात येऊ शकेल अशी भीती वाटतेय मला.,Fear
दुःखी ग्राहकांना व्यवस्थापक त्यांच्या पैशांसह गायब झाल्याची बातमी पचवताना पाहत मी चिटफंड कार्यालयाच्या बाहेर उभा होतो.,Sadness
"श्शी, तू पुन्हा वेळापत्रकाबद्दल विचारतोयस यावर विश्वासच बसत नाहीये माझा!",Disgust
"जेव्हा मी श्रेया घोषालची गाणी ऐकतो, तेव्हा प्रत्येक वेळी माझ्या अंगावर रोमांच उभे राहतात.",Happiness
माझ्या लॅपटॉपवर क्रॅश होणारे सॉफ्टवेअर तुझ्या लॅपटॉपवर काम करतेय हे ऐकणे आणखी निराशाजनक आहे.,Sadness
तुम्ही एक चांगले नेते आहात आणि तुम्ही या उपक्रमाचे नेतृत्व करत आहात याचा मला आनंद झालाय.,Happiness
ग्राहकाची वरिष्ठ व्यवस्थापन टीम या उपक्रमासाठी महत्त्वपूर्ण असलेल्या धोरणात्मक बैठकीसाठी आली नाही तेव्हा मी भयंकर संतप्त झालो होतो.,Anger
आज माझ्या एका विद्यार्थ्याने लिंक्डइनवर माझा उल्लेख केल्यानंतर मी जणू ढगात तरंगायला लागलो.,Happiness
यक! ते दोघेही बॉल डोक्याने मारण्याचा प्रयत्न करत होते आणि चुकून त्यांचे ओठ लागले एकमेकांना.,Disgust
गोष्टी फोडायला तुझ्याकडे नेहमीच कोणते ना कोणते कारण असते. या वेळी काय आहे?,Disgust
सर! मी म्हणतोय की माझं तिकीट मी रद्द केलंय आणि पैसे अजूनही माझ्या खात्यात जमा झालेले नाहीत. तुम्ही त्यात लक्ष घालताय की नाही?,Anger
"मी शांत राहण्याचा प्रयत्न करणार आहे, पण मी इतक्या दीर्घ काळापासून फक्त वाईट गोष्टींची कल्पना करत आलीये की माझ्यासाठी बदलणे कठीण झाले.",Disgust
त्याला न सांगताच त्याच्या मुलीने हैदराबादमध्ये नोकरी मिळवली तेव्हा माझ्या मित्राच्या डोळ्यासमोर अंधार पसरला.,Surprise
अरे! जुन्या पुस्तकांच्या किमती आकाशाला भिडतायत. त्या परवडणं कठीण होत चाललंय.,Surprise
वाढीव फीमुळे तुमच्या कुटुंबावर नसता आर्थिक ताण येऊ शकतो.,Fear
या मिस वर्ल्ड स्पर्धेसाठी मी डाएट करायला का तयार झाले काय माहित. पिझ्झा खायचाय यार मला.,Sadness
दुचाकी टॅक्सींच्या लोकांमधील वाढत्या लोकप्रियतेवर बेंगळुरूमधील ऑटो रिक्षा संघटना नाराज आहेत.,Anger
"माझ्या मैत्रिणीची मुलगी तिच्या आजीच्या वाढदिवशी गाणं गायल्यानंतर रडत होती, कारण आपण वाईट प्रकारे गायलो असं तिला वाटत होतं.",Sadness
मी माझ्या मुलासाठी खाते उघडायला बँकेत गेलो तेव्हा बँक व्यवस्थापक माझ्याशी ज्याप्रकारे अहंमन्यपणे बोलला ते मला तिरस्करणीय वाटलं.,Disgust
"एक्स वाहिनीवरचे ते टॉक शो होस्ट्स इतके पक्षपाती आहेत, की ते भयावह आहे. ते कधीही संतुलित दृष्टिकोन मांडत नाहीत.",Disgust
चुकीच्या वस्तूची डिलिव्हरी होत असल्यामुळे पॅकेज परत करावं लागणं हे खरोखरच निराशाजनक आहे.,Sadness
तुम्ही या वस्तूवरील वॉरंटीप्रमाणे सेवा देणार नाही यावर माझा विश्वासच बसत नाही.,Anger
"किती जुनी सायकल आहे बघ ती, चेन पूर्ण गंजली आहे तिची.",Disgust
कर्ज मंजूर करून घ्यायला मदत केल्याबद्दल खूप खूप आभार रामराव. अखेरीस आता घर बांधायला सुरुवात करू शकतो मी.,Happiness
काल रुग्णालयात गेलो होतो मी आणि अतिशय किळसवाणे दृश्य होते ते. रुग्ण बेड शेअर करत आहेत आणि स्वच्छतेचे मूलभूत नियमही पाळले जात नाहीयेत.,Disgust
"आहा! एकदाचं चेन्नईचं तिकीट मिळालं. मी बघितलं तेव्हा फक्त थोड्याच जागा शिल्लक होत्या. तुमची मदत खूपच उपयोगी पडली, सर!",Surprise
"मला थोडसं निरुत्साही वाटतंय, कारण आमच्या दुकानाची मांडणी ग्राहकांच्या नेहमीच्या सवयीच्या मांडणीपेक्षा वेगळी आहे.",Sadness
टायटॅनिक पाहण्यासाठी दुर्दैवी पाणबुडीत बुडून गेलेल्या लोकांच्या कुटुंबांचा विचार करताना मला खिन्न वाटतं. व्यक्ती एक,Sadness
या कर्जाचा दीर्घकालीन आर्थिक भार तुम्हाला परवडेल की नाही याबद्दल आम्हाला खात्री नाहीये.,Fear
विरोधी संघाबद्दल प्रशिक्षकानं केलेली अपमानजनक शेरेबाजी अक्षम्य होती.,Disgust
लोकांना मूर्ख बनवण्यासाठी कंपनीने पिरॅमिड मार्केटींगचा ज्या प्रकारे वापर केला ते शिसारी आणणारं आहे.,Disgust
तुम्ही ब्लेड बदलायला का विसरलात? आता चेहऱ्यावर पुरळ उठलंय माझ्या!,Anger
"या संग्रहालयाची योग्य ती देखभाल होत नसल्याने ते काळोखे, घाणेरडे आणि विचित्र दिसते.",Disgust
दारू प्यायलेल्या एका प्रवाशानं प्रचंड तमाशा करून उड्डाणाच्या वेळी खाली बसायलाच नकार दिल्यामुळं आमच्या उड्डाणाला उशीर झाला आणि माझं डोकंच फिरलं.,Anger
"या हॉटेलच्या तरण तलावातल्या स्वच्छतेच्या अभावानं मळमळायला होतं, कारण ते लोक तो पंधरवड्यातून फक्त एकदाच स्वच्छ करतात.",Disgust
"ही बस सेवा ज्या प्रकारे अविश्वसनीय आहे त्यावर मी क्रुद्ध आहे. ती बिघडली, आणि मला माझ्या महत्त्वाच्या भेटीसाठी उशीर झाला.",Anger
तण काढताना माळ्याने चुकून काही गुलाबाची रोपे उपटल्यावर मी माझ्या माळ्याला तडकाफडकी कामावरून काढून टाकले.,Anger
जग इतकं विशाल आहे आणि याक्षणी मी अगदी एकटा आहे कारण मी घरी एकटा बसलो आहे.,Sadness
आम्ही इंटरनेट बँडविड्थ वाढविण्यावर काम करत आलो आहोत आणि जेव्हा तुम्हाला वरच्या मर्यादेपेक्षा जास्त गती मिळाली तेव्हा आम्ही थक्कच झालो.,Surprise
"माझ्या मुलाला माझी सर्वात जास्त गरज होती, तेव्हा मी तिथं नसल्यानं मला फारच उदासीन वाटलं.",Sadness
माझ्या वडिलांच्या तरुणपणीच्या फुटबॉल आणि क्रिकेटमधील कारनाम्यांच्या गोष्टी ऐकताना मला मौज आली.,Happiness
त्यांचा हॉकी संघ त्यांच्या प्रतिस्पर्ध्यांच्या गोलच्या दिशेने पुढे सरकत असताना मुलींमध्ये उत्साहाची लाट उसळली.,Happiness
"मी माझे पोहण्याचे कपडे नेले होते, पण आमच्या संपूर्ण वास्तव्यादरम्यान हॉटेलचा पूल देखभालीसाठी बंद असल्यामुळं मी उद्विग्न झालो.",Sadness
"भावा! तू इतकं जड वजन उचलशील असं कधीच वाटलं नव्हतं मला, वेडा आहेस तू!",Surprise
"इथे बसलं की फार छान वाटतं मला, कॉफी पीत पीत उडणारी विमानं पाहत बसतो मी.",Happiness
तू मला अनपेक्षितपणे इतकी सुंदर भेटवस्तू दिलीस की मी अवाक झाले.,Surprise
आपण कुठेही गेलो तरी रस्त्यावरचे विक्रेते स्थानिक संस्कृतीची झलक दाखवतात.,Happiness
जेव्हा मी रेस्टॉरंटच्या मागच्या दरवाजातून बाहेर टाकलेलं पाऊल थेट मागून वाहणाऱ्या गटारात पडलं तेव्हा घृणेनी मी मागे सरलो.,Disgust
"नाही सर, माझ्या आजोबांची तब्येत ठीक नसल्यामुळे मी काल काम नाही करू शकलो.",Sadness
आमच्याकडे इंटर्न्स असतात तेव्हा असंच घडतं. तुम्ही विमानात चढत असताना त्यांच्यापैकी एकाने दुसऱ्या व्यक्तीच्या सामनाऐवजी तुमचंच सामान उतरवलं.,Disgust
दिवसातून सरासरी तीन ते चार वेळा तरी राग येण्यासाठी ब्रिटन ओळखला जात असे.,Anger
"मी एक मोठ्ठा सौदा यशस्वीरित्या पार पाडला, जो आपल्याला सर्वात मोठ्या बँकांपैकी एक बनवेल आणि आता मला ढगात असल्यासारखं वाटतंय.",Happiness
मला माझ्या शब्दांतून लोकांना दूर ठेवायचे नाही आणि आयुष्यात एकटे पडायचे नाही.,Fear
नोआचा संघ विजयी झाला तेव्हा त्याचा आनंद रसरशीतपणे साजरा करण्यातून ठळकपणे दिसून येत होता.,Happiness
निघण्यापूर्वी वेटरने डोळे मिचकावले माझ्याकडे बघून. खूपच विचित्र आहे तो.,Disgust
"जेव्हा मी माझ्या मुलासाठी खाते उघडण्याबाबत चर्चा करत होतो, तेव्हा त्याच्या आर्थिक भविष्याच्या चिंतेनी माझं मन ग्रस्त होतं.",Sadness
"""पायी जाण्याच्या अंतरावर शाळा असणं ही वस्तुस्थिती म्हणजे जणू एक विलक्षण गोष्ट हाती लागली आहे. हे माझ्या मुलांसाठी अगदी योग्य आहे"".",Surprise
रस्त्याच्या चुकीच्या बाजूने गाडी चालवणाऱ्या आणि नंतर माझ्यावर हॉर्न वाजवणाऱ्या वाहनचालकांची मला चीड येते.,Anger
गेल्या पाच वर्षांपासून तुमच्या सततच्या टीकेला आणि असंतोषाला तोंड देऊन मी थकलोय.,Disgust
माझा यावर विश्वासच बसत नाही! माझे वर्तमानपत्र रोज उशिरा येते आणि मला नाश्त्याच्या वेळी काहीही वाचायला मिळत नाही.,Anger
"मॉड्यूलर स्वयंपाकघराची अंतिम रचना माझ्या अपेक्षांशी जुळणार नाही आणि माझ्या आवडीनुसार किंवा गरजांनुसार नसलेलं काहीतरी मला मिळेल, अशी काहीशी अस्वस्थ करणारी भावना होतेय मला.",Fear
"तुमच्या टोप्या सांभाळा, कारण मी जे सांगणार आहे त्यानं तुमच्या पायाखालची जमीन सरकणार आहे.",Surprise
सर्व कर्मचाऱ्यांच्या विश्रांतीचे वेळापत्रक एकाच वेळी ठरवण्याच्या कल्पनेनेच मी मागे हटलो आहे.,Disgust
"हाय रवी, मी निकाल पाहिले आणि ते खूप आशादायक दिसत आहेत.",Happiness
"फ्रीजरच्या आत साठलेला इतका बर्फ आणि फ्रीजभोवतीचे पाण्याचे डबके बघून मी अस्वस्थ होतो आहे, ते सुरक्षित आहे की नाही याची मला शंका येते.",Fear
"ते सगळं सोडा हो, बाबा. तुम्ही अशा गोष्टी बोलायलाच नको होत्या. वेड लागलंय का तुम्हाला?",Anger
खाजगी सावकार व्याजाच्या दरात त्यांच्या स्वतःच्या फायद्यासाठी ज्या प्रकारे फेरफार करतात ते संतापजनक आहे.,Disgust
"अलीकडे जेव्हा मी एखाद्या स्वयंचलित यंत्रासारखे जीवन जगत असतो, तेव्हा मला माझ्या खांद्यावर एक जड ओझं जाणवतं.",Sadness
तुम्ही गुंतवणूक सल्लागाराकडे जात असाल असा माझा समज होता आणि तुम्ही स्वतः पैसे हाताळत होता हे माहीतच नव्हतं मला.,Surprise
"मी माझ्या समवयस्कांपैकी एकाशी बोलतो तेव्हा मला मनस्ताप होतो, कारण तो मला माझे बोलणे पूर्णच करू देत नाही आणि मी बोलत असताना आपण बोलतो.",Anger
या वर्षी मला कोणताही आयकर भरावा लागला नाही हे जेव्हा मला कळले तेव्हा माझा माझ्या डोळ्यांवर विश्वासच बसेना!,Surprise
इतकी शानदार कार आमच्या वॉश बेमध्ये येताना बघेन अशी अपेक्षाच नव्हती मला.,Surprise
"मी लवकर गेलो होतो तिकिटे खरेदी करण्यासाठी, पण एवढं करूनही माझा नंबर येण्याआधीच सर्व तिकिटे विकली गेली होती.",Sadness
"अति अपेक्षा या वेगळ्या बाबी आहेत, पण प्रोत्साहन देणे आणि जास्तच लावून धरणे यात एक बारीक रेघ आहे.",Anger
"चौकात एखादा वाहनचालक मला त्याच्या पुढे जायला सांगतो ना, तेव्हा ती भावना मला भारी आवडते.",Happiness
अनेक नवीन स्टार्टअप्स मानसिक आरोग्यावर विशेष लक्ष देत आहेत! आपला भारत देश या क्षेत्रात इतक्या लवकर प्रगती करेल अशी कल्पनाही केली नव्हती मी.,Surprise
बॉक्सिंगच्या एका सामन्यादरम्यान माईक टायसनने दुसऱ्या बॉक्सरचा कान चावला तेव्हा तो मला घृणास्पद वाटला.,Disgust
त्याच्या सगळ्या जखमेवर रक्त आणि पू साचला होता.,Disgust
तुम्ही हे व्यवस्थित केलं तर बरं आहे. चुकांसाठी मी कोणत्याही सबबी ऐकून घेणार नाही.,Anger
"मोठ्या दुकानांमधून इलेक्ट्रॉनिक्स खरेदी करणं टाळायला बघतो मी, कारण मला त्यांच्या सेवेच्या दर्जाची धास्तीच वाटते.",Fear
"तुमच्या दुकानात नेहमी गर्दी असते आणि लोक एकमेकांना धक्के देत असल्याने गोंधळ उडतो, त्यामुळे माझा संयम सुटतो.",Anger
काही चाहत्यांकडून वापरली जाणारी अपमानास्पद भाषा प्रचंड त्रासदायक आहे.,Disgust
मी दोन किलो बटाटे मागितले आणि तुम्ही फक्त एकच किलो दिलेत मला! मला फसवा बिसवायचा प्रयत्न करताय का काय तुम्ही?,Anger
आमच्या दुकानातील उत्पादनात कल्पकतेचा अभाव दिसून येतो हे बघून मला थोडं निराश वाटतंय.,Sadness
भारतीय फुटबॉलचा प्रशिक्षक विनाकारण भांडणात का पडतो मला कळत नाही.,Disgust
"हा चित्रपट बघायची मला खूप भीती वाटते आहे. त्यात अनेक चेटकिणी, भुते आणि भीतीदायक प्राणी आहेत.",Fear
या भागात गुन्हेगारीचं प्रमाण इतकं कमी आहे याचं मला आश्चर्य वाटतं! इथे इतकं सुंदर भाड्याचं घर सापडणं हे खरोखरच आश्वासक आहे.,Surprise
"ना तुम्ही कामावर वेळेवर येता किंवा ना तुम्हाला ज्या मीटिंगला बोलावले आहे त्या मीटिंगला तुम्ही हजर राहता, हे तुमच्या बाजूने मला अत्यंत बेजबाबदारपणाचे वाटते.",Anger
मी बॉसला आणखी एका सुट्टीसाठी विचारणार नाही. कदाचित तो मला नोकरीवरून काढून टाकेल.,Fear
या वातावरणाचा आनंद घेण्यासाठी माझी मुलं माझ्यासोबत असायला हवी होती असं वाटतंय मला.,Sadness
"शहराच्या अगदी मध्यभागी भाडेतत्त्वावरची एक व्यावसायिक जागा शोधणं फारच आनंदाचं आहे, जिथं माझं दुकान सर्व प्रकारच्या पादचाऱ्यांच्या गर्दीमुळं भरभराटीला येऊ शकतं.",Happiness
एका भारतीय बाईनं तिच्या पाकिस्तानी प्रियकराशी लग्न करण्यासाठी तिचा पती आणि मुलांना सोडलेलं माझ्या वाचनात आलं तेव्हा माझ्या मनात तीव्र नापसंतीची भावना उमटली.,Disgust
"एकदमच मजेशीर विनोदी कलाकार आहेत मि. सुब्रमण्यम. त्यांच्या कार्यक्रमाला जायची आयडिया मस्तच होती, पार्वती.",Happiness
व्यावसायिक खेळांमधलं अत्याधिक व्यापारीकरण आणि हावरेपणा उबग आणणारा आहे.,Disgust
वीज गेली तेव्हा माझ्या घरात मला बरेच विचित्र आवाज ऐकू आले आणि त्यामुळे मी घाबरून गेलो कारण एकटाच होतो मी.,Fear
"तुम्ही माझी लाईन पंचेचाळीस मिनिटे होल्डवर ठेवल्यानंतरही तुम्ही मला मदत करू शकत नाही, काय अर्थय याला?",Anger
मी इथं पुस्तकाची चौकशी करायला आलो होतो पण पुस्तकांचं गबाळं आणि घाणेरडं दुकान बघून मी पळ काढला.,Disgust
गाडीच्या साध्या दुरुस्तीसाठी मेकॅनिक केवढे पैसे आकारतो आहे यावर माझा विश्वासच बसत नाही! जणू तो किंचितही न कचरता माझं पाकीट रिकामं करण्याचा प्रयत्न करतो आहे!,Anger
तुम्ही तुमच्या आरोग्याबद्दल जे काही म्हणत आहात ते पाहता तुमचे पोट खरोखरच चांगल्या स्थितीत आहे हे मला सांगावेच लागेल.,Surprise
"आमचे आधारस्तंभ असलेल्या ग्राहकांमुळे आमची झपाट्याने वाढ होते आहे, याचा मला आनंद आहे.",Happiness
उद्यापासून वर्तमानपत्रानी माझ्या सकाळची सुरुवात करण्यासाठी मी खरोखरच उत्सुक आहे आणि हे माहिती आणि प्रेरणेचा दैनंदिन डोस मिळण्यासारखं आहे.,Happiness
दोन हजार अठरामध्ये जागतिक ट्रॅक स्पर्धा जिंकणारी पहिली भारतीय बनल्यानंतर हिमा दासने व्यासपीठावर आनंदाश्रू ढाळले.,Happiness
आकड्यांचा आढावा घ्यायला आणि आपण काय सुधारणा करू शकतो हे बघायला जाम उत्सुक आहे मी.,Happiness
भारतीय संस्कृती आणि इतिहास सुंदरपणे समोर आणणारा चित्रपट पाहून मला आनंद झाला.,Happiness
डॅलसमध्ये एकाच्या डोक्यावर बसलेला दुसरा अशा बहुसंख्य उड्डाणपूलांमुळे मी गडबडून गेलोय.,Surprise
बंजी जंपिंगसाठी तयार झाल्यावर ॲबीगेलचे शरीर ताठरले.,Fear
नाल्यातून चिखल साफ करणाऱ्या माणसाकडे मी पाहिलं आणि मला त्याच्याबद्दल वाईट वाटलं.,Sadness
"या रेस्टॉरंटमध्ये जायची खूप भीती वाटतेय मला. सुविधा आणि लोक, भयानकच दिसतायत इथले.",Fear
माझे वडील गेल्याची बातमी ऐकल्यावर कोणीतरी माझ्या छातीवर वजन ठेवलंय की काय असं वाटलं आणि श्वासच घेता येत नव्हता मला.,Sadness
दार उघडू न शकल्याने मी माझ्या हॉटेलच्या खोलीबाहेर अडकलो आहे आणि मी हताश झालोय.,Sadness
"अनपेक्षितपणे, इंटरनेट आणि सोयी सुविधा व्यावसायिक भाड्यातच समाविष्ट केल्या आहेत, ज्याचा मला शोधाशोध सुरु केल्यावर दोनच आठवड्यांमध्ये  पत्ता लागला.",Surprise
"तुमच्या दुकानाला भेट देताना मला तिटकाऱ्याची भावना जाणवते, कारण ते कायमच गलिच्छ आणि अस्ताव्यस्त असतं.",Disgust
तुमची परत करण्याची प्रक्रिया उगीचच गुंतागुंतीची आहे आणि तो प्रत्येकाच्या वेळेचा अपव्यय आहे.,Anger
दुपारच्या जेवणासाठी योग्य सुविधा आणि पुरेसे पर्याय नसतात हे बघून मला वेड लागते. हे म्हणजे जणू शेतीचे काम करत असताना आम्ही मजूर असमाधानी आणि उपाशी राहावे असेच शेत मालकाला वाटत असल्यासारखे आहे.,Anger
ब्रिटिश एअरवेजच्या संकेतस्थळावरचे विमान कंपन्यांचे दर आश्चर्यकारकरीत्या कमी आहेत.,Happiness
व्वा! सामन्याच्या शेवटच्या दहा मिनिटांत दोन गोल केले फ्रान्सने! मला वाटलं होतं की नक्कीच हरतील ते.,Surprise
टेनिसच्या चेंडूने एक किडा चिरडला गेलाय आणि कोच मला ते साफ कर असं म्हणतायेत.,Disgust
"तुम्ही या राजीनाम्याच्या चर्चेने तुमच्या विकासासाठी आम्ही केलेल्या सर्व प्रयत्नांवर पाणी फिरवत आहात, यावर माझा विश्वास बसत नाही.",Anger
मेजवानी चालू असताना तो तरुण मुलगा त्याच्या मित्रांनी त्याच्याकडे दुर्लक्ष केल्यामुळे खिन्नपणे एकटाच बसला होता.,Sadness
विश्वाच्या प्रारंभाची कल्पना करण्यासाठी सर्वात दूरच्या आकाशगंगेच्या प्रतिमांकडे बघताना मला प्रचंड आनंद होतो.,Happiness
गंडवून परीक्षा पास झालाय आणि तरीही त्याच्या मार्क्सच्या बढाया मारतोय तो.,Disgust
या मॉनिटरच्या हाय डेफिनिशन डिस्प्लेची स्पष्टता बघून मी अचंबित झालोय.,Surprise
गेल्या महिन्यात कमावलेला जवळजवळ प्रत्येक रुपया न रुपया खर्च केलाय मी. मला नाही वाटत या महिन्यात मी भाडे भरू शकेन.,Sadness
माहितीसाठी केलेल्या माझ्या विनंत्यांना ग्राहक प्रतिसाद देत नसल्याने आणि नेतृत्व करणारी माझी टीमसुद्धा मदत करत नसल्यामुळे मी निराश झालोय.,Sadness
"खिडक्यांवर अजूनही रेघा होत्या आणि बाहेरच्या बाजूला काही डाग होते, जे राहून गेले होते.",Fear
मध्यरात्री एकट्यानं तळघरात जायचं नाहीये मला.,Fear
गोव्यातल्या स्थानिक संगीत क्षेत्रातील ऊर्जा आणि चैतन्य यावर विश्वास ठेवण्यासाठी ते प्रत्यक्षच बघायला पाहिजे.,Surprise
मला त्या दुकानातून काहीही खरेदी करण्याचा धोका पत्करायचा नाही कारण ते खराब झालेले अन्न विकतात.,Fear
"मला खूपच आनंद झाला आहे, कारण माझ्या समवयस्कांनी तसेच नेतृत्वाने संस्थेतील माझ्या कामाची दखल घेतली.",Happiness
"मी दररोज शांतता आणि शांततेची भावना इच्छितो, विशेषतः जेव्हा मी ऐन गर्दीच्या वाहतुकीतून गाडी चालवतो.",Sadness
बांधकामाच्या थरांखाली दबून सापडायला आवाक्याबाहेरचा झालेल्या पाण्याच्या पाईपचा विचार मला पुढे येणाऱ्या आव्हानांची जाणीव असल्यामुळे जरा अस्वस्थ करून सोडतो.,Sadness
मी अंथरुणावर पडून आराम करतोय आणि टीव्हीचे कार्यक्रम बघतोय. चेक इनच्या वेळी टीव्ही चालत नसताना हॉटेलच्या कर्मचाऱ्यांनी मला तो दुरुस्त करण्यास मदत केली.,Happiness
"मला राईड शेअर करायला नाही आवडत, माझ्या शेजारी बसलेल्या अनोळखी व्यक्तीचा वास सहन नाही करू शकत मी.",Disgust
"तू तुझ्या परीक्षेत पास झालायस, त्यामुळे स्वतःबद्दल चांगलं वाटून घे.",Happiness
"मला भीती वाटते की माझे मन भरकटले आहे, नाहीतर तुम्ही बोलत असताना मी लक्ष का देऊ शकत नाही?",Fear
मध्यवर्ती बँकेच्या व्याजदराच्या निर्णयाबाबतची अनिश्चितता मला थोडी अस्वस्थ करते आहे.,Fear
पॅरिसच्या लोकल ट्रेनमध्ये प्रवास करणे हे कुशल पाकीटमारांमुळे डोक्यात तिडीक जाणारे आहे.,Fear
एक चालू असणारं आणि आधुनिक स्वयंपाकघर मिळण्यासाठी मी खूप उत्तेजित आहे.,Happiness
मार्केट इतके अनिश्चित आणि आव्हानात्मक बनले आहे की आमच्या गॅलरीसाठी विलक्षण आणि मौल्यवान वस्तू मिळवणे कठीण झालेय.,Fear
इतके दिवस कोणाच्याही नकळत माझा भाऊ आमच्या आजारी पालकांची काळजी घेतोय हे समजल्यावर थक्क झालो मी. किती निःस्वार्थी दयाळूपणा आहे हा.,Surprise
फुटबॉल खेळाडूंचं सतत दुखापत झाल्याचं ढोंग करणं केविलवाणं आहे.,Disgust
"गोंगाट असतो या रेस्टॉरंटमध्ये, पसारा असतो या ठिकाणी, मुळीच आवडत नाही मला इथे यायला.",Anger
"ई, बाथटबमध्ये एक कोळी आहे आणि मी त्याच्यापासून शक्य होईल तेवढं दूर जाते.",Disgust
तुम्ही वापरत असलेल्या साफसफाईच्या उत्पादनांच्या परिणामकारकतेबद्दल फक्त थोडी शंका आहे मला.,Fear
मला कळतच नाहीये की तुम्ही कंपनीच्या आर्थिक स्टेटमेंटबाबत इतका निष्काळजीपणा कसा काय करू शकता. या वर्षी सगळा बट्ट्याबोळ झालाय त्यांचा.,Anger
"तुला माहीत आहे का, आज या दुकानातल्या प्रत्येक वस्तूवर एक खरेदी करा, आणि एक मोफत मिळवा अशी ऑफर आहे?",Surprise
"शाळेच्या ग्रंथालयाची स्थिती भयावह आहे, ती फारच अव्यवस्थित आणि अस्वच्छ आहे.",Disgust
शी. घामाचे हात असे तुमच्या शर्टला पुसू नका.,Disgust
"नव्या मॉड्यूलर स्वयंपाकघरात कुठलीही त्रुटी राहणार नाही अशी जोरदार आशा होती मला, परंतु दुर्दैवानं काउंटरटॉपवरच्या उठून दिसणाऱ्या ओरखड्यांनी मी निराश झाले.",Sadness
आम्ही भरलेल्या टॅक्सी जीपच्या ड्रायव्हरला शोधत होतो आणि जीपच्या बाहेर उभा असलेला माणूस ड्रायव्हरच होता हे माझ्या लक्षात आल्यावर मला जोरदार हसू फुटले.,Happiness
"टेक्निकल टीमने सांगितले की आपण आपल्या लॅपटॉपवर जे काही करतो, त्यावर त्यांची नजर असते.",Fear
त्या पाहुण्याने त्याची गाडी माझ्या गाडीच्या पार्किंगसमोर उभी केली तेव्हा मी रागाने धुमसत होतो.,Anger
शेत नांगरल्यामुळे लागवडीसाठी माती तयार करण्यामध्ये किती फरक पडू शकतो हे मला कधीच जाणवलं नाही. तो जणू एक संपूर्ण नवीन कॅनव्हास असतो!,Surprise
काल तीनदा आम्ही तुमचं पत्र पोहोचवायचा प्रयत्न केला पण तुम्ही जागेवरच नव्हता. कुरिअर,Sadness
आजकाल कृत्रिम खेळपट्टीवर सकाळच्या फुटसलच्या खेळापेक्षा अधिक मला दुसऱ्या कशानेही आनंद होत नाही.,Happiness
निष्क्रिय खात्यांमधून पैसे चोरणाऱ्या बँक कर्मचाऱ्यांमुळं माझं पित्त खवळतं.,Disgust
व्वा! माझ्या आवडत्या दुकानात सध्या बऱ्याच ऑफर्स चालू आहेत. यावेळी बरेच कपडे खरेदी करणार आहे मी.,Surprise
तुम्ही माझ्या घरी माझ्यासाठी केलेल्या सर्व कामांमुळे मी खूप खुश आहे. जर कुणाला तज्ज्ञ गवंड्याची गरज असेल तर मी तुमची शिफारस करेन.,Happiness
लोक माझ्याबद्दल बोलतात त्या सगळ्या चांगल्या गोष्टी ऐकायला आवडतात मला.,Happiness
माझी भावंडे दूर गेल्यापासून खूप आठवण येते मला त्यांची. ते अजूनही इथे असते तर फार बरं झालं असतं.,Sadness
"या प्रकल्पात समाविष्ट असलेल्या संभाव्य जोखमींबद्दल मला खरोखर काळजी वाटतेय, इतकी की मला येणाऱ्या प्रत्येक सकाळचीच भीती वाटते.",Fear
"संगीतातील विलक्षण प्रतिभा असलेले मूल संगीताव्यतिरिक्त इतर उपक्रमांवर लक्ष केंद्रित करू लागले, ज्यामुळे कुटुंबात खूप घबराट पसरली.",Fear
इतर डॉक्टर ऑर्थो डॉक्टरपेक्षा चांगले आहेत असं म्हणतोयस का तू?,Surprise
तुम्हाला जिथे काही सुंदर दृश्ये पाहता येतील अशा नवीन 'अमृतसर एक्स्प्रेस'साठी तिकीटांच्या बुकिंग प्रक्रियेत तुम्हाला मार्गदर्शन करताना मला आनंद होतोय!,Happiness
"या संपूर्ण परिस्थितीमुळे मी खरोखरच निराश झालो आहे. माझं पॅकेज खराब झालं होतं केवळ एवढंच नाही, तर ते आधीच उघडलेलंही होतं!",Anger
जेव्हा मी मॉड्यूलर स्वयंपाकघर पाहिले तेव्हा मला किळस वाटली. रंग आणि पोत यांचे संयोजन केवळ शिसारी आणणारे होते.,Disgust
"गाडी रस्त्याच्या वर येताच, मला एक सुंदर मोकळी जागा सापडल्याने माझे डोळे विस्फारले.",Surprise
आमच्या साफसफाईच्या प्रक्रियेतलं बारीकसारीक गोष्टींवरचं आमचं लक्ष बघून तुम्ही आश्चर्यचकित व्हाल.,Surprise
मला मारायच्या तिच्या प्रयत्नामुळे जबरदस्त हादरलोय मी.,Fear
जी.एस.टी.च्या धोरणातल्या बदलाच्या संभाव्य परिणामाबाबत माझ्यात भीतीची भावना वाढतेय.,Fear
कंपनीच्या सी.ई.ओ.ला व्यवस्थेतून बाहेर काढल्याने आणि रातोरात कंपनी सोडायला लावल्याने व्यवसायाला मोठा फटका बसला.,Surprise
"या थांब्यावरच्या सगळ्या ऑटोचालकांनी मला या पूर्वी एकही प्रश्न न विचारता घरी सोडले आहे, त्यामुळे तुमच्या नकाराने मी चकितच झालोय!",Surprise
माझ्या व्यवसायातल्या उलथापालथीने मला प्रचंड नैराश्य आलंय.,Sadness
मी चुकीचे औषध विकत घेऊन चूक केली आणि त्याबद्दल मला भयंकर वाईट वाटतंय.,Sadness
"मी भडकलोय, कारण प्रशासकांनी माझ्या व्हॉट्सअॅप ग्रुपवर भारतीयांबद्दल एक आक्षेपार्ह टिप्पणी तशीच राहू दिली. व्यक्ती एक",Anger
मी गोगलगायीस स्पर्श करणे अपेक्षित असते तेव्हा माझ्या अंगावर शहारा येतो.,Disgust
कादंबरीचा दुसरा भाग मिळाल्याने मला आनंद झाला. तो वाचताना खूप आनंद मिळतो.,Happiness
तुझ्या आईच्या तब्येतीच्या समस्यांबद्दल ऐकून मला खूप वाईट वाटलं. गेल्या काही दिवसांपासून तू इतका दुःखी का आहेस हे मला आता समजलं.,Sadness
मला मॉड्युलर किचन बसवण्याबद्दल थोडी चिंता आहे. मॉड्युलर युनिट्स बसवत असताना माझ्या स्वयंपाकघराच्या भिंती किंवा जमिनीचे कोणतेही नुकसान होणार नाही अशी मला आशा आहे.,Fear
जर त्या मूर्खाने माझे पाठ्यपुस्तक मागून नेऊन उशिरा परत केले नसते तर मी माझ्या परीक्षेचा अभ्यास केव्हाच पूर्ण केला असता.,Anger
घर भाड्याने घेण्यासाठी असलेल्या माझ्या अंदाजपत्रकात बसणारा पूर्णपणे सुसज्ज असा पर्याय सापडणं हा एक आनंददायी बोनस आहे.,Surprise
वाह! या चित्रपटात रजनीकांत आहे हे मला माहीती नव्हतं. या चित्रपटात त्याचा प्रवेश पूर्णपणे अनपेक्षित होता.,Surprise
पैसे भरण्याची प्रक्रिया ओ येण्याएवढी  क्लिष्ट होती आणि कुरिअर कंपनीने कोणतेही स्पष्टीकरण न देता लावलेल्या अतिरिक्त शुल्कावर माझा विश्वास बसत नव्हता.,Disgust
माझ्या शाळेतले शिक्षक अजिबात कडक नाहीत आणि मला माझा अभ्यास आवडतो.,Happiness
"ओरखडे काढून टाकायला आणि तुमच्या गाडीचं ते चमकदार, आनंदी रूप परत आणायला मी जाम उत्सुक आहे!",Happiness
अपघातात तिचे कुटुंब गमावल्यानंतर तिचे जग अंधकारमय आणि आशाहीन वाटले.,Sadness
नका ठेवू आपले घर गहाण. आपण कर्ज वेळेवर फेडू शकलो नाही तर?,Fear
त्या भयपटामुळं मला अतोनात घाम फुटला आणि काळोख्या जागांवर मला कल्पनेनं भुतंच दिसायला लागली.,Fear
त्या सर्व उपकरणांसहित ती गिअरची सायकल पाच हजार रुपयांना पडली फक्त?,Surprise
"मी लहान असताना तुम्ही काय केले किंवा काय नाही केले याने काहीच फरक पडत नाही, बाबा. थोडा आत्मसन्मान ठेवा, बरं!",Disgust
खराब अन्न खाल्ल्यानंतर तू जसा दिसतोयस ते पाहून मी अस्वस्थ झालोय. तू ठीक आहेस असं वाटत नाहीये मला.,Fear
"फ्लाइटमधे माझ्या मागची व्यक्ती सारखी माझ्या सीटला पाय मारत असल्याने, एअर होस्टेसने माझी सीट बदलली तेव्हा मला हायसे वाटले.",Happiness
"""ओपनहाइमर"" या हॉलिवूड सिनेमातल्या भगवद्गीतेशी निगडीत दृश्यामुळे मी संतापलो आहे.",Anger
कपाटाच्या पर्यायांवर चर्चा करण्याबद्दल अतिशय अस्वस्थ वाटतंय मला.,Fear
मला भीती वाटते की तुमच्या पाठीवर परिणाम होईल.,Fear
भरपूर रडणं असलेले चित्रपट बघत नाही मी कारण अस्वस्थ करतात ते मला.,Sadness
सततचं थंड आणि ढगाळ वातावरण उदास करतं मला.,Sadness
ह्या फार्मसीत चॉकलेटं पण मिळतात हे माहीत नव्हते मला!,Surprise
"एक व्यवसाय मालक म्हणून, कर अधिकाऱ्यांकडून होणाऱ्या अनपेक्षित ऑडीटच्या नुसत्या कल्पनेनंही माझ्या मणक्यातून आरपार शिरशिरी जाते.",Fear
ओसाडपणात एकटे राहण्याची कल्पना मला मुळीच सुखदायक वाटत नाही.,Fear
डॉक्टर म्हणाले की फक्त काही दिवसांचा सोबती आहे तो.,Sadness
पूर्वीच्या व्यसनाधीनांना त्यांचे जीवन पुन्हा उभारण्यात मदत करताना मला भरभरून समाधान मिळते.,Happiness
"पटकन बोटीवर खेच मला, पाण्यात शार्क आहे.",Fear
व्वा! या दुकानात ते वापरलेल्या वस्तू मूळ किंमतीच्या निम्म्या दराने विकत आहेत. पैसे वाचवण्याचा आणि आपली ज्ञानाची तहान भागवण्याचा हा एक उत्तम मार्ग आहे.,Happiness
धावून आल्यानंतर अंघोळ न करता घामाने थबथबलेल्या शर्टात तसाच झोपला तो.,Disgust
मोठ्या वित्तीय लेखापरीक्षण संस्था नियमांतील त्रुटींचा ज्या पद्धतीनं गैरवापर करतात ते उद्वेगजनक असते.,Disgust
राष्ट्रगीत न गायल्याबद्दल अमेरिकी राजकारण्यांपैकी एकाने अमेरिकेच्या महिला फुटबॉल संघाला फटकारले.,Anger
विमा कंपनींच्या खोट्या आश्वासनांनी आणि दिशाभूल करणाऱ्या माहितीमुळं मी वैतागून थकून गेलो आहे.,Disgust
अलीकडच्या आमच्या उत्पादनासाठी ग्राहकांकडून सकारात्मक प्रतिसाद न मिळाल्यामुळं माझ्यातली हवाच निघून गेल्यासारखं वाटतंय.,Sadness
यू. एस. मधील माझ्या मित्राची ई. व्ही. कार जराही आवाज करत नव्हती त्यामुळे तिच्यातून प्रवास करणे स्वप्नवत होते.,Happiness
तूच जर स्वतःला मदत करायला तयार नसशील तर मला नाही वाटत की मी तुला मदत करू शकेन.,Disgust
"मला माफ करा, पण मला शंका आहे की मी त्या प्रसंगासाठी तुमच्या केकची ऑर्डर पूर्ण करू शकणार नाही.",Fear
मी ऑनलाईन एक लॅपटॉप मागवला आणि नंतर जेव्हा एका शेजाऱ्याला लॅपटॉपच्या जागी वीट मिळाली तेव्हा मी काळजीतच पडलो.,Fear
"ती जबाबदारी एकट्या मुख्य कार्यालयाचीच असल्यामुळं वस्तूची किंमत कमी करायला मी असमर्थ आहे, याबद्दल मला हतबल वाटतंय.",Sadness
ही एक अनपेक्षित पण भन्नाट कल्पना आहे! आम्ही खरं तर सोयीस्कर होम कार वॉश सेवा देतो.,Surprise
माझ्या मुलांनी भाग घेतलेल्या नाचाच्या स्पर्धेत कुणाचं नाव विजेता म्हणून घोषित होणार आहे हे बघण्यासाठी मी श्वास रोखून वाट पाहतेय.,Surprise
खरंच? पैशासाठी भारतीयच भारताचा विश्वासघात करतील असं वाटतंय तुला?,Surprise
तुम्ही मिटिंगमध्ये इतरांहून जादा बोलता तेव्हा तुमच्यातल्या व्यावसायिकतेच्या अभावानं मला अतोनात चीड आली आहे.,Anger
आम्ही दिल्लीतल्या सरोजिनी मार्केटमध्ये असताना माझा मुलगा बेपत्ता झाला तेव्हा मी हादरले होते.,Fear
"तुम्हाला माझ्या गाडीतून तुमच्या ठिकाणापर्यंत नेणे मी निवडायचे की नाही, ही माझी इच्छा आहे. मला प्रश्न विचारणारे तुम्ही कोण?",Anger
आजकाल सगळेच विक्रेते आपल्या मालाची घोषणा करण्यासाठी लाऊडस्पीकर वापरतात आणि त्यामुळे डोकं फिरतं माझं.,Anger
फुटबॉल खेळाडूंचं मैदानावर सततचं डाइव्ह मारणं अगदी कीव येण्याजोगं आहे.,Disgust
मला आणि माझ्या सोबतीच्या भारतीय नागरिकांना अपमानित करणारी व्हॉटसॲपवरील पोस्ट पाहणे माझ्यासाठी खूप मन दुखावणारे होते. व्यक्ती एक,Sadness
या आठवड्यात जास्तीचा कर भरल्याबद्दल मला मिळालेल्या कर परताव्यापेक्षा मोठा आनंद मला कशानेही दिला नाही.,Happiness
"मी हे पुस्तक पंधरा दिवसांपूर्वी प्री ऑर्डर केलं होतं, पण अजूनही मला पुष्टीची मेलसुद्धा मिळालेली नाहीये. किती वेळ लागणार आहे डिलिव्हरीसाठी?",Anger
"पत्र देण्यासाठी काल तीनदा घरी आल्याचे सांगून तू मला घाबरवत आहेस, कारण गेल्या दोन दिवसांपासून मी दिवसभर घरीच होतो आणि मला हे कागदपत्र हरवायला नको आहेत.",Fear
मी संस्थेत एच.आर. प्रमुख म्हणून काम करेन तेव्हा माझ्या सहकाऱ्याचा राजीनामा आणि त्याची अनुपस्थिती जाणवून मला खंत वाटेल.,Sadness
मंद इंटरनेट कनेक्शनमुळे ऑफिसच्या मीटिंगमध्ये संभाषणाचा प्रवाह सारखा खंडित होत राहिला तेव्हा मी चिडलो.,Anger
"प्रदर्शनं आकर्षक आहेत, खास करून जी प्राचीन संस्कृतींशी संबंधित आहेत ती.",Surprise
आमच्या प्रतिस्पर्ध्यांच्या अगदी शेजारी त्याच रस्त्यावर आमचं दुकान उघडण्याबाबत माझ्या मनात शंका होती आणि ते आमच्या नाशासाठी कारणीभूत ठरू शकले असते.,Fear
"काल रात्री नकळत माझ्याकडून वसतिगृहाच्या मेसमधला एक नळ फुटला, आणि ते मला ओरडतील की काय अशी खूप भीती वाटतेय मला.",Fear
रेल्वे स्थानकावरील सामान ठेवण्याच्या सुविधा कितपत सुरक्षित आहेत?,Fear
माझ्या चपातीवर कमी तूप नाही का घालू शकत तुम्ही? कोलेस्टेरॉल जास्त आहे माझं हे माहित नाही का तुम्हाला?,Anger
पुस्तकांवरील सवलत केविलवाणी आहे आणि त्यांनी ज्या प्रकारे वागणूक दिली ती एकदम अनादराची आहे. ती एक कटू आठवण राहू देते.,Disgust
मी रात्रीच्या जेवणासाठी ताज्या भाज्या विकत आणायला विसरलो तेव्हा माझा उत्साह मावळला.,Sadness
माझा ड्रेस फाटलाय. स्टेजवर असा नाही जाऊ शकत मी.,Sadness
"सर, मी काल रात्रीच माझं तिकीट रद्द केलंय. मला पैसे परत मिळतील की नाही याची मला चिंता आहे.",Fear
"फ्लिपकार्टच्या माझ्या ऑर्डरवर सतत चुका होत आहेत, आता पुरे झाले, मी आता त्यांच्याकडून खरेदी करणे बंदच करेन.",Anger
बॉसच्या ऑफिस पार्टीला तू तो डाग पडलेला शर्ट घातला आहेस यावर माझा विश्वासच बसत नाही.,Disgust
"जर तुम्ही दुकान व्यवस्थापकाकडे तक्रार केली, तर तुम्ही आनंदी ग्राहक नसल्यामुळे मी माझी नोकरी गमावून बसेन, म्हणून प्लीज असं करू नका, सर.",Fear
हे दुर्दैव आहे की मी तुम्हाला पुरातन खुर्च्या विकण्यात मदत करू शकत नाही.,Sadness
फिफा विश्वचषक सामने बघण्याइतका जास्त मी कशानंच सळसळून उठत नाही.,Happiness
"मला वाटतंय, यंदा परदेशी रेमिटन्सवर फक्त पाच टक्के कर भरणारे मी.",Happiness
"ही शेरेबाजी लोकांना पाहण्यासाठी अशीच सोडली गेली आहे, मात्र याहून निरुपद्रवी शेरेबाजी लगेच काढून टाकली गेली आहे, यानं मी निःशब्द झालो आहे.",Surprise
तुम्ही माझ्या रेस्टॉरंटला रेट करण्यापूर्वी आणि त्याबद्दल काही लिहिण्यापूर्वी प्लीज मला या अडचणी दूर करण्याची एक तरी संधी द्या.,Fear
श्रीमंत राष्ट्रांमुळं उद्भवलेली राष्ट्रांमधील ही आर्थिक विषमता माझं रक्त उकळवते.,Anger
गुहेत एक खोल विवर होते ज्यातून खडक आणि पाणी उकळत बाहेर आले आणि त्यामुळे माझे केस उभे राहिले.,Fear
मला महसुलाचे आकडे पाहता येत नव्हते हे तुम्हाला माहीत नव्हते का?,Surprise
"घरावरील या एका दरोड्याने मला पूर्णपणे हादरवून सोडलंय, त्यामुळे मी एका दिवसाच्या आत सी.सी.टी.व्ही. कॅमेरा बसवणार आहे.",Fear
मला खात्री आहे की तू नेहमीप्रमाणे या अभ्यासक्रमातसुद्धा यशस्वी होशील.,Happiness
आम्ही बँकेच्या लॉकरसाठी पैसे देऊनही खोली अस्वच्छ आहे आणि इतका कुबट वास येतोय की मला आत जायचंच नाहीये.,Disgust
अरे नाही! कर भरण्याची तारीख लवकरच येतेय याची आपल्याला आठवण करून देण्यासाठी त्यांनी फोन केला.,Sadness
आम्हाला आमच्या गुणवत्तेचा अभिमान आहे आणि तुम्हाला इतका वाईट अनुभव आला याने मी सर्दच झालोय.,Surprise
"होय, शेफ, आजचे जेवण खूप आवडले मला. अतिशय ताजे आणि स्वादिष्ट होते ते.",Happiness
"आमची अंतःकरणे आनंदाने भरून गेली आहेत, कारण आम्ही आमच्या मुलांना भेटण्यासाठी भारतातून अमेरिकेला जात आहोत.",Happiness
सी.ई.ओ.च्या प्रस्तावानं माझा दिवस आनंदानं उजळून निघालाय.,Happiness
या दुकानात नेहेमी तीच तीच गाणी सारखी कशी वाजवली जातात हे बघून माझी चिडचीड होते.,Anger
सादरीकरणासाठी तो माणूस आंघोळ न करताच गेला मंचावर.,Disgust
तुम्हाला बँक खाते उघडण्यासाठी कॉल केल्यानंतर तुम्ही आधीपासूनच बँकेचे ग्राहक आहात हे जाणून मी चकित झालोय.,Surprise
आरोग्य केंद्रात माझ्या रक्ताच्या प्रकाराशी जुळणारा रक्तगट न मिळाल्याने मी निराश होतो. माझ्या तातडीच्या वैद्यकीय स्थितीसाठी शस्त्रक्रिया आवश्यक होती.,Sadness
"या ठिकाणी बॉम्ब असू शकतो असे म्हणत आहेत ते, त्यामुळे आपण शक्य तितक्या लवकर निघालं पाहिजे इथून.",Fear
मला दिसले की रोज सकाळी वृत्तपत्र टाकणारा मुलगा त्याच्या मागे लागणार्या कुत्र्यांच्या टोळीला मरणाचा घाबरत होता. म्हणून मी महापालिकेशी संपर्क साधून त्यावर पावले उचलण्यासाठी सांगितले.,Fear
"ना भेटीगाठी, ना मेळावे, ना आनंदी चेहरे, त्यामुळे वातावरण एकदम भकास आहे इथलं. दुःखात बुडाल्यासारखे दिसतायत इथले लोक.",Sadness
टोडा आदिवासींनी बनवलेल्या स्थानिक हस्तकलेची स्मृतीचिन्हे अद्वितीय असतात आणि ती आपल्यामध्ये सकारात्मकतेचा संचार घडवतात.,Happiness
मला खेद वाटतो की मी तुम्हाला आधी फोन केला नाही आणि माझे गॅस कनेक्शन नवीन पत्त्यावर हस्तांतरित करण्यासाठी अर्ज करायला मी इथेपर्यंत आलो. ग्राहक,Sadness
आमच्या केकमधल्या छुप्या घटकामुळे सुखद धक्का बसला तर त्याची चव चांगली येईल!,Surprise
"आपण नाचाची एक नवीन शैली शिकणार आहोत, जी मला वाटतं तुम्हाला अगदी आवडेल.",Happiness
मला रेस्टॉरंटची आजची सेवा अगदी भयंकर वाटली. वाढणारे पर्वा करत नव्हते आणि जेवणाचे पदार्थ टेबलावर आणण्यातला विलंब खूप जास्त होता.,Disgust
खेळाडूंच्या सतत वेळ वाया घालवायच्या युक्त्या डोकं फिरवतात.,Disgust
आपल्या भूतकाळातला एवढा महत्त्वाचा भाग गमावणं खरोखरच हृदय पिळवटून टाकणारं आहे.,Sadness
"ॲल्युमिनियम पुनर्वापर संयंत्राची चालू स्थिती खरोखरच भयानक आहे, त्यामुळे जेव्हा जेव्हा मी त्या मजल्यावर चालतो तेव्हा मला उद्विग्नता येते.",Disgust
"आरोग्य केंद्राकडून बेडच्या या अतिरिक्त शुल्कामुळे मला संताप येतो, ज्याबद्दल मला सुरुवातीला माहिती देण्यात आली नव्हती.",Anger
'द लास्ट एअरबेंडर' मधलं छायाचित्रण इतकं सामान्य दर्जाचं होतं की ते अगदीच पाहण्यासारखं नव्हतं.,Disgust
आर्थिक संकटाच्या संभाव्य परिणामांबद्दल माझ्यात भीतीची भावना वाढत चालली आहे.,Fear
टेनिस कोर्टावर एका भीतीजनक प्रतिस्पर्ध्याचा सामना करत असताना स्मिताचा थरकाप उडाला.,Fear
लक्ष विचलित करणाऱ्या गोष्टी त्यांच्या एकाग्र होण्याच्या आणि धडे प्रभावीपणे आत्मसात करण्याच्या क्षमतेत व्यत्यय आणू शकतात.,Fear
"या घरगुती विजेच्या वस्तूंच्या किंमतीमुळे मी थोडा चकीत आहे, परंतु मला वाटतं की सुसज्ज घरासाठी मला काळजीपूर्वक अंदाजपत्रक तयार करावं लागेल.",Surprise
जेव्हा आयुर्वेदिक डॉक्टरांनी शस्त्रक्रियेची गरज न पडता माझ्या गर्भाशयातील ग्रीवेच्या डिस्कचे प्रोलॅप्स बरे केले तेव्हा मला शिंपल्यातल्या माश्यासारखा आनंद झाला.,Happiness
शी! माझ्या अननसच्या रसात एक कोळी आहे मेलेला.,Disgust
एक टीम म्हणून आपण इतके दिवस एकत्र आहोत की तुम्हाला सोडून जाताना त्रास होतोय मला.,Sadness
प्रत्येकजण आधी मलाच का दोष देतो?,Anger
माझ्या वृद्ध आईवडिलांची काळजी घेणं मला परवडत नाही या वस्तुस्थितीमुळे मला खरोखर दुःख होतंय.,Sadness
"बस कंपनीने बसला विलंब लागण्याबद्दल माफी मागितली तेव्हा मी निराश झालो, त्यामुळे मी माझ्या जायच्या ठिकाणी वेळेवर पोहोचू शकेन की नाही हे अनिश्चित झालं.",Sadness
हे जबरदस्त आहे. व्यावसायिक आणि वैयक्तिकरित्या उत्तम कामगिरी करण्याची तुमची क्षमता प्रेरणादायी आहे.,Happiness
सुसॅन तिच्या आवडत्या खेळाडूला चित्तथरारक विजय मिळवण्यासाठी प्रोत्साहन देत असताना तिचा उत्साह दुणावला.,Happiness
"खरंच कमाल आहे, गाडी चालवत जाण्यासाठी म्हणून माझ्यासाठी माझ्या मित्रांनी सर्व ठिकाणं सोडून मनालीची निवड करावी? जणू त्यांना माझा वेळ आणि इंधन वाया घालवायचं आहे!",Anger
"तिची हाडे तीन महिन्यांत पुन्हा वाढतील आणि मग पुन्हा खेळू शकेल ती, असं म्हणाले डॉक्टर.",Happiness
"भारतातील ई.आर. डॉक्टरांच्या कार्यक्षमतेची सवय झाल्यावर, जेव्हा यू.के. चे ई.आर. डॉक्टर एका तासात जेमतेम दोन रुग्णांवर उपचार करू शकायचे, तेव्हा मी भडकलो.",Disgust
"मला अखंड आणि आनंददायक अनुभवाची आशा होती, परंतु हा कार्यक्रम माझ्या अपेक्षांपेक्षा कमी पडला, ज्यामुळे मला खचून गेल्यासारखी भावना झाली.",Sadness
डोंगरावरील अपघाताच्या ठिकाणाहून पीडितांसाठी वाईट वाटल्याशिवाय मी पुढे जाऊ शकलो नाही.,Sadness
तुम्हाला सगळ्यांना मी नाश्त्यासाठी बाहेर नेलं तर आवडेल का तुम्हाला?,Surprise
न्यूयॉर्क शहराच्या मध्यभागी इतकी शांतता आणि स्थिरचित्तता मिळेल याची मी कल्पनाही केली नव्हती!,Surprise
"शी. पूर्णपणे चिखलाने बरबटून जातोस तू, तरी डर्ट सायकलिंग करायला मजा कशी काय येऊ शकते तुला?",Disgust
राजकीय फायद्यासाठी ज्या प्रकारे ते भीती आणि विभाजनाचा गैरफायदा घेत आहेत ते मला असह्य होते.,Anger
"धावताना माझ्या शरीरातल्या मीठाचं प्रमाण कमी झाल्यामुळे, मला तिथं नसलेल्या गोष्टीही दिसायला लागल्या.",Fear
एका साध्याशा बदलासाठी तुम्ही जादा शुल्क आकारता आहात यावर माझा विश्वासच बसत नाहीय. मला चीड येतेय.,Anger
आपलं कुटुंब गमावल्यावर त्याचं काळीज विदीर्ण झालं आणि त्याचं आयुष्य रितं होऊन गेलं.,Sadness
दुर्मिळ आणि अत्यंत मागणी असलेली वस्तू शोधण्यात एका ग्राहकाला मदत केल्यानंतर मी जाम खुश होतो.,Happiness
आज मी एका गोंडस लहान खारीला आम्ही आमच्या बाल्कनीमध्ये ठेवलेले तांदळाचे दाणे बसून धीराने खाताना पाहिले.,Happiness
कार्तिक! रांगेत उभा राहा आणि तोंड बंद ठेव तुझं.,Anger
"मालकाच्या दृष्टीकोनातून, तुमच्या राजीनाम्याचा आमच्या पगाराच्या बजेटवर आणि टीमच्या एकूण नुकसानभरपाईच्या रचनेवर काय परिणाम होऊ शकतो याबद्दल मला थोडी चिंता आहे.",Fear
"माझ्या मते, अभिनेत्यानं त्याची ऑडिशन पूरी केल्याबरोब्बर दिग्दर्शकाचं तोंड वाकडं झालं.",Disgust
त्यांनी मला तुटलेला शॉवर असलेली एक खोली दिली आणि मी रागाने तक्रार केली तरी ती बदललीसुद्धा नाही.,Anger
"मी काही समूह प्रकल्पांचा अजिबातच चाहता नाही, नेहमी असं वाटत राहतं की मीच सगळी कामं संपवतो.",Disgust
घरं बळकावण्याचा प्रयत्न करणारे बदमाश भाडेकरू घरं शोधणाऱ्या खऱ्या भाडेकरूचं नाव बदनाम करून ठेवतात.,Disgust
तणाव आणि चिंता मला माझ्या आयुष्यात किती मागे खेचताहेत हे मला आधी कळलं नाही. या समुपदेशनाच्या प्रक्रियेने माझे डोळे उघडून मला एक अख्खा नवीन दृष्टीकोन दाखवून दिलाय!,Surprise
"मी गॅरेजमध्ये शिरलो आणि नंतर पुन्हा बाहेर पडलो, कारण आतले भाग चिकट होते आणि घाण अंगाला लागल्याशिवाय आत उभं राहणं अशक्य होतं.",Disgust
मला वाटलं होतं तू नाराज असशील माझ्यावर आणि तू माझ्या बरोबरचं नातं तोडायला नको होतंस मला.,Fear
निवडणुका जिंकण्यासाठी राजकारणी लोक जेव्हा जाती आणि प्रादेशिक राजकारणाचा वापर करतात तेव्हा मी रागानं खवळतो.,Anger
अशा कालबाह्य झालेल्या पी.ओ.एस. पद्धतीने आम्ही काम करावे अशी त्यांची अपेक्षा आहे यावर माझा विश्वास बसत नाही.,Disgust
आम्ही दुकानात विश्वासूपणाचा एक नवीन कार्यक्रम सादर केला ज्याने आमच्या ग्राहकांना खूप उत्साहित केलं.,Happiness
भारतीय फुटबॉलबद्दल तुला एवढी काळजी आहे हे माहित नव्हतं मला.,Surprise
"चेन्नईच्या या स्थानिक बिअरची चव मी सहन करू शकत नाही, कारण ती अगदीच बेचव आणि कशीतरी आहे.",Disgust
स्पर्धांमध्ये प्रत्येक वेळी चेंडू मारताना काही टेनिसपटूंकडून होणारा मोठा आवाज चीड आणणारा असतो आणि प्रतिस्पर्ध्याचे लक्ष विचलित करतो.,Disgust
"मला वाटलं की तुम्ही आमच्या सेवेने खुश आहात. तुम्हाला सुरक्षेशी संबंधित समस्या आल्या, ज्या तुमचे समाधान करु शकेल अशा हाताळल्या गेल्या नाहीत हे ऐकून मला वाईट वाटतंय.",Surprise
पुस्तकांच्या खरेदीवर सवलत मिळाल्यामुळं खूप आनंद झाला होता मला. त्यांच्यावर मी सातशे रुपये वाचवलेत!,Happiness
आवश्यक असलेल्या लसींचे सर्व डोस घेतलेत मी. आता बहुतांश रोगांपासून सुरक्षित आहे मी.,Happiness
मत्स्य बुफेमधील विविधता मनोवेधक होती! मला पुन्हा एकदा गेलं पाहिजे.,Surprise
"मला ज्या शहरामधून फिरायचे होते त्या शहरापासून आम्हाला देण्यात आलेल्या हॉटेलच्या खोल्या फारच दूर  होत्या, त्यामुळे माझ्या उत्साहावर विरजण पडलं.",Sadness
आज काहीतरी वाईट घडणार आहे अशी एक विचित्र भावना आहे माझ्या मनात.,Fear
"पुस्तक प्री ऑर्डर करताना मला चिंता वाटतेय, जर त्यांनी मला फसवलं तर?",Fear
मार्गदर्शित दौरा गचाळपणे ठरवलेला होता आणि आम्ही काही महत्त्वाची माहिती हुकवल्यामुळं आम्हाला बरं वाटलं नाही.,Sadness
मला भीती वाटते की ए.आय.ने ताबा घेतला तर पुढे जाऊन शिकवण्यात आम्हाला स्थानच राहणार नाही.,Fear
दहा लाखांपेक्षा जास्त लोक खेळलेत हा खेळ. तुला कसा काय नाही माहित हा देव जाणे?,Surprise
लेबनॉनला हरवून इंटरकॉन्टिनेंटल चषक जिंकण्यासाठी भारतीय संघ चमकदार फुटबॉल खेळला तेव्हा मी हवेत तरंगत होतो. व्यक्ती एक,Happiness
घरी माझ्या काही जबाबदाऱ्या पार पाडण्यासाठी मला कर्ज घ्यावं लागलं तेव्हा मला खूप वाईट वाटलं.,Sadness
मी इथून बाहेर पडायच्या तयारीत आहे. मी निक्षून सांगितलं की मला दोन खोल्यांची सदनिका हवी आहे आणि तुम्ही मला एका खोलीची जागा दाखवत राहता. मला योग्य जागा शोधण्यात मदत करण्यात तुम्हाला स्वारस्यच नाहीये.,Anger
मला चिंता वाटते की आतापासून दोनेक महिन्यांत मी माझ्या नोकरीचा आणि शिक्षणाचा मोठा भार पेलू शकेन का?,Fear
"मला आशा होती की मूलभूत सेवा अधिक परवडणारी असेल, परंतु एकूण खर्च ऐकला तेव्हा मला थोडं निराशच वाटलं.",Sadness
"मी आतून खदखदतोय, कारण मला माहित आहे की तुम्ही मला कमी पैसे देऊन माझा गैरफायदा घेताय.",Anger
"आजची वाहतुकीची स्थिती म्हणजे एक दुःस्वप्न होते. बस ड्रायव्हरने कोणताही पर्यायी मार्ग घेतला नाही किंवा आम्हाला विलंबाची माहिती दिली नाही, ज्यामुळे संपूर्ण प्रवास एक कधीही न संपणारी अग्निपरीक्षा बनली!",Anger
मी माझ्या मित्राला सांगितलं की त्याच्या दररोजच्या नकारात्मकतेचा मला वीट आलाय आणि त्याला जरा सकारात्मक रहायला सांगितलं.,Anger
"आई, मी रांगेत नीट उभा नव्हतो म्हणून आज कामाक्षी मॅडमनी मैदानाला पाच फेऱ्या मारायला लावल्या मला.",Sadness
लेखकाच्या संघर्षांबद्दल सांगणारा पुस्तकातला हा धडा इतका भावनिक आहे की रडायलाच लागलो मी.,Sadness
सैन्यावर टीका करणारे लोक राष्ट्रवादी भावना नसलेल्या भाड्याच्या सैनिकांपेक्षा वेगळे नसतात. त्यांना पैशाशी देणंघेणं असतं फक्त.,Disgust
"खूप आनंदी आणि निवांत आहे मी, इथलं वातावरण आणि इथं वाजवलं जाणारं पार्श्वसंगीत शांत करणारं आहे!",Happiness
"मला वाटतं की माझ्याकडे पर्याय नाहीये, पण ही एक अन्यायी पद्धत आहे, ज्यांनी खरंतर पैसे भरायला हवेत पण ते तसं करतच नाहीत,त्या लोकांसाठी कव्हर करायला, ज्यामुळे मला अधिक आयकर भरायला सांगतेय.",Disgust
"मी सी.एस.के.चा सामना बघायला गेल्यावर ते मागे राहतील, हे माझ्या कुटुंबाला कसं सांगायचं हेच कळत नाहीये मला.",Sadness
अडचणीत सापडलेल्या प्रकल्पाला मदत करण्यासाठी सी.ई.ओ. पुढे आल्याच्या बातमीने तुम्ही माझा दिवस आनंदी बनवला आहे!,Happiness
हा चित्रपट पाहून मला खूप आनंद झाला आहे. या चित्रपटात माझ्या आवडत्या कलाकारांनी काम केले आहे.,Happiness
घर भाड्याने घेण्याच्या पॅकेजचा भाग म्हणून व्यायामशाळा आणि पोहण्याचा पुल वापरायला मिळण्याची मला अपेक्षा नव्हती.,Surprise
आज काहीही खाल्ले नाही तुम्ही आणि तरीही साखरेची पातळी सामान्य आहे तुमची!,Surprise
माझ्या कामाच्या ठिकाणी असलेल्या व्यावसायिकांच्या अकार्यक्षमतेमुळे माझ्या संतापाचा कडेलोट होत आहे.,Anger
फ्रान्समधल्या उपाहारगृहांमध्ये भाषेच्या अडथळ्यांना तोंड देण्याबद्दल मला थोडी चिंता वाटते.,Fear
सायकलच्या दुकानात गेल्यानंतर पाच मिनिटांच्या आत माझ्या बजेटमध्ये इतकी विलक्षण मस्त सायकल मिळेल अशी मला अपेक्षाच नव्हती.,Surprise
"सी.ई.ओ. भरपूर पैसे घेऊन फरार झाला होता, असे मी वर्तमानपत्रात तरी वाचले नाही. कुठे म्हटले आहे असे?",Surprise
"आज रात्रीपर्यंत जर मी हे काम पूर्ण केले नाही, तर कदाचित उद्या मॅडम मला ओरडतील.",Fear
तुम्हाला माहीत नाहीये का की काही लोक त्यांच्या कामात चांगले आहेत असं तुम्हाला वाटत असलं तरीही दरवर्षी त्यांना बढती देणे निरुपयोगी आहे?,Disgust
माझी या वर्षीची विक्रीची उद्दिष्टे पूर्ण करण्याबाबत मी थोडा तणावात आहे.,Fear
"जेव्हा माझ्या लक्षात आले की त्या प्रख्यात बेकरने अस्सल लोण्याऐवजी मार्गारीनचा वापर केला आहे, तेव्हा मला त्याने बेक केलेल्या केकची शिसारी आली.",Disgust
आमच्या व्यवसायावर परिणाम करणाऱ्या दंगली आणखी भडकवण्यासाठी जातीयवादात राजकारण मिसळलं जात असल्याबद्दल मी चिंताग्रस्त आहे.,Fear
"माझं पित्त खवळलंय, कारण ज्या व्यक्तीसोबत मी काम करणार आहे ती व्यक्ती माझ्यासोबत सहयोग करत नाहीये.",Anger
मला एक दमदार वारसाप्राप्त संपत्ती मिळाली ज्यामुळे माझं आर्थिक भविष्य सुरक्षित होईल.,Happiness
"दोन दिवसांपूर्वी विद्यार्थी पचैयप्पाच्या महाविद्यालयाभोवती फिरत होते आणि रस्त्यावरुन जाणाऱ्या लोकांवर बेछूटपणे हल्ला करत होते, या बातम्यांमुळे मी भयचकित झालो.",Fear
मी त्या खारींच्या जवळ जात नाहीये कारण त्या चावायला आणि ओरबाडायला चपळ असतात.,Fear
तू तुझ्या पैशाबद्दल ऑनलाइन सावधगिरी बाळगतोयस या गोष्टीने खरोखरच माझा दिवस आनंदाचा झालाय.,Happiness
नैसर्गिक संसाधनांना लुटून आणि प्रदूषण करून आपण आपल्या ग्रहाचा केवढ्या स्वार्थीपणे नाश करतोय हे नजरेला पडतं तेव्हा मला आपल्या ग्रहासाठी भयंकर खेद वाटतो.,Sadness
नेतृत्वाने बढतीसाठी सलग पाच वर्षे माझ्याकडे दुर्लक्ष केल्याने गेल्या वर्षी माझ्या अंगाचा तिळपापड झाला होता. कर्मचारी एक,Anger
मला गोदामात पाठवू नका प्लीज. तिकडे आत काळोख आहे खूप.,Fear
तुम्ही गैरसोयीच्या सीट आणि पाय पसरायला जागाच नसलेली टूर बस सुचवल्यामुळे मी नाराज आहे.,Anger
इस्त्रायली सरकार सर्वोच्च न्यायालयाचे अधिकार अगदी दहा लाख वर्षांतसुद्धा कमी करेल अशी मला अपेक्षा नव्हती.,Surprise
यकृताची चव मला मानवतच नाही.,Disgust
दुकानाच्या काऊंटरवर ग्राहकानं मागं  सोडलेला कचऱ्याचा ढीग पाहून किळसवाणं वाटत होतं.,Disgust
वा रे वा! इथे इतकी बहारदार कॉफी मिळत असेल अशी अपेक्षाच केली नव्हती मी कधी.,Surprise
हॅकर्सकडून होणाऱ्या ऑनलाइन गोपनीयतेच्या उल्लंघनाविषयी एक लेख वाचला होता मी आणि आता मला ऑनलाइन व्यवहार करण्याचीच जाम भीती बसलीये.,Fear
ग्रेट बॅरिअर कोरल रीफमधील सागरी जीवनाची विविधता पाहून मी खरोखरच थक्क झालो आहे.,Surprise
जून महिन्यात चेन्नईत असा अनपेक्षित मुसळधार पाऊस एकोणीसशे शहाण्णव नंतर दिसू लागलाय.,Surprise
मंदिरात जाऊन आल्यावर मला आत खोलवर एक समाधानाची भावना जाणवतेय.,Happiness
"बाळा, मी किती वेळा तुला सांगितले आहे की माझ्या ऑफिसच्या लॅपटॉपवर गेम खेळत जाऊ नको म्हणून?",Anger
अफगाणिस्तानमधील तालिबानच्या विजयामुळे महिलांना त्यांच्या भविष्याबद्दल खूप अस्वस्थ केले.,Fear
हे झकास झालं! मी माझ्या घरी येऊन कार वॉश करणाऱ्याच्या शोधातच होतो.,Happiness
पण माझं सामान मी विमानात भरलेलं बघितलं.,Surprise
माझ्या आर्थिक बाबींचा माझ्या करांवर इतका परिणाम होईल असं वाटलंच नव्हतं मला.,Surprise
कंपनीच्या बोर्ड सदस्यांनी त्यांच्या हितसंबंधांचा संघर्ष उघड करण्यास नकार दिल्याने मला भीती वाटत आहे.,Disgust
सरांनी मला सांगितले की जर मी या आठवड्यापर्यंत माझे काम पूर्ण केले तर मी एक महिना सुट्टी घेऊ शकतो!,Happiness
या गाइडेड टूर किती महाग आहेत आणि टूर ऑपरेटर ज्या प्रकारे सामान्य माणसाचे शोषण करतात त्यावर माझा विश्वास बसत नाही.,Disgust
संस्थेतील खर्च कमी करण्याच्या गरजेबद्दल तुम्ही आणि मी सारखाच विचार करत आहोत याचा मला आनंद आहे.,Happiness
माझ्या मुलाने प्रत्येक संगीत वर्गात गाण्यावर लक्ष केंद्रित केले नाही तेव्हा मी त्याच्यावर राग काढला.,Anger
वा! जपानची आहेत का ही सफरचंदं?,Surprise
"तुम्ही मला नवीन ग्राहकाबद्दल इशारा दिला तेव्हा मी तुमचं ऐकलं नाही, त्यामुळे मी स्वतःवर नाराज आहे.",Sadness
या आकर्षणात ग्राहक सेवेचा अभाव निराशाजनक आहे.,Disgust
काही दूरचित्रवाणी मालिका इतक्या नकारात्मक आणि प्रतिगामी असतात आणि तरीही लोक त्या पाहतात.,Disgust
त्यांच्याकडून माझ्या नवीन घरासाठी मी इतक्या वस्तू विकत घेऊनही विजेच्या वस्तुंचं दुकान मला जादाची हमी देत नसल्यामुळं मी नाराज आहे.,Anger
आजूबाजूच्या भूप्रदेशाचं आणि मला प्रिय असलेल्या वनस्पतींचं नुकसान न करता आपण कुंपणाची भिंत कशी बांधायची ते माझ्या मनात आहे.,Fear
"इतर लोकांचे पैसे घेऊन फरार होण्याचे कोणतेही गंभीर परिणाम नाहीयेत, म्हणून ते इतक्या सहजपणे चोरी करतात. या फरार गुन्हेगारांना पकडले पाहिजे आणि त्यांना चोप दिला पाहिजे.",Disgust
संघटनेच्या संपूर्ण बैठकीदरम्यान रहिवाशांपैकी एका महिलेचा इतर रहिवाशांवर ओरडण्याचा आवाज ऐकणं भयानक होतं.,Disgust
"कुरिअरचे पैसे चुकीच्या पद्धतीनं मांडले गेलेत हे बघून त्रास होतो, ज्यामुळे विनाकारण मनस्ताप होतो आणि समस्या सोडवणं गैरसोयीचं होतं.",Sadness
तुझे सगळे पैसे नक्की आले तरी कुठून?,Anger
या पास्ता सॉसमधला मलईदारपणा माझ्या चवीच्या रंध्रांना अचूकपणे वेढून टाकतो.,Happiness
"जेव्हा जेव्हा मी फुटबॉल खेळतो, मला खूप बरं वाटतं. जणू काही माझा जन्म हा खेळ खेळण्यासाठीच झाला आहे असं.",Happiness
"सर, जागेवर बसा तुमच्या. हे विमान आहे, मंडई नाही!",Anger
"डॉक्टर, माझ्या चाचणीच्या निकालांमध्ये काही चुकीचं दिसतंय का? मी होईन ना बरा?",Fear
एनरॉन नेतृत्वाने त्यांच्या अपयशाची जबाबदारी घेण्यास नकार दिल्याने मला हताशा आली.,Disgust
आमचे कॉलेज उघडायला सहा महिने उशीर होत असल्याच्या बातमीने मी भांबावून गेलोय.,Surprise
पहारेकरी म्हणाला की गर्दी कमी आहे आज. त्यामुळे जास्त वेळ थांबू देतोय तो इथे आपल्याला.,Happiness
त्या अभिनेत्याला मुख्य भूमिका कशा काय मिळत राहतात समजतच नाही मला. तो अजिबातच अभिनय करू शकत नाही.,Disgust
त्यांनी माझ्या कागदपत्रांची पडताळणी पूर्ण केली आणि केवळ पाच मिनिटांतच माझा अर्ज मंजूर केला!,Surprise
त्या मुलीने स्टेजवर तिच्या कर्नाटकी संगीताच्या मैफलीच्या वेळी गळा पूर्णपणे मोकळा सोडला तेव्हा मी त्या मुलीकडे विस्मयानी बघितलं.,Happiness
"अरे, तू रस्त्याच्या चुकीच्या बाजूने गाडी चालवून वाहतूक का तुंबवलीस? आता मला तुझ्यामुळे कामावर जायला उशीर होणार आहे.",Anger
पँट घालून बघताना चुकून फाटली ती माझ्याकडून. दुकानदाराला काय सांगणार आता मी?,Fear
तुफान वेगाच्या उतारावर स्की शर्यतीची तयारी करताना जगन थरथर कापायला लागला.,Fear
"हा पदार्थ तयार करून शेफनी मला खरोखर प्रभावित केलं, स्वाद आणि पोताचं कल्पक संयोजन अनपेक्षित आणि आनंददायी आहे.",Surprise
"फ्रीजमधून येणाऱ्या मोठ्या आणि विचित्र आवाजांबद्दल मला खरोखर काळजी वाटते, असं वाटतं की काहीतरी गंभीर दोष असू शकतो.",Fear
मला काहीतरी जळत असल्याचा वास येतोय. आग लागली की काय इंजिनला?,Fear
"तिकीट काउंटर खूप घाणेरडे आणि गलिच्छ आहे. मला चेन्नईचे तिकीट काढायचे आहे, मी कसा उभा राहू तिथे?",Disgust
मला आजच कामावर बढती मिळाली. कर्मचारी एक,Happiness
"या गावातल्या प्रत्येक दुकानात फोन लावून बघितला मी, पण त्यांच्याकडे डिशवॉशरच नाहीये विकायला.",Sadness
आजच्या कला बाजारात कलेच्या परिवर्तनशील शक्तीची लुप्त होत चाललेली ओळख बघणं हे निराश करणारं आहे.,Sadness
आमच्या व्यवसायातल्या जबाबदाऱ्यांच्या पूर्ततेत मदत व्हावी म्हणून आमच्या आर्थिक व्यवस्थापनाच्या धोरणांनी आमच्या रोखीच्या प्रवाहात ज्या पद्धतीनं सुधारणा केलीये ते फार आवडतं मला.,Happiness
"मॅडम, रांगेत मी आलो होतो आधी, त्यामुळे आधी माझ्या गाडीत हवा भरायला पाहिजे त्याने.",Anger
अडथळा मार्गाच्या शर्यतीदरम्यान दिव्या अतिउंच अडथळ्याकडं भीतीनं एकटक बघतच राहिली.,Fear
या शाळेत प्रवेश घेण्याची संधी अशावेळी चालून आली जेव्हा मला त्याची जरासुद्धा अपेक्षा नव्हती आणि इतर सगळ्या चांगल्या शाळांनी मला नकार दिला होता.,Surprise
मी अनेक वेळा हा प्रयोग करण्याचा प्रयत्न केला पण मला त्याचे चांगले परिणाम मिळाले नाहीत.,Sadness
माईक टायसनने इव्हँडर होलीफील्डचा कान चावून तुकडा काढतानाचे दृश्य बघणे मला किळसवाणे वाटले.,Disgust
कुरिअर यायला उशीर होऊ शकतो अशी भीती वाटतेय मला आणि मला तर पॅकेजची तातडीने गरज आहे.,Fear
"हे फारच हास्यास्पद आहे. मी एखादा शांत परिसर विचारला, तरीही तुम्ही मला गर्दीचे रस्ते आणि गोंगाटाची ठिकाणे दाखवत राहता. तुम्ही माझ्यासमोर जे फेकाल ते मी मान्य करेन असं वाटतं का तुम्हाला?",Anger
"विटलेलं अन्न मला फेकून द्यावं लागतं तेव्हा मी हैराण होतो, कारण हा फ्रीज त्याचं कामच नीट करू शकत नाहीये!",Anger
"व्वा, ते मस्तच वाटतंय! कधी एकदा ते करून बघतोय असं झालंय मला.",Surprise
कंबोडियातला स्थानिक इतिहास आणि संस्कृतीची समृद्धी खरोखरच चित्तवेधक आहे.,Surprise
"शेवटच्या तिमाहीत मी ज्या उमेदवाराला बढती दिली होती, त्याने राजीनामा देण्याचा निर्णय घेतला तेव्हा मी अवाक झालो.",Surprise
"हाय जया, तुझी मुलगी अतिशय हुशार आणि नम्र विद्यार्थिनी आहे. मला नेहमी गुड मॉर्निंग म्हणते ती.",Happiness
मी घाबरत घाबरत परीक्षेच्या हॉलमध्ये गेलो कारण मी माझ्या अपेक्षेप्रमाणे तयारी केली नव्हती.,Fear
प्रत्येक वेळी जेव्हा मी हॅमलीच्या खेळण्यांच्या दुकानात जातो तेव्हा मला तरुण आणि तरतरीत वाटते!,Happiness
"मला माझ्या चुलत भावाशी बोलायला खूपच आवडते, कारण तो नेहमीच आनंदी असतो.",Happiness
माझी अडचण समजून घेऊन खराब वस्तू बदलून देण्याच्या तुमच्या तयारीचं कौतुक करतो मी.,Happiness
चेन्नईतल्या ट्रॅफिक लाईट्सवरचे भिकारी मला उदासवाणं करतात.,Sadness
व्वा! या डोंगर माथ्यावरून दिसणारे दृश्य किती विस्मयकारक आहे!,Surprise
मला माहित आहे की हा फोन अचानक केलाय पण माझ्याकडे सी.एस.के.च्या लेटेस्ट सामन्यांची तिकिटं आहेत. तुला आवडेल का यायला?,Surprise
त्यांनी माझ्या कागदपत्रांची पडताळणी केली आणि मी या योजनेसाठी पात्र आहे असं म्हणाले.,Happiness
"शी! बेकार! सडलेल्या टोमॅटोंसारखी चव लागतेय याची, या रेस्टॉरंटमध्ये पुन्हा कधीही जेवणार नाही मी.",Disgust
"मला काळोख्या खोलीत एकटे राहणे आवडत नाही, कारण तिथे माझ्याबरोबर अजून कुणीतरी आहे अशी माझी कल्पना होते.",Fear
शी. तुम्हाला माझ्या विष्ठेचा नमुना कशाला हवाय?,Disgust
रॅम्पवरून खाली उतरताना घसरले मी. माझा गुडघा खूपच दुखतोय.,Sadness
जुन्या किल्ल्याच्या भिंतींना खराब करणाऱ्या भित्तिचित्रांचे प्रमाण पाहून माझा संताप झाला.,Anger
दोन तारांकित हॉटेलसाठी माझ्याकडून भरपूर पैसे उकळल्यामुळे या ऑपरेटरकडे पुन्हा कधीही मी सुट्टीचं बुकिंग करणार नाही.,Anger
"अरे यार! आई, बसने शाळेत जायला अजिबात आवडत नाही मला. सगळी मुले खिल्ली उडवतात माझी.",Fear
घरफोडीनंतरही तुम्ही सुरक्षित आणि स्वस्थ आहात याचा आम्हाला आनंद आहे. तुमच्याकडून चोरी करणाऱ्या गुन्हेगारांना आम्ही नक्कीच पकडू. पोलीस,Happiness
"या कलाकृती आदर आणि कौतुकासाठी पात्र आहेत, क्षुल्लक मनोरंजन म्हणून बाजूला सरकवण्यासाठी नव्हे.",Disgust
मी कोणतेही क्लेम केलेलेच नसताना तू गेल्या वर्षापेक्षा जास्त विमा क्लेम का सांगत आहेस? मला फसवण्याच्या प्रयत्नात आहेस का तू?,Anger
"मी ॲमेझॉनवर एक मोबाईल फोन मागवला आणि मला एक बेकार मॉडेल मिळाले, ज्यामुळे मी नाराज झालो.",Sadness
मॉड्युलर किचनसाठीची मोजमापे अचूक नसतील आणि दिलेल्या जागेत कॅबिनेट नीट बसणार नाहीत याची मला चिंता वाटते.,Fear
या भ्रष्ट राजकारण्यांवर सार्वजनिक पदांवरून बंदी घालून शिक्षा करा त्यांना.,Anger
खराब सिग्नलमुळे माझं आमच्या मुलांशी फोनवर बोलणं होऊ शकलं नाही तेव्हा मी दुःखी झालो.,Sadness
"तुझ्या फोनचं खूप व्यसन लागतंय तुला, म्हणून मी काढून घेतोय तो.",Anger
कार्यक्रमाची संकल्पना प्रभावी असली तरी एकूण गोंधळ आणि गैरव्यवस्थापनाबद्दल मी कार्यक्रमाच्या व्यवस्थापकावर अतिशय रागावलो आहे.,Anger
टी.एन.ई.बी.च्या टीमने चक्रीवादळानंतर पटकन वीजपुरवठा पूर्ववत केल्यामुळे मी खुश झालो.,Happiness
तुमचं यशाचं वेड या कला प्रकारांच्या खऱ्या अर्थाला झाकोळून टाकतंय.,Disgust
गुड मॉर्निंग सर! तुम्हाला बचत खातं उघडायला आवडेल का? बँक विक्रेता,Happiness
"तू माझ्यावर आदळल्याने माझ्याकडून माझा मोबाईल फोन खाली पडला, म्हणून मी चिडलोय तुझ्यावर!",Anger
प्रवेश परीक्षेत आपली कामाक्षी दुसरी येईल हे कोणाला माहीत होतं?,Surprise
कौटुंबिक व्यवसाय बंद होण्यासाठी मी जबाबदार असू शकतो या तुमच्या विचाराने मी उद्विग्न झालोय.,Disgust
"माझ्या खोलीतून निघ या तुझ्या बोलण्यानं मन दुखावलंय माझं, पण मी निघण्यापूर्वी माझ्याकडे तुझ्यासाठी काहीतरी बातमी आहे. आई",Sadness
व्वा! ते आधीच्या कुणाच्या तरी मालकीची पुस्तके देखील विकतात का? ते ती विकत असतील असं मला वाटलं नव्हतं.,Surprise
"ही महिला ड्रायव्हिंग प्रशिक्षक माझ्या चुका सुधारण्यासाठी मला मदत करताना धीर धरत नाही, याचा मला राग येतो.",Anger
मी तिकीट काऊंटरवर गेलो तेव्हा एमिरेट्सने मला अनपेक्षितपणे इकॉनॉमी क्लासमधून चक्क बिझनेस क्लासमध्ये हलवले!,Surprise
माझं संपूर्ण व्यावसायिक कर्ज मी यशस्वीरित्या फेडलं याचा मला दिलासा मिळाला आहे.,Happiness
"हायवेजवळच्या एका झाडाखाली मी हबकून थिजूनच गेले, जेव्हा तिथून जाणाऱ्या बसने अचानक ब्रेक दाबला आणि निसरड्या रस्त्यावर घसरून ती तिच्या एका बाजूवर पडली.",Surprise
या रेस्टॉरंटच्या मेनूमध्ये विविधता नसल्यामुळे मी उद्विग्न आहे आणि हे एका दशकाहून अधिक असेच चालू आहे.,Disgust
जेव्हा सरकारने दोन हजार रुपयांच्या नोटा चलनातून काढून घेतल्या तेव्हा सामान्य जनता आणि गुन्हेगार या दोघांनाही धक्का बसला.,Surprise
आमच्या प्रगतीच्या अभावाने आम्हाला बाजारपेठेतील प्रतिस्पर्ध्यांसमोर असुरक्षित बनवले आहे.,Sadness
विद्यार्थी यू.एस.च्या कॉलेजांना भरपूर पैसे देतात आणि त्यांची परतफेड करण्यासाठी त्यांना मोठ्या कर्जाचा भार सोसावा लागतो हे दुर्दैवी आहे.,Anger
मी काय करू शकतो हे सर्वांना दाखवण्याच्या संधीची वाट पाहतोय मी.,Happiness
"आमच्या कुत्रीचा मृत्यू होण्यापूर्वी तिचं, माझ्या वडिलांनी घरी येण्याची आणि त्यांनी तिला पाहण्यासाठी वाट बघणं हे हृदय पिळवटून टाकणारं होतं.",Sadness
मला ग्राहकाच्या समस्येवर तोडगा सापडत नसेल आणि त्यांनी ती गंभीर स्वरूपात वाढवली तर काय होईल?,Fear
दुकानाची धोरणं बदलल्यामुळं ग्राहकांच्या समाधानावर होणाऱ्या नकारात्मक परिणामांची मला चिंता आहे.,Fear
"तंजावरच्या मंदिराचं बांधकाम आश्चर्यकारक आहे, विशेषतः माथ्यावर असलेला प्रचंड खडक.",Surprise
गंगटोकमधील पर्वतांवरील सूर्योदय फारच विस्मयकारक असतो.,Surprise
"राहुल! पी.टी.चे सर व्यायाम घेणार नाहियेत आज आणि एक तास खेळू शकतो आपण! चल लवकर, बॉल घेऊन येऊ!",Surprise
या उत्पादनाच्या दीर्घकाळ चालणाऱ्या कामगिरीने मी प्रभावित झालो आहे.,Surprise
आम्ही आमच्या प्रमुख ग्राहकांसाठी सुरू करत असलेल्या नवीन प्रकल्पाबद्दल मी खूप रोमांचित आहे.,Happiness
"ग्राहकाचा देणगी देण्याचा निर्णय चौकटीबाहेरचा होता, परंतु स्वागत आहे त्याचे.",Surprise
खराब काम करूनही नियोजकानं त्याची चूक मान्य केली नाही.,Disgust
आम्हाला काही अनपेक्षित आर्थिक समस्यांना तोंड द्यावं लागतंय आणि फी देण्यासाठी झालेल्या उशिराबद्दल मी दिलगीर आहे.,Sadness
मला वाटते की लोक श्रीमंत असताना कायद्याचे उल्लंघन करून निसटू शकतात. पैसा बोलतो!,Disgust
मला दिवसाच्या अखेरीस पूर्ण कराव्या लागणाऱ्या प्रशासकीय कामाचे प्रमाण पाहून मी थोडा घाबरलो आहे.,Fear
एकोणीसशे शहाण्णऊ मध्ये जेव्हा मला क्रेडिट कार्ड नाकारण्यात आलं तेव्हा मी अमेरिकेच्या बँकिंग व्यवस्थेवर टीका करत ओरडत होतो.,Anger
कुरिअर सेवेनी माझं पार्सल हरवलं पण त्याबद्दल माझ्याशी संपर्क साधून ते बोलले नाहीत तेव्हा मला राग आला.,Anger
त्या मग्रूर कर्मचाऱ्याची तक्रार करायला मी बँक व्यवस्थापकांकडे गेलो तेव्हा माझ्या पोटात गोळा आलेला जाणवला मला.,Fear
माझी भावंडंच माझ्याविषयी असं खोटंनाटं काहीतरी पसरवतील यावर विश्वासच बसत नाहीये माझा. साफ चुकीचं आहे ते.,Disgust
ग्राहकाने मला घरातून नेण्यासाठी एक गाडी पाठवली आणि मला आश्चर्यचकित करून सोडले.,Surprise
आम्ही सुरू केलेल्या नवीन विपणन मोहिमेने खूप चर्चा निर्माण केली तेव्हा आम्ही उत्साहित झालो.,Happiness
"मी तुला बोलू दिले नाही या तुझ्या आरोपाने मी चकितच झालोय, कारण प्रत्यक्षात तर मी तुला स्वतःला व्यक्त करण्याच्या पुरेशा संधी दिल्या होत्या.",Surprise
तुझा मोबाईल फोनचा रोजचा अतिवापर पाहून भीती वाटते मला. तू जितका वापरतोस त्याचा अर्धा वेळ जरी फोन वापरला तरी मानसिक क्षमतेत घट होत असल्याचे अभ्यासांमध्ये दिसून आले आहे.,Fear
माझ्या क्रेडिट कार्डचे केवढे तरी उपयोगी फायदे आहेत. त्यादिवशी मला विमानतळाच्या विश्रामगृहात फुकटात प्रवेश मिळाला.,Happiness
"एक प्रकल्प यशस्वीरित्या पूर्ण करण्यात अयशस्वी ठरल्यानंतर, नेतृत्व संघ आतमध्ये त्याच्या भविष्याचा निर्णय घेत असताना व्यवस्थापक अस्वस्थपणे कॉन्फरन्स रूमच्या बाहेर बसला होता.",Fear
या शर्टचं डिझाईनच इतकं भेसूर आहे की माझ्या उभ्या आयुष्यात कधीही घालणार नाही मी तो.,Disgust
द हिंदू हे वृत्तपत्र उघडउघड साम्यवादी आहे आणि आता स्वतंत्र पत्रकारितेचं प्रतिनिधित्व नाही करत.,Disgust
नेतृत्वाच्या चुकीच्या निर्णयामुळे शेअरच्या किंमतीत एका रात्रीत वीस टक्के घसरण झाल्यामुळे गुंतवणूकदारांनी जोरजोरात आरडाओरडा केला.,Anger
तुला गोष्टींची कल्पना करणे थांबवावे लागेल. तुझ्या सभोवतालच्या लोकांवर याचा परिणाम होत आहे आणि याचा मला त्रास होतोय.,Anger
माझ्या शेजारच्या परिसरात कमी उत्पन्न असलेल्या कुटुंबांना परवडतील अशा  घरांच्या पर्यायांच्या अभावामुळे मी खूप निराश झालो आहे.,Anger
मला माझ्या पोटमाळ्यावर आत ठेवलेल्या ट्रंकेत जेव्हा कल्कीनी स्वाक्षरी केलेली पोन्नियिन सेल्वनची प्रत दिसली तेव्हा मी आश्चर्यचकित झालो!,Surprise
खराब कामगिरीच्या पार्श्वभूमीवर काही नेत्यांचे भरघोस बोनस मला अन्यायकारक वाटतात.,Disgust
मी टॅक्सीतून परत येत असताना पाऊस सुरू झाला आणि प्रचंड वाहतूक कोंडी झाली.,Sadness
"आम्ही कोलंबसच्या अमाप पाण्यात प्रवेश करत असतानाच कडाक्याच्या थंडीत विजेच्या तारा तुटल्या, ज्यामुळे आम्ही काळोखात थरथरत होतो.",Fear
टुरिस्ट ऑपरेटरनं बुक केलेल्या हॉटेलमधल्या खोल्या झुरळांनी भरलेल्या होत्या.,Disgust
घरभर दररोज पडलेल्या घाणेरड्या ताटल्यांचे ढीग पाहून मला शिसारी आली आहे.,Disgust
"हे नजाकतीच्या कलाकुसरीचं काम असलेलं सोन्याचं ब्रेसलेट केवळ आकर्षकच नाही, तर ते माझ्या बजेटमध्येही पूर्णपणे बसतं.",Happiness
मला सांगितलं गेलं होतं की या दुकानात वापरलेली पुस्तकं विकली जातात पण ही पुस्तकं फाटलेली आहेत आणि खूप बेकार दिसतायत.,Disgust
"एका रविवारी मेसमध्ये बिर्याणी खात होतो, तर त्यात अळी सापडली मला, त्याच क्षणी मी तोंडातला घास थुंकला. आता पुन्हा कधीच मला मेसमध्ये बासमती भात खायचा नाहीये.",Disgust
गेल्या महिन्यात जेव्हा माझ्या मुलाने त्याचा संगणक विज्ञान हा पदवीपूर्व विषय यशस्वीरित्या बदलून सांख्यिकी केला तेव्हा मला खूप आनंद झाला.,Happiness
पुरेसे पैसे नाहीत माझ्या खिशात आणि पेट्रोलच्या दराचा तर भडका उडालाय नुसता.,Sadness
बँक लोकांना त्यांच्या सामाजिक पतीनुसार वागवते हे घृणास्पद आहे.,Disgust
गृहकर्ज घेतल्यानंतर दोन वर्षांच्या आत मी ते यशस्वीरित्या फेडले आणि त्यामुळे माझ्या छातीवरचा बोजा उचलला गेला.,Happiness
त्या फाऊलबाबत जाम राग आलाय मला! पंचांनी द्यायला हवा होता तो.,Anger
मी ईस्ट कोस्ट रोडवर गाडी चालवत असताना शेअर ऑटो चालकाच्या सततच्या हॉर्न वाजवण्यामुळे माझं डोकं खराब झालं.,Anger
मी नेटफ्लिक्सवर ब्राउझ करत होतो आणि चुकून मला रुपांतरीत चित्रपट सापडला. कसला भारी वाटतोय तो!,Surprise
"या ऑफिसमधल्या प्रत्येकाला उदास वाटत आहे, कारण जेव्हा बाजार घसरला तेव्हा आम्ही सगळेजण मोठ्या प्रमाणात पैसे गमावून बसलो.",Sadness
वादळात अडकण्याच्या विचारानं माझी घबराट होते.,Fear
माझे खाते मी माझ्या मित्रांशी शेअर करतोय हे त्यांना कळल्यामुळे ब्लॉक झाले.,Sadness
"पूर्वी दहा दहा मैल पोहायचो मी, पण आता एक मैल पोहलो तरी दम लागतो.",Sadness
सेवेच्या खालावलेल्या दर्जामुळे या कुरिअरची सेवा पुन्हा वापरण्याबद्दल मला अस्वस्थता येत आहे.,Fear
या निर्णयाच्या आमच्या कंपनीवर होणाऱ्या नकारात्मक परिणामाबद्दल आणि लोकांना जाऊ दिल्याबद्दल मी नाराज आहे.,Sadness
आईशपथ! याआधी मी एवढं विनोदी कुणालाच बघितलेलं नाही!,Surprise
प्रयोगशाळेतील प्रयोगादरम्यान चूक होईल हा विचार मला अस्वस्थ करतो.,Fear
काल सकाळी स्कूटर चालवताना माझ्या अंगावर कावळ्याच्या विष्ठेचे शिंतोडे उडाले तेव्हा मला मळमळायला लागलं.,Disgust
"मी पाण्याच्या फिल्टरची माझी ए. एम. सी. रिन्यू केलीये, आणि एक महिना होऊन गेलाय तरी फिल्टर बदलायला कोणीही फिरकलेलं नाही.",Anger
अरे व्वा! ही तीच नवीन हायब्रिड कार आहे का जी चालवण्यासाठी पेट्रोल लागत नाही?,Surprise
या गिर्यारोहण मार्गावरच्या कचऱ्याचे प्रमाण शिसारी आणणारे आहे.,Disgust
फ्रेंचांना अमेरिकन चीज आणि सॉस भयंकर तसेच बेचवसुद्धा वाटतं.,Disgust
उंची तर पाच फूट आहे फक्त त्याची. पण हवेत उंच उडी मारून बास्केटबॉलच्या हुपच्या काठाला हात लावला त्याने.,Surprise
पर्याय मर्यादित आहेत आमचे! कदाचित आम्ही पारंपरिक कर्जासाठी नाही पात्र ठरणार.,Sadness
मैदानावर आपल्या संघाची अचूक कामगिरी बघताना ऑलिव्हाया भरभरून हसणं रोखू शकली नाही.,Happiness
आगामी अर्थसंकल्पीय घोषणेबाबतची अनिश्चितता मला असुरक्षित वाटायला लावतेय.,Fear
बहुतेक माणसांना अतिशय वाईट पद्धतीने दाखवणाऱ्या काही तामिळ टी.व्ही. मालिकांमुळे मी उबगले होते.,Disgust
किराणा दुकानाच्या समोरील एक ग्राहक रांगेत माझ्याआधी घुसला तेव्हा रागाने माझ्या कपाळाची शीर उठली.,Anger
अशा प्रकारचा वाईट चित्रपट बनवल्याबद्दल मी दिग्दर्शकावर खूप संतापलो.,Anger
हे विद्यापीठ माझ्या निवडी मर्यादित करत असेल तर मी काय करू शकतो? बुचकळ्यात पडलोय मी!,Anger
मी एवढंही चुकीचं केलंय असं वाटत नाही मला.,Surprise
एकदाचा हा चित्रपट बघून खूप रोमांचित झालोय मी! गेले कित्येक आठवडे वाट बघत होतो मी त्याची.,Happiness
क्लाऊड आर्किटेक्चरसाठीच्या आमच्या सर्वोत्तम उमेदवारांसोबत मी नेहमीच तणावात असतो. आमची स्पर्धा त्यांची शिकार करूनच संपते.,Fear
संपूर्ण सामन्यात परीक्षकाचे पक्षपाती निर्णय हे पारच चीड आणणारे होते.,Disgust
तुमच्या समारंभासाठी छानपैकी तयार केलेल्या तुमच्या केकवर एक गोड संदेश लिहू द्या आम्हाला.,Happiness
ऑक्सिजन सिलिंडर शिल्लक नाहीये म्हणजे काय म्हणायचंय तुम्हाला? दिसत नाहीये का तुम्हाला मुलाला श्वास घ्यायला त्रास होतोय ते?,Anger
तुम्ही स्वतहाचा बचाव करणे थांबवा आणि मी काय म्हणत आहे ते ऐका.,Anger
"मला रेस्टॉरंटच्या सेवेबद्दल अस्वस्थ वाटण्याशिवाय इलाजच नाही, कर्मचाऱ्यांच्या दुर्लक्षामुळे जेवणाच्या एकूण अनुभवावर माझ्याकडून प्रश्नचिन्ह उमटले आहे.",Fear
ग्राहकाच्या कार्यालयातील काही ठिकाणं चमकदारपणे स्वच्छ ठेवण्यासाठी पाहिजे तेवढं लक्ष दिलं जात नाहीये हे पाहणं निराशाजनक होतं.,Sadness
ए गाढवा. रस्त्याच्या चुकीच्या बाजूला चालवतो आहेस तू गाडी.,Anger
"मी जर स्वतःसाठी उभा राहिलो नाही, तर माझी भावंडं मला नेहमी सर्वात धाकट्यासारखं  वागवतील आणि माझ्यावर हक्क गाजवतील अशी भीती वाटतेय मला.",Fear
सायबर क्राईमच्या धोक्यामुळे मी अनोळखी नंबरवरून आलेले फोन उचलत नाही.,Fear
"राजकारण्यांबद्दलचा माझा आदर कमी झाला, कारण त्यांनी वाईट मार्गाने मिळवलेला आपला नफा वाचवण्यासाठी हीन युक्त्यांचा अवलंब केला.",Disgust
ग्राहकाच्या ऑफिसची साफसफाई पूर्ण करण्यासाठी स्वच्छतेच्या टीमकडे कर्मचारी कमी आहेत याची मला चिंता आहे.,Fear
"फ्रीजची सतत चाललेली खडखड ऐकणं अस्वस्थ करणारं आहे, जणू तो चांगलं राहण्यासाठी धडपडतोय असं वाटतं.",Sadness
अध्यक्षांनी जेव्हा कंपनी चालवण्यासाठी आमच्या पात्र बॉसच्या जागी बाहेरच्या व्यक्तीची निवड केली तेव्हा आम्ही उद्विग्न झालो.,Disgust
भारतात वाहन चालवण्याचा परवाना मिळवण्यासाठी मी सर्वतोपरी प्रयत्न केले नाहीत याचे मला वाईट वाटत आहे. यामुळे मला कुटुंबासोबत कारमध्ये फिरण्याचे स्वातंत्र्य मिळाले असते.,Sadness
"मला हा किल्ला निवडल्याबद्दल खेद वाटतो, कारण इथे मला फार जास्त पैसे द्यावे लागले, याऐवजी मी दुसऱ्या आकर्षणस्थळी जाऊ शकलो असतो.",Sadness
जेम्सचा जल्लोष त्याच्या मोठ्या हसण्यातून आणि आपल्या संघासाठीच्या त्याच्या दणदणीत टाळ्यांमधून स्पष्ट दिसून येत होता.,Happiness
हे अॅप माझ्या फोनचा कॅमेरा वापरून वस्तू किती लवकर शोधू शकतं याचं मला आश्चर्य वाटतं.,Surprise
फिलाडेल्फिया डाउनटाउनमधली सार्वजनिक शौचालयं वापरताना मला लुबाडलं जाण्याची धास्ती वाटते.,Fear
गव्हाच्या पोत्यात एक मेलेला उंदीर सापडला मला.,Disgust
व्वा! मी बराच काळ शोधतोय तोच टी शर्ट आहे हा. एकदाचा सापडलाच मला तो.,Surprise
कारागिराला नजाकतीच्या कोरीव लाकडी झोपाळ्यावर काम करताना पाहून मला धन्य वाटले.,Happiness
इनव्हॉईसवरचं हे नवीन वितरण शुल्क माझ्या लक्षात आलं आहे. मला वाटतं की माझ्या गॅस सिलिंडरला देखील आता ऐटीत प्रवास करायचा आहे!,Surprise
"आम्ही आर्थिक नोंदी तपासताना आमच्यात एक अस्वस्थ करणारी भीती पसरली, जी येऊ घातलेल्या संकटाचा इशारा देत होती.",Fear
"जसे वडील, तसा मुलगा. सर, उगाच लोकांच्या विषयात तुमचं नाक खुपसणं थांबवा.",Disgust
शाळा संपल्यानंतर मला हव्या असलेल्या विद्यापीठात मला प्रवेश मिळणार नाही याची मला काळजी वाटते.,Fear
तुम्ही आजारी पडावं अशी माझी नक्कीच इच्छा नाहीये. ग्राहकाशी बोलतो मी.,Fear
तुम्ही माझा टीव्ही दुरुस्त करू शकत नसाल तर खरंच मोफत बदलून द्याल का तो?,Surprise
"उद्या परीक्षा आहे ना तुझी, मग तू बसून व्हिडिओ गेम काय खेळतो आहेस?",Anger
"दर महिन्याला किराणा मिळण्याचा प्रश्न येतो तेव्हा मी बेफिकीर असतो, कारण शेजारचे दुकान तो न चुकता घरी पोचवते.",Happiness
"मला धन्य वाटते, की मी अशा व्यवस्थापकाशी संबंधित आहे जो विशेष करून आपल्या टीमच्या वाढीचा विचार करतो.",Happiness
वीज गेली तेव्हा मी टी.व्ही.वरचा एक कार्यक्रम पाहत होतो आणि माझा शेवट चुकला म्हणून मी उसासा टाकला.,Sadness
"व्वा, या भाड्याच्या स्मार्ट होमची वैशिष्ट्यं माझ्या कल्पनेच्या पलीकडची आहेत. मी टाळ्या वाजवून दिवे चालू करू शकतो हे फारच आश्चर्यकारक आहे!",Surprise
येनकेन प्रकारेण पैसे कमावणाऱ्या श्रीमंत लोकांकडे मी पाहतो तेव्हा माझ्या मनात  तिटकारा निर्माण होतो.,Disgust
"कौशल्ये सहजासहजी सापडत नाहीत हे सांगण्यासाठी तुम्ही शेवटच्या क्षणापर्यंत थांबलात, या गोष्टीने मला धक्का बसला आहे.",Disgust
चेन्नईत जेव्हा मी सामायिक ऑटोमध्ये शिरतो आणि चालकाच्या शेजारी बसतो तेव्हा मला नकळत हसू येतं.,Happiness
"आता बँक बंद झाली आहे आणि सीईओ भरपूर पैसे घेऊन फरार झाला आहे, तर माझ्या पैशाचे काय होईल? मला कधी माझे पैसे परत मिळतील का?",Fear
फ्रीज थंड होत नसल्यामुळे माझं सर्व अन्न वाया जातं हे पाहून मी खचून जातोय.,Sadness
जेव्हा आम्ही प्रकल्पाला एक महिना उशीरा सुरुवात केली तेव्हा मला माझ्या नोकरीच्या सुरक्षिततेच्या चिंतेने थरथर सुटली होती.,Fear
तू माझं आयुष्य मजामस्ती आणि आनंदाने भरून टाकतोस. तू माझ्याबरोबर असल्याबद्दल स्वतहाला नशीबवान समजते मी.,Happiness
मला खेळ खेळायला खूपच आवडतं आणि माझ्या पालकांनी तर मला अशा शाळेत घातलं जिथं खेळणं अनिवार्य होतं!,Happiness
झकास! आपले धडे सुरु ठेवण्यासाठी आता आणखी थांबू शकत नाहीये मी.,Happiness
माझे अनेक विश्वासू सहकारी जास्त चांगल्या संधींसाठी सगळे मिळूनच सोडून जातायत हे मी ऐकलं तेव्हा मी निरुत्साही झालो होतो.,Sadness
"ए शेफाली, तो कोपऱ्यात उभा असलेला माणूस गेला तासभर टक लाऊन बघतोय माझ्याकडे.",Fear
अभिनंदन! तुम्ही काहीही तारण न ठेवताही बँक मॅनेजरने मंजूर केले तुमचे कर्ज?,Surprise
मला मागच्या अंगणात पडवी आणि बाहेरच्या अंगणात स्वयंपाकघर असलेलं भाड्याचं राहतं घर सापडल्यामुळं मी चाटच पडलो.,Surprise
जेव्हा माझी पत्नी पार्टीसाठी साडी नेसून आत आली तेव्हा तिने तिच्या सौंदर्याने मला अक्षरशः स्तिमित केले.,Surprise
रोलरकोस्टरपेक्षा वॉटर राइडला प्राधान्य देताना पहिल्यांदाच बघतोय मी तुला!,Surprise
एखादा नेता दहा हजार लोकांना कामावरून काढून टाकल्यावर स्वतःला दोनशे टक्के वाढ कशी काय देऊ शकतो हे माहीत नाही मला.,Disgust
नेतृत्वानं मला प्रकल्प चालवण्याचं स्वातंत्र्य दिलं नाही आणि प्रकल्पाच्या अपयशासाठी मलाच दोषी ठरवलं तेव्हा मला अन्याय झाल्यासारखं वाटलं आणि मी संतापानं उकळत होतो.,Anger
"भारतीय खेळाडू ॲथलेटिक विश्वचषक स्पर्धेच्या अंतिम फेरीच्या पात्रतेसाठी फक्त शून्य पूर्णांक एक सेकंदांनी मुकला ना, तेव्हा माझा उत्साहच गळून पडला बघ.",Sadness
"ज्यामुळे आरक्षण करण्यापूर्वी माझे पैसे वाचू शकले असते, अशा विद्यार्थ्यांसाठीच्या एका विशेष सवलतीबद्दल आरक्षण लिपिकाने जेव्हा मला सांगितलं, तेव्हा मला आश्चर्य वाटलं.",Surprise
मेटाच्या मोठ्या प्रमाणातल्या कर्मचारी कपातीमुळे कर्मचाऱ्यांच्या मनोबलावर नकारात्मक परिणाम झाला आहे.,Sadness
जागच्या जागीच कल्पना मांडणे हे काही माझे काम नाही.,Anger
"तुम्ही बांधलेली कुंपणाची भिंत एका बाजूला झुकली आहे, ती पूर्णपणे गंडली आहे, माझ्या पैशाचा अपव्यय झाला आहे आणि गवंडी म्हणून तुमची लायकी दाखवते.",Anger
त्या पालकांनी विमानातच मुलाचा डायपर काढला आणि त्याला गॅलीमध्येच शू करू दिली.,Disgust
मी हॉटेलच्या व्यवस्थापनाला फोन केला आणि आम्ही नुकत्याच चेक इन केलेल्या हॉटेलच्या खोलीतल्या गलिच्छ टॉवेल्स आणि डाग पडलेल्या बेडशीटबद्दल माझी चीड व्यक्त केली.,Disgust
माझ्या मुलाच्या वाहन चालवण्याच्या क्षमतेमुळे मी पूर्णपणे गोंधळात पडलो होतो! त्याने कोणाच्याही मदतीशिवाय एक हजारहून अधिक मैल गाडी चालवली!,Surprise
एखाद्या ज्येष्ठ नागरिकाची आयुष्यभराची बचत इलेक्ट्रॉनिक पद्धतीने एखादी व्यक्ती कशी काय चोरू शकते आणि तरीही त्याच्यावर त्या लाजिरवाण्या कृत्याचा परिणाम कसा काय होत नाही हेच समजत नाही मला.,Disgust
मला पूर्वी आश्वासन दिल्याप्रमाणे परतावा देण्याऐवजी आयकर अधिकारी मला आणखी कर भरायला सांगताहेत याचा भयंकर राग आलाय मला.,Anger
"तुमचा कचरा माझ्या अंगणात टाकणे थांबवा. हे घर आहे माझे, तुमची कचरापेटी नाई!",Anger
नको त्या कागदपत्रांमध्ये वेळ वाया घालवू नका माझा. खातं उघडा ताबडतोब!,Anger
मला एका एक हजार सदस्यांच्या जमावासमोर बोलण्यास सांगण्यात आले. मी स्टेजवर पाऊल ठेवताच माझे पाय थरथर कापले आणि तोंड कोरडे पडले.,Fear
त्या घाणेरड्या दुकानातल्या त्या सगळ्या बुरसटलेल्या कपड्यांना बघणे सहनच करू शकलो नाही मी.,Disgust
माझ्या उत्पन्नाच्या स्रोतांशी कोणते संभाव्य धोके आणि अनिश्चितता संबंधित आहेत?,Fear
ऐकून छान वाटलं! मला खास करून एक आरामदायी सोफा आणि भक्कम डायनिंग टेबल शोधण्यात रस आहे.,Happiness
सध्याच्या पिढीला विश्वास नाही आणि ती शिकवल्या जाणाऱ्या प्रत्येक गोष्टीवर प्रश्नचिन्ह उपस्थित करते हे थकवणारं आहे.,Disgust
"आम्ही एक सोयीस्कर ऑनलाइन ऑर्डर प्रणाली सुरू केली, जी ग्राहकांना आवडतेय.",Happiness
"आता मी वर्गात बसून शिकू शकेन असं वाटत होतं मला, पण आता घरातच अडकून पडलोय मी आणि माझ्या लॅपटॉपवरच व्हिडिओ पाहायला लागताहेत मला लेक्चरचे.",Sadness
माझ्या चुलत भावाने त्यांच्या क्षेत्रात मक्तेदारी असलेल्या कंपन्या न घेतल्याबद्दल सरकारवर तीव्र नाराजी व्यक्त केली.,Anger
नवीन आर्थिक नियमांचा ग्राहक संरक्षणावर झालेला सकारात्मक परिणाम पाहून मी खरोखरच आश्चर्यचकित झालो आहे.,Surprise
मला रॅम्पवर परत चालायचेच नाहीये. मागच्या वेळी जोरात पडले होते मी.,Fear
"बसच्या प्रवासासाठी तिकीट जारी करण्याच्या प्रक्रियेने मला अस्वस्थ वाटल्याशिवाय रहात नाही, आपण लांब रांगेत थांबण्यात वेळ वाया घालवणार नाही अशी आशा आहे.",Fear
"पल्लिकरनाई दलदलीच्या पलीकडे गाडी चालवायला मला आवडायचं नाही, कारण तिकडचा वास किळसवाणा होता.",Disgust
"जेवण भरपूर तेलाने माखलेले होते, त्यामुळे उलटी करावीशी वाटली मला.",Disgust
"मी तुमच्या बँकेचा ग्राहक आहे, हेसुद्धा माहीत नाहीये तुम्हाला?",Disgust
"मी जेव्हा माझ्या मित्राला त्याच मुलीला भेटताना बघतो जिच्याशी मीच त्याचं जुळवून दिलं, तेव्हा मी चेशायर मांजरीसारखं दात विचकून हसतोय.",Happiness
"काहीतरी साध्य करण्यासाठी दर वेळी जेव्हा जेव्हा मी कठोर परिश्रम करतो आणि ते घडत नाही, तेव्हा तेव्हा मला उदास वाटतं.",Sadness
मॉड्युलर किचन इतक्या बारकाईने बारीकसारीक गोष्टींकडे लक्ष देऊन डिझाइन केलेलं असेल अशी मला अपेक्षाच नव्हती! हे माझ्या कल्पनेच्या पलीकडचं आहे.,Surprise
"मला वाटले की पाचशे रुपये काढून मी तिच्यासाठी भेटवस्तू घेईन, पण ए.टी.एम.मधले पैसेच संपलेत.",Sadness
नाश्ता न करता पोहायला गेलात तर हेच होणार. पुढच्या वेळी गटांगळ्या खायच्या नसतील तर अक्कल वापरा आणि किमान एक केळं तरी खाऊन जा.,Anger
सिस्टिन चॅपेलला होणारी आमची भेट रद्द झाल्याबद्दल टूर ऑपरेटरने आम्हाला आधी माहिती दिली नाही म्हणून मी रागावलो होतो.,Anger
स्वतःच्या स्वार्थासाठी धार्मिक तणाव निर्माण करणाऱ्या राजकारण्यांनी मला वीट आणलाय.,Disgust
शेकडो नकार मिळाल्यानंतर आज चक्क सी.ई.ओ. पदाचीच ऑफर आली मला!,Surprise
"हे खेदजनक होतं की त्यांनी इतके खूपच्या खूप तास काम करून आणि त्यांना ग्राहकांची प्रशंसा मिळूनदेखील, आम्ही साफसफाईच्या टीमला त्यांची न्याय्य बक्षिसं देऊ शकलो नाही.",Sadness
त्या खेळात कोणत्याही किंमतीवर जिंकण्यावर दिला जाणारा अत्याधिक जोर निराशाजनक आहे.,Disgust
आम्हाला दिलेल्या प्रचंड गृहपाठामुळं मी जरा जेरीलाच आलोय.,Fear
मला 'विश्रांती' या माझ्या आवडत्या कॉफी शॉपच्या इतक्या जवळ भाड्याचं घर मिळेल याची मी कल्पनाही केली नव्हती. तो बोनस मिळाला आहे!,Surprise
सल्लागार म्हणून माझा व्यवसाय झपाट्यानं वाढलाय आणि माझे ग्राहकही उच्च पातळीवरचे आहेत हे छान वाटतं.,Happiness
मी माझ्या फोनवर बँकेचं ऍप्लिकेशन इन्स्टॉल केल्यापासून कोणत्याच बारीकशा कारणासाठीही मला कधी बँकेत जावं लागलेलं नाही.,Happiness
माझे वडील म्हणून पूर्वी तुम्ही माझ्यासाठी कुठेच नव्हता. इतक्या वर्षांनंतर हे आता कशाला उकरून काढताय तुम्ही?,Surprise
सामानाची खिन्न काळोखी रिकामी खोली आणि त्यात कुणाच्यातरी श्वास घेण्याच्या आवाजाने शेवटी माझे केस उभे राहिले.,Fear
गेल्या वर्षी जेव्हा चेन्नईहून सूर्यग्रहण पाहताना ढगांनी आमच्यामध्ये येऊन अडथळा आणला तेव्हा मला असह्य झालं.,Sadness
त्या विज्ञान कल्पित चित्रपटातील स्पेशल इफेक्ट्स एकदम फालतू आणि कालबाह्य झालेले होते.,Disgust
मोबाईल फोन पाडल्यानंतर त्याची स्क्रीन दुरुस्त करण्याच्या खर्चाबद्दल मला धास्ती वाटतेय.,Fear
चित्रपटातली काही पात्रे आणि विषय ज्या प्रकारे दाखवलेत त्यावर नाराज आहे मी. पूर्णपणे भावनाशून्य होतं ते.,Disgust
सुनील छेत्रीला इंग्लिश प्रीमियर लीगमध्ये खेळण्यासाठी यू.के.चे वर्क परमिट नाकारले गेले तेव्हा मला वाईट वाटले.,Sadness
सगळंच्या सगळं अस्ताव्यस्त पडलेल्या असल्या गबाळ्या खोलीत तू कसा काय राहतोस?,Disgust
हुर्रे! पुस्तकासाठीची माझी पूर्व मागणी पक्की झालीये. हेच ते पुस्तक आहे ज्याची मी वाट पाहत होतो.,Surprise
गडगडाटाने आणि विजांनी आभाळ गच्च झाले तेव्हा माझ्या मुलाचा थरकाप झाला.,Fear
नाट्यगृहात माझ्या आसनाच्या मागे बसलेल्या व्यक्तीच्या वागण्याने मला खूप किळस वाटली.,Disgust
"बाप रे, मलखांब खेळाडूंची लवचिकता बघून मी आश्चर्याने थक्क झाले आहे!",Surprise
"खरेदी करून एक आठवडाच होतोय तोवर माझ्या लॅपटॉपला सॉफ्टवेअरचा प्रॉब्लेम आलाय, त्यामुळं हैराण झालोय मी.",Sadness
"कारच्या समस्या अगदी उत्साहभंग करणाऱ्या असू शकतात, खास करून जेव्हा तुमचे बेत असतात.",Sadness
माझ्या पदवीसाठी मी कोणता प्रमुख विषय निवडावा याबद्दल माझं काही ठरलं नाहीये. विद्यार्थी,Sadness
रोलर कोस्टरचा वेग वाढल्यावर एडनचं काळीज धडधडायला लागलं.,Fear
अधिकृत न दिसणारी लिंक असलेली एखादी अधिकृत दिसणारी ईमेल येते तेव्हा प्रत्येक वेळी मी अस्वस्थ होतो.,Fear
लोकांना लुटण्यासाठी आणि त्यांच्या वैयक्तिक माहितीचा गैरवापर करण्यासाठी सायबर गुन्हेगार वापरत असलेल्या धूर्त पद्धतींची घृणा वाटते मला.,Disgust
चोरीला गेलेला माल आम्हाला परत मिळाला नाही तर माझ्या मुलीचे लग्न धोक्यात येईल.,Fear
माझ्या स्वतःच्या व्यवसायाची किंमत मोजून येथे स्टॉल लावण्यासाठी तू माझ्याकडून परवानगी घेण्याचा विचार करशील याने थक्कच झालोय मी.,Surprise
विमानात माझ्या मागे बसलेल्या प्रवाशाला जेव्हा मी माझ्या आसनामागे पाय समोर पसरताना पाहिलं तेव्हा माझे डोळे आश्चर्याने विस्फारून कपाळात गेले.,Surprise
"""मला आशा आहे की नवीन घरात कोणत्याही प्रकारचे कीटक नाहीत, मला यापूर्वी वाईट अनुभव आले आहेत.""",Fear
हे अगदीच निराश करणारे आहे. मला कोणत्याही फीबद्दल काही माहिती नव्हती.,Disgust
"दर वेळी जेव्हा मी वर्तमानपत्रातील निधनवार्ता बघतो तेव्हा मला अशा लोकांची आठवण होते, जे आता माझ्यासोबत नाहीत.",Sadness
माझ्या निधीची काळजी घेण्यासाठी आधीच सल्लागार न ठेवल्यामुळे मी स्वतःवरच वैतागलोय.,Anger
तुमच्या मुलाच्या माझ्या वर्गातल्या वागण्यामुळं माझा भयंकर संताप झालाय!,Anger
ब्रुसेल्सची रस्त्यावरची कला रंगांची एक चैतन्यमय छटा निर्माण करते आणि मला चांगल्या मूडमध्ये ठेवते.,Happiness
जेव्हा मी इंटरनेटच्या समस्येची तक्रार करतो तेव्हा कोणीतरी नेहमी लगेच येण्याचे आश्वासन देतो आणि क्वचितच कधीतरी दोन दिवसांनंतर येतो.,Disgust
"आपण लागवड आणि कापणी करत असताना एक विशिष्ट मळमळायला  लावणारा दुर्गंध येतो, जो माझ्यामध्ये तीव्र तिटकाऱ्याची भावना निर्माण करण्यासाठी पुरेसा असतो.",Disgust
हे तर धडधडीत दिसतंय की तुम्ही त्यांच्या गाण्याचं आणि नाचाचं शिक्षण गांभीर्यानं घेत नाही.,Anger
आपल्या महासागरांची खोली पाहून माझी पार वाचाच बसली आहे!,Surprise
मी भौतिकशास्त्राचा अभ्यास केला कारण त्यातल्या समस्या मला आनंद द्यायच्या.,Happiness
नाही! मला भीती वाटते कोळ्यांची. मी नाही हात लावणार त्याला.,Fear
"गॅस सिलिंडरच्या इनव्हॉइसवरचे छुपे शुल्क पाहून माझा भडका उडालाय, ते कशासाठी आहे हेही स्पष्ट केलेले नसते.",Anger
न्हाणीघरात सर्व फरशा वाकड्या बसवल्या आहेत यावर माझा विश्वासच बसत नाहीये! मी तुला गवंडी म्हणून कामावर घेतले तेव्हा मला हे अपेक्षित नव्हते.,Anger
त्या शेवटच्या तासानंतर वर्गाची खोली किती घाण झालेली होती हे तुम्ही पाहिलं का?घृणास्पद आहे हे.,Disgust
माझा मुलगा फुटबॉल फारसा खेळत नाही पण तो या खेळाबद्दल जेवढं ज्ञान दर्शवतो ते पाहून मी थक्क होतो.,Surprise
"त्या भुकेल्या भिकाऱ्यासाठी मी विकत घेतलेले अन्न, त्याने कदर न करता कचऱ्याच्या डब्यात फेकून दिल्याने माझ्या तळपायाची आग मस्तकात गेली.",Anger
तुम्ही मला कमी दर्जाची वस्तू द्याल अशी अपेक्षा कधीच केली नव्हती मी.,Anger
व्हेनिसच्या कालव्यांमधल्या पाण्याला एवढी दुर्गंधी होती की मला मळमळून ओकारी येईलसं वाटत होतं.,Disgust
"अरे, भारी! तू या रंगाची सायकल घेशील असे कधीच वाटले नाही मला.",Surprise
रात्रभर वीजेची ये जा चालू होती त्यामुळे चिडचिड झालीये माझी.,Anger
पुस्तकविक्रेता माझ्या जुन्या पुस्तकाची जी किंमत देईल ती रास्त असेल याची मला खात्री नाही आणि म्हणूनच ते विकायला मी का कू करतोय.,Fear
अधिकारी म्हणाला की जर मी माझे आधार कार्ड दिले नाही तर तो माझा अर्ज पुढे सरकवणार नाही. उद्या परत यावे लागेल मला.,Sadness
"कार्यक्रम व्यवस्थापकाने वचन दिलेल्या सेवांचा आवाका सुरुवातीला आमच्या कार्यक्रमासाठी उपलब्ध नव्हता, ही बाब मला निराश करते.",Sadness
लोकांशी जोडले गेल्याने मला खूप आनंद मिळतो.,Happiness
"पाळीव प्राण्यांच्या, तुमच्यासारख्या उत्कट आणि वचनबद्ध मालकांसोबत काम करणं नेहमीच आनंदाचं असतं.",Happiness
आमच्या अपार्टमेंटमधील सुरक्षारक्षक शीघ्रकोपी आहे आणि टोपी खाली पडली तरी तो भांडायला सरसावतो.,Anger
आमची आघाडी बदलल्यानंतर ग्राहकांच्या समाधानाच्या मानांकनातील घसरण पाहणे निराशाजनक आहे.,Sadness
वाईट वाटतंय मला की ग्राहकांना अशा अनुभवाला तोंड द्यावं लागतं आणि कर्मचाऱ्यांना कडक तंबीच देणार आहे मी याबाबतीत.,Anger
"अनेक गोल होण्यापासून रोखले मी, पण तरीही माझी मेहनत पुरेशी नव्हती आणि समोरचा संघ जिंकला.",Sadness
कार्यक्रमादरम्यान तुम्ही आम्हाला ज्या प्रकारे मदत केली त्यामुळे तुम्ही मला खरोखरच आश्चर्यचकित केलं आहे!,Surprise
आगामी विलीनीकरण आणि अधिग्रहणाचे उपक्रम सुरळीत होणार नाहीत अशी एक चिंतेची भावना जाणवतेय मला.,Fear
माझ्या हिंदीच्या तासाला तुम्ही केव्हा काय चांगलं केलंय? तुम्हां विद्यार्थ्यांपैकी कोणालाही भाषेची काही फिकीरच नाहीये.,Disgust
मला खरंच त्याच्याकडून इतक्या उत्कृष्ट कामगिरीची अपेक्षाच नव्हती.,Surprise
"आधीच उघडलेले पॅकेज मिळेल की काय हा विचार मला चिंतेत टाकतो कारण यापूर्वी तसं घडलं आहे, मला आशा आहे की कुरिअरमुळे या समस्येचे त्वरित निराकरण होऊ शकेल.",Fear
व्यवस्थापनाने रविचंद्रन अश्विनला भारतीय संघातून वगळल्यामुळे गावस्कर कमालीचे नाराज झाले होते आणि त्यांनी कोणताही विचार न करता स्वतःची नाराजी व्यक्त केली.,Anger
एम.एस.धोनीने हेलिकॉप्टर शॉटवर षटकार मारून भारतासाठी विश्वचषक जिंकला तेव्हा संपूर्ण भारतात जल्लोषाची लाट उसळली.,Happiness
तिच्या प्रियकराने जेव्हा गुडघ्यावर बसून तिला मागणी घातली तेव्हा माझ्या मैत्रिणीचा चेहरा गुलाबी होऊन डोळे विस्फारले होते.,Surprise
"मुसळधार पावसामुळे प्रकल्प चार महिने पुढे ढकलला जाईल, असं सांगतायत कामगार मला.",Sadness
सोयीस्कर पर्याय शोधत असलेल्या ग्राहकांची गरज पूर्ण न करणारा सुतार मिळणं हे चीड आणणारं आहे.,Anger
"या दिव्यातून जाणं कठीण आहे, हे कळतंय मला! आपण मिळून त्यातून मार्ग काढू.",Sadness
आमच्या गाडीमार्गात बांधकामाचे साहित्य टाकल्याबद्दल माझी दुकानदाराशी शाब्दिक चकमक झाली.,Anger
अधिकारी आणि त्यांच्या निर्णयांसंबंधी खेळाडूंमध्ये असलेला आदराचा अभाव अपमानकारक आहे.,Disgust
मला जास्त शुल्क आकारलेल्या बँकिंग फीचा परतावा मिळाला तेव्हा मला दिलासा मिळाला.,Happiness
खराब हवामानामुळे मी माउंट एव्हरेस्ट बेस कॅम्पची ही सहल रद्द करावी की काय?,Fear
"जितक्या कागदपत्रांची यादी मला पूर्ण करायची आहे हे बघता, मला त्यात एखादीही चूक करायची नाहीये.",Fear
या वर्षी मोठ्या कर परताव्याबद्दल संदेश मिळाल्याने मी खूपच खुश आहे.,Happiness
आपल्या आवडत्या खेळाडूला सुवर्णपदक जिंकताना बघून हार्परचा चेहरा चमकदार हसण्यानं उजळला.,Happiness
काल मिळालेल्या सिलिंडरचे वजन पूर्वीपेक्षा कमी भरल्याने मी व्यथित आहे. मला आश्चर्य वाटते की आपण आता कमी वजनाच्या सिलिंडरसाठी जास्त पैसे देत आहोत का?,Anger
"मला माहीत होते की जर मी माझ्या व्यवस्थापकाच्या विरोधात आवाज उठवला तर माझ्या संघाला त्रास होण्याची भीती होती, म्हणून मी गप्प राहिले.",Fear
त्यांच्या घरची शेगडी कदाचित चालू राहिली असावी माझ्याकडून. घराला आग लागली तर चांगलेच ओरडतील मला ते.,Fear
मानवजातीला परग्रहवासियांच्या  हल्ल्याला तोंड द्यावं लागेल याची मला काळजी वाटते आणि मग माझ्या कपाळावर घर्मबिंदू जमा होतात.,Fear
"माझ्या विद्यार्थ्यानं सोशल मीडियावर माझ्याबद्दल एक छान लेख लिहिला म्हणून तुम्ही माझे अभिनंदन करण्यासाठी फोन केलायत? व्वा, माहितच नव्हतं मला हे.",Surprise
मी मनापासून माफी मागतो! तुम्हाला मी आणखी काही मदत करू शकत असेन तर कृपया संपर्क साधण्यात जराही संकोच करू नका.,Sadness
"या दुकानात ग्राहकांना परतावा मिळणे कठीण आहे, कारण तसे प्रयत्न करणाऱ्या ग्राहकांना दुकानाकडून नाउमेद केले जाते.",Disgust
वजनं उचलणं खूप आत्मविश्वास देतं मला आणि समाधान मिळतं मला त्यातून. मला आवडतं ते करायला.,Happiness
गुन्हेगारांपासून स्वतःचे संरक्षण करण्यासाठी पावले उचलण्याचे महत्त्व तुम्हाला समजत नाही हीच वस्तुस्थिती तिरस्करणीय आहे.,Disgust
"आमच्या सदनिकेच्या संकुलातील कचऱ्याचा डबा ओसंडून वाहतो आहे ज्यातून दुर्गंधी येत आहे, आणि तो दुर्गंध येणाऱ्या अभ्यागतांसाठी त्रासदायक आहे.",Disgust
जेव्हा एका सहाय्यकाला कापून अर्ध करण्यात आलं आणि नंतर तो पुन्हा एकसंध झाला तेव्हा त्या जादूच्या कार्यक्रमानं  माझं डोकंच चक्रावून गेलं.,Surprise
माझा मुलगा ज्या कंपनीत इंटर्नशिप करत होता तिथल्या त्याच्या मस्त बॉसला भेटल्यानंतर तो हर्षभरित झाला.,Happiness
माझ्या मोबाईल फोनशी खेळणे बंद कर बघू. माझा फोन बँकेच्या कामांसाठी वापरतो मी.,Anger
आपलं नातं संपलंय आणि मनातून तुटलोय मी.,Sadness
कांचीपुरमला जाणारे रस्ते इतके मस्त आहेत की मजा येते त्यांवरून गाडी चालवायला.,Happiness
एकतर तुम्ही आमच्या दौऱ्याचे दोनदा आरक्षण केले आणि मग तुम्ही म्हणता की आम्हाला आमचे मार्गदर्शक दुसऱ्या गटासह मिळून घ्यावे लागतील. तुमचे डोके ठिकाणावर आहे ना?,Anger
किती धूळ आहे दुकानात आणि किती विचित्र वास येतोय.,Disgust
कालांतराने माझी बचत किती थोडी वाढली आहे हे पाहणे अतिशय निराश करणारे आहे.,Sadness
मी इजिप्शियन ममींवरचा एक कार्यक्रम बघत होतो आणि वाळूखालच्या सोन्याने झाकलेल्या पुतळ्यांचा लागलेला शोध बघून मी रोमांचित झालो.,Happiness
"जेव्हा मी संग्रहालयात येणाऱ्या आणि उत्खनन केलेल्या माझ्या कलाकृती बघणाऱ्या अभ्यागतांची इतिहासाबद्दलची  उत्कटता पाहतो, तेव्हा मला खूप आनंद होतो.",Happiness
आदल्या दिवशी झालेल्या अपघातात दोन लोकप्रिय कर्मचाऱ्यांचा मृत्यू झाल्यानंतर कार्यालयातील वातावरण उदासवाणे होते.,Sadness
मी माझ्या निवृत्ती योजनेच्या कमी झालेल्या मूल्याबद्दल विचार करतो तेव्हा मला तीव्र हताशा वाटते.,Sadness
"हा फालतू खेळ नाही खेळू शकत मी आता. विचित्र नियम आहेत याचे सगळे, ज्यामुळे मी कधीच जिंकत नाही.",Anger
विमान कंपनीने माझे सामान हरवण्यापासून माझी सुट्टी सुरू झाली तेव्हा मला उदासवाणे वाटत होते.,Sadness
ऑस्ट्रेलियन लोक इमिग्रेशन धोरणांमध्ये जो भेदभाव करत आहेत ते बघून खरोखरच माझा संताप होतो आहे.,Anger
"ई! किती घाण आणि अस्वच्छ टेबल आहे हे आणि हे रेस्टॉरंटच कचऱ्याच्या डब्ब्यासारखं दिसतंय, किळसवाणं!",Disgust
त्या सामन्यातला निप्पक्षपाती खेळाचा आणि प्रामाणिकपणाचा अभाव अगदी घृणास्पद होता.,Disgust
शहरातील दुसऱ्या एका इमारतीत बदली झाल्याचे कळल्यानंतर सुरक्षा रक्षक उदास झाला होता.,Sadness
पॅरीज कॉर्नरबद्दल मी खरोखर निराश आहे. तिथे पार्किंग शोधण्याचा प्रयत्न करणं ही एक डोकेदुखी ठरेल आणि शिवाय रात्रीच्या वेळेसाठी ते सुरक्षितही नाही.,Anger
काल रात्री मला एक वाईट स्वप्न पडलं आणि मी थरथरत जागा झालो.,Fear
ड्रायव्हरने बस उंच कड्याच्या अगदी जवळ नेली आणि जेव्हा मी तीव्र उतार बघितला तेव्हा माझे हृदय जवळजवळ बंदच पडले.,Fear
माझ्या बायकोनं तिच्या बाहुल्यांची पहिली विक्री केली तेव्हा ती उत्साहानं उड्या मारत होती.,Happiness
एका प्रवाशाने त्याच्या तिकिटासाठी पैसे देण्यास नकार दिला आणि बस थांबली. माझा भडका उडाला कारण मला कार्यालयात वेळेवर पोहोचायचे होते.,Anger
तुमच्या प्रमाणीकरणासाठीच्या सततच्या गरजेमुळे माझा संताप होतो आहे.,Anger
आम्हाला तुमच्या उत्पन्नाची सध्याची स्थिती अस्वीकार्य वाटते आणि परिस्थिती सुधारण्यासाठी आम्ही त्वरीत कारवाईची मागणी करतो.,Anger
"आकडेमोडी दरम्यान आम्ही एक अशी पद्धत शोधून काढली, जी कर भरायच्या वेळी आपल्या पाकीटांवरचा ताण कमी करेल!",Happiness
माझ्या सासूच्या तब्येतीत काहीही बिघाड नसल्याचं डॉक्टरांनी स्पष्ट केलं तेव्हा आम्हाला दिलासा मिळाला.,Happiness
"माझ्यासाठी आणि माझ्या कुटुंबासाठी पूर्ण सुरक्षितपणे, कुठल्याही ताणाशिवाय जेव्हा मी भरलेला सिलिंडर आरामात हाताळतो तेव्हा मला धन्य वाटतं.",Happiness
"मला विश्वासार्ह फ्रीजची अपेक्षा होती, परंतु त्याच्या अडचणी सोडवता सोडवता माझा पुरता दम निघतो आहे.",Sadness
राष्ट्रीय नृत्य स्पर्धेच्या पुढच्या फेरीत सहभागी होण्यासाठी तुमच्या मुलाची निवड झाली आहे आणि हे सांगताना मला आनंद होतोय.,Happiness
ते जुनी पुस्तके एवढ्या महागड्या किंमतीला विकत आहेत हे मला फार घृणास्पद आणि निरर्थक वाटतं.,Disgust
आरोग्यसेवेच्या सर्वांना परवडू शकतील अशा पर्यायांच्या अभावामुळं मी खरोखरच चिडीला आलोय.,Anger
"मी तुम्हाला फोन करण्याचं ठरवलं याचा मला खरोखर आनंद आहे, माझ्या फ्रीजमध्ये काय गडबड आहे आणि तुम्ही तो कसा दुरुस्त करणार आहात याबद्दलच्या तुमच्या स्पष्टीकरणातून मला खूप आत्मविश्वास मिळतो.",Happiness
तुमचं दुकान सतत त्याचं परताव्याचं धोरण बदलत असल्यामुळं मी हैराण झालोय.,Anger
गेल्या काही महिन्यांत झालेल्या तंत्रज्ञान क्षेत्रातल्या हजारो कर्मचारी कपातींबद्दल वाचून निराशच झालो मी.,Sadness
"एक चाहता फोटो काढण्याच्या प्रयत्नात होता, तर अभिनेत्याने त्याला त्याच्यापासून दूर ढकलले आणि त्याचा फोनच तोडून टाकला.",Anger
विमानतळावरून रेल्वेस्थानकापर्यंत पोहोचायला उशीर झाल्यामुळे माझी पुढे जोडणारी ट्रेन चुकण्याची मला भिती वाटतेय.,Fear
"या हॅकर्सना वाटतं की ते वाटेल तसे लोकांच्या खाजगी गोष्टींमध्ये घुसून त्यांची माहिती चोरू शकतात, याचाच राग आलाय मला. सत्तेचा उघड उघड गैरवापर आहे हा.",Anger
मला भीती आहे की कदाचित हा चित्रपट माझ्यासाठी खूप असह्य असेल आणि मला झेपणारच नाही तो.,Fear
"जेव्हा सामान पोहोचवणारी व्यक्ती येते, तेव्हा प्रत्येक वेळी मला तिला आमच्या घरात शिरू देण्याची भीती वाटते. आजकाल चोरीच्या अनेक घटना घडताहेत.",Fear
मी परीक्षेचा विचार करतो तेव्हा प्रत्येक वेळी माझी धडधड वाढते.,Fear
"मला जरा भीती आहे की, व्हील गार्डशिवाय बाइक विकत घेतल्याने पाऊस पडल्यावर माझ्या पाठीवर चिखलाचे शिंतोडे उडू शकतात.",Fear
त्या गलिच्छ माणसांपासून सावध राहा. त्यांना आपले दागिने चोरायचे आहेत असं वाटतंय मला.,Fear
माझ्या मुलाने मला सांगितले की लेटेस्ट स्पायडरमॅन सिनेमाने त्याला खूपच उत्साहित केले.,Happiness
"हे छानच आहे! कायमस्वरूपी छाप सोडणारे असे आकर्षक, पाहिजे तसले केक तयार करण्यात आम्ही माहीर आहोत.",Surprise
धुण्यादरम्यान माझ्या वाहनाचं काही संभाव्य नुकसान होण्याविषयी चिंता वाटत होती मला.,Fear
"माझ्या गाडीच्या इंजिनमध्ये ही एक विचित्र समस्या मला भेडसावते आहे. मला आशा आहे की हे काहीतरी किरकोळ निघावं, परंतु माझ्या मनात मात्र नक्की अनिश्चितता आहे.",Fear
अनेक लोक आता मानसिक आरोग्य अधिक गांभीर्याने घेत आहेत हे बघून मला किती बरं वाटतंय म्हणून सांगू.,Happiness
राष्ट्रीय संघात निवड व्हावी म्हणून लोक प्रमुख क्रीडा अधिकार्यांचे पाय कशा तऱ्हेने चाटतात ते बघणे खेदजनक होते.,Disgust
जेव्हा तू तुझा संयम गमावतोस आणि तुझ्या सभोवतालच्या लोकांची पर्वा न करता वस्तू फेकायला सुरुवात करतोस तेव्हा तू घाबरवतोस मला.,Fear
"माझ्या आहाराच्या पथ्याचा विचार करता, माझी खाण्याची ऑर्डर अचूक असेल की नाही याबद्दल मी थोडी चिंताग्रस्त होऊ लागले आहे.",Fear
"कार वॉश सेवेबद्दल मी फारच नाराज आहे, कारण गुणवत्ता अपेक्षेपेक्षा अगदी कमी होती.",Anger
माझ्या गुंतवणुकींनी मला आरामशीर अप्रत्यक्ष उत्पन्न मिळवून दिलंय.,Happiness
"मॅनेजर म्हणाली की ती या आठवड्यात शोमध्ये मॉडेल्सना मी बनवलेले ड्रेस घालून देईल, खूपच खुश झालोय मी.",Happiness
"शाळेतलं दुपारचं जेवण केवढं बेचव असतं, ते मलासुद्धा खाववत नाही.",Disgust
"या सुरेख सकाळी मी तुम्हाला कशी मदत करू शकतो, मॅडम? पादत्राणे विकणारा",Happiness
"रेस्टॉरंटमध्ये मला माझी ऑर्डर देण्यासाठी खूप वेळ थांबावे लागले, त्यामुळे तिथल्या संथ सेवेचा मला संताप आला.",Anger
"कॉलेज सुरू होण्यासाठी जो उशीर झालाय तो त्या दळभद्र्या विद्यार्थी संघटनेमुळे झालाय आणि ते तिरस्करणीय लोक आहेत, ज्यांना बाकीच्यांची पर्वा नाही.",Disgust
माझी वैयक्तिक माहिती हॅकर्सपासून संरक्षित ठेवण्याच्या बँकेच्या अपयशामुळं माझा रागानं तिळपापड झालाय.,Anger
"जेव्हा वरच्या स्तरावरून खालपर्यन्त अचूक माहिती ठिबकत येत नाही, मग चुकीच्या गोष्टी घडतात आणि मग माझ्या टीमना दोषी ठरवलं जातं, तेव्हा मला माझ्या हताशेवर नियंत्रण ठेवणं कठीण जात आहे.",Anger
एका भाड्याच्या घरात जाग आल्यावर उठून पहाटे पहाटे पर्वतांचं थक्क करणारं दृश्य पाहण्याचंच तर स्वप्न मी पाहत आलोय.,Happiness
निवृत्तीचं वय जेव्हा सरकारकडून वाढवण्यात आलं तेव्हा फ्रान्समधले नागरिक संतप्त झाले होते.,Anger
"इतक्या वर्षांत मला दुकानांमध्ये कधीही चांगला सौदा मिळाला नाही, त्याच वेळी तुम्हाला तो प्रत्येक वेळी मिळतो, यानं माझी हिंमत खचलीये.",Disgust
आमच्या प्रेमाचे प्रतीक असलेली आणि आमच्या साखरपुड्यासाठीची आमच्या प्राधान्यांची पूर्तता करणारी एक अंगठी सापडल्याने मी जाम खुश आहे.,Happiness
फोन वापरून पैसे देताना काळजी न घेतल्यामुळे शंभर रुपये गेले माझे त्या दिवशी.,Sadness
"माझ्या परीक्षेच्या निकालांमुळे मी खरोखरच निराश झालोय, कारण मला वाटलं होतं की मी परीक्षेत पास झालो असेन.",Sadness
डॉक्टरांनी लक्षणं आणि वैद्यकीय चाचणी अहवालाच्या आधारे अचूक निदान केलं तेव्हा मला धक्का बसला!,Surprise
बैठकीदरम्यान नेतृत्वाच्या गटाने व्यवस्थापकाला कठीण प्रश्न विचारल्यानंतर आणि त्याच्यावर टीकांचा भडीमार केल्यानंतर तो निराश दिसत होता.,Sadness
उतारावरच्या माउंटन बाइकिंगमधला तीव्र उतार नजरेला पडल्यावर ॲवाचं काळीजच उडायला लागलं.,Fear
अरे नाही! क्लिअरन्स सेलवरची सवलत आता संपलीये. मला वाटलं ती चालू असेल आणि आता ती बेकार आहे.,Sadness
तुम्ही माझी आवडती ट्रॅव्हल कंपनी आहात कारण येऊन पोचणे एवढेच मला करावे लागते. बाकीच्या सगळ्या तपशिलांची काळजी तुम्ही घेताच.,Happiness
इतके गोड पेरू कधीच खाल्ले नव्हते मी!,Surprise
मला वाटत होती तोपर्यंत माझी बचत टिकणार नाही अशी काळजी वाटत होती मला.,Fear
चिडवू नका तिला. आपल्या वर्गशिक्षकांकडे तक्रार करणार ती आणि मग मुख्याध्यापकांकडे पाठवले जाईल आपल्याला.,Fear
"बँक मला अमेरिकेत असलेल्या माझ्या मुलाच्या खात्याचे व्यवस्थापन करू देणार नाही, याचा मला राग आला आहे.",Anger
"सगळी सॉफ्टवेअर प्रॉडक्ट जेन्युइन आहेत, त्यामुळे तुम्हाला अडचण येण्याचं काही कारण नाही खरंतर. तुम्हाला खात्री आहे ना?",Surprise
रस्ता बांधण्याचे काम करत असताना कामगारांनी एकसुरात गाणी गायली.,Happiness
कर भरण्याची प्रक्रिया गडबडवून टाकणारी आणि आव्हानांनी भरलेली असेल असं वाटलंच नव्हतं मला.,Surprise
दुर्दैवानं मला इतक्या अडचणी आल्यात की आता मी अशा टप्प्यावर पोहोचलेय जिथं मला तुमच्यासोबत बँकिंगच करायचं नाहीये.,Disgust
कार्यक्रमाच्या व्यवस्थापन कंपनीची कार्यक्रम रद्द करण्याची आणि पैसे परताव्याची धोरणं समजून घेतल्यामुळे मला अनपेक्षित गोष्टींसाठी नियोजन करण्याचा आत्मविश्वास मिळतो.,Happiness
ते महामंडळांना कर चुकवण्याची परवानगी देत आहेत हे अत्यंत संतापजनक आहे.,Anger
"विशिष्ट रचना, चवी आणि आकारमानानुसार किंमत ठरवली जाते. विशेष दर्जा आणि चव देण्याच्या आमच्या वचनबद्धतेमुळे आम्ही वाजवी किंमत देऊ करतो!",Happiness
पत्त्याचे अचूक ठिकाण शोधण्यात झालेल्या टॅक्सी चालकाच्या गोंधळामुळे प्रवास अप्रिय आणि घृणास्पद होतो.,Disgust
दुसऱ्यांच्या अंगावर शिंकणं थांबव रे अथर्व. तोंडावर ठेवत जा काहीतरी. किती किळसवाणं आहे हे.,Disgust
"आमचे केक प्रेमानं आणि बारीकसारीक गोष्टींकडे लक्ष देऊन केले जातात, ज्यानं प्रत्येक घास म्हणजे खात्रीशीर आनंददायक अनुभव असतो.",Happiness
"मी बधीर झालोय, कारण मी तुम्हाला इतकं रागावताना फारसं पाहिलेलं नाही.",Surprise
स्ट्रीमिंग अॅप्स एक दिवस केबल टीव्हीची जागा घेतील असा मी कधी विचारही केला नव्हता.,Surprise
"शेतीसाठी आवश्यक असलेली विविध साधनं आणि अवजारं पाहून मी चकित झालो. म्हणण्याचा अर्थ, कुदळ किंवा फावड्याचे इतके प्रकार आहेत हे कोणाला माहीत होतं?",Surprise
"सर, तुम्ही असं टक लावून का बघताय माझ्याकडे? मी इथं माझा रद्द केलेला परतावा घ्यायला आलोय आणि तुमच्यामुळं मला विचित्र आणि किळसवाणं वाटतंय.",Disgust
पाणीच नाहीये माझ्या खोलीत! असं चालवता का तुम्ही हॉटेल?,Anger
टेनिसच्या बॉलची सर्व्हिस करण्यात हातखंडाच झालाय माझा. अनेक सामने निव्वळ माझ्या सर्व्हिसवर जिंकलेत मी.,Happiness
"एक रुग्ण म्हणून, आरोग्य केंद्रातील माझ्या वास्तव्यादरम्यान मला अधिक मदत आणि चांगल्या सुविधांची अपेक्षा होती पण त्यातील मर्यादा बघून मला वाईट वाटले.",Sadness
हॉटेलच्या ज्या खोलीत आम्ही नुकतेच शिरलो होतो त्या खोलीतल्या सजावटीकडं मी आणि माझी बायको आश्चर्याने बघतच राहिलो.,Surprise
"या विमानतळावर बसण्याच्या पर्यायांचा अभाव गैरसोयीचा आहे, खास करून जेव्हा प्रवाशांना दीर्घ काळ वाट बघायची असते.",Disgust
स्थानिक पंजाबी पाककृतींमध्ये आम्हाला अपेक्षित असलेल्या अस्सल स्वादांचा अभाव असल्यामुळे मी थोडी निराश झाले आहे.,Sadness
उडी मारण्याच्या तयारीत डायव्हिंग बोर्डवर उभी राहिल्यावर प्रेमाचे पाय थरथर कापायला लागले.,Fear
ए. आय. किती प्रगत झालंय हे बघून आश्चर्यचकित झालो मी. अतिशय जोमाने प्रगती होतेय या क्षेत्रात.,Surprise
ए.टी.एम.मधून घरी परतताना एक अनोळखी माणूस माझा पाठलाग करत होता. मी घाबरले आणि म्हणून जमेल तितक्या जोरात पळत परत आले.,Fear
"माझे बजेट पाहता, अप्रतिम आणि उच्च दर्जाच्या सोन्यापासून तयार केलेला एक नग मला परवडेल की नाही याबद्दल मला थोडी अस्वस्थता वाटत आहे.",Fear
"ड्रायव्हरने शेअर ऑटोमध्ये खूप लोकांना कोंबले होते आणि मला बसायला फारच कमी जागा उरली होती, म्हणून माझी चिडचीड झाली.",Anger
काही लोक किती लगेचच क्रेडिट कार्डावर कर्ज जमा करतात यावर माझा विश्वास बसत नाही.,Surprise
"मला हे सांगताना वाईट वाटतंय, पण दुर्दैवानं आमच्या सगळ्या ऑर्डर्स सध्या भरल्या आहेत. गैरसोयीबद्दल मी दिलगीर आहे.",Sadness
इलेक्ट्रिकल्सचं दुकान आपल्या वस्तूंवर अशी सर्वसमावेशक वॉरंटी आणि रिटर्न पॉलिसी देऊ करतय हे दिलासा देणारं आहे.,Happiness
"आपण केलेल्या सुरक्षेच्या उपाययोजनांमुळे आपल्या नेटवर्कवर होणारे कोणत्याही प्रकारचे सायबर हल्ले रोखले गेले, त्यामुळे एकदम हायसं वाटतंय मला.",Happiness
सर्वांसमोर माझा अपमान करण्याचा तुला काहीही अधिकार नव्हता.,Anger
या वर्षाच्या अखेरपर्यंत इमारतीचं बांधकाम पूर्ण होईल असं वाटतंय मला.,Happiness
माझा लॅपटॉप क्रॅश झाल्यामुळे आणि डेटा पुन्हा मिळवण्यासाठी माझ्याकडे बॅकअप नसल्यामुळे मला खड्डयात पडल्यासारखं वाटत होतं.,Sadness
कॉक्स अँड किंग्जने या दौऱ्यासाठी जुने आणि चुकीचे नकाशे दिल्याने मी संतप्त झालो.,Anger
"मी थोडं बाजूला असताना एक झाड पडले माझ्या सायकलवर, आणि आता मला चालत घरी जायला लागणार आहे.",Sadness
जेव्हा माझ्या कर परताव्याची प्रक्रिया खूप पटकन झाली आणि पैसे लगेच हस्तांतरित झाले तेव्हा मला अत्यानंद झाला.,Happiness
माझे शेअर चांगलेच आपटलेत हे बघून खूप निराश झालोय मी. या गुंतवणुकीवर अवलंबून होतो मी.,Sadness
उपचारानंतर मला खूप हलकं वाटतंय आणि मी चांगल्या मूडमध्ये आहे.,Happiness
माझ्या बेडरूममध्ये खास माझ्यासाठी बनवलेली एक कलाकृती असणं हे उत्साहित करणारं आहे.,Happiness
"लक्ष केंद्रित करण्यातला त्यांचा सततचा अभाव, अनादर करणे आणि सूचना पाळायला नकार हे एकदम निराश करणारं आहे.",Sadness
या जागेच्या मालकाने गेल्या वर्षीचा मास्टरशेफचा खिताब जिंकला होता हे माहीतच नव्हते मला!,Surprise
"शी, ड्रेस चावू नको असा तुझा.",Disgust
इथं आल्यावर मग तुम्ही मोठ्या वाहनांना सामावून घेऊ शकत नाही हे कळणं संताप आणणारं आहे.,Anger
लाईफस्टाईलच्या दुकानातल्या विविध प्रकारच्या कपड्यांनी मी अवाकच झाले!,Surprise
कलेचा तास जाम आवडतो मला. आपल्या आवडत्या कोणत्याही रंगाने रंगवायला मिळतं आपल्याला.,Happiness
आपल्या धड्यासाठीच्या उपक्रमांची आखणी करण्यासाठी प्रेरणा मिळवणं अवघड जातंय मला.,Sadness
इथे कोलकात्यामध्ये विक्रेते इतके अंगावर येतात ते मी सहन करू शकत नाही. मला त्यांचा तिटकारा येतो.,Disgust
व्हिएतनाममधल्या वसंत ऋतूतल्या कापणीच्या या पारंपारिक समारंभाचा अस्सलपणा हे एक प्रफुल्लित करणारं नवल आहे.,Surprise
"तुम्ही तुमच्या पार्कोर साहसांनी मला दिङ्मूढ केलंय, मला माहीतच नव्हतं की तुम्ही हे करू शकता.",Surprise
कर्जबाजारी झाल्यावर इतरांना त्रास होत असताना श्रीमंतांना जामीन मिळतो हे संतापजनक आहे.,Anger
मला बाजाराच्या स्थितीची चिंता वाटतेय. जर परिस्थिती आणखी बिघडली तर काय?,Fear
"भाऊ, लवकर संपवा की बिलिंग! दहा मिनिटं होऊन गेली रांगेत उभाय मी.",Anger
"तुम्ही नवीन फरशा आणि जुन्या स्वयंपाकघरातील फरशा किती बेमालूमपणे जुळवल्या हे पाहून मला सुखद आश्चर्य वाटलं. मला वाटलं की तुम्ही फक्त एक गवंडी आहात, परंतु तुम्ही प्रत्यक्षात एक कल्पक गवंडी असल्याचं सिद्ध केलंत.",Surprise
प्रशिक्षकातच खिलाडूवृत्ती नसणं भयंकर निराशाजनक आहे.,Disgust
व्यवस्थापकाने माझ्याकडे बघून डोळे मिचकावले आणि मग माझ्याकडे बघत अतिशय विचित्र प्रकारे हसत होता.,Disgust
आज गणिताचा गृहपाठ द्यायचा होता हे तुझ्या लक्षात आलं नाही का? दोन दिवसांपूर्वी जेव्हा प्राध्यापकांनी आपल्याला सांगितलं होतं तेव्हा तू वर्गातच होतास की!,Surprise
माझ्या कंपनीच्या समभागाच्या मूल्यात अचानक झालेल्या घसरणीमुळे मला विषण्ण वाटू लागलं.,Sadness
हरवलोय मी आणि शहरात येण्याची ही पहिलीच वेळ आहे माझी. मला लबाडीला बळी पडायचं नाहीये.,Fear
"माझा मित्र म्हणाला, तुला माहित होतं का, हैदराबादचे निजाम मीर उस्मान अली खान हे एका एअरलाईनचे मालक असलेले स्वतंत्र भारतातील पहिले व्यक्ती होते! मी म्हणालो, ""नाही रे! मला नेहमी वाटायचे की जे.आर.डी. टाटाच पहिले होते""",Surprise
महामारीनंतर गर्दी मोठ्या प्रमाणात कमी झाली तेव्हा सॅन फ्रान्सिस्को डाउनटाउनमधले दुकान मालक निराश झाले.,Sadness
मी त्याच्यासाठी जेवण विकत घेतेय त्यामुळं बरं वाटतंय मला.,Happiness
"अंतिम रेषेपासून केवळ दहा मीटर अलिकडे आपलं झालं असं वाटून एबेल थांबला असताना, मी स्पॅनियार्ड इव्हान फर्नांडीझ अनायाला केनियाच्या रेस लीडर एबेल मुतायाला क्रॉस कंट्री शर्यतीत पूर्ण करण्यासाठी उमेद देताना बघितलं तेव्हा माझ्या चेहऱ्यावर हसू उमटलं.",Happiness
कापसाचं पीक पुरामुळे उद्ध्वस्त झाल्यामुळे उत्पादन सुरू होण्यासाठी कच्चा माल वेळेवर मिळेल की नाही याबाबत मला धास्ती वाटतेय.,Fear
"ज्यांना पर्वा नाही अशा लोकांनी केलेल्या अंतर्गत व्यापारामुळे शेअर बाजार कोसळला, हे लाजिरवाणे आहे.",Disgust
आज दुकान बंद आहे यावर विश्वासच बसत नाहीये माझा! आज तर सुट्टी पण नाहीये.,Surprise
मी नोकरी सोडल्यानंतर जेव्हा माझ्या आधीच्या कामाच्या ठिकाणी कोणीही माझी पर्वा केली नाही तेव्हा मला औदासिन्य आणि एकटेपणा जाणवला.,Sadness
"व्वा, हा नवीन स्मार्टफोन इतक्या वेगाने चार्ज होतो यावर माझा विश्वासच बसत नाहीये!",Surprise
"सर, अमृतसर एक्स्प्रेसची देखभाल चांगली केली जाते का? गेल्या वेळी प्रवास करताना मला उद्विग्न वाटले. शौचालये किळसवाणी आहेत.",Disgust
तब्येत बरी करण्यासाठी मला खर्चाचा अंदाज मिळाला तेव्हा त्यामुळे आर्थिकदृष्ट्या मला एवढं मागं जावं लागेल हे खरं वाटेना मला. माझ्या बजेटसाठी हा चांगलाच जोरदार फटका आहे.,Sadness
आनंदाची बातमी ऐकल्यावर त्याचे डोळे लाखो ताऱ्यांसारखे लकाकले.,Happiness
आम्ही जेव्हा कॅनरा बँकेत लॉकरसाठी अर्ज केला आणि आम्हाला एक मोठा लॉकर मिळाला तेव्हा आम्हाला खूप आनंद झाला.,Happiness
ड्रायव्हर अधिक भाडे मिळवण्यासाठी लांबचा मार्ग घेत होता त्याचा मला वैताग आला.,Anger
"कसलं आयुष्य हे बायकांचं, ज्यात त्यांना अभ्यास करायची, काम करायची किंवा स्वतंत्र होण्याची मुभा नाही?",Sadness
हॉटेलचा नाश्ता शिळा आणि बेचव असल्याने मी शेफवर वैतागलो.,Anger
एलजीबीटीक्यु आणि अन्य यांच्या अधिकारांबाबतचा फेरविचार पाहणे संतापजनक आहे.,Anger
"ज्यांच्याकडे फक्त विजेची उत्तम फिटिंगच नाही तर वस्तू परत देण्याघेण्याची सुटसुटीत सुविधा सुद्धा आहे, असं दुकानच आम्हाला सापडत नाहीये, त्यामुळे मी आणि माझं कुटुंब नाराजच आहोत जरा.",Sadness
माझा वेळ वाया घालवण्यासाठी मी इथे आले नाहीये! ही भूमिका मिळवण्यासाठी इथे आलेय मी.,Anger
चाहत्यांनी दाखवलेला संताप तिरस्करणीय होता.,Disgust
आर्थिक मुदतीचं पालन करण्यात वारंवार अपयश आल्यामुळे मी अत्यंत संतापलेलो आहे.,Anger
पुढच्या रांगेतली तिकीटं नको घेऊ. मला भीती आहे की ते कदाचित मंचावर बोलवतील मला.,Fear
आमच्या बाजूनं झालेल्या चुकीची नोंद घेतलीये मी आणि तुम्हाला हे सांगताना मला आनंद होतोय की कोणीतरी एका तासाच्या आत आणून देईल पत्र. कुरिअर,Happiness
युट्युबवर पन्नास हजारहून जास्त सबस्क्रायबर्स आहेत माझे. मला वाटतं की मी व्हिडिओ बनवणं जर असंच सुरू ठेवलं तर 'यूट्यूब सिल्व्हर प्ले बटण' पारितोषिक मिळेल मला.,Happiness
"मला माझ्या गाडीसाठी ड्रायव्हर घेण्याचा निर्णय एकदम आवडला, जेणेकरून मी लांबच्या प्रवासात आराम करू शकेन.",Happiness
"अय्यो, अशा नको तेवढ्या जड असलेल्या केकच्या विचारानं मी हादरलोच.",Disgust
मी पिझ्झा जमिनीवर पाडला आणि चुकून त्यावरच पाऊल ठेवलं तेव्हा मला अतिशय दुःख झालं.,Sadness
माझ्या सतरा वर्षांच्या भाचीने कर्नाटक संगीत मैफिलीत निर्दोषपणे आपली कला सादर केली तेव्हा मी विस्मयचकित झाले.,Surprise
मला प्राध्यापकांच्या प्रश्नाचे उत्तर देण्यासाठी बोलवले जाते तेव्हा माझ्या पोटात गोळा येतो.,Fear
"ज्या तऱ्हेनं हे वॉलमार्टचं मोठं दुकान चोवीस तास ग्राहकांना मदत करायला कधीही पुरेसे कर्मचारी भरती करत नाही, ते संतापजनक आहे.",Disgust
"या तिमाहीत महसुलात झालेल्या घसरणीमुळे मी निराश आहे, ज्यामुळे नजीकच्या भविष्यात वाढीची कल्पना करणं कठीण झालं आहे.",Sadness
व्यावसायिक त्यांचा योग्य वाटा भरणं टाळण्यासाठी करचुकवेगिरीचा ज्या पद्धतीनं गैरफायदा घेतात ते दुर्दैवी आहे.,Disgust
"""मी गजबजलेल्या रस्त्यांपासून लांब असलेले घर शोधत आहे. गोंगाट मला अगदी अस्वस्थ करतो"".",Fear
लहान असताना थिएटरमध्ये सत्तर मि.मी. पडद्यावर माझे आवडते चित्रपट बघायची वाट बघत असायचो मी.,Happiness
या वायरलेस इंटरनेट जोडणीचा वेग बघून मी भारावून गेलो आहे.,Surprise
गेल्या तिमाहीत मी गुंतवलेल्या समभागांची किंमत एकदम खाली गेल्याने मी निराश झालो होतो.,Sadness
जेव्हा मी पहाटे साडेचार वाजता उठतो तेव्हा मला शांती मिळते आणि त्यामुळे मला दिवसभर सुखद वाटतं.,Happiness
सार्वजनिक शिक्षणाप्रती सरकारचं दुर्लक्ष हे चीड आणणारं आहे.,Anger
"माझ्यासाठी सिनेमाची तिकिटं खरेदी करण्यासाठी तुझ्यावर अवलंबून राहणं व्यर्थ आहे, त्यामुळे मी एकटीच जाणार आहे या सिनेमाला.",Disgust
तालिबानी लोकांनी तेथील महिलांना काम करण्यापासून रोखल्यावर मला त्या लोकांबद्दल प्रचंड चीड आली.,Anger
तुमचा ओ.टी.पी. नका शेअर करू त्याच्याशी. तो पैसे चोरू शकतो तुमचे.,Fear
बढती आणि वरच्या आयोगाचे लाभ मिळाल्यावर मी अगदी हवेत तरंगत होतो.,Happiness
बिहारमध्ये होणाऱ्या परीक्षांसाठी अधिकारी म्हणून काम करण्याबाबत मी चिंतातूर आहे. विद्यार्थ्यांचा काही भरवसा देता येत नाही असं सांगण्यात आलंय मला.,Fear
"सी.इ.ओ. म्हणाला, मी त्यावर इतके पैसे खर्च केल्यावरही हा निर्णायक सौदा माझ्या प्रमुख प्रतिस्पर्ध्याला घालवल्यानंतर मी सेल्स टीमला का ठेवेन?",Anger
लग्नाच्या मिरवणुकीच्या तालावर दालनातून उतरून येताना वधू तेजस्वी दिसत होती.,Happiness
"तिला मानसिक आजार आहे काहीतरी, ज्यामुळे माझ्या अख्ख्या शर्टवर लाळ गळत होती तिची.",Disgust
कोण लागून गेलास तू मला माझीच झाडे गच्चीवरून काढायला सांगणारा? खड्ड्यात जा!,Anger
नवीन ग्राहकाबद्दलच्या माझ्या सूचनांना तुम्ही हलक्यात घेतले याचा मला राग आलाय.,Anger
कमाल! आजपर्यंत माहितीच नव्हतं मला की फक्त अर्ध्या तासात विमानतळावरून घरी पोहोचू शकतो मी माझ्या.,Surprise
सकारात्मक बातम्या आणि कामगिरीवर भर देणाऱ्या 'बेटर इंडिया' सारख्या काही संकेतस्थळांवरील लेख वाचल्यानंतर मला जगाच्या शिखरावर आल्यासारखे वाटते. व्यक्ती एक,Happiness
राजकारणी लोक व्यवहार ज्ञानावर आधारित उपाय शोधण्यापेक्षा क्षुल्लक पक्षपाती कलहाला प्राधान्य देतात हे पाहणं निराशाजनक आहे.,Anger
माझा प्रत्येक वाढदिवस मी मोठी होत असल्याची जाणीव करून देतो मला.,Sadness
मला माझ्या रेल्वे तिकिट बुकिंगच्या निकालाबद्दल चिंता वाटतेय कारण ते अजूनही प्रतीक्षा यादीत आहे.,Fear
भारतीय महिला क्रिकेट संघाच्या कर्णधाराने केलेल्या नखऱ्यांनी माझे तोंड कडवट झाले.,Disgust
"मर्फ चॅलेंज कोणी पूर्ण करेल अशी अपेक्षाच नव्हती मला, पण एका व्यक्तीनं सगळ्या प्रतिकूल परिस्थितीला झुगारत ते वेळेपेक्षा आधीच संपवलं.",Surprise
फरशांमुळे जुने न्हाणीघर किती सुंदरपणे एका ताज्यातवान्या आणि मोहक जागेत रूपांतरित झाले आहे हे बघून मला खरोखर आनंद झाला आहे.,Happiness
अपयशी ठरलेल्या प्रकल्पातून नेतृत्वाने जबाबदारी झटकलीये आणि मदतीसाठी पुढे येत नाहीये यावरून खिल्ली उडवली जातेय माझी.,Disgust
आम्ही काळजीपूर्वक लावलेल्या बिया आम्ही विचार केला होता त्याप्रमाणे वाढल्या नाहीत हे निराशाजनक आहे.,Sadness
अत्युत्तम! म्हणजेच या वर्षाच्या अखेरीपर्यंत कदाचित आपण एक कोटी इयरफोन विकू शकू!,Surprise
"संसाधनांची नासाडी आणि अंतराळ संशोधनामुळे पर्यावरणाला हानी पोहोचण्याची शक्यता, याचा तिटकारा आहे मला.",Disgust
खेड्यापाड्यातल्या गरीब लोकांची फसवणूक करून श्रीमंत सावकार आणखीच श्रीमंत झाले.,Disgust
टॅक्स रिटर्नमध्ये चूक केल्यानं होणारे संभाव्य परिणाम माहीतच नव्हते मला.,Fear
दोन हजार पंधराच्या चेन्नईच्या वादळात विजेच्या तारा तुटू नयेत यासाठी मी श्वास रोखून धरला होता.,Fear
भाजी विक्रेत्याने एका तासाच्या आत सगळा भाजीपाला विकून टाकला तेव्हा तो आश्चर्याने थक्कच झाला.,Surprise
"प्रत्येक वेळी जेव्हा मी चानी पाहतो, तेव्हा त्या कुडतरणाऱ्या प्राण्याकडे पाहून मला राग येतो.",Disgust
सोशल मीडियाचा इंफ्लूएन्सर असलेल्या एका रहस्यमय खरेदीदाराकडून जेव्हा आम्हाला सकारात्मक प्रतिसाद मिळाला तेव्हा आम्ही आनंदाने हवेत तरंगत होतो.,Happiness
औषधे वेळेवर पोहोचवल्याबद्दल मनापासून धन्यवाद. अगदी देवासारखे आलात तुम्ही.,Happiness
"खूप खूप धन्यवाद, डॉक्टर! फारच बरं वाटतंय मला आता. तुमची मदत खूप महत्त्वाची आहे माझ्यासाठी.",Happiness
त्यांच्या रस्त्यातला कचऱ्याचा ढीग बघून पर्यटक पटकन बाजूला सरकले आणि त्यांचं नाक आणि तोंड झाकून घेतलं त्यांनी.,Disgust
ऑनलाइन क्राउडफंडिंगच्या मोहिमा त्यांच्या निधीच्या उद्दिष्टांपर्यंत जितक्या लगेचच पोहोचू शकतात ते आश्चर्यकारक आहे.,Surprise
फक्त सकारात्मक बातम्या आणि लोकांची कामगिरी प्रकाशित करणारी संकेतस्थळं आहेत का? असं काही आहे हे मला माहित नव्हतं.,Surprise
"दूध नासलं आहे, त्यामुळे मला चहा घेता येत नाही आणि त्यामुळे मी निरुत्साही झालो आहे.",Sadness
खरेदीदारांना दुकानाच्या रेफ्रिजरेटरमधल्या वस्तूंना घाण वास येत असल्याचे आणि ते बेकार दिसत असल्याचे आढळले.,Disgust
टायटॅनिककडे जाण्यासाठी डुबकी मारताना तो तरुण खूप घाबरला होता.,Fear
तिथे त्या मुलांशी बोलत होतो मी पण त्यांच्या तोंडाचा वास अति भयंकर होता. आत्ताच कांदे खाऊन आलेत की काय असं वाटत होतं.,Disgust
माफ करा पण आमच्याकडे पाण्याच्या फिल्टरचे स्पेअरपार्ट अजून आलेले नाहीत. सेवा प्रदाता.,Sadness
फुलाच्या कुंडीवर सर्वत्र किडे रेंगाळताना पाहणे एक किळसवाणे दृश्य होते.,Disgust
"मी कसून अभ्यास केला, पण परीक्षेत पुरेसे गुण नाहीच मिळवू शकलो मी.",Sadness
मी खूप पैसा खर्च केलाय इथं. तुम्ही मदत करणार नसाल तर मी माझ्या मित्रांना त्यांच्या शूजसाठी इतरत्र जायला सांगेन.,Anger
आर्थिक व्यवस्थापन आणि करांची तयारी करण्यावरच्या चर्चेनं हवेत एक कुबटपणा पसरला.,Disgust
वा! श्याम इतका वेगवान धावपटू आहे हे कोणाला माहीत होतं?,Surprise
केवढा खडतर प्रवास! इतका छोटा स्टार्टअप बाजारपेठेतला इतका मोठा खेळाडू बनेल असं ध्यानीमनी पण आलं नसतं माझ्या.,Surprise
मायक्रोवेव्ह पेट घेईल की काय अशी भीती वाटतेय मला. प्लीज बंदच करून टाक तो.,Fear
मदत मागताना कोणालाही असे असभ्य वर्तन सहन करायला लागू नये आणि तिरस्कार वाटू नये. कर्मचार्याच्या तिरस्करणीय आणि असभ्य वर्तनाबद्दल मी मनापासून माफी मागतो.,Disgust
प्रकल्पात गोंधळ घालण्यापूर्वी तुम्ही तुमच्या शंका मला विचारण्यासाठी वेळ काढला नाही याबद्दल मी नाराज आहे.,Anger
ग्राहक खूप नाराज झाले आणि त्यांनी सफाई कर्मचार्यांबद्दल नकारात्मक प्रतिक्रिया दिली तेव्हा मला त्याचा फटका बसला.,Anger
माझ्या वितरणात एक जादाचे वर्तमानपत्र जोडले तर ते फारच मस्त होईल! माझे कुटुंबीय मला भेटायला येतायत आणि प्रत्येकाला त्यांच्या स्वतःच्या गतीने बातम्या वाचायला आवडतात.,Happiness
संपलेल्या वॉरंटीबद्दल ग्राहकाची तक्रार हाताळण्याबद्दल मला अस्वस्थता वाटत आहे.,Fear
"आपल्या न्यायालयांनी खटले निकाली काढण्यासाठी वर्षानुवर्षं लावावी, यामुळे माझा खरोखरच राग राग होतो.",Anger
फक्त वर्षाच्या अखेरीला अभ्यास करायचं ठरवलं मी आणि आता निकालांमुळे पार गाळात गेलोय.,Sadness
मला वाटतं सेकंड हँड कार खरेदी करण्याचा माझा निर्णय अगदी योग्य होता.,Happiness
"मला राहण्यासाठी एक अप्रतिम हॉटेल सापडले आहे, जे प्रेक्षणीय स्थळांच्या जवळ आहे आणि त्याचे दर खूप चांगले आहेत.",Happiness
फुलं पायदळी तुडवू नका! तुम्ही असं केलंत तर मी विकू शकणार नाही ती!,Anger
मी स्थानिक आदिवासींसोबत माझ्या नाचाच्या पावलांचा सराव केला आणि मला तो नाच आवडतोय हा शोध लागला.,Happiness
खूप छान! तू चित्र इतके चांगले रंगवू शकतोस हे माहितीच नव्हतं मला!,Surprise
"भारताच्या वेगवेगळ्या भागात ज्यामुळे लोकांना त्रास होतो आहे अशा गोष्टी ज्याप्रकारे सुरू आहेत, त्यामुळे मी असमाधानी होतो.",Sadness
उशीर करायच्या धोनीच्या युक्त्या संताप आणणाऱ्या होत्या.,Disgust
मी त्याला विचारलं तेव्हा रेल्वे आरक्षणाच्या लिपिकांनी मला बस आरक्षण काऊंटरकडे जाण्यासाठी नीट सूचना दिल्यावर मला आनंद झाला.,Happiness
"ई.बी. कामगारांशी वाद झाला आमचा, कारण आमची समस्या सोडवण्यासाठी भरपूरच पैसे मागत होते ते.",Anger
आपल्या संघाला खेळावर वर्चस्व गाजवताना बघून इसाबेलचा चेहरा आनंदानं चमकला.,Happiness
दररोज सकाळी बेकरीत भाजल्या जात असलेल्या ताज्या ब्रेडचा दरवळणारा सुवास मला फार आवडतो.,Happiness
ग्रामस्थांना त्यांच्या मोबाईलवरून त्यांच्या मालाचे पैसे मिळाल्याने त्यांना अत्यानंद झाला.,Happiness
तुझ्या गाण्याच्या आणि नाचाच्या शिक्षणाबद्दल तू गंभीर असशील तर या वर्गाला प्राधान्य दिलं पाहिजेस तू.,Anger
मी खरंच दोन आठवड्यांत पुन्हा चालू शकेन?,Surprise
"श्रीलंकेच्या स्थानिक पाककृतींमधलं स्वादाचं संयोजन हा एक प्रसन्न साक्षात्कार आहे, जो मला अपेक्षितच नव्हता.",Surprise
जड वजनं उचलायची खूप भीती वाटते मला.  मला लागलं बिगलं तर?,Fear
जेव्हा मी सुरक्षारक्षकाला टीप दिली आणि त्याने ती विनम्रपणे स्वीकारली तेव्हा मला अतिशय शांत वाटलं.,Happiness
"आमच्या कुरिअर डिलिव्हरी कर्मचारी सदस्याने आमच्या ट्रॅकिंग सिस्टीममध्ये नोंद केली की तो पत्र देण्यासाठी तुमच्या घरी तीनदा आला होता, पण तुम्ही घरी नव्हता.",Surprise
मला सर्वात जास्त गरज असलेल्या वस्तूंचा साठा तुमच्या दुकानात नेहमीच संपलेला असतो आणि त्यामुळे माझी चिडचिड होते.,Anger
मी ज्या जंगलात होतो त्या जंगलाच्या खूप आत एक असामान्य ओरडण्याचा आवाज ऐकून मी थरथरलो.,Fear
"अगं सुधा, नवा हेअरकट की काय! मी ओळखलंच नाही की तुला!",Surprise
हा वर्ग आहे की मच्छी बाजार? आता बाकावर उभे राहा सगळ्यांनी!,Anger
शहराच्या मध्यभागी असलेल्या दुकानातील विक्रीची संख्या कमी होताना पाहणं निराश करणारं आहे.,Sadness
या रसायनशास्त्र प्रयोगशाळेतील वास सहन होत नाही.,Disgust
"बाबा, मी कल्पनाच करू शकत नाही की तुम्ही मोबाईल फोनशिवाय कसे काय मोठे झालात?",Surprise
आता पटावरील खेळांमध्ये ए.आय. माणसाला हरवू शकतो हे बघून किती बरं वाटतंय.,Happiness
मी एवढं सगळं तुम्हाला सांगितल्यानंतरही तुम्हाला खरंच वाटतंय का तुम्हाला नवीन सिलिंडर लवकर मिळेल म्हणून?,Surprise
आपल्या करिअरबद्दल आणि वैयक्तिक अनुभवांबद्दल फारसं काहीही न सांगणारी ख्यातनाम व्यक्ती असणं त्रासदायक आहे.,Anger
ही कर भरायची प्रक्रिया इतकी किचकट आहे की डोकं सटकायला लागलंय माझं!,Anger
दिसताना तर असं दिसतंय की सी.ई.ओ.च लफंगा होता आणि बक्कळ पैसे घेऊन फरार झालाय तो.,Anger
मला खूप आनंद आहे की या बेकरकडून मागवलेला केक घेण्यासाठी वीस किलोमीटरचा प्रवास करण्याऐवजी मला तो घरपोच मिळेल.,Happiness
मला आश्चर्य वाटतंय की या भाड्याच्या घरातून डोंगर दिसतात. हे चित्तथरारक आहे!,Surprise
आमच्या शेतांकडे झालेले दुर्लक्ष आणि त्यांची दुरावस्था पाहून मी त्रस्त झालो आहे. असे वाटत होते की जणू युगानयुगे त्यांची सफाई करण्याची कोणी तसदी घेतलीच नाही.,Anger
"तिच्या कामाची नैतिकता आणि समर्पण याने गेल्या काही वर्षांत मला खरोखरच आश्चर्यचकित केलं होतं, ती सोडून जाण्याचा विचार करतेय  यावर विश्वास ठेवणं कठीण आहे.",Surprise
आमची मैत्री झालीये आणि रात्री जेवायला भेटणार आहोत आम्ही.,Happiness
कित्येक भारतीयांचे प्राण गेले आणि कशासाठी गेले ते?,Sadness
हे इंटरनेट कनेक्शन किती धीमं आहे यावर तुझा विश्वास बसतोय का? माझं डोकंच खराब होतंय यानं!,Anger
"""मी थोडा निराश होतो आहे कारण मला खरोखरच काही काम ऑनलाइन पूर्ण करण्याची गरज आहे, आणि वाय फाय नसल्यामुळे मी खूप काळजीत पडलो आहे"".",Fear
इव्हेंटचा व्यवस्थापक इव्हेंटच्या सुरक्षिततेला प्राधान्य देतो आणि त्याच्याकडे जोखमीच्या व्यवस्थापनाची संपूर्ण योजना आहे हे ऐकून मला खरोखरच दिलासा मिळाला आहे.,Happiness
"मला अगदी मनापासून हवं होतं हे जॅकेट, पण माझ्या मापाचं कुठलंच जॅकेट नाहीये असं म्हणाला तो विक्रेता मला.",Sadness
आत्तापर्यंत माझ्या बघण्यातली सगळ्यात बेकार खानावळ आहे ही. कायम फार वेळ थांबावे लागते आणि एवढं करून जेवण मात्र कायमच गारढोण.,Anger
आजकाल मी घराच्या दुरुस्तीवर केवढा खर्च करतोय हे बघणं खरोखरच त्रासदायक आहे.,Sadness
मला मदत कर म्हणून मी सांगितले होते तुला! तुझ्यामुळेच हारलो मी गेम!,Anger
"नृत्य स्पर्धेत तुमच्या मुलाच्या सहभागाला आम्ही पाठिंबा देऊ करतोय हे लक्षात घेता, नृत्य शाळेत आम्हाला तुमच्याकडून नकारात्मक प्रतिक्रियेची अपेक्षा नव्हती.",Surprise
या बैठकीत देणगीचा निर्णय मोठा आहे आणि याचं फलित अनिश्चित आहे.,Fear
"शी! तुझे केस खाणे थांबव. बघ, तुझी लाळ लागून ओले झालेत ते.",Disgust
"मला वाय फायशी जोडून घेता आलं नाही तेव्हा मला खूप धक्का बसला. आजकाल, स्थिर कनेक्शन मिळणं ही एक अशी गोष्ट आहे ज्यावर मी अवलंबून असते.",Surprise
"मला अगदी समजतंय. नवीन खातं उघडणं   घाबरवणारं वाटू शकतं, पण खात्री बाळगा.",Fear
मागे मला आलेल्या वाईट अनुभवामुळे या रेस्टॉरंटमध्ये हे पदार्थ चाखायची भीतीच वाटतेय मला.,Fear
मला वाटलं की माझी पॉलिसी आयुर्वेदिक उपचारांना कव्हर करणार नाही आणि मी प्रोव्हाईडरकडंही चौकशी केली नाही. हा सगळा दोष माझाच आहे.,Sadness
"अरे, तुझ्या अपेक्षांनुसार मला एक मुख्य विषय सापडलाय. ज्यात तुला रस असू शकतो. प्राध्यापक",Happiness
अभिनेत्यानं इतक्या ठामपणानं आपल्या ओळी म्हणून दाखवल्यावर दिग्दर्शकाचे डोळेच विस्फारले!,Surprise
गुंतागुंतीच्या या जगात यापुढं छोट्या गोष्टींमध्ये आनंद मिळवणं कठीण आहे.,Sadness
"सर! मी तुम्हाला बेंगलोर ते चेन्नईचं तिकीट बुक करायला सांगितलं होतं, पण तुम्ही ते बेंगलोर ते पुणे बुक केलंय. तुम्ही भानावर आहात का?",Anger
या कालबाह्य झालेल्या उत्पादनांचा आम्ही आमच्या दुकानात साठा करावा ही वितरकांची इच्छा मला आक्षेपार्ह व अप्रिय वाटते.,Disgust
नवीन शाळेत वर्ष सुरु करण्याआधी मला थोडी भीती वाटत आहे.,Fear
"कार्यक्रमादरम्यान काही अडथळे येत असताना, त्यातून शिकण्याची आणि सुधारणा करण्याची इव्हेंट व्यवस्थापकाची इच्छा बघून मला छान वाटले.",Happiness
महानगरपालिकेच्या कर्मचाऱ्यांनी साफसफाई केल्यानंतर त्या ठिकाणी कचरा टाकणाऱ्या लोकांबद्दल मला तिरस्कार वाटतो.,Disgust
सामान्य माणसाच्या आवाक्याबाहेर ठेवण्यासाठी कंपनीने जाणूनबुजून औषधाच्या किंमती वाढवल्या हे घृणास्पद आहे.,Disgust
वॉशिंग्टनमधल्या स्थानिक आर्ट गॅलरीत इतक्या वैविध्यपूर्ण कलाकृती दिसतील याची मला कल्पना नव्हती.,Surprise
बचत खात्यावरच्या व्याजदरात कपात झाल्यामुळे जीवनावश्यक वस्तूंवर खर्च करण्याची माझी क्षमताच कमी झाली आहे.,Sadness
नको! इतक्या जास्त व्याजदराच्या कर्जात आम्हाला रस नाही.,Disgust
खरोखरच धडकी भरवणारे आहेत हे रोलरकोस्टर.,Fear
पाणबुडीची हवा संपायची होती त्याच्या बऱ्याच काळानंतर समुद्राच्या तळाशी ऐकू आलेल्या ठोक्याबद्दल वाचून मी स्तब्ध झालो.,Surprise
जेव्हा इंडेन गॅसने हाताळण्यास सोपा फायबरग्लास सिलिंडर नव्याने आणला तेव्हा तो मला फारच आवडला.,Happiness
बोनसमध्ये दोनशे टक्के वाढ झाल्याच्या बातमीने त्यांचे डोळे चमकतात तेव्हा माझा दिवस उजळतो.,Happiness
जेव्हा माझ्या संघाने वितरणाच्या ठरलेल्या तारखेच्या दोन आठवड्यांआधीच उत्पादन तयार करून वितरित केले तेव्हा त्यांनी मला थक्क करून सोडले.,Surprise
माझ्या मुलाला त्याच्या उन्हाळ्याच्या सुट्टीत दिवसातून आठ तास त्याच्या कीबोर्डवर रियाज करताना बघून मला कृतकृत्य वाटलं.,Happiness
स्वतःच्या फायद्यासाठी दुसऱ्यांच्या कल्पना चोरणारा माणूस ज्या खोलीत होता त्या खोलीत राहायचं नव्हतं मला.,Disgust
मी त्या बसमधल्या कंडक्टरच्या तिकीट प्रक्रियेच्या कार्यक्षमतेचं कौतुक केल्याविना राहू शकलो नाही. कारण त्या बसमध्ये चढणं अडचणीमुक्त आणि आनंददायी होतं.,Happiness
भोवती सगळीकडे वाघ असताना कॉर्बेट राष्ट्रीय उद्यानाजवळच्या होमस्टेमध्ये रहायची कल्पना मला फारशी पटत नाही.,Fear
हा फुटबॉलचा सामना बघण्यासाठी खूप आतुर आहे मी! एकदम मस्त होणार आहे हा सामना.,Happiness
अस्थिर अर्थव्यवस्था पाहता पुढील सहा महिन्यांत बेअर मार्केट निर्माण होण्याच्या शक्यतेमुळे मी निराश झालोय.,Sadness
या संकेतस्थळावरचे रंग भयानक दिसतायत.,Disgust
"हॅलो सर! गेली दहा मिनिटं मी इथे थांबलोय आणि अमृतसरच्या दिशेने जाणार्या ट्रेनबद्दल विचारतोय, पण तुम्ही काय मला उत्तर देतच नाही आहात आणि इतर लोकांशी बोलत बसला आहात.",Anger
शेअर बाजाराची अनिश्चितता माझा पारा चढवतेय!,Anger
मला वाटलं खूप लांब कुठेतरी राहत असाल तुम्ही. तुम्ही तर नाक्याच्या उजवीकडे आलायत फक्त.,Surprise
श्रीमंत मध्यस्थ व्यक्ती शेतकर्यांचं शोषण करतायत आणि चांगलं करू इच्छिणाऱ्या भारतीयांकडून चुकून त्यांना पाठिंबा दिला जातोय,Disgust
प्रशिक्षकालाच शिस्त नसणं आणि संघावर नियंत्रण नसणं हा लाजिरवाणा प्रकार आहे.,Disgust
माझे पोट आणि सत्र सध्या चांगल्या स्थितीत आहेत त्यामुळे मी खुश आहे.,Happiness
"मला बिनकामाचा, हलक्या दर्जाचा बल्ब दिल्याबद्दल मी दुकानदारावर ओरडले.",Anger
कला आणि सांस्कृतिक कार्यक्रमांसाठीच्या निधीत शिक्षण मंत्रालय कपात करतंय त्यामुळं माझा तिळपापड होतोय.,Anger
मार्शल आर्ट स्पर्धेतील एका कराटेकाने नियंत्रण गमावले आणि आपल्या प्रतिस्पर्ध्याचे नाकच मोडले तेव्हा मला तिरमिरीच आली.,Disgust
"शेअर बाजारातली ही घसरण अत्यंत चीड आणणारी आहे, कारण ती थोपवता आली असती.",Anger
समुपदेशनादरम्यान जेव्हा मी माझ्या संघर्षांबद्दल बोलतो तेव्हा मला शीण येतो. मग मला आणखी राग येतो.,Anger
मी बँक अधिकाऱ्याच्या दारात उभा होतो आणि त्याने इतर ग्राहकांसाठी माझ्याकडे दुर्लक्ष केले तेव्हा मला इतके अपमानित वाटले की माझा चेहरा रागाने लाल झाला.,Anger
अर्ध्या तासात सुरु होतोय सामना. आणि तुम्ही सगळे तयार कसे नाही झालात अजून?,Anger
इतके लोक सायबर हल्ल्यांना बळी पडलेत आणि त्यांची वैयक्तिक माहिती गमावून बसलेत हे ऐकून वाईट वाटतंय मला.,Sadness
"मी अमेरिकन विमानतळाच्या सुरक्षा  यंत्रणेवर नाराज होतो, ज्यांनी आमच्या प्रत्येक प्रवासाच्या वेळी आम्हाला आणि इतर आशियाई लोकांना तपासणीसाठी वेगळं काढलं.",Disgust
ग्राहक जेव्हा आमच्या विश्वासूपणाच्या कार्यक्रमाचा फायदा घेत नाहीत तेव्हा ते फारच निराशाजनक असतं.,Sadness
तुम्ही गेम खेळताना मी बघणारच नाहीये तुमच्याकडे. पार्श्वसंगीत खूप भयानक आहे त्याचे!,Fear
या परिसरात आमच्या नवीन दुकानाच्या उद्घाटनाच्या दिवशी आलेल्या गर्दीने मला थक्कच करून सोडलंय.,Surprise
गणिताचे भीतीदायक शिक्षक वर्गात आल्यावर वर्ग गप्पगार झाला.,Fear
एका लष्करी तळावर एक यू. एफ. ओ. भिरभिरत असल्याचं दृश्य बघून माझी मतीच गुंग झालीय.,Surprise
मला वाटले की महामारीची आणखी एक लाट येते म्हणून. खोटा इशारा होता का तो?,Surprise
"मॅडम, कुशी थुंकली माझ्या कपाळावर.",Disgust
"ट्रेनमध्ये स्वच्छतागृह वापरायला मला आवडत नाही, तो म्हणाला, ""वाईट वास येतो तिथे"".",Disgust
माझ्या समस्येबद्दल तुमच्या गांभीर्याचा अभाव पाहून मला असं वाटतंय की मी तुमच्यावर विश्वास ठेवायला नको होता.,Disgust
आमच्या ग्राहकाने जेव्हा टीमच्या कल्याणाची पर्वा न करता त्यांना सहा महिन्यांसाठी आठवड्यातून सात दिवस काम करायला सांगितलं तेव्हा मी तिच्यावर खूप भडकलो होतो.,Anger
ही सल्लागार ज्या प्रकारे माझ्या समस्या हाताळते ते मला आवडतं. ती सहानुभूती आणि संयम दाखवते.,Happiness
मला एवढीच काळजी वाटते की आमच्या प्रयत्नांनंतरही माझ्या पाळीव प्राण्याचा आक्रमकपणा वाढतच राहील.,Fear
एम.एस. धोणी आणि त्याच्या टीमचा खेळ बघण्यासाठी मी खूपच रोमांचित आहे!,Happiness
दिवसागणिक जेवण बिघडत चाललंय इथलं. मी नाही सहन करू शकत आता हे आणि अधिकाऱ्यांकडे तक्रार करणार आहे मी याची.,Anger
"विक्री करताना तुम्ही लोक सतत पाठपुरावा करता, पण जेव्हा सेवेचा प्रश्न येतो तेव्हा आमच्या समस्यांकडे सोयीस्करपणे दुर्लक्ष करण्याची तुमची वृत्ती भयंकर असते.",Disgust
माझ्या दुकानासमोर तुम्ही तुमचा स्टॉल लावू शकत नाही हे कितीदा सांगावं लागेल तुम्हाला? दुकानदार,Anger
माझ्या मुलाने त्याच्या शिक्षणासाठी वर्षानुवर्षं किती कर्ज घेतलेलं आहे याची जेव्हा मला जाणीव होते तेव्हा मला निराशेची भावना होते.,Sadness
बे एरियामधील सी.ई.ओ.च्या वेतनांच्या अतिरिक्त रकमेमुळे मी भयंकर संतप्त झालो आहे.,Anger
आपलं ठरलं होतं की मी अर्जात लिहिली आहे तेवढी रक्कम देईन म्हणून. आता माझ्याकडून दुप्पट शुल्क का मागताय तुम्ही?,Anger
"आई! दुकानात मला का ओरडत होतीस तू, मला फार वाईट वाटलं त्याचं.",Sadness
चित्रपटाच्या ऑडिशननंतर जेव्हा कास्टिंग डायरेक्टरने मला शाबासकी दिली आणि कौतुकाचे स्मितहास्य केले तेव्हा मला फार छान वाटले.,Happiness
विमानातील माझ्या आसनावर अनेक वेळा पाय मारल्यानंतर त्या प्रवाशाने माफी मागितली हे ऐकून मला समाधान वाटले.,Happiness
काळ्या बाजारातून मी ही तिकिटं तिप्पट पैसे देऊन घेतलीत त्यामुळे डोकं चांगलंच फिरलंय माझं.,Anger
मिस्टर बीन सगळ्या चित्रावर शिंकले आणि मग त्यांच्या घामाने भरलेल्या रुमालानेच त्यांनी पुसलं ते.,Disgust
छे. मला नाही आवडत माझ्या लॅपटॉपवर सिनेमे बघायला. केवढीशी स्क्रीन असते ती.,Disgust
"माहीत आहे का तुला, मेट्रोमध्ये फारशी गर्दी नव्हती आज आणि जागा पण मिळाली मला?",Happiness
वर्गातल्या सिनियरने जेव्हा मला धमकावण्याचा प्रयत्न केला तेव्हा मी हिंसकपणे प्रतिकार केला.,Anger
कार धुण्याच्या प्रक्रियेदरम्यान माझ्या मालमत्तेचं संभाव्य नुकसान होण्याची मला भीती वाटते.,Fear
गेल्या वर्षी सायबरसुरक्षा उल्लंघनाचा परिणाम झालेल्या लाखो लोकांपैकी एक मीसुद्धा होतो आणि जेव्हा मी माझे बरेचसे कौटुंबिक फोटो गमावले तेव्हा अतिशय उदास झालो होतो.,Sadness
रेस्टॉरंटमधील ग्राहकांसाठी जेवण नेण्याआधी आचाऱ्याला त्यात शिंकताना पाहून पोटात मळमळले माझ्या.,Disgust
मी ही जागा हताश होऊन सोडतोय कारण तुमच्याकडे माझा आवडता खाद्यपदार्थच नाहीये.,Sadness
"हॉटेल व्यवस्थापनाच्या वतीने, तुम्हाला जाताना पाहून आम्हाला खेद वाटतोय आणि तुमच्या खोलीबाबतीत तुम्हाला झालेल्या त्रासाबद्दल आम्ही माफी मागतो.",Sadness
तुम्ही आत्ता तुमचं नाक न झाकताच शिंकलात यावर माझा विश्वासच बसत नाहीये.,Disgust
तुमच्या मुलाला असे नाकात बोटे घालणे थांबवायला सांगा. किती किळसवाणे आहे ते.,Disgust
"व्वा, आज दोन वर्षांत पहिल्यांदाच उशीर झाला आहे बसला.",Surprise
राष्ट्रीय नृत्य स्पर्धेच्या पुढच्या फेरीत भाग घेण्यासाठी तुमच्या मुलाची निवड झालीये हे सांगताना मला जाम आनंद झालाय.,Happiness
एका चुकीच्या युटिलिटी बिलाच्या शुल्कासाठी मला नुकताच परतावा मिळाला.,Happiness
"माझ्या नवीन घरासाठी मला काही उत्कृष्ट वायरिंग मिळेल अशी आशा होती, परंतु जवळच्या दुकानात उपलब्ध असलेले मर्यादित पर्याय बघणं निराशाजनक आहे.",Sadness
फिफा विश्वचषकासाठी जागतिक दर्जाचा संघ तयार करण्यावर भर देण्यातही आपल्या देशात भयंकर राजकारण असतं.,Disgust
सीट बरबटलीये ग्रीसनं आणि जळत्या रबराचा वास सहन करू शकत नाही मी.,Disgust
श्रीहरिकोटा येथून चांद्रयान तीन मोहिमेचं उड्डाण बघताना आमचा ऊर अभिमानाने भरून आला.,Happiness
पाण्यात जाऊ नका. खूप खोल आहे ते!,Fear
इथले काही टॅक्सी चालक जायच्या ठिकाणी पोहोचल्यानंतर जेव्हा जास्त पैशांची मागणी करतात तेव्हा त्यांचं हे वागणं पूर्णपणे अव्यावसायिक असतं.,Disgust
"प्रामाणिकपणे, कार्यक्रम व्यवस्थापकानी देऊ केलेल्या विविध सेवांमुळे मी चकित झालोय, नियोजनापासून अंमलबजावणीपर्यंत त्यांनी सर्व काही कव्हर केलं आहे असं दिसतंय!",Surprise
"याचा विचार करता, भयचकित होण्यापेक्षाही माझ्याबद्दलच्या तुमच्या हलक्या वागणुकीमुळे मी जास्त संतापलोय.",Anger
नक्की! तुमच्या कार्यक्रमासाठी योग्य केक निवडण्यासाठी तुम्हाला मदत करण्यात मला आनंदच होईल.,Disgust
इतर लोकांचे पैसे चोरणाऱ्या या हॅकर्सना कोणत्याही खटल्याशिवाय संपवायला हवे. ते गुन्हेगार आहेत. मित्र दोन,Anger
जेव्हा मी तुला विश्वासात घेतो तेव्हा तू ऐकत नाहीस आणि नंतर तू मला म्हणतेस की मी तुला काही सांगत नाही.,Disgust
मी पुरावे तपासून बघत होतो आणि मला आत्ताच असं काहीतरी सापडलं जे निसटलं होतं आपल्याकडून!,Surprise
किती विचित्र दिसतंय ते फूल. कोणी का विकत घेईल ते?,Disgust
कॉलेजच्या पहिल्या वर्षात त्याला एकटेपणा जाणवल्यामुळे तो अतिशय क्लेशकारक नैराश्यातून गेला.,Sadness
मला चिंता आहे की आमचे प्रतिस्पर्धी अधिक आकर्षक जाहिराती आणि सवलत देऊ शकतात.,Fear
दुकानाने आणखी कार्यक्षम चेकआउट प्रक्रिया राबवली तेव्हा मला छान वाटलं आणि मी पटकन निघू शकलो.,Happiness
आज आपण रजेवर असल्याची माहिती मला न देणाऱ्या व्यावसायिक व्यक्तीच्या निष्काळजीपणामुळे मी रागाने खदखदतोय.,Anger
आर्थिक परिस्थितीचे बारा वाजलेत तुमच्या! जरा विचार करून वागा नाहीतर मोठ्या अडचणीत सापडाल तुम्ही.,Anger
तू मोठा होत असताना मी तुझ्यासोबत नव्हतो याचं वाईट वाटतंय मला. वडील,Sadness
तुम्ही तुमचा शब्द पाळला तर ठीक. मी परफेक्ट आकाराच्या केकपेक्षा कमी काहीही घेणार नाही.,Anger
चेन्नई ते बंगलोर ट्रेनचं तिकीट बुक करणं आजकाल अवघड होऊन बसलंय. तिकिटं लवकर बुक होत असल्याने प्रत्येकवेळी मला तिकीट बुकच करता येत नव्हते.,Sadness
त्यांची देणगी मिळूनही कर कपातीसाठी हवे असलेले निकष आम्ही पूर्ण नाही करू शकलो.,Sadness
बॅगेज परिसरातला अनागोंदी गोंधळ बघितला तर विमान कंपनी बऱ्याचशा बॅगा  हरवते यात आश्चर्य वाटण्यासारखं काही नाही.,Disgust
काय? मला वाटलं की आम्ही आमच्या मुलाच्या कलात्मक विकासासाठी आवश्यक ती संसाधनं आणि संधी पुरवत होतो.,Surprise
जर ए. आय. खूप प्रगत झालं आणि त्याने नकारात्मक परिणाम करणारे निर्णय घेण्यास सुरुवात केली तर काय होईल याची भीती वाटते मला.,Fear
"मागील काही वर्षांच्या त्यांच्या नेहमीच्या प्रतिक्रियेनुसार, नेतृत्व संघाने या वर्षी बढतीसाठी माझा विचार का केला गेला नाही याबद्दल मला काहीतरी थातुरमातुर कारण दिले.",Disgust
मला या अतिशय चांगल्या सफाई टीमला आणि पर्यवेक्षकांना बाजारात गमावायचे नाही. त्यामुळे आम्ही त्यांची चांगली काळजी घेऊ.,Fear
हजारो गरीब लोकांची फसवणूक करून त्यांचे पैसे घेऊन पळून गेलेल्या एका स्टॉक ब्रोकरला भेटल्यावर मी भडकलो होतो.,Disgust
माझ्याच गाडीला अंदाधुंदपणे ओव्हरटेक करून मलाच पुढे जाण्यापासून कसा काय रोखू शकतो तो?,Anger
मला आवडतं माझ्या भावंडांसोबत वेळ घालवायला. आम्ही एकत्र कायमच जाम धमाल करतो.,Happiness
या सांडपाणी प्रक्रिया प्रकल्पाचा वास मला सोसवतच नाही.,Disgust
ग्राहक आणि आपलं व्यवस्थापन माझ्यावर नाराज आहेत हे माहीत आहे का तुम्हाला? तुमच्यासाठी ऐकून घ्यावं लागतंय मला.,Anger
"वृत्तपत्रांनी जेव्हा एका देशाने हिंसकपणे निषेध दडपल्याबद्दल त्यांचे कौतुक केले आणि दुसऱ्या देशाने केलेल्या अशाच कारवाईबद्दल त्यावर टीका केली, त्यांनी दाखवलेल्या दुटप्पी निकषांमुळे मी चकित झालो होतो.",Disgust
"मला पैसे देण्याचे आश्वासन देणाऱ्या ऑनलाइन दुव्यांवर क्लिक करणे मी तीन महिन्यांपूर्वीच थांबवले होते, हे माहित नाहीये का तुला?",Surprise
आम्ही कामातून ब्रेक घेऊन एकत्र सुट्टीवर गेलो की माझ्या टीमला बरे वाटते.,Happiness
"काल माझे पहिले चित्र विकले मी, तीन हजार सहाशे रुपयांना. ते घेणारा माणूस म्हणाला की त्याला फार आवडलं माझं चित्र!",Happiness
"लंडन हिथ्रो विमानतळावरची देखरेख खराब आहे. मी बोगद्यातून एका टर्मिनलवरून दुसऱ्या टर्मिनलमध्ये जाताना, बोगद्यांमध्ये घाण वास येतो.",Disgust
मला आशा आहे की एकदा माझ्या गाडीचे सर्व्हिसिंग झाले की गॅरेज त्या मूलभूत सर्व्हिसिंग बिलात छुपे शुल्क आणि अनपेक्षित खर्च जोडणार नाही.,Fear
"आपण बांधकाम कसं सांभाळणार आणि त्याचवेळी माझ्या कुटुंबाची रोजची दिनचर्या सुरळीत चालू राहील ही खात्री कशी करणार, याचाच विचार करतोय मी. त्यांच्या दिनचर्येत व्यत्यय आला तर ते गांगरून जाऊ शकतात.",Fear
"असं म्हणताना वाईट वाटतंय मला, पण सध्यातरी केकची चव आणि आकाराच्या बाबतीत आमच्याकडे फारशी उपलब्धता नाहीये.",Sadness
घाबरगुंडी उडाली का? का बरं? एवढं महागडं आहे का ते?,Fear
गेले पाच दिवस तुम्ही कार्यालयात का आला नाहीत? तुम्हाला हवं तेव्हा तुम्ही येऊ जाऊ शकता असं वाटतं का तुम्हाला?,Anger
लोक मला फोन करतात आणि माझ्या बँक खात्याचे तपशील प्रमाणित करण्यासाठी ओ. टी. पी. विचारतात तेव्हा मला भीती वाटते.,Fear
शेअर बाजार ज्याप्रकारे विशेषाधिकार प्राप्त असणाऱ्या काही थोड्या लोकांसाठी अनुकूल असते ते मी सहन करू शकत नाही आणि त्यामुळे शेवटी माझा राग अनावर होतो.,Anger
माझी इच्छा आहे की माझ्या मोठ्या भावानं माझ्याबरोबर रोलरकोस्टरवर यावं. पण त्याऐवजी तो पाण्याच्या सवारींवर जातो.,Sadness
माझ्या कुटुंबाच्या माझ्याकडून असलेल्या अपेक्षांमुळं माझ्या भावनांचं ओझं गुदमरवून टाकतंय.,Sadness
काळ्या रंगाचे लेटेस्ट मॉडेल हवे होते मला. तुम्ही ही जुनी पिवळी गाडी का मारताय माझ्या गळ्यात?,Anger
पहिली गोष्ट जी तुम्हाला करायला हवी ती म्हणजे नकारात्मक होणं थांबवा आणि स्वतःवर विश्वास ठेवायला सुरुवात करा. तुम्ही स्वतःला उगाच सतत दोष देत राहता.,Disgust
तुम्हाला गावकऱ्यांच्या मुलांमध्ये भेदभाव करायचा काहीही अधिकार नाही.,Anger
अच्छा! आज सकाळी ताजी ताजीच खुडलीयेत का ही फुलं?,Surprise
मालिकेचा पुढचा भाग वाचायला सुरुवात करायला खूप आतुरलोय मी!,Happiness
काहीही काय? हे भयंकर संतापजनक आहे! सुताराकडे कपाटांच्या पर्यायांचे चिक्कार प्रकार असतील अशी अपेक्षा होती माझी.,Anger
"आज जरा उदासच वाटतंय मला, त्यात वर हे संगीतही भर घालतंय माझ्या दुःखात.",Sadness
संघटनेच्या बैठकीदरम्यान काही रहिवाशांनी कारण नसताना मोठा गोंधळ घातला तेव्हा मला त्यांचा भयंकर तिटकारा वाटला.,Disgust
"चटचट तयार हो! आपल्याला उशीर झाला तर आपल्याला बसायला जागा मिळणार नाहीत, मी सांगितलं होतं तुला.",Anger
या किंडलमध्ये हजारो पुस्तके साठवली जाऊ शकतात. हे अविश्वसनीय आहे!,Surprise
"तसं नसतं तर बरं झालं असतं, पण बरेच नेते लोकांपेक्षा अल्पकालीन फायद्यांवर लक्ष केंद्रित करून तरुण पिढीसाठी एक वाईट उदाहरण घालून देतायत.",Disgust
आम्ही सर्व प्रकारच्या वाहनांसाठी जबरदस्त सेवा देण्यासाठी समर्पित आहोत.,Happiness
ई.पी.एफ.ओ.ची रक्कम काढण्याची प्रक्रिया इतकी कष्टाची आहे की मी यापुढे ती करण्याच्या भानगडीतच पडणार नाहीये.,Disgust
"ही गोष्ट मला समाधान देते की विद्यार्थी अजूनही मला मान देतात, कारण मी त्यांच्या विचारांचे स्वागत करतो.",Happiness
महेश त्याच्या आवडत्या खेळाडूला जागतिक विक्रम मोडताना बघून आनंदानं खुळा झाला होता.,Happiness
टीमचं मनोबल इतकं कमी असण्याचं कारण प्रत्येक वेळी जेव्हा ग्राहक फोन करतो तेव्हा ते त्यांच्या जागेवर असावेत अशीच ग्राहकाची अपेक्षा असते.,Sadness
माझी मुलगी पद्मा खूप चांगली आहे खेळात. गेल्या वर्षी शंभर मीटरच्या शर्यतीत पहिला नंबर पटकावला होता तिने.,Happiness
गेल्या आठवड्याच्या शेवटी दुर्बिणीतून गुरू आणि त्याच्या तीन चंद्रांचं छायाचित्र काढल्यानंतर माझा मुलगा खूप उत्तेजित होता.,Happiness
यू. पी. आय. सुरू झाल्यापासून बाहेर भरमसाठ पैसे खर्च करतोय मी आणि माझ्या खात्यात खूपच कमी रक्कम शिल्लक आहे.,Sadness
वरिष्ठ नेतृत्वाला लोकांनी नाविन्यपूर्ण कल्पना राबवाव्यात असं वाटतं परंतु ते त्यांच्या कल्पना स्वीकारणार तर नसतात तेव्हा वैताग येतो.,Anger
कर्मचारी प्रशिक्षणाच्या संधींचा आमच्या दुकानातला अभाव बघणं निराशाजनक आहे.,Sadness
आमच्या ग्राहक सेवेशी संपर्क साधल्याबद्दल धन्यवाद. मदत करायला आवडेल आम्हाला.,Happiness
ही जगातली सर्वात उंच इमारत आहे असं सांगितलं गेलं होतं मला. केवढी सुंदर दिसतेय ती!,Surprise
गॅस कनेक्शन नवीन पत्त्यावर हस्तांतरित करण्याच्या प्रक्रियेबद्दल आमच्याशी फोनवर न बोलता तुम्ही गॅस एजन्सीमध्ये का आलात? गॅस एजन्सी प्रतिनिधी,Anger
तुम्ही मॉड्यूलर किचनसाठी दाखवलेला उत्स्फूर्त कल खूपच चकित करणारा आहे.,Surprise
"ज्याप्रकारे संस्थेचं नेतृत्व कर्मचाऱ्यांच्या कल्याणापेक्षा भागधारकांच्या नफ्याला प्राधान्य देतंय, ते लाजिरवाणं आहे.",Disgust
परतीचा प्रवास खूप चांगला होता माझा. ड्रायव्हरने माझी आवडती किशोर कुमारची गाणी लावली होती.,Happiness
त्याच्या मोबाईलवरच ओकला तो. भयंकर बेकार होतं ते.,Disgust
तुम्हाला फोनबाबत जास्त सावध रहायला सांगितलं होतं नं मी. आता कोणत्या तरी यू. पी. आय. फ्रॉडमुळे दहा हजार रुपये गेलेत तुमचे.,Anger
मला पाळीव प्राणी चालणारे अपार्टमेंट लागत असल्याचे मी आधीच अनेकदा नमूद केले होते. पण ब्रोकरने मला दाखवलेल्या कोणत्याही अपार्टमेंटमध्ये पाळीव प्राणी चालणार नव्हते. तो माझ्या गरजा ऐकतोय की नाही हेच मला कळत नाही.,Anger
"सिलिंडर बदलताना गॅस एजन्सीने आमची गॅसची शेगडी आणि नळी मोफत तपासली, त्याचा आनंद झालाय मला.",Happiness
रेस्टॉरंट स्वच्छ नव्हतं आणि थोडी झुरळंही इकडंतिकडं पळताना बघितली मी.,Disgust
मी आणि माझा मित्र महिन्यातून एकदा भेटतो आणि स्थानिक हॉटेलमध्ये नाश्ता करताना घालवतो तो वेळ मला खूप आवडतो.,Happiness
टीमने आपले उद्दिष्ट साध्य न केल्याबद्दल बँकेचे वरिष्ठ अधिकारी त्यांच्या टीमवर जोरजोरात ओरडले.,Anger
"शी! मॅडम, केशव खोडरबर चावतोय त्याचा.",Disgust
तुला शेवटचं सांगतोय तुझी खोली आवरायला.,Anger
चित्रपटगृहे वृद्ध लोकांच्या गरजांकडे दुर्लक्ष करत आहेत त्यामुळे मला फार राग आला आहे.,Anger
खूप छान विवेक! तू आधी शिकला आहेस का हे?,Surprise
"बैठकीच्या खोलीसाठी जवळच्या शोरुममधील एका सुंदर टी.व्ही.वर माझा डोळा होता, परंतु त्याची वॉरंटी फारशी चांगली नाही हे कळल्यानंतर मी खट्टू झालो.",Sadness
मला तो व्हिडिओ गेम खेळायचा होता पण सी.डी.च तुटली. आता हा गेम मी परत कधीच खेळू शकणार नाही.,Sadness
"मी आता खरंच हैराण झालोय. तुम्ही मला दाखवलेल्या शेवटच्या दोन सदनिका माझ्या बजेटपेक्षा काहीच्या काही महाग होत्या. मी तुम्हाला जे आकडे दिलेत, त्यांच्याकडे लक्ष तरी आहे का तुमचं?",Anger
"कार्यक्रम व्यवस्थापकाने तपशीलांकडे इतकं बारीक लक्ष पुरवलंय यावर माझा विश्वास बसत नाहीये, परंतु एकदा सजावटीत एक त्रुटी राहिली होती तिचा उल्लेख केल्यावाचून मला राहवत नाही. ती एक दुर्मिळ घटना असेल हीच आशा मला होती .",Surprise
"फ्रीजच्या समस्येमुळे मला थोडा तणाव येत आहे, मी त्याच्यावर कितीही अवलंबून असलो तरी मला खराब झालेले अन्न आणि मोडके उपकरण नको आहे.",Fear
"काम टाळण्यासाठी तू करत असलेले बहाणे मी आत्तापर्यंत भरपूर ऐकून घेतले, त्यामुळे तुझ्या टीमच्या सदस्यांवर भार पडतो आहे.",Anger
तुम्हाला सांगताना मला खेद वाटतोय की तुमचं सामान आलं नाहीये.,Sadness
"आमच्याकडे तुमच्यासाठी चांगली बातमी आहे, कारण आम्ही आधीच चोरांना पकडलं आहे. पोलीस",Happiness
"वर्ग चालू असताना काही लोक ज्या प्रकारे बोलतात ते खूप चीड आणणारं असतं, फळ्यावर नखांनी ओरखडल्यासारखं वाटतं ते.",Disgust
मी भिकाऱ्यांसाठी पुन्हा जेवण विकत घेणार नाहीये कारण त्यांना कदर नसते त्याची.,Disgust
माझ्या वाहन तज्ज्ञाने जेव्हा मला वाजवी किंमतीत सेकंडहँड खरेदी करण्यासाठी चांगली कार शोधून दिली तेव्हा मला अत्यंत आनंद झाला.,Happiness
माझ्या उच्च शिक्षणासाठी माझे आई बाबा इतकी वर्ष काहीही न सांगता बचत करत होते हे ऐकून धक्काच बसला मला. किती विलक्षण आश्चर्याचं आहे हे!,Surprise
"मी छोट्या गोष्टींकडे सुद्धा काटेकोरपणे लक्ष द्यायला सांगितले होते, परंतु मला हुकलेल्या आणि धुळीने भरलेल्या जागा मिळत राहिल्यामुळे मला वैताग आला.",Anger
दुकानदार माझा खराब टीव्ही विश्वचषकाच्या वेळी दुरुस्त करून देईल की नाही याबद्दल मला जरा शंकाच आहे.,Fear
कंपनीने वर्षानुवर्षे निर्माण केलेली प्रतिष्ठा आर्थिक घोटाळ्यामुळे क्षणार्धात नष्ट होईल अशी मला चिंता वाटत होती.,Fear
सगळ्या टी.व्ही. वाहिन्यांना फक्त आपल्या टी.आर.पी. मानांकनांची काळजी असते आणि प्रेक्षकांवर नकारात्मक परिणाम झाला तरी मानांकन वाढवणाऱ्या कोणत्याही सनसनाटी बातम्या त्या दाखवतात.,Disgust
"हातात चाकू घेतलेल्या एका अनोळखी व्यक्तीला घरात शिरताना बघितल्यावर लहान मुलगा धावत जाऊन कपाटात शिरला, आणि त्याचा चेहरा लपवला त्यानं.",Fear
"हा स्क्रेप व्यवस्थित दुरुस्त केलास तर बरं आहे, नाहीतर त्याचे वाईट परिणाम होतील!",Anger
"मला स्वतःचीच चीड येते, कारण मला मिळालेल्या गुणांच्या आधारे मला हव्या असलेल्या कॉलेज आणि कोर्सेसमध्ये मला प्रवेश मिळणार नाहीये.",Anger
कंपनीनं नफा कमावला असला तरी यंदा माझ्या वार्षिक बोनसमध्ये घट झाल्यामुळं मी अगदीच उद्विग्न आहे.,Sadness
माझी कंपनी मला लॅपटॉप इतक्या लवकर बदलून देईल असे कधीच वाटले नव्हते मला!,Surprise
सॉकरच्या सामन्यात पेनल्टी शूटआऊटला सामोरं जाताना सुसनच्या काळजाचा ठोका चुकला.,Fear
"तुम्ही तुमचे पैसे गुंतवलेल्या कंपन्यांच्या यादीच्या आधारावर, मला भीती वाटते की तुम्ही आणखी अयशस्वी गुंतवणुकी करू शकता.",Fear
"कार्बन फूटप्रिंट कमी करत आणि वाहन चालवण्याचा ताण दुसऱ्याला घेऊ देत, मित्रांसोबत कारपूल करण्यात मला समाधान वाटतं.",Happiness
पहिल्यांदाच खरेदी करणाऱ्यांसाठीच्या किंमतीतल्या सवलती बघून मला सुखद धक्का बसलाय.,Surprise
मी आत्ताच मेसेज केला ड्रायव्हरला पण तो दारूच्या नशेत आहे असं दिसतंय आणि दुसरी टॅक्सी पण उपलब्ध नाहीये या वेळी.,Fear
"मी बेचैन आहे, कारण मी काम तर स्वीकारलंय, पण आता काय करावं हेच समजत नाहीये मला.",Fear
"महदाश्चर्याची गोष्ट म्हणजे, राजकारण्यांचा विरोध पत्करूनही पोलिसांनी गुन्हेगारांवर कडक कारवाई केली!",Surprise
आम्ही खूप मेहनत घेऊनही अगदी क्षुल्लक कारणांमुळे आमचा प्रस्ताव नाकारला गेला हे ऐकून निराशा झाली.,Sadness
आम्हाला कोणतेही लाभ न देता अपार्टमेंट कॉम्प्लेक्सच्या देखभाल शुल्कात वाढ केल्याबद्दल आम्हाला तीव्र निषेध नोंदवायचा आहे.,Anger
आगामी कामगिरीच्या अपेक्षा पूर्ण करण्याच्या त्यांच्या क्षमतेबद्दल काळजी वाटतेय मला.,Fear
"मला जी कूलिंग समस्या आहे, ती फ्रीज मेकॅनिक या नात्याने तुमच्या तज्ज्ञ कौशल्याने सोडवली जाऊ शकते हे जाणून खूप दिलासा मिळाला.",Happiness
मुलं सतत घरात आणि घरातच असल्यामुळं उदासवाणी झाली होती.,Sadness
तो क्यू. आर. कोड स्कॅन नका करू. माझ्या मते जर तुम्ही असे केलेत तर तुमचे सगळे पैसे जातील.,Fear
ज्या ज्या वेळी मला ओव्हनमध्ये भाजलेल्या ताज्या पावाचा वास येतो त्या प्रत्येक वेळी मी जुन्या सुखद आठवणींमध्ये हरवून जाते.,Happiness
माझ्या आजूबाजूला काय आहे ते मला दिसत नसल्यामुळे मला अंधाराची भीती वाटते.,Fear
"ए प्रणव, या क्लबमध्ये स्टॅग एन्ट्री चालते हे माहित होतं का तुला? म्हणजे आपल्याला आपल्या साथीदारांना सोबत आणायची गरज नसते!",Surprise
"सायकल विक्रेत्याने कमी दर्जाची बाईक, ती चांगली असल्याचे सांगून माझ्याकडे सरकवण्याचा आणि मला ती विकण्याचा प्रयत्न केला तेव्हा खरेच माझे डोके फिरले.",Anger
मला विकत घेणं शक्य होईल तेवढ्या सर्वोत्तम वायरिंगवर भरपूर खर्च केल्यानंतर माझ्या नवीन घरात विजेचा धक्का लागल्याने मी अस्वस्थ झालो.,Sadness
तुमच्या साफसफाईच्या सेवेवर भयंकर भडकलोय मी.,Anger
शेतमजूर जेव्हा सणासुदीला सूचनेशिवाय निघून जातात किंवा जास्त पैसे मिळाल्याने इतर जमीनमालकांसाठी काम करतात तेव्हा ते माझ्यासाठी संतापजनक असते. मग शेतांकडे दुर्लक्ष होते.,Anger
"नेतृत्व करणाऱ्या टीमकडून, एका कठीण प्रकल्पात केलेल्या कामासाठी कोणतीही दखल न घेतली गेल्यानंतरही अनेक प्रतिभावान कर्मचारी अजूनही कंपनीत राहिलेत, हे पाहून मी अवाकच झालोय.",Surprise
ग्राहकानं काल विकत नेलेली उच्च किंमतीची वस्तू परत करण्याच्या शक्यतेमुळे मी चिंताग्रस्त आहे.,Fear
आपल्या उत्पन्नाच्या विवरणपत्रात दिसणाऱ्या रकमेने पूर्णपणे थक्क करून सोडलंय मला.,Surprise
मी दिलगीर आहे आणि हे दुरुस्त करायला मी नक्की तुम्हाला मदत करेन. प्लीज तुमच्या मित्रांना आमची शिफारस करा.,Fear
शेजारच्या गुंडांना पैसे उकळण्यापासून रोखल्यानंतर त्यांच्याकडून आम्हाला जीवे मारण्याची धमकी येत आहे.,Fear
स्नॉर्केलिंगसारख्या पाण्यातल्या उपक्रमांसाठी सुरक्षेचे काही उपाय तर आहेत ना ?,Fear
तुझ्याकडे आधीच पुरेसे काम असताना तुला दुसऱ्याचा भार उचलायलाच हवा का?,Surprise
पुढच्या सहा महिन्यांसाठी तुम्ही शेअर बाजाराबद्दल इतका निराशावादी दृष्टिकोन बाळगाल याचा धक्काच बसलाय मला.,Surprise
तिकिटांच्या उपलब्धतेबाबत आमच्यात वाद झाल्यानंतर रेल्वे आरक्षण लिपिकाने माझा आरक्षण अर्ज खिडकीतून बाहेर फेकला तेव्हा माझा संताप अनावर झाला.,Anger
"तुम्हीच खात्री दिली होती मला की टीव्ही दोन वर्षं तरी चालेल म्हणून, पण तीन महिन्यांतच बंद पडलाय तो!",Anger
तुम्ही इतके म्हातारे आहात आणि तरीही दररोज दहा किलोमीटर चालता तुम्ही?,Surprise
नर्सने सुई टोचली नाही बरोबर आणि त्याच्या हातातून रक्ताची धार लागली आणि सगळीकडे पसरलं ते.,Disgust
बरे होण्यात विधायकपणे मदत न करता तासाप्रमाणे शुल्क आकारणाऱ्या समुपदेशकांचा मला तिटकारा आहे.,Disgust
ॲमेझॉन प्राइम डे सेलने किमतीमध्ये पन्नास ते पंच्याहत्तर टक्के कपात करून आम्हाला थक्कच करून सोडले.,Surprise
मला हा शर्ट खरोखर आवडला. हा तोच रंग आहे जो मी शोधत होतो.,Happiness
या लेबनीज खाद्यपदार्थात साधलेल्या  चवींच्या नाजूक संतुलनामुळे मी अचंबित आहे.,Happiness
माझ्या पत्नीची थट्टा करू नका! आणि भाषेला आवर घाला जरा तुमच्या!,Anger
ज्या दुकानानं तुला खराब झालेलं खाणं विकलं त्या दुकानानं माझं डोकं फिरवलंय.,Anger
आपण ज्या देणग्यांबद्दल चर्चा केली त्या कराराचा शब्द तुम्ही मोडताय यावर विश्वासच बसत नाहीये माझा.,Anger
माझ्या गाडीवरचा तो लहानसा पोचा दुरुस्त करायचा असेल तर त्यामुळे माझ्या खिशाला भगदाड पडू नये अशी आशा आहे मला.,Fear
तो व्हिडिओ गेम सारखा अडकतो आणि बंद पडत असतो. जामच राग येतोय मला त्याचा.,Anger
परदेश दौऱ्याहून परतल्यावर जेव्हा भारतात माझं पारपत्र हरवलं तेव्हा मी हवालदिल झाले.,Sadness
चीनमध्ये मला भेडसावू शकणाऱ्या सांस्कृतिक फरकांविषयी मला थोडी भीती वाटते.,Fear
"मला नव्हते वाटले की तू माणुसकीपेक्षा पैसा निवडण्याचा निर्णय घेशील, विशेषतः प्रश्न मानवी जीवनाचा असताना.",Disgust
जेव्हा शंकराचार्य अचानक स्वप्नामध्ये माझ्यासमोर प्रकट झाले तेव्हा माझ्या तोंडून शब्द फुटले नाहीत.,Surprise
मी तुमच्या उद्धट आणि जराही मदत न करणाऱ्या कर्मचाऱ्यांशी डोकं भिडवून पुरता बेजार झालोय.,Anger
जेव्हा डॉक्टरांनी निदान न करताच माझ्या सासूच्या त्वचेच्या समस्येसाठी अनावश्यक औषधे लिहून दिली तेव्हा मी तिच्यावर चिडले होते.,Anger
कंत्राटदार आणि राजकारणी हे जनतेला मदत न करता नेहमीच पैसे कमावण्याच्या प्रयत्नात असतात.,Disgust
आतल्या आत मी भयंकर संतापलो होतो आणि मी त्या अमली पदार्थ विक्रेत्यांचा न्यायाधीश असतो तर त्यांना न्यायालयात फाशीची शिक्षा खुशीनं सुनावली असती.,Anger
"ज्या तरुणांना शिक्षणाचं महत्त्व किंवा त्यांच्या पालकांनी त्यांच्यावर खर्च केलेल्या पैशाची जाणीव नाही, त्यांच्याशी बोलणं माझ्यासाठी वेदनादायी असतं.",Disgust
मागच्या वेळी आपण कारची समस्या सोडवली होती आणि ती चांगल्याप्रकारे सुरूही होत होती.,Surprise
"शी, मी नाही काढणार बॉल गटारातून. किती घाण वास येतोय.",Disgust
डोळ्यांदेखत आपल्या संघाची सरस कामगिरी बघताना अमेलियाच्या आनंदाला सीमाच उरली नाही.,Happiness
एखादा देश दुसऱ्याला शस्त्रे देऊन युद्धाला उत्तेजन देतो तेव्हा ते घृणास्पद असतं.,Anger
अटलांटिक वादळात जहाजावरच्या माझ्या अनुभवानं मला अंतर्बाह्य सुन्न केलं!,Surprise
बॉलिंग ॲलीवर सलग तीन फटके मिळाल्यावर मी बेफाम नाचलो.,Happiness
मला माझ्या शेतीची अवजारं गंजलेली आणि तुटून पडायला आलेली दिसतात तेव्हा मला वाईट वाटतं. आपल्याला नवीन साधनं आणि अवजारं लागतायत.,Sadness
फरसबंदीनं झाकलेलं आणि त्याच्या खऱ्या सौंदर्यात अडथळा आणलं गेलेलं ते प्रसिद्ध स्थळ बघून मी हताश झालो.,Sadness
आज काय करायचं हे तू मला विचारतोयस यावर विश्वासच बसत नाहीये माझा.,Disgust
माझ्या विम्यामध्ये आरोग्य केंद्रावरील सर्व आवश्यक उपचारांचा समावेश असेल ना याबाबत मला शंका आहे. मला याची खात्री करायची आहे की माझ्यावर कोणताही अनपेक्षित आर्थिक भार येणार नाही.,Fear
"व्वा, इव्हेंट व्यवस्थापकाने इव्हेंटची सुरक्षादेखील मोठ्या प्रमाणात हाताळली हे माझ्या कधी लक्षातच आलं नाही! माझे पाहुणे चांगल्या हातात राहतील हे जाणून खूप छान वाटतं.",Surprise
जेव्हा आमच्या शेजारचं पारिवारिक दुकान धंदा चालत नसल्यामुळे बंद झालं तेव्हा मला फार दुःख झालं.,Sadness
काय झालं असेल ओळख? मी जो व्हिडिओ गेम खेळत होतो त्या गेमची शंभरावी लेव्हल एकदाची पार केली मी! जग जिंकल्यासारखं वाटतंय मला. जेन झी एक,Happiness
"एक लेखापाल म्हणून, आर्थिक नोंदींचा अभाव आणि कर भरण्यावर परिणाम करणाऱ्या व्यवसायांच्या अव्यवस्थित बूककीपिंगमुळे मला वीट आला आहे.",Disgust
माझ्या लहान मुलाचं खातं मी कोणत्याही गुंतागुंतीशिवाय उघडू शकेन की नाही याबद्दल मला खात्री नसल्यामुळे बँकेत प्रवेश करताना माझी छाती धडधडते.,Fear
शर्यतीवर का लक्ष देऊ शकत नाहीस तू? नेहमी काहीतरी वेगळंच चालू असतं तुझं. पुरतं निराश केलंयस तू मला.,Anger
ही व्यावसायिक भाड्याची जागा किती प्रशस्त आहे हे पाहून मला सुखद धक्का बसला आहे. एका आठवड्याच्या आत स्थलांतरासाठी ते इतक्या लवकर उपलब्ध होईल अशी मला अपेक्षाच नव्हती!,Surprise
काही समीक्षकांनी पुरावे न पाहताच तामीळनाडूमधील पुरातत्त्वीय निष्कर्षांची अवहेलना करण्याबद्दल ऐकणे संतापजनक आहे.,Anger
टोकियोच्या या एकदिवसीय दौऱ्यात मी ठरवलेली सर्व ठिकाणे बघण्यासाठी माझ्याकडे पुरेसा वेळ असेल का?,Fear
ड्रॅक्युला सिनेमा बघितल्यावर रात्री एकट्याने अंधाऱ्या जागांमध्ये जायची भीतीच वाटत होती मला.,Fear
"मी अक्षरशहा खवळलोय! हॉटेलमध्ये प्रवेश केल्यापासून मी वाय फायशी जोडून घेण्याचा प्रयत्न करतोय आणि मला फक्त एररचे मेसेज मिळतायत. इंटरनेट व्यवस्थित जोडल्याशिवाय कोणतंही काम करणं, अगदी आराम करणंसुद्धा अशक्य आहे.",Anger
"जेव्हा जेव्हा तुमच्या ग्राहक सेवेकडून मला फोन यायचा, त्या प्रत्येक वेळी ते माझ्या बँक खात्याच्या सुरक्षिततेच्या समस्यांमध्ये मदत न करता नवनवीन योजना विकण्याचा प्रयत्न करायचे, त्याने माझा रक्तदाब वाढायचा. ग्राहक",Anger
गच्चीवर सगळीकडे खत आणि किड्यांमुळे एकदम खराब वास येतोय.,Disgust
मॉड्युलर किचन बनवायच्या प्रक्रियेनं मला जाम घाबरवून सोडलंय.,Fear
प्राध्यापकाने वर्गात त्याची तुलना एका दहशतवाद्याशी केली तेव्हा तो विद्यार्थी भडकून उठला होता.,Anger
सरकारने ज्येष्ठ नागरिकांसाठी एफ.डी.च्या व्याजदरात वाढ केल्याचे ऐकून माझे वृद्ध आई वडील खूश झाले.,Happiness
उष्णतेने तारा वितळल्यामुळे शहरातला वीज पुरवठा बंद पडल्याचं ऐकून मी सर्दच झालो!,Surprise
याक! केस अडकलेत बाथरूमच्या मोरीत. मी नाही  साफ करणार ते.,Disgust
काय? मागच्या आठवड्यात आम्ही तुम्हाला विचारलं होतं तेव्हा तुम्ही आमच्याशी खोटं का बोललात आणि कॅमेरा बसवला होता असं का सांगितलं? पोलीस,Anger
कंपनीतल्या सततच्या अर्थसंकल्पीय कपातींमुळं प्रत्येकाला कामातला रसच संपल्यासारखं वाटायला लागलं.,Sadness
"मी जेव्हा महत्त्वाचे व्यवहार आणि पावत्या, त्या टाचून ठेवून देण्याऐवजी कार्यालयात इतस्ततहा विखुरलेल्या पाहतो तेव्हा मला राग येतो.",Anger
"इतक्या जवळ उभे राहू नका माझ्या! मी एटीएममध्ये पिन टाकतोय माझा, दिसत नाही का तुम्हाला?",Anger
आम्ही तुमच्या अभिप्रायाची खरंच मनापासून कदर करतो आणि यासारख्या बाबी अतिशय गांभीर्याने घेतो.,Fear
हा वर्धापनदिन परिपूर्ण असायला हवा होता आणि मी तिला खरोखरच अस्सल अशी काहीतरी भेटवस्तू देण्याची कल्पना केली. परंतु डिझाईन निवडतेवेळी माझ्या बजेटमधल्या तडजोडी अपरिहार्य वाटतात.,Sadness
आज संध्याकाळी जेवणाचा मनमुराद आनंद लुटला मी. फूड क्रिटिक,Happiness
"मी त्या जुन्या रिकाम्या दीपगृहात गेलो आणि सारखा माझ्या मागे पाहत राहिलो, कारण मला एक अदृश्य उपस्थिती जाणवत होती.",Fear
"मला समोसा हवा होता एक, पण संपला आहे म्हणाले ते.",Sadness
"मला वाटले की पहिला सेट मीच जिंकेन, पण मग खूप लवकर थकलो मी. माझीच चूक आहे ही सगळी.",Sadness
मॅगीचा आपल्या आरोग्यावर हानिकारक परिणाम होऊ शकतो हे ऐकल्यावर मी ते विकत घेणंच बंद करून टाकलं.,Fear
ब्रेक काम करत नाहीयेत. आता काय करू मी?,Fear
मी भयंकर वैतागलोय कारण आम्ही मोठ्या प्रयत्नांनी जिंकलेल्या नवीन ग्राहकाबद्दल तुम्ही सार्वजनिकरित्या ढोबळ विधाने करत आहात.,Anger
व्वा! आमच्या पत्त्याबद्दल इतका गोंधळ असूनही तुम्हाला पत्त्याचे अचूक ठिकाण शोधणे जमले.,Surprise
"मेघना, ते दे मला परत. माझं आहे ते!",Anger
"हे अजिबातच चालण्यासारखं नाहीये! मी प्रिमियम वितरण सेवेसाठी पैसे भरलेत, तरीही माझं पुडकं अजूनही गहाळ आहे!",Anger
बस डे बद्दल ऐकून मी गोंधळात पडलो होतो आणि विद्यार्थी असा दिवस का साजरा करत असतील हेच मला कळलं नाही.,Surprise
"दुकानदाराने सॅन फ्रान्सिस्कोमधील उचलेगिरी करणाऱ्यांना रोखले नाही, कारण तो सूड उगवण्याच्या भीतीने घाबरून गेला होता.",Fear
"आमच्या खास बनवलेल्या केकने थक्क करण्यासाठी आणि आनंद देण्यासाठी तयार व्हा, जो उत्सवाचे मुख्य आकर्षण असेल.",Surprise
प्रौढांसाठीच्या खात्यांच्या तुलनेत अल्पवयीनांच्या खात्यासाठी उपलब्ध असलेल्या विविध वैशिष्ट्यांमुळे मी चकित झालो. त्यामुळे मला पुन्हा लहान मूल व्हावंसं वाटलं.,Surprise
आम्ही वेळेवर कपड्यांची शिपमेंट देणार आहोत आणि विक्रीचा आकडा वाढायची वाट बघतोय याचा मला खूप आनंद होतोय.,Happiness
"माझ्या आई बाबांनी माझ्यासाठी जे काही केलंय त्याबद्दल खूप आभारी आहे मी त्यांचा. काहीही होवो, ते कायम माझ्या सोबत असतातच.",Happiness
बाजारातून ताजे गुलाब आणलेत आज मी. फार छान सुगंध येतोय त्यांचा.,Happiness
"अरे! इतक्या कमी व्याजदरात कर्ज मिळू शकतं मला याची कल्पनाच नव्हती. मला याची माहिती दिल्याबद्दल धन्यवाद, मि. डेव्हिड.",Surprise
'पिंक पँथर' चित्रपटातील 'पीटर सेलर्स' कडे बघून मी हसणं थांबवू शकलो नाही.,Happiness
साफसफाईचे विशेष परिणाम देताना आम्हाला अभिमान वाटतो.,Happiness
मी एच. आर. व्यवस्थापकाला माझा पगार वाढवण्यासाठी विचारलं पण तिने नकार दिला.,Sadness
"थांबा, माझ्याकडे इतर बांधिलकी आणि जबाबदाऱ्या आहेत ज्यांना प्राधान्य देणं माझ्यासाठी गरजेचं आहे.",Surprise
"हा कायमच आवडता पदार्थ आहे माझा, तुम्ही मला खाऊ दिलंत तर दिवसभर खात बसू शकतो मी हे.",Happiness
एखाद्या प्रमुखाला समाधानाच्या आणि पुढची झेप घेण्याच्या तयारीच्या भावनेने निघताना पाहणे हे मनुष्यबळ प्रमुखासाठी खरोखरच गौरवास्पद होते.,Happiness
मी तुमच्या गाडीचं काम उत्तम करणार आहे आणि आमची चूक सुधारण्यासाठी आम्हाला दुसरी संधी देण्याच्या तुमच्या निर्णयाबद्दल तुम्हाला पश्चात्ताप होणार नाही याची काळजी मी घेईन सर!,Happiness
माझ्या नातेवाईकाला आरोग्य केंद्रात भरती केल्यानंतर तिथल्या कर्मचाऱ्यांनी मला त्याला भेटू दिले नाही. त्यामुळे त्यांच्यावर मी चिडले.,Anger
मला चिंता वाटतेय की उत्पादनाची वैशिष्ट्यं उलगडून सांगताना मी कदाचित महत्त्वाचे तपशीलच हुकवीन की काय!,Fear
कर्ज निवडताना विचारात घेण्यासारखे अनेक घटक असतात हे त्यांच्या लक्षातच आलं नाही!,Surprise
कागदपत्रांनी एक दुखरं सत्य समोर ठेवल्यानं आशाच संपल्या आणि भरभराटीची अंधुक चमक विझल्यामुळं खोलीत शांतता पसरली.,Sadness
कामाच्या दिवशी माझ्याकडे कोणतेही व्यावसायिक कॉल नसतात तेव्हा मला एकदम निवांत वाटते.,Happiness
आमच्या ए.सी.ची वायर चावल्यामुळे मी खारीवर रागावलोय. व्यक्ती दोन,Anger
"आमच्याशी खोटे बोलणार्या तुमच्या सारख्या लोकांना आम्ही सोडून देण्याच्या विचारात आहोत, आधी घरी सी.सी.टी.व्ही. कॅमेरा लावायचा नाही आणि मग लुटले जायचे.",Disgust
गरीब लोकांकडून गॅस सिलेंडरसाठी प्रीमियम आकारून गॅस एजन्सी त्यांची फसवणूक करत असल्याचे कळल्यावर मला धक्काच बसला.,Disgust
याआधीच मी हे पुस्तक का वाचलं नाही याबद्दल स्वतःची कीव येतेय मला.,Disgust
"नियमित ऑटोपेक्षा मी सामायिक ऑटोमुळे समाधानी आहे, कारण मला सर्वोत्तम किंमत मिळण्यासाठी सौदेबाजी करावी लागत नाही.",Happiness
नजर सतत चेंडूवर ठेवा तुमची! आणि हे मैदानावर नाचणे थांबवा आणि खेळ खेळा शिस्तीत.,Anger
तुला आणि स्वतःला निराश करण्याची भीती वाटते मला.,Fear
तुम्ही तुमचं खातं बंद करायचं ठरवलंय हे ऐकून मला वाईट वाटलं. आमच्या बँकेबरोबरच्या तुमच्या संबंधांना आम्ही खूप महत्त्व देतो आणि तुम्ही जाताय हे बघणं आमच्यासाठी दुःखाचं आहे.,Sadness
त्या दिवशी का नाही ऐकलेस तू माझे? कर्जाच्या पैशावर जुगार खेळणे बरे नाही म्हणून सांगितलं होतं मी तुला.,Anger
ते आठवड्यातून एकदाच पाणी बदलतात तरीसुद्धा तुला खरंच वॉटर राईडमध्ये जायचंय का?,Disgust
चाहत्यांनी विरोधी संघाशी केलेलं गैरवर्तन लाजिरवाणं होतं.,Disgust
मी माझ्या क्रेडिट कार्डवर जमा केलेल्या गुणांमुळं मला माझ्या स्वप्नांतली गाडी विकत घ्यायला मिळाली तेव्हा ते एखाद्या परीकथेच्या शेवटासारखं वाटलं.,Happiness
ते काय आहे हे मला माहीत नाही हे लक्षात घेऊन मी मॉलमध्ये केलेल्या त्या चिकट कचऱ्याजवळ जाणार नाहीये.,Disgust
मी म्हातारा झालो आणि कोणीच माझी काळजी घेतली नाही तर?,Fear
माझ्यासाठी काम न करणार्या ॲपबद्दल तू चमकदार शब्दांत बोलतोयस तेव्हा तू जखमेवर मीठ चोळतोयस.,Anger
"आय.पी.ओ.त माझ्या मित्राच्या कंपनीला इतक्या लगेच एवढे जादा सभासद मिळाले, यावर माझा विश्वासच बसेना.",Surprise
गलिच्छ खोल्या आणि इलेक्ट्रिकल फिटिंग काम करत नसल्यामुळे तुमच्या हॉटेलमध्ये राहणं हा आत्तापर्यंत एक भयानक अनुभव होता.,Anger
"ए, जमिनीवरचा मोबाईल उचल तुझा, मी डंबेल पाडलं तर चुराडा होईल त्याचा, व्यायामशाळेत असतोस तेव्हा लक्ष देत जा जरा.",Anger
सुंदरश्यामची बातमी ऐकली का तुम्ही? प्राध्यापक सौम्यांनी परीक्षा रद्द करून टाकली आणि म्हणाल्या की सुट्टी घेऊ शकतो आपण!,Surprise
"मोठमोठ्या रुग्णालयांमधले हे डॉक्टर सक्षम नाहीत, तरीही ते माझ्याकडून भरमसाठ फी घेतात आणि भेटण्यासाठी खूप नाटकं करतात.",Anger
"तुम्ही माझ्याशी खूप मगरूरीनं वागताय, त्यामुळं माझ्या खरेदीची गुपितं मी तुमच्याशी शेअर करणार नाहीये.",Anger
"युरोपियन चषक सामन्यानंतर इंग्लिश फुटबॉल चाहत्यांची वर्तणूक वाईट होती, कारण ते स्टेडियममध्ये घाण करून गेले.",Disgust
"तुम्ही नेहमी मलाच का ओरडता, अनघाला का नाही ओरडत कधीच?",Sadness
"ज्या कृतीमुळे हा प्रकल्प अयशस्वी झाला, त्याबद्दल नेत्याने जबाबदारी घ्यावी, अशी मागणी मी केली तेव्हा मी बोलताना हयगय केली नाही.",Anger
"अरे, मला ती अपेक्षा नव्हती. घरी असं वागणं आमच्या लक्षात आलेलं नाही.",Surprise
मला बँकेत फक्त पासबुक भरून घ्यायचं असताना सारखं एका काऊंटरवरून दुसऱ्या काऊंटरवर टोलवल्यावर मी विषण्ण मनःस्थितीत होतो.,Sadness
खोलीत प्रसाधनाची पुरेशी सामग्री उपलब्ध करून दिली नाही म्हणून मी रागानं हॉटेलवर ताव काढला.,Anger
तुमचे वागणे मला अजिबात आवडत नाही. मी क्षुब्ध झालो आहे आणि मला तुम्हाला पुन्हा भेटण्याची इच्छा नाही!,Anger
"माझेही स्नेही आहेत, पण मी जिथं राहतो तिथं माझे मित्र नाहीत आणि त्यामुळे मला वाईट वाटतं.",Sadness
शॉपिंग जायंटकडून वारंवार येणार्या रोजच्या स्पॅम कॉलने मी संतप्त आहे.,Anger
दीर्घ वीकेंडनंतर दुकानाचे कर्मचारी कामावर परततील की नाही याची मला खात्री नाही.,Fear
सिटवर कोणीतरी उलट्या करून ठेवल्यात आणि खूप भयंकर वास येतोय त्याचा.,Disgust
या कंपनीच्या अंतर्गत व्यापाराचा इतिहास अत्यंत लाजिरवाणा आहे.,Disgust
गेल्या काही आठवड्यांत बरंच कमी झालंय तुमचं वजन!,Surprise
"स्थानिक द्राक्षमळे फ्रेंच ग्रामीण भागात उत्कृष्ट वाईन तयार करतात, ज्यामुळे मला हवेत असल्याची भावना होते.",Happiness
मला भीती आहे की कदाचित हे संगीत जरा अतीच होईल माझ्यासाठी आणि काही नको त्या आठवणी जाग्या करेल.,Fear
महागड्या दुकानात खरेदी करताना मला कमीपणा वाटतो.,Fear
माझा हिंदीचा पेपर तपासून झालाय का? पास होईन का मी?,Fear
प्लायमाउथ मीटिंगमधल्या भारतीय दुकानापासून एक मैलाहून अधिक अंतरापर्यंत तांदळाची वीस किलोची पिशवी घेऊन चालत गेल्यानंतर मला खूप थकल्यासारखं आणि निराश वाटलं.,Sadness
त्यांच्या कृतींबद्दल खरोखरच चिंतेत आणि काळजीत आहे मी.,Fear
पैसे काढण्याची माझी पाळी आल्यावर पैसे मोजून देणारा बँकेचा टेलर माझ्यावर अयोग्यपणे खेकसला तेव्हा माझा संयम सुटला.,Anger
हे घाबरवून टाकणारं आहे! आम्ही एका वर्षापूर्वीच्या तुलनेत कमी पैसे कमवतोय आणि आमच्या ध्येयाच्या तर आम्ही जवळपाससुद्धा नाही आहोत.,Disgust
गॅस एजन्सीनं माझी ऑर्डर रद्द केली असा मेसेज का आलाय माझ्या मोबाईलवर?,Surprise
"चेन्नईहून दुबईला जाणाऱ्या माझ्या विमानाच्या विलंबामुळे मी दुःखी झालो, कारण माझं लगेच जोडून असलेलं वॉशिंग्टनला जाणारं विमान चुकलं.",Sadness
कंपनीच्या कार्यक्रमात मंचावरून सूत्रसंचालन करण्याची कल्पना मला सुखकर वाटत नाही.,Fear
"हाय कौसल्या, घरी का नाही गेलीस तू अजून? उशीर होत नाहीये का?",Surprise
मी गडबड करू शकतो याचा मला अंदाज आला होता आणि म्हणूनच यावेळी मी एक सखोल नवीन सादरीकरण तयार केले.,Happiness
माझ्या टेस्टचे रिझल्ट निगेटिव्ह आले हे ऐकून फार वाईट वाटतंय मला. अजून काही करता येईल का?,Sadness
"जेव्हा मला काहीतरी पूर्ण करायचे असते, पण ते योजनेनुसार होत नाही, तेव्हा मला खूप चिंता वाटते.",Fear
"मला कसंतरीच वाटतंय, कारण खराब झालेलं अन्न खाण्याआधी लेबलवरची तारीखच पाहिली नाही मी.",Sadness
सकाळी जबरी व्यायाम केल्याने मला समाधान मिळते आणि दिवसभर सकारात्मक वाटते.,Happiness
ग्राहक केकचं हवं असलेलं नेमकं वजन सांगायचं टाळतो.,Fear
मी जिथे अर्ज केलाय त्या कॉलेजबद्दल तू कोड्यात बोलतोस तेव्हा अस्वस्थ वाटतं. स्पष्टपणे बोल!,Anger
त्यांच्या कमांडरवरच हल्ला केला गेल्यामुळे भारतीय सैनिक संतापले आणि त्यांनी शत्रूला चोख प्रत्युत्तर दिले.,Anger
"एक ग्राहक तर थुंकला माझ्या चेहऱ्यावर. माझ्याकडे टिश्यू नसल्याने, मला ते माझ्या हाताने पुसावे लागले.",Disgust
भारताचा क्रिकेट संघ खूप चांगला आहे. एकशे सत्तावीसहून अधिक टी ट्वेंटी आंतरराष्ट्रीय सामने जिंकले आहेत आपल्या संघाने.,Happiness
"चहाच्या पाकिटांची पेटी एवढी देखणी पॅक केली जाऊ शकते की ती एखाद्या महागड्या भेटवस्तूसारखी दिसावी, याची मी कल्पनाही केली नव्हती.",Surprise
"ड्रायव्हिंग स्कूलने जरी जादाचे धडे सुचवले असले तरी, घाणेरडे ड्रायव्हिंग सिम्युलेटर वापरण्याची कल्पना नकोशी होती.",Disgust
माझ्या अपेक्षेनुसार नसलेलं फर्निचर माझ्या गळ्यात पडेल या विचारानं घबराट उडालीये माझी.,Fear
गेल्या वर्षी शेअर बाजारात बरेच पैसे गमावले मी.,Sadness
"विजेच्या वस्तू विकणाऱ्या दुकानाने मोठ्या प्रमाणातल्या खरेदीसाठी सवलत न देऊ करून एक निष्ठावान ग्राहक म्हणून मला काहीच किंमत दिली नाही, तेव्हा मला चीड आली.",Anger
"मी बोलताना मला मधेच तोडायच्या तुझ्या सवयीचा आपल्या नात्यावर परिणाम होतोय हे तुला दिसत कसं नाही, हेच समजायला मला कठीण जातंय.",Surprise
जेव्हा काही उत्तर भारतीय दक्षिण भारतीयांशी तुच्छतेने बोलतात आणि भाषेवर टीका करतात तेव्हा मला खूप चीड येते.,Anger
मी माझ्या मुलाचे खाते उघडण्याबद्दल थोडा साशंक होतो आणि बँक व्यवस्थापकाला सांगितले की मला त्यात गोंधळ होऊ द्यायचा नाहीये.,Fear
कधी कधी मला कामावर असताना कराव्या लागणाऱ्या आणि घरी बघाव्या लागणाऱ्या गोष्टींचा मी विचार करतो तेव्हा मला घाबरायला होतं.,Fear
फक्त दोन मिनिटांच्या सल्लामसलतीसाठी तुम्ही इतके शुल्क नाही आकारू शकत!,Anger
तुम्ही बसवलेल्या मॉड्यूलर स्वयंपाकघरामुळे मी खरोखरच संतापलोय.,Anger
नवीन कर कायदे झकास आहेत! या वर्षी मी कमी कर भरू शकेन!,Surprise
मला माझ्या मित्राची चीड आली कारण त्याच्याकडे स्वतःसाठी एक नियम होता आणि इतरांसाठी दुसरा नियम होता.,Anger
वर्षानुवर्षे आपले जवळचे नाते असूनही तुझे वैरभावाचे वर्तन आपल्यामध्ये पाचर घालत आहे.,Anger
आजूबाजूच्या देशांमध्ये अल्पसंख्यांकांची सातत्याने होणारी उपेक्षा पाहणे राग आणणारे आहे.,Anger
तुमचा लेख इतका मजेदार होता की मी अख्खा वेळ हसतच होतो आणि त्यानं मला फार छान वाटलं.,Happiness
सरकारने अक्षय ऊर्जेमध्ये गुंतवणूक करण्यास नकार दिल्याने मी खूप वैतागलो होतो.,Anger
गेल्या शुक्रवारी मी दुकानामध्ये काही सवलत विक्री चालू असलेली बघितली. विक्री अजूनही चालू आहे की नाही याबद्दल मी काळजीत पडलेय.,Fear
"पण मॅडम, एवढ्या लोकांसमोर बोलायची भीती वाटते मला. चेष्टा करतील ते माझी कदाचित.",Fear
ई! या मॉडेल्स तर कपडे घालूनही न घातल्यासारख्याच आहेत.,Disgust
तो उत्साह संसर्गजन्य आहे! तुमच्यासोबत आणि तुमच्या पाळीव प्राण्यासोबत काम करत राहण्यासाठी मी देखील उत्सुक आहे.,Surprise
माझा शेजारी कधीही टॅक्स फाईल करत नाही आणि माझ्या आजूबाजूच्या प्रत्येकाकडे त्याबद्दल बढाया मारतो. किती विचित्र माणूस आहे तो.,Disgust
जमिनीवर सगळीकडे किती केस पडलेत. ते बघूनच डचमळ होतेय मला.,Disgust
ब्रेकच लागत नाहीयेत. आता काय करायचं आपण?,Fear
एटीएममधून पैसे काढण्यावर शुल्क आकारल्याबद्दल मी बँकेवर खूप नाराज आहे.,Anger
अमेरिकेत मुलांवर गोळ्या झाडल्या जात असल्याचे बघून मी खूप हताश होतो.,Anger
तू कशाची पर्वा करतोस? मी गडबड केली तर मान माझी अडकेल.,Anger
माझ्या सिटीबँकेच्या संबंध व्यवस्थापकाने माझ्या पोर्टफोलिओच्या परिस्थितीकडे वारंवार दुर्लक्ष केले तेव्हा मला त्याच्याबद्दल तिरस्कार वाटला.,Disgust
बंगळुरू ते मंगळुरूच्या विस्टाडोम ट्रेनमधून मी पाहिलेलं नैसर्गिक सौंदर्य आजही आठवतंय मला.,Happiness
मी तीन तासांहून जास्त वेळ खपून तयार केलेला पदार्थ ओव्हनमध्ये जळून खाक झाल्यावर मी पार दमून गेलो आणि उद्विग्न झालो.,Sadness
दुकानाचा दहा लाखावा ग्राहक असल्याबद्दल विशेष बक्षीस घेऊन बाहेर पडल्यावर त्या माणसाचा चेहरा उजळून निघाला होता.,Happiness
विमानात माझ्या मागच्या सीटवरील प्रवाशानी माझ्या आसनावर लाथ मारणं थांबवण्यासाठी नकार दिला तेव्हा माझं डोकं पूर्णपणे सटकलं आणि मी त्याच्यावर ओरडले.,Anger
ती अमूल्य सॉफ्ट कौशल्यं दाखवण्याच्या कर्मचाऱ्याच्या आत्मविश्वासाचा साक्षीदार होणं फार छान आहे.,Happiness
या पदार्थाच्या चवीने निराश केलं मला पण माझा आवडता पदार्थ आहे हा.,Sadness
त्या खेळाडूनं केलेलं अतिप्रदर्शन गर्विष्ठपणाचं आहे.,Disgust
आरोग्य केंद्रातल्या शस्त्रक्रियेचा बहुतांश खर्च माझ्या विम्यातून भरून निघेल असा माझा समज होता. एवढी बिलं साठलेली बघणं फारच निराशाजनक आहे.,Sadness
भारतात वाहन चालवल्यानंतर अमेरिकेत वाहन चालवण्याबाबत मला खात्री नाही. मला खात्री नाही की मला ते जमेल.,Fear
तुम्ही आम्हाला असले विचित्र कपडे का घालायला लावताय? तुमच्याकडे जरा चांगले दिसणारे कपडे नाहीयेत का?,Anger
शी! जेवण करण्यापूर्वी तू किमान तुझे घाणेरडे हात तरी धुवायचेस.,Disgust
हैदराबादमधल्या त्या भपकेबाज हॉटेलनं मला व्यायामशाळेच्या सुविधा वापरल्याबद्दल जादाचे पैसे आकारले तेव्हा माझा भडका उडाला.,Anger
त्याच्या डोक्यावर पडला तो आणि खूप रक्त गेलेय त्याचे. तो वाचेल असं वाटत नाही मला.,Fear
चीनमधील या स्थानिक खाद्यपदार्थाची चव अगदीच विचित्र आहे.,Disgust
अगदी अगदी! मी कायमच अनोख्या जुन्या फर्निचरच्या वस्तूंच्या शोधात असतो.,Happiness
निवृत्त खेळाडूंना इतर क्रिकेट लीगमध्ये खेळण्यापासून रोखण्याच्या बी.सी.सी.आय.च्या निर्णयामुळं तोंडच कडू झालंय.,Disgust
"दर वेळी जेव्हा मला आयकर कार्यालयाकडून ईमेल किंवा पत्र मिळते, तेव्हा ते अधिक पैसे मागत असतील या विचाराने माझे हृदय वेगाने धडधडते.",Fear
"मला हा ड्रेस घेतल्याबद्दल खूप खूप थँक यू, आई! खूप आवडलाय मला हा.",Happiness
जेव्हा मी या अल्पवयीन मुलाच्या खात्यासाठी बँकेने देऊ केलेला व्याजदर पाहिला तेव्हा माझा त्यावर विश्वासच बसेना! माझ्या अपेक्षेपेक्षा तो खूप चांगला होता.,Surprise
हे छानच वाटतंय! माझ्या बेडरूमच्या सौंदर्याला साजेसं कपाट हवंय मला.,Happiness
"ज्या लोकांनी ते पुस्तक मागवून घेतले त्या लोकांचे काही आढावे आणि प्रतिक्रिया वाचल्यानंतर, पुस्तक आधी ऑर्डर केल्याबद्दल मला खूप बेकार आणि अचानक नकोसे वाटत आहे.",Disgust
नेहमीच का उशीर होतो तुम्हाला? मला कामाला निघायचे आहे आता! उद्या लवकर या नाहीतर या महिन्यात पैसेच देणार नाही मी तुम्हाला.,Anger
"माझ्या नातेवाईकाला शस्त्रक्रियेसाठी तातडीने एबी पॉझिटिव रक्ताची गरज आहे, आणि तुमच्याकडे ते आहे की नाही याबद्दल कोणाकडेही एक सरळ उत्तर असल्याचं दिसत नाहीये. हा जीवन मरणाचा प्रश्न आहे!",Anger
पाच आठवडे घालवले मी त्या चित्रावर पण मग माझ्या धाकट्या भावाने कॉफीच सांडली त्यावर. माझी सगळी मेहनत वाया गेली.,Sadness
मी पन्नास पेक्षा जास्त वयाचा असल्यामुळे कुठल्याच कंपन्या कोणत्याच पदासाठी माझा विचार करत नाहीयेत.,Sadness
मागचा उन्हाळा एकदम मजेदार होता. माझे आवडते सगळे व्हिडिओ गेम पुन्हा खेळलो मी.,Happiness
"झालेल्या असंतोषाबद्दल मी दिलगीर आहे, उच्च दर्जाची हस्तकला देऊ करण्याचा माझा प्रयत्न असतो.",Sadness
"नमस्कार विष्णू, आम्ही तुमच्या कामगिरीवर खूप खूष झालो आणि तुला बोनस देऊ इच्छितो.",Happiness
"या ऑनलाईन सेवेतून भेटवस्तू मागवायची नाहीये मला, कारण ते त्या वस्तूच्या जागी वीट ठेवण्यासाठी ओळखले जातात.",Fear
अच्छा! मेट्रोमध्ये परवानगी आहे सायकल आणायला. आधी माहित नव्हते मला हे.,Surprise
तुझ्या चेहऱ्यावरूनच मला दिसतंय की थीम पार्कमध्ये खूप मज्जा येतेय तुला.,Happiness
जेव्हा एका ग्राहकाने रांगेची पर्वा न करता पैसे देण्यासाठी त्याच्या वस्तू पुढे केल्या तेव्हा मी चिडले.,Anger
स्टार्टअपमधील माझी कमी होत चाललेली व्यावसायिक गुंतवणूक मला भविष्याबद्दल चिंतित करत आहे.,Fear
तो माणूस सॉरी म्हणेल असं वाटलं नव्हतं मला.,Surprise
"माझ्या मित्राने सांगितले, गेल्या आठवड्यात मी पॅराजंप केली आणि उल्हास आणि स्वातंत्र्याची एक भावना अनुभवली.",Happiness
तुला माहित होतं का की मोबाईलवरील इंटरनेट बँकिंग कधीकधी यू.पी.आय.पेक्षा फास्ट असू शकते?,Surprise
शेअरच्या किमती अशा प्रकारे घसरताना पाहून मला अस्वस्थ वाटत आहे.,Fear
जेव्हा अमेरिकन सिनेटने पंतप्रधान मोदींचा सन्मान केला तेव्हा मला अत्यानंद झाला.,Happiness
अकाऊंटंटनं दिलेल्या गंभीर आर्थिक अहवालानंतर आपलं भविष्य निराशाजनकच दिसतंय.,Sadness
विश्वचषकातील पहिला सामना कॅमेरूनकडून गमावल्यानंतर अर्जेंटिना दिङ्गमूढ झाला होता.,Surprise
लखनौच्या सार्वजनिक वाहतूक व्यवस्थेतील स्वच्छतेचा अभाव धक्कादायक आहे.,Disgust
या वर्गात मी नापास होईन हा विचार मला घाबरवतो.,Fear
मी डोंगराच्या काठावर उभा राहिलो की माझ्या पायांना थरथरच सुटते.,Fear
अमृतसरमधल्या पंजाबी ढाब्यात पालक पनीर आणि नान यांचं संयोजन मला आणखी मागायला भाग पाडतं.,Happiness
ते पर्यायी वस्तू विकण्यासाठीच ओळखले जात असल्याने त्यांच्या दुकानातून पाणी विकत घेण्याबाबत मी साशंक होतो.,Fear
"मी लॉकर वापरण्यासाठी म्हणून बँकेच्या मागच्या बाजूला गेलो, परंतु त्या खोलीत कचरा आणि धुळीनी भरलेल्या जुन्या फायली पाहून मला किळस वाटली.",Disgust
इतकी स्वच्छ रेल्वे कधीही बघितली नव्हती मी याआधी! अतिशय स्वच्छ आहे ही रेल्वे!,Surprise
माझ्या पायाच्या समस्येसाठी मुख्य डॉक्टरांनी स्वतः माझ्याकडं लक्ष दिलं नाही तेव्हा मी हताश झालो.,Sadness
मी काही जादा वर्तमानपत्रांची विनंती करू शकतो का? नाहीतर माझ्या कुटुंबियांमध्ये भांडण होईल अशी मला भीती वाटते.,Fear
जेव्हा जेव्हा मी कामाच्या ठिकाणी माझा तणाव आणि चिंता नियंत्रित करण्याचा प्रयत्न करतो तेव्हा मला दडपण आणि नैराश्य जाणवतं.,Anger
हे अॅप माझी दैनंदिन कामं इतकी सोपी करू शकतं याचं मला फारच आश्चर्य वाटलं.,Surprise
"त्यांच्या उदार देणगीद्वारे आम्ही फक्त करच वाचवलेले नाहीत, तर एक सकारात्मक परिणामसुद्धा साधला आहे!",Happiness
न्यायी ठरला नाही म्हणून न्यायाधीश कसा काय सुटू शकतो?,Anger
सुदैवाने पोलिसांनी शहरातील शांतता भंग करणाऱ्या विद्यार्थ्यांसाठी कठोर परिणामांचे संदेश पाठवले आहेत.,Happiness
"मी विद्यार्थी मंडळाशी बोलताना जर तुम्ही मला पाठिंबा देऊ शकत नसाल, तर तुम्ही गप्पच बसलेलं बरं.",Anger
"मला खूप भूक लागलीये, आणि मी माझ्या हॉटेलच्या खोलीत जेवण मागवण्याचा प्रयत्न करतोय, पण मागवण्याच्या प्रक्रियेत काहीतरी समस्या आहे आणि त्यामुळे माझ्या अख्ख्या संध्याकाळवर बोळा फिरतोय.",Sadness
अंतराळ संशोधनात होणाऱ्या प्रगतीबद्दल खूप कुतूहल आहे मला! सर्व शक्यतांचा विचार करणं अफलातून.,Happiness
व्यापारातील वादाच्या संभाव्य परिणामांविषयीची माझी चिंता वाढत चालली आहे.,Fear
एकोणीसशे त्र्याऐंशीच्या विश्वचषक स्पर्धेच्या अंतिम सामन्यात भारताने वेस्ट इंडिजचा पराभव केला तेव्हा भारतीय प्रेक्षक उल्हासाने मैदानात उड्या मारत होते.,Happiness
आमचे कलेचे शिक्षक भयानक आहेत फार. त्यांना प्रश्न विचारला रे विचारला की त्यांची लाकडी पट्टीच काढतात ते.,Fear
"या कचऱ्याच्या डब्ब्यात नासलेलं अन्न असतं, त्यामुळं दुर्गंधी येते.",Disgust
"आम्ही खूपच खुश आहोत, कारण इलेक्ट्रिक ट्रान्सफॉर्मर चालू ठेवण्याच्या आमच्या मध्यरात्रीच्या कामाचे कौतुक करण्यासाठी कोणत्याही ग्राहकाने आजवर कधीही आम्हाला नाश्त्यासाठी बाहेर नेले नव्हते.",Happiness
तू जर चांगल्या प्रकारे गेम खेळायला शिकला नाहीस तर मागे राहशील अशी भीती वाटत नाही का तुला?,Fear
वर्गात शिकवायला सुरूवात करण्यापूर्वी मला कायम डळमळीत वाटते.,Fear
ती गाडी किती जुनी आहे बघ. सीट फाटल्यात सगळ्या आणि किती घाण वास येतोय.,Disgust
प्रदर्शनातल्या कलाकृतींच्या श्रेणी आणि वैविध्यानं खरंच मला थक्क करून सोडलं.,Surprise
खर्चाचा मोठा भाग माझा मेडीवेल विमा भरून काढेल अशी मला खरोखर आशा होती. यात मोठी रक्कम समाविष्ट केली जात नाही हे अगदी अनपेक्षित आणि निराशाजनक आहे.,Surprise
संस्थेत सर्वोत्तम कर्मचारी देखील अपरिहार्य नसतात या गोष्टीनं मला भडभडून येतं.,Disgust
"नारायण, शेजाऱ्यांना बाळ होणार आहे हे माहित होतं का तुला? ती म्हणाली की मी त्यांना त्यांच्या बाळाचं नाव ठेवण्यास मदत करू शकते.",Happiness
जादाचा बर्फ जमणं आणि फ्रीजमधून पाणी गळणं या अडचणी सोडवता येतील हे जाणून मला इतकं बरं वाटतंय की काय सांगू! साफसफाई करणं खूप कठीण झालंय.,Happiness
माझ्या मुख्य टीमच्या काही सदस्यांनी संस्था सोडल्यानंतर प्रकल्प पूर्ततेची तारीख गाठण्याबद्दल मी खूप चिंतेत पडलो होतो.,Fear
लेखकाने कठीण विषय सोप्या उदाहरणांनी कसे अगदी सोपे करून टाकलेत याचं आश्चर्य वाटतंय मला.,Surprise
ऑलिम्पिकच्या अंतिम फेरीत पहिल्यांदाच बुडी मारण्याच्या तयारीत असताना मियाचं अंगच गोठलं.,Fear
मी सुरुवात केल्या केल्या सुपरस्टार व्हावं अशी अपेक्षा ठेवणारे बरेच फिटनेस गट पाहिलेत मी. फिटनेस प्रॉस्पेक्ट,Sadness
"मी टीव्ही चालू करण्याचा प्रयत्न केला आज, पण निव्वळ काळी स्क्रीन दिसतेय मला.",Sadness
केकसाठी चुकीची चव निवडायची मला खूपच भीती वाटतेय.,Fear
तो जेव्हा पण गोलंदाजी करतो तेव्हा बॉल का चाटतो असा?,Disgust
भावी पिढ्यांसाठी त्यांचं जतन करणं आणि त्यांना ते दाखवणं यासाठी आम्ही सर्वतोपरी प्रयत्न करत आहोत.,Sadness
"मी रेस्टॉरंटमध्ये जागेसाठी वाट पाहत असताना, वारंवार दुर्लक्षित केल्याबद्दल मी संतप्त झालो.",Anger
"मला भीती वाटते की मी कामाचा बोजा सांभाळू शकेन की नाही, कारण वर्गात दररोज कामाचा ढीग तयार होतो.",Fear
या संत्र्यांना खूप घाण वास येतोय आणि खूप नरमही पडलीयेत ती.,Disgust
व्वा! खरंच खूप छान काम केलंय तुम्ही. गाडी नवीकोरी दिसतेय अगदी!,Surprise
"कितीतरी दिवस माझी शांतता ढवळून टाकणारा हा गोंगाट करणारा, निरुपयोगी फ्रिज मला सहन करावा लागलाय यावर माझा विश्वासच बसत नाहीये!",Anger
शेअर बाजारात अजूनही इनसायडर ट्रेडिंग आणि बाजारातली गंडवागंडवी चालते ही वस्तुस्थिती अतिशयच घृणास्पद आहे. सत्तेचा उघड उघड गैरवापर आहे हा आणि बाजारपेठेतली सचोटीच कमी होते यामुळे.,Disgust
"माफ करा, प्लीज मारू नका मला. तुमच्या मुलाला मूर्ख नव्हतं म्हणायचं मला. तो वेगळा आहे एवढंच म्हणायचं होतं मला.",Fear
बस खूप आरामदायक होती आणि दोन तासांत पोहोचलो मी.,Happiness
केलबच्या संघाने विजयी गोल केला तेव्हा त्याच्या जल्लोषात त्याचा आनंद झळकत होता.,Happiness
तुम्हाला निराश केल्याबद्दल माफ करा मला पण आमच्याकडे तुमची साईझ नाहीये.,Sadness
आरोग्य केंद्राच्या बिलावरील डॉक्टरच्या आणि वाहतूकीच्या या जादा शुल्कासाठी मी तयार नव्हतो आणि यामुळे माझ्या एकूण अनुभवावर बोळा फिरला.,Sadness
आम्ही तुमचा प्रतिसाद मोलाचा मानतो आणि तुमच्या व्यवसायाला महत्त्व देतो.,Happiness
"तुमच्या दुकानासमोर व्यवसाय करण्यासाठी मला एक तास दिल्याबद्दल धन्यवाद. कबूल केल्याप्रमाणे मी निघून जाईल, आणि देव तुमचं भलं करो. विक्रेता",Happiness
हा व्यायाम करण्याची त्याची पद्धत इतकी विचित्र आणि वाईट आहे की किळसवाणं दिसतंय ते.,Disgust
त्याला कसे वागावे काही कळत नाही. मी त्याच्या अगदी शेजारीच उभा असताना त्याने जोरात ढेकर दिला.,Disgust
माझ्या घरात चोरी झाल्यामुळं मला खरोखरच दुख्ख झालंय. नागरिक,Anger
तुम्ही बाहेर पडण्यास आणि तुमच्या जबाबदाऱ्या सोडण्यास तयार असल्यास इथल्या तुमच्या कामाच्या अनुभवाला काहीच अर्थ नाही असे दिसते.,Anger
आयुष्य सावरायला जर मला समुपदेशनामुळे मदत होत नसेल तर बरे होण्याच्या पर्यायांबद्दल मला चिंताच वाटतेय.,Fear
या चित्रपटाच्या कथेत बरेच ट्वीस्ट होते! पुढे असं काही होईल हे मनातही आलं नाही माझ्या.,Surprise
कधी पोचणार आहोत आपण आपल्या मुक्कामावर? माझं भविष्य ठरवणार आहे ही मीटिंग.,Fear
आम्ही गाडीने बेंगलोरला जातो आहोत म्हणून मी नाराज आहे. इतक्या जास्त वाहतुकीतून आणि गोंधळातून गाडी चालवणं हे एखाद्या दुःस्वप्नासारखं आहे!,Anger
जेव्हा माझा आईस्क्रीमचा कोन घसरला आणि जमिनीवर पडला तेव्हा मला अगदी उद्ध्वस्त झाल्यासारखं वाटलं.,Sadness
"आपण अशुद्धता असलेला हिरा निवडला काय, याची मला काळजी असेल. मला सांगण्यात आलं आहे की ते आपल्या आरोग्यावर परिणाम करू शकतात.",Fear
ही सोन्याची साखळी काळी पडली आहे आणि तुम्ही हिला अस्सल म्हणत आहात? मी इथे बनावट दागिन्यांसाठी आलेलो नाही!,Anger
मी आज तुमच्यासाठी बँक खाते उघडू शकणार नाही. आम्हाला विशिष्ट कागदपत्रांची गरज आहे जी सध्या गहाळ आहेत. कोणत्याही गैरसोयीबद्दल मी दिलगीर आहे.,Sadness
स्थानिक केनेलमध्ये कुत्र्याच्या खेळकर पिल्लासोबत आम्ही मजेदार वेळ घालवला.,Happiness
"या परिस्थितीमुळं माझं तोंडच कडू झालंय, कारण मला बिनकटकटीच्या होम सर्व्हिसच्या अनुभवाची अपेक्षा होती.",Disgust
"तुम्ही इथे असण्याचा आम्हाला आनंद आहे, तुमच्या सगळ्या गरजा पूर्ण करायला आणि तुमची आर्थिक उद्दिष्टे गाठताना मदत करण्यासाठी आम्ही खात्याचे व्यापक प्रकार देऊ  करतो.",Happiness
बऱ्याच दुखापती होऊन ह्या सामन्याला भयानक स्वरूप येईल अशी भीती वाटतेय मला.,Fear
पुस्तकांविषयी अत्यंत जाणकार असलेला एक पुस्तक विक्रेता भेटल्यामुळे मला आनंद झाला. तो भरपूर वाचन करणारा दिसत होता.,Happiness
"माझ्या लेखावर माझ्या बॉसच्या अभिप्रायाची मी श्वास रोखून वाट पाहत होतो, परंतु मला जेव्हां तो अजिबातच अपेक्षित नव्हता तेव्हा त्याच्याकडून अभिप्राय आला.",Surprise
माझ्या मुलाच्या कारमधील इंधन संपले आणि मध्यरात्री कुठेतरी अडकून पडल्यामुळे मला चिंता होती.,Fear
खर्चाकडे दुर्लक्ष केले जात आहे आणि आवश्यकतेपेक्षा जास्त कर भरले जात आहेत हे पाहून माझी अतोनात चिडचीड होते.,Anger
आपल्या नौकेवरून जगाला प्रदक्षिणा घालून अभिलाष टॉमी सातव्या आसमानात होता.,Happiness
आमच्या आर्थिक उद्दिष्टांसाठी योग्य पर्याय मिळवायला आम्ही आतुर होऊन विविध पर्याय शोधले.,Happiness
"मला भीती वाटतेय की तुम्हाला या मोठ्या आणि क्लिष्ट प्रकल्पाबद्दल असं काहीतरी माहित आहे, जे मला माहित नाहीये.",Fear
माझ्यावर अनेक वैयक्तिक जवाबदाऱ्या आहेत आणि बढतीकडे दुर्लक्ष केल्याबद्दल निषेध करून ही नोकरी गमावण्याच्या शक्यतेनेच मला धडकी भरते.,Fear
"रूम नंबर एकशे चोपन्न मध्ये कधीही आत जाणार नाही मी, अत्यंत अस्ताव्यस्त आणि घाण दिसते ती.",Disgust
मी वेळेत बसस्थानकावर नाही पोहोचू शकलो आणि बस चुकली माझी.,Sadness
"आमचं कुटुंब म्हणजे, पंचवीस हजार वर्षांपूर्वीच्या सायबेरियातील माल्टा बॉयचे वंशज होते, हे जनुकांच्या चाचण्यांमधून कळल्यावर मी थक्क झालो.",Surprise
मोठे होत असताना मला चिंता वाटायची की मी माझ्या शिक्षकांच्या अपेक्षा पूर्ण करू शकणार नाही.,Fear
माझं जाम डोकं फिरलंय आणि त्या लेखकाने या भागाबद्दल जे लिहिलंय ते अजिबात आवडलेलं नाहीये मला.,Anger
तुम्ही अजूनही त्या मागं पडलेल्या आणि कठोर प्रशिक्षण पद्धती वापरायचा आग्रह धरताय यावर माझा विश्वासच बसत नाहीये!,Disgust
हे खरंच वाटत नाहीये! सगळ्या पुस्तकांवर थेट पन्नास टक्के सवलत आहे. तुम्ही किती चांगलं डील देताय.,Surprise
तुझ्या तोंडातनं येणाऱ्या कच्च्या कांद्याच्या वासानं उलटी करावीशी वाटतेय मला.,Disgust
या भाड्याच्या जागेच्या आराखड्यात आतलंच घरच्या घरी असणारं ऑफिस दिसणं म्हणजे सुखद आश्चर्यच आहे.,Surprise
तो पदार्थ माझ्या टेबलावर येताक्षणी मला शिसारी आली. त्या घाणेरड्या वासामुळे मला एक घास घ्यायची सुद्धा इच्छा झाली नाही.,Disgust
एस. बी. आय.चे इंटरनेट बँकिंग खूपच चांगले आहे. कोणत्याही अडचणी न येता मी ताबडतोब पैसे हस्तांतरित करू शकतो.,Happiness
मी वेळेवर वर्गात पोहोचलो नाही तर मॅडम पुन्हा ओरडतील मला.,Fear
यान्नीच्या मैफलीने माझ्या अंगात ऊर्जा भरली आणि त्यामुळे मी दिवसभर काम करत राहिले.,Happiness
भारतातले अठ्ठ्याण्णऊ टक्के लोक आयकर भरत नसताना मी का म्हणून भरावा तो?,Anger
यू. पी. आय. आल्यापासून आता मला माझे पाकीट घेऊन जाण्याची गरजच नाही. निव्वळ माझा फोन वापरून मी कधीही आणि कुठेही पैसे भरू शकतो.,Happiness
लोकांनी ऐतिहासिक स्मारकांच्या भिंतींना विद्रूप केले आहे हे बघणे अत्यंत निराशाजनक आहे.,Sadness
माझ्या खोलीच्या स्थितीबद्दल तुम्हाला काय अडचण आहे? दार बंद करा आणि निघा. मुलगा,Anger
मी विकत घेतलेलं अन्न तो भिकारी कचऱ्याच्या डब्यात कसं काय टाकू शकतो?,Anger
सगळं काही थांबवणं हे निराशाजनक आहे.,Fear
जेव्हा आयटी कंपनीने आपल्या कर्मचाऱ्यांचा वापर केला आणि नंतर त्यांना निष्ठुरपणे कामावरून काढून टाकले तेव्हा मला राग आला.,Anger
ही दहावी खेप आहे माझी तुमच्याकडे येण्याची. माझ्या खोलीची चावी परत लागत नाहीये. काय चाललंय तरी काय?,Anger
येथे उपस्थित असलेल्या सर्वांना सुप्रभात. या तिमाहीत आपण आपली विक्री दुप्पट होतान्ना पाहिली आहे आणि दहा लाखांहून जास्त रिपीट ऑर्डर्स आल्या आहेत.,Happiness
व्वा! तू इतक्या लवकर बरा होशील असे वाटलेच नव्हते कधी मला.,Surprise
तुमच्या नृत्य शाळेत माझ्या मुलाच्या शिकण्याशी संबंधित खर्च मला परवडत नाही हे समजून घेणं इतकं कठीण का आहे? या शाळेने नृत्यकलेचं व्यापारीकरण केलेलं दिसतंय.,Disgust
"वस्तू विनासायास परत करण्याच्या प्रक्रियेसाठी मी कुरिअरचे आभार मानावेत तेवढे थोडे आहेत, ती प्रक्रिया फारच सोयीस्कर आणि वेगवान होती.",Happiness
रोड रेजच्या एका घटनेत दुसऱ्या व्यक्तीने निव्वळ त्याच्या कारला ओव्हरटेक केले म्हणून कार चालकाने एका व्यक्तीवर हल्ला केला.,Anger
ते फळ खाऊ नका. विषारी आहे ते.,Fear
"मी सगळ्यात चांगला खेळाडू नसेनही कदाचित, पण गेल्या काही महिन्यांत माझ्या खेळात मी ज्या प्रकारे सुधारणा केली आहे ते खरोखरंच आवडलंय मला.",Happiness
लोक बांधकामाचं साहित्य रस्त्यावर सोडतात  आणि लोकांना गाडी चालवताना ते अडथळवतं हे बघून मला चीड येते.,Disgust
हे ऐकून वाईट वाटलं. तुम्ही नक्की कशावर नाराज आहात हे तुम्ही प्लीज स्पष्ट करू शकाल का?,Sadness
गॅस कनेक्शन माझ्या नवीन पत्त्यावर ट्रान्स्फर करण्यासाठी लागणारी सगळी कागदपत्रं आहेत माझ्याकडं.,Happiness
"अरे, मी कोणता रंग मागितला हे लक्षात नाही का तुझ्या? हा का आणलायस तू माझ्यासाठी?",Anger
अडचणीत असलेल्या प्रकल्पात मदत करण्यासाठी सी.ई.ओ. येतोय हे तुला माहीत नव्हतं का?,Surprise
तुमचा अभिप्राय आमच्यासाठी मोलाचा आहे आणि आमचे कर्मचारी नेहमीच विनम्र आणि व्यावसायिक सेवा पुरवतील याची खात्री देण्यासाठी आम्ही काम करू.,Happiness
मी तर अगदी थक्क झालो की हबल दुर्बिण इतक्या दूरच्या आकाशगंगांची छायाचित्रे घेऊ शकते की आपण तिथे पोहोचण्याचं स्वप्नही पाहू शकत नाही!,Surprise
"उद्योगातील नफ्यासाठी पर्यावरणीय नियमांकडे ते ज्या प्रकारे दुर्लक्ष करत आहेत, ते मला सहनच होत नाही.",Anger
आजची परीक्षा द्यावीशीच वाटत नाहीये मला. मी नाही पास झालो तर?,Fear
तुमच्या कडून झालेल्या एखाद्या चुकीसाठी तुम्ही माझ्याकडून शुल्क आकाराल यावर विश्वासच बसत नाहीये माझा. अतिशय चुकीचं आहे हे.,Disgust
भेटायला आलेल्या त्या उद्धट डॉक्टरकडे मला जायचं नाहीये.,Anger
मी दर महिन्याला भाड्यात किती जास्त पैसे भरतो आहे हा विचार फारच क्लेशदायक आहे.,Sadness
एअरलाइनने कोणतेही स्पष्टीकरण न देता आमच्या विमानाची वेळ पुढे ढकलली.,Anger
मेहनतीला मान्यता न देण्याची ही प्रथा वरपासून येत असल्याचे दिसतेय आणि कंपनीतील बहुतेक प्रमुख असेच आहेत.,Disgust
त्यांची प्रगती आणि एकूणच सादरीकरण बघून एकदम खुश झालो मी.,Happiness
मी रेल्वे बुकिंग लिपिकाला बेंगळुरूला जाण्याच्या बस तिकिटांबद्दल विचारले तेव्हा त्याने मला शिवीगाळ केली आणि माझा चेहरा संतापाने लालेलाल झाला.,Anger
जे काही चाललंय ते खरंखरं आई बाबांना सांगितलं तर ते पचवू शकणार नाहीत अशी भीती वाटतेय मला.,Fear
रात्री वीज गेली तेव्हा शांतता आणि थंडगार वाऱ्यामुळं जग प्रसन्न वाटलं मला.,Happiness
गृहिणींना विचारात न घेताच तुम्ही धुण्याच्या साबणासाठी विक्रीचं नवीन धोरण ठेवल्यामुळं मला कापरं भरलंय.,Disgust
तो अभिनेता पुरस्कारांसाठी का नामांकित होत राहतो हे समजतच नाही मला. केवढा सर्वसामान्य आहे तो.,Disgust
कार्यक्रमादरम्यान इव्हेंट मॅनेजरच्या अकार्यक्षमतेमुळे माझा वेळ वाया गेला आणि त्यामुळे माझी चिडचीड झाली.,Anger
दिवसभरात माझ्या स्टॉकची किंमत वाढताना बघण्याइतकी जास्त चांगली भावनाच नाही.,Happiness
"जुन्या अंधाऱ्या घरातील हवा अचानक थंड झाली, त्यामुळे इथे आत्मा आहे या विचारानेच माझा भीतीने थरकाप उडाला.",Fear
तुम्ही छत्री आणायला का विसरलात? आता या तापलेल्या उन्हात कसं काय बसणार आपण?,Anger
चिन्यांच्या घुसखोरीचा प्रतिकार करण्यासाठी भारतीयांनी चिनी सैन्याचा डोळा चुकवून तलावाच्या वरच्या बाजूला रणगाडे नेले.,Surprise
नवीन ग्राहकासाठीच्या आगामी सादरीकरणाबद्दल मला थोडं अस्वस्थ वाटतंय.,Fear
संकेतशब्दाच्या व्यवस्थापकाने माझे सर्व संकेतशब्द सुरक्षित ठेवले आहेत हे माझ्या लक्षातच आलं नव्हतं. केवढा दिलासा आहे हा!,Surprise
"कार्यक्रम व्यवस्थापकाचा कार्यक्रमाच्या संकल्पनेकडे पाहण्याचा सर्जनशील दृष्टीकोन मला आवडला, ज्यामुळे कार्यक्रमस्थळाचं खरोखरच एका मंत्रमुग्ध करणाऱ्या जागेत रूपांतर झालं.",Happiness
मॅरेथॉनमुळे रस्ते बंद झाल्यामुळे मी वेळेवर विमानतळावर पोहोचू शकलो नाही तेव्हा मला पार वेड लागले.,Anger
"अरे देवा! त्या आजाराचा मला काही धोका आहे याची कल्पनाच नव्हती मला. बरं झालं ते माझ्या लक्षात आणून दिलंत, डॉक्टर.",Surprise
भारत सरकारने भारतीय फुटबॉल संघाला आशियाई क्रीडा स्पर्धेत खेळण्याची परवानगी दिली नाही तेव्हा मी उदास झालो.,Sadness
तू जर क्रेडिट कार्ड कधीच वापरत नसशील तर तुझ्याकडे ठेवले तरी कशाला आहेस ते?,Disgust
मला वाटतंय त्या माणसाला एवढ्या कठोरपणे जोखायला नको होतं मी.,Sadness
आमच्या शाखेत तुम्हाला आलेल्या वाईट अनुभवाबद्दल मी दिलगीर आहे. आम्ही तर उत्कृष्ट ग्राहक सेवा देऊ करण्याचा प्रयत्न करतो.,Surprise
माझ्याकडून एक दोन वेळा पैसे उधार घेऊन ते परत न केलेल्या त्या शिक्षकापासून लांबच राहिलो मी.,Disgust
फायनली आता घरी जाऊ शकेन मी. दिवाळीसाठी लागून सुट्ट्या आल्या आहेत.,Happiness
"हेच ते दुकान, ज्याबद्दल माझ्या मित्रानं सांगितलं होतं की ते वापरलेली पुस्तकं विकतील, पण ते तर सांगतायत की ते ती इथे विकतच नाहीत. हे ऐकून खूपच वाईट वाटलं.",Sadness
मी किरकोळ वस्तूंच्या गोदामात शिरलो आणि कुजलेल्या लाकडापासून निघणारा उग्र वास माझ्या नाकाला झोंबला.,Disgust
एकेकाळी आनंदी ठिकाण असलेल्या या जुन्या मोडकळीला आलेल्या वाड्याकडे बघताना मला माझ्या हृदयात एक जडपणा जाणवतोय.,Sadness
टायटन सबमर्सिबलमध्ये झालेल्या आपल्या मुलाच्या मृत्यूबद्दल कोट्याधीशाच्या पत्नीनं शोक केला.,Sadness
मला कोविडच्या लसीचा दुसरा डोस वेळेवर नाही मिळाला म्हणून व्हिसा रद्द झालाय माझा.,Sadness
तू बोलू देशील का मला?,Anger
आणखी तीन तास निघणार नाहीये विमान. इंजिनमध्ये गडबड झालीये काहीतरी.,Sadness
तुमच्या कारकिर्दीबद्दल आणि वैयक्तिक आयुष्याबद्दल मी काहीतरी वेडावाकडं बोलेन किंवा विचारेन ही धास्तीच वाटतेय मला.,Fear
डिझेलचे दर परत वाढले या आठवड्यात?,Surprise
अलीकडच्या अंतराळ संशोधनात झालेल्या सर्व तांत्रिक प्रगतीबद्दल समजल्यावर आश्चर्यच वाटलं मला.,Surprise
मी नवीन लॅपटॉप देण्याची विनंती केली पण सहाय्यक कर्मचाऱ्यांनी मला सांगितले की ते मला नवीन लॅपटॉप देऊ शकणार नाहीत.,Sadness
"मी एक जरी चुकीचे पाऊल टाकले, तर कदाचित मी या कड्यावरून खाली पडून मरून जाईन.",Fear
माझ्या पत्नीने आमच्या मुलाच्या हितासाठी त्याच्या बाजूने उभं राहण्याचा प्रयत्न केला तेव्हा मी तिच्याशी तारसप्तकात शाब्दिक लढाई केली.,Anger
"आता तर, माझे विद्यार्थी मला प्राचीन मानतील या विचाराने मी उदास आहे.",Disgust
"ऊन पडलेल्या सकाळी एखाद्या थंड झुळकेचा स्पर्श, मी जिवंत असल्याची जाणीव करून देतो मला.",Happiness
"संपूर्ण शहरातील छोट्या दुकानांच्या नवीन समूहामुळे मी खूप चिडलो आहे, कारण त्यांना आम्ही आमचे उत्तम कर्मचारी गमावण्याचा धोका आहे.",Fear
माझ्या अपॉइंटमेंटसाठी मला आणखी एक आठवडा वाट पाहायला लागेल यावर विश्वासच बसत नाहीये माझा. मान्यच नाही मुळी हे.,Anger
पाच वर्षांपूर्वीच्या कालावधीसाठी मला आणखी आयकर भरण्यास सांगणारे पत्र मिळाल्यावर मला धक्काच बसला.,Fear
"क्वचित प्रसंगी, काही कुरिअर बॉईज वस्तू पोहोचवण्याचा प्रयत्न न करताच ट्रॅकिंग सिस्टीम अपडेट करतात. तुमच्यापर्यंत वस्तू पोहोचवण्याचा प्रयत्न न करण्याच्या त्यांच्या या कृतीमुळे मला वीट आलाय, त्यामुळे प्लीज माझी माफी स्वीकारा, सर.",Disgust
कुरिअर कंपनीच्या पैसे भरण्याच्या प्रक्रियेबद्दल मी खरंच समाधानी आहे. ती प्रक्रिया सरळ आणि पूर्ण करायला सोपी होती.,Happiness
"स्वयंपाकघरातील सिंक तुंबलेले आणि गाळाने भरलेले आहे, ज्याची दुर्गंधी येत आहे.",Disgust
या वर्षी वेगवेगळ्या योजनांच्या मदतीने टॅक्सचे बरेच पैसे वाचवले मी.,Happiness
आर्थिक व्यवस्था आणि करभरणीच्या तयारीतल्या गुंतागुंतीतून जाताना काहीतरी मोठी गडबड होण्याची खूप दाट शक्यता आहे.,Fear
आपल्या दोघांचाही वाढदिवस एकाच दिवशी असतो हे माहित नव्हतं मला!,Surprise
आवडते शिक्षक निवृत्त झाल्यावर आमच्यापैकी बरेचजण रडले.,Sadness
इथल्या रस्त्यावरचे खाद्यपदार्थ म्हणजे मुंबईतलं खाण्याचं सुख आहे सुख.,Happiness
"तो स्टार्टअप किती लगेचच, अप्रसिद्धीकडून ते अब्जावधी डॉलर्सची कंपनी होण्यापर्यंत पोहोचला हे बघून मी चकित झाले.",Surprise
या मनोरंजन उद्यानात योग्य सुरक्षा उपायांचा अभाव म्हणजे धोक्याची घंटा आहे.,Disgust
स्थानिक कारागिरांची अचूकता आणि कौशल्य खरोखरच उल्लेखनीय आहे.,Surprise
मला स्पॅम कॉल्स तसूभरही आवडत नाहीत. बँकेला माझा वैयक्तिक नंबर मिळालाच कसा आणि मला फोन करण्याची परवानगी तुम्हाला दिली तरी कोणी? ग्राहक,Anger
कुठल्या दडलेल्या रत्नांमुळं तुमचं उत्पन्न एकाएकी वाढलंय?,Surprise
पायाभूत सुविधांमध्ये गुंतवणूक करण्यात सरकार अपयशी ठरल्याबद्दल मी प्रचंड वैतागलो आहे.,Anger
या दुकानातल्या भाज्या कायम टवटवीत असतात!,Happiness
यंदा माझ्या नेटफ्लिक्सच्या सबस्क्रिप्शनवर मोठीच सूट मिळालीये मला. आता कसलीही फिकीर न करता मला हवे तेवढे सिनेमे बघू शकतो मी.,Happiness
"जरी मी दहा वर्षांपासून प्यायलो नसलो, तरी माझ्या कमी पिण्याबद्दल माझ्या मनात शंकाकुशंका येतायत.",Fear
"मी भडकलोय, कारण दोन नेत्यांमधील धोकादायक स्पर्धेमुळे आमच्या प्रकल्पाचे वितरण जवळजवळ रुळावरून घसरले.",Anger
कार्ल लुईसच्या नेतृत्वाखालील त्यांच्या चार बाय शंभर चौकडीने ऑलिम्पिकमध्ये दणदणीत विजय मिळवल्याने अमेरिकन प्रेक्षकांचा आवाज स्टेडियममध्ये हळू हळू वाढत मोठ्याने दुमदुमला.,Happiness
चित्रपट चांगला असला तरी मला खूप वाईट वाटत आहे कारण शेवटी त्यांनी माझ्या आवडत्या पात्राला ठार मारले.,Sadness
आपलं उत्पन्न घटत चाललंय! या नुकसानातून वर येण्यासाठी उपाय शोधायला लागणार आहेत आपल्याला.,Sadness
यानंतर फलंदाजीला जायला भीती वाटतेय मला. मलिंगाने यॉर्कर टाकण्यास सुरुवात केलीये आणि त्याचा चेंडू कदाचित डोक्याला लागू शकतो माझ्या.,Fear
शताब्दी एक्स्प्रेसमध्ये दिल्या जाणार्या जेवणात केसाचा तुकडा दिसला तेव्हा ते मला किळसवाणे वाटले.,Disgust
यू.के.ला प्रवास करताना मला स्थानिक चलन रूपांतरण जमेल का याबाबत मला खात्री नाही.,Fear
मला वाटले की रॉजर बॅनिस्टर खचाखच भरलेल्या स्टेडियममध्ये जागतिक विक्रम करेल आणि पावसाळ्याच्या दिवशी त्याने एका छोट्या जमावासमोर असे केल्याचे ऐकून मी चकितच झालो.,Surprise
मायकेल फेल्प्स एक उत्तम जलतरणपटू आहे. इतकी पदके कशी जिंकली त्याने कुणास ठाऊक!,Surprise
"कंपनीच्या नेतृत्वासमोर सादरीकरणाच्या आदल्या दिवशी, त्याच्या टीमने एक निकृष्ट प्रकल्प अहवाल तयार केल्यामुळे व्यवस्थापक भडकला होता.",Anger
ब्लेड नका वापरू. माझी कातडी कापली जाईल कदाचित.,Fear
ग्राहकांचा घटता विश्वास मला चिंताग्रस्त करत आहे.,Fear
"माझ्या आपत्कालीन बचतीच्या कमतरतेबद्दल जेव्हा मी विचार करतो, तेव्हा मला हताशेची भावना जाणवते.",Sadness
स्विस ट्रेन्स त्यांच्या अचूक वेळापत्रकासाठी ओळखल्या जात असल्यामुळे ट्रेनला पाच मिनिटे उशीर झाला यावर माझा विश्वास बसत नव्हता.,Surprise
"एकदाची, मला हवं ते सगळं असणारी एक जागा सापडलीच मला, त्यामुळे खूपच खुश आहे मी.",Happiness
प्रत्येकवेळी जेव्हा विद्यार्थी त्यांना काय हवंय यावर बोलण्यासाठी तयार असतात तेव्हा चांगलं वाटतं मला. फिटनेस ट्रेनर,Happiness
"तुला एकटं राहायला आवडतं हे लक्षात घेतल्यामुळे, तुझ्यासाठी मानवी नाती महत्त्वाची आहेत हे माझ्या लक्षातच आलं नाही.",Surprise
हे ऐतिहासिक स्थळ चांगल्या प्रकारे जतन केले गेले नव्हते आणि त्याची पडझड झाली होती हे पाहून मला थोडे खचल्यासारखे वाटते आहे.,Sadness
पुढच्या काही दिवसांमध्ये वेदना वाढत गेली आणि नंतर पूर्णपणे गायब होण्यापूर्वी ती अचानक कमी झाली!,Surprise
"या दुकानात ज्या प्रकारे कायम तीच तीच गाणी पुन्हा पुन्हा लावतात, ते मला मुळीच आवडत नाही.",Disgust
"ती विनोद वगैरेही काही सांगत नव्हती, फक्त माझी खिल्ली उडवत होती ती.",Sadness
तू लिहिलेली उत्तरं वाचलीस तरी का तू? डोकं फिरवलंस तू माझं अक्षरशहा.,Anger
गेल्या दोन दशकांमध्ये माझ्या स्थावर मालमत्तेच्या किंमतीत लक्षणीय वाढ झालीये याचा मला अत्यानंद झालाय.,Happiness
या तिमाहीतल्या आपल्या विक्रीच्या आकडेवारीनी मी भारावून गेलोय आणि आपल्या उत्पादनासाठी अशा प्रतिसादाची अपेक्षाच नव्हती मला.,Surprise
"एक खूप काळापासूनचा ग्राहक म्हणून खास करून मी परत येत राहतो, कारण तुम्ही मला समजून घेता आणि मला जे हवे असते ते मिळवून देता.",Happiness
माझी बँक निगेटिव्ह बॅलन्स का दाखवतेय? पैसे चोरले की काय कोणी माझे?,Fear
कोणतीही कारवाई न करता किंवा कोणालाही न कळवता तुम्ही प्रकल्पाची ठरलेली अखेरची तारीख उलटून जाऊ दिली यावर माझा विश्वास बसत नाही.,Anger
तुम्ही या पुस्तकांसाठी इतके जास्त पैसे का घेताय? ते वापरलेलं आहे की छापखान्यातून आताच आलंय?,Anger
तुम्ही आमचं रेस्टॉरंट निवडलं याचा आनंद झाला आम्हाला. कसं वाटलं ते? रेस्टॉरंट व्यवस्थापक,Happiness
आधीच कुणाच्या तरी मालकीची असलेली पुस्तके विकण्याच्या स्थितीबद्दल दुकानदाराला विचारायला मला भीती वाटते.,Fear
उदयोन्मुख बाजारपेठांच्या स्थितीबद्दल मला भीती वाटू लागली आहे.,Fear
नोंदी घेतल्याशिवाय कठीण प्रश्न हाताळण्याची भारतीय परराष्ट्र मंत्र्यांची क्षमता पाहून मी थक्क झालो!,Surprise
माझ्या सुट्टीसाठी मला एका पर्यटक संचालकाकडून काही उत्कृष्ट दर मिळाले.,Happiness
गाडीची दुरुस्ती किती रास्त दरात उरकली यावर माझा विश्वास बसत नाही! बंपरचं झालेलं नुकसान लक्षात घेता मी बऱ्याच जास्त खर्चाच्या अंदाजासाठी स्वतःची तयारी ठेवली होती.,Surprise
यावेळी सहलीला नाही येऊ शकणार मी. मला रविवारपर्यंत एक असाईनमेंट सबमिट करायची आहे.,Sadness
छोट्याशा दुरुस्तीसाठी एवढे पैसे का घेताय तुम्ही?,Anger
फुटबॉल स्पर्धेत विरोधी संघासमोर तू आपल्या खेळाची रणनीती उघड करण्यासाठी इतकी खालची पातळी गाठशील यावर माझा विश्वासच बसत नाही.,Anger
"मला नाही वाटत की मी परत कधी इथे काही खाईन म्हणून, भातात झुरळ आहे माझ्या.",Disgust
सध्या लगेच तरी मी माझ्या भविष्यासाठी गुंतवणूक करू शकत नाहीये या वास्तवामुळं मला मनापासून वाईट वाटतंय.,Sadness
मी जेव्हा शासनातल्या भ्रष्टाचाराबद्दल वाचतो तेव्हा कुणाचा तरी खून करण्याची मनःस्थिती होते माझी.,Anger
"मला खूप वाईट वाटत आहे की आम्ही आमची कंपनी पुढील आठवड्यात बंद करणार आहोत, कारण आम्ही दिवाळखोरीत निघालो आहोत.",Sadness
"या केकमध्ये जर मी मागवलेल्या चॉकलेटचा नेमका स्वाद नसला, तर तुम्हाला पश्चाताप होईल त्याचा!",Anger
काहीही कारण नसताना कॉपीराइट स्ट्राइक मिळालाय माझ्या व्हिडिओला. तरी बरं की पूर्ण व्हिडिओ मी स्वतः रेकॉर्ड केलाय.,Anger
"प्रत्येकवेळी जेव्हा श्री. जयशंकर भारताच्या बाजूने उभे राहतात, तेव्हा चांगले वाटते.",Happiness
बऱ्याच काळानंतर ही पहिलीच वेळ आहे जेव्हा मी तुझ्याकडून माझ्याबद्दल काहीतरी चांगलं ऐकलंय.,Surprise
येथील सेवेच्या दर्जामुळे मी खरोखरच अस्वस्थ आहे. पॅकेज चुकीच्या पद्धतीने हाताळले गेले आणि तिथे योग्य ट्रॅकिंग अपडेट दिले नव्हते!,Anger
इतक्या लोकांना माझा व्हिडिओ आवडेल असं वाटलंच नव्हतं मला!,Surprise
"मी तीनदा रूम सर्व्हिससाठी फोन केला आहे, आणि कोणीही येण्याची फिकीर केली नाही! हॉटेलकडून मिळणारी अशी वागणूक चालणार नाही.",Anger
टूर कंपनीने त्यांच्या माहितीपत्रकात दिलेल्या हमीप्रमाणे आमच्या गटासाठी वाहतुकीची व्यवस्था केली नाही आणि त्यामुळे आम्हां सर्वांना भयंकर त्रास झाला.,Anger
त्याच्या लायक टीम मेंबरला त्याला बढती मिळवून देता आली नाही तेव्हा त्याला हतबल वाटलं.,Sadness
"प्लीज घाईगडबडीत पाऊल उचलून इंटरनेट सेवादार बदलू नका, कारण माझे कर्मचारी दहा मिनिटांत तुमच्या इंटरनेट समस्येचे निराकरण करण्यासाठी तेथे पोचतील.",Fear
आपलं जगणं सोपं आणि अधिक कार्यक्षम करण्यासाठी आर्टिफिशियल इंटेलिजन्स काय काय करु शकतं याबाबत फार उत्सुक आहे मी.,Happiness
नवीन ग्राहकासमोर द्यायच्या या सादरीकरणात दुरुस्ती करायच्या प्रयत्नात तू खूप वेळ थांबलास. तू दरवेळी असंच करतोस.,Disgust
माझ्या गुंतवणुकीच्या नुकसानामुळं मला खरोखरच खचून गेल्यासारखं वाटतंय.,Sadness
आर्थिक मुदत पाळण्यात वारंवार अपयश आल्यामुळं मला वेड लागायची पाळी आलीये आणि अखेर आम्हाला दंडच भरावा लागेल.,Anger
संस्थेने मला आपला नवीन सी.एम.ओ. म्हणून घोषित केल्यानंतर मला आकाश ठेंगणे झाले.,Happiness
दर महिन्याला माझ्या उत्पन्नातल्या दहा टक्के भागाची बचत करणे जमवलेय मी आणि आता माझ्या खात्यात चांगली रक्कम आहे.,Happiness
बसने घरी जायला आवडते मला. ते स्वस्त आहे आणि आरामदायक पण आणि नवीन लोकांना भेटण्याची संधीही मिळते मला.,Happiness
लोक रस्त्याच्या चुकीच्या बाजूने वाहन चालवतात आणि नंतर त्यांच्या कृतीचं समर्थन करतात ही लाजिरवाणी बाब आहे.,Disgust
"माझ्या मुलाने जर विद्यापीठात संशोधनाचा विषय शोधला नाही, तर त्याचे प्राध्यापक त्याला रेफरन्स देऊ शकणार नाहीत अशी मला भीती वाटते.",Fear
आर्थिक मंदीला तोंड देण्याच्या दृष्टीने माझ्या कंपनीचं आर्थिक आरोग्य योग्य प्रकारे राखण्यासाठी तयारीची गरज मला रात्री जागं ठेवते.,Fear
बँक लुटली जात असताना जमिनीवर पडून राहिल्याने ग्राहक घाबरले होते.,Fear
"जेव्हा मला कुरिअरकडून पॅकेज मिळालं आणि माझ्या लक्षात आलं की ते माझ्यापर्यंत पोहोचण्यापूर्वीच उघडलं गेलं होतं, तेव्हा मला निराश वाटण्याशिवाय गत्यंतर नव्हतं.",Sadness
आम्हाला मिळालेले भरघोस पीक हा आमच्या शेतमजूर टीमच्या समर्पणाचा आणि सांघिक कार्याचा पुरावा आहे. जेव्हा मी याबद्दल विचार करतो तेव्हा मला एक परीपुर्तीची भावना होते.,Happiness
चक्रवाढ व्याजाची मूलभूतही समज नसलेल्या लोकांची आकडेवारी बघून मी सर्दच झालोय.,Surprise
तो भारतीय क्रिकेटचा तरुण चाहता एम.एस.धोनीला भेटल्यावर आनंदाने जवळजवळ बेशुद्धच पडला.,Happiness
तुम्ही जर त्याबाबत काही करणारच नव्हता तर माझ्याकडे अभिप्राय मागितला तरी का?,Disgust
मला काळजी वाटते की जर माझ्या टीममधल्या सदस्यांच्या मेहनतीची कदर झाली नाही तर ते निघून जातील.,Fear
"इस्रोच्या सर्व महिला असलेल्या टीमने, मंगळावर यशस्वीपणे पोहोचून जगाला थक्क करून सोडले.",Surprise
पिढ्यानपिढ्या पुढे चालत आलेली अशी कुटुंबाची एखादी वंशपरंपरागत वस्तू मिळण्याची मी आशा करत होतो. प्रतिकृतीमध्ये ती भावना जाणवत नाही.,Sadness
तुमच्या दागिन्यांच्या डिझायनरनी या अंगठीच्या डिझाइनमध्ये ज्या प्रकारे अस्सलपणा आणि अभिजातता हे एकत्र साधलंय ते पाहून मी खरोखरच थक्क झालोय.,Surprise
त्या नेत्याने दुर्गंधी येणाऱ्या त्याच्या परीसराकडे बघून तिरस्काराने नाक मुरडले.,Disgust
"आज जर मी काहीही व्यवसाय केला नाही आणि पैसे कमावले नाहीत, तर माझे कुटुंब उपाशी मरेल.",Fear
आयरिश नृत्याच्या सादरीकरणानं माझा दिवस सुखाचा केला.,Happiness
गार वाऱ्याची झुळूक आणि पाठीवरच्या उबदार सूर्यप्रकाशात मी जेव्हा ओढ्याच्या काठावर बसतो तेव्हा मी अतिशय आनंदी होतो.,Happiness
"या ऑनलाइन हॅकर्समुळे पैसे गमावून बसलेल्या सगळ्याच लोकांसाठी, विशेषतहा आपल्या मुलीच्या लग्नासाठी पैसे वाचवून ठेवलेल्या त्या व्यक्तीसाठी माझं मन हळहळतंय. मित्र एक",Sadness
मैदानावरच्या काही खेळाडूंच्या अखिलाडूवृत्तीची कीव वाटतेय मला.,Disgust
मी शोधत असलेल्या तारखांसाठी मला तिकिटं मिळाली नाहीत.,Sadness
माझ्या मित्राचं ऐकून मी शेजारच्या हॉटेलमध्येच जायला हवं होतं.,Disgust
सरकारी कार्यालयांकडून दिल्या जाणाऱ्या जीवनावश्यक सेवांचा दर्जा दिवसेंदिवस कमी होत चालल्यामुळे मी खरोखरच कंटाळून गेलो आहे.,Anger
लोकप्रिय होऊ शकणाऱ्या कोणत्याही कलाकाराशी आपले नाव जोडण्याचा एक उतावळा प्रयत्न फक्त दिसतोय मला.,Anger
कुत्र्याच्या पिल्लांचे ते लोभस चाळे बघून माझ्या चेहऱ्यावर हसू फुलतं.,Happiness
"या सॉफ्टवेअरच्या दर्जानं वीट आलाय मला, कारण मी ते चालवतो तेव्हा प्रत्येक वेळी ते क्रॅश होत राहते.",Disgust
या मेडिकल फॅसिलिटीने माझे प्रकरण ज्या प्रकारे हाताळलेय ते बघून मुलुखाचा निराश झालोय मी. संवादाचा अभाव आणि माझ्या तब्येतीच्या समस्यांकडे दुर्लक्ष हे मुळात मान्यच नाही मला.,Disgust
माझ्या ए.सी.टी. कनेक्शनमध्ये मला किती समस्या आल्या होत्या हे तुला माहीत असतानाही तू ए.सी.टी. ब्रॉडबँड वापरण्याचे कारण मला समजतच नाही.,Surprise
ग्राहकांना उशीरा वितरण झाल्याबद्दल एका ग्राहकाने केलेल्या तक्रारीचं निराकरण करण्याबाबत मला चिंता आहे.,Fear
व्वा! तुमच्या मुलाचे लग्न ठरले आहे हे माहीत नव्हते मला!,Surprise
"तुम्हाला या विषयाबद्दल काहीच माहित नाही, पॅनलच्या चर्चेत एक पॅनलिस्ट दुसऱ्या पॅनलिस्टवर गरजला. ""तुमच्या बोलण्याला काही अर्थच नाहीये!""",Anger
"व्वा, माझ्या स्टॉक्सच्या किंमती जोरात वाढताहेत! माझ्या पोर्टफोलिओसाठी चांगली गोष्ट आहे ही.",Happiness
पुढच्या सत्रात माझा नवीन वर्ग सुरू करण्यासाठी मला राहावतच नाहीये!,Happiness
चालकाचा परवाना मिळवणं हे आरटीओ कार्यालयात प्रत्येक टप्प्यावर लोकांना लाच देण्याइतकंच अप्रिय असू शकतं हे स्वीकारणं कठीण आहे.,Disgust
माझ्या गाडीतले झिजलेले सुटे भाग बदलून न टाकता त्यांची दुरुस्ती करून पैसे वाचवण्याची कल्पना मला आवडत नाही.,Disgust
माझ्याकडे पुढच्या महिन्यात पाहुणे येणार आहेत आणि अतिरिक्त गॅसचा खर्च कदाचित माझ्या बजेटमध्ये  बसणार नाही. रोज रात्री मला ही काळजी लागून राहते.,Fear
पुढील तीन दिवस चेन्नई ते दिल्ली थेट गाड्या उपलब्ध नाहीत हे आरक्षण लिपिकाकडून ऐकून मला धक्काच बसला.,Surprise
उगीचच विनाकारण मला कामावरून काढण्याचा प्रयत्न केला तर व्यवस्थापनाला हातघाईच्या संघर्षाला तोंड द्यावं लागणार आहे.,Anger
हे उपकरण इंटरनेटशी कुठल्याही ठिकाणी जोडलं जाऊ शकतं याची मी कल्पनाही केली नव्हती.,Surprise
हे निव्वळ आश्चर्यकारक आहे!,Surprise
हे विचित्र आहे की तज्ज्ञ डॉक्टर हे प्रीमियर हॉस्पिटलमधले असूनही माझ्या डोकेदुखीच्या समस्येचे उत्तर शोधू शकत नाहीयेत.,Surprise
"हो मित्रा, मला पण चालतील हातमोजे. फुकट आहेत का ते खरंच? धन्यवाद!",Happiness
विमानामध्ये माझ्या पाठीमागील प्रवाशाला माझ्या सीटला पाय न मारण्याची विनंती करूनही तो तसाच करत राहिल्याने मी खिन्न मनाने माझे जाणे रद्द केले.,Sadness
उद्या सकाळी सगळ्यात आधी आम्ही तिथे पोहोचू आणि तक्रार करायला तुमच्याकडे काही कारणच राहणार नाही.,Fear
व्यावसायिक उपकरणांच कर्ज यशस्वीरित्या फेडल्यावर आणि कार्यालयाची आणखी एक शाखा उघडल्यावर ती उद्योजिका उत्साहानं सळसळत होती.,Happiness
वेळेवर डिलिव्हरी देण्यासाठी आम्हाला आमच्या उत्पादनासाठी लागणारा कच्चा माल वेळेवर मिळेल की नाही याची मला खात्री नाही.,Fear
तुमचं गेल्या दोन महिन्यांचं भाडं का नाही भरलेलं तुम्ही? कारण सांगा मला.,Anger
या उन्हाळ्यात हिमालयातल्या थंड हवेच्या ठिकाणांवरच्या वाहतूक कोंडीनं मी पार भेलकांडून गेलोय!,Surprise
स्वतहाची नखं खाणाऱ्या लोकांच्या बोटांबद्दल मला तिरस्कार वाटतो.,Disgust
"या दागिन्यांच्या कारागिरीचं कौशल्य हे सोन्याच्या शुद्धतेबरोबरच, तुमच्या मुलीच्या पदवीदानानिमित्य देण्याच्या भेटवस्तूसाठी अभिजातता आणि अस्सलपणा दोन्हीची खात्री देतं.",Happiness
केवढा तरी हिंसाचार आहे ह्या गेममध्ये. कुणीही का खेळेल तो?,Disgust
आज बऱ्याच ठिकाणी माझे क्रेडीट डिक्लाइन होतेय. माझ्या बँक खात्यात पुरेसे पैसे आहेत की नाहीत कोण जाणे.,Sadness
"एकेकाळी एखादे नवीन उत्पादन लाँच होताना जिथे मी हजारो लोकांना पाहिले होते, त्या ॲपल स्टोरच्या बाहेर नवीन उत्पादनाच्या लाँचला फक्त मोजकेच लोक होते!",Surprise
माझं मासिक बिल वाढत चाललेलं आहे आणि मला मिळायला हवी तशी सेवादेखील मिळत नाही हे निराशाजनक आहे. मी तुमच्या पर्यवेक्षकांकडे तक्रार करतो आहे.,Anger
"मी ग्राहकांना जाण्यापासून रोखण्याचा प्रयत्न केला, पण त्यांनी माझं ऐकलं नाही तेव्हा मी हताश झालो.",Sadness
माझ्या नवीन डाएटमुळे गेल्या पाच महिन्यांत दहा किलो वजन कमी करायला मदत झाली मला.,Happiness
"तुम्ही बिझनेस क्लासने प्रवास करणार आहात आणि ज्या विमानासाठी तुम्ही तुमचं पूर्वीचं आरक्षण केलं होतं त्या ओव्हरबुक झालेल्या विमानानंतर केवळ पंधरा मिनिटांतच हे विमान पोहोचेल, हे तुम्हाला सांगताना मला आनंद होतोय. विमानसेवा कर्मचारी",Happiness
असेही भारतीय आहेत जे आपल्या सैन्यावर टीका करतात याची चीड येते मला.,Anger
शी! चित्रपटातील दृश्ये मला खूप अस्वस्थ करतात.,Disgust
"उपचारानंतर एकवीस दिवसांऐवजी पंचेचाळीस दिवस विश्रांती घ्यायला सांगितल्याबद्दल तुम्हाला वाईट वाटतंय याबद्दल मी दिलगीर आहे, पण मी तुमच्यासाठी बाकी काहीच करू शकत नाही. डॉक्टर",Sadness
रात्रभर क्लबमध्ये मोठ्याने गाणी ऐकत नाचलोय मी. कमाल अनुभव होता तो.,Happiness
कपडे धुण्यासाठीच्या साबणचुऱ्यामुळे कपडे चमकदारपणे पांढरे करण्याच्या तुमच्या जाहिरातींच्या खोट्या दाव्यांमुळे मी संतापलोय.,Anger
मी एमआरटीएस स्टेशनच्या बाहेर पडलो आणि माझ्यासमोरचा कचऱ्याने वाहणारा रस्ता बघून थबकलोच.,Disgust
आतापर्यंत सर्वांनी मला चांगला प्रतिसादच दिला आहे आणि मला तुमच्याकडूनही अशीच अपेक्षा होती.,Surprise
या आठवड्याच्या शेवटी रविशंकर चेन्नईत कार्यक्रम करणार आहेत आणि मला पहिल्या रांगेतल्या जागा मिळाल्यात!,Happiness
"अरे अरे! ""आदिपुरुष"" बघायला माझ्या कुटुंबासाठी तिकिटं काढण्याआधी मी तुला विचारायला हवं होतं. माझ्या घरचे लोक कदाचित मला सोडूनच देतील, खास करून माझी बायको.",Fear
मी वाहन नोंदणीसाठी अर्ज केला तेव्हा आर.टी.ओ. कार्यालयाच्या बदलत्या नियमांमुळे मला असह्य विफलता आली.,Anger
"ग्राहकांच्या सुरक्षिततेपेक्षा नफ्याला प्राधान्य देणाऱ्या व्यवसायांबद्दल मला तीव्र नापसंती आहे, विशेषतः जेव्हा ते कमी दर्जाच्या तारांना उच्च दर्जाच्या म्हणून विकतात.",Disgust
जेव्हा अमेरिकी सरकारने विद्यार्थ्यांवरील शैक्षणिक कर्जाचा भार कमी करण्यासाठी पावलं उचलली तेव्हा मला फार आनंद झाला.,Happiness
मॅरेथॉन स्पर्धेनंतरची स्टेडियमची भीषण अवस्था बघून गांगरूनच गेलो मी.,Disgust
दरवेळी मी काय करावं हे तू मला सांगितलेलं नकोय. चिडचिड होते माझी.,Anger
प्रकल्प पूर्ततेबाबतच्या तुझ्या चिंतेमुळं प्रकल्पाच्या गटासाठी वातावरण एकदम निरुत्साही झालंय.,Sadness
दुकानाच्या भिंतींवर भित्तिचित्रे काढणाऱ्या शेजारच्या काही लोकांमुळे मी नाराज आहे.,Anger
तुमचं उत्पादनांचं ऑनलाइन वर्णन दिशाभूल करणारं आणि चुकीचं असल्यामुळे मी संतापाने वेडा झालो आहे.,Anger
आज सोबतीनं सिनेमा बघण्यासाठी उत्सुक आहे मी.,Happiness
रस्त्याच्या कडेच्या जमावाने मुंबई मॅरेथॉनमधील धावपटूंना अंतिम रेषेपर्यंत प्रोत्साहन दिले.,Happiness
शेजारच्या मिठाईच्या दुकानातला समोशाचा सुगंध स्वर्गीय असतो.,Happiness
"वाईटरीत्या आयोजलेल्या कार्यक्रमाचा अनुभव घेतल्यावर माझं तोंडच कडू झालं, त्यामुळे कार्यक्रमाच्या व्यवस्थापकाकडे मी माझी नाराजी व्यक्त केली.",Disgust
चित्तवेधक पद्धतीने तयार केलेल्या आमच्या खास केकसह चव अनुभवा भीतीची!,Fear
चोर इतके धाडसी होत आहेत की आज सकाळी मी दुसऱ्या बेडरूममध्ये असताना त्यांनी एका बेडरूममधून सामान चोरले.,Disgust
काश्मीरच्या ग्रामीण भागातली शांतता केवढी ताजंतवानं करणारी आहे.,Happiness
"त्यांच्या कायदेशीर प्रकरणात मार्गदर्शन आणि पाठबळ मागण्यासाठी मी वकिलाला भेटलो, पण काहीच उपयोग झाला नाही त्याचा!",Sadness
वर्तमानपत्र पोहोचवण्याचं मासिक बिलिंग इतकं नीट असल्याबद्दल मला कौतुक वाटतं. यामुळे माझ्या खर्चाची व्यवस्था कोणत्याही त्रासाशिवाय लागते आणि मला कसल्याही चिंतेविना वर्तमानपत्र वाचण्याचा आनंद घेता येतो.,Happiness
नशिबानं आज 'आदिपुरुष'ची मॅटिनीची तिकिटं मिळालीत मला. तू बघितलास का?,Happiness
युक्रेननंतर रशिया पुढे पोलंडवर हल्ला करू शकतो हे वाचून मला धक्काच बसला.,Surprise
पुढच्या रविवारी चेन्नईत होणाऱ्या चॅम्पियन्स हॉकीचे सामने पाहण्यासाठी उत्सुक आहे मी.,Happiness
"आमच्या मेहनती स्वच्छता पर्यवेक्षकाला बजेटच्या मर्यादांमुळे कदाचित पगारवाढ मिळणार नाही, त्यामुळे मी निराश होतो.",Sadness
माझ्या व्यायामानंतर मला दिवसभर उत्साही आणि सकारात्मक वाटते.,Happiness
किती आनंददायी कल्पना आहे! आम्ही तुमच्या सरप्राईजच्या मागणीची सोय नक्कीच करू शकतो.,Surprise
साठ्यामधली विसंगती यशस्वीरित्या शोधल्यावर साठ्याची अचूक पातळी निश्चित केल्यानंतर मी सुटकेचा निश्वास सोडला.,Happiness
अर्थ विभाग सुस्तावलेला दिसतोय. मी त्यांना तीन वेळा सांगितलं की तुम्हाला प्रवेश द्या आणि त्यांनी आतापर्यंत तरी तसं केलेलं नाहीये.,Disgust
कित्येक दिवसांनंतर सगळेजण संघटनेच्या बैठकीला आलेयत हे आवडलंय मला.,Happiness
ते खांब बघ. शेवाळं माजलंय त्यावर.,Disgust
एकीकडे अनाथाश्रमांत मुले उपाशी असताना त्याच वेळी भव्य समारंभांमध्ये केवढे अन्न वाया जाते हे बघणे निराशाजनक आहे.,Sadness
माझ्या दीर्घकालीन सहकाऱ्याने संघटना सोडण्याचा निर्णय घेतला तेव्हा आम्ही सोबत घालवलेल्या मागील वर्षांच्या आठवणींमुळे मला फार भरुन आले.,Sadness
मी गेल्या आठवड्यापासून हे पुस्तक शोधतोय पण तरीही मला ते सापडलं नाही. मला पुस्तक सापडणार नाही या भीतीने माझं मन अस्वस्थ होतंय.,Fear
"विमा पत्र उघडल्यावर मी बराच वेळ अविश्वासाने त्याकडे बघत राहिलो, कारण मला दावा केलेल्या रकमेपेक्षा जास्त पैसे मिळाले होते.",Surprise
तुम्ही आपल्या कुटुंबाचे फोटो गमावणे हसण्यावारी नेले हे पाहून खूप चांगले वाटले.,Happiness
या कलाकृती आपल्या भूतकाळाचे अद्वितीय दुवे आहेत आणि एकदा त्या गेल्या की आपण आपल्या सामायिक इतिहासाचा एक भाग गमावून बसू.,Fear
कोणी ओट्स आणि दही का मिसळेल? किती विचित्र लागतं ते.,Disgust
"प्रिय प्रवासी, तुमचे ट्रेनचे तिकीट उद्यासाठी यशस्वीरित्या पुढे ढकलण्यात आले आहे. पुढचा प्रवास उत्तम होवो!",Happiness
घरी सी.सी.टी.व्ही. कॅमेरा न बसवून मी चूक केली हे मी मान्य करतो आणि आता त्याचीच  किंमत मोजतोय. नागरिक,Sadness
सूचनांचे पालन करणे इतके कठीण का जाते हेच कळत नाही मला. ट्रेकिंगचे बूट घालून या असे आधीच सांगितले होते नं मी तुम्हां सर्वांना.,Anger
कास्टिंग दिग्दर्शकाने मला ऑडिशनही देऊ दिली नाही आणि तरीही मला चित्रपटात महत्त्वाची भूमिका दिली तेव्हा मी अवाकच झालो.,Surprise
मी चेन्नईहून बेंगळुरूला गाडी चालवत जात असताना वेल्लोरपर्यंत मोठमोठ्या ट्रकने मला चारीबाजूने घेरल्यामुळे महामार्ग सुरक्षित वाटला नाही.,Fear
चित्रपट पाहिल्यानंतर रात्री झोपताना मला भीती आणि बेचैन वाटत आहे.,Fear
पुस्तके कपाटात ठेवली तर त्याला वाळवी लागेल अशी मला भीती आहे.,Fear
"त्या रस्त्यावर झालेल्या नवीन क्लबमध्ये मित्र बनवण्याचा प्रयत्न केला मी, पण कोणालाच रस नव्हता माझ्याबरोबर बोलण्यात.",Sadness
आज एका तरुण मुलाने मला ए.टी.एम.मधून पैसे काढायला मदत केली आणि मला त्याच्यासाठी चॉकलेटही विकत घेऊ दिले नाही. केवढा गोड मुलगा आहे तो.,Happiness
धडपडणाऱ्या कर्जदारांसाठी  राष्ट्रीयीकृत बँकेच्या करुणेच्या अभावामुळे मी भयचकित आहे.,Disgust
"जी वस्तूंच्या किंमतींवर इतक्या बारकाईने लक्ष ठेवते ती व्यक्ती असून, या महिन्याच्या सुरुवातीला तुम्हाला पाठवलेल्या वस्तूंच्या बदललेल्या किंमती तुम्ही वाचल्या नाहीत याचे मला नवलच वाटतेय.",Surprise
जेव्हा मी स्मशानभूमीतून थरकाप उडवणाऱ्या ओरडण्याचा आवाज ऐकला तेव्हा माझे रक्त गोठले.,Fear
चौथ्या टप्प्यातल्या कर्करोगातून अनिता मूरजानीच्या विलक्षणरीत्या बरं होण्याबद्दल वाचून मला सुखद धक्का बसला.,Surprise
"मला वाटलं की अशा प्रकारे टॅक्स वाचवू शकेन मी, पण आता त्याला काही अर्थ नाही.",Sadness
हे शूज मी गेल्या आठवड्यात विकत घेतले होते आणि हे आताच तुटायला लागलेत. ग्राहक,Sadness
"मी अशा काळी मोठा झालो, जेव्हा लोक प्रत्यक्ष समोरासमोर भेटायचे आणि आवडीने बोलायचे.",Happiness
"ड्रायव्हिंग स्कूलकडून महिला ड्रायव्हिंग इन्स्ट्रक्टरसाठी माझे प्राधान्य गांभीर्याने घेतले जात नाही आणि पुरुष प्रशिक्षकांना नेमले जात आहे, हे निराशाजनक आहे.",Anger
"भरती करताना यातल्या बर्याच कंपन्या वयाचा विचार न करण्याबद्दल मोठमोठे दावे करतात आणि तरीही प्रत्यक्षात, ते पंचेचाळीस वर्षांपेक्षा जास्त वयाच्या कोणत्याही व्यक्तीला नाकारण्यासाठी आपल्या स्वतहाच्या संदेशाच्या विरोधात जातात.",Disgust
"मी तुम्हाला बळजबरी करू शकत नसलो तरी, व्यवसाय करायला तुमचा नकार आणि त्यानंतर जास्त भाड्याची मागणी यामुळे मी उद्विग्न झालोय.",Surprise
काल मी दुकानातून भाजी विकत घेतली तेव्हा त्यांच्या दर्जाबद्दल मी समाधानी होतो.,Happiness
"आपल्या उत्पन्नाचे विविध स्त्रोत कोणते आहेत, ज्यांनी तुमच्या आर्थिक परिस्थितीला आकार दिला आहे?",Sadness
फळ विक्रेत्यानं आंबा कापला आणि त्यातनं भुंगा बाहेर येताना बघून हबकलेच मी.,Disgust
तुमची तब्येत ठीक दिसत नाहीये आणि आमच्या दुकानातील ग्राहकांना काहीही झालेलं आम्हाला नकोय. मी डॉक्टरांना बोलावू का?,Fear
बंगळुरमध्ये गर्दीच्या वेळी रहदारीची परिस्थिती अगदीच विदारक असते. त्या गर्दीच्या रस्त्यांवर तासन् तास अडकून पडणं मला मुळीच आवडत नाही.,Disgust
"मी माझी गाडी दुरुस्तीच्या आशेने मिस्त्रीकडे नेली, बदलीचा पर्याय माझ्या गळी उतरवावा म्हणून नाही! हे खरेच वेड लागण्यासारखे आहे.",Anger
मस्त! चित्रपटाचा शेवट असा होईल अशी मला अजिबातच अपेक्षा नव्हती. मी पुढच्या भागाची आतुरतेने वाट पाहत आहे.,Surprise
दीर्घ मुदतीसाठी पैसे देण्याआधी तुला ए. सी. टी. इंटरनेट कनेक्शन एकदा वापरून पहावे असे क्षणभरही वाटले नाही का?,Disgust
"तमिळ ही जगातील सर्वात जुनी भाषा आहे असे जेव्हा मला सांगितले जाते, तेव्हा मी खुलतो.",Happiness
सॉफ्टवेअर बसवण्यात आलं होतं पण मी एका दिवसातंच ते वापरण्याचा प्रयत्न सोडून दिला कारण इंटरफेस एकदम गोंधळात टाकणारा होता.,Disgust
मला ते समजतंय आणि आमच्या बाजूनं तुम्हाला मदत करण्यासाठी आम्ही अख्खी रात्र जागत बसलोय.,Sadness
"व्वा! रद्द केल्यास सगळे पैसे परत मिळतायत? मला वाटलं की मूळ किंमतीच्या निम्मेच पैसे मिळतील. तुम्हाला धन्यवाद, सर.",Surprise
"जे काही मला दिसतंय त्यानुसार, अपेक्षित परिणाम देण्यात अयशस्वी ठरणारी ती केवळ एक जास्त किंमतीची सेवा आहे!",Anger
तुम्ही सगळे मोठे झाले आहात! जरा मोठे असल्यासारखे वागा आणि तुमचे काम अधिक गांभीर्याने घ्या.,Anger
"तुमच्या गाडीवरचा ओरखडा पाहून मला वाईट वाटले, याची दुरुस्ती वेगळ्या पद्धतीने करण्याचा मी माझ्या बाजूने सर्वोत्तम प्रयत्न करेन.",Sadness
मी नुकतेच खाते तपासले माझे आणि माझ्या नकळत बरेच पैसे काढले गेलेत त्यातून. काय चाललंय तरी काय? पैसे सुरक्षित तर आहेत ना माझे?,Fear
"हे वैताग आणणारं आहे, कारण आज मला ते साफ करून मिळण्याची आशा होती..",Sadness
"मी अळ्या बघू शकत नाही, त्यांच्यामुळे मला भडभडून येते.",Disgust
"आई, माझ्या शिक्षिका म्हणाल्या की मी यंदा नाटकात राजा महाबलीची भूमिका साकारू शकेन.",Happiness
आता बऱ्यापैकी जाणता झालाय तो आणि तरीही साधं मोठ्यांशी कसं वागावं हेही कळत नाही त्याला.,Disgust
प्रिय ग्राहक! तुम्ही पुस्तकाची पूर्व मागणी यशस्वीरित्या पूर्ण केली आहे आणि तुम्हाला सात दिवसांत पुस्तक घरपोच मिळेल.,Happiness
"अरे राहुल, तू असशील आता ज्येष्ठ नागरिक वगैरे, पण अजूनही छान दिसतोस तू.",Happiness
ही केस हरलो तर उध्वस्त होईन मी.,Fear
ह्या मिक्सरची वॉरंटी संपलीये म्हणजे काय म्हणायचंय तुम्हाला? एका आठवड्यापूर्वीच तर विकत घेतलाय मी हा!,Anger
भाड्याच्या घरातल्या मोठ्या अभ्यास खोलीचे एका चैतन्यदायी कला स्टुडिओत रूपांतर करण्यासाठी मी आणखी वाट पाहू शकत नाही. एकदाची माझ्या सर्जनशील उपक्रमांना आधार देणारी जागा मिळणं हे विलक्षण आहे.,Happiness
"काय हे, माझा विश्वासच बसत नाहीये की कॅफेटेरियात पुन्हा ते बेचव सूप वाढतायत. गेल्या आठवडाभरात हे वाढण्याची त्यांची चौथी वेळ आहे.",Disgust
एका ग्राहकाने सांगितले की त्यांच्या इयरफोनला आग लागली. यासाठी आपल्यावर न्यायालयात खटला भरला जाऊ शकतो.,Fear
दर वेळी जेव्हा जेव्हा मी भांगडा नाच होताना बघते तेव्हा तेव्हा मला उठून नाचावेसे वाटते!,Happiness
मी नेहमीच तुम्हाला एक सावध गुंतवणूकदार म्हणून बघितले होते आणि तुम्ही तुमचे पैसे म्युच्युअल फंडांऐवजी शेअर बाजाराच्या धोक्यात घालाल ही कल्पनाही केली नव्हती.,Surprise
मी बोलताना मधे बोलण्याचा परिणाम तुला जाणवला याचा मला खूपच आनंद झालाय आणि मी तुझी माफी स्वीकारतो.,Happiness
विम्बल्डन फायनलमध्ये त्याच्या विजयी फटक्याने उत्तेजित होऊन रॉजर फेडररने त्याच्या घरच्यांना मिठी मारण्यासाठी स्टँडवर उडी मारली.,Happiness
हे भाड्याचं घर शोधण्यासाठी दलाली शुल्क किती वाजवी असेल याचा मला अंदाज नव्हता!,Surprise
ग्राहक आमच्या कर्मचाऱ्यांच्या कौशल्याची कदर करत नाहीत आणि त्यांना अखंडपणे प्रश्न विचारत राहतात तेव्हा ते नाउमेद करणारं असतं.,Sadness
कर्मचाऱ्याच्या अपघाताच्या बातमीनं कार्यालयाच्या वातावरणात शुकशुकाट पसरलाय.,Sadness
माझे स्वतहाचेच पैसे परत मिळवण्यासाठी पंधरा महिने वाट बघायला लागतेय मला.,Sadness
हळू चला जरा. पुढे बरेच हत्ती रस्ता अडवून बसलेत.,Fear
मी तुमचे कर पुन्हा तपासून बघितले आणि कायद्यातल्या गेल्या वर्षीच्या बदलांनंतर एक मोठ्ठं कर क्रेडिट सापडलं मला!,Surprise
"मला वाटलं की तुझा माझ्यावर विश्वास नाहीये, पण आता तू कंपनीची आव्हाने मला विश्वासात घेऊन सांगितल्याने माझं मन शांत झालंय.",Happiness
मी पैसे भरलेलं आरक्षण शोधायचा हॉटेलच्या फ्रंट डेस्क कर्मचाऱ्यांनी कुठलाच प्रयत्न केला नाही तेव्हा मदत न करणाऱ्या त्या कर्मचाऱ्यांवर मी भयंकर उखडले.,Anger
अरे देवा! प्रेझेंटेशनची तयारी करायलाच विसरलो मी आज.,Fear
"फोन नको देऊ त्याला. त्याने माझा एखादा विनोदी व्हिडिओ रेकॉर्ड केला, तर माझे सगळे फॉलोअर्स जातील कदाचित.",Fear
रांगेत माझ्या मागे उभा असलेला माणूस भयंकर घामेजला होता आणि भयानक वास येत होता त्याचा.,Disgust
चालक म्हणतोय की ब्रेक लागत नाहीयेत म्हणून. आपला चक्काचूर होईल की काय असे वाटतेय मला.,Fear
पडण्याच्या शक्यतेमुळे मला उंच जागांची भीती वाटते.,Fear
"हॉटेलमधील आवाजाची पातळी असह्य आहे, त्याच्या भोवती बांधकाम जोरात सुरू आहे.",Anger
थ्री इडियट्स' चित्रपटात आपल्या शिक्षण व्यवस्थेबद्दल अनादर व्यक्त केल्यामुळे मला तो बघणं खूप आवडलं.,Happiness
दारूची व्यसनाधीन व्यक्ती त्याच्या व्यसनातून मुक्त झाल्यानंतरसुद्धा  आत्माहीन समाजाकडून कलंकित होताना पाहणं हे माझ्यासाठी धक्कादायक होतं.,Disgust
तू गच्चीवरच्या कुंड्यांमध्ये शंभर झाडं लावली होतीस हे तर आमच्या लक्षातच  आलं नाही.,Surprise
माझ्या आई वडिलांचं निधन झाल्यापासून मला खूप आठवण येते त्यांची. कोणालाही हवेसे वाटावेत असे ते सगळ्यात बेस्ट पालक होते.,Sadness
इमारत संघटनेच्या निधीच्या गैरव्यवस्थापनामुळे मी हताश झालो आहे.,Anger
नमस्कार! तुमचे वेळापत्रक इतके व्यग्र असतानाही तुम्ही बैठकीसाठी येऊ शकलात यावर विश्वासच बसत नाहीये माझा!,Surprise
"तुम्ही सहा वर्षांहून अधिक काळासाठी या पदावर आहात, त्यामुळे या वर्षी बढतीसाठी तुमचा विचार केला गेला नाही याने थक्क झालोय मी.",Surprise
जसेजसे शहरातले दंगलखोर जमावाचे आवाज जवळ यायला लागले तसे माझे हात थरथर कापायला लागले.,Fear
आज ड्रायव्हर खूप वेडीवाकडी चालवतोय गाडी. ही बस म्हणजे ॲम्ब्युलन्स आहे असे वाटतेय का काय त्याला?,Anger
खूप दारू प्यायल्यानंतर त्याला आणखी पेय नाकारलं गेलं तेव्हा तो तरुण नाईटक्लबमध्ये संतापानी भडकला.,Anger
आम्हाला इतकं काम करायला सांगितलं गेलंय की वीकेंडसकट रात्रंदिवस काम करतो आहोत आम्ही.,Sadness
दिल्लीतील विविध संग्रहालयं पाहून मी खरोखरच प्रभावित झालो आहे.,Surprise
म्हणायचं काय तुम्हाला? ती चालूच नाही शकणार का पुन्हा कधीच?,Fear
मला अजिबात नाही आवडत समुद्रकिनाऱ्यावर जायला. सर्व स्त्रिया आणि पुरुष अगदी तोकडे कपडे घालतात.,Disgust
अनेक विद्यार्थी फक्त घोकंपट्टी करून शिकतायत आणि मुद्द्यांना समजून न घेता उत्तरे बाहेर फेकतायत हे बघणे एकदम खेदाचे होते.,Sadness
जे.एन.यू.मधील राजकीय निदर्शनांमुळे अनेक प्रामाणिक विद्यार्थी त्यांचे शिक्षण ठप्प झाल्याने खिन्न झाले होते.,Sadness
"शेजारच्या बांधकामाच्या ठिकाणी लोकांच्या सोयीची काळजी कशी घेतली जात नाही आणि नेहमीच ज्या प्रकारे गोंगाट केला जातो, ते घृणास्पद आहे.",Disgust
"मला वाटलं की मी फ्री हँड व्यायाम एका मिनिटापर्यंत करू शकणार नाही, पण मी तर शेवटी जास्त वेळ व्यायाम केला.",Surprise
रिकामपणाची भावना जाणवतेय मला.,Sadness
"विजेच्या वस्तूंच्या दुकानातल्या परताव्याच्या उदार धोरणाने मला जिंकून घेतले, मला अदलाबदल करता येईल हे माहित असणे आश्वासक आहे.",Surprise
अपार्टमेंट कॉम्प्लेक्समधलं तीव्र वळण नेहमीच खूप अवघड असतं आणि जेव्हा मी गाडी चालवत आत शिरतो तेव्हा अंदाधुंदपणे धावणाऱ्या मुलांना धडक देण्याची मला भीती वाटते.,Fear
रस्त्याच्या चुकीच्या बाजूने वाहन चालवणाऱ्या सुशिक्षित लोकांचा मी तिरस्कार करतो.,Disgust
काल समुद्रावर गेलो आणि फुटबॉल खेळलो मस्त. खूप मजा आली.,Happiness
"मी बेंगळुरूसाठी बसने जाण्याचा विचार केला, त्याऐवजी मी तातडीचे तिकीट बुक करण्यासाठी रेल्वे स्थानकावर गेलो तेव्हा मी हादरलो.",Fear
काही खेळाडूंकडून सातत्याने दाखवला जाणारा उद्धटपणा आणि अहंकार तिरस्करणीय आहे.,Disgust
कॅनडातील जंगलांमधील वणव्यांपुढे लोकांना अगदी असहाय्य वाटतं.,Fear
पॅरिसमधील रेल्वे लिपिकाने जेव्हा माझ्याशी इंग्रजीत बोलायला नकार दिला तेव्हा मी त्याच्यावर चिडत होतो.,Anger
खर्चाचा ताळमेळ बसवण्यासाठी मला बोनस कमी करावा लागणार आहे.,Sadness
हे वाढीव रिअॅलिटी अॅप चित्तवेधक आहे. ते एका वेगळ्याच जगातलं वाटतं.,Surprise
हे स्पष्टच आहे की जल्लोष करण्यासाठी प्रेक्षकांना संकेत मिळताय आणि ते अतिशय कृत्रिम दिसतंय.,Disgust
"लाखो वापरकर्त्यांना प्रभावित करणार्या, मोबाईल फोनना लक्ष्य करणार्या नवीन सायबरसुरक्षा उल्लंघनाबद्दल मी चिंतेत आहे.",Fear
ऑफिस थ्री सिक्सटी फाईव्ह सॉफ्टवेअरमध्ये अनेक वेळा अनावश्यक एआय पॉपअप अनुभवल्यानंतर मी मायक्रोसॉफ्टवर खूप भडकलो.,Anger
भुताला तोंड द्यायच्या विचारानंही माझा थरकाप उडतो.,Fear
मला स्नॉर्केलिंगसाठीच्या माझ्या पोहण्याच्या कौशल्याबद्दल खात्री नाही.,Fear
मला चिंता वाटते की आमच्या प्रतिस्पर्ध्यांकडे उत्पादनाच्या पर्यायांची विस्तृत श्रेणी असू शकते.,Fear
"माझ्या पाहुण्यांसाठी या आठवड्याच्या अखेरीला थोडी जादाची वर्तमानपत्रं मिळतील अशी आशा होती मला, पण तुम्ही बाहेर गेलायत तर आता अशक्यच वाटतंय ते.",Sadness
"माझ्या गाडीला जो वॉश मिळालाय, त्यानं मी खूप निराश आहे.",Sadness
मॉड्युलर किचनची माझी ऑर्डर तयार होण्यामधील विलंबामुळे मी खुप रागावलो आहे. वचन दिलेली डिलिव्हरीची तारीख होऊन आठवडे झाले आहेत आणि तरीही ती कधी तयार होईल याची मला अद्याप कल्पना नाही.,Anger
परदेशात पाठवायच्या रकमेवरच्या अति टी.सी.एस.मुळं मी भडकलोय.,Anger
पैसे भरण्यासाठी व्यवसायाद्वारे ऑनलाइन देऊ केल्या जाणाऱ्या विविध पर्यायांमुळे मी चकित होऊन स्तब्धच झालो.,Surprise
"मी पहाटेच समुद्रकिनाऱ्यावर गेलो होतो, पण ढग दाटून आले होते त्यामुळे सूर्योदय नाही पाहता आला मला.",Sadness
"जेव्हा मी काही देशांतील उपाहारगृहांच्या मेनूवर कीटकांपासून तयार होणारे खाद्यपदार्थ पाहतो, तेव्हा मला ओकारी करावीशी वाटते.",Disgust
लहान मुलांचा खेळ आहे तो. तुमच्यासारखी मोठी माणसं कसा काय खेळतात तो अजूनही?,Disgust
या कंपनीचा फसवणुकीचा लौकिक अत्यंत अस्वस्थ करणारा आहे.,Disgust
"बँक बंद होण्याच्या वेळेच्या पाच मिनिटांनंतर मी बँकेत पोचलो आणि मला पैसे काढण्यास मदत करण्यासाठी बँक अधिकारी स्वतहा पुढे आले, तेव्हा मला ढगात असल्यासारखं वाटलं.",Happiness
मी रविवारी मैफिलीच्या सभागृहाजवळ पार्किंग शोधत गाडी चालवत फिरत होतो आणि एका मैलाच्या आत एकही जागा न मिळाल्याने निराश होतो.,Sadness
मी संस्था सोडल्यानंतर माझी टीम वेगवेगळ्या दिशेने विखुरली गेल्याने मला फार जड गेलं.,Sadness
"आपल्या आजूबाजूच्या सगळ्यांनाच झालाय कोविड एकोणीस, पुढचा नंबर आपलाच आहे कदाचित.",Fear
करकरणाऱ्या दरवाजांचे आवाज मला भीतीची शिरशिरी आणतात.,Fear
कॅमेरा न बसवण्याचा निर्णय घेण्यापूर्वी दरोड्याचा तुमच्या कौटुंबिक जीवनावर कसा विपरीत परिणाम होईल याचा विचार करायला हवा होता तुम्ही. पोलीस,Anger
"फ्रीजमधनं गळणाऱ्या पाण्याबद्दल मला जरा चिंताच वाटतेय, माझ्या स्वयंपाकघरातल्या फरशीला किंवा उपकरणालाही यामुळं काही नुकसान होऊ शकतं का?",Fear
मोबाईल फोन जास्त वेळा चार्ज करू नका नाहीतर बॅटरी खराब होईल.,Fear
मला वर्गात एखादी संकल्पना समजत नाही तेव्हा मला थोडी चिंता वाटते.,Fear
"हॉटेलच्या भिंती इतक्या पातळ आहेत की, मी शेजारच्या खोल्यांमधील नकोसे आवाज ऐकू शकते.",Disgust
हे दुकान छोट्या जागेत चालवले जात असल्याने तेथील एसी मधून येणारा वास त्रासदायक आहे.,Disgust
माझ्या सीटच्या आर्मरेस्टला मी घट्ट पकडून ठेवलं आणि संपूर्ण उड्डाणात विमान जोरजोराने हलत असताना घाम फुटायला लागला मला.,Fear
याआधी माझ्या आयुष्यात मी कधीच असलं काहीही बघितलेलं नाहीये.,Surprise
हॅरी स्टाइल्स या आठवड्यात मुंबईत परफॉर्म करतोय यावर विश्वासच बसत नाहीये माझा.,Surprise
स्पॅमरने पाठवलेल्या ॲपवर चुकून क्लिक केल्यानंतर अर्धा तास मी घाबरलेल्या अवस्थेत होतो.,Fear
"हे खूपच निराशाजनक आहे! प्रत्येक वेळी जेव्हा केव्हा मी ह्या बसने जातो, तेव्हा तिला कायमच उशीर होतो.",Anger
बढतीसाठी माझा विचार केला जाण्याइतका मी भाग्यवान नाहीये. कर्मचारी दोन,Sadness
"आपण इन्कम टॅक्स फाईल नाही केला, तर अधिकारी आपल्याला खूप मोठा दंड करू शकतात.",Fear
जेव्हा सी. ई. ओ. दुसऱ्या फळीतील व्यवस्थापक असलेल्या आमच्यावर आमच्या टीमदेखत ओरडले तेव्हा माझं मन संतापानी भरून गेलं.,Anger
बँकेतून नव्याने छापलेल्या नोटा काढल्यानंतर जेव्हा जेव्हा मला त्यांचा वास येतो तेव्हा मला नशा चढल्यासारखं वाटतं.,Happiness
ती चिकट गोगलगाय माझ्या दिशेने सरकत आहे आणि त्यामुळे मला माघारी फिरावेसे वाटत आहे.,Disgust
शहरातली माझ्या आवडीची पुस्तकांची अनेक दुकानं बंद असलेली बघून मला उदास वाटलं.,Sadness
"चेन्नईमधले खास चविष्ट स्थानिक खाद्यपदार्थ हे पाककलेतलं एक रोमहर्षक साहसच असतं, तेव्हा ते पदार्थ मला आणखी आणखी हवेसे वाटतात.",Happiness
ऐकून छान वाटलं! एक नवीन ग्राहक म्हणून तुमचे खाते उघडताना आम्हाला आनंद होतोय.,Surprise
शेतमजुरांना उघड्यावर जेवण करताना बघणे फार वाईट आहे. विश्रांतीसाठी त्यांना किमान मूलभूत निवारा लागेल.,Sadness
"बस्स आणखी काही दिवसच राहिलेत त्याच्याकडे, असं म्हणाले डॉक्टर.",Sadness
तुला असं वाटतं का मी मूर्ख आहे आणि फोन कसे काम करतात हे मला समजत नाही?,Anger
बघण्यासारखा नाहीये तो सिनेमा. काल मी माझ्या आयुष्यातले तीन तास वाया घालवले त्यापायी.,Disgust
भ्रष्टाचार उघड करणाऱ्या धोकादर्शक लोकांना सरकार शांत रहायला सांगते तेव्हा माझे रक्त तापते.,Anger
माझा मुलगा त्याच्या मित्रांसोबत मंचावर पाश्चिमात्य नृत्य सादर करताना त्याच्यातला एकाग्रतेचा अभाव आणि आटोक्यात नसलेलं  वर्तन पाहून मला खरोखरच त्रास झाला.,Sadness
"मला माझ्या शेजाऱ्याचा वीट आला, ज्याला स्वतहाला मेंटेनन्स न देताच सदनिका समितीवर निवडून यायचं होतं.",Disgust
मला टेनिस एल्बो आहे आणि मी माझा हात जास्त ताणता कामा नये असं म्हणतायेत डॉक्टर.,Sadness
हा चित्रपट माझ्या अपेक्षा पूर्ण करू शकला नाही याचे वाईट वाटतेय मला. मजा येईल असं वाटलं होतं मला.,Sadness
असं होय? तुम्ही तुमचं खातं बंद करण्याचा निर्णय का घेतलाय हे विचारू शकतो का मी?,Surprise
"असं वाढवता का तुम्ही तुमच्या मुलांना? जेव्हा जेव्हा मी त्यांना एखादा प्रश्न विचारतो, तेव्हा तेव्हा खेकसतात ते माझ्या अंगावर.",Anger
"मी भारतातल्या स्थानिक सावकारांना सहनच करू शकत नाही, ते माणुसकीची जाणीव न बाळगता वसुलीचे आक्रमक डावपेच वापरतात.",Disgust
"ज्या वेगाने मोबाईलद्वारे पैशाचे व्यवहार मुख्य प्रवाहात आले आहेत, ते कमालीचं लक्षणीय आहे.",Surprise
माझ्या भाचीला अमेरिकेत नोकरी मिळाली आणि ती भारतातून तिकडं राहायला गेली तेव्हा मला नवल वाटलं.,Surprise
एका ग्राहकाने आमच्या दुकानातल्या स्वच्छतेची आणि व्यवस्थितपणाची जेव्हा प्रशंसा केली तेव्हा मला अत्यानंद झाला.,Happiness
"समुदायातील त्या सर्वात वयस्कर सक्रिय सदस्याची आठवण येते आम्हाला, जे गेल्याच महिन्यात वारले.",Sadness
महाविद्यालयाची प्रचंड फी भरण्याच्या  विचाराने पालकांची रात्रीची झोप उडाली आहे.,Fear
त्या माणसाकडे बघ. पैसे मोजताना त्याच्या बोटांना थुंकी लावतोय तो.,Disgust
मी हे मुद्दे उपस्थित केले तर तुला गमावून बसेन की काय अशी भीती वाटतेय मला.,Fear
ए. आय. अधिक व्यापक होत असतानाच त्यामुळे जाणाऱ्या नोकऱ्यांबद्दल विचार करून वाईट वाटतंय मला.,Sadness
माझं तिकीट पुढे ढकलण्यासाठी बुकिंग अधिकाऱ्याशी बर्याच वेळा बोलल्यानंतर मला तिटकारा आलाय आणि बेकार वाटतंय.,Disgust
"धोनीला उपाध्यक्ष म्हणून दरमहा त्रेचाळीस हजार रुपये वेतन ज्याद्वारे देऊ करण्यात आलं होतं, ते इंडिया सीमेंटचं पत्र स्वीकारणं आणि मान्य करण मला काही केल्या शक्य होत नाहीये.",Surprise
यावेळी एक मिनिटही वाट पाहावी लागली नाही मला. एका झटक्यात राईड बुकिंग कन्फर्म झाले माझे!,Surprise
सरकारी शाळेतली स्वच्छतागृहं गलिच्छ आणि वापरायसाठी ओंगळ आहेत.,Disgust
आमच्या शेजाऱ्याला खाऊच्या छोट्या दुकानात खाल्ल्याने इकोलीचा संसर्ग झाला आहे हे ऐकून मला आता रस्त्यावरील खाद्यपदार्थ खायची भीती वाटते.,Fear
"भावा, डिझेलचे दर घसरलेत वाटतं या आठवड्यात. फुल करून टाक टाकी.",Happiness
"या वर्षी परदेशातून पाठवलेल्या रकमेवरची वीस टक्के कर आकारणी काही काळासाठी चर्चेत राहिली आहे, त्यामुळे तुम्ही जेव्हा तुम्हाला त्याबद्दल माहिती नाहीये असं म्हटलं तेव्हा मी चकित झालो.",Surprise
वॉश करताना मला आलेल्या अडचणींमुळं अक्षरशः थक्कच झालोय मी!,Surprise
मला तर वाटत होतं की याला एक तास लागेल पण तू बँक खाते पाच मिनिटांतच उघडलेस.,Happiness
मी जे ऐकतेय त्यावर विश्वासच बसत नाहीये माझा! बेंगलोरच्या रहिवाशांना आकाशात एक दार दिसलं म्हणे!,Surprise
मी एका प्रसिद्ध तामीळ राजाच्या अगदीच सामान्य दफनस्थळाबद्दल एक लेख वाचला आणि विचित्रतेने उदासीन झालो.,Sadness
"व्वा, इतरत्र सगळीकडे महाग असताना या दुकानात भाज्या किती परवडणाऱ्या आहेत यावर माझा विश्वासच बसत नाहीये!",Surprise
"त्याच्या घराचा पुढचा दरवाजा उघडून तो एका अंधाऱ्या दिवाणखान्यात शिरला, जो अचानकपणे शंभर लोकांनी ओरडत दिलेल्या वाढदिवसाच्या शुभेच्छांमुळे जिवंत झाला.",Surprise
आपले नाते एवढ्या खालच्या पातळीवर पोहोचले आहे की जेव्हाही मी तुझ्या आसपास असतो तेव्हा मी उदास असतो.,Sadness
"मला माझ्या गटातल्या सदस्याला त्याला काढून टाकण्यात आलंय हे सांगायला सांगितलं गेलं, तेव्हा मला माझ्या खांद्यावर जबाबदारी जाणवली.",Sadness
सामन्यातल्या या अनपेक्षित घटनांचं आश्चर्यच वाटलं मला.,Surprise
माझ्या शेजारातल्या स्थानिक उत्सवांना अनिश्चित काळासाठी पुढं ढकललं गेल्यामुळं माझ्या उत्साहावर थोडं विरजण पडलंय.,Sadness
समुपदेशनादरम्यान जेव्हा मला माझ्या मागील अनुभवांबद्दल उघडपणे बोलण्यास सांगितले जाते तेव्हा मला असुरक्षित आणि उघडे पडल्यासारखे वाटते.,Fear
बँकेच्या कर्मचाऱ्याकडून वाईट वागणूक मिळण्याबद्दलची माझी काळजी बँक अधिकाऱ्यानी ज्या प्रकारे हाताळली त्यानी मला इतकं बरं वाटलं.,Happiness
"व्वा, भाडेकरारावर घेतलेल्या या राहत्या घराचं प्रशस्त अंगण माझ्या अपेक्षेपेक्षा कितीतरी जास्त गोष्टी देतंय.",Surprise
"गर्मीच्या इतक्या दिवसांनंतर, या थंड पावसाळी वातावरणानं मला खूप छान मूडमध्ये आणलंय.",Happiness
ती दोन तरुण मुले त्या म्हाताऱ्या बाईच्या लॅपटॉपमध्ये डोकावून तिचा बँकेचा पासवर्ड शोधायचा प्रयत्न करत आहेत.,Disgust
रात्रभर विजेचे चढ उतार होत राहिले तर माझी विजेची उपकरणे खराब होतील याची भीती वाटतेय मला.,Fear
इतक्या वर्षांनंतर तुम्ही माझ्या तुमच्याशी असलेल्या मोकळेपणाबद्दल गैरसमज करून घ्याल याचं मला वाईट वाटतंय.,Sadness
हे सगळं त्या लोकांमुळं आहे जे आयकर चुकवतात आणि तरीही भरपूर पैसा परदेशी पाठवतात.,Disgust
दररोज सकाळी मला गटारातून बेकार दुर्गंध येतो.,Disgust
"नर्सनं जेव्हा त्याला तो एका मुलीचा बाबा झालाय असं सांगितलं, तेव्हा त्याच्या चेहऱ्यावरून आनंदाश्रू ओघळले.",Happiness
धन्यवाद! माझं जेवण तुम्हाला आवडलं याचा खूप आनंद झाला मला.,Surprise
जे लोक काम करत नाहीत आणि समाजातील अधिक कायदेशीर घटकांना बळी पडतात त्या लोकांकडून माझी निंदा होते.,Disgust
मला शेजारच्या व्यायामशाळेतील उपकरणांना स्पर्शही करायचा नव्हता कारण ते कसेतरीच बारके होते.,Disgust
जिंकण्यासाठी खेळाडू अंमली पदार्थ घेतात हे बघणंच त्रासदायक आहे.,Disgust
पर्यवेक्षकाने साफसफाईचं वेळापत्रक ज्या कार्यक्षमतेने ठरवलं होतं त्यावर माझा विश्वास बसत नव्हता! कामाचं संतुलन खरोखरच प्रभावी होतं.,Surprise
चेन्नईला परत आल्यावर बरं वाटतंय. तुमची रिक्षा उत्तर चेन्नईला जायला तयार आहे का?,Happiness
मला शेअर बाजार नीट समजत नाही असं तुला वाटतं यानं मला चीड येते.,Anger
जेव्हा मी एक दुर्मिळ पुरातन वस्तू मोठ्या रकमेला विकली तेव्हा मला खूप आनंद झाला.,Happiness
"माझं तंत्रज्ञानावरचं प्रेम आणि संवर्धन यांना जोडणारा, त्यात नोकरीच्या संधी देखील असणारा मुख्य विषय मला सापडण्याची कधी अपेक्षा केली नव्हती मी!",Surprise
"एक खाद्य समीक्षक म्हणून, मला वाटलं की जेवण उत्कृष्ट होतं, ज्यातून शेफचं पाककला कौशल्य उघड होतं. मला ते फारच आवडलं.",Happiness
त्या व्यक्तीने जेव्हा माझ्याकडे तसं बघितलं तेव्हा किळसच वाटली मला.,Disgust
काही वर्षांपूर्वी जे. एन. यू. मधील घटनांविषयी पक्षपाती बातम्या देणाऱ्या पत्रकारांवर मी रागानी खदखदत होतो.,Anger
ती बस येताना पाहून हृदय निराशेने भरून गेले आहे माझे. आता कधी परत येईन मी मला नाही माहित.,Sadness
माझ्या मित्रांना वाईट अनुभव आले होते आणि त्यांनी मला सांगितलं होतं की तुमच्याकडून वॉटर फिल्टर विकत घेऊ नका म्हणून. मी त्यांचं ऐकायला हवं होतं.,Disgust
"या कमी किंमती पाहता, मला भाजीपाल्याबद्दल शंका आहे आणि त्या कीटकनाशकांपासून मुक्त असतील अशी आशा करतो.",Fear
आपल्या नवीन गॅलरीच्या उद्घाटनाला शंभर लोक येतील असे कोणाला वाटले असते?,Surprise
"नमस्कार मॅडम, माझे नाव खान आहे आणि तुमची सेवा करायला आवडेल मला.",Happiness
बाजारातील बायजूच्या तोट्यामुळे टाऊनहॉलच्या बैठकीदरम्यान संस्थापक मंचावर उघडपणे रडत होता.,Sadness
"या जेवणाची चव हा एक साक्षात्कार आहे, मसाल्यांचं सुसंवादी मिश्रण आणि मुख्य घटकाचा कोवळेपणा माझ्या अपेक्षांपेक्षा खूप जास्त होता.",Surprise
"डॉक्टरांकडून कोणत्या चांगल्या बातमीची अपेक्षाच नव्हती मला, त्यामुळं त्यांनी माझ्या सासूबाईंना क्लीन चिट दिली तेव्हा मी चकितच झाले.",Surprise
माझ्या गाडीसाठी मेकॅनिकने दिलेल्या सुधारणा सूचनांमुळे मी खूप खुश झालोय. आता तिचं व्यक्तिमत्व अगदी अनोखं झालंय जे मला पूर्णपणे शोभतं.,Happiness
"बरं, फक्त खात्री करून घ्या की तुम्ही ते बरोबर कराल. मला पुन्हा हेच करत बसण्यात माझा वेळ किंवा पैसा वाया घालवायचा नाहीये.",Fear
डिलिव्हरी मॅनकडून गॅस सिलिंडरची किंमत कमी झाल्याचे ऐकून मला फार आनंद झाला. त्यामुळे माझे पैसे कुठे खर्च होत आहेत हे समजण्यास मदत झाली.,Happiness
माझ्या एका जिवलग मित्रानी जेव्हा माझ्या पाठीत खंजीर खुपसला तेव्हा मला विश्वासघात झाल्यासारखं वाटलं.,Sadness
तुर्कीतील भूकंपात झालेल्या मानवी हानीचे दृश्य बघून मला फार वाईट वाटले.,Sadness
जबरदस्त! शेवटच्या षटकात युवराजने सलग तीन षटकार मारले आणि जिंकला आपला संघ.,Surprise
त्या चालकाने सहा महिने केस नव्हते धुतले त्याचे आणि डोक्यावर माशा भिणभिणत होत्या त्याच्या.,Disgust
"ऑटो चालक गाडी चालकावर ओरडला, त्याने चालकाला सिग्नलवर अडवले आणि दिवा लाल होण्यापूर्वी त्याला पुढे जाण्यापासून रोखले.",Anger
"काल मी एक सुपरहिरोचा चित्रपट बघितला, त्यानं भावनिकरित्या थकवून सोडलं मला. दिवसभर त्याचाच विचार करत राहिलो मी. मित्र दोन",Sadness
दुकानदारानी ते ड्युरियन फळ कापलं आणि त्या वासानी मला ओकारी करावीशी वाटली.,Disgust
शी. या बँक मॅनेजरने तिचा कान साफ करण्यासाठी तिचं बोट कानात घातलं.,Disgust
या वेळी दार नका वाजवू त्यांचं. नाहीतर पोलिसांना फोन करतील ते कदाचित.,Fear
"माझ्या पत्नीला कांचीपुरममध्ये कुठेही रेशमी साडी विकत घेण्याची जरा भितीच वाटते, कारण यापूर्वी आमची फसवणूक झालेली आहे.",Fear
"यू. के. मधील हवामानामुळे मी नेहमीच गोंधळून जातो, जिथे कधी पाऊस पडेल हे कोणीच सांगू शकत नाही.",Surprise
संपूर्ण रेल्वे तिकीटाची आरक्षण प्रक्रिया माझ्यासोबत संयमाने पार पाडल्याबद्दल रेल्वे आरक्षण क्लार्कने केलेल्या मदतीचं मी खरोखरच कौतुक केलं.,Happiness
ग्राहकांच्या तक्रारी हाताळताना आणि गोष्टी अजून बिघडताना माझा संयम गमावण्याच्या चिंतेने मी ग्रस्त आहे.,Fear
मला काळजी वाटतेय की मी अंतिम परीक्षांचा दबाव हाताळू शकणार नाही.,Fear
या कागदपत्रांमध्ये मला सापडलेल्या अनियमिततेमुळे भयचकित झालो आहे मी.,Disgust
"जे शेतकरी ते करत असलेल्या प्रदूषणाची पर्वा करत नाहीत, त्यांच्याविषयी मला तिटकारा वाटतो.",Disgust
आयकर कार्यालयाने माझ्या रिटर्न्सना एवढ्या लवकर प्रतिसाद कधीच दिलेला नाही.,Surprise
व्हिएतनाममधील स्थानिकांशी संवाद साधताना भाषेचे काही अडथळे येतील का?,Fear
"नूतनीकरणाच्या वेळी स्वयंपाकघर फोडण्याची कल्पना करणे थोडं खिन्न करणारं आहे, कारण माझ्या अनेक आठवणी त्या जागेशी निगडीत आहेत.",Sadness
एका खास कार्यक्रमासाठी मी ऑनलाइन मागवलेले शूज मला व्यवस्थित बसत नसल्याने मी निराश झालो होतो.,Sadness
ही अधिकृत शोरूम असल्यासारखं वाटत तर नाहीये. गाडी विकत घेण्यासाठी विक्रेता धमकी का देतोय आपल्याला?,Fear
विरोधी संघानी उघडपणे केलेली फसवणूक लाज आणणारी होती.,Disgust
या फ्रीजमुळे माझा संयम संपत आला आहे. माझ्या स्वयंपाकघराला बर्फाच्या मैदानात बदलणारे उपकरण कोणाला हवे आहे,Anger
सुंदर दिवस आहे हा.,Happiness
त्याचा संघ रोमांचक कमबॅक करत जिंकला तेव्हा कार्तिक त्याच्या चेहऱ्यावरचं मोठ्ठं हसू रोखूच शकला नाही.,Happiness
त्यावर काम करताना मी तुम्हाला निराश करेन याची भीती वाटते मला.,Fear
"आमचे कर चांगल्या प्रकारे तयार केलेले आहेत आणि त्यामुळे व्यवसाय वाढवण्यावर मला आत्मविश्वासाने लक्ष केंद्रित करता येतं, ज्यामुळे मला दिलासा मिळाल्यासारखं वाटतंय.",Happiness
"""आदिपुरुष"" चित्रपटाची तिकिटं आता काढलीच आहेस तर, घरच्यांनी तो बघितल्यावर तुला परिणामांना तर सामोरं जावंच लागेल. मला दयाच येतेय तुझी.",Sadness
"गैरसमजाबद्दल मी दिलगीर आहे, पण ती विशिष्ट विनंती काही मी पूर्ण करू शकत नाही.",Disgust
स्थानिकांनी एका राज्यातील कामगारांवर हल्ला केल्यानंतर त्यांनी तिथून निघून जायला सुरुवात केली.,Fear
बकरीने हात चाटला त्याचा आणि ते हात न धुताच त्याच हाताने बिस्कीट खाल्ले त्याने.,Disgust
सदोष झडपेनं गॅसचा पुरवठा खंडित झाल्यामुळं आम्ही उपाशी होतो तेव्हा मी रडकुंडीला आलो होतो.,Sadness
तण काढायला मी कुंपणाच्या कोपऱ्यात गेलो तेव्हा तिथे राहणाऱ्या एका मोठ्या नागामुळे मी थरथर कापत होतो.,Fear
"ग्राहकाच्या कार्यालयात साफसफाईच्या पर्यवेक्षकाने सातत्याने सूचनांचे पालन न केल्यामुळे ते अस्वच्छ झाले, यामुळे मी अस्वस्थ होतो.",Sadness
"कार्यक्रमादरम्यान खूप मुसळधार पाऊस पडणार आहे असे माझ्या ऐकिवात आहे, पण कार्यक्रम व्यवस्थापक ते कसे हाताळतील हे मला जाणून घ्यायचे आहे.",Fear
"कुटुंबं चालवत असलेल्या काही व्यवसायांबद्दल मला खूप वाईट वाटतं, जे कदाचित बंद करावे लागतील कारण ते दुकानांच्या साखळीशी स्पर्धा करू शकत नाहीत.",Sadness
विनायक चतुर्थीच्या पूजेसाठी आमच्या स्वतःच्याच बागेतून भरपूर फुलं मिळण्याचं भाग्य लाभलं मला.,Happiness
भारीच! या महिन्यात स्टायपेंड लवकर मिळाला मला!,Surprise
कामाच्या ठिकाणी विक्रीची उद्दिष्टं ओलांडल्याबद्दल बोनस मिळाल्यावर मी एकदम हवेत होतो.,Happiness
माझ्या मुलाने सराव वर्गादरम्यान त्याच्या संगीत शिक्षकांना सहकार्य करायला नकार दिला तेव्हा माझा संयम संपला.,Anger
"जेव्हा वकिलांनी केस प्रो बोनो घेऊ असं म्हटलं, तेव्हा माझा माझ्या कानांवर विश्वासच बसेना!",Surprise
मशीनने त्यांच्या नोकऱ्यांची जागा घेतली तेव्हा लोकांनी रस्त्यावर येऊन पोलिसांशी संघर्ष केला.,Anger
"एक पूर्णांक चार अब्ज लोक असून भारत अजूनही विश्वचषक स्पर्धेच्या अंतिम फेरीसाठी पात्र ठरत नाही, यानं निराशा वाटते मला.",Sadness
गेल्या आठवड्याच्या मंदीनंतर बाजार पुन्हा उभा होईपर्यंत अर्थव्यवस्था पुरेशी चांगली कामगिरी करत असल्याने मला दिलासा मिळाला आहे.,Happiness
लोक क्रेडिट कार्डच्या व्याजावर इतका खर्च करायला तयार असतात हे बघून मी चक्रावून जातो.,Surprise
"मी वर्तमानपत्राच्या वर्गणीसह मासिक बिलाचं अंदाजपत्रक बनवण्याचं ठरवत होतो, परंतु असं दिसतंय की मला दैनंदिन देणी देणं सुरू ठेवावं लागेल.",Sadness
"माझ्या प्रशिक्षकाने निराश होऊन मला फोन केला, कारण त्याच्या दुचाकीचं टायर पंक्चर झालं होतं म्हणून तो वेळेवर डोजोत पोहोचू शकला नव्हता.",Sadness
चेन्नईतल्या एग्मोर संग्रहालयातल्या ध्वनी मार्गदर्शकाचा दर्जा बेकार आहे.,Disgust
या मौल्यवान पुरातन खुर्च्या विकण्याची अक्षरशः धास्ती वाटतेय मला.,Fear
"जेव्हा जेव्हा मी टीव्ही चालू करतो, तेव्हा तो तीन वेळा वाजतो आणि धूरच यायला लागतो त्यातून. त्याचा स्फोट होईल की काय अशी भीती वाटतेय मला.",Fear
मध्यरात्री उठून जर सामना पाहिला मी तर माझे बाबा कदाचित ओरडतील मला.,Fear
या रविवारी एक मैल पोहलो मी आणि त्यानंतर दहा डोसे खाल्ले. पुढच्या आठवड्यात पुन्हा असे करायला नक्कीच आवडेल मला.,Happiness
"रोलरकोस्टर आणि वॉटर राईड यापैकी काय निवडायचं ते माझं मला बघू द्या, तुम्ही माझ्यासाठी माझे निर्णय घेऊ नाही शकत!",Anger
बॉलसोबत कसला जोरात धावतो तो!,Surprise
आमच्याकडं कधीही काही बदलून घेण्याचं धोरण नव्हतं आणि आमच्या कोणत्याही कारकूनानं तुम्हाला ते सांगितलेलं नसेल.,Surprise
सी.एस.के. जिंकल्यावर पिवळ्या रंगाचे कपडे घातलेले प्रेक्षक स्टेडियममध्ये उड्या मारायला लागले.,Happiness
तुमच्यासोबत कपाटाच्या पर्यायांवर चर्चा करण्याच्या कल्पनेनं मी चांगल्या अर्थानं चकित झालोय.,Surprise
वीस पाहुण्यांना पुरेल अशा केकसाठी आम्ही सुमारे एक किलोग्रॅम वजनाची शिफारस करू. यामुळे आनंद घेण्यासाठी प्रत्येकाला नक्की एक मोठा तुकडा मिळेल.,Happiness
ग्राहक आमच्या विशेष ऑफरचा फायदा घेत नाहीत तेव्हा ते निराशाजनक असतं.,Sadness
"गॅस सिलिंडर पोहोचवणारा मुलगा त्याने दिलेल्या वेळेवर पोहोचला नाही, असा माझा समज आहे.",Anger
आमची जुनी उपकरणे कोणत्याही क्षणी खराब होऊ शकतात अशा अफवा मी ऐकल्या. त्यामुळे होऊ शकणाऱ्या विलंबाबद्दल आणि अडथळ्यांबद्दल विचार करणं तणावाचं आहे.,Fear
बुडापेस्टच्या प्रत्येक कोपऱ्यात शहराचा समृद्ध इतिहास दृग्गोचर होतो आणि तो मला प्रफुल्लित करतो.,Happiness
चेन्नईतील माझ्या बालपणीच्या बेकरकडून माझ्या आवडत्या फ्लेवरच्या केकसाठी मागणी नोंदवताना मला अतिशय आनंद झाला.,Happiness
"शहराबाहेरील वाहतूक कोंडीमुळे जेव्हा कंडक्टरने आम्हाला सांगितलं की आम्ही आमचा प्रवास सुरू ठेवण्यापूर्वी काही काळ अडकून पडू शकतो, तेव्हा त्याचा आवाज थकलेला आणि पराभूत वाटला.",Sadness
मुलाखतीत नाकारलं जाण्याच्या विचारानं मला घाम फुटतो.,Fear
कारखानदाराकडून माझा नवीन लॅपटॉप वेळेवर पाठवण्यात आल्यामुळे मी उत्तेजित आहे.,Happiness
एकदाचे मॉड्युलर किचन बसवल्यावर माझी पत्नी फार खुश झाली होती. ते वेचक दिसत होते!,Happiness
हा दरवाजा असाच अडकून राहिला तर मी हॉटेलमधून बाहेर पडू शकणार नाही याची मला भीती वाटते.,Fear
"जेव्हा मी आमचे आर्थिक अहवाल व्यवस्थितपणे पाहतो आणि आमचा नफा सतत वाढत असतो, तेव्हा मला फार समाधानाची भावना वाटते.",Happiness
जर मी तिला माझे पॅन कार्ड दाखवले नाही तर ती माझी नोंदणी रद्द करेल असे ती म्हणाली.,Fear
कोणी केलाय हा स्वयंपाक? हे इतकं तिखट आहे की जीभ जळेल माझी.,Anger
"सुप्रभात. आम्ही तुमच्यासाठी काय करू शकतो, सर? पोलीस",Happiness
तुझ्या बोटाने रंग मिसळून नंतर तेच बोट चाटणे बंद कर.,Disgust
चित्रपटाच्या प्रदर्शनाचा आनंद साजरा करताना एक मुलगा भिंतीवरून खाली पडला. त्याच्यासाठी खूप वाईट वाटतंय मला.,Sadness
"वा! किती छान चित्र आहे हे, सुंदरा! खूप छान.",Surprise
मला माहीत असायला हवं होतं की या प्रकरणात मला मदत करण्याऐवजी तुम्ही काढता पाय घ्यायचाच प्रयत्न करणार.,Disgust
जेव्हा जेव्हा मी माझ्या वर्गमित्रांकडून शाळेत भुताची गोष्ट ऐकायचो तेव्हा प्रत्येक वेळी टेकडी ओलांडून घरी चालत जाताना मी माझ्या मागे वळून वळून पहायचो.,Fear
जेव्हा कोणी भारतातील आरक्षणाबाबत बोलतं तेव्हा प्रत्येक वेळी मी भडकतो.,Anger
"अरे नाही! आत्ता पुरेसे पैसेच नाहीयेत माझ्याकडे, मी माझं पाकीट आणलंय असं वाटलं मला. या सगळ्याचे पैसे कसे देणार आहे मी?",Fear
माझ्याशी खोलवर बोलणार्या कलाकृतींनी मला वेढलेलं असल्यानं मला प्रचंड आनंद मिळतो.,Happiness
तुमच्या मुलाच्या अयोग्य वागण्याचं तुम्ही समर्थन करताय आणि दोष माझ्यावर ढकलायचा प्रयत्न करताय.,Disgust
एका कंपनीचा सी.इ.ओ. आपल्या कर्मचाऱ्यांना अधिक पैसे देण्यासाठी आपला पगार कमी करत असल्याचे ऐकून मी थक्कच झालो होतो.,Surprise
मला खरोखरच आनंद आहे की ही भाडेकरारावरची व्यावसायिक जागा एका व्यावसायिक जिल्ह्यात आहे. मी अगदी हेच शोधत होतो.,Surprise
मला अपयशी होण्याची भीती वाटते कारण मला इतरांना निराश करायचे नाही.,Fear
तिमाहीचे उत्कृष्ट निकाल जाहीर झाल्यानंतर आयटीसी हॉटेल व्यवस्थापकाला मी आनंदाने नाचताना पाहिले.,Happiness
भारतातून आलेल्या काही पर्यटकांचे युरोपमधले वर्तन घृणास्पद आणि अनादर करणारे असते.,Disgust
प्रत्येक वस्तू तिच्या मूळ किंमतीच्या दुप्पट दराने विकताहेत ते. किती घृणास्पद आहे हे.,Disgust
भयचकित झालोय मी! ती देणगी म्हणजे आम्ही मागं घेऊ शकत नाही अशी गोष्ट आहे.,Disgust
मी आज अनवधानाने माझा फोन खाली पाडला आणि स्क्रीनचा चक्काचूर झाला.,Sadness
माझी साखरेची पातळी ठीक आहे आता आणि मला हवी ती मिठाई खाऊ शकतो मी.,Happiness
संघातल्या सहकाऱ्यांमधली सततची भांडणं आणि अंतर्गत कलह अस्वस्थ करणारे आहेत.,Disgust
जेसिकाचा संघ विजेता म्हणून समोर आल्यावर ती आनंदाने नाचल्याशिवाय राहूच शकली नाही.,Happiness
मला जे पाहिजे होतं ते तुमच्याकडे गेल्या तिन्हीवेळा नव्हतं आणि उद्या रविवारी तर तुम्ही बंदच असणार.,Disgust
बँकेला टाळं लागण्याबद्दल काही ऐकलंस का तू? माझे पैसे अडकून पडलेत तिथे. मित्र एक,Sadness
कसली फालतू दर्जाची बॅट आहे ही. इथे तुमच्याकडे एखादी बरी बॅट नाहीये का?,Anger
कठोर लढतीच्या विजयानंतर सोफियानं आपल्या सहकाऱ्यांना मिठी मारली तेव्हा तिचा आनंद स्पष्ट कळत होता.,Happiness
पर्यवेक्षकाने ग्राहकाच्या कार्यालयातील साफसफाईचे वेळापत्रक ज्या पद्धतीने कार्यक्षमतेने ठरवले होते आणि कार्यालय चकचकीत ठेवले होते याबद्दल मला आनंद झाला.,Happiness
मंचाच्या मागे इतक्या जोरात ओरडू नका. प्रेक्षकांना सगळं ऐकू जातं तुमचं.,Anger
भारताविरुद्धच्या पराभवानंतर इंग्लंडच्या चाहत्यांनी आम्हाला शिवीगाळ केल्यानंतर माझ्यासारख्या भारतीय क्रिकेट चाहत्यांचा भडका उडाला.,Anger
माझ्या भूतकाळातील अपयशांनी माझ्या तणावाच्या पातळीत किती भर घातली हे पाहणं आश्चर्यकारक आहे. समुपदेशन ही बरं होण्याची गुरुकिल्ली होती.,Surprise
"तुमची आई वृद्ध आणि अशक्त आहे हे लक्षात घेता, वारंवार रुग्णालयात जाण्याने तिची प्रकृती बिघडेल अशी तुम्हाला भीती वाटत नाही का?",Fear
खेळाडूंचा माज आणि धसमुसळा खेळ लाजिरवाणा आहे.,Disgust
ग्राहकांचे व्यवस्थापन करण्यासाठी आमची टीम फारसे प्रयत्न करत नाहीये हे एकदम वाईट आहे आणि हेच आपल्या अंगलट येऊ शकते.,Sadness
मी सकाळी माझ्या गटासोबत व्यायाम करतो तेव्हा मला परिपूर्णतेची भावना जाणवते.,Happiness
"माझ्या या मित्राला जेव्हा पैशांची गरज असते तेव्हाच मला त्याचा फोन येतो, नाहीतर त्याला पर्वा नसते हे तिरस्करणीय आहे.",Disgust
अरे बापरे... प्लीज थोडा वेळ द्या आम्हाला आणि तुमचा अनुभव जास्त चांगला करण्याची संधी द्या आम्हाला.,Fear
हरवलेल्या प्रकल्प प्रस्तावाबद्दल नेतृत्वाने संघाच्या व्यवस्थापकावर जोरदार टीका केल्यानंतर व्यवस्थापकाकडून संतापाचा उद्रेक झाला.,Anger
"कबुतरे घरात येऊन घाण करतील अशी मला भीती होती, म्हणून मी खिडक्यांना जाळ्या लावल्या.",Fear
"मी सगळीकडे शोधली विड्याची पानं, पण कुठेच सापडली नाहीत.",Sadness
गेल्या तीन महिन्यांत पाऊसच झाला नाहीये. या महिन्यात पैसे नाही कमावू शकणार आपण.,Sadness
स्वित्झर्लंडच्या प्रवासात आमची गाईड आमच्याशी अतिशय उद्धट वागल्याने आम्ही गाईडवर रागावलो होतो.,Anger
घटत चाललेली व्यावसायिक वृत्ती मला थोडी चिंताग्रस्त करते आहे.,Fear
ब्रोकोली आरोग्यासाठी चांगली मानली जात असली तरी तिची चव मी सहन करू शकत नाही.,Disgust
विजेचे एक उपकरण मी अर्थिंगशिवायच विकत घेतले आणि ते जोडले तेव्हा मला अक्षरशः आयुष्यभराचा जोराचा झटका बसला.,Fear
बांधकामाची जागा भुताने झपाटलेली आहे असं वाटतंय मला. बहुतेक काल रात्री भूत बघितलं मी तिथून जाताना.,Fear
काही आठवड्यांपूर्वीच प्रदर्शित झालेला तो सिनेमा प्राईमवर पण आला होता! तो बघायला आता आपल्याला चित्रपटगृहात जायची गरज नाही!,Surprise
"सुरुवातीच्या पर्यायांवर चर्चा केल्याशिवाय अनुमान लावू नका हे तुम्हाला सांगून सांगून मी थकलोय, त्यामुळे तुम्हाला हवे असेल तर तुम्ही जायला मोकळे आहात.",Disgust
टोमॅटोचे दर वाढलेत हे तुला माहीत नव्हतं का? गेल्या काही आठवड्यांपासून तू काय गुहेत राहतोयस का?,Disgust
"थांब, तो व्हायरल झालेला नवीन व्हिडिओ बघितलास का तू? पुरता फसलोय मी त्यात!",Surprise
या हंगामात संघ खरोखरच चांगला खेळला आणि सर्व सामने जिंकले.,Happiness
जुन्या पुस्तकांच्या किंमती बघण्याची भीती मला अस्वस्थ करते.,Fear
दागिन्यांची सामग्री प्रसंगाला उत्तम प्रकारे शोभली पाहिजे. मला ते अयोग्य वाटू द्यायचे नाही किंवा प्रसंगानुरूप नाहीत असे पण वाटू द्यायचे नाही.,Fear
माझी कार सुरूच होत नाहीये त्यामुळं भयंकर हैराण झालोय मी. ग्राहक,Sadness
पोहोचायच्या ठिकाणासाठी तू मला सतत चुकीच्या दिशा का दाखवतोयस? वेडायस का तू?,Anger
"शी, दुकानाचा हा नवा आराखडा अगदीच गोंधळात टाकणारा आहे. ग्राहकांची निराशा होतेय त्यामुळं.",Disgust
समुद्रकिनार्यावर पाण्याची प्रचंड भिंत आमच्यावर कोसळताना पाहून मी भेदरलो आणि जागच्या जागीच थिजलो.,Fear
नवीन महिला प्रशिक्षकाकडून काय अपेक्षा ठेवावी ते मला नक्की माहित नाही. शिकवण्याच्या नव्या शैलीशी जुळवून घेण्याबद्दल विचार करणे थोडे दडपण आणणारे आहे.,Fear
"दीदी, अगं इतकं कमी खात राहिलीस तर अशक्त होशील तू.",Fear
माझ्या खात्यातील शिल्लक रक्कम खात्यासाठी आवश्यक मर्यादेपेक्षा कमी आहे हे मला आढळले तेव्हा माझी घबराट व्हायला लागली.,Fear
पदव्युत्तर अभ्यासक्रमातील आमच्या अभ्यासक्रमाची सुरुवात सहा महिन्यांनी पुढे ढकलण्यात आलीये हे कळताच मी अस्वस्थ झाले.,Fear
आमची तथ्ये प्रामाणिकपणे मांडूनही न्यायमूर्तींनी अनेक मुद्दे खोडून काढले आहेत. आपली वेळ येते तेव्हा एखादी रागीट व्यक्ती गळ्यात बांधली जाणे हेच आहे फक्त आपल्या नशिबात.,Disgust
नवीन रेस्टॉरंटमध्ये रात्रीच्या जेवणावेळी वेटर आमच्या कुटुंबासोबत अतिशय उद्धटपणे वागला तेव्हा माझी चिडचिड झाली.,Anger
आपण आपल्या नवीन प्रकल्पासाठी निधी मिळवू शकलो नाही हे दुर्दैवी आहे.,Sadness
सुशांत सिंग राजपूतच्या आत्महत्येची बातमी ऐकणे निराशाजनक होते.,Sadness
तुमचा फोन निष्काळजीपणे तुमच्याकडून पडायला मी जबाबदार होतो या तुमच्या आरोपामुळे मी सर्दच झालोय.,Surprise
ओपेनहाइमरने त्याच्या अणुबॉम्बच्या शोधामुळे झालेल्या विध्वंसाबद्दल खेद व्यक्त केला.,Sadness
अमृतसरमधील एका छोट्या खाण्याच्या ठेल्यामध्ये मी अमृतसरी कुलच्याचा मनापासून आस्वाद घेतला. आणि मी खरंच तृप्त झालो.,Happiness
भटकणाऱ्या लघुग्रहामुळे पृथ्वी नष्ट होऊ शकते ही कल्पना देखील माझ्यासाठी भीतीदायक आहे.,Fear
तू चूक करतोस आणि मग जेव्हा मी ती दाखवून देतो तेव्हा माझ्यावरच ओरडण्याची हिंमत दाखवतोस.,Disgust
लवकरच गॅसच्या किंमतीत अचानक वाढ होईल अशी मला शंका आहे.,Fear
"कांता, किती छान खेळणी आहेत तुझ्याकडे. मी खेळू का त्यांच्याशी?",Happiness
व्वा! संगणकावरील प्रोग्रामिंगच्या बाबतीत तू खूप हुशार आहेस.,Surprise
हो ची मिन्ह शहरातल्या स्थानिक रस्त्यावरच्या बाजारपेठा म्हणजे जणू खरेदीदारांचे स्वर्गच आहेत.,Happiness
"अरे! दुखतंय हे. पायावर डंबल पाडलं माझ्या, लागलं तिथे. पाय उचलायलाही जमत नाहीये मला.",Sadness
मी ग्राहकाचे पार्सल अजून पाठवले नाही त्यामुळे मला ग्राहकाचा फोन घ्यायचा नाही.,Fear
"प्रयत्न? त्यासाठी प्रयत्नांची गरज पडू नये, ती एक मूलभूत अपेक्षा असली पाहिजे.",Disgust
तुम्हाला मिळवता आलेल्या विविध प्रकारच्या कलाकृतींमुळे मी खरोखरच प्रभावित झालोय.,Happiness
काल एका महत्त्वाच्या बैठकीला जाताना माझी गाडी बंड पडली तेव्हा मी हताश झालो.,Sadness
माझ्या आजुबाजूकडे लक्षच नसतं माझं त्यामुळे कायमच रस्ता चुकतो मी.,Disgust
तुमच्या डिलिव्हरी बॉयच्या चुकीचा त्रास मला भोगावा लागणारे का?,Anger
तुम्ही दुसऱ्या बेडरुममध्ये असताना एका बेडरूममधून लोक चोरी करत होते हे तुमच्या लक्षातही आलं नाही?,Surprise
"त्यांच्या विश्लेषणात मग्न असताना, आर्थिक नोंदींमधल्या अनपेक्षित खुलाश्यांमुळे प्रभावित झाल्यावर त्यांच्या संभाषणाचा वेगच  बदलला.",Surprise
"खराब सेवेच्या दर्जाबद्दल मी फारच अस्वस्थ झालेय, कारण माझी पॅकेजेस चुकीच्या पद्धतीने हाताळली जाण्याची ही काही पहिलीच वेळ नाही.",Sadness
दुकानदारांकडून पैसे उकळत फिरत असताना गुंडांनी बाजारपेठेत घबराट निर्माण केली.,Fear
मी आत्ताच एक उंदीर स्वयंपाकघरात जाताना पाहिला. माझे अर्धे जेवून झालेय आधीच. मी आजारी नको पडायला म्हणजे झाले.,Fear
हा संगीतकार किती प्रतिभावान आहे हे बघून मी अत्यंत आश्चर्यचकित झालो. सादरीकरण एकदम जबरदस्त होतं त्याचं.,Surprise
माझ्यात नियामक दडपशाहीच्या संभाव्य प्रभावाबद्दल भीतीची भावना वाढत आहे.,Fear
"आपल्या बऱ्याच नातेवाईकांना गमावल्यावर, खचाखच भरलेल्या त्या बुडत्या फेरीतून वाचलेले लोक हादरून गप्प होऊन किनाऱ्यावर बसून राहिले.",Sadness
"माझ्यासाठी सर्व काही चांगलं झालेलं असतं अशा दिवसाच्या शेवटी जेव्हा मी प्रफुल्लित संगीत ऐकतो, तेव्हा मला नाचावंसं वाटतं.",Happiness
विजेच्या दुकानात माझ्या नवीन घरासाठीच्या घरगुती विजेच्या वस्तूंवर मी दर करून जो भाव मिळवला त्याने एकदम खुश आहे मी.,Happiness
मधुमेहासाठी डाळिंब चालेल की नाही हे मला कसं काय कळणार?,Anger
मी माझ्या जुन्या न्हाणीघरातल्या जीर्ण झालेल्या फरशा पाहात होतो तेव्हा मागे गेलेल्या वर्षांचा विचार करताना मला एक प्रकारचा जडपणा जाणवल्याशिवाय राहिला नाही.,Sadness
मला आज माझ्या बँक खात्यात कर परतावा मिळाला.,Happiness
सदोष मीटरमुळे दोन महिन्यांपूर्वी विजेचे बिल वाढल्याने मी संतापलो होतो.,Anger
"त्या तरुणाने त्याच्या मित्रांचा दबाव असूनही संपूर्ण पार्टीभर केवळ एकच दारूचा पेला हातात धरून ठेवला, त्याचं मी कौतुक करत होतो .",Happiness
"असेही काही दिवस असतात, जेव्हा मला काही कामच करावेसं वाटत नाही आणि मी असं का करतो हे न कळता मी टक लावून भिंतींकडे बघत बसतो.",Sadness
"शेअर बाजार ज्याप्रकारे कोसळला आहे, त्यावरून पुढच्या काही महिन्यांत बाजार पुन्हा वर येणार नाहीये, असा अंदाज माझ्या मनात आहे.",Fear
"तुला वर्षभर अभ्यास करायला सांगितल्याबद्दल तू माझ्यावर ओरडणे थांबवशील आणि भविष्यासाठी यातून धडा शिकशील, अशी आशा आहे मला.",Disgust
राजकीय नेता मरण पावला आणि त्याच्या गुंडांनी दुकाने बंद करण्यासाठी दबाव आणला तेव्हा दुकानदारांनी घाबरून त्यांची सर्व शटर्स खाली ओढली.,Fear
माझे खाते उघडण्यासाठी तुम्हाला इतका वेळ का लागतो आहे? एक तास होऊन गेला मी इथे वाट पाहते आहे!,Anger
"माफ करा, पण माझे खाते ओव्हरड्राफ्टमध्ये आहे आणि महिना अखेरपर्यंत मी पैसे नाही देऊ शकणार.",Sadness
आज सकाळी उठावंसंच वाटत नाहीये मला.,Sadness
अव्वल कामगिरी करणाऱ्या आमच्या खेळाडूने नुकत्याच दिलेल्या राजीनाम्यामुळे आमच्या टीममध्ये एक पोकळी निर्माण झाली आहे आणि तिचे मनोधैर्य ढासळले आहे.,Sadness
रस्त्यावर खेळ करणारी आणि घट्ट दोरखंडावर सहजपणे चालणारी छोटी मुलगी पाहून मला कमालीचे आश्चर्य वाटले.,Surprise
माझ्या गाडीच्या इंजिनचं सर्व्हिसिंग मी शेवटच्या क्षणापर्यंत मनावर घेतलं नाही आणि आता गॅरेजकडून ते पूर्ण करून घ्यायचं काम खरंच उबग आणणारं आहे.,Disgust
तुला भांडायचंय का माझ्याशी? एक प्रोफेशनल कुस्तीपटू आहे मी! रक्त ओकेस्तोवर तुडवील मी तुला.,Anger
शेतात दुपारच्या जेवणाच्या योग्य सुविधा मिळवण्याबाबत मला चिंता आहे. योग्य पोषणाशिवाय काम करणं कठीण आहे आणि गेल्या वर्षी काही मजूर शक्तिपात होऊन कोसळले होते.,Fear
आमचे आर्थिक भविष्य धोक्यात येईल असले कर्ज आम्ही नाही घेणार आहोत!,Anger
"तुम्ही स्वतहाची थट्टा करू शकता, पण शेअर बाजारातील परिस्थिती गंभीर असताना तुम्ही माझ्या खर्चावर मजा कराल हे पाहून मला वाईट वाटतंय.",Disgust
"काल रात्री व्हिडिओ गेम खेळणं तर जमवलं मी, पण त्यामुळे आतून रिकामंच वाटायला लागलंय मला. जेन झी टू",Sadness
अरेरे! अमृतसर एक्स्प्रेस चालू झाली. मला ती लवकर पकडावी लागेल नाहीतर माझी एक महत्त्वाची मीटिंग चुकेल!,Surprise
"""आरोग्य केंद्रात जास्त परिचारिकांच्या उपलब्धतेची मला अपेक्षा होती जे घडलं नाही, त्यामुळे मी खूप असमाधानी आहे.""",Sadness
"मला ऑस्ट्रेलियन आणि इंग्लिश क्रिकेटपटूंबद्दल चीड आहे, जे संशयास्पद पद्धतींनी इतरांना बाद करतात परंतु मंकडिंगबद्दल तक्रार करतात.",Disgust
"फार्मसी रात्री दहा वाजताच बंद झाली, पण मला आतून जोरजोरात आवाज ऐकू येताहेत कसले तरी.",Fear
जाहिरातीत वस्तूच्या सांगितलेल्या किंमतीपेक्षा वेगळीच किंमत सांगून मला गंडवण्याच्या दुकानाच्या प्रयत्नामुळे माझ्या तळपायाची आग मस्तकात गेली. ग्राहक,Anger
आमच्या ग्राहकांच्या नकारात्मक प्रतिसादामुळे माझ्या उत्साहावर विरजण पडलं आहे.,Sadness
आपल्या आवडत्या खेळाडूला विजयी टचडाउन मिळवताना बघून एडन आपला आनंद लपवूच शकला नाही.,Happiness
माझं बजेट मला माझ्या मुलाला हवी असलेली सायकल विकत घेण्याची मुभा देत नाही तेव्हा मला निराश वाटतं.,Sadness
आमच्या तिमाही अहवालाचा काळ जवळ आलेला असतांना कंपनीच्या आर्थिक स्थितीबाबत मला अंधारात ठेवले जाते तेव्हा मला अतिशय हताशा येते.,Anger
आर्थिक नियोजकाची अकार्यक्षमता मला वेड लावत आहे!,Anger
मी बँकेच्या कर्ज देताना लुबाडणाऱ्या पद्धतींमुळे प्रचंड संतापलेलो आहे.,Anger
मला अपेक्षित असलेलं नवीन पुस्तकांचं माझं अमेझॉन पॅकेज आज आलं त्यामुळे मी रोमांचित आहे.,Happiness
त्या सामन्यातले घाणेरडे टॅकल आणि जाणूनबुजून केलेले फाऊल विचित्र होते.,Disgust
या खोलीत एखादा उंदीर मेल्यासारखा वास येतोय.,Disgust
ही भूमिका मिळवण्याची ही माझी एकुलती एक संधी आहे हे माहित असल्यानं कास्टिंग दिग्दर्शकाच्या ऑफिसमध्ये जाताना छाती धडधडत होती माझी.,Fear
आहा! तुझ्याबद्दल एवढ्या तीव्र भावना असतील असं वाटलंच नव्हतं मला कधी. फारच आश्चर्याचं आहे हे.,Surprise
डॉक्टर माझे हेल्थ रिपोर्ट पाहून खुश झाले जाम आणि मी व्यायाम चालू ठेवावा असं म्हणाले ते मला.,Happiness
माझ्या दुकानाचा शेजार वाईट आहे. माझ्या दुकानात चोरी होईल याची मला भीती वाटते.,Fear
यू.के.तल्या मंदिरांबाहेर हिंदूंच्या विरोधात सुरू असलेली हिंसक निदर्शने तात्काळ थांबवली गेली पाहिजेत.,Anger
या ए.टी.एम.मध्ये कधीच गर्दी नसते आणि मी इथे आले की कधीच माझ्या पाळीची वाट पाहावी लागत नाही मला.,Surprise
"श्रम हा मुद्दाच नाहीये, परंतु त्या शेतात तासन्तास वाकून वेळ घालवणं, भीषण उष्णता आणि थकवा सहन करणं, माझ्यासाठी खरोखर असह्य आहे.",Disgust
"लक्ष्मी, आपण बरोबर रस्त्यावर आहोत की नाही काय माहित. फोन वेगळा रस्ता दाखवतोय आणि चालकाने वेगळेच वळण घेतले आहे.",Fear
मोलकरणीने सावकाराकडून कर्ज घेतले आणि तिला खूप व्याज द्यावे लागले तेव्हा ती कष्टी झाली.,Sadness
"मला स्वतःचाच राग येतो, कारण मला वाटले की काउन्सेलिंगमुळे लवकर यश मिळेल, परंतु हे तर माझ्या कल्पनेपेक्षाही कठीण आहे.",Anger
"क्लाउड सेल्समनने मला परवाना घेण्यापूर्वी क्लाउडच्या छुप्या किंमतींबद्दल सांगितलं नाही, त्यामुळे मला त्याचा संताप आलाय.",Anger
"एअरइंडियाच्या फ्लाइट्सची धोरणं बदलल्यामुळे तुम्ही तुमच्या परताव्याची प्रक्रिया सुरु ठेवू शकत नाही, हे खूपच वाईट आहे.",Sadness
माझ्या एका व्यवस्थापकाने मध्यरात्री पाठवलेल्या ईमेल्सना त्याच्या टीमच्या लोकांनी त्वरित प्रतिसाद दिला नाही म्हणून त्याने त्याच्या टीमवर आरडाओरडा केल्याबद्दल आणि त्यांना अपशब्द वापरल्याबद्दल मला चीड आली होती.,Anger
सुरक्षेच्या कारणास्तव बजेट हॉटेलमध्ये राहण्याची कल्पना मला पटत नाही.,Fear
"हे खूपच विचित्र आहे, मॅडम. पाहुण्याची चावी काम करत नाही म्हणून त्याला दहा वेळा खाली यावं लागलं असं यापूर्वी कधीही घडलेलं नाही.",Surprise
माझा माझ्या कानांवर विश्वासच बसत नाहीये. चोरीनंतर एका दिवसातच तुम्ही चोरांना इतक्या लवकर कसं काय पकडू शकलात?,Surprise
दिग्दर्शकाचं डोकं हलताच यशाची शेवटची संधी हुकली.,Sadness
मुंबईतल्या स्थानिक फॅशनचं चित्र केवढं ट्रेंडी आणि स्टायलिश आहे!,Happiness
गंमत करतोयस की काय तू माझी? चित्रपटाच्या रूपांतरात कथानकाची पार वाट लावून टाकलीये त्यांनी.,Anger
काहीही विधायक काम न करता जे आंदोलन करत आपलं आयुष्य घालवतात अशा हवामानविषयक काम करणाऱ्या कार्यकर्त्यांमुळे मी जाम वैतागले आहे.,Anger
मी त्या दिवसाचे बेत विसरलो होतो असं म्हणत आरडाओरडा केला त्यानं.,Anger
सायकल विक्रेता जेव्हा मला माझ्या बजेटहून महाग सायकली दाखवत राहिला तेव्हा मी रागाने धुमसत होतो.,Anger
"तुम्ही ग्राहक म्हणून मिळाल्याचा बँकेला आनंद आहे आणि आज सकाळीच तुम्हाला इथे आमच्या शाखेत बघून आनंद झाला, सर! बँक कारकून",Happiness
"कुंपणाची भिंत इतक्या लवकर जुळून पक्की होईल अशी अपेक्षाच नव्हती मला, ही तर जणू जादूच झाली! एका जादूई कारागीरानं केलेलं अफलातून गवंडीकाम आहे हे.",Surprise
सुशिक्षित ग्राहकांना साधे अर्जही योग्यरीत्या भरता येत नाहीत याचा उबग येतो मला.,Disgust
या कुरिअर सेवेशी पुन्हा व्यवहार करण्याबाबत माझी अगदी नकारार्थी भावना आहे. त्यांनी पोहोचवायला उशीर केला आणि समस्या सोडविण्याबाबतची त्यांची वृत्ती निंदनीय होती.,Disgust
मला तुझ्या तब्येतीची काळजी वाटते आणि तू स्वतःची काळजी घेण्याचे कबूल केलेस तर मी मागे होईन.,Fear
स्कायडायव्हिंगसारखे टोकाचे खेळ खेळण्याचा प्रयत्न करण्यासाठी मी जरा का कू करतो.,Fear
या दुकानातल्या भगभगीत प्रकाशामुळं सगळंच केवढं भयानक दिसतं.,Disgust
मी रेल्वे बुकिंग काउंटरवर पोहोचेपर्यंत चेन्नई ते दिल्लीची सर्व तिकिटे विकली जातील अशी मला चिंता वाटत आहे.,Fear
तुझी कार बेदरकारपणे चालवल्याबद्दल आणि दोन दिवसांपूर्वी मला ईसीआरवर काढून टाकल्याबद्दल मी तुझ्यावर संतापलो होतो.,Anger
किती घाणेरडा वास आहे हा. चल लवकर पैसे देऊन निघूया.,Disgust
जेव्हा मी बंद जागेत असतो तेव्हा मला भीती वाटते.,Fear
बँकेच्या धोरणांमुळे मी खरोखरच वैतागलो आहे. माझ्या अल्पवयीन मुलासाठी खाते उघडताना मला अधिक चांगल्या मदतीची अपेक्षा होती.,Anger
जेव्हा माझ्या वाहनचालक प्रशिक्षकानी  अतिरिक्त धडे घेण्याबद्दल सुचवलं तेव्हा मला आश्चर्य वाटलं. असं दिसतंय की ते खरोखरच रस्त्यावर माझा आत्मविश्वास वाढवत आहेत.,Surprise
बाळहत्तीचे गमतीशीर चाळे बघताना वेळ कुणीकडे निघून गेला आम्हाला काही कळलंच नाही.,Happiness
तो मुलगा आत्ताच माझे क्रेडिट कार्ड घेऊन पळून गेला. त्याआधी माझा पिनही बघितला होता त्याने. मला वाटते माझी सगळी बचत गमावून बसणार मी.,Fear
"वीज गेल्यानंतर जेव्हा जेव्हा मी रेफ्रिजरेटर उघडायचो, तेव्हा तेव्हा खराब झालेल्या जेवणाचा दुर्गंध यायचा मला.",Disgust
अरे बाप रे! बुकींग क्लार्क तिकीट दुसऱ्या दिवसासाठी पुढे ढकलायला विसरला. आता मी उद्या कसा जाणार?,Surprise
एका युरोपीय स्पर्धेत भारताच्या अमलान बोर्गोहेनने शंभर मीटर आणि दोनशे मीटरच्या शर्यती जिंकल्या. गेल्या काही दशकांत एका भारतीयाला युरोपमध्ये जिंकताना मी पहिल्यांदाच बघितले होते.,Surprise
"मी एक साधा किरकोळ बदल करून मागितला, संपूर्ण बँक खातं रिकामं करून नव्हे! ही बाब अत्यंत निराशाजनक आहे.",Anger
ओसाड भागात आम्ही सिग्नल गमावला तेव्हा मला उत्तर मिशिगनमध्ये हरवण्याची चिंता वाटली.,Fear
"तुमच्या दुकानातील कारकूनाने मला आश्वासन दिले होते की एक्सचेंज पॉलिसी आहे, त्यामुळे तुम्हाला जर माझ्या शब्दावर शंका असेल, तर मला आत्ताच तुमच्या दुकानाच्या व्यवस्थापकाला भेटायचं आहे.",Anger
"शी! त्या मुलाने पाण्यातच शिंकरलं त्याचं नाक. चल, बाहेर पडूया.",Disgust
गिग अर्थव्यवस्था ज्या गतीने नोकरीच्या बाजारपेठेला नवीन आकार देत आहे हे आश्चर्यकारक आहे.,Surprise
"भाडेकरूने त्याचे वीजेचे बिल उघडल्यावर पाच मिनिटे तो अविश्वासाने त्याकडे बघतच राहिला, कारण ते त्याच्या अपेक्षेपेक्षा निम्मे होते!",Surprise
बॅटमॅन थीमच्या केकमुळे त्याचा वाढदिवस खरोखरच दणक्यात होईल!,Surprise
तुमच्या भाषेमुळं मी नाराज आहे आणि तुमच्या शब्दांचा इतरांवर काय परिणाम होतो त्याबद्दल तुम्ही अनभिज्ञ आहात यावर माझा विश्वास बसत नाही.,Anger
तुमच्या घरात कोणीतरी चोरी केलीये हे ऐकून वाईट वाटलं आम्हाला आणि ते तुमच्यासाठी कठीण गेलं असेल. कधी झाली चोरी? पोलीस,Sadness
"काल माझा जवळचा मित्र शाळा सोडून गेला, कारण तो दुसऱ्या देशात जातोय ना!",Sadness
वॉरंटी कालावधीत असणारी ही सदोष वस्तू तुम्ही बदलून देणार नाही यावर माझा विश्वासच बसत नाही.,Anger
अलीकडचं माझ्यासोबतच तुमचं वागणं योग्य नाहीये आणि मला पटत नाहीये ते.,Anger
मी पडलो तेव्हा एक दगड गुडघ्यात खोल घुसला माझ्या. मला नाही वाटत की मी पुढील काही आठवडे खेळू शकेन म्हणून.,Fear
आमच्या हॉटेलरूममधील स्वच्छतेचा अभाव आणि तुमच्या हॉटेलच्या कर्मचार्यांनी आमच्या वारंवार तक्रारींकडे केलेले दुर्लक्ष यामुळे आम्ही अशा स्थितीत आलो आहोत की यापुढे आम्हाला इथे राहायचं नाहीये.,Disgust
"नशीब, या आठवड्यात तरी पाऊस पडला. आता छान वाढतील माझी पिकं.",Happiness
"माझे सी.ई.ओ. मला सात वर्षांपूर्वी एकदाच भेटले होते, तरीही त्यांनी आज रूममध्ये गेल्यावर माझ्याशी हात मिळवला आणि मला नावाने हाक मारली.",Surprise
लवकरच माझ्या फ्रीजच्या लहरी वागण्याची आणि त्यामुळं माझं वाणसामान खराब होण्याची चिंता करण्याची मला गरज उरणार नाही हे कळल्यामुळं माझ्या खांद्यांवरून ओझं उतरल्यासारखं वाटतंय. मी नवा फ्रीज विकत घेतोय.,Happiness
अमेरिकेतील लोकांना भीती वाटत आहे की त्यांचे उन्हाळे अधिकाधिक उष्ण होत आहेत.,Fear
तुमच्याकडे स्टार वॉर्सच्या दिवसांतील मौल्यवान संग्रहणीय वस्तू आहे यावर माझा विश्वासच बसत नाहीये.,Surprise
मी माझ्या लहानपणी रोज खेळायचो तो माझा आवडता खेळ तयार केला त्यांनी परत!,Surprise
"दोन दिवसांत दुकान उघडण्यापूर्वी मला किती कामे पूर्ण करायची आहेत, या विचाराने मी धास्तावून गेलो आहे.",Fear
उड्डाणानंतर चॅलेंजर शटलचा स्फोट झाला तेव्हा अंतराळवीरांना गमावल्याबद्दल संपूर्ण देशाने शोक व्यक्त केला.,Sadness
आपला कॉलेजचा अभ्यासक्रम सुरू व्हायला होणारा उशीर हा आपण तो पूर्ण केल्यानंतर लगेचच नोकरीची परीक्षा घेणारी वाट बघण्यासाठी कारणीभूत ठरेल.,Sadness
पुस्तकविक्रेत्याला माझी जुनी पुस्तके खरेदी करण्यात रस होता हे पाहून मला आनंद झाला. एकदाचे त्यांना नवीन वाचक सापडतील.,Happiness
"मी तुमच्या गृहसेवेबद्दल अत्यंत नाराज आहे, कारण गुणवत्ता अपेक्षेपेक्षा कमी होती.",Anger
आत्ता तरी हा खटला जिंकायची आशा नाहीये मला.,Sadness
अंतराळ मोहिमेदरम्यान काही चूक झाली तर काय होईल याची भीती वाटतेय मला.,Fear
एका ग्राहकाने आमच्याकडे येऊन गेल्यावर एकाच दिवसात त्याच्या कुटुंबियांना आमच्या दुकानात पाठवलं तेव्हा मी हर्षभरित झालो.,Happiness
"आम्ही एक महिना उशीरा सुरुवात केली याचा विचार करताना, आम्ही वेळेपूर्वी ते पूर्ण करू असं मला वाटलं नव्हतं.",Surprise
"मी तुम्हाला काल एका महत्त्वाच्या मिटींगमुळे ट्रेनचं तिकीट पुढे ढकलायला सांगितलं होतं, पण तुम्ही ते अजून केलेलंच नाहीये, काय करताय काय तुम्ही?",Anger
बांधकाम व्यावसायिकांना जलाशयांवर अतिक्रमण करण्याची परवानगी देऊन या राजकारण्याने पर्यावरण संवर्धनाकडे  केलेल्या दुर्लक्षामुळे मी भयंकर संतप्त आहे.,Anger
मी माझ्या क्रेडिट कार्डावर कमी व्याजदरासाठी केलेल्या वाटाघाटी यशस्वी झाल्या तेव्हा मी आनंदानं खुललो होतो.,Happiness
जेवण यायला खूप वेळ लागला आणि तोपर्यंत अतिशय भुकेजलो होतो आम्ही. ग्राहक,Sadness
"हे वसतिगृहाचे मालक सतत भाडी वाढवतायत, त्यांचे दर परवडत नाहीयेत मला.",Sadness
गुंतवणूक कंपन्यांकडून आकारण्यात येणार्या अत्याधिक छुप्या शुल्कामुळे मी खूप वैतागलो आहे.,Anger
जेव्हा मी विश्वाबद्दलचा व्यावहारिकदृष्ट्या सिद्ध करता येण्याजोगा वैज्ञानिक सिद्धांत शिकतो तेव्हा प्रत्येक वेळी माझं मन आनंदाने भरून जातं.,Happiness
या दुकानाच्या मालाच्या व्यवस्थेत पूर्णपणे गोंधळ माजला आहे. काहीही जागेवर नसते.,Disgust
जेव्हा कुरिअर कंपनीने माझे पत्र मला आणून द्यायला नकार दिला आणि मला ते त्यांच्याकडून घ्यायला सांगितले तेव्हा मला प्रचंड राग आला.,Anger
आरोग्य केंद्रात जाण्यासाठी आणि बेड शोधण्यासाठी जेवढा वेळ लागला त्याचा मला प्रचंड वैताग आला.,Anger
मी गोलरक्षक होतो तेव्हा फ्रान्समधील एका संघासोबत फुटबॉल स्पर्धा जिंकल्यानंतर मी अक्षरशः हवेत उडत होतो.,Happiness
स्थानिक लोक माझं खुल्या मनानं स्वागत करतील अशी मी अपेक्षाही केली नव्हती आणि मला त्यांचा पाहुणचारही आवडला.,Surprise
तिच्या संघाला नवा विक्रम करताना बघून लक्ष्मी एकदम हवेत तरंगत होती.,Happiness
तुम्ही कोणतंही संशोधन न करता त्या कंपनीत तुमचे पैसे गुंतवले याचं आश्चर्य वाटतंय मला.,Surprise
इतका मोठा आणि क्लिष्ट प्रकल्प सुरू करण्याबद्दल तू उत्साही आहेस? मला तर वाटलं की तू काळजीत असशील.,Surprise
तुझा बाप म्हणून मला खूप समाधान वाटतंय की तू लहान असताना मी तुझ्यासाठी हजर नसल्याबद्दल तू मनात काही ठेवत नाहीयेस. माझं मन हलकंफुलकं झालंय आता. वडील,Happiness
बंदिस्त जागा अस्वस्थ करतात मला.,Fear
एका महत्त्वपूर्ण उपक्रमासाठी उच्च व्यवस्थापनाच्या पाठिंब्याच्या अभावामुळे मला निराश वाटू लागले आहे.,Sadness
तुम्ही इतक्या हळू गाडी चालवत आहात की मला माझं विमान पकडण्यासाठी वेळेवर विमानतळावर पोहोचण्याबाबत चिंता वाटते आहे.,Fear
पर्यटकांना मदत करू शकतील अशी सगळीच चिन्हं शहर परिषदांनी काढून टाकलीत. आम्ही भरतो ते कर कुठं जातायत कळतच नाही मला.,Anger
थायलंडमधील गुहेतून तेरा फुटबॉलपटूंना वाचवण्याची शक्यता असल्याचे ऐकून मला हर्षवायू झाला.,Happiness
या आवाज ओळखण्याच्या सॉफ्टवेअरची अचूकता पाहून मी अचंबित झालो आहे.,Surprise
"काल रात्री मी एक धक्कादायक चित्रपट बघितला, आणि तेव्हापासून माझ्या विचारांना पछाडतोय तो.",Fear
मला कुरिअर सेवेचा राग आला आहे. मी त्यांना लवकर डिलीव्हरी देण्याची खास विनंती केली तरीही आधीच एक दिवस उशीर झालेला आहे!,Anger
"हॉटेलमधील या नळाच्या पाण्याची चव मला बिलकुल सहन होत नाही, ती भयानक आहे.",Disgust
"माझ्या मॉड्युलर किचनमधील ढिसाळ कारागिरीमुळे माझा अतोनात संताप झाला आहे. कॅबिनेट एका रेषेत नाहीत, सरकवायचे कप्पे व्यवस्थित बंद होत नाहीत आणि एकंदरीतच फिनिशिंग निकृष्ट आहे.",Anger
"मला आकाश ठेंगणं झालंय, कारण आम्ही आमची उद्दिष्टं ठरलेल्या वेळेपूर्वीच साध्य केली आहेत!",Happiness
फिटिंग खूपच छान आहे शर्टचं. त्यामुळे जास्त सुंदर दिसतोय मी.,Happiness
निर्मनुष्य जंगलात कोणीतरी माझ्या खांद्यावर हात ठेवला तेव्हा मी सटपटलोच.,Surprise
आज रेस्टॉरंटमध्ये जेवणाची चव पाहून मला खरोखरच धक्का बसला. आम्ही तिथे सहसा अनुभवत असलेल्या दर्जाचं ते नव्हतं.,Disgust
"मी पाच वेळा तुला ते पुस्तक आणायची विनंती केली पण तू नेहमीच विसरतोस, असं का करतोस तू?",Anger
चेन्नई ते कन्याकुमारी अशा सातशे किलोमीटरच्या रोड ट्रिपवर गेलो होतो मी आणि माझ्या आयुष्यातला सगळ्यात मस्त अनुभव होता तो.,Happiness
ड्रायव्हिंग स्कूलमध्ये बराच जास्तीचा सराव करूनही माझे ड्रायव्हिंग कौशल्य सुधारत नाही हे खरेच संतापजनक आहे.,Anger
कार्यक्रम एकाच व्यक्तीच्या उपलब्धतेवर आधारलेला असण्याची गरज मला भीतीदायक वाटली आणि कार्यक्रम माझ्या अनुपस्थितीत पुढे नेण्याचे मी ठरवले.,Fear
"गेल्या काही महिन्यांत मला माझ्यावर टीका होण्याची इतकी भीती वाटत राहिलीये, की मी ट्विटर, फेसबुक आणि लिंक्डइनवर ऑनलाइन लिहिणंच बंद केलंय.",Fear
आमच्या मुलांनी खूप विचार करून त्यांच्या आईसाठी तिच्या वाढदिवसाला एक लॅपटॉप आणला आणि तिचा दिवस साजरा केला.,Happiness
या महिन्यात माझ्या खात्यात वार्षिकीची रक्कम जमा झाली तेव्हा मला दिलासा मिळाला.,Happiness
वाहतुकीदरम्यान कुरिअरनं ग्राहकाचं पार्सल हरवलं तेव्हा त्याला काय सांगावं हे मला कळत नाही.,Fear
"ती चूक कर अधिकाऱ्यांची होती, आणि मी दिलगीर आहे, पण तुम्हाला जास्तीचा कर भरायला सांगितलं जाईल.",Sadness
मला नाही आवडत हा प्लॅटफॉर्म. व्हिडिओ तयार करणाऱ्या कलाकारांना खूप कमी पैसे देतात ते.,Disgust
एका चित्रपटात मी एक गलिच्छ रुग्णालय बघितलं आणि त्या गरीब रुग्णांसाठी मला दुख्ख वाटलं.,Sadness
चित्रपटाच्या भूमिकेसाठी ऑडिशन देण्याकरता मी कॅमेऱ्यासमोर उभा राहिलो तेव्हा माझ्या हातांचे तळवे घामेजले आणि माझे हृदय धडधडायला लागले.,Fear
नवीन उत्पादनाची वाट बघणाऱ्या ॲपलच्या कट्टर चाहत्यांनी किंमत ऐकल्यावर एकासुरात आरडाओरडा केला.,Sadness
जेव्हाही तू तुझ्या लॅपटॉपवर इंटरनेट वापरतोस तेव्हा मला तुझ्या चेहऱ्यावर हसू दिसते. तुला इंटरनेट कनेक्टिव्हिटी आवडलेली दिसते!,Happiness
अखिल भारतीय गायन स्पर्धेच्या परीक्षकांशी तो गायक उद्धटपणे बोलल्यानंतर मी त्याच्या भवितव्याबद्दल चिंतित होतो.,Fear
रेनफॉरेस्टमध्ये झिप लाइनिंगसाठी कुठले सुरक्षा उपाय आहेत का हो?,Fear
"जेव्हा तुम्ही लोकप्रियतेसाठी विद्वत्तापूर्ण संशोधनाकडे दुर्लक्ष करणं आणि दिशाभूल करणाऱ्या अहवालांचा प्रचार करणं निवडता, तेव्हा तुम्ही कौशल्याला खरोखरच महत्त्व देता का याबद्दल मला शंका येते.",Disgust
"जेव्हा रेल्वे आरक्षण कारकून मला चेन्नई ते दिल्ली अशी रेल्वेगाडी शोधण्यात स्वारस्य दाखवत नाही, तेव्हा मला त्याचा तीव्र संताप वाटतो.",Disgust
महामार्गांवर गाडी चालवण्याच्या कल्पनेने मला भीती वाटतेय आणि कदाचित मला माझ्या ड्रायव्हिंग प्रशिक्षकाकडून आणखी प्रशिक्षणाची गरज लागेल.,Fear
आरोग्य केंद्राकडून देण्यात येणारी औषधे कालबाह्य झाल्याचे दिसत आहे आणि ते भीतीदायक आहे.,Fear
जबरदस्त होतं तुमच्याकडचं जेवण.,Happiness
मला जेव्हा ही दुर्मिळ पहिली आवृत्ती  पुस्तकांच्या लहानशा दुकानाच्या कोपऱ्यातल्या एका शेल्फवर सापडली तेव्हा माझा त्यावर विश्वास बसत नव्हता.,Surprise
माझ्या मुलाच्या वाढदिवसासाठी भेटवस्तूंवर खर्च करण्यासाठी माझ्याकडे पुरेसे पैसे होते आणि पायाला चक्र लावत मी त्या सुंदर दुकानात गेलो.,Happiness
अमेरिका आणि युरोपमधल्या बाजारपेठेतल्या सगळ्या नकारात्मक भावनांमुळं मला जरासं अस्वस्थ वाटतंय.,Fear
जेव्हा पगार देणारी टीम साफसफाईच्या कर्मचाऱ्यांना त्यांच्या करारानुसार बक्षीस न देता त्यांना कमी पैसे देते तेव्हा मला वेड लागायची पाळी येते.,Anger
माझा विश्वासच बसत नाही की तू आणखी एक वचन मोडलंस.,Anger
"जेव्हा मी न्हाणीघरापासून कुंपणाची भिंत  आणि स्वयंपाकघरापर्यंत, अशी पुन्हा बांधायच्या कामाची व्याप्ती विचारात घेतो, तेव्हा ते उदासीनतेचा स्पर्श असलेल्या जुन्या आठवणींच्या लाटांचा सामना करण्यासारखं असतं.",Sadness
आजकाल आपले उत्पन्नाचे मार्ग तुमच्यासाठी कसे ठरतायत?,Happiness
त्यांच्या संगीताच्या आणि नाचण्याच्या क्षमतेबद्दल आम्हाला प्रचंड आशा होत्या.,Sadness
गंभीर अॅलर्जीच्या रिॲक्शन्स देणाऱ्या कृत्रिम कपड्यांची भीतीच वाटते मला.,Fear
चित्रपटातील माझ्या अभिनयासाठी थिएटर प्रेक्षकांकडून टाळ्यांचा कडकडाट झाल्यामुळे मला धन्यतेचा अनुभव आला.,Happiness
बेकरने वचन दिल्याप्रमाणे केक वेळेवर पोहोचवला नाही याचा मला राग आला.,Anger
जेव्हा ग्राहक भरपूर साड्या पाहायला मागतात आणि नंतर एकही खरेदी न करता निघून जातात तेव्हा मला ते फारच हताश करणारं वाटतं.,Sadness
जेव्हा माझ्या पत्नीच्या वडिलांचं अचानक निधन झालं तेव्हा तिच्यासाठी दिवस दुःखाच्या धुक्यात अस्पष्ट झालेले दिसत होते.,Sadness
"शिक्षणाचं एक सकारात्मक वातावरण तयार करण्याचा आम्ही सर्वतोपरी प्रयत्न करतो, पण ते नेहमीच परिपूर्ण नसतं.",Sadness
माझ्या वडिलांनी जर माझं मार्क शीट बघितलं तर ते काय म्हणतील कोण जाणे.,Fear
माझ्या गाडीचं इंजिन खराब झालं आणि ते दुरुस्त करण्यासाठी दोन लाख रुपये खर्च येईल म्हणाले ते.,Sadness
सोशल मीडियावर माझ्या लौकिकाचा चुराडा करण्याचा प्रयत्न केल्याबद्दल मी तुला न्यायालयात खेचीन आणि एकेका रुपयासाठी खटला दाखल करीन तुझ्यावर.,Anger
"मी आज दोन किलो गहू विकत घेतले, तर दुकानदाराने त्यावर अर्धा लिटर तूप मोफत दिलं मला.",Happiness
"मला नुकतीच एका महत्त्वपूर्ण व्यावसायिक खर्चाच्या रकमेची परतफेड मिळाली, जी मंजूर केली जाणार नाही असं मला वाटत होतं.",Happiness
अहमदाबाद विमानतळाच्या धावपट्टीवर एक फूट पाणी साचलं तेव्हा माझा माझ्या डोळ्यांवर विश्वासच बसत नव्हता.,Surprise
"मला पोटाच्या समस्यांची भीती वाटते, त्यामुळे माझ्या सत्रात व्यत्यय येऊ शकतो.",Fear
"माझ्या छोट्याशा बेकरीची कल्पना मी एका आरामदायी, गजबजलेल्या भागात केली, जिथे भरपूर पादचाऱ्यांची गर्दी असते, परंतु बहुतेक उपलब्ध जागा एकतर फार लहान आहेत किंवा आशादायक वाटत नसलेल्या ठिकाणी आहेत हे निराशाजनक आहे.",Sadness
मी प्राथमिक परीक्षेत उत्तीर्ण झाल्यानंतर पदव्युत्तर अंतिम परीक्षेत माझे पहिले स्थान दुसऱ्या विद्यार्थ्यामुळे गमावले तेव्हा माझी वाचा बसली होती.,Surprise
माझ्या आजीला चुकून माझा धक्का लागल्यानंतर ती जवळजवळ खाली पडणार होती तेव्हा माझी आई माझ्यावर भयंकर संतापली होती.,Anger
वॉशिंग मशिनच्या मोटरवर ते आजीवन वॉरंटी देतात यावर माझा विश्वासच बसत नाही.,Surprise
एक शिक्षक म्हणून तुमचा पाठिंबा आणि कौतुक माझ्यासाठी खूप महत्त्वाचं आहे.,Happiness
"शाळेचं गुंडगिरीचं धोरण तर अतिशयच भीतीदायक आहे, ते रोखण्यासाठी काहीही केलं जात नसल्यामुळं तर विशेष करून.",Disgust
माझे लायसेन्स मिळवण्यासाठी त्या सर्व चाचण्या आणि तपासणीतून जावं लागणार म्हणून मी खरोखर चिंताग्रस्त आहे. हा एक मोठ्ठा अडथळा पार करावा लागणार असं वाटतय.,Fear
मला कळतच नाही की भविष्यात जर मला आणखी समस्या आल्या तर माझं काय होईल.,Fear
"जेव्हा मी माझ्या मित्रांना माझ्या गाड्यांच्या तज्ज्ञाकडे पाठवतो तेव्हा मी बेफिकीर असतो, कारण त्यांच्या गरजांची काळजी घेतली जात असल्याची तो खात्री करतो.",Happiness
आक्रमणकर्त्यांनी आपल्या देशातील सर्व भव्य ग्रंथालये का नष्ट केली काय माहित.,Sadness
ऑडिशन दरम्यान जेव्हा कास्टिंग डायरेक्टरने संपूर्ण दिवस माझ्याकडे दुर्लक्ष केले तेव्हा मला भयंकर अनादर झाल्यासारखे वाटले.,Anger
"रेस्टॉरंटने दिलेल्या सेवेनं एक अन्न समीक्षक म्हणून मला निराश केलं, कारण मला माझ्या आणि आजूबाजूच्या टेबलांवर जेवण गलथान पद्धतीनं आणि मंद गतीनं  वाढलं जाताना दिसत होतं.",Sadness
युवराज सिंगने स्टुअर्ट ब्रॉडला एका षटकात सहा षटकार ठोकले तेव्हा संपूर्ण क्रिकेट जगत आनंदाने उसळले.,Happiness
मी अनेक वर्षांपासून तुमच्या दागिन्यांच्या दुकानाचा निष्ठावान ग्राहक आहे आणि तरीही तुम्ही मला हे निकृष्ट पर्याय दाखवताय? हे फारच निराश करणारं आहे.,Anger
माझ्या बागेत दररोज सकाळी खारींचे जिज्ञासू रूप मला पाहायला आवडते. व्यक्ती एक,Happiness
माझ्या फोनचा वापर करून मी टॅक्सीही बुक करू शकतो याचं किती बरं वाटतंय मला. आता रिक्षा शोधायची काळजी करण्याची गरज नाही मला.,Happiness
कॅबिनेटसाठी पार्टिकल बोर्ड वापरायच्या कल्पनेचा मला तिटकारा आहे. हे सपशेल चुकीचं आहे आणि माझ्या मनातल्या आकर्षक आणि मोहक स्वरूपाच्या विरुद्ध आहे.,Disgust
"माझ्या विम्याचा दावा नाकारला गेला, कारण हॉस्पिटलनं माझ्या परतफेडीच्या कागदपत्रांचा बट्ट्याबोळ केला.",Anger
"मी नेहमी माझ्या मागच्या आरशामध्ये बघत असतो, विशेषतहा जेव्हा माझ्या मागे सिटी बस असते. त्यांच्याकडे क्वचितच ब्रेक असतात.",Fear
"जेव्हा मी एवढ्या दूर दुकानात जातो आणि बरेच दिवस ताज्या भाज्या मिळत नाहीत, तेव्हा मला त्रास होतो.",Sadness
"घ्या अनुभव अशा केकचा, ज्याच्या प्रत्येक घासाने तुम्हाला पश्चात्ताप होईल आणि जो जीभेवर एक बेक्कार चव सोडेल.",Disgust
केवळ मी तुझ्याशी नीट बोलत नाही म्हणून तू मला बोर्डिंग स्कूलमध्ये तर घालणार नाहीयेस ना?,Fear
आगामी गटचर्चेबद्दल मला जरा हुरहूर वाटत आहे.,Fear
"विशेषतः मला बोनसही चुकता करावा लागत असल्याने, घटता कॉर्पोरेट नफा मला चिंतेत टाकतोय.",Fear
आरोग्य केंद्राच्या बिलामुळे माझी चिडचिड झाली कारण ते विमा स्वीकारत नाहीत ही माहिती त्यांनी मला आधी दिली नव्हती.,Anger
या भाड्याच्या निवासी जागेत आधीच सौर पॅनल्स बसवलेले आहेत या वस्तुस्थितीमुळे मला सुखद धक्का बसला आहे.,Surprise
"तू काय केलेस ते मला माहीत नाही, पण ते चघळलेले पेन घाणेरडे दिसत आहेत.",Disgust
आमच्या रस्त्यावर ज्या प्रकारे बेकायदेशीरपणे घरं वाढवली जातायत त्यामुळे मी खरोखरच चिडलोय.,Anger
सिनेमा इतका टुकार बनवला गेलाय याचा जाम राग आलाय मला. माझा वेळ आणि पैसा मी त्यावर वाया घालवला यावर विश्वासच बसत नाहीये माझा.,Anger
"मी ट्रान्सक्रिप्टकडे पाहिलं आणि जेव्हा मी बघितलं की मी वार्षिक परीक्षेत पैकीच्या पैकी गुण मिळवलेत, तेव्हा अविश्वासानं डोळेच चोळले मी.",Surprise
फोनवर तीनदा आठवण करून दिल्यानंतरसुद्धा जेव्हा बेकरला माझ्या ऑर्डरची आठवण राहिली नाही तेव्हा मी हताश झालो.,Anger
"मला मूलभूत सेवेसाठी वाजवी किंमतीची अपेक्षा होती, पण हे बिल महामार्गावरील लूट आहे! तुम्ही माझी खिल्ली उडवत आहात का?",Anger
भग्न झालेलं प्राचीन मंदिर शापित आहे असं मला सांगण्यात आलं तेव्हा त्याच्या प्रवेशद्वारात मी भीतीनं  गळाठून उभा राहिलो.,Fear
"वसिष्ठ आणि अरुंधती हे द्वैती तारे विवाहित जोडप्यांना दाखवण्यासाठीचे आहेत हे आपल्या हिंदू धर्मातल्या पूर्वजांना माहीत होतं, याचं मला नवल वाटतं.",Surprise
या संग्रहालयात येण्यासाठी मी पैसे दिलेत आणि या कलाकृतींशी मी मला हवा तसा संवाद साधेन!,Anger
आपण एकत्र करत असलेल्या सगळ्या गोष्टींनंतरही तुम्ही माझ्या पाठीमागे इतकं दुखवणारं काहीतरी बोलला असाल यानंच माझा तिळपापड झालाय.,Anger
कलुषित माहितीच्या आधारे ए. आय.ची निर्णय घेण्याची क्षमता आणि त्यामुळे सततचा होणारा पद्धतशीर भेदभाव यामुळे रक्त खवळतं माझं.,Disgust
जेव्हा मी अशक्य वाटणारं एखादं काम करायला निघतो तेव्हा मी एखाद्या तळ न दिसणाऱ्या विवराच्या काठावर उभा आहे असं वाटतं.,Sadness
गावातल्या रस्त्याच्या दोन्ही बाजूंना खुले नाले होते आणि भडभडून ओकावेसे वाटल्याशिवाय त्यावरून चालणे कठीण होते.,Disgust
आरक्षण कारकुनाला माझं ट्रेनचं तिकीट दुसऱ्या दिवसासाठी पुढे ढकलायला सांगायची खूपच भीती वाटतेय मला.,Fear
त्या पंजाबी माणसाने मला अस्सल अमृतसरी कुलचा खाऊ घातल्यावर माझा चेहरा खुलला.,Happiness
चित्रपटातलं छळछावणीचं दृश्य इतकं अस्वस्थ करणारं होतं की काही दिवस मला शांतपणे झोपताही आलं नाही.,Disgust
मद्यपान करण्याच्या अनावर इच्छेशी दोन वर्षं यशस्वीरित्या झुंज दिल्यानंतर मी परत मद्याकडे वळलो तेव्हा मला नैराश्य आलं.,Sadness
आमचे प्रतिस्पर्धी अधिक चांगली किंमत देऊ शकतील आणि आमचे ग्राहक चोरून नेतील अशी मला भीती वाटते.,Fear
"आजकाल मला गॅस सिलिंडर उचलण्याची भीती वाटते, कारण बहुतेक सिलिंडरवरील धातू गंजलेला असतो आणि स्वतःला कापून घेण्याचा धोका पत्करण्याची माझी इच्छा नाही.",Fear
मी इतर खोल्यांमधल्या रूग्णांशी मैत्री केलेली आणि मला सोडल्यानंतर लगेचच त्यांच्या सहवासाची राहून राहून आठवण यायला लागली मला.,Sadness
"मी जिथे लहानाचा मोठा झालो त्या रमणीय शेजारच्या परिसरात मला एक घर मिळेल अशी आशा होती, पण किंमती इतक्या वाढल्या आहेत की आता ते एखाद्या दूरच्या स्वप्नासारखं वाटतं.",Sadness
"जेव्हा जेव्हा उबर चालक माझी ट्रीप रद्द करतात तेव्हा मला त्याचा त्रास होतो, विशेषतः एखादी तातडीची बैठक असेल तर फारच.",Anger
मी ऑनलाइन जो वेळ घालवतो तो पन्नास टक्के ते तीन तासांनी कमी केल्यावर आता मी जास्त शांत आणि सकारात्मक झालोय. व्यक्ती दोन,Happiness
"अनेक वर्षांपासून या बँकेचा निष्ठावान ग्राहक आहे मी, पण आज मिळालेली सेवा अमान्य आहे मला. पर्यवेक्षकाशी बोलायचंय मला!",Anger
म्हणजे तुम्ही फक्त एकवीस दिवसच आराम केलाय? तुम्हाला पंचेचाळीस दिवस विश्रांती घ्यावी लागेल.,Surprise
अक्षय ऊर्जा उपक्रमाच्या माध्यमातून अंमलात आणलेल्या आमच्या भागातील प्रचंड सौर अॅरेमुळे मी चक्रावलो होतो.,Surprise
तुम्ही सगळे सांगताय त्या वेगवेगळ्या गोष्टींचा वीट आलाय मला!,Disgust
माझ्या भावंडांमधल्या सततच्या भांडणाचा अत्यंत वीट आलाय मला. आम्ही एकदासुद्धा एकत्र येऊ शकत नाही का?,Anger
"विशेषतः आज रात्री रेस्टॉरंटचं गजबजलेलं वातावरण लक्षात घेता, दिलेली ऑर्डर टेबलवर इतक्या वेगाने पोहोचण्याची मला अपेक्षाच नव्हती.",Surprise
मी ही वस्तू प्लगमध्ये घालणार नाही कारण त्यामुळं जोरदार झटका बसला मला.,Fear
राष्ट्रीय सुरक्षेच्या नावाखाली जेव्हा ते अभिव्यक्ती स्वातंत्र्याची गळचेपी करतात तेव्हा माझं रक्त खवळतं.,Anger
प्रत्येक वेळी मी तुमच्यापैकी कोणाला माझ्या दुकानासमोर स्टॉल लावू नका असे सांगतो तेव्हा मला माझाच तिरस्कार वाटतो.,Disgust
ते शैक्षणिक कार्यक्रमांसाठीच्या निधीत कपात करत आहेत हे बघून मला खूप वैताग येत आहे.,Anger
फक्त अँटिबायोटिक्स मागतोय मी! आता त्यासाठी मला डॉक्टरचं प्रिस्क्रिप्शन कशाला लागेल?,Anger
आमचं चेकबुक वेळेवर न पाठवल्याबद्दल फोन उचलून ग्राहक सेवेवर ओरडावंसं वाटतंय मला.,Anger
शहरातील बसगाड्यांमध्ये गोंधळ घालण्याचे आणि जनतेला त्रास देण्याचे निमित्त म्हणून विद्यार्थी बस दिन साजरा करतात.,Disgust
हा स्वस्तात बनवलेला माल आम्ही विकावा अशी वितरकांची अपेक्षा असते ते मला मुळीच आवडत नाही.,Disgust
माझ्या मुलांसाठी औषध विकत घेण्याच्या माझ्या असमर्थतेमुळे मी अश्रू ढाळत आहे. ग्राहक,Sadness
तू आत्ता तोंड न झाकताच अन्नावर शिंकलास का?,Disgust
तुमच्या शब्दांवरूनच मला कळलंय की मी हिंदीच्या परीक्षेत नापास झालोय आणि मला खूप निराश वाटतंय. विद्यार्थी,Sadness
"मी बँकेत गेलो आणि पंधरा मिनिटांतच माझ्या मुलाचं खातं उघडलं गेलं, तेव्हा मी अक्षरशहा हवेतच चालायला लागलो.",Happiness
स्थानिक हस्तकलेचा दर्जा अनपेक्षितपणे उत्कृष्ट दर्जाचा आहे.,Surprise
"माझ्या टीमच्या सदस्यांवर ओरडण्याची त्याची हिंमतच कशी झाली, खासकरून जेव्हा तो त्यांचा दोषच नव्हता!",Anger
जोरदार बर्फवृष्टी होत असताना मध्यरात्रीच्या वेळी अमेरिकेच्या एका छोट्या शहरात सार्वजनिक वाहतुकीनं जाण्याची कल्पना मला पटली नाही.,Fear
जेवण अतिशय स्वादिष्ट होते मसूरीतील. तिथे मी माझ्या आयुष्यातला सगळ्यात चांगला मलई कोफ्ता खाल्ला.,Happiness
माझ्या पीएचडी कार्यक्रमाच्या अपेक्षांनी मला थोडी भीती घातलीये.,Fear
अमेरिकेतील रिसॉर्टमध्ये आम्ही आरक्षित केलेली निवास व्यवस्था ऑनलाइन दिलेल्या छायाचित्रांशी जुळत नव्हती हे निराश करणारं होतं.,Sadness
कर भरल्यानंतर जेव्हा मला आयकर अधिकाऱ्यांकडून एखादे पत्र मिळते तेव्हा दर वेळी माझं हृदय बंद पडतं.,Fear
सकाळी सकाळी व्यायाम केला की बरं वाटतं मला.,Happiness
पदव्युत्तर पदवीसाठी अमेरिकेत गेलेल्या एका बाईला रस्त्यावर उपाशी राहिलेलं बघणं हताश करणारं होतं.,Sadness
"उमेदवाराने त्याच्या पगाराचा उल्लेख करेपर्यंत, त्याचा ज्या पदासाठी विचार केला जात होता त्यापेक्षा उच्च पद त्याला पाहिजे आहे याची मला कल्पना नव्हती.",Surprise
मी माझ्या गुंतवणूकीच्या खात्यांसाठी केवढं जास्त शुल्क भरतोय हा विचार नाउमेद करणारा आहे.,Sadness
मी पॅरिसमधल्या नोत्र डेम कॅथेड्रलमध्ये शिरलो आणि आतली गुहा बघून माझा आ वासला.,Surprise
तुमच्या बेईमानीपणाने आणि आदराच्या अभावामुळे तिरस्कार वाटतोय मला.,Disgust
नुकतीच काही काळापूर्वी आम्ही सगळे कष्ट घालून शेते साफ आणि स्वच्छ केल्यावर ती मला नापीक दिसतात तेव्हा मला माझ्या मनावर जड भार असल्यासारखे वाटल्याशिवाय रहात नाही.,Sadness
"हॉटेलची कपडे धुलाई व्यवस्था माझे कपडे माझ्या परिषदेसाठी वेळेवर परत करेल का, या विचारानी मला थोडं अस्वस्थ वाटतंय. आतापर्यंत त्यांनी प्रत्येक सेवेसाठी विलंब लावला आहे.",Fear
मुसळधार पाऊस पडतो तेव्हा आरोग्याला स्थानिक अन्न आणि पाण्याशी संबंधित धोका असू शकतो ही चिंता वाटायला लागते मला.,Fear
मी माझ्या पुराणकालीन घड्याळाची अदलाबदल करून घेतलेलं फॅन्सी नवीन प्रकारचं घडयाळ एका आठवड्यात बंद पडलं तेव्हा माझं हृदय विदीर्ण झालं.,Sadness
भारतातल्या फुटबॉलच्या भविष्याची खरोखरच भीती वाटते मला.,Fear
अंतराळवीरांनी केलेले त्याग आणि अंतराळ मोहिमांमध्ये जीव गमावून बसण्याची शक्यता हे विचार फार दुःखी करतात मला.,Sadness
मी उद्या शहराबाहेर चालले आणि मला जातीय संघर्षांची चिंता वाटतेय.,Fear
अखेर! तुम्ही आपल्या वतीने बोलण्यासाठी तयार झालात याचा आनंद होतोय मला. व्यावसायिक,Happiness
"तुमचं विमान चुकल्याबद्दल आम्ही दिलगीर आहोत, कारण आमच्याकडे जास्तीचं बुकिंग झालं होतं.",Sadness
व्वा! आज न्हाव्याच्या दुकानात येण्याआधी डोकं धुतलं होतं का तुम्ही?,Surprise
माझा खर्च पूर्णपणे भरून निघेल अशी अपेक्षाच नव्हती मला!,Surprise
शिस्त सगळ्यात महत्त्वाचा गुण आहे कोणत्याही खेळात चांगले होण्यासाठी. तुम्ही अर्धा तास उशीरा याल आणि तरीही एक चांगला खेळाडू बनाल असं अजिबात समजू नका.,Anger
हो! हेच ते पुस्तक आहे जे मी खूप दिवसांपासून शोधत होतो. किंमत किती आहे याची?,Surprise
खळबळजनक बातम्यांचा होणारा विपर्यास पाहून मला वीट आल्यावर मी वर्तमानपत्र विकत घेणेच बंद केले.,Disgust
चेन्नई येथे एका स्पर्धेच्या सामन्यात फुटबॉल पंचांनी आमच्या प्रतिस्पर्ध्यांना उघडपणे पाठिंबा दिला तेव्हा मी भडकलो होतो.,Anger
शुद्धीवर असताना हिरव्या रंगाचे ठिपके असलेली गुलाबी रंगाची गाडी का चालवायची असेल कुणाला?,Disgust
खेळाडूंना त्यांच्या प्रतिस्पर्ध्यांचा अनादर करताना बघणं निराशाजनक आहे.,Disgust
ऑनलाईन वर्ग मस्त आहेत एकदम. माझा लॅपटॉप चालू करून मी सहज बैठकीत सहभागी होऊ शकतो आणि परत झोपून जाऊ शकतो.,Happiness
"विमान कंपनीने आमचे सामान हरवले आणि आम्हाला भरपाईही दिली नाही, ज्यामुळे मी रागाने धुमसत राहिलो.",Anger
तू ऐकते आहेस का? मला एकच गोष्ट अनेक वेळा सांगावी लागते हे चीड आणणारे आहे.,Anger
"सी.ई.ओ.च्या राजीनाम्यामुळे कर्मचाऱ्यांच्या मनोधैर्याला धक्का बसला, कारण ती कंपनीमध्ये लोकप्रिय होती.",Sadness
"सकाळी नऊ वाजेपर्यंत बँक कर्मचारी कामकाजासाठी उपलब्ध होतील अशी मला अपेक्षा नव्हती, पण मला ते सगळे तिथे आढळले आणि बँक कामकाजासाठी उघडलेली आढळली!",Surprise
"तू एक वर्षापासून प्यायलाच नाहीयेस यावर विश्वासच बसत नाहीये माझा! हा एक लांब आणि खडतर प्रवास होत आलाय, पण तू हे करून दाखवलंस!",Surprise
तू दिवसभर चिडचिड करत असतोस कारण तुला रात्रीची झोप नीट मिळत नाही.,Anger
"माझ्या पहिल्या बेडरूमवर त्यांचा हात साफ करून झाला होता तेव्हा मला ते चोरटे दिसले, पण त्यांच्याकडे हे मोठे चाकू होते ज्याने त्यांनी मला जीवे मारण्याची धमकी दिली.",Fear
व्वा! तू सकाळी एका शिफ्टमध्ये काम करतोस आणि संध्याकाळी दुसऱ्या! तू आराम नाही का करत कधीच?,Surprise
तुला त्रास होतोय. तू ऑर्थोकडे का जात नाहीयेस?,Sadness
संवेदनशील लोकसंख्येला ब्रोकर ज्या प्रकारे मोठी जोखीम असलेल्या गुंतवणुकीसाठी लक्ष्य करतात ते खरोखरच निंदनीय आहे.,Disgust
आम्ही आरक्षित केलेली निवासाची व्यवस्था ऑनलाइन फोटोंशी जुळत नव्हती आणि ती अगदीच निराशाजनक होती.,Sadness
"मला जो अपरिहार्य वाटला, त्या माझ्या बॉसला नेतृत्व संघाने काढून टाकले तेव्हा त्यांनी सर्वांना थक्क करून सोडले.",Surprise
आपला शाश्वत एक हुशार विद्यार्थी आहे! अखिल भारतीय अभियांत्रिकी प्रवेश परीक्षेत अतिशय चांगल्या रँकने पास झालाय तो.,Happiness
"आयकर अधिकाऱ्यांनी मागितलेला अतिरिक्त कर जर आपण भरला नाही, तर तुमच्या कराची हिशोबतपासणी होण्याची भीतीदायक शक्यता आहे, जी गेल्या पाच वर्षातील तुमच्या सर्व आर्थिक गोष्टी खोदून काढेल.",Fear
मला ग्राहकाच्या विरोधात बोलायचं नाहीये कारण माझी नोकरी गमवायला लागेल मला.,Fear
आपण सोडून सगळ्यांना बदललेले सिलेंडर वेळेवर मिळतायेत.,Sadness
"एका वर्गमित्राने माझ्याकडून पैसे उधार घेतले आणि नंतर ते परत न करता तो गायब झाला, त्यामुळे मी त्याच्यावर भडकलो होतो.",Anger
ज्यांना आपण ओळखूही शकत नाही अशा लोकांना शोधण्याशिवाय आमच्याकडे दुसरं काम नाही असं वाटतं का तुम्हाला?,Disgust
"कंपनीने बाहेरील लोकांना कर्मचार्यांना ईमेल पाठविण्यापासून रोखले, कारण त्यांना व्हायरसच्या हल्ल्याची भीती वाटत होती.",Fear
विमानात दिले जाणारे जेवण आवडत नाही मला अजिबात. आळणी असतं ते आणि एक विचित्र प्रकारचा वास असतो त्याला.,Disgust
ज्या मालासाठी त्याने पैसे दिले होते जेव्हा तो वेळेवर आला नाही तेव्हा ग्राहक रागाने लालबुंद झाला.,Anger
समारंभाबद्दल नसते प्रश्न न विचारता केक बेक करा फक्त!,Anger
माझं ध्येय साध्य करण्यासाठी जग अगदीच अर्थहीन आणि उद्देश्यहीन आहे असं वाटतं.,Sadness
हॅरिसन फोर्डने त्याच्या सर्व चित्रपटांमध्ये इंडियाना जोन्स म्हणून केलेला अभिनय मला खूप आवडला.,Happiness
"जेव्हा मी महाविद्यालयात अर्ज करत होतो, तेव्हा केवळ ती मोठमोठी लेखाशास्त्राची पुस्तके वाचण्याच्या विचारानेच मी घाबरून गेलो.",Fear
"नॉर्मंडीचे समुद्रकिनारे पहायचे माझ्या आयुष्यभर मनात होते पण तुम्हाला द्यायला माझ्याकडे काहीच पैसे नाहीयेत, तर तुम्ही मला तिथला रस्ता सांगू शकता का? पर्यटक",Sadness
चेन्नईतल्या अनेक महाविद्यालयातील विद्यार्थी बस डेच्या दिवशी विघातक वर्तन दाखवतात तेव्हा चिडचिड होते.,Anger
आम्ही गाडीतून जाताना गावातील लोक इतके दुःखी कष्टी दिसत होते की मला त्यांच्याबद्दल वाईट वाटले.,Sadness
"व्वा! आज लस घेतलीस तू, आणि तरीही ताप किंवा अशक्तपणा नाहीये तुला. प्रतिकारशक्ती एकदम दणकट असणार तुझी!",Surprise
आज बाजारात क्रिप्टोकरन्सीचे मूल्य कधी झपाट्याने घसरले ते मला कळलेच नाही.,Surprise
विजेत्या संघानं खराब खिलाडूवृत्ती दाखवणं लाजिरवाणं होतं.,Disgust
संगीताचे शिक्षक शिस्तीबद्दल खूप आग्रही होते आणि मला भीती वाटत होती की हा तरुण मनमुक्त विद्यार्थी जर बदलला नाही तर तो एक चांगला शिक्षक गमावेल.,Fear
मी फिनिक्स मॉलमध्ये खरेदी करतो तेव्हा माझं पाकीट मारलं जाईल याची नेहमीच चिंता वाटते.,Fear
मी जन्माला आलो तेव्हा एक दोन दिवस माझे डोळे निळे होते असं माझ्या आईनी सांगितलं तेव्हा माझा माझ्या कानांवर विश्वासच बसेना.,Surprise
बँक कर्मचाऱ्याने माझ्या मुलाचं भविष्य सुरक्षित करण्यासाठी जेव्हा विविध पर्यायांवर चर्चा केली तेव्हा मला अत्यानंद झाला.,Happiness
आपल्या दुकानात चोरी झाल्याचे लक्षात आल्यानंतर दुकानदाराच्या तळपायाची आग मस्तकात गेली.,Anger
"मला उत्तर चेन्नईमध्ये माझी गाडी लावायला आवडत नाही, कारण मी परत आल्यावर ती चांगल्या स्थितीत असेल की नाही ते मला माहित नसते.",Fear
मी नाही खेळत हा खेळ. पटावरचा हा खेळ खेळणारी शेवटची व्यक्ती जिवंतही नाही आता.,Fear
"संपल्या एकदाच्या सगळ्या परीक्षा, आता मी परत फुटबॉल खेळायला जाऊ शकतो.",Happiness
टीव्ही दुरुस्त करणाऱ्या माणसाकडे बघवतच नव्हतं मला. चिखलाच्या डागांनी माखलेला गुलाबी शर्ट घातलेला त्यानं.,Disgust
कोड वेळेवर पोहोचवण्यातली तुमची असमर्थता तुम्ही ग्राहकाला कळवली नाही हे अमान्य आहे.,Anger
एका ग्राहकानं आमच्या दुकानातल्या त्याच्या सकारात्मक खरेदीचा अनुभव सोशल मीडियावर शेअर केला तेव्हा आम्ही अत्यंत खुश होतो.,Happiness
माझं पाकीट घरीच विसरलो मी. आता घरी जाऊन परत यावं लागेल मला.,Sadness
माझ्या मुलाला त्याच्या पदवीच्या पहिल्या सत्राच्या परीक्षेत त्याच्या अभियांत्रिकीच्या विषयांमध्ये वाईट गुण मिळाल्याने तो निराश झाला होता.,Sadness
दोन हजार सहाच्या विश्वचषक स्पर्धेनंतर मी टीव्हीवर पाहिलेला सगळ्यात भारी सामना आहे हा.,Happiness
"एवढ्या लांब प्रतीक्षेनंतर माझ्या वॉटर फिल्टरसाठी जास्तीचे वॉटर फिल्टर्स कामी आले, याने मी खुश आहे. ग्राहक",Happiness
विक्रम! आज मंचावर खूप आत्मविश्वासाने बोललास तू!,Surprise
आपल्याला आता माहित असलेले जग हे अगणित पिढ्यांच्या अवशेषांवर उभारले गेलेय हे समजून घेणे नम्रता आणणारे आहे.,Fear
मी रोज रात्रीच्या माझ्या सवयीच्या रस्त्यापेक्षा वेगळा रस्ता निवडला तर मला मी हरवण्याची किंवा मला कुणी पळवून नेण्याची भीती वाटते.,Fear
"मी आता इतर आय.एस.पीं.चा विचार करणार आहे, कारण तुमच्या महागड्या खर्चानं आणि वाईट सेवेनं मला पुरे झालंय.",Anger
या चटणीतला गोडवा आणि आंबटपणा यांचा नेमका समतोल आश्चर्यकारक आहे.,Happiness
दिल्ली ते मुंबई द्रुतगती मार्ग पाण्याच्या पेल्यातला थेंबही डॅशबोर्डवर न हिंदकळता गाडीनं पार करता येतो हे बघून मी थक्क झालो होतो.,Surprise
जवळपास एवढी सुंदर उद्यानं असलेल्या परिसरात भाड्याचं घर मिळाल्यामुळे मी विलक्षण आश्चर्यचकित झाले.,Surprise
ती कुत्री माझ्याकडे बघून गुरगुरत आहेत. मी तिकडून गेलो तर चावणार ती मला.,Fear
आपण सातत्यानं आपली उद्दिष्टं पूर्ण करत आलो आहोत आणि काही चांगले परिणाम दिसायला लागलेत आपल्याला!,Happiness
प्रीती! यंदाच्या मिस वर्ल्ड चॅम्पियनशिपसाठी आपल्या छोट्या बहिणीची निवड झाली!,Surprise
निव्वळ मी अमेरिकेत स्थानांतरित झाल्यामुळे मला वाहनचालकाच्या संपूर्ण परवाना प्रक्रियेतून पुन्हा जावे लागल्याने मी वैतागलो आहे.,Anger
"तुमचं उत्पन्न सातत्याने वाढताना बघून आम्हाला आनंद होत आहे, तुमच्यासाठी एक उज्ज्वल आर्थिक भविष्य निर्माण होईल!",Happiness
"बस चालक महामार्गावर स्टंटमॅनसारखा गाडी चालवत होता, तेव्हा मी त्याला विरोध करत होतो.",Anger
एका ग्राहकाने आमच्या वैयक्तिकृत शिफारशीबद्दल प्रशंसा व्यक्त केली आणि त्यामुळे आम्हाला स्वाभाविकपणे आनंद झाला.,Happiness
शहरातल्या रस्त्यांवर उद्रेकांच्या वाढत्या घटनांमुळे दिल्लीतले रहिवासी धास्तावले आहेत.,Fear
"मी इतका कधी चिडलो नाही. मला एक असा फ्रीज हवा आहे, जो मला सतत त्याच्या हास्यास्पद समस्यांची चिंता करायला न लावता काम करेल!",Anger
गाडीच्या स्टिरिओ प्रणालीत समाविष्ट केलेल्या तपशीलवार सूचनांमुळं मला सुखद आश्चर्याचा धक्का बसला.,Surprise
बँकेत असल्याचा दावा करणाऱ्या आणि एका आर्थिक व्यवहाराची पडताळणी करण्यासाठी मला ओ. टी. पी. मागणाऱ्या कॉलरपासून मी सावध होतो.,Fear
"पोलीस आणि गुन्हेगारांना पकडण्याचा तुमचा अनुभव पाहता, गुन्हेगारांना पकडण्यासाठी तुम्हाला कॅमेरा फुटेजची गरज भासेल असं मला वाटलं नाही.",Surprise
"घसरत्या जीडीपीची वाढ मला काहीशी अस्वस्थ करते, कारण माझ्या खर्चाच्या क्षमतेवर त्याचा परिणाम होईल.",Fear
"भारी, माझा विश्वासच बसत नाहीये की स्टॉक मार्केटने आत्तापर्यंतचा सर्वात मोठा उच्चांक गाठला आहे!",Surprise
घरून खरेदी करताना अॅमेझॉन मोबाईल अॅप केवढं सोयीस्कर आहे हे बघून मला भारी नवल वाटलं.,Surprise
परिस्थिती बदलायचा काहीतरी मार्ग आहे याचा अतिशय आनंद झालाय मला.,Happiness
काय सांगता! दहा वर्षांपूर्वी सुभाषचंद्र बोसही याच हॉटेलमध्ये राहिले होते?,Surprise
बाजारपेठेतील घसरणीमुळे आगामी कॉर्पोरेट उत्पन्नाच्या हंगामाबद्दल मला बेचैनी वाटत आहे.,Fear
दिवसभर सोफ्यावर बसून तू सिनेमे कसले बघतोयस? बाहेर जाऊन खेळ बघू जरा!,Anger
गेल्या वर्षी जेव्हा बाजार खराब होता तेव्हा माझ्या गुंतवणुकीच्या पोर्टफोलिओकडे बघणे निराश करणारे होते.,Sadness
मी थोडं अन्न खाल्ल्यानंतर ते विटलं असल्याचं माझ्या लक्षात आलं आणि माझ्या डोक्याला मुंग्याच आल्या. आजारी पडण्याची भीती वाटत होती मला.,Fear
सामन्यानंतरच्या मुलाखतीत फुटबॉल संघाच्या प्रशिक्षकाने दुसऱ्या संघातील एका खेळाडूबद्दल मर्यादा ओलांडून शेरेबाजी केल्याने माझा आदर गमावला.,Disgust
कारगिल युद्धादरम्यान देशासाठी आपल्या प्राणांची आहुती देणाऱ्या सैनिकांची दृश्ये पाहताना मी भावनाविवश झालो होतो.,Sadness
"मी तुमच्या पगाराच्या विनंत्यांचा आढावा घेतला आहे आणि खरे सांगायचे तर, आम्ही ऑफर केलेल्या वाजवी भरपाईकडे तुम्ही दुर्लक्ष करत आहात हे पाहून निराशा होत आहे.",Anger
मी कमी पैसे खर्च करावेत आणि कार्यक्रमाच्या सुरक्षिततेच्या बाबतीत  तडजोड करावी या कार्यक्रमाच्या व्यवस्थापकाने मांडलेल्या विचारांचा मला तिरस्कार वाटला.,Disgust
तुमचा कलेबद्दलचा संकुचित दृष्टिकोन या कलाकृतींमागची सर्जनशीलता आणि नाविन्य ओळखण्यापासून थोपवतोय तुम्हाला.,Disgust
मला नाही वाटत की तुमचा मुलगा पुढच्या इयत्तेत जाईल. कोणत्याच परीक्षेत त्याने चांगले गुण मिळवलेले नाहीत.,Sadness
"भारतीय नौदलाचा एक माणूस एकटाच जगाची सैर करून आला. केवढं दाद देण्याजोगं, साधं आणि सोपं आहे हे!",Surprise
सिलिंडर पोचवण्यासाठी मी तुम्हाला जादाचे पाचशे रुपये मुळीच देणार नाही. हा तर दिवसाढवळ्या घातलेला दरोडा आहे!,Anger
गाडीला काळी काच असलेल्या लोकांना अक्कल नसते आणि ते राजकारणी असले पाहिजेत.,Disgust
मॅरेथॉन पूर्ण केली मी आणि पहिला आलो.,Happiness
या खरेदीच्या जिल्ह्यातला हा स्वच्छतेचा अभाव भयावह आहे.,Disgust
पृथ्वीच्या इतिहासात महापूर अनेक वेळा येऊन गेले असावेत ही कल्पना लोकांनी खोडून काढली तेव्हा मी दुख्खी झालो.,Sadness
चेंडू जोरात नको मारू माझ्याकडे. लागेल वगैरे मला.,Fear
एका महत्त्वाच्या प्रकल्पासाठी माझ्या गटांनी केलेल्या मेहनतीची दखल घ्यायला माझा प्रमुख नकार देतोय आणि त्यामुळे माझं पित्त खवळलंय.,Anger
मी हस्तांतरण करत असताना कॉम्प्यूटर बंदच झाला माझा.,Sadness
"राहुल! बोलू नकोस रे बाबा, नाहीतर लीलावती मॅडम आपल्याला एक तास सूर्याकडे बघत उभं करतील.",Fear
भारताचं माणसासकटच्या मिशनकडे लक्ष्य आहे आणि ते लवकरच प्रक्षेपित केलं जाईल हे बघून मला आनंद झाला.,Happiness
मॅरेथॉन स्पर्धेनंतर बेसेंट नगरचा समुद्रकिनारा कचऱ्याने भरलेला बघणे निराशाजनक होते.,Sadness
माझ्या ऐकण्याच्या क्षमतेवर प्रश्न करण्याची तुमची हिंमत तरी कशी झाली?,Anger
आपल्या आवडत्या खेळाडूला हॅटट्रिक करताना बघून टॉम आनंदानं झळकत होता.,Happiness
"मीरा, याबद्दल आधीच बोललो आहोत आपण! मला पुन्हा पुन्हा तेच प्रश्न विचारणे थांबव.",Anger
डायपर लोणच्याजवळ का ठेवतात ते?,Disgust
नेटफ्लिक्सवर सिनेमा बघताना व्ही.पी.एन. नको वापरत जाऊ. तसं केलंस तर दंड भरावा लागू शकतो तुला.,Fear
"मग मला वाटतं की माझं खातं बंद करण्याची वेळ आलीये, कारण बँकेला त्यांचे ग्राहक कोण आहेत हेच माहित नाहीये. ग्राहक",Sadness
आम्ही नियमितपणे वातानुकूलन चालवलं हे लक्षात घेता मला या महिन्यात आमच्या विजेच्या बिलाची भीती वाटतेय.,Fear
व्वा! तू तुझ्या गोष्टी शेवटच्या क्षणी करण्याची युक्ती बदलून नवीन सादरीकरण आधीच तयार करशील अशी अपेक्षा मला कधीच नव्हती.,Surprise
एका वर्गमित्राने त्याचे बोट नाकात घालून नंतर तेच बोट तोंडात घातल्यावर मला उलटी करावीशी वाटली.,Disgust
बृहदीश्वर मंदिराचं ऐतिहासिक महत्त्व मला माहीतच नव्हतं आणि मला ते खरोखरच विस्मयकारक वाटलं.,Surprise
"मी या हिवाळ्यात सुट्टीसाठी हिल स्टेशनवर जाणार नाहिये, कारण पर्यटकांना अंदाधुंदपणे मारले जात असल्याच्या अनेक बातम्यांमुळे मी हादरून गेलोय.",Fear
"""मला चांगलं नैसर्गिक प्रकाश असलेलं घर हवं आहे, अंधुक प्रकाश असलेल्या जागेत मला जरा अस्वस्थ वाटतं.""",Fear
रुग्णवाहिका चालक रुग्णाची ने आण न करता सायरन वापरत असल्याचे पाहून मी रागाने दातओठ खाल्ले.,Disgust
"आठ वर्षांनंतर जेव्हा मी शेवटच्या दिवशी शाळेत गेलो, तेव्हा उदास वाटलं मला.",Sadness
स्थानिक संग्रहालयात प्रदर्शनातील वस्तूंसाठी कोणतेही इंग्रजी भाषांतर नव्हते हे लाजिरवाणे आहे.,Sadness
"मला वाटलं की त्याच्या जागी महागडा नवीन घेण्याऐवजी मी दुरुस्तीच करू शकेन, परंतु दुरुस्तीचा खर्च फारच जास्त आहे हे समजल्यावर मला निराश वाटलं.",Sadness
"ज्या खेळाडूंनी अडथळ्यांवर मात करून आशियाई क्रीडा स्पर्धेत भारतासाठी पात्रता मिळवली आहे, त्यांचा मला अभिमान आहे.",Happiness
गोव्यातल्या ताज हॉटेलची लिफ्ट सततच बंद पडलेली असते.,Disgust
मला समजतंय. आम्ही तुमच्या मदतीसाठी इथे बसलोय. तुम्ही थोडी माहिती देऊ शकता का जेणेकरून आम्ही खातं बंद करण्याची प्रक्रिया सुरू करू शकू?,Happiness
मी तुझ्यावर ओरडतेय कारण तुझ्यातील सहानुभूतीच्या अभावाने मला डिवचले आहे.,Anger
जोरदार वाऱ्यासह तीव्र गडगडाटानंतर मी न्हाणीघराचा दरवाजा उघडला आणि आतल्या मोठ्या सापाकडे पाहून घाबरून परत फिरलो.,Fear
घरी परत येताना मी एका दगडाला ठेचकाळलो आणि मी घेतलेलं सगळंच्या सगळं दूध सांडलं जमिनीवर.,Sadness
हा चित्रपट मला चित्रपटगृहात बघता येणार नाही असं वाटतंय.,Sadness
"तुमच्या चेहऱ्यावरील सुंदर हास्यावरून मी सांगू शकतो की तुम्ही एक उत्कृष्ट व्यक्ती आहात, जी आपल्या आंतरिक भावनांशी संपर्क ठेवून आहे.",Happiness
मी जी. पी. एस. शिवाय अमेझॉनच्या जंगलात माझा मार्ग शोधू शकेन की नाही याबाबत मला शंका आहे.,Fear
"सार्वजनिक शौचालये गलिच्छ आणि त्यांची देखरेख बेकार होती, जे ओंगळ वाटत होतं.",Sadness
ज्यांच्यावर या कठीण काळात मी विश्वास ठेवू शकेन असं कुणीच नाहीये मला.,Sadness
स्मरणिकेच्या दुकानानं किंमती वाढवल्याचं जेव्हा माझ्या लक्षात आलं तेव्हा फसवलं गेल्याच्या भावनेनं मला खिन्न वाटलं.,Sadness
काही विद्यार्थी ज्या प्रकारे कॅम्पसमध्ये कुठेही कचरा फेकतात ते निंदनीय आहे.,Disgust
जेव्हा सायकलस्वार चेतावणी न देता माझ्या समोरील गल्लीतून बाहेर पडला आणि नंतर माझ्यावरच ओरडला तेव्हा माझे डोकेच फिरले.,Anger
हा मॉल म्हणजे एक भयानक अनुभव आहे. मी जे शोधत असतो ते मला कधीच सापडत नाही.,Anger
मागेपर्यंत रॉडने भरलेला ट्रक माझ्या समोर अचानक थांबला तेव्हा मी घाबरलो.,Fear
मस्त. वाऱ्याच्या वेगासारखं होतं हे. दोन सेकंदात हस्तांतरित झाले माझे पैसे.,Surprise
या लक्षणीय पुरातन खुर्च्या विकायचा तुमचा उत्साह बघून खरोखरच आनंद होतोय.,Surprise
ते त्यांच्या कर भरण्याच्या अनुभवाबद्दल खुश आहेत हे ऐकून चिंतामुक्त झालो आम्ही.,Happiness
ऑकलँडच्या मध्यवर्ती भागातून रात्री गाडी चालवताना मी अस्वस्थ होतो आणि मला सुरक्षितही वाटत नव्हते.,Fear
"शी, मला देण्यापूर्वी डॉक्टर शिंकले त्या टेस्ट स्ट्रीपवर.",Disgust
"जेव्हा मी ही वस्तू विकत घेतली, तेव्हा तर मला दुकानाच्या कारकुनानं हमी दिली होती, की मला ती बदलून घेता येईल.",Happiness
माझ्या पिशवीत पाल आहे. काय करू मी?,Fear
"तसंही, हा ग्राहक वेळेवर पैसे देत नाही आणि वेळेवर डिलिव्हरी करण्यातली आमची असमर्थता म्हणजे त्याला आमचे पैसे अनिश्चित काळासाठी पुढे ढकलण्यासाठी आणखी एक निमित्त मिळेल.",Disgust
मी गोळी घेतली होती पण आता दिसत नाहीये मला नीट आणि हात पण थरथर कापत आहेत माझे.,Fear
"मी भाड्याने घर घेत असलेला परिसर, विशेषतः माझ्या कुटुंबाच्या गरजा लक्षात घेता, निर्धोक आणि सुरक्षित असेल अशी मला आशा आहे.",Fear
"माझ्या पेमेंटची माहिती चुकीच्या पद्धतीने  हाताळण्याच्या शक्यतेमुळे, ही वितरण सेवा वापरण्याबाबत मला शंका येते.",Fear
मला हे ॲप आवडते कारण त्यामुळे माझे आर्थिक व्यवस्थापन सोपे होते.,Happiness
तुम्ही मला ओव्हरबुक केलेल्या फ्लाइटमध्ये बसवून मला उशीर कराल हे जर मला माहीत असतं तर मी तुमच्या एअरलाइनचं बुकिंग कधीच केलं नसतं.,Disgust
"रेल्वे आरक्षणाचा कारकून दिल्लीला जाण्याच्या माझ्या तातडीची पर्वा करत नाहीये आणि मला काउंटरवरून बाजूला व्हायला सांगतोय, हे उद्वेगजनक आहे.",Sadness
फुटबॉल स्टडची एकपण जोडी शिल्लक नाही का तुमच्याकडे? तसं असेल तर माझ्या मते उद्याचा सामना नाही खेळू शकणार मी.,Sadness
बॉलीवूडच्या अनेक कलाकारांना कार्यक्रमांमध्ये परफॉर्म करण्यासाठी माफियांकडून बळजबरी केली जाते.,Fear
लोकांना तो बँड का आवडतो हे समजतच नाही मला. त्यांच्या संगीतात केवढा तोचतोचपणा असतो!,Disgust
कॉलेजच्या शिक्षणानंतर काही विद्यार्थ्यांवर किती कर्ज आहे हे बघून मला आश्चर्याचा धक्का बसला.,Surprise
काल डेथ व्हॅलीमध्ये तापमान त्रेपन्न अंश सेंटीग्रेड होते हे मी बरोबर ऐकले आहे का?,Surprise
"व्वा! केवढं स्वादिष्ट आहे हे, अनपेक्षित आहे हे. जाम आवडलं मला.",Surprise
मी कामासाठी फ्रान्सला जातो तेव्हा माझ्या कुटुंबाला मागं ठेवणं बरं वाटत नाही मला.,Sadness
मी एका पदासाठी अर्ज केलेला तेव्हा त्या कंपनीनं मला इतकं उद्धट उत्तर दिलं की बेकार चिडचिड झाली माझी.,Anger
या ऐतिहासिक उत्खननासाठीचा तुमचा उत्साह बघणं खूप आनंदाचं आहे!,Happiness
"या ब्रँडला गेल्या पाच वर्षांत कधीही समस्या आली नाही, त्यामुळे तुम्हाला त्यात समस्या येत आहेत यावर विश्वासच बसत नाहीये माझा.",Surprise
हे संगीत इतकं कर्कश्श आणि विध्वंसक आहे की खूप राग आलाय मला याचा. इतर कशावरही लक्षच केंद्रित करू शकत नाहीये मी.,Anger
"मला निश्चिंत वाटतंय, कारण मला वाटतं की माझ्या पचनसंस्थेनं स्वतःला सगळ्या प्रकारच्या अन्नाशी जुळवून घेतलंय.",Happiness
जगाच्या रोजच्या बातम्या आजकाल इतक्या मन खचवणाऱ्या आहेत की मला त्याबद्दल आता यापुढे वाचायचंच नाहीये. व्यक्ती एक,Sadness
"आता टोमॅटोंना मागणी असल्यामुळे, बाजारात जाताना वाटेत माझे टोमॅटोचे पिक पळवून नेले जाऊ शकते अशी मला भीती वाटते.",Fear
"जेव्हा आपल्या कामाची गती मंदावणारी निकृष्ट उपकरणं वापरणं आपल्याला भाग असतं, तेव्हा कोणतंही काम करण्याचा प्रयत्न करणं हे अत्यंत त्रासदायक असतं.",Anger
जेव्हा राजकारण्यांच्या ताफ्यांना पुढे जाऊ देण्यासाठी आम्हाला थांबवले जाते तेव्हा मला वैताग येतो.,Anger
तो विचित्र माणूस सतत पाहत आहे माझ्याकडे.,Fear
साखर खूपच कमी झालीये तुमची आणि तुमचा रक्तदाबही वाढत चालला आहे.,Fear
तू सारखं वय का सांगत असतोस मला माझं?,Anger
"मला खेद आहे, कारण आमच्या कोड डिलिव्हरीला उशीर होणार आहे हे क्लायंटला न कळवण्याची चूक मी केली.",Sadness
स्वयंपाकघराच्या कोपऱ्यात लपलेलं ते जुनंपुराणं सिंक तुम्ही कसं उघडं केलं आणि पुन्हा बसवलं हे प्रशंसनीय आहे. मला वाटतं की तज्ज्ञ गवंडीच हे करू शकतात.,Surprise
"नमस्कार! माझ्या गाडीवर चरा उठला आहे, आणि मी विचार करत होतो की तुम्ही माझ्यासाठी तो दुरुस्त करू शकता का?",Surprise
"मला भपकेबाज  सायकलींबद्दल तीव्र नावड आहे, कारण मला वाटतं की त्यामुळे मी दिखाऊ वाटतो, म्हणून खरेदी करताना मी त्यांच्याकडे दुर्लक्ष करतो.",Disgust
क्रिकेट स्टेडियममधील स्टँड इतका खचाखच भरलेला होता की मला तर तो कोसळेल अशीच भीती वाटत होती.,Fear
किरकोळ कारणांमुळे कार्यक्रम रद्द झालेला असतानाही आमच्याकडून पैसे घेतल्याबद्दल मी इव्हेंट मॅनेजरवर जोरदार चिडलो.,Anger
मी तिला रस्त्यावरून अत्यानंदानं नाचत जाताना बघितलं.,Happiness
जेव्हा नवीन प्राचार्य हे गेल्या वर्षी निवृत्त झालेले आमचे आवडते शिक्षक निघाले तेव्हा आम्ही थक्क होऊन जागेवरच खिळून राहिलो!,Surprise
किंमतीत घट होण्याच्या शक्यतेमुळे आमच्या नफ्याच्या मार्जिनवर नकारात्मक परिणाम होईल अशी मला काळजी वाटते.,Fear
"तुम्ही गुन्हेगारांना आधीच पकडलं होतं, तर गेल्या अर्ध्या तासापासून सी.सी.टी.व्ही. कॅमेऱ्याबाबत प्रश्न विचारून तुम्ही मला का छळलंत? नागरिक",Anger
मी ज्या गुहेला भेट देणार होतो तिथल्यापेक्षा जास्त वेळ मी दिवसभरात टॅक्सीतच घालवला त्यामुळे मी उद्विग्न होतो.,Sadness
अयशस्वी प्रकल्पाबद्दल नुसता विचार करतानाही माझी रात्रीची झोप उडालीये.,Fear
पलंग बनवायच्या प्रक्रियेत भाग घेण्याची तुमची उत्सुकता मला अपेक्षित नव्हती.,Surprise
"मी रजनीकांतचा खूप मोठा चाहता आहे असे माझ्या मित्राने सांगितले. ""गेल्या आठवड्यात, मी एका मित्राच्या लग्नाच्या रिसेप्शनमध्ये गेलो आणि तिथे तो अगदी साधेपणाने होता!""",Surprise
गच्च भरलेलं वेळापत्रक आणि मर्यादित उपलब्धतेमुळे आणखी जास्त धडे नाही देऊ शकत मी.,Sadness
जेव्हा मला नवीन लोकांना भेटावं लागतं तेव्हा मला त्या गोष्टीची खूप भीती वाटते.,Fear
मला शस्त्रक्रियेच्या प्रक्रियेसाठी माझ्या रक्तगटाच्या उपलब्धतेबद्दल खरोखर काळजी वाटते. माझ्या उपचारांसाठी आरोग्य केंद्राकडे योग्य संसाधने असतील का?,Fear
बँकेतील अल्पवयीन खात्यांसाठीचे पर्याय पाहताना माझं मूल किती वेगाने मोठं होत आहे याचा विचार करताना मला उदासवाणी भावना जाणवते.,Sadness
पत्त्याचे नेमके ठिकाण शोधणे गोंधळात टाकणारे आहे. आपण रस्ता चुकतोय अशी काळजी वाटतेय मला.,Fear
मी कुरिअर कंपनीवर साफ नाखूष आहे. पैसे मी आगाऊ दिले आणि आता ते मला सांगतायत की पैसे भरलेच गेलेले नाहीयेत!,Anger
पंचांच्या भोवती गर्दी करणाऱ्या आणि फाऊल झालेल्या प्रत्येक वेळी त्यांना सतावणाऱ्या फुटबॉल खेळाडूंबद्दल चीड येते मला.,Disgust
मी हात जोडतो पण माझे दुकान बंद करू नका. थोडीफार कमाई करणारा एक छोटासा फुलविक्रेता आहे मी.,Fear
"मी पाकीट उघडलं तेव्हा मला आश्चर्य वाटलं, कारण ते आधीच एका बाजूनं फाटलेलं होतं!",Surprise
या खटल्याला प्रसिद्ध वकील कशाप्रकारे उत्तर देईल याची अशिलाला खात्री नव्हती.,Fear
तुमच्या प्रतिक्रियेच्या अभावी मला वाईट वाटले आणि तुम्ही विद्यार्थी नवीन कल्पनांचे स्वागत कराल असे मला मनापासून वाटत होते.,Surprise
"भांडी पण धुतल्याबद्दल धन्यवाद, ताई. तुमच्या मदतीशिवाय काय केले असते मी कोण जाणे.",Happiness
काल एका वयस्कर भिकाऱ्याला हळूहळू रस्त्यावर फिरताना बघून मला फार खिन्न वाटले.,Sadness
माझ्या नव्या घरासाठी माझ्या विजेच्या फिटिंग्जच्या खर्चाच्या बाबतीत बजेटमध्ये राहण्यासाठी मला दर्जाशी तडजोड करावी लागेल हे निराशाजनक आहे.,Sadness
सरकार जेव्हा जनतेच्या पैशातून अपयशी ठरलेल्या महानगरपालिकांना जामीन देते तेव्हा मी रागाने धुमसतो.,Anger
खोलीत पुरवल्या जाणाऱ्या सेवेसाठी वेगवेगळ्या खाद्यसंस्कृतींमधल्या एवढ्या पर्यायांसह इतका विस्तृत मेनू बघायला मिळण्याची मला अपेक्षाच नव्हती. या हॉटेलमधलं हे एक सुखद आश्चर्य आहे!,Surprise
जेव्हा पत्रकारांनी त्याला त्याच्या आर्थिक स्थितीबद्दल प्रश्न विचारले तेव्हा तो राजकारणी चांगलाच अस्वस्थ झाला होता.,Anger
जमीनमालकांच्या पाठिंब्याच्या आणि संघटनेच्या अभावामुळे मजुरांची मेहनत वाया जाणार असल्याने मी संतापाने धुमसत आहे.,Anger
निव्वळ निसर्गाच्या सानिध्यात धावण्याचा निखळ आनंद अनुभवण्यासाठी म्हणून माझ्या मित्राने नव्वद कि.मी.च्या अल्ट्रा मॅरेथॉनमध्ये भाग घेतला.,Happiness
"बेकार केलेल्या कामावर कारवाई करायची ऑफर द्यायला, मला माझी कार तुमच्या सेवा केंद्रातून बाहेर नेण्याची धमकी द्यायची गरज का पडावी?",Disgust
व्यावसायिक कलाकारांनी सादर केलेलं  ज्युलियस सीझर हे नाटक इतकं मनोरंजक होतं की मला मुळीच झोप आली नाही.,Happiness
जेव्हा नेमके माझे बॉस जेवायला आले तेव्हाच माझ्या आचाऱ्याने सुट्टी घेतली तेव्हा मला फार राग आला.,Anger
काही लोक फारच विचित्र असतात. गायक चांगला गात नव्हता म्हणून त्याच्यावर टोमॅटो फेकले त्यांनी.,Disgust
"माझं मन एका मोठ्या हिऱ्यावर जडलं  होतं, पण त्यासाठी माझं बजेट पुरेसं ताणता आलं नसतं.",Sadness
माझ्यासमोरच्या माणसाच्या कानाखाली वाजवण्यापासून स्वतःला रोखण्यासाठी मी माझे दात चावत होतो आणि माझी मूठ आवळत होतो.,Anger
"इतर व्यवसाय बंद होण्यासाठी मला जबाबदार धरणाऱ्या त्या बातम्या फिरताना दिसतायत, त्यांच्यामुळे मी भयचकित झालोय.",Fear
"फोनवर वस्तूची उपलब्धता तपासल्याशिवाय मी दुकानात जाईन असं तुला वाटतंय, यामुळे मला धक्का बसलाय.",Disgust
माझा खर्च कमी असल्यामुळे या महिन्यात मी आनंदात आहे.,Happiness
तिच्या वडिलांचे ऑपरेशननंतर निधन झाले हे भारतात पोचल्यावर विमानतळावरच तिला कळताच माझी पत्नी अत्यंत दुःखी झाली.,Sadness
"त्या सुधारणांमुळे मी खरोखरच माझ्या गाडीची कामगिरी वाढवू शकतो ही कल्पना आश्चर्यकारक आहे. मला वाटलेलं की सुधारणा केवळ सौंदर्य वाढवण्यासाठी असतात, परंतु ते इंधनाची कार्यक्षमताही सुधारू शकतात हे समजणं फासे पलटवण्यासारखं आहे.",Surprise
"मी पाहिले आहे की कर्नाटकातील काही स्थानिकांची पर्यटकांबद्दलची वागणूक तिरस्करणीय आहे, कारण पर्यटकांना कन्नड भाषा येत नाही.",Disgust
माझ्या वर्गात एक तरुण मुलगा आहे जो हताश आहे खूप आणि कोणी बोलतही नाही त्याच्याशी. मला फार वाईट वाटते त्याच्यासाठी.,Sadness
काही देश पृथ्वीवरच्या अधिक महत्त्वाच्या समस्यांकडे पाठ फिरवून अंतराळ संशोधनात इतका पैसा लावतायत याचा रागच येतो मला.,Anger
"मला उत्साही वाटतंय, कारण माझ्या स्टॉक पोर्टफोलिओनं सातत्यानं बाजाराला मागे टाकलंय.",Happiness
प्रवासादरम्यान सहा आसनी छोट्या विमानाला वाऱ्याचा तडाखा बसल्यामुळं मी खुर्चीची हँडल्स घट्ट पकडली आणि माझा श्वास रोखून धरला.,Fear
लाईटचं बटण वापरू नका. गॅस सिलिंडरमधून गळती होतेय आणि त्याचा स्फोट होऊ शकतो.,Fear
माझं हे जे दुखणं आहे त्याबद्दल फार काळजी वाटतेय मला. काही गंभीर आहे का?,Fear
"माझं वाहन चालवण्याचं कौशल्य पुन्हा तपासण्याची कल्पना मला आवडत नाही. मागच्या वेळेचा अनुभव भयंकर होता. निरीक्षकांना बहुधा पैसे हवे होते, त्यामुळे त्यांच्या आडमुठेपणामुळे मी घाबरलो होतो.",Disgust
व्वा! हे ठिकाण इतके सुंदर असेल अशी अपेक्षाच केली नव्हती मी कधी. वेबसाईटवरच्या फोटोंपेक्षा अगदीच वेगळं दिसतंय हे.,Surprise
मी थोडी चिंतीत आहे की मी शोधाशोध न करता चमकदार नवीन सायकल घेण्याचा निर्णय घाईघाईने घेईन आणि नंतर त्याबद्दल मला पश्चाताप करावा लागेल.,Fear
माझं सामान विमानात न चढवल्याबद्दल आणि आता ते हरवले आहे म्हणून मी एअरलाइनवर खटला भरणार आहे.,Anger
"या संगणकाच्या दुकानात वाय फायचा वेग इतका कमी आहे, हे मला सहन होत नाही. येथे कोणतेही काम करणे अशक्य आहे.",Disgust
माझ्या सतरा वर्षांच्या भाचीने जेव्हा एका शास्त्रीय मैफलीत आपल्या आवाजाच्या रेंजने मला चकित करून सोडलं तेव्हा मी पूर्णपणे थक्क झालो.,Surprise
"तुम्ही पाण्याच्या पाईपपर्यंत पोहोचताना काळजी घ्यायला हवी होती, आणि आता माझ्या घरी आणखी नुकसान करणारी एक गळती लागली आहे! तुम्हाला खात्री आहे का की तुम्ही खरेच गवंडी आहात?",Anger
आजच्या शर्यतीत मी चांगला धावलो नाही तर कोच कानाखाली वाजवतील माझ्या.,Fear
आठवडाभरापूर्वी विकत आणलेला पाव खाल्ल्यावर मला अस्वस्थ वाटले आणि मी अन्नातील विषबाधेमुळे आजारी पडेन अशी मला शंका वाटली.,Fear
कोलकात्यातील बसेसची स्थिती अगदी उबग आणणारी आहे! त्या इतक्यांदा खराब होतात आणि आपल्याला अर्ध्या मार्गावरच सोडून देतात यावर माझा विश्वास बसत नाही.,Disgust
ती गोळी गिळू नकोस. मी ऐकलंय की ती डुक्कराच्या आतड्यापासून तयार करतात.,Disgust
ही मुले त्यांचे मोजे चिखलात माखवतात अक्षरशः आणि तरीही पुढच्या सामन्यात ते न धुताच पुन्हा घालतात.,Disgust
"माझा फ्रीज इतका भयंकर आवाज का करतोय हे समजणारा कोणीतरी एकदाचं मला मिळाल्याने मी खुष आहे, तो फ्रीज मला कित्येक आठवडे त्रास देतोय!",Happiness
फक्त वर्षाच्या अखेरीला अभ्यास करायचं ठरवलं मी आणि आता निकालांमुळे मी पार गाळात गेलोय.,Sadness
"जेव्हा मी अपरिचित आवाज ऐकतो, विशेषतः जेव्हा मध्यरात्रीची वेळ असते, तेव्हा मी नेहमीच जरा अस्वस्थ होऊन जातो.",Fear
तुम्हाला जिथे काही सुंदर दृश्ये पाहता येतील अशा नवीन 'अमृतसर एक्सप्रेस'साठी तिकीटांच्या बुकिंग प्रक्रियेत तुम्हाला मार्गदर्शन करताना मला आनंद होतोय!,Happiness
एका आव्हानात्मक माउंटन बाइकिंग ट्रेलला सामोरं जाण्याच्या तयारीत टॉम वेडापिसा झाला.,Fear
तुझ्या चेहऱ्यावरूनच मला दिसतंय की थीम पार्कमध्ये खूप मजा येतेय तुला.,Happiness
"रेस्टॉरंटमधील प्रत्येक खाद्यपदार्थ अखंड आणि वेळेवर पोहोचता केल्यामुळे मी पूर्णपणे प्रभावित झालो, यामुळे जेवणाच्या एकूण सुखद अनुभवात अधिक भर पडली.",Happiness
मी ही वस्तू प्लगमध्ये घालणार नाही कारण त्यामुळे जोरदार झटका बसला मला.,Fear
उद्या दुसरं रेस्टॉरंट शोधा तुम्ही. इकडं येऊ नका परत.,Anger
काही आठवड्यांपूर्वी प्रदर्शित झालेला तो सिनेमा प्राईमवर पण आला होता! तो बघायला आता आपल्याला चित्रपटगृहात जायची गरज नाही!,Surprise
इथल्या रस्त्यांवरचे खाद्यपदार्थ म्हणजे मुंबईतलं खाण्याचं सुख आहे.,Happiness
आमच्या कार्यक्रमादरम्यान आग आणि चेंगराचेंगरी हाताळण्यासाठी व्यवस्थापकाने लावलेल्या सोयींबद्दल मी चिंताग्रस्त होतो.,Fear
शाळेची बस चुकल्यावर आम्ही पाच जण शाळेत एक तास उशिरा आलो तेव्हा मुख्याध्यापक संतापले.,Anger
या कंपनीच्या आर्थिक साक्षरतेच्या उपक्रमांचा अभाव चिंताजनक आहे.,Disgust
विजेच्या वस्तूंच्या दुकानदाराने मला माझ्या नवीन घरासाठी स्वस्त तार जादा दरात विकण्याचा प्रयत्न केला तेव्हा माझा राग अनावर झाला.,Anger
लोकांची बँकांमध्ये चुकीच्या ठिकाणी नियुक्ती होते आणि नंतर त्यांना ते कामात साधारण असल्याबद्दल दोष दिला जातो हे त्रासदायक आहे.,Anger
एका अपघातामुळे कंबरेपासून खाली अर्धांगवायू झालेल्या संदीप सिंगला भारतीय हॉकी संघात त्याचे पुनरागमन करताना बघणे मला अतिशय आवडले.,Happiness
शतक झळकावल्यानंतर एका क्रिकेटपटूने प्रतिस्पर्ध्यांविषयी वाईट भाषा वापरली हे मला अपमानास्पद वाटले.,Disgust
मस्त! जास्त खेळाडूंना बोलावले जात नाही या कार्यक्रमाला. तू खरोखरच चांगला असला पाहिजेस!,Surprise
इतके मूर्ख का असतात लोक? हे युनेस्कोच्या यादीतले वारसा स्थळ आहे आणि तरीही लोक कचरा टाकतात सर्वत्र.,Anger
मला वाटले होते की मी सामना बघेन पण नंतर बाकीच्या कामात अडकून पडलो मी.,Sadness
"मला हे सांगताना वाईट वाटतंय, पण दुर्दैवानं आमच्या सगळ्या ऑर्डर सध्या भरल्या आहेत. गैरसोयीबद्दल मी दिलगीर आहे.",Sadness
माझी कंपनी माझा लॅपटॉप इतक्या लवकर बदलून देईल असे कधीच वाटले नव्हते मला!,Surprise
धन्यवाद! मला कळतंय की कौशल्य आणि वैयक्तिक लक्ष यासाठी किंमत मोजावी लागते.,Surprise
"भारतीय खेळाडू ॲथलेटिक विश्वचषक स्पर्धेच्या अंतिम फेरीच्या पात्रतेसाठी फक्त शून्य दशांश एक सेकंदांनी मुकला ना, तेव्हा माझा उत्साहच गळून पडला बघ.",Sadness
माझा सल्लागारीचा व्यवसाय भरभराटीला येत आहे आणि माझ्याकडे ग्राहकांची भरघोस यादी आहे.,Happiness
"मी या समुपदेशकावर खूश झालो कारण त्याने तासाच्या ऐवजी, मिळालेल्या निकालांवर आधारित शुल्क आकारले.",Happiness
कुंपणाची भिंत इतक्या लवकर जुळून पक्की होईल अशी अपेक्षाच नव्हती मला   ही तर जणू जादूच झाली! एका जादूई कारागीरानं केलेलं अफलातून गवंडीकाम आहे हे.,Surprise
माझी कार सुरूच होत नाहीये त्यामुळं भयंकर हैराण झालोय मी.,Sadness
डोकं फिरलंय काय तुमचं? उपचार सुरू झाले तेव्हा दुसऱ्या डॉक्टरांनी काही पंचेचाळीस दिवसांची विश्रांती सांगितली नव्हती. एकवीस दिवस विश्रांती घेऊन झालीये माझी आणि आता जर मी कामावर परत गेलो नाही ना तर नोकरी जाईल माझी.,Anger
या गाण्याचे शब्द ऐकून वीट आलाय मला. केवढे बोचरे आणि चुकीचे आहेत ते.,Disgust
मी स्वतः एक पदार्थ तयार केला होता जो माझ्या बॉसने आणि सीईओने धाडसाने चाखून बघण्याचे ठरवले. ते खात असताना मी श्वास रोखून धरला.,Fear
बहुतांश ऑर्थो डॉक्टर हे आपल्या आरोग्यापेक्षा पैशालाच प्राधान्य देतात.,Disgust
व्वा! तू सकाळी एका शिफ्टमध्ये काम करतोस आणि संध्याकाळी दुसऱ्या! तू आराम नाही करत का कधीच?,Surprise
माझ्या वडिलांना पक्षाघात झाल्यानंतर स्वतःला नीट व्यक्त करता न आल्याने ते निराश झालेले मी पाहिले. त्यांचा स्वतःवरचा राग अगदी खरा होता.,Anger
"शाळेच्या ग्रंथालयाची स्थिती भयावह आहे, ते फारच अव्यवस्थित आणि अस्वच्छ आहे.",Disgust
मी कित्येक वर्षांपासून शोधत असलेले पुस्तक त्या पुस्तक विक्रेत्याकडे आहे हे ऐकल्यावर मी आनंदाने वेडा झालो.,Happiness
"काम पूर्ण करण्यात राजकारणी जरासुद्धा प्रामाणिकपणा दाखवत नाहीत, हे अत्यंत त्रासदायक आहे.",Anger
पैसे भरण्याची प्रक्रिया वैताग येण्याएवढी क्लिष्ट होती आणि कुरिअर कंपनीने कोणतेही स्पष्टीकरण न देता लावलेल्या अतिरिक्त शुल्कांवर माझा विश्वास बसत नव्हता.,Disgust
"हिंदू पंचांगामध्ये एक वर्ष अगोदर समाविष्ट असलेल्या, सूर्योदय, सूर्यास्त आणि ग्रहणाच्या अचूक वेळा बघून मी आश्चर्यचकित झालो आहे.",Surprise
"वाहन प्रशिक्षकानं माझ्या गाडी चालविण्याच्या कौशल्याचा आढावा घेण्याची कल्पना थोडी अस्वस्थ करणारी वाटते. मी गोंधळ घालून बिघडवणार नाही, एवढीच आशा आहे मला.",Fear
मला रसायनशास्त्र प्रयोगशाळेतील वास सहन होत नाही.,Disgust
भारताचा क्रिकेट संघ खूप चांगला आहे. एकशे सत्ताव्वीसहून अधिक टी ट्वेंटी आंतरराष्ट्रीय सामने जिंकले आहेत आपल्या संघाने.,Happiness
"मॅनेजर म्हणाली की ती या आठवड्याच्या शोमध्ये मॉडेल्सना मी बनवलेले ड्रेस घालू देईल, खूपच खुश झालोय मी.",Happiness
माझ्या आई वडिलांचं निधन झाल्यापासून मला खूप आठवण येते त्यांची. कोणालाही हवेसे वाटावेत असे सगळ्यात बेस्ट पालक होते ते.,Sadness
त्यांचा गैरफायदा घेणाऱ्या नेत्याच्या विरोधात खेळाडूंनी हिंसक बंड केले.,Anger
गलिच्छ खोल्या आणि इलेक्ट्रिकल फिटिंग काम करत नसल्यामुळे तुमच्या हॉटेलमध्ये राहणं हा आतापर्यंत एक अत्यंत वाईट अनुभव होता.,Anger
मी अक्षरशः खवळलोय! हॉटेलमध्ये प्रवेश केल्यापासून मी वाय फायशी जोडून घेण्याचा प्रयत्न करतोय आणि मला फक्त एररचे मेसेज मिळतायत. इंटरनेट व्यवस्थित जोडल्याशिवाय कोणतंही काम करणं किंवा अगदी आराम करणंसुद्धा अशक्य आहे.,Anger
व्हेनिसच्या कालव्यांमधल्या पाण्याला एवढी दुर्गंधी होती की मला मळमळून ओकारी येईल असं वाटत होतं.,Disgust
"मी बँकेत गेलो आणि पंधरा मिनिटांतच माझ्या मुलाचं खातं उघडलं गेलं, तेव्हा मी अक्षरशः हवेतच चालायला लागलो.",Happiness
हे अगदी निराश करणारे आहे. मला कोणत्याही फीबद्दल काही माहिती नव्हती.,Disgust
मला चिंता आहे की मी प्रश्नमंजुषेसाठी सर्व काही लक्षात ठेवू शकणार नाही.,Fear
हे संगीत ऐकून केवढं बरं वाटतंय मला. माझा मूड कायम चांगला करतं ते.,Happiness
बँक लोकांना त्यांच्या सामाजिक पतनुसार वागवते हे घृणास्पद आहे.,Disgust
आमच्या दुकानाच्या ग्राहक सेवेत सातत्य नसल्यामुळे मला जरा निराशच वाटतंय.,Sadness
"मी तुम्हाला माझ्या ऑटोनं उत्तर चेन्नईला नेऊ शकत नाही, कारण माझं मूल दक्षिण चेन्नईत आजारी आहे आणि मला परत जायचंय ही चिंता आहे मला.",Sadness
एवढ्या लांब प्रतीक्षेनंतर माझ्या वॉटर फिल्टरसाठी जास्तीचे वॉटर फिल्टर्स कामी आले याने मी खुश आहे. ग्राहक,Happiness
"बेकार पद्धतीने आयोजित केलेल्या कार्यक्रम संस्थेची सर्वांकडून प्रशंसा किळसवाणी होती, तो विशेष करून सुरुवातीपासून शेवटपर्यंत अतिशय खराब होता.",Disgust
"दोन दिवसांत दुकान उघडण्यापूर्वी मला किती कामे पूर्ण करायची आहेत, या विचारानेच मी धास्तावून गेलो आहे.",Fear
कामाची जागा सुंदर राखण्यासाठी स्वच्छता पर्यवेक्षकाच्या सातत्यपूर्ण बांधिलकीचं माझ्याकडून आणि माझ्या चमूकडून त्वरित कौतुक झालं.,Happiness
मी त्या सबवे स्टेशनवर परत जाणार नाही. प्लॅटफॉर्म घाणेरडा होता आणि तिथे भयंकर वास येत होता.,Disgust
"तुमचा कचरा माझ्या अंगणात टाकणे थांबवा. हे घर आहे माझे, तुमची कचरापेटी नाही!",Anger
"मी जेव्हा महत्त्वाचे व्यवहार आणि पावत्या, त्या टाचून ठेवून देण्याऐवजी कार्यालयात इतस्तत विखुरलेल्या पाहतो तेव्हा मला राग येतो.",Anger
"मॅडम, कशी थुंकली माझ्या कपाळावर.",Disgust
एका वर्षासाठी भारतातून फ्रान्सला रहायला जायचा आनंद झालाय मला.,Happiness
"मी खरोखरच माझ्या हॉटेलच्या खोलीत छान जेवणाची वाट पाहत होतो, पण रूम सर्व्हिस प्रतिसाद देत नाहीये आणि त्यामुळे मी उद्विग्न होतो आहे.",Sadness
कार्यक्रम व्यवस्थापकाबद्दल त्याच्या आधीच्या ग्राहकांचा सकारात्मक प्रतिसाद प्रभावशाली आहे. अशा सातत्यपूर्ण यशस्वी घटना पाहणे आश्वासक आहे.,Surprise
"मला खूप उदास वाटतंय, कारण चिखलानं माखलेल्या रस्त्यांवरून चालवल्यानंतर माझी कार एकदम घाण झालीये.",Sadness
"काही व्यवसाय मालक कर चुकवण्यासाठी त्यांच्या अकौंटमध्ये फेरफार करतात, हे एक जबाबदार करदाता म्हणून मला घृणास्पद वाटते.",Disgust
वाह! या चित्रपटात रजनीकांत आहे हे मला माहीत नव्हते. या चित्रपटात त्यांचा प्रवेश पूर्णपणे अनपेक्षित होता.,Surprise
"मला माझ्या शेजाऱ्याचा वीट आला, ज्याला स्वतचा मेंटेनन्स न देताच सदनिका समितीवर निवडून यायचं होतं.",Disgust
मी तीन महिन्यांपूर्वी केलं होतं तसंच चुकीच्या तारखेचं तिकीट आरक्षित करेन या विचाराने मी चिंताग्रस्त आहे.,Fear
हत्येच्या धोक्यामुळे सम्राटाने त्याच्यासमोरचे अन्न खाण्यासाठी दुसऱ्याला पैसे दिले.,Fear
आश्रय मागणाऱ्यांना ब्रिटनने दिलेल्या अमानवी वागणुकीमुळे मी भयभीत झालोय.,Anger
माझं आवडतं कॉफी शॉप असलेल्या  'विश्रांती'च्या इतक्या जवळ मला भाड्याचं घर मिळेल याची मी कल्पनाही केली नव्हती. तो बोनस मिळाला आहे!,Surprise
अख्ख्या शहरातला वीजपुरवठा बंद केला गेल्यामुळे मी आकाशाकडे बघितलं आणि मला आता दिसत असलेल्या लाखो ताऱ्यांमुळे थक्कच झालो मी!,Surprise
तिकिटांच्या उपलब्धतेबाबत आमच्यात वाद झाल्यानंतर रेल्वे आरक्षण लिपिकाने माझा आरक्षण अर्ज खिडकीतून बाहेर फेकला तेव्हा माझा संताप झाला.,Anger
"तिला काहीतरी मानसिक आजार आहे, ज्यामुळे माझ्या अख्ख्या शर्टवर लाळ गळत होती तिची.",Disgust
"या संपूर्ण परिस्थितीमुळे मी खरोखरच निराश झालो आहे. माझं पॅकेज खराब झालं होतं एवढंच केवळ नाही, तर ते आधीच उघडलेलंही होतं!",Anger
कार्यक्रम व्यवस्थापकाने आमच्या कार्यक्रमात सुरक्षेच्या खबरदारीकडे केलेल्या डोळेझाकीमुळे मी भडकलो होतो. जणू त्याला आमच्या आयुष्यांची जवळजवळ पर्वाच नव्हती!,Anger
"मी खूप पैसे मोजले आणि स्टेडियममध्ये जाण्यासाठी खूप धडपड केली, त्यामुळे जेव्हा सी.एस.के. संघाने खराब खेळी करून सामना गमावला तेव्हा मी जाम भडकलो.",Anger
हा माल प्रवेशद्वाराजवळ ठेवण्याची कल्पना चांगली आहे असे कोणाला वाटले? त्यामुळे मार्गात अडथळे येत आहेत.,Disgust
मला खरंच त्यांच्याकडून इतक्या उत्कृष्ट कामगिरीची अपेक्षा नव्हती.,Surprise
माझा विश्वासच बसत नाहीये की त्यांनी आणखी एक मूळ सुपरहिरो चित्रपट रिलीज केला. पुरे झालाय मला हा सुपरहिरो ट्रेंड.,Disgust
आमच्या शहरात मुलांसाठी इतकं सुंदर दुकान उघडलंय याचा मला खूपच आनंद झालाय.,Happiness
"मी निराश झालोय आणि आपल्याला भेडसावणाऱ्या सगळ्या, खास करून संघटनेतल्या आव्हानांनी प्रेरित राहणं मला कठीण वाटतंय.",Sadness
दिल्लीला जाण्यासाठी रेल्वेचे तिकीट काढायला गेल्यावर एमआरटीएस स्टेशनवर लघवी आणि कचऱ्याच्या वासाने मला भडभडून आले.,Disgust
शेकडो नकार मिळाल्यावर आज चक्क सी.ई.ओ. पदाचीच ऑफर आली मला!,Surprise
मी तुमच्या गाडीचं काम उत्तम करणार आहे आणि आमची चूक सुधारण्यासाठी आम्हाला दुसरी संधी देण्याच्या तुमच्या निर्णयाबद्दल तुम्हाला पश्चात्ताप होणार नाही याची मी काळजी घेईन सर!,Happiness
"माझ्या मुलाला रंगमंचावर उभं राहताना वाटणाऱ्या भीतीमुळे, तो आपलं गायनाचं करिअर सोडून देऊन कमी कष्टाचं दुसरं काहीतरी शोधेल या शक्यतेनी मला अस्वस्थ केलं.",Fear
"एक्स वाहिनीवरचे ते टॉक शो होस्ट करणारे इतके पक्षपाती आहेत, की ते भयावह आहे. ते कधीही संतुलित दृष्टिकोन मांडतच नाहीत.",Disgust
एका चुकीच्या युटिलिटी बिलच्या शुल्कासाठी मला नुकताच परतावा मिळाला.,Happiness
समुपदेशनाच्या माध्यमातून मी माझा तणाव आणि चिंता हाताळण्याचे प्रभावी मार्ग शिकत आहे हे बघून मला हायसे वाटते.,Happiness
काही सायकलींवर मी जेवढा वेग वाढवू शकतो आणि त्यांच्या तंत्रज्ञानात ज्या प्रकारे सुधारणा झाली आहे ते पाहून मी अचंबित होतो.,Surprise
पायी जाण्याच्या अंतरावर शाळा असणं ही वस्तुस्थिती म्हणजे जणू एक विलक्षण गोष्ट हाती लागली आहे. हे माझ्या मुलांसाठी अगदी योग्य आहे.,Surprise
माझ्या वाढदिवसाचा केक घरी वेळेवर न पोहोचल्याने मला हताश वाटले.,Sadness
गेल्या महिन्यात शेअर बाजाराचा निर्देशांक घसरला तेव्हा त्याने कोणतेही शेअर्स विकत घेतेले नाहीत म्हणून माझा मित्र खचला होता.,Sadness
"सकाळी नऊ वाजेपर्यंत बँक कर्मचारी कामकाजासाठी उपलब्ध होतील अशी मला अपेक्षा नव्हती, पण मला ते सगळे तिथे आढळले आणि बँकही कामकाजासाठी उघडलेली आढळली!",Surprise
उपाहारगृहाच्या जागरूक सेवेने आणि तपशीलांकडे लक्ष देण्याने जेवणाच्या आनंदात भर पडते.,Happiness
माझ्या दोन कुत्र्यांना मुक्तपणे फिरण्यासाठी योग्य अशा बागेसह भाड्याने घेण्यासाठी एक आरामदायी घर शोधण्याकरता मी उत्सुक आहे.,Happiness
"मला आश्चर्य वाटते की तुम्ही अशा पुरवठादारांसोबत काम करण्याचा मुळात विचारच कसा केला, जे प्रामाणिक नाहीत आणि डुप्लिकेट खेळणी विकतात.",Disgust
तुम्ही माझा टीव्ही दुरुस्त करू शकत नसाल तर खरंच मोफत बदलून तरी द्याल का तो?,Surprise
"मला वाटलं होतं की सेकंड हँड गाडी फायद्याची ठरेल म्हणून, पण त्या गाडीच्या किमतीपेक्षा दुप्पट पैसे तर नुसते मेंटेनन्ससाठीच भरावे लागले मला.",Sadness
दरवेळी मी काय करावं हे तू मला सांगायला नकोय. चिडचिड होते माझी.,Anger
"मी त्यांना वारंवार अधिक सावधपणे वाहन चालवण्यास सांगितले आहे, परंतु ते माझ्या विनंत्यांकडे अगदी दुर्लक्ष करतात आणि त्यामुळे मला चीड येत आहे.",Anger
"माझा आवडता खेळाडू एम. एस. धोनी आय.पी.एल.मधून निवृत्त झाल्यापासून, आता क्रिकेट बघायला आवडत नाही मला.",Sadness
मी ठरवलेलं सर्व काही साध्य न होण्याच्या शक्यतेबद्दल मला काळजी वाटतेय.,Fear
"आपण बांधकाम कसं सांभाळणार आणि त्याचवेळी माझ्या कुटुंबाची रोजची दिनचर्या सुरळीत चालू राहील ही खात्री कशी करणार, याचाच विचार करतेय मी. त्यांच्या दिनचर्येत व्यत्यय आला तर ते गांगरून जाऊ शकतात.",Fear
जर मी नवीन फॅशनच्या दुचाकींमध्ये ठेंगण्या हँडलबारवर जास्त वाकले तर मला पाठदुखी होऊ शकते अशी मला भीती वाटते.,Fear
तुमचे वागणे मला अजिबात आवडले नाही. मी क्षुब्ध झालो आहे आणि मला तुम्हाला पुन्हा भेटण्याची इच्छा नाही!,Anger
"तू काय केलेस ते मला माहीत नाही, पण ते चघळलेले पेन घाणेरडे दिसत आहे.",Disgust
आपापसात भांडत असलेले हे नेते त्यांचे धडे न शिकता पुढे जात राहतील हे केविलवाणे आहे.,Sadness
तुम्ही कोणतंही संशोधन न करता त्या कंपनीत तुमचे पैसे गुंतवले याचं आश्चर्य वाटलं मला.,Surprise
या चिरंतन अंधारात मी सूर्यप्रकाशाचा किरण शोधतोय.,Sadness
माझ्या प्रवासादरम्यान जेव्हा माझ्या बँक व्यवस्थापकाने मला फोन केला आणि एका कठीण परिस्थितीत मला मदत केली तेव्हा मी तिच्यामुळे खूप खुश झाले.,Happiness
भारतीय सैन्यानं गलवानमध्ये चिनी सैन्यावर कसा पलटवार केला ते बघितलंस का तू?,Happiness
सामन्यातल्या त्या अनपेक्षित घटनांचं आश्चर्यच वाटलं मला.,Surprise
"हे तर धडधडीत दिसतंय की तुम्ही त्यांच्या गाण्याचं, नाचाचं शिक्षण गांभीर्यानं घेत नाही.",Anger
मी माझ्या फोनवर बँकेचं ॲप्लिकेशन इन्स्टॉल केल्यापासून कोणत्याच बारीकशा कारणासाठीही मला कधी बँकेत जावे लागलेले नाही.,Happiness
काही कंपन्या त्यांच्या कर्मचाऱ्यांवरील परिणामाचा विचार न करता प्रक्रिया स्वयंचलित करण्यासाठी ए. आय. चा वापर करतायत याचा राग आहे मला.,Anger
चेन्नईतल्या एग्मोर संग्रहालयातला ध्वनी मार्गदर्शकाचा दर्जा बेकार आहे.,Disgust
"आई, माझ्या शिक्षिका म्हणाल्या की यंदा मी नाटकात राजा महाबलीची भूमिका साकारू शकेन.",Happiness
"मी खरेदी करण्यासाठी दुचाकींपैकी एकही निवडू शकले नाही, त्यानंतर सायकल विक्रेता अपमानास्पदरीत्या वागला तेव्हा मला त्याचा राग आला.",Anger
तू कोण लागून गेलास मला माझी झाडे गच्चीवरून काढायला सांगणारा? खड्ड्यात जा!,Anger
या महामारीच्या काळात अनेक लोकांनी त्यांची जवळची अनेक माणसे गमावली.,Sadness
माझ्या वर्तमानपत्राबरोबरच मला सहसा आवडणारी नियतकालिके माझ्या दिवसाचा एक नियमित भाग बनली आहेत. तुम्ही रजेवर असल्यामुळे ती उद्या इथे नसतील हे निराशाजनक आहे.,Sadness
मला जिथे थांबून खरेदी करायची होती त्या बाजारातून टूर गाईडनं आम्हाला खूप घाई करून नेलं तेव्हा मी नाखुश होते.,Anger
वर्गात काही विद्यार्थी ज्या प्रकारे च्युइंग गम चघळतात ते खरोखरच असभ्यपणाचं आहे.,Disgust
मागच्या पावसात आमच्या भागातील सांडपाण्याने भूजल दूषित झाले तेव्हा मला संताप आला.,Disgust
"ऑर्डरच्या बिघडलेल्या पदार्थाने मला फार विचित्र स्थितीत आणून सोडले. मी अशा टप्प्यावर आहे, जिथे मी माझ्या स्वयंपाकघरात असणे देखील सहन करू शकत नाही.",Disgust
भारतीय फुटबॉल संघाला आशियाई क्रीडा स्पर्धेत पाठवण्याबाबत आय. ओ. ए. आणि ए. आय. एफ. एफ. यांच्यातील वाद पहाणे निराशाजनक आहे.,Anger
मला कोविडच्या लसीचा दुसरा डोस वेळेवर नाही मिळाला म्हणून व्हिसा रद्द झाला माझा.,Sadness
या ए.टी.एम.मध्ये कधीही गर्दी नसते आणि मी इथे आले की कधीच माझ्या पाळीची वाट पहावी लागत नाही मला.,Surprise
तुमच्या शब्दांवरूनच मला कळलंय की मी हिंदीच्या परीक्षेत नापास झालोय आणि मला खूप निराश वाटतंय.,Sadness
"प्रामाणिकपणे, कार्यक्रम व्यवस्थापकानी देऊ केलेल्या विविध सेवांमुळे मी चकित झालेय, नियोजनापासून अंमलबजावणीपर्यंत त्यांनी सर्व काही कव्हर केलं आहे असं दिसतंय!",Surprise
मी भारतात अनेक तरुण लोक ड्रग्जच्या आहारी जात असल्याचे ऐकतो तेव्हा मन सुन्न होते.,Sadness
"छे छे, मी माझ्या गटांना त्यांचे बोनस कमी होणार असल्याची वाईट बातमी कशी काय देणार आहे? ते सोडून जाऊ शकतात.",Fear
ज्या नेत्यांना मी प्रशिक्षण देत होतो ते मला न कळवता अनुपस्थित राहिले तेव्हा मी आरडाओरडा आणि बडबड केली.,Anger
यापैकी काही सायबर हल्ले किती अत्याधुनिक असू शकतात हे कळल्यावर आश्चर्यचकित झालो मी. जागरूक राहणं आणि ऑनलाइन स्वतःचं संरक्षण करणं महत्त्वाचं आहे.,Surprise
टायटॅनिकच्या सहली या पाणबुड्यांकडून कोणत्याही सुरक्षा प्रमाणपत्राविना चालवल्या जात असल्याबद्दल राग आलाय मला.,Anger
मी ज्या कंपनीत गुंतवणूक केली ती कंपनीच खोटी असल्याचे समोर आलेय यावर विश्वासच बसत नाहीये माझा. ते त्यांच्या भागधारकांशी असे कसे काय करू शकतात?,Anger
अधिक जबाबदारीने नाही का वागू शकत तुम्ही? दारू पिऊन तुम्ही नेहमीच रात्री उशिरा घरी येता.,Anger
जेव्हा मला नितांत आवश्यकता असते तेव्हा या दुकानात मदत करण्यासाठी कोणीही नसते.,Disgust
मला सर्वात मोठ्या पुस्तकांच्या दुकानात 'काउंट ऑफ मॉन्टे क्रिस्टो'ची संपूर्ण मूळ आवृत्ती सापडली नाही त्यामुळे मी नाखूष होतो.,Sadness
"आता मी वर्गात बसून शिकू शकेन असं वाटत होतं मला, पण आता घरातच अडकून पडलोय मी आणि माझ्या लॅपटॉपवरच व्हिडिओ पहायला लागताहेत मला लेक्चरचे.",Sadness
तू उत्तम काम केलंयस आणि ते ठरवलेल्या तारखेआधीच पूर्णही केलंयस.,Happiness
"मी पाच वेळा तुला ते पुस्तक आणायची विनंती केली पण तू नेहमी विसरतोस, असं  का करतोस तू?",Anger
"तुमच्या दुकानासमोर व्यवसाय करण्यासाठी मला एक तास दिल्याबद्दल धन्यवाद. कबूल केल्याप्रमाणे मी निघून जाईन, आणि देव तुमचं भलं करो. विक्रेता",Happiness
पण मग एक आजी आल्या म्हणून माझी सीट सोडावी लागली मला.,Sadness
हा वर्धापनदिन परिपूर्ण असायला हवा होता आणि मी तिला खरोखरच अस्सल अशी काहीतरी भेटवस्तू देण्याची कल्पना केली. परंतु डिझाईन निवडतेवेळी माझ्या  बजेटमधल्या तडजोडी अपरिहार्य वाटतात.,Sadness
बालासोरच्या ट्रेन अपघातानंतर ट्रेनने प्रवास करण्याच्या नुसत्या विचारानेही माझा थरकाप उडतो.,Fear
मला माझ्या मुलाच्या खात्याच्या सुरक्षेची काळजी वाटते आणि त्याची बचत सुरक्षित ठेवण्याच्या पद्धतींबद्दल मी बँकेशी बोललो.,Fear
चेन्नईतील महाविद्यालयाचे बसचालक रस्त्यावरील इतर वापरकर्त्यांची पर्वा न करता ज्याप्रकारे वाहन चालवतात ते पाहणं उद्वेगजनक आहे. त्यांना आमच्या जीवाची जराही पर्वा नाही असं वाटतं.,Disgust
"जेव्हा जेव्हा तुमच्या ग्राहक सेवेकडून मला फोन यायचा, त्या प्रत्येक वेळी ते माझ्या बँक खात्याच्या सुरक्षिततेच्या समस्यांमध्ये मदत न करता नवनवीन योजना विकण्याचा प्रयत्न करायचे, ज्याने माझा रक्तदाब वाढायचा.",Anger
माझ्या लक्षात आलं की व्हॉलीबॉल स्पर्धेतले खेळाडू त्यांच्या प्रतिस्पर्ध्यांना घाबरत होते आणि चांगले खेळत नव्हते.,Fear
"तुम्हाला पाहिजे होतं ते गेल्या तीन वेळा तुम्हाला मिळालं नाही, हे लक्षातच आलं नाही माझ्या.",Surprise
कार्ल लुईसच्या नेतृत्वाखालील त्यांच्या फोर बाय हंड्रेड चौकडीने ऑलिम्पिकमध्ये दणदणीत विजय मिळवल्याने अमेरिकन प्रेक्षकांचा आवाज स्टेडियममध्ये हळू हळू वाढत मोठ्याने दुमदुमला.,Happiness
"या कचऱ्याच्या डब्यात नासलेलं अन्न असतं, त्यामुळं दुर्गंधी येते.",Disgust
ताजी बातमी अशी आहे की सरकार स्वतहा तुम्हाला तुमचे पैसे परत मिळवून देईल. ही खूप चांगली बातमी आहे. मित्र दोन,Happiness
काही लोक किती लगेचच क्रेडिट कार्डवर कर्ज जमा करतात यावर माझा विश्वास बसत नाही.,Surprise
ऑफिस थ्री सिक्स्टी फाईव्ह सॉफ्टवेअरमध्ये अनेक वेळा अनावश्यक एआय पॉपअप अनुभवल्यानंतर मी मायक्रोसॉफ्टवर खूप भडकलो.,Anger
"बाबा, डॉक्टर हातात एक मोठी सुई घेऊन येत आहेत. ती खूप भीतीदायक दिसतेय.",Fear
सूचनांचे पालन करणे इतके कठीण का जाते हेच कळत नाही मला. ट्रेकिंगचे बूट घालून या असे आधीच सांगितले होते मी तुम्हां सर्वांना.,Anger
ही वास्तू दहा हजार वर्षे जुनी आहे हे माहीत होते का तुला?,Surprise
"ग्राहकाचा देणगी देण्याचा निर्णय चौकटीबाहेरचा होता, परंतु स्वागत आहे त्यांचे.",Surprise
सादरीकरणाच्या आदल्या रात्री पाच ग्लास लिंबाचा सोडा प्यायल्यानंतर सकाळी माझ्या मुलाच्या स्टेजवर गाण्याच्या क्षमतेबद्दल मला काळजी वाटत होती.,Fear
तुमच्या कर्मचार्यांनी वृद्ध माणसाला दाखविलेला उद्धटपणा बघून माझा भडका उडाला आहे.,Anger
"काही आठवड्यांपूर्वी मी लेन बदलण्याबाबत चिंताग्रस्त होतो, आणि आता मला हायवेवर कुशलतेनी ड्रायव्हिंग केल्यानंतर तरबेज झाल्यासारखं वाटतं!",Happiness
"हा फालतू खेळ नाही खेळू शकत मी आता. विचित्र नियम आहेत त्याचे सगळे, ज्यामुळे कधीच जिंकत नाही मी.",Anger
फ्रेंच खेळाडूंनी केवळ दहा फूट अंतरावरून बॉलला जबरदस्त जोराने लाथ मारून माझ्या दिशेने फेकले.,Fear
माझ्याशी खोलवर बोलणार्या कलाकृतींनी मला वेढलेलं असण्यानं मला प्रचंड आनंद मिळतो.,Happiness
कॅनडातील जंगलामधील वणव्यांपुढे लोकांना अगदी असहाय्य वाटतं.,Fear
सल्लागार म्हणून माझा व्यवसाय झपाट्यानं वाढलाय आणि माझे ग्राहक उच्च पातळीवरचे आहेत हे छान वाटतं.,Happiness
"ते तर म्हणाले होते की आपल्याला इथे काही चांगल्या दर्जाची वापरलेली पुस्तके मिळतील, पण यातल्या बऱ्याच पुस्तकांमध्ये फक्त फाटलेली पाने आहेत.",Anger
"हा सौदा सवलती व्यतिरिक्त एका सुंदर, ब्रँडेड वस्तूवर होता असे दिसले, तेव्हा तो अधिक आकर्षक वाटला.",Happiness
ओपेनहायमरने त्याच्या अणुबॉम्बच्या शोधामुळे झालेल्या विध्वंसाबद्दल खेद व्यक्त केला.,Sadness
आम्हाला नुकतीच तुमच्यासाठी दुसऱ्या विमानात जागा सापडलीये!,Surprise
मला येथील जेवणाच्या सुविधांबद्दल एक तीव्र नावड निर्माण झाली आहे   अस्वच्छ परिसर आणि चिकट घाणेरडं टेबल खरोखर किळसवाणे आहेत.,Disgust
तुमचा व्यवस्थापक म्हणून माझ्या संपूर्ण आयुष्यात मी तुम्हाला इतकं निराश झालेलं यापूर्वी कधीही पाहिलं नव्हतं.,Surprise
शेजारच्या मिठाईच्या दुकानातला  समोशांचा सुगंध स्वर्गीय असतो.,Happiness
"एकशे चाळीस कोटी लोक असून भारत अजूनही विश्वचषक स्पर्धेच्या अंतिम फेरीसाठी पात्र ठरत नाही, यानं निराशा वाटते मला.",Sadness
"भारतात असताना एका पादचाऱ्याला रस्ता ओलांडू देण्यासाठी मी झेब्रा क्रॉसिंगशी थांबलो, त्याबद्दल कुणीतरी माझ्यासाठी हॉर्न वाजवल्यावर मी हताश झालो.",Sadness
"माझ्या गाडीची दुरुस्ती ज्या प्रकारे परवडणाऱ्या दरात झाली याचा मला खरोखर आनंद झाला आहे, माझे पैशाचे पाकीट नक्कीच माझे आभार मानत आहे!",Happiness
अचानक वाढलेल्या व्याजदरामुळे अनेक कर्जदारांचे धाबे दणाणले आहे.,Surprise
तेलाच्या वाढत्या किंमतींमुळे आपला रोख रकमेचा साठा कमी होईल अशी मला भीती वाटते.,Fear
या वर्षी मोठ्या कर परताव्याबद्दलचा संदेश मिळाल्याने मी खूपच खुश आहे.,Happiness
"मी आज दोन किलो गहू विकत घेतले, तर दुकानदाराने त्यावर अर्धा लिटर तूप मोफत दिले मला.",Happiness
"जर आपण अशुद्धता असलेला हिरा निवडला काय, याची मला काळजी असेल. मला सांगण्यात आलं आहे की ते आपल्या आरोग्यावर परिणाम करू शकतात.",Fear
"अरे, मी कोणता रंग मागितला ते लक्षात नाही का तुझ्या? हा का आणलायस तू माझ्यासाठी?",Anger
एका वित्त कंपनीचा मालक लोकांचे पैसे घेऊन फरार झाल्यानंतर स्थानिकांनी माथेफिरूपणा केला आणि त्यांच्या परिसरातील वाहनांवर हल्ला केला.,Anger
आमच्या शेजाऱ्याला खाऊच्या छोट्या दुकानात खाल्ल्याने इ कोलायचा संसर्ग झाला आहे हे ऐकून मला आता रस्त्यावरील खाद्यपदार्थ खायची भीती वाटते.,Fear
पावसामुळे कामात व्यत्यय येत असल्याने आम्ही नियोजित वेळापत्रकात ठरलेल्या वेळेच्या मागे आहोत हे अतिशय दुर्दैवी आहे.,Sadness
ब्रोकरकडून भाड्याच्या घरासाठी ब्रोकरेज फीमध्ये सर्व मार्केटिंग आणि जाहिराती समाविष्ट असण्याची मला अपेक्षाच नव्हती!,Surprise
"हॉटेलच्या भिंती इतक्या पोकळ आहेत की, मी शेजारच्या खोल्यांमधील नकोसे आवाज ऐकू शकते.",Disgust
विमानात माझ्यामागचा प्रवासी सारखा माझ्या सीटवर लाथा मारत राहिला ज्यामुळे मी त्रस्त झालो होतो.,Anger
पेनाच्या दुकानानं दिलेल्या मोफत भेटवस्तूच्या वेष्टनामुळं मला सुखद आश्चर्यच वाटलं.,Surprise
दुःखी ग्राहकांना व्यवस्थापक त्यांच्या पैशासह गायब झाल्याची बातमी पचवताना पाहत मी चिटफंड कार्यालयाच्या बाहेर उभा होतो.,Sadness
कार्यक्रमाची संकल्पना प्रभावी असली तरी एकूण गोंधळ आणि गैरव्यवस्थापनाबद्दल मी कार्यक्रमाच्या व्यवस्थापकावर अतिशय रागावलो होतो.,Anger
पॅरिसच्या रेस्टॉरंटमधलं भारतीय जेवण इतकं बेचव होतं की ते खाताना माझी अवस्था दयनीय झाली होती.,Sadness
नामांकित हॉस्पिटलला फक्त जास्त पैसे कमवण्यासाठी पेशंटला दाखल करून घेताना बघणे तिरस्करणीय होते.,Disgust
जिम्नॅस्टिकचं एक जोखमीचं रुटीन करण्याच्या तयारीत असताना फातिमाचा श्वास वेगवान झाला.,Fear
अबब! एका महिन्यात यू.पी.आय. जवळजवळ तेरा लाख कोटी रुपयांचे आठ अब्ज व्यवहार हाताळते.,Surprise
"माझ्या मित्राने जेव्हा मल्टी टास्किंगची व्याख्या, एकाच वेळी अनेक कार्यांमध्ये अयशस्वी होण्याची क्षमता, अशी केली तेव्हा मला खूप हसायला आले.",Happiness
हे शूज मी गेल्या आठवड्यात विकत घेतले होते आणि हे आताच तुटायला लागलेत.,Sadness
सिस्टिन चॅपलला होणारी आमची भेट रद्द झाल्याबद्दल टूर ऑपरेटरने आम्हाला आधी माहिती दिली नाही म्हणून मी रागावलो होतो.,Anger
"नियमित ऑटोपेक्षा मी सामायिक ऑटोमुळे समाधानी आहे, कारण मला सर्वोत्तम किंमत मिळवण्यासाठी सौदेबाजी करावी लागत नाही.",Happiness
पुस्तक विक्रेत्याने पुनर्विक्रीसाठी स्वीकारण्याइतपत माझं जुनं पुस्तक चांगल्या स्थितीत नसेल अशी काळजी वाटतेय मला.,Fear
"भारतात असताना अस्ताव्यस्त रहदारीच्या परिस्थितीत वाहन चालवल्यानंतर, अचानक एका रात्रीत मी एक परिपूर्ण वाहनचालक व्हावं अशी अपेक्षा अमेरिकेतील वाहनचालक प्रशिक्षकांनी करणं हे संतापजनक आहे.",Anger
आम्ही गाडीने बंगलोरला जातो आहोत म्हणून मी नाराज आहे. इतक्या जास्त वाहतुकीतून आणि गोंधळातून गाडी चालवणं हे एखाद्या दुःस्वप्नासारखं आहे!,Anger
मी एका प्रसिद्ध तामीळ राजाच्या अगदीच सामान्य दफनस्थळाबद्दल एक लेख वाचला आणि विचित्र पणे उदासीन झालो.,Sadness
जेव्हा ग्राहक भरपूर साड्या पहायला  मागतात आणि नंतर एकही खरेदी न करता निघून जातात तेव्हा मला ते फारच हताश करणारं वाटतं.,Sadness
दिवसाच्या कोणत्याही वेळी माझ्या आनंदी काकांचे घरी स्वागत करताना मी खुश होतो.,Happiness
सरकार बदलल्यानंतर वित्तीय क्षेत्रातून येणाऱ्या सर्व नकारात्मक बातम्यांमुळे मला थोडे कड्यावर असल्यासारखे वाटत आहे.,Fear
"उपस्थितांची प्रचंड संख्या लक्षात घेता, सर्व उपस्थितांचे कल्याण सुनिश्चित करण्यासाठी इव्हेंट मॅनेजरद्वारे सर्व आवश्यक खबरदारी घेतली जाईल याबद्दल मला खात्री करायची आहे.",Fear
"लंडनमधल्या दुकानाच्या मालकाने जेव्हा मला, तो आठवड्याच्या शेवटी दुकान बंद ठेवतो असं सांगितलं, तेव्हा मला धक्काच बसला, कारण माझ्याकडे खरेदीसाठी परत कोणताही वेळ नव्हता.",Surprise
"या कलाकृती योग्य संशोधन आणि आकलनासाठी पात्र आहेत, एखाद्या अनौपचारिक पर्यटकांच्या घोळक्याचं समाधान करण्याच्या अर्धवट प्रयत्नांसाठी नव्हे.",Anger
हे झकास झालं! मी माझ्या घरी येऊन कार वॉश करणाऱ्याच्या शोधात होतो.,Happiness
त्यांनी माझ्या कागदपत्रांची पडताळणी पूर्ण केली आणि केवळ पाच मिनिटांत माझा अर्ज मंजूर केला!,Surprise
एका संस्थेत रुजू न होण्यासाठी माझ्या शेजारणीने तिची आजी वारल्याची खोटी सबब सांगितली ते मला प्रचंड अस्वस्थ करणारे वाटले.,Disgust
तू डोक्यावर पडलायस का रे जरा? आधी प्रेक्षकांचे रेटिंग बघितल्याशिवायच तू चित्रपटाची तिकिटे काळ्या बाजारात का विकत घेतलीस?,Surprise
तू माझ्याशी वारंवार उद्धटपणे वागतोस याचं मला वाईट वाटतं.,Anger
काही कार्यक्रम व्यवस्थापक आम्हाला थोड्याशा किंवा रद्द न करण्याच्या आणि परतावा धोरणांशी संबंधित व्यवहारांमध्ये ज्या पद्धतीने फसवतात ते मला भयावह वाटते.,Disgust
"मी गेल्या तीन वेळेचा विचार करायला हवा होता, जेव्हा मला माझ्या शर्टचा साईझ मिळाला नव्हता आणि मी दुसरीकडे गेलो होतो.",Anger
सोशल मीडियावरील खोट्या बातम्यांमुळे मला इतका वैताग आला आहे की मी आता बातम्याच वाचत नाही.,Anger
बाजारातील त्या कुजणाऱ्या फळाजवळ मी जाणार नाही.,Disgust
गाडीला काळी काच असलेल्या लोकांना अक्कलच नसते आणि ते राजकारणीच असले पाहिजेत.,Disgust
माफ करा पण आमच्याकडे पाण्याच्या फिल्टरचे स्पेअरपार्ट अजून आलेले नाहीत.,Sadness
तण काढताना माळ्याने चुकून काही गुलाबाची रोपे उपटल्यावर मी माझ्या माळ्याला तडकाफडकी कामावरून काढले.,Anger
मला शेअर बाजार नीट समजत नाही असं तुला वाटतं यानं चीड येते मला.,Anger
"अमृतसरची ट्रेन चुकल्यामुळं मला वाईट वाटलं, एका महत्त्वाच्या मीटिंगला जायचं होतं मला.",Sadness
पलंगाच्या जोडणीच्या प्रक्रियेबद्दल मला फारच चिंता वाटतेय.,Fear
पेनल्टी किक घ्यायला तयार झाल्यावर जॅक्सनच्या हातांना घाम फुटला.,Fear
कंपनी तुम्हाला नुकसान भरपाई देत नसेल तर त्यांचे उत्पादन विकण्यायोग्यच नाही.,Disgust
गेल्या आठवड्याच्या मंदीनंतर बाजार पुन्हा उभा होण्याइतपत अर्थव्यवस्था पुरेशी चांगली कामगिरी करत असल्याने मला दिलासा मिळाला आहे.,Happiness
"कृपया मोठयाने ढेकर देऊ नका, ते किळसवाणे आहे.",Disgust
हा मॉल म्हणजे एक भयानक अनुभव आहे. मी जे शोधत असतो ते मला कधी सापडतच नाही.,Anger
जेव्हा मी व्यवस्थापकाला त्याच्या ग्राहकाच्या खोलीत आपल्या स्पर्धकाने दिलेला अंदाज बघण्यासाठी लपून घुसताना बघितले तेव्हा उद्वेग आला मला.,Disgust
गरीब लोकांकडून गॅस सिलिंडरसाठी प्रीमियम आकारून गॅस एजन्सी त्यांची फसवणूक करत असल्याचे कळल्यावर मला वाईट वाटलं.,Disgust
मौलवी ज्या प्रकारे वैज्ञानिक संशोधन आणि कौशल्य यांना कमी लेखत आहेत त्यामुळे माझा संताप झाला आहे.,Anger
"त्या देशात मिळवलेल्या सर्व मौल्यवान अनुभवानंतर, ती महिलानेता देश सोडण्याचा विचार करेल ही अपेक्षाच मी कधी केली नव्हती.",Surprise
"आपल्याला जपानमध्ये शाकाहारी किंवा अप्राणीजन्य अन्न मिळेल अशी आशा आहे मला, जेणेकरून आपल्याला उपाशी राहावं लागू नये.",Fear
"माझ्या लेखावर माझ्या बॉसच्या अभिप्रायाची मी श्वास रोखून वाट पाहत होतो, परंतु मला जेव्हा तो अजिबातच अपेक्षित नव्हता तेव्हा त्याच्याकडून अभिप्राय आला.",Surprise
"बंद पुकारला गेल्यामुळे मी बेकरकडून मागवलेला केक वेळेवर येऊन पोचणार नाही, याची मला खरोखरच चिंता होती.",Fear
"तुमच्या दुकानातील कारकूनाने मला आश्वासन दिले होते की एक्सचेंज पॉलिसी आहे, त्यामुळे तुम्हाला जर माझ्या शब्दावर शंका असेल, तर मला आत्ताच दुकानाच्या व्यवस्थापकाला भेटायचे आहे.",Anger
मला कुरिअर सेवेचा राग आला आहे. मी त्यांना लवकर डिलीव्हरी देण्याची खास विनंती केली तरीही आधीच एक दिवस उशीर झाला आहे!,Anger
"मी पण एकत्र चित्रपट बघायला उत्सुक होतो, पण तुला तो आजच बघायचा आहे हे माझ्या लक्षात नाही आलं, त्यामुळे मी तिकिटं काढली नाहीत.",Surprise
"ना मला पेन्शन मिळतं ना ग्रॅच्युइटी, कोण जाणे मी माझ्या म्हातारपणात काय करणार.",Fear
मी एवढा महागडा हप्ता भरून मला संरक्षण का मिळू नये?,Anger
आर्थिक नियोजकाचं काम अजिबातच चांगलं नव्हतं.,Anger
मला त्या क्लायंट मॅनेजरचे तोंडही बघायला आवडत नाही कारण तो त्याच्या टीमवर सर्वांसमोर खेकसतो.,Disgust
गंगटोकसारख्या पर्यटन स्थळी वाहतूक केवढी शिस्तबद्ध आहे हे बघून थक्कच झालो मी.,Surprise
"भारतातील वाहन चालवण्याची तुलना अमेरिकेशी करणं हे सुरुवातीला दडपण आणणारं वाटत होतं, पण वाहन चालवण्याचे धडे घेतल्यावर, माझी जुळवून घेण्याची क्षमता बघून मला आश्चर्य वाटतं!",Surprise
मी गेल्या आठवड्याच्या शेवटी रेस्टॉरंटमध्ये दुपारच्या जेवणातला माझा आवडता पदार्थ खाल्ला आणि त्यामुळे मला खूप धन्य वाटलं.,Happiness
मी अंथरुणावर पडून आराम करतोय आणि टीव्हीचे कार्यक्रम बघतोय. चेक इनच्या वेळी टीव्ही चालत नसताना हॉटेलच्या कर्मचाऱ्यांनी मला तो दुरुस्त करण्यात मदत केली.,Happiness
मला हा व्हिडिओ गेम खेळायचा होता पण सी.डी.च तुटली. आता हा गेम मी परत कधीच खेळू शकणार नाही.,Sadness
"एक विशिष्ट बॅच खराब बाहेर पडल्यावर ग्राहक आम्हाला ज्या संभाव्य ऑनलाइन नकारात्मक प्रतिक्रिया आणि रेटिंग देतील, त्याची मला चिंता लागून राहिलीये.",Fear
छे! या नवीन दुकानाचं धोरण खूप गैरसोयीचं आहे. त्याच्या अस्ताव्यस्त पार्किंगमुळं आणि प्रदूषणामुळं आजूबाजूच्या भागात आणखी अडचणी निर्माण होतायत.,Disgust
आवश्यक वस्तू घेण्यात मदत करण्यासाठी नुकसानभरपाई बरोबरच मी आज पुढच्या विमानात तुम्हाला तुमचं सामान स्वतः आणून देईन. जर तुम्ही विमान कंपनीवर खटला भरला तर मला माझी नोकरी गमावण्याचा धोका आहे.,Fear
"ई! किती घाण आणि अस्वच्छ टेबल आहे हे आणि हे रेस्टॉरंटच कचऱ्याच्या डब्यासारखं दिसतंय, किळसवाणं!",Disgust
ऑर्थो डॉक्टरांनी बरंच फसवलंय मला.,Anger
आजकाल लग्नाचा खर्च जेव्हा दोन्ही कुटुंबं समानपणे उचलतात तेव्हा मला शांत शांत वाटतं.,Happiness
चीनमधील या स्थानिक खाद्यपदार्थाची चव अगदी विचित्र आहे.,Disgust
वर्षअखेरीस होणाऱ्या विक्रीदरम्यान आयकियातील लोकप्रिय वस्तूंचा साठा संपत आल्यामुळे मला काळजी वाटते.,Fear
"जेव्हा मी चेक इनसाठी काऊंटरकडे गेलो तेव्हा इकॉनॉमी सीट्स ओव्हरबुक झाल्या होत्या, त्यामुळे जेव्हा विमान कंपनीच्या कर्मचाऱ्यांनी मला उतरवण्याऐवजी बिझनेस क्लासमध्ये मोफत अपग्रेड करण्याची ऑफर दिली तेव्हा थक्कच झालो मी.",Surprise
"शंभर मैल गाडी चालवून या दुकानापर्यंत आल्यानंतर ते बंद असल्याचं पाहून मला फारच राग आला, कारण मालकानी ते उघडं राहील असं सांगितलं होतं.",Anger
तुम्ही सगळे मोठे झाला आहात! जरा मोठे असल्यासारखे वागा आणि तुमचे काम अधिक गांभीर्याने घ्या.,Anger
मला खूप गाळात गेल्यासारखं वाटतंय आणि असं वाटतंय की ए.सी.टी. ब्रॉडबँड कनेक्शनसाठी वार्षिक फी भरण्यापूर्वी मी तुला त्याच्या दर्जाबद्दल एकदा तरी विचारायला हवं होतं.,Sadness
माझ्या मुलांसाठी औषध विकत घेण्याच्या माझ्या असमर्थतेमुळे मी अश्रू ढाळत आहे.,Sadness
परतावा देण्यासाठी लाच मागणारे आयकर अधिकारी माणसंच नसतात.,Disgust
"अनुपमा मॅडमच्या तासाला बसायला धमाल यायची कायम. आम्ही गोष्टी, विनोद आणि नाटके वाचायचो आणि मजा मजा करायचो.",Happiness
कोणतीही गळती न होता किंवा बिघाड न आणता आतच जोडलेल्या पाण्याच्या पाईपला हात लावताना आमच्यासमोरच्या संभाव्य आव्हानांबद्दल मी साशंक आहे.,Fear
प्रकल्पावर परिणाम करणारे अनेक घटक आपल्या नियंत्रणाबाहेर असतात तेव्हा ते आशाभंग करणारे असते.,Anger
असे आळश्यासारखे का वागताय तुम्ही आणि नुसतं बसून सामना काय पाहताय? बाहेर जाऊन खेळत का नाही तुम्ही?,Anger
सोशल मीडियावर माझ्या लौकिकाचा चुराडा करायचा प्रयत्न केल्याबद्दल मी तुला न्यायालयात खेचीन आणि एकेका रुपयासाठी खटला दाखल करीन तुझ्यावर.,Anger
माझे स्वतहाचेच पैसे परत मिळवायसाठी पंधरा महिने वाट बघायला लागतेय मला.,Sadness
मी पॅरिसमधल्या नॉत्र डेम कॅथेड्रलमध्ये शिरलो आणि आतली गुहा बघून माझा आ वासला.,Surprise
"मला अशी औषधे दिलीयेत, ज्यांची चव कडू आहे आणि वास तर इतका उग्र आहे की मला त्या बाटल्या उघडायचीही इच्छा होत नाहीये.",Disgust
हे हस्तांतरण मी संमत केलेले नाही. माझे बँक खाते धोक्यात आले आहे का?,Fear
आम्हाला जी स्थानिक परंपरा बघायची होती ती ठरल्यानुसार झाली नाही त्यामुळे मी नाखूष आहे.,Sadness
एका महत्त्वाच्या प्रकल्पासाठी माझ्या गटांनी केलेल्या मेहनतीची दखल घ्यायला माझा प्रमुख नकार देतोय आणि त्यामुळे माझं पित्त खवळतंय.,Anger
मला भीतीच वाटते आहे की मी जर पुरेशी काळजी घेतली नाही तर कदाचित वाट लावून टाकणार मी त्या चित्राची.,Fear
"या क्षेत्रातील एक पुरातत्वशास्त्रज्ञ म्हणून, तामिळनाडूमधील या प्राचीन मूर्ती शोधून काढल्यावर मला अत्यानंद झाला.",Happiness
"येलागिरीमध्ये हॉटेलची वातानुकूलित यंत्रणा योग्यरित्या काम करत नाही, ज्यामुळे उष्णतेने मी रागीट होत आहे.",Anger
मी कधीही विचारच केला नव्हता की मला माझ्या स्वप्नातील बागेसाठी पुरेसे मोठे अंगण असलेले घर सापडेल आणि दलालाने माझ्यासाठी तसेच घर शोधले!,Surprise
"मला माझ्या म्हाताऱ्या आईला रुग्णालयात नेण्याची भीती वाटते, त्यामुळे ती आयुर्वेदाच्या डॉक्टरांच्या उपचारांनी घरीच बरी होत आहे.",Happiness
मी तुला शेवटचं सांगतेय तुझी खोली आवरायला.,Anger
मी डब्ल्यूडब्ल्यूई पाहूच शकत नाही. कारण ते सगळे खोटे वाटते.,Disgust
माझ्या खात्यात पुरेसे पैसे असूनही माझे पेमेंट लिमिट का वाढवत नाही आहात तुम्ही?,Anger
तुझ्या आईच्या तब्येतीच्या समस्यांबद्दल ऐकून मला खूप वाईट वाटलं. गेल्या काही दिवसांपासून तू इतका दुःखी का आहेस हे आता समजलं मला.,Sadness
समाजातील लोकांनी भ्रष्ट पोलिसांविरोधात बंड पुकारले आणि त्यांना झोडपून काढले.,Anger
शेअर बाजाराची कामगिरी चांगली नसल्याबद्दल माझे विधान हलक्या फुलक्या पद्धतीने मांडले गेले.,Happiness
पुस्तकांच्या दुकानात सगळ्यावर धूळ आणि काजळी पसरली असल्याने मला कोणतीच पुस्तके खरेदी करावीशी वाटली नाहीत.,Disgust
या भाड्याच्या निवासी जागेत आधीपासून सौर पॅनल्स बसवलेले आहेत या वस्तुस्थितीमुळे मला सुखद धक्का बसला आहे.,Surprise
"काय हे, माझा विश्वासच बसत नाहीये की कॅफेटेरियात पुन्हा ते बेचव सूप वाढतायत. आठवडाभरात हे वाढण्याची त्यांची ही चौथी वेळ आहे.",Disgust
सायकल चालवताना तुमच्या चेहऱ्यावर आदळणारी थंड हवा ही अशी गोष्ट आहे जी प्रत्येकाने त्याच्या आयुष्यात एकदा तरी अनुभवायलाच पाहिजे.,Happiness
काय? मागच्या आठवड्यात आम्ही तुम्हाला विचारलं होतं तेव्हा तुम्ही आमच्याशी खोटं का बोललात आणि कॅमेरा बसवला होता असं का सांगितलं?,Anger
"तुम्हाला माहित तरी आहे का की माझी एक महत्त्वाची मीटिंग चुकणार आहे, ज्यासाठी पैसे मोजावे लागणार आहेत मला. हे अजिबातच चालणार नाही.",Anger
पर्यवेक्षकाच्या कामाने मी इतका भारावून गेलो होतो की कार्यालयीन साफसफाईला मी आमच्या ग्राहकांना देऊ केलेल्या आमच्या सेवा प्रस्तावांचा एक महत्त्वाचा भाग बनवलं.,Surprise
माझा खराब टीव्ही दुकानदार विश्वचषकाच्या वेळी दुरुस्त करून देईल की नाही याबद्दल मला जरा शंकाच आहे.,Fear
सरकार जेव्हा जनतेच्या पैशातून अपयशी  ठरलेल्या महानगरपालिकांना जामीन देते तेव्हा मी रागाने धुमसतो.,Anger
"मी आतून खदखदतोय, कारण मला माहित आहे की तुम्ही मला पैसे कमी देऊन माझा गैरफायदा घेताय.",Anger
हे आमच्या लक्षात आणून दिल्याबद्दल तुमचे आभार. तुमच्या अभिप्रायाला आम्ही खरोखरच महत्त्व देतो आणि चांगला बँकिंग अनुभव देण्यासाठी आम्ही वचनबद्ध आहोत.,Sadness
आपण एकत्र करत असलेल्या सगळ्या गोष्टींनंतरही तुम्ही माझ्या पाठीमागे इतकं दुखावणारं काहीतरी बोलला असाल यानंच माझा तिळपापड झालाय.,Anger
मला माझ्या आवडत्या फॅन्टसी सिरीजचं नवीन पुस्तक मिळालं एकदाचं. जादूच्या जगात पुन्हा उडी मारायसाठी थांबूच नाही शकत मी! मित्र एक,Happiness
लोक बांधकामाचं साहित्य रस्त्यावर सोडतात  आणि लोकांना गाडी चालवताना त्याचा अडथळा होतो हे बघून मला चीड येते.,Disgust
आधुनिक समाजात महिलांच्या हक्कांकडे दुर्लक्ष होताना पाहणे संतापजनक आहे.,Anger
माझं सामान विमानात न चढवल्याबद्दल  आणि आता ते हरवले आहे म्हणून मी एअरलाइनवर खटला भरणार आहे.,Anger
मत्स्य बुफेमधील विविधता मनोवेधक होती! मला आणखी पुन्हा गेलं पाहिजे.,Surprise
एका वर्षात तीन ट्रॉफी जिंकल्यानंतर मँचेस्टर सिटीचे फुटबॉलपटू भलतेच उत्तेजित होते.,Happiness
"तुम्हाला माझ्या गाडीतून तुमच्या ठिकाणापर्यंत न्यायचे की नाही, ही माझी इच्छा आहे. मला प्रश्न विचारणारे तुम्ही कोण?",Anger
मी आधीच तुम्हाला दहा वेळा सांगून झाले आहे की मी माझ्या क्रेडिट कार्डाचे बिल भरण्याचा प्रयत्न केला पण बँक सर्व्हरला अडचण येत होती. माझा काही दोष नाही त्यात!,Anger
या केकच्या वास्तविक किंमतीपेक्षा एक पैसाही जास्त देणार नाही मी! हे लक्षात ठेवा!,Anger
आमच्या नवीन विपणन मोहिमेबद्दल ग्राहकांच्या प्रतिक्रियांबाबत मला बेचैन वाटत आहे.,Fear
"भाऊ, लवकर संपवा की बिलिंग! दहा मिनिटं होऊन गेली रांगेत उभा आहे मी.",Anger
तुम्हाला फोनबाबत जास्त सावध रहायला सांगितलं होतं मी. आता कोणत्या तरी यू. पी. आय. फ्रॉडमुळे दहा हजार रुपये गेलेत तुमचे.,Anger
मी एका जुन्या किल्ल्यात फिरत होतो आणि मध्यरात्री जेव्हा मी तिथे एकटा होतो तेव्हा मी एक भयानक भावना अनुभवली.,Fear
या महामारीची तिसरी लाट संपलीये तर किती बरं वाटतंय मला म्हणून सांगू. आता परत कॅम्पसमध्ये जाऊ शकतो मी.,Happiness
"मला स्वतःचाच राग येतो, कारण मला वाटले की काउंसेलिंगमुळे लवकर यश मिळेल, परंतु हे तर माझ्या कल्पनेपेक्षाही कठीण आहे.",Anger
अमृतसरमधील एका छोट्या खाण्याच्या ठेल्यामध्ये मी अमृतसरी कुलच्याचा मनापासून आस्वाद घेतला. आणि मी खरंच खूप तृप्त झालो.,Happiness
"एक व्यवसाय मालक म्हणून, कर अधिकाऱ्यांकडून होणाऱ्या अनपेक्षित ऑडीटच्या नुसत्या कल्पनेनंही माझ्या मणक्यातून आरपार शिरशिरी येते.",Fear
तू लिहिलेली उत्तरं वाचलीस तरी का तू? डोकं फिरवलंस तू माझं अक्षरशः.,Anger
"चांगल्या किंवा वाईटासाठी, मी वार्षिक इंटरनेट सबस्क्रिप्शन घेतलंय, माझ्या ऑफिस कॉल्सला त्रास होणार नाही या आशेपलिकडच्या आशेने.",Fear
वर्तमानपत्रं टाकणारा मुलगा तो पेपर किती अचूकपणे पहिल्या मजल्यावर फेकतो ते बघून मी अचंबित होतो.,Surprise
"आमच्या प्रवासादरम्यान बस बंद पडण्याच्या शक्यतेची मला खरोखर काळजी वाटते, यामुळे खूपच गैरसोय होऊ शकते आणि विलंब होऊ शकतो.",Fear
पाण्यात नका जाऊ. खूप खोल आहे ते!,Fear
कार्यक्रमादरम्यान इव्हेंट मॅनेजरच्या अक्षमतेमुळे माझा वेळ वाया गेला आणि त्यामुळे माझी चिडचीड झाली.,Anger
मी एका महत्त्वाच्या कागदपत्रावर काम करत असताना जेव्हा माझा लॅपटॉप बंद होण्याची चिन्हे दिसली तेव्हा मला घाम फुटायला लागला.,Fear
मला खेद वाटतोय की मी तुम्हाला आधी फोन केला नाही आणि माझे गॅस कनेक्शन नवीन पत्त्यावर हस्तांतरित करण्यासाठी अर्ज करायला मी इथपर्यंत आलो.,Sadness
"पुस्तकविक्रेता त्याच्या दुकानातील स्त्रियांकडे ज्या प्रकारे बघत होता, ते मला पटले नाही.",Disgust
युक्रेननंतर रशिया पुढे पोलंडवर हल्ला करू शकतो हे वाचून मला धक्का बसला.,Surprise
नव्या मुंबई दिल्ली द्रुतगती मार्गावर गाडी चालवताना पेल्यातून पाण्याचा एक थेंबही बाहेर हिंदकळला नाही तेव्हा आश्चर्यचकितच झाली ती.,Surprise
बसवल्यानंतर कॅबिनेटचे काही दरवाजे योग्य प्रकारे एका रेषेत नव्हते हे पाहून मी नाउमेद झालो.,Sadness
मोठ्या वित्तीय लेखापरीक्षण संस्था नियमांमधील त्रुटींचा ज्या पद्धतीनं गैरवापर करतात ते उद्वेगजनक असते.,Disgust
माझ्या मुलाला स्पर्धेत नाच करण्यासाठी नृत्य शाळेकडून आर्थिक पाठबळ मिळत असल्याचं बघून मला खूप आनंद झालाय आणि मला समजतंय की जर नृत्यशाळेने भाग घेतला नाही तर त्यांना पुढच्या वर्षी बोलावलं जाणार नाही.,Happiness
आज मी प्रवास करण्यासाठी सार्वजनिक बसमध्ये चढलो तेव्हा मला ती दुर्गंधीयुक्त आणि असह्य वाटली.,Disgust
"इतका आवाज करू नका असं सांगितलंय मी त्यांना, पण ऐकतच नाहीत ते कधी.",Sadness
गिग अर्थव्यवस्था ज्या गतीने नोकरीच्या बाजारपेठेला नवीन आकार देत आहे ते आश्चर्यकारक आहे.,Surprise
"माझ्यासाठी हे व्यक्त करणे महत्त्वाचे आहे की राजीनामा देण्याच्या तुमच्या निर्णयामुळे आमच्या टीमची भविष्यातील रचना, विशेषतहा कौशल्ये आणि अनुभव यांचे योग्य संतुलन राखण्याच्या बाबतीत अनिश्चिततेची भावना निर्माण झाली आहे.",Fear
"अमृतसरला जाणारी शेवटची ट्रेन गेली का? उद्या माझी एक मीटिंग आहे, मी तिला कशी हजर राहणार आता?",Fear
सी.एस.के.चा सामना बघितल्यावर चाहत्यांनी मागे सोडलेल्या कचऱ्याचे दृश्य मी सहन करू शकलो नाही.,Disgust
"माझ्या बॅगा येईपर्यंत आवश्यक वस्तू घेण्यासाठीच्या पैशांसह, पुढच्या विमानात माझे सामान मिळवून देण्यात मला मदत करण्यासाठी तुम्ही जी पावले उचलताय त्याने मला आनंद झालाय.",Happiness
हा व्यायाम करण्याची त्याची पद्धत इतकी विचित्र आणि वाईट आहे की किळसवाणं दिसतं ते.,Disgust
जर डिझाईन एकदम परफेक्ट नसेल तर तुम्हाला पैसे परत करायला लागतील माझे.,Anger
गोल केल्यानंतरचा अतिजल्लोष घृणास्पद होता.,Disgust
चेन्नई ते कन्याकुमारी अशा सातशे कि.मी.च्या रोड ट्रिपवर गेलो होतो मी आणि माझ्या आयुष्यातला सगळ्यात मस्त अनुभव होता तो.,Happiness
हत्येचं गूढ इतकं छान रचलं होतं की शेवटी जेव्हा खुन्याची ओळख उघड झाली तेव्हा मला त्याची अपेक्षाच नव्हती.,Surprise
"प्रत्येक वेळी जेव्हा मी वेबसाइटद्वारे पुस्तक आधीच ऑर्डर करायचा प्रयत्न करतो, तेव्हा मला आउट ऑफ स्टॉकचा मेसेज मिळतो, यामुळे मला वाईट वाटतं.",Sadness
एका चित्रपटात मी एक गलिच्छ रुग्णालय बघितलं आणि त्या गरीब रुग्णांसाठी मला दुख वाटलं.,Sadness
माझ्या विमानात मी एका प्रवाशाला त्याच्या सावळ्या सहप्रवाशाचा अपमान करताना आणि त्याच्या शेजारी बसायला नकार देताना ऐकलं तेव्हा मला अगदी शिसारी आली.,Disgust
आमच्या शेतांकडे झालेले दुर्लक्ष आणि त्यांची दुरावस्था पाहून मी त्रस्त झालो आहे. असे वाटत होते की जणू युगानुयुगे त्यांची सफाई करण्याची कोणी तसदी घेतलीच नाही.,Anger
"मला प्रगतीचा अभाव जाणवत आहे. तुम्ही या प्रकल्पांत मध्ये रेंगाळला आहात आणि त्यात मला वेळ आणि पैशाचा भुर्दंड होत आहे, एक गवंडी म्हणून मला तुमच्या पात्रतेवर शंका येतेय.",Anger
त्यांच्या संघाने विश्वचषक जिंकला तेव्हा रस्त्यावर नाचत होते लोक.,Happiness
"एक एच. आर. भागीदार म्हणून, तुम्ही टीममधून बाहेर पडण्याच्या शक्यतेचा जेव्हा मी विचार करतो, तेव्हा तुमच्या जाण्याने कामाचा अनुभव आणि ज्ञानाच्या देवाणघेवाणी बाबतीत निर्माण होऊ शकणाऱ्या पोकळीबद्दल मला काळजी वाटते.",Fear
कामाच्या ठिकाणच्या माझ्या जिवलग मित्राने माझ्याआधी पदोन्नती मिळावी म्हणून जेव्हा आमच्या बॉसजवळ माझी वाईट शब्दात निंदा केली तेव्हा माझं हृदय विदीर्ण झालं.,Sadness
"सर, जागेवर बसा जरा तुमच्या. हे विमान आहे, मंडई नाही!",Anger
शी. घामाचे हात असे तुमच्या शर्टाला पुसू नका.,Disgust
ऑगस्टमध्ये जेव्हा मला विमा पॉलिसीतून माझी वार्षिकी मिळेल तेव्हा मी खूष असेन.,Happiness
"ज्या तऱ्हेनं हे ट्वेंटी फोर बाय सेव्हन वॉलमार्टचं मोठं दुकान ग्राहकांना मदत करायला कधीही पुरेसे कर्मचारी भरती करत नाही, ते संतापजनक आहे.",Disgust
"मला चांगलं नैसर्गिक प्रकाश असलेलं घर हवं आहे, अंधुक प्रकाश असलेल्या जागेत मला जरा अस्वस्थ वाटतं.",Fear
"रेस्टॉरंटनं सेवा देताना जे लक्ष पुरवलं आणि काळजी घेतली त्यामुळे मला कल्पनेपलीकडं जिंकून घेतलंय, जेवणाचा अनुभव संस्मरणीय व्हावा याची खातरजमा करण्यासाठी त्यांनी त्यांच्या सर्व क्षमता पणाला लावल्या आहेत.",Surprise
तू माझा चॅम्पियन होतास! तुझ्याशिवाय मी हे करूच शकले नसते!,Happiness
गुंतवणुकीच्या घोटाळ्यांना बळी पडणाऱ्या लोकांची संख्या पाहून मला धक्का बसला आहे.,Surprise
माझ्या भातात खडा का आहे? धान्य व्यवस्थित साफ कसे निवडायचे हे माहीत नाही का तुम्हाला?,Anger
अच्छा! मेट्रोमध्ये परवानगी आहे सायकल आणायला. आधी माहिती नव्हते मला हे.,Surprise
हॉटेलचा कर्मचारी उद्धट आहे खूप. मी भोपळ्यासारखा दिसतो असं म्हणाला तो मला.,Sadness
"माझ्याकडे काही महत्वाचे कपडे होते जे धुणं आवश्यक होतं, पण माझी हॉटेलमधली कपडे धुण्याची विनंती पुढे पोहोचत नाहीये असं दिसतंय आणि त्यामुळे मला खूप असहाय्य वाटतंय.",Sadness
वापरलेली पुस्तकं विकणारं दुकान सापडल्यानं मला आनंद झाला. इथे मला दुर्मिळ आणि लोकप्रिय पुस्तके परवडणाऱ्या दरात मिळू शकतात.,Happiness
मधुमेहावर कोणताही इलाज नाही असं म्हणाले डॉक्टर मला.,Sadness
मी क्लायंटबरोबरच्या माझ्या कामाबाबत हवेत किल्ले बांधत होतो आणि मग नंतर करार रद्द झाल्यानंतर ते सगळे कोसळून पडले .,Surprise
हे स्पष्टच आहे की जल्लोष करण्यासाठी प्रेक्षकांना संकेत मिळतायत आणि ते अतिशय कृत्रिम दिसतंय.,Disgust
व्हिडिओ कॉन्फरन्सिंगने आमच्या कुटुंबाला एकत्र आणले आहे आणि ते जगभरात कुठेही असले तरी प्रत्येकाचे हसरे चेहरे बघितले की फार छान वाटते.,Happiness
नेहमी वरून मीठ घेतोस तू! तुला माहितीये की आधीच उच्च रक्तदाब असताना तुझ्या डाएटसाठी चांगलं नाहीये ते.,Anger
"मला स्वतःचीच चीड येतेय, कारण मला मिळालेल्या गुणांच्या आधारे मला हव्या असलेल्या कॉलेज आणि कोर्सेसमध्ये मला प्रवेश मिळणार नाहीये.",Anger
मी एका जोडीदारासोबत व्यायाम केला ज्याने गेल्या रविवारी माझ्या मर्यादा उंचावल्या आणि मला उर्जेने भरून सोडले.,Happiness
हा गेमिंग कन्सोल फोर के रिझोल्यूशनमध्ये गेम्स खेळू शकतो यावर माझा विश्वास बसत नाही.,Surprise
आपले नाते एवढे खराब झाले आहे की जेव्हाही मी तुझ्या आसपास असतो तेव्हा मी उदास असतो.,Sadness
तुम्ही मला बोर्डिंग स्कूलमध्ये घालण्याचा विचार करत नसाल तर मला हुश्श वाटलं. आता सांग तुझी वाईट बातमी. मुलगा,Happiness
तुम्ही दुसऱ्या बेडरुममध्ये असताना एका बेडरूममधून लोक चोरी करत होते हे तुमच्या लक्षातही कसं आलं नाही?,Surprise
मेकॅनिक्सनी कारच्या समस्यांचं निदान करण्यात तज्ज्ञ असल्याचा दावा तर केला पण त्यांना 'डायग्नोस्टिक चाचण्यां'साठी माझ्याकडून भरमसाठ किंमत वसूल केल्याशिवाय समस्या काय आहे एवढंदेखील शोधून काढता येऊ नये ?,Anger
बांधकाम व्यावसायिकाने त्यांच्या गुंतवणुकीचा पर्यावरणावर होणाऱ्या परिणामाकडे दुर्लक्ष केल्यामुळे मी अस्वस्थ आहे.,Disgust
हे अंगावर लावायचं उपकरण माझ्या पावलांचा आणि जाळलेल्या कॅलरीजचा मागोवा घेऊ शकतं यावर माझा विश्वास बसत नाही.,Surprise
मला भीती वाटते की जर आपण त्याला थेट त्यांच्या कार्यक्षेत्रात ठेवले तर ग्राहक आपल्या कर्मचार्याला भरती करून घेण्याचा प्रयत्न करतील.,Fear
त्या चाहत्याच्या क्रिकेट संघानं सामना गमावला तेव्हा त्याला टीव्ही फोडताना बघितलं मी.,Anger
माझ्या मुलाबद्दलची शिक्षकांची मतं लक्षात घेता येणाऱ्या पालक शिक्षक मिटिंगबद्दल मला जरा चिंताच वाटतेय.,Fear
माझ्यावर अनेक वैयक्तिक जबाबदाऱ्या आहेत आणि बढतीकडे दुर्लक्ष केल्याबद्दल निषेध करून ही नोकरी गमावण्याच्या शक्यतेनेच मला धडकी भरते.,Fear
दुचाकी टॅक्सींच्या लोकांमधील वाढत्या  लोकप्रियतेवर बेंगळुरूमधील ऑटो रिक्षा संघटना नाराज आहेत.,Anger
आजूबाजूच्या देशांमध्ये अल्पसंख्याकांची सातत्याने होणारी उपेक्षा पाहणे राग आणणारे आहे.,Anger
तुम्ही सगळे सांगताय त्या वेगवेगळ्या गोष्टींचा खूप वीट आलाय मला!,Disgust
"शेफकडून काही पायऱ्या हुकल्या असल्याने, खाद्य समीक्षक म्हणून मला नवीन उपाहारगृहामधील जेवणाच्या चवीबद्दल काळजी वाटते.",Fear
बफेलो डाउनटाउनच्या एका बकाल भागात गाडी चालवत आम्ही बेघर लोक आणि अमली पदार्थांच्या व्यसनी लोकांना मागे टाकून जात असताना मला स्पष्टपणे अस्वस्थ वाटले.,Fear
आकर्षण स्थळाकडे जाण्यासाठी चुकीच्या दिशा दाखवल्याबद्दल मी स्थानिकांवर वैतागलो होतो.,Anger
संघ दररोज पाच तास प्रशिक्षण घेत होता पण तरीही हारले ते स्पर्धेत. ते जिंकायला लायक होते असं वाटतं मला.,Sadness
सगळ्या टी.व्ही. वाहिन्यांना फक्त आपल्या टी.आर.पी. मानांकनाची काळजी असते आणि प्रेक्षकांवर नकारात्मक परिणाम झाला तरी मानांकन वाढवणाऱ्या कोणत्याही सनसनाटी बातम्या त्या दाखवतात.,Disgust
"माझ्या खोलीतून निघ या तुझ्या बोलण्याने मन दुखावलंय माझं, पण मी निघण्यापूर्वी माझ्याकडे तुझ्यासाठी काहीतरी बातमी आहे.",Sadness
मला शंका आहे की हिला उशीर झाल्यामुळे मी माझी कनेक्टिंग फ्लाइटसुद्धा चुकवणार आहे.,Fear
"माझी निराशा झाली, कारण कार्यक्रमाच्या व्यवस्थापकाने कार्यक्रमासाठी सुरक्षेच्या ज्या उपाययोजना ठेवू म्हणून चर्चा केली त्या माझ्या पाहुण्यांच्या कल्याणासाठी अपुऱ्या वाटतात.",Sadness
माझ्या नवीन घरात उच्च दर्जाच्या मनोरंजनाचा आनंद घेण्यासाठी सॅमसंगचा नवीन टीव्ही खरेदी करण्याच्या कल्पनेमुळे मी खरेच उत्तेजित झालो आहे.,Happiness
हैदराबादमध्ये प्रश्नमंजुषा स्पर्धा जिंकल्यावर आणि वर्तमानपत्रात माझे चित्र पाहिल्यानंतर मी हवेत चालत होतो.,Happiness
"माझ्या वाहन तज्ज्ञाने लक्ष घातल्यामुळे मी कृतज्ञ आहे, कारण मी चार महिने परदेशात असताना त्यांनी माझ्या कारची चांगली काळजी घेतली.",Happiness
"वादळानंतर मैदानावरील चिखल आणि ढिगारा पूर्णपणे भयावह होता, त्यामुळे माझ्या पोटात गोळाच आला.",Disgust
शताब्दी एक्स्प्रेसमध्ये दिल्या जाणार्या जेवणात केस दिसला तेव्हा ते मला किळसवाणे वाटले.,Disgust
ती गोळी गिळू नकोस. मी ऐकलंय की ती डुकराच्या आतड्यापासून तयार करतात.,Disgust
"हे छानच आहे! कायमस्वरूपी छाप सोडणारे असे आकर्षक, पाहिजे तसले केक तयार करण्यात आम्ही श्रेष्ठ आहोत.",Surprise
जेव्हाही तू तुझ्या लॅपटॉपवर इंटरनेट वापरतोस तेव्हा मला तुझ्या चेहऱ्यावर हसू दिसते. तुला इंटरनेट कनेक्टिव्हिटी आवडलेली दिसतेय!,Happiness
"मला स्पेनमधील टिकटॉक प्रेक्षकाप्रमाणेच पृथ्वीवर एकटे राहण्याची भयानक स्वप्ने पडली होती, जो भविष्यातला असून पूर्णपणे एकटा आहे असे मानले जाते.",Fear
मी उद्या शहराबाहेर चाललेय आणि मला जातीय संघर्षांची चिंता वाटतेय.,Fear
मॅनेजरला धाक दाखवू नका. त्याच्या खोलीत बंदूक आहे असं ऐकलंय मी.,Fear
सध्याच्या पिढीला विश्वास नाही आणि ती शिकवल्या जाणाऱ्या प्रत्येक गोष्टीवर प्रश्नचिन्ह उपस्थित करतेय हे थकवणारं आहे.,Disgust
"मी चित्रपटाच्या ऑडिशनला गेलो, तेव्हा कास्टिंग डायरेक्टर माझा बालपणीचा मित्र असेल ही अपेक्षाच नव्हती मला.",Surprise
अगदी! आपल्या पार्टीच्या थीमशी जुळणारा तुम्हाला हवा तसा केक डिझाइन करण्याबद्दल बोलू या.,Happiness
"काही विद्यार्थी ज्या प्रकारे त्यांच्या शिक्षकांची खिल्ली उडवून त्यांचा अनादर करतात, ते निव्वळ चुकीचे आहे.",Disgust
माझ्या सिद्ध डॉक्टरांनी मला दिलासा द्यायचं उत्तम काम केलंय.,Happiness
"माझी वैद्यकीय विमा पॉलिसी आयुर्वेदिक उपचार पूर्णपणे कव्हर करतेय, त्यामुळं मी निश्चिंत झालेय!",Happiness
तुम्ही ते खराब झालेलं अन्न खाल्लं यावर माझा विश्वासच बसत नाहीये. श्शी!,Disgust
सायबरसुरक्षा भंग झाल्याने माझे कौटुंबिक फोटो हरवले तेव्हा मी रागाने लालबुंद झालो होतो आणि मला इच्छा आहे की ज्याने हे केले ती व्यक्ती माझ्या हाती लागू दे.,Anger
यू. पी. एस. सी. च्या तयारीसाठी मी एक वर्ष सुट्टी घेतली पण तरीही पास नाही होऊ शकलो त्यात. आता काय करू मी?,Sadness
आतल्या आत मी भयंकर संतापलो होतो आणि मी त्या अमली पदार्थ विक्रेत्यांचा न्यायाधीश असतो तर त्यांना  न्यायालयात फाशीची शिक्षा खुशीनं सुनावली असती.,Anger
त्याच्या संघाने जेव्हा शेवटच्या क्षणी गोल केला तेव्हा जगन त्याचा उत्साह थोपवूच शकला नाही.,Happiness
मी तासाभरापूर्वी हॉटेलच्या कर्मचाऱ्यांना माझे धुण्याचे कपडे घेऊन जायला निक्षून सांगितलं होतं आणि इथे अजून कोणा एकाचंही चिन्ह दिसत नाही. जबाबदारीच्या या अभावामुळे माझ्या सगळ्या बेतांना उशीर होतोय!,Anger
दोन हजार अठरा मध्ये जागतिक ट्रॅक स्पर्धा जिंकणारी पहिली भारतीय बनल्यानंतर हिमा दासने व्यासपीठावर आनंदाश्रू ढाळले.,Happiness
"या ऑनलाइन हॅकर्समुळे पैसे गमावून बसलेल्या सगळ्याच लोकांसाठी, विशेषत आपल्या मुलीच्या लग्नासाठी पैसे वाचवून ठेवलेल्या त्या व्यक्तीसाठी माझं मन हळहळतंय.",Sadness
मला किल्ल्याभोवती फिरवून सगळे  दाखवल्याबद्दल गाईडने माझ्याकडून खूप जास्त पैसे घेतल्याचे जेव्हा माझ्या लक्षात आले तेव्हा मी संतापाने बेभान झालो.,Anger
तुम्ही ज्या कंपनीमध्ये गुंतवणूक केली आहे ती कंपनी आर्थिक डेटाशी ज्या पद्धतीने छेडछाड करते ते तिरस्करणीय आहे.,Disgust
"हे तेच दुकान, ज्याबद्दल माझ्या मित्रानं सांगितलं होतं की ते वापरलेली पुस्तकं विकतील, पण ते तर सांगतायत की ते ती इथं विकत नाहीत. हे ऐकून खूपच वाईट वाटलं.",Sadness
"ध्रुव, टिवल्या बावल्या करणे थांबव आणि वर्गात लक्ष दे जरा!",Anger
वाहतूक कोंडीमध्ये इतरांच्या पुढे जाण्यासाठी लोकांनी मी ज्या फुटपाथवरून चालत होतो त्या फुटपाथवर गाडी घातली हे बघून माझा तिळपापड झाला.,Anger
"या वर्षी जास्त कर द्यावा लागल्याने माझी बचत कमी झालीये, म्हणून मी निराश झालोय.",Sadness
बँकेला टाळं लागण्याबद्दल काही ऐकलंस का तू? माझे पैसे अडकून पडलेत तिथे.,Sadness
नाझका पठारावर विचित्र रेखाचित्रं आहेत ज्यांचं मला तर आकलन सुद्धा होत नाही!,Surprise
"नव्या मॉड्यूलर स्वयंपाकघरात कुठलीच त्रुटी राहणार नाही अशी जोरदार आशा होती मला, परंतु दुर्दैवानं काउंटरटॉपवरच्या उठून दिसणाऱ्या ओरखड्यांनी मी निराश झाले.",Sadness
मी जे ऐकतेय त्यावर विश्वासच बसत नाहीये माझा! बंगलोरच्या रहिवाशांना आकाशात एक दार दिसलं म्हणे!,Surprise
रिकामेपणाची भावना जाणवतेय मला.,Sadness
मी जिथे माझे दुकान चालवत होतो त्या दुकानाचे भाडे मालकाने तिप्पट केले तेव्हा माझा संताप झाला.,Anger
बंगळुरूमध्ये गर्दीच्या वेळी रहदारीची परिस्थिती अगदीच विदारक असते. त्या गर्दीच्या रस्त्यांवर तासन् तास अडकून पडणं मला मुळीच आवडत नाही.,Disgust
"मी नेहमीच ऑनलाइन बुकिंग केले असल्यामुळे, रेल्वे बुकिंग क्लार्कशी संवाद साधणे आणि होणारा गोंधळ याबाबत मला थोडी चिंताच वाटत आहे.",Fear
व्वा! तू इतक्या लवकर बरा होशील असे वाटलेच नव्हते मला कधी.,Surprise
"मला जो अपरिहार्य वाटला, त्या माझ्या बॉसला नेतृत्व संघाने काढून टाकले तेव्हा त्यांनी सर्वांना थक्कच करून सोडले.",Surprise
टायटॅनिक पाहण्यासाठी दुर्दैवी पाणबुडीत बुडून गेलेल्या लोकांच्या कुटुंबांचा विचार करताना मला खिन्न वाटतं.,Sadness
ज्या मालासाठी त्याने पैसे दिले होते तो जेव्हा वेळेवर आला नाही तेव्हा ग्राहक रागाने लालबुंद झाला.,Anger
माझ्या दुकानासमोर तुम्ही तुमचा स्टॉल लावू शकत नाही हे मला कितीदा सांगावं लागेल तुम्हाला?,Anger
इतर लोकांचे पैसे चोरणाऱ्या या हॅकर्सना कोणत्याही खटल्याशिवाय संपवायला हवे. ते गुन्हेगार आहेत.,Anger
रशियन टेनिस खेळाडूला स्पर्धेसाठी पोलंडमध्ये प्रवेश नाकारला तेव्हा चाहत्यांचा स्फोट झाला.,Anger
"जाताना ते सगळे एकसोबत गेले, पण ती एकटीच परत आली.",Sadness
ग्राहकाच्या ग्राहकांना उशीरा वितरण झाल्याबद्दल एका ग्राहकाने केलेल्या तक्रारीचं निराकरण करण्याबाबत मला चिंता आहे.,Fear
माझ्या घरात कॅमेरा न बसवल्यामुळे आणि घरफोडीमुळे नुकसान सोसावे लागल्यामुळे मला खूप वाईट वाटतंय.,Sadness
"आयकर अधिकाऱ्यांनी मागितलेला अतिरिक्त कर जर आपण भरला नाही, तर तुमच्या कराची हिशेबतपासणी होण्याची भीतीदायक शक्यता आहे, जी गेल्या पाच वर्षातील तुमच्या सर्व आर्थिक गोष्टी खोदून काढेल.",Fear
स्वतःला दुखापत होईल ही भीती वाटते तुला आणि म्हणून तर तू तुझ्या पूर्ण क्षमतेने खेळत नाहीस.,Fear
"जितक्या कागदपत्रांची यादी मला पूर्ण करायची आहे ते बघता, मला त्यात एखादी चूक करायची नाहीये.",Fear
"आपल्या आजूबाजूच्या सगळ्यांनाच झालाय कोविड नाईंटीन, पुढचा नंबर आपलाच आहे कदाचित.",Fear
"अमेरिकेत गाडी चालवल्यानंतर, परत आल्यानंतर भारतीय रस्त्यांवरील अस्ताव्यस्त वाहन चालवण्याच्या सवयींबद्दल मला संताप येतो .",Disgust
चीनमधून भारतात आयात होणाऱ्या वस्तूंचा खालावणारा दर्जा बघून त्रास झाला मला.,Sadness
"मी तिकडं येणार नाहीये, कारण ज्या भागात तुम्हाला जायचंय त्याची मला भीती वाटते. यापूर्वी दोन वेळा लुटलो गेलोय मी तिकडं.",Fear
चेन्नई ते दिल्ली अशी रेल्वेची तिकिटे बुक करण्यासाठी अनेक पर्याय उपलब्ध आहेत हे रेल्वे आरक्षण लिपिकाकडून ऐकून मला खूप आनंद झाला.,Happiness
माझी निघण्याची तारीख जसजशी जवळ येत गेली तसे मला वाईट वाटायला लागले आणि माझ्याकडून पदभार स्वीकारण्यासाठी माझा उत्तराधिकारी निवडला गेला.,Sadness
"आमच्याकडे तुमच्यासाठी चांगली बातमी आहे, कारण आम्ही आधीच चोरांना पकडले आहे. पोलीस",Happiness
"तुमच्या दुकानात नेहमी गर्दी असते आणि लोक एकमेकांना धक्के देत असल्याने गोंधळ असतो, त्यामुळे माझा संयम सुटतो.",Anger
"अशांत समुद्रामुळं नौकेचा प्रवास रद्द केला गेला, ज्यामुळं पार हिरमोड झाला.",Sadness
तो जेव्हा पण गोलंदाजी करतो तेव्हा बॉल चाटतो का असा?,Disgust
या तिमाहीतल्या आपल्या विक्रीच्या आकडेवारीने मी भारावून गेलोय आणि आपल्या उत्पादनासाठी अशा प्रतिसादाची अपेक्षाच नव्हती मला.,Surprise
या प्रकल्पाला बजेटच्या आणि लोकांच्या इतक्या अडथळ्यांचा सामना करावा लागत आहे हे पाहून मन खचतंय.,Sadness
तुमच्याकडून भरपूर लॅपटॉप विकत घेतो मी. माझा व्यवसाय मी दुसऱ्या कोणाकडे तरी घेऊन जावा अशी इच्छा आहे का तुमची?,Anger
या जागेच्या मालकाने गेल्या वर्षीचा मास्टरशेफचा किताब जिंकला होता हे माहीत नव्हते मला!,Surprise
मी हाँगकाँगमधील मासे बाजारामधून जातो तेव्हा मला तो वास सहन होत नाही.,Disgust
मेकॅनिकने माझी कार बदलण्यापेक्षा दुरुस्तीला प्राधान्य दिल्यावर मी चकीतच झालो. ते ऐकल्यामुळे मला तरतरी आली.,Surprise
अच्छा! ही बस दिल्लीला पण जाते? पण इथून पाचशे किलो मीटर लांब आहे ना ते?,Surprise
जेव्हा जेव्हा मी 'एलियन' हा चित्रपट पाहतो तेव्हा प्रत्येक वेळी मी घाबरून गट्ट होतो आणि आश्चर्य वाटतं की जीवनाचं असं स्वरूप आपल्याला ताब्यात घेऊ शकतं का?,Fear
"तुमच्यापर्यंत पोहोचण्याचं काही कॉमन साधनच नसेल, तर आधी तर मी हे उपचार तुमच्याकडे सुरु करायलाच नको होते.",Disgust
तिच्या संघाला नवा विक्रम करताना बघून  लक्ष्मी एकदम हवेत तरंगत होती.,Happiness
वस्तुनिष्ठ पुराव्यांशिवायच जे भुताच्या कथा पसरवतात अशा रानटी कल्पना असणाऱ्या लोकांबद्दल मला तिटकारा आहे.,Disgust
दिवसभरात माझा थोडासुद्धा धंदा झालेला नाहीये आणि म्हणून प्लीज मला तासभरासाठी तुमच्या दुकानासमोर माझा स्टॉल लावू द्या.,Sadness
पॅरीज कॉर्नरबद्दल मी खरोखरच निराश आहे. तिथे पार्किंग शोधण्याचा प्रयत्न करणं ही एक डोकेदुखी ठरेल आणि शिवाय रात्रीच्या वेळेसाठी ते सुरक्षितही नाही.,Anger
आहा! तुझ्याबद्दल एवढ्या जोरदार भावना असतील असं वाटलंच नव्हतं मला कधी. अफलातून आश्चर्याचं आहे हे.,Surprise
तू सकारात्मक दृष्टिकोनाकडे वळण्याचा विचार करतोयस हीच एक उत्तम सुरुवात आहे. हे अर्धी लढाई जिंकल्यासारखे आहे आणि मी तुझ्यासाठी खूप खुश आहे.,Happiness
संपलेल्या वॉरंटीबाबत ग्राहकाची तक्रार हाताळण्याबद्दल मला अस्वस्थता वाटत आहे.,Fear
"वय काय, एक आकडा आहे तो फक्त. मला नेहमीच मी तरुण असल्यासारखे वाटते.",Happiness
सुताराने बसवलेल्या मॉड्यूलर किचनमधील कारागिरी आणि तपशीलाकडे लक्ष दिल्यामुळे मला आनंद झाला. ते खरोखरच प्रभावी होते.,Happiness
"या वर्षी परदेशातून पाठवलेल्या रकमेवरची वीस टक्के कर आकारणी काही काळासाठी चर्चेत राहिली आहे, त्यामुळे तुम्ही जेव्हा तुम्हाला त्याबद्दल माहिती नाहीये म्हटलं तेव्हा मी चकित झालो.",Surprise
"आम्ही विमा कंपनीच्या ग्राहक सेवा संघातले आहोत आणि तुम्ही आम्हाला फोन केला नसला तरीही आम्ही तुमच्या उपचारांना शंभर टक्के  कव्हर करू, कारण तुमच्या हॉस्पिटलनं कळवलंय आम्हाला.",Surprise
रेस्टॉरंटमध्ये माझ्यानंतर आलेल्या लोकांना आधी सेवा दिली गेली आणि त्यामुळे मला राग आला.,Anger
आरोग्य केंद्रामध्ये डॉक्टरांना भेटण्यासाठी मला एवढा वेळ वाट पाहावी लागली हे माझ्यासाठी अविश्वसनीय आहे! अशा प्रकारच्या सेवेसाठी मी पैसे देतोय हे हास्यास्पद आहे.,Anger
"माझा मित्र म्हणाला, तुला माहिती आहे का, की हैदराबादचे निजाम मीर उस्मान अली खान हे एका एअरलाईनचे मालक असलेले स्वतंत्र भारतातील पहिले व्यक्ती होते! ""नाही रे! मला नेहमी वाटायचे की जे.आर.डी. टाटाच पहिले होते"", मी म्हणालो.",Surprise
"मला हा ड्रेस घेतल्याबद्दल खूप खूप थँक यू, आई! खूप आवडला मला हा.",Happiness
"मी कसून अभ्यास केला, पण परीक्षेत पुरेसे गुण नाहीच मिळवू शकलो.",Sadness
माझ्या मुलाच्या वाहन चालवण्याच्या क्षमतेमुळे मी अगदी आश्चर्यचकित झालो होतो! त्याने कोणाच्याही मदतीशिवाय एक हजाराहून अधिक मैल गाडी चालवली!,Surprise
"त्या सुधारणांमुळे मी खरोखरच माझ्या गाडीची कामगिरी वाढवू शकतो ही कल्पना आश्चर्यकारक आहे. मला वाटलेलं की सुधारणा केवळ सौंदर्य वाढवण्यासाठी असतात, परंतु ते इंधनाची कार्यक्षमताही सुधारू शकतात हे समजणं म्हणजे खेळच बदलून टाकण्यासारखं आहे.",Surprise
मी सुरुवात केल्या केल्या सुपरस्टार व्हावं अशी अपेक्षा ठेवणारे बरेच फिटनेस गट पाहिलेत मी.,Sadness
तू जर नोकरीच्या संधींशी आणि तुझ्या आवडीनिवडींशी जुळत नसलेला विषय निवडलास तर भविष्यात तुला त्रास होऊ शकतो त्यामुळे.,Fear
प्लीज घाई नका करू. गाडी दुरुस्त करायची आणि तुम्हाला आमचे ग्राहक म्हणून टिकवून ठेवायची आणखी एक संधी द्या आम्हाला.,Fear
बाजारातील सुधारणेच्या शक्यतेबद्दल माझी थोडीशी घबराट होत आहे.,Fear
सर! मी म्हणतोय की मी माझं तिकीट रद्द केलंय आणि पैसे अजूनही माझ्या खात्यात जमा झालेले नाहीत. तुम्ही त्यात लक्ष घालताय की नाही?,Anger
मला तुमची निराशा पूर्णपणे समजते. आपल्या कारवर आलेल्या संतापजनक स्क्रेपला हाताळणं म्हणजे डोक्याला बराच ताप असू शकतो.,Disgust
डोंगरावरच्या उतरणीच्या स्कीइंग स्पर्धेसाठी रांगेत उभी राहिल्यावर लक्ष्मीच्या हातांना थरथर सुटली.,Fear
मी इथून बाहेर पडायच्या तयारीत आहे. मी निक्षून सांगितलं की मला दोन खोल्यांची सदनिका हवी आहे आणि तुम्ही मला एका खोलीची जागा दाखवत राहता. मला योग्य जागा शोधण्यात मदत करण्यात तुम्हाला स्वारस्यच नाही.,Anger
ते बघ! किनाऱ्याजवळ एक शार्क आहे!,Surprise
"दोन मुख्यतहा हिंसक घरफोड्यांनंतर, आम्ही आमची भीती घालवण्यासाठी रात्रीच्या वेळी गटांमध्ये आमच्या परिसरात गस्त घालण्यास सुरुवात केली.",Fear
जेव्हा संगीत शिक्षकाने माझ्याकडे वर्गातील फक्त माझ्या मुलाच्या वागणुकीबद्दल तक्रार केली तेव्हा मला प्रचंड निराशा वाटली.,Sadness
एकदाचे मॉड्युलर किचन बसवल्यावर माझी पत्नी फार खुश झाली होती. ते वेधक दिसत होते!,Happiness
इतक्या वर्षांनंतर तुम्ही माझ्या तुमच्याशी असलेल्या मोकळेपणाबद्दल गैरसमज करून घ्याल याचं मला वाईट वाटतं.,Sadness
"माझ्या पाळीव प्राण्याबद्दल मला खूप काळजी वाटते आणि त्याला शक्य तितकं चांगलं आयुष्य मिळावं अशी माझी इच्छा आहे, पण असं वाटतंय की आम्हाला त्यात अडथळा येतोय.",Sadness
लोकांच्या भावना दुखावण्यासाठी मोकळेपणा हा एक चांगला बहाणा म्हणून वापरला जात असल्याचे मी पाहिले आहे आणि त्याच अर्थाने मला तुमचे शब्द अप्रिय वाटतात.,Disgust
एक हजार  पृष्ठांचं एखादं जुनं पुस्तक वाचण्याच्या विचारानीच माझ्या पोटात ढवळायला लागतं.,Disgust
तुम्ही स्वतःला व्यावसायिक म्हणवता आणि तरीही एक टाइमशीटसुद्धा वेळापत्रकानुसार भरता येत नाही तुम्हाला.,Disgust
ग्राहकानं काल विकत नेलेली उच्च किंमतीची वस्तू परत करण्याच्या शक्यतेमुळं मी चिंताग्रस्त आहे.,Fear
जेव्हा मी शनिवारी संध्याकाळी ईस्ट कोस्ट रोड ओलांडण्याचा प्रयत्न करतो आणि कोणीही मला जाऊ देत नाही तेव्हा मी निराश होतो.,Anger
अरे व्वा! एखाद्या प्रशिक्षकानं मला काय आवडेल हे विचारण्याची पहिलीच वेळ आहे ही.,Surprise
फुटबॉल खेळाडूंचा असभ्य खेळ अगदीच लाजिरवाणा आहे.,Disgust
फक्त सकारात्मक बातम्या आणि लोकांची कामगिरी प्रकाशित करणारी संकेतस्थळं आहेत का? असं काही आहे हे माहित नव्हतं मला.,Surprise
स्वतःच्या स्वार्थासाठी प्राण्यांच्या अधिवासांवर अतिक्रमण करून मानवाने नाश केला आहे त्यांचा.,Sadness
चित्रपटाच्या दृश्यात तरुणांचा गट एका वृद्ध व्यक्तीला मारहाण करताना पाहून मी क्रोधित झालो.,Anger
माहितीसाठी केलेल्या माझ्या विनंत्यांना ग्राहक प्रतिसाद देत नसल्याने आणि नेतृत्व करणारी माझी टीमसुद्धा मदत करत नसल्यामुळे मी निराश झालो आहे.,Sadness
मी रेल्वेचे तिकीट काढायला गेलो तेव्हा रेल्वे आरक्षण लिपिक एका ज्येष्ठ नागरिकाशी कठोर भाषेत बोलत असल्याचे ऐकून मला वाईट वाटले.,Disgust
"इतकं मोठं दुकान त्यांच्या स्वतःच्या पार्किंग लॉटमध्ये पार्किंग करण्यासाठी त्यांच्या ग्राहकांनी पैसे द्यावेत अशी अपेक्षा करतं, यावर विश्वास बसत नाही माझा!",Anger
"कार्यक्रम व्यवस्थापकाने तपशीलांकडे इतकं बारीक लक्ष पुरवलंय यावर माझा विश्वास बसत नाहीये, परंतु एकदा सजावटीत एक त्रुटी राहिली होती तिचा उल्लेख केल्यावाचून मला राहवत नाही. ती एक दुर्मिळ घटना असेल ही आशा मला होतीच.",Surprise
"मी ज्याचे कौतुक करतो अशा एखाद्याला कठीण काळातून जाताना बघून मन खचतं, विशेष करून जेव्हा त्यानं आपल्या कारकिर्दीत बरंच काही साध्य केलेलं असतं.",Sadness
तुम्ही इतक्या हळू गाडी चालवत आहात की मला माझं विमान पकडण्यासाठी वेळेवर विमानतळावर पोचण्याबाबत चिंता वाटते आहे.,Fear
माझ्या खोलीच्या स्थितीबद्दल तुम्हाला काय अडचण आहे? दार बंद करा आणि निघा.,Anger
आश्चर्यच आहे! मला नव्हतं माहित की तुझ्याकडे मर्यादित आवृत्तीचे प्लॅटिनम क्रेडिट कार्ड आहे. फार कमी लोकांना मिळतं ते.,Surprise
"अरे! इतक्या कमी व्याजदरात कर्ज मिळू शकतं मला याची कल्पनाच नव्हती. मला याची माहिती दिल्याबद्दल धन्यवाद, मिस्टर डेव्हिड.",Surprise
वायव्य सरहद्दीच्या प्रांतात एकल प्रवाश्यांसाठी स्थानिक टॅक्सी सुरक्षित आहेत अथवा नाहीत याबद्दल मला खात्री नाही.,Fear
"तुम्हाला झालेल्या गैरसोयीबद्दल मी मनापासून दिलगीर आहे, कारण तुम्हाला तुमच्या खात्याशी संबंधित ज्या सुरक्षा समस्या आल्या त्यांची आम्ही दखल घेतली नाही. मी तुम्हाला समस्यांचे निराकरण करण्यात मदत करू इच्छितो.",Sadness
"जिथे एक ड्रोन त्याला त्याचे ध्येय साध्य करू न दिल्याबद्दल त्याच्याच ऑपरेटरला ठार मारतो, असल्या धडकी भरवणाऱ्या जागेत मला अजिबात काम करायचे नाही.",Fear
"माझ्या बजेटमध्ये बसणाऱ्या दुचाकी माझ्या पन्नास मैलांच्या एका बाजूच्या मार्गावरील दैनंदिन प्रवासासाठी पुरेशा टिकाऊ नसतील, अशी मला काळजी वाटते.",Fear
मी नजरचुकीने कालबाह्य झालेले दही प्यायल्याने मला भडभडून आल्यासारखे वाटले.,Disgust
"अरे वा, तुमच्या समुपदेशनाने मला इतके सखोल मार्ग दिसतील अशी अपेक्षा नव्हती! माझ्या चिंतेला आणि अस्वस्थतेला तोंड देणे कठीण जात आहे, परंतु मी आत्तापासूनच माझ्या चिंतेवर त्याचा सकारात्मक परिणाम पाहू शकतो आहे.",Surprise
"स्वयंपाकघरातील कॅबिनेट स्वस्त मालाचे आहेत आणि रंग देखील असमान आहे. मी नूतनीकरणासाठी पैसे दिले आहेत, एका गवंड्याच्या निकृष्ट कामासाठी नाही!",Anger
जेसिकाचा संघ विजेता म्हणून समोर आल्यावर ती आनंदानं नाचल्याशिवाय राहूच शकली नाही.,Happiness
"मी आतापर्यंत कमीतकमी तीन राईड बुक केल्या आहेत, परंतु तिन्ही वेळा चालकाने रद्द केल्या त्या.",Sadness
मी जेव्हा खराब झालेल्या पॅकेजबद्दल तक्रार केली तेव्हा कुरिअर कंपनीकडून काहीच जबाबदारी घेतली गेली नाही याचं मला वैषम्य वाटलं. माझ्या तक्रारी संबंधी त्यांची उदासीनता स्पष्ट दिसत होती.,Disgust
काळ्या रंगाचे लेटेस्ट मॉडेल हवे होते मला. तुम्ही ही जुनी पिवळी गाडी माझ्या गळ्यात का मारताय?,Anger
खाते बंद करण्यासाठी कोणतेही अतिरिक्त शुल्क नाही लागणार. तुमच्याकडे काही थकबाकी असेल तर कृपया हे लक्षात घ्या.,Fear
गॅस एजन्सीतील लोक माझ्याशी अत्यंत उद्धटपणे बोलले आणि त्यांनी मला कायदेशीर हक्काने मिळू शकणारा जादाचा सिलिंडर बुक करण्यास नकार दिल्याने मी प्रचंड भडकलो.,Anger
"ई, बाथटबमध्ये एक कोळी आहे आणि मी त्याच्यापासून शक्य होईल तेवढं दूर जातेय.",Disgust
तुमच्याकडे स्टार वॉर्सच्या दिवसांतली मौल्यवान संग्रहणीय वस्तू आहे यावर माझा विश्वासच बसत नाहीये.,Surprise
"मी माझ्या समवयस्कांपैकी एकाशी बोलतो तेव्हा मला मनस्ताप होतो, कारण तो मला माझे बोलणे पूर्णच करून देत नाही आणि मी बोलत असताना आपण बोलतो.",Anger
"मला हे शहर तोंडपाठ आहे, त्यामुळे काळजी करू नकोस, कारण मी आज तुला एकदम मजेने भरलेले अनुभव देणार आहे. स्थानिक",Happiness
ॲमेझॉन प्राइम डे सेलने किमतींमध्ये पन्नास ते पंच्याहत्तर टक्के कपात करून आम्हाला थक्कच करून सोडले.,Surprise
"तुम्हाला गावकऱ्यांच्या मुलांमध्ये भेदभाव करायचा काहीही अधिकार नाही,",Anger
गॅस कनेक्शन नवीन पत्त्यावर हस्तांतरित करण्याच्या प्रक्रियेबद्दल आमच्याशी फोनवर न बोलता तुम्ही गॅस एजन्सीमध्ये का आलात?,Anger
"मी आर्ट रूममधील चित्राकडे पाहू सुद्धा शकत नाही, आधुनिक कलेशी माझे जमत नाही.",Disgust
आरोग्य केंद्राच्या बिलावरील डॉक्टरच्या आणि वाहतूकीच्या या जादाच्या शुल्कासाठी मी तयार नव्हतो आणि यामुळे माझ्या एकूण अनुभवावर बोळा फिरला.,Sadness
"या नवीन जी. पी. एस. नेव्हिगेशन सिस्टीमनी मला डोंगरांमध्ये हरवून जाण्यापासून वाचवलं, नाहीतर त्या दुसऱ्या सिस्टीमला त्यासाठी संघर्ष करावा लागला असता. हे अविश्वसनीय आहे!",Surprise
"मी बेचैन आहे, कारण मी काम तर स्वीकारलंय, पण आता काय करावं हे समजत नाहीये मला.",Fear
तुमच्या दागिन्यांच्या डिझायनरनी या अंगठीच्या डिझाइनमध्ये ज्या प्रकारे अस्सलपणा आणि अभिजातता हे एकत्र साधलंय ते पाहून मी खरोखर थक्क झालोय.,Surprise
मला वाटलं की गेल्या काही दिवसांपासून मी तुला अभ्यासासाठी खूप मेहनत घेताना पाहिलंय. मग परीक्षेच्या वेळी काय झालं तुला?,Surprise
आमच्याकडं कधीही काही बदलून घेण्याचं धोरण नव्हतं आणि आमच्या कोणत्याही कारकूनानं तुम्हाला ते सांगितलं नसेल.,Surprise
"मला तर सांगण्यात आलं होतं की इथं विकली जाणारी पुस्तकं त्यांच्या मूळ किंमतीच्या अर्ध्या दरात मिळतात, पण या पुस्तकाची किंमत त्याच्या अर्ध्या किंमतीपेक्षा जास्त आहे. आता मला पैसे कमी पडतायत, मी हे पुस्तक कसं विकत घेऊ?",Sadness
जेव्हा कास्टिंग दिग्दर्शकाने ऑडिशनच्या दरम्यान मला एकाएकी थांबवले आणि निघून जाण्यास सांगितले तेव्हा माझ्या संतापाचा स्फोट झाला.,Anger
माझ्या मॉड्यूलर किचनच्या ऑर्डरसाठी चुकीचं मोजमाप वापरलं गेल्याचं माझ्या लक्षात आलं तेव्हा त्या सुताराच्या बाबतीत मी चांगलाच निराश झालो.,Sadness
"माझी नोकरी घालवून बसेन मी, सर. प्लीज कुणालाही फोन करू नका.",Fear
"माझ्या सदनिकेच्या संकुलातल्या रहिवाशांपैकी एक जण इतका अपमानास्पदरीत्या वागतो, की मी नेहमी त्याच्या विरोधात असतो.",Anger
"काल रात्री व्हिडिओ गेम खेळणं तर जमवलं मी, पण त्यामुळे आतून रिकामंच वाटायला लागलंय मला.",Sadness
दिवाळखोरीनंतर कोडॅकच्या शेवटच्या दुकानाने आपले दरवाजे बंद केले तेव्हा मी बरेच पडलेले चेहरे पाहिले.,Sadness
"तुमच्या सेवा केंद्रात गेल्या वेळी माझी गाडी नीट दुरुस्त केली गेली नाही त्यामुळं मी वैतागलोय. ती आता अजिबातच सुरू होत नाहीये आणि तुम्ही उद्धटपणे वागताय, म्हणून मी दुसऱ्या सेवा केंद्रात जातोय.",Anger
मी मागील कार्यक्रमाबद्दलचा एक रिव्ह्यू वाचला होता ज्यामध्ये संस्था आणि लॉजिस्टिकमधील काही समस्यांचा उल्लेख केला गेला होता. माझ्या कार्यक्रमासाठी सगळं काही काटेकोरपणे नियोजित केलं जाईल आणि कृतीत आणलं जाईल असं आश्वासन मला कार्यक्रम व्यवस्थापकाकडून हवं होतं.,Fear
या मॉनिटरच्या हाय डेफिनेशन डिस्प्लेची स्पष्टता बघून मी अचंबित झालोय.,Surprise
"आमचे आधारस्तंभ असलेल्या ग्राहकांमुळे आमची झपाट्याने वाढ होत आहे, याचा मला आनंद आहे.",Happiness
"मी कालच घेतलीत केळी, पण एवढ्यातच काळी पण पडली ती.",Sadness
माझ्या बजेटमध्ये तुम्ही मला हा महागडा हिरा सुचवत आहात यावर माझा विश्वास बसत नाही! मी सोन्याचा बनलो आहे असे वाटते का तुम्हाला?,Anger
"जेव्हा जेव्हा मी आगामी समूह प्रकल्पाबद्दल विचार करतो तेव्हा मला एक प्रकारची भीती वाटते, कारण ही टीम चांगल्या प्रकारे एकत्रितपणे काम करू शकत नाही.",Fear
तुझ्याकडून काडीचाही अनादर खपवून घेणार नाही मी.,Anger
जीवशास्त्राच्या वर्गात प्राण्यांचं विच्छेदन होताना पाहणं मला सहन होत नाही.,Disgust
सर्वांसमोर माझा अपमान करण्याचा तुला काही अधिकार नव्हता.,Anger
आम्हाला जेवण मिळण्यास उशीर होत असल्याबद्दल मला काळजी वाटते. कदाचित त्याच्या दर्जावर परिणाम झाला असेल आणि अन्नाबद्दलच्या माझ्या लेखात त्याचा उल्लेख असेल.,Fear
आपल्या आजूबाजूला अनेक लोक उपासमारीने त्रस्त असताना दुचाकींवर भरपूर पैसे खर्च करणे मला अतिशय घृणास्पद वाटते.,Disgust
माझ्या पायाच्या समस्येसाठी  मुख्य डॉक्टरांनी स्वतः  माझ्याकडं लक्ष दिलं नाही तेव्हा मी हताश झालो.,Sadness
रस्त्याकडेच्या दुकानातील तेलकट अन्नपदार्थांमुळे माझ्या पोटात ढवळते.,Disgust
म्हणायचंय काय तुम्हाला? ती चालूच नाही शकणार का पुन्हा कधीच?,Fear
मौल्यवान ग्राहक आमच्या प्रतिस्पर्ध्यांकडे गेल्याने मी चिंतेत आहे.,Fear
ती नाट्यनिर्मिती अतिशय हौशी होती. ते एखाद्या हायस्कूलच्या खेळासारखे वाटत होते.,Disgust
घरून खरेदी करताना अमेझॉन मोबाईल अॅप केवढं सोयीस्कर आहे ते बघून मला भारी नवल वाटतं.,Surprise
मी बँकेच्या कर्ज देताना लुबाडणाऱ्या पद्धतींमुळे प्रचंड संतापलो आहे.,Anger
हा टूर गट एवढा अव्यवस्थित आहे यावर माझा विश्वासच बसत नाही.,Disgust
"या तिमाहीत महसुलात झालेल्या घसरणीमुळे मी निराश आहे, ज्यामुळे नजीकच्या भविष्यात वाढीची कल्पना करणं कठीण झाले आहे.",Sadness
यू.के.मध्ये बारा पैकी दहा महिने तर पाऊसच पडतो आणि मला सूर्य दिसत नाही की मला कंटाळवाणे वाटते.,Sadness
नेतृत्वाने बढतीसाठी सलग पाच वर्षे माझ्याकडे दुर्लक्ष केल्याने गेल्या वर्षी माझ्या अंगाचा तिळपापड झाला होता.,Anger
दुकान आज बंद आहे यावर विश्वासच बसत नाहीये माझा! आज तर सुट्टी पण नाहीये.,Surprise
माझ्या नातेवाईकाने एका गरीब विक्रेत्याशी वीस रुपयांनी किंमत कमी करण्यासाठी घासाघिस केली तेव्हा मी हैराण झालो.,Anger
शहरातल्या बसगाड्यांमध्ये मागच्या बाजूची दांडी न धरताच चढण्याची मला मनापासून धास्ती वाटते. अचानक ब्रेक लागतो आणि बसमधला प्रवासी थेट पुढच्या बाजूला ढकलला जातो.,Disgust
"जेव्हा मी बिल उघडतो, तेव्हा प्रत्येक वेळी मला निराशेची भावना जाणवते. गॅस सिलिंडरच्या वाढत्या किंमतींनी मला माझ्या खर्चाचा पुनर्विचार करायला भाग पाडले आहे.",Sadness
"तुम्ही माझी लाईन पंचेचाळीस मिनिटे होल्डवर ठेवल्यानंतरही तुम्ही मला मदत करू शकत नाही, याचा काय अर्थ आहे?",Anger
"सोनीने त्यांच्या टीव्हीसाठी आकारलेल्या रकमेमुळे मला त्यांचा तिटकारा आला होता, एखाद्याला तोच टीव्ही दुसऱ्या ब्रँडकडून कमी किंमतीत मिळू शकतो.",Disgust
निव्वळ तुम्ही तरुण आहात म्हणजे तुम्ही लस नाही घेतली तरी चालेल असा अर्थ होत नाही त्याचा. सरकारने आपल्या सगळ्यांना लस घेणं सक्तीचं केलंय ते ऐकलं नाही का काय तुम्ही?,Anger
या विषयात मी इतका कच्चा आहे की त्याच्याशी निगडीत पुस्तकं वाचायचीही भीती वाटते मला.,Fear
इतका कसा काय बेशिस्त तू? अभ्यास करून परीक्षेत चांगले गुण मिळवणं इतकं कठीण आहे?,Anger
मी बोलताना तू ऐकत नाहीस तेव्हा मला तुझी चीड येते. मी तुला काल सांगितलं होतं की माझ्याकडं ल्यूक स्कायवॉकरची मूळ प्रतिमा होती.,Anger
काही दिवसाचं आयुष्य राहिलंय माझं. माझी रोगप्रतिकारक शक्ती कमी होत चालली आहे असं म्हणाले डॉक्टर मला.,Sadness
आमच्या तिमाही अहवालाचा काळ जवळ आलेला असताना कंपनीच्या आर्थिक स्थितीबाबत मला अंधारात ठेवले जाते तेव्हा मला अतिशय हताशा येते.,Anger
"तू निश्चिंत राहू शकतोस, कारण फुटलेली मोबाइल स्क्रीन वॉरंटीखाली असल्याने ती दुरुस्त करण्यासाठी कोणतीही फी घेतली जात नाही.",Happiness
"माझ्या विम्यात आयुर्वेदिक उपचारांचा समावेश नाहीये, नाहीतर मीही कदाचित असंच म्हणू शकलो असतो.",Sadness
उन्हाळ्यातल्या एखाद्या दिवशी ऊसाचा ताजा तयार केलेला रस थंड आणि स्वादिष्ट असतो.,Happiness
"आता इतकी वर्ष उलटून गेल्यानंतरसुद्धा, मानवतेसाठी हबल दुर्बिणीचं जे मोल आहे त्यावर लोक प्रश्नचिन्ह उपस्थित करतात हे मला निराशाजनक वाटतं.",Sadness
आम्हाला हे सांगताना खेद वाटतो की आमच्याकडे सध्या तुम्हाला हव्या तशा डिझाईन्ससाठी थोडेच पर्याय आहेत. आधी डिझाईन केलेल्या आमच्या उपलब्ध पर्यायांमधून निवडायचे आम्ही सुचवतो.,Sadness
कुरिअर कंपनीकडून हरवलेल्या पॅकेजची भरपाई अचानक मिळाल्याने मी चकित झाले.,Surprise
एका चित्रपटाच्या ऑडिशनच्या वेळी मी या व्यक्तिरेखेमध्ये स्वतःला झोकून दिल्याने माझे मन आनंदित आहे.,Happiness
माझ्या मनात असलेली एक गोष्ट  म्हणजे त्यानंतर होणारी भरती प्रक्रिया आणि तुमच्यासारखा समर्पित आणि अनुभवी उमेदवार शोधण्यात आम्हाला येणाऱ्या संभाव्य अडचणी.,Fear
"आता तर, माझे विद्यार्थी मला म्हातारा मानतील या विचाराने मला कसंतरी वाटलं.",Disgust
"उपचारानंतर एकवीस दिवसांऐवजी पंचेचाळीस दिवस विश्रांती घ्यायला सांगितल्याबद्दल तुम्हाला वाईट वाटतंय याबद्दल मी दिलगीर आहे, पण मग मी तुमच्यासाठी बाकी काहीच करू शकत नाही.",Sadness
काल तीनदा आम्ही तुमचं पत्र पोहोचवायचा प्रयत्न केला पण तुम्ही जागेवरच नव्हता.,Sadness
खारीसारखा चिमुकला प्राणी पंचवीस फूट खाली जमिनीवर पडूनही कसा काय वाचू शकतो याची मी कल्पनाच करू शकत नाही.,Surprise
या ट्रेनमध्ये धड चहा पण बनवू शकत नाहीत ते!,Anger
मला वाटलं की माझी पॉलिसी आयुर्वेदिक उपचारांना कव्हर नाही करणार आणि मी प्रोव्हाईडरकडेही चौकशी केली नाही. हा सगळा दोष माझाच आहे.,Sadness
खराब हवामानामुळे दौरा रद्द झाल्याची माहिती देण्याची तसदी त्यांनी घेतली नाही.,Anger
उद्यापासून सुरू होणाऱ्या वृत्तपत्राच्या वितरणाबद्दल मला थोडी चिंता आहे. ते पूर्वीसारखंच विश्वासार्ह असेल का?,Fear
मला बाँड मार्केटमधील अस्थिरतेबद्दल थोडी भीती वाटू लागली आहे.,Fear
तुम्ही वृत्तपत्र वाटतानाच्या संचात समाविष्ट केलेली मासिके आनंददायक आहेत. वैविध्यपूर्ण वाचन साहित्याच्या खजिन्यासारखी आहेत ती.,Happiness
सरकारने अक्षय ऊर्जेमध्ये गुंतवणूक करण्यास नकार दिल्याने मी खूप वैतागलो आहे.,Anger
तुम्ही जर ग्राहकाचं ऐकणारच नसाल तर अभिप्राय विचारण्याचेही कष्ट घेऊ नका.,Anger
सिनेमा इतका टुकार बनवला गेलाय याचा जाम राग आलाय मला. माझा वेळ आणि पैसा मी त्यावर वाया घालवला यावर विश्वासच बसत नाही माझा.,Anger
त्या संगीत शिक्षकांपेक्षा मला जास्त माहीत आहे असे मला वाटले आणि जेव्हा त्यांनी माझ्या मुलाचे बरोबर करण्याचा प्रयत्न केला तेव्हा मी त्यांच्यावर ओरडले.,Anger
"मीरा, याबद्दल आधीच बोललो आहोत आपण! मला पुन्हा पुन्हा तेच प्रश्न विचारणे थांबवा.",Anger
मी घेणार असलेल्या भाड्याच्या घराच्या दिवाणखाण्यामधील नैसर्गिक प्रकाशाचे लोट पाहून मला सुखद धक्का बसला.,Surprise
आमच्या गोदामात अज्ञात लोकांनी तोडफोड केल्यानंतर आगामी मालाची तपासणी करण्याबद्दल मला थोडी भीती वाटत आहे.,Fear
आम्ही गेल्या आठवड्यात पाळीव चानीला जंगलात सोडले आणि आम्हाला काही दिवस खूप उदास वाटले.,Sadness
कंटाळा आलाय मला असं जगायचा! बरं होण्यासाठी तुझी मदत हवीये मला!,Anger
"विमा पत्र उघडल्यावर मी बराच वेळ अविश्वासाने त्याकडे बघतच राहिलो, कारण मला दावा केलेल्या रकमेपेक्षा जास्त पैसे मिळाले होते.",Surprise
वीस पाहुण्यांना पुरेल अशा केकसाठी आम्ही सुमारे अ किलोग्रॅम वजनाची शिफारस करू. यामुळे आनंद घेण्यासाठी प्रत्येकाला नक्की एक मोठा तुकडा मिळेल.,Happiness
समुद्री चाच्यांमुळे माझे ट्रक आफ्रिकेत पाठवताना मला खूप चिंता वाटते.,Fear
नमस्कार भाऊ. आज खूप चांगल्या मूडमध्ये आहे मी. प्लीज दाढीपण करून टाक माझी.,Happiness
"लंडन हिथ्रो विमानतळाची देखरेख खराब आहे. मी बोगद्यातून एका टर्मिनलवरून दुसऱ्या टर्मिनलमध्ये जाताना, बोगद्यांमध्ये घाण वास येतो.",Disgust
या महिन्यात माझ्या प्रत्येक म्युच्युअल फंडासाठी लाभांश मिळाल्याने मी उत्तेजित होतो.,Happiness
आपण पेरणीसाठी खूप कष्ट घेतलेल्या पिकांचे नुकसान करणाऱ्या वादळांमुळे काळजी करण्याशिवाय मी काहीच करू शकत नाही. मागच्या वेळी आपण सर्व काही गमावले ते आठवते?,Fear
नेहमीपेक्षा वेगळ्या आवाजामुळे माझ्या फ्रीजचं रूपांतर डीजेमध्ये झालंय या वास्तवाला मला अनपेक्षितपणे सामोरं जावं लागलं!,Surprise
चोरीला गेलेला माल आम्हाला परत मिळाला नाही तर माझ्या मुलीचे लग्न धोक्यात येईल,Fear
वेडी कुठली. तुझी रॅकेट घट्ट धर. मी तुला जे शिकवलंय ते आठव.,Anger
मला नुकतंच सांगितलं गेलंय की स्पेअर फिल्टर आलेत म्हणून. कसला योगायोग आहे पहा!,Surprise
ऑनलाइन किरकोळ सेवेचे गाडीचालक त्यांच्या अविचारी वाहन चालवण्यामुळे माझा जीव टांगणीला लावतात.,Fear
माझे पासबुक भरून घेण्यासाठी मला अनेकदा हेलपाटे घालायला लावल्याबद्दल मी बँक कर्मचाऱ्यांवर नाराज आहे.,Anger
ड्रायव्हिंग स्कूलमध्ये महिला ड्रायव्हिंग प्रशिक्षकाबरोबर काम करायला मला आवडत नव्हते. ती नेहमीच खूप तूटक वागायची.,Disgust
मला शस्त्रक्रियेच्या प्रक्रियेसाठी माझ्या रक्तगटाच्या उपलब्धतेबद्दल खरोखरच काळजी वाटते. माझ्या उपचारांसाठी आरोग्य केंद्राकडे योग्य संसाधने असतील का?,Fear
आमचा कच्च्या तेलाचा टँकर उत्तर अटलांटिकच्या भीषण वादळात अडकला तेव्हा मी भयंकर घाबरलो होतो.,Fear
या दुकानाची शौचालये इतकी घाणेरडी आहेत की जेव्हा मला ती वापरावी लागतात तेव्हा मला किळस येते.,Disgust
या बाल्समिक विनैग्रेटची आम्लता सॅलडला एक मस्त चटकदार चव आणते आणि मला ते आणखी आणखी खावेसे  वाटते.,Happiness
पुढचं जेवण कोठून येणारे हे माहित नसलेल्या भिकाऱ्यासाठी हे आयुष्य कठीणच असलं पाहिजे.,Sadness
मला प्राध्यापकांच्या प्रश्नाचे उत्तर देण्यासाठी बोलावले जाते तेव्हा माझ्या पोटात गोळा येतो.,Fear
"जेव्हा मी ते पाकीट उघडले तेव्हा माझ्यात संतापाची लाट उसळली, कारण माझ्यापर्यंत पोहोचण्यापूर्वीच त्यातील सामानाशी छेडछाड झाल्याचे मला दिसले.",Disgust
"खराब सेवेच्या दर्जाबद्दल मी फारच अस्वस्थ झालेय, कारण माझी पॅकेजेस चुकीच्या पद्धतीने हाताळली जाण्याची ही काही पहिली वेळ नाही.",Sadness
गोल्फ स्पर्धेत एका निर्णायक पटाचा सामना करताना रहीमवर तणाव आला.,Fear
त्याने घरच्या घरीच पिझ्झा बनवला आणि मला तो खूपच आवडला.,Happiness
पुढच्या रांगेची तिकीटं नको घेऊ. मला भीती आहे की ते कदाचित मंचावर बोलावतील मला.,Fear
सायकलच्या दुकानात गेल्यानंतर पाच मिनिटांच्या आत माझ्या बजेटमध्ये इतकी विलक्षण मस्त सायकल मिळेल अशी मला अपेक्षा नव्हती.,Surprise
चुकीच्या धोरणात्मक निर्णयांमुळे आलेल्या या आर्थिक मंदीमुळे मला सरकारचा संताप आला.,Anger
फिटिंग खूपच छान आहे शर्टचं. त्यामुळे जास्त सुंदर दिसतेय मी.,Happiness
गंभीर एलर्जीच्या रिॲकशन्स देणाऱ्या कृत्रिम कपड्यांची भीतीच वाटते मला.,Fear
तयार असणारंच फर्निचर विकत घ्यायच्या शक्यतेनं मी मनापासून उत्साहात आहे.,Surprise
मुंबईतील एका हत्येला या राजकीय नेत्याने जातीय वळण दिले तेव्हा मला ते घृणास्पद वाटले.,Disgust
"कॅब चालकाला उत्तर चेन्नईला गाडी चालवण्याचा वीट आला होता. त्याला वाटले की ते गलिच्छ आणि गर्दीचे आहे, आणि त्या भागातून त्याला कधीही योग्य भाडे मिळाले नाही.",Disgust
लाइफस्टाइलच्या क्लिअरन्स आयलमध्ये पार्टी ड्रेसमध्ये मला पंच्याहत्तर टक्के सवलतीत इतका मस्त सौदा मिळेल अशी अपेक्षा नव्हती.,Surprise
तुमच्या घरात कोणीतरी चोरी केलीये हे ऐकून वाईट वाटलं आम्हाला आणि ते तुमच्यासाठी कठीण गेलं असेल. कधी झाली चोरी?,Sadness
तुम्ही ज्या स्वरात माझ्यावर टीका करताय तो माझ्यात वैमनस्य निर्माण करतोय.,Anger
"मॅडम, आम्ही तुमच्या लॅपटॉप मधल्या सॉफ्टवेअरच्या समस्या सोडवायला मदत करू पण कृपा करून, प्लीज तुमचा व्यवसाय इतरांना देऊ नका.",Fear
इथं आल्यांनतर मग तुम्ही मोठ्या वाहनांना सामावून घेऊ शकत नाही हे कळणं संताप आणणारं आहे.,Anger
इन्शुरन्स सेल्समन ज्या पद्धतीने लोकांना पॉलिसी घ्यायला लावतात आणि नंतर लहान अक्षरात छापलेल्या गोष्टी समजावून सांगतात ते मला चुकीचे वाटते.,Disgust
आगामी कामगिरीच्या अपेक्षा पूर्ण करण्याच्या त्यांच्या क्षमतेबद्दल काळजी वाटते मला.,Fear
एक्झॉस्ट सिस्टीम अद्ययावत करण्यासारखे बदल कारमध्ये केले जाऊ शकतात का असा प्रश्न मला पडतो आणि ते गुंतवणुकीसाठी योग्य ठरेल की नाही याबद्दल मला शंका आहे.,Fear
"बँकेत ग्राहकांना ज्या प्रकारे वागणूक दिली जात होती ते पाहून मी भांबावून गेलो, कारण कर्मचारी आमच्याकडे लक्ष न देता उगीचच इकडे तिकडे फिरत होते.",Disgust
वळण्यापूर्वी तुम्ही इंडिकेटर का नाही दिलात? किमान आरशात तरी बघायचे होते तुम्ही.,Anger
येथील पाळीव प्राण्यांसाठी अनुकूल धोरण विलक्षण आणि अनपेक्षित आहे   माझ्या केसाळ मित्राला ते आवडेल!,Surprise
आमच्या प्रेमाचे प्रतीक असलेली आणि आमच्या साखरपुड्यासाठीच्या आमच्या  प्राधान्यांची पूर्तता करणारी एक अंगठी सापडल्याने मी जाम खुश आहे.,Happiness
"रोममधलं कोलोसीयम आतून बघायचं हे स्वप्न होतं माझं, पण तेवढा वेळच नव्हता आमच्याकडे.",Sadness
दिल्ली मुंबई द्रुतगती मार्ग गाडीनं पाण्याच्या पेल्यातला थेंबही डॅशबोर्डवर न हिंदकळता पार करता येतो हे बघून मी थक्क झालो होतो.,Surprise
हॉस्पिटलच्या या गोंधळामुळे विमा कंपनीच्या प्रतिनिधीनं मला कळवलंय की माझा विमाच रद्द केला जाऊ शकतो!,Fear
उपाहारगृहाच्या स्वयंपाकघरातल्या स्वच्छतेच्या कमतरतेमुळे माझा खरंच संताप झाला. घाणेरडी भांडी आणि गलिच्छ काउंटर पाहणे हे अजिबात चालण्यातले नाही.,Anger
"काही विद्यार्थी परीक्षेत ज्या प्रकारे फसवणूक करतात आणि त्यातूनही सुटतात, ते दुर्दैवी आहे.",Disgust
तू माझं आयुष्य मजामस्ती आणि आनंदाने भरून टाकतोस. तू माझ्याबरोबर असल्याबद्दल स्वतला नशीबवान समजते मी.,Happiness
"मला माझं उद्याचं तिकीट पुढे ढकलायला हवंय, कारण एका छोट्याशा अपघातामुळे मला प्रवास करता आला नाही. प्लीज, मला मदत करा सर.",Sadness
तुमच्या कर्मचाऱ्याची वागणूक अजिबात स्वीकारण्यासारखी नव्हती.,Anger
कधीही मला कंटाळा आला की मी यूट्यूब बघत बसतो. पण आजकाल बघायला मनोरंजक असं काही नाहीच.,Sadness
मला गॅसचा वास आला आणि तपासण्यासाठी मी लाईटचा स्विच चालू करायला घाबरलो. मला स्फोटाचा धोका पत्करायचा नव्हता.,Fear
माझी भावंडंच माझ्याविषयी असं खोटंनाटं काहीतरी पसरवतील यावर विश्वासच बसत नाहीये माझा. साफ चुकीचं आहे हे.,Disgust
तिसर्या जगातल्या राष्ट्रांना आपला कचरा निर्यात करून त्यांनी जग प्रदूषित केल्याबद्दल अमेरिका वर त्यांनाच कसा काय दोषी ठरवू शकतो?,Disgust
तिरुचीमध्ये उन्हाच्या दिवसा अखेर पाऊस पडला तेव्हा मी हर्षभरित झाले.,Happiness
दुसर्या व्यक्तीशी भांडण केल्याबद्दल मला विमानातून उतरवतील अशी भीती वाटल्यामुळे जेव्हा तो माझ्या सीटला पाय मारत होता तेव्हा मी विरोध केला नाही.,Fear
मला फारच आवडतं या दुकानात यायला. यांच्याकडे डिस्प्लेवर नेहमी सगळे लेटेस्ट फोन लावलेले असतात.,Happiness
ई.पी.एफ.ओ.ची सगळी रक्कम काढण्याचा माझा अर्ज तीन वेळा फेटाळण्यात आल्याने मला उदास वाटतंय.,Sadness
जे.एन.यू.तील राजकीय निदर्शनांमुळे अनेक प्रामाणिक विद्यार्थी त्यांचे शिक्षण ठप्प झाल्याने खिन्न झाले होते.,Sadness
"आम्हाला हॉटेलमध्ये जादाचं किरकोळ शुल्क आकारलं गेलं, त्यामुळे आम्ही आमच्या हॉटेलच्या निवडीबद्दल उद्विग्न झालो.",Sadness
ती बस येताना पाहून हृदय निराशेने भरून गेले आहे माझे. आता परत कधी येईन मी माहित नाही मला.,Sadness
"सर, चित्रांना प्लीज हात लावू नका ! तुम्ही त्यावर डाग पाडलात तर तुम्हालाच किंमत मोजावी लागेल त्याची.",Anger
तुझ्यासोबत कपाटाच्या पर्यायांवर चर्चा करायच्या कल्पनेनं मी चांगल्या अर्थानं चकित झालोय.,Surprise
इतर पंधरा जणांना नाकारल्यानंतर माझी नाविन्यपूर्ण स्टार्टअप कल्पना विकसित करण्यासाठी व्ही. सी. कडून निधी मिळाल्याबद्दल मी आनंदाने हवेत उडतो आहे.,Happiness
काही ग्राहक खूप त्रासदायक असतात. काल गेटवर ते आरडाओरडा करत होते आणि माझा रस्ता अडवत होते आणि मला घरी जाऊ देत नव्हते!,Anger
"माझ्या प्रशिक्षकाने निराश होऊन मला फोन केला, कारण त्याच्या दुचाकीचं टायर पंक्चर होतं म्हणून तो वेळेवर डोजोत पोहोचू शकला नव्हता.",Sadness
जेवण यायला खूप वेळ लागला आणि तोपर्यंत अतिशय भुकेजलो होतो आम्ही.,Sadness
अरे! बंगलोर ते चेन्नईच्या प्रवासासाठी बसचे तिकिट बुक केल्यावर मला वीस टक्के ऑफर मिळाल्याने मी खूपच खुश आहे.,Happiness
माझ्या उपचारांची व्यवस्था बघणाऱ्या आरोग्य केंद्रातील काही समस्या माझ्या लक्षात आल्या आहेत. आरोग्य केंद्रात आवश्यक पात्रता असलेले डॉक्टर्स आहेत की नाहीत याबद्दल मला काही शंका आहेत.,Fear
"ना भेटीगाठी, ना मेळावे आणि ना आनंदी चेहरे, त्यामुळे वातावरण एकदम भकास आहे इथलं. दुःखात बुडाल्यासारखे दिसतायत इथले लोक.",Sadness
नवीन रेस्टॉरंटमध्ये जेव्हा वेटर्सनी माझ्या टेबलकडे बराच वेळ दुर्लक्ष केलं तेव्हां माझ्या सहनशक्तीचा अंतं झाला. मी परत तिथे नाही जाणार.,Disgust
"गॅसच्या किंमतीतली वाढ खरंच निराशाजनक आहे, खास करून जेव्हां आपल्याकडे खूप कमी पर्याय आहेत.",Anger
जर तुमच्या मुलानं भाग घेतला नाही तर पुढच्या वर्षी आपल्या नृत्यशाळेला नवीन सहभागींच्या प्रवेशासाठी परवानगी मिळणार नाही. हे भाग घेणं मोफत आहे.,Fear
लेखकाने कठीण विषय सोप्या उदाहरणांनी कसे अगदी सोप्पे करून टाकलेत याचं आश्चर्य वाटतंय मला.,Surprise
बस खूप आरामदायक होती आणि दोन तासांत पोचलो मी.,Happiness
एकेकाळी एक आनंदी ठिकाण असलेल्या या जुन्या मोडकळीला आलेल्या वाड्याकडे बघताना मला माझ्या हृदयात एक जडपणा जाणवतोय.,Sadness
"तुम्हाला या विषयाबद्दल काहीच माहित नाही, पॅनेलच्या चर्चेत एक पॅनलिस्ट दुसऱ्या पॅनलिस्टवर गरजला. ""तुमच्या बोलण्याला काही अर्थच नाहीये!""",Anger
"पण जर माझा एकमेव चांगला मित्र, राम या प्रवासात माझ्याबरोबर आला असता, तर अजून मजा आली असती.",Sadness
माझं जाम डोकं फिरलंय आणि लेखकाने या भागाबद्दल जे लिहिलंय ते अजिबात आवडलेलं नाहीये मला.,Anger
"म्हणूनच मी नेहमी हेल्मेट घालायला सांगतो तुम्हाला, पण ऐकाल तर शपथ.",Anger
"व्वा, ते मस्तच वाटतंय! कधी एकदा ते करून बघतेय असं झालंय मला.",Surprise
इतके दिवस कोणाच्याही नकळत माझा भाऊ आमच्या आजारी पालकांची काळजी घेतोय हे समजल्यावर थक्क झालो मी. किती निःस्वार्थ दयाळूपणा आहे हा.,Surprise
"ज्या पद्धतीने मिस्त्रीने माझ्या इंजिनच्या अवघड समस्येचे निदान आणि निराकरण केले त्यामुळे मी खरोखरच खूप समाधानी आहे, माझी गाडी पुन्हा तिच्या मूळ रुपात आल्यासारखी वाटते.",Happiness
तुम्ही इतके म्हातारे आहात आणि तरीही दररोज दहा कि. मी. चालता तुम्ही?,Surprise
मायक्रोवेव्ह ओव्हनसाठी अवास्तव किंमत सांगून दुकानदाराने मला डिवचले.,Anger
"मला थोडं निराश वाटतंय, कारण आमच्या दुकानात उबदार स्नेह आणि मैत्रीपूर्ण वातावरणाचा अभाव आहे.",Sadness
तू गच्चीवरच्या कुंड्यांमध्ये शंभर झाडं लावली होतीस हे तर आमच्या लक्षातही आलं नाही.,Surprise
आमच्या नवीन चालकाने शहराबाहेरच्या प्रवासात आमच्या कारला संवेदनशीलतेने हाताळले तेव्हा मला आनंद झाला.,Happiness
धडपडणाऱ्या कर्जदारांसाठी  राष्ट्रीयीकृत बँकेच्या करुणेच्या अभावामुळे मी चक्रावून गेलो आहे.,Disgust
तिची हाडे तीन महिन्यांत पुन्हा वाढतील आणि मग पुन्हा खेळू शकेल ती असं म्हणाले डॉक्टर.,Happiness
"मी सर्वतोपरी प्रयत्न करत आलोय, आणि तुमच्या पद्धती चालत नसतील तर निसंशय त्यांच्यातच खोट आहे.",Anger
जसजसे शहरातले दंगलखोर जमावाचे आवाज जवळ यायला लागले तसे माझे हात थरथर कापायला लागले.,Fear
टी.व्ही.च्या वाहिन्या आपल्या आजूबाजूला घडणाऱ्या चांगल्या गोष्टी दाखवण्यापेक्षा फक्त नकारात्मक बातम्यांवरच भर देत असतात याची चीड येते मला.,Anger
"मी शिकण्याबरोबर खेळण्यासाठीही मोबाईल वापरतो आणि त्याशिवाय मला जमणार नाही, बाबा. प्लीज तो काढून घेऊ नका.",Sadness
स्वित्झर्लंडमधल्या एका डोंगराच्या माथ्यावर भारतीय जेवण मिळालं आम्हाला!,Surprise
माझी वैयक्तिक माहिती हॅकर्सपासून संरक्षित ठेवण्यातल्या बँकेच्या अपयशामुळं माझा रागाने तिळपापड झालाय.,Anger
आज आपण रजेवर असल्याची माहिती मला न देणाऱ्या व्यावसायिक व्यक्तीच्या निष्काळजीपणामुळे मी रागाने खदखदतो आहे.,Anger
या पुरातन खुर्च्यांमधलं मूल्य बघू न शकणाऱ्या संभाव्य खरेदीदारांना भेटणं हे चीड आणणारं आहे.,Anger
"काल मी एक सुपरहिरोचा चित्रपट बघितला, त्यानं भावनिकरित्या थकवून सोडलं मला. दिवसभर त्याचाच विचार करत राहिलो मी.",Sadness
तीस वर्षांनंतर मी माझ्या मित्राला भेटलो तेव्हा त्याच्या दिसण्यात झालेला आमुलाग्र बदल बघून मी हादरलोच!,Surprise
"आमच्या एका कर्मचाऱ्याला मी आमच्या सर्वोत्तम तंत्रज्ञांची माहिती प्रतिस्पर्ध्याला देताना पाहिल्यानंतर, मी त्या कर्मचाऱ्याला तडकाफडकी कामावरून काढून टाकले.",Anger
मी आज माझ्या गुंतवणुकीवर नजर टाकली आणि ती एवढी जास्त असेल असं वाटलं नव्हतं मला.,Surprise
बढतीसाठी माझा विचार केला जाण्याइतका मी भाग्यवान नाहीये.,Sadness
या कुरिअर सेवेशी पुन्हा व्यवहार करण्याबाबत माझी अगदी नकारार्थी भावना आहे. त्यांनी पोहोचवायला उशीर केला आणि समस्या सोडवण्याबाबतची त्यांची वृत्ती निंदनीय होती.,Disgust
"गलथान रहदारीमुळे मला दिल्लीहून मनालीला गाडी चालवत जाण्यासाठी विरोध होता, परंतु माझ्याकडे पर्याय नव्हता.",Disgust
तुमचा लेख इतका मजेदार होता की मी अख्खा वेळ हसतच होतो आणि त्यानं फार छान वाटलं मला.,Happiness
विमानात माझ्या मागे बसलेल्या प्रवाशाला जेव्हा मी माझ्या आसनाच्याही पुढे पाय पसरताना पाहिलं तेव्हा माझे डोळे आश्चर्याने विस्फारून कपाळात गेले.,Surprise
गोव्यातल्या स्थानिक संगीत क्षेत्रातील ऊर्जा आणि चैतन्य यावर विश्वास ठेवण्यासाठी ते प्रत्यक्ष बघायलाच पाहिजे.,Surprise
व्वा! जपानची आहेत का ही सफरचंदं?,Surprise
"नॉर्मंडीचे समुद्रकिनारे पहायचे माझ्या आयुष्यभर मनात होते पण तुम्हाला द्यायला माझ्याकडे काहीच पैसे नाहीयेत, तर तुम्ही मला तिथला रस्ता सांगू शकता का?",Sadness
"रूम नंबर एकशे चोपन्नमध्ये कधीही आत जाणार नाही मी, अत्यंत अस्ताव्यस्त आणि घाण दिसते ती.",Disgust
"एका प्रीमियर एअरलाईनच्या दोन फ्लाईट अटेंडंटनी एका प्रवाशाची चेष्टा केली आणि त्यानंतर ते त्याच्याशी हातघाईवर आले, यावर माझा विश्वासच बसेना.",Disgust
कोणी केलाय हा स्वयंपाक? हे इतकं तिखट आहे हे की जीभ जळेल माझी.,Anger
सायकलच्या दुकानात एवढ्या महाग सायकली बघून माझ्या पोटात गोळा आला. त्याने मला अस्वस्थ वाटू लागले.,Disgust
जेव्हा एका मार्गदर्शकानी एका आकर्षणस्थळाची फारच महागडी तिकिटं विकत घेतली आणि मला पैसे द्यायला सांगितलं तेव्हा माझं डोकं सणकलं.,Anger
"वाह, पी. व्ही. सिंधूने कांस्यपदक जिंकले दोन हजार वीसच्या ऑलिम्पिकमध्ये.",Surprise
"आपल्या धर्मग्रंथांमध्ये आधीपासूनच असलेल्या गोष्टींबद्दल जेव्हा त्या पाश्चिमात्य जगाने ""शोधल्या"" असे वाचनात येते तेव्हा प्रत्येक वेळेस मी कष्टी होते.",Sadness
दिवसागणिक जेवण बिघडत चाललंय इथलं. मी हे नाही सहन करू शकत आता आणि अधिकाऱ्यांकडे तक्रार करणार आहे याची.,Anger
माझं क्रेडिट कार्ड या विश्रामगृहात चालेल असं स्वप्नातही वाटलं नव्हतं मला!,Surprise
पाच कोटींहून अधिक खटले न्यायालयात प्रलंबित असल्याचे सांगितल्यानंतर मला आपल्या कायदा व्यवस्थेचा आदर करणे कठीण जात आहे.,Disgust
तुम्ही कृपया रुग्णांसाठी उपलब्ध असलेल्या सुविधा समजावून सांगू शकता का? आरोग्य केंद्रात माझ्या सोयीसाठी सर्व आवश्यक त्या सुविधा आहेत याची मला खात्री करून घ्यायची आहे.,Fear
"तो एक नवीन ग्राहक आहे हे लक्षात घेता, आपल्याला त्याची काळजी घेण्याची गरज आहे नाहीतर आपण हा महसूल खूप लवकर गमावू शकतो.",Fear
जेव्हा जादूगारानं एका व्यक्तीला गायब केलं तेव्हा मी आश्चर्यानं गारदच झालो!,Surprise
तू या पदार्थात खूपच जास्त तिखट घातलंस आणि रक्तदाब वाढवलास माझा.,Anger
तुम्ही त्या वडिलांपैकी एक आहात जे आमच्या पिढीला समजूच शकत नाहीत.,Disgust
मि. बीन सगळ्या चित्रावर शिंकले आणि मग त्यांच्या घामाने भरलेल्या रुमालानेच त्यांनी पुसलं ते.,Disgust
"बाळा, कर्जासाठी माझी शेती गहाण ठेवली होती मी, पण ते वेळेवर फेडू शकलो नाही मी. उद्या बँकेचे अधिकारी आपल्या जमिनीवर दावा करणारेत.",Sadness
आयोजित कार्यक्रमासाठी कार्यक्रम व्यवस्थापकाला मिळालेल्या सकारात्मक प्रतिसादामुळे तो अनेक स्तरांवर कामगिरी करण्यात अपयशी ठरला या वस्तुस्थितीवर पडदा पडला नाही. अशी विसंगती पाहणे निराशाजनक आहे.,Anger
"मी वर्षानुवर्षाचा एकनिष्ठ ग्राहक आहे हे माहितीये का तुम्हाला, आणि असं असूनही माझ्याकडे वर्तमानपत्र पोहोचवलं जात नाही तेव्हा मला अनेकदा विचारत राहावं लागतं. यामुळे वैताग येतो मला.",Anger
"सर! मी तुम्हाला बंगलोर ते चेन्नईचं तिकीट बुक करायला सांगितलं होतं, पण तुम्ही ते बंगलोर ते पुणे बुक केलंय. तुम्ही भानावर आहात का?",Anger
हॉटेलमधल्या आवाजांच्या अति मोठमोठ्या आवाजांच्या पातळीमुळं रात्रीची चांगली झोप मिळणं कठीण होऊन बसलंय आणि मी जागा झालो तेव्हां मला अगदी निरुत्साही वाटत होतं.,Sadness
श्रीमंत राष्ट्रांमुळं उद्भवलेली राष्ट्रांमधली ही आर्थिक विषमता माझं रक्त उकळवते.,Anger
"तुम्ही गुन्हेगारांना आधीच पकडलं होतं, तर गेल्या अर्ध्या तासापासून सी.सी.टी.व्ही. कॅमेऱ्याबाबत प्रश्न विचारून तुम्ही मला छळलंत का?",Anger
माझा लॅपटॉप क्रॅश झाल्यामुळे आणि डेटा पुन्हा मिळवण्यासाठी माझ्याकडे बॅकअप नसल्यामुळे मला खड्डयात पडल्यासारखं वाटतं आहे.,Sadness
भारताने तांदळाच्या निर्यातीवर निर्बंध घातला अशा अफवांमुळे अमेरिकेतील अनिवासी भारतीयांना धक्का बसून त्यांनी मोठ्या प्रमाणात तांदूळ खरेदी केला.,Surprise
"हे अविश्वसनीय आहे. मी एका तासापूर्वी जेवणाची ऑर्डर दिली होती आणि मी इथे भुकेने हैराण आहे. आणि जेव्हा मी जेवणाची स्थिती काय आहे ते विचारण्यासाठी फोन केला, तेव्हा तुमच्या कर्मचाऱ्यांनी कुठलंच खरं स्पष्टीकरण न देता जेवण निघालं असल्याचं सांगितलं. हॉटेल आपल्या पाहुण्यांशी अशा प्रकारे वागत नसतं.",Anger
माझा गॅस सिलिंडर जवळजवळ संपलाय. मग नवीन लवकर मिळणार नाही का मला?,Fear
कॅमेरा न बसवण्याचा निर्णय घेण्यापूर्वी दरोड्याचा तुमच्या कौटुंबिक जीवनावर कसा विपरीत परिणाम होईल याचा विचार करायला हवा होता तुम्ही.,Anger
मला अपेक्षित असलेलं नवीन पुस्तकांचं माझं ॲमेझॉन पॅकेज आज आलं त्यामुळे मी रोमांचित आहे.,Happiness
आत्तापर्यंत माझ्या बघण्यातली सगळ्यात बेकार खानावळ आहे ही. कायम फार वेळ थांबावे लागते आणि एवढे करून जेवण मात्र कायमच गारढोण.,Anger
एलजीबीटीक्यु अधिक इतर यांच्या अधिकारांबाबतचा फेरविचार पाहणे संतापजनक आहे.,Anger
मी त्या बसमधल्या कंडक्टरच्या तिकीट प्रक्रियेच्या कार्यक्षमतेचं कौतुक केल्याविना राहू शकलो नाही. त्या बसमध्ये चढणं अडचणीमुक्त आणि आनंददायी होतं.,Happiness
यावेळी एक मिनिटही वाट नाही पहावी लागली मला. एका झटक्यात राईड बुकिंग कन्फर्म झाले माझे!,Surprise
ज्या पुस्तकाचा मी खूप दिवसांपासून शोध घेत होतो ते पुस्तक या दुकानातही उपलब्ध नाही यामुळे मला उदास वाटत आहे.,Sadness
व्वा! चेन्नई शहराच्या अगदी मध्यभागी अशा शांत रस्त्यावर भाड्याचे घर सापडेल याची मला मुळीच अपेक्षा नव्हती.,Surprise
आम्हाला तुमच्याकडून होणारा व्यवसाय घालवायचा नाहीये आणि तुम्हाला हवा असलेला शर्ट उद्या सकाळपर्यंत मिळेल. आजकाल आमचं दुकान रविवारीसुद्धा उघडं असतं.,Fear
"मी त्या शेअर ऑटोंमुळे चिडलो होतो, ज्या घाईघाईने कट मारून माझ्या पुढे गेल्या आणि जवळजवळ अपघात होता होता वाचला.",Anger
माझे आई बाबा ज्याप्रकारे माझ्या आयुष्यातल्या प्रत्येक लहानसहान गोष्टीवर ताबा ठेवण्याचा प्रयत्न करतात त्याला प्रचंड कंटाळलोय मी. हे अजिबात बरोबर नाहीये.,Anger
उत्तरांची मागणी करत तो ग्राहक वकिलाच्या कार्यालयातच घुसला!,Anger
माझ्या पायावरच्या उपचारांना यश येताना दिसत नव्हते आणि मला भीती होती की मी एक दोन महिन्यांत चालू शकणार नाही.,Fear
मला आणि माझ्या सोबतीच्या भारतीय नागरिकांना अपमानित करणारी व्हॉटसॲपवरील पोस्ट पाहणे माझ्यासाठी खूप मन दुखावणारे होते.,Sadness
पल्लिकरणाईच्या कचराकुंडीकडून मी माझे नाक झाकल्याशिवाय गाडी चालवूच शकत नाही.,Disgust
प्रशासकीय टीम सवलतींच्या बदल्यात वर्षानुवर्षे विक्रेत्यांकडून पैसे उकळत असल्याचे मला समजले तेव्हा मला भयंकर संताप आला.,Anger
पेट्रोल भरायला एक माणूस मोटरवर चालणारी चारपॉय चालवत आला तेव्हा पेट्रोल बंकवरची व्यक्ती गोंधळात पडलेली दिसली.,Surprise
गाढव आहेस तू. त्याच्या आजूबाजूला कोणी नव्हते तेव्हा तू बॉल पास करायला हवा होतास त्याच्याकडे. मैदानावर असताना काय विचार तरी काय करत होतास तू?,Anger
जगाच्या रोजच्या बातम्या आजकाल इतक्या मन खचवणाऱ्या आहेत की मला त्याबद्दल आता यापुढे वाचायचंच नाहीये.,Sadness
महामारीच्या काळात भारत सरकारला अनपेक्षितपणे जगभरातल्या अनेक नेत्यांकडून पाठिंबा मिळाला.,Surprise
माझ्या मागं चेन्नई सिटीची बस असताना जेव्हा मला रहदारीत थांबावं लागायचं तेव्हा दर वेळी माझ्या पायांना थरथर सुटायची. या बसेसना क्वचितच ब्रेक असतात.,Fear
"मी त्या पदार्थाकडे बघूही शकत नाही, एकटीला खाऊ द्या तो.",Disgust
"माझं तंत्रज्ञानावरचं प्रेम आणि संवर्धन यांना जोडणारा, त्यात नोकरीच्या संधी देखील असणारा मुख्य विषय मला सापडण्याची कधीच अपेक्षा केली नव्हती मी!",Surprise
बँक बंद होण्याच्या पाच मिनिटे आधीच बँक कर्मचाऱ्याने मला धरून बँकेतून बाहेर ढकलले याचा मला धक्का बसला.,Surprise
"तुम्ही सौम्यपणे बोलणारे आहात हे लक्षात घेता, तुम्ही जेव्हा नेतृत्व संघाशी कठोरपणे बोललात तेव्हा मी चकित झालो.",Surprise
"माझं खातं बंद करा, नाहीतर माझा वैताग मी वरच्या अधिकाऱ्याकडे घेऊन जाईन.",Anger
"शेवटच्या क्षणी तिकीट रद्द करण्यात मला मदत करण्याच्या तुम्ही दयाळूपणे केलेल्या सहाय्याबद्दल खूप धन्यवाद ऑफिसर, तुमच्या रद्द करण्याच्या आणि परताव्याच्या धोरणांबद्दल मी खूप समाधानी आहे.",Happiness
"फ्लिपकार्टच्या माझ्या ऑर्डरवर सतत चुका होत आहेत, आता पुरे झाले, मी आता त्यांच्याकडून खरेदी करणे बंद करेन.",Anger
मुंबईजवळच्या टेकड्यांमध्ये अशा रम्य भ्रमंतीच्या पायवाटा सापडतील ही मी कधी अपेक्षाच केली नव्हती.,Surprise
माझ्या मित्राला माझ्या गाडीचं सर्व्हिसिंग करण्यासाठी एक उत्तम मिस्त्री सापडला आणि त्याने ते सुंदररीत्या केले याचा मला आनंद झाला.,Happiness
"माझा क्रिप्टोकरन्सीचा पोर्टफोलिओ झपाट्याने वाढला आहे, ज्यामुळे मी हवेत तरंगतो आहे.",Happiness
"जेव्हा मी न्हाणीघरापासून कुंपणाची भिंत  आणि स्वयंपाकघरापर्यंत अशी पुन्हा बांधायच्या कामाची व्याप्ती विचारात घेतो, तेव्हा ते उदासीनतेचा स्पर्श असलेल्या जुन्या आठवणींच्या लाटांचा सामना करण्यासारखं असतं.",Sadness
तू मोठा होत असताना मी तुझ्यासोबत नव्हतो याचं वाईट वाटतंय मला.,Sadness
लवकरच माझ्या फ्रीजच्या लहरी वागण्याची आणि त्यामुळं माझं वाणसामान खराब होण्याची चिंता करण्याची मला गरज उरणार नाही हे कळल्यामुळं माझ्या खांद्यांवरून ओझं उतरल्यासारखं झालंय. मी नवा फ्रीज विकत घेतोय.,Happiness
पोहोचायच्या ठिकाणासाठी तू मला सतत चुकीच्या दिशा का दाखवतोयस? तू वेडा आहेस का?,Anger
प्रॉडक्ट प्रत्यक्षात आणण्यासाठी आम्ही डिझायनर्स जे प्रयत्न करतो ते ग्राहकांच्या लक्षात येत नाहीत तेव्हा फारच निराशाजनक वाटतं.,Sadness
भारतीय कर्णधाराने वाईट खिलाडूवृत्ती दाखवत बाद घोषित झाल्यानंतर स्टंप फोडले तेव्हा मला धक्का बसला.,Disgust
तुला भांडायचंय का माझ्याशी? एक प्रोफेशनल कुस्तीपटू आहे मी! रक्त ओकेस्तोवर तुडवीन मी तुला.,Anger
शिक्षकांची विद्यार्थ्यांबद्दलची उदासीन वृत्ती खरोखरच भयानक आहे.,Disgust
"सर, पाच मिनिटात पोहोचतो तिथे असं म्हणाला होतात तुम्ही मला. कुठे आहात तुम्ही?",Anger
तुमचं दुकान सतत त्याचं परताव्याचं धोरण बदलत असल्यामुळं मी हैराण आहे.,Anger
आमच्या ए.सी.ची वायर चावल्यामुळे मी खारीवर रागावलोय.,Anger
आपल्या करिअरबद्दल आणि वैयक्तिक अनुभवांबद्दल फारसं काही न सांगणारी ख्यातनाम व्यक्ती असणं त्रासदायक आहे.,Anger
अपयशाची कल्पना मला पूर्णपणे हादरवून टाकते आणि तेव्हाच मी स्वतःचा तिरस्कार करतो.,Disgust
"विशेषतः आज रात्री रेस्टॉरंटचं गजबजलेलं वातावरण लक्षात घेता, दिलेली ऑर्डर टेबलावर इतक्या वेगाने पोहोचण्याची मला अपेक्षा नव्हती.",Surprise
इंडोनेशियातील विनिमय दरामुळे मला एका रुपयाच्या बदल्यात भरपूर स्थानिक चलन मिळतं आणि त्यामुळे मला खूप छान वाटतं.,Happiness
"मला भीती वाटते की टायटॅनिकडे गेलेली पाणबुडी वेळेवर सापडणार नाही, कारण तिची हवेची वेळ संपली आहे.",Fear
त्या सर्व उपकरणांसहित ती गिअरची सायकल  पाच हजार रुपयांना पडली फक्त?,Surprise
"मी कामासाठी ट्रीपवर जाताना दर वेळी जेव्हा माझे मूल रडायचे, तेव्हा अस्वस्थ व्हायचे मी.",Sadness
मी खूप पैसा खर्च केलाय इथं. तुम्ही मदत करत नाही आहात तर मी माझ्या मित्रांना त्यांच्या शूजसाठी इतरत्र जायला सांगेन.,Anger
"मला नुकतीच एका महत्त्वपूर्ण व्यावसायिक खर्चाच्या रकमेची परतफेड मिळाली, जी मंजूर केली जाणार नाही असं मला वाटलं होतं.",Happiness
घाटाच्या भागात बस कित्येकदा डोंगराच्या अगदी काठाजवळून गेली तेव्हा माझी घाबरगुंडी उडाली.,Fear
कुरिअर कंपनीकडून एवढ्या खालच्या दर्जाच्या सेवेचा अनुभव हा अतिशय उबग आणणारा आहे. माझे पॅकेज चुकीच्या पद्धतीने हाताळले गेले आणि ते अत्यंत वाईट स्थितीत मिळाले.,Disgust
तुम्हाला माहीत नाहीये का की लोक त्यांच्या कामात चांगले आहेत असं तुम्हाला वाटत असलं तरीही दरवर्षी त्यांना बढती देणे निरुपयोगी आहे?,Disgust
आपल्या संघाला खेळावर वर्चस्व गाजवताना बघून इसाबेलाचा चेहरा आनंदानं चमकला.,Happiness
शेजारच्या सायकलच्या दुकानात माझ्या बजेटमध्ये बसणाऱ्या सायकली पाहून मला खूप आनंद झाला.,Happiness
रेस्टॉरंटच्या जेवणाच्या परिसराच्या स्वच्छतेकडं केलेलं दुर्लक्ष बघून अस्वस्थ वाटत होतं आणि मला तिथं जेवावंसंच वाटत नव्हतं.,Disgust
इमारत संघटनेत कठोर निर्णय घेतल्यानंतर इतर लोक माझ्याबद्दल काय विचार करतील याची मला चिंता आहे.,Fear
जेव्हा मी तुला विश्वासात घेतो तेव्हा तू ऐकत नाहीस आणि नंतर तू मला म्हणतोस की मी तुला काही सांगत नाही.,Disgust
बँकेचा एक कर्मचारी माझ्याशी कठोरपणे बोलल्यानंतर बँक अधिकाऱ्याने माझ्या कामाकडे लक्ष दिले याचा मला फार आनंद झाला.,Happiness
"ओ मॅडम, पहिली मी आलेय इथे. माझी आहे ती जागा.",Anger
"वीज चालू ठेवायसाठी आम्ही सर्वतोपरी प्रयत्न करतोय, पण सरकार नवीन उपकरणांना मंजुरी द्यायला नकार देतंय.",Disgust
राष्ट्रीय संघात निवड व्हावी म्हणून लोक प्रमुख क्रीडा अधिकार्यांचे पाय कशा तऱ्हेने चाटतात हे बघणे खेदजनक होते.,Disgust
बघण्यासारखा नाहीये तो सिनेमा. काल मी माझ्या आयुष्यातले तीन  तास वाया घालवले त्यापायी.,Disgust
"हे निराशाजनक आहे, मला हवं तसं करून घेण्याच्या त्रासाशिवाय माझ्या गरजांना साजेसं दर्जेदार फर्निचर मिळण्याची आशा होती मला.",Sadness
"चेन्नईतील बहुतांश बांधकाम व्यावसायिकांना पर्यावरणाची किंवा येणाऱ्या पिढ्यांच्या भविष्याची काळजी नाही, असे दिसते.",Disgust
अविश्वसनीय! त्या आर्थिक नोंदी तर जाणूनबुजून खराब केल्या गेल्यासारख्या होत्या!,Anger
"या दागिन्यांच्या कारागिरीचं कौशल्य हे  सोन्याच्या शुद्धतेबरोबरच, तुमच्या मुलीच्या पदवीदानानिमित्य देण्याच्या भेटवस्तूसाठी अभिजातता आणि अस्सलपणा दोन्हीची खात्री देतं.",Happiness
"टी. व्ही. विक्रेता त्याच्या दुकानात येणाऱ्या महिलांकडे बघत राहिला, त्यामुळे मला तो घृणास्पद वाटला.",Disgust
"ते थिएटर शहराच्या अशा भागात आहे जो फारसा सुरक्षित नाहीये, म्हणून मला एकटं जायचं नाही.",Fear
दुपारच्या जेवणासाठी योग्य सुविधा आणि पुरेसे पर्याय नसतात हे बघून मला वेड लागते. हे म्हणजे जणू शेतीचे काम करताना आम्ही मजूर असमाधानी आणि उपाशी राहावे असेच शेत मालकाला वाटत असल्यासारखे आहे.,Anger
"तुझ्या फोनचं खूप व्यसन लागतंय तुला, म्हणून मी काढून घेतेय तो.",Anger
वा रे वाह! इथे इतकी बहारदार कॉफी मिळत असेल अशी अपेक्षाच केली नव्हती मी कधी.,Surprise
पाहिजे तशा पलंगासाठी पैसे देणं आणि शेवटी माझ्या अपेक्षा पूर्ण न करणारं काहीतरी पदरात पडणं संतापजनक आहे.,Anger
आईशप्पथ! याआधी मी एवढं विनोदी कुणीच बघितलेलं नाही!,Surprise
भारत आणि इंग्लंड यांच्यात झालेल्या एकदिवसीय सामन्यात युवराज सिंगला ख्रिस ब्रॉडच्या चेंडूवर सहा षटकार मारताना पाहिल्यावर मला अत्यानंद झाला.,Happiness
जेव्हा एका सहाय्यकाला कापून अर्ध करण्यात आलं आणि नंतर तो पुन्हा एकसंध झाला तेव्हा या जादूच्या कार्यक्रमानं  माझं डोकंच चक्रावून गेलं.,Surprise
मी नाचलो की सगळे नेहमी खिल्ली उडवतात माझी.,Sadness
घर बळकावण्याचा प्रयत्न करणारे बदमाश भाडेकरू घरं शोधणाऱ्या खऱ्या भाडेकरूंचं नाव बदनाम करून ठेवतात.,Disgust
"मी भडकलोय, कारण प्रशासकांनी माझ्या व्हॉट्सअॅप ग्रुपवर भारतीयांबद्दल एक आक्षेपार्ह टिप्पणी तशीच राहू दिली.",Anger
घटत चाललेली व्यावसायिक वृत्ती मला थोडी चिंताग्रस्त करत आहे.,Fear
या हंगामात पुन्हा कीटकांना तोंड देण्याच्या विचाराने मला धडकी भरते. टोळधाडीने कापणी उद्ध्वस्त केल्याने आपल्याला झालेला त्रास आठवतोय ना?,Fear
माझा आवडता संघ आज चांगला खेळत नाहीये याचंच दुःख आहे मला.,Sadness
"जुन्या अंधाऱ्या घरातील हवा अचानक थंड झाली, त्यामुळे इथे आत्मा आहे या विचारानेच माझा भीतीने थरकाप झाला.",Fear
"जेव्हा मी श्रेया घोषालचे गाणे ऐकतो, तेव्हा प्रत्येक वेळी माझ्या अंगावर रोमांच उभे राहतात.",Happiness
या घावनांच्या मऊ हलक्या लुसलुशीतपणामुळं न्याहारीची वेळ आनंददायक होऊन जाते.,Happiness
माझा लॅपटॉप दुरुस्त केल्याबद्दल धन्यवाद. व्यवस्थित चालतोय तो आता.,Happiness
"तू एका वर्षापासून प्यायला नाहीयेस यावर विश्वासच बसत नाहीये माझा! हा एक लांब आणि खडतर प्रवास होत आलाय, पण तू हे करून दाखवलंयस!",Surprise
"व्वा, या भाड्याच्या स्मार्ट होमची वैशिष्ट्यं माझ्या कल्पनेच्या पलीकडची आहेत. मी टाळ्या वाजवून दिवे चालू करू शकतो ते फारच आश्चर्यकारक आहे!",Surprise
तिकीट तपासणाऱ्यांनी बसला सुटण्यापासून रोखल्यामुळे बसचालक चिडला होता.,Anger
घरी सी.सी.टी.व्ही. कॅमेरा न बसवून मी चूक केली हे मी मान्य करतो आणि आता त्याचीच  किंमत मोजतोय.,Sadness
व्हिएतनाममधल्या वसंत ऋतूतल्या कापणीच्या या पारंपरिक समारंभाचा अस्सलपणा हे एक प्रफुल्लित करणारं नवल आहे.,Surprise
काल एका महत्त्वाच्या बैठकीला जाताना माझी गाडी बंद पडली तेव्हा मी हताश झालो.,Sadness
कारगिल युद्धादरम्यान देशासाठी आपल्या प्राणांची आहुती देणाऱ्या सैनिकांची दृश्ये पाहताना मी भावनावश झालो होतो.,Sadness
माझ्या मित्रांचं ऐकून मी शेजारच्या हॉटेलमध्येच जायला हवं होतं.,Disgust
"खुल्या ऑटोला पावसानी झोडपून काढलं आणि मला संपूर्ण भिजवून टाकून माझ्या अंगात हाडापर्यंत थंडी भरली, त्यामुळं माझी अवस्था करुण होती.",Sadness
"काही अनपेक्षित समस्येमुळे माझ्या मुलाचे खाते नाकारले गेल्यामुळे मला थोडे अस्वस्थ वाटत आहे, सर्व काही सुरळीत होण्याची आशा बाळगतो.",Fear
आमचे कॉलेज उघडायला सहा महिने उशीर होत असल्याच्या बातमीने मी भांबावून गेलेय.,Surprise
नव्या कर सुधारणांचा मध्यमवर्गीय कुटुंबांवर व्यापक सकारात्मक परिणाम होईल अशी मला अपेक्षा नव्हती.,Surprise
फ्रीजमधून गळणाऱ्या पाण्याबद्दल मला जरा चिंताच वाटतेय   माझ्या स्वयंपाकघरातल्या फरशीला किंवा उपकरणालाही यामुळं काही नुकसान होऊ शकतं का?,Fear
गोष्टी फोडायला तुझ्याकडे नेहमीच कोणते ना कोणते कारण असते. आता या वेळी काय आहे?,Disgust
अहो ड्रायव्हर! माफ करा मी तुम्हाला चुकीचा पत्ता दिला. पत्त्याबाबत मी गोंधळून गेलो होतो.,Sadness
"गृहपाठ देण्याच्या येऊ घातलेल्या अंतिम तारखेबद्दल, मी त्याबाबत फारशी प्रगती करू शकलेलो नाही हे लक्षात घेता मला जरा चिंताच वाटते  आहे.",Fear
आम्हाला तुमच्या शेजाऱ्याकडून चोरांच्या येण्याची माहिती मिळाली आणि ते शेजारचा परिसर सोडून जाण्यापूर्वी त्यांना सहज पकडता आल्याने आम्हाला हायसे वाटले. पोलीस,Happiness
दिवसभर सोफ्यावर बसून तू सिनेमे कसले बघतोयस? बाहेर जाऊन खेळ जरा!,Anger
मी शक्य तितक्या जोरात धावण्याचा प्रयत्न केला पण तरी शर्यतीत शेवटच आलो मी.,Sadness
"अबकारी निरीक्षक माझ्याशी वैराने वागत होता, कारण मी चेकपोस्टवर माझा ट्रक सोडण्यासाठी त्याला लाच द्यायला नकार दिला.",Anger
"व्वा, मॅम! इतक्या लवकर पगारवाढ मिळेल अशी अपेक्षा नव्हती मला!",Surprise
मी पन्नासपेक्षा जास्त वयाचा असल्यामुळे कुठल्याच कंपन्या कोणत्याच पदासाठी माझा विचार करत नाहीयेत.,Sadness
"एक खाद्य समीक्षक म्हणून, मला वाटलं की जेवण उत्कृष्ट होतं, ज्यातून शेफचं पाककला कौशल्य उघड होत होतं. मला ते फारच आवडलं.",Happiness
कोविड नाईंटीनच्या केसेसमध्ये नुकत्याच झालेल्या वाढीने वृद्ध लोकांना घाबरवले आहे आणि दीर्घ काळ घरी राहण्यासाठी भाग पाडले आहे.,Fear
खेळादरम्यान काही चाहत्यांनी केलेला वांशिक अपशब्दांचा वापर भयंकर बोचरा होता.,Disgust
"मात्र, मागच्या काही ग्राहकांकडून, हे उत्पादन खूप हलक्या दर्जाचे दिसते असे सांगणाऱ्या अनेक तक्रारी आपल्याकडे आल्या आहेत.",Sadness
"आईशपथ, मला एकाच वेळी दोन इंद्रधनुष्य बघता आली यावर माझा विश्वासच बसत नाहीये!",Surprise
"माझ्या नवीन घरातील इलेक्ट्रिकल फिटिंगसाठी दुकानदाराने अगदी कमी दर्जाच्या तारा वापरण्याचा सुद्धा विचार केला, ही कल्पना करणे संतापजनक आहे.",Disgust
मी माझ्या क्रेडिट कार्डवर जमा केलेल्या गुणांमुळं मला माझ्या स्वप्नांतली गाडी विकत घ्यायला मदत झाली तेव्हा ते एखाद्या परीकथेच्या शेवटासारखं वाटलं.,Happiness
"मी फक्त चेष्टा करत होते तुझी. एकदा का असेना, पण मी खूष आहे तुझ्या कामगिरीवर. शिक्षक",Happiness
"डॉक्टर, तुम्ही मला एकवीस दिवस विश्रांती घ्यायला सांगितलं होतं. ते झालंय माझं करून. आता पुढे काय करायचंय? रुग्ण",Happiness
"रेफ्री, बॉलवर थुंकला तो. मी नाही हात लावणार त्याला आता.",Disgust
क्रेडिट कार्ड कंपन्यांकडून आकारल्या जाणाऱ्या उच्च शुल्काबद्दल मी भयंकर संतापलो आहे.,Anger
त्या शेवटच्या तासानंतर वर्गाची खोली किती घाण झालेली होती हे तुम्ही पाहिलं का? घृणास्पद आहे हे.,Disgust
एका ग्राहकाने सांगितले की त्याच्या इयरफोनला आग लागली. यासाठी आपल्यावर न्यायालयात खटला भरला जाऊ शकतो.,Fear
क्रूझवरच्या आमच्या केबिनसाठी त्यांनी आम्हाला जास्त शुल्क आकारलंय हे मला कळलं तेव्हा मी क्रूझ कंपनीच्या अधिकाऱ्यांवर जाम संतापलो.,Anger
हे खरं तर माझ्या बहिणीच्या वाढदिवसासाठी आहे. तिच्यासाठी आम्ही एक सरप्राईज पार्टी देतोय.,Happiness
मी कशा स्थितीतून चाललो आहे याची पर्वा न करता मला सतत गृहीत धरणाऱ्या माझ्या सभोवतालच्या लोकांमुळे मी थकून गेलो आहे.,Anger
विमा कंपनीच्या खोट्या आश्वासनांनी आणि दिशाभूल करणाऱ्या माहितीमुळे मी वैतागून थकून गेलो आहे.,Disgust
ऑर्थो डॉक्टरांकडून दिल्या जाणाऱ्या ॲलोपॅथी औषधांचे दुष्परिणाम भयंकर असतात.,Fear
"अरे, भारी! तू या रंगाची सायकल घेशील असे कधीच वाटले नव्हते मला.",Surprise
वाह! श्याम इतका वेगवान धावपटू आहे हे कोणाला माहीत होतं?,Surprise
या शनिवारी बँक सुरू असण्याची मला अपेक्षा नव्हती आणि कर्मचाऱ्यांना काम करताना पाहून मी आश्चर्यचकित झालो.,Surprise
मला परीक्षेसाठीच्या अभ्यासाचं साहित्य  समजणार नाही अशी मला भीती वाटते.,Fear
मी आयुष्यात अनेक गोष्टी हाताळतो आणि मला तुझ्या नाटकीपणाची आवश्यकता नाहीये. नाटकं करायच्या तुझ्या सततच्या गरजेचा मला पुरता वीट आलाय.,Anger
राष्ट्रीय नृत्य स्पर्धेच्या पुढच्या फेरीत सहभागी होण्यासाठी तुमच्या मुलाची निवड झाली आहे हे सांगताना मला आनंद होतोय.,Happiness
"मला तुमची निराशा समजतेय, गुणवत्तेच्या बाबींमध्ये लक्ष घालण्यासाठी मी सर्व संभाव्य पर्याय वापरून बघेन.",Sadness
"एक सिरीयल किलर आहे, जो अंधार पडल्यावर शहरातील लोकांचा लपून पाठलाग करत असून लोकांना रात्री घरातच राहायला प्रवृत्त करतोय.",Fear
धर्मांनी भूतांची हास्यास्पद कल्पना मांडलीये याचा मला राग येतोय.,Anger
"शाळेचे गुंडगिरीबाबतचे धोरण अत्यंत भयावह आहे, विशेषत ते रोखण्यासाठी काहीच केले जात नाही.",Disgust
चंद्रयान रॉकेटला आकाशात रेघ ओढताना पाहिले तेव्हा मी आनंदाने वेडा झालो.,Happiness
प्रशिक्षकानं संघाच्या अपयशाची जबाबदारी स्वीकारायला नकार देणं संताप आणणारं आहे.,Disgust
"तेलकट अन्न खाल्ल्यामुळे अनेक लोक आजारी पडल्याचं जेव्हा मी ऐकलं, तेव्हा ते खाल्ल्याने होणारे दुष्परिणाम जाणवण्याची मी श्वास रोखून वाट पाहिली.",Fear
"भयपटाच्या पहिल्या भागातल्या हिंसेनं आणि रक्तपातानं मला वीट आला होता, परंतु त्याचा पुढचा भाग त्याहूनही बेकार होता.",Disgust
स्पर्धात्मक व्याजदर देऊ न केल्याबद्दल मी बँकेवर संतापलो आहे.,Anger
"जेव्हा वरच्या स्तरावरून खालपर्यन्त अचूक माहिती पोहोचत नाही, मग चुकीच्या गोष्टी घडतात आणि माझ्या टीमना दोषी ठरवलं जातं, तेव्हा मला माझ्या हताशेवर नियंत्रण ठेवणं कठीण जात आहे.",Anger
आज ड्रायव्हर खूप वेडीवाकडी चालवतोय गाडी. ही बस म्हणजे ॲम्ब्युलन्स आहे असं वाटतंय की काय त्याला?,Anger
"एकदाचा तब्बल दोन वर्षानंतर माझ्या आवडत्या हिरोचा सिनेमा प्रदर्शित होतोय, तो प्रदर्शित होणं म्हणजे एखाद्या सणासारखं दिसतंय.",Happiness
एक खाद्य समीक्षक म्हणून माझ्यासाठी ते जेवण बेचव होते. ते अति शिजवलेले होते आणि रुचकर नव्हते.,Disgust
"माझ्या मुलाला एका जागी घट्ट धरून ठेवण्याबद्दल मला काळजी वाटत होती, कारण तो इंजेक्शनला घाबरत होता आणि हातपाय झाडत होता.",Fear
"माझ्याव्यतिरिक्त इतर लोकांच्या जीवनावर परिणाम करणारा निर्णय जेव्हा जेव्हा मला घ्यायचा असतो, तेव्हा मला धास्ती वाटते.",Fear
"व्वा! किती छान चित्र आहे हे, सुंदरा! खूप छान.",Surprise
"व्वा, भाडेकरारावर घेतलेल्या या राहत्या घराचं प्रशस्त अंगण माझ्या अपेक्षेपेक्षा कितीतरी जास्त गोष्टी देतय.",Surprise
दुर्दैवानं मला इतक्या अडचणी आल्यात की आता मी अशा टप्प्यावर पोचलेय जिथं मला तुमच्यासोबत बँकिंगच करायचं नाहीये.,Disgust
त्यांची प्रगती आणि एकूणच सादरीकरण पाहून एकदम खुश झालो मी.,Happiness
"हॅलो सर! गेली दहा मिनिटं मी इथे थांबलोय आणि अमृतसरच्या दिशेने जाणार्या ट्रेनबद्दल विचारतोय, पण तुम्ही काय मला उत्तरच देत नाहीये आणि इतर लोकांशी बोलत बसला आहात.",Anger
माझ्या पदवीच्या अभ्यासासाठी मला शिष्यवृत्ती मिळाली!,Happiness
"मणिपूरमधल्या या वादळसदृश परिस्थितीत मनाला आराम मिळणं कठीण आहे, कारण या संघर्षात शेकडो लोक मरतात.",Sadness
"भाड्याचं घर शोधण्यासाठी असलेलं दलाली शुल्क कोणत्याही छुप्या शुल्काशिवाय स्पष्टपणे दिलेलं आहे, हा एक दिलासा आहे.",Happiness
ऊर्जा वाचवणारी उपकरणे बसवण्यासाठी माझा कर जमा झाला तेव्हा मला अत्यानंद झाला.,Happiness
किती विचित्र दिसतंय हे फूल. कोणी का विकत घेईल ते?,Disgust
बदलत्या कर नियमांचा माझ्या व्यवसायावर होणारा संभाव्य परिणाम असा वाटतो की जणू मी कधीही पडण्याची जोखीम घेत एखाद्या ताणलेल्या दोरखंडावर चालतोय.,Fear
पावसामुळे शहरात मोठ्या प्रमाणात पूर येणारे असं वाटतंय.,Fear
"मी थोडा निराश होतो आहे कारण मला खरोखरच काही काम ऑनलाइन पूर्ण करण्याची गरज आहे, आणि वाय फाय नसल्यामुळे मी खूप काळजीत पडलो आहे.",Fear
तुमच्या शर्टवर सांभाराचा डाग आहे आणि तुमच्या पॅन्टवर थोडी चटणी सांडली आहे.,Disgust
तुमच्या उत्पन्नाच्या विवरणपत्रावरील आकडे काळजीत टाकणारे आहेत आणि त्यामुळे एक अस्वस्थतेची भावना निर्माण होत आहे.,Fear
"इतर व्यवसाय बंद होण्यासाठी मला जबाबदार धरणाऱ्या ज्या बातम्या फिरताना दिसतायत, त्यांच्यामुळे मी भयचकित झालोय.",Fear
मंद इंटरनेट कनेक्शनमुळे ऑफिसच्या मीटिंगमध्ये संभाषणाचा प्रवाह सारखा  खंडित होत राहिला तेव्हा मी चिडलो.,Anger
"मी ते जेव्हा परत घेईन तेव्हा मला थोडेफार पैसे गमवावे लागतील कारण कंपनी तसं करत नाही, पण मी ते बदलेन.",Sadness
आज काहीही खाल्लेले नाही तुम्ही आणि तरीही साखरेची पातळी सामान्य आहे तुमची!,Surprise
मला चांगले पर्याय देणाऱ्या विद्यापीठाऐवजी एक विशिष्ट विद्यापीठ निवडून मीच स्वतःला या स्थितीत पाडून घेतलंय.,Disgust
शी! माझ्या अननसाच्या रसात एक कोळी आहे मेलेला.,Disgust
आम्ही भरलेल्या टॅक्सी जीपच्या ड्रायव्हरला शोधत होतो आणि जीपच्या बाहेर उभा असलेला माणूसच ड्रायव्हर होता हे माझ्या लक्षात आल्यावर मला जोरदार हसू फुटले.,Happiness
"सगळी सॉफ्टवेअर प्रोडक्ट जेन्युइन आहेत, त्यामुळे तुम्हाला अडचण येण्याचं काही कारण नाही खरंतर. तुम्हाला खात्री आहे ना?",Surprise
"जेव्हा कंपनीला एका नवीन उपक्रमासाठी पुरस्कार मिळाला, पण त्यातली आमची भूमिका त्यांनी ठळकपणे निर्देशित केली नाही, तेव्हा आम्हाला वाईट वाटलं.",Sadness
इव्हेंटचा व्यवस्थापक इव्हेंटच्या सुरक्षिततेला प्राधान्य देतो आणि त्याच्याकडे जोखमीच्या व्यवस्थापनाची संपूर्ण योजना आहे हे ऐकून मला खरोखर दिलासा मिळाला आहे.,Happiness
गप्पा मारणे बंद करा आणि कामाला लगा!,Anger
अॅमवे ज्या प्रकारे दुसऱ्या एका उत्पन्नाचं आश्वासन देऊन लोकांना त्यांच्या घोळात घेते ते बघून मला भीतीच वाटते.,Disgust
याआधीच मी हे पुस्तक का वाचलं नाही याबद्दल स्वतःचीच कीव येतेय मला.,Disgust
शेअर बाजार फारच चांगली कामगिरी करतोय आज.,Happiness
जेव्हा लोक त्यांच्या चुकांमधून काहीच शिकत नाहीत आणि त्या चुका वारंवार करत राहतात तेव्हा मला हताशा येते.,Anger
पुरामुळं हिमाचल प्रदेशात स्थानिक इमारती वाहून जाताना बघणं हृदय पिळवटून टाकणारं होतं.,Sadness
"अरे! या पुस्तकावर तर पंचवीस टक्के सूट आहे, पण तू माझ्याकडून जास्तीचे पैसे घेतोयस. तू मला फसवायला निघालायस की काय?",Anger
त्या ब्रॉडवे नाटकाचे दिग्दर्शन उदासीन वाटले. दिग्दर्शकाकडे दूरदृष्टी नाही असे जाणवले.,Disgust
"मी गॅस सिलिंडरच्या वाजवी बिलाची वाट पाहत असे, परंतु वाढत्या किंमतींमुळे अलीकडे माझ्या मनःस्थितीवर परिणाम होत आहे.",Sadness
वर्षभराचा खर्च करण्यासाठी कदाचित माझ्याकडे पुरेसे पैसे नसतील.,Fear
पाणीच नाहीये माझ्या खोलीत! तुम्ही असं चालवता का हॉटेल?,Anger
आपल्या गॅलरीसाठी मी जे मिळवलंय त्यावर विश्वासच बसणार नाही तुझा!,Surprise
लुटारूंनी त्यांच्या परिसरात दंगल माजवली आणि त्यांच्या दुकानांमध्ये तोडफोड केली तेव्हा दुकानदार संतप्त झाले.,Anger
कॉलेजच्या शिक्षणानंतर काही विद्यार्थ्यांवर किती कर्ज आहे हे बघून मला आश्चर्याचा धक्का बसला आहे.,Surprise
माझा नवरा आज पिऊन आलाय घरी. तो मला मारहाण करेल की काय असं वाटतंय मला.,Fear
गेले पाच दिवस तुम्ही कार्यालयात का आला नाहीत? तुम्हाला हवे तेव्हा तुम्ही येऊ जाऊ शकता असे वाटते का तुम्हाला?,Anger
खूप छान! तू चित्र इतके चांगले रंगवू शकतेस हे माहितीच नव्हतं मला!,Surprise
"रोलरकोस्टर आणि वॉटर राईड यापैकी काय निवडायचं ते माझं मला बघू द्या, तुम्ही माझ्यासाठी माझे निर्णय घेऊ नका!",Anger
समुपदेशनातून परत येण्यापूर्वी तो नरक यातनेतून गेला होता हे आमच्या मुलाकडून ऐकणे हृदय पिळवटून टाकणारे होते.,Sadness
माझ्या बागेत दररोज सकाळी खारींचे जिज्ञासू रूप पाहायला मला आवडते. व्यक्ती एक,Happiness
"हॉटेलमधलं जेवण बघून खुश होण्याऐवजी त्या भिकाऱ्यानं, मी त्याला रस्त्याकडेच्या विक्रेत्याकडून जेवण घेऊन द्यावंअशी मागणी केली!",Surprise
ही व्यावसायिक भाड्याची जागा किती प्रशस्त आहे हे पाहून मला सुखद धक्काच बसला आहे. एका आठवड्याच्या आत स्थलांतरासाठी ते इतक्या लवकर उपलब्ध होईल अशी मला अपेक्षा नव्हती!,Surprise
जेव्हा मी या अल्पवयीन मुलाच्या खात्यासाठी बँकेने देऊ केलेला व्याजदर पाहिला तेव्हा माझा त्यावर विश्वासच बसेना! माझ्या अपेक्षेपेक्षा तो खूप चांगला आहे.,Surprise
तुम्ही निवडलेल्या केकला त्याच्या नाजूक नक्षीमुळे आणि तुमच्या पसंतीच्या पर्यायांमुळे ज्यादाचा खर्च येतो हे सांगताना मला खेद वाटतोय. कोणत्याही गैरसोयीबद्दल मी दिलगीर आहे.,Sadness
पूर्णपणे पिकलेल्या टोमॅटोचा साधेपणा हा एक खराखुरा आनंद आहे.,Happiness
त्या संत्र्यांना खूप घाण वास येतोय आणि खूप नरमही पडलीयेत ती.,Disgust
"ज्यात ग्राहक एका महिला कर्मचाऱ्याशी फ्लर्ट करतो ना, ती मॅकडोनाल्डची जाहिरात  अपमानास्पद आहे आणि महिलांचे वस्तूकरण करते.",Disgust
फक्त अँटिबायोटिक मागतोय मी! आता त्यासाठी मला डॉक्टरांचं प्रिस्क्रिप्शन कशाला लागेल?,Anger
जमिनीवर सगळीकडे किती केस पडलेत. ते बघूनच मळमळ होतेय मला.,Disgust
"मग मला वाटतं की माझं खातं बंद करण्याची वेळ आलीये, कारण बँकेला त्यांचे ग्राहक कोण आहेत हेच माहिती नाहीये.",Sadness
यंदा माझ्या नेटफ्लिक्सच्या सबस्क्रिप्शनवर मोठीच सूट मिळाली मला. आता कसलीही फिकीर न करता मला हवे तेवढे सिनेमे बघू शकतो मी.,Happiness
"इतक्या जवळ उभे राहू नका माझ्या! मी एटीएममध्ये पिन टाकतेय माझा, दिसत नाही का तुम्हाला?",Anger
जाहिरातीत वस्तूच्या सांगितलेल्या किंमतीपेक्षा वेगळीच किंमत सांगून मला गंडवण्याच्या दुकानाच्या प्रयत्नामुळे माझ्या तळपायाची आग मस्तकात गेली.,Anger
लोक उतरण्याची वाट न पाहताच मेट्रो प्रवाशांनी डब्यात धाव घेतली तेव्हा मला त्यांचा तिरस्कार वाटला.,Disgust
या तुटलेल्या कपाटांनी आम्ही काम चालवावे अशी त्यांची अपेक्षा आहे यावर माझा विश्वासच बसत नाहीये.,Disgust
मुलं पैशांचं व्यवस्थापन समजून न घेताच मोठी होत असताना माझ्या मुलाचं त्याच्या बँक खात्यावर फार जास्त नियंत्रण असल्याबद्दल मला काळजी वाटत होती.,Fear
तणाव आणि चिंता मला माझ्या आयुष्यात किती मागे खेचताहेत हे मला कधीच कळलं नाही. या समुपदेशनाच्या प्रक्रियेने माझे डोळे उघडून मला एक अख्खा नवीन दृष्टीकोन दाखवून दिलाय!,Surprise
माझ्या नवीन घरात उच्च दर्जाच्या मनोरंजनाचा आनंद घेण्यासाठी सॅमसंगचा नवीन टीव्ही खरेदी करण्याच्या माझ्या कल्पनेमुळे मी खरेच उत्तेजित झालो आहे.,Happiness
"सॉफ्टवेअर तुमच्या लॅपटॉपवर क्रॅश होते हे मला विचित्र वाटते, कारण ते माझ्या लॅपटॉपवर अगदी व्यवस्थित काम करतेय.",Surprise
इलॉन मस्कने ट्विटरचा ताबा घेतल्यानंतर त्यातील सर्वोत्कृष्ट विकासकांना काढून टाकले तेव्हा मी सर्दच झालो.,Surprise
त्यांचा गैरफायदा घेणाऱ्या नेत्यांच्या विरोधात खेळाडूंनी हिंसक बंड केले.,Anger
बल्गेरियन तळघरात कुठेतरी बसलेल्या एका हॅकरमुळे माझ्या फोनमधील सायबर सुरक्षा भंग झाल्याचे ऐकून मला धक्काच बसला.,Surprise
इतर पंधरा जणांना नाकारल्यानंतर माझी नाविन्यपूर्ण स्टार्टअप कल्पना विकसित करण्यासाठी व्ही. सी. कडून निधी मिळाल्याबद्दल मी आनंदाने हवेत उडतोय.,Happiness
"शेवटच्या क्षणी तिकीट रद्द करण्यात मला मदत करण्याच्या तुमच्या दयाळूपणे केलेल्या सहाय्याबद्दल खूप धन्यवाद ऑफिसर, तुमच्या रद्द करण्याच्या आणि परताव्याच्या धोरणांबद्दल मी खूप समाधानी आहे.",Happiness
"मी जर माझ्या ऑनलाइन सुरक्षेसाठी आवश्यक पावले उचलली नाहीत, तर मी सायबर गुन्हेगारांना बळी पडेन याची भीती आहे मला.",Fear
"रिमोट केबिनमध्ये राहण्याविषयी मी फार अस्वस्थ होतो, जिथे मदतीला कुणीही नसल्याने मी चोरांचे लक्ष्य होऊ शकतो.",Fear
यू.के.मध्ये बारा पैकी दहा महिने तर पाऊसच पडतो आणि मला सूर्य दिसला नाही की मला कंटाळवाणे वाटते.,Sadness
इतकं काम तुम्ही फक्त दोन दिवसांत पूर्ण केलंत?,Surprise
"मी ते जेव्हा परत घेईन तेव्हा मला थोडेफार पैसे गमवावे लागतील कारण कंपनी तसं करत नाही, पण मी ते बदलेन. संदर्भ स्पष्ट नाही, कृपया या वाक्याला अनुसरून आणखी संदर्भ द्या",Sadness
कोणते चुकीचे स्रोत तुमचं उत्पन्न बिघडवतात? तुमच्या आर्थिक साधनसंपत्तीचं मूळ उघड करा.,Disgust
काही कंपन्या त्यांच्या कर्मचाऱ्यांवरील परिणामांचा विचार न करता प्रक्रिया स्वयंचलित करण्यासाठी ए. आय. चा वापर करतायत याचा राग आहे मला.,Anger
मी थकून गेलोय पण तरी एक शेवटची संधी देईन मी तुम्हाला. अतिथी,Sadness
"मी माझे पाकीट काढण्यासाठी आणि पैसे देण्यासाठी माझ्या खिशात हात घातला. मी हादरलोच, कारण ते तिथं नव्हतंच!",Fear
"भारतातील वाहन चालवण्याची तुलना अमेरिकेशी करणं हे सुरुवातीला दडपण आणणारं वाटत होतं, पण वाहन चालवण्याचे धडे घेतल्यानंतर, माझी जुळवून घेण्याची क्षमता बघून मला आश्चर्य वाटतं!",Surprise
डोकं फिरलंय काय तुमचं? उपचार सुरू झाले तेव्हा दुसऱ्या डॉक्टरांनी काही पंचेचाळीस दिवसांची विश्रांती सांगितली नव्हती. एकवीस दिवस विश्रांती घेऊन झालीये माझी आणि आता जर मी कामावर गेलो नाही ना तर नोकरी जाईल माझी. रुग्ण,Anger
खेळामुळे मुलांचे मन विकसित होते हे न समजणाऱ्या आणि मुलांना खेळण्यापासून रोखणाऱ्या पालक आणि शाळांचा मला तिटकारा येतो.,Disgust
"मला धास्ती वाटत होती की, सफाई टीम ग्राहकाच्या ऑफिसमधील नाजूक उपकरणांच्या साफसफाईमध्ये चूक करेल आणि त्यामुळे त्यांचे नुकसान होईल.",Fear
"इतकी वर्षं तू तसाच आहेस आणि आताही काही बदललेलं नाही, मग तुला असं का वाटतंय की आम्ही तुला बोर्डिंग शाळेत घालण्याचा विचारही करू?",Surprise
या उन्हाळ्यात पारा आर्द्रतेसह जसजसा वाढत चालला आहे तसतसं मला चेन्नईतल्या या उष्णतेमुळे अंगातली शक्ती पूर्ण काढून घेतल्यासारखं वाटतंय.,Sadness
"बाबा, डॉक्टर हातात एक मोठी सुई घेऊन येत आहेत. ती खूप भीतीदायक दिसते.",Fear
मी आधीच तुम्हाला दहा वेळा सांगून झाले आहे की मी माझ्या क्रेडिट कार्डाचे बिल भरण्याचा प्रयत्न केला पण बँक सर्व्हरला अडचण येत होती. माझा काही दोष नाही यात!,Anger
"शहरातले लोक घाबरून गेलेत, कारण एक पत्रकार असून तू शहरातल्या जातीय दंगलींबाबत खोट्या बातम्या प्रसिद्ध केल्यास.",Fear
इतरांना वाटेतून बाजूला ढकलतात ते धावपटू जरासुद्धा आवडत नाहीत मला.,Anger
"गोलरक्षकाने पेनल्टी शूटआऊटमध्ये त्यांना दोन हजार तेवीसचा एस.ए.एफ.एफ. चषक जिंकून दिल्यानंतर, भारतीय फुटबॉल संघातील सर्व सदस्यांनी आपल्याला त्याच्यावर झोकून दिलं.",Happiness
"मी सर्वतोपरी प्रयत्न करत आलोय, आणि तुमच्या पद्धती चालत नसतील तर निहिसंशय त्यांच्यातच खोट आहे.",Anger
नव्या कर सुधारणांचा मध्यमवर्गीय कुटुंबांवर व्यापक सकारात्मक परिणाम होईल अशी मला अपेक्षाच नव्हती.,Surprise
नर्स सुई बदलायलाच विसरली आणि पुढच्या रुग्णाला तसेच इंजेक्शन दिले तिने.,Disgust
उशिरा येणार्या आणि त्यांच्या समोर उभे राहून आपली जागा शोधणार्या लोकांमुळे सिनेमागृहातले प्रेक्षक चिडायचे.,Anger
कर भरताना इतका गोंधळ उडेल अशी अपेक्षा नव्हती आम्हाला!,Disgust
"वा, पी. व्ही. सिंधूने कांस्यपदक जिंकले दोन हजार वीसच्या ऑलिम्पिकमध्ये.",Surprise
"आमच्या दुकानाचं ब्रँडिंग कालबाह्य झाल्यासारखं वाटतंय, त्यामुळे मला जरा खचल्यासारखं वाटतंय.",Sadness
ज्याबद्दल आम्हाला काहीच माहिती नाही अशा या उत्पादनाचा प्रचार करण्याची अपेक्षा याचे मालक आमच्याकडून करतात हे मला घृणास्पद वाटतं.,Disgust
घरमालकावर ओरडू नकोस. आपल्याला इथून बाहेर हाकलू शकतो तो.,Fear
माझ्या बजेटमध्ये तुम्ही मला महागडा हिरा सुचवत आहात यावर माझा विश्वास बसत नाही! मी सोन्याचा बनलो आहे असे वाटते का तुम्हाला?,Anger
"मी खरेदी करण्यासाठी दुचाकींपैकी एकही निवडू शकलो नाही, त्यानंतर सायकल विक्रेता अपमानास्पदरीत्या वागला तेव्हा मला त्याचा राग आला.",Anger
मी आयुष्यात अनेक गोष्टी हाताळतो आणि मला तुझ्या नाटकीपणाची आवश्यकता नाहीये. नाटकं करायच्या तुझ्या सततच्या गरजेचा मला पुरता वीट आला आहे.,Anger
नमस्कार भाऊ. आज खूप चांगल्या मूडमध्ये आहे मी. प्लीज दाढीपण करून टाक आज माझी.,Happiness
तू हावरटपणा केला नाहीस आणि भरपूर पैसे देण्याचे आश्वासन देणाऱ्या अनावश्यक ऑनलाइन लिंक्सवर क्लिक करण्याचे तू थांबवलेस तर तुला काही त्रास होणार नाही.,Disgust
"मुसळधार पावसात डोंगरावर वेगवान वाहतुकीत गाडी चालवताना मला प्रचंड दडपण आले होते, कारण तिथे फक्त काही मीटर अंतरावरचे दिसत होते.",Fear
काही कारणामुळे मी आजकाल खूप हळवी झालीये आणि मला बोलण्यापूर्वी दोनदा विचार करावा लागतो.,Disgust
अरे! बेंगलोर आणि चेन्नईच्या प्रवासासाठी बसचे तिकिट बुक केल्यावर मला वीस टक्के ऑफर मिळाल्याने मी खूपच खुश आहे.,Happiness
मंदीच्या धोक्यामुळे लोक मोकळेपणाने खर्च करण्यापासून रोखले जात आहेत.,Fear
"दुकान विचित्रच दिसतंय काहीतरी. मला नाही वाटत, आपण त्याच्या मागोमाग आत जावं म्हणून. तू आत गेलास आणि बाहेर आलाच नाहीस तर मी काय करू?",Fear
माझा बँक बॅलन्स मलाच नका विचारू. तुम्हाला हवे असेल तर तुमच्याकडच्या नोंदी तपासा. माझ्याकडे पुरेसे पैसे आहेत.,Anger
तुम्ही त्या वडिलांपैकी एक आहात जे आमच्या पिढीला समजूच शकत नाही.,Disgust
एका वित्त कंपनीचा मालक लोकांचे पैसे घेऊन फरार झाल्यानंतर स्थानिकांनी माथेफिरूपणा केला आणि त्याच्या परिसरातील वाहनांवर हल्ला केला.,Anger
"रेफ्री, बॉलवर थुंकला तो. मी नाही हात लावणार आता त्याला.",Disgust
स्वयंपाकघरात झुरळे पाहून मला शिसारी आणि थकवा आला आहे.,Disgust
गंगटोकसारख्या पर्यटन स्थळी वाहतूक केवढी शिस्तबद्ध आहे हे बघून मी थक्कच झालो.,Surprise
गेल्या आठवड्यात झालेल्या स्थानिक स्पर्धेतील फुटबॉल पंचांच्या पक्षपाती निर्णयांनी माझा संताप अनावर झाला.,Anger
मला चेन्नईतला यान्नीचा परफॉर्मन्स खूप आवडला. त्यात ऊर्जा ठासून भरली होती आणि आम्ही तिकिटासाठी दिलेला प्रत्येक रुपया वसूल झाला.,Happiness
"थांबा, मला मिळणाऱ्या सेवा वाजवी किंमतीत मिळतायत का, इतकीच खात्री करण्याचा प्रयत्न करतो आहे मी.",Disgust
"माझी वैद्यकीय विमा पॉलिसी आयुर्वेदिक उपचार पूर्णपणे कव्हर करतेय, त्यामुळं मी निश्चिंत झालोय!",Happiness
"विक्रेता आपल्याशी ज्या प्रकारे वागला त्यामुळे डोकं जाम फिरलंय माझं, आपण काय म्हणतोय ते ऐकूनच घेतलं नाही त्यानं.",Anger
काही सायकलींवर मी जेवढा वेग वाढवू शकतो आणि त्यांच्या तंत्रज्ञानात ज्या प्रकारे सुधारणा झाली आहे हे पाहून मी अचंबित होतो.,Surprise
काही पी.एच.डी. मार्गदर्शक आपल्या विद्यार्थ्यांना कसे वागवतात आणि त्यांना त्यांच्या स्वतःच्या प्रबंधाच्या विषयांची निवड करायची मुभा देत नाहीत हे पाहणे घृणास्पद आहे.,Disgust
आमच्या वर्धापन दिनाच्या रौप्य महोत्सवासाठी दागिने सुंदर दिसतील आणि भावनिक मूल्य जपतील का याची खातरजमा करताना मला थोडी काळजी वाटते आहे.,Fear
"एकदाचा तब्बल दोन वर्षांनंतर माझ्या आवडत्या हिरोचा सिनेमा प्रदर्शित होतोय, तो प्रदर्शित होणं म्हणजे एखाद्या सणासारखं दिसतंय.",Happiness
"पत्त्याची नेमकी जागा शोधण्यात गोंधळ झाला असूनही, मी मुक्कामाच्या ठिकाणावर पोहोचण्यात यशस्वी झालो याचा मला आनंद आहे.",Happiness
कामाचा वाढता भार माझ्या उभारीवर परिणाम करू लागला आहे.,Sadness
माझ्या मित्राच्या दुकानात जाऊन त्याचा व्यवसाय किती चांगला चाललाय हे पाहणे आनंदाचे होते.,Happiness
एका वर्षासाठी भारतातून फ्रान्सला राहायला जायचा आनंद झालाय मला.,Happiness
"एकाच वकिलाकडून कायदेशीर सल्ला घेताना, अशील आणि वकील हे दोघेही  अनपेक्षितपणे एकमेकांसमोर आले.",Disgust
ओबामांनी भारताविषयी बेपर्वाईने अनियंत्रित बडबड केल्यामुळे मी वैतागलो होतो.,Anger
"व्वा, मि. स्मिथ, आज तुम्ही केलेल्या सर्व मदतीसाठी खूप खूप धन्यवाद. खरोखर मनापासून आभारी आहे मी तुमचा.",Happiness
दोन हजार आठ मधल्या मंदीच्या काळात माझ्या आर्थिक परिस्थितीला फटका बसेल याची मला जाम भीती वाटत होती.,Fear
मला भीती वाटत असलेल्या सुरक्षा समस्यांमुळे माझं खातं बंद करायला मी इथे आलोय.,Fear
मला उंच ठिकाणांची अकारण भीती आहे. मी जमिनीपासून बऱ्याच उंचावर असतो तेव्हा माझ्या पायांना थरथर सुटते आणि माझं तोंड कोरडं पडतं.,Fear
शाळेची बस चुकल्यावर आम्ही पाचजणं शाळेत एक तास उशिरा आलो तेव्हा मुख्याध्यापक संतापले.,Anger
ज्या ज्या वेळी मला मदतीची गरज पडलीये त्या त्या वेळी मला वाईट वागणूक मिळालीये आणि बऱ्याचदा दीर्घकाळ वाट बघायला लागलीये.,Disgust
मागील साफसफाईच्या वेळी राहिलेल्या जागांबद्दल काही ग्राहकांकडून मी नकारात्मक प्रतिक्रिया ऐकल्या आहेत. त्यांच्या समाधानाची खात्री करण्यासाठी आणि आमची व्यावसायिक प्रतिष्ठा राखण्यासाठी मला याविषयी बोलायचे आहे.,Fear
वीज मंडळाचे कर्मचारी जमिनीपासून पन्नास फूट उंचीवर असलेल्या प्लॅटफॉर्मवर सावधपणे चालताना पाहून माझे अवसान गळाले.,Fear
"अरे! या पुस्तकावर तर पंचवीस टक्के सूट आहे, पण तू माझ्याकडून जास्तीचे पैसे घेतोयस. तू मला फसवायला निघालास की काय?",Anger
आगामी प्रमाणित चाचणीबद्दल मला भीती वाटत आहे.,Fear
मी रात्री एका धोकादायक भागातून नवीन रेस्टॉरंटमध्ये गेलो तेव्हा माझ्यात भीतीची भावना दाटली.,Fear
"कास्टिंग डायरेक्टरने ठरवलेल्या सिनेमाच्या ऑडिशनसाठी मला अतोनात उशीर झाला, त्यामुळे मी माझी अभिनयाची संधी गमावून बसेन अशी मला भीती वाटत होती.",Fear
खारीसारखा चिमुकला प्राणी पंचवीस फूट खाली जमिनीवर पडूनही कसा काय वाचू शकतो याची मी कल्पनाही करू शकत नाही.,Surprise
"आईशपथ, मला एका वेळी दोन इंद्रधनुष्य बघता आली यावर माझा विश्वासच बसत नाहीये!",Surprise
"ज्यांच्याकडे एक मूलभूत आपत्कालीन निधी नसतो, अशा लोकांची संख्या पाहून मी अचंबित होतो.",Surprise
आमच्या नवीन विपणन मोहिमेबद्दल ग्राहकांच्या प्रतिक्रियांबाबत मला बैचेन वाटत आहे.,Fear
"विमानातल्या माझ्या मागच्या प्रवाशाने जेव्हा सीटच्या वरच्या बाजूला माझ्या डोक्याच्या अगदी वर पाय ठेवले, तेव्हा मला धक्काच बसला!",Surprise
तुम्हाला फिटनेसमध्ये काय हवंय याबद्दल तुम्ही फिटनेस प्रशिक्षकाशी बोललेलेच नसताना सुद्धा स्वतःला का घाबरवताय? फिटनेस प्रशिक्षक,Anger
"रेस्टॉरंटमधील प्रत्येक खाद्यपदार्थ अखंड आणि वेळेवर पोहोचता केल्यामुळे मी पूर्णपणे प्रभावित झालो, त्यामुळे जेवणाच्या एकूण सुखद अनुभवात अधिकच भर पडली.",Happiness
गेल्या तिमाहीत माझ्या गुंतवणुकीने बाजारापेक्षा चांगली कामगिरी केली याचा मला अत्यंत आनंद झालाय.,Happiness
आता तर माझे विद्यार्थी मला प्राचीन मानतील या विचाराने मी उदास आहे.,Sadness
जर डिझाईन एकदम परफेक्ट नसले तर तुम्हाला पैसे परत करायला लागतील माझे.,Anger
मध्यरात्रीनंतर माझी विलंबित रेल्वेगाडी येण्याची वाट पाहताना मी चिंतेने त्या निर्जन स्थानकावर नजर फिरवली.,Fear
"माझ्या नवऱ्याचे डोळ्यांचे ऑपरेशन ठरले आहे उद्या, पण ते आम्हाला परवडण्यासारखे नाहीये.",Sadness
पेनाच्या दुकानानं दिलेल्या मोफत भेटवस्तूच्या वेष्टनांमुळं मला सुखद आश्चर्यच वाटलं.,Surprise
या केकच्या वास्तविक किंमतीपेक्षा एक पैसाही जास्त देणार नाही मी! हे लक्षात ठेव!,Anger
माझे आई बाबा माझ्या विश्वासाचा वापर करून माझ्याशीच चलाखी करतील यावर विश्वासच बसत नाहीये माझा. सरळ सरळ माझ्या खाजगी गोष्टींत घुसणं आहे हे.,Disgust
केवळ मूलभूत सेवा देणाऱ्या आणि एखाद्या कार्यक्रमाला खास बनवणाऱ्या गुंतागुंतीच्या तपशिलात न शिरणाऱ्या कार्यक्रम व्यवस्थापकांना भेटण्याच्या मी विरोधात आहे.,Disgust
"मला खरंच खूप वाईट वाटतंय पण आपल्याला नाच शिकणं थांबवायला लागेल, कारण इथून पुढे मी फी भरू शकत नाही.",Sadness
"मला अती प्रमाणात केलेल्या बदलांचा खरोखर तिटकारा आहे. माझ्या गाडीचं एखाद्या आकर्षक, भडक स्वरूपात रूपांतर करण्याची कल्पना माझ्या अभिरुचीला मुळीच मानवत नाही.",Disgust
"""लग्नाच्या काळोख्या बाजूला आपले स्वागत आहे"" हे कसं आहे?",Disgust
"आमच्यावर विश्वास दाखवल्याबद्दल धन्यवाद, सर. पुन्हा तुमची सेवा करायला आवडेल आम्हाला.",Happiness
हे आरोग्य केंद्र अनिश्चित काळासाठी बंद झाल्याने मला अस्वस्थ वाटत आहे आणि ते आमच्यासाठी पुन्हा कधी उपलब्ध होईल की नाही याबाबत मी साशंक आहे.,Fear
उपाहारगृहाच्या स्वयंपाकघरातल्या स्वच्छतेच्या कमतरतेमुळे माझा खरंच संताप झाला. घाणेरडी भांडी आणि गलिच्छ काउंटर पाहणे हे अजिबात चालण्यासारखे नाही.,Anger
तुम्ही निवडलेल्या केकला त्याच्या नाजूक नक्षीमुळे आणि तुमच्या पसंतीच्या पर्यायांमुळे ज्यादाचा खर्च येतो हे सांगतांना मला खेद वाटतोय. कोणत्याही गैरसोयीबद्दल मी दिलगीर आहे.,Sadness
माझे आई बाबा ज्याप्रकारे माझ्या आयुष्यात प्रत्येक लहानसहान गोष्टींवर ताबा ठेवण्याचा प्रयत्न करतात त्याला प्रचंड कंटाळलोय मी. बरोबर नाहीये हे.,Anger
अरे! देशाच्या या भागात जास्त दुकानात मिळत नाही काश्मिरी विलो बॅट. तुमच्याकडे आहे हे बघूनच आश्चर्य वाटलं मला.,Surprise
वितरण प्रक्रियेदरम्यान कुरिअरने पॅकेज हरवल्याबद्दल मला खरोखरच काळजी वाटत होती.,Fear
हे ऐकून मस्तच वाटलं! मी माझ्या जिवलग मित्रासाठी सरप्राईज पार्टीचं प्लॅनिंग करतोय.,Surprise
आम्ही आणखी एक कंटाळवाणं व्याख्यान ऐकत बसावं अशी त्यांची अपेक्षा आहे यावर माझा विश्वास बसत नाही.,Disgust
"सर, चित्रांना हात लावू नका प्लीज! तुम्ही त्यावर डाग पाडलात तर तुम्हालाच किंमत मोजावी लागेल त्याची.",Anger
इंजिन चालू ठेऊन गाडीत इंधन भरतोय तो चालक. आपण पळून जाऊयात का इकडून? गाडीचा स्फोट होणार आहे असं वाटतंय मला.,Fear
"सर, एका नवीन व्यक्तीने केलेल्या चुकीबद्दल माझ्यावर ओरडणारी तुम्ही पाचवी व्यक्ती आहात.",Sadness
आम्ही गेल्या आठवड्यात पाळीव चानीला जंगलात सोडले आणि आम्हाला काही दिवस खूप उदास वाटले. व्यक्ती एक,Sadness
"मॅडम, तुम्ही असं टक लावून का पाहताय माझ्याकडे?",Disgust
"माझा मुलगा दुमडली जाणारी सायकल कॉलेजला घेऊन जाऊ शकेल, अशी सायकल घरी आणण्यासाठी मी खूप उत्साहात होतो.",Happiness
आज जर त्यानं खाल्लं नाही तर तो उपाशी मरेल अशी भीती वाटतेय मला.,Fear
दररोज सकाळी जागं झाल्यावर मला माझ्या स्वयंपाकघरात या सदोष उपकरणापायी पाण्याच्या डबक्यात पाऊल ठेवायला लागणं खरंच बास झालं आता! मी लगेच फ्रिजच्या एखाद्या मेकॅनिकला बोलावतोय आता.,Anger
मला स्पॅम कॉल्स अज्जिबात आवडत नाहीत. बँकेला माझा वैयक्तिक नंबर मिळालाच कसा आणि मला फोन करण्याची परवानगी तुम्हाला दिली तरी कोणी?,Anger
जेव्हा लोक तमिळ दूरदर्शनवरच्या मालिका बघतात आणि नंतर जग त्यांच्याविरुद्ध कट रचतंय असं मानतात तेव्हा मला वैताग येतो.,Anger
प्रेमाच्या संघाने यथायोग्य विजय मिळवल्यामुळं तिनं आनंदानं उड्या मारल्या.,Happiness
मी नवीन आरोग्य केंद्र पाहिले आणि तेथील सुविधा तसेच स्वच्छता बघून प्रभावित झालो.,Happiness
"मी एक मोठ्ठा सौदा यशस्वीरित्या पार पाडला, जो आपल्याला सर्वात मोठ्या बँकांपैकी एक बनवेल आणि मला ढगात असल्यासारखं वाटतंय.",Happiness
"कंपनीने अनावश्यक प्रशिक्षणावर खर्च करावा, जेणेकरून त्यांना दुसरी नोकरी मिळेल अशी कर्मचाऱ्यांची इच्छा होती, यामुळे मला त्रासल्यासारखं झालं.",Anger
टेनिस कोर्टवर एका भीतीजनक प्रतिस्पर्ध्याचा सामना करत असताना स्मिताचा थरकाप उडाला.,Fear
"राहुल! पी.टी.चे सर व्यायाम नाही घेणारेत आज आणि एक तास खेळू शकतो आपण! चल लवकर, बॉल घेऊन येऊ!",Surprise
मला भीती वाटत असलेल्या सुरक्षा समस्यांमुळे माझं खातं बंद करायला मी इथं आलोय.,Fear
जेव्हा आमच्या शेजारचं पारिवारिक दुकान  धंदा चालत नसल्यामुळे बंद झालं तेव्हा मला फार दुःख झालं.,Sadness
गेल्या तीन महिन्यांत पाऊसच झाला नाहीये. या महिन्यात पैसे नाही कमवू शकणार आपण.,Sadness
क्रिकेट स्टेडियममधील स्टँड इतका खचाखच भरलेला होता की मला तर तो कोसळेल अशी भीती वाटत होती.,Fear
एअर इंडियाच्या फ्लाईटमधील तुंबलेल्या आणि गलिच्छ स्वच्छतागृहाजवळून जाताना मला खूप शिसारी आली.,Disgust
फ्लाइट ओव्हरबुक झाली होती आणि मला अगदी शेवटच्या मिनिटापर्यंत स्टँडबायवर ठेवण्यात आलं होतं.,Fear
त्या टीव्ही शोमधले संकलन खूप भयावह होते. ते असंबद्ध आणि गोंधळात टाकणारे वाटले.,Disgust
"ड्रायव्हिंग कौशल्य आढावा सत्रे किती तपशीलवार आहेत याचा मी खरोखर आनंद घेत आहे, मला माझी सामर्थ्ये आणि सुधारणेचा वाव समजण्यास ती मदत करत आहेत.",Happiness
"बाहेरील लोकांना ईमेल पाठविण्यापासून कंपनीने कर्मचार्यांना  रोखले, कारण त्यांना व्हायरसच्या हल्ल्याची भीती वाटत होती.",Fear
तापमानाचं सेटिंग नीट ठेवूनही फ्रीज माझं अन्न गार कसं काय ठेवत नाही याचा मला त्रास होतोय   माझं किराणा सामान खराब होईल ही चिंता आहे मला.,Fear
किंमती वाढण्याच्या शक्यतेमुळं आपल्या विक्रीचं प्रमाण घटेल याबद्दल मला काळजी वाटतेय.,Fear
मी त्या माणसाला दोन इमारतींमधल्या दोरीवर जमिनीपासून शेकडो फूट वर चालताना बघितलं तेव्हा प्राण कंठाशी आले माझ्या.,Fear
अनेक फोन करूनही युरेका फोर्ब्स माझ्या पाण्याच्या फिल्टरची सेवा वेळेवर देण्याच्या माझ्या काळजीकडे लक्ष देत नसल्यामुळे मला संताप आला होता.,Anger
आता तर माझे विद्यार्थी मला जुनाट मानतील या विचाराने मी उदास आहे.,Sadness
"शालिनी, तू माझा टॅक्स फाईल करायला का विसरलीस? मी कालच तुला हे करायला सांगितले होते.",Anger
माझ्या पदवीसाठी मी कोणता प्रमुख विषय निवडावा याबद्दल माझं काही ठरलं नाहीये.,Sadness
शंभर मीटरच्या आव्हानात्मक जलद धावेसाठी रांगेत उभा राहिल्यावर डॅनचे पायच गोठले.,Fear
"गोलरक्षकाने पेनल्टी शूटआऊटमध्ये त्यांना दोन हजार तेवीसचा एस.ए.एफ.एफ. चषक जिंकून दिल्यानंतर, भारतीय फुटबॉल संघातील सर्व सदस्यांनी आपल्याला त्याच्यावर झोकून दिले.",Happiness
स्वतची नखं खाणाऱ्या लोकांच्या बोटांबद्दल मला तिरस्कार वाटतो.,Disgust
विमान प्रचंड जोरानं हलत असताना मी खुर्चीचा हात घट्ट पकडून ठेवला आणि मला घाम फुटायला लागला.,Fear
कोणत्याही गरजेसाठी आरोग्य केंद्र जवळ असल्यामुळे मी आजकाल खुष आहे.,Happiness
"जेवणाची चव तर चांगली होती, त्यामुळे तुम्ही आम्हाला  फाईव्ह स्टार रेटिंग द्याल अशी आशा करतो मी.",Fear
युट्युबवर पन्नास हजार हून जास्त सबस्क्रायबर्स आहेत माझे. मला वाटतं की मी व्हिडिओ बनवणं जर असंच सुरू ठेवलं तर 'यूट्यूब सिल्व्हर प्ले बटण' पारितोषिक मिळेल मला.,Happiness
पोलीस येईपर्यंत तुम्ही त्याच्यावर उपचार करणार नाही म्हणजे काय? नक्की डॉक्टरच आहात ना तुम्ही?,Anger
"मला भीतीच वाटते कारण असे अनेक भारतीय आहेत, जे राष्ट्राच्या अभिमानापेक्षा पैशाला महत्त्व देण्याइतके आणि भारताचा विश्वासघात करण्याइतके लालची आहेत.",Fear
रस्त्याच्या कडेला एका दुकानदाराने त्याच्या ग्राहकाच्या तोंडात पेटते पान घातल्याचे मी भीतीयुक्त आश्चर्याने पाहिले.,Surprise
मला माहित आहे की हा फोन अचानक केलाय पण माझ्याकडे सी.एस.के.च्या लेटेस्ट सामन्याची तिकिटं आहेत. तुला आवडेल का यायला?,Surprise
बॅटमॅन थीमच्या केकमुळे त्यांचा वाढदिवस खरोखरच दणक्यात होईल!,Surprise
फुटबॉल स्पर्धेत विरोधी संघासमोर आपल्या खेळाची रणनीती उघड करण्यासाठी तू इतकी खालची पातळी गाठशील यावर माझा विश्वासच बसत नाही.,Anger
"एकदमच मजेशीर विनोदी कलाकार आहेत मिस्टर सुब्रमण्यम. त्यांच्या कार्यक्रमाला जायची आयडिया मस्तच होती, पार्वती.",Happiness
"माझ्या मैत्रिणीची मुलगी तिच्या आजीच्या वाढदिवशी गाणं गायल्यानंतर रडत होती, कारण आपण वाईट प्रकारे गायलो असं तिला वाटलं.",Sadness
"मॅडम, आता मला तुम्हाला मदत करायला आवडेल. पुढच्या वेळी फक्त फोन करा मला आणि मी तिथं येऊन लॅपटॉप घेऊन जाईन आणि तो नीट करीन. संगणक दुकान मालक",Happiness
"अरेरे, हे खूपच निराश करणारे आहे. मला तर माझ्या बजेटमध्ये काहीतरी मिळेल अशी आशा होती.",Disgust
माझ्या घरात चोरी झाल्यामुळं मला खरोखरच दुःख झालंय.,Anger
आम्ही इंटरनेट बँडविड्थ वाढविण्यावर काम करत आलो आहोत आणि जेव्हा तुम्हाला वरच्या मर्यादेपेक्षा जास्त गती मिळाली तेव्हा आम्ही दंगच झालो.,Surprise
जेव्हा सी. ई. ओ. दुसऱ्या फळीतील व्यवस्थापक असलेल्या आमच्यावर आमच्या टीमच्या देखत ओरडले तेव्हा माझं मन संतापानी भरून गेलं.,Anger
त्या सामन्यातला निहीपक्षपाती खेळाचा आणि प्रामाणिकपणाचा अभाव अगदी घृणास्पद होता.,Disgust
"भाड्याच्या घरातील झोपण्याच्या मुख्य खोलीतले वॉक इन कपाट पाहून मला आश्चर्याचा धक्काच बसला, त्यात एखादी व्यक्ती झोपू शकते.",Surprise
या ब्रँडच्या बाबतीत असं काहीतरी घडताना मी पहिल्यांदाच ऐकतोय. तुम्हाला खात्री आहे ना की तुम्ही त्याचा गैरवापर केलेला नाहीये?,Surprise
मैदानावर आपल्या संघाची अचूक कामगिरी बघताना ऑलिव्हिया भरभरून हसणं रोखू शकली नाही.,Happiness
"मी सगळ्यात चांगला खेळाडू नसेनही कदाचित, पण गेल्या काही महिन्यांत माझ्या खेळात मी ज्या प्रकारे सुधारणा केली आहे ते खरोखरच आवडलंय मला.",Happiness
कार्तिकनं त्याच्या शक्तिशाली कुस्ती प्रतिस्पर्ध्याकडं भीतीनं एकटक बघितलं.,Fear
तू तुझ्या पैशाबद्दल ऑनलाइन सावधगिरी बाळगतोयस या गोष्टीने खरोखरच माझा दिवस आनंदाचा झालाय. मित्र दोन,Happiness
तुमच्या प्रतिस्पर्ध्यांच्या तुलनेत तुमच्या किंमती फारच जास्त आहेत.,Anger
"तुम्हीच खात्री दिली होती मला की टीव्ही दोन वर्षं तरी चालेल म्हणून, पण तो तीन महिन्यांतच बंद पडलाय!",Anger
"एक शेफ म्हणून जरी तुम्ही मला आवडत असला, तरी मला वाईट वाटतंय की स्वच्छतेच्या अभावामुळे मला रेस्टॉरंटबद्दल खराब अभिप्राय लिहायला लागेल.",Sadness
तुम्हाला फिटनेसमध्ये काय हवंय याबद्दल तुम्ही फिटनेस प्रशिक्षकाशी बोललेलेच नसताना सुद्धा स्वतःला का घाबरवताय?,Anger
"आमच्या दुकानाचं ब्रँडिंग कालबाह्य झाल्यासारखं वाटतंय, त्यामुळं मला जरा खचल्यासारखं वाटतंय.",Sadness
त्यांच्याकडच्या गोळ्या संपल्यात म्हणाले ते. आता आणखी दोन दिवस वाट पाहावी लागेल आपल्याला.,Sadness
मी थकून गेलोय पण तरी एक शेवटची संधी देईन मी तुम्हाला.,Sadness
मी नवीन लॅपटॉप देण्याची विनंती केली पण सहाय्यक कर्मचाऱ्यांनी मला सांगितले की ते मला नवीन लॅपटॉप देऊ शकत नाहीत.,Sadness
एका भारतीय बाईनं तिच्या पाकिस्तानी प्रियकराशी लग्न करण्यासाठी तिच्या पतिला सोडले आणि मुलांना ही सोडले असे माझ्या वाचनात आलं तेव्हा माझ्या मनात तीव्र नापसंतीची भावना उमटली.,Disgust
"तुमच्या व्यवस्थापकाला तुमच्या पाठिंब्याची गरज होती तेव्हा तुम्ही त्याला निराश केलंत, त्यामुळं मी क्षुब्ध झालोय.",Anger
तुम्ही सगळेजण आपल्या स्वास्थ्याचा विचारच करत नाही आहात याचं आश्चर्य वाटतंय मला.,Surprise
त्या गाण्याचे बोल इतके उथळ आणि अर्थहीन आहेत की ते कोणीही ऐकलेच तर आश्चर्य आहे.,Disgust
"हे खूप निराशाजनक आहे! प्रत्येक वेळी जेव्हा केव्हा मी ह्या बसने जातो, तेव्हा तिला कायमच उशीर होतो.",Anger
मी ड्रॅक्युला चित्रपट बघितला आणि रात्री प्रत्येक सावलीत तोच दिसायला लागला मला.,Fear
"तमिळ ही जगातील सर्वात जुनी भाषा आहे असे जेव्हा मला सांगितलं जाते, तेव्हा मी खुलतो.",Happiness
"तुमची असाधारण सॉफ्ट स्किल्स आणि त्यांनी आमच्या कामाच्या जागी उचललेला वाटा विचारात घेता, टीमच्या चलनवलनात सहजपणे सामावू शकेल असा पर्याय शोधणं किती आव्हानात्मक असू शकते हे मला राहून राहून विलक्षण वाटते.",Fear
"जेव्हा मी एकाकी असलेल्या वृद्धांचे माहितीपट पाहतो ना, तेव्हा मी म्हातारा झाल्यावर ते माझ्यासाठी कसे असू शकते याची ती एक प्रखर आठवण करून देणारी गोष्ट असते.",Sadness
मी ऑर्डर केलेल्या नवीन केकची एवढी अनोखी स्वादिष्ट चव असेल ही अपेक्षाच नव्हती मला!,Surprise
मी बेकरीच्या मागे गेलो आणि तिथे साठलेले कचऱ्याचे ढीग बघून ती जागा किळसवाणी वाटली.,Disgust
दिसताना तर असं दिसतंय की सी.ई.ओ.च लफंगा होता आणि बक्कळ पैसा घेऊन फरार झालाय तो.,Anger
"त्यागराजा कृतीला रंगमंचावर सादर करताना गायक ज्या उत्तम प्रकारे संगीतकारांशी एकतान झाला, ते पाहून मला आनंद झाला.",Happiness
इथले काही टॅक्सी चालक जायच्या ठिकाणी पोहोचल्यानंतर जेव्हा जास्त पैशांची मागणी करतात तेव्हा त्यांचं ते वागण पूर्णपणे अव्यावसायिक असतं.,Disgust
