text,label
idi chala darunamga undi,Disgust
nenu chala badhaga unnanu,Sadness
"chala anandanga undi, excellent work",Happiness
"ఇంటికి తిరిగి వస్తుండగా, ఓ రాయి తట్టుకొని పడ్డాను, నేను కొన్న పాలన్నీ నేల మీద ఒలికిపోయాయి.",Sadness
నా పెట్టుబడులు నాకు పదవీ విరమణకు కావలసినంత ఇచ్చాయి.,Happiness
"నేను ఆగి, షాపింగ్ చేయాలనుకున్న మార్కెట్లో టూర్ గైడ్ మమ్మల్ని హడావిడి పెట్టడంతో నాకు చిరాకేసింది.",Anger
"ఈ హ్యాకర్లు జనాల గోప్యతమీద దాడి చేసేసి, వాళ్ల సమాచారాన్ని దోచుకోగలం అనుకుంటున్నందుకు మండిపోతోంది. ఇది అధికారాన్ని ఘోరంగా దుర్వినియోగం చెయ్యటమే.",Anger
"నేను హైదరాబాద్లో ఓ క్విజ్ పోటీలో గెలిచాక, న్యూస్ పేపర్లో నా ఫోటో చూసుకుని గాలిలో తేలిపోయాను!.",Happiness
"క్లాసు జరుగుతుండగా కొంత మంది మాట్లాడే విధానం చిరాకు తెప్పిస్తుంది, బోర్డు మీద మేకులతో రాస్తున్నట్టు శబ్దం చేస్తారు.",Disgust
పెద్ద ఆసుపత్రులకు చెందిన డాక్టర్లై ఉండి కూడా ఆ స్పెషలిస్ట్ డాక్టర్లు నా తలనొప్పి సమస్యకు పరిష్కారం కనుక్కోలేకపోవడం విచిత్రం.,Surprise
"ఆగాగు! ఏంటి ఈ నెక్లెస్ చేతితో తయారు చేసినదా? దీనికున్న డీటయిలింగ్ స్థాయి, ప్రామాణికత చూస్తుంటే నేను అనుకున్న దాన్ని మించిపోయాయి!",Surprise
హైదరాబాద్లో ఉన్న స్వాంక్ హోటల్లో నేను జిమ్ సౌకర్యాలను వాడానని నా దగ్గర ఎక్స్ట్రా డబ్బులు తీసుకునేసరికి చిరాకేసింది.,Anger
"అబ్బో, ఇది వింటే అద్భుతంగా ఉంది! దీని ప్రయత్నించాలని ఆత్రుతగా ఉంది.",Surprise
"ఆ క్యూఆర్ కోడ్ను స్కాన్ చేయొద్దు. చేస్తే, నీ డబ్బంతా  పోగొట్టుకుంటావని అనిపిస్తోంది.",Fear
"లోపభూయిష్ట వాల్వ్ వలన గ్యాస్ సరఫరాకు అంతరాయం కలిగేసరికి మేం పస్తు ఉండాల్సి వచ్చింది, దాంతో చాలా బాధపడ్డాను.",Sadness
నా ఫ్రెండ్స్లో ఒకతను తనకు తెలియని వాళ్ళతో అంత తేలికగా ఎలా కనెక్ట్ అవుతాడో అనేది ఆశ్చర్యమనిపిస్తుంది.,Surprise
లేదు! అంత ఎక్కువ వడ్డీ రేట్లు ఉండే రుణం మీద మాకు ఇంట్రెస్ట్ లేదు.,Disgust
"సరైన అద్దె చోటు దొరకడం ఇప్పటికే ఒక సవాలుగా ఉంది, ఇక అదనపు చార్జీల ఆలోచన కష్టాలను ఇంకా పెంచుతుంది. నా బడ్జెట్ కొంచెం ఎక్కువ సాగితే బావుండు అని నిజంగా అనిపించింది.",Sadness
"ముఖ్యమైన లావాదేవీలు, రసీదులను ఎవరూ ఫైల్ చెయ్యక, ఆఫీసు అంతటా చెల్లాచెదురుగా పడి ఉండటం చూస్తే నాకు కోపం రేగుతుంది.",Anger
"ఆమె జోక్ ఏమీ చెప్ప లేదు, ఊరికే నన్ను ఎగతాళి చేస్తుండింది.",Sadness
"సంస్థలో ఖర్చులను తగ్గించాల్సిన అవసరం గురించి మీరు, నేను ఒకేలా ఆలోచిస్తున్నందుకు సంతోషంగా ఉంది.",Happiness
కంపెనీ ఆర్థిక నివేదికల గురించి మీరు అంత నిర్లక్ష్యంగా ఎలా ఉండగలరో నాకు అర్థం అవట్లేదు. ఈ సంవత్సరం అవి మొత్తం గందరగోళంగా ఉన్నాయి.,Anger
"వాళ్ళు నాకు విరిగిపోయిన షవర్ ఉన్న గది ఇచ్చారు, నేను కోపంతో ఫిర్యాదు చేసినా దానిని మార్చలేదు.",Anger
"నేను అద్దెకు తీసుకుంటున్న పొరుగు ప్రాంతం భద్రంగా, సురక్షితంగా ఉంటుందని అనుకుంటున్నాను, ముఖ్యంగా నా కుటుంబ అవసరాలను గురించి ఆలోచిస్తే.",Fear
ఈ బస్సు సేవ ఎంత నమ్మదగనిదో కదా! దారిలో బ్రేకుడౌన్ అవడంవల్ల  నా ముఖ్యమైన అపాయింట్మెంట్కు ఆలస్యం అయ్యాను!,Anger
"కానీ కొంచెమే స్థలం ఉన్నందువల్ల, కేక్ మీద ఒక చిన్న మెసేజ్ మాత్రమే పెట్టగలము. కేక్ మీద చిన్న పదాలు రాద్దామని మా సలహా.",Sadness
"ఇక్కడ బాంబు ఉండొచ్చు, మనం వీలైనంత తొందరగా ఇక్కడి నుంచీ వెళ్లిపోవాలంటున్నారు.",Fear
నేనేం చేయగలనో అందరికీ చూపించే అవకాశం కోసం ఎదురుచూస్తున్నాను.,Happiness
"విరిగిపోయిన మొబైల్ స్క్రీన్ బాగుచెయ్యడానికి ఏమీ ఖర్చవదని నువ్వు నిశ్చింతగా ఉండవచ్చు, ఎందుకంటే అది వారంటీ కింద ఉంది.",Happiness
ఆ ఉద్యోగికి ప్రమాదం జరిగిందని తెలియగానే ఆఫీసులో వాతావరణం విషాదంగా అయిపొయింది.,Sadness
సిటీలో నాకు ఇష్టమైన చాలా బుక్ షాపులు మూసేస్తుంటే చూస్తూ నాకు బాధేసింది.,Sadness
"నాకు విమానాలలో ఇచ్చే ఆహారం అస్సలు నచ్చదు. చాలా చప్పగా, విచిత్రమైన వాసనతో ఉంటాయి.",Disgust
"ఉద్యోగానికి టైంకి రావు, నిన్ను రమ్మన్న మీటింగులకు రావు! నీకు ఏమాత్రం బాధ్యత లేదనిపిస్తోంది.",Anger
"ఒక రిసార్ట్కి వెళ్ళినప్పుడు, అక్కడ చెఫ్ నాకు ఇష్టమైన వంటకాన్ని అద్భుతంగా వండి నాకు నోటమాట రానట్టు చేస్తారని నేను అస్సలు అనుకోలేదు.",Surprise
"ముంబైలో పబ్లిక్ రెస్ట్రూమ్ల సౌలభ్యం, పరిశుభ్రత చూసి  ఆశ్చర్యమేసింది.",Surprise
బేకరీలో పోషక పదార్ధాలతో కూడిన కొత్త రకం రుచికరమైన మొత్తటి బ్రెడ్ దొరకడంతో నాకు చాలా ఆనందమనిపించింది.,Happiness
"హాయ్ అండీ! నా కారు బాడీ మీదొక గీత పడింది, దాన్ని సరిచేసిపెట్టగలరా అని ఆలోచిస్తున్నాను.",Surprise
రేసు మీద ఎందుకు దృష్టి పెట్టలేవు? ఎప్పుడూ ఏదో ధ్యాసలో ఉంటావు. నా ఆశ చెడగోట్టావు.,Anger
"నా కొలీగ్ రాజీనామా చెయ్యటం, అక్కడ ఉండకపోవటంతో, నేను ఆ సంస్థలో హెచ్ఆర్ హెడ్గా ఇంకా పనిచేస్తూ ఉండాలంటే, నాకు వెలితిగా అనిపిస్తుంది.",Sadness
ఇవాళ్ళ చాలా చోట్ల నా క్రెడిట్ డిక్లైన్ అవుతోంది. నా బ్యాంకు ఎకౌంటులో సరిపడా డబ్బు ఉందా తెలియదు.,Sadness
అసోసియేషన్ మీటింగులో కొంతమంది కాపురస్తులు అనవసరంగా పెద్ద గొడవ చేసినప్పుడు నాకు చెడ్డ అసహ్యం  వేసింది.,Disgust
"ఈ గేమ్లో చాలా రక్తపాతం, హింస ఉన్నాయి. ఎవరైనా దాన్నెందుకు ఆడతారు?",Disgust
భయమేస్తోందా? ఎందుకు? అది అంత ఖరీదైందా?,Fear
నా భార్య ఒంటరిగా నా సహాయం లేకుండా ఇంటి పనులన్నీ  స్వయంగా చేసుకున్నప్పుడు నాకు బాధగా ఉంటుంది.,Sadness
"హాయ్ జయ, మీ అమ్మాయి చాలా మంచి స్టూడెంట్, చాలా మర్యాద గలది. ఎప్పుడూ నాకు గుడ్ మార్నింగ్ చెప్తూ ఉంటుంది.",Happiness
"నువ్వు పొరపాటు చేసి, నేను దాన్ని ఎత్తిచూపిస్తే నా మీద అరవడానికి నీకు ధైర్యం కూడానా.",Disgust
ఈ దుకాణం చాలా చీకటిగా కనిపిస్తోంది. అతని వెనకాల మనం లోపలికి వెళ్లకూడదనిపిస్తోంది. లోపలికెళ్లి నువ్వు మళ్ళీ బయటకి రాకపోతే నేనేం చెయ్యాలి?,Fear
గాంగ్టక్లోని పర్వతాలపై సూర్యోదయం అద్భుతమైన దృశ్యం .,Surprise
తన జట్టు ఎదుగుదల గురించి ప్రత్యేకంగా ఆలోచించే మేనేజర్తో కలిసి పని చేయడం నా అదృష్టం.,Happiness
అతను తన తల మీది పడి చాలా రక్తం పోగొట్టుకున్నాడు. బతుకుతాడనుకోను.,Fear
క్యాబ్ డ్రైవర్ బెంగుళూరు ట్రాఫిక్కులో నేర్పుగా నడిపిస్తున్న పద్ధతి చూస్తే  ఆశ్చర్యమేసింది.,Surprise
నీకు ప్రతిసారి ఈ షాపులో  మంచి బేరాలు దొరుకుతాయి కానీ ఇన్నేళ్లుగా నాకు ఎప్పుడూ దొరకలేదు. నాకు ఉత్సాహం నీరుకారిపోయినట్టు  ఉంటుంది.,Disgust
భారత ఫుట్బాల్ జట్టు ఆసియా క్రీడల్లో ఆడడానికి భారత ప్రభుత్వం అనుమతి ఇవ్వనందుకు నిరుత్సాహపడ్డాను.,Sadness
"ఆ ఉత్సాహం తేలికగా వ్యాపిస్తుంది! మీతో, మీ పెట్తో కలిసి పనిచేస్తూ పోవటం నాకు కూడా ఆనందమే.",Surprise
ఇవాళ్ళ మార్కెట్ నుంచి తాజా గులాబీలు తెచ్చాను. చాలా మంచి వాసన వేస్తున్నాయి.,Happiness
"నేను హోంవర్క్ విషయంలో పెద్దగా ముందుకెళ్ళలేకపోయాను, దాంతో రాబోయే హోంవర్క్ సబ్మిషన్ గడువు గురించి కొంచెం దిగులుగా ఉంది.",Fear
థియేటర్లో నా సీటు వెనుక కూర్చున్నతని ప్రవర్తన ఎంత అసహ్యమేసిందో.,Disgust
"చెన్నై బయట పచ్చదనం, స్వచ్ఛమైన నీటి వనరులను తిరిగి బాగుచేయాలన్న నా ప్రయత్నానికి వ్యక్తుల నుండి నిధులు రావడం నా అదృష్టం.",Happiness
"మ్యూజిక్ టీచర్ మా అమ్మాయిని సరిచేయాలని చూసినప్పుడు అతడి కంటే నాకే బాగా తెలుసని అనిపించి, అతడి మీద అరిచాను.",Anger
భారత మహిళా క్రికెట్ జట్టు కెప్టెన్ వెళ్లగక్కిన కోపం ఓ చేదు జ్ఞాపకంగా ఇంకా నా మనసులోనే ఉంది.,Disgust
అమెజాన్లో ఉత్పత్తి వివరణలు ఖచ్చితంగా ఇవ్వటం నాకు బాగా నచ్చుతుంది.,Surprise
టీవీ ఛానళ్లు మన చుట్టూ జరిగే మంచి విషయాలను చూపించకుండా ఒట్టి  నెగెటివ్ వార్తలపైనే దృష్టి పెడుతున్నందుకు నాకు చిరాకేస్తోంది.,Anger
"నేను పెరిగిన ఆ మనోహరమైన పరిసరాల్లో ఒక ఇల్లు దొరుకుతుందేమో అని ఎంతో అనుకున్నాను, కానీ ధరలు ఎంతగా పెరిగాయంటే అది ఇప్పుడు తీరని కలలా అనిపిస్తోంది.",Sadness
"ఈ కళాఖండాలు మన గతానికి ప్రత్యేకమైన లంకెలు, అవి పోతే, చరిత్రలో మనం పంచుకున్న దానిలో కొంత పోగొట్టుకుంటాం.",Fear
బడ్జెట్ ఎక్కువ లేకపోవటం వల్ల కష్టపడి పనిచేసే మా క్లీనింగ్ సూపర్వైజర్కు జీతం పెంచకపోవచ్చని నిరుత్సాహం అనిపించింది.,Sadness
రాబోయే ప్రదర్శనలో అంచనాలను అందుకునే సామర్థ్యం వాళ్లకు ఉందా అని నాకు ఆందోళనగా ఉంది.,Fear
మైక్రోవేవ్ మంటఅంటుకుంటుందేమోనని భయంగా ఉంది. కాస్త దాన్ని ఆఫ్ చెయ్యి.,Fear
"అందరికీ నచ్చే మా అబ్బాయిని మ్యూజిక్ ప్రాక్టీస్ జరిగేటప్పుడు వేరే విద్యార్థులు బెదిరిస్తున్నారని, వెనుక్కు నెడుతున్నారని తెలిసి అవాక్కయ్యాను.",Surprise
భారతదేశంలో డ్రైవింగ్ లైసెన్స్ కోసం అంతగా ప్రయత్నించలేదని బాధపడ్డాను. అది నాకు ఫ్యామిలీ కారులో తిరిగే స్వేచ్చ ఇచ్చి ఉండేది.,Sadness
"నా కారు సర్వీస్ చేసిన తర్వాత గ్యారేజ్ సాధారణ సర్వీసింగ్ బిల్లుకు కనబడని రుసుములను, ఊహించని ఖర్చులను కలపరనే అనుకుంటున్నాను.",Fear
బెంగళూరు సిటీలో తిరిగే జనాల బాగోగులను పట్టించుకోకుండా ఆటో యూనియన్లు తమ సొంత లాభాలకే ప్రాధాన్యత ఇవ్వడం చూసి చాలా బాధేసింది.,Sadness
రెస్టారెంట్లో సేవ నెమ్మదిగా అందించడంతో నాకు వొళ్ళు మండిపోయింది! నేను ఆర్డర్ ఇవ్వడానికి కలకాలం ఎదురుచూడాల్సి వచ్చింది.,Anger
మ్యూజిక్ టీచర్ క్రమశిక్షణ విషయంలో చాలా కఠినంగా ఉండేవారు. తనకు నచ్చినట్లు ప్రవర్తించే ఆ అబ్బాయి మారకపోతే ఓ మంచి టీచర్ను పోగొట్టుకుంటాడని నేను భయపడ్డాను.,Fear
మీ ఆదాయాన్ని కలుషితం చేసే దుర్మాగపు మార్గాలు ఏవి? మీకు డబ్బు ఎక్కడెక్కడి నుండి వస్తుందో  దాచకుండా చెప్పండి.,Disgust
రెండువేల పదకొండు క్రికెట్ ప్రపంచ కప్ సెమీఫైనల్లో భారత జట్టు ఓడిపోయినప్పుడు నేను కృంగిపోయాను.,Sadness
"ఒక అమ్మాయి వీగన్ డైట్ కి మారి, కేవలం పండ్లు మాత్రమే తిని మరణించిందని విన్నపుడు నాకు ఏడుపు వచ్చింది.",Sadness
"జనాలను బాధపెట్టేందుకు నిజాయితీని మంచి సాకుగా వాడుకోవడం చూశాను, అదే  తరహాలో, నీ మాటలు అసహ్యంగా అనిపిస్తున్నాయి.",Disgust
"ఆ పాడుపడిన మ్యూజియంను, దుమ్ము పట్టిన కళాఖండాలను విచారంగా చూశాను. చరిత్రను చూడటానికి సందర్శకులు పెద్దగా లేరు.",Sadness
నువ్వు మానవత్వం కంటే డబ్బును ఎంచుకునేందుకు నిర్ణయించుకుంటావని నేను అనుకోలేదు ముఖ్యంగా అందులో మనుషుల ప్రాణాలు భాగమైనప్పుడు.,Disgust
ఉద్యోగం చేసే చోట నమ్మకమైన కొలీగ్లలో చాలా మంది మూకుమ్మడిగా వేరే మంచి ఉద్యోగాలు వెతుక్కుంటూ వెళ్లిపోతున్నారని విన్నప్పుడు నాకు చాలా బెంగగా అనిపించింది.,Sadness
"ఆ బస్సు రావటం చూసి, నా గుండె బరువెక్కింది.ఎప్పటికి తిరిగొస్తానో తెలియదు.",Sadness
ఆ కస్టమర్ తనకు ఎంత బరువున్న కేక్ కావాలో చెప్పడు.,Fear
ఎటిఎం నుండి చిల్లర డబ్బులు వచ్చినందుకు సంతోషించాను.,Happiness
కొత్త క్లయింట్ గురించి నేను చేసిన హెచ్చరికలను నువ్వు తేలికగా తీసుకున్నావంటే నాకు కోపంగా ఉంది.,Anger
ఈ వెబ్సైట్ రంగులు భయంకరంగా ఉన్నాయి.,Disgust
"క్షమించండి, కానీ ఆ సందర్భానికి మీ కేక్ చేసి ఇవ్వలేనేమో అని నా భయం.",Fear
మలినాలతో ఉన్న వజ్రాన్ని ఎంచుకున్నామోనని భయపడ్డాను. అవి మన ఆరోగ్యాన్ని ప్రభావితం చేస్తాయని విన్నాను.,Fear
"రిఫ్రిజిరేటర్ సమస్యల విషయంలో కొంచెం ఒత్తిడిగా అనిపిస్తోంది, ఆహారం పాడవడం, ఉపకరణం పనిచేయకుండా పోవడం నాకిష్టం లేదు, ముఖ్యంగా నేను దానిపై ఎంత ఆధారపడతాను అనేది ఆలోచిస్తే.",Fear
జనాలతో కనెక్ట్ అవ్వడం నాకు చాలా ఆనందం ఇస్తుంది.,Happiness
"ఆ పెన్ స్టోర్ కాంప్లిమెంటరీగా ఇచ్చిన   గిఫ్ట్ ర్యాపింగ్ చూసి నాకు ఆనందం, ఆశ్చర్యం అనిపించాయి.",Surprise
"మీ ఖరీదైన ధరలు, చెత్త సర్వీస్తో నాకు విసుగొచ్చేసింది, వేరే ఐఎస్పీలను చూస్తాను.",Anger
"హోటల్ గోడలు ఎంత సన్నగా ఉంటాయంటే, పక్కన గదుల నుండి  అసహ్యకరమైన శబ్దాలు వినిపిస్తాయి.",Disgust
ఇలా బతకటంతో విసుగొచ్చేసింది ! ఇంతకంటే బాగవటానికి నీ సహాయం కావాలి!,Anger
"అనుమానపడవలసిన పద్ధతుల ద్వారా వేరేవాళ్ళను అవుట్ చేస్తూనే, మన్కడింగ్ను ఆక్షేపించే ఆస్ట్రేలియన్, ఇంగ్లీషు క్రికెట్ ఆటగాళ్ళు నాకు నచ్చరు.",Disgust
"నేను ఉండే చోట నాకు పరిచయాలున్నాయి కానీ స్నేహితులు లేరు, అదే నన్ను చాలా బాధ పెడుతుంది.",Sadness
"ఈపాటికి క్లాసులో కూర్చుని నేర్చుకుంటూ ఉంటాననుకున్నాను, కానీ ఇప్పుడు ఇంట్లో ఇరుక్కుపోయి, నా ల్యాప్టాప్లో లెక్చర్ వీడియోలు చూడాల్సి వస్తోంది.",Sadness
"హాయ్ విష్ణు, నీ పనితీరు మాకు చాలా సంతోషంగా ఉంది, నీకు బోనస్ ఇవ్వాలనుకుంటున్నాం.",Happiness
"నా మాడ్యులర్ కిచెన్ ఆర్డర్ ఆలస్యం అవడంతో నాకు భలే కోపమొస్తోంది. చెప్పిన డెలివరీ తేదీ దాటి వారాలు అయిపోయినాయి, అది ఎప్పుడు తయారవుతుందో నాకింకా తెలియదు.",Anger
నేను తరచూ వెళ్ళే బీసెంట్ నగర్లోని రెస్టారెంట్లో భోజనం నాణ్యత సంవత్సరాల తరబడి క్రమంగా తగ్గుతూ వొస్తోంది. అందుకు చాలా బాధేసింది నాకు.,Sadness
"బస్ డ్రైవరు ఏటవాలు అంచుకి చాలా దగ్గరగా నడిపాడు, ఆ నిటారు వాలుని చూడగానే నా గుండె దాదాపు ఆగిపోయింది.",Fear
స్టేజి వెనుక వైపు అంత పెద్దగా అరవొద్దు. ప్రేక్షకులు వినగలరు.,Anger
"అతను ఐదు అడుగులే ఉన్నాడు, కానీ గాల్లో పైకి ఎగిరి బాస్కెట్బాల్ హోప్ అంచుని తాకాడు.",Surprise
నా డ్రెస్ చినిగిపోయింది. ఇలా స్టేజి మీదికి పోలేను.,Sadness
"కంపెనీకి లాభాలు వచ్చినా కూడా, ఈ ఏడు నా బోనస్ తగ్గడం నాకు నిజంగా బాధగా ఉంది.",Sadness
ఈ కమర్షియల్ అద్దె చోటు ఎంత విశాలంగా ఉందో!  ఒక వారంలోపు చేరడానికి ఇది అంత త్వరగా సిద్ధమవుతుందని నేను ఊహించలేదు!,Surprise
ఆ మనిషి నా వంక అలా చూస్తే నాకు అసహ్యం వేస్తుంది.,Disgust
"నేను ఈ ఆన్లైన్ సేవలో గిఫ్ట్ను ఆర్డర్ చెయ్యను, వాళ్ళు ఆ వస్తువుకి బదులు ఇటుక పెట్టి పంపిస్తారని అందరికీ తెలుసు.",Fear
నా బెడ్రూమ్లో ఒక పర్సనలైజ్డ్ వస్తువు ఉంటుందంటే చాలా ఉత్సాహంగా ఉంది.,Happiness
"అంత చప్పుడు చెయ్యొద్దని వాళ్లకు చెప్పాను, కానీ వాళ్లెప్పుడూ వినరు.",Sadness
నేను మాట్లాడుతుంటే తుంచేసే నీ పద్ధతి మన బంధాన్ని దెబ్బ తీస్తుందని నీకెలా కనబడదో నాకు అర్థం కావట్లేదు.,Surprise
కిర్రుమనే తలుపుల శబ్దం నాకు వణుకు పుట్టిస్తుంది.,Fear
సిగ్నల్ బలంగా లేక మా పిల్లలతో ఫోన్లో మాట్లాడ లేకపోయినందుకు చాలా బాధపడ్డాను.,Sadness
ఈ ఫ్రిజ్తో విసిగిపోయాను. నా వంటగదిని మంచు ప్రదేశంగా మార్చే వస్తువు ఎవరు కావాలనుకుంటారు?,Anger
"వ్యవసాయానికి కావలసిన రకరకాల పనిముట్లు, పరికరాలు చూసి నోరెళ్ళబెట్టేసాను. అంటే, అసలిన్ని రకాల పారలు ఉంటాయని ఎవరనుకునుంటారు?",Surprise
"నా నెలవారీ బిల్లు పెరుగుతూనే ఉండటం, నాకు అందాల్సిన సర్వీస్ కూడా అందకపోవడం చూస్తే కోపం రేగుతుంది. మీ సూపర్వైజర్కు ఫిర్యాదు చేస్తున్నాను.",Anger
ముప్పై సంవత్సరాల తర్వాత నా స్నేహితుడిని కలిసినప్పుడు అతని ఆకారం ఎంత మారిపోయిందో చూసి నాకు దిమ్మ తిరిగింది.,Surprise
మా పొరుగున ఉన్న స్థానిక పండగలను నిరవధికంగా వాయిదా వేయడంతో కొంచెం నిరాశగా ఉంది.,Sadness
మీ అబ్బాయిని ముక్కు దేవుకోవటం ఆపమని చెప్పండి. రోత పుడుతోంది.,Disgust
మీ ఆరోగ్యం గురించి మీరు చెప్తున్న దాన్ని బట్టి మీ కడుపు బాగానే తట్టుకుంటోందని చెప్పాలి.,Surprise
"అన్నీదుమ్ము, మురికి పట్టిపోయి ఉన్నాయని నాకు ఆ పుస్తకాల షాప్లో ఏ పుస్తకాలు కొనాలనిపించలేదు.",Disgust
ఏంటీ? చాలా కోపమొస్తోంది! కార్పెంటర్ అంటే అతని దగ్గర ఎంచుకోవటానికి చాలా రకాల కప్బోర్డ్లు ఉంటాయనుకున్నాను.,Anger
"ఈ ఈవెంట్ మేనేజ్మెంట్ కంపెనీ కాన్సిలేషన్, రిఫండ్ ఎలా చేస్తుందో అర్థం చేసుకోవడంతో, అనుకోకుండా ఏదైనా జరిగినా సర్దుకోగలనని నాకు ధైర్యంగా ఉంటుంది.",Happiness
"ఆ హారర్ సినిమా నిజంగానే నాకు చెమటలు పట్టేలా చేసింది, చీకటిగా ఉండే చోట్లలో దయ్యాలను ఊహించుకునేలా చేసింది.",Fear
న్యూస్ పేపర్ డెలివరీ ప్యాక్లో మీరు చేర్చిన పత్రికలు ఆహ్లాదకరంగా ఉన్నాయి. అవి రకరకాల చదువవలసిన విషయాలకు నిధి లాంటివి.,Happiness
పోయిన వీకెండ్ జరిగిన ఫ్యామిలీ గెట్ టుగెదర్లో మా అమ్మానాన్నలు సరదాగా గడపడం చూసి ఆనందమనిపించింది.,Happiness
"నా మేనకోడలు అమెరికాలో ఉద్యోగం సంపాదించి, ఇండియా నుండి అక్కడికి వెళ్ళిపోయినప్పుడు ఆశ్చర్యపోయాను.",Surprise
"సోషల్ మీడియాలో నకిలీ వార్తలతో నేనెంత విసిగిపోయానంటే, ఇక వార్తా కథనాలు చదవట్లేదు.",Anger
"హోటల్లో వస్తున్న శబ్దాల గోలతో రాత్రి బాగా నిద్రపట్టలేదు, దాంతో లేచే సరికి ఉత్సాహంగా అనిపించలేదు.",Sadness
ఈ రీఫిల్తో వచ్చిన కొత్త గ్యాస్ సిలిండర్ బిల్లు చూసి నమ్మలేకపోయాను. ధర ఒకే సారి ఆకాశాన్ని అంటినట్టుంది.,Surprise
ఒక సైనిక స్థావరం మీద ఓ యుఎఫ్ఓ  తిరుగుతూ ఉండడం చూసి నాకు నోట మాట రాలేదు.,Surprise
ఇంజన్ రన్నింగ్లో వదిలేసి డ్రైవర్ కారులో ఫ్యూయల్ నింపుతున్నాడు. మనం పరుగెత్తొద్దా? కారు పేలుతుందనుకుంటా.,Fear
"ఆఫీసులో నాతో పాటు పనిచేసేవాళ్ళలో ఒకరు చాలా అవయవాలు పనిచేయక, హఠాత్తుగా చనిపోయినప్పుడు చాలా దుఃఖం వచ్చింది.",Sadness
"ఒక బ్రిటన్ వాసి రోజుకు సగటున మూడు, నాలుగు సార్లు  కోపంతో చిందులేస్తారన్నది తెలిసిన విషయమే.",Anger
ఇంత శుభ్రంగా ఉండే రైలు నేనెప్పుడూ చూడలేదు! ఈ రైలు చాలా శుభ్రంగా ఉంది!,Surprise
ఆ యాక్సెసరీస్ అన్నీ కలిపి ఆ గేర్ సైకిల్  ఐదువేల రూపాయలకే వచ్చిందా?,Surprise
నా టీవీని బాగుచేయలేకపోతే నిజంగానే ఉచితంగా మార్చిస్తారా?,Surprise
"రాత్రిపూట డౌన్టౌన్ ఓక్లాండ్ గుండా డ్రైవింగ్ చేయాలంటే భయం వేసింది, భద్రంగా అనిపించలేదు.",Fear
"మేము ఒక కొత్త డాన్స్ శైలిని ప్రయత్నించబోతున్నాం, అది మీకు ఖచ్చితంగా నచ్చుతుందని అనుకుంటున్నాను.",Happiness
"తాజా సమాచారం కోసం మా కోచ్లను అడిగితే వాళ్ళు కనీసం నా ఈమెయిల్ అందినట్లు కూడా చెప్పలేదు, నాకు నిరాశగా అనిపించింది.",Sadness
"ఇక్కడ సర్వీస్ నాణ్యతతో నాకు ఏమాత్రం సంతృప్తిగా లేదు. ప్యాకేజీ సరిగ్గా హ్యాండిల్ చెయ్యలేదు, పైగా సరైన ట్రాకింగ్ అప్డేట్ లేదు!",Anger
"మా అమ్మానాన్నలకు జరుగుతున్నదేంటో నిజం చెబితే, వాళ్ళు దానిని భరించలేరని భయంగా ఉంది.",Fear
అబ్బో! ప్రస్తుతం నాకు ఇష్టమైన షాప్లో చాలా ఆఫర్లు నడుస్తున్నాయి. ఈసారి చాలా డ్రస్సులు కొనుక్కోబోతున్నాను.,Surprise
"ఈ రోజు కొంచెం దిగులుగా అనిపిస్తోంది, దానికి తోడు ఈ సంగీతం నన్ను ఇంకా దిగులుగా చేస్తోంది.",Sadness
"అనుకోకుండా నేను మా అమ్మమ్మను తోసేసరికి ఆమె పడిపోయినంత పనైంది, దాంతో మా అమ్మ కోపంతో నన్ను అరిచేసింది.",Anger
మొబైల్ ఫోన్ని రోజూ నువ్వు అతిగా వాడుతూ ఉండడం నాకు భయమేస్తోంది. నువ్వు వాడే సమయంలో సగం సమయం పాటు ఫోన్ వాడితే మానసిక శక్తి తగ్గిపోతుందని పరిశీలనలు చెబుతున్నాయి.,Fear
సమయానికి మందులు తెచ్చి ఇచ్చినందుకు ధన్యవాదాలు. మీరు ప్రాణాలు రక్షించారు.,Happiness
"కరెంటు పోయిన తర్వాత నేను ఫ్రిడ్జ్ తెరిచినప్పుడల్లా, పాడైపోయిన ఆహారపు కంపు కొట్టేది.",Disgust
"మా అబ్బాయికి ఈ రోజు డ్రైవింగ్ లైసెన్స్ వచ్చింది, ఇప్పుడింక అతను  స్వతంత్రంగా డ్రైవ్ చేయగలడని నాకు చాలా సంతోషంగా ఉంది.",Happiness
నా జీర్ణ సమస్యలు సెమిస్టర్కి ఇబ్బంది అవుతాయేమో అని భయపడుతున్నాను.,Fear
"ఆమె తన వ్యాపార పరికరాల రుణాన్ని పూర్తిగా  చెల్లించి, మరొక శాఖ కార్యాలయాన్ని ప్రారంభించిన తర్వాత ఆ వ్యవస్థాపకురాలు  చాలా సంతోషంగా ఉన్నారు.",Happiness
"నేను ఓ కస్టమర్కు వాళ్ళ అవుట్ఫిట్కి సరిగ్గా సరిపోయే యాక్సెసరీని వెతుక్కోవడంలో సాయం చేశాను, దాంతో తృప్తిగా అనిపించింది.",Happiness
నా రైలు టికెట్ బుకింగ్ ఇంకా వెయిటింగ్ లిస్ట్లోనే ఉంది అందుకే అది ఏమవుతుందోనని ఆత్రుతగా ఉంది.,Fear
"ఆ రెస్టారెంట్ నా తర్వాత వచ్చిన వాళ్ళకు ముందు సర్వ్ చేసింది, దాంతో నాకు చాలా కోపమొచ్చింది.",Anger
ఇంటిగలాయన మీద తిరిగి అరవద్దు.మనల్ని ఇక్కడి నుండి తన్ని బయటికి పంపగలడు.,Fear
ప్రభుత్వ కార్యాలయాల ద్వారా నిత్యావసర సేవల నాణ్యత తగ్గిపోవడం నాకు  విసుగు తెప్పిస్తుంది.,Anger
కార్పొరేషన్ పనివాళ్ళు శుభ్రం చేసిన తర్వాత అక్కడ చెత్త పడేసే జనమంటే నాకు అసహ్యం.,Disgust
జనం ధనవంతులైతే చట్టాన్ని ఉల్లంఘించొచ్చనుకుంటా. డబ్బు మాట్లాడుతుంది!,Disgust
పన్నులు దాఖలు చేసిన తర్వాత ఆదాయపు పన్ను అధికారుల నుండి నాకు ఉత్తరం వచ్చినప్పుడల్లా నా గుండె ఆగిపోతుంది.,Fear
"కొరియర్ పేమెంట్ తప్పుగా ప్రాసెస్ చేసారు, దాంతో ఆ సమస్యను సరిచేయడంలో అనవసరమైన ఇబ్బందులు రావటం చూస్తే బాధనిపిస్తుంది.",Sadness
"నా టిక్కెట్ను వాయిదా వేయడానికి బుకింగ్ ఆఫీసర్తో అన్నిసార్లు మాట్లాడాక నాకు చీదరగా, అసహ్యంగా అనిపిస్తోంది.",Disgust
అతను బాల్తో చాలా వేగంగా పరిగెత్తుతాడు!,Surprise
"మాకు అబద్ధాలు చెప్తూ, ఇంట్లో సీసీటీవీ కెమెరాలు పెట్టుకోకుండా ఉండి, తర్వాత  దొంగతనానికి గురయ్యే మీలాంటి వాళ్లను వదిలేయ్యాలనే పరిస్థితికి వచ్చాం.",Disgust
మేం ఢిల్లీలో సరోజినీ మార్కెట్లో ఉండగా మా అబ్బాయి కనపడకుండా పోయినప్పుడు భలే భయపడ్డాను.,Fear
అందరికీ ఇష్టమైన ఒక వస్తువు మీద మాకు డిస్కౌంట్ దొరకడంతో మా కస్టమర్లకు మంచి ధరలు అందించే వీలు దొరికిందని సంతోషమనిపించింది.,Happiness
"ఆఫీసులో, ఇంట్లో నేను చేయాల్సిన పనులన్నిటి గురించి తలచుకుంటే కొన్నిసార్లు భయమేస్తుంది.",Fear
"ప్యారిస్, ఆమ్స్టర్డామ్ మధ్య సాఫీగా, వేగంగా వెళ్ళే రైలులో ప్రయాణించాక నాకు భలే ఉత్సాహంగా అనిపించింది.",Happiness
"మా నాన్న నా మార్క్ షీట్ చూస్తే, ఏమంటారో తెలియదు.",Fear
వీకెండ్లలో షాప్ మూసి ఉంటుందని లండన్లోని షాప్ యజమాని చెప్పేసరికి షాక్ అయ్యాను ఎందుకంటే నాకు షాపింగ్ చేయడానికి వేరే ఏ సమయం లేకుండింది.,Surprise
"ముఖ్యంగా ప్రయాణీకులు ఎక్కువ సేపు ఎదురుచూడాల్సి వచ్చినప్పుడు, ఈ విమానాశ్రయంలో కూర్చోడానికి సరిపడా ఎంపికలు లేకపోవడం ఇబ్బందిగా ఉంది.",Disgust
"బస్సులో బెంగుళూరుకు వెళ్లడానికి అర్జంట్ టికెట్ బుక్ చేసుకోవాలనుకొని, పొరపాటుగా రైల్వే స్టేషన్కి వెళ్లానని గమనించుకొని చిరాకొచ్చింది.",Fear
స్థానిక మ్యూజియంలో ప్రదర్శనల కోసం ఆంగ్ల అనువాదాలు లేకపోవడం సిగ్గుచేటు.,Sadness
వినియోగదారుల నమ్మకం పోతున్నకొద్దీ నాకు ఆందోళనగా  ఉంటుంది.,Fear
గత మూడు నెలల్లో నా పెట్టుబడులు మార్కెట్ని మించి సాధించటం  చాలా సంతోషంగా ఉంది.,Happiness
"చివరి కొడాక్ దుకాణం దివాలా తీసి, మూసేసినప్పుడు చాలా మంది ముఖాలు దిగాలుగా కనిపించాయి.",Sadness
నేనిక్కడ కూర్చొని కాఫీ తాగుతూ టేకాఫ్ అయ్యే విమానాలను అలా చూస్తూన్నప్పుడు నాకు చాలా ఆనందంగా అనిపిస్తుంది.,Happiness
మన కొత్త గ్యాలరీ ఓపెనింగ్కి వంద మంది వస్తారని ఎవరు అనుకొని ఉంటారు?,Surprise
కొత్త రెస్టారెంట్లో వెయిటర్లు నా టేబుల్ను చాలా సేపు పట్టించుకోకపోయేసరికి నాకు చాలా చిరాకేసింది. మళ్ళీ అక్కడకి వెళ్ళను.,Disgust
"మీ అమ్మాయి నేషనల్ డాన్స్ కాంటెస్ట్ తర్వాతి రౌండ్లో పాల్గొనడానికి, ఎంపికైందని చెప్పడానికి సంతోషిస్తున్నాను.",Happiness
అపార్ట్మెంట్ కాంప్లెక్స్లో వంపుగా ఉండే ఆ మలుపును చాలా ఉపాయంగా దాటాలి. నేను లోపలకి  డ్రైవ్ చేస్తున్నప్పుడల్లా పరిగెడుతూ ఆడుకుంటున్న పిల్లలను ఎక్కడ కొట్టేస్తానో అని భయమే!,Fear
క్విజ్ కోసం అన్నీ గుర్తుంచుకోలేనేమోనని భయమేస్తోంది.,Fear
"అతని గాయం మీదంతా రక్తం, చీము ఉండాయి.",Disgust
"ఎయిర్లైన్ వాళ్ళు రోజుల తరబడి మా సామాను ఎక్కడో పెట్టేసి, మాకు పరిహారం కూడా ఇవ్వలేదు, ఇది నాకు పిచ్చి కోపం తెప్పించింది.",Anger
లోన్ మంజూరు చేయించడంలో నాకు సాయం చేసినందుకు ధన్యవాదాలు రామారావు. ఎట్టకేలకు నేను ఇల్లు కట్టుకోవడం మొదలుపెట్టొచ్చు.,Happiness
"బస్సులో టికెటింగ్ ప్రక్రియలో కండక్టర్కున్న సామర్థ్యాన్ని మెచ్చుకోకుండా ఉండలేకపోయాను. బస్సు ఎక్కడం ఇబ్బంది లేకుండా, ఆహ్లాదకరంగా ఉండింది.",Happiness
కర్ణాటకలో కాంగ్రెస్ పార్టీ గెలుస్తుందని నేను అనుకోలేదు.,Surprise
"నువ్వు ఎంత నెమ్మదిగా డ్రైవ్ చేస్తున్నావంటే,  టైంకు ఎయిర్పోర్ట్కు చేరుకొని, నా ఫ్లైట్ పట్టుకోగలనా అని భయమేస్తోంది.",Fear
అబ్బా! నేను నడుస్తూ తిరగాలనుకున్న సిటీకి చాలా దూరంలో ఉన్న హోటల్ గదులు ఇచ్చారు. అంతే నా ఆశలు అడియాశలు అయిపోయాయి.,Sadness
"లీడర్షిప్ టీం మీటింగ్ సమయంలో కష్టమైన ప్రశ్నలను అడిగి,   దారుణంగా విమర్శించడంతో మేనేజర్ చిన్నపోయినట్లు కనిపించాడు.",Sadness
"అన్నా, ఈ వారం డీజిల్ ధరలు తగ్గినట్లున్నాయి. ఫుల్ ట్యాంక్ నింపు.",Happiness
"ఎందుకెప్పుడూ ఆలస్యంగా వస్తావు? నేనిప్పుడు ఉద్యోగానికి వెళ్ళాలి! రేపు తొందరగా రా, లేకపోతే ఈ నెల నీకు జీతమివ్వను.",Anger
స్నార్కెలింగ్ వంటి వాటర్ యాక్టివిటీలకు ఏవైనా భద్రతా చర్యలు ఉంటాయా?,Fear
టెన్నిస్ కోర్టులో భయపెట్టే ప్రత్యర్థికి ఎదురుగా నిల్చుంటుంటే స్మితకు వణుకు పుట్టింది.,Fear
చౌకగా తయారైన ఈ వస్తువును మేము అమ్మాలని పంపిణీదారులు ఎలా అనుకుంటున్నారు? నాకు ఇష్టం లేదు.,Disgust
నీ ఓటిపి అతనికి చెప్పొద్దు. అతను నీ డబ్బులు కాజేయొచ్చు.,Fear
ఈ స్మార్ట్ రిఫ్రిజిరేటర్ నా కిరాణా సామాను లెక్కలు చూస్తుందని అసలు అనుకోలేదు.,Surprise
నగరం నడిబొడ్డున ఉన్న దుకాణంలో అమ్మకాల సంఖ్య తగ్గడం నిరాశగా అనిపిస్తోంది.,Sadness
మొబైల్ పేమెంట్లు ప్రధాన స్రవంతిగా మారిన వేగం విశేషమైనది.,Surprise
"ఇప్పుడు పరీక్షలన్నీ అయిపోయాయి కాబట్టి, ఆఖరికి మళ్ళీ ఫుట్బాల్ ఆడుకోవడానికెళ్ళచ్చు.",Happiness
"ఓ ముఖ్యమైన మీటింగ్ వల్ల నిన్న రైలు టికెట్ వాయిదా వేయమని చెప్పాను కానీ మీరు ఇంకా చేయలేదు, మీరేం చేస్తున్నారు?",Anger
ఫుట్బాల్ ఆటగాళ్ళ మొరటు ఆటతీరు సిగ్గుపడవలసినది.,Disgust
ఢిల్లీకి రైలు టిక్కెట్లు బుక్ చేయడానికి ప్రత్యామ్నాయాలను ఇవ్వడానికి రైల్వే బుకింగ్ క్లర్క్  నిరాకరించినప్పుడు నాకు  ఆ వృద్ధుడిపై జాలి వేసింది.,Sadness
విసుగొచ్చే ఇంకో లెక్చర్ చివరివరకు కూర్చుంటామని వాళ్ళు అనుకుంటారంటే నమ్మలేను.,Disgust
"నా కారు ఇంజిన్కు సర్వీసింగ్ చివరి నిమిషం వరకు చేయించకుండా వదిలేసాను, ఇప్పుడు గ్యారేజ్ వాళ్లతో  ఆ పని చేయించాలంటే చాలా విసుగొస్తోంది.",Disgust
"ఫుడ్ రుచిగా ఉండింది కదా, అందుకని మీరు మాకు ఫైవ్ స్టార్ రేటింగ్ ఇస్తారనుకుంటున్నాను",Fear
నా క్రెడిట్ కార్డుపై తక్కువ వడ్డీ రేటుకోసం అనుకూలంగా బేరమాడినప్పుడు నాకు భలే సంతోషమేసింది.,Happiness
చాలా ఏళ్ళ తరువాత పాత స్నేహితులు మాతో వ్యాయామం చేయడానికి తిరిగి రావడంతో చాలా ఆనందమేసింది.,Happiness
"ఇదివరకు జరిగిన ఒక ఈవెంట్లో సంస్థ, లాజిస్టిక్స్ విషయంలో ఉన్న సమస్యల గురించి రాసిన రివ్యూ చదివాను. నా ఈవెంట్లో మాత్రం అంతా జాగ్రత్తగా ప్లాన్ చేసి అమలు చేస్తారని ఈవెంట్ మేనేజర్ నాకు భరోసా ఇవ్వాలి.",Fear
"వ్యోమగాములు చేసే త్యాగం, అంతరిక్ష యాత్రలలో ప్రాణాలు కోల్పోయే ప్రమాదం గురించిన ఆలోచన నన్ను చాలా బాధపెడుతుంది.",Sadness
"అతడు ఈ వ్యాయామం చేసే తీరు చాలా విచిత్రంగా, చెత్తగా ఉంది, చూస్తే అసహ్యం అనిపిస్తుంది.",Disgust
కాలేజీ తర్వాత కొంతమంది స్టూడెంట్లకు ఎంత అప్పు ఉందో చూసి షాకయ్యాను.,Surprise
"మొత్తం ఈవెంటు ఒక వ్యక్తి మీద ఆధారపడటం ఘోరమైన పరిస్థితి, నేను లేకపోయినా ఈవెంట్ అడ్డంకులు లేకుండా నడవాలని ప్లాన్ చేసాను.",Fear
ప్రత్యర్థి జట్టు గురించి కోచ్ చేసిన మర్యాదలేని విమర్శలు క్షమించరానివి.,Disgust
వారి కమాండర్ మీద దాడి చేసినప్పుడు భారత సైనికులు మండిపడి శత్రువు మీద ఎదురు దాడి చేశారు.,Anger
"మా పోటీదారులు ఉండే వీధిలోనే వాళ్ళ పక్కనే మా దుకాణాన్ని తెరిస్తే, అది మమ్మల్ని దేబ్బతీస్తుందేమో అని అనుమానపడ్డాను.",Fear
ఈ హైకింగ్ దారిలో ఎంత చెత్త ఉందో చూస్తుంటే వికారం వేస్తోంది.,Disgust
ఈ హెడ్ఫోన్స్ లోంచి వచ్చే సౌండ్ను నమ్మాలంటే అది విని తీరాలి.,Surprise
"రాబోయే విలీనం, కొనుగోలు  కార్యకలాపాలు సజావుగా సాగవేమోనని నాకు కాస్త ఆందోళనగానే ఉంది.",Fear
"నా కారు ఇంజిన్ పాడయింది, బాగు చెయ్యటానికి రెండు లక్షలౌతుందని చెప్పారు.",Sadness
"ఈ మధ్యే కష్టపడి పాత మొక్కలు పీకి శుభ్రం చేసిన తరువాత, ఆ భూమి అలా బంజరుగా ఉండటం చూసినప్పుడల్లా, నా గుండె  బరువెక్కిపోతుంది.",Sadness
"అబ్బో, ఈ అద్దె ఇంట్లో ఎంత విశాలమైన పెరడు ఉందో, నేను ఇంత పెద్ద దానికోసం ఆశ పడలేదు!",Surprise
నాకు చాలా ఆనందంగా ఉంది. ఈ అద్దిల్లు చూపించిన బ్రోకరు ఫీజు  మిగితా వాళ్ళతో పోలిస్తే చాలా తక్కువ.,Happiness
స్టాక్ మార్కెట్ బాగా లేదని నేను అన్నది ఊరికే సరదాగానే.,Happiness
సోషల్ మీడియా ఇన్ఫ్లుయెన్సర్ అని తెలిసిన ఒక మిస్టరీ షాపర్ నుండి మాకు సానుకూల స్పందన వచ్చినప్పుడు మా ఆనందానికి హద్దుల్లేవు.,Happiness
"పొద్దున్నే బీచ్కెళ్ళాను, కానీ మబ్బులు పట్టి ఉన్నాయి, అందుకని సూర్యోదయం చూడలేకపోయాను.",Sadness
పెట్టుబడి సంస్థలు కనపడని ఫీజుల పేరిట విపరీతంగా వసూలు చేయటం నాకు చెడ్డ చిరాకుగా ఉంది.,Anger
అన్నీ అలా చిందరవందరగా పడి ఉండే రూములో ఎలా ఉంటావు?,Disgust
"స్థానిక వంటకాలలో చక్కటి రుచుల కలయిక ఉంటుంది, నాకు గొప్ప ఆనందం అనిపిస్తుంది.",Happiness
నా స్టాక్లకు భారీ నష్టం కలిగినందుకు చాలా నిరాశ పడ్డాను. నేను ఈ పెట్టుబడి మీదే ఆశలు పెట్టుకుని ఉన్నాను.,Sadness
"సావనీర్ స్టోర్లో ధరలు కావాలని పెంచినవని తెలిసినప్పుడు నా ముఖం వాడిపోయింది, దాంతో నాకు మోసపోయినట్లు అనిపించింది.",Sadness
నాకింక కొద్ది రోజులే మిగిలాయి. నా ఇమ్యూనిటీ వ్యవస్థ బలహీనం అవుతోందని ఆ డాక్టరు చెప్పారు.,Sadness
అబ్బ! చివరికి చెన్నైకి టిక్కెట్టు దొరికింది. కొన్ని సీట్లు మాత్రమే మిగిలి ఉన్నాయని చూశాను. మీ సహాయం చాలా ఉపయోగపడింది సార్,Surprise
నాకో అత్యవసర పరిస్థితి వచ్చినప్పుడు అర్ధరాత్రి వేళలో హెల్త్ సెంటర్ డాక్టర్లు నన్ను చూడడానికొచ్చినప్పుడు ఆశ్చర్యపోయాను.,Surprise
"నా టేబుల్తో సహా చుట్టుపక్కల టేబుల్స్కు భోజనాన్ని ఒక పద్ధతి లేకుండా, ఆలస్యంగా తెచ్చివ్వటం చూసినప్పుడు, ఒక ఫుడ్ క్రిటిక్గా,  రెస్టారెంట్ సర్వీస్ నాకు ఏ మాత్రం నచ్చలేదు.",Sadness
ఎప్పుడూ ఇంకొంచెం ఉప్పు కావాలని అడుగుతావు. నీకు ఇప్పటికే అధిక రక్తపోటు ఉంది కాబట్టి నీ డైట్కి మంచిది కాదని తెలుసు కదా.,Anger
నా పాత పుస్తకం అంత మంచి స్థితిలో  లేక ఆ పుస్తకాల షాపతను మళ్ళీ అమ్మకానికి తీసుకోడేమోనని దిగులుగా ఉంది.,Fear
ఈ సంస్థకి కుట్ర చేసే చరిత్ర ఉందంటే ఎంత సిగ్గుచేటు!,Disgust
ధరలు పెరిగితే మన అమ్మకాలు తగ్గిపోతాయేమో అని భయంగా ఉంది.,Fear
వస్తువులు విరగ్గొట్టడానికి నీకు ఎప్పుడూ ఏదో ఒక సాకు ఉంటుంది. ఈ సారి అదేంటి?,Disgust
"అవునా? మా పిల్లల కళాత్మక అభివృద్ధికి అవసరమైన వనరులు, అవకాశాలను మేము ఇస్తున్నామని అనుకున్నాను.",Surprise
"నా కారును ప్రత్యేకమైనదిగా చేసే మార్పుల గురించి నా దగ్గర మంచి ఆలోచనలు ఉండాయి, కానీ ధర విన్న తర్వాత, నా ఉత్సాహం నీరుగారిపోయింది.",Sadness
"ఈ రాత్రికి ఈ పనిని పూర్తి చేయకపోతే, మేడమ్ రేపు నన్ను తిడతారేమో.",Fear
"మా అబ్బాయి కారులో పెట్రోల్ అయిపోయి, అర్ధరాత్రి ఎక్కడైనా చిక్కుకుపోతాడేమోనని దిగులు పడ్డాను.",Fear
"బిల్డింగ్ కింద పాతుకుపోయిన అందని వాటర్ పైప్ వరకు చేరుకోవడం ఒక సవాలు, వాటి గురించి ఆలోచిస్తుంటే నిరాశగా ఉంది.",Sadness
"నేను మూడు గంటలకు పైగా తయారుచేసిన వంటకం ఓవెన్లో మాడిపోవడంతో నాకు విసుగ్గా, నిరుత్సాహంగా అనిపించింది.",Sadness
శ్రీ లంక స్థానిక వంటకాల్లో రుచుల కలయికలు నేను ఊహించని విధంగా నా కళ్ళు తెరిపించాయి.,Surprise
డాక్టర్ రోగనిర్ధారణ చేయకుండా మా అత్తగారి చర్మ సమస్యకు అనవసరమైన మందులు రాసినప్పుడు నాకు కోపం వచ్చింది.,Anger
అధికారికం అనిపించని లింక్తో అధికారికం అన్నట్టు కనిపించే ఈమెయిల్ వచ్చినప్పుడల్లా నాకు భయంగా ఉంటుంది.,Fear
"ఆ గేమ్లో చెత్త అడ్డగింపులు, కావాలని చేసిన ఫౌల్లు రోత పుట్టాయి.",Disgust
"అబ్బోయ్, ఈ కొత్త సాఫ్ట్వేర్ అప్డేట్ అన్ని బగ్లను సరిచేసింది. ల్యాప్టాప్ సరికొత్తది లాగా అనిపిస్తుంది!",Surprise
"అమ్మేటప్పుడు వదలకుండా ఫాలో అప్ చేస్తూ ఉంటారు, కానీ సర్వీస్ విషయానికి వచ్చేసరికి, మా సమస్యలను తేలికగా నిర్లక్ష్యం చేసే మీ పద్ధతి దారుణమైనది.",Disgust
"ఆ పెయింటింగ్ మీద ఐదు వారాలు పనిచేసాను, కాని మా తమ్ముడు దాని మీద కాఫీ ఒలకబోసాడు. నా కష్టమంతా దండగ అయిపోయింది.",Sadness
ప్రభుత్వంలోని అవినీతి గురించి చదివినప్పుడు నాకు ఎవరినైనా చంపెయ్యాలనిపిస్తుంది.,Anger
నువ్వు ఆ పాడై పోయిన ఫుడ్ తిన్నావంటే నమ్మలేకపోతున్నాను. యాక్!,Disgust
"""స్లీప్లెస్ ఇన్ సియాటిల్"" లో టామ్ హాంక్ నటన చూసి భలే ఆనందమేసింది.",Happiness
కొరియర్ డెలివరీ స్పీడ్ చూసి థ్రిల్ అయ్యాను. నా ప్యాకేజీ అనుకున్న దానికంటే చాలా ముందుగా వచ్చింది!,Happiness
"కాస్టింగ్ డైరెక్టర్ ఆడిషన్ మధ్యలో ఉన్నట్టుండి నన్ను ఆపి, వెళ్ళిపోమ్మనేసరికి నేను కోపంతో రగిలిపోయాను.",Anger
దగ్గరలోని జిమ్లో సామాన్లు జిడ్డుపట్టేసి అసహ్యంగా ఉన్నాయి. యాక్! వాటిని తాకాలని కూడా అనిపించలేదు.,Disgust
సకాలంలో మా వస్తువును తయారు చేసి డెలివరీ చేయడానికి ముడి పదార్థాలు దొరుకుతాయో లేదో నాకు తెలియడం లేదు.,Fear
"భారత జట్టు మెరుపులా ఫుట్బాల్ ఆడి లెబనాన్ను ఓడించి, ఇంటర్కాంటినెంటల్ కప్ను గెలిచినప్పుడు నాకు గాల్లో తేలుతున్నట్టు అనిపించింది.",Happiness
"మా బంధం ముగిసిపోయింది, చాలా బాధగా ఉంది.",Sadness
మ్యూజియంలో రోమన్ల దగ్గర నుంచి తమిళనాడు కొన్న కళాఖండాలను చూసేసరికి నాకు చాలా సంతోషమనిపించింది.,Happiness
"మేము బుక్ చేసిన వసతి ఆన్లైన్ ఫోటోలతో మ్యాచ్ కాల్లేదు, చాలా నిరాశగా ఉంది.",Sadness
నేను రైల్వే బుకింగ్ కౌంటర్ దగ్గరకు చేరుకునే సరికి  చెన్నై నుండి ఢిల్లీకి అన్నీ టిక్కెట్లు అమ్ముడైపోతాయేమోనని భయంగా ఉంది.,Fear
"అనుకున్న డెలివరీ తేదీకి రెండు వారాల ముందే మా టీం ఆ ప్రొడక్ట్కు కొత్త మార్పులు చేసి, డెలివరీ చేయడంతో ఆనందం, ఆశ్చర్యం వేశాయి.",Surprise
"బాగాలేని ఒక ప్రత్యేక బ్యాచ్ బయటకు వెళ్లిన తర్వాత, కస్టమర్లు మా గురించి ఏమీ బాలేవని ఆన్లైన్లో సమీక్షలు, రేటింగులు ఇస్తారేమోనని భయంగా ఉంది.",Fear
ఈ ఎండాకాలంలో తేమతో పాటు వేడి కూడా పెరగుతూ ఉంటే చెన్నైలో వేడికి నాకు నీరసం వస్తోంది.,Sadness
ఉన్నట్టుండి నా ముందుకి ర్యాష్గా వచ్చి దాదాపుగా ఆక్సిడెంట్ చేసే షేర్ ఆటోలతో నాకు చిరాకొచ్చింది.,Anger
"సీటు మీదంతా గ్రీజుంది, ఇంకా ఈ రబ్బరు కాలే వాసన తట్టుకోలేను.",Disgust
ప్రతిదీ నిలిపెయ్యాల్సి రావడం నిరుత్సాహం కలిగిస్తోంది.,Fear
చెప్పింది చెయ్యటం ఎందుకంత కష్టమో నాకర్ధం కాదు.  ట్రెకింగ్ బూట్లు వేస్కొని రమ్మని మీ అందరికీ ముందరే చెప్పాను.,Anger
"నా కొత్త ఇంటికి మంచి వైరింగ్ వెతకాలని అనుకున్నాను, కానీ దగ్గరలో ఉన్న దుకాణంలో దొరికే  చాలా కొద్ది ఎంపికలను చూసేసరికి నిరుత్సాహమనిపించింది.",Sadness
పోలీసులు వచ్చేవరకు అతనికి ఆపరేషను చెయ్యనంటే అర్ధమేంటి? డాక్టరువి కాదా?,Anger
అబ్బో! మ్యాచ్ ఆఖరి పది నిముషాల్లో ఫ్రాన్స్ రెండు గోల్స్ కొట్టింది! వాళ్ళు ఖచ్చితంగా ఓడిపోబోతున్నారనుకున్నా.,Surprise
నాలుగు నెలలు నేను విదేశాలలో ఉన్నప్పుడు నా కారును నా కారు మెకానిక్ శ్రద్ధగా చూసుకున్నందుకు సంతోషపడిపోయాను.,Happiness
"ఈవెంట్ మేనేజర్కి ఈవెంట్ సేఫ్టీ   ముఖ్యమట, ప్రమాదాలు జరగకుండా, జరిగినా అన్నీ చూసుకునే ప్లాన్ కూడా ఉందట. హమ్మయ్య! ఇది విన్నాక నా మనసు కుదుట పడింది.",Happiness
తన తోట నుండి మా మామయ్య నాకోసం సంచి నిండా మామిడి పళ్ళు తీసుకువచ్చినప్పుడు నాకు ఆశ్చర్యమేసింది.,Surprise
"బఫెలో డౌన్టౌన్లో మురికిగా ఉన్న వీధుల్లో డ్రైవ్ చేస్తుంటే ఇళ్ళు లేని వాళ్ళు, మాదకద్రవ్యాలకు బానిసలైన వాళ్ళని చూసి నాకు  కడుపులో తిప్పినట్లయింది.",Fear
యాక్! ఈ మోడల్లు అసలు బట్టలే వేస్కున్నట్టు లేరు.,Disgust
మా అమ్మానాన్నల పెళ్లిరోజు  జరుపుకోడానికి మేము వారిని విందుకి తీసుకెళ్ళాం. ఎంత సంతోషపడిపోయారో!,Happiness
"నాకు సాయం కావాల్సిన ప్రతీసారీ నాతో చాలా అమర్యాదగా ప్రవర్తించేవారు, పైగా చాలా సేపు ఎదురుచూడాల్సి వచ్చేది.",Disgust
"పాజిటివ్ వార్తలు, విజయాల మీద దృష్టి పెట్టే ""బెటర్ ఇండియా"" లాంటి కొన్ని సైట్లలో ఆర్టికల్స్ చదివాక, నాకు గొప్ప ఆనందంగా ఉంటుంది. మొదటి వ్యక్తి",Happiness
ఒక అందమైన బ్రాండడ్ వస్తువు మీద ఈ డీల్ ఉండడమే కాకుండా డిస్కౌంట్ కూడా ఉండటంతో ఇంకా నచ్చింది.,Happiness
చెన్నై నుంచి బెంగుళూరుకు రైలు టికెట్ బుక్ చేసుకోవడం ఈ మధ్య కష్టమౌతోంది. ప్రతిసారీ టిక్కెట్లు త్వరగా బుక్ అయిపోవడం వల్ల నేను టికెట్ బుక్ చేసుకోలేకపోయాను.,Sadness
ఎకౌంటులో ఉండాల్సిన పరిమితి కంటే నా ఎకౌంటు బ్యాలెన్స్  తక్కువగా ఉందని తెలుసుకున్నప్పుడు నాకు భయం మొదలైంది.,Fear
నేను కూడబెట్టినది కాలక్రమేణా ఎంత తక్కువగా పెరిగిందో చూస్తే గుండె తరుక్కుపోతుంది.,Sadness
ప్రొఫెసర్ అతన్ని క్లాస్లో ఒక ఉగ్రవాదితో పోల్చినప్పుడు ఆ విద్యార్థి కోపం ఆపుకోలేక పోయాడు.,Anger
ఉక్రెయిన్ తరువాత రష్యా పోలాండ్ మీద దాడి చేయొచ్చని చదివి ఆశ్చర్యపోయాను.,Surprise
"ఈ సలాడ్ తాజాదనానికి సంతృప్తిగా, తాజా గాలిని పీల్చుకున్నట్టు అనిపిస్తోంది.",Happiness
"ఫైనాన్షియల్ రికార్డులను జాగ్రత్తగా చూస్తూ ఉంటే, రాబోయే ఆపదను సూచిస్తూ అశాంతి, భయం కలిసి మమ్మల్ని ముంచెత్తాయి.",Fear
ఈ అద్దె ఇల్లు మంచి స్కూళ్ళకు ఇంత దగ్గరగా ఉందని నిజంగా సంతోషంగా ఉంది. ఇది నా కుటుంబానికి బాగా ఉపయోగం అవుతుంది.,Surprise
"మీ ఆదాయ చిట్టాలో ఉన్న మొత్తం  ఆందోళనకరంగా ఉంది, అశాంతి కలిగిస్తోంది.",Fear
రెండువేల ఎనిమిదిలో ఏర్పడ్డ ఆర్థిక మాంద్యం అప్పుడు నా ఆర్థిక పరిస్థితి దెబ్బతింటుందేమోనని బెదిరిపోయాను.,Fear
ఒప్పందం ప్రకారం పేరోల్ టీమ్    శుభ్రపరిచే సిబ్బందికి చెల్లుబాటు చేయకుండా వాళ్లకు తక్కువ డబ్బు ఇవ్వడం నాకు తిక్క రేపుతుంది.,Anger
నాకు అర్థమవుతుంది. మీకు సహాయంకోసం మేమున్నాం. ఖాతాను మూసే ప్రక్రియ మొదలు పెట్టడానికి మీరు కొంచెం సమాచారాన్ని ఇవ్వగలరా?,Happiness
విద్యార్థులను ఆ టీచర్ చులకన చూసే పద్ధతి చాలా దారుణం.,Disgust
వెయిటర్ వెళ్ళే ముందు నన్ను చూసి కన్ను కొట్టాడు. చాలా రోత పుడుతుంది.,Disgust
హెల్త్ సెంటర్లో డాక్టర్ను కలవడానికి నేను అంత సేపు వేచి ఉండాల్సి వచ్చిందంటే నమ్మలేకపోతున్నా! ఇలాంటి సర్వీస్ కోసం నేను డబ్బులివ్వడం అర్థంలేనిది.,Anger
"ఈ ఎటిఎంలో ఎప్పుడూ రద్దీ ఉండదు, అందుకే ఇక్కడికొస్తే నా వంతు కోసం ఎదురుచూడక్కర్లేదు.",Surprise
ఈ కమర్షియల్ రెంటల్ ఓ బిజినెస్ డిస్ట్రిక్ట్లో ఉన్నందుకు చాలా ఆనందంగా ఉంది. నేను సరిగ్గా అలాంటి దాని కోసమే వెతుకుతుంటిని.,Surprise
అనుభవంలేని జట్టుతో మేము ఫుట్బాల్ టోర్నమెంటు సెమీఫైనల్ వరకు చేరుకున్నప్పుడు నాకు ఆశ్చర్యమేసింది.,Surprise
ఎయిర్లైన్ వాళ్ళు నా సామాను పోగొట్టడంతో నా సెలవులు మొదలయ్యేసరికి నాకు నిరుత్సాహంగా అనిపించింది.,Sadness
"నెల నెలా నా రాబడిలో పది శాతం ఆదా చేసుకోగలిగాను, దాంతో ఇప్పుడు నా ఎకౌంటులో మంచి మొత్తంలో డబ్బుంది.",Happiness
"క్షమించండి, దయచేసి నన్ను కొట్టకండి. మీ బిడ్డని మొద్దు అనడం నా ఉద్దేశ్యం కాదు. అతడు ప్రత్యేకమైనవాడు అని చెప్పడమే నా ఉద్దేశ్యం.",Fear
మేము ప్రారంభించిన కొత్త మార్కెటింగ్ ప్రచారం చాలా జనాల్లో బాగా పాకేసిందని మేం ఉత్సాహంగా ఉన్నాము.,Happiness
"నువ్వు టీం నుండి వెళ్ళిపోతావని  తలుచుకుంటే, నువ్వెళ్ళిపోటంవల్ల పనిలో అనుభవం పరంగానూ, వెనుకవాళ్ళకి నాలెడ్జ్ పంచేపరంగానూ చాలా గ్యాప్ వస్తుంది. ఒక హెచ్ఆర్గా ఆ విషయంలో నాకు ఆందోళనగా ఉంది.",Fear
ఆరోగ్య కేంద్రంలో అవసరమైన అన్ని చికిత్సలకు నా బీమా సరిపోతుందా అని నాకు అనుమానంగా ఉంది. తరువాత అనుకోని ఆర్ధిక భారాలు పడకుండా చూసుకోవాలి అనుకుంటున్నాను.,Fear
"నా బిడ్డ కోసం ఖాతా తెరవడం గురించి ముచ్చటించాను కదా, ఫైనాన్షియల్గా వాడి భవిష్యత్తు ఎలా ఉంటుందో ఎంతో దిగులుగా ఉంది!",Sadness
జనానికి నచ్చిన ఆ ఆకర్షణ వాళ్ళు చెప్పినంత బాగా లేనప్పుడు నిరాశ అనిపించింది.,Sadness
నాకున్న అప్పు మొత్తం గురించి ఆలోచించినప్పుడల్లా నాకు దిగులు మొదలవుతుంది.,Sadness
నీ డబ్బంతా అసలు  ఎక్కడి నుండి వచ్చింది?,Anger
"భలే! ఇంటి అద్దె ప్యాకేజీలోనే జిమ్ము, స్విమ్మింగ్ పూలు వాడుకునే వీలు ఉంటుందని  అస్సలనుకోలేదు.",Surprise
"పాఠశాల భోజనాలు ఎంత రుచీ పచీ లేకుండా ఉంటాయో, అవి అసలు తినబుద్ధి కాదు.",Disgust
"ప్రస్తుత తరానికి దేనిమీదా నమ్మకం లేకపోవడం, చెప్పే ప్రతిదాన్ని సందేహించటం విసుగనిపిస్తుంది.",Disgust
"ఆ మేనేజర్ ఓ ప్రాజెక్ట్ను విజయవంతంగా డెలివర్ చేయలేక పోయినప్పుడు, లోపల లీడర్షిప్ టీం ఆయన భవిష్యత్తును నిర్ణయిస్తుండగా ఆయన కాన్ఫరెన్స్ రూమ్ బయట అశాంతిగా కూర్చున్నాడు.",Fear
"పల్లికరనై మార్ష్  గుండా కారు డ్రైవ్ చెయ్యడం నాకు నచ్చదు, ఆ వాసనను భరించలేము!",Disgust
బ్యాంకులో మైనర్ల ఎకౌంటు ఎంపికలను చూస్తున్నప్పుడు మా అబ్బాయి ఎంత వేగంగా పెరుగుతున్నాడనే దాని గురించి ఆలోచిస్తే నాకు దిగులుగా అనిపిస్తుంది.,Sadness
"భవిష్యత్తులోంచి వచ్చి, ఏకాకిగా మిగిలాడన్న స్పెయిన్లో టిక్టాక్ ప్రేక్షకుడి లాగా భూమి మీద ఒంటరిగా మిగిలిపోతానని నాకు పీడకలలు వచ్చాయి.",Fear
"పని తప్పించుకోవటానికి నువ్వు చెప్పే సాకులు విని విని నాకు విసుగొచ్చింది, అది మీ టీం సభ్యుల మీద భారం వేస్తుంది.",Anger
విచారించి చూడకుండా హడావిడిగా సరికొత్త సైకిల్ కొనేసి ఆ తరువాత బాధపడతానని నాకు కొంచెం భయం.,Fear
నా రొట్టెలో తక్కువ నెయ్యి వెయ్యలేవా? నాకు కొలెస్ట్రాల్ ఎక్కువ ఉందని తెలియదా?,Anger
"హోటల్లో టిఫిన్ తాజాగా, రుచీపచీ లేకుండా ఉన్నందుకు నాకు షెఫ్ మీద కోపమొచ్చింది.",Anger
"పరధ్యానం వల్ల వాళ్ళకి పాఠాల మీద మనసు పెట్టి, బాగా గ్రహించే శక్తి తగ్గిపోగలదు.",Fear
వస్తువు ఫీచర్లను వివరించేటప్పుడు ముఖ్యమైన వివరాలు చెప్పడం మర్చిపోతానేమోనని భయంగా ఉంది.,Fear
తన లాభం కోసం ఇంకొకరి ఆలోచనలను దోచుకున్నవాడు ఉన్న గదిలో నేను ఉండాలనుకోలేదు.,Disgust
"వాళ్ళ కుటుంబాలను దుఖంలో ముంచేస్తూ, దేశ సేవలో చనిపోతున్న మన సైనికుల గురించి చదివేటప్పుడు నాకు ఏదో పోగొట్టుకున్నట్టు అనిపిస్తుంది.",Sadness
బిల్డింగ్ అసోసియేషన్ నిధులను సరిగా వాడకపోవడం చూస్తుంటే నాకు చిరాకేస్తుంది.,Anger
దగ్గరలో చాలా అందమైన పార్కులు ఉన్న పరిసరాల్లో అద్దె ఇల్లు దొరకడం నాకు ఆశ్చర్యంగా ఉంది.,Surprise
ఆ చిన్న పాప వీధుల్లో ప్రదర్శనలో అంత తేలికగా దొమ్మరి ఆట ఆడినప్పుడు ఆశ్చర్యమనిపించింది.,Surprise
షాప్లో ఏదీ వాటి చోటులో లేకపోవటం చూసి నాకు విసుగొస్తోంది.,Anger
మ్యాచ్ చూడడానికి అర్దరాత్రి లేస్తే మా నాన్న తిడతారేమో.,Fear
"అయ్యో, అది ఉత్సాహం మొత్తం చంపేసింది. నా బడ్జెట్లో ఏదో ఒకటి దొరుకుతుందని ఆశ పడ్డాను.",Disgust
"టీవీ ఆన్ చేసినప్పుడల్లా, మూడుసార్లు బీప్ అని శబ్దం వచ్చి, పొగలు రావడం మొదలవుతుంది. పేలిపోతుందని భయంగా ఉంది.",Fear
"సైకిల్ తొక్కేటప్పుడు మొహం మీద చల్ల గాలి తగిలటం, ప్రతి ఒక్కరూ తమ జీవితంలో ఒక్కసారైనా అనుభవించాల్సిందే.",Happiness
"యానీ కన్సర్ట్ వినడంతో నాలో శక్తి  నిండినట్టు అయింది, రోజంతా ఉత్సాహంగా గడిపేలా చేసింది.",Happiness
తమలపాకుల కోసం అన్ని చోట్లా వెతికాను కానీ దొరకలేదు.,Sadness
మనం ఇన్నాళ్ళు అన్ని కష్టాలు కలిసి  అనుభవించిన తర్వాత నువ్వు నా వెనుక ఇంత బాధ పెట్టే మాటలు మాట్లాడతావంటే కోపంగా ఉంది.,Anger
వడ్రంగి మొదట అనుకున్నదానికంటే పొడవైన అల్మారాను అంతే ఖరీదుకి డెలివర్  చేసినప్పుడు నాకు నోట మాట రాలేదు.,Surprise
"నాకిష్టమైన మనిషి కష్టాలు పడటం చూస్తే బాధగా ఉంది, ముఖ్యంగా నీ కెరీర్లో ఇంత సాధించిన తరువాత.",Sadness
"హోటల్ లాండ్రీ నా మీటింగ్ సమయానికి నా బట్టలను ఇస్తుందా అని కొంచెం గుబులుగా ఉంది. ఇప్పటివరకు, వారు ప్రతీది ఆలస్యం చేశారు.",Fear
నేను ఈ సాఫ్ట్వేర్ను రన్ చేసిన ప్రతిసారీ క్రాష్ అవుతూనే ఉండటంతో దాని నాణ్యతతో నాకు రోత పుడుతోంది.,Disgust
కొంతమంది ఈవెంట్ మేనేజర్లు కొద్దిగా లేదా పూర్తిగా రద్దు చేయని డీల్స్ మరియు రిఫండ్ పాలసీలతో  మమ్మల్ని ఇరికించాలని చూస్తే నాకు అసహ్యమేస్తుంది.,Disgust
"అబ్బే, కాఫెటేరియాలో మళ్ళీ ఆ రుచిపచి లేని సూప్ ఇస్తున్నారంటే నేను నమ్మలేకపోతున్నాను. వారంలో వాళ్ళు అది ఇవ్వడం ఇది నాలుగోసారి.",Disgust
"ఆ ఆటలో క్రీడా స్ఫూర్తి, నిజాయితీ లేకపోవడం పూర్తిగా అసహ్యమేసింది.",Disgust
పనిభారం పెరుగుతుంటే నా ప్రేరణ దెబ్బతినడం మొదలైంది.,Sadness
నేను నా పర్సు తీసి డబ్బులు కడదామని జేబులో చేయి పెట్టాను.  అది పోయిందని తెలిసి బెదిరిపోయాను!,Fear
మాడ్యులర్ కిచెన్ తయారు చేయటం అంటేనే చాలా భయమేస్తోంది.,Fear
సైకిళ్ళు అమ్మే అతను నా బడ్జెట్కి మించిన ధరగల సైకిళ్లను చూపిస్తూ ఉండేసరికి నాకు మండింది.,Anger
నువ్వు ఎప్పటిలాగే ఈ కోర్సులో రాణిస్తావని నాకు నమ్మకం ఉంది.,Happiness
నాకిష్టమైన టీమ్ ఇవాళ్ళ బాగా ఆడట్లేదని బాధగా ఉంది.,Sadness
నిర్భయ అత్యాచారం కేసు తలచుకుంటే ఇప్పటికీ నాకు బాధేస్తుంది.,Sadness
"సార్! నేను నా టిక్కెట్ కాన్సిల్ చేసుకున్నాను, ఇంకా నా ఎకౌంటులో డబ్బులు పడలేదని చెప్తున్నాను. మీరు ఆ విషయం చూస్తున్నారా లేదా?",Anger
"పాఠశాల లైబ్రరీ పరిస్థితి ఎంత భయంకరంగా ఉందో, ఎంత అస్తవ్యస్తంగా మురికిగా ఉంది!",Disgust
మా అబ్బాయికి నేను ఎంతో అవసరమైనప్పుడు తనకు అండగా లేకపోయానని చాలా బాధపడ్డాను.,Sadness
"ఈ కేక్ నేను ఆర్డర్ చేసిన అదే చాక్లెట్ రుచి కాకపోతే, మీకు ఇబ్బందులు వస్తాయి!",Anger
మేం చాలా కష్టపడి పనిచేసిన తర్వాత పెద్ద ముఖ్యం కాని కారణాలు చెప్పి మా ప్రపోజల్ని  తిరస్కరించారని విని నిరుత్సాహంగా అనిపించింది.,Sadness
"వాళ్ళకు చట్టపరమైన విషయంలో దారి చూపించి, సహాయం చేయమని ఆ అడ్వొకేట్ దగ్గరకు వెళ్లి అడిగాను, కానీ ఉపయోగం లేకపోయింది!",Sadness
మాంద్యం వస్తుందనే భయంతో జనాలు స్వేచ్ఛగా ఖర్చు చేయలేకపొతున్నారు.,Fear
"వాళ్లకు ఒక నమ్మకమైన కస్టమర్ అయినందుకు, ఎక్కువ మొత్తంలో కొన్నందుకు నాకు ప్రత్యకంగా తగ్గింపు ఇవ్వని ఎలక్ట్రికల్ స్టోర్ మీద చిర్రెత్తింది.",Anger
పుస్తకాలు కొంటే డిస్కౌంట్ వచ్చినందుకు చాలా సంతోషంగా ఉండింది. వాటి మీద ఏడొందల రూపాయలు ఆదా చేశాను!,Happiness
"ఇబ్బందుల్లో ఉన్న ప్రాజెక్టుకు సహాయం చేయడానికి, సిఇఒ జోక్యం చేస్కుంటున్నారనే వార్త నాకు ఎంత ఆనందంగా ఉందో!",Happiness
ఈ మైనర్ ఎకౌంటుకు బ్యాంకు అందించే వడ్డీ రేటును చూసి నేను నమ్మలేకపోయాను! ఇది నేననుకున్న దానికంటే చాలా ఎక్కువ!,Surprise
"ప్రయత్నాలా? దీనికి ప్రయత్నాలు అవసరమవకూడదు, ఇది కనీస అంచనాగా ఉండాలి.",Disgust
"ఏవో కారణాల వల్ల, ఈ మధ్య నాకు మరీ తొందరగా బాధ, కోపం వస్తున్నాయి, మాట్లాడే ముందు రెండుసార్లు ఆలోచించాల్సి వస్తోంది.",Disgust
నా క్లాసులో మీ అబ్బాయి ప్రవర్తనతో నాకు పిచ్చి కోపం వస్తోంది.,Anger
"సరే, మీరు దాన్ని సరిగ్గా చేస్తే మంచిది. తప్పులు చేసి, నాకు ఏవో సాకులు చెప్తే ఒప్పుకోను.",Anger
ఆహ్! ఈ కొండమీద నుంచి చూస్తే అద్భుతంగా ఉంది.,Surprise
ఆధునిక సమాజంలో ఆడవాళ్ళ హక్కులు హరిస్తుండడం చూస్తుంటే కోపమొస్తుంది.,Anger
"ప్రపంచంలో ఉన్న అంతకంటే ముఖ్యమైన సమస్యలను పట్టించుకోకుండా, కొన్ని దేశాలు  అంతరిక్ష పరిశోధన మీద అంత డబ్బు  పెడుతున్నందుకు కోపంగా ఉంది.",Anger
"ఇదంతా ఆదాయపు పన్నును ఎగేస్తూ కూడా, విదేశాలకు డబ్బు కట్టలు పంపే వాళ్ళ వల్లనే.",Disgust
"శిథిలావస్థలో ఉన్న ఆ ప్రాచీన ఆలయం శపించబడిందని ఎవరో చెప్పినప్పుడు, దాని ద్వారం దగ్గరే వణుకుతూ నిలబడిపోయాను.",Fear
ఒక తప్పుడు యుటిలిటీ బిల్లు వేసినదానికి నాకు ఇందాకే రిఫండ్ వచ్చింది.,Happiness
"పోయినసారి శుభ్రం చేసేటప్పుడు కొన్ని ప్రదేశాలు వదిలేసారని క్లయింట్ నుంచి నెగటివ్ ఫీడ్బ్యాక్ విన్నాను. వాళ్ళు సంతృప్తి పడాలని, అలాగే మా వృత్తిపరమైన పేరును నిలబెట్టుకోవాలని నేను దీని సంగతి చూడాలనుకుంటున్నాను.",Fear
"బాడీ మరమ్మతుకి ఎంతవుతుందో అంచనా వచ్చినప్పుడు , అంత ఎక్కువ ఖర్చు అవుతుందంటే నమ్మలేకపోయాను. అది నా బడ్జెట్కు పెద్ద దెబ్బైంది.",Sadness
"మేము లోపలున్న నీళ్ళ పైపును దొరికిచ్చుకొని, రిపేర్ చేసి, నీళ్ళు సాఫీగా పారేలా చేయగలిగామని ఆనందంగా ఉంది.",Happiness
పదివేల  మందిని పంపేసిన తర్వాత ఒక నాయకుడు తనకు తను రెండు వందల శాతం ఎలా  జీతం పెంచుకోగలడో నాకు తెలియడం లేదు.,Disgust
కస్టమర్లు తమ షాపింగ్ అనుభవంపై  ఫీడ్బ్యాక్  ఇవ్వనప్పుడు నిరుత్సాహంగా ఉంటుంది.,Sadness
ప్రతి ఇరవై నిమిషాలకు ఒక సంకేతాన్ని పంపుతున్నట్లు కనిపిస్తున్న ఖగోళ వస్తువును చూసి ఖగోళ శాస్త్రవేత్తలు ఆశ్చర్యపోతున్నారు.,Surprise
కంపెనీలో పై అధికారులు రిజైన్ చేసారన్న వార్తతో ఉద్యోగుల మనోధైర్యం దెబ్బతింది.,Sadness
టీవీ రిపేర్ చేసే అతడిని చూస్తూ నిలబడలేకపోయాను. నిండా మట్టి మరకలున్న గులాబి రంగు చొక్కా  వేసుకున్నాడు.,Disgust
"నేను కొత్త సైకల్ కొన్నప్పుడు సైకిల్ అమ్మే అతను, అనుకోని ఉచిత బహుమతులు కొన్ని ఇవ్వడంతో నాకు చాలా ఆశ్చర్యమేసింది.",Surprise
"మధ్యాహ్నం భోజన విరామ సమయంలో సరైన సదుపాయాలు, భోజన ఎంపికలు లేకపోవడం నాకు కోపం తెప్పిస్తోంది. చూస్తుంటే నేలపై పని చేస్తున్నప్పుడు ఇక్కడ కార్మికులు దుర్భరంగా, ఆకలితో ఉండాలని భూస్వామి కోరుకున్నట్లుగా ఉంది.",Anger
మీరు నా ఫీడ్బ్యాక్ను పట్టించుకోనప్పుడు నన్నెందుకు ఇమ్మని అడిగారు?,Disgust
"ఖర్చులు నిర్లక్ష్యం చేస్తూ, అవసరానికి మించి పన్నులు కడుతుంటే నాకు చాలా చిరాకేస్తోంది.",Anger
మాస్టర్స్ డిగ్రీ కోసం అమెరికాకు వెళ్లిన ఓ అమ్మాయి ఆకలితో అలమటిస్తూ వీధుల్లో పడి ఉండడం చూడడం బాధగా ఉండింది.,Sadness
ఆట మొత్తంలో రిఫరీ తీసుకున్న పక్షపాత నిర్ణయాలు మండిపడేవిగా ఉండినాయి.,Disgust
ఆరోగ్య కేంద్రంలో ప్రత్యేకమైన ఎంఆర్ఐ సౌకర్యం లేదని తెలిసి ఆశ్చర్యమేసింది. ఇలాంటి చోట అన్ని అధునాతన సౌకర్యాలు ఉంటాయని అనుకున్నాను.,Surprise
నా పేమెంట్ సమాచారాన్ని తప్పుగా వాడే అవకాశం ఉండటంతో ఈ డెలివరీ సర్వీసు వాడుతూ ఉండాలంటే తటపటాయిస్తున్నాను.,Fear
"బీచ్లో మా మీదికి ఉరికొస్తున్న పెద్ద నీళ్ళ ధారను చూసినప్పుడు  భయపడి, బిగుసుకుపోయాను.",Fear
"కొత్త రెస్టారెంట్లో ఫుడ్ క్రిటిక్గా, భోజనం రుచి గురించి నాకు భయంగా ఉంది. చెఫ్ సరిగా చేసుండకపోవచ్చు.",Fear
"అబ్బే! అసహ్యంగా ఉంది! దీని రుచి కుళ్ళిన టొమాటోల లాగా ఉంది, ఈ రెస్టారెంట్లో ఇంకెప్పుడూ తినను.",Disgust
తన బైక్ టైర్ పంక్చర్ అవడం వలన తాను డోజోకి సమయానికి చేరుకోలేకపోయానని నా కోచ్ బాధపడుతూ నాకు ఫోన్ చేసాడు.,Sadness
స్టార్టప్లో నేను పెట్టే వ్యాపార పెట్టుబడి తగ్గడం చూస్తుంటే భవిష్యత్తు గురించి దిగులు పట్టుకుంది.,Fear
నా వినికిడిని ప్రశ్నించేందుకు మీకెంత ధైర్యం?,Anger
నాకు ఏ చెల్లింపు రాదంటే ఇంత ఎక్కువ ప్రీమియం ఎందుకు చెల్లించాలి?,Anger
మిజార్ ఇంకా అల్కోర్ అనేవి వివాహిత జంటలకు చూపించే జంట నక్షత్రాలు అన్న విషయం హిందూ మతంలోని మన పూర్వీకులకు తెలుసంటే నాకు ఆశ్చర్యమనిపిస్తుంది.,Surprise
రాత్రి భోజనానికి తాజా కూరగాయలు కొనడం మర్చిపోయానని బాధేసింది.,Sadness
ట్రిప్కి ఈ సారి నేను రాలేను. ఆదివారానికల్లా ఒక అసైన్మెంట్ సబ్మిట్ చెయ్యాలి.,Sadness
"జట్టు ఈ సీజన్లో ఎంతో బాగా ఆడి, అన్ని మ్యాచ్లను గెలుచుకుంది.",Happiness
"ప్యాకేజీ  తెరిచినప్పుడు ఆశ్చర్యపోయాను, ఎందుకంటే అది అప్పటికే ఒక వైపు నుండి చిరిగిపోయింది!",Surprise
"పది సంవత్సరాల పాటు తాగకుండా ఉన్నాను, అయితే నా నిగ్రహం గురించి నాకు సందేహంగా ఉంది.",Fear
లండన్లో ఓస్టెర్ టికెట్తో నేను మెట్రోతో పాటు బస్సులో కూడా ప్రయాణించే వీలుందని నేను గ్రహించలేదు.,Surprise
"అపార్దానికి క్షమించండి, కానీ ఆ ప్రత్యేకమైన అభ్యర్థనను తీర్చటం నాకు వీలుపడదు.",Disgust
"""ఆన్లైన్లో నేను పూర్తి చెయ్యాల్సిన పనుంది, కానీ వై ఫై లేకపోయేసరికి బెంగగా, కొంచెం చిరాకుగా ఉంది.""",Fear
"ఆన్లైన్లో మీ ఉత్పత్తి వివరణలు తప్పుదోవ పట్టించేవి అని, నిజమైనవి కాదని నాకు మీ మీద చాలా కోపంగా ఉంది.",Anger
నాకు పని చేయని యాప్ గురించి అంత గొప్పగా చెప్తూ నువ్వు పుండు మీద కారం చల్లుతున్నావు.,Anger
నా మనసులో చేదు జ్ఞాపకాన్ని మిగిల్చిన సరిగా ఏర్పాటు చేయని ఈవెంట్ను అనుభూతి చెందాక ఈవెంట్ మేనేజర్కు నా అసహ్యాన్ని తెలిపాను.,Disgust
ఇంత తియ్యటి జామకాయలను నేను ఎప్పుడూ రుచి చూడలేదు!,Surprise
ఐదేళ్ల క్రితం మరింత ఆదాయపు పన్ను కట్టమని అడుగుతూ నాకొక ఉత్తరం వచ్చినప్పుడు నేను వణికిపోయాను.,Fear
ప్రభుత్వం మౌలిక సదుపాయాలలో పెట్టుబడులు పెట్టకపోవడంతో నాకు చాలా కోపమొస్తోంది.,Anger
"ప్రతి ముక్కతో ఎందుకు తింటున్నాం అనిపించి, ఆ తర్వాత అసహ్యమైన రుచి మిగిల్చే కేక్ను తిని చూడండి",Disgust
ఎట్టకేలకు ఈ సినిమా చూస్తున్నందుకు చాలా థ్రిల్గా ఉంది! దీని కోసం కొన్ని వారాలుగా ఎదురు చూస్తూ ఉన్నాను.,Happiness
"ఐరోపాలో కొంతమంది భారతీయ పర్యాటకుల ప్రవర్తన అసభ్యంగా, అవమానకరంగా ఉంటుంది.",Disgust
కెనడాలో చెలరేగే కార్చిచ్చుల గురించి ఏమీ చేయలేక జనం భయపడుతూ ఉంటారు.,Fear
చాలా కొత్త స్టార్టప్లు మానసిక ఆరోగ్యం మీద దృష్టి పెడుతున్నాయి! ఈ రంగంలో మన ఇండియా ఇంత త్వరగా ముందుకెళ్తుందని ఎప్పుడూ  అనుకోలేదు.,Surprise
ఆరోగ్య కేంద్రంలో సర్జరీ ఖర్చులలో చాలా భాగాన్ని నా ఇన్సూరెన్స్ కవర్ చేస్తుందని అనుకుంటూ ఉండాను. కుప్పలు తెప్పలుగా ఉన్న బిల్లులు చూస్తుంటే దిగులుగా ఉంది.,Sadness
మ్యానుఫ్యాక్చరర్ నుంచి నా కొత్త లాప్టాప్ సకాలంలో వచ్చేస్తుందోచ్! ఎగిరి గెంతాలని ఉంది.,Happiness
"బ్యాంకుల్లో వ్యక్తులను తప్పుడు స్థానాలలో నియమించి, ఆపై వారు అంతంతమాత్రమే పనిచేస్తారని నిందించడం చూస్తే చిరాకేస్తుంది.",Anger
"ట్రోల్ చేస్తారని గత కొన్ని నెలలుగా ఎంత భయపడుతున్నానంటే ట్విట్టర్, ఫేస్బుక్, లింక్డ్ఇన్లలో ఆన్లైన్లో రాయడం మానేశాను.",Fear
కొంతమంది అభిమానులు అసహ్యం పుట్టించే పదాలు వాడటం చాలా ఇబ్బంది అనిపిస్తోంది.,Disgust
ఒక కస్టమర్కు వాళ్ళ అమ్మాయి కోసం సరైన బహుమతిని ఎంచుకోవడానికి సహాయం చేసినప్పుడు ఆనందమనిపించింది.,Happiness
"షాపు సిబ్బంది  బీదవాళ్లకు సహాయం కోసం  ఒక కమ్యూనిటీ ఈవెంట్లో పాల్గొన్నారు, జనం వాళ్ళని మెచ్చుకున్నారు.",Happiness
"దొంగలు ఎక్కడున్నారో మీ పక్కింటి వాళ్ళు మాకు సమాచారం ఇచ్చారు, వాళ్ళు ఈ చుట్టుపక్కల నుండి పోక ముందే, వాళ్ళని తేలికగా పట్టుకోవడంతో ఊపిరి తీస్కున్నాం.",Happiness
"ఓ కష్టమైన ప్రాజెక్ట్ కోసం నా టీమ్ పడిన కష్టాన్ని గుర్తించడానికి మా లీడర్ ఒప్పుకోడు, అది నాకు మండిపోతుంది.",Anger
"మేము రోడ్డు పక్కనే చిక్కుకుపోయేలా, బస్సు మళ్ళీ బ్రేక్ డౌన్ అయిందని చెప్తుంటే కండక్టర్ ముఖం వాడిపోయింది.",Sadness
"మా ఉత్తమ పెరఫార్మర్ ఇటీవల రాజీనామా చెయ్యడంతో  మా టీంలో పెద్ద లోటు ఏర్పడింది, మాలో స్ఫూర్తి కూడా తగ్గింది.",Sadness
"మామూలు బాడీ మరమ్మతు కోసం మెకానిక్ ఎంత వసూలు చేస్తున్నాడో చూడు,  నమ్మలేకపోతున్నాను! అతను నిస్సంకోచంగా  నా పర్సు ఖాళీ చేయడానికి ప్రయత్నిస్తున్నట్లు ఉంది!",Anger
"మా పిల్లవాడు ఏకాగ్రతతోనే  ఉంటాడు మరి,  ఒక ప్రదర్శన సమయంలో స్టేజ్ పై అతన్ని అటుఇటు కదలటం చూసి బిత్తరపోయాను.",Surprise
"టికెట్ కౌంటర్ చాలా మురికిగా, కంపుకొడుతోంది. నేను చెన్నైకి టికెట్ బుక్ చేసుకోవాలి, అక్కడ ఎలా నిలబడగలను?",Disgust
మా స్టోర్లోని వస్తువులో సృజనాత్మకత లోపించడం కనిపించిందని నాకు కొంచెం నిరాశగా అనిపించింది.,Sadness
చెన్నైలో జరిగిన ఓ సంగీత కచేరీలో యాన్నీ ఒకేసారి రెండు కీబోర్డులు వాయించటం చూసి ఆశ్చర్యం తట్టుకోలేకపోయాను.,Surprise
ఆ సినిమా పాత్ర కోసం ఆడిషన్కి కెమెరా ముందు నిల్చున్నప్పుడు నా అరచేతులు తడిసిపోయి నా గుండె వేగంగా కొట్టుకుంటూండింది.,Fear
"ఆ బీమా సంస్థ ఇచ్చే తప్పుడు హామీలు, పెడదారి పట్టించే సమాచారం విని విని విసుగేస్తోంది.",Disgust
పెద్దవారి ఎకౌంటుతో పోలిస్తే మైనర్ల  ఎకౌంటుకి రకరకాల ఫీచర్లున్నాయి. చాలా ఆశ్చర్యమేసింది! నాకు మళ్ళీ చిన్నపిల్లాడినైపోతే బావుండు అనిపించింది.,Surprise
టమాటా ధరలు పెరిగాయని తెలియదా? కొన్ని వారాలుగా బయట ఏం జరుగుతోందో తెలియకుండా ఏదో గుహలో బతుకుతున్నావా?,Disgust
"సుచీ, కచేరీకి ఒంటరిగా వెళ్లకు. జనం తాగేసి ఉంటారని విన్నాను, నీతో తప్పుగా ప్రవర్తించొచ్చు.",Fear
"మన ఆర్థిక నివేదికలు పద్దతిగా ఉండటం, మన లాభాలు స్థిరంగా పెరగడం చూసినప్పుడు నాకు ఏదో గొప్పగా సాధించినట్టు అనిపిస్తుంది",Happiness
ఈ పాస్తా సాస్ క్రీమీనెస్ నా నాలుక మీద చక్కగా పరుచుకుంటుంది.,Happiness
"అబ్బో, మేం ఈ విత్తనాలు నాటిన తర్వాత ఇంత త్వరగా మొలకెత్తడం చూస్తుంటే నమ్మలేకపోతున్నాను. అవి ప్రపంచంలోకి ఎప్పుడెప్పుడు వద్దామా అన్నట్లు ఉన్నట్లున్నాయి!",Surprise
"అబ్బో!  ప్రాథమిక సర్వీసింగ్ ప్యాకేజీ ఇన్ని కవర్ చేస్తుందని నేను ఎప్పుడూ ఊహించలేదు. ఆయిల్  మార్పు, టైర్ రొటేషన్, ఇంకా పూర్తి  తనిఖీ, ఇది నేను అనుకున్న దానికంటే చాలా ఎక్కువ విషయాలు కలిసి ఉంది!",Surprise
"మేడమ్, మీ ల్యాప్టాప్ సాఫ్ట్వేర్ సమస్యలు సరిచేయడంలో మేం సాయం చేస్తాం కానీ దయచేసి మీ వ్యాపారం మాత్రం ఇంకో చోటికి తీసుకెళ్లకండి.",Fear
కంపెనీ  నిర్వహణలో నిరంతర మార్పులతో నాకు అస్థిరతగా ఉంది.,Sadness
"టైటానిక్ వరకు వెళ్ళిన సబ్మెర్సిబుల్ ఎయిర్ టైం అయిపోయింది కాబట్టి, అది సమయానికి దొరకదని నాకు భయంగా ఉంది.",Fear
"అవన్ లో మాడిన  కుకీలను చూసి, మళ్ళీ బేక్ చేయడంలో విఫలమైనందుకు  నిరాశ అనిపించింది.",Sadness
"ఛ ఛ, వాస్తవాలను వక్రీకరించే సంచలన వార్తలతో విసిగిపోయి నేను న్యూస్ పేపర్ కొనడమే మానేశాను.",Disgust
"వేలితో పెయింట్ కలిపి, తర్వాత దాన్ని నాకడం ఆపు.",Disgust
డబ్ల్యూడబ్ల్యూ చూడటం నా వల్ల కాదు. ముందే ప్లాన్ చేసినట్లు అనిపిస్తుంది.,Disgust
"క్లిష్టమైన పనితనం ఉన్న ఈ బంగారు కంకణం అద్భుతమైనది మాత్రమే కాదు, ఇది నా బడ్జెట్కు కూడా సరిగ్గా సరిపోతుంది.",Happiness
నా బెస్ట్ ఫ్రెండ్డ్స్ లో  ఒకరు నన్ను వెన్నుపోటు పొడిచినప్పుడు నాకు ద్రోహం చేసినట్టు అనిపించింది .,Sadness
నా మాడ్యులర్ కిచెన్ ఆర్డర్ కోసం తప్పు కొలతలు వాడారని గమనించినప్పుడు ఆ కార్పెంటర్ మీద నాకున్న నమ్మకం పోయింది.,Sadness
తప్పకుండా! మీ ఈవెంట్కు ఖచ్చితంగా సరిపోయే కేక్ను ఎంచుకోవడానికి మీకు సంతోషంగా సహాయం చేస్తాను.,Disgust
"నా మేనేజర్లలో ఒకతను అర్ధరాత్రి పూట అతను పంపిన ఇమెయిల్స్కు వెంటనే బదులివ్వలేదని తన టీం వాళ్ళమీద అరిచి, మాటలంటే అతడి మీద నాకు ఎంత కోపమొచ్చిందో.",Anger
"విద్య ఎంత ముఖ్యమో, వాళ్ళ పేరెంట్స్ వాళ్ళ కోసం ఖర్చు చేసే డబ్బు ఎంత విలువైనదో తెలియని యుక్త వయసు పిల్లలతో మాట్లాడాలంటే నాకేమాత్రం ఇష్టముండదు.",Disgust
ఆ పరిసరాలు మర్యాదస్తులు ఉండేది కాదని ఆ అందమైన ఎయిర్బిఎన్బి అపార్ట్మెంట్ వదిలేసి వెళ్ళేటప్పుడు నాకు చాలా బాధేసింది.,Sadness
ఇబ్బందిలేని ప్రక్రియతో కాంబియం మా వాక్యూమ్ క్లీనర్కు సులభంగా సేవలు అందించడం చూసి నేను ఆశ్చర్యపోయాను.,Surprise
ఇన్స్టలేషన్ చేసాక కొన్ని క్యాబినెట్ తలుపులు ఒక దానికొకటి సరిగ్గా అమరలేదని చూసి నిరుత్సాహమనిపించింది.,Sadness
ఒక శాస్త్రీయ సంగీత కచేరీలో పదిహేడేళ్ల నా మేనకోడలు తన స్వర స్థాయితో నా మనసును పూర్తిగా దోచేసుకున్నప్పుడు భలే ఆశ్చర్యపోయాను.,Surprise
నా బంధువు ఆపరేషన్ కోసం ఆరోగ్య కేంద్రంలో ఏబీ నెగెటివ్  రక్తం దొరికినందుకు తేలికగా ఊపిరి పీల్చుకున్నాను. నా భుజాల మీది బరువు తీసేసినట్టుంది.,Happiness
కళలు మరియు సాంస్కృతిక కార్యక్రమాల కోసం విద్యా మంత్రిత్వ శాఖ నిధులను తగ్గిస్తున్నారని తెలిసి నాకు చిరాకేసింది.,Anger
మా అమ్మా నాన్న నా కోసం చేసిన వాటన్నిటికీ చాలా కృతజ్ఞతతో ఉంటాను. ఏదేమైనా నాకు వాళ్లెప్పుడూ అండగా ఉంటారు.,Happiness
మాతో ఈ పిచ్చి డ్రస్సులు ఎందుకు వేయిస్తున్నావు? నీ దగ్గర బాగుండే డ్రస్సేదీ లేదా?,Anger
ప్రమోషన్కి నన్ను పరిశీలించేందుకు నాకింకా అదృష్టం కలిసి రాలేదు.,Sadness
నా కారు కడిగేటప్పుడు దానికి  ఏదైనా నష్టం జరుగుతుందేమో అని నాకు దిగులుగా ఉండింది.,Fear
ఆ భారీ వ్యాపారం నుండి మాటిమాటికీ వచ్చే రోజువారీ స్పామ్ కాల్స్తో నాకు భలే కోపమోస్తోంది.,Anger
"వంటగది క్యాబినెట్లు పెచ్చులు లేచిపోయాయి,పెయింట్ సమంగా లేదు. నేను కొత్తవి చెయ్యటానికి డబ్బు కట్టాను, మేస్త్రీ అస్తవ్యస్తంగా పెయింట్ చెయ్యటానికి కాదు!",Anger
నేను కాలేజీకి అప్లై చేస్తున్నప్పుడు ఆ పెద్ద పెద్ద అకౌంటెన్సీ పుస్తకాలను చదవాలనే ఆలోచనే నాకు భయం పుట్టించింది.,Fear
కొంచెం బాధ్యతగా ఉండ లేవా? ఎప్పుడూ తాగేసి అర్థరాత్రికి ఇంటికి వస్తావు.,Anger
"నేను శుద్ధ మొద్దునని, ఫోన్లు ఎలా పనిచేస్తాయో అర్థం కాదని  అనుకుంటున్నారా?",Anger
"అన్ని గేమ్ల లక్ష్యం యూజర్ను గాలం వేసి పట్టుకొని, వాళ్ళను బానిసలుగా చెయ్యడమని నాకు తెలుసు, అందుకే ఇప్పుడే ఆపేస్తాను.",Disgust
"రైల్వే బుకింగ్ క్లర్క్ నేను ఢిల్లీకి త్వరగా వెళ్లాలంటే పట్టించుకోకుండా, నన్ను కౌంటర్ నుండి దూరంగా వెళ్ళమని చెప్తే బాధనిపించింది.",Sadness
సినిమా సన్నివేశంలో కొంతమంది యువకులు ఓ వృద్ధుడి మీద దాడి చేయడం చూసి నాకు కోపం రేగింది.,Anger
"మేం ప్రయాణం చేసిన ప్రతిసారీ మమ్మల్ని, మిగతా ఆసియన్లను తనిఖీ కోసం లాగిన యుఎస్ ఎయిర్పోర్ట్ సెక్యూరిటీ వాళ్ళ మీద చిరాకొచ్చింది.",Disgust
సమాధానాలు డిమాండ్ చేస్తూ ఆ క్లయింట్ లాయర్ ఆఫీసులోకి దూసుకెళ్లాడు!,Anger
నా క్రిప్టోకరెన్సీ హోల్డింగ్ల విలువ పెరిగిందోచ్!,Happiness
మన ఇంటిని తాకట్టు పెట్టొద్దు. మనం తీసుకున్న అప్పును సమయానికి కట్టలేకపోతే ఎలా?,Fear
నెలకొకసారి స్థానిక హోటల్లో బ్రేక్ ఫాస్ట్ కోసం నేను నా స్నేహితుడు కలుస్తాము.  పిచ్చాపాటి మాట్లాడుతూ  గంటలు గడుపుతాము. ఇది నాకెంతో ఇష్టం.,Happiness
"తండ్రిలాగే, కొడుకు కూడా. సార్, నలుగురిలో ఉన్నప్పుడు కాస్త మీ ముక్కులో దేవుకోవడం ఆపండి.",Disgust
"కుంభల్ఘఢ్ కోట చూడడానికి వెళ్ళినప్పుడు, నాకు చెదిరిన కలల భూమి మీద నడుస్తున్నట్టు అనిపించింది.",Sadness
"వాళ్ళ కెరీర్, వ్యక్తిగత అనుభవాల గురించి పెద్దగా చెప్పని సెలబ్రిటీతో విసుగొస్తుంది.",Anger
క్లాసులో రోజురోజుకు పని భారం పేరుకుంటూ పోవడంతో దానికి తగ్గట్టు చేయలేమోనని భయంగా ఉంది.,Fear
పుస్తకాలు అమ్మే అతను నేను అతన్ని అడిగినప్పుడు నా పుస్తకాలలో ఒకదాన్ని అమ్మిపెడతాడని నేను అస్సలు అనుకోలేదు!,Surprise
కర్ణాటకలో పర్యాటకులకు కన్నడం రాదని ఆ పర్యాటకులతో కొంతమంది స్థానికుల ప్రవర్తన అసహ్యకరంగా అనిపిస్తుంది.,Disgust
చెన్నైలోని నా చిన్ననాటి బేకర్ దగ్గర నాకిష్టమైన కేక్ ఫ్లేవర్ను ఆర్డర్ చేయటం గురించి చాలా ఆనందంగా ఉంది.,Happiness
నా హిందీ క్లాస్లో మీరు ఎప్పుడైనా బాగా చేశారా? మీ విద్యార్థులలో ఎవరూ భాష గురించి పట్టించుకోరు.,Disgust
"నేను సెక్యూరిటీ అతడికి టిప్ ఇచ్చినప్పుడు, అతడు దానిని మర్యాదగా తీసుకునేసరికి నాకు చాలా ప్రశాంతత అనిపించింది.",Happiness
ఎవరూ లేని అడవిలో ఎవరో నా భుజం మీద చేయ్యేసినప్పుడు ఉలిక్కిపడ్డాను.,Surprise
"డాక్టరు నాకు టెన్నిస్ ఎల్బో ఉందని, నా చేతిని ఎక్కువ శ్రమ పెట్టకూడదని చెప్పారు.",Sadness
"చాలా బాగుంది. వృత్తిపరంగా, వ్యక్తిగతంగా రెండిటిలో రాణించటానికి మీకున్న సమర్ధత స్ఫూర్తినిస్తుంది.",Happiness
మార్కెట్ పరిస్థితి గురించి ఆందోళనగా ఉంది. పరిస్థితులు మరింత దిగజారితే ఎలా?,Fear
"రెస్టారెంట్ వంటగది శుభ్రంగా లేకపోవడం నాకు ఏం బాగా లేదు. మురికి పాత్రలు, శుభ్రత లేని కౌంటర్లు చూస్తే ఏమాత్రం ఒప్పుకోలేను.",Anger
నా మొత్తం బిజినెస్ లోన్ను విజయవంతంగా కట్టేసానని నాకు హాయిగా ఉంది.,Happiness
మీ కోసం బ్యాంకు ఖాతా తెరవటం ఈ రోజు వీలు పడదు.  ప్రస్తుతం లేని డాక్యుమెంట్లు కొన్ని మాకు అవసరం అవుతాయి. ఏదైనా అసౌకర్యం కలిగితే క్షమించండి.,Sadness
"నాకు బాగానే అర్థమవుతుంది. కొత్త ఎకౌంటు తెరవడం భయం అనిపించవచ్చు, కానీ నేను హామీ ఇస్తున్నాను.",Fear
కంపెనీ ఈవెంట్లో వేదిక మీద హోస్ట్గా నిలబడాలనే ఆలోచనే  నాకు బెదురు పుట్టిస్తోంది.,Fear
ఈ దుకాణంలో నాకు ఎంతో అవసరమైనప్పుడు సహాయం చేయడానికి ఎవరూ ఉండరు.,Disgust
"శనివారం సాయంత్రాలు నేను ఈస్ట్ కోస్ట్ రోడ్ను దాటాలని చూసినప్పుడు, ఎవరూ నన్ను వెళ్ళనివ్వకపోతే నాకు చిరాకొస్తుంది.",Anger
"అన్నా, బిల్లింగ్ కాస్త తొందరగా పూర్తి చేయండి! పది నిమిషాల పైగా లైన్లో ఎదురుచూస్తున్నాను.",Anger
"కారు సమస్యలను నిర్ధారించడంలో నిపుణులమని చెప్పుకుంటారు, కానీ అసలు సమస్యనే గుర్తించలేక పోయారు, వీళ్ళెక్కడ మెకానిక్కులురా బాబు! దీనికి తోడు 'డయాగ్నొస్టిక్ పరీక్షలు' అంటూ ఖరీదైన చెల్లింపులు కూడాను !",Anger
అలాగా. మీరు మీ ఎకౌంటును మూసేయాలనే నిర్ణయం ఎందుకు తీసుకున్నారో అడగవచ్చా,Surprise
"ఇంట్లో వాడుకునే ఈ ఎలక్ట్రికల్ వస్తువుల ధర చూసి కొంచెం షాకయ్యాను, కానీ అన్నీ అమర్చిన ఇల్లు కావాలంటే జాగ్రత్తగా ఖర్చు చేయాల్సి ఉంటుందనుకుంటా.",Surprise
"నేను నిన్ను నమ్మి, ఏదైనా చెప్పినప్పుడు వినవు, ఆపై నేను నీకు ఏమీ చెప్పనని అంటావు.",Disgust
"అబ్బో, మిగతా అన్ని చోట్లా ఖరీదుగా ఉన్న కూరగాయలు ఈ షాపులో ఎంత చవకగా ఉన్నాయో నమ్మలేకపోతున్నాను!",Surprise
నాకు పరీక్షకు సంబంధించిన మెటీరియల్ అర్థం కాదేమోనని దిగులుగా ఉంది.,Fear
"ఉత్సాహమంతా పోయింది, నాకు సరిపోయేట్టు మార్చుకునే పని లేకుండానే, నాకు అవసరమైనట్టు ఉండే నాణ్యమైన ఫర్నిచర్ దొరుకుతుందేమో అనుకున్నాను.",Sadness
ఢిల్లీలో ఇన్ని రకాల మ్యూజియంలు ఉండటం చూసి నిజంగా అవాక్కయ్యాను.,Surprise
ఇది దారుణం! ఆ విరాళం మనం ఆధారపడగలిగేది కాదు.,Disgust
"కొరియర్ కంపెనీ నుండి ఇంత నాసిరకం సేవ చూసి నేను అవాక్కయ్యాను. నా పార్సల్ని సరిగ్గా హ్యాండల్ చెయ్యలేదు, అది ఘోరమైన స్థితిలో వచ్చింది.",Disgust
"జలవనరులను ఆక్రమించుకోడానికి బిల్డర్లకు అనుమతులు ఇస్తూ, పర్యావరణ పరిరక్షణను పట్టించుకోని ఆ రాజకీయ నాయకుడి తీరుతో నాకు పట్టరాని కోపమొస్తోంది.",Anger
"క్లయింట్ చాలా చిరాకు పడి, క్లీనింగ్ సిబ్బంది మీద నెగటివ్ ఫీడ్బ్యాక్ ఇచ్చినప్పుడు దాని సెగను నేను భరించాను.",Anger
కొన్నేళ్ళ కిందట జెఎన్యులో జరిగిన సంఘటనల గురించి ఒక వైపును సమర్ధిస్తూ వార్తాకథనం రాసిన జర్నలిస్టుల మీద కోపంతో రగిలిపోయాను.,Anger
పదమూడు మంది ఫుట్బాల్ ఆటగాళ్లను గుహల నుండి సజీవంగా బయటకు తీసుకొచ్చేసరికి నా కళ్ళను నేను నమ్మలేకపోయాను.,Surprise
గ్యాస్ సిలిండర్ ధరలు చాలా తక్కువగా ఉన్న రోజులు గుర్తున్నాయి. ఈ రోజుల్లో పెరుగుతున్న గ్యాస్ ధరలను సరిచూసుకోవటం పెద్ద భారంలా అనిపిస్తోంది.,Sadness
నా సమస్య అంటే నీకు సీరియస్నెస్ లేకపోవడంతో నేను నిన్ను నమ్మి ఉండాల్సింది కాదనిపిస్తోంది.,Disgust
ఫోన్తో మరింత జాగ్రత్తగా ఉండమని నీకు చెప్పాను.ఇప్పుడు ఏదో యుపిఐ మోసం వల్ల పది వేల రూపాయలు పోగొట్టుకున్నావు.,Anger
ఆఫీస్లో నా బెస్ట్ ఫ్రెండ్ నా కంటే ముందు ప్రమోషన్ కొట్టేయాలని  మా బాస్కి నా గురించి చెడుగా చెప్పినప్పుడు నా గుండె తరుక్కుపోయింది .,Sadness
"ఈ హాస్టల్ యజమానులు అద్దెలు పెంచుతూనే ఉన్నారు, వాళ్ళ ధరలు భరించలేకపోతున్నాను.",Sadness
ఇవాళ్ళ ఏం చేయాలని నన్ను అడుగుతున్నారంటే నమ్మలేకపోతున్నాను.,Disgust
"కస్టమర్లు బోలెడు చీరలు తీయించి, చూసి, ఒక్కటి కూడా కొనకుండా వెళ్ళిపోతే చాలా నిరాశగా ఉంటుంది.",Sadness
"మా ఈవెంట్ సమయంలో అగ్నిప్రమాదాలు, తొక్కిసలాటలను  ఎదుర్కోటానికి ఈవెంట్ మేనేజర్ ఏర్పాట్ల విషయంలో నరాలు బిగపట్టి ఉన్నాను.",Fear
మైలాపూర్ మెస్లో పొంగల్ రుచి నేను అనుకున్నదాని కంటే ఎంతో గొప్పగా ఉండింది. అమృతంలా ఉండింది.,Happiness
రూమ్ సర్వీస్ కోసం నేను అడిగింది సరిగ్గా అర్ధమయ్యిందా అని కొంచెం ఆందోళనగా ఉంది. ఇప్పటికి హోటల్లో ఎనిమిది  గంటలుగా ఉన్నాను.,Fear
"హంపీలో ఉన్న స్మారక కట్టడాలలో సున్నితమైన వివరాలు చూస్తే ఆశ్చర్యం అనిపిస్తాయి, నాకు గొప్ప ఉత్సాహం, ఆనందం అనిపించాయి.",Happiness
"అథ్లెట్ల మితిమీరిన దూకుడు, దురుసు ఆట సిగ్గుచేటుగా ఉంది.",Disgust
నాకు ఆర్ట్ క్లాస్ అంటే భలే ఇష్టం. మనకు నచ్చిన ఏ రంగుతో అయినా పెయింట్ చేయొచ్చు.,Happiness
యుపిఐ వచ్చినప్పటి నుంచి ఇక నా పర్సు తీసుకెళ్లక్కర్లేదు. ఫోన్తో ఎక్కడైనా ఎప్పుడైనా డబ్బు కట్టెయ్యొచ్చు.,Happiness
ఉదయం నా గ్రూపుతో కలిసి వ్యాయామం చేస్తే నాకు సంతృప్తిగా అనిపిస్తుంది.,Happiness
ఇంత హోంవర్క్ చూస్తుంటే నాకు కొంచెం భయంగా ఉంది.,Fear
"నిన్న ఆస్పత్రికి వెళ్లాను, రోత పుట్టింది. రోగులు పక్కలు పంచుకుంటున్నారు, కనీస శుభ్రత పాటించట్లేదు.",Disgust
బాక్సింగ్ మ్యాచ్ సమయంలో మైక్ టైసన్ మరొక బాక్సర్ చెవి కొరికినప్పుడు అతడంటే నాకు అసహ్యమేసింది.,Disgust
మల్ఖంబ్ను ప్రాక్టీసు చేసేవాళ్ళ శరీరం వంగే తీరు చూసి ఆశ్చర్యపోయాను!,Surprise
"భూస్వాముల నుండి మద్దతు, ఏర్పాట్ల కొరత వల్ల కార్మికుల కృషి వృధా పోతుందని నాకు కోపం తారాస్థాయికి వెళ్ళింది.",Anger
భారతదేశంలోని అస్తవ్యస్తమైన ట్రాఫిక్లో జనాలు ఏ ఇబ్బంది లేకుండా దూసుకెళ్లడం చూస్తే విదేశీయులకు ఎప్పుడూ ఆశ్చర్యమే!,Surprise
"ఈ త్రైమాసికంలో ఆదాయం తగ్గడం వలన నేను నిరుత్సాహపడ్డాను, దాంతో సమీప భవిష్యత్తులో వృద్ధిని ఊహించడం కష్టంగా ఉంది.",Sadness
బ్రోకర్తో నిజంగా నా సహనం  కోల్పోవడం మొదలయింది. నాకు బాల్కనీ ఉన్న చోటు కావాలని  అతనికి ఎన్నో సార్లు చెప్పాను. అతను నేను కోరుకున్నదానికి  విరుద్ధంగా వెతకడానికి ప్రయత్నిస్తున్నట్టు అనిపించింది.,Anger
"పనిలో ఒత్తిడి, ఆందోళనను సంభాళించడానికి ప్రయత్నించినప్పుడల్లా నేను నిరుత్సాహం, నిరాశలకు గురవుతాను.",Anger
మొబైల్లో ఇంటర్నెట్ బ్యాంకింగ్ కొన్నిసార్లు యుపిఐ కంటే వేగంగా ఉండొచ్చని తెలుసా?,Surprise
అతని మొబైల్ ఫోన్  మీద వాంతి చేసుకున్నాడు. చాలా అసహ్యంగా ఉండింది.,Disgust
"తప్పుడు దారుల్లో డబ్బు సంపాదించే ధనవంతులను చూసినప్పుడు, నాకు విరక్తి అనిపిస్తుంది.",Disgust
గడిచిపోయిన వారంటీ పై కస్టమర్ ఫిర్యాదుతో వ్యవహరించాలంటే నాకు కొంచెం భయంగా ఉంది.,Fear
"నేను ఇప్పుడే డ్రైవర్కి మెసేజ్ చేశాను, కానీ అతను తాగి ఉన్నట్టున్నాడు, ఇంకా ఈ టైంలో ఏ క్యాబ్ లేనట్టుంది.",Fear
నన్నెందుకు అలా చూస్తూ ఉన్నారు మేడం?,Disgust
"ఇంకా పెద్ద వజ్రంపై మనసుపడ్డా! కానీ నా బడ్జెట్ అంతవరకు సాగదు, ఏం చేయను!",Sadness
"నా టాక్స్ రిఫండ్ చాలా త్వరగా ప్రాసెస్ అయి, డబ్బు వెంటనే బదిలీ అయినప్పుడు చాలా ఆనందమేసింది.",Happiness
వెనుకవైపు పట్టుకునే రాడ్ లేని ఇంటర్ సిటీ బస్సుల్లో ఎక్కడం నాకు అస్సలు నచ్చదు. ఒక్క సడన్ బ్రేక్ వేసేసరికి ప్రయాణికులు ఎగిరి బస్సు ముందు భాగంలో పడతారు.,Disgust
మా ఆర్థిక లక్ష్యాలకు సరిగ్గా సరిపోయేదాని కోసం మేం రకరకాల లోన్ ఆప్షన్స్ని ఆత్రంగా పరిశీలించాం.,Happiness
"నా ఐస్ క్రీం కోన్ జారిపోయి, నేల మీద పడిపోయినప్పుడు ఎంత బాధనిపించిందో.",Sadness
కుక్కపిల్లల ముద్దు చేష్టలు చూస్తుంటే నా ముఖంలో చిరునవ్వు వస్తుంది.,Happiness
మా ఆవిడవాళ్ళ నాన్న అనుకోకుండా చనిపోయినప్పుడు బాధతో ఆమెకు రోజులు మసకబారినట్లు నిస్తేజంగా అనిపించాయి.,Sadness
"ఆ సినిమా చూసాక రాత్రిపూట నిద్రపోయేప్పుడు నాకు భయం, అందోళన అనిపిస్తున్నాయి.",Fear
అబ్బో! మీ అబ్బాయి పెళ్లి చేసుకోబోతున్నాడని తెలీదు!,Surprise
నువ్వు ఈ ఆట ఆడటం నేను చూడట్లేదు. దాని వెనుక నుంచి వస్తున్న సంగీతం ఆకట్టుకొని వదిలేలా లేదు!,Fear
"మాడ్యులర్ వంటగదిని చూసినప్పుడు నాకు అసహ్యమేసింది. అందులో కలిపి వాడిన రంగులు, టెక్స్చర్లు వికారం పుట్టించాయి.",Disgust
"ఏఐ మరింత విస్తృతమవుతున్న కొద్దీ, పోగల ఉద్యోగాల గురించి ఆలోచిస్తుంటే చాలా బాధగా ఉంది.",Sadness
"కొరియర్ సర్వీస్ నా పార్శిల్ను పోగొట్టి, కనీసం నాతో కాల్ చేసి మాట్లాడలేదంటే నాకు కోపం ఆగలేదు.",Anger
నా రిటైర్మెంట్కి దాచుకున్న డబ్బు విలువ తగ్గిపోతుందని ఆలోచిస్తే నాకు చాలా నిరుత్సాహంగా అనిపిస్తుంది.,Sadness
"నేను వ్యాయామం చేసాక, నాకు రోజంతా ఎనర్జిటిక్గా, పాజిటివ్గా అనిపిస్తుంది.",Happiness
"నేను ""ఏలియన్"" సినిమా చూసినప్పుడల్లా అలాంటి జీవాలు మనల్నిస్వాధీనం చేసుకుంటాయేమో అని భయంతో వణికిపోతాను.",Fear
మెజీషియన్ ఒకతన్ని అదృశ్యం చేసేసరికి  నాకు దిమ్మ తిరిగింది!,Surprise
రెస్టారెంట్లో నాకు ఇష్టమైన వంటకం అయిపోయేసరికి నేను నిరాశ పడ్డాను.,Sadness
"నా  షుగర్ స్థాయి ఇప్పుడు మామూలుగా ఉంది, ఇప్పుడు నాకు కావలసిన స్వీట్ ఏదైనా తినవచ్చు",Happiness
మన ల్యాప్టాప్లో మనం చేసేవన్నీ చూస్తారని టెక్నికల్ టీమ్ వాళ్ళు చెప్పారు.,Fear
నా పిల్లలకు మందులు కొనలేకపోతున్నందుకు కన్నీళ్ళు పెట్టుకుంటున్నాను.,Sadness
ఈ యాప్ నా ఫోన్ కెమెరాను ఉపయోగించి వస్తువులను ఎంత త్వరగా గుర్తించగలదో ఆశ్చర్యపోయాను!,Surprise
"ఆ నారింజ పళ్ళు కంపు కొడుతున్నాయి, చాలా మెత్తగా ఉన్నాయి.",Disgust
"పురుగులని చూసి తట్టుకోలేను, వాంతి వచ్చేటట్టు అవుతుంది.",Disgust
"ఇంటి రుణం తీసుకున్న రెండేళ్లలోనే నేను దాన్ని చెల్లించేశాను, నా మనసులో భారం తేలికైంది.",Happiness
"స్టాక్ మార్కెట్ ఇలా పతనం అవటం చాలా దారుణం, ఎందుకంటే దీన్ని ఆపి ఉండొచ్చు.",Anger
"నాకు స్పామ్ కాల్స్ అంటే చిరాకు. బ్యాంకుకు నా పర్సనల్ నంబర్ ఎలా దొరికింది, నాకు కాల్ చేయడానికి మీకెవరు పర్మిషన్ ఇచ్చారు?",Anger
"పంతొమ్మిది వందల తొంభై ఆరులో నాకు క్రెడిట్ కార్డు ఇవ్వలేదని, అమెరికా బ్యాంకింగ్ వ్యవస్థను తిట్టిన తిట్టు తిట్టకుండా తిట్టాను.",Anger
జిఎస్టి విధానంలో మార్పు వల్ల కలిగే అవకాశమున్న ప్రభావం గురించి నాకు భయాందోళన పెరుగుతోంది.,Fear
ముంబయిలో ఇక్కడి వీధి తిండి ఓ గొప్ప అనుభవం.,Happiness
"నేలమీద నీళ్ళ మడుగు కనిపించినప్పుడల్లా, ఫ్రిజ్ మళ్ళీ పాడైనట్టు అనిపిస్తుంది. నాకు విసుగొస్తోంది.",Sadness
"అమృత్సర్కి వెళ్లే రైలు మిస్ అయినందుకు బాధపడ్డాను, నేను వెళ్ళవలసిన ఓ ముఖ్యమైన మీటింగ్ ఉండింది.",Sadness
నువ్వు మీటింగ్లలో  వేరేవాళ్ళ గురించి మాట్లాడేటప్పుడు నీలో ప్రొఫెషనలిజం లేకపోవడం నాకు బాగా చిరాకు తెప్పిస్తుంది.,Anger
"నా బడ్జెట్ని బట్టి, గొప్ప నాణ్యత గల బంగారంతో తయారు చేసింది, చూపు తిప్పుకోలేనట్టుండే నగను నేను కొనగలనా అని కొంచెం దిగులుగా ఉంది.",Fear
"వెనుక భాగంలో డెక్, అవుట్ డోర్ కిచెన్ ఉన్న అద్దె ఇల్లు దొరికినప్పుడు నమ్మలేకపోయాను.",Surprise
ఆ టాబ్లెట్ మింగకు. అది పంది పేగులతో తయారు చేసిందని విన్నాను.,Disgust
"నాకు ఇంకో న్యూస్ పేపర్ కూడా కలిపి డెలివరీ ఇస్తే బాగుంటుంది! మా వాళ్ళు వస్తున్నారు, అందరూ వాళ్ళకు తీరినప్పుడు వార్తలు చదవుకోవాలనుకుంటారు.",Happiness
"డ్రైవింగ్ లైసెన్స్ కోసం ఆర్టీఓ ఆఫీసులోని అన్ని స్థాయిలలో వాళ్ళకు లంచం ఇవ్వాల్సి వచ్చేంత  అసహ్యకరమైన పని, ఇది  అంగీకరించడం కష్టం.",Disgust
రేపు మీరు ఇంకో రెస్టారెంట్ వెతుక్కోవచ్చు. మళ్ళీ ఇక్కడికి రావద్దు.,Anger
నేను ఈ ఆట ఆడను. ఈ బోర్డు ఆట ఆడిన ఆఖరి మనిషి బ్రతికి లేడు.,Fear
పెట్టుబడి కుంభకోణాల బారిన పడుతున్న ఇంత మంది బాధితులను చూస్తే ఆశ్చర్యమనిపిస్తుంది.,Surprise
"ఊర్లో వీధికి రెండు పక్కలా పైన కప్పిలేని మురుగుకాలువలు ఉండడంతో, అక్కడ నడిచేటప్పుడు వాంతి రాకుండా ఆపుకోవడం కష్టమయ్యింది.",Disgust
"అర్ధరాత్రి దాటాక ఎప్పటికో ఆలస్యంగా రాబోతున్న నా రైలు కోసం ఎదురుచూస్తూ, నిర్మానుష్యమైన స్టేషన్లో భయంతో అటూ ఇటూ చూశాను.",Fear
ఒకే సేవకోసం నాకు రెండు సార్లు ఛార్జ్ చేసేసరికి నేను హోటల్ మేనేజ్మెంట్తో గొడవ పడ్డాను.,Anger
మా బ్రాంచ్లో మీకు ఎదురైన చేదు అనుభవానికి క్షమించండి. అద్భుతమైన కస్టమర్ సర్వీస్ అందించాలని గట్టిగా ప్రయత్నిస్తాం,Surprise
మన పాఠం కోసం యాక్టివిటీలు ప్లాన్ చెయ్యటానికి నాకు ఉత్సాహం అనిపించట్లేదు.,Sadness
"పోయిన వారం ఓ పెంపుడు ఉడుతను అడవిలోకి వదిలొచ్చి, కొన్ని రోజుల వరకు చాలా బాధపడ్డాం.",Sadness
సంవత్సరాలుగా నేను ఒక నమ్మకమైన కస్టమర్ని తెలుసా! అయినా న్యూస్పేపర్ వేయనప్పుడు నేను పదేపదే అడగాల్సిరావడం చిరాకు తెప్పిస్తూంది.,Anger
మా అబ్బాయి హ్యుమానిటీస్ కాకుండా ఇంజనీరింగ్ డిగ్రీ చేయాలని నిర్ణయించుకున్నప్పుడు ఆశ్చర్యపోయాను.,Surprise
"దేశం గౌరవం కంటే డబ్బుకు ఎక్కువ విలువిచ్చి, భారతదేశానికి ద్రోహం చేయగలిగేంత కిరాయిగా పనిచేసే భారతీయులు చాలా మంది ఉన్నారని నా భయం.",Fear
నిన్న ఓ ముఖ్యమైన మీటింగ్కు వెళ్తుంటే దారిలో నా కారు పాడయ్యేసరికి నీరసం వచ్చింది.,Sadness
"ఈ దుకాణంలో రెస్ట్ రూమ్స్ ఎంత మురికిగా ఉంటాయంటే, వాటిని వాడాల్సి వచ్చినప్పుడు అసహ్యమేస్తుంది.",Disgust
"ఫ్రెంచ్ వాళ్ళు అమెరికన్ చీజ్, సాస్లను ఘోరమైనవి, రుచి పచి లేనివి అనుకుంటారు.",Disgust
ఆ రష్యన్ టెన్నిస్ ఆటగాడికి పోలాండ్లో టోర్నమెంట్ ఆడటానికి అనుమతి ఇవ్వనప్పుడు అభిమానులు రెచ్చిపోయారు.,Anger
అతను లేకుండా పని అవ్వదు అని నేను అనుకొన్న మా బాస్ను తీసేయడంతో లీడర్షిప్ టీం బాంబు పేల్చింది.,Surprise
"ఆడ డ్రైవింగ్ ఇన్స్ట్రక్టర్ కావాలని నేను ప్రత్యేకంగా అడిగాననే విషయాన్ని డ్రైవింగ్ స్కూల్ సీరియస్గా తీసుకోకుండా, మగ ఇన్స్ట్రక్టర్లను నియమిస్తూ ఉండటం చూస్తే చిరాకొస్తుంది.",Anger
"మెట్రోలో, కంపార్ట్మెంట్ లోపలనుంచి ప్రయాణికులు దిగేవరకు ఆగకుండా, లోపలకి దూసుకుపోతున్న జనాలని చూస్తే అసహ్యం వేసింది.",Disgust
"మా పన్నులు బాగా సిద్ధం చేసారని, ఆత్మవిశ్వాసంతో వ్యాపారాన్ని విస్తరించడం మీద దృష్టి పెట్టడానికి ఇది నాకు వీలు కల్పిస్తుందని నాకు ప్రశాంతంగా ఉంది.",Happiness
మహాసముద్రంలో స్పష్టమైన నీటి దృశ్యం మాటల్లో చెప్పలేనిది!,Surprise
ప్రయాణ సమయంలో ఆరు సీట్ల ఆ చిన్న విమానం గాలుల తాకిడికి గురవ్వటంతో నేను సీట్ హ్యాండిల్స్ గట్టిగా పట్టుకుని ఊపిరి బిగపట్టుకున్నాను.,Fear
"నాకు మీ దుకాణమంటే గిట్టదు ఎందుకంటే అక్కడ ఎప్పుడూ చెక్అవుట్ కోసం పొడవాటి లైన్లు ఉంటాయి, తగినంత మంది క్యాషియర్లు కూడా  ఉండరు.",Anger
"ఇండియాలోని ఈఆర్ డాక్టర్ల సామర్థ్యానికి అలవాటుపడ్డాక, యుకె ఈఆర్ డాక్టర్లు గంటకు ఇద్దరు రోగులకు చికిత్స చేయలేకపోయినందుకు నాకు మండిపోయింది.",Disgust
సైన్యాన్ని విమర్శించే వాళ్ళు జాతీయ భావం లేని కిరాయి సైనికుల కంటే ఇంకేం కారు. వాళ్ళకు కావలసిందల్లా డబ్బే.,Disgust
నా బిడ్డ ఎకౌంటును సరిగ్గా చూసుకోలేనేమోనని బ్యాంకు వారు అనుకుంటారంటే నా మీద నాకే అసహ్యం వేసింది.,Disgust
"నా చిన్నప్పుడు ఏం చేశావో, ఏం చేయలేదో ఇప్పుడు ఇంక పట్టించుకునే అవసరం లేదు నాన్న. కాస్త ఆత్మగౌరవం సంపాదించుకో!",Disgust
"నేను టెస్ట్లో పాసయుంటానని అనుకున్నాను, దాంతో నా టెస్ట్ రిజల్ట్స్ చూసి చాలా నిరాశ అనిపించింది.",Sadness
ఇంటి నుండి షాపింగ్ చేయడానికి అమెజాన్ మొబైల్ యాప్ ఎంత సౌకర్యంగా ఉందో చూసి నాకు ఆశ్చర్యమనిపించింది.,Surprise
"చురుకైన ప్రదర్శన తర్వాత ఆ అమ్మాయి పెద్దల పట్ల ఎంత వినయం, గౌరవం చూపిందో చూస్తే  నాకు చాలా ముచ్చటేసింది.",Happiness
"అబ్బో, రెండేళ్లలో మొదటిసారి ఇవాళ్ళ బస్సు ఆలస్యమయ్యింది.",Surprise
కొత్త పన్ను చట్టాలు దివ్యంగా ఉన్నాయి! ఈ సంవత్సరం నేను తక్కువ పన్ను చెల్లించొచ్చు!,Surprise
వాషింగ్ మెషీన్ మోటారు మీద జీవితకాల వారంటీ ఇస్తున్నారంటే నమ్మలేకపోతున్నాను.,Surprise
"రెస్టారెంట్ శ్రద్ధగా చేసే సేవ, ఇంకా చిన్న చిన్న విషయాల గురించి శ్రద్ధ, ఆ భోజనాన్ని మరింత ఆనందించేలా చేస్తాయి.",Happiness
"వ్యక్తిగతంగా నాకు చాలా బాధ్యతలున్నాయి, దాంతో ప్రమోషన్ కోసం నన్ను పట్టించుకోవడం లేదని నిరసన వ్యక్తం చేస్తే ఈ ఉద్యోగం పోతుందేమోనని భయపడుతున్నాను.",Fear
"ఈ కీలకమైన ఒప్పందం మీద నేను అంత డబ్బు ఖర్చు చేసిన తర్వాత దాన్ని నా ముఖ్యమైన పోటీదారులకు ఓడిపోయినప్పుడు ఈ సేల్స్ టీమ్ని నేను ఎందుకు ఉంచుకోవాలనుకుంటాను, అన్నారు సీఈఓ.",Anger
ఏఐలో ఎంత అభివృద్ధి జరిగిందో చూసి ఆశ్చర్యపోయాను. ఈ రంగంలో పురోగతులు ఊహించలేనంత వేగంతో జరుగుతున్నాయి.,Surprise
ఒక కస్టమర్ మా సేవ గొప్పగా ఉందని మంచి టెస్టిమోనియల్  ఇవ్వడంతో మేము ఆనందం పట్టలేకపోయాం.,Happiness
"నేను ఉండే చోట షేర్డ్ ఆటోలు తరచుగా ఉండటం నాకు భలే నచ్చుతుంది, బస్సు కోసం ఎదురుచూడాల్సిన పని లేదు.",Happiness
మా అమ్మకు వేళ్ళలో నొప్పిని ఏ డాక్టర్ తగ్గించలేకపోయినప్పుడు ఆమెను చూసి బాధనిపించింది.,Sadness
మా అమ్మానాన్న చనిపోయినప్పటి నుండి వాళ్ళు లేనందుకు చాలా బాధపడుతున్నాను. ఎవరైనా అంతకంటే మంచి తల్లిదండ్రులను కోరుకోలేరు.,Sadness
"ఆ ప్యాకేజీ నా దగ్గరకు రాకముందే   ఎవరో తెరిచారన్న విషయం అది తెరిచినప్పుడు నాకు తెలిసి, అసహ్యం వేసింది.",Disgust
ఐర్లాండ్లోని పచ్చదనం కళ్లకు కనువిందు చేస్తుంది.,Happiness
సామాన్యులు అందుకో లేనంత ఉండాలని ఆ కంపెనీ మందుల ధరలను కావాలని పెంచడం ఏం బాలేదు.,Disgust
ఏదైనా అవసరాలకు ఆరోగ్య కేంద్రం దగ్గరలో ఉందని నాకు ఈ మధ్య ఆనందంగా ఉంది.,Happiness
"కాళ్లు చాపుకోడానికి చోటు లేకుండా, ఇరుకుగా ఉండటంతో, టూర్ బస్సులో ప్రయాణం నాకు చిరాకు తెప్పించింది.",Anger
నన్ను కోట చుట్టూ తిప్పి చూపించినందుకు గైడ్ నా దగ్గర చాలా ఎక్కువ డబ్బులు తీసుకున్నాడని తెలిసినప్పుడు నేను కోపం పట్టలేకపోయాను.,Anger
"మా షాపు వాతావరణంలో ఆత్మీయత, స్నేహభావం లేకపోవడంతో నాకు  కొంచెం నిరాశగా ఉంది.",Sadness
వాడుకలో లేని ఎకౌంట్ల నుండి డబ్బులు దోచుకునే బ్యాంకు సిబ్బంది అంటే నాకసహ్యం.,Disgust
అంత తళతళలాడే రంగులను ఈ కెమెరా ఎలా బంధించగలదో చూసి నేను ఆశ్చర్యపోయాను!,Surprise
డ్రైవింగ్ ఇన్స్ట్రక్టర్ నా డ్రైవింగ్ నైపుణ్యాలను పరీక్ష చేస్తారనే ఆలోచనతో కొంచెం భయమేస్తుంది. సరిగ్గా చెయ్యగలనో లేదో.,Fear
మీరందరూ చెప్తున్న పొంతనలేని మాటలతో నాకు విసుగోచ్చేసింది.,Disgust
నా బంధువు ఓ బీద వ్యాపారితో ధర ఇరవై రూపాయలు తగ్గించమని బేరమాడిందని ఆమె మీద చిరాకేసింది.,Anger
స్థానికుల పనితనం యొక్క నాణ్యత ఊహించని విధంగా అత్యుత్తమంగా ఉంది .,Surprise
ఆ ఆటగాడు మితిమీరి గొప్పలు చెప్పుకోవటం పోగరుమోతుతనం.,Disgust
"త్వరలో ఏదైనా స్పెషల్ డీల్ వస్తుందా అని ఆలోచిస్తున్నాను. నా గ్యాస్ సిలిండర్, ఇంకా నేను ఓ చిన్న పండగ చేసుకోవచ్చు!",Surprise
"నేను అలా చేయొద్దని అడిగినప్పటికీ, నా వెనుక ఉన్న ప్రయాణీకుడు నా సీటును తంతూ ఉండడంతో, నా ఫ్లైట్ సౌకర్యంగా ఉండబోదని రాజీ పడిపోయాను.",Sadness
దయచేసి నా షాప్ మూసేయొద్దు. నేను కొద్దిపాటి రాబడిగల చిన్న పూల వ్యాపారిని.,Fear
గత కొన్ని వారాల్లో చాలా చిక్కిపోయావు.,Surprise
"ఖరీదైన కొత్త వస్తువు వేయించే బదులు రిపేర్తో బయటడవచ్చేమో అనుకున్నాను, కానీ రిపేర్ ఖర్చులే చాలా ఎక్కువ అని తెలిసేసరికి నా ఉత్సాహం అంతా నీరు కారిపోయింది.",Sadness
నా వ్యాపారం కోసం తీసుకున్న అప్పును విజయవంతంగా తీర్చేశానని మనసు తేలికగా అనిపిస్తోంది.,Happiness
విద్యుత్ బోర్డు పనివాళ్ళు భూమికి యాభై అడుగుల ఎత్తున ఉన్న ప్లాట్ఫారమ్ మీద జాగ్రత్తగా నడుస్తూండటం చూస్తుంటే నాకు భయంతో ఊపిరాడలేదు.,Fear
దారిలేకుండా తిరుగుతున్న ఒక గ్రహశకలం భూమిని నాశనం చేయచ్చని ఆలోచిస్తేనే నాకు  భయమేస్తుంది.,Fear
"పని పట్ల ఆమెకున్న నైతిక ప్రవర్తన, అంకితభావం సంవత్సరాలు తరబడి నన్నుఆశ్చర్యపరిచాయి, ఆమె ఇప్పుడు ఇంకో చోటికి మారాలనుకుంటుందంటే నమ్మబుద్ధి  కావట్లేదు.",Surprise
"అన్నేసి గంటలు పని చేసి, క్లయింట్ మెప్పుని పొందినా కూడా, క్లీనింగ్ టీముకి తగిన బహుమతి ఇవ్వలేక పోతున్నాం చూడు. ఇది చాలా దురదృష్టకరం!",Sadness
నేను ఇంకో సెలవు కావాలని బాస్ని అడగడం లేదు. ఆయన నన్ను ఉద్యోగంలో నుంచి తీసేయొచ్చు.,Fear
మేం కనీసం గుర్తు పట్టలేని వాళ్ళ కోసం వెతక్కుంటూ తిరగటం తప్ప మాకు వేరే పని లేదనుకుంటున్నారా?,Disgust
చాలా మంది మనుషులను చాలా చెడుగా చూపించే కొన్ని తమిళ టీవీ సీరియల్స్ చూసి నాకు రోత పుట్టింది.,Disgust
"నా పరీక్షల కోసం ముందుగానే చదవడం పూర్తి చేసి ఉండేవాడిని, కానీ నా టెక్స్ట్ బుక్ను అడిగి తీసుకొని ఆలస్యంగా తిరిగిచ్చిన ఓ బుర్రలేని వాడి వల్ల అవ్వలేదు.",Anger
"నేను వెబ్సైట్ నుంచి పుస్తకాన్ని ప్రీ ఆర్డర్ చేయాలని చూసిన ప్రతిసారీ, నాకు స్టాక్లో లేదని మెసేజ్ వస్తోంది, ఇది నన్ను బాధపెడుతోంది.",Sadness
మేము వెళ్తున్న పాత కోటలో చూడదగినది ఏమీ లేదని క్యాబ్ డ్రైవర్ నాకు చెప్పాడు. అది విని నేను నీరుగారిపోయాను.,Sadness
బస్సుని హైవే మీద ఆ డ్రైవర్ స్టంట్ మ్యాన్లా నడుపుతుంటే అతని  మీద నాకు కోపం వచ్చింది .,Anger
క్లాసులో కేవలం మా అబ్బాయి ప్రవర్తన గురించే మ్యూజిక్ టీచర్  ఫిర్యాదు చేసేసరికి నాకు చాలా బాధేసింది.,Sadness
"ఆ సైకిల్ ఎంత పాతగా ఉందో, దాని గొలుసు పూర్తిగా తుప్పు పట్టేసింది చూడు.",Disgust
సైకిల్ అమ్మే అతను నాకు నాసి రకపు సైకిల్ను మంచి సైకిల్గా అమ్మడానికి ప్రయత్నించినప్పుడు నాకు పిచ్చి కోపం వచ్చింది.,Anger
"ప్రదర్శనలో ఉన్న కళాఖండాల శ్రేణి, వైవిధ్యం చూసి నాకు నిజంగా ఆశ్చర్యం వేసింది.",Surprise
"అకౌంటెంట్ ఇచ్చిన ఆర్థిక నివేదిక చూసాక, మన భవిష్యత్తు గురించి ఆశ లేకుండా పోయింది.",Sadness
"హోటల్ గది చాలా శుభ్రంగా ఉంది, అనుకోకుండా ఏదో పురుగు లోపలికి వచ్చినప్పుడు సిబ్బంది చురుగ్గా పని చెయ్యటం కూడా అలాగే ఉండింది.",Happiness
"మీ నగలు డిజైన్ చేసేవాళ్ళు ఈ ఉంగరం డిజైన్ని ప్రామాణికంగానూ, సొగసుగానూ ఎంత బాగా చేసారో చూసి నాకు భలే ఆశ్చర్యమనిపించింది.",Surprise
కెనరా బ్యాంకులో పెద్ద లాకర్ కోసం దరఖాస్తు చేస్తే అది వచ్చినప్పుడు మా సంతోషం అంతా ఇంతా కాదు.,Happiness
"చాలా సంవత్సరాలుగా మీ నగల షాపుకి నేను నమ్మకమైన కష్టమర్ని,అలాంటిది నాకు ఈ నాసిరకం ఆభరణాలు చూపిస్తారా? బుద్ధి లేకపోతే సరి.",Anger
"స్టాక్ మార్కెట్లో ఇన్సైడర్ ట్రేడింగ్, మార్కెట్ మానిప్యులేషన్ ఇంకా జరుగుతుండడం అసహ్యం కలిగిస్తోంది. ఇది ఘోరమైన అధికార దుర్వినియోగమే, ఇది మార్కెట్ సమగ్రతను దెబ్బతీస్తుంది.",Disgust
"పాజిటివ్ వార్తలు, వ్యక్తుల విజయాలను మాత్రమే ప్రచురించే వెబ్సైట్లు  ఏవైనా ఉన్నాయా అని నాకు తెలియదు.",Surprise
సరిగా పనిచేయని కొంతమంది లీడర్లకు ఆడంబరమైన బోనస్లు ఇవ్వటం చూస్తుంటే అసహ్యమేస్తుంది.,Disgust
నాకు ఇష్టమైన షాపు తెరిచి వుండే సమయం తగ్గించే సరికి నాకు బాధ అనిపిస్తోంది.,Sadness
పని ప్రారంభించటానికి ప్రణాళికలు వేసుకోనే ముఖ్యమైన సమావేశానికి సీనియర్ క్లయింట్ మేనేజ్మెంట్ బృందం రాకపోయేసరికి నాకు పట్టరాని కోపం వచ్చింది.,Anger
గడువు దాటిన ఈ ప్రాడక్టులను మా దుకాణంలో నిల్వ చేయాలని పంపిణీదారులు అడిగితే నాకు అసహ్యం వేసింది.,Disgust
"ఒక యజమానిగా చూస్తే, మీ రాజీనామా మా జీతం బడ్జెట్ మీద, టీమ్ మొత్తానికి ఇచ్చే జీతం మీద ఎలాంటి ప్రభావం పడుతుందో అని నాకు ఆందోళనగా ఉంది.",Fear
"అతను నా కారును దురుసుగా దాటి వెళ్లి, నన్ను కదలనీయకుండా ఎలా ఆపుతాడు?",Anger
"తాలిబాన్లు ఆడవాళ్లను ఉద్యోగం  చేయనివ్వకపోవటం చూస్తుంటే, వాళ్ళమీద చాలా కోపమొచ్చింది.",Anger
ఈ అరటిపండు నిన్న కొన్నాను కానీ అప్పుడే కుళ్ళిపోయింది.,Sadness
"గ్యాస్ ధరల పెరుగుదల చూస్తే చాలా చిరాకేస్తుంది, ముఖ్యంగా మనకు వేరే దారి లేనప్పుడు.",Anger
పరిశ్రమ లాభాల కోసం వాళ్ళు పర్యావరణ నిబంధనలను పట్టించుకోకపోవడం చూసి నేను తట్టుకోలేకున్నాను.,Anger
"తంజావూరు ఆలయ నిర్మాణం,ముఖ్యంగా పై భాగంలో ఉన్న పెద్ద రాయి, కళ్ళు తిప్పుకోలేనట్టు ఉంటుంది.",Surprise
"నలభై ఐదు  నిమిషాలు నా లైన్ హోల్డ్లో పెట్టి, ఆ తర్వాత నాకు సహాయం చేయలేవని చెప్పడం ఏంటి?",Anger
"వృత్తిపరమైన క్రీడలలో మితిమీరిన వ్యాపారధోరణి, దురాశ రోత పుడతాయి.",Disgust
ఈ కట్టడం పదివేల సంవత్సరాల నాటిదని తెలుసా?,Surprise
కొత్త మహిళా ఇన్స్ట్రక్టర్ ఎలా నేర్పుతారో తెలీట్లేదు. ఒక కొత్త బోధనా పద్ధతికి అలవాటు పడాలనేసరికి కొంచెం ఆందోళనగా ఉంది.,Fear
"అన్నా! ఇంత పెద్ద బరువెత్తుతావని నేనెప్పుడూ అనుకోలేదు, నువ్వో అద్భుతానివి!!",Surprise
"బ్యాంకు సిబ్బంది  మమ్మల్ని పట్టించుకోకుండా అలా కాలాయాపన చేస్తున్నారు, కస్టమర్లను ఎలా ట్రీట్ చేస్తున్నారో చూస్తే నాకు వికారంగా ఉంది.",Disgust
"బిగ్గరగా తేన్చోద్దు, అసహ్యంగా ఉంటుంది.",Disgust
"నేను వెతకడం మొదలుపెట్టిన రెండు వారాలలోనే దొరికిన కమర్షియల్ అద్దె భవనంలో అనుకోని విధంగా ఇంటర్నెట్, సౌకర్యాలు కూడా ఉన్నాయి.",Surprise
"లైసెన్స్ కోసం ఆ పరీక్షలు, తనిఖీలు చేయించుకోవాలంటే చాలా భయంగా ఉంది.  దాటడానికేదో చాలా పెద్ద అడ్డంకిలా అనిపిస్తోంది.",Fear
ఇలాంటి చెత్త సినిమా తీసినందుకు దర్శకుడి మీద ఎంత చిరాకేసిందో.,Anger
ఆ ప్రముఖ లాయర్ ఈ కేసుకు ఎలా జవాబు ఇస్తారో క్లయింట్కు తెలియలేదు.,Fear
"ఆ మేక అతని చెయ్యి నాకింది, అతను చెయ్యి కడుక్కోకుండా అదే చేత్తో బిస్కెట్ తిన్నాడు.",Disgust
పొలాల్లో పని చేస్తున్నప్పుడు భోజన విరామాలకు సౌకర్యంగా నీడ ఉన్న ఓ ప్రదేశం ఉంటే బాగుంటుంది.,Happiness
మరింత మంది ప్రతిభావంతులను తీసుకురావడానికి జరుగుతున్న నియామక ప్రయత్నాలకు సహాయపడాలని ఆ సాంకేతిక ఉద్యోగి తీసుకున్న నిర్ణయాన్ని బాగా ప్రశంసించారు.,Happiness
ఆ స్తంభాలు చూడు. నాచు పట్టిపోయాయి.,Disgust
"మొబైల్ ఫోన్లు లక్ష్యంగా చేసుకుని, లక్షలాది మంది యూజర్లకు నష్టం కలిగించిన కొత్త సైబర్ సెక్యూరిటీ ఉల్లంఘన గురించి ఆందోళనగా ఉంది.",Fear
నా టాక్స్లు ఫైల్ చెయ్యటం ఎందుకు మర్చిపోయావు షాలినీ? నిన్ననే చెయ్యమని చెప్పాను కదా.,Anger
మీ స్టోర్ రిటర్న్ పాలసీని మాటిమాటికి మారుస్తూ ఉండడంతో విసుగోచ్చేసింది.,Anger
రెండు వారాల్లో మళ్ళీ నిజంగా నడవగలుగుతానా?,Surprise
"రెస్టారెంట్ మెనూలో వేరేవేరే రకాలు లేకపోవడం నాకు నిరాశగా అనిపిస్తోంది, ఒక దశాబ్దంగా ఇలాగే ఉంటోంది.",Disgust
గత మూడు నెలలుగా వాన పడలేదు. ఈ నెల ఏమీ సంపాయించుకోలేము.,Sadness
"దుకాణంలో ఫ్రిజ్లోని వస్తువులు కంపుకొడుతూ, అసహ్యంగా  ఉండటం షాపర్లు చూసారు.",Disgust
ప్రెస్ తన ఆర్థిక విషయాల గురించి ప్రశ్నించినప్పుడు రాజకీయ నాయకుడుకి  కోపం వచ్చింది.,Anger
మీరు ఇన్స్టాల్ చేసిన మాడ్యులర్ కిచెన్ చూసి పిచ్చి కోపం వస్తోంది.,Anger
నాకెందుకు ఎప్పుడూ వయసు గుర్తు చేస్తూ ఉంటావు?,Anger
యూఎస్లో నా స్నేహితుడి ఈవీ కారు ఎంత నిశ్శబ్దంగా ఉండిందంటే దానిలో ప్రయాణిస్తుంటే కలలాగా అనిపించింది.,Happiness
సమయానికి ఇంటికి నా పుట్టినరోజు కేక్ రాకపోయేసరికి నేను నిరాశపడ్డాను.,Sadness
"ఏదైనా సాధించడానికి నేను కష్టపడి పని చేసినా అది జరగని ప్రతిసారీ, నాకు చాలా దిగులుగా అనిపిస్తుంది.",Sadness
"బ్యాంకు వాళ్ళమని చెప్పుకొని, ఏదో ఆర్థిక లావాదేవీ ధృవీకరించడానికి నన్ను ఓటిపి అడిగిన ఒక కాలర్ గురించి నేను జాగ్రత్తపడ్డాను.",Fear
ఇవాల్టి రేసులో నేను సరిగ్గా పరిగెత్తకపోతే కోచ్ నా చెంపలు వాయిస్తాడు.,Fear
"ప్రతి నెలా సరుకులు తెచ్చుకునే విషయంలో, వీధిలో ఉన్న దుకాణం వాటిని తప్పకుండా ఇంటికి డెలివరీ చేస్తుందని ధీమాగా ఉంటాను.",Happiness
ఆ మడ్డి మనుషులతో జాగ్రత్త. వాళ్ళు మన నగలు కొట్టేయ్యాలని చూస్తున్నారనుకుంటా.,Fear
"మా అబ్బాయి ఫుట్బాల్ ఎక్కువ ఆడడు, కానీ వాడికి ఆ ఆట గురించి ఉన్న పరిజ్ఞానం చూస్తే  ఆశ్చర్యమనిస్తుంది.",Surprise
నేను వింటోన్నది నమ్మలేకపోతున్నాను! బెంగళూరు వాసులు ఆకాశంలో ఒక తలుపును చూశారంట!,Surprise
"ఒక వ్యాపారస్తుడిగా, పన్ను అధికారులు అనుకోకుండా ఆడిట్కి వస్తారేమోనన్న ఆలోచనకే వెన్నులో వణుకొస్తోంది.",Fear
బ్యాంకు విధానాలు నన్ను నిజంగా చిరాకు పెడతాయి. నా చిన్న పిల్లాడికోసం ఖాతా తెరుస్తునప్పుడు వాళ్ళనుంచి ఇంకా ఎక్కువ మద్దతుని ఆశించాను.,Anger
జరగబోయే గ్రూప్ డిస్కషన్ గురించి కొంచెం భయంగా ఉంది.,Fear
ఓయ్! ఈ పుస్తకానికి ఇరవై ఐదు శాతం డిస్కౌంట్ ఉంది కానీ నా దగ్గర ఎక్కువ వసూలు చేస్తున్నావు. నన్ను మోసం చేయాలని చూస్తున్నావా?,Anger
విద్యకు ఆగకుండా పెరిగిపోతున్న ఖర్చులు నా శక్తినంతా లాగేస్తున్నట్టు ఉంది.,Sadness
నేను ఈ రోజు ప్రయాణానికి పబ్లిక్ బస్సు ఎక్కినప్పుడు బస్సులో  భరించలేని కంపుతో ఇబ్బందిగా అనిపించింది.,Disgust
"మా ఇంట్లో నువ్వు చేసిన పనులన్నీ నాకు చాలా తృప్తిగా ఉన్నాయి. ఎవరికైనా మంచి తాపీ మేస్త్రీ అవసరమైతే, నీతో చేయించుకోమని చెప్తున్నాను.",Happiness
నా కంపెనీ స్టాక్ విలువ అకస్మాత్తుగా తగ్గిపోవడం నన్ను నిరాశపరిచింది.,Sadness
"మేం ఒక కస్టమర్కు ప్రత్యేకించిన సిఫారసు చేసినందుకు అతడు మెచ్చుకున్నాడు, అది సహజంగానే మాకు సంతోషాన్ని కలిగించింది.",Happiness
శుభం!  ఎలాంటి పూచీకత్తు లేకుండానే బ్యాంకు మేనేజర్ నీ లోన్ ఆమోదించారా?,Surprise
"ప్రేక్షకులకు చప్పట్లు కొట్టమని సంకేతాలు ఇస్తున్నారని స్పష్టంగా తెలుస్తోంది, అది చాలా కృత్రిమంగా కనిపిస్తుంది.",Disgust
"రాహుల్! మాట్లాడటం ఆపు, లేదంటే లీలావతి మేడమ్ మనల్ని ఓ గంట సేపు సూర్యుడిని చూస్తూ ఉండేలా చేస్తారు.",Fear
"డ్రైవర్ షేర్ ఆటోను జనంతో నింపి, నాకు కూర్చోవడానికి సరిపోని చోటు మిగిల్చాడని  చిరాకేసింది.",Anger
నా పెట్టుబడి ఖాతాలకు నేను ఎంత ఫీజు చెల్లిస్తున్నానో చూస్తే నిరుత్సాహంగా ఉంటుంది.,Sadness
నల్ల రంగులో అన్నిటికంటే కొత్త మోడల్ కావాలని అడిగాను. నాకెందుకీ పాత పసుపు రంగు కారు అమ్ముతున్నారు?,Anger
"ఎలక్ట్రికల్ షాపు, వాళ్ళ వస్తువుల మీద ఇంత సమగ్ర వారంటీని, ఇంకా రిటర్న్ పాలసీని అందించడం ఉత్సాహనిస్తుంది.",Happiness
ఈ బతుకు బతకడం వల్ల ఏం ఉపయోగం అని నేను అనుకునే దౌర్భాగ్యపు రోజులు కొన్ని ఉంటాయి.,Sadness
లక్షాధికారి భార్య టైటాన్ సబ్మెర్సిబుల్ లో మరణించిన తన కొడుక్కి సంతాపం వ్యక్తం చేసింది.,Sadness
ఆ ఫౌల్ విషయంలో నాకు చాలా కోపం వచ్చింది! రిఫరీ దాన్ని కాల్ చేసి ఉండాల్సింది.,Anger
నేను  బ్యాంకులోకి వెళ్ళిన పావుగంటలో నా పిల్లవాడికి ఖాతా తెరిచినప్పుడు నాకు గాల్లో తెలినట్టనిపించింది.,Happiness
ప్రతి పుట్టినరోజు నేను పెద్దవాడిని అవుతున్నానని గుర్తు చేస్తుంది.,Sadness
"నా ఫ్రిజ్ ఎందుకంత భయంకరమైన శబ్దం చేస్తోందో అర్థం చేసుకునే వ్యక్తి ఎట్టకేలకు వచ్చినందుకు చాలా ఆనందంగా ఉంది, అది కొన్ని వారాలుగా నన్ను సతాయిస్తోంది!",Happiness
ఇన్నాళ్లూ నా కాలేజీ చదువుల కోసం మా అమ్మానాన్న రహస్యంగా డబ్బులు దాస్తున్నారనే విషయం తెలిసి అదిరిపోయాను. ఎంత అద్భుతమైన ఆశ్చర్యం!,Surprise
"ఈరోజు నేను ఏ మాత్రం బేరం లేక, డబ్బు సంపాదించకపోతే, మా వాళ్ళు ఆకలితో చచ్చిపోతారు.",Fear
"ప్రాక్టీస్ క్లాస్లో నా అమ్మాయి ఉత్సాహం, సంగీతం నేర్చుకోవాలనే కోరిక చూసి చాలా సంతోషమేసింది.",Happiness
ఈ చుట్టుపక్కల మా కొత్త దుకాణం తెరిచిన రోజున అంతమంది జనం వచ్చారంటే ఆశ్చర్యం పట్టలేకపోయాను..,Surprise
"న్యూయార్క్ సిటీ నడిబొడ్డున ఇంత నెమ్మది, ప్రశాంతత దొరుకుతుందని  నేను ఎప్పుడూ అనుకోలేదు!",Surprise
సాఫ్ట్వేర్ కంపెనీ వాళ్ళ కస్టమర్ సపోర్ట్ టీం వేగంగా ప్రతిస్పందించడం చూసి ఆశ్చర్యమనిపించింది. దాదాపు వెంటనే స్పందించారు!,Surprise
ఒక ప్రత్యేక సందర్భం కోసం నేను ఆన్లైన్లో ఆర్డర్ చేస్కున్న బూట్లు నాకు సరిగ్గా పట్టలేదని నిరాశగా ఉండింది.,Sadness
నిజానికి నా వ్యాపారాన్ని పెంచుకోవడం కంటే నా కొత్త దుకాణంలో దొంగలను కనిపెట్టుకోటం ఎక్కువైపోయింది. నేనైతే విసిగిపోయాను.,Disgust
టెంపరేచర్ సెట్టింగులను మార్చినా  కూడా ఫ్రిజ్లో ఆహారం ఎందుకు చల్లగా ఉండటం లేదని దిగులుగా ఉంది.  నా సామాన్లు పాడైపోతాయేమోనని దిగులు పట్టుకుంది.,Fear
నా ఆరోగ్య బీమా ప్రీమియంలు ఇంతగా పెరిగిపోవడం చూస్తే బాధేస్తుంది.,Sadness
"మిమల్ని పిలవాలనుకునందుకు సంతోషిస్తున్నాను, నా ఫ్రిజ్లో ఏం ప్రాబ్లెమ్ ఉందో, అది మీరు ఎలా సరిచేస్తారో అన్న మీ వివరణ నాకు చాలా నమ్మకాన్ని ఇస్తోంది.",Happiness
"మీరంతా పెద్దవాళ్లే! కొంచెం మరింత పెద్దరికంగా ఉండి, మీ పనిని మరింత సీరియస్గా తీసుకోండి.",Anger
నా వ్యక్తిగత సమాచారాన్ని ఆ బ్యాంక్ హ్యాకర్ల నుండి కాపాడ లేక పోయిందని నాకు పట్టరాని కోపమొచ్చింది.,Anger
"ఈ వారం షోలో మోడల్స్ను నేను తయారు చేసిన డ్రెస్సులు వేసుకోనిస్తానని, మేనేజర్ చెప్పిందని  చాలా సంతోషంగా ఉంది.",Happiness
"సరిగ్గా సరిపోయేవాళ్ళు ఉండేలా చూడడానికి నియామక ప్రక్రియలో ఏ లోపం లేకుండా చేసాం, ఇప్పుడేమో అది సమయాన్ని, వనరులను వృధా చేసిందని అంటున్నావు.",Anger
మేడ మీద నుంచి నా మొక్కలను తీసేయమని నాకు చెప్పడానికి నువ్వెవరు? ఏం చేస్తావో చేసుకో?,Anger
ఒక క్లాస్మేట్ నా దగ్గర డబ్బు అడిగి తీసుకొని తిరిగివ్వకుండా మాయమైపోతే నాకు మండిపోయింది.,Anger
ఆ ఐరిష్ నృత్య ప్రదర్శన ఆ రోజంతా నాకు ఆనందం అనిపించేలా చేసింది.,Happiness
జెఎన్యులో రాజకీయ నిరసనల కారణంగా వాళ్ళ చదువు ఆగిపోయిందని చాలా మంది నిజాయితీగల విద్యార్థులు డీలా పడ్డారు.,Sadness
"ఆ టైల్స్ పాత బాత్రూమ్ను ఎంత కొత్తదిగా, సొగసుగా, ఎంత అందంగా మార్చాయో చూస్తే భలే సంతోషంగా ఉంది.",Happiness
ఓ టీ బాగ్స్ బాక్స్ను ఖరీదైన బహుమతిలా కనిపించేంత స్టైలిష్గా ప్యాక్ చేయవచ్చని ఎప్పుడూ అనుకోలేదు.,Surprise
"రెస్టారెంట్లో బఫే సేవ ఎంత అద్భుతంగా ఉందో, నేను అనుకున్నదాన్ని మించిపోయింది!",Surprise
మనిద్దరి పుట్టిన రోజులు ఒక రోజే అని నాకు తెలియదు.,Surprise
మేనేజర్ని బెదిరించొద్దు. అతని గదిలో తుపాకీ ఉందని విన్నాను.,Fear
"జనాన్ని దిగనిచ్చి, మరింత మందిని ఎక్కించుకోవటానికి బస్సు రోడ్డు మధ్యలో ఆగినప్పుడు నాకు విసుగొచ్చింది. ట్రాఫిక్ మొత్తం ఆగిపోయింది.",Sadness
ఆ క్లయింట్ మేనేజర్ అందరి ముందు తన జట్టు వాళ్ళ మీద అరుస్తాడు కాబట్టి  నాకు అతనంటే అసహ్యం.,Disgust
"నీ గురించి నువ్వు జోక్ చేసుకోవచ్చు కానీ స్టాక్ మార్కెట్లో పరిస్థితి బాలేనప్పుడు నన్ను ఆట పట్టించి ఆనందిస్తావంటే భయం, ఆశ్చర్యం వేస్తున్నాయి.",Disgust
నేను చాలా కాలంగా వెతుకుతున్న పుస్తకం ఈ స్టోర్లో కూడా దొరకకపోవడంతో నిరుత్సాహంగా అనిపిస్తోంది.,Sadness
బ్యాంకింగ్ రంగంలో నేను గొప్ప వారిగా అనుకుంటున్న వాళ్ళు మోసగాళ్లని తేలాక నిరాశకు గురయ్యాను.,Sadness
షాపులో మా కస్టమర్లని ఆకర్షించే కొత్త లాయల్టీ ప్రోగ్రామ్ను ప్రవేశపెట్టాము.,Happiness
ఒక కస్టమర్ నిన్న కొన్న పెద్ద విలువైన వస్తువును తిరిగి ఇచ్చే అవకాశం ఉండచ్చని నాకు కంగారుగా ఉంది.,Fear
ఈ లాంజ్లో నా క్రెడిట్ కార్డ్ పని చేస్తుందని నేనెప్పుడూ అనుకోలేదు!,Surprise
అల్జీమర్స్ వ్యాధి కారణంగా గతంలో చురుకుగా ఉన్న నా బంధువు చుట్టూ ఉన్న ప్రపంచాన్ని మరచిపోవడం చూసి నాకు విషాదకరం అనిపించింది.,Sadness
రోజు ముగిసేసరికి నేను ఎంత అడ్మినిస్ట్రేటివ్ పని చెయ్యాలో చూసి కొంచెం ఉక్కిరిబిక్కిరవుతున్నాను.,Fear
"ఈవెంట్ థీమ్ ఆకట్టుకునేలా ఉన్నప్పటికీ, పూర్తి ఈవెంట్ను సరిగ్గా నిర్వహించకపోవడంతో మొత్తం గందరగోళం జరిగినప్పుడు నేను ఈవెంట్ మేనేజర్ మీద విరుచుకుపడ్డాను.",Anger
"నేను ఏ పరికరాలు లేకుండా ఒక్క నిమిషం కూడా వ్యాయామం చేయలేనేమో అనుకున్నాను, కాని   ఇంకా ఎక్కువ చేయగలిగాను.",Surprise
వాతావరణం బాలేనందుకు టూర్ రద్దు అయినట్లు మాకు చెప్పాలని కూడా అనుకోలేదు వాళ్ళు.,Anger
"రాజకీయ ప్రయోజనాల కోసం భయాన్ని, విభజనను ఎలా ఉపయోగించుకుంటున్నారో చూస్తే నా కోపాన్ని తట్టుకోలేకపోతున్నా.",Anger
"ఇలా చెప్తున్నానని ఏం అనుకోకండి, కానీ దురదృష్టవశాత్తు, ఇప్పుడు మా ఆర్డర్లన్నీ నిండిపోయి ఉన్నాయి. ఇబ్బందికి క్షమించండి.",Sadness
అద్భుతం! గుర్తుండిపోయే ముద్ర వేసే అద్భుతమైన కస్టమ్ కేక్లను మేము గొప్పగా తయారుచేస్తాం.,Surprise
నేను పుట్టినప్పుడు ఒకట్రెండు రోజులు నాకు నీలపు రంగు కళ్ళు  ఉండినాయని మా అమ్మ చెబితే నా చెవులను నేనే నమ్మలేకపోయాను.,Surprise
"సూపర్వైజర్ చెప్పిన కొత్త క్లీనింగ్ పద్ధతులు ఆఫీసును తాజాగా, స్వాగతించేలా చేసినప్పుడు క్లయింట్ ప్రశంసలతో ముంచెత్తాడు.",Happiness
స్థానిక ముంబై సందుల ఫుడ్ స్టాల్ల్స్ నుంచి వచ్చే సువాసనలు నోరు ఊరిస్తాయి!,Surprise
"ఒక సీనియర్ సిటిజన్ జీవిత కాలం పొదుపు చేసుకున్న డబ్బులను ఎవరైనా ఎలక్ట్రానిక్గా  దొంగిలించి, ఆ సిగ్గుమాలిన పని వల్ల బాధ పడకుండా ఎలా ఉండగలరో నాకు తెలియదు.",Disgust
నా ఆర్థిక వ్యవహారాలు నా పన్నుల మీద ఇంత ప్రభావం చూపుతాయని అనుకోలేదు.,Surprise
ప్రాజెక్టుకు నష్టం కలిగిస్తున్న చాలా విషయాలు మన స్వాధీనంలో లేనప్పుడు చిరాకొస్తుంది.,Anger
నా భార్య నోట్లో పెట్టుకుంటే వెన్నలా కరిగిపోయే అప్పం తయారు చేసినప్పుడు తృప్తిగా అనిపించింది.,Happiness
"మీ దుకాణంలో నాకు ఎంతో అవసరమైన వస్తువులు ఎప్పుడూ ఉండవు, అది నాకు బాధగా ఉంటుంది.",Anger
చాలా బాగుంది!  మీరు మా కొత్త కస్టమర్ అయినందుకు చాలా సంతోషం. ఎకౌంటు తెరవడం,Surprise
మా టీంని తగ్గించడం వల్ల ఆఫీసులో  అభద్రతా భావం ఏర్పడింది.,Sadness
కొత్త వ్యాపారం ప్రారంభించడానికి తోడ్పడినందుకు మా టీంలో డెబ్బై అయిదు శాతం మందికి ఒకే ఏడాదిలో ప్రొమోషన్ వచ్చినప్పుడు నేను ఎగిరి గంతేసాను.,Happiness
క్లయింట్ తాలూకు కస్టమర్లకు ఆలస్యంగా డెలివరీ చేయడం గురించి క్లయింట్ చేసిన ఫిర్యాదును పరిష్కరించే విషయంలో ఆందోళన అనిపిస్తోంది.,Fear
దాని కింద అమెజాన్ కంటే పెద్ద నది ఉందని చెప్పారు. ఇది నిజంగా నమ్మలేని విషయం!,Surprise
"రిపేర్ అవుతుందనే ఆశతో నా కారును మెకానిక్ దగ్గరకు తీసుకెళ్ళాను, మార్చి నేను భరించలేనంత ఖరీదైన వస్తువు వేయటం కోసం కాదు! భలే కోపం వస్తోంది.",Anger
"మా అపార్ట్మెంట్లోని సెక్యూరిటీ వట్టి కోపిష్ఠి, చిన్నదానికే గొడవలకు దిగుతాడు.",Anger
"ఖచ్చితంగా! నేను ఎప్పుడూ అపూర్వమైన, ప్రాచీన ఫర్నిచర్ వస్తువుల కోసం వెతుకుతూ ఉంటాను.",Happiness
నాకెప్పుడూ ఇంత చిరాకనిపించలేదు. ఎప్పుడూ దాని పనికిమాలిన సమస్యల గురించి ఆలోచిస్తూ ఉండే పని లేకుండా బాగా పనిచేసే ఫ్రిజ్ కావాలి నాకు!,Anger
గత మూడుసార్లు నా చొక్కా సైజు దొరకక వేరే చోటికి వెళ్లటం గురించి ఆలోచించి ఉండాల్సింది.,Anger
ఖచ్చితమైన టైంటేబుల్స్కు ప్రసిద్ధి చెందిన స్విస్ రైలు ఐదు  నిమిషాలు ఆలస్యం అయిందంటే నమ్మలేకపోయాను.,Surprise
క్లయింట్కు వస్తువు పంపించడానికి సమస్యలు అడ్డుపడ్డాయని చెప్పకుండా మేనేజర్ చివరి నిమిషం వరకు ఆగాడని నాకు చిరెత్తుకొచ్చింది.,Anger
కొత్త ఆర్థిక విద్యా కార్యక్రమాలు అద్భుతమైన ప్రభావం కలిగించటం చూసి ఆశ్చర్యం వేసింది.,Surprise
"మీ కారు పని గొప్పగా చేసి, మా తప్పు సరిచేసుకోడానికి మాకు రెండో అవకాశం ఇవ్వాలి అనుకున్నందుకు, మీరు బాధపడకుండా చూసుకుంటాను సార్!",Happiness
ఆరోగ్య కేంద్రంలో నాకు ఇచ్చిన వైద్య సదుపాయాల స్థాయి నాకు ఏమాత్రం తృప్తిగా అనిపించలేదు.,Sadness
హాయినిచ్చే మూలికా టీ తాగుతుంటే నాకు ప్రశాంతంగా అనిపిస్తుంది.,Happiness
మీరు ఈ వస్తువు మీద ఇచ్చిన వారంటీని పట్టించుకోరంటే నమ్మలేకపోతున్నాను.,Anger
"ఈ మెరిసే నెక్లెస్ మీరు మీ భార్యతో కలిసి జరుపుకుంటున్న ప్రత్యేక సందర్భానికి అనువైనది, ఆ క్షణంలోని గొప్పతనాన్ని  ఈ కాలాతీతమైన నగలో బంధిస్తుంది. మురిసిపోవాల్సిందే!",Happiness
"మీ అవసరాలన్నీ తీర్చేందుకు, మీ ఆర్థిక లక్ష్యాలు సాధించుకునేందుకు మీకు సహాయపడటానికి, మా దగ్గర విస్తృత శ్రేణి ఖాతాలు ఉన్నాయని చెప్పటానికి సంతోషిస్తున్నాం.",Happiness
ఆదాయపు పన్ను అధికారులు ఇంతకు ముందు మాటిచ్చినట్టు నాకు రిఫండ్ ఇవ్వకుండా ఇంకా ఎక్కువ టాక్స్ డబ్బులు కట్టమని అడుగుతున్నారని నాకు మండిపోతోంది.,Anger
మేము ఏర్పాటు చేసిన భద్రతా చర్యలు మా నెట్వర్క్ మీద ఎలాంటి సైబర్ దాడులు జరగకుండా అడ్డుకున్నాయంటే ఎంతో మనశ్శాంతిగా ఉంది.,Happiness
అన్నీ ఎంత సజావుగా సాగాయి అని మా అతిథులు మెచ్చుకోవటం ఆపలేకపోయినప్పుడు ఈవెంట్ విజయమే ఈవెంట్ మేనేజర్ గురించి బోలెడంత చెప్పింది.,Happiness
అద్భుతం! అంటే ఈ ఏడాది చివరికి మనం వంద లక్షల ఇయర్ఫోన్లు అమ్మగలమన్నమాట!,Surprise
ఫుట్బాల్ ఆటగాళ్లు గాయాలు తగిలినట్టు ఎప్పుడూ నటిస్తూ ఉండడం ఆందోళన పుట్టిస్తోంది.,Disgust
గత ఏడాది చెన్నై నుండి సూర్యగ్రహణం చూడటానికి మేఘాలు అడ్డు వచ్చాయి. అప్పుడు నా బాధ వర్ణించరానిది.,Sadness
నా కోర్ టీమ్ మెంబర్లలో కొందరు సంస్థ వదిలి వెళ్ళిపోయాక ప్రాజెక్ట్ డెలివరీ తేదీని చేరుకుంటామా అని దిగులు పడ్డాను.,Fear
నేను అనుకున్నంత బాగా ప్రిపేర్ అవకపోవటంతో పరీక్ష హాలులోకి భయంగా వెళ్లాను.,Fear
నాకొక ముఖ్యమైన ఇంటర్వ్యూ ఉండినప్పుడు ఏ ఆటో డ్రైవర్ నన్ను తీసుకెళ్లడానికి ఒప్పుకోకపోతుంటే నాకు ఏడుపొచ్చినంత పనైంది.,Sadness
ప్రాజెక్ట్ ఫెయిల్ అవడానికి కారణమైన తన పనులకు ఆ లీడర్ బాధ్యత వహించాలని నేను డిమాండ్ చేసినప్పుడు ముక్కుసూటిగా మాట్లాడాను.,Anger
"ఎంఎస్ ధోని హెలికాప్టర్ షాట్లో సిక్సర్తో భారతదేశానికి ప్రపంచ కప్ను గెలిచినప్పుడు, భారతదేశం మొత్తం ఏకమై ఎగిసిపడింది.",Happiness
ప్రధాన కార్యాలయానికి మాత్రమే బాధ్యత ఉన్నందువల్ల నాకు ఆ వస్తువు ధరను తగ్గించే శక్తి లేదని బాధగా ఉంది.,Sadness
"ఒక గంట కిందట హోటల్ సిబ్బందికి నా బట్టలను ఉతకటానికి తీసుకువెళ్లమని ప్రత్యేకంగా చెప్పాను, ఎవరూ జాడనే లేరు. వాళ్ళకు బాధ్యత లేకపోవడం వలన నేను అనుకున్నవి చెయ్యటం ఆలస్యమవుతోంది!",Anger
మీరు ఇచ్చిన మాట నిలబెట్టుకుంటే మంచిది. నేను ఖచ్చితమైన సైజు కేక్ కంటే ఏం తక్కువ అయినా తీస్కోను.,Anger
ఆస్ట్రేలియన్లు వివక్షతతో కూడిన వలస విధానాలు అమలు చేయటం  నాకు ఏమాత్రం నచ్చట్లేదు.,Anger
నువ్వు నాతో అడుగడుక్కు దురుసుగా ప్రవర్తిస్తుంటే నాకు మండిపోతోంది.,Anger
విత్తనాలు నాటిన తర్వాత మొదటి మొలకలు భూమినుంచి నెట్టుకు పైకిరావటం చూసినప్పుడు నాకు అనిపించే ఆనందం గొప్పగా ఉంటుంది.,Happiness
బే ఏరియాలో సిఈఓ జీతాలు చాలా ఎక్కువగా ఉండటం నాకు చాలా కోపం తెప్పించింది.,Anger
రోగులకు ఏ సౌకర్యాలు అందుబాటులో ఉన్నాయో కాస్త వివరంగా చెప్తారా? ఆరోగ్య కేంద్రంలో నేను సౌకర్యంగా ఉండటానికి  అవసరమైన అన్ని సౌకర్యాలు ఉన్నాయా అని చూసుకోవాలి అనుకుంటున్నాను.,Fear
కారు కడిగేటప్పుడు నా వస్తువులు ఏవైనా పాడవుతాయేమోనని భయంగా ఉంది.,Fear
"అరెరే! ఇప్పుడు నా దగ్గర డబ్బు తక్కువుంది, పర్సు తెచ్చాననుకున్నాను. వీటన్నింటికి డబ్బెలా కట్టాలి?",Fear
రాజకీయ నాయకులు నిజాయితీతో పని పూర్తి చేయకపోవటం చూస్తే ఎంత కోపమొస్తుందో.,Anger
కొంతమంది విద్యార్థులు వాళ్ళ టీచర్లను ఎగతాళి చేసి వారిని అగౌరవపరిచే తీరు అసహ్యమనిపిస్తుంది.,Disgust
"మత్స్యలో బఫేలో ఎన్ని రకాలు ఉన్నాయో, అద్భుతంగా ఉండింది! మళ్ళీ వెళ్ళి మరిన్ని తినాలనుంది.",Surprise
ఆ మనిషిని చూడు. వేళ్లు నాకుతూ డబ్బు లెక్కపెడుతున్నాడు.,Disgust
గోవాలోని తాజ్ హోటల్లో ఎలివేటర్ ఎప్పుడూ పనిచేయదు.,Disgust
"ఈ నత్తనడకతో నాకు  తిక్క రేగుతోంది. మీరు ప్రాజెక్టులతో కాళ్ళీడుస్తుంటే నాకు డబ్బు సమయం రెండూ నష్టమే, మీరసలు మేస్త్రీయేనా అని అనుమానంగా ఉంది!",Anger
ఇరుకైన గదుల్లో ఉంటే నాకు చాలా భయం వేస్తుంది.,Fear
"మీ అభిప్రాయం మాకు విలువైనది, ఇంకా మా ఉద్యోగులు అన్ని వేళల్లో మర్యాదపూర్వకమైన, నైపుణ్యంగల సేవలు అందించేలా మేము చూస్తాము.",Happiness
మిమ్మల్ని మీరు ప్రొఫెషనల్స్ అని చెప్పుకుంటారు కానీ సమయానికి టైమ్షీట్ నింపలేరు.,Disgust
చట్టవిరుద్ధంగా మా వీధిలోకి  వచ్చేటట్టు ఇళ్ళు విస్తరించే విధానం నాకు నిజంగా చిరాకు తెప్పిస్తుంది.,Anger
"ప్రజలు తమిళ టీవీ సీరియల్స్ చూసి,  ప్రపంచం వాళ్ళ మీద కుట్ర పన్నుతోందని నమ్మితే నాకు చిరాకేస్తుంది.",Anger
"పాలు విరిగిపోవడంతో నేను టీ తాగలేను, దాంతో నాకు డల్గా ఉంది.",Sadness
మా అబ్బాయి ఎండకాలం సెలవులలో రోజుకు ఎనిమిది గంటలు తన కీబోర్డ్ మీద ప్రాక్టీస్ చేయడం చూడటం నా అదృష్టం అనిపించింది.,Happiness
"విద్యార్థులు యుఎస్ కాలేజీలకు చాలా డబ్బు కట్టి, భారీ రుణాలు తిరిగి చెల్లించే బరువు మొయ్యాల్సి రావటం బాధేస్తుంది.",Anger
"ఈ గైడెడ్ టూర్లు ఎంత ఖరీదైనవో, టూర్లు నడిపేవాళ్ళు సామాన్యులను ఎలా దోచుకుంటారో నేను నమ్మలేకపోతున్నాను.",Disgust
"మీరు నాతో చాలా మొరటుగా ఉంటున్నారు, అందుకని నా షాపింగ్ రహస్యాలను మీతో పంచుకోదలుచుకోడంలేదు, నాకు చాలా కోపంగా ఉంది.",Anger
"ఒక తాగుబోతు తన వ్యసనం నుండి కోలుకున్నప్పటికీ, ఈ  దయలేని సమాజం ద్వారా హింస అనుభవించడం చూసి నాకు అసహ్యం వేస్తోంది.",Disgust
"ఇది నాకెప్పుడైనా ఇష్టమయ్యే ఆహారం, నన్ను తిననిస్తే, దీన్ని రోజంతా తింటాను.",Happiness
చాలా వరకు ఎముకల డాక్టర్లు ఆరోగ్యం కంటే డబ్బుకు ఎక్కువ ప్రాముఖ్యత ఇస్తారు.,Disgust
నా ఫ్రిజ్ చల్లబరచడం వదిలి వేడెక్కుతూ చెన్నై వేడినే సవాలు చేస్తుందంటే ఏమి చెప్పాలి! ఇది నేనెప్పుడూ ఊహించలేదు!,Surprise
"నారాయణ్, పక్కింటి వాళ్లకు బిడ్డ పుట్టబోతోందని విన్నావా? వాళ్ల బిడ్డకు పేరు పెట్టటానికి నేను సహాయం చెయ్యవచ్చని చెప్పింది.",Happiness
"నా సమస్యల భారాన్ని దేవుడి మీద వేయడంతో నేనిక ఆలోచించాల్సిన అవసరం ఉండదు, దాంతో నాకు ప్రశాంతంగా ఆనందంగా ఉంటుంది.",Happiness
బ్రోకర్కి కనపడిన ఈ ఇంట్లో లోపలే హోమ్ థియేటర్ కట్టి ఉందంటే నేను నమ్మలేకపోయాను. అది అద్భుతం!,Surprise
మీ డ్యాన్స్ స్కూల్లో మా అమ్మాయి నేర్చుకోడానికయ్యే ఖర్చులు భరించలేనంటే అర్థం చేసుకోవడం ఎందుకంత కష్టం? స్కూల్ నృత్య కళను వ్యాపారంగా చేస్కున్నట్టు అనిపిస్తోంది.,Disgust
ప్రపంచంలోనే అన్నిటికంటే పురాతనమైన భాష తమిళం అని చెప్పినప్పుడు నాకు ఆనందం అనిపిస్తుంది.,Happiness
రేపు పరీక్ష ఉంటే కూర్చొని వీడియో గేమ్లు ఎందుకు ఆడుతున్నావు?,Anger
క్లయింట్ ఆఫీసులో కొన్ని చోట్లలో మెరిసేలా శుభ్రంగా ఉంచడానికి కావలసినంత శ్రద్ధ చూపకపోవడం  నిరాశపరిచింది.,Sadness
"ఆ దుకాణంలోని కూరగాయల నాణ్యత అంత బాగా లేకుండా, చూడాలంటే నిరుత్సాహంగా అనిపించింది.",Sadness
యే ఇబ్బంది లేకుండా రిటర్న్ ఇచ్చేసే పద్ధతి చాలా బావుంది. సునాయసంగా చిటికెలో అయిపోయింది. అందుకు కొరియర్ వాళ్ళకి నేను ఎంత థాంక్స్ చెప్పినా తక్కువే.,Happiness
"ఐటీ కంపెనీ తన ఉద్యోగులను వాడుకొని, ఆపై వారిని నిర్దయగా తొలగించేసరికి నాకు కోపం రేగింది.",Anger
ఒక క్లాస్ సీనియర్ నన్ను బెదిరించాలని చూసినప్పుడు నేను తీవ్రంగా ఎదురుతిరిగాను.,Anger
బాలీవుడ్ స్థావరమైన ముంబైలో ఇంత బాగా అభివృద్ధి చెందిన రంగస్థలం ఉంటుందని నేను ఊహించలేదు.,Surprise
అయ్యో! అమృత్సర్ ఎక్స్ప్రెస్ బయలుదేరింది. దాన్ని త్వరగా పట్టుకోకపోతే ముఖ్యమైన మీటింగ్ వదిలేసుకోవాలి!,Surprise
అంత దగ్గరగా నిలబడకు! ఎటిఎంలో పిన్ ఎంటర్ చేస్తున్నాని కనిపించడం లేదా నీకు?,Anger
దీన్ని అనుభవిస్తున్నప్పుడు కష్టంగా ఉంటుందని తెలుసు!  మనం కలిసికట్టుగా దాన్ని దాటుదాం.,Sadness
వాయువ్య సరిహద్దు ప్రాంతంలో ఒంటరి ప్రయాణికులకు లోకల్ టాక్సీలు భద్రమేనా అనేది అనుమానమే.,Fear
నేను అమెరికా వెళ్ళినప్పుడు మా అమ్మాయిని ఇండియాలో ఒంటరిగా వదిలి వెళ్లినందుకు బాధేసింది.,Sadness
సిక్కింలోని స్థానిక ప్రజల ఆప్యాయమైన ఆతిథ్యం నిజంగా ఊహించనిది.,Surprise
"ఒక్కొక్కదాని డిజైన్, రుచి, సైజుని బట్టి ధర నిర్ణయిస్తాం. మితమైన ధరకు మంచి నాణ్యత, రుచిగలవి మీకు ఇవ్వడం మా బాధ్యతగా అనుకుంటాం .",Happiness
నగరంలో ఉన్న ఎతైన భవనాల వల్ల చెన్నైలో మా డాబా మీద నుంచి ఆకాశం సరిగ్గా కనిపించక నాకు చాలా బాధగా ఉంటుంది.,Sadness
"ఎఐ తప్పుడు అభిప్రాయంతో నిర్ణయాలు తీసుకొని, ఆ విధంగా వ్యవస్థాపక వివక్షను కొనసాగించడం నాకు అసహ్యం పుట్టిస్తోంది.",Disgust
నా తోటలో ప్రతి రోజూ ఉదయం ఉడుతల ఉత్సుక స్వభావాన్ని చూడటం నాకు చాలా ఇష్టం.,Happiness
ఆహ్! నీ పట్ల ఇంత బలమైన భావాలు కలుగుతాయని నేనెప్పుడూ అనుకోలేదు. ఇదో అద్భుతమైన ఆశ్చర్యం.,Surprise
నేను అప్లై చేసిన కాలేజీ గురించి పొడుపు కథల్లా చెప్తుంటే చాలా  భయంగా ఉంది. స్పష్టంగా చెప్పు.,Anger
"నువ్వు సానుకూల దృక్పథానికి మారాలని అనుకోవడమే గొప్ప ప్రారంభం. సగం యుద్ధం గెలిచినట్లే, నిన్ను చూస్తే ఆనందంగా ఉంది.",Happiness
ఆ నటుడు అంత గట్టి నమ్మకంతో డైలాగులు చెప్పడంతో ఆ దర్శకుడు ఆశ్చర్యపోయాడు.,Surprise
వియత్నాంలో జరుపుకునే ఈ సాంప్రదాయ వసంతకాల పంటల వేడుకకుండే ప్రామాణికత అనేది ఆనందాన్నిచ్చే విడ్డూరం.,Surprise
మా తెలివైన సిబ్బంది సహాయానికి ఒక కస్టమర్ కృతజ్ఞతలు తెలిపినప్పుడు నేను గాలిలో ఎగిరే అనుభూతిని పొందాను.,Happiness
కార్ వాష్ సర్వీస్ నాణ్యత ఉండాల్సినంత లేదని చాలా అసంతృప్తిగా ఉంది.,Anger
పాస్తాను ఎక్కువ ఉడికించేసరికి అది మెత్తగా అవడం చూసి ఉస్సూరుమనిపించింది.,Sadness
అనుకోకుండా నా అటక మీద పెద్ద ట్రంకుపెట్టి అడుగున కల్కి సంతకం చేసిన పొన్నియిన్ సెల్వన్ కాపీ దొరికింది. అది చూసి నేను తెల్లబోయాను!,Surprise
"చాలా డబ్బు పెట్టి, తిప్పలు పడి స్టేడియంకెళ్ళాను, దాంతో సిఎస్కె జట్టు చెత్తగా ఆడి మ్యాచ్ను పాడుచేసేసరికి నాకు కోపం వచ్చింది.",Anger
నేను శిక్షణ ఇస్తున్న నాయకులు నాతో  చెప్పకుండా  గైర్హాజరైనప్పుడు నేను అందరిమీద అరిచేసాను.,Anger
వీసా కోసం ఎంబసీకి పంపిన ముఖ్యమైన డాక్యుమెంట్లు టైంకి చేరకపోవడంతో షాకయ్యాను.,Surprise
"హైవేల మీద డ్రైవింగ్ చేయాలంటే భయంగా అనిపిస్తుంది, నేను డ్రైవింగ్ ఇన్స్ట్రక్టర్తో ఇంకొంచెం డ్రైవింగ్ శిక్షణ తీసుకోవాలేమో.",Fear
"మీరు తక్కువ చెల్లించి నన్ను దోచుకుంటున్నారని నాకు తెలుసు, అందుకే నాకు లోపల్లోపల మండిపోతోంది.",Anger
"యుపిఐ ప్రవేశపెట్టినప్పటి నుండి, బయట చాలా డబ్బు ఖర్చు చేస్తున్నాను, దాంతో నా ఎకౌంటులో చాలా తక్కువ బ్యాలెన్స్ ఉంది.",Sadness
వైట్ చాక్లెట్ నా నోట్లో కరిగిపోతుంటే నాకు చాలా ఇష్టం.,Happiness
అహ్మదాబాద్ ఎయిర్పోర్టులో రన్వేలు అడుగు లోతు నీటితో నిండిపోతే  నా కళ్ళను నేనే నమ్మలేకపోయాను.,Surprise
ఆ సినిమా పాటను పాడిన మీ శైలి నా మతి పోగొట్టింది.,Surprise
"అయ్యో, ఈ గది తలుపు తెరుచుకోవట్లేదంటే నమ్మలేకపోతున్నాను! ఇంతకు ముందెన్నడూ ఏ హోటల్లో ఇలా జరగలేదు. షాకయ్యాను!",Surprise
తన వాళ్ళను ఫెయిల్ చేయించానని అనుకొని ఆ స్టూడెంట్ చాలా బాధపడ్డాడు.,Sadness
తన ఫ్రెండ్స్ బలవంతం చేస్తున్నా కూడా పార్టీ చివరి వరకు ఒక్క గ్లాసుకి మించి తాగని ఆ యువకుడిని చూస్తే ముచ్చటేసింది.,Happiness
"మన బంధం ఎంత హీన స్థితికి చేరుకుందంటే, నీ చుట్టుపక్కల  ఉన్నప్పుడల్లా నాకు దిగులుగా ఉంటోంది.",Sadness
భారతదేశంలో ఇంతమంది యువకులు మాదకద్రవ్యాలకు లోబడుతున్నారని విన్నప్పుడు మనసు మోద్దుబారుతుంది.,Sadness
టికెట్ కలెక్టర్లు బస్సును బయలుదేరకుండా ఆపారని బస్సు డ్రైవర్ వాళ్ళ మీద గుర్రుగా ఉన్నాడు.,Anger
రాజకీయ నాయకుల కాన్వాయ్లు వెళ్ళే వరకు మనల్ని ఆపితే నాకు చిరాకనిపిస్తుంది.,Anger
"ఆన్లైన్లో ల్యాప్టాప్ ఆర్డర్ చేసాను, కానీ ఆ తర్వాత పక్కింటివాళ్ళకు ల్యాప్టాప్ బదులు ఇటుక వచ్చినప్పుడు భయమేసింది.",Fear
"అతనికి ఫోన్ ఇవ్వొద్దు. నా గురించి ఏదైనా తమాషా వీడియో రికార్డ్ చేస్తే, నా ఫాలోవర్లందరినీ పోగొట్టుకోగలను.",Fear
"మా అబ్బాయి యూనివర్సిటీలో రీసర్చ్ ఉద్యోగం కోసం చూడకపోతే, అతని ప్రొఫెసర్లు తనికి రిఫరెన్స్ ఇవ్వలేకపోతారేమోనని కంగారుగా ఉంది.",Fear
యాక్! బాత్రూం తూములో వెంట్రుకలు ఇరుక్కొని ఉన్నాయి. నేనది శుభ్రం చెయ్యను.,Disgust
ముఖ్య అతిథిగా ఆహ్వానించబడిన ప్రముఖ సింగర్ గురించి తన స్టూడెంట్ ఏవో అసభ్యకరమైన కామెంట్లు చేసినప్పుడు ఆ టీచర్ బాధపడ్డారు.,Sadness
"ఈవెంటుకు హాజరైన చాలా మంది అది ఏమాత్రం నచ్చలేదని చెప్పారు, ఈవెంట్ మేనేజర్ నైపుణ్యాన్ని నమ్మి  నేను చాలా మోసపోయాననిపించింది.",Sadness
ఒక కస్టమర్ మా షాపులో షాపింగ్ ఎంత బాగుందో అని సోషల్ మీడియాలో చెప్పేసరికి మాకు  కొండెక్కినంత సంతోషమేసింది.,Happiness
"అత్యాశకు పోయి, మీకు చాలా డబ్బులోస్తాయని ఆశపెట్టే అనవసరమైన ఆన్లైన్ లింక్ల మీద క్లిక్ చేయడం మానేస్తే మీకేం జరగదు.",Disgust
వాళ్ళ పెట్టుబడుల వలన పర్యావరణం మీద ఉండే ప్రభావాన్ని బిల్డర్ పట్టించుకోకపోవడం చూస్తే నాకు అసహ్యమేస్తోంది.,Disgust
నా ఈ కామర్స్ వ్యాపారం రికార్డు స్థాయిలో అమ్మకాలు చూస్తోంది.,Happiness
"మీ దుకాణంలో ఎప్పుడూ రద్దీగా, జనం ఒకరినొకరు తోసుకుంటూ అస్తవ్యస్తంగా ఉండేసరికి నేను కోపం ఆపుకోలేను.",Anger
నేను అందరికంటే మంచి ఆటగాడిని అయ్యుండక పోవచ్చు కానీ గత కొన్ని నెలల్లో నేను ఎంత మెరుగయ్యానో అది నాకు నిజంగా నచ్చింది.,Happiness
"డిజైన్ ఖచ్చితంగా సరిగ్గా లేకపోతే, మీరు నాకు డబ్బులు తిరిగివ్వాలి.",Anger
"ఫోన్ తీస్కోని, మా చెక్బుక్ని సమయానికి పంపనందుకు కస్టమర్ సర్వీస్ వాళ్ళ మీద అరవాలని ఉంది కానీ అరవలేను.",Anger
ప్రతిసారీ ఏం చేయాలో నువ్వు నాకు చెప్పక్కర్లేదు. చిరాకేస్తుంది.,Anger
నాకు సన్నిహితమైన కొలీగ్ ఇతర అభిరుచులను కొనసాగించడం కోసం  సంస్థను విడిచిపెట్టాలని నిర్ణయించుకున్నప్పుడు నాకు చాలా బాధేసింది.,Sadness
"నాకు బస్సులో ఇంటికి తిరిగి వెళ్ళటం ఎంతిష్టమో. అది చౌకగా, సౌకర్యంగా ఉంటుంది, ఇంకా కొత్తవాళ్ళను కలిసే వీలుంటుంది.",Happiness
సందర్భం గురించి అనవసరమైన ప్రశ్నలు అడగకుండా కేక్ బేక్ చెయ్యండి చాలు.,Anger
"పండ్లమ్మే అతను మామిడి పండును కోస్తుండగా, పురుగు బయటకు వస్తే సంకోచంతో వెనక్కు జరిగాను.",Disgust
దుకాణంలో మిలియనవ కస్టమర్ అయినందుకు ప్రత్యేక బహుమతి తీస్కోని  వెళ్ళినప్పుడు ఆ వ్యక్తి ముఖం వెలిగిపోయింది.,Happiness
"నేను నా మేనేజర్కి ఎదురు మాట్లాడితే, నా జట్టు బాధపడాల్సి వస్తుందేమో అని నా భయం ,అందుకే ఏమీ అనకుండా ఉండిపోయాను.",Fear
"ఒక ఉత్సాహకరమైన సెమినార్కి వెళ్లి, కస్టమర్ సర్వీస్కి విలువైన ఉపాయాలు నేర్చుకున్నప్పుడు ఆనందమేసింది.",Happiness
"మా అబ్బాయి కోసం మడిచేసి, తనతో పాటు కాలేజీకి తీసుకెళ్లగలిగే సైకిల్ తీసుకొచ్చానని నాకు ఆనందంగా ఉంది.",Happiness
"ఒక ఫుడ్ క్రిటిక్గా,ప్లేట్లో అతిగా ఉడికించి, ఎండిపోయిన చికెన్ని చూస్తే నిరాశపడకుండా ఉండలేకపోయాను.",Sadness
స్మిత్సోనియన్ మ్యూజియంలలో ఇంత  సంరక్షితంగా జాగ్రత్త చేసిన చారిత్రక కళాఖండాలు ఉంటాయని  నేను ఊహించలేదు.,Surprise
"మీరు మీ ఖాతా మూసెయ్యాలని నిర్ణయించుకోవటం నాకు బాధగా ఉంది. మా బ్యాంకుతో మీకున్న బంధానికి చాలా విలువ ఇస్తాం, మీరు వెళ్లిపోవడం మాకు బాధగా ఉంది.",Sadness
వెనుకకు రాడ్లు పోడుచుకొస్తూ ఉన్న ఆ ట్రక్కు ఉన్నట్టుండి నా ముందు ఆగినప్పుడు నేను భయపడ్డాను.,Fear
"బ్యాంకు మూతపడి, సీఈఓ చాలా డబ్బుతో పరారయ్యాడు కదా, ఇప్పుడు నా డబ్బు ఏమవుతుంది? ఎప్పటికైనా నా డబ్బు నాకు తిరిగొస్తుందా?",Fear
పురాతన కైలాస గుడి ఆవరణ ఎంత పెద్దదో చూసి నా కళ్ళను నేను నమ్మలేకపోయాను.,Surprise
మా కాండిడేట్లలో క్లౌడ్ ఆర్కిటెక్చర్లో మంచి పనితనం గల వాళ్ల గురించి నాకు ఎప్పుడూ ఆందోళనగా ఉంటుంది. చివరికి మా పోటీదారులు వాళ్ళని దొంగతనంగా పట్టుకుపోతారు.,Fear
"ఇన్ని సంవత్సరాలైనా, మానవాళికి హబుల్ టెలిస్కోప్ వలన ఉపయోగం ఏంటని ప్రజలు ప్రశ్నించడం చూస్తే బాధనిపిస్తుంది.",Sadness
దీని ఆలస్యం వల్ల ఎక్కడ నేను నా కనెక్టింగ్ ఫ్లైట్ను మిస్ అవుతానేమోనని అనుమానంగా ఉంది.,Fear
"బ్యాంకులో చోరీ జరుగుతూ ఉండగా, కస్టమర్లు నేల మీద పడుకొని ఉన్నప్పుడు, చాలా భయపడ్డారు.",Fear
నిన్న డెత్ వ్యాలీలో ఉష్ణోగ్రత యాభై మూడు డిగ్రీల సెంటీగ్రేడ్ ఉండిందని నేను సరిగ్గానే విన్నానా?,Surprise
మా సందు చివర్లోని దుకాణంలో నూనె కొనాలంటే ఎప్పుడూ భయపడుతుంటాను. అందులో చాలా మలినాలున్నాయని తేలింది.,Fear
నాకు షేర్ల నుండి వచ్చిన దీర్ఘకాలిక లాభాల మీద ఎక్కువ పన్నులు వేయటంతో నేను మోసపోయినట్టు అనిపించింది.,Sadness
"ఈ సినిమా కొన్ని పాత్రలు, ఇతివృత్తాలను చూపించిన విధం నాకు అసహ్యమేసింది. ఇది పూర్తిగా విచక్షణ లేకపోవటమే.",Disgust
ఇది వినడానికి భలే ఉంది! నా బెస్ట్ ఫ్రెండ్ కోసం సర్ప్రైజ్ పార్టీని ప్లాన్ చేస్తున్నాను,Surprise
"ఏఐ స్వాధీనంలోకి వస్తే,  టీచింగ్లో మనకు ఇంక  చోటు ఉండదని భయమేస్తుంది.",Fear
"కొంతమంది స్టూడెంట్లు క్యాంపస్ చుట్టూ ఎలా చెత్త పడేస్తారో, సిగ్గుచేటు.",Disgust
"మార్కెట్లో బైజూస్ నష్టాలు, ఓ టౌన్ హాల్ మీటింగ్లో స్టేజి మీదనే దాని ఫౌండర్ అందరి ముందు ఏడ్చేలా చేసాయి.",Sadness
"ఏఐ మరీ ముందుకెళ్ళిపోయి, హానికర పరిణామాలుండే నిర్ణయాలు తీసుకోవడం మొదలుపెడితే ఏం జరుగుతుందోనని భయంగా ఉంది.",Fear
బెంగళూరులో జనం బైక్ టాక్సీలను ఎక్కువగా ఇష్టపడుతూండడం ఆటో రిక్షా సంఘాలకు నచ్చట్లేదు.,Anger
"అబ్బో! ఈ చోటు ఇంత బాగుంటుందని ఎప్పుడూ అనుకోలేదు. వెబ్సైట్లో ఫోటోలతో పోలిస్తే, పూర్తి వేరుగా కనిపిస్తుంది.",Surprise
"నా మాడ్యులర్ కిచెన్లో పనితనం దారుణంగా ఉంది. అది చూసి నాకు చాలా చిరాకొచ్చింది. క్యాబినెట్లను సరిగా వరుసలో అలైన్ చేయలేదు, డ్రాలు సరిగ్గా మూసుకోవు, మొత్తంమీద ఫినిషింగ్ అద్వానంగా ఉంది.",Anger
"సూపర్వైజర్ పనితనం నాకు ఎంత నచ్చిందంటే, మా క్లెయింట్లకు అందించే మా సేవల్లో ఆఫీస్ క్లీనింగ్ను ఒక ముఖ్య భాగంగా చేసాను.",Surprise
"మన చుట్టూ ఇంతమంది జనం ఆకలితో అలమటిస్తుంటే, బైకుల మీద ఇంత ఖర్చుపెట్టడం నాకు అసహ్యకరంగా ఉంటుంది.",Disgust
బాత్రూమ్ ఫ్లోర్కి హీటింగ్ ఉన్న అద్దె ఇల్లు దొరుకుతుందని అనుకోలేదు.  అది గొప్ప వైభోగంలా ఉంది!,Surprise
"పని చేయకుండా, సమాజంలోని మరింత చట్టబద్ధమైన అంశాలను దోచుకు తినేవాళ్ళను చూస్తే అసహ్యమేస్తుంది.",Disgust
"డాక్టరు ఆమె ఎముకలు మూడు నెలల్లో తిరిగి పెరుగుతాయని, ఆమె మళ్ళీ అడుకోవచ్చని చెప్పారు.",Happiness
"కాస్టింగ్ డైరెక్టర్ ఏర్పాటు చేసిన సినిమా ఆడిషన్కి నేను చాలా ఆలస్యం అయ్యాను, యాక్టింగ్  అవకాశం తప్పిపోతుందేమోనని భయపడ్డాను.",Fear
"పుస్తకంలో ఈ అధ్యాయం రచయిత పడిన ఇబ్బందుల గురించి చెప్తుంది, అది ఎంత ఉద్వేగభరితంగా ఉందంటే, నేను ఏడవడం మొదలుపెట్టాను.",Sadness
"ప్రయాణీకులకు ఉచితంగా సహాయం చేయాలనుకున్న ఆ నిజాయితీగల ఆటో డ్రైవర్ని వాళ్ళే దోచుకున్నారంటే, నాకు బాధేసింది.",Sadness
నా కొత్త డైట్ నేను గత ఐదు నెలల్లో పది కేజీలు తగ్గేందుకు ఉపయోగపడింది.,Happiness
"ఈ రెస్టారెంట్లోకి అడుగు పెట్టాలంటే నాకు ఎంత భయంగా ఉందో. ఈ  ఏర్పాట్లు, ఇక్కడి జనాలు భయమేసేట్టు ఉన్నారు.",Fear
అబ్బ! నేను చాలా రోజుల నుండి వెతుకుతున్న టీ షర్ట్ ఇది. చివరికి దొరికింది.,Surprise
"మన గ్రంథాలలో అప్పటికే ఉన్నవి పాశ్చాత్య ప్రపంచంవారు ""కనుగొన్నారు"" అని చదివినప్పుడల్లా నాకు చాలా బాధ అనిపించేది.",Sadness
నియంత్రణ పేరిట అణిచివేత వల్ల ఏ ప్రభావం ఉంటుందో అని నాకు భయం ఎక్కువవుతున్నట్టు ఉంది.,Fear
ఆట సమయంలో కొంతమంది అభిమానులు జాతిపరంగా దూషించటం చాలా ఇబ్బంది అనిపించింది.,Disgust
"అద్దె ఇంట్లో చదువుకునే గదిగా ఇచ్చిన పెద్ద గదిని ఉత్సాహం ఉరకలేసే ఆర్ట్ స్టూడియోగా మార్చెయ్యాలని, సృజనాత్మకంగా పనిచేసుకోవటానికి సరైన స్థలం దొరికిందని ఆనందం పట్టలేకుండా ఉన్నాను.",Happiness
ఆ పరిచయంలేని మనిషి నా వైపే చూస్తూ ఉన్నాడు.,Fear
సూది మార్చటం మర్చిపోయి ఆ నర్సు దాంతోనే తర్వాత రోగికి ఇంజెక్షన్ చేసింది.,Disgust
"మందుల దుకాణం రాత్రి పది గంటలకే మూసేశారు, కానీ లోపలి నుంచీ పెద్ద శబ్దాలేవో వినపడుతున్నాయి.",Fear
నేను నా మాటలతో జనాలను దూరం చేసుకొని జీవితంలో ఒంటరిగా ఉండాలని ఖచ్చితంగా అనుకోవడం లేదు.,Fear
"ఏదైనా అసంతృప్తి కలిగితే క్షమించండి, మంచి నాణ్యమైన పనితనం అందించటానికి గట్టిగా ప్రయత్నిస్తాను.",Sadness
కరెంటు ఆదా చేసే ఉపకరణాలను ఇన్స్టాల్ చేసుకున్నందుకు నాకు ట్యాక్స్ క్రెడిట్ వచ్చినప్పుడు పరవశించిపోయాను.,Happiness
"నేను చాలాసార్లు ఆ ప్రయోగాన్నిచేయాలని చూసాను, కానీ మంచి ఫలితాలు రాలేదు.",Sadness
"లాకరు ఉపయోగించాలని బ్యాంకు వెనుకకు వెళ్ళాను. అయ్యబాబోయ్,  అక్కడ ఆ చెత్త, దుమ్ముకొట్టిన పాత ఫైళ్లు చూస్తే వాంతి వచ్చినంత పని అయింది.",Disgust
ఇది సక్రమమైన షోరూమ్లా కనిపించడం లేదు. కారు కొనమని డీలర్ మనల్ని ఎందుకు బెదిరిస్తున్నాడు?,Fear
"ఆరోగ్య కేంద్రంలో నా బంధువుని అడ్మిట్ చేసుకున్నతర్వాత నేను కలవడానికి ఒప్పుకోలేదు, దాంతో నాకు సిబ్బంది మీద కోపమొచ్చింది.",Anger
"ఖర్చులు తగ్గించి, ఈవెంట్ భద్రత విషయంలో రాజీ పడాలని ఈవెంట్ మేనేజర్ ఆలోచన, చ్చ! అసహ్యంగా ఉంది.",Disgust
కొత్త రెస్టారెంట్లో డిన్నర్ చేస్తున్నప్పుడు  వెయిటర్ మా కుటుంబంతో చాలా మొరటుగా ప్రవర్తించినప్పుడు నాకు చిరాకొచ్చింది.,Anger
"భారతదేశపు మాన్డ్ మిషన్ లక్ష్యం మీద ఉండి, త్వరలో లాంచ్ చేయబడుతుందని నాకు సంతోషంగా ఉంది.",Happiness
"మత గురువులు శాస్త్రీయ పరిశోధనను, నైపుణ్యాన్ని అణగదొక్కే తీరు చూస్తే నాకు చాలా చిరాకేస్తుంది.",Anger
బిల్లులో ఈ కొత్త డెలివరీ ఛార్జీని గమనించాను. నా గ్యాస్ సిలిండర్ కూడా ఇప్పుడు విలాసంగా ప్రయాణం చెయ్యాలనుకుంటోందేమో!,Surprise
"నాకు చూపించిన చివరి రెండు అపార్టుమెంట్లు నా బడ్జెట్ కంటే చాలా  ఎక్కువ ఉన్నాయి, అసలు నేను చెప్పిన నంబర్లను వింటున్నావా? నాకిక చిర్రెత్తుకొస్తోంది.",Anger
"మీరు ఇప్పటికీ ఆ పాత, మొరటు శిక్షణ పద్ధతులను వాడాలని పట్టుబడుతున్నారంటే నేను నమ్మలేకపోతున్నాను!",Disgust
రాత్రంతా కరెంటు పెరుగుతూ తగ్గుతూ ఉంటే నా ఎలక్ట్రికల్ వస్తువులు పాడవుతాయని నాకు భయమేస్తోంది.,Fear
"ఎట్టకేలకు ధృడమైన కాంపౌండ్ వాల్  భద్రత ఇవ్వటం మాత్రమే కాకుండా, చూడడానికి కూడా ప్రాపర్టీని అందంగా కనపడేలా చేస్తుంటే నాకు తేలికగా ఊపిరి తీస్కున్నట్టు ఉంది.",Happiness
"ఫ్రీజర్ తెరిచేసరికి, నాకు అక్కడ అప్పటికప్పుడు ఏర్పడిన వాటర్ పార్కు కనబడినప్పుడు నా ముఖం చూడాల్సింది. ఫ్రిజ్కు సర్వీసింగ్ చేయించాలి.",Surprise
"జట్టు ప్రతి రోజూ ఐదు  గంటలు ట్రైనింగ్ తీసుకుంది, కానీ వాళ్ళు టోర్నమెంట్లో ఓడిపోయారు. వాళ్ళు గెలిచి ఉండాల్సిందనిపిస్తుంది.",Sadness
"డబ్బు నిర్వహించుకోవటం, పన్నుకట్టటం గురించి చర్చతో అక్కడి వాతావరణం కుళ్ళు కంపు కొట్టింది.",Disgust
"నేను క్రూయిజ్ నౌకలో ఒక వారం గడిపాను, నా మొహం మీద ఆ సముద్రపు గాలి అనుభూతి ఎంత ఆహ్లాదకరంగా ఉందంటే నేను చెప్పలేను.",Happiness
"నీ షర్టు మీద సాంబార్ మరక పడింది, నీ ప్యాంటు మీద కొంచెం చట్నీ ఉంది.",Disgust
అద్భుతం! ఈ సినిమా ఇలా ముగుస్తుందని అస్సలు ఊహించలేదు. తర్వాతి భాగం కోసం ఆత్రంగా ఎదురుచూస్తున్నాను.,Surprise
"ఈవెంట్ కోసం ఈవెంట్ మేనేజర్ చర్చించిన భద్రతా చర్యలు నా అతిథుల శ్రేయస్సుకు సరిపోవని అనిపించి, నిరాశ కలిగించింది.",Sadness
నాకు అందుబాటులో ఉండే బైకులు నా రోజువారీ యాభై మైళ్ల ప్రయాణానికి సరిపడేంత మన్నికైనవిగా ఉండకపోవచ్చని దిగులుగా ఉంది.,Fear
"కలుపు తీయడానికి కాంపౌండ్ మూలకు వెళ్ళినప్పుడు, అక్కడ ఒక పెద్ద నాగు పాము ఉంటుందని వణుకుతూ ఉండాను.",Fear
ఈ విరిగిన అల్మారాలతో మనం పని చేయాలని వాళ్ళు అనుకుంటున్నారా! నేను విన్నది నిజమేనా? సిగ్గులేకపోతే సరి.,Disgust
ఆ గాయకుడి స్వరం అస్సలు శృతిలో లేదు. వినడానికి ఏం బాలేదు.,Disgust
"డబ్బుగల మధ్యవర్తులు రైతులను దోపిడీ చేస్తున్నారు, మంచి ఉద్దేశ్యాలున్న భారతీయులు పొరపాటుగా వాళ్ళని సమర్ధిస్తున్నారు.",Disgust
కెమెరాను ఏర్పాటు చేయొద్దని నిర్ణయించుకునే ముందు ఒక దొంగతనం వల్ల మీ కుటుంబ జీవితం ఎలా ఇబ్బందుల పాలవుతుందో మీరు ఆలోచించి ఉండాల్సింది.,Anger
వాళ్ళు ఉదారంగా చేసిన విరాళం వల్ల మనం పన్నులలో ఆదా చేస్కోవడమే కాకుండా సానుకూల ప్రభావం కూడా కలిగించాం!,Happiness
"తుఫాను తరువాత ఆ మైదానంలో ఘోరంగా పడి ఉన్న చెత్తా  చెదారం చూసి, కడుపులో తిప్పేసింది!",Disgust
"ఫీల్డ్లో పనిచేసే ఓ పురావస్తు శాస్త్రవేత్తగా, తమిళనాడులో ఈ ప్రాచీన విగ్రహాలను కనిపెట్టి, బయటికి తీసినందుకు గొప్ప ఆనందమనిపించింది.",Happiness
"అబ్బా, అంత భయంకరమైన బరువు ఉండే  కేక్ గురించి ఆలోచిస్తేనే నా వెన్నులో వణుకొస్తోంది.",Disgust
భారతదేశం గురించి తెలిసీ తెలియనివి మాట్లాడినప్పుడు ఒబామా మీద నాకు ఎంత కోపమొచ్చిందో.,Anger
"ఆ సైక్లిస్ట్ హెచ్చరించకుండా సరిగ్గా నా ముందు ఉన్న సందులోంచి వచ్చి గుద్దేసి, పైగా నాపై అరిచినప్పుడు నాకు తిక్కరేగింది.",Anger
"ఎప్పటిలాగే గత కొన్నేళ్ళగా వాళ్ళ స్పందనకు తగ్గట్టుగా, లీడర్షిప్ టీం ఈ ఏడాది ప్రమోషన్కి నన్ను పరిశీలించకపోవడానికి కారణం గురించి ఏవో కుంటి సాకులు చెప్పింది.",Disgust
"నా ఆర్థిక వ్యవహారాలు బాగా నిర్వహించుకుంటే నాకు మనశ్శాంతిగా ఉంటుంది, భవిష్యత్లో పెట్టుబడుల గురించి ఆలోచించే వీలుంటుంది.",Happiness
స్కైడైవింగ్ వంటి తీవ్రమైన క్రీడలను ప్రయత్నించాలంటే నేను కొంచెం వెనుకాడతాను.,Fear
చెన్నైలోని ట్రాఫిక్ సిగ్నల్స్  వద్ద ఉన్న బిచ్చగాళ్లను చూస్తే నాకు నిస్పృహ వేస్తుంది.,Sadness
పాడై పోయిన ఫుడ్ తిన్నాక నీ మొహం చూస్తుంటే కంగారుగా ఉంది. నువ్వు బాగున్నట్టు అనిపించట్లేదు.,Fear
"కౌన్సెలింగ్ జరుగుతున్నప్పుడు నా గత అనుభవాల గురించి మనసు విప్పి మాట్లాడమని నన్ను అడిగినప్పుడు నాకు రక్షణ, మరుగు లేన్నట్టు అనిపిస్తుంది.",Fear
బ్రోకలీ ఆరోగ్యానికి మంచిదని తెలిసినా దాని రుచిని తట్టుకోలేను.,Disgust
"మోడ్యులర్ కిచన్ అమర్చడంలో వడ్రంగి నైపుణ్యం, చిన్న విషయాలపై శ్రద్ధ చూసి నాకు చాలా సంతోషం వేసింది. అది నాకు చాలా నచ్చింది.",Happiness
"ఒక సంవత్సరం ముందుగానే సూర్యోదయం, సూర్యాస్తమయం, గ్రహణాల సమయాలను చూపే హిందూ పంచాంగపు  ఖచ్చితత్వాన్ని చూస్తే ఆశ్చర్యమనిపిస్తుంది.",Surprise
"బ్యాంకులో అడుగుపెడుతుంటే, మైనర్ అయిన మా అమ్మాయి కోసం ఏ చిక్కులు లేకుండా ఎకౌంటు తెరవగలనో లేదో అని నా గుండె దడదడా కొట్టుకుంటుంది.",Fear
ప్రాక్టీస్ క్లాస్ జరుగుతుంటే మా అబ్బాయి తన మ్యూజిక్ టీచర్కు సరిగా పలకనప్పుడు నాకు చిర్రెత్తింది.,Anger
"అబ్బో! నువ్వు పొద్దున్న ఒక షిఫ్ట్, సాయంత్రం ఇంకో షిఫ్ట్ పనిచేస్తావా? అసలు ఎప్పుడూ రెస్ట్ తీస్కోవా?",Surprise
"మారథాన్ పూర్తి చేసి, ఫస్ట్ వచ్చాను.",Happiness
"పైవాళ్ళ నుండి సరైన సమాచారం రాకపోవటంతో, ఏవైనా తప్పులు జరిగితే నా టీమ్లను తప్పు పట్టినప్పుడు నాకు కోపాన్ని తమాయించుకోవడం కష్టంగా ఉంది.",Anger
"ఇలా చెప్తున్నందుకు క్షమించండి, కానీ మా దగ్గర ప్రస్తుతం కొన్ని రుచులు, పరిమాణాల కేక్లు మాత్రమే ఉన్నాయి.",Sadness
"నేను ఈ ఆఫీస్ శుభ్రపరిచే మంచి టీంని, సూపర్వైజర్ను వదులుకోవాలనుకోవడం లేదు. అందుకే, మేము వాళ్ళని బాగా చూసుకుంటాము.",Fear
సైబర్ క్రైమ్ ముప్పు ఉంటుందని నేను తెలియని నంబర్ల నుండి కాల్స్ తీసుకోను.,Fear
"నాకు, నా కుటుంబానికి భద్రంగా ఉండేలా నేను ఎటువంటి ఒత్తిడి లేకుండా నిండు సిలిండర్ను సులభంగా ఎత్తగలగడం సంతోషకరమైన అనుభూతి.",Happiness
ఈ షాపింగ్ సెంటర్లలో పరిశుభ్రత లేకపోవడం దారుణం.,Disgust
"ఈ సంగీతం మరీ గట్టిగా, గోలగా ఉందని నాకు కోపమొస్తోంది. ఇంక దేని మీదా దృష్టి పెట్టలేకపోతున్నా.",Anger
"ఇన్కమ్ టాక్స్ ఫైల్ చేయకపోతే, అధికారులు మనకు చాలా పెద్ద ఫైన్ వేయొచ్చు.",Fear
"నా బ్యాగ్లు వచ్చే వరకు అవసరమైన వాటిని కొనుక్కోడానికి, డబ్బుతో పాటు తర్వాతి ఫ్లైట్లో నా బ్యాగేజీ  నాకు చేర్చేందుకు, మీరు తీసుకుంటున్న చర్యలకు సంతోషం.",Happiness
చెన్నైలో దొరికే ఈ స్థానిక బీర్ రుచి తట్టుకోలేను ఎందుకంటే ఇది రుచీపచీ లేకుండా దారుణంగా ఉంటుంది.,Disgust
అంతరిక్ష పరిశోధనలో జరిగిన పురోగతుల గురించి చాలా ఉత్సాహంగా ఉంది! ఏమేం జరగ వచ్చో ఆలోచిస్తే ఆశ్చర్యంగా ఉంది.,Happiness
టిక్కెట్లు ఉన్నాయా లేదా అని వాదించుకున్న తరువాత రైల్వే బుకింగ్ క్లర్క్ నా బుకింగ్ ఫారాన్ని కిటికీలో నుండి బయటకు విసిరినప్పుడు నాకు కోపం రేగింది.,Anger
నీ నుండి ఎలాంటి అగౌరవాన్ని సహించను.,Anger
"కొత్త క్లయింట్ కాబట్టి, అతన్ని జాగ్రత్తగా చూసుకోవాలి లేకపోతే ఈ ఆదాయం చాలా తొందరగా చేజారిపోవచ్చు.",Fear
"టీవీ రెండు సంవత్సరాలు పనిచేస్తుందని నాకు గ్యారెంటీ ఇచ్చారు, కానీ అది మూడు నెలల్లో పని చేయడం మానేసింది!",Anger
"ఈ ఊళ్ళో అన్ని దుకాణాలకు కాల్ చేసి చూసాను, కానీ వాళ్ళ దగ్గర డిష్వాషర్ అమ్మకానికి  లేదు.",Sadness
ఏ కారణం లేకుండానే నా వీడియోకు కాపీరైట్ స్ట్రైక్ వచ్చింది. వీడియో మొత్తం నేనే రికార్డ్ చేసుకున్నా కూడా.,Anger
తాను చనిపోయే ముందు మా నాన్న  ఇంటికి వచ్చి ఆమెను చూసేంతవరకు మా కుక్క వేచి ఉండటం చూస్తే గుండె తరుక్కుపోయింది.,Sadness
పల్లికరనై దగ్గర చెత్త కుప్పను దాటాలంటే ముక్కు మూసుకోకుండా వెళ్లలేకపోతున్నాను.,Disgust
మైఖేల్ ఫెల్ప్స్ గొప్ప ఈతగాడు. ఇన్ని పతకాలు ఎలా గెలుచుకున్నాడో నాకు తెలియదు!,Surprise
"నా ఆన్లైన్ భద్రతను కాపాడుకోవడానికి అవసరమైన చర్యలు తీసుకోకపోతే, సైబర్ నేరగాళ్ల బారిన పడతానని భయంగా ఉంది.",Fear
"విద్యార్థులు పచ్చయ్యప్ప కాలేజీ చుట్టుపక్కల తిరుగుతూ, ముందు వెనక ఆలోచించకుండా దారినపోయే వారి మీద దాడి చేసారని రెండు రోజుల క్రితం వచ్చిన వార్తలు విని భయపడ్డాను.",Fear
నా బ్యాగ్లో ఒక బల్లి ఉంది. ఏం చెయ్యాలి?,Fear
"ఆమెకు మానసికంగా బాలేదు, దాంతో నా చొక్కా మొత్తం చొంగతో తడిపింది.",Disgust
ఒక కస్టమర్ మా షాపుకి వచ్చిన మరుసటి రోజే వాళ్ళ బంధువులను మా షాపుకి పంపించేసరికి నేను చాలా సంతోషించాను.,Happiness
"దుకాణందారుడు డ్యూరియన్ పండుని కోసి ముక్కలు చేసాడు, ఆ వాసన వికారాన్ని పుట్టించింది.",Disgust
నా తిరిగి చెల్లింపు తాలూకు దస్తావేజులను ఆసుపత్రి గందరగోళం చేయడంతో నాకు బీమా డబ్బు ఇవ్వలేదు.,Anger
గత ఆరు నెలలుగా మద్యం అలవాటుతో పోరాడిన తరువాత నాకు గాల్లో ఎగురుతున్న పక్షి అంత ఆనందంగా అనిపిస్తుంది.,Happiness
కొత్త రెస్టారెంట్లోని చెఫ్ నాకు ఇష్టమైన వంటకం తెచ్చిపెట్టినప్పుడు నా మొహంమంతా నవ్వు నిండింది.,Happiness
"ఈ రెస్టారెంట్ గోలగోలగా , ఈ చోటు నిండా చెత్త చేదారంతో ఉంది, నాకిక్కడ ఉండటం అస్సలు బాలేదు.",Anger
"ఈ టాక్స్ ఫైలింగ్ వ్యవహారం ఎంత కష్టంగా ఉందంటే, నాకు పిచ్చెక్కి పోతోంది!",Anger
వయసనేది ఒక సంఖ్య మాత్రమే. నాకెప్పుడూ యవ్వనంగానే అనిపిస్తుంది.,Happiness
ఈ ఫిట్నెస్ ట్రాకర్ నా గుండె కొట్టుకునే రేటును ఖచ్చితంగా గమనించే తీరు నాకు భలే నచ్చింది.,Surprise
దేవుడి దయవల్ల ఈ వారం వాన పడింది. ఇప్పుడు నా పంటలు బాగా పెరుగుతాయి.,Happiness
మీరు చేసిన పొరపాటుకు నా నుంచి రుసుము వసూలు చేస్తారంటే నమ్మలేకపోతున్నాను. అదసలు అన్యాయం.,Disgust
ఆ సమాజంలో జనం అవినీతిపరులైన పోలీసులకు ఎదురుతిరిగి వాళ్ళను చితక్కొట్టారు.,Anger
దురుసుగా ప్రవర్తించిన ఉద్యోగి గురించి ఫిర్యాదు చేయడానికి నేను బ్యాంక్ మేనేజర్ రూంకు వెళ్ళినప్పుడు నా గుండె వేగంగా కొట్టుకుంది.,Fear
ఎవరైనా ఓట్స్లో పెరుగు కలుపుకొని ఎందుకు తింటారు? దాని రుచి రోత పుడుతుంది.,Disgust
ప్రత్యామ్నాయాలను అమ్ముతుందనే పేరు పడ్డ దుకాణంలో నీళ్ళు కొనాలంటే భయపడ్డాను.,Fear
"హే, బాగుంది! నువ్వు ఈ రంగు బైక్ కొంటావని నేనెప్పుడూ అనుకోలేదు.",Surprise
అద్భుతంగా అనిపిస్తుంది! నా కప్బోర్డ్ నా బెడ్రూమ్ వస్తువులకు నప్పేలా ఉండాలని కోరుకుంటున్నాను.,Happiness
"మీ అభిప్రాయం మాకు విలువైనది, మీ వ్యాపారం మాకు ముఖ్యం.",Happiness
"ఈ స్టాండ్లో ఉన్న ఆటోడ్రైవర్లందరూ ఇంతకు ముందు నన్ను ఒక్క ప్రశ్న కూడా అడగకుండా ఇంటికి తీసుకెళ్లారు,  అందుకే నువ్వు రానంటే ఆశ్చర్యమేస్తోంది!",Surprise
మంచం తయారు చేయటంలో పాల్గొనటానికి మీకు ఆసక్తి  ఉంటుందని నేను ఊహించలేదు.,Surprise
"ప్రత్యేకంగా స్టూడెంట్ డిస్కౌంట్ గురించి బుకింగ్ క్లర్క్ చెప్పినప్పుడు నేను ఆశ్చర్యపోయాను, ఇది బుకింగ్ చేయక ముందు తెలిసుంటే నేను డబ్బును ఆదా చేయగలిగేవాడిని కదా!",Surprise
"నీ అభివృద్ధి కోసం మేం ఇంత చేసాక, రాజీనామా గురించి మాట్లాడటంతో అదంతా తోసిపారేస్తున్నావంటే నమ్మలేకపోతున్నాను.",Anger
"ఆ ఎలక్ట్రానిక్స్ షాప్ వాళ్ళు నాకు అమ్మిన టీవీ పనిచేయడం మానేసింది, ఇంకా దాని వారంటీ ప్రక్రియ కష్టమైనది అవటంతో నా బతుకు కష్టాలమయమైందని చిరాకేసింది.",Anger
ఈ గదిలో ఎలుక చచ్చినట్టు వాసన వస్తోంది.,Disgust
మతాలు దయ్యాలు అనే అర్ధంలేని ఆలోచనలు పుట్టించడం పిచ్చికి  పరాకాష్ట! వొళ్ళు మండిపోతుంది.,Anger
ఇవాళ్ళ నాకు ఉద్యోగంలో ప్రమోషన్ వచ్చింది.,Happiness
"ఒక ఉడుతను చూసినప్పుడల్లా, ఆ రోడెంట్ను చూస్తే నాకు అసహ్యం వేస్తుంది.",Disgust
ఆ దుకాణం వాళ్ళు పాడైపోయిన ఆహారాలను అమ్ముతారని అక్కడ ఏదీ కొనదలచుకోలేదు.,Fear
ఆ ఆన్లైన్ బిజినెస్ ఎన్ని రకాలుగా చెల్లించే వీలు కల్పిస్తోందో చూసి నాకు నోట మాట రాలేదు.,Surprise
ఫీనిక్స్ మాల్లో షాపింగ్ చేసేటప్పుడు ఎప్పుడు నా జేబును కొట్టేస్తారో అని నాకు ఎప్పుడూ ఆందోళనగా ఉంటుంది.,Fear
"నాకు వింత వింత శబ్దాలు వినపడితే, అదీ అర్ధరాత్రి సమయంలో, నాకు ఎప్పుడూ ఆరాటంగా ఉంటుంది.",Fear
నేను ఈ పుస్తకాన్ని పదిహేను రోజుల కిందటే ప్రీ ఆర్డర్ చేసాను కానీ ఇప్పటికీ నాకు కన్ఫర్మేషన్ మెయిల్ కూడా రాలేదు. డెలివరీకి ఎన్ని రోజులు పడుతుంది?,Anger
"మద్యపానానికి బానిసలైన వాళ్ళను సానుభూతితో చూసి వాళ్ళను దాని నుంచి తప్పించడానికి  సహాయపడకుండా, వాళ్ళని వెలేసినట్టు చూడడం నాకు చిరాకేసింది.",Anger
ఆయుర్వేద డాక్టర్ సర్జరీ అవసరం లేకుండా నా సెర్వికల్ డిస్క్ ప్రోలాప్స్ను నయం చేసినప్పుడు ఎంతో సంతోషపడ్డాను.,Happiness
"ఈ యాప్ అంటే నాకెంత ఇష్టమో, ఎందుకంటే ఇది నా డబ్బు వ్యవహారాలను చూస్కోవటం సులభం చేస్తుంది.",Happiness
"దీని గురించి ఇదివరకే మాట్లాడుకున్నాం, మీరా! నన్ను మళ్లీ మళ్లీ అవే ప్రశ్నలు అడగడం మానేయ్.",Anger
"గత నెల నేను చాలా తీవ్రంగా అనారోగ్యంతో బాధపడిప్పుడు నా భార్య నాగురించి కంగారూపడిపోయి, చాలా శ్రద్ధ తీసుకోవడం నాకు బాగా నచ్చింది.",Happiness
ఛ! ఎంత స్లో ఇంటర్నెట్ కనెక్షనో. దీని వల్ల ఆఫీస్ మీటింగ్లో మాట్లేడే విషయాలను వరుసగా వినలేక మిస్ అవుతూనే ఉన్నప్పుడు ఎంత చిరాకేసేదో.,Anger
"ఈపిఎఫ్ఓ డబ్బులు విత్డ్రా చేయడం ఎంత కష్టమంటే, నేనింక దాన్ని ప్రయత్నించడమే మానేస్తాను.",Disgust
అబ్బ! ఆ పుస్తకం కోసం నా ప్రీ ఆర్డర్ కన్ఫర్మ్ అయ్యింది. నేను ఎదురు చూస్తున్న పుస్తకం ఇదే.,Surprise
"ఒక రోగిగా, ఆ ఆరోగ్య కేంద్రంలో నేను ఉన్నప్పుడు మరింత సహాయం, మంచి సౌకర్యాలు ఉంటాయనుకున్నాను, అక్కడ నిబంధనలను చూస్తే నీచంగా అనిపిస్తుంది.",Sadness
"""నడిచి వెళ్ళేంత దూరంలో ఒక స్కూల్ దొరకటం అద్భుతం. మా పిల్లలకు చాలా బాగుంటుంది.""",Surprise
జనాలను మోసం చేయడానికి కంపెనీ పిరమిడ్ మార్కెటింగ్ను ఉపయోగించడం సిగ్గు మాలిన పని.,Disgust
శస్త్రచికిత్స కోసం నా రక్తానికి  సరిపడేది ఉంటుందా అని నాకు నిజంగా ఆందోళనగా ఉంది. నా చికిత్సకు ఆరోగ్య కేంద్రంలో సరైన సౌకర్యాలు ఉంటాయా?,Fear
"ఒక అడిక్షన్ కౌన్సిలర్గా, చికిత్స ఇవ్వకుండా తిరస్కరించబడే చాలామంది మద్యపాన, మాదకద్రవ్యాల బానిసలను చూసి, ఈ విచ్ఛిన్నమైన వ్యవస్థ అంటేనే అసహ్యమేస్తుంది.",Disgust
గ్రేట్ బారియర్ కోరల్ రీఫ్లో అన్ని రకాల సముద్ర జీవులను చూసి నిజంగానే ఆశ్చర్యపోయాను.,Surprise
ఎక్కువ టాక్స్ కట్టినందుకు నాకు ఈ వారం వచ్చిన టాక్స్ రిఫండ్ కంటే నాకింకేదీ ఎక్కువ సంతోషం అనిపించదేమో.,Happiness
అతను మోసం చేయడంవల్ల పరీక్షలో పాసయ్యాడు అయినా తన మార్కుల గురించి గొప్పలు చెప్పుకుంటున్నాడు.,Disgust
ఈవెంట్ మేనేజర్ను అంతకు ముందు అతను పనిచేసిన వాళ్ళు మెచ్చుకోవటం బాగుంది. ఈవెంట్లను ఇంత నిలకడగా బాగా నడపుతారని తెలిస్తే ధైర్యంగా అనిపిస్తుంది.,Surprise
ఫ్రాన్స్లోని రెస్టారెంట్లలో భాష వలన ఇబ్బందులు ఎదురైతాయేమోనని నాకు కొంచెం దిగులుగా ఉంది.,Fear
"నేనురెండు కిలోల బంగాళదుంపలు అడిగితే, ఒక్క కిలోనే ఇచ్చావు! నన్ను మోసం చేయాలని చూస్తున్నావా?",Anger
"రోజర్ బన్నిస్టర్ ప్రపంచ రికార్డును కిక్కిరిసిన స్టేడియంలో సృష్టిస్తాడని అనుకున్నాను, కానీ వర్షం కురుస్తున్న ఓ రోజున కొద్ది మంది ప్రేక్షకుల ముందు చేసాడని విని ఆశ్చర్యపోయాను.",Surprise
అప్లికేషన్లో చూపించిన మొత్తం ఇస్తానని ఒప్పుకున్నాం. ఇప్పుడు నన్ను రెండింతలు ధర ఎందుకు అడుగుతున్నారు?,Anger
"కౌన్సెలింగ్ తొందరగా సహాయపడుతుందని అనుకున్నందుకు నా మీద నాకే అసంతృప్తి అనిపిస్తుంది, కానీ అది నేను అనుకున్న దాని కంటే కూడా కష్టంగా ఉంది.",Anger
చెన్నైలో చాలామంది  బిల్డర్లు పర్యావరణం  లేదా రాబోయే తరాల భవిష్యత్తు గురించి పట్టించుకుంటున్నట్లు కనిపించడం లేదు.,Disgust
తన బొమ్మలను మొదటిసారి అమ్మినప్పుడు నా భార్య ఎగిరి గంతేసింది.,Happiness
కన్స్ట్రక్షన్ సైట్లో  దెయ్యాలు తిరుగుతున్నాయనుకుంటా. రాత్రి ఆ సైట్ పక్కనుండి వెళ్తుంటే ఒక దెయ్యాన్ని చూసినట్టున్నాను.,Fear
సిటీలో పుస్తకాలు అమ్మే అతిపెద్ద దుకాణం అతనికే నేను వెతుకుతున్న పుస్తకం దొరకనప్పుడు నాకు నిరాశ అనిపించింది.,Sadness
"నేను సంవత్సరాలుగా ఈ బ్యాంకుకు నమ్మకమైన కస్టమర్గా ఉన్నాను, కానీ ఇవాళ్ళ  నాకు చేసిన సర్వీస్ సంతృప్తిగా లేదు. నేను సూపర్వైజర్తో మాట్లాడాలని డిమాండ్ చేస్తున్నాను!",Anger
డబ్బులు వసూలు చేయనివ్వకుండా ఆ చుట్టుపక్కల రౌడీలను ఆపేసామని వాళ్ళు మమ్మల్ని చంపేస్తామంటూ బెదిరిస్తున్నారు.,Fear
ఈ క్లాసులో ఫెయిల్ అవుతానేమోనన్న ఆలోచనకే భయమేస్తోంది.,Fear
నీ దగ్గర ఇంకో జత ఫుట్బాల్ స్టడ్లు లేవా? అయితే నేను రేపటి మ్యాచ్ ఆడలేననుకుంటా.,Sadness
"క్యూలో నా వెనుక నిలబడినాయన చెమటలు కారిపోతూ, కంపు కొడుతూ ఉండాడు.",Disgust
"""ది లాస్ట్ ఎయిర్బెండర్"" లోని సినిమాటోగ్రఫీ అస్సలు స్పూర్తిదాయకంగా లేకుండా, అంత చూడదగినదిగా లేకుండింది.",Disgust
ఈ నెలలో నా ప్రతి మ్యూచువల్ ఫండ్కి డివిడెండ్లు రావడంతో నాకు గాలిలో తేలుతున్నట్టుంది.,Happiness
"తరతరాలుగా వచ్చిన కుటుంబ వారసత్వం ఇస్తారేమో అని అనుకున్నాను, దురదృష్టం! ఇవ్వలేదు.  నకిలీ ప్రతిరూపానికి అలాంటి సెంటిమెంట్ ఉండదు కదా.",Sadness
"మా వీధిలో ప్రతి ఒక్కరికీ కోవిడ్ సోకింది, ఇప్పుడింక మనకొస్తుందేమో.",Fear
"కొత్తగా వచ్చిన, స్టైలుగా అనిపించే బైకుల్లో కిందికి ఉండే హ్యాండిల్బార్ల మీద ఎక్కువగా వంగితే వెన్నునొప్పి వస్తుందని భయమేస్తోంది.",Fear
చివరికి  నాకు కావలసినట్టుగా లేని ఫర్నిచర్ ఉంచుకోవలసి ఉంటుందేమో అని భయంగా ఉంది.,Fear
ఇంగ్లీష్ ప్రీమియర్ లీగ్లో ఆడేందుకు సునీల్ ఛెత్రీకి బ్రిటిష్ వాళ్ళు వర్క్ పర్మిట్ ఇవ్వనప్పుడు నేను నిరాశపడ్డాను.,Sadness
మళ్ళీ అదే రకమైన సూపర్ హీరో చిత్రాన్ని విడుదల చేసారంటే నమ్మలేకపోతున్నాను. నేను ఈ సూపర్హీరో ట్రెండ్ని ఇంక పట్టించుకోలేను.,Disgust
సాఫీగా బ్యాంకు ఎకౌంటు తెరవడంలో మా పేరెంట్స్కు సహాయం చేయాలని బ్యాంకు ఉద్యోగి ఇంటికి రావడం చూసి ఆశ్చర్యమనిపించింది.,Surprise
"నా ల్యాప్టాప్ క్రాష్ అయింది, డేటాను రీస్టోర్ చేయడానికి నా దగ్గర బ్యాకప్ లేదు, ఏం చెయ్యాలో అర్ధం కావట్లేదు!",Sadness
అప్పు తీసుకోకుండా నేను కలలు కన్న కారు కొనుకున్నపుడు సంతోషంతో గాలిలో తేలిపోయాను.,Happiness
"కొంతమంది ఆటగాళ్ళు ఎప్పుడూ అహంకారం, అహంభావం చూపించుకోవడం అసహ్యమేస్తుంది.",Disgust
వ్యాపారులు పన్నులొసుగులను వాడుకొని పన్నులు ఎలా ఎగ్గొడతారో చూస్తే వికారం అనిపిస్తుంది.,Disgust
"రేపు నేను పట్టణం బయటికి వెళ్తున్నాను, మత ఘర్షణల గురించి ఆందోళనగా ఉంది.",Fear
దయచేసి నన్ను గోడౌన్కు పంపొద్దు. అక్కడ చీకటిగా ఉంటుంది.,Fear
నలభై రెండేళ్ల ఎంఎస్ ధోనీ ఫిట్నెస్ చూసి అవాక్కయ్యాను.,Surprise
ఆ ఎలక్ట్రిక్ స్టోర్ మా కొత్త ఇంటి కోసం నాసిరకపు తీగను నాకు ఎక్కువ ధరకు అమ్మాలని చూసినప్పుడు నాకు పిచ్చి కోపం వచ్చింది.,Anger
"యాక్! వాళ్ళిద్దరూ తలతో బంతిని కొట్టాలని ప్రయత్నిస్తుండారు, అనుకోకుండా వాళ్ళ పెదాలు తగిలాయి.",Disgust
ఒక బ్యాంకు ఉద్యోగి నాతో దురుసుగా మాట్లాడిన తర్వాత ఆ బ్యాంకు ఆఫీసరు నా పనిని చేసి పెట్టినందుకు సంతోషం అనిపించింది.,Happiness
"మా సాంకేతిక నిపుణుల్లో అన్నిటికంటే మంచివాళ్ల గురించి ఒక పోటీదారునికి ఒక ఉద్యోగి సమాచారం ఇవ్వటం చూసి, ఆ కోపంతో అతడిని పీకిపారేసాను.",Anger
నగరంలో పెరుగుతున్న రోడ్డు ప్రమాదాల గురించి ఢిల్లీ నివాసితులు భయపడుతున్నారు.,Fear
"మిగిలినవాళ్ళు బాధలు పడుతున్నప్పుడు, ధనవంతులకు బెయిలవుట్ ఇవ్వటం చూస్తే మండుతుంది.",Anger
ఈ రోజుల్లో పెళ్లికయ్యే ఖర్చులను రెండు కుటుంబాలు సమానంగా భరించటం చూస్తే నాకు హాయిగా అనిపిస్తుంది.,Happiness
"వేదికపై తన స్నేహితులతో కలిసి వెస్టర్న్ డాన్స్ చేసేటప్పుడు నా బిడ్డలో ఏకాగ్రత లేకపోవడం, లొంగని  ప్రవర్తనను చూసి నాకు నిజంగా బాధ వేసింది.",Sadness
"నన్ను తోసిపుచ్చి మాట్లాడటం వల్ల కలిగే ప్రభావం నువ్వు తెలుసుకొని, క్షమాపణ అడిగినందుకు చాలా సంతోషంగా ఉంది.",Happiness
మీ ఉద్యోగి ప్రవర్తన ఏమాత్రం ఒప్పుకోతగినది కాదు.,Anger
పెరిగిన ఫీజులు మీ కుటుంబం మీద అనవసరమైన ఆర్థిక ఒత్తిడి కలిగించవచ్చు.,Fear
మా స్టోర్ బ్రాండింగ్ పాతదిగా అనిపిస్తున్నందుకు నాకు కొంచెం నిరుత్సాహంగా అనిపిస్తుంది.,Sadness
యాక్. నా మలం శాంపిల్ మీకెందుకు?,Disgust
నెమ్మదిగా వెళ్ళు.  రోడ్డుకు అడ్డంగా ముందర చాలా ఏనుగులు ఉన్నాయి.,Fear
వినాయక చతుర్థి పూజ కోసం మా సొంత తోట నుండి బోలెడన్ని పూలు రావడం నా అదృష్టం.,Happiness
మేముండే అపార్ట్మెంట్ కాంప్లెక్స్ ఆడుకునే చాలా మంది చిన్న పిల్లలతో రోజురోజుకు చాలా ఉల్లాసభరితంగా మారుతోంది.,Happiness
"వయసు మీదపడిన మా అమ్మను ఆసుపత్రికి తీసుకెళ్లాలంటే భయం, దాంతో ఆమె ఆయుర్వేద డాక్టర్ ఇచ్చే చికిత్సతో ఇంట్లోనే కోలుకుంటోంది.",Happiness
షేర్ మార్కెట్లో అస్థిరత చూస్తూ ఉంటే నాకు కొంచెం వణుకు పుడుతోంది.,Fear
ఈరోజు షాప్ మూసి ఉందంటే నమ్మలేకపోతున్నాను! ఈరోజు సెలవు కూడా కాదు.,Surprise
ఎందుకింత క్రమశిక్షణ లేకుండా ఉంటావు? ఒక్క పరీక్షకు చదివి స్కోర్ చేయడం అంత కష్టమా?,Anger
"నీ భాష నాకు నచ్చట్లేదు, నీ  మాటలు వేరే వాళ్ళ మీద ఎలాంటి ప్రభావం చూపుతాయో నువ్వు పట్టించుకోవంటే  నమ్మలేకపోతున్నాను.",Anger
ఫ్లైట్లో నా సీటును చాలాసార్లు తన్నిన తర్వాత ఆ ప్రయాణికుడు క్షమాపణలు చెప్పడం విని నాకు సంతోషమేసింది.,Happiness
"నువ్వు ఓ సంవత్సరం పాటు తాగకుండా ఉన్నావంటే నమ్మలేకపోతున్నాను! ఇది ఎన్నాళ్ళ కష్టమైన ప్రయాణం, అయినా సాధించావు!",Surprise
"కొన్ని వారాల కిందటి వరకు, నేను లేన్స్ మారాలంటే భయపడేదాన్ని, హైవే డ్రైవింగ్ బాగా చేసాక ఇప్పుడు ఎంతో సాధించినట్లు అనిపిస్తుంది!",Happiness
"ఆ రెస్టారెంట్ శుభ్రంగా లేదు, చుట్టుపక్కల కొన్ని బొద్దింకలు తిరగడం చూశాను.",Disgust
"కరెంటు పోయినప్పుడు, మా ఇంట్లో చాలా వింత శబ్దాలు వినబడ్డాయి, నేను ఒంటరిగా ఉండటంతో నాకు భయమేసింది.",Fear
"నీకు కోపం వచ్చి, నీ చుట్టూ ఉన్న వాళ్ళను పట్టించుకోకుండా వస్తువులను విసిరేయడం మొదలుపెట్టినప్పుడు నిన్ను చూస్తే భయమేస్తుంది.",Fear
"సినిమా ఇంత చెత్తగా తీశారని ఎంత కోపంగా ఉందో. దాని కోసం నా సమయం, డబ్బు వృధా చేస్కున్నానంటే నమ్మబుద్ధి అవట్లేదు.",Anger
కేవలం తన కారుని ఇంకో వ్యక్తి దాటి వెళ్ళాడనే కారణంగా  రోడ్డు మీద గొడవ సంఘటనలో ఒక కారు డ్రైవర్ అతడిని కొట్టాడు.,Anger
"బస్సు స్టేషన్కి టైంకి చేరలేక పోయాను, బస్సు మిస్ అయింది.",Sadness
"నాకు కావలసినవి సాధించుకోవడంలో ప్రపంచంలో అర్ధం, ప్రయోజనం లేవనిపిస్తాయి.",Sadness
ఒక ప్రసిద్ధ తమిళ రాజుది వర్ణించని ఖనన స్థలం గురించి ఓ ఆర్టికల్ చదివి చాలా బాధపడ్డాను.,Sadness
ఫుట్బాల్ పోటీలో అవతల వాళ్ళకి మన ఆట వ్యూహాన్ని చెప్పేంతగా   దిగజారిపోయావంటే  నమ్మలేకపోతున్నాను.,Anger
ప్రీ ఓన్డ్ పుస్తకాల అమ్మకాల పరిస్థితి గురించి స్టోర్ కీపర్ని అడగాలంటే నాకు భయంగా ఉంది.,Fear
"ఉద్యోగస్తులు వాళ్ళ పని బాగా చేస్తున్నారని మీరు అనుకున్నా కూడా, ప్రతి సంవత్సరం వాళ్ళకి ప్రమోషన్ ఇవ్వటం ప్రయోజనకరం కాదని  మీకు తెలియదా?",Disgust
చాలా కష్టపడి సంపాదించుకున్నఆ కొత్త క్లయింట్ గురించి నువ్వలా అందరిలో తెలిసీ తెలియనివి మాట్లాడుతుంటే నాకు మండిపోతోంది.,Anger
న్యాయంగా ఉండకుండా ఆ జడ్జి ఎలా తప్పించుకోగలరు?,Anger
"బ్యాగేజ్ ఏరియాలోని గందరగోళాన్ని చూస్తే, ఎయిర్లైన్ వాళ్ళు చాలా సామాను పోగొట్డడంలో ఆశ్చర్యం లేదు అనిపిస్తుంది.",Disgust
"మనం డబ్బు నిర్వహించుకోవటం, పన్నుకట్టటంలో చిక్కులను చూసుకుంటున్నప్పుడు రాగల ఆపదల గురించిన ఆలోచన దిగులు పుట్టిస్తుంది.",Fear
"మా ఇంటి పక్కన కుటుంబం నడుపుకునే ఒక షాపు, వ్యాపారం నడవక, మూసేసినప్పుడు నాకు చాలా దుఃఖమొచ్చింది.",Sadness
ఈ మామిడిపండు నిండా రసం ఉండి మనసుకి గొప్ప ఆనందమిస్తుంది.,Happiness
చుట్టూ ఉండే పులుల వల్ల కార్బెట్ నేషనల్ పార్క్ దగ్గరలో బస చేయ్యాలనే ఆలోచన నాకు సుఖంగా అనిపించదు.,Fear
"నా జీతం పెంచమని హెచ్ఆర్ మేనేజర్ని అడిగాను, కానీ ఆమె ఒప్పుకోలేదు.",Sadness
ఐపిఓలోనే నా స్నేహితుడి కంపెనీకి అంత త్వరగా ఎక్కువమంది  సబ్స్క్రైబ్ ఎలా చేసుకున్నారో మరి! నమ్మలేకపోయాను.,Surprise
"డెలివరీ అతను వచ్చినప్పుడల్లా, అతన్ని మా ఇంట్లోకి రానివ్వాలంటే భయమేస్తుంది. ఈ మధ్య బోలెడన్ని దోపిడీ ఘటనలు జరుగుతున్నాయి.",Fear
అందరికీ  అందుబాటులో ఉండే చవకైన ఆరోగ్య సంరక్షణ ఎంపికలు  లేవని నాకు చాలా కోపంగా ఉంది.,Anger
ప్రాక్టీస్ క్లాస్ జరుగుతున్నప్పుడు మా అబ్బాయి అన్నీ ధ్వంసం చేస్తుంటే చూసి నిరుత్సాహం అనిపించింది.,Sadness
"అల్లర్లను పెంపొందించడానికి రాజకీయాలను మతతత్వంతో కలిపితే, మన వ్యాపారం  దెబ్బతీస్తుంది. ఎంత ప్రమాదం!",Fear
"హాయ్ కౌసల్యా, ఇంకా ఎందుకు ఇంటికి వెళ్ళలేదు? ఆలస్యం అవ్వడం లేదా?",Surprise
నేను చేయాలనుకున్నవన్నీ చేయలేకపోతానేమోనని దిగులుపడుతున్నాను.,Fear
"పబ్లిక్ టాయిలెట్లు మురికిగా ఉండి, సరిగ్గా శుభ్రపరచకపోవడం చూసి అసహ్యమనిపించింది.",Sadness
ఛ! సంస్థ యాజమాన్యం ఉద్యోగుల శ్రేయస్సు కంటే వాటాదారుల లాభాలకే ప్రాధాన్యత ఇవ్వడం సిగ్గు చేటు.,Disgust
"కొన్ని దేశాల రెస్టారెంట్ల మెనూలో పురుగులతో చేసిన వంటకాలను చూసినప్పుడు, నాకు వాంతి వచ్చేట్టు ఉంటుంది.",Disgust
"యుఎస్లో డ్రైవ్ చేసిన తరువాత, నా సొంత గడ్డ అయిన భారత్ రోడ్ల మీద ఒక పద్ధతంటూ లేని డ్రైవింగ్ అలవాట్లు చూసి అసహ్యం అనిపిస్తుంది.",Disgust
"మీకు అంత బాలేనట్లుంది, మా స్టోర్లో కస్టమర్లకు ఏమైనా జరగడం మాకిష్టం లేదు. డాక్టర్కు కాల్ చేయనా?",Fear
అధిక చమురు ధరల కారణంగా మన నగదు నిల్వలు తగ్గుతాయేమోనని నాకు భయం పట్టుకుంది.,Fear
ముందు వరుస సీట్లు తీసుకోకు. అతను నన్ను స్టేజి మీదికి రమ్మంటాడేమోనని భయంగా ఉంది.,Fear
పాడై పోయిన ఫుడ్ తినే ముందు లేబుల్ మీద తేదీని చూడలేదని బాధగా ఉంది.,Sadness
ఆ కుక్కలు గుర్రుమంటూ నన్నే చూస్తున్నాయి. అటు వైపు వెళ్తే నన్ను కరుస్తాయేమో.,Fear
ఇంక ఆక్సిజన్ సిలిండరు లేదంటావేంటి? ఆ బిడ్డ ఊపిరి తీస్కోవటానికి కష్టపడుతోందని కనపడట్లేదా?,Anger
"పర్యాటకులను విచక్షణారహితంగా చంపుతున్నారని ఎన్నో రిపోర్టులతో నాకు వణుకొస్తోంది, నేను ఈ శీతాకాలంలో సెలవులకు హిల్ స్టేషన్కి వెళ్లడం లేదు.",Fear
రెండు సంవత్సరాలు త్రాగాలనే కోరికని అణిచివేయగలిగిన తర్వాత నేను మళ్ళి మద్యం తాగడం మొదలుపెట్టినప్పుడు నిరాశకు గురయ్యాను.,Sadness
మీ ఆర్థిక పరిస్థితి గందరగోళంగా ఉంది!  మీ వ్యవహారాలు సరిగ్గా నిర్వహించుకోకపోతే పెద్ద సమస్యలో పడతారు.,Anger
మీరు ఏం చేశారో తెలీదు కానీ ఆ నమిలేసిన పెన్ను చూస్తే వికారం  అనిపిస్తోంది.,Disgust
"రాజీనామా గురించి మీ నిర్ణయం భవిష్యత్లో మన జట్టు తయారీకి సంబంధించి, ముఖ్యంగా నైపుణ్యాలు, అనుభవాలను సరిచూసుకునే విషయంలో సందేహాలు పుట్టిస్తుందని నేను ముఖ్యంగా చెప్పాలనుకుంటున్నాను.",Fear
ఒక సంస్థలో అందరికంటే మంచి ఉద్యోగులను కూడా తీసేయగలరంటే నాకు రోత పుడుతుంది.,Disgust
కావలసినంత జాగ్రత్తగా ఉండకపోతే పెయింటింగ్ను పాడు చేస్తానేమోనని భయంగా ఉంది.,Fear
"నా కాలికి చేసిన చికిత్స పనిచేయలేదనిపించి, నేను ఒకటి రెండు నెలల్లో నడవలేనని భయపడ్డాను.",Fear
రాత్రి పూట నాకు అలవాటైన దారి కాకుండా వేరే దారిలో వెళ్తే తప్పిపోతానో లేదా నామీద ఎవరైనా దాడి చేస్తారేమో అని నాకు భయంగా ఉంది.,Fear
కస్టమర్ మా లాయల్టీ ప్రోగ్రామ్ను  సద్వినియోగం చేసుకోకపోతే నిరుత్సాహమనిపిస్తుంది.,Sadness
ఈ రైల్లో టీ కూడా సరిగ్గా చేయలేరు!,Anger
ఈ పుస్తకాన్ని నేనెందుకు ఇంకా చదవలేదని నా మీద నాకే అసహ్యం వేస్తోంది.,Disgust
"అదృష్టవశాత్తూ, పోలీసులు నగరంలో శాంతికి విఘాతం కలిగించే విద్యార్థులకు, ఎదురవబోయే కఠినమైన పర్యవసానాల గురించి మెసేజ్లు పంపారు.",Happiness
నువ్వు ఇందాక నీ ముక్కుకు అడ్డుపెట్టుకోకుండా తుమ్మావంటే నమ్మలేకపోతున్నాను.,Disgust
నేను కొనిచ్చిన ఆహారాన్ని ఆ బిచ్చగాడు  చెత్తబుట్టలో ఎలా పడేసాడు?,Anger
ఎందుకు రోజంతా అలా సోఫాలో కూర్చొని సినిమాలు చూస్తున్నావు? నువ్వు బయటకి వెళ్లి ఆడుకుంటే మంచిది!,Anger
నాకు ఇవాల్టి పరీక్ష రాయాలనిపించట్లేదు. పాస్ కాకపోతేనో?,Fear
వచ్చే ఆదివారం చెన్నైలో జరిగే ఛాంపియన్స్ హాకీ మ్యాచ్ల కోసం ఎదురుచూస్తున్నాను.,Happiness
అద్భుతమైన వాళ్ళ త్రైమాసిక ఫలితాలు ప్రకటించిన తర్వాత ఐటీసీ హోటల్ మేనేజర్ ఆనందంతో డాన్స్ చేయడం చూశాను.,Happiness
"మీ బండి మీద గీతలను చూస్తే బాధగా ఉంది, దాన్ని బాగు చెయ్యడానికి నేను నాకు చేతనైనంత చేస్తాను.",Sadness
ఆ చుట్టుపక్కల వాళ్ళను ఇబ్బంది పెడుతున్న అద్దెదారుని ఖాళీ చేయించిన తర్వాత ఆ ఇంటి ఓనర్ తేలికగా ఊపిరి పీల్చుకున్నాడు.,Happiness
మొక్కలు నాటడానికి ముందు మట్టిని సిద్ధం చేసుకోవడం కోసం పొలం దున్నడం ఎంత ముఖ్యమైనదో నేనెప్పుడూ గ్రహించలేదు. పూర్తిగా కొత్త కాన్వాస్లాగా ఉంది.,Surprise
"అయ్యో! ఈ కొత్త షాపు కట్టడం ఎంత గందరగోళంగా ఉందో, కస్టమర్లు  చిరాకు పడుతున్నారు.",Disgust
ఎన్నో డీల్స్ని చేజిక్కించుకున్నా కూడా వరసగా ఐదేళ్ళు ప్రొమోషన్ రాకపోయేసరికి నాకు ఉత్సాహం చచ్చిపోయినట్టు ఉంది.,Sadness
గెలిచిన జట్టు క్రీడాస్ఫూర్తి ప్రదర్శించక పోవటం  సిగ్గనిపించింది.,Disgust
నేను ఉద్యోగం వదిలేసిన తర్వాత నన్ను ఎవరూ గుర్తించనప్పుడు ఉత్సాహంగా ఉండడం కష్టం అనిపించింది.,Sadness
హెల్మెట్ పెట్టుకోమని అందుకే ఎప్పుడూ చెప్తుంటాను కానీ నువ్వు వినవు.,Anger
లేదు! నాకు సాలీళ్ళంటే భయం. దాన్ని ముట్టుకోను.,Fear
నాకు ఏదో కాలుతున్న వాసన వస్తోంది. ఇంజిన్ మంటంటుకుందా?,Fear
"సర్, దయచేసి ఆ పెయింటింగ్స్ని ముట్టుకోకండి! దాని మీద మరక పడేస్తే దానికి మీరు డబ్బు కట్టాల్సొస్తుంది.",Anger
ఫ్లవర్ డ్రమ్ రెస్టారెంట్లోని చైనీస్ ఫుడ్ నాణ్యత నాకు భలే నచ్చింది.,Happiness
ఆఖరికి మాడ్యులర్ వంటగది ఏర్పాటు అయినప్పుడు అది చూసి నా భార్య ఉత్సాహం పట్టలేకపోయింది. అద్భుతంగా కనిపించింది!,Happiness
నేను సెకండ్ హ్యాండ్ కారు కొనాలనుకొవటంతో చాలా మంచి  పని చేశాననుకుంటున్నాను.,Happiness
వీధి కళాకారులలో ఇంత అద్భుతమైన ప్రతిభ ఉందని నేను అనుకోలేదు .,Surprise
"టాక్స్ రిటర్న్ వ్యవహారం ఇంత ముంచెత్తుతుందని, ఇంత సవాలుగా  ఉంటుందని నేను ఎప్పుడూ అనుకోలేదు.",Surprise
మీరు చేయగలరని నాకు తెలియని పార్కూర్ విన్యాసాలతో నా మతి పోగొట్టారు.,Surprise
"ఒక దేశం ఓ నిరసనను బలవంతంగా అణిచేసినందుకు పొగిడి, మరో దేశాన్ని అలాంటి పని చేసినందుకు విమర్శించిన ఆ న్యూస్ పేపర్ చూపిన ద్వంద్వ ప్రమాణాలను చూసి దిగ్భ్రాంతి అనిపించింది .",Disgust
"తెల్లవారుజామున నాలుగున్నరకి   లేచినప్పుడు చాలా ప్రశాంతంగా ఉంటుంది, రోజంతా భలే  ఆహ్లాదకరంగా ఉంటుంది.",Happiness
రాబోయే బడ్జెట్ ప్రకటన చుట్టూ ఉన్న అనిశ్చితి వల్ల నాలో అభద్రతా భావం ఏర్పడింది.,Fear
పెద్ద మొత్తంలో కాలేజీ ఫీజులు కట్టాలనే ఆలోచన మా అమ్మావాళ్ళకు నిద్రపట్టకుండా చేస్తోంది.,Fear
"ఇక్కడున్నమీ అందరికీ శుభోదయం. ఈ త్రైమాసికంలో మన అమ్మకాలు రెండింతలు అయ్యాయి, పది లక్షలకు పైగా ఆర్డర్లు ఇంకోసారి వచ్చాయి.",Happiness
దురాశ స్థాయి వికారం కలిగించేదిగా ఉంది! కరెంటు దుకాణం వాళ్ళు తమ ప్రీమియం ధరతో నానుండి ఎక్కువ వసూలు చేయడం నాకు ససేమిరా నచ్చలేదు.,Disgust
"వాళ్ళ అమ్మానాన్నలు నా మేనల్లుడిని తన అన్నయ్య పెళ్లి వేడుకలలో ఉండనివ్వనప్పుడు, నాకు అతని మీద జాలేసింది.",Sadness
మా గోదాములో తెలియని వ్యక్తులు దొంగతనం చేశాకా జరగబోయే సరుకు తనిఖీ గురించి నాకు కూసింత ఆందోళనగా ఉంది.,Fear
గుడికి వెళ్ళొచ్చిన తర్వాత నా కోరికలు తీరినప్పుడు నాకు పట్టలేని ఆనందం అనిపించింది.,Happiness
ఒకప్పుడు ఆనందమైన ప్రదేశంగా ఉన్న ఆ పాత విరిగిపోయిన కోటను చూస్తున్నప్పుడు నా మనసులో బరువుగా అనిపిస్తోంది.,Sadness
సలాడ్లో తాజా లెట్టుస్ కరకరలాడుతుంటే నాకు చాలా ఇష్టం.,Happiness
ఒక డ్రోన్ని దాని లక్ష్యాన్ని చేరుకోనివ్వకుండా ఆపేసినందుకు అది దాని నిర్వాహకుడిని చంపేసే భయంకరమైన చోట నాకు ఖచ్చితంగా పనిచేయాలని లేదు.,Fear
"ఓసారి నేను అనుకోకుండా ఇంటికి వెళ్ళి, అర్ధరాత్రి తలుపు తట్టేసరికి మా అమ్మావాళ్ళు బిత్తరపోయారు.",Surprise
అబ్బో! ఈ సినిమాలో రజనీకాంత్ ఉన్నట్టు నాకు  తెలియదు. ఈ సినిమాలో ఆయన ఎంట్రీ అస్సలు ఊహించనిది.,Surprise
వన్ ప్లస్ టీవీకి ప్రమాదవశాత్తు జరిగిన నష్టాన్ని కూడా కవర్ చేసే వారంటీ ఉంటుందని అనుకోలేదు.,Surprise
ప్రైవేటు వడ్డీవ్యాపారులు తమ సొంత లాభాల కోసం వడ్డీ రేట్లను ఎలా తారుమారు చేస్తారో చూస్తే మండుతుంది.,Disgust
జిపిఎస్ లేకుండా అమెజాన్ అడవిలో దారి వెతుక్కోగలనన్న నమ్మకం నాకు లేదు.,Fear
నేను వెళ్ళాల్సిన చోటుకు ఎప్పుడు చేరుకుంటాను? ఈ మీటింగ్ మీద నా భవిష్యత్తు ఆధారపడి ఉంది.,Fear
నేను రైల్వే బుకింగ్ క్లర్క్ను బస్ బుకింగ్ కౌంటర్కు దారి అడిగితే అతడు చెప్పినందుకు సంతోషమనిపించింది.,Happiness
"మాకు వచ్చే నెలలో అతిథులు వస్తున్నారు, నా బడ్జెట్లో అదనపు గ్యాస్ రాదేమోనని రోజూ రాత్రి దాని గురించి ఆలోచిస్తూ దిగులుపడుతున్నాను.",Fear
"ఈ పాట సాహిత్యం నాకు రోత పుడుతోంది. చాలా అసహ్యంగా, అసందర్భంగా ఉంది.",Disgust
వింటున్నారా? పదే పదే చెప్పాలంటే చిరాకేస్తుంది!,Anger
"ఎవరైనా నాకు కాల్ చేసి, నా బ్యాంక్ ఎకౌంటు వివరాలు సరిచూడాలని ఓటిపీ అడిగితే భయమేస్తుంది.",Fear
"నా ఫ్రెండ్ చెప్పిన ప్రీ ఓన్డ్ పుస్తకాలు అమ్మే షాప్ ఇదే,  కానీ ఇక్కడ అమ్మడం లేదని చెబుతున్నారు. వింటే చాలా బాధగా ఉంది.",Sadness
"నాకు గ్యాస్ వాసన వేసింది కానీ చెక్ చేయడానికి లైట్ స్విచ్ ఆన్ చేయటానికి భయపడ్డాను. పేలుతుందేమో, ఎందుకులే అనిపించింది.",Fear
"మీకు ఈ చక్కని డైమండ్ లాకెట్టు నచ్చింది కాబట్టి, అది మీ వార్షికోత్సవ వేడుకల మెరుపును ఎంత పెంచుతుందో ఊహించుకోండి.",Happiness
రెయిన్ ఫారెస్టులో జిప్ లైనింగ్ కోసం భద్రతా ఏర్పాట్లు ఏవైనా ఉన్నాయా అసలు?,Fear
భారీ వర్షాల వల్ల ప్రాజెక్ట్ ఇంకో నాలుగు నెలలు ఆలస్యమౌతుందని వర్కర్లు చెప్తున్నారు.,Sadness
"అబ్బో! అంటే మనం కట్టబోయే గోడ లోపల నిజంగా ఒక నీటి గొట్టం ఉందా? దేవుడి దయవల్ల, దాన్ని చూసుకోవడానికి సరైన మేస్త్రి  మీరున్నారు.",Surprise
"ఈమధ్య గ్యాస్ సిలిండర్ను తెచ్చుకోడానికి  భయమేస్తుంది నాకు.  ఎందుకంటే చాలా సిలిండర్లు తుప్పు పట్టిపోతున్నాయి, నాకు ఎక్కడ తెగుతుందో అని హడలెత్తిపోతుంది.",Fear
ఈ మిక్సర్కు వారంటీ అయిపొయిందంటావేంటి? ఓ వారం కిందటే కొన్నాను!,Anger
రెండు నిముషాల కన్సల్టేషన్కి మీరింత వసూలు చెయ్యలేరు!,Anger
"నగలు అద్భుతంగా కనిపించేలా, మన వివాహ రజతోత్సవ వేడుకలకు సెంటిమెంటును జతచేసి ఉండేలా చూడటం గురించి నాకు కాస్త ఆందోళనగా ఉంది.",Fear
నా కారులోని చిన్న డెంట్ బాగు  చేయించాలంటే బ్యాంకును కొల్లగొట్టాల్సిన అవసరముండదనే అనుకుంటున్నాను.,Fear
వచ్చేపోయే వాళ్ళతో నా దుకాణం కళకళలాడుతూ ఉండేట్టు సిటీ మధ్యలో వాణిజ్య స్థలం అద్దెకు  దొరికినందుకు ఎంత సంతోషంగా ఉందో.,Happiness
"యాక్. పూర్తిగా మట్టితో కప్పుకుపోతే, డర్ట్ బైకింగ్ను ఎలా ఆనందిస్తావు?",Disgust
బాగుంది! మంగలి షాప్కి వచ్చే ముందు తలంటి పోస్కున్నారా?,Surprise
"నేను ఈ నగల దుకాణానికి వచ్చి గంటవుతోంది, ఇప్పటివరకు ఎవరూ నన్ను పట్టించుకోలేదు. చాలు, ఇంకెప్పుడూ మీ దుకాణానికి రాను!",Anger
నా పిల్లలు పాల్గొన్న డాన్స్ పోటీలో ఎవరి పేరు విజేతగా ప్రకటిస్తారో అని నేను ఊపిరి బిగపట్టి కూర్చున్నా.,Surprise
వరుసగా ఐదేళ్ళు ప్రమోషన్ కోసం లీడర్షిప్ నన్ను పట్టించుకోకపోయేసరికి పోయినేడాది కోపంతో రగిలిపోయాను.,Anger
"ఒక ఎడ్యుకేటర్గా మీ సహాయం, మెచ్చుకోలు నాకు ఎంతో విలువైనవి.",Happiness
స్థానిక పంజాబీ వంటకాలలో మేం కోరుకున్న అసలైన రుచులు లేకపోయేసరికి నాకు కొంచెం నిరుత్సహమనిపించింది.,Sadness
ఈ యాప్ నా రోజువారీ పనులు చాలా సులభమయ్యేలా చేయగలదంటే ఆశ్చర్యమనిపించింది.,Surprise
"నా ఆహార పరిమితుల గురించి ఆలోచిస్తే, నా ఫుడ్ ఆర్డర్ సరిపోతుందా అని కొంచెం దిగులు మొదలైంది.",Fear
మన ప్రధాన క్లయింట్ కోసం మనం ప్రారంభిస్తున్న కొత్త ప్రాజెక్ట్ గురించి నాకు ఉత్సాహంగా ఉంది.,Happiness
"నీ రూములోంచి నన్ను బయటకు పొమ్మన్న నీ మాటలతో బాధేస్తుంది, కానీ వెళ్ళే ముందు నీకు చెప్పాల్సిన వార్తొకటి ఉంది.",Sadness
కొత్త బ్యాంకులో నా పిల్లాడి కోసం ఖాతా తెరిచినప్పుడు వాళ్ళు ప్రోత్సాహకంగా పది శాతం వడ్డీని ఇచినప్పుడు నేను ఆశ్చర్యపోయాను.,Surprise
నేరాలకు ప్రసిద్ధి అయిన హైదరాబాద్ ప్రాంతంలో మా కొత్త షాపు ప్రారంభించటం అంటే నాకు భయమేస్తోంది.,Fear
"కిటికీ నుండి ఏసీ తీసినప్పుడు, అందులో ఒక బతికున్న ఉడుత పిల్లని చూసి దిమ్మెరపోయాము.",Surprise
"ప్రస్తుతం మీ రాబడి ఉన్న స్థితి మాకు ఏ మాత్రం తృప్తిగా లేదు, పరిస్థితిని సరిదిద్దేందుకు మీరు వెంటనే ఏదైనా చెయ్యాలని ఆజ్ఞాపిస్తున్నాం.",Anger
కాశ్మీర్ గ్రామీణ ప్రాంతంలో ఉండే ప్రశాంతత కొత్త ఊపిరి పోస్తున్నట్టు  ఉంటుంది.,Happiness
బ్యాంకు వాళ్ళు సామాజిక హోదా బట్టి ప్రజలను గౌరవించడం బాధాకరం.,Disgust
"ఈ వారాంతంలో వచ్చే నా అతిథుల కోసం కొన్ని ఎక్స్ట్రా న్యూస్ పేపర్లు తెప్పిదామనుకున్నాను, కానీ నువ్వు బయట ఉన్నావు కదా, ఇప్పుడది కుదరదులే.",Sadness
"నేను ఓ గుడికి డ్రైవింగ్ చేసుకుంటూ వెళ్తున్నాను, వాళ్ళు మూసివేసే లోపు  అక్కడికి సమయానికి చేరుకోలేకపోయాను. అదే చాలా బాధేసింది.",Sadness
అసలు ఏ కారణం లేకుండా నన్ను పంపించాలని చూస్తే మేనేజ్మెంట్ గొడవ ఎదుర్కోబోతుంది.,Anger
"విమానంలో నా ఆర్మ్ రెస్ట్ని ఆక్రమించిన ఇద్దరు ప్రయాణీకుల మధ్య నలిగిపోయి, బాధతో క్రుంగి కృశించిపోయాను.",Sadness
"మార్షల్ ఆర్ట్స్ పోటీలో ఒక కరాటేకా రెచ్చిపోయి, ప్రత్యర్థి ముక్కు పగలగొట్టినప్పుడు నాకు అసహ్యం అనిపించింది.",Disgust
ఈ చారిత్రక తవ్వకం గురించి మీ ఉత్సాహం చూస్తే చాలా ఆనందంగా ఉంది!,Happiness
"ఫ్రెంచ్ గ్రామీణ ప్రాంతాలలో ఉండే స్థానిక ద్రాక్షతోటలు అద్భుతమైన వైన్ను ఉత్పత్తి చేస్తాయి, అది నాకు గొప్పగా ఉత్సాహం ఇస్తుంది.",Happiness
నేను ఓ అపురూపమైన పురాతన వస్తువును మంచి ధరకు అమ్మినప్పుడు ఉబ్బి తబ్బిబ్బయ్యాను.,Happiness
ఇంట్లో నా బాధ్యతల్లో కొన్నింటిని పూర్తిచేయడానికి అప్పు తీసుకోవలసి వచ్చినప్పుడు చాలా బాధనిపించింది.,Sadness
నా క్యాబ్ డ్రైవర్ కాంచీపురానికి దగ్గర దారిలో వెళ్లి ముప్పై నిమిషాలు ముందుగా తీసుకువెళ్ళినప్పుడు  నేను ఆశ్చర్యపోయాను!,Surprise
నేను చూడాలనుకున్న గుహలో కంటే రోజులో ఎక్కువ టైం క్యాబ్లోనే గడిపానని బాధ పడ్డాను.,Sadness
వచ్చే మూడు రోజుల వరకు చెన్నై నుండి ఢిల్లీకి నేరుగా వెళ్లే రైళ్లు లేవని బుకింగ్ క్లర్క్ చెబితే విని నేను షాకయ్యాను.,Surprise
"ఎందుకంత బద్ధకంగా ఉన్నావు, కూర్చొని మ్యాచ్ చూస్తున్నావు? బయటికెళ్ళి ఎందుకు ఆడుకోవు?",Anger
"మా పక్కన ఉన్న సైకిల్ దుకాణంలో నేను పెట్టగలిగిన డబ్బుకు సరిపోయేవి, నాకు నచ్చిన బైక్స్ కనబడేసరికి భలే ఆనందమనిపించింది.",Happiness
"చాలా అరుదుగా, కొంతమంది కొరియర్ బాయ్స్ వస్తువు డెలివరీ  ప్రయత్నించకుండానే ట్రాకింగ్ వ్యవస్థను అప్డేట్ చేస్తారు. మీకు చేర్చడానికి ప్రయత్నించకుండా వాళ్ళు చేసినదానికి బాధగా ఉంది, దయచేసి క్షమించండి, సర్.",Disgust
"మీ మాటతీరు మామూలుగా మృదువుగా ఉంటుంది కదా, దాంతో లీడర్షిప్ టీంతో మీరు దురుసుగా మాట్లాడినప్పుడు ఆశ్చర్యపోయాను.",Surprise
"నిర్మాణ పనులను జరుపిస్తూ, ఇంట్లో వాళ్ళ రోజువారీ పనులు సజావుగా కొనసాగేలా ఎలా చూసుకోవాలో నేను ఆలోచిస్తున్నాను. వాళ్ళ దినచర్యకు భంగం కలిగితే వాళ్ళు హడలుకొట్టేస్తారు.",Fear
"ఆరోగ్య కేంద్రానికి వెళ్లడానికి, అక్కడ బెడ్ దొరకడానికి ఎంత టైం పట్టిందో చూసి నాకు చిరాకేసింది.",Anger
అమెరికాకు వెళ్లినంతమాత్రాన్న మళ్లీ మొత్తం డ్రైవింగ్ లైసెన్స్ ప్రక్రియ  చేయాలా? ఇదెక్కడి గోడవరా బాబు!,Anger
"మేనేజర్ నన్ను చూసి కన్నుకొట్టి, చాలా వెకిలిగా నవ్వుతూ నా వైపే చూస్తూ ఉన్నాడు.",Disgust
"ఇది ఏమాత్రం ఒప్పుకోలేను! ప్రీమియం డెలివరీ సర్వీస్ కోసం డబ్బులు కట్టాను, అయినా నా ప్యాకేజీ ఇంకా రాలేదు!",Anger
"నేను డాక్టర్ మంచి విషయం చెబుతుందని అనుకోలేదు, కానీ నేననుకున్న దానికి వ్యతిరేకంగా ఆమె మా అత్తగారికి  క్లీన్ చిట్ ఇచ్చేసరికి ఆశ్చర్యపోయాను.",Surprise
అబ్బో! నా కొత్త ఇంటి కోసం ఇన్ని  కరెంటు వస్తువుల శ్రేణి ఉంటుందని  ఊహించలేదు. ఇది ఎంపికల సరికొత్త ప్రపంచంలా ఉంది.,Surprise
ఓవెన్ నుండి అప్పుడే బేక్ చేసిన బ్రెడ్ వాసన వచ్చిన ప్రతిసారీ నాకు ఇంపైన పాత జ్ఞాపకాలు గుర్తొస్తాయి.,Happiness
ఆఫీస్లో బాస్ ఇస్తున్న పార్టీకి మీరు ఆ మరకల చొక్కా వేసుకుంటున్నారంటే  నమ్మలేకపోతున్నాను.,Disgust
అందరి ముందు నన్ను అవమానించే హక్కు నీకు లేదు.,Anger
"ఒక నటుడిగా, నేను ఒక సినిమాలో పాత్ర కోసం ఆడిషన్ చేసిన ప్రతిసారీ నాలో శక్తి, ఉత్సాహాలు నిండిపోతాయి.",Happiness
"మరింత జాగ్రత్తగా డ్రైవ్ చేయమని వాళ్ళకు మళ్ళీమళ్ళీ చెప్పాను, కానీ నేను చెప్పేది వాళ్ళు పట్టించుకోకపోవడంతో నాకు కోపమొస్తోంది.",Anger
నా సిటీ బ్యాంక్ రిలేషన్షిప్ మేనేజర్ నా పోర్ట్ఫోలియో స్థితిని ఎన్నో సార్లు పట్టించుకోకపోవడంతో అతడంటే నాకు అసహ్యమేసింది.,Disgust
"నువ్వో గాడిదవు. అతని చుట్టూ ఎవరూ లేనప్పుడు, తనకు బాల్  పాస్ చేసి ఉండాల్సింది. ఫీల్డ్లో ఏం ఆలోచిస్తున్నావు?",Anger
"అమృత్సర్లోని ఆ పంజాబీ దాబాలో పాలక్ పనీర్, నాన్ల కాంబినేషన్ నన్ను మరీ మరీ అడిగేలా చేస్తుంది.",Happiness
ఈ విషయంలో నాకు సహాయం చేయకుండా తప్పించుకోవాలనుకుంటారని తెలుసుకొని ఉండాల్సింది.,Disgust
మీ పోటీదారులతో పోలిస్తే మీ ధరలు చాలా ఎక్కువగా ఉన్నాయి.,Anger
మేం ఆర్డరు చేసినది చివరికి ఇలా ఉందని నాకు రోత పుట్టింది. నేను నా వంటగదిలో నిలబడడం కూడా భరించలేని స్థితిలో ఉన్నాను.,Disgust
మేము శ్రీనగర్ వెళ్ళి అక్కడ తాజా గాలి పీల్చినప్పుడు నాకు కొత్తగా ఊపిరి పోసుకున్నట్టు అనిపించింది.,Happiness
"అనుపమ మేడమ్ క్లాస్లో కూర్చోడం ఎప్పుడూ చాలా సరదాగా ఉండేది. కథలు, జోకులు, నాటకాలు చదివి ఆనందించేవాళ్లం.",Happiness
కౌన్సెలింగ్ వల్ల కోలుకోడానికి ముందు మా అబ్బాయి నరకం అనుభవించాడని విని గుండె బద్దలైనట్టు అనిపించింది.,Sadness
అతనికి మర్యాదే లేదు. నేను అతడి పక్కనే నిలబడి ఉండగానే గట్టిగా తేన్చాడు.,Disgust
"నేను క్యాబ్లో తిరిగి వస్తుండగా వర్షం పడడం మొదలై, పెద్ద ట్రాఫిక్ జామ్ అయింది.",Sadness
"మీ జీతం అభ్యర్థనలను చూసాను, నిజం చెప్పాలంటే, మేం ఇచ్చిన న్యాయమైన పరిహారానికి మీరు విలువ ఇవ్వకపోవటం ఏం బాగాలేదు.",Anger
"వేధింపుల విషయంలో స్కూల్ వాళ్ళ విధానం చాలా దారుణం, మరీ ముఖ్యంగా దానిని ఆపడానికి వాళ్ళు ఏమీ చేయకపోవడం వలన.",Disgust
"మేము ముఖ్యంగా సంస్థ లోపల  ఎదుర్కొంటున్నసవాళ్ళను చూస్తుంటే నాకు నిస్పృహగా ఉంది, ఉత్సాహంగా ఉండడం కష్టమనిపిస్తోంది.",Sadness
మా క్లయింట్ల నుండి వచ్చిన ప్రతికూల ఫీడ్ బ్యాక్ నా ఉత్సాహాన్ని తగ్గించింది.,Sadness
"గ్రామంలో నడుస్తున్నప్పుడు, బైట ప్రపంచాన్ని చూడలేని ఆ ప్రజలను చూస్తే, నా కడుపు తరుక్కుపోతుంది.",Sadness
మరీ ముఖ్యంగా నేను బోనస్ చెల్లించాల్సి ఉన్నందున కార్పొరేట్ లాభాలు తగ్గడం నాకు కొంత ఆందోళన కలిగిస్తోంది.,Fear
మాడ్యులర్ కిచెన్ ఇన్స్టాల్ చేయడానికి పనివాళ్ళు ఇప్పటికే ఉన్న అల్మారాలను పగులగొట్టినప్పుడు వంటగదిలో బొద్దింకలు కనబడేసరికి షాకయ్యాను.,Surprise
అతనిప్పుడు టీనేజర్ అయ్యాడు కానీ ఇప్పటికీ పెద్ద వాళ్లకి సరిగ్గా నమస్కారం చెయ్యటం తెలీదు.,Disgust
ఫైనాన్షియల్ ప్లానర్ చేతకానితనం  నాకు వెర్రెక్కిస్తోంది!,Anger
"నేను దక్షిణ భారత దేశం వెళ్ళినప్పుడల్లా, పొద్దున్నే తాజాగా పొడిచేసిన కాఫీ సువాసన నాకు చాలా ఇష్టం.",Happiness
"""ఈ సారి పని భారాన్ని పంచుకోవడానికి మాకు సరిపడేంత మంది ఉన్నారని అనుకుంటున్నాను.  పోయిన ఏడాది తక్కువ పడడం  వలన నాటడం, కోత, కొనసాగించడంతో మమ్మల్ని పీల్చిపిప్పి చేసినట్టు ఉండింది, చాలా కష్టపడ్డాం"".",Fear
అభిమానులు హద్దుమీరి చూపించిన దూకుడు అసహ్యంగా ఉండింది.,Disgust
అబ్బో! ఎయిర్పోర్ట్ నుంచి మా ఇంటికి ముప్పై నిమిషాల్లో చేరుకోవచ్చని ఇవాల్టి వరకు నాకు తెలియదు.,Surprise
"సమాచారం మొత్తం ఇవ్వకుండా, టెక్నికల్ వైట్ పేపర్ పూర్తి చేస్తానని క్లయింట్ ఎదురు చూస్తారని నేను అనుకోలేదు.",Surprise
"నిండిపోయిన టాక్సీ జీప్ డ్రైవర్ కోసం చూస్తున్నప్పుడు,  జీప్లోంచి బయటకు వేళ్ళాడుతున్నతనే డ్రైవర్ అని తెలియగానే నేను పగలబడి  నవ్వేసాను.",Happiness
చూడు! అక్కడ ఒడ్డు దగ్గర ఒక  షార్క్ ఉంది.,Surprise
"మీటర్ సరిగ్గా పనిచెయ్యక, రెండు  నెలల క్రితం కరెంటు బిల్లు పెరగడంతో నాకు చాలా కోపమొచ్చింది.",Anger
ఈ ఫ్రిడ్జు వల్ల రోజూ నేను  పాడైపోయిన ఫుడ్డుని పారేయాల్సొస్తోంది. దాని పని కూడా అది సరిగా చేయకపోతే ఎలా.. విసుగొస్తుంది నాకు!,Anger
"నా వ్యవసాయ పరికరాలు తుప్పు పట్టి  విరిగిపోయే స్థితి చూసి బాధనిపిస్తుంది. మనకు కొత్త సాధనాలు, పరికరాలు అవసరం.",Sadness
"ఈ శనివారం బ్యాంకు తెరిచుంటుందని అనుకోలేదు, ఉద్యోగులు పనిచేయడం చూసి ఆశ్చర్యపోయాను.",Surprise
"సిరీస్లో తర్వాతి భాగాన్ని చదవడం మొదలుపెట్టడానికి చాలా ఉత్సాహంగా, ఆసక్తిగా ఉంది!",Happiness
మనం ఎంత చేసినా నా పెట్ మన పైనబడటం పెరిగిపోతూనే ఉండొచ్చని మాత్రమే నా భయం.,Fear
కొన్ని వారాల కిందట రిలీజైన ఆ సినిమా ప్రైమ్లో కూడా రిలీజైంది! ఇప్పుడు అది చూడాలంటే థియేటర్కి వెళ్లక్కర్లేదు!,Surprise
"ప్రతి ముక్కతో ఆనందకరమైన అనుభవం ఇచ్చేలా, మా కేకులను ప్రేమతో, శ్రద్ధతో తయారు చేస్తాం.",Happiness
"ఇంటికి వెళ్లడానికి తత్కాల్ టికెట్ బుక్ చేస్కోవాలని చూసాను, కానీ దొరకలేదు.",Sadness
బేకర్ మాటిచ్చిన సమయానికి కేక్ డెలివరీ చేయనప్పుడు నాకు కోపం చాలా వచ్చింది.,Anger
మా ఆర్థిక భవిష్యత్తును ప్రమాదంలో పడేసే రుణం తీసుకోవట్లేదు!,Anger
"ఒక కస్టమర్ ఒక మహిళా ఉద్యోగినితో సరసాలాడుతున్న మెక్డొనాల్డ్స్ ప్రకటన చాలా దారుణంగా, మహిళలను ఆక్షేపించడానికి అన్నట్లు ఉంది.",Disgust
"నేను ఆ కస్టమర్ సమస్యకు పరిష్కారం కనుక్కోలేకపోయి, వాళ్ళు దాన్ని పైస్థాయికి తీసుకు వెళ్తే ఎలా?",Fear
"కంపెనీ మీకు పరిహారం ఇవ్వకపోతే, వాళ్ళ ఉత్పత్తి అమ్మడం దండగ.",Disgust
"కారు రోడ్డుపైకి లేచి, నేను ఊహించని అందమైన చిట్టడవిని కనిపించినప్పుడు నేను కళ్ళు విప్పార్చి చూస్తూ ఉండిపోయాను.",Surprise
కొంతమందికి క్రెడిట్ కార్డ్ మీద అప్పు అంత త్వరగా పెరిగిపోవడం చూసి నమ్మలేకపోతున్నాను.,Surprise
బ్లేడు మార్చటం ఎందుకు మర్చిపోయావు? నా మొహం మీదంతా ఇప్పుడు దద్దులు వచ్చాయి.,Anger
"బస్సు చాలా సౌకర్యంగా ఉండింది, రెండు గంటల్లో చేరిపోయాను.",Happiness
పాస్వర్డ్ మేనేజర్ నా పాస్వర్డ్లన్నింటినీ భద్రంగా ఉంచుతుందని నాకు తెలియలేదు. హమ్మయ్య!,Surprise
"వేసవి రోజున అప్పుడే తీసిన చెరకురసం చల్లగా, రుచిగా ఉంటుంది.",Happiness
ఫంక్షన్ సమయంలో మీరు మాకు సహాయం చేసిన విధానంతో మీరు నన్ను నిజంగా ఆశ్చర్యపరిచారు!,Surprise
మన పని త్వరగా చేసుకోనివ్వని నాసిరకం వస్తువులతో  వేగుతున్నప్పుడు పొలాల్లో ఏదైనా పని చేయించుకోవాలంటే చాలా చిరాకొస్తుంది.,Anger
ఒంటరితనం అనిపించటంతో  కాలేజీ మొదటి సంవత్సరంలో భయంకరమైన నిరాశకు గురయ్యాడు.,Sadness
ఏవిటో! మంచి విద్యుత్ అమరికల తోపాటు అనువైన రిటర్న్ పాలసీ  కూడా ఇచ్చే షాపు కోసం నేనూ మయా ఇంట్లో వాళ్ళు  వెతికి వెతికి నీరసించి పోయాం.,Sadness
వచ్చే వారం మిషన్ ఇంపాజిబుల్ సెవెన్  చూస్తాన్నంటే నాకు వళ్ళు పులకరిస్తోంది.,Happiness
నా రూము ఎలా ఉంటే నీకేంటి బాధ? తలుపు మూసి వెళ్ళిపో.,Anger
సాధారణంగా నమ్మకంగా పనిచేసే ఆ బస్సు ఏదో మారుమూల ప్రదేశంలో  బ్రేక్ డౌన్ అయిందని కండక్టర్ చెప్పినప్పుడు నేను నమ్మలేకపోయాను!,Surprise
"నా శిక్షకుడు నా డ్రైవింగ్ నైపుణ్యాన్ని నిర్మాణాత్మకంగా పరిశీలించినప్పుడు  నాకు ఆనందం, ఆశ్చర్యం అనిపించాయి. డ్రైవింగ్ ప్రపంచం కొత్తగా కనిపించింది.",Surprise
నా పదవీ విరమణ కోసం పొదుపు చేస్కున్న డబ్బులు నా ఖర్చులకు సరిపోయేలా ఉన్నాయని సంతృప్తిగా ఉంది.,Happiness
"మేడమ్, లైన్లో నేను ముందు వచ్చాను, అందుకని అతను ముందు నా బైక్ టైర్లు నింపాలి.",Anger
రాబోయే వాణిజ్య వివాదం వేసే   ప్రభావం గురించి నాకు ఆందోళన పెరుగుతోంది .,Fear
ప్రత్యర్థి జట్టు చేసిన ఘోరమైన మోసం సిగ్గుచేటైనది.,Disgust
"వాటిని ముందు తరాల కోసం రక్షించి, అందించటానికి మాకు చేతనైనంత చేస్తున్నాం.",Sadness
"ఆలస్యంగా వచ్చి, వాళ్ళ సీట్ల కోసం వెతుక్కుంటూ, తమ ముందు నిలబడే వాళ్ళని చూసి సినిమా హాల్లో ప్రేక్షకులు చిరాకు పడతారు.",Anger
హలో! నీ బిజీ షెడ్యూల్లతో మీటింగ్కి రాగలిగావంటే  నమ్మలేకపోతున్నాను!,Surprise
ఆ గూండాలు మార్కెట్ అంతా తిరుగుతూ దుకాణదారుల నుండి బలవంతంగా డబ్బులు గుంజుకుంటూ ఉండడంతో జనం బెదిరిపోయారు.,Fear
"హలో సార్! నేను అమృత్సర్ వైపు వెళ్ళే రైళ్ల గురించి అడుగుతూ ఇక్కడ పది నిమిషాలుగా ఉన్నాను,  కానీ మీరు నాకు జవాబివ్వకుండా, వేరే వాళ్లతో మాట్లాడుతున్నారు.",Anger
పాత పుస్తకాల ధరలు ఎలా ఉంటాయో అన్న భయంతో నాకు ఆందోళనగా ఉంది.,Fear
నేను క్లెయిమ్ ఏమీ అడగనప్పుడు పోయిన సంవత్సరం కంటే ఎక్కువ బీమా ధర ఎందుకు చెబుతున్నారు? నన్ను మోసం చేయాలని చూస్తున్నారా?,Anger
కొంతమంది విమర్శకులు సాక్ష్యాలను చూడకుండా తమిళనాడుకు చెందిన పురావస్తు పరిశోధనలను తక్కువ చేసి మాట్లాడటం వింటే కోపం వస్తోంది.,Anger
రుచికరమైన పులావ్ను బాగా అలంకరించి ప్రదర్శించిన తీరు చూసి నాకు ఆశ్చర్యమనిపించింది.,Happiness
"కొన్ని టీవీ సీరియల్స్ చాలా నెగటివ్గా, వెనుకకు నడిపించేలా ఉంటాయి, అయినా జనాలు వాటిని చూస్తారు.",Disgust
తమ వేసవికాలాలు మరింత వేడిగా మారుతున్నాయని అమెరికా ప్రజలు భయపడుతున్నారు.,Fear
"విమానంలో నా వెనుక ఉన్న ప్రయాణీకుడు నా సీటును తన్నుతూ ఉన్నాడు, నాకు చిరాకేసింది.",Anger
నా కొత్త ఇంట్లో ఎలెక్ట్రికల్ ఫిట్టింగుల కోసం ఆ దుకాణం నాసిరకపు గల తీగలను వాడాలని అనుకుందని తలుచుకుంటే కూడా అసహ్యమేస్తుంది.,Disgust
పోటీ వడ్డీ రేట్లు ఇవ్వనందుకు    బ్యాంకుపై  కోపంగా ఉంది.,Anger
ఆ మురికి షాపులో బూజు పట్టిన బట్టలన్నీ చూడలేకపోయాను.,Disgust
"హామ్లీ బొమ్మల దుకాణంలోకి వెళ్ళిన ప్రతిసారీ నాకు చిన్నవాడిగా అయిపోయి, ఉత్తేజం వచ్చినట్లు అనిపిస్తుంది!",Happiness
నువ్వు చేసినవి వేరే వాళ్ళకు నచ్చాలని నువ్వు ఎప్పుడూ  పాకులాడుతూ ఉండటం నాకు చిరాకేస్తోంది.,Anger
ఒకటిరెండు సార్లు నా దగ్గర డబ్బులు తీసుకుని తిరిగి ఇవ్వని టీచర్ని చూసి నాకు అసహ్యమేసింది.,Disgust
"బెంగళూరు రవాణా వ్యవస్థ ఆలస్యాలకు కారణమయ్యేది, చిరాకు పుట్టించేది, దాని మీద ఆధారపడలేనట్టు ఉండేది.",Sadness
నా ఫిర్యాదులు ఏవైనా వాటికి మీరు త్వరగా స్పందించటం నాకు ఎంతో నచ్చుతుందని చెప్పాలనుకున్నాను. మీ వార్తాపత్రిక పంపిణీ గొప్పగా ఉంటుంది.,Happiness
మేం అన్ని రకాల వాహనాలకు ప్రత్యేకంగా  అసాధారణమైన సేవలను అందించడానికి ప్రయత్నిస్తాం.,Happiness
"నేను హాయైన, సుఖమైన అనుభవం కోసం ఎదురు చూసాను, కానీ ఈ కార్యక్రమం నేను అనుకున్నట్టు లేదు, దాంతో నాకు నిరాశగా ఉంది.",Sadness
"రాత్రంతా కరెంటు వస్తూ, పోతూ ఉండడంతో నాకు చిరాకుగా ఉంది.",Anger
"నా కోసం నేను నిలబడకపోతే, మా అన్నలు, అక్కలు నన్ను ఎప్పుటికీ  చిన్నవాడిగానే చూసి,  తొక్కేస్తారని భయం.",Fear
మా షాపు  కస్టమర్లు సాధారణంగా తిరిగే దారికి కొంచెం దూరంలో ఉండడంతో నాకు పెద్దగా ఉత్సాహంగా లేదు.,Sadness
సైకిళ్ళు అమ్మే అతను నేను తక్కువ ధరలో సైకిల్ కోసం చూస్తున్నానని నన్ను పట్టించుకోక పోతుంటే నాకు చిన్నతనమనిపించింది.,Sadness
చక్కగా ఉంది! ఇంత బాగా పెయింట్ చేయగలవని నాకు తెలియదు!,Surprise
"అల్యూమినియం రీసైక్లింగ్ ప్లాంట్లో పని చేసే పరిస్థితులు చాలా భయంకరంగా ఉన్నాయి, ఆ ఫ్లోర్లోకి వెళ్ళినప్పుడల్లా అవి చూస్తే రోత పుడుతుంది.",Disgust
అద్భుతం! ఈ నెల నాకు స్టైఫండ్ తొందరగా వచ్చింది!,Surprise
నేను వేసుకొని చూస్తుంటే పొరపాటున ప్యాంటు చిరిగిపోయింది. షాపతనికి  ఏం చెప్పాలి?,Fear
నేను నా ఫ్రెండ్స్ మాటలు విని పక్క హోటల్కి వెళ్లాల్సింది.,Disgust
"తనతో చెప్పకుండా నా స్నేహితుడి  కుమార్తె హైద్రాబాదులో ఉద్యోగం సంపాదించేసరికి, అతను  అవాక్కయ్యాడు.",Surprise
ప్రొఫెసర్ అడిగే ప్రశ్నకు జవాబు చెప్పమని నన్ను పిలిచినప్పుడు నా కడుపులో గుబులుగా ఉంటుంది.,Fear
"ఈ వంటకాన్ని ఆ చెఫ్ గొప్పగా తయారు చేశారు, ఫ్లేవర్లు, టెక్ష్చర్లు కలిసి ఊహించలేని రుచులతో చాలా బాగుంది.",Surprise
"ఆ కారు చూడు ఎంత పాతదో. సీట్లన్నీ చినిగిపోయి ఉన్నాయి, పైగా ఎంత కంపు కొడుతోందో.",Disgust
కాస్టింగ్ డైరెక్టర్ రోజంతా నన్ను పట్టించుకోనప్పుడు ఆడిషన్లో నాకు చాలా అగౌరవంగా అనిపించింది.,Anger
"నాకు కనపడేదల్లా ధర ఎక్కువైనా, అనుకున్న ఫలితాలను ఇవ్వలేని సేవ.",Anger
నేను మీ బ్యాంకు కస్టమర్నని కూడా మీకు తెలియదా?,Disgust
"నా డ్రైవింగ్ నైపుణ్యాలను మళ్లీ పరీక్ష చేస్తారంటే నాకు నచ్చట్లేదు. పోయినసారి దారుణంగా ఉండింది. బహుశా డబ్బు కావాలనేమో, ఇన్స్పెక్టర్లు  దురుసుగా ఉండటం చూసి విస్తుపోయాను.",Disgust
భారీ బరువులు ఎత్తాలంటే నాకు ఎంత భయమో. దెబ్బలు తగిల్తే ఎలా?,Fear
సామాజిక మాధ్యమాల్లో నా పరువు తీయడానికి ప్రయత్నించినందుకు నిన్ను కోర్టుకు ఈడ్చుకు వెళ్లి ప్రతి రూపాయి కట్టిస్తాను.,Anger
"ఏలగిరిలో హోటల్లో ఏసి సరిగ్గా పనిచేయక వేడిగా ఉండడంతో, నాకు కోపం రేగుతోంది.",Anger
నేను ముందే డబ్బు కట్టి ఉన్న బుకింగ్ కోసం వెతికే ప్రయత్నం కూడా చెయ్యని హోటల్ రిసెప్షన్ సిబ్బంది మీద అరిచేసాను.,Anger
రిన్యూవబుల్ ఎనర్జీ ఇనిషియేటివ్ ద్వారా మా ప్రాంతంలో నెలకొల్పిన భారీ సోలార్ ప్యానెళ్లు చూసి నాకు మతిపోయింది.,Surprise
బెంగళూరులో రాత్రి ఎనిమిదింటికి హోటల్ రూంసర్వీస్ ఎంతకీ రాకపోతుంటే నాకు కడుపు మండింది.,Anger
ఊహించని కారణాలవల్ల ఈవెంట్ రద్దు అయినప్పుడు కూడా మా డబ్బు తీసుకున్నందుకు ఈవెంట్ మేనేజర్పై నేను అరిచేసాను.,Anger
"మీరు స్టోర్ మేనేజర్కి ఫిర్యాదు చేస్తే, మీరు సంతృప్తిగా లేని కస్టమర్ అని నా ఉద్యోగం పోతుంది, అందుకని దయచేసి అలా చేయొద్దు సార్.",Fear
ఆ అభిమాని తన క్రికెట్ జట్టు మ్యాచ్ ఓడిపోతే  టీవీని పగలగొట్టడం  చూసాను.,Anger
అందరూ ఎప్పుడూ ముందు నన్నే ఎందుకు తప్పు పడతారు?,Anger
"ఫ్లైట్లో నాకు బాగా కోపమొచ్చి, నా సీటును తన్నడం ఆపమంటే వినలేదని నా వెనుక సీట్లో ఉన్న ప్రయాణికుడి మీద అరిచాను.",Anger
ఆ వ్యవసాయ కార్మికుల బృందం కష్టపడి పనిచేశాక పొలాలు ఎంత శుభ్రంగా కనిపిస్తున్నాయో అని నిజంగా సంతోషంగా ఉంది.,Happiness
నెట్ఫ్లిక్స్లో సినిమాలు చూసేటప్పుడు విపిఎన్ వాడొద్దు. అలా చేసినందుకు జరిమానా విధించవచ్చు.,Fear
ఎకౌంటు మూసేయడానికి ఎలాంటి అదనపు ఫీజులు ఉండవు. మీరు ఇంకా చెల్లించాల్సిన పెనాల్టీలు ఏవైనా ఉన్నాయా అని కొంచెం చూస్కోండి.,Fear
"నేను అతని తలుపు దగ్గర నిల్చుని ఉన్నప్పుడు, ఆ బ్యాంకు అధికారి  నన్ను నిర్లక్ష్యం చేసి మిగితా కస్టమర్లతో మాట్లాడినప్పుడు నాకు అవమానంగా, కోపంగా అనిపించి, నా ముఖం ఎర్రబడింది.",Anger
నేను పెళ్లి చేసుకోబోయే అమ్మాయిని కలిశాక నేను పట్టలేని ఆనందంలో మునిగితేలాను.,Happiness
ఈ రుణం వల్ల కలిగే దీర్ఘకాలిక ఆర్థిక భారాన్ని మీరు భరించగలరా అన్నది మాకు తెలియదు.,Fear
"ఢిల్లీ ముంబై ఎక్స్ప్రెస్వే మీద కారులో ఎంత సునాయాసంగా ప్రయాణం చేయొచ్చంటే, డాష్బో ర్డు మీద పెట్టిన నీళ్ళ గ్లాసులోంచి ఒక్క చుక్క నీరు కూడా కింద పడదు.",Surprise
"ముఖ్యంగా సమయం ప్రధానం అయినప్పుడు, ప్యాకేజీ అనుకున్న దానికంటే చాలా ఆలస్యంగా రావటంతో, మొత్తం డెలివరీ అనుభవం నాకు ఏమాత్రం తృప్తిగా లేదు.",Sadness
ఎగ్జాస్ట్ సిస్టమ్ను అప్గ్రేడ్ చేయడం లాంటి మార్పులు కారుకు చేయవచ్చా? మరి పెట్టిన ఖర్చుకి సరైన విలువ దొరుకుతుందా అనేది కొంచెం ఆందోళనగానే ఉంది.,Fear
"మేఘనా, అది నాకిచ్చేయ్. అది నాది!",Anger
నా పాస్బుక్ అప్డేట్ కోసం నన్ను చాలాసార్లు రప్పించినందుకు బ్యాంక్ సిబ్బందిపై నాకు చిర్రెత్తుకొచ్చింది.,Anger
కొన్ని ఆఫీసు ప్రదేశాల్లో శుభ్రం చేయకపోవడం గురించి క్లయింట్ నుండి మాకు ఫిర్యాదులు వస్తూంటే భయంగా అనిపించింది.,Sadness
"డ్రైవర్! నీకు తప్పు అడ్రస్ ఇచ్చాను, నిజంగా  సారీ. అడ్రస్ గురించి తికమక పడ్డాను.",Sadness
"నమ్మకమైన పనిముట్లతో భూమిని సాగు చేసి, నాటడానికి సిద్ధం చేయడానికి నైపుణ్యం ఉన్న వ్యవసాయ కార్మికులు మనకు  ఉన్నారని సంతోషంగా ఉంది.",Happiness
"ఆ ప్రసిద్ధ కొండగుర్తు పరంజాతో కప్పబడి ఉండి, దాని సహజమైన అందం కనపడకపోవడంతో నిరుత్సాహమనిపించింది.",Sadness
"ఏయ్ నేల మీద నుంచి నీ మొబైల్ తీయ్, డంబెల్స్ కింద పడేస్తే ముక్కలవుతుంది, జిమ్లో ఉన్నప్పుడు స్పృహలో ఉండు.",Anger
"వాలీబాల్ టోర్నమెంట్లో ఆటగాళ్ళు వాళ్ళ పోటీదార్లకు భయపడుతున్నారు, దాంతో సరిగా ఆడటం లేదని గమనించాను.",Fear
ఈ కంప్యూటర్ స్టోర్లో వై ఫై ఇంత మెల్లగా పనిచేస్తుంటే నా వల్ల కావట్లేదు. ఏ పని పూర్తి అవ్వదు.,Disgust
ఈ అద్దె ఇంట్లోంచి పర్వతాలు కనిపిస్తాయని తెలిసి ఆశ్చర్యపోయాను. అమ్మో! ఎంత అద్భుతంగా ఉందో.,Surprise
"వంటగది మూలలో కనపడకుండా ఉన్న ఆ పాత సింక్ను మీరు బయటికి తీసి, రిపేర్ చేయటం ఎంత బాగుందో. పనిమంతులైన మేస్త్రీలు అలాగే చేస్తారేమో.",Surprise
అమృత్సర్లో ఒక చిన్న హోటల్లో అమ్రిత్సరి కుల్చా తిని గొప్ప ఆనందమేసింది. అది నిజంగా అదిరిపోయింది.,Happiness
"నేను నిన్ను మాట్లాడనివ్వలేదని నువ్వనేసరికి ఆశ్చర్యమేసింది, కానీ నిజానికి నువ్వు అనుకునేవి చెప్పటానికి నీకు కావలసినన్ని అవకాశాలిచ్చాను.",Surprise
గ్యాస్ సిలిండర్ డెలివరీ బాయ్ తాను మాటిచ్చిన సమయానికి రాలేదని నాకు పిచ్చి కోపమొచ్చింది.,Anger
నా పై నా కుటుంబం ఎన్నో ఆశలు పెట్టుకోడంతో నా భావోద్వేగాలను అదుపులో పెట్టడానికి ఉక్కిరిబిక్కిరి అవుతున్నాను.,Sadness
ఏనుగు పిల్ల చేష్టలను చూస్తూ ఉంటె సమయం ఎలా గడిచిపోయిందో తెలీలేదు.,Happiness
ఆ స్ట్రిప్ నాకు ఇచ్చే ముందు ఆ డాక్టరు దానిమీద తుమ్మారు.,Disgust
"నేను చుట్టుపక్కల ఎప్పుడూ గమనించను, అందుకే ఎప్పుడూ దిక్కుల విషయంలో గజిబిజిగా అనిపిస్తుంది.",Disgust
ఓ ముఖ్యమైన డాక్యుమెంట్ మీద పని చేస్తున్నప్పుడు నా ల్యాప్టాప్ షట్ డౌన్ అవుతున్నట్టు అనిపించినప్పుడు నాకు భయంతో చెమటలు పట్టడం మొదలైంది.,Fear
"తోడా గిరిజనులు తయారు చేసిన స్థానిక హస్తకళలు మంచి బహుమతులుగా పనికొస్తాయి,  మనలో స్ఫూర్తిని నింపుతాయి.",Happiness
"మీరు మీ ఫ్యామిలీ ఫోటోలు పోగొట్టుకోవడాన్ని, నవ్వులాటగా తీసుకున్నారంటే చాలా గొప్పగా అనిపించింది.",Happiness
టర్కీ భూకంపం దృశ్యాలలో జనాలు పడుతున్న దారుణమైన బాధలను చూసి నాకు బాధేసింది.,Sadness
"ఇప్పుడొక టాబ్లెట్ తీస్కున్నాను కానీ ఇప్పుడు నాకు స్పష్టంగా కనపడట్లేదు, నా చేతులు వణుకుతున్నాయి.",Fear
హోటల్ సిబ్బంది అస్సలు మర్యాద లేకుండా ఉన్నారు. అతను నేను గుమ్మడికాయ లాగా ఉన్నానన్నాడు.,Sadness
అబ్బో! ఈ యాపిల్స్ జపానువా?,Surprise
"కొలంబస్లో ఏదో తెలియని ప్రదేశంలోకి వెళ్తున్నప్పుడు విపరీతమైన చలి వల్ల విద్యుత్ లైన్లు తెగిపోయాయి, మేము చీకటిలో   వణుకుతూ ఉండిపోయాము.",Fear
ఫైనాన్షియల్ ప్లానర్ తన పని అస్సలు సరిగ్గా చేయలేదు.,Anger
"వాళ్ళు నా డాక్యుమెంట్లు చూస్కోవటం పూర్తి చేసి,  నా అప్లికేషన్ను ఐదు నిమిషాల్లోనే ఆమోదించేశారు!",Surprise
"కష్టపడి పనిచేస్తే గుర్తించక పోయే ఈ పద్ధతి పై స్థాయి నుండి వస్తున్నట్టుంది, కంపెనీలో చాలా మంది లీడర్లు అలాంటివాళ్ళే.",Disgust
ఇంటర్వ్యూలో రిజెక్ట్ చేస్తారేమో అనుకుంటే నాకు చెమటలు పడతాయి.,Fear
నేను ఒక బదిలీ చేస్తూండగా నా కంప్యూటర్ షట్ డౌన్ అయింది.,Sadness
కంపెనీకి కొత్త ప్రయత్నానికి గాను అవార్డు వచ్చింది కాని అందులో మా పాత్రను హైలైట్ చేయకపోవడం మాకు బాధగా అనిపించింది.,Sadness
అబ్బో! చాలా బాగా చేసావు. కారు సరికొత్త దానిలాగా ఉంది.,Surprise
విమానంలో నా వెనకున్న ప్రయాణీకుడు నా సీటు మీద నా తలకు కొద్దిగా పైకి కాళ్లు పెట్టుకునేసరికి షాకయ్యాను!,Surprise
నా కొత్త తెల్ల చొక్కా మీద  అనుకోకుండా కాఫీ పడినప్పుడు నాకు ఏడవాలనిపించింది.,Sadness
నిన్న బీచ్కెళ్లి ఫుట్బాల్ ఆడాను. చాలా సరదాగా ఉండింది.,Happiness
"ఆతర్వాతి దశకు సంసిద్ధంగా, సంతృప్తితో నాయకుడు వెళ్తుంటే  చూడాలి, అది చూసిన హెచ్ఆర్ హెడ్ కి ఏదో సాధించిన సంబరంగా ఉంది.",Happiness
"వైఫల్యం అనే ఆలోచనే నాకు ఏ మాత్రం నచ్చదు, అప్పుడే నేనంటే నాకు నచ్చనిది.",Disgust
"ఈ కిచెన్ సింక్ మూసుకుపోయి, కంపుకొట్టే రొంపితో నిండి పోయింది.",Disgust
ఒక వెంచర్ క్యాపిటలిస్ట్ నా స్టార్టప్లో  పెద్ద మొత్తం పెట్టుబడి పెట్టినప్పుడు  నాకు  గాలిలో తేలినట్టు అనిపించింది.,Happiness
ఇండియాలో పద్ధతిలేని పరిస్థితుల్లో డ్రైవ్ చేసొచ్చిన నేను రాత్రికి రాత్రే పర్ఫెక్ట్ డ్రైవర్ అయుండాలని యూఎస్ డ్రైవింగ్ ఇన్స్ట్రక్టర్లు అనుకోవడం చూస్తే నాకు మండుతుంది.,Anger
"మాడ్రన్ ఉపకరణాలతో కూడిన వంటగది, నా వంటల ప్రయోగాల కోసం కౌంటర్పై ఎక్కువ చోటు ఉండాలని నేను ఆశపడ్డాను, కానీ చాలా అద్దె ఇళ్ళు నన్ను నిరాశ మిగిల్చాయి.",Sadness
ఖరీదైన దుకాణంలో ఏవైనా కొనేటప్పుడు నేను సరితూగనట్టు అనిపిస్తుంది.,Fear
గతంలో మేము మోసపోయినందున కాంచీపురంలో ఎక్కడైనా పట్టు చీర కొనాలంటే నా భార్య కంగారుపడుతుంది.,Fear
చనిపోయిన తన భర్త పుట్టినరోజునాడు  అతడిని గుర్తుచేసుకోవడంతో ఆమె ఏడుపు ఆపులేకపోయింది.,Sadness
ఇవాళ్ళ మా ఆయన బాగా తాగేసి ఇంటికొచ్చాడు. నన్ను కొడతాడనుకుంటా.,Fear
"మేము మీ సాఫ్ట్ స్కిల్స్ను పెంపొందించడానికి సమయం  వెచ్చించాము, ఇప్పుడు మీరు వాటిని మరెక్కడైనా ఉపయోగించాలనుకుంటున్నారా? చిర్రెత్తించే విషయం కదూ ఇది!",Anger
"మనం ఇలాంటి పాత పిఓఎస్ సిస్టంలతో పనిచేయాలని వాళ్ళు అనుకుంటున్నారంటే ఎలా ఉందో చూడు. సిగ్గు, బుద్ది లేవు వాళ్ళకి!",Disgust
ప్రధాన డాక్టర్ తనే నా కాలి సమస్యని  చూడటానికి రాలేదని నాకు బాధేసింది.,Sadness
"మేజిక్ షోలో ఒక సహాయకుడిని సగానికి నరికి, తరువాత మళ్ళీ కలపడం చూసి నేను ఎంత బెదిరిపోయానో.",Surprise
నీ ల్యాప్టాప్లో ఇంటర్నెట్ యాక్సెస్ చేసినప్పుడల్లా నీ ముఖంలో చిరునవ్వు కనిపిస్తుంది. నీకు ఆ ఇంటర్నెట్ కనెక్ట్ ఆయ్యే తీరు చాలా ఇష్టం అనుకుంటా!,Happiness
నేను ఎదురు చూస్తూండిన నా కొత్త పుస్తకాల అమెజాన్ ప్యాకేజీ ఈ రోజు వచ్చిందని గొప్ప ఆనందంగా ఉంది.,Happiness
డల్లాస్లోని ఒకదాని మీద మరొకటి ఉండే బోలెడన్ని ఫ్లైఓవర్లతో నాకు అయోమయంగా ఉంటుంది.,Surprise
మన కష్టమంతా ఈ సమృద్ధమైన పంటగా చేతికి రావటం చూసి నాకు ఇంత తృప్తిగా ఉంటుందని నేను అస్సలు ఊహించలేదు.,Surprise
మా కథలని ఆర్. కె. నారాయణ్ రాసిన మాల్గుడి డేస్తో పోలుస్తుంటే నేను అవాక్కయ్యాను !,Surprise
"మామూలు ఆటోల కంటే, నాకు షేర్డ్ ఆటోలు నచ్చుతాయి, ఎందుకంటే ధర గురించి బేరమాడాల్సిన పనుండదు.",Happiness
ఫోన్లో మూడు సార్లు గుర్తు చేసిన తర్వాత కూడా బేకర్కు నా ఆర్డర్ గుర్తులేకపోయేసరికి నాకు చిర్రెత్తింది.,Anger
"ఈ క్లయింట్ అసలే సమయానికి డబ్బులివ్వడు, సమయానికి డెలివరీ చేయలేకపోవడం వలన అతనికి మన పేమెంట్ను ఎప్పటివరకైనా వాయిదా వేయడానికి ఇంకో సాకు దొరుకుతుంది.",Disgust
ఇతరులను దారిలోంచి తోసేసే రన్నర్లంటే నాకు అసహ్యం.,Anger
క్రెడిట్ కార్డు వడ్డీ మీద జనం ఇంతగా ఖర్చు చేయడానికి సిద్ధంగా ఉండటం చూస్తే అయోమయంగా అనిపిస్తుంది.,Surprise
"భారతదేశంలో డ్రైవింగ్ అనుభవాన్ని యుఎస్లో అనుభవంతో పోలిస్తే, యుఎస్లో నేర్పే పద్ధతిన విధం నాకు ఎక్కువ సౌకర్యంగా అనిపిస్తుంది.",Happiness
మీ చిరాకు నాకు బాగా అర్థమవుతుంది. కారు మీద అసహ్యమైన గీతను చూస్తూ ఉంటే చాలా ఇబ్బందిగా ఉంటుంది.,Disgust
కొత్త క్లయింట్కి ఇవ్వ బోయే ప్రెజెంటేషన్ గురించి నాకు మనసులో ధైర్యంగా అనిపించట్లేదు .,Fear
"మెకానిక్ నా ఇంజిన్లో ఆ క్లిష్టమైన సమస్యను కనుక్కుని, బాగుచేసిన విధానం నాకు నిజంగా తృప్తినిచ్చింది, నా కారు మళ్లీ ఇదివరకు లాగానే ఉన్నట్టు అనిపిస్తుంది.",Happiness
"ఏయ్, గాడిద. రోడ్డు మీద తప్పు వైపు నడుపుతున్నావు.",Anger
"ట్రాఫిక్ జామ్ లో అందరికంటే ముందుకు వెళ్లిపోవాలని జనాలు  నేను నడుస్తున్న ఫుట్పాత్పైన బళ్ళు  నడుపుతుంటే, నాకు తిక్కరేగింది.",Anger
"అమ్మా! షాప్లో నా మీదెందుకు అరుస్తూ ఉన్నావు,  చాలా బాధపడ్డాను.",Sadness
ఎడారి నుండి దుబాయ్ నగరపు స్కైలైన్ని చూస్తే మంత్రముగ్దులవుతాము.,Happiness
"మా నాన్నకు స్ట్రోక్ వచ్చిన తర్వాత ఆయన చెప్పదలచుకున్నది సరిగ్గా చెప్పలేక, ఆయనకు విసుగొస్తోందని చూశాను. ఆయనకు తన మీద తనకు నిజంగా చాలా కోపం వస్తూ ఉండింది.",Anger
"నా కారు సర్వీస్ చేయడానికి నా స్నేహితుడు ఒక మంచి మెకానిక్ ని వెతికి పెట్టాడు, అతను అంత సులువుగా చేసినందుకు నాకు సంతోషంగా ఉంది.",Happiness
వంట అతను రెస్టారెంట్లో కస్టమర్లకు ఆహారాన్నితీసుకు వెళ్లబోయే ముందు అందులోకి తుమ్మటం చూసి నాకు కడుపులో తిప్పింది.,Disgust
"నేను మంచం మీద హాయిగా పడుకొని టీవీ ప్రోగ్రాంలు చూస్తున్నాను. రూంలోకి వచ్చినప్పుడు టీవీ పని చేయకపోతే, హోటల్ సిబ్బంది దాన్ని సరిచేయడానికి సహాయం చేశారు.",Happiness
మైదానంలో కొంతమంది ఆటగాళ్ళ క్రీడాస్పూర్తి లేని ప్రవర్తన నాకు అసహ్యం కలిగిస్తోంది.,Disgust
ఈ మధ్య నా ఫ్రిడ్జ్ విచిత్రమైన శబ్దాలు చేస్తూ డీజేగా మారిపోయింది. ఇదో వింత అనుభవం!,Surprise
సిలిండర్ ధర తెలిస్తే నాకు బాగుంటుంది ఎందుకంటే నా బడ్జెట్ను ప్లాన్ చేస్కోడానికి ఇది నాకు పనికొస్తుంది.,Happiness
మైక్ టైసన్ ఎవాండర్ హోలీఫీల్డ్ చెవిని కొరికెయ్యడం చూస్తూంటే నాకు అసహ్యం వేసింది.,Disgust
ఆ మనిషి స్నానం చేయకుండానే ప్రదర్శన ఇవ్వడానికి స్టేజి మీదికెళ్లాడు.,Disgust
మైక్రోవేవ్ ఓవెన్కు ఆ దుకాణదారుడు అన్యాయంగా మరీ ఎక్కువ ధర చెప్పి నాకు చిర్రెత్తించాడు.,Anger
బోనస్ రెండు వందల శాతం పెంచుతామనే సమాచారంతో వాళ్ళ కళ్ళు వెలిగిపోతుంటే నాకు గొప్ప ఆనందంగా ఉంటుంది.,Happiness
"మాకు చాలా ఆనందంగా ఉంది ఎందుకంటే, ఎలక్ట్రిక్ ట్రాన్స్ఫార్మర్ పని చేస్తూ ఉండేలా చేయడానికి మేం అర్ధరాత్రి చేసిన పనికి మెచ్చుకోలుగా, ఇప్పటి వరకు ఎప్పుడూ ఏ కస్టమర్ మమ్మల్ని టిఫిన్కు తీసుకెళ్లలేదు.",Happiness
జట్టు ఓటములకు కోచ్ బాధ్యత వహించననడం   చాలా కోపం తెప్పిస్తోంది.,Disgust
ఈ వేళప్పుడు వాళ్ళ తలుపు కొట్టొద్దు. వాళ్ళు పోలీసులను పిలుస్తారేమో.,Fear
"నేను తనకు మ్యాచ్ చేసిన అమ్మాయిని మా ఫ్రెండ్ కలుస్తుంటే, ఇంత పెద్ద నవ్వుతో చూస్తూండి పోయాను.",Happiness
"మా క్లాస్లో చాలా డిప్రెషన్లో ఉన్న చిన్న పిల్లవాడు ఉన్నాడు, వాడితో ఎవరూ మాట్లాడరు. వాడిని చూస్తే బాధేస్తుంది.",Sadness
లీడర్షిప్ తీస్కున్న తప్పుడు నిర్ణయం వల్ల రాత్రికి రాత్రే షేర్ ధరలో ఇరవై శాతం తగ్గిపోవడంతో ఇన్వెస్టర్లు అరుస్తూ రెచ్చిపోయారు.,Anger
"నాకు చేతనైనంత త్వరగా పరిగెత్తాలని చూసాను, కానీ రేసులో లాస్ట్ వచ్చాను.",Sadness
ఈ ఎడతెగని చీకట్లో ఒక కాంతికిరణం కోసం వెతుకుతున్నాను.,Sadness
మనం ఎక్కడికి వెళ్లినా వీధి వ్యాపారులు స్థానిక సంస్కృతి గురించి తెలుసుకునే అవకాశం కల్పిస్తారు.,Happiness
వియత్నాంలో  అక్కడివాళ్ళతో మాట్లాడేటప్పుడు భాషపరంగా ఇబ్బందులు ఏవైనా ఉంటాయి అంటావా?,Fear
"ఈ రెస్టారెంట్ సేవ చూస్తే నాకు  ఇబ్బందిగా ఉంది, సిబ్బంది నిర్లక్ష్యపు తీరుతో నాకు అక్కడ భోజనం చేయటం ఎందుకు అనిపిస్తోంది.",Fear
ఒక సినిమా కోసం ఆడిషన్ జరుగుతున్నప్పుడు నేను ఆ పాత్రలో లీనమైపోతుంటే నా మనసుకు ఆనందం అనిపించింది.,Happiness
పంతొమ్మిది వందల తొంభై రెండు ప్రపంచ కప్లో బ్యాట్స్మాన్ను రనౌట్ చేయడానికి జాంటీ రోడ్స్ గాలిలోకి ఎగిరినప్పుడు ఆశ్చర్యపోయాను.,Surprise
ఆ సీనియర్ ఇచ్చిన గ్రాడ్యుయేషన్ స్పీచ్తో అందరికీ కళ్లలో నీళ్ళు తిరిగాయి.,Sadness
"""కనీసం కొన్ని ప్రాథమిక సౌకర్యాలు ఉంటాయని అనుకుంటూ ఇక్కడికి వచ్చాను, కానీ ఇక్కడ సగం పరికరాలు పనిచెయ్యవు,  పరిశుభ్రత అసలే లేదు. నాకు ఇంతకంటే ఎక్కువే విలువివ్వాలి అనుకుంటున్నాను.""",Anger
మీరు పెట్టుబడి పెట్టిన కంపెనీ ఆర్థిక సమాచారాన్ని తారుమారు చేసే పద్ధతి అసహ్యం పుట్టిస్తుంది.,Disgust
"మేం బ్యాంక్ లాకర్ కోసం డబ్బులు కట్టినా కూడా, ఆ రూమ్ ఎంత మురికిగా, కంపు కొడుతూ ఉందంటే నాకు లోపలికి వెళ్లబుద్ధి కాదు.",Disgust
"ఓహ్, నేనది ఊహించలేదు. ఇంట్లో ఇలాంటి ప్రవర్తన మేము చూడలేదు.",Surprise
ఆ ఆహారం పైనంతా చాలా నూనె కప్పేసి ఉండి నాకు వాంతి చేసుకోవాలనిపించింది.,Disgust
"రోగ లక్షణాలు, మెడికల్ టెస్ట్ రిపోర్ట్ను బట్టి డాక్టర్ ఖచ్చితంగా నిర్ధారణ చేసేసరికి ఆశ్చర్యమనిపించింది!",Surprise
"రెండవ స్థాయి మేనేజర్లమైన మమల్ని, మా టీముల ముందు ఆ సీఈఓ మా మీద అరిచేసరికి , నాకు కోపం రగిలింది.",Anger
"గ్యాస్ సిలిండర్ డెలివరీ వాడు డెలివరీ చేయడానికి యాభై రూపాయలు డిమాండ్ చేశాడు, అదే నాకు బాధేస్తుంది.",Sadness
"ఇది నమ్మలేకపోతున్నాను! నా న్యూస్ పేపర్ ఎప్పుడూ ఆలస్యంగా వస్తుంది, దాంతో బ్రేక్ఫాస్ట్ సమయంలో చదవడానికి ఏమీ లేకుండా పోతుంది.",Anger
నా  గత వైఫల్యాలు నా ఒత్తిడి స్థాయిలని ఎలా పెంచాయో చూస్తే  ఆశ్చర్యంగా ఉంది. మళ్ళీ మామూలు  స్థాయికి రావడానికి  కౌన్సెలింగే జవాబయ్యింది.,Surprise
"ఏ సభలు, ఏ సమావేశాలు, ఏ సంతోషమైన ముఖాలు లేక ఇక్కడి వాతావరణం ఏం బాలేదు. ఇక్కడి జనాలు దిగులుగా కనిపిస్తున్నారు.",Sadness
"ఆర్ట్ రూమ్లో ఆ పెయింటింగ్ను కనీసం చూడను కూడా చూడలేను, మోడరన్ ఆర్ట్ అంటే నాకు అసహ్యం.",Disgust
ఇతరులను నిరాశపరుస్తానేమో అన్న కారణం వల్ల  విఫలమవ్వడం అంటే నాకు భయం .,Fear
కోర్టులో అయిదు కోట్లకు పైగా కేసులు వాయిదాలో ఉన్నాయని తెలిసిన  తర్వాత మన న్యాయ వ్యవస్థను గౌరవించడం కష్టం అనిపిస్తుంది.,Disgust
వేదికపై త్యాగరాజ కృతి పాడుతున్నప్పుడు గాయకుడు ఎంత చక్కగా సంగీతకారులతో శృతి కలిపాడో చూస్తే నాకు సంతోషం వేసింది.,Happiness
వాళ్ళ అభిప్రాయాలను నేను ఇష్టపడతాను కాబట్టి విద్యార్థులు ఇప్పటికీ నన్ను గౌరవిస్తున్నందుకు నాకు సంతృప్తిగా ఉంది.,Happiness
ఈ సబ్మెర్సిబుల్స్లో వెళ్ళే టైటానిక్ టూర్లను సేఫ్టీ సర్టిఫికేట్ లేకుండా నడుపుతున్నారని నాకు చాలా కోపంగా ఉంది.,Anger
"ఆన్లైన్ గోప్యతకు హ్యాకర్లు గండి కొట్టటం గురించి ఈ న్యూస్ ఆర్టికల్ చదివాను, దాంతో ఇప్పుడు ఆన్లైన్లో లావాదేవీలు చేయాలంటే చాలా భయమేస్తోంది.",Fear
"ఈ రోడ్డు చివర్లో ఉన్న  కొత్త క్లబ్లో ఫ్రెండ్స్ చేసుకోవాలని చూసాను, కానీ నాతో మాట్లాడటానికెవరూ ఆసక్తి చూపించ లేదు.",Sadness
ఆగస్టు పదిహేనున చెన్నై నుండి ఢిల్లీకి వెళ్ళే ఏ రైల్లోనూ టిక్కెట్లు లేకపోయేసరికి నిరుత్సాహపడ్డాను.,Sadness
"నాకు ఈ కౌన్సిలర్ వల్ల సంతోషంగా ఉంది, ఎందుకంటే అతను గంటల చొప్పున కాకుండా వచ్చిన ఫలితాల ఆధారంగా తన ఫీజు వసూలు చేశాడు.",Happiness
"డబ్బు విత్ డ్రా చేయడానికి నేను టెల్లర్ దగ్గరకి వెళ్తే, ఆమె అన్యాయంగా నా మీద చిరాకు పడినప్పుడు ఓర్పు చచ్చిపోయింది.",Anger
"చాలా మంది నూనె పదార్థాలు తిని ఆరోగ్యం పాడు చేసుకున్నట్లు విన్నప్పుడు, అవి తినడం వల్ల ఏవైనా చెడు ప్రభావాలు ఎదుర్కోవాల్సి వస్తుందేమోనని భయపడ్డాను.",Fear
ప్రభుత్వం వాళ్ళ పదవీవిరమణ వయసును పెంచడంతో ఫ్రాన్స్ పౌరులు మండిపడ్డారు.,Anger
"యాంటెన్నాలో రెండు శాతం షిఫ్ట్ కారణంగా, వోయేజర్ రెండు అంతరిక్ష నౌక సౌర వ్యవస్థ, బయట శాశ్వతంగా కనబకుండా పోయిందని విని నాకు బాధేసింది.",Sadness
"ఈ గీతాలను ఖచ్చితంగా సరిచేయండి, లేకపోతే మీకు ఇబ్బందులు వస్తాయి!",Anger
నా గదిలో నీళ్లు లేవు! హోటల్ ఇలానే నడుపుతారా?,Anger
"నేను ఎదుర్కొంటున్న కూలింగ్ సమస్యను, ఓ ఫ్రిజ్ మెకానిక్గా మీకున్న నైపుణ్యంతో బాగుచేయగలరని తెలియడం చాలా ఊరటగా ఉంది.",Happiness
నాకు అండర్ గ్రాడ్యుయేట్ చదువు కోసం స్కాలర్షిప్ వచ్చింది.,Happiness
"జనాలను, వాళ్ళ వ్యక్తిగత సమాచారాన్ని దోపిడీ చేయడానికి సైబర్ నేరగాళ్లు వాడే మోసపు పద్ధతులంటే నాకు అసహ్యం.",Disgust
"ఆమెకు బహుమతి కొనడానికి ఐదు వందల రూపాయలు విత్డ్రా చేయొచ్చనుకున్నాను, కానీ ఎటిఎంలో డబ్బుల్లేవు.",Sadness
ఉద్యోగంలో గొప్ప కస్టమర్ సేవ చేసినందుకు బోనస్ వచ్చినప్పుడు నాకు గాల్లో తేలుతున్నట్టు అనిపించింది.,Happiness
"నాన్నా, డాక్టర్ చేతిలో పెద్ద సూదితో వస్తున్నాడు. చాలా భయంకరంగా కనిపిస్తోంది.",Fear
"అవును, ఈవెంట్ సమయంలో కొన్ని అవాంతరాలు వచ్చాయి. కానీ వాటి నుండి నేర్చుకుని, సవరించుకోవాలని ఈవెంట్ మేనేజర్ చూపిన సుముఖత మాత్రం నాకు భలే నచ్చింది.",Happiness
"మన లక్ష్యాలను నిలకడగా చేరుకుంటూ ఉన్నాం, దాంతో మంచి ఫలితాలు కనపడటం మొదలయ్యాయి.",Happiness
ఒకే డెలివరీకి నా దగ్గర రెండుసార్లు వసూలు చేశారని గ్రహించినప్పుడు నేను ఆశ్చర్యపోయాను!,Surprise
"ఆ యువ గాయకుడు, స్టేజ్ మీద తన ప్రదర్శన పూర్తి చేసిన తర్వాత తన సంగీత గురువుకు సరైన గౌరవం చూపకపోవడం, చాలా బాధ అనిపించింది.",Sadness
"గత ఆదివారం నేను చేయలేనంత చేసేందుకు ప్రోత్సహించి, ఆఖరికి నాకు నిండుగా శక్తిగా అనిపించేలా చేసిన ఒక పార్ట్నర్తో వర్కౌట్ చేశాను.",Happiness
ప్రాజెక్టును గందరగోళం చేయకముందే నన్ను మీ సందేహాలు  అడగడానికి మీరు సమయం తీస్కోకపోవటం నాకు నచ్చలేదు.,Anger
ఎటిఎం నుండి విత్డ్రాలకు ఛార్జీలు విధిస్తున్నందుకు ఆ బ్యాంకు మీద నాకు చాలా కోపంగా ఉంది.,Anger
"అడిక్షన్ కౌన్సిలర్గా అయి ఉండి కూడా, మాదకద్రవ్య వ్యసనాలతో బాధపడుతున్న వేలాది మందికి సహాయం చేయలేకపోయానని నా గుండె బరువెక్కుతుంది.",Sadness
"మీ రిటర్న్ చేసే పద్ధతి అనవసరంగా క్లిష్టంగా ఉంటుంది, అందరి సమయం వృధా చేస్తుంది.",Anger
అసైన్మెంట్ ఒప్పుకున్నాను కానీ ఇప్పుడు ఏం చేయాలో తెలియక పోవడంతో నాకు భయంగా ఉంది.,Fear
"అబ్బో! అడ్రస్ గురించి మనం చాలా తికమక పడినా, ఆ అడ్రస్ సరిగ్గా ఎక్కుడుందో తెలుసుకోగలిగావు.",Surprise
"నువ్వు ఇన్వెస్ట్మెంట్ అడ్వైజర్ సాయం తీసుకుంటున్నావనుకున్నా, డబ్బు విషయాలను నువ్వే సొంతంగా చూసుకుంటున్నావని నాకు తెలియదు.",Surprise
"హేయ్ సుధా, కొత్త హెయిర్ కట్ చేయించుకున్నావు! నిన్నసలు గుర్తుపట్ట లేకపోయాను!",Surprise
"బేకరీలో నన్ను పట్టించుకోకుండా, నా తరువాత వచ్చిన వాళ్ళ ఆర్డర్లు  తీసుకుంటుంటే, బేకర్ మీద నాకు భలే కోపమొచ్చింది.",Anger
"పోయిన వారం క్లయింట్ మొత్తం ఆఫీస్ క్లీనింగ్ టీంను దొంగతనంగా పట్టుకెళ్ళాలని చూసేసరికి భయపడ్డాను. అదృష్టం కొద్దీ, ఆ  టీం వెళ్లలేదు.",Anger
పంతొమ్మిది వందల ఎనభై మూడులో  వెస్టిండీస్ మీద భారత క్రికెట్ జట్టు సాధించిన విజయం అందరికీ చాలా ఆశ్చర్యమనిపించింది!,Surprise
సినిమా విడుదల సంబరాలు చేస్కుంటున్నప్పుడు ఓ అబ్బాయి గోడ మీంచి కింద పడిపోయాడు. అతడి గురించి చాలా బాధ అనిపించింది.,Sadness
"టీంలో ఉత్సాహం చాలా తగ్గింది, ఎందుకంటే తాను పిలిచిన ప్రతిసారీ వారు తమ సీట్లలో ఉండాలనేది క్లయింటు కోరిక.",Sadness
ఎక్కడ మన పోటీదారుల దగ్గర ఎక్కువ ప్రాడక్టు ఆప్షన్లు ఉంటాయేమోనని నాకు ఆందోళనగానే ఉంది.,Fear
"ఓ చెఫ్గా మీరు నాకు నచ్చినప్పటికీ, రెస్టారెంట్లో పరిశుభ్రత లేదని దాని గురించి చెడు రివ్యూ రాయబోతున్నందుకు నాకు మనసులో బాధగా ఉంది.",Sadness
నా బెస్ట్ ఫ్రెండ్ వేరే దేశానికి వెళ్ళిపోతున్నందుకు నిన్న స్కూల్ వదిలి వెళ్లిపోయాడు.,Sadness
నా యాంటీక్ గడియారాన్ని మార్చి బదులుగా తీసుకున్న ఓ కొత్త ఫాన్సీ గడియారం ఒక వారం లోపే పని చెయ్యడం మానేసినప్పుడు నాకు చాలా బాధేసింది.,Sadness
ఇండియాలో డ్రైవ్ చేశాక అమెరికాలో డ్రైవ్ చెయ్యాలంటే ఆలోచిస్తున్నా. నేను అది చేయగలుగుతానని నమ్మకం కుదరట్లేదు.,Fear
చక్రవడ్డీ గురించి కొంచెం కూడా తెలియని వాళ్ళు ఇంత మంది ఉండటం చూసి ఆశ్చర్యమనిపించింది.,Surprise
సిటీలో అల్లరి మూకల అరుపులు  దగ్గర పడుతున్నకొద్దీ నాకు చేతుల్లో వణుకు మొదలయింది.,Fear
నాకు ఈ ప్లాట్ఫారమ్ నచ్చదు. వీడియోలను తయారుచేసే  క్రియేటర్లకు చాలా తక్కువ డబ్బులిస్తారు.,Disgust
మన ఆదాయ మార్గాలు ఈ రోజుల్లో మీకు ఎలా అనిపిస్తున్నాయి?,Happiness
రెండో డోస్ కోవిడ్ వ్యాక్సినేషన్ సమయానికి తీసుకోలేదని నా వీసా రద్దు అయ్యింది.,Sadness
"పుస్తకాల మీద డిస్కౌంట్ ఏం గొప్పగా లేదు, వాళ్ళు మాట్లాడిన తీరు చాలా అగౌరవంగా ఉంది. చేదు జ్ఞాపకాన్ని మిగులుస్తుంది.",Disgust
"ఈవెంట్ జరుగుతున్నప్పుడు ఈవెంట్ మేనేజర్ చేతకానితనంతో నాకు కోపమొచ్చింది, నా సమయమంతా వృధా అయ్యింది.",Anger
"నాతో చాలాకాలం పనిచేసిన కొలీగ్ సంస్థ నుంచి వెళ్ళిపోవాలని నిర్ణయించుకున్నప్పుడు, అన్నేళ్ళ పాటు కలుసుండటం గుర్తుచేసుకునేసరికి, పాత జ్ఞాపకాలు కళ్ళ ముందు మెదిలాయి.",Sadness
గ్యాస్ కనెక్షన్ను కొత్త అడ్రస్కు మార్చే పద్ధతి గురించి మమ్మల్ని ఫోన్లో అడగి చూడకుండా మీరు గ్యాస్ ఏజెన్సీకి ఎందుకొచ్చారు?,Anger
"ఇతర వ్యాపారాలు మూస్కోని పోవడానికి నేను కారణం అన్నట్టు వస్తున్న వార్తలతో నాకు భయం, ఆశ్చర్యం వేస్తున్నాయి.",Fear
ఆ పర్యాటక ఆకర్షణకు దారి తప్పుగా చెప్పారని స్థానికులపై నాకు కోపం వచ్చింది.,Anger
"నాకు చేతనైనదంతా చేస్తున్నాను, అవి పని చెయ్యకపోతే నీ పద్దతులు సరిగ్గా లేవని స్పష్టం అవుతోంది.",Anger
చెన్నైలో షేర్డ్ ఆటోలో ఎక్కి డ్రైవర్ పక్కన కూర్చున్నప్పుడు నవ్వుకోకుండా ఉండలేను.,Happiness
"బస్సులో ప్రయాణం చేయడానికి టికెట్లు ఇచ్చే విధానం గురించి నాకు మనశ్శాంతి ఉండదు, పొడవైన క్యూలలో ఎదురుచూస్తూ టైం దండగ చేసుకోమనుకుందాం.",Fear
"నా ఆదాయ వనరులతో ఎలాంటి ప్రమాదాలు, ప్రశ్నలు కలిసి ఉండే అవకాశం ఉంది?",Fear
నా ల్యాప్టాప్లో ఎస్ఎస్డీ డిస్క్ ఇన్స్టాల్ చేసిన వెంటనే అది స్టార్ట్అప్ అయేసరికి నేను నమ్మలేకపోయాను.,Surprise
ఫుట్బాల్ ఆడినప్పుడల్లా నాకు చాలా సంతోషంగా ఉంటుంది. నేను పుట్టిందే ఆ ఆట ఆడడానికి  అన్నట్టు ఉంటుంది.,Happiness
ఈ మాల్ ఘోరంగా ఉంటుంది. నేను వెతికేది ఎప్పుడూ దొరకదు.,Anger
"నా పిజ్జా నేల మీద పడితే, దాన్ని పొరపాటున తొక్కినప్పుడు నాకు చాలా బాధేసింది.",Sadness
మన నిశ్చితార్థానికి మన ప్రేమను సూచించే అలాగే మనకు కావలసిన విధంగా ఉన్న ఉంగరం దొరికినందుకు ఆనందంగా ఉంది.,Happiness
"ఈ వజ్రపు అద్భుతమైన మెరుపు నమ్మలేనట్టు ఉంది! దీని కాంతి కళ్ళు తిప్పుకోలేనట్టు ఉంది, పైగా ఇది నా బడ్జెట్కి సరిగ్గా సరిపోతుంది.",Surprise
"నువ్వు చేయాల్సిన మొదటి పని ఏమిటంటే నెగటివ్గా ఉండటం మానేసి, నిన్ను నువ్వు నమ్మడం మొదలుపెట్టాలి. ఎప్పుడూ నిన్ను నువ్వు అనవసరంగా నిందించుకుంటావు.",Disgust
"నేను ఒక పని పూర్తిచేయాల్సి ఉన్నప్పుడు, అది నేను అనుకున్నట్టు జరగకపోతుంటే నాకు చాలా ఆందోళనగా ఉంటుంది.",Fear
"వినియోగదారుల అవసరాలు తీరేలా చూస్తూ, స్టాక్ కొరత సమస్యను వెంటనే పరిష్కరించాను.",Happiness
"కొరియర్ నుండి ప్యాకేజీ వచ్చినప్పుడు, అది నాకు చేరకముందే దాన్ని తెరిచినట్లు  గమనించినప్పుడు నా సంతోషం ఆవిరై పోయింది.",Sadness
"డబ్బు కట్టటానికి గడువులను మళ్ళీ మళ్ళీ తప్పడంతో విసుగొస్తోంది, చివరికి ఫైన్లు కట్టాల్సి వస్తోంది.",Anger
సిలిండర్ ఇంటికి ఇచ్చినందుకు నీకు ఐదొందల రూపాయలు అదనంగా ఇవ్వను. ఇది పట్టపగలే దోపిడి!,Anger
"న్యూస్ పేపర్ డెలివరీకి నెలవారీ బిల్లింగ్ ఇంత చక్కగా ఏర్పాటు చేసినందుకు చాలా సంతోషం. దీనివల్ల ఇబ్బంది లేకుండా నా ఖర్చులను సర్దుకోగలను, బెంగ లేకుండా, ఆనందంగా న్యూస్ పేపర్  చదవుకోగలను.",Happiness
వచ్చే సెమిస్టర్లో నా కొత్త క్లాస్ మొదలుపెట్టడానికి ఆగలేకపోతున్నా!,Happiness
"రెండు రోజుల కిందట నీ కారును నిర్లక్ష్యంగా నడుపుతూ, ఈసిఆర్ మీద నాముందు నుండి కట్ చేసి వెళ్ళావని నీ మీద కోపంగా ఉండింది.",Anger
"నా లేడీ ఇన్స్ట్రక్టర్కు చాలా ఓపికగా ఉందని ఆనందమనిపించింది, ఇది రివర్సింగ్, పార్కింగ్ను ప్రాక్టీసు చేసేటప్పుడు నిజంగా నా ఆత్మవిశ్వాసాన్ని పెంచుతుంది.",Happiness
ఫ్రిజ్ నుండి వస్తున్న విచిత్రమైన పెద్ద శబ్దాలు ఆందోళనకరంగా ఉంది. ఇదేదో పెద్ద ప్రాబ్లమ్ లాగా అనిపిస్తోంది.,Fear
"సెక్యూరిటీ అతనికి, అతని వాచిన మోకాలికి చికిత్స లేదని చెప్పినప్పుడు చాలా బాధపడ్డాడు.",Sadness
నా భార్యను ఎగతాళి చేయకు! మాటలు జాగ్రత్తగా రానీయ్!,Anger
అబ్బా! పాత పుస్తకాల ధరలు ఆకాశాన్నంటుతున్నాయి. వాటిని కొనటం మరీ కష్టమవుతోంది.,Surprise
చెన్నైలోని కుమారన్ సిల్క్స్ షాపులో  ప్రతి వస్తువుకు సైజు చార్ట్ ఉందంటే నమ్మలేకపోతున్నాను.,Surprise
"ఈ అద్దె ఇల్లు ఎంత ఆధునికంగా ఉంది, ఎంత చక్కగా చూస్కున్నారో, భలే బాగుంది! నాకు ఇది చూపించిన ఇళ్ళ బ్రోకర్కి   కృతజ్ఞతలు చెప్పాలి.",Surprise
అసాధారణమైన క్లీనింగ్ ఫలితాలను అందించడం మాకు గర్వంగా ఉంటుంది.,Happiness
"రిటైల్ గోడౌన్లోకి వెళ్లగానే, నా ముక్కుకు కుళ్ళిన చెక్క నుండి అసహ్యమైన కంపు కొట్టింది.",Disgust
వాళ్ళ దగ్గర ఫోర్డ్ ఫోకస్కి కావలసిన స్పేర్లు ఉంటాయని నేను అనుకోలేదు కానీ అవి ఉన్నాయంటే ఆశ్చర్యమేసింది.,Surprise
ప్రీతి ! మా చెల్లెలు ఈ ఏడాది మిస్ వరల్డ్ ఛాంపియన్షిప్కు సెలెక్ట్ అయ్యింది!,Surprise
బెంగళూరుకు బస్సు టిక్కెట్ల గురించి అడిగితే రైల్వే బుకింగ్ క్లర్క్ నన్ను దుర్భాషలాడినప్పుడు పట్టలేని కోపంతో నా మొహం ఎర్రగా అయింది.,Anger
భారత ఫుట్బాల్ జట్టు వరుసగా మూడు ట్రోఫీలను గెలుచుకుందని నాకు భలే సంతోషంగా ఉంది.,Happiness
"""కొత్త ఇంట్లో ఎలాంటి తెగులు సమస్యలు ఉండవు కదా,  ఇంతకు ముందు చాలా చెడు అనుభవాలు చూసాను.""",Fear
"బాత్రూమ్ నుండీ ప్రహరీ గోడ, వంటగది వరకూ పునర్నిర్మాణ పనుల పరిధి గురించి ఆలోచించినప్పుడు, ఏదో చెప్పలేని బాధ!",Sadness
జిఎస్ఎల్వీ రాకెట్ ప్రయోగాన్ని లాంచ్ప్యాడ్ నుండి ఆకాశంలోకి ఎగిరి  పేలిపోయేంతవరకు చూసి నాకు నోట మాట రాలేదు.,Surprise
"ఓహ్, ఈ నగను ఇంత మంచి నాణ్యమైన బంగారంతో తయారు చేసారని నాకు తెలియదు. చేతి పనితనం, సరకు ఎంపిక సాఫీగా ఎలా కలిసిపోయినాయో చూడ ముచ్చటేస్తుంది .",Surprise
"కొరియర్ కంపెనీ వాళ్ళ చెల్లింపు ప్రక్రియతో నేను చాలా సంతృప్తిగా ఉన్నాను. ఇది సూటిగా ఉండింది, పూర్తి చేయడం సులభంగా ఉండింది.",Happiness
వ్యవసాయ కూలీలు పండగలకు చెప్పాపెట్టకుండా వెళ్లిపోవడం లేదా ఎక్కువ డబ్బులిస్తే వేరే భూస్వాములకు పని చేయడం చూస్తే నాకు కోపం వస్తుంది. అప్పుడు పొలాలను పట్టించుకునే నాథుడు ఉండడు.,Anger
"నాకొచ్చిన మార్కులను బట్టి చూస్తే నాకు కావలసిన కాలేజీలో, కోర్సులలో అడ్మిషన్ దొరకదని నా మీద నాకు కోపంగా ఉంది.",Anger
సంవత్సరాంతపు అమ్మకాల సమయంలో ఐకియా బాగా పేరున్న వస్తువుల స్టాక్ అయిపోతుందేమోనని ఆందోళనగా ఉంది.,Fear
ఇరుకు జాగాలో పని చేస్తూండడం వల్ల ఈ షాపు ఎయిర్ కండిషనింగ్  గాలి వాసన కడుపులో తిప్పేలా ఉంటుంది.,Disgust
ఒక దేశం మరొక దేశానికి ఆయుధాలు ఇచ్చి యుద్ధాన్ని ప్రోత్సహించడం దారుణం.,Anger
శుభ్రం చేయటంలో మేం ఒక్కొక్క దాని మీద శ్రద్ధ చూపే పద్ధతికి మీరు ఆశ్చర్యపోతారు.,Surprise
స్థానిక కెన్నెల్లో ఆ అల్లరి  కుక్కపిల్లతో మేము గడిపిన సమయం  అద్భుతంగా ఉండింది.,Happiness
"ఉత్తరం ఇవ్వడానికి మీరు నిన్న మూడుసార్లు ఇంటికి వచ్చారని మీరు  చెప్పడంతో భయమేస్తోంది, ఎందుకంటే నేను గత రెండు రోజులుగా రోజంతా ఇంట్లోనే ఉన్నాను, ఈ డాక్యుమెంట్ పోగొట్టుకోవటం నాకు ఇష్టం లేదు.",Fear
"బాగా నడుస్తున్న ఫ్రీలాన్స్ వ్యాపారం, క్లయింట్ల నిరంతర  ప్రవాహం వల్ల నాకు హాయి కలిగిస్తాయి.",Happiness
నేను లైసెన్స్ కొనే ముందే క్లౌడ్లో కనపడకుండా ఉండే ఖర్చుల గురించి నాకు చెప్పలేదని క్లౌడ్ సేల్స్మాన్ మీద నాకు కోపమొచ్చింది.,Anger
ఈ మధ్య కోవిడ్ నైంటీన్ కేసులు పెరగడం వలన ముసలివాళ్ళు భయపడి ఎక్కువ సమయం ఇంట్లోనే ఉంటున్నారు.,Fear
కప్బోర్డ్ ఎంపికల గురించి మాట్లాడుకోవటం నాకు చాలా అసౌకర్యంగా ఉంది.,Fear
భారీ వర్షంలో కొండ మీద వేగంగా కదులుతున్న ట్రాఫిక్లో డ్రైవింగ్ చేస్తున్నప్పుడు నేను ఊపిరి బిగపట్టి ఉన్నాను! ఎదురుగా కొన్ని మీటర్ల వరకే కనపడుతూ ఉంది మరి.,Fear
"బస్ డే గురించి విన్నప్పుడు నాకు దిమ్మ తిరిగింది, అలాంటి రోజును విద్యార్థులు ఎందుకు పండగలా చేస్కుంటారో తెలియలేదు.",Surprise
వడ్డీ రేట్లు హఠాత్తుగా పెరుగడంతో చాలా మంది అప్పు తీసుకున్నవాళ్ళు తెల్లబోయారు.,Surprise
"లేదు సార్, మా తాతయ్యకి వొంట్లో బాలేక నిన్న పని చేయలేకపోయాను.",Sadness
"ఈ కొరియర్ సర్వీస్ను మళ్లీ వాడాలంటే నాకు చాలా చీదరగా ఉంది. డెలివరీ ఆలస్యమైంది, వాళ్ళు సమస్యను పరిష్కరించే తీరు అసహ్యంగా ఉండింది.",Disgust
పోయిన వారం ఆరోగ్య కేంద్రం ఆస్తులకు కొన్ని అంబులెన్సులు కలిసినప్పుడు చాలా ఆనందమేసింది.,Happiness
నార్త్ చెన్నైలో నా కారును పార్క్  చేస్తే నేను తిరిగొచ్చేసరికి నా కారుకి ఏం కాకుండా ఉంటుందో లేదో చెప్పలేం కాబట్టి అక్కడ పార్క్ చేయాలంటే భయపడతాను.,Fear
"ఒక మారథాన్ వల్ల  రోడ్లను మూసేయడంతో నేను సమయానికి విమానాశ్రయానికి చేరుకోలేకపోయాను, నా కోపాన్ని అదుపులో ఉంచలేకపోయాను.",Anger
"పనుల రద్దీ వల్ల, కొంతవరకే అందుబాటు ఉండటం వల్ల, మరింత తరచుగా పాఠాలు చెప్పలేక పోతున్నాను.",Sadness
మా వ్యాపార బాధ్యతలను నెరవేర్చడంలో  సహాయపడటానికి మా ఆర్థిక నిర్వహణ వ్యూహాలు  ఎలా డబ్బును పెంచుతున్నాయో  చూస్తే  నాకు చాలా ఆనందంగా ఉంటుంది.,Happiness
వైరస్ దాడులకు భయపడి ఉద్యోగులకు బయటి వ్యక్తులు ఇమెయిల్లు పంపకుండా కంపెనీ ఆపేసింది.,Fear
బ్యాంకు ఉద్యోగి నా బిడ్డ భవిష్యత్తు కోసం చేయగలిగిన రకరకాల ఎంపికల గురించి చర్చించినప్పుడు చాలా సంతోషమనిపించింది.,Happiness
ఆ కొత్త రెస్టారెంట్కి వెళ్ళటానికి రాత్రిపూట ఒక ప్రమాదకరమైన ఏరియాలో నుండి నడుస్తున్నప్పుడు నాకు భయమేసింది.,Fear
ప్రతి వస్తువును దాని అసలు ధరకు రెండింతలకు అమ్ముతున్నారు. ఇది చాలా అసహ్యంగా ఉంది.,Disgust
తప్ప తాగేసి టేకాఫ్ సమయంలో కూర్చోకుండా హంగామా చేసిన ప్రయాణికుడి వల్ల ఫ్లైట్ ఆలస్యం అవడంతో నాకు పిచ్చి కోపం వచ్చింది.,Anger
సులభంగా సంభాళించుకోగల చిన్న ఫైబర్ గ్లాస్ సిలిండరును ఇండేన్ గ్యాస్ ప్రవేశపెట్టినప్పుడు నాకది బాగా నచ్చింది.,Happiness
వాళ్ళు కార్పొరేషన్లను పన్నులు ఎగవేయనీయడం దారుణం.,Anger
ఆ బ్రాడ్వే నాటకం దర్శకత్వం ఎంత నిస్సారంగా ఉందో. దర్శకుడికి అసలు కల్పనా శక్తి లేదని అనిపించింది.,Disgust
మీ సర్వీస్ సెంటర్ నుండి నా కారుని తీసుకెళ్ళిపోతానని బెదిరిస్తే కానీ సరిగా చేయని పని గురించి చర్య తీసుకుంటామని మీరు చెప్పరా?,Disgust
"""ఆరోగ్య కేంద్రంలో ఎక్కువ మంది నర్సులు అందుబాటులో ఉంటారని అనుకున్నాను, కానీ అలా జరగలేదు, దాంతో నాకు చాలా అసంతృప్తిగా అనిపించింది.""",Sadness
నేను ఈ బదిలీని ఆమోదించలేదు. నా బ్యాంకు ఎకౌంటు ప్రమాదంలో ఉందా?,Fear
చలికాలంలో లండన్ వాతావరణం నాకు ఎంతో కుంగదీస్తున్నట్టు అనిపిస్తుంది.,Sadness
నేలకు వందల అడుగుల ఎత్తులో రెండు భవనాల మధ్య తాడు మీద నడుస్తున్న అతన్ని చూడగానే నా గుండె జారిపోయినట్టయింది.,Fear
ఓర్లాండోలోని డిస్నీవరల్డ్ పార్కులోకి అడుగుపెట్టగానే నాకు ఆనందం పొంగిపొర్లింది.,Happiness
"రన్నింగ్ చేసొచ్చి, స్నానం చేయకుండా చెమట పట్టిన చొక్కాతోనే  పడుకున్నాడు.",Disgust
"మ్యాగీ వల్ల మన ఆరోగ్యం చెడిపోవచ్చని విన్న తర్వాత, దాన్ని కొనడం మానేశాను.",Fear
నేను ప్రత్యేకంగా ఈ ఆరోగ్య కేంద్రాన్ని ఎంచుకున్నానంటే ఇది నా మెడికల్ బీమా పరిధిలోకి వస్తుంది కాబట్టి. నా ఇటీవలి సందర్శనలు ఏవీ కవర్ అవ్వవని ఇప్పుడు మీరు నాకు చెప్తున్నారు? ఇది నమ్మశక్యంగా లేదు!,Anger
వాళ్ళ దగ్గర ఇంక టాబ్లెట్లు లేవన్నారు. మనం ఇంకో రెండు రోజులు ఆగాలట.,Sadness
మా నాన్న తన గూగుల్ పే పాస్వర్డ్ను కూరగాయలు అమ్మే అతనికి చెప్పానని చెప్పినప్పుడు ఆశ్చర్యమేసింది.,Surprise
ఘాట్ సెక్షన్లో బస్సు ఎన్నో సార్లు కొండంచుకు చాలా దగ్గరగా వెళ్తున్నప్పుడు నేను భయంతో  ఊపిరి బిగబట్టుకున్నాను.,Fear
"నాకు ఇచ్చిన మందులు చేదుగా, ఎంత ఘాటు వాసనతో ఉన్నాయంటే నాకు  ఆ సీసాలను తెరవాలని కూడా అనిపించడం లేదు.",Disgust
"ఆ హారర్ సినిమా మొదటి భాగంలోని హింస, రక్తపాతం చూసి రోత పుట్టింది, కానీ దాని సీక్వెల్ ఇంకా అధ్వాన్నంగా ఉండింది.",Disgust
నువ్వు నా వెన్నంటి ఉన్నావు! నువ్వు లేకుండా నేనది చేయలేకపోయేవాడిని.,Happiness
"చీకటి గదిలో ఒంటరిగా ఉండటం నాకు ఇష్టం లేదు, ఎందుకంటే నా చుట్టూ ఏవేవో ఉన్నాయని ఊహించుకుంటూంటాను.",Fear
కస్టమర్లు మా ప్రత్యేక ఆఫర్లను వినియోగించుకోరు. అప్పుడే నాకు బాధగా ఉంటుంది.,Sadness
"మనం కలిసి దేశంకోసం ఎంతో చెయ్యగలం కానీ దెబ్బలాటలో, సమయం నష్టం చేస్తున్నామనే   ఆలోచనే  నన్ను కాస్త బాధ పెడుతోంది.",Sadness
"ఆ హాస్యనటుడి నటన చాలా వికారంగా, ఎవరో బలవంతం చేసినట్టు ఉంది, నేను ఇంకోసారి అతని కార్యక్రమానికి వెళ్ళాలనుకోను.",Disgust
"పని చేయని, నాసిరకం బల్బు ఇచ్చాడని షాప్ కీపర్ మీద అరిచాను.",Anger
నేరస్థుల నుండి మిమ్మల్ని మీరు రక్షించుకోవడానికి మీరు చెయ్యవలసినవి ఎంత ముఖ్యమో మీకు అర్థం కాలేదనే విషయం అసహ్యమేస్తుంది.,Disgust
ముందు రోజు జరిగిన ప్రమాదంలో ఎంతో మందికి ఇష్టమైన ఇద్దరు ఉద్యోగులు చనిపోవడంతో ఆఫీసు వాతావరణంలో సంతోషం మాయమైంది.,Sadness
"యూరోపియన్ కప్ మ్యాచ్ తర్వాత ఇంగ్లీష్ ఫుట్బాల్ అభిమానుల ప్రవర్తన అసహ్యంగా ఉండింది, ఎందుకంటే వాళ్ళు స్టేడియం అంతా గందరగోళం చేశారు.",Disgust
"అటువైపుగా వెళ్తున్న బస్సు ఒక్కసారిగా బ్రేక్ పడి, తడి రోడ్డు మీద జారి పక్కకు పడిపోయినప్పుడు, హైవే దగ్గర ఒక చెట్టుకింద ఉన్న నేను షాక్తో బిగుసుకుపోయాను.",Surprise
నా ఫ్రెండ్ మల్టీటాస్కింగ్ అంటే ఒకేసారి బోలెడు పనులలో ఫెయిలవ్వడం అని నిర్వచనం చెప్పి నన్ను నవ్వించేసాడు.,Happiness
చైనాలో నేను ఎదురవగల సాంస్కృతిక తేడాల గురించి నాకు కొంచెం భయంగా ఉంది.,Fear
"""వివాహపు చీకటి కోణానికి స్వాగతం"" అంటే ఎలా ఉంటుంది",Disgust
"డాక్టర్, నా పరీక్ష రిజల్ట్లలో బాగాలేనిదేంటి? నేను బాగానే ఉంటానా?",Fear
"రోజురోజుకూ ఇక్కడ తిండి మరీ అద్ద్వాన్నంగా ఉంటోంది. ఇక భరించలేను, ఇది అధికారులకు ఫిర్యాదు చేయబోతున్నాను.",Anger
"మా కజిన్తో మాట్లాడడమంటే నాకు చాలా ఇష్టం, ఎందుకంటే అతడు ఎప్పుడూ జాలీగా ఉంటాడు.",Happiness
చేసిన తప్పుల నుండి నేర్చుకోకుండా  జనాలు పదేపదే వాటిని తిరిగి చేయడం నన్ను నిరాశపరుస్తుంది.,Anger
కూరగాయలు అమ్మే అతను ఒక గంటలోపు తన కూరగాయలన్నీ అమ్మేసినప్పుడు ఆశ్చర్యపోయాడు.,Surprise
మాడ్యులర్ కిచెన్ ఇన్స్టలేషన్ ప్రక్రియ గురించి కొంచెం దిగులుగా ఉంది. మాడ్యులర్ యూనిట్లను అసెంబ్లీ చేసేటప్పుడు నా వంటగది గోడలు లేదా ఫ్లోరింగ్ పాడవకపోతే బాగుండు అనుకుంటున్నాను.,Fear
"అబ్బో!  ఇవాళ్ళ టీకా వేయించుకున్నా కూడా, నీకు జ్వరం, బలహీనత ఏమీ లేవు. నీకు చాలా బలమైన రోగనిరోధక శక్తి ఉండి ఉండాలి!",Surprise
"మిస్టర్ బీన్ ఆ పెయింటింగ్ మీదంతా తుమ్మి, చెమటతో నిండిన తన రుమాలుతో దాన్ని తుడిచాడు.",Disgust
వారి లక్ష్యాలను చేరకపోయినందుకు బ్యాంక్ ఉన్నతాధికారి తన జట్టు మీద ఆగ్రహంగా అరిచారు.,Anger
అమెరికాలో తను ఉండటానికి ఇంటి కోసం వెతుకుతున్న మా అబ్బాయికి సహాయం చేయలేకపోయినప్పుడు మా ఆవిడ బాధపడింది.,Sadness
"అబ్బో, ఈ కొత్త స్మార్ట్ఫోన్ ఎంత వేగంగా ఛార్జ్ అవుతుందో నేను నమ్మలేకపోతున్నాను!",Surprise
నా చదువు కోసం ఎంత అప్పు తీసుకున్నానో ఆలోచిస్తే  నాకు నిస్పృహగా  ఉంటుంది.,Sadness
గోల్ చేసిన తర్వాత జరుపుకున్న మితిమీరిన సంబరాలు అసహ్యంగా ఉండినాయి.,Disgust
"ఈవెంట్ మేనేజర్ ఇస్తాం అన్న సర్వీసులు ఎన్ని రకాలు ఉన్నాయో చూసి నిజంగా ఆశ్చర్యపోయాను.  ప్రణాళిక దగ్గర నుండి అమలు వరకు, వాళ్ళే మొత్తం చేసేలా ఉన్నారు!",Surprise
ఇంత పెద్ద దుకాణం వాళ్ళ సొంత పార్కింగ్ స్థలంలో పార్కింగ్కు కస్టమర్లు డబ్బులు కట్టాలని ఆశిస్తుందంటే నమ్మలేకపోతున్నాను!,Anger
"అవసరమైన వస్తువులు కొనుక్కోడానికి పరిహారం ఇవ్వటంతో పాటు మీ బ్యాగేజీని తర్వాతి ఫ్లైట్లో మీకు ఈరోజు వ్యక్తిగతంగా డెలివరీ చేయిస్తాను. మీరు ఎయిర్లైన్ మీద కేసు వేస్తే, నా ఉద్యోగం పోయే ప్రమాదం ఉంది.",Fear
"ఈవెంట్ మేనేజర్ వివరాల మీద శ్రద్ధ చూపిన తీరు చూసి నమ్మలేకపోతున్నాను, కాని అలంకరణల విషయంలో ఒక చిన్న పొరపాటు జరిగిందని చెప్పక తప్పట్లేదు. అలా సాధారణంగా జరుగదనుకున్నాను.",Surprise
కర్ణాటకలో అందరికీ ఉచిత విద్యుత్తు ఇస్తామని ఆ రాజకీయ పార్టీ ప్రకటించినప్పుడు నాకు చిర్రెత్తింది.,Anger
"వింతల్లో వింత, రాజకీయ నాయకుల నుండి వ్యతిరేకత ఎదురైనా పోలీసులు నేరాల మీద గట్టి చర్యలు తీస్కున్నారు!",Surprise
"యుకేలో వర్షం ఎప్పుడు పడుతుందో ఎవరూ చెప్పలేరు, ఆ వాతావరణం నాకెప్పుడూ అర్ధం కాదు.",Surprise
నాకు మంచి ఎంపికలు ఇచ్చిన యూనివర్సిటీ కంటే స్పెషలైజ్ద్ యూనివర్సిటీని ఎంచుకొని నేను ఈ పరిస్థితికొచ్చాను.,Disgust
నా కన్సల్టింగ్ వ్యాపారం జాబితా నిండా క్లైంట్లతో మూడు పువ్వులు ఆరు కాయలులా వర్ధిల్లుతోంది.,Happiness
అనారోగ్యంతో ఉన్న మా అమ్మానాన్నలను మా అన్న రహస్యంగా చూసుకుంటున్నారని తెలిసినప్పుడు ఆశ్చర్యపోయాను. ఎంత దయగల నిస్వార్థమైన ప్రవర్తన.,Surprise
చెన్నై నుండి ఢిల్లీకి వెళ్ళే రైలు వెతకడానికి నాకు సహాయం చేయడంలో రైల్వే బుకింగ్ క్లర్క్ ఏమాత్రం ఆసక్తి చూపించనప్పుడు అతడంటే అసహ్యం వేస్తోంది.,Disgust
వారంటీ ఇంకా నడుస్తున్నప్పుడే మీరు లోపమున్న ఈ వస్తువుని మార్చుకోరంటే నమ్మలేకపోతున్నాను.,Anger
"నేను పాడుబడ్డ లైట్హౌస్లోకి వెళ్లినప్పుడు, కనపడనిది ఏదో ఉందని అనిపిస్తూ ఉంటే, మాటిమాటికి నా వెనక్కి చూస్కున్నాను.",Fear
"కాస్టింగ్ డైరెక్టర్ నన్ను ఆడిషన్ కూడా ఇవ్వనివ్వకుండా, సినిమాలో నాకు కీలక పాత్రను ఇచ్చినప్పుడు ఆశ్చర్యమనిపించింది.",Surprise
మీరు నన్ను ఓవర్బుక్ అయిన ఫ్లైట్లో ఎక్కించి ఆలస్యం చేస్తారని తెలిసుంటే మీ ఎయిర్లైన్లో ఎప్పటికీ బుక్ చేసి ఉండేదాన్ని కాదు.,Disgust
"సహాయం కావలసినప్పుడు ఎవరూ అలాంటి అసభ్య ప్రవర్తనను భరించి, అసహ్యించుకో కూడదు. ఆ ఉద్యోగి రోతపుట్టే, దురుసు ప్రవర్తనకు   మనస్ఫూర్తిగా క్షమాపణలు.",Disgust
డాక్టరు అతను బ్రతికేది ఇంకా కొద్ది రోజులే అని చెప్పారు.,Sadness
నీకెందుకు? నేనేదైనా తప్పుగా చేస్తే నేనే కదా అనుభవించాల్సింది.,Anger
చిన్న రిపేరుకు ఇంత ఎందుకు వసూలు చేస్తున్నారు?,Anger
"మా పిల్లలను కలవడానికి ఇండియా నుండి యూఎస్కు వెళ్తున్నందుకు, మా మనసులు ఆనందంతో నిండి పోయాయి.",Happiness
మేము శిధిలాల గుండా నడుస్తుండగా చోళ రాజవంశపు అద్భుతమైన గతాన్ని వివరిస్తున్నప్పుడు గైడ్ చాలా ఉత్సాహంగా ఉండినాడు.,Happiness
మా బాబుకి కావాల్సిన సైకిల్ కొనడానికి నా బడ్జెట్ సరిపోట్లేదు. అదే బాధగా ఉంది నాకు.,Sadness
"పదోన్నతి మరియు అధిక కమిషన్ పొందిన తరువాత, నేను గాలిలో తేలిపోయాను.",Happiness
నేను ఎన్నో రోజులుగా వెతుకుతున్న పుస్తకం ఈ బుక్ సెల్లర్ దగ్గర ఉందని వినేసరికి పట్టలేని ఆనందమనిపించింది!,Happiness
మన ఆదాయ చిట్టాలో ఉన్న మొత్తం చూసి నాకు కళ్ళు బైర్లు కమ్మాయి.,Surprise
ఈ వీడియో గేమ్ ఆడాలనుకున్నాను కానీ సీడీ విరిగిపోయింది. ఇంకెప్పుడూ మళ్ళీ ఆ గేమ్ ఆడలేను.,Sadness
ఈ డాక్యుమెంట్లలో కనిపించిన అవకతవకలతో నాకు దిమ్మ తిరుగుతోంది.,Disgust
ఈ వైర్లెస్ ఇంటర్నెట్ కనెక్షన్ వేగం చూసి ఆశ్చర్యపోయాను.,Surprise
"నేను ఉత్పత్తికి ఒక మెరుగుదల గురించి సలహా ఇచ్చినప్పుడు, అది  అమలు చేసినప్పుడు, అందరికీ బాగా నచ్చినప్పుడు నేను సంతోషంతో ఉక్కిరిబిక్కిరి అయ్యాను.",Happiness
ఒక స్పేస్ మిషన్లో ఏదైనా అనుకున్న విధంగా జరగకపోతే ఏమవుతుందోనని భయపడతాను.,Fear
వస్తువుల ధరలను చాలా సునిశితంగా చూసే మీరు ఈ నెల మొదట్లో మీకు పంపించిన మారిన వస్తువుల ధరల గురించి చదవలేదంటే నాకు ఆశ్చర్యంగా ఉంది.,Surprise
పూర్తిగా పండిన టమోటా సహజ అందం చూస్తే నిజమైన ఆనందం అనిపిస్తుంది.,Happiness
"హోటల్లోని ఈ పంపు నీళ్ల  రుచిని నేను తట్టుకోలేను, వికారంగా  ఉంటుంది.",Disgust
"లోపల పాదుకొన్న నీళ్ళ పైపును వాడేటప్పుడు కారటాలు, పగలటాలు లాంటివి జరగకుండా ఎలాంటి సవాళ్లు ఎదురావుతాయోమోనని కంగారుగా ఉంది.",Fear
"నేను తిరిగిచ్చేసిన ప్యాకేజీ మీ వెర్హౌస్కి చేరనేలేదని తెలిసి, ఆశ్చర్యపోయాను!",Surprise
యూనివర్సిటీ కాఫేటేరియాలో ఫుడ్ గురించి ఆశ్చర్యకరమైన విషయం తెలిసింది. ఇంత బావుంటుందని అనుకోలేదు.,Surprise
"మా అబ్బాయి ఇంటర్న్షిప్ చేస్తున్న కంపెనీలో, తన ప్రశాంతమైన బాస్ని కలిసాక ఆనందం పట్టలేక పోయాడు.",Happiness
"ఒకే లాయర్ దగ్గర ఇద్దరూ న్యాయ సలహా అడగడానికి వెళ్లినప్పుడు ఆ క్లయింట్, ఇంకా ఆ అడ్వకేట్ అనుకోకుండా ఎదురుపడ్డారు.",Disgust
ఇంటిని కబ్జా చేస్కోవాలని చూసే దుర్మార్గపు కిరాయి వాళ్ళ వల్ల ఇంటి కోసం వెతుక్కునే నిజాయతీగల అద్దెఇళ్ళవాళ్ళకి  చెడ్డ పేరు వస్తోంది.,Disgust
"ఒక ఊహించని పరిస్థితి రావడంతో , మన కార్యక్రమానికి ఖచ్చితమైన రద్దు విధానం అమలు చేసే వీలు లేకపోవడంతో నిరాశగా ఉంది.",Sadness
ఆ నైపుణ్యాలు సులభంగా దొరికేవి కాదని నాకు చెప్పకుండా మీరు ఆఖరి క్షణం వరకు ఉన్నారంటే నేను నమ్మలేకపోతున్నాను.,Disgust
"పోయిన వీకెండ్లో టెలిస్కోప్తో జూపిటర్, ఇంకా దాని మూడు చంద్రుల ఫోటోను క్లిక్ చేసినప్పుడు మా అబ్బాయికి ఎంత గొప్పగా అనిపించిందో.",Happiness
రోమ్లోని రెస్టారెంట్ల కోసం గైడ్ బుక్ ఇచ్చిన సలహాలు వృధా. నిరాశ మిగిల్చాయి.,Sadness
స్టేజ్ భయం వల్ల మా అబ్బాయి స్టేజ్ ఎక్కే అవసరం లేనటువంటి వృత్తి కోసం తన గాయక వృత్తిని వదులుకుంటాడేమో అని భయంగా ఉంది.,Fear
క్లాస్ రూంలో కొంతమంది స్టూడెంట్లు బబుల్గమ్ నమలడం చూస్తే చాలా అసహ్యమేస్తుంది.,Disgust
ఈ షాప్లో కళ్ళు చెదిరే లైట్ల వల్ల  ప్రతిదీ చాలా భయంకరంగా కనిపిస్తోంది.,Disgust
ఆ గైడెన్స్ అంతా ఉండడంతో డ్రైవింగ్ లైసెన్స్ ప్రక్రియ ఇంత సజావుగా ఉంటుందని నాకు తెలియదు. నాకు భలే నచ్చింది!,Surprise
తన పుస్తకాల షాప్ లో పుస్తక  విక్రేత మహిళల వైపు చూస్తున్న ఆ వంకర చూపు నాకు అసౌకర్యంగా  అనిపించింది  .,Disgust
పార్టీ జరిగేటప్పుడు తన ఫ్రెండ్స్ తనని పట్టించుకోకపోయేసరికి ఆ అబ్బాయి చిన్నబుచ్చుకుని ఒంటరిగా కూర్చున్నాడు.,Sadness
విద్యార్థులు పరీక్షలలో కాపీ కొట్టి పట్టుబడకుండా తప్పించుకోడం చూసి అసహ్యం వేస్తోంది.,Disgust
"స్కూలు బస్సు తప్పిపోయి, మేం ఐదు  మందిమి స్కూలుకు గంట ఆలస్యంగా వచ్చామని ప్రిన్సిపాల్కి చాలా కోపమొచ్చింది.",Anger
అస్సలు నమ్మలేనిది! ఆ ఫైనాన్షియల్ రికార్డులు ఎవరో పనిగట్టుకుని ధ్వంసం చేసినట్లు ఉన్నాయి!,Anger
మా ఇంట్లో దోపిడీ జరిగిందని నాకు చాలా బాధగా ఉంది.,Anger
"పైపొరను బాగు చేసి మీ బండిని మళ్ళీ మెరిస్తూ, కళగా ఉండే ఆకారానికి  తెచ్చే పని మొదలు పెట్టటం ఉత్సాహంగా ఉంది!",Happiness
"ఆమెను ఎగతాళి చేయొద్దు. మన క్లాస్ టీచర్కి ఫిర్యాదు చేస్తుంది, ఆ తర్వాత మనల్ని ప్రిన్సిపాల్ దగ్గరికి పంపిస్తారు.",Fear
ఈ మానిటర్ యొక్క హై డెఫినిషన్ డిస్ప్లే స్పష్టత చూసి ఆశ్చర్యం వేసింది.,Surprise
"తన పాకిస్తానీ ప్రేమికుడిని పెళ్ళి చేసుకోవాలని తన భర్తను, పిల్లలను విడిచిపెట్టిన భారతీయ మహిళ గురించి చదివినప్పుడు నాకు అసహ్యమనిపించింది.",Disgust
అమ్మకాలలో అద్భుతమైన పనితీరుకు హెడ్ ఆఫీసు నుండి మాకు గుర్తింపు వచ్చింది.,Happiness
"ఒక వారం క్రితం కొన్న రొట్టె తిన్న తర్వాత నాకు అసౌకర్యంగా అనిపించింది, ఫుడ్ పాయిజనింగ్తో జబ్బు పడతానేమోనని అనుమానమేసింది.",Fear
నా కొత్తింటి కోసం నా ఎలక్ట్రికల్ ఫిట్టింగ్లకు కేటాయించుకున్న బడ్జెట్ లోపల ఉండడానికి నేను నాణ్యత విషయంలో రాజీ పడాల్సి రావడం నిరాశపరిచింది.,Sadness
నా కొత్తింటి కోసం హౌస్ ఎలక్ట్రికల్ వస్తువుల మీద ఎలక్ట్రికల్ షాపుతో  నేను కుదుర్చుకున్న బేరంతో చాలా సంతోషంగా ఉంది.,Happiness
నా బ్యాంక్ ఎందుకు నెగెటివ్ బ్యాలెన్స్ చూపిస్తోంది? నా డబ్బు ఎవరైనా కొట్టేసారా?,Fear
ఓ కంపెనీ సీఈవో తన ఉద్యోగులకు ఎక్కువ డబ్బు ఇవ్వడానికి తనకు వచ్చే జీతాన్ని తగ్గించుకున్నాడని విని నమ్మలేకపోయాను.,Surprise
"టిఫిన్ తినకుండా ఈతకు వెళ్తే ఇలాగే అవుతుంది. ఈసారి మునిగిపోవద్దనుకుంటే తెలివిగా ఉండి, కనీసం అరటిపండైనా తిను.",Anger
"హలో మేడమ్, నేనిక్కడికి ముందొచ్చాను. ఆ సీటు నాది.",Anger
"చిన్న చిన్న విషయాల గురించి కూడా ప్రత్యేక శ్రద్ధ తీసుకోవాలని నేను ప్రత్యేకంగా చెప్పినా, శుభ్రం చేయని మచ్చలు, దుమ్ము కనిపించేసరికి నాకు చిరాకేసింది.",Anger
మా ప్రాంతంలో తక్కువ ఆదాయ కుటుంబాలకు అందుబాటులో ఉండే చవకైన ఇళ్ళు లేవని చాలా కోపంగా ఉంది.,Anger
"ఇరవై మంది అతిథులకు సరిపోవాలంటే, సుమారు ఎక్స్  కిలోగ్రాముల కేక్ తీస్కోమని మా సలహా. ఇది ప్రతి ఒక్కరూ  ధారాళంగా ఒక పెద్ద ముక్క ఎంజాయ్ చేసేందుకు సరిపోవాలి.",Happiness
పోయిన వారం పడిపోయిన మార్కెట్ని తిరిగి నిలబెట్టేలా ఆర్థిక వ్యవస్థ బాగా పనిచేస్తోందని తేలిగా ఊపిరి తీస్కున్నాను.,Happiness
చిన్న ఉడుతను దాని తల్లి ఒప్పుకోలేదని చూసి బాధనిపించింది.,Sadness
స్థానికుల దాడి తర్వాత  ఒక రాష్ట్రంలోని కార్మికులు భయంతో  అక్కడినుంచి వెళ్లిపోవడం ప్రారంభించారు.,Fear
ప్రత్యర్థి జట్టుతో అభిమానుల క్రీడాస్ఫూర్తి లేని ప్రవర్తన సిగ్గుచేటు.,Disgust
కొంచెం తిన్నాక ఆ ఆహారం పాడైపోయిందని తెలిసేసరికి నాకు దడ మొదలయ్యింది. జబ్బు పడతానేమోనని భయపడ్డాను.,Fear
"మీ అమ్మగారు వయసు మీద పడి, బలహీనంగా ఉన్నారు కదా, మాటిమాటికి ఆసుపత్రికి తీసుకెళ్తే ఆమె పరిస్థితి మరింత అధ్వాన్నం అవుతుందని మీకు భయం లేదా?",Fear
అప్పటికప్పుడు ఐడియాలు ఇవ్వటం నా పని కాదు.,Anger
ఫిట్నెస్లో మీకేం కావాలనేది కనీసం ఫిట్నెస్ ట్రైనర్తో మాట్లాడకుండానే మిమ్మల్ని మీరు ఎందుకు భయపెట్టుకుంటున్నారు?,Anger
"ఇంట్లో జరిగిన ఒక దోపిడీ నాకు వణుకు పుట్టించింది, కాబట్టి ఒక రోజులోపు సీసీటీవీ కెమెరాను ఏర్పాటు చేస్కుంటాను.",Fear
నా డ్రైవింగ్ ఇంస్ట్రక్టర్  ఎక్స్ట్రా పాఠాలు అవసరమని సూచించినప్పుడు నేను ఆశ్చర్యపోయాను. అవి నిజంగా రోడ్డు మీద నా విశ్వాసాన్ని పెంచుతున్నాయని తెలిసింది.,Surprise
"వరదల వల్ల పత్తి పంట నాశనమైంది,   పంట మళ్ళీ వెయ్యటానికి ముడి పదార్థాలు సమయానికి దొరుకుతాయో లేదో అని నాకు వణుకొస్తోంది.",Fear
"ఈ కళాఖండాలు గౌరవించి, మెచ్చుకోవలసినవి, చిన్నపాటి వినోదం అని కొట్టి పారేసేవి కాదు.",Disgust
అసాధ్యం అనిపించే పని చేసేటప్పుడు నాకు అగాధం అంచున  నిలబడినట్లు ఉంటుంది.,Sadness
భారతదేశంలోని పరిస్థితిలో మార్పుతో  నాకు చాలా ఆశాజనకంగా  అనిపిస్తోంది.,Happiness
"పని సరిగ్గా  చేయకపోగా, ప్లానర్ తన తప్పును ఒప్పుకోలేదు.",Disgust
నువ్వు నా రహస్యాలని అందరికీ చెప్పి మన స్నేహానికి నువ్వు చేసిన ద్రోహం వల్ల నాకు పిచ్చి కోపం వచ్చింది.,Anger
"ఈ పిల్లలు తమ సాక్స్ను మొత్తం మురికిగా చేసుకొని, వాటిని ఉతకకుండా అలానే తర్వాతి మ్యాచ్లో మళ్లీ వేసుకుంటారు.",Disgust
"నేను ఆ పుస్తకం గురించి కనుక్కుందామని వచ్చాను కానీ చిందరవందరగా, మురికిగా ఉన్న ఈ బుక్ స్టోర్ చూసి పారిపోయాను.",Disgust
ఆరోగ్య కేంద్రంలో నా బ్లడ్ గ్రూపుకు సరిపోయే రక్తం దొరకలేదని నాకు బాధగా ఉండింది. నాకు అత్యవసరంగా సర్జరీ అవసరమైంది.,Sadness
"అవును, షెఫ్, ఇవాళ ఫుడ్ చాలా నచ్చింది. చాలా  తాజాగా, రుచిగా ఉండింది.",Happiness
"నా అపార్ట్మెంట్ కాంప్లెక్స్లో ఉండే వాళ్ళలో ఒకరు ఎంత మొరటుగా ఉంటారంటే, నాకు అతనంటే అసలు పడదు.",Anger
లక్నో ప్రజా రవాణా వ్యవస్థలో శుభ్రత లేకపోవడం ఘోరమైంది.,Disgust
వేరేవాళ్ళ సొమ్ము ఎత్తుకెళ్లే ఈ హ్యాకర్లను విచారించకుండా మట్టుపెట్టాలి. వాళ్ళు నేరస్తులు.,Anger
ఈ పాత్ర సంపాదించటానికి ఇది నాకున్న ఒకటే అవకాశమని తెలిసి క్యాస్టింగ్ డైరెక్టర్ ఆఫీసులోకి వెళ్తూంటే నా గుండె దడదడలాడింది.,Fear
ఆర్థిక మాంద్యం తట్టుకునెట్టటు  నా సంస్థని  ఆర్ధికంగా సిద్ధం చేయవలసిన అవసరం నన్ను రాత్రిపూట నిద్రపోనివ్వట్లేదు.,Fear
ఢిల్లీలో చిన్న పిల్లలున్న కుటుంబాలకు గైడెడ్ సిటీ టూర్లు ఎంత వరకు సురక్షితం అంటారు?,Fear
"ఇదేమైనా అర్ధం ఉందా? నేను చుట్టుపక్కల నిశ్శబ్ధంగా ఉండే చోటు కావాలన్నాను, అయినా నువ్వు రద్దీ ఉండే వీధులకు, గొడవగా ఉండే ఏరియాలకు దగ్గర ప్రదేశాలను  చూపిస్తున్నావు. నువ్వు ఏది చూపిస్తే దానితో సర్డుకుపోతానని అనుకుంటున్నావా?",Anger
చుట్టుపక్కల దేశాలలో మైనారిటీ వర్గాల నిరంతర అణచివేతను చూడటం బాధాకరంగా ఉంటుంది.,Anger
నేను ప్రతి నెలా ఎంత అద్దె కడుతున్నానో చూస్తే చాలా బాధగా ఉంటుంది.,Sadness
"వాళ్ళు చేస్తున్న వాటి గురించి నాకు నిజంగా  ఆందోళనగా, దిగులుగా ఉంది.",Fear
బీహార్లో జరిగే పరీక్షలకు అధికారికంగా పనిచేయడం అంటే గుండె గట్టిగా  కొట్టుకుంటుంది. అక్కడ  విద్యార్థులు ఎలా ప్రవర్తిస్తారో చెప్పలేము.,Fear
"అబ్బా! నొప్పిగా ఉంది. నేను కాలు మీద డంబెల్స్ వేసుకున్నాను, నొప్పి పెడుతోంది. కాలు ఎత్తలేకపోతున్నాను.",Sadness
"మా అబ్బాయి గురించి టీచర్ల అభిప్రాయాలు తెలిసి, రాబోయే పేరెంట్ టీచర్ మీటింగ్ అంటే నాకు కొంచెం భయమేస్తోంది.",Fear
మీరు క్లీనింగ్కి వాడే పదార్ధాలు ఎంతవరకు పని చేస్తాయో నాకు అంతగా తెలియదు.,Fear
ఒక వేసవి రోజున నా ఫ్రిజ్ ఓ తేనెటీగల గుంపు కంటే గట్టిగా శబ్దం చెయ్యడం విని నా చెవులను నేనే నమ్మలేకపోయాను.,Surprise
మహమ్మారిది ఇంకొక వేవ్ వస్తోందనుకున్నాను. పొరపాటు పడి భయపడ్డానా?,Surprise
"దాని చిక్కటి డిజైన్, ఇంకా దానికి చేయవలసిన మార్పుల వల్ల  మీరు ఎంచుకున్నకేక్కి  అదనంగా ఖర్చు అవుతుంది, సారీ.  అసౌకర్యమైతే క్షమించండి.",Sadness
మ్యాచ్ తర్వాత జరిగిన ఒక ఇంటర్వ్యూలో ఫుట్బాల్ జట్టు కోచ్ అవతలి జట్టు ఆటగాడి గురించి అవమానకరంగా మాట్లాడడంతో నాకు అతని మీద గౌరవం పోయింది.,Disgust
ఆరోగ్య కేంద్రం బిల్లు చూడగానే నాకు చిరాకేసింది ఎందుకంటే వాళ్ళు బీమా అంగీకరించరని నాకు ముందుగా చెప్పలేదు.,Anger
"అద్దె ఇంట్లో ప్రతి ఉదయం అద్భుతమైన పర్వతాల దృశ్యాన్ని చూస్తూ, లేవాలనే ఆలోచన సరిగ్గా నేను కలలుగన్నదే.",Happiness
"నేను ఈ ఆదివారం ఒక మైలు ఈత కొట్టి, ఆ తర్వాత పది దోసెలు తిన్నాను. వచ్చే వారం మళ్ళీ ఇలా చేస్తే భలే ఉంటుందనుకుంటాను.",Happiness
ఎనిమిది సీట్ల చిన్న విమానంలో మా హ్యాండ్ బ్యాగేజీని కూడా తీసుకెళ్లనివ్వలేదని షాకయ్యాను!,Surprise
అద్దె ధరలోనే అన్ని సౌకర్యాలు కలిపి  ఉండటం చూసి సంతోషమేసింది. అది నిజంగా అద్భుతమనిపించింది!,Surprise
ఛీ! నేను మార్కెట్లో కుళ్ళుతున్న ఆ పండ్ల జోలికి పోను.,Disgust
క్రూయిజ్లో మా క్యాబిన్ కోసం ఆ క్రూయిజ్ కంపనీ అధికారులు మా దగ్గర ఎక్కువ డబ్బులు వసూలు చేశారని తెలిసి నేను వాళ్ళ మీద కోపంతో అరిచాను.,Anger
"క్యాబినెట్ల కోసం పార్టికల్ బోర్డ్ వాడడం నాకు నచ్చదు. అది ఏం నప్పదు, నేను కావలసిన్నట్టు సున్నితంగా, సొగసుగా ఉండదు.",Disgust
చెన్నై నుండి ఢిల్లీకి రైలు టిక్కెట్లను బుక్ చేసుకోడానికి ఎన్నో ఎంపికలు ఉన్నాయని రైల్వే బుకింగ్ క్లర్క్ చెప్తే విని సంతోషమనిపించింది.,Happiness
"నాకు ఏమాత్రం పని చేయాలని అనిపించక, ఎందుకు అలా  చేస్తున్నానో తెలియకుండా నిశ్శబ్దంగా గోడల వైపు చూస్తూ కూర్చునే రోజులు ఉన్నాయి.",Sadness
టాక్స్ రిటర్న్ విషయంలో పొరపాటు చేస్తే ఏం జరగవచ్చో నాకు తెలిసుండ లేదు.,Fear
రాత్రి నిద్ర సరిగా పోకపోవడంతో రోజంతా చిరాగ్గా ఉన్నావు.,Anger
మా సమస్యను తీర్చడానికి ఇబి కార్మికులు చాలా డబ్బు కావాలని అడగడంతో మేం వాళ్ళతో వాదానికి దిగాము.,Anger
ఒక ప్రయాణీకుడు తన టికెట్కి డబ్బులివ్వడానికి ఒప్పుకోకపోవడంతో బస్సు ఆగిపోయింది. నేను సమయానికి ఆఫీసుకు చేరవలసి ఉండటంతో నాకు మండిపోయింది.,Anger
వాళ్ళు తప్పుడు వస్తువు డెలివరీ చేసారని ఆ ప్యాకేజీని తిరిగి ఇవ్వాల్సి వస్తే చాలా నిరుత్సాహం అనిపిస్తుంది.,Sadness
క్వార్టర్లీ రిపోర్టింగ్ సీజన్ దగ్గర పడుతున్నప్పుడు కంపెనీ ఆర్థిక పరిస్థితి గురించి నాకేం చెప్పకపోతే నాకు విసుగొస్తుంది.,Anger
అయ్యో! నాకు స్కూల్కి బస్సులో వెళ్ళటం ఇష్టం లేదమ్మా. పిల్లలందరూ నన్ను ఎగతాళి చేస్తారు.,Fear
రోడ్డు వేసేటప్పుడు పనివాళ్ళందరూ కలిసి పాడుకుంటూ ఉండారు.,Happiness
"ఈ కౌన్సెలింగ్ సెషన్లు నా ఆందోళనను ఇంత బాగా తగ్గించాయంటే నమ్మలేకపోతున్నాను. మొదట సందేహించాను, కానీ నా భుజాల మీది నుండి బరువు తీసేసినట్లుంది.",Surprise
తన విలువైన సాఫ్ట్ స్కిల్స్  ప్రదర్శించడంలో ఆ ఉద్యోగి ఆత్మ విశ్వాసాన్ని చూస్తుంటే ముచ్చటేస్తోంది. అద్భుతం!,Happiness
ఈ రోజు రెస్టారెంట్లో భోజనం రుచి దారుణంగా ఉంది. సాధారణంగా మేము అక్కడ ఎప్పుడూ తినేదానిలా లేదు.,Disgust
"మీ షాప్ క్లర్క్ నాకు ఎక్స్ఛేంజ్ పాలసీ ఉందని హామీ ఇచ్చాడు, కాబట్టి మీరు నా మాట నమ్మకపోతే, నేను ఇప్పుడే స్టోర్ మేనేజర్ని కలవాలి.",Anger
"ఆసుపత్రి చేసిన ఈ గందరగోళం వల్ల, నా బీమాను రద్దు చేయవచ్చని బీమా కంపెనీ ప్రతినిధి నాకు చెప్పారు.",Fear
నేను పనిచేయక పోయినా నా పెట్టుబడుల వల్ల నాకు మంచి ఆదాయం వస్తోంది.,Happiness
వేలాది మంది బీదవాళ్ళను మోసం చేసి వాళ్ళ డబ్బుతో పారిపోయిన ఒక  స్టాక్ బ్రోకర్ని కలిసినప్పుడు నాకు అసహ్యమేసింది.,Disgust
"ఇలా పన్ను ఆదా చేసుకోవచ్చనుకున్నాను, కానీ ఇప్పుడింక అనవసరం.",Sadness
నన్ను మాట్లాడనిస్తావా?,Anger
తన టీమ్లో అర్హత ఉన్న ఒక సభ్యుడికి ప్రొమోషన్ ఇప్పించలేకపోయానని అతనికి నిస్సహాయంగా అనిపించింది.,Sadness
మూల తిరిగే ముందు ఇండికేటర్ ఎందుకు వెయ్యలేదు? కనీసం అద్దంలో చూసి ఉండాల్సింది.,Anger
"స్విట్జర్లాండ్ ట్రిప్లో గైడ్ మాతో చాలా మొరటుగా ప్రవర్తించింది, దాంతో ఆమె మీద చాలా కోపమొచ్చింది.",Anger
అదనంగా ఆ పాఠాలు తీసుకోడం ఎంత మంచి ఆలోచనయ్యింది! ఇప్పుడు  డ్రైవింగ్ లైసెన్స్ పరీక్ష అంటే భయం తగ్గిపోయింది.,Happiness
బ్యాట్స్మ్యాన్ కొట్టిన సిక్స్ ప్రేక్షకులలో ఒక చిన్న పాపకు చాలా దగ్గరగా పడినప్పుడు నాకు గుండె ఆగినంత పనయింది.,Surprise
"బయాలజీ క్లాసులో జంతువులను డీసెక్ట్  చేస్తుంటే నాకు వళ్ళు జలదరిస్తుంది, నేను చూడలేను.",Disgust
ర్యాంప్ మీద నడిచేటప్పుడు తట్టుకొని పడిపోయాను. మోకాలు బాగా నొప్పి పెడుతోంది.,Sadness
"వాళ్ళ స్నేహితులు, బంధువులేవరో కంపెనీ బోర్డు సభ్యులు బయటపెట్టలేదంటే నేను నమ్మలేక పోతున్నాను.",Disgust
అయితే అంతలోనే ఓ పెద్దామె రావడంతో నా సీటు ఇచ్చెయ్యాల్సి వచ్చింది.,Sadness
రసం నిండిన పెద్ద పుచ్చకాయ ముక్కను కొరికి తింటున్నపుడు ఎంత  సంతృప్తిగా ఉంటుందో.,Happiness
ఒక్క అడుగు తప్పుగా వేసానంటే ఈ కొండచివరి మీద నుంచి పడి చచ్చిపోతానేమో.,Fear
"సిగ్నల్ దగ్గర తనను కట్ చేసి, లైట్ ఎరుపులోకి మారే లోపు తనను వెళ్లకుండా ఆపిన కారు డ్రైవర్ మీద ఆటో డ్రైవర్ అరిచాడు.",Anger
ఆ పువ్వు చాలా వికారంగా ఉంది. ఎవరైనా దాన్నెందుకు కొంటారు?,Disgust
నీకు నువ్వే సహాయం చేసుకోడానికి సిద్ధంగా లేకపోతే నేను నీకు సహాయం చేయగలనని అనుకోను.,Disgust
"ఈవెంట్ థీమ్ గురించి ఈవెంట్ మేనేజర్ కొత్తగా ఆలోచించటం నాకు భలే నచ్చింది, అది వేదికను ఎంత అందమైన  ప్రదేశంగా మార్చేసిందో.",Happiness
"ఫైనాన్స్ డిపార్ట్మెంట్ చురుకుగా లేనట్టుంది. మీకు యాక్సెస్ ఇవ్వమని నేను వాళ్లకి మూడు సార్లు చెప్పాను, కానీ వాళ్ళు ఇప్పటిదాకా చేయలేదు.",Disgust
అభ్యర్థి తన జీతం గురించి ప్రస్తావించే వరకు అతను నేను అనుకున్న దానికంటే ఉన్నత స్థాయి కోసం ప్రయత్నిస్తున్నారని  నాకు తెలియలేదు.,Surprise
డెలివరీ చేస్తున్నపుడు కొరియర్ ఆ ప్యాకేజీని పోగొడతారేమో అని చాలా ఆందోళనగా ఉండింది.,Fear
పుస్తకాల గురించి చాలా బాగా తెలిసిన పుస్తకాలు అమ్మేవాడు ఒకడు దొరికాడు. చూడటానికి బాగా చదువుకున్నవాడిలా ఉన్నాడు. నాకు చాలా ఆనందం వేసింది.,Happiness
"లేడీ ఇన్స్ట్రక్టర్తో నేర్చుకోవడం అంత బాగా ఉంటుందని అసలు అనుకోలేదు, కానీ ఆమెకు చాలా ఓపిక, మంచి పరిజ్ఞానం ఉంది.",Surprise
"నేను సినిమా ఆడిషన్ మొదలు పెడుతుండగానే, కాస్టింగ్ డైరెక్టర్ నన్ను వెంటనే వెళ్లిపొమ్మని చెప్పినప్పుడు నాకు బాధగా అనిపించింది.",Sadness
"ఆ క్లయింట్ను మేనేజ్ చేయడానికి మా టీం పెద్దగా ప్రయత్నించకపోవడం బాధేస్తుంది, అది ముందు ముందు పెద్ద ఇబ్బంది సృష్టించొచ్చు.",Sadness
భారతదేశంలో రిజర్వేషన్ల గురించి ఎవరైనా మాట్లాడినప్పుడల్లా నాకు తిక్క రేగుతుంది.,Anger
"బెంగుళూరులో ఆఫీస్ అవర్సులో   ట్రాఫిక్ పరిస్థితి ఘొరంగా ఉంటుంది. ఆ రద్దీగా ఉన్నరోడ్లపై గంటల తరబడి ఇరుక్కుపోవడం అంటే, అమ్మో! భరించలేం.",Disgust
రిటైర్డ్ ఆటగాళ్లను వేరే క్రికెట్ లీగ్లలో ఆడకుండా ఆపాలని బీసీసీఐ తీసుకున్న నిర్ణయంతో అసహ్యమేసింది.,Disgust
"నా హోటల్ గదిలో మంచి భోజనం చెయ్యొచ్చు అనుకున్నాను, కానీ రూమ్ సర్వీస్ వాళ్ళు పలకడం లేదు, దాంతో నీరసం వస్తోంది.",Sadness
ఈ కిండిల్ వేలాది పుస్తకాలను స్టోర్ చేయగలదు. నమ్మలేనట్టుంది!,Surprise
"ఇంత త్వరగా మనకు ఈ టేబులును  ఇస్తారని అనుకోలేదు, ముఖ్యంగా ఈ రాత్రి రెస్టారెంట్లో రద్దీ చూసి.",Surprise
నా కారును వాష్ చేసిన తీరు అస్సలు తృప్తిగా లేదు.,Sadness
"దయచేసి క్షమించండి! నేను మీకు చేయగలిగిన సహాయం ఇంకేదైనా ఉందంటే, మొహమాటపడకుండా అడగండి.",Sadness
నా ఫ్రెండ్స్ను నా ఆటోమొబైల్ ఎక్స్పర్ట్ దగ్గరకి పంపించినప్పుడు నిశ్చింతగా ఉంటాను ఎందుకంటే అతడు వాళ్ళ అవసరాలు తప్పకుండా తీరుస్తాడు.,Happiness
పోయినసారి వేసవి చాలా సరదాగా గడిచింది. నాకు ఇష్టమైన వీడియో గేమ్లన్నీ మళ్లీ ఆడాను.,Happiness
కొన్ని అవసరమైన డాక్యుమెంట్లు లేకపోవటంతో మా అమ్మాయి పేరిట ఖాతా తెరవడం కష్టమైనప్పుడు నాకు దిగులుగా అనిపించింది.,Sadness
ఆ నటుడు తన ఆడిషన్ పూర్తి చేసేసరికి దర్శకుడు నచ్చలేదన్నట్టు చూసాడనిపించింది.,Disgust
"నా మతి పోతుందేమోనని భయమేస్తుంది, లేకపోతే నువ్వు  మాట్లాడేటప్పుడు నేను ఎందుకు శ్రద్ధ పెట్టి వినను చెప్పు?",Fear
అయ్యో! బుకింగ్ క్లర్క్ టికెట్టును మర్నాటికి వాయిదా వేయడం మర్చిపోయాడు. రేపు ఎలా వెళతాను?,Surprise
"తన కుటుంబం కోల్పోవడంతో, అతని గుండె తరుక్కుపోయింది, జీవితం శూన్యంగా మారింది.",Sadness
"మీరు వాళ్ళ సంగీతం, డాన్స్ పాఠాలను సీరియస్గా తీస్కోరని స్పష్టం అవుతోంది.",Anger
ఆర్థిక సంక్షోభం వలన ఏర్పడగల ప్రభావం గురించి నాలో భయం పెరిగిపోతోంది.,Fear
మీరు సంపాదించిన రకరకాల కళాఖండాలు నాకు నిజంగా ఎంతో నచ్చాయి.,Happiness
"జీవితంలో నేను చూస్కోనే విషయాలు చాలానే ఉన్నాయి, పైగా నీ డ్రామాలు అక్కర్లేదు.  ఎప్పుడూ డ్రామాలు చేసే  అలవాటు ఆపేయ్.",Anger
"అమెరికా, ఐరోపాలో మార్కెట్ మీద అభిప్రాయాలు అనుకూలంగా లేకపోవటంతో నాకు కొంచెం భయంగా ఉంది.",Fear
నా క్రిప్టోకరెన్సీ పోర్ట్ఫోలియో విపరీతంగా పెరిగి నాకు పరమానందం కలిగించింది.,Happiness
"కారు స్టీరియో సిస్టమ్లో ఉన్న సవివరమైన సూచనలను చూసి ఆశ్చర్యం, ఆనందం అనిపించింది.",Surprise
పాత్రలు కూడా శుభ్రం చేసినందుకు థ్యాంక్స్ అక్కా. నీ సహాయం లేకపోతే నేనేం చేసేదాన్నో.,Happiness
చాలా థాంక్స్ డాక్టర్. ఇప్పుడు చాలా నయంగా అనిపిస్తోంది. మీ సహాయం నాకు ఎంతో ఉపయోగ పడింది.,Happiness
మీరు ఊహించుకున్న నగ కోసం మీరు కావాలనుకున్న అరుదైన మెటీరియల్ దొరకితే బాగుండేదని మేము నిజంగా అనుకున్నాం కానీ అది ఎక్కడా దొరకడంలేదు.,Sadness
"సరే, మీకు అది స్పష్టమయిందా చూస్కోండి. దీని కోసం ఇంకోసారి నా సమయం, డబ్బు వృధా చేయదలచుకోలేదు.",Fear
"అమృత్సర్కి వెళ్లే చివరి రైలు వెళ్లిపోయిందా? నాకు రేపు మీటింగ్ ఉంది, దానికి ఎలా వెళ్ళగలను?",Fear
"పర్వతాలలో భయంకరమైన వాతావరణం, ఇలాంటి రోడ్డు పరిస్థితులతో కూడా బస్సు ప్రయాణం ఎంత సజావుగా సాగిందో. నేను నివ్వెరపోయాను!",Surprise
"నువ్వు కట్టిన ప్రహరిగోడ ఒక వైపుకు వరుగుతోంది.  ఇది పూర్తిగా ఫేలయింది, నా డబ్బు వృధా, ఇంకా మేస్త్రిగా నువ్వేంటో చెబుతోంది.",Anger
కొంతమంది మరీ చెత్తగా ఉంటారు. గాయకుడు బాగా పాడటం లేదని అతడి మీద టమోటాలు విసిరారు.,Disgust
సమయానికి క్లాస్లో జాయిన్ అవకపోతే మేడమ్ నన్ను మళ్లీ తిడతారు.,Fear
మీరు నాకు నాసిరకం వస్తువు ఇస్తారనుకోలేదు.,Anger
"నైట్క్లబ్లో ఆ యువకుడు చాలా తాగేసాక, అతడికి డ్రింక్ ఇవ్వకపోయేసరికి కోపంతో ఊగిపోయాడు.",Anger
"గోవాలోని లోకల్ మ్యూజిక్ సీన్ ఎంత ఉత్సాహంగా, ఉల్లాసంగా ఉంటుందో చూస్తేకానీ నమ్మలేరు.",Surprise
గత ఇరవై ఏళ్ళలో నా రియల్ ఎస్టేట్ ఆస్తి విలువ చెప్పుకోగలిగినంత పెరిగిందని సంతోషంగా ఉంది.,Happiness
"నేను కష్టపడి చదివాను, కానీ పరీక్షల్లో అంత బాగా స్కోర్ చెయ్యలేకపోయాను.",Sadness
"కొంతమంది పీహెచ్డీ గైడ్లు తమ విద్యార్థులతో ప్రవర్తించే తీరు, వాళ్ళను తమ సొంత డిసెర్టేషన్ టాపిక్స్ ఎంచుకోనివ్వకపోవడం చూస్తే అసహ్యమేస్తుంది.",Disgust
అద్భుతం! ఈ ఈవెంట్కి ఎక్కువ మంది ఆటగాళ్లను పిలవరు. నువ్వు నిజంగా మంచి ఆటగాడివై ఉండాలి!,Surprise
చెన్నైలోని కాలేజీ బస్సు డ్రైవర్లు రోడ్డు మీద ఇతరులని పట్టించుకోకుండా డ్రైవ్ చేయడం చూస్తే అసహ్యం వేస్తుంది. వాళ్ళకి మన జీవితాల గురించి ఎలాంటి శ్రద్ధ లేదనిపిస్తుంది.,Disgust
మా కొత్త ప్రాజెక్టుకు నిధులు సమకూర్చుకోలేకపోవడం దురదృష్టకరం.,Sadness
స్కూల్ తర్వాత నాకు నచ్చిన యూనివర్సిటీలో సీటు రాదేమోనని దిగులుగా ఉంది.,Fear
ఏఐ నా ప్రశ్నలకు నిర్దిష్ట సమాధానాలు ఇవ్వడం చూసి నా మతి పోయింది.,Surprise
"టోర్నమెంట్లలో కొంతమంది టెన్నిస్ ఆటగాళ్ళు బాల్ కొట్టిన ప్రతిసారీ గట్టిగా మూలగడం తప్పు, అది పోటీదారుల దృష్టి మళ్ళిస్తుంది.",Disgust
ఈ లెబనీస్ వంటకంలో కమ్మటి రుచులు ఒక దానికి ఒకటి ఎంత బాగా సరిపోయో అని నాకు భలే ఆశ్చర్యమనిపించింది.,Happiness
ఈ బ్యాట్  చాలా నాసిరకంగా ఉంది. కాస్త మంచి బ్యాట్ ఏదీ లేదా మీ దగ్గర ఇక్కడ?,Anger
స్టేజి మీద తన కర్ణాటక సంగీత కచేరిలో ఆమె తన పూర్తి స్వర స్థాయిలో పాడేసరికి నేను ఆ బిడ్డవైపు  ఆశ్చర్యంగా చూశాను.,Happiness
కొత్త పాఠశాలలో కొత్త సంవత్సరం అంటే కొంచెం భయంగా ఉంది.,Fear
గ్రామాల్లోని పేద ప్రజలను మోసం చేసి ఆ ధనవంతులైన వడ్డీ వ్యాపారులు మరింత ధనవంతులయ్యారు.,Disgust
"అమెరికా రాజకీయ నాయకులలో ఒకరు, జాతీయ గీతాన్ని పాడలేదని, అమెరికా మహిళా సాకర్ జట్టు మీద విరుచుకుపడ్డారు.",Anger
హాంకాంగ్లోని చేపల మార్కెట్ లో నడుస్తూ ఉంటె ఆ దుర్వాసనను నేను భరించలేను.,Disgust
సీనియర్ సిటిజన్లకు ప్రభుత్వం ఎఫ్డి వడ్డీ రేట్లను పెంచిందని విన్నాక వయసు మీద పడిన మా అమ్మానాన్నలు చాలా సంతోష పడ్డారు.,Happiness
కుటుంబాలు నడిపే వ్యాపారాలు మూసెయ్యడానికి నేను కారణం కావచ్చనే మీ ఆలోచన నాకు అసహ్యమేస్తుంది.,Disgust
ఆ భయంకరమైన లెక్కల టీచరు గదిలోకి రాగానే క్లాసు మొత్తం నిశ్శబ్దం అయిపొయింది.,Fear
ఎప్పుడూ నన్నే తిడతావు కానీ అనఘను తిట్టవెందుకు?,Sadness
"నేను చేరుకోవల్సిన చోటుకి స్లీపర్ బస్సులో ప్రయాణం చేసి చాలా ఆనందించాను, రాత్రంతా విశాలమైన బెడ్డు మీద మంచి నిద్ర తీసాను.",Happiness
"శాస్త్రీయ పరిశోధనను పట్టించుకోకుండా, పేరు కోసం తప్పుదోవ పట్టించే కథనాలను ప్రచారం చేయాలనుకుంటున్నారంటే, మీరు నైపుణ్యానికి అసలు విలువిస్తారా అని నాకు అనుమానం వస్తోంది.",Disgust
వాళ్ళ కష్టాన్ని గుర్తించకపోతే నా టీమ్ సభ్యులు వెళ్లిపోతారని నాకు దిగులుగా ఉంది.,Fear
"నేను స్టూడెంట్ కౌన్సిల్తో మాట్లాడేటప్పుడు నాకు మద్దతు ఇవ్వలేకపోతే, నువ్వు నోరు మూసుకోవచ్చు.",Anger
గెలవడం కోసం అథ్లెట్లు డ్రగ్స్ వాడటం చూస్తుంటే రోత పుడుతుంది.,Disgust
ఈ సంవత్సరం వేరే వేరే స్కీంలతో చాలా పన్ను డబ్బు ఆదా చేస్కున్నాను.,Happiness
"నేను ముందుగానే డబ్బులు కట్టేసినా, అది వాళ్ళకి అందలేదని ఇప్పుడు నాకు చెప్తున్నారు! ఇదేం బాలేదు. ఈ కొరియర్ కంపెనీ వాళ్ళ పనేం నాకు నచ్చలేదు.",Anger
"ఈ మధ్య నా పట్ల నీ ప్రవర్తన ఒప్పుకునేలా లేదు, అది నాకు నచ్చట్లేదు.",Anger
మా పక్కింటి వాళ్ళకు చిన్న చిన్న ఫుడ్ స్టాల్స్ దగ్గర తినడం వల్ల ఇకోలీ సోకింది. దాంతో ఇప్పుడు బయట ఏదైనా తినాలంటేనే నాకు భయమేస్తుంది.,Fear
మీకు పాడైపోయిన ఆహారం అమ్మిన దుకాణం మీద నాకు పిచ్చి కోపంగా ఉంది.,Anger
ఆ పండు తినకు. అది విషం.,Fear
పక్కనే ఉన్న బేకరీలో పొరలు పొరలుగా ఉండే ఈ క్రోయిసెంట్ అమృతంలా ఉంటుంది.,Happiness
అయ్యబాబోయ్! మా కుటుంబం ఇరవై అయిదు వేల సంవత్సరాల కిందట సైబీరియాలోని మాల్టా బాయ్ నుండి వస్తున్నదని జన్యు పరీక్షల నుండి తెలుసుకున్నప్పుడు ఆశ్చర్యమనిపించింది.,Surprise
ఆప్తులను కోల్పోయిన బాధలో ఓదార్పు దొరకడానికి  కష్టపడుతున్నాను.,Sadness
"అద్భుతం! చివరి ఓవర్లో యువరాజ్ వరుసగా మూడు సిక్సర్లు కొట్టాడు, మా జట్టు గెలిచింది.",Surprise
ఖచ్చితంగా! మీ పార్టీ థీమ్కి సరిపోయేలా కేక్ డిజైన్ ఎలా మార్చాలో మాట్లాడుకుందాం.,Happiness
"మొదటిసారి కొనేవాళ్ళకి ఇచ్చే డిస్కౌంట్లు చూసి నాకు సంతోషం, ఆశ్చర్యం అనిపిస్తున్నాయి.",Surprise
"స్పైడర్ మ్యాన్ సినిమా నేపథ్య సంగీతం ఎంత బాగుందంటే, నా ముఖంపై  చిరునవ్వు వెలిగింది.",Happiness
ప్రపంచంలో అన్నిటికంటే ఇది ఎత్తైన బిల్డింగ్ అని చెప్పారు. చాలా బాగుంది!,Surprise
"అబ్బా, మీరు షెడ్యూల్ గురించి మళ్ళీ అడుగుతున్నారంటే  నమ్మలేకపోతున్నాను!",Disgust
ఈ బొటానికల్ గార్డెన్లో వృక్ష జాతుల వైవిధ్యం చూస్తే ఆశ్చర్యమనిపిస్తోంది!,Surprise
కొత్తగా వస్తున్న మార్కెట్ల పరిస్థితి చూస్తుంటే నాకు భయం మొదలవుతోంది.,Fear
"అబ్బో, ఈ అద్దె ఇంట్లో స్మార్ట్ హోమ్ ఫీచర్లు నేను అనుకున్న దాన్ని మించి ఉన్నాయి. చప్పట్లు కొట్టి, లైట్లు ఆన్ చేయటం భలే ఆశ్చర్యంగా ఉంది!",Surprise
"ఈ చెత్త డబ్బాలో దుర్వాసన వచ్చే   కుళ్ళిపోతున్న ఆహారం ఉంది, యాక్ !",Disgust
"మా వారికి రేపటికి కంటి ఆపరేషను ఉంది, కానీ మాకది చేయించుకునే తాహతు లేదు.",Sadness
సూపర్వైజర్ క్లయింట్ ఆఫీసులో ఫిర్యాదులను పరిష్కరించడమే కాకుండా ఆఫీసును జిల్లాలోనే ఉత్తమంగా చేసి ఊహించని విధంగా పరిస్థితిని మార్చారు.,Surprise
ఆఫ్ఘనిస్తాన్లో తాలిబాన్ విజయంతో మహిళలకు వారి భవిష్యత్తు గురించి చాలా అశాంతి కలిగింది.,Fear
జాతీయ జట్టుకు ఎంపిక కోసం కీలక క్రీడాధికారులతో జనం ఎలా నక్క వినయాలు నటిస్తారో చూసి అసహ్యం వేసింది.,Disgust
గమ్యస్థానానికి చేరుకున్న తర్వాత ఎక్కువ డబ్బు డిమాండ్ చేసే ఇక్కడి టాక్సీ డ్రైవర్ల ప్రవర్తన పూర్తిగా అనుచితమైనది.,Disgust
ఆగస్టులో నా బీమా పాలసీ యాన్యుటీ వచ్చినప్పుడు నాకు గాల్లో తేలుతున్నట్టు ఉంటుంది.,Happiness
"దెబ్బలు తగులుతాయని భయపడుతున్నావు, అందుకే నువ్వు నీ శక్తికి తగ్గట్టు ఆడట్లేదు.",Fear
"నాకు ఎత్తైన ప్రదేశాలంటే భయం. నేలకు పై ఎత్తులో ఉన్నప్పుడు నా కాళ్ళు వణుకుతాయి, నోరు ఎండిపోతుంది.",Fear
"అది వింటే చాలా బాగుంది! ప్రత్యేకంగా ఒక సౌకర్యవంతమైన సోఫా, ఇంకా ఒక స్టడీ డైనింగ్ టేబుల్ కోసం వెతుకుతున్నాను.",Happiness
పాత కాలం నాటి ఈ విలువైన కుర్చీలను అమ్మటం నాకు చాలా దిగులుగా ఉంది.,Fear
విక్రమ్! ఈ రోజు స్టేజి మీద చాలా దైర్యంగా మాట్లాడావు!,Surprise
"బాబూ,  అప్పు కోసం నా వ్యవసాయ భూమిని తాకట్టు పెట్టాను, కానీ సమయానికి తిరిగి కట్టలేకపోయాను. రేపు బ్యాంకు అధికారులు మన భూమిని స్వాధీనం చేసుకుంటారు.",Sadness
"హే షెఫాలీ, ఆ మూలన నిలబడినతను గంటసేపటి నుంచి నావైపే చూస్తూ ఉన్నాడు.",Fear
"ఈ సినిమా నేను ఒర్చుకోలేనంత తీవ్రంగా  ఉంటుందేమోనని, దాన్ని తట్టుకోలేనేమోనని భయపడుతున్నాను.",Fear
"విఫలమౌతున్న ప్రాజెక్ట్తో నాయకత్వం చేతులు కడిగేస్కుందని, సహాయం చేయడం లేదని నన్ను అపనిందల పాలు చేస్తున్నారు.",Disgust
ఆరోగ్య కేంద్రం నుండి డిశ్చార్జ్ అయిన తర్వాత ప్రతిదీ నేనే చేసుకోవాల్సి వస్తుందని తెలిసి దిగులుగా ఉంది.,Sadness
ఆహా! బ్రస్సెల్స్లోని స్ట్రీట్ ఆర్ట్ ఉత్సాహకరమైన రంగులను అద్ది నన్ను మంచి మూడ్లోకి  తీసుకెళుతుంది.,Happiness
నీ మీద కోపంగా ఉంది ఎందుకంటే నువ్వు నాకు ఎదురొచ్చి నా మొబైల్ ఫోన్ పడేసేట్టు చేసావు.,Anger
"ఒక చిన్న ప్రమాదం వల్ల ప్రయాణం చేయలేకపోయాను, కాబట్టి నా టికెట్టును రేపటికి వాయిదా వేయాలి. కాస్త నాకు సహాయం చెయ్యండి సార్.",Sadness
"ఇబ్బందులు లేని హోమ్ సర్వీస్ అనుభవం ఆశిస్తూ ఉండాను, దాంతో ఈ పరిస్థితి నాకోక చేదు అనుభవం అయింది.",Disgust
"నేను రూమ్ సర్వీస్ కోసం కాల్ చేస్తే, అది ఐదు నిమిషాల్లో వస్తుందని చెప్పడంతో ఆశ్చర్యమనిపించింది. అంత పెద్ద హోటల్కు అది గొప్ప వేగం!",Surprise
రెడిమేడ్ ఫర్నిచర్ కొనే అవకాశం ఉందంటే నిజంగా థ్రిల్గా అనిపిస్తోంది.,Surprise
పిచ్చి పిల్లా. రాకెట్ గట్టిగా పట్టుకో. నేనేం నేర్పానో గుర్తుచేస్కో.,Anger
"విమానం భయంకరమైన అల్లకల్లోలానికి గురైనప్పుడు హ్యాండ్ రెస్టుని గట్టిగా పట్టుకున్నాను, చెమటలు పట్టటం మొదలయ్యింది.",Fear
"అరెరే! క్లియరెన్స్ సేల్లో డిస్కౌంట్లు ఇప్పుడు అయిపోయాయి. తెరుస్తారని అనుకున్నాను, ఇప్పుడు ఇది బాధే.",Sadness
ఈ కేక్ అసలు విలువ కంటే నేను ఒక్క పైసా కూడా ఎక్కువ ఇవ్వను! ఆ విషయం గుర్తుంచుకోండి!,Anger
మా తరాన్ని అర్థం చేసుకోని తండ్రులలో మీరు ఒకరు.,Disgust
కంపెనీ లీడర్షిప్కు ప్రెజెంటేషన్ ఇవ్వవలసినప్పుడు తన టీం నాసిరకం ప్రాజెక్ట్ రిపోర్ట్ తయారు చేసి ఇచ్చినప్పుడు మేనేజర్కి పట్టరాని కోపం వచ్చింది.,Anger
ఇంకో మూడు గంటల వరకు ఫ్లైట్ టేకాఫ్ కాదు. ఇంజన్లో ఏదో సమస్య ఉంది.,Sadness
నా అపాయింట్మెంట్ కోసం ఇంకో వారం ఉండాలంటే నమ్మలేను. ఇది అస్సలు ఒప్పుకోగలిగేది కాదు.,Anger
"భారతీయులు కంబోడియా, వియత్నాం లేదా ఇండోనేషియాకు వెళితే మన డబ్బుకు విలువ పెరుగుతుందని ఈ మధ్యే తెలిసింది.",Happiness
"బరువులు ఎత్తడం నాకు చాలా ఆత్మవిశ్వాసాన్ని, సంతృప్తినిస్తుంది. నాకది చేయడం ఎంత ఇష్టమో.",Happiness
ఈ ఇంటర్నెట్ కనెక్షన్ ఎంత నెమ్మదిగా ఉందో నమ్మగలవా? నాకు పిచ్చెక్కిస్తోంది!,Anger
నా కస్టమర్కి కొరియర్లో పంపిన ఒక ప్రత్యేక బహుమతి ఆమెకు   చేరనేలేదని విని నిరాశ అనిపించింది.,Sadness
"మా విషయాలు నిజాయితీగా చెప్పినప్పటికీ, జడ్జ్ చాలా పాయింట్లను ఒప్పుకోలేదు. మా విషయానికి వచ్చేసరికి చిరచిరలాడే మనిషి పాల పడడం మా దురదృష్టమే.",Disgust
"చదువుకునేందుకు వీలుగా ఉండే వాతావరణాన్ని సృష్టించటానికి మాకు చేతనైనంత చేస్తాం, కానీ అది ఎప్పుడూ ఖచ్చితంగా కుదరదు.",Sadness
తోటమాలి మా కాంపౌండును పచ్చటి ప్రదేశంగా మార్చినప్పుడు ఆనందమనిపించింది.,Happiness
"అధికారులు, వారి నిర్ణయాల మీద ఆటగాళ్లకు గౌరవం లేకపోవడం అమర్యాదగా ఉంటుంది.",Disgust
"అబ్బో, పీవీ సింధు రెండువేల ఇరవై ఒలింపిక్స్లో కాంస్య పతకం గెలుచుకుంది.",Surprise
పనికొచ్చే పని ఏమీ చేయకుండా నిరసన తెలుపుతూ తమ జీవితాన్ని గడిపే వాతావరణ కార్యకర్తలను చూస్తే నాకు చిరాకొస్తుంది.,Anger
"ఈ సంగీతం మరీ విషాదంగా ఉండి, బాధాకలిగే జ్ఞాపకాలను తట్టి లేపుతుందని భయంగా ఉంది.",Fear
"నాకు వారసత్వంగా పెద్ద మొత్తం వచ్చింది, దాంతో భవిష్యత్తులో నాకు డబ్బు ఇబ్బందులు ఉండవు.",Happiness
"యాక్, బాల్ని మురుగు కాలువ లోంచి నేను తియ్యను. ఎంత కంపు కొడుతోందో.",Disgust
విదేశీ చెల్లింపులపై అధిక టిసిఎస్ కారణంగా నాకు తిక్క రేగుతోంది.,Anger
"నాకు బీచ్కి వెళ్ళటం ఇష్టం లేదు.  అక్కడందరు ఆడవాళ్ళూ, మగవాళ్ళూ అసలు బట్టలు వేస్కున్నట్టే ఉండరు.",Disgust
రోజూ ఇల్లంతా మురికి గిన్నెలు పేరుకుపోవడం చూసి చూసి విసుగొస్తోంది.,Disgust
ప్రాథమిక అత్యవసర నిధి లేని వాళ్ళు అంతమంది ఉండటం చూసి ఆశ్చర్యమనిపించింది.,Surprise
"మా అన్నదమ్ములు, అక్కచెల్లెళ్ళ మధ్య ఎప్పుడూ జరిగే గొడవలతో చాలా విసిగిపోయాను. మేం ఒక్కసారికైనా కలివిడిగా ఉండలేమా?",Anger
"మా ఆర్ట్ టీచర్ని చూస్తే చాలా భయమేస్తుంది. ఆయనను ఏదైనా ప్రశ్న అడిగినప్పుడల్లా,  తన చెక్క కర్రను బయటకు తీస్తాడు.",Fear
"మీకు సంగీతం, డాన్స్ నేర్చుకోవాలని నిజంగా ఉంటే, ఈ క్లాస్ మీకు ముఖ్యం కావాలి.",Anger
"కొన్ని అనుకోని ఆర్ధిక ఇబ్బందులు ఎదుర్కొంటున్నాం, ఫీజులో ఆలస్యానికి క్షమించండి.",Sadness
"నాగాలాండ్లోని అక్కడి డాన్సర్ల నేర్పు,  ఒయ్యారము మంత్రముగ్దులను చేస్తాయనుకో!",Surprise
"గవర్నమెంట్ స్కూల్లో బాత్రూంలు వాడాలంటే మురికిగా, అసహ్యంగా ఉంటాయి.",Disgust
ఆ రాజకీయ నాయకుడు చనిపోయాడని అతని గూండాలు వారిని ఒత్తిడి చేసినప్పుడు దుకాణదారులు భయంతో షట్టర్లు కిందికి దించేసారు.,Fear
ఛ! సిలిండర్ ధరలు అదే పనిగా పెరుగుతున్నాయి. ఈసారి   సముచితమైన బిల్లు వస్తుందనుకున్నా. ఇదంతా చూస్తుంటే ఈమధ్య మనసు పాడైపోతోంది.,Sadness
నేను ఆర్డర్ చేసిన కొత్త కేక్కి ఇంత  ప్రత్యేకమైన అద్భుత రుచి ఉంటుందనుకోలేదు .,Surprise
ఆకాశంలో చంద్రయాన్ రాకెట్ దూసుకుని వెళ్ళటం చూసినప్పుడు నేను ఉత్సాహం పట్టలేకపోయాను.,Happiness
నా కొత్త ఇంటి కోసం తీసుకున్న ఈ తీగల నాణ్యతను చూసి భలే ఆశ్చర్యమనిపించింది. ఇంత వ్యత్యాసం ఉంటుందని అనుకోలేదు!,Surprise
ఈ నొప్పి గురించి నాకు నిజంగా భయంగా ఉంది. ఇదేదైనా సీరియస్ విషయమా?,Fear
ఈ దుకాణం ఎప్పుడూ అవే పాటలను మళ్లీ మళ్లీ ప్లే చేయడం చూస్తే నాకు చిరాకేస్తుంది.,Anger
మళ్లీ ర్యాంప్ మీద నడవాలకోను. పోయినసారి దారుణంగా పడ్డాను.,Fear
"ఇదేంటి! ఓ గంట కిందట  ఫుడ్ ఆర్డర్ చేసాను, ఇక్కడ ఆకలితో మాడుతున్నాను. ఎంత వరకొచ్చిందో కనుక్కుందామని కాల్ చేస్తే, మీ సిబ్బంది ఏదీ వివరంగా చెప్పకుండా అది దారిలో ఉందన్నారు. ఒక హోటల్ తన అతిథులతో ఇలా ప్రవర్తించకూడదు.",Anger
"కళ గురించి మీకున్న సంకుచిత దృష్టి ఈ కళాఖండాల వెనుక ఉన్న ఊహా శక్తి, కొత్త మార్పులను గుర్తించనీయట్లేదు.",Disgust
ముంబైలో జరిగిన ఒక హత్యపై ఆ రాజకీయ నాయకుడు మతపరమైన మెలిక పెట్టినప్పుడు నాకు అసహ్యం వేసింది.,Disgust
ఏదో చిన్న విషయంలో పక్కింటి వాళ్ళు నన్ను అవమానించారని మా వాళ్ళకు కోపమొచ్చింది.,Sadness
"నా జీవితంలోకి గొప్ప ఆనందం, సంతోషం తీసుకొస్తావు. నువ్వు నాకు దొరకటం నా అదృష్టం అనుకుంటాను.",Happiness
"బ్రేక్డౌన్లు తగ్గి, ప్రయాణం సజావుగా, భద్రంగా సాగేందుకు బస్సు సర్వీస్ చర్యలు తీసుకుందని తెలిసినప్పుడు సంతోషమనిపించింది.",Happiness
"నా కోసం సినిమా టిక్కెట్లు కొనడానికి నీ మీద ఆధారపడటం దండగ, అందుకే ఈ సినిమాకి నేనొక్కదాన్నే వెళ్ళబోతున్నాను.",Disgust
అనవసరమైన బ్యాంకు ఫీజుల కోసం ఎంత డబ్బు వృధా అవుతోందో చూసి ఆశ్చర్యమేస్తోంది.,Surprise
"ఆలోచిస్తే, నా పట్ల నీ చౌకబారు ప్రవర్తనతో నాకు ఆశ్చర్యం కంటే చిరాకు ఎక్కువగా ఉంది.",Anger
ఈ రోజు నా స్టూడెంట్లలో ఒకరు  లింక్డ్ఇన్లో నా గురించి ప్రస్తావించేసరికి నేను ఆనందంతో గాలిలో తెలిపోయాను.,Happiness
"మీ కస్టమర్ సర్వీస్ నాకు కాల్ చేసిన ప్రతిసారీ, నా బ్యాంక్ ఎకౌంటు  భద్రతా సమస్యల గురించి సాయం చేయకుండా కొత్త స్కీమ్ను అంటగట్టాలని చూస్తే నాకు బిపి పెరిగిపోయేది.",Anger
"ఆన్లైన్ క్లాసులు గొప్పగా ఉన్నాయి. నా ల్యాప్టాప్ ఆన్ చేసి, మీటింగ్లో జాయిన్ అయ్యి, మళ్ళీ నిద్రలోకెళ్ళిపోవచ్చు.",Happiness
క్రెడిట్ కార్డ్ కంపెనీలు వసూలు చేసే అధిక ఛార్జీలు గురించి నాకు చాలా కోపమొస్తుంది.,Anger
జీవిత సమస్యలను ఎదుర్కోవటానికి కౌన్సెలింగ్ నాకు సహాయపడకపోతే నేనెలా కోలుకుంటానోనని నాకు దిగులు పట్టుకుంది.,Fear
ఒక నాటికి కేబుల్ టీవీ బదులు స్ట్రీమింగ్ యాప్లు వస్తాయని నేను అసలు అనుకోలేదు.,Surprise
బ్రేకులు పనిచేయట్లేదు. ఇప్పుడు నేనేం చేయాలి?,Fear
"మా గ్యాలరీ కోసం ప్రత్యేకమైన, విలువైన వస్తువులను సేకరించడానికి మార్కెట్ ఊహించలేని విధంగా, గొప్ప సవాలుగా మారింది.",Fear
"అన్నిటికంటే పెద్ద బుక్ షాపులో ""కౌంట్ ఆఫ్ మోంటే క్రిస్టో"" పూర్తి నిడివి ఉన్న పుస్తకం దొరకలేదని నాకు అసంతృప్తిగా ఉండింది.",Sadness
మధ్య యుగాలలో తోకచుక్కలు ప్లేగు వంటి ప్రకృతి వైపరీత్యాలతో ముడిపడి ఉన్నాయని తెలుసుకున్నప్పుడు నాకు ఏదో బాధేసింది.,Sadness
"దొంగలు దాడి చేస్తే, నాకు సహాయం చేయడానికి కూడా అవకాశం లేని మారుమూల గదిలో ఉండటం నాకు చాలా ఆందోళన కలిగించింది.",Fear
క్లయింట్ ఆఫీసులలో క్లీనింగ్ షెడ్యూళ్లకు తగ్గట్టు క్లీనింగ్ టీంలో  సరిపోయేంత మంది లేరు. అదే నాకు ఆందోళనగా ఉంది.,Fear
భారతదేశంలోని వివిధ ప్రాంతాలలో జరుగుతున్న విషయాల వలన జనం బాధపడుతూండటం నాకు సంతృప్తిగా అనిపించలేదు.,Sadness
"కౌన్సెలింగ్ ప్రక్రియతో నాకు కొత్త విషయాలు తెలిసాయి, వాటితో నా జీవితంలో ప్రశాంతత వచ్చింది.",Happiness
నా మాడ్యులర్ కిచన్  కోసం ఆ వడ్రంగి బోలెడు డిజైన్ ఎంపికలు చూపించినప్పుడు నాకు చాలా సంతోషమేసింది. అవన్నీ సరిగ్గా నేను కావాలనుకున్నట్టే ఉన్నాయి!,Happiness
"నా భార్య ఇండియాలో దిగి, వాళ్ళ నాన్నకి ఒక ఆపరేషన్ అయి, చనిపోయాడని ఎయిర్పోర్ట్లోనే తెలుసుకున్నప్పుడు దుఖం ఆపుకోలేకపోయింది.",Sadness
ఎప్పుడూ వాడకపోతే నీకు క్రెడిట్ కార్డ్ ఎందుకు ఉంది?,Disgust
కొన్ని అందమైన దృశ్యాలను చూడగలిగే కొత్త 'అమృతర్ ఎక్స్ప్రెస్' టిక్కెట్లు బుకింగ్ చేస్కోవటంలో మీకు గైడెన్స్ ఇవ్వడం సంతోషంగా ఉంది.,Happiness
"శ్రమ అనేది సమస్య కాదు, కానీ  తట్టుకోలేని వేడి, అలసటను భరిస్తూ ఆ పొలాలలో వంగి గంటలు గంటలు పనిచేయాలంటే నాకు చాలా విరక్తి వస్తోంది.",Disgust
ఎముకల డాక్టరు ఇచ్చే అలోపతి మందులకి విపరీతమైన దుష్ప్రభావాలు ఉంటాయి.,Fear
"ఏం చేస్తాం, మాలో ఉన్నతి కరువైంది, దానివల్ల ఇప్పుడు మేం మార్కెట్లో పోటీదారులకి అలుసైపోయాం.",Sadness
"ఒక ఆహార విమర్శకుడిగా నాకు ఆ భోజనం రుచిగా అనిపించలేదు. అది మాడిపోయి, రుచిగా లేకుండింది.",Disgust
"నేను ఒక చిన్న మార్పును అడిగాను, పూర్తి బ్యాంకు ఖాతాను ఖాళీచేసేయమని కాదు! నిజంగా పిచ్చి కోపం వస్తోంది.",Anger
"ధృవ్, పిచ్చి పనులు చేయడం మానేసి, క్లాసు మీద దృష్టి పెట్టు!",Anger
"దగ్గరలోని కొన్ని యూకలిప్టస్ చెట్ల కారణంగా మేము నాటిన పండ్ల చెట్లు చచ్చిపోయినప్పుడు నేను, మా తోటమాలి బాధపడ్డాం.",Sadness
కౌన్సెలింగ్ జరుగుతున్నప్పుడు నా కష్టాల గురించి మాట్లాడుతుంటే నాకు ఆవేశం వస్తుంది. దాంతో నా కోపం పెరిగిపోతుంది.,Anger
"దారిలో చెత్త కుప్పను చూసి ఆ పర్యాటకులు వెంటనే వెనక్కు తిరిగి ముక్కు, నోరు కప్పుకున్నారు.",Disgust
వయసు మీద పడుతున్న మా అమ్మానాన్నలను చూసుకునే స్థోమత నాకు లేదని చాలా బాధనిపిస్తుంది.,Sadness
అమెరికాలోని రిసార్ట్లో మేం బుక్ చేసుకున్న బస ఆన్లైన్ ఫోటోలలో ఉన్నట్టు లేదని ఉత్సాహమంతా మాయమైంది.,Sadness
ఈ సినిమాలో నా నటనకు థియేటర్లో ప్రేక్షకులు గట్టిగా చప్పట్లు కొట్టటంతో అచ్చమైన ఆనందం వేసింది.,Happiness
"నా బ్యాగేజీ ఫ్లైట్లో లోడ్ చెయ్యనందుకు ఎయిర్లైన్ మీద కేసు వేయబోతున్నాను, ఇప్పుడవి కనిపించట్లేదు .",Anger
"మేము దివాలా తీసి, పై వారం మా కంపెనీ మూసేస్తున్నామని నా గుండె పగిలిపోతోంది.",Sadness
"ఈ నిర్ణయం మన కంపెనీని   దెబ్బతీయటం, జనాలని పనిలోంచి తీసేయడం నాకు బాధగా ఉంది.",Sadness
సార్! నేను బెంగుళూరు నుండి చెన్నైకి టికెట్ బుక్ చేయమంటే మీరు బెంగళూరు నుండి పూణేకి బుక్ చేసారు. స్పృహలోనే ఉన్నారా?,Anger
"నిన్న చెన్నైలో నేను వెళ్లిన అన్ని షాపులలో, నాకు ఇష్టమైన ఇజోడ్  టీ షర్టు దొరకకపోవటం చాలా బాధగా ఉంది.",Sadness
ఈ పెద్ద వరద భూ చరిత్రలో చాలాసార్లు వచ్చి ఉండవచ్చనే ఆలోచనను ప్రజలు కొట్టిపారేశారు. అది చూసి నాకు బాధేసింది.,Sadness
తీవ్రమైన అలెర్జీ ప్రతిచర్యలు కలిగించే సింథటిక్ బట్టలంటే నాకు భయం.,Fear
"ఉండండి, నేను చేసిన పనికి సరైన వెల వస్తోందా అని మాత్రమే చూసుకోవాలనుకుంటున్నాను.",Disgust
నా జీవిత లక్ష్యానికి దారి చూపే ఆశాకిరణం కోసం ఆరాటపడుతున్నాను.,Sadness
"ఎయిర్ ఇండియా విమానాలలో పాలసీలు అప్డేట్ చేశారు, కాబట్టి మీరు రీఫండ్ చేస్కోలేరు, ఇది చాలా నీచం.",Sadness
సంవత్సరాల తరబడి కష్టబడి  తెచ్చుకున్న పేరును ఆ కంపెనీ ఒక్క నిమిషంలో ఈ ఆర్ధిక మోసాల వల్ల పోగొట్టుకుంటుందని భయంగా ఉండింది.,Fear
"మరీ మొదటి నుండి చివరి వరకు విఫలమైన ఈవెంట్ని, చెత్తగా నిర్వహించిన సంస్థని అందరు పొగుడుతుంటే వికారం అనిపించింది.",Disgust
ఎలాంటి కనబడని ఛార్జీలు లేకుండా అద్దె ఇంటిని వెతికి పెట్టడానికి తీసుకునే బ్రోకరేజ్ ఫీజులు స్పష్టంగా చూపించటం సుఖంగా ఉంది.,Happiness
నేను మ్యాచ్ చూద్దామనుకున్నాను కానీ వేరే పనుల్లో చిక్కుకు పోయాను.,Sadness
నీకు ఒంటరిగా ఉండటం ఇష్టం కాబట్టి నీకు మనుషుల మధ్య సంబంధాలు ముఖ్యమని నాకు తెలియలేదు.,Surprise
"మీ షుగర్ స్థాయి మరీ తక్కువ ఉంది, మీ రక్తపోటు కూడా పెరుగుతోంది.",Fear
మేం స్నేహితులనుకునేవాళ్ళు మమ్మల్ని వదిలేసి ట్రిప్కు వెళ్ళినప్పుడు మాకు ఒంటరిగా అనిపించింది.,Sadness
మా పక్కింటాయన ఎప్పుడూ టాక్స్లు ఫైల్ చెయ్యడు కానీ మా వీధిలో అందరికి దాని గురించి గొప్పలు కొట్టుకుంటాడు. ఎంత రోత మనిషో.,Disgust
"జీబ్రా క్రాసింగ్ దగ్గర నడిచి వెళ్తున్న ఒకతణ్ణి  దాటనివ్వడానికి ఆగానని, ఎవరో హారన్ కొట్టేసరికి బాధేసింది.",Sadness
"ఇన్నాళ్ళు ఎదురుచూసిన తర్వాత ఎట్టకేలకు నా వాటర్ ఫిల్టర్ కోసం, స్పేర్ వాటర్ ఫిల్టర్లు వచ్చినందుకు సంతోషం.",Happiness
ఈ పరికరం ఎక్కడి నుండైనా ఇంటర్నెట్కు కనెక్ట్ అవగలదని నేను అసలు అనుకోలేదు.,Surprise
ఈ కేసులో ఓడిపోతే నాశనమైపోతాను.,Fear
"చెన్నై నుంచి దుబాయ్ వెళ్లాల్సిన విమానం ఆలస్యం కావడం నాకెంత ఇబ్బంది అయ్యిందో, దానివల్ల నేను వాషింగ్టన్కు వెళ్ళే కనెక్టింగ్ ఫ్లైట్ మిస్ అయ్యాను.",Sadness
"అరే, నేను ఏ రంగు అడిగానో నీకు గుర్తులేదా? నాకు ఇదెందుకు తెస్తున్నావు?",Anger
"రోలర్ కోస్టర్, వాటర్ రైడ్లలో ఏది ఎంచుకోవాలో నాకు వదిలేయండి, నా కోసం మీరు నిర్ణయించలేరు.",Anger
చాలా మంది ఎముకల డాక్టర్లు నన్ను మోసం చేశారు.,Anger
మార్కెట్ పడిపోయినప్పుడు అందరం చాలా డబ్బు పోగొట్టుకున్నాం కాబట్టి ఈ ఆఫీసులో ఉన్న వాళ్ళెవరికీ మనసు బాలేదు.,Sadness
"ఒకరోజు ఓ విద్యార్థి చేతితో ముక్కు శుభ్రం చేస్కొని,  తర్వాత దాన్ని ఆన్సర్ షీట్ మీద తుడవడం చూశాను.",Disgust
వేడికి వైర్లు కరిగిపోవడంతో సిటీలో కరెంటు ఆపేసారని విని షాకయ్యాను!,Surprise
తను డబ్బులు చెల్లించిన సరుకు సమయానికి రాకపోయేసరికి ఆ వినియోగదారుడి మొహం ఎర్రగా మారింది.,Anger
కష్టమైన ఈ సమయాల్లో నా మనసులో మాట చెప్పుకోడానికి నాకు ఎవరూ లేరు.,Sadness
ఉత్పత్తి ఎక్కువకాలంగా పని చేసిన తీరుతో నన్ను ఆకట్టుకుంది.,Surprise
ఏషియన్ గేమ్స్లో భారత్కి క్వాలిఫై కావడానికి అడ్డంకులను దాటిన ఈ అథ్లెట్లను చూస్తే నాకు గర్వంగా ఉంది,Happiness
"సంవత్సరాల తరబడి పరిపాలనా బృందం వెండర్లకు అనుకూలంగా ఉంటూ, అందుకు బదులుగా డబ్బు తీసుకుంటోందని తెలిసి  నాకు కోపం వచ్చింది.",Anger
"నాకు వీపీ చాలా నచ్చుతారు ఎందుకంటే, నా కారు పాడైనప్పుడల్లా ఆయన ఓ మంచి మెకానిక్ను వెతికిపెడతారు.",Happiness
"ఒక నెల ఆలస్యంగా ప్రారంభించామని ఆలోచిస్తే, మేం అనుకున్నదాని కంటే ముందే పూర్తి చేస్తాం అనుకోలేదు.",Surprise
"మా అబ్బాయి సంగీత కచేరీలకు నేను  ఎన్నడూ వేళ్ళలేకపోయాను, అందుకని ఈ సారి నేను సరిగ్గా సమయానికి వెళ్లి పూర్తి కార్యక్రమాన్ని చూసేసరికి అతను ఎంతో ఆశ్చర్యపోయాడు.",Surprise
"మామూలు సర్వీసులను మాత్రమే అందించి, ఈవెంట్ను ప్రత్యేకమైనదిగా చేసే వివరాల్లోకి వెళ్ళని ఈవెంట్ మేనేజర్లను కలవాలంటే నాకిష్టముండదు.",Disgust
అంతరిక్ష పరిశోధనలో ఈ మధ్య సాధించిన అన్ని సాంకేతిక పురోగతుల గురించి తెలుసుకుని ఆశ్చర్యపోయాను.,Surprise
శుభ్రం చెయ్యటానికి వచ్చినవాళ్ళు సున్నితమైన వస్తువులను శుభ్రం చేయడంలో పొరపాటు చేసి క్లయింట్ కార్యాలయంలో వాటిని పాడుచేస్తారని భయపడ్డాను.,Fear
నేను హోటల్లో ఆర్డర్ చేసిన భోజనం నాకు చాలా నచ్చింది. రుచిగా ఉండింది!,Happiness
"నేను బయలుదేరే తేదీ దగ్గర పడుతుంటే నాకు నీరసం వచ్చినట్టు అయింది, నా తర్వాత నా బాధ్యతలు తీస్కోవడానికి ఒకళ్ళని సూచించారు.",Sadness
సినిమాలో ఆ యువకుడిని మతోన్మాదులు క్రూరంగా కాల్చి చంపడం చూస్తుంటే నా కళ్లలో నీళ్లు తిరిగాయి.,Sadness
"ఒక స్పామర్ పంపిన యాప్ను పొరపాటున క్లిక్ చేసి, ఆ తర్వాత ఒక అరగంట పాటు నాకు గాభరా పుట్టింది.",Fear
మా డ్రైవ్ వేలో కన్స్ట్రక్షన్ సామాన్లను పడేసినందుకు ఆ దుకాణం వాళ్లతో గొడవ పడ్డాను.,Anger
నేను సంస్థలో నుంచి వచ్చేసిన తర్వాత నా టీం తలా ఒక వైపుకు చెల్లాచెదురవడం చూసి నాకు బాధనిపించింది.,Sadness
కాంపౌండ్ గోడ ఇంత త్వరగా తయారైపోతుందని నేను అనుకోలేదు.  ఇది మాయలా ఉంది! ఇది ఒక మాంత్రిక మేస్త్రీ చేసిన అద్భుతమైన మేస్త్రీ పని.,Surprise
"నా భార్య పార్టీ కోసం తయారయ్యి, అలా లోపలికి వచ్చినప్పుడు, ఆమె అందాన్ని కళ్ళప్పగించి చూస్తుండిపోయాను.",Surprise
బుజం తడుముకోవడం ఆపి నేను చెప్తున్నది విను!,Anger
వైద్య ఖర్చులకు నాకు ఇప్పుడే  తిరిగి చెల్లింపు వచ్చింది.,Happiness
ఫ్రిజ్ బాగా ఉండటానికి కష్టపడుతున్నట్టు అనిపించేలా అది ఎడతెగకుండా శబ్దం చేస్తూంటే విని బాధగా ఉంటుంది.,Sadness
"మా అన్నదమ్ములు, అక్కచెల్లెళ్ళతో  సమయం గడపడం నాకు చాలా ఇష్టం. మేం కలిస్తే ఎప్పుడూ చాలా సరదాగా ఉంటుంది.",Happiness
సెంట్రల్ బ్యాంక్ వడ్డీ రేటు నిర్ణయం చుట్టూ ఉన్న అనిశ్చితి నాకు కొంత గుబులు కలిగిస్తోంది.,Fear
చాలా మంది ఇప్పుడు మానసిక ఆరోగ్యాన్ని మరింత సీరియస్గా తీసుకుంటున్నందుకు ఆనందంగా ఉంది.,Happiness
మీ పిల్లలను ఇలానే పెంచుతున్నారా? వాళ్ళను ఏదైనా ప్రశ్న అడిగినప్పుడల్లా నా మీద ఎదురు తిరిగి అరుస్తారు.,Anger
"ఈ ప్రదర్శనలు, ముఖ్యంగా పురాతన నాగరికతలకు సంబంధించినవి, మనోహరంగా, ఆలోచింపజేసేవిగా ఉంటాయి.",Surprise
బ్లేడు వాడొద్దు. నా చర్మం తెగొచ్చు.,Fear
"మేం ఆ పాత కోటలోకి వెళ్లి, అనేక యుద్ధాలలో ఆ గోడల లోపల ప్రాణాలు కోల్పోయిన వాళ్ళు గుర్తొచ్చి దుఃఖం ఆపుకోలేకపోయాం.",Sadness
"ఆకాశం ఉరుములు, మెరుపులతో నిండిపోయినప్పుడు మా అబ్బాయి భయంతో వణికిపోయాడు.",Fear
"లాకర్ ఆపరేట్ చేద్దామని బ్యాంకుకి  వెళితే, ఓ గంట పాటు  ఎవరూ నాకు సహాయం చేయడానికి ఆత్రుతపడలేదు. నాకు చాలా బాధేసింది.",Sadness
"మ్యానేజిమెంటు రవిచంద్రన్ అశ్విన్ను జట్టులో చేర్చకపోవటంతో గవాస్కర్ తీవ్రంగా నిరాశపడి, దాన్ని నిస్సంశయంగా వ్యక్తపరిచారు.",Anger
అట్లాంటిక్ తుఫానులో ఒక ఓడలో నాకు ఎదురైన అనుభవం నాకు తల దిమ్మెక్కేలా చేసింది!,Surprise
నాకు వై ఫై కనెక్ట్ కానప్పుడు ఎంత షాకయ్యానో. ఈ మధ్య స్థిరమైన కనెక్షన్ ఉందని నమ్మకంతో దాని మీద ఆధారపడిపోతున్నాను.,Surprise
చెన్నైలోని ఎగ్మోర్ మ్యూజియంలో ఉండే ఆడియో గైడ్ నాణ్యత అంత బాలేదు.,Disgust
"నీటి గొట్టం వాడుకునేందుకు వీలయ్యేలా చేయ్యాల్సిన బాధ్యత మీది, కానీ ఇప్పుడు లీక్ వచ్చి ఇంకా చెడిపోయింది, అసలు మీరు  నిజంగా మేస్త్రీయేనా?",Anger
అది భలే అద్భుతంగా ఉంది!,Surprise
"చెన్నైలోని స్థానిక వంటకాలు అంటే వంటల్లో అడ్వెంచరే, నాకు ఇంకా ఇంకా కావాలనిపిస్తుంది.",Happiness
అబ్బో! అది చాలా చక్కని డ్రాయింగ్ సుందరా! బాగా గీసావు.,Surprise
మేము చూడాలనుకున్న స్థానిక సంప్రదాయం అనుకున్న సమయానికి జరగలేదని అసంతృప్తిగా ఉంది.,Sadness
ముప్పై అయిదేళ్ళ తరువాత నాకు బాగా దగ్గరైన స్కూల్ మేట్లను కలుస్తానని అనుకుంటేనే ఆనందంతో ఉక్కిరిబిక్కిరి అవుతున్నాను.,Happiness
"నా మొదటి బెడ్రూమ్ను ఊడ్చుకొని వెళ్ళిన తర్వాత దొంగలను గమనించాను, కాని వాళ్ళ దగ్గర ఇంత పెద్ద కత్తులుండినాయి, వాటితో నన్ను చంపుతామని బెదిరించారు.",Fear
డ్రైవరు బ్రేకులు పని చెయ్యట్లేదంటున్నాడు. దేనికో ఢీకొట్ట బోతున్నాం అనుకుంటా.,Fear
"ఈ సాస్లో తీపి, పులుపులు సమపాళ్ళలో ఉండటం వలన ఇది అద్భుతంగా ఉంది.",Happiness
నా పర్సు ఇంట్లో వదిలేసి వచ్చాను. నేను మళ్ళీ ఇంటికెళ్ళి రావాలి.,Sadness
"నేను ఇంటర్నెట్తో సమస్య గురించి చెప్పగానే ఎప్పుడూ ఎవరో ఒకళ్ళు ఖచ్చితంగా వెంటనే వస్తామని చెప్తారు, కొన్ని రోజుల తరువాత వరకు ఎప్పుడూ రారు.",Disgust
"మా క్లయింట్ తన టీమ్ శ్రేయస్సు  పట్టించుకోకుండా ఆరు  నెలల పాటు వారానికి ఏడు రోజులూ పని చేయమని వాళ్ళని ఆదేశించినప్పుడు, ఆమె మీద నాకు విపరీతమైన కోపం వచ్చింది.",Anger
"డ్రైవింగ్ స్కూల్ ఇంకొన్ని లెసన్లు తీసుకోమన్నప్పటికీ, మురికిగా ఉండే డ్రైవింగ్ సిమ్యులేటర్ వాడాలంటే అసహ్యమనిపించింది.",Disgust
మా కొత్త ఇంట్లో గొప్ప నాణ్యమైన వినోదం ఎంజాయ్ చెయ్యటానికి ఒక కొత్త శామ్సంగ్ టీవీ కొనాలనే ఐడియాతో నాకు భలే ఉత్సాహంగా ఉంది.,Happiness
నాకు క్లాస్ లో ఒక కాన్సెప్ట్ అర్థం కాకపోతే కొంచెం ఆందోళనగా ఉంటుంది.,Fear
నేను అమ్మవలసిన వాటికి మించి అమ్మినందుకు ఉద్యోగంలో బోనస్ వచ్చాక నాకు కొండెక్కినంత సంబరంగా ఉంది.,Happiness
వ్యవసాయ కూలీలు ఆరుబయట భోంచేయడం చూడటానికి ఘోరంగా ఉంది. వాళ్ళు విరామంలో సేదతీరడానికి వాళ్ళకి కనీసం ఒక నీడైనా అవసరం.,Sadness
మా ఈవెంట్లో ఈవెంట్ మేనేజర్ ముందస్తు జాగ్రత్తలను పట్టించుకోలేదని నాకు కోపం వచ్చింది. అతనికి మేము ఏమైనా పట్టదనిపించింది!,Anger
బాత్రూంలో టైల్సన్నీ వంకరగా  టింకరగా ఉన్నాయంటే ఎలా నమ్మేది! నిన్ను మేస్త్రిగా పెట్టుకుంటే   ఇలా చేస్తావనుకోలేదు.  చిర్రెత్తుకొస్తోంది!,Anger
ఫ్రిజ్ చల్లబడకపోవడంతో నా ఆహార పదార్థాలన్నీ పాడైపోవడం చూసి చాలా బాధేస్తుంది.,Sadness
"ఈ వారాంతంలో రవిశంకర్ చెన్నైలో ప్రదర్శన ఇస్తున్నారు, నాకు ముందు వరుసలో సీట్లు దొరికాయి!",Happiness
కొన్ని కంపెనీలు వాళ్ళ ఉద్యోగుల మీద పడబోయే ప్రభావాన్ని పట్టించుకోకుండా పనులను ఆటోమేట్ చేయడానికి ఏఐ వాడుతున్నారని నాకు కోపమోస్తోంది.,Anger
"ఆరోగ్య కేంద్రంలో ఎవరయినా నన్ను చూడాలని తిప్పలు పడుతున్నాను, వాళ్ళకి నా ఆరోగ్య సమస్యలను పట్టవు అనిపిస్తోంది.",Sadness
"ఐదు రోజుల నుంచి ఆఫీసుకు ఎందుకు రాలేదు? నీ ఇష్టమొచ్చినప్పుడల్లా రావచ్చు, పోవచ్చు అనుకుంటున్నావా?",Anger
"పక్కనే ఉన్న నిర్మాణ స్థలం జనం సౌకర్యం గురించి పట్టించుకోకుండా, ఎప్పుడూ పెద్ద శబ్దాలను చేస్తూ ఉండడం అసహ్యమేస్తోంది.",Disgust
"మేము పండించిన విస్తారమైన పంట మా వ్యవసాయ కార్మిక బృందపు అంకితభావం, సమిష్టి కృషికి నిదర్శనం. దాని గురించి ఆలోచించినప్పుడు నేను ఏదో సాధించినట్టు అనిపిస్తుంది.",Happiness
"అబ్బో! దీని రుచి భలే బాగుంది, ఊహించలేదు. నాకిది ఎంత నచ్చిందో.",Surprise
మూసేసే టైంకి ఐదు నిమిషాల ముందు ఆ బ్యాంకు ఉద్యోగి నన్ను భౌతికంగా బ్యాంకు  బయటకు నెట్టేయడంతో నాకు దిమ్మతిరిగింది.,Surprise
వార్రే వా! ఇక్కడ ఇంత అద్భుతమైన కాఫీ ఇస్తారని అసలు అనుకోలేదు.,Surprise
ఒక రోబోట్ నిజంగా రూబిక్స్ క్యూబ్ను సాల్వ్ చేయగలదంటే నమ్మగలరా?,Surprise
భారత విదేశాంగ మంత్రి నోట్స్ లేకుండా కష్టమైన ప్రశ్నలను ఎదుర్కున్న తీరు చూసి నాకు ఆశ్చర్యమనిపించింది!,Surprise
కోచ్కు క్రీడాస్ఫూర్తి లేకపోవడం చాలా నిరుత్సాహం అనిపించేట్టు చేస్తోంది.,Disgust
"క్యాబ్ డ్రైవర్ నార్త్ చెన్నైకి వెళ్ళాలంటే అసహ్యించుకున్నాడు. అక్కడ రోతగా, రద్దీగా ఉంటుందని, ఆ ప్రాంతం నుండి తిరిగి వచ్చేటప్పుడు సరైన బేరం ఎప్పుడూ దొరకదని అతడి ఉద్దేశ్యం.",Disgust
మా శాశ్వత్ చాలా తెలివైన విద్యార్థి! అతను ఆల్ ఇండియా ఇంజనీరింగ్ ఎంట్రన్స్ ఎగ్జామ్లో చాలా మంచి ర్యాంక్తో పాసయ్యాడు.,Happiness
సర్కస్లో అక్రోబాట్ ప్రదర్శన భలే అద్భుతంగా ఉండింది!,Surprise
"నీకు విషయం గురించి అసలేం తెలియదు, అని ప్యానెల్ డిస్కషన్లో ఆ ప్యానేలిస్ట్ మరో ప్యానేలిస్ట్ని చూసి ఉరిమాడు, నువ్వు మాట్లాడే దానికి అర్థమే లేదు.",Anger
"అద్దింటి కోసం బ్రోకర్ అడిగే బ్రోకరేజ్ ఫీజులో మార్కెటింగ్, ప్రకటనల ఖర్చులు అన్నీ కలిపి ఉంటాయని నేను అస్సలు అనుకోలేదు.",Surprise
అద్భుతం! నీకు లిమిటెడ్ ఎడిషన్ ప్లాటినం క్రెడిట్ కార్డ్ ఉందని నాకు తెలియదు. చాలా కొద్ది మందికే దొరుకుతుందది.,Surprise
"మీరింత పెద్దవాళ్ళు, మీరింకా రోజూ పది కిలోమీటర్లు నడుస్తారా?",Surprise
ఆమె నన్ను కొట్టడానికి చేసిన ప్రయత్నంతో నేను వణికిపోతున్నాను.,Fear
"కొరియర్ సేవ నాణ్యత నాకు భలే నచ్చింది, డెలివరీ అతను చాలా మర్యాదగా ప్రొఫెషనల్గా ఉండారు.",Happiness
ఈ మహమ్మారిలో ఎంత మందో వాళ్లకు ఇష్టమైన వాళ్ళను పోగొట్టుకున్నారు.,Sadness
అన్ని గంటలు పనిచేసినప్పటికీ ఈ నెలలో పనిలో పురోగతి లేకపోవడం చూసి నేను నిరుత్సాహపడ్డాను.,Sadness
తన ఇయర్ఫోన్ మంటంటుకుందని ఓ కస్టమర్ చెప్పాడు. దీనికి మన మీద కోర్టులో కేసు వేస్తారేమో.,Fear
"ఆ షాపులో చెక్అవుట్ ప్రక్రియను మరింత సమర్ధవంతం చేసినప్పుడు, నేను సంతోషించాను, త్వరగా బయిటపడగలిగాను.",Happiness
"మామూలు సర్వీసింగ్ ఇంకాస్త చౌకగా ఉంటుందనుకున్నాను, కానీ మొత్తం ఖర్చు గురించి వినేసరికి కొంచెం దిగులుగా అనిపించింది.",Sadness
గ్యాస్ సిలిండర్కు అధిక మొత్తం వసూలు చేసి ఆ గ్యాస్ ఏజెన్సీ బీద వాళ్ళను మోసం చేస్తోందని తెలిసి నివ్వెరపోయాను.,Disgust
"జనాలు మోసం చేసి డబ్బు సంపాదించి, దొరికిపోయినప్పుడు, వారు చేసే చెత్త పనుల వల్ల బాధపడిన వాళ్ళ కుటుంబాలను చూస్తే నాకు జాలేస్తుంది.",Sadness
నేను ప్యారలెల్ పార్కింగ్ నేర్పును పెంపొందించుకోడానికి నాకు అదనపు పాఠాలు అవసరమని లేడీ ఇన్స్ట్రక్టర్ అన్నప్పుడు నేను కాస్త నిరాశగా అనిపించింది.,Sadness
"రేపటి నుండి నా ఉదయాలను న్యూస్ పేపర్తో మొదలుపెట్టాలని ఎంతగానో ఎదురుచూస్తున్నాను. ఇది ప్రతిరోజూ సమాచారం, ప్రేరణలు ఇస్తుంది.",Happiness
ఎల్జీబీటీక్యూ ప్లస్  హక్కులను వెనక్కి తీసుకోవడం చూస్తే చాలా కోపమొస్తోంది.,Anger
కాలేయం రుచి నాకస్సలు నచ్చదు.,Disgust
ఇక్కడకు వచ్చాక మీ దగ్గర పెద్ద వాహనాలకు ఏర్పాటు లేదని తెలియడం కోపం తెప్పిస్తోంది.,Anger
"ఆ ఐటెం నా టేబుల్ దగ్గరకొచ్చేసరికే, నాకు చాలా రోతపుట్టింది. ఆ చెడు వాసనతో ఒక్క ముద్ద కూడా నోట్లో పెట్టుకోలేకపోయాను.",Disgust
"నేను పూర్తి చేయాల్సిన స్టాకు గురించిన వ్రాతపని మొత్తం చూస్తుంటే, నేను పొరపాటు చేస్తానేమో అని భయంగా ఉంది!",Fear
"నా బాస్ నా ఆర్టికల్ ఎలా ఉందని చెప్తారోనని ఊపిరి బిగబట్టి ఎదురుచూసాను, కానీ నేనసలు ఊహించనప్పుడు దాని గురించి చెప్పారు.",Surprise
అన్ని దుకాణాలు నడిచి వెళ్ళేంత దూరంలో ఉన్నాయని నేను ఉండే చోటంటే నాకు చాలా ఇష్టం.,Happiness
"మూడు సార్లుగా నాకు కావలసినదేదీ మీ దగ్గర ఉండట్లేదు, రేపేమో ఆదివారం అని మూసేస్తారు.",Disgust
అది ఊహించనిదే కానీ ఉత్సాహమిచ్చే ఆలోచన! మేము అసలు సౌకర్యవంతమైన హోమ్ కార్ వాష్ సేవలు అందిస్తాము.,Surprise
"నాకు యూట్యూబ్లో యాభై వేల మందికి పైగా సబ్స్క్రైబర్లున్నారు. నేను వీడియోలు చేస్తూనే ఉంటే, ""యూట్యూబ్ సిల్వర్ ప్లే బటన్"" అవార్డు గెలుచుకుంటాననుకుంటా.",Happiness
ఫిలడెల్ఫియా డౌన్టౌన్లో పబ్లిక్ రెస్ట్రూమ్లను వాడేటప్పుడు దోపిడీ చేస్తారేమోనని కొంచెం భయంగా ఉంది.,Fear
నేను నీతో సరిగ్గా మాట్లాడటం లేదన్నంత మాత్రానికే నన్ను బోర్డింగ్ స్కూల్లో చేర్చవనుకుంటున్నా.,Fear
ఈ వీడియో గేమ్లో ఊహించని మలుపు ఉంది. దాన్ని పూర్తిచెయ్యకుండా ఆగలేను!,Surprise
"పొలాల్లో తగిన భోజన సౌకర్యాలు దొరకడం గురించి నాకు ఆందోళనగా ఉంది. సరైన పోషణ లేకుండా పనిచేయడం చాలా కష్టం, గత సంవత్సరం కొంతమంది కార్మికులు మూర్ఛపోయారు కూడా!",Fear
రైల్వే బుకింగ్ క్లర్క్ నా టికెట్ బుక్ చేస్తున్నప్పుడు నాతో మర్యాద లేకుండా ప్రవర్తించాడు. అందుకు  నాకు కోపం వచ్చింది.,Anger
"ఇది ఘోరంగా ఉంది! ఓ సంవత్సరం కిందట సంపాదించిన దాని కంటే తక్కువ సంపాదిస్తున్నాం, మన లక్ష్యాలకు ఏ మాత్రం దగ్గరగా లేము.",Disgust
నా ఎకౌంటును నా స్నేహితులతో పంచుకుంటున్నానని తెలిసి దాన్ని బ్లాక్ చేసారు.,Sadness
ఆ కుర్రాడు నా క్రెడిట్ కార్డుతో పారిపోయాడు. అంతకు ముందు నా పిన్ కూడా చూశాడు. నేను దాచుకున్న డబ్బులన్నీ పోగొట్టుకుంటాననుకుంటా.,Fear
"సందర్శకులు చరిత్ర పట్ల ఆసక్తి చూపడం, మ్యూజియంకు వచ్చి నేను  తవ్విన  కళాఖండాలను  చూస్తున్నప్పుడు  నాకు చాలా ఆనందం కలుగుతుంది.",Happiness
నిజంగా.. రైలు టికెట్ ఎలా బుక్ చేయాలో ఓపికగా చూపించారు ఆ రైల్వే బుకింగ్ క్లర్క్. ఆయన సహాయాన్ని మనసారా అభినందించాను.,Happiness
"ఆ జీమిడి జలగ నావైపుకి పాకుతోంది,    అది చూసి నేను వెనక్కి జరిగాను.",Disgust
సెంచరీ చేసిన తర్వాత ఓ క్రికెటర్ తన ప్రత్యర్థులతో అసభ్యంగా మాట్లాడటం నాకు అసహ్యమేసింది.,Disgust
"పోయిన వారం స్థానిక టోర్నమెంట్లో, ఫుట్బాల్ రిఫరీ తీసుకున్న పక్షపాత నిర్ణయాలతో నేను కోపం పట్టలేకపోయాను.",Anger
"ఆ గైడెడ్ టూర్ని ఒక పద్ధతిగా ఏర్పాటు చెయ్యలేదు, దాంతో మేము కొంత ముఖ్యమైన సమాచారాన్ని మిస్ అయ్యామని నిరుత్సాహంగా అనిపించింది.",Sadness
అమెరికా సెనేట్ ప్రధాని మోడీని సత్కరించినప్పుడు నేను సంతోషంతో పొంగిపోయాను.,Happiness
"బుడాపెస్ట్లోని ప్రతి మూలలో ఆ నగరపు గొప్ప చరిత్ర స్పష్టంగా కనిపిస్తుంది, అది నాకు ఉత్సాహంగా అనిపిస్తుంది.",Happiness
నా మైక్రోవేవ్ ఆర్డర్తో పాటు అందమైన బహుమతి అందుకోవడంతో ఆశ్చర్యమనిపించింది.,Surprise
"ఈ లెక్కల మధ్యలో, పన్ను కట్టేటప్పుడు మన జేబులకు సంతోషం కలిగించే వ్యూహం ఒకటి కనుక్కున్నాం!",Happiness
నాకు స్టాక్ మార్కెట్ గురించి పెద్దగా తెలియదని అనుకుంటున్నావంటే నాకు చిరాగ్గా ఉంది.,Anger
చాలా బాగుంది వివేక్! దీని గురించి నువ్వు ఇంతకు ముందే నేర్చుకున్నావా?,Surprise
విజయం కోసం మీకున్న ఆత్రుత ఈ కళారూపాల నిజమైన సారాన్ని కప్పేస్తోంది.,Disgust
"మీ ఆదాయం పెరుగుతూ, మీకు ఉజ్జ్వల ఆర్థిక భవిష్యత్తు సృష్టిస్తూ ఉండడం మాకు ఆనందంగా ఉంది!",Happiness
అబ్బే! ఆ సినిమాలో సన్నివేశాలు నాకు ఎంత ఇబ్బందిగా ఉన్నాయో.,Disgust
ప్రభుత్వం తీసుకున్న తప్పుడు విధాన నిర్ణయాల వల్ల ఆర్ధిక మాంద్యం ఏర్పడటంతో నాకు పట్టలేని కోపం వచ్చింది.,Anger
కళలకు మార్పు తేగల శక్తికి ఈ రోజు కళా మార్కెట్లో  గుర్తింపు తగ్గిపోవటం నిరాశగా ఉంది.,Sadness
"అక్కడ ఆ అబ్బాయిలతో మాట్లాడుతూ ఉండాను, కానీ వాళ్ళ ఊపిరి కంపు కొడుతూ ఉండింది. అప్పుడే ఉల్లిపాయలు తిన్నట్లు వాసనొచ్చింది.",Disgust
"ఆహార విమర్శకుడిగా, భోజనం తయారీ అద్భుతమనిపించింది, ఇది షెఫ్ యొక్క పాక నైపుణ్యాన్ని వెల్లడించింది. నాకు నచ్చింది.",Happiness
న్యూస్ పేపర్ అబ్బాయి పేపర్ను మొదటి అంతస్తు మీదికి సరిగ్గా  ఎలా విసురుతాడో చూసి ఆశ్చర్యపోయాను.,Surprise
నా పనికి సంస్థ మొత్తంలో నా తోటివాళ్లే కాకుండా లీడర్షిప్ నుండి కూడా గుర్తింపు అందిందని చాలా సంతోషంగా ఉంది.,Happiness
నేను పెట్టిన పెట్టుబడంతా పోవటంతో నేను నిజంగా నిరాశలో మునిగిపోయాను.,Sadness
"ఈ కంపెనీల్లో చాలా వరకు రిక్రూట్ చేస్కునేటప్పుడు వయస్సును పరిగణనలో తీసుకోమని గొప్పగా చెప్పుకుంటాయి కానీ నిజానికి, నలభై ఐదేళ్ళు దాటిన వాళ్ళనెవరినైనా కాదనడానికి చెప్పినదానికి విరుద్ధంగా చేస్తాయి.",Disgust
"వేరే బ్రాండ్ నుండి తక్కువ ధరకు ఇలాంటి టీవీనే వస్తుంటే, సోనీ కంపెనీ, వాళ్ళ టీవీ కోసం వసూలు చేసే మొత్తం చూసి నాకు అసహ్యం వేసింది.",Disgust
ఈ స్థలం యజమాని పోయిన సంవత్సరం మాస్టర్ షెఫ్ గెలిచారని నాకు తెలియదు!,Surprise
"వినియోగదారులు మా సిబ్బంది నైపుణ్యానికి పట్టించుకోకుండా, వారిని అదేపనిగా ప్రశ్నలు వేయడం ఏం బాగోలేదు. చాలా బాధేస్తుంది.",Sadness
టోక్యోలో చెర్రీ పువ్వులను చూసినప్పుడు  నాకు ఆనందం అనిపిస్తుంది.,Happiness
"ఎయిర్ ఇండియా ఫ్లైట్లో  పొంగిపొర్లుతున్న మురికి టాయిలెట్,  దాని పక్కనుండి వెళ్ళినప్పుడల్లా వికారం తెప్పించింది.",Disgust
"మన ఫుడ్ రావడంలో ఆలస్యం గురించి ఆదుర్దాగా ఉంది. దీనివల్ల దాని నాణ్యత తగ్గిపోవచ్చు, ఆ ఆహారం గురించి అది నా వ్యాసంలో రాస్తాను.",Fear
"మన ఉద్యోగిని నేరుగా వాళ్ళ పరిధిలోకి పంపితే, క్లయింట్ అతన్ని రిక్రూట్ చేసుకోవడానికి ప్రయత్నించే అవకాశం ఉంటుందని నా భయం.",Fear
"ఈ వంటకం రుచి చూసి ఎంత ఉస్సురనిపించిందో, అయితే ఇది నాకిష్టమైన వంటకం.",Sadness
"చీకటి గూభ్యమైన ఖాళీ స్టోర్ రూమ్ మరియు అందులో ఎవరిదో ఊపిరి పీల్చుకునే శబ్దం, ఒంటిమీద నా రోమాలు నిక్కపొడుచుకున్నాయి.",Fear
తుఫానులో చిక్కుకుంటానేమోననే ఆలోచనే నన్ను భయపెడుతుంది.,Fear
ఈ సువేజ్ ట్రీట్మెంట్ ప్లాంట్ కంపు  తట్టుకోలేకపోతున్నాను.,Disgust
రోజూ పొద్దున్నే ఫ్రిజ్ లోపల మంచు పొరలను గీకి తియ్యాల్సి రావటంతో  నీరసం వస్తోంది.,Sadness
ఈజిప్టు అమ్మాయి హిందీ పాట పాడి భారత ప్రధాన మంత్రి ఉత్సాహాన్ని పెంచింది.,Happiness
"ఆ ఆరోగ్య కేంద్రం ఇచ్చిన మందుల గడువు ముగిసినట్టుంది, అది భయమేసే విషయం.",Fear
మా కేక్ని రుచిగా చేసే రహస్య పదార్థానికి ముగ్ధులవడం,Surprise
మార్కెట్ క్షీణించడంతో రాబోయే కార్పొరేట్ ఆదాయాల సీజన్ గురించి నాకు ఆందోళనగా ఉంది.,Fear
"పోటీలో డ్యాన్స్ చేయడానికి, మా అమ్మాయికి డ్యాన్స్ స్కూల్ ఆర్థిక సాయం చేస్తుందని తెలిసి సంతోషిస్తున్నాను, అలాగే ఈ డ్యాన్స్ స్కూల్ పాల్గొనకపోతే, వచ్చే ఏడాది వాళ్ళను ఆహ్వానించరని అర్థమవుతోంది.",Happiness
లైఫ్స్టైల్లోని క్లియరెన్స్ కౌంటర్లో  పార్టీ దుస్తులపై డెబ్బై ఐదు శాతం తగ్గింపుతో ఇంత మంచి  బేరం దొరుకుతుందని నేను ఊహించలేదు.,Surprise
"మన జీవితాలను మరింత సులభంగా, మరింత ప్రయోజనకరంగా చేయడంలో, కృత్రిమ మేధస్సుకు గల శక్తి  గురించి ఎంతో సంతోషంగా ఉంది.",Happiness
"థాంక్యూ! నైపుణ్యం, వ్యక్తిగత శ్రద్ధ, ఖర్చుతో కూడుకున్నవని నేను అర్థం చేసుకోగలను.",Surprise
"మీ టోపీలను గట్టిగా పట్టుకోండి, ఎందుకంటే నేను చెప్పబోయేది మిమ్మల్ని తుఫానులా చుట్టేస్తుంది.",Surprise
ఈ వస్తువులను ఎంట్రన్స్ దగ్గర ఉంచడం మంచిదని ఎవరికి అనిపించింది? ఇవి దారికి అడ్డంగా ఉన్నాయి.,Disgust
"నా బంధువుకు సర్జరీ కోసం అర్జంటుగా ఏబీ నెగిటివ్ రక్తం అవసరం, అది ఉందో లేదో  అన్నదానికి ఎవరు సూటిగా సమాధానం చెప్పరు! ఇది జీవనమరణ విషయం అని తెలియదా వీళ్ళకి!",Anger
"వంటగది యొక్క కొత్త రూపం నేను అనుకున్న దానికంటే బాగుంది, ఆధునికంగా అలాగే హాయిగా ఉన్న వాతావరణాన్ని మెచ్చుకోకుండా ఉండలేను.",Happiness
"దోపిడీ దొంగలు ఆ చుట్టుపక్కల్లో అల్లర్లు రేపి, వాళ్ళ దుకాణాలను కొల్లగొట్టడంతో దుకాణదారులు మండిపడ్డారు.",Anger
"ఆ గుహలో ఒక లోతైన రంధ్రం ఉండింది, దాని గుండా రాళ్ళు, నీరు మరుగుతూ పైకి రావడంతో నా రోమాలు నిక్కపొడుచుకున్నాయి.",Fear
వారానికి రెండుసార్లు కొత్తగా మొదలైన  సూపర్ ఫాస్ట్ రైలు ఢిల్లీ చేరుకోవడానికి  సమయం సగానికి సగం మాత్రమే పడుతుందని గుమస్తా అన్నప్పుడు నాకు మతి పోయింది!,Surprise
తన మెయింటెనెన్స్ కట్టకుండా అపార్ట్మెంట్ కమిటీకి ఎన్నిక అవ్వాలనుకునే మా పక్కింటాయనను చూస్తే నాకు అసహ్యమేసింది.,Disgust
తమ చెత్తని మూడో ప్రపంచ దేశాలకు ఎగుమతి చేసిన తరువాత ప్రపంచాన్ని కలుషితం చేస్తున్నందుకు యూఎస్ వారిని ఎలా తప్పు పట్ట గలదు?,Disgust
ప్రాక్టీస్ క్లాస్ అయ్యేటప్పుడు మా అబ్బాయి వాళ్ళ డ్యాన్స్ టీచర్కు దురుసుగా జవాబివ్వడం చూసి షాకయ్యాను.,Surprise
ఈ షర్టు ఎంత బాగా కుదిరిందో. నేను ఇంకా అందంగా కనిపించేలా చేస్తుంది.,Happiness
"మా బాస్, ఇంకా ఆయన కుటుంబానికి మా వంట అతను రుచికరమైన భోజనం చేసేసరికి ఆనందంతో పొంగిపోయాను.",Happiness
ఉత్సాహం అంతా పోయింది. ఏవో ఫీజులుంటాయని నాకు తెలియదు.,Disgust
"ప్రయాణం మొత్తంలో విమానం భయంకరంగా ఊగిపోతూండడంతో నా సీటు ఆర్మ్రెస్ట్లను గట్టిగా పట్టుకున్నాను, నాకు ఒళ్ళంతా చెమటలు పట్టడం మొదలైంది.",Fear
"నేను ఉండటానికి ఒక అద్భుతమైన హోటల్ దొరికింది, అది చూడవలసిన వాటికి దగ్గరగా ఉంది, ఇంకా రేట్లు గొప్పగా ఉన్నాయి.",Happiness
కారు బాడీ రిపేర్ ఖర్చు ఇంత చవకగా తేలిందంటే నమ్మలేకపోతున్నా! బంపర్ పాడైన తీరు చూస్తే చాలా ఎక్కువ ఖర్చవుతుందని అనుకున్నాను.,Surprise
మా కాలనీలో కొన్ని ఘోరమైన దోపిడీలు జరిగిన తరువాత మేము రాత్రి పూట జట్లుగా గస్తీ చెయ్యడం మొదలుపెట్టాము.,Fear
కాపలాదారు ఇవాళ్ళ రద్దీ తక్కువ ఉందని చెప్పాడు. అందుకని మనల్ని ఇక్కడ ఎక్కువసేపు ఉండనిస్తున్నాడు.,Happiness
ఉబర్ డ్రైవర్లు నా రైడ్ క్యాన్సిల్ చేసినప్పుడు నాకు ఎంత తిక్కరేగుతుందో తెల్సా! అది కూడా ఏదైనా అర్జెంట్ మీటింగ్ ఉన్నప్పుడు.,Anger
"థాయ్లాండ్లోని గుహ నుండి పదమూడు మంది ఫుట్బాల్ ఆటగాళ్లను, కాపాడే అవకాశాలు ఉన్నాయని విన్నప్పుడు నా మనసు తేలిక అయ్యింది.",Happiness
సాయంత్రం పూట ఆలా న్యూ యార్క్ నగరంలో నడుస్తూ ఉంటే చాలా మంచిగా అనిపించింది. ఈ సిటీలో ఉత్సాహం అలా పాకేస్తుంది.,Happiness
అబ్బో! నువ్వు ఇంత తొందరగా కోలుకుంటావని నేనెప్పుడూ అనుకోలేదు.,Surprise
మూడు నెలల కిందట చేసినట్లుగా తప్పు తేదీకి టికెట్ బుక్ చేస్తానేమో అన్న ఆలోచనే ఆందోళనకరంగా ఉంది.,Fear
"నా ఊహల తోటకు సరిపడేంత పెద్ద పెరడు ఉన్న ఇల్లు నాకు దొరుకుతుందని నేనెప్పుడూ అనుకోలేదు, అయితే బ్రోకర్ నా కోసం ఒకటి వెతికి తెచ్చాడు!",Surprise
రెండువేల పదిహేనులో చెన్నైలో వచ్చిన తుఫాను సమయంలో విద్యుత్ తీగలు తెగిపోతాయేమోనని ఆందోళన పడ్డాను.,Fear
మాకు అడవి ప్రాంతంలో సిగ్నల్ పోయినప్పుడు నార్త్  మిచిగన్లో తప్పిపోతామేమో అని ఎంత  ఆందోళన పడ్డానో!,Fear
"ఇండోనేషియాలో ఎక్స్చేంజ్ రేటు వల్ల నాకు ఒక రూపాయికి స్థానిక కరెన్సీ చాలా వస్తుంది, అది నాకు బాగా అనిపిస్తుంది.",Happiness
నా ఇంటద్దె బడ్జెట్లో పూర్తిగా ఫర్నిష్డ్ ఇల్లు దొరకింది! ఇది కదా సరసమైన లాభమంటే.,Surprise
మధుమేహానికి చికిత్స లేదని ఆ డాక్టరు నాకు చెప్పారు.,Sadness
"మీరు బిజినెస్ క్లాస్లో ప్రయాణించబోతున్నారని చెప్పడానికి సంతోషిస్తున్నాం, ఇంకా, మీరు ఇంతకు ముందు బుకింగ్ చేసుకుని, ఓవర్బుక్ అయిన ఫ్లైట్ చేరిన  పదిహేను నిమిషాలకే ఈ ఫ్లైట్ చేరిపోతుంది.",Happiness
నా తోడ పుట్టినవాళ్ళు నా గురించి ఇలా అబద్ధాలు ప్రచారం చేస్తారంటే నమ్మలేకపోతున్నాను. ఇది ఏ మాత్రం ఒప్పుకోగలిగేది కాదు.,Disgust
"మా ఫ్రెండ్స్కు చేదు అనుభవాలు ఎదురై ఉండి, మీ దగ్గర వాటర్ ఫిల్టర్ కొనొద్దని నాకు చెప్పారు. వాళ్ళ మాట విని ఉండాల్సింది.",Disgust
క్లయింట్కు సమయానికి కోడ్ డెలివరీ చేయలేమని మీరు తెలియజేయకపోవడం ఒప్పుకోతగినది కాదు.,Anger
"బీమా తిరిగి చెల్లింపు డబ్బు కోసం డాక్టర్లు, ఆఫీస్ సిబ్బంది అందరి సహాయం కోసం ప్రయత్నించాను. కానీ వాళ్ళు నాకు సహాయం చేయలేదు.",Disgust
స్టాక్ మార్కెట్ ఊహించలేని విధంగా మారుతూ ఉండటం నాకు భలే కోపం తెప్పిస్తోంది!,Anger
ఎక్కడా డబ్బులు చెల్లించకుండా ఆలయ గర్భగుడి లోకి పిలిచేసరికి  మాకు ఆశ్చర్యం వేసింది.,Surprise
ఆన్లైన్ రిటైల్ సేవ డ్రైవర్లు వారి నిర్లక్ష్యపు డ్రైవింగ్ వల్ల నేను అప్రమత్తంగా ఉంటాను.,Fear
"మొబైల్ ఫోన్ను మరీ తరచుగా ఛార్జ్ చేయవద్దు, లేకపోతే బ్యాటరీ పని చెయ్యటం మానేస్తుంది.",Fear
"నాకెంతో ఇష్టమైన చుట్టుపక్కల ప్రకృతి, మొక్కలు దెబ్బతినకుండా కాంపౌండ్ గోడను ఎలా కట్టాలి అనే ఆలోచన నా మనసును తొలిచేస్తోంది.",Fear
"నా తోటివాళ్ళలో ఒకతనితో మాట్లాడేటప్పుడు అతడు నేను చెప్పేది పూర్తి చెయ్యనివ్వకుండా, నా కంటే గట్టిగా మాట్లాడుతుంటే విసుగోస్తుంది.",Anger
నా తప్పుల విషయంలో సాయం చేసేంత ఓపిక లేడీ డ్రైవింగ్ ఇన్స్ట్రక్టర్కు లేదని నాకు ఆమె మీద కోపంగా ఉంది.,Anger
బురద రోడ్ల మీద నడిపాక నా కారు చాలా మురికిగా అయినందుకు చాలా బాధగా ఉంది.,Sadness
మేము మా లక్ష్యాలను అనుకున్నదాని కంటే ముందే సాధించామని నాకు గాల్లో తేలుతున్నట్టు ఉంది!,Happiness
అబ్బో! చెన్నై నగరం నడిమధ్యలో ఇలాంటి నిశ్శబ్దమైన వీధిలో అద్దె ఇల్లు దొరుకుతుందని నేను అనుకోలేదు.,Surprise
ఆ నాయకుడు కంపు కొడుతున్న పరిసరాలను చూసి అసహ్యంతో ముక్కు చిట్లించుకున్నాడు.,Disgust
ధోనీకి వైస్ ప్రెసిడెంట్గా ఉద్యోగానికి ఇండియా సిమెంట్స్ వాళ్ళు నెలకు నలభై మూడు వేల రూపాయల జీతం ఇస్తామంటూ రాయటం నాకు ఇంకా అంతుబట్టట్లేదు.,Surprise
ఈ సంవత్సరం నా అమ్మకాల లక్ష్యాలను చేరుకుంటానో లేదో అని కాస్త ఒత్తిడిగా ఉంది.,Fear
నీ వయస్సు తక్కువైనంత మాత్రాన నువ్వు టీకాలు వేయించుకోనక్కరలేదని కాదు.  టీకాలు వేయించుకోవడం ప్రభుత్వం మనందరికీ తప్పనిసరి చేసిందని వినలేదా?,Anger
"తొందరగా చెయ్యమని అతన్ని అడిగినప్పుడు, ఆ బ్యాంకు ఉద్యోగి అందరి ముందు నాతో అమర్యాదగా మాట్లాడితే నేను చాలా బాధ పడ్డాను.",Sadness
త్వరగా తయారవు! ఆలస్యంగా వెళితే సీట్లు దొరకవని చెప్పాను కదా.,Anger
యాక్. ఈ బ్యాంక్ మేనేజర్ చెవిలో శుభ్రం చేసుకోడానికి తన వేలు దోపుకుంది.,Disgust
అబ్బ! ఇంత తమాషాగా ఉండే వాళ్ళెవారినీ నేను  ఇంత వరకు చూడలేదు!,Surprise
"ఇతగాడు ఊ అంటే ఒంటి కాలుపై లేస్తాడు! ఇంకెవరూ, ఈ ఇండియన్ ఫుట్బాల్ కోచ్! అనవసరంగా గొడవలకు దిగుతాడు ఎందుకో నాకు అర్ధంకాదు.",Disgust
"ఈ భాగం గురించి రచయిత చెప్పింది నాకు నచ్చలేదు, చాలా కోపమొచ్చింది.",Anger
"పారిస్లోని రెస్టారెంట్లో భారతీయ భోజనం ఎంత రుచీపచీ లేకుండా చప్పగా ఉండిందంటే, అయ్యో అనిపించింది. దానిని తినాలంటే బాధగా అనిపించింది.",Sadness
అద్భుతం! మన పాఠాలు మళ్ళీ మొదలవ్వాలని ఆతృతగా ఉంది.,Happiness
"సహజ వనరులను దోచుకుని, కలుష్యానికి కారణం అవుతూ, ఎంత స్వార్ధంగా మన గ్రహాన్ని పూర్తిగా ధ్వంసం చేస్తున్నామో చూస్తే చాలా భాధేస్తుంది.",Sadness
"మేము ప్రాజెక్ట్ను ఒక నెల ఆలస్యంగా ప్రారంభించినప్పుడు, నా ఉద్యోగం ఉంటుందో పోతుందో అని వణికిపోయాను.",Fear
"నాకు వంటగదితో చాలా జ్ఞాపకాలు ముడిపడి ఉన్నాయి, రిపేర్ చేసేటప్పుడు ఆ చోటు చెల్లాచెదరవుతుందని అనుకుంటే కొంచెం బాధనిపిస్తుంది.",Sadness
"గ్యాస్ సిలిండర్ ఇన్వాయిస్లో కనబడని ఛార్జ్ని చూసి కోపం రేగింది, అది దేనికి సంబంధించినదో వివరించదు.",Anger
మాకు ఎక్కువ ఆప్షన్స్ లేవు! వాడుకగా ఇచ్చే లోన్లకు మాకు అర్హత లేకపోవచ్చు.,Sadness
నా ల్యాప్టాప్ బాగుచేసినందుకు థాంక్యూ. ఇప్పుడు బాగానే పని చేస్తోంది.,Happiness
"కారుకు నల్ల అద్దాలు ఉండేవాళ్ళు రాజకీయ నాయకులు అయుండాలి, వాళ్లకి  తెలివి ఉండదు.",Disgust
"కస్టమర్లు ఇలా ఇబ్బంది పడి, చెఫ్ మరియు సిబ్బందితో గట్టిగా గొడవ పడతారని నాకు బాధగా ఉంది.",Anger
"ట్రాఫిక్ పరిస్థితి ఈరోజు ఘోరంగా ఉండింది.  బస్సు డ్రైవర్ వేరే దారుల్లో వెళ్ళలేదు, ఆలస్యం అవుతుందని మాకు చెప్పలేదు, మొత్తం ప్రయాణం ఎడతెగని నరక యాతన అయ్యింది.",Anger
"ప్యారీస్ కార్నర్ అంటే నాకు చాలా చిరాకేస్తుంది. అక్కడ పార్కింగ్ వెతికే ప్రయత్నంతో తలనొప్పి వస్తుంది, పైగా అది రాత్రి పూట అంత క్షేమం కూడా కాదు.",Anger
ఐఎస్ఎస్ కు ఒక వ్యోమగామిని పంపేందుకు నాసా తో ఐఎస్ఆర్ఓ భాగస్వామ్యం ప్రకటించినప్పుడు నేను ఆశ్చర్యపోయాను!,Surprise
"ఆహా, ఈరోజు మీరు చేసిన సాయానికి చాలా ధన్యవాదాలు స్మిత్ గారూ. నాకది చాలా విలువైనది!",Happiness
నేను ముసలి వాడిని అయిపోయి నన్నెవరూ చూసుకోక పోతే ఎలా?,Fear
"ఇప్పటి నుండి రెండు నెలల తరువాత నా ఉద్యోగం, చదువుల పెద్ద భారాన్ని నేను భరించగలనా అని నాకు భయంగా ఉంది.",Fear
"నాకు ఇష్టమైన లూయి లమోర్ పుస్తకాల కలెక్షన్ను విడిచిపెట్టి, సెకండ్ హ్యాండ్ పుస్తకాలు అమ్మేవాడికి అమ్మాల్సి వచ్చినప్పుడు  నా బాధ చెప్పలేనిది.",Sadness
ఈ షాప్లో కూరగాయలు ఎప్పుడూ తాజాగా ఉంటాయి!,Happiness
"నేను అద్దెకు తీసుకోవాలనుకున్న ఇంట్లో లివింగ్ రూమ్లో బయటనుండి వచ్చే వెలుతురు నిండిపోవడం చూసి భలే సంతోషం, ఆశ్చర్యం అనిపించింది.",Surprise
నా వంట నైపుణ్యాలతో ప్రయోగాలు చేసుకునేందుకు ఒక పెద్ద కిచన్ ఉంటుందన్న ఆలోచనే గొప్ప ఆనందాన్ని ఇస్తోంది.,Happiness
రెండువేల ఆరులో ప్రపంచ కప్ తర్వాత నేను టీవీలో చూసిన వాటిల్లో అన్నిటికంటే మంచి మ్యాచ్ ఇదే.,Happiness
"ఆమోదం ఇవ్వరు అనుకున్న పెద్ద వ్యాపార ఖర్చుకి తిరుగు చెల్లింపు ఇప్పుడే వచ్చింది, ఆనందంగా ఉంది.",Happiness
ఒక ఫైనాన్స్ కంపెనీ యజమాని ప్రజల డబ్బుతో పారిపోయిన తర్వాత స్థానికులు రెచ్చిపోయి వాళ్ళ ఏరియాలో ఉన్న వాహనాల మీద దాడి చేశారు.,Anger
ఈ ఫార్మసీలో చాక్లెట్లు కూడా అమ్ముతారని నాకు తెలియదు!,Surprise
రెన్యూవబుల్ ఎనర్జీలో పెట్టుబడులు పెట్టడానికి ప్రభుత్వం ఒప్పుకోలేదని నాకు చాలా కోపంగా ఉంది.,Anger
"నా కారు కోసం డ్రైవర్నుపెట్టుకోవాలన్న నిర్ణయం నాకు చాలా నచ్చింది, ఇప్పుడు నేను లాంగ్ డ్రైవ్ లో హాయిగా విశ్రాంతి తీసుకోవచ్చు.",Happiness
"ఎంతో మంది సైబర్ దాడులకు గురై, వాళ్ళ వ్యక్తిగత సమాచారాన్ని పోగొట్టుకున్నారని విని బాధగా ఉంది.",Sadness
"ప్రస్తుతానికి మార్పులు చేయగల డిజైన్లు మా దగ్గర కొన్నే ఉన్నాయి, సారీ. ముందే తయారు చేసి, అందుబాటులో ఉన్న ఎంపికలలో నుండి ఎంచుకుంటే బాగుంటుంది అనుకుంటున్నాం.",Sadness
"ఎట్టకేలకు, నా అంచనాలన్నింటికీ సరిపోయేట్టు ఒక చోటు దొరికింది, అది చాలా సంతోషం.",Happiness
మీ మేనేజర్కి మీ ఆసరా కావలసినప్పుడు మీరు పట్టించుకోలేదని నాకు పిచ్చి కోపంగా ఉంది.,Anger
"నాకు ఫంక్షనల్, మోడరన్ కిచెన్ ఉన్నందుకు సంతోషిస్తున్నాను",Happiness
ఆ హోటల్లో ఏవేవో పేర్లు చెప్పి ఎక్కువ డబ్బు వసూలు చేసారు. ఛీ! ఇలాంటి హోటల్కి ఎందుకొచ్చామా అని బాధపడ్డాం.,Sadness
నేను ఆర్డర్ చేసిన సున్నితమైన  వస్తువు  విరిగిపోయి వచ్చినప్పుడు చాలా బాధేసింది.,Sadness
"ప్రారంభ ఎంపికల గురించి మాట్లాడుకోకుండానే అంచనాలు వెయ్యొద్దని చెప్పి చెప్పి విసుగోచ్చేసింది, అందుకే మీకు కావాలంటే లక్షణంగా వెళ్లొచ్చు.",Disgust
"సెకండ్ హ్యాండ్ బైక్ కొనడం మంచి ఆలోచన అనుకున్నాను, కానీ మెయింటెనెన్స్ ఛార్జీలకు బైక్ ధరకి రెండు రెట్లు ఖర్చు పెట్టాను.",Sadness
"బ్యాంక్కు కస్టమర్గా మిమ్మల్ని ఆనందంగా ఆహ్వానిస్తున్నాం, ఈ ఉదయం మిమ్మల్ని మా బ్రాంచ్లో కలవడం ఆనందంగా ఉంది సర్!",Happiness
"ఫ్రిజ్ నుండి నీళ్ళు కారడం గురించి   దిగులు పడకుండా ఉండలేను,  అది నా వంటగది నేలను లేదా ఉపకరణాన్ని కూడా పాడు చేస్తుందేమోనని?",Fear
మెత్తటి ఈ ప్యాన్కేక్లు టిఫిన్ టైంను ఆహ్లాదకరంగా చేస్తాయి.,Happiness
"అయ్యో, నా టీంలకు వాళ్ళ బోనస్లు తగ్గిస్తున్నారని చెడ్డ వార్త నేనెలా  చెప్పాలి? వాళ్ళు వెళ్లిపోతారేమో.",Fear
ఆరోగ్య కేంద్రంలో ఈ అదనపు బెడ్ ఛార్జీల గురించి మొదటే ఎందుకు చెప్పలేదు? ఇప్పుడు చెప్తే ఎలా?,Anger
"అబ్బో! కాన్సిల్ చేసుకుంటే డబ్బు పూర్తిగా తిరిగొచ్చేస్తుందా, అసలు ధరలో సగమే ఇస్తారనుకున్నా. ధన్యవాదాలండీ",Surprise
అబ్బ! నేను చాలా కాలంగా వెతుకుతున్న పుస్తకం ఇదే. దీని ధర ఎంత?,Surprise
"ట్రాఫిక్లో ఆగినప్పుడు, చెన్నై సిటీ బస్సు నా వెనుక ఉన్న ప్రతిసారీ నాకు కాళ్ళలోంచి వణుకొచ్చేది. ఆ  బస్సులకు అస్సలు బ్రేకులే  ఉండవు.",Fear
యూకేలోని దేవాలయాల బయట హిందువులకు వ్యతిరేకంగా చేస్తున్న హింసాత్మక నిరసనలను వెంటనే ఆపేయాలి.,Anger
ఈ కూర సువాసన నన్ను మరో ప్రపంచానికి తీసుకువెళ్తుంది.,Happiness
మన మహాసముద్రాల లోతు తెలిసి నేను పూర్తిగా ఆశ్చర్యపోయాను!,Surprise
"నా కారులో పాడైన భాగాలను మార్చకుండా, వాటిని రిపేర్ చేసి డబ్బులు ఆదా చేస్కోవాలనే ఆలోచన నాకు అసహ్యంగా అనిపిస్తుంది.",Disgust
వాళ్ళ వల్ల  కాలుష్యం పెరుగుతున్నా  పట్టించుకోని రైతులు నాకు ఏ మాత్రం నచ్చరు.,Disgust
"ఇవాళ్ళ టీవీ ఆన్ చేద్దామని చూసాను, కానీ నల్లటి స్క్రీన్ మాత్రమే కనిపిస్తోంది.",Sadness
రైల్వే స్టేషన్లో సామాను జాగ్రత్త చేసే సౌకర్యాలు ఎంతమాత్రం సురక్షితం అంటావు? నాకైతే భయమే!,Fear
కస్టమర్ సంతృప్తిపై షాపు  విధానాలను మార్చడం వల్ల కలిగే ప్రతికూల ప్రభావం గురించి ఆందోళనగా ఉంది.,Fear
"నష్ట పరిహారం గురించి, కార్యకలాపాల గురించి క్లీనింగ్ సూపర్వైజర్కున్న అవగాహన చూసి నాకు ఆశ్చర్యమనిపించింది. అతను తన జట్టుకు ఓ రివార్డ్ మోడల్ను రూపొందించాడు.",Surprise
అసోసియేషన్ మీటింగ్ అవుతున్నంతసేపు అక్కడ కాపురం ఉండే ఒకావిడ మిగతా వాళ్ళ మీద అరుస్తుంటే వినడానికి  భయంకరంగా ఉండింది.,Disgust
కలుపు తీసేటప్పుడు పొరపాటున కొన్ని గులాబీ మొక్కలను పీకేసాడని నా తోటమాలిని అక్కడికక్కడే పనిలోంచి తీసేసాను.,Anger
"ఈవెంట్ జరిగే సమయంలో భారీ వర్షం పడుతుందని విన్నాను, ఈవెంట్ మేనేజర్ దానిని ఎలా నిభాయిస్తారో వినాలనుకుంటున్నాను.",Fear
"హే ప్రణవ్, ఈ క్లబ్ స్టాగ్ ఎంట్రీని అనుమతిస్తుందని తెలుసా? అంటే దానర్థం లోపలికి రావడానికి మన పార్టనర్లను తీసుకురానక్కర్లేదని!",Surprise
కొత్త క్లయింట్కి చూపించాల్సిన ఈ ప్రెజెంటేషన్ను సరిచేసే ప్రయత్నం చేయటానికి మరీ ఆలస్యం చేసావు. నువ్వు ఎప్పుడూ ఇలాగే చేస్తావు.,Disgust
"సర్, దయచేసి మీ సీట్కి వెళ్లిపోండి. ఇది ఎయిర్లైన్, ఫుడ్ బజార్ కాదు!",Anger
కార్గిల్ యుద్ధ జరిగేటప్పుడు దేశం కోసం సైనికులు వాళ్ళ ప్రాణాలను త్యాగం చేసిన దృశ్యాలను చూస్తుంటే బాధని తట్టుకోలేకపోయాను.,Sadness
ఒక చల్లటి రోజున పొగలు గక్కుతున్న వేడి కోకో తాగుతుంటే ఎంతో  సంతృప్తిగా ఉంటుంది.,Happiness
అబ్బో! కంప్యూటర్లలో ప్రోగ్రామింగ్లో నీకు చాలా టాలెంట్ ఉంది.,Surprise
ఏదైనా క్లాసులో పాఠం చెప్పడం మొదలుపెట్టే ముందు ఎప్పుడూ భయంగా అనిపిస్తుంది.,Fear
నేనొక అంటీబయాటిక్ మాత్రమే అడుగుతున్నాను.దానికి డాక్టరు ప్రిస్క్రిప్షన్ ఎందుకు?,Anger
వస్తువు ఉందా అని ఫోన్లో కనుక్కోకుండానే దుకాణానికి వెళ్తానని నువ్వు అనుకోవడం నాకు ఆశ్చర్యంగా ఉంది.,Disgust
"ఎప్పుడూ నీ దృష్టి బాల్ మీదే పెట్టు! కోర్టులో డ్యాన్స్ చేయడం మానేసి, గేమ్ సరిగ్గా ఆడు.",Anger
"హలో మేడమ్, నా పేరు ఖాన్, మీకు సేవ చేయడం నాకు సంతోషంగా ఉంది.",Happiness
"ఆ పెద్ద, క్లిష్టమైన ప్రాజెక్టును ప్రారంభించడానికి మీకు ఉత్సాహంగా ఉందా? మీరు భయపడతారని అనుకున్నాను..",Surprise
జనాలెందుకు ఇంత బుద్ధి లేకుండా ఉంటారు? ఇదొక యునెస్కో వారసత్వ స్థలం అయినా జనం ఇక్కడంతా చెత్త పోస్తారు.,Anger
"ఇరవై సంవత్సరాలకు పైగా పనిచేసిన సంస్థను వదిలేసిన తరువాత, అతను ఏంచేయాలో తెలీక తిరుగుతూ ఉన్నాడు.",Sadness
"ప్రస్తుతానికి నా కడుపు, ఈ సెమిస్టర్ బాగానే తట్టుకుని ఉన్నందుకు నాకు సంతోషంగానే ఉంది.",Happiness
సరిగ్గా మా బాస్ భోజనానికి వచ్చినప్పుడే మా వంటమనిషి  సెలవు తీసుకుంది. అప్పుడు నాకు పట్టరానికోపం వచ్చింది!,Anger
ఈ సారి వేసవిలో హిమాలయన్ హిల్ స్టేషన్లలో ట్రాఫిక్ జామ్లను చూసి ఆశ్చర్యమనిపించింది.,Surprise
నిన్న ఉదయం స్కూటర్ నడుపుతుండగా పైనుంచి నా మీద కాకిరెట్ట వేసినప్పుడు నాకు వికారం వచ్చింది.,Disgust
మన గ్యాలరీ కోసం నేను ఏం సంపాదించానో మీరు నమ్మలేరు!,Surprise
"మనం బట్టల పంపిణీ సమయానికి చేరుస్తామని, అమ్మకాల సంఖ్య పెరుగుతుందనే ఊహతో నాకు చాలా సంతోషంగా ఉంది.",Happiness
"ఈ పుస్తకాలు అల్మారాలో వదిలేస్తే, వాటికి చెదపురుగులు పడతాయని భయంగా ఉంది.",Fear
చీకటిలో వేలాడుతున్న మన ఇల్లు అనబడే  చిన్న లేత నీలం రంగు చుక్క గురించి కార్ల్ సాగన్  మాట్లాడినప్పుడల్లా  నాకు విపరీతమైన సంతోషం వేస్తుంది.,Happiness
ఫారెన్ టూర్ నుండి తిరిగొచ్చాక ఇండియాలో నా పాస్పోర్ట్ పోయేసరికి బాధపడ్డాను.,Sadness
"కానీ మేడమ్, ఇంత మంది ముందు మాట్లాడాలంటే నాకు భయమేస్తోంది. వాళ్ళు నన్ను ఎగతాళి చేస్తారేమో.",Fear
బ్యాంకు మూసేసే టైం అయిపోయిన ఐదు నిమిషాల తర్వాత నేను బ్యాంకుకు చేరుకున్నప్పుడు బ్యాంకు అధికారి కల్పించుకొని విత్డ్రా చేయడంలో నాకు సాయం చేసేసరికి ఎంత ఆనందమనిపించిందో.,Happiness
"ఒత్తిడి, ఆందోళన వల్ల నా జీవితంలో అనిపిస్తున్న బాధ భరించలేకపోతున్నాను, ఒక కౌన్సిలర్గా, మీరు నాకు సహాయం చేయగలరా?",Disgust
అర్జెంటీనా తమ తొలి ప్రపంచ కప్ మ్యాచ్ను కామెరూన్ చేతిలో ఓడిపోయినప్పుడు దిగ్భ్రాంతికి గురైంది.,Surprise
లైఫ్స్టైల్ షాపులో రకరకాల సెంట్లు ఉండటం చూసి ఆనందంగా ఉంది.,Surprise
ఆరోగ్యంగా ఉండటానికి చాలా మంది సైక్లింగ్ ఎంచుకుంటున్నందుకు నాకు ఆనందంగా ఉంది. అది నాకు చాలా మంచిగా అనిపిస్తుంది.,Happiness
"లోకల్గా ఉన్న మ్యూజియం ఒక ప్రైవేట్ కార్యక్రమం కోసం మూసి ఉంది, ఇది మేం చూడటానికి సరైన సమయం కాకపోయింది.",Sadness
నా వీడియో చూడడం ఇంత మంది ఎంజాయ్ చేస్తారని నాకు తెలియదు!,Surprise
నా పరీక్ష రిజల్ట్లు నెగటివ్గా వచ్చాయని విని బాధగా ఉంది.మనం చెయ్యగలిగేది ఇంకేమైనా ఉందా?,Sadness
"అల్లకల్లోలంగా ఉన్న సముద్రం వల్ల  పడవ ప్రయాణం రద్దయి, మాకు నిరాశ అనిపించింది.",Sadness
యురేకా ఫోర్బ్స్కి ఎన్ని కాల్స్ చేసినా సమయానికి నా వాటర్ ఫిల్టర్ సర్వీసింగ్ తాలూకు సమస్యలను పట్టించుకోవట్లేదని బాధపడ్డాను.,Anger
నా మొబైల్ ఫోన్తో ఆడుకోవడం మానేయ్. నా ఫోన్ని బ్యాంకింగ్ కోసం వాడుతాను.,Anger
మీ క్లీనింగ్ సర్వీస్తో పిచ్చి కోపమోస్తోంది.,Anger
"ఇది చాలా గాయాలు అయ్యే, మొరటు ఆటగా మారుతుందేమోనని భయమేస్తోంది.",Fear
రవాణా ఖర్చులు అదేపనిగా పెరుగుతూంటే నా గుండె తరుక్కుపోతోంది.,Sadness
మీ అంతర్గత భావాల అవగాహన ఉన్న అద్భుతమైన వ్యక్తి  మీరు అని మీ ముఖంలో అందమైన చిరునవ్వుతో అర్ధం అవుతోంది.,Happiness
"మీ చిరాకు నాకు అర్థమవుతుంది, నాణ్యత గురించిన సమస్యలు తీర్చటానికి ఏఏ అవకాశాలు ఉన్నాయో చూస్తాను.",Sadness
"జనంపెద్ద సంఖ్యలో వస్తున్నారు కాబట్టి, వచ్చే వాళ్ళందరు క్షేమంగా ఉండేట్టు కార్యక్రమాన్ని నిర్వహించేవాళ్ళు అవసరమైన అన్ని జాగ్రత్తలు తీసుకునేలా చూడాలనుకుంటున్నాను.",Fear
నేను నా బిడ్డకోసం  ఖాతా తెరవడానికి బ్యాంకుకు వెళ్ళినప్పుడు బ్యాంకు మేనేజర్ నాతో అవమానకరంగా  మాట్లాడిన విధానం చూస్తే నాకు అసహ్యం వేస్తోంది.,Disgust
అసలైన వెన్నకి బదులు ఆ ప్రఖ్యాత బేకర్ వనస్పతి వాడారని తెలీగానే అతను చేసిన కేక్ని నేను అసహ్యించుకున్నాను .,Disgust
ఇది అద్భుతం! మా ఇంటికి వచ్చే కార్ వాష్ ఉందా అని చూస్తూ ఉన్నాను.,Happiness
ఎటిఎం నుంచి ఇంటికి వెనక్కొస్తుంటే ఎవరో పరిచయంలేని మనిషి నా వెనకే వస్తుండాడు. నాకెంత భయమేసిందంటే చేతనైనంత తొందరగా పరిగెత్తి వచ్చేసాను.,Fear
"వాళ్ళు విశ్లేషణలో ముణిగి ఉండగా, ఆర్థిక రికార్డులలో ఊహించని విషయాలు వెల్లడి అవడంతో వారి సంభాషణ దిశ మారింది.",Surprise
నేను కొనగలిగినంత ఖరీదైన వైరింగ్ కోసం చాలా ఖర్చు చేసాక కూడా నా కొత్త ఇంట్లో కరెంటు షాక్ వచ్చిందంటే దిగులుగా ఉంది.,Sadness
ఆమ్స్టర్డామ్లో ఆరుబయట మార్కెట్లు నేను అనుకున్న దానికంటే ఎక్కువ ఉన్నాయి.,Surprise
"ఇక్కడి కళాకారుల ఖచ్చితత్వం, నైపుణ్యం చాలా విశేషమైనవి.",Surprise
"భారత నౌకాదళానికి చెందిన ఓ వ్యక్తి ఒంటరిగా ప్రపంచాన్ని చుట్టివచ్చాడు. అది అసాధారణం, ఇంకో మాట లేదు!",Surprise
అమెజాన్ ప్రైమ్ డే సేల్ ధరలలో యాభై నుండి డెబ్భై ఐదు శాతం తగ్గింపుతో మాకు నోట మాట రాలేదు.,Surprise
గ్యాస్ సిలిండర్ ధర ఎలా విభజన అవుతుందో డెలివరీ అతను చెప్తే విని నాకు సంతోషమేసింది. దాంతో నా డబ్బు వేటికోసం వాడుతున్నారో అర్థం చేసుకోగలిగాను.,Happiness
"వైన్ సెల్లార్ ఉన్న ఇల్లు దొరుకుతుందని నేను అనుకోలేదు.  ఇదొక ఉత్సాహం అనిపించే,  ప్రత్యేకమైన విషయం .",Surprise
"మీకు కోపం రావడం నేను పెద్దగా చూడలేదు, అందుకే నాకు నోట మాట రావట్లేదు.",Surprise
నా షాపు ముందు నీ స్టాల్ పెట్టుకునేందుకు వీల్లేదని నీకెన్నిసార్లు చెప్పాలి?,Anger
"వారమంతా, ఇరవైనాలుగ్గంటలూ పని చేసే ఈ పెద్ద వాల్మార్ట్ షాపులో  కస్టమర్లకు సహాయం చేయడానికి కావలసినంతమంది సిబ్బందిని ఎప్పుడూ నియమించుకోకపోవటం చాలా దారుణం .",Disgust
"ప్రజలు వినూత్నంగా ఆలోచించాలని సీనియర్ లీడర్షిప్ కోరుకుంటున్నప్పటికీ, వాళ్ళ ఆలోచనలను ఒప్పుకోనప్పుడు చిరాకనిపిస్తుంది.",Anger
"ఈ జాకెట్ కావాలని ఎంత అనుకున్నానో, కానీ సేల్స్మాన్  నా సైజు జాకెట్ లేదని చెప్పాడు.",Sadness
"అవుట్ అని డిక్లేర్ అయినప్పుడు భారత కెప్టెన్ స్టంపులను విరగ్గొట్టడం చూసి నేను అవాక్కయ్యాను, ఇది నీచమైన క్రీడాస్పూర్తికి ఉదాహరణ.",Disgust
"ఆ పుస్తకాన్ని తెమ్మని నిన్ను ఐదుసార్లు అడిగాను, కానీ నువ్వు అది మరచిపోతూనే ఉన్నావు, ఎందుకిలా చేస్తున్నావు?",Anger
"మేము ఇంటర్నెట్ బ్యాండ్విడ్త్ పెంచడానికి ప్రయత్నిస్తున్నాం, మీకు పై పరిమితి కంటే ఎక్కువ వేగం వస్తోందన్నప్పుడు సంబరపడ్డాం.",Surprise
"మురికి గదులు, కరెంటు వస్తువులు పనిచేయకపోవడంతో ఇప్పటివరకు మీ హోటల్లో ఉండటం ఒక పీడకలలాగా ఉంది.",Anger
కొంతమంది వ్యాపార యజమానులు పన్నులు ఎగేయడానికి వాళ్ళ ఎకౌంటులను తారుమారు చేయడం చూస్తే ఒక బాధ్యతాయుతమైన పన్ను చెల్లింపుదారుగా నాకు అసహ్యమేస్తుంది.,Disgust
"మేమొక సౌకర్యవంతమైన ఆన్లైన్ ఆర్డరింగ్ సిస్టంను ప్రవేశపెట్టాం, అది కస్టమర్లకు బాగా నచ్చుతోంది.",Happiness
"ఈవెంట్ మేనేజర్ సేవల విస్తృత శ్రేణి నా మనస్సు నుండి భారాన్ని తీసివేసింది,  క్యాటరింగ్, వినోదం నుండి సీటింగ్ ఏర్పాట్ల వరకు, ప్రతిదీ సజావుగా నిర్వహించడం చాలా హాయిగా ఉంది.",Happiness
అమెజాన్లో ఆన్లైన్ ఆర్డర్ను ప్రాసెస్ చేసే వేగం నాకు నచ్చుతుంది.,Surprise
కన్స్యూమర్ల రక్షణ గురించి కొత్త ఆర్థిక నిబంధనలు నాకు ఉపయోగపడేలా ఉండటం నాకు నిజంగా ఆశ్చర్యంగా ఉంది.,Surprise
"నాకు తప్పదనుకుంటా, కానీ ఇన్కమ్ టాక్స్ కట్టాల్సిన వాళ్ళే అయినా, అసలే కట్టని వాళ్ళని కవర్ చేయడానికి నన్నే ఇంకా కట్టమని అడిగే ఈ పద్ధతి అన్యాయం.",Disgust
"నా ఆరోగ్యం రిపోర్టుతో డాక్టరు చాలా సంతోషించారు, నేను ఎక్సర్సైజ్ చేస్తూ ఉండాలని చెప్పారు.",Happiness
నా ఇంజిన్ సమస్యను పరిష్కరించటానికి చెన్నైలో సహాయపడిన వీపీ అంత పరిజ్ఞానం గల సర్వీస్ పర్సన్ కావడంతో నేను తేలికగా ఊపిరి పీల్చుకున్నాను.,Happiness
చెన్నైలో జరిగిన ఓ టోర్నమెంట్లో ఒక మాచ్లో ఫుట్బాల్ రిఫరీ మా ప్రత్యర్థులకు పచ్చిగా మద్దతిచ్చినప్పుడు నాకు మండిపోయింది.,Anger
"నువ్వో మంచి లీడర్వి, ఈ పనిని నువ్వు నడుపుతున్నావంటే  ఆనందంగా ఉంది.",Happiness
శాన్ ఫ్రాన్సిస్కోలో దుకాణదారుడు ఎదురుదాడికి భయపడి షాపు దొంగలను ఆపలేదు.,Anger
యాక్! భోంచేసే ముందు కనీసం నీ మురికి చేతులన్నా కడుక్కుని ఉండాల్సింది.,Disgust
మా ఫ్రంట్లైన్ మారిన తర్వాత వినియోగదారుల సంతృప్తి రేటింగ్లలో తగ్గుదల చూస్తే కాస్త నిరుత్సాహంగానే ఉంది.,Sadness
తెరిచి వచ్చిన ప్యాకేజ్ సమస్య వెంటనే పరిష్కరించి నాకు ఊరట కలిగించారు. కొరియర్ కంపెనీ దానిని చాలా బాగా వ్యవహరించింది.,Happiness
"నా ఆరోగ్య కేంద్రం బిల్లులో అనుకోని అదనపు ఛార్జీలతో కొంచెం చిరాకుగా ఉంది, చాలా అసౌకర్యంగా ఉంది.",Sadness
టాక్స్ ఫైలింగ్ ఇంత గందరగోళంగా ఉంటుందని మేం అనుకోలేదు!,Disgust
ఎఐ ఇప్పుడు బోర్డ్ గేమ్లలో మనుషులను ఓడించగలదని చూస్తుంటే బాగుంది.,Happiness
చిన్నతనంలోనే సంగీత ప్రావీణ్యం సంపాదించిన అతను సంగీతం మీద కాకుండా  వేరే కార్యకలాపాల మీద దృష్టి పెడుతుంటే ఇంట్లోవాళ్ళు గాభరా పడ్డారు.,Fear
"కొన్ని బైక్లపై నేను సాధించగల వేగం,  టెక్నాలజీ  మెరుగుపడిన విధానం చూసి నేను ఆశ్చర్యపోయాను.",Surprise
ఈ మధ్య ఇంటి రిపేర్ల కోసం నేను ఎంత డబ్బు ఖర్చు చేస్తున్నానో చూస్కుంటే భలే బాధనిపిస్తుంది.,Sadness
"మా అన్నదమ్ములు, అక్కచెల్లెళ్ళు దూరంగా వెళ్ళినప్పటి నుండి వాళ్ళని చాలా బాధగా ఉంది. వాళ్ళు ఇప్పటికీ ఇక్కడే ఉండింటే బాగుండేది.",Sadness
రోడ్డు మీద తప్పుడు వైపులో నడుపుతూ ట్రాఫిక్కి అడ్డు రావడం ఎందుకు? మీ వల్ల నాకు ఆఫీసుకు ఆలస్యం అవబోతోంది.,Anger
"అబ్బో, మేడమ్! ఇంత త్వరగా ఇంక్రిమెంట్ వస్తుందని అనుకోలేదు!",Surprise
నిన్న వీధిలో మెల్లగా నడుస్తూ వెళ్తున్న ఆ ముసలి బిచ్చగాడిని చూస్తుంటే నాకు గుబులుగా అనిపించింది.,Sadness
"కొత్త రెస్టారెంట్లో పాలక్ పన్నీర్ వంటకం రుచి అమృతంలా ఉండింది, చక్కటి రుచులు కలిసుండి మర్చిపోలేనట్లు చేసింది.",Happiness
"ఎలక్ట్రికల్ షాపు వాళ్ళ ఉదారమైన రిటర్న్ పాలసీ నాకు భలేగా నచ్చింది, ఇంత సునాయాసంగా ఉంటుదన్న ఆలోచన భరోసానిస్తుంది.",Surprise
"ఒక ఆదివారంనాడు ఈ మెస్సులో బిర్యానీ తింటూ ఉంటే ఒక పురుగును చూశాను, వెంటనే బయటికి ఉమ్మేశాను. ఈ మెస్సులో ఇంకెప్పుడూ బాస్మతి అన్నం తినాలనుకోను.",Disgust
మేము ఎంతో కష్టపడి నాటిన పంటలను కనికరంలేని ఆ తుఫాన్లు నాశనం చేసాయి. పోయినసారి మొత్తం పోగొట్టుకున్నాం గుర్తుందా? దాని గురించే తెగ దిగులుగా ఉంది.,Fear
ఒక ప్రఖ్యాత ఆసుపత్రి కేవలం మరింత డబ్బు సంపాదించడానికే ఒక రోగిని చేర్చుకోవడం చూస్తుంటే అసహ్యం వేసింది.,Disgust
"లండన్ హీత్రూ విమానాశ్రయం మెయింటెనెన్స్ చెత్తగా ఉంది. ఒక టెర్మినల్ నుంచి ఇంకో టెర్మినల్కు సొరంగాల గుండా నడుస్తున్నప్పుడు, ఆ సొరంగాలు కంపు కొడతాయి.",Disgust
"ఒక గైడ్ ఒక ఆకర్షణకు ఖరీదు ఎక్కువైన టిక్కెట్లు కొని, డబ్బు కట్టమని అడిగాడు. నేనైతే   అరిచేశాను!",Anger
"నిన్న రాత్రి  మా ఇంట్లో వాళ్ళందరూ టీవీలో చూస్తున్న దాన్ని చూసి ఆశ్చర్యమనిపించింది, అది ఫిట్నెస్ గురించి నా ఇంటర్వ్యూ అని చూసి మరింత ఆశ్చర్యమనిపించింది!",Surprise
ప్రొఫెషనల్ నటీనటులు నటించిన జూలియస్ సీజర్ నాటకాన్ని ఎంత అనందించామంటే నాకు నిద్రమత్తుగా అనిపించలేదు.,Happiness
అనవసరమైన వ్యవహారాలతో నాకు టైం వేస్ట్ చెయ్యొద్దు. త్వరగా ఖాతా తెరవండి చాలు!,Anger
అందంగా చెక్కిన చెక్క ఊయల మీద కళాకారుడి పనితనం చూస్తుంటే నాకు ఎంతో ఆనందమనిపించింది.,Happiness
"ఆ పాటలో సాహిత్యం ఎంత  నిస్సారంగా అర్థంలేకుండా ఉందంటే, అస్సలు ఎవరైనా వింటున్నారా అని ఆశ్చర్యంగా ఉంది.",Disgust
"ఎయిర్ కండిషనింగ్ను రోజూ వాడాం, దాంతో ఈ నెల మా కరెంటు బిల్లు ఎంతోస్తుందో అని భయంగా ఉంది.",Fear
దర్శకుడు ఒప్పుకోకపోవడంతో విజయానికి ఉన్న ఆఖరి అవకాశం జారిపోయింది.,Sadness
"కాంతా, నీ దగ్గర ఎంత మంచి బొమ్మలున్నాయి. నేను వాటితో ఆడుకోవచ్చా?",Happiness
చెన్నైలోని చాలా కాలేజీల విద్యార్థులు బస్ డే రోజున హింస సృష్టించటం కోపం తెప్పించింది.,Anger
మా స్టోర్లో ఉద్యోగులకు శిక్షణ అవకాశాలు లేకపోవడం చూస్తే చిరాకనిపిస్తుంది.,Sadness
"నేను కొత్త ఆరోగ్య కేంద్రాన్ని చూశాను, దాని సౌకర్యాలు, పరిశుభ్రత రెండూ నాకు బాగా నచ్చాయి.",Happiness
నేను పని చేసే చోట ప్రొఫెషనల్స్ అసమర్థత చూస్తుంటే నాకు కోపం కట్టలుతెంచుకుంటోంది.,Anger
మా పక్కింటామె ఒక సంస్థలో చేరకపోవటానికి వాళ్ళ అమ్మమ్మ చనిపోయిందని కుంటి సాకు చెప్పిందని విని బాధనిపించింది.,Disgust
విశ్వం గురించి ప్రాక్టికల్గా నిరూపించగల ఏదైనా సైంటిఫిక్ థియరీ గురించి తెలుసుకున్నప్పుడల్లా నాకు ఆనందమనిపిస్తుంది.,Happiness
బట్టి పట్టకుండా పిల్లలు  నేర్చుకోవడానికి విద్యా శాఖ కొత్త పద్ధతులను ప్రవేశ పెట్టినప్పుడు నేను చాలా సంతోషించాను.,Happiness
ఈ సంక్లిష్ట ప్రపంచంలో చిన్న చిన్న విషయాలలోనే ఆనందాన్ని వెతుక్కోవడం ఒకింత కష్టమే అని చెప్పాలి.,Sadness
నిన్న నా మొదటి పెయింటింగ్ని మూడు వేల ఆరువందల రూపాయిలకి అమ్మాను. కొనుక్కున్నతను తనకు నా పెయింటింగ్ ఎంతో నచ్చిందని చెప్పాడు!,Happiness
సాఫ్ట్వేర్ ఇన్స్టాల్ చేయబడింది కానీ ఇంటర్ఫేస్ ఎంత గందరగోళంగా  ఉండిందంటే నేను ఒక్క రోజులోనే దాన్ని వాడే ప్రయత్నం మానేసాను.,Disgust
ఇద్దరు నాయకుల మధ్య చెత్త పోటీ మా ప్రాజెక్ట్ డెలివరీని దాదాపు జరగకుండా చేసినందుకు నాకు ఆపుకోలేనంత కోపంగా ఉంది.,Anger
వారంలో ఏడు రోజులు విరామం లేకుండా పని చేసేసరికి నాలో జీవుడికి అలసిసొలసి పోయినట్లు అనిపిస్తుంది.,Sadness
"కోల్కతాలో బస్సుల పరిస్థితి చాలా దారుణంగా ఉంది! అవి ఎంత తరచుగా పాడైపోయి, సగంలో చిక్కుకుపోతామంటే నమ్మలేము.",Disgust
జాతీయ భద్రత పేరిట వారు వాక్స్వాతంత్రాన్ని అణచివేసినప్పుడు  నా రక్తం మరుగుతుంది.,Anger
"భారీ ట్రాఫిక్ ఉన్నప్పటికీ, మేము అనుకున్న సమయానికి మేం వెళ్లాల్సిన చోటు చేరుకున్నామంటే ఆశ్చర్యంగా ఉంది!",Surprise
ఈ ఫుట్బాల్ మ్యాచ్ చూస్తున్నందుకు చాలా ఉత్సాహంగా ఉంది! ఇది ఓ గొప్ప ఆట అవబోతోంది.,Happiness
"""నాకు మంచి వెలుతురు  ఉన్న ఇల్లు కావాలి, వెలుతురు లేని చీకటిగా ఉండే చోట్లలో నాకు కొంచెం భయంగా అనిపిస్తుంది.""",Fear
"ఈ సరిగా పనిచేయని వస్తువు  కారణంగా రోజూ ఉదయం నా వంటగదిలో నీళ్ళ మడుగు కనబడుతుంది, ఇంక చాలు! ఫ్రిజ్ మెకానిక్ను పిలిపిస్తున్నాను.",Anger
మీరు నన్ను విమర్శించే పద్ధతి మిమ్మల్ని శత్రువులా చూసేట్టు చేస్తుంది.,Anger
ఆ నటుడికి ప్రధాన పాత్రలు ఎందుకు వస్తూనే ఉంటాయో నాకర్థం కాదు. అతడికి నటించడం ఏమాత్రం చేత కాదు.,Disgust
"ఈ సైబర్ దాడులలో కొన్ని ఎంత అధునాతనంగా ఉంటాయో తెలిసి ఆశ్చర్యపోయాను. ఆన్లైన్లో అప్రమత్తంగా ఉండి, మనల్ని మనం రక్షించుకోవడం ముఖ్యం.",Surprise
"ఎలాంటి చర్య తీసుకోకుండా, ఎవరికీ చెప్పకుండా ప్రాజెక్ట్ గడువులను మార్చారంటే నమ్మలేకపోతున్నాను.",Anger
ఈ సంవత్సరం పెద్ద టాక్స్ రిఫండ్ గురించి మెసేజ్ వచ్చిందని చాలా సంతోషంగా ఉంది.,Happiness
ఉదయాన్నే ఒక గ్లాసు కేరళ చాయ్ నాలో ఆనందం నింపుతుంది.,Happiness
"వాళ్ళు పాత పుస్తకాలను ఇంత ఎక్కువ ధరకు అమ్మడం నాకు చాలా అసహ్యంగా, అర్ధంలేనిదిగా అనిపిస్తోంది.",Disgust
డిన్నర్ బఫేలో మరో పెరుగు వడ అడిగిన చిన్నారికి అది ఇవ్వనప్పుడు నాకు జాలేసింది.,Sadness
ప్రజా విద్యను ప్రభుత్వం పట్టించుకోకపోవడం చూస్తే కోపం వస్తుంది.,Anger
నువ్వు మీ అక్క నిశ్చితార్థానికి పోలేకపోయావని నిన్ను చూస్తే బాధేస్తుంది.,Sadness
చైనాలో ఈ స్థానిక వంటకం రుచి వికారంగా ఉంటుంది.,Disgust
రిఫండ్ ఇవ్వడానికి లంచం అడిగే ఆదాయపు పన్ను అధికారులు మనుషులు కాదు.,Disgust
భారత్కు చాలా మంచి క్రికెట్ జట్టుంది. మన జట్టు నూట ఇరవయ్యేడుకు పైగా టీ ట్వంటీ ఇంటర్నేషనల్ మ్యాచ్లు గెలిచింది.,Happiness
మారిన పన్ను నిబంధనల వలన నా వ్యాపారం మీద ఉండబోయే సంభావ్య ప్రభావాన్ని తలచుకుంటే నేను ఎప్పుడైనా దిగజారగల క్లిష్ట పరిస్థితిలో ఉన్నట్లు అనిపిస్తుంది.,Fear
"మా నాణ్యత గురించి మేము గర్వపడతాం, మీకు ఇంత చెడ్డ అనుభవం కలిగిందంటే ఆశ్చర్యంగా ఉంది.",Surprise
వ్యాపారాలమీద నమ్మకం తగ్గిపోవటం చూస్తుంటే  నాకు కొంచెం ఆందోళనగా ఉంది.,Fear
"నా వెన్ను బెణికినంత పనయింది, ఈసారి సిలిండర్ను జరపడానికి ప్రయత్నించినప్పుడు ఆశ్చర్యమేసింది, ఎందుకంటే గతంలో సిలిండర్ను ఇట్టే జరిపేవాడిని.",Surprise
నాకు పెంపుడు జంతువులకు అనుకూలమైన అపార్ట్మెంట్ కావాలని ఇప్పటికే ఎన్నోసార్లు చెప్పాను. బ్రోకర్ నాకు చూపించిన ప్రతీ అపార్ట్మెంట్లో  పెంపుడు జంతువులను అనుమతించకపోవడం ఏం బాగోలేదు. అతనసలు నా అవసరాలను వింటున్నాడో లేదో నాకు డౌటే.,Anger
"నేను పారిస్లో నోత్ర డమ్ కేథడ్రాల్ లోపలికి వెళ్ళాను, లోపల ఉన్న విశాలమైన జాగా చూసి నోరు వెళ్ళబెట్టాను.",Surprise
నాకు చీకటంటే భయం ఎందుకంటే నా చుట్టూ ఏముందో కనపడదు కదా.,Fear
"ఒంటికి తగిలించుకోగల ఈ డివైజ్ నేను ఎన్ని అడుగులు నడుస్తున్నానో, ఎన్ని కేలరీలు ఖర్చవుతున్నాయో లెక్క చెప్పగలదంటే నమ్మలేకపోతున్నాను.",Surprise
బ్రేకులు పని చెయ్యట్లేదు. మనమేం చెయ్యాలి?,Fear
నా రైలు టిక్కెట్ను మరుసటి రోజుకు వాయిదా వేయమని బుకింగ్ క్లర్క్ని అడగాలంటే నాకు చాలా భయంగా ఉంది.,Fear
"అయ్యబాబోయ్! ఈ టూరిస్టు సిటీలో ఇంటర్నెట్ కనెక్షన్ల స్పీడు, విశ్వసనీయత అదరకొట్టేశాయి.",Surprise
"ఈ రోజు మా బాల్కనీలో వేసిన బియ్యపు గింజలను ముద్దుగా ఉన్న ఒక చిన్న ఉడుత కూర్చుని, ఓపికగా తినడం చూశాను.",Happiness
"నాకు మీరనుకునేది తెలుసు, కానీ ప్రస్తుతం మీ యానివర్సరీ కోసం వెతుకుతున్న నగ ధర మీరు ఖర్చు చేయాలనుకుంటున్న దానికంటే ఎక్కువగా ఉంది.",Sadness
"కొంతమంది నార్త్ ఇండియన్స్ సౌత్ ఇండియన్సుతో అవమానకరంగా మాట్లాడి, మన భాషను విమర్శించినప్పుడు నాకు పీకలదాకా కోపంమొస్తుంది.",Anger
ఒక డిస్లెక్సిక్  పిల్లాడి మీద ఒక ఎమోషనల్ సినిమా చూసిన తర్వాత కన్నీళ్లు ఆపుకోలేకపోతున్నాను.,Sadness
ఎకౌంటు తెరవడానికి మా అబ్బాయి విదేశీ జాతీయత విషయంలో ఓ దారి కనుక్కోగలిగిన బ్యాంక్ మేనేజర్ను కలిసాక చాలా సంతోషమనిపించింది.,Happiness
రాజకీయ నాయకులు ఇంగిత జ్ఞానంతో పరిష్కారాలను వెతకటం కంటే పక్షపాత గొడవలు ముఖ్యమన్నట్టు చేస్తుంటే చిరాకేస్తుంది.,Anger
బిల్డింగ్ అసోసియేషన్లో ఒక కఠినమైన నిర్ణయం తీసుకున్న తర్వాత అందరూ నా గురించి ఏమనుకుంటున్నారో అని  ఆందోళనగా ఉంది.,Fear
వర్షాలు మమ్మల్ని పని చేయకుండా అడ్డురావడంతో మేం అనుకున్న దానికంటే వెనుకపడటం చాలా దురదృష్టకరం.,Sadness
"ఇంత తక్కువ ధరలు చూస్తుంటే, కూరగాయల గురించి భయంగా ఉంది, ఇవి పురుగుమందులు లేనివని అనుకోవచ్చా అని.",Fear
"అయ్యో! ""ఆదిపురుష్"" చూడటానికి మా వాళ్ళ కోసం టిక్కెట్లు కొనే ముందు నిన్ను అడిగుంటే బాగుండేది. మా వాళ్ళు, ముఖ్యంగా నా భార్య నన్ను వదిలేస్తారెమో.",Fear
నేను చికిత్స చేయించుకునే ఆరోగ్య కేంద్రంలో కొన్ని సమస్యలున్నాయని గమనించాను. ఆరోగ్య కేంద్రంలో క్వాలిఫైడ్ డాక్టర్లు ఉన్నారా అని నాకు భయంగా ఉంది.,Fear
నిన్న రాత్రి నా టికెట్ క్యాన్సిల్ చేసుకున్నాను సార్.  నాకు రిఫండ్ వస్తుందా రాదా అని దిగులుగా ఉంది.,Fear
"భారత ఫుట్బాల్ జట్టును ఆసియాడ్కు పంపే విషయంలో ఐఓఏ, ఏఐఎఫ్ఎఫ్ల మధ్య గొడవ చూస్తుంటే విసుగొస్తోంది.",Anger
"అవునన్నా, నాక్కూడా గ్లవ్స్ కావాలి. నిజంగా ఉచితంగా ఇస్తున్నారా? థాంక్యూ.",Happiness
"చెల్లీ, ఇంత తక్కువ తింటూ ఉంటే, నీరసపడిపోతావు.",Fear
నిర్లక్ష్యపు మనుషులు చేసిన ఇన్సైడ్ ట్రేడింగ్ వల్ల స్టాక్ మార్కెట్ కుప్పకూలడం సిగ్గుచేటు.,Disgust
ఇండియానా జోన్స్గా హారిసన్ ఫోర్డ్ నటనను ఆయన అన్ని సినిమాల్లోనూ ఎంజాయ్ చేశాను.,Happiness
"హోటల్ యాజమాన్యం తరపున, మీరు వెళ్లిపోతున్నందుకు బాధ పడుతున్నాం, మీ గదిలో మీరు పడ్డ ఇబ్బందులకు క్షమించండి.",Sadness
"ఒక కస్టమర్ మా స్టోర్ పరిశుభ్రతను, ఏర్పాటును మెచ్చుకున్నప్పుడు చాలా సంతోషమనిపించింది.",Happiness
"భారత్, ఇంగ్లాండ్ మధ్య జరిగిన వన్డే మ్యాచ్లో క్రిస్ బ్రాడ్ బౌలింగ్లో యువరాజ్ సింగ్ ఆరు సిక్సర్లు కొట్టడం చూసి సంతోషంతో ఎగిరి గంతేసాను.",Happiness
"అడ్రస్ సరిగ్గా ఎక్కడుందో కనుక్కోవడంలో క్యాబ్ డ్రైవర్ పడే అయోమయంతో ప్రయాణం చిరాగ్గా, అసహ్యంగా అనిపిస్తుంది.",Disgust
నిర్వహించిన ఈవెంట్ కోసం ఈవెంట్ మేనేజర్ అందుకుంటున్న సానుకూల ఫీడ్ బ్యాక్  అతను  చేసిన తప్పులను  కప్పిపుచ్చలేదు. ఇటువంటి అవిశ్వసనీయతని చూస్తే చిరాకనిపిస్తుంది.,Anger
కొరియర్ వాళ్ళు రవాణాలో ఆ కస్టమర్ పార్శిల్ పోగొట్టినప్పుడు అతనికి ఏమని చెప్పాలో నాకు తెలియడం లేదు.,Fear
"మనం నాటేటప్పుడు, కోసేటప్పుడు ఒక రకమైన వికారపు వాసన చుట్టుకుంటుంది, అది చాలు నాకు అసహ్యం పుట్టించడానికి.",Disgust
"బెంగళూరు వరకు కారులో వెళ్తునందుకు చిరాకుగా ఉంది, అబ్బా! అంత  ట్రాఫిక్, గందరగోళంలో డ్రైవ్ చెయ్యడం ఒక పీడకలే!",Anger
నేను ఉంటున్న హోటల్ గదిలో ఇంటర్నెట్ కనెక్షన్ ఎంత వేగంగా ఉందొ!  నేను వీడియో కాన్ఫరెన్సింగ్ చేయగలుగుతున్నందుకు చాలా సంతోషంగా ఉంది.,Happiness
అన్ని రోజులకు డబ్బులు కట్టే ముందు యాక్ట్ ఇంటర్నెట్ కనెక్షన్ని ట్రై చేసి చూడాలని ఒక్క క్షణం కూడా అనుకోలేదా?,Disgust
"అడ్రస్ సరిగ్గా ఎక్కడుందో వెతుక్కోవడంలో తికమకబడినా, నేను వెళ్ళాల్సిన చోటుకు చేరుకోగలిగానని సంతోషంగా ఉంది.",Happiness
"మీ పిల్లల సరికాని ప్రవర్తనను సమర్థిస్తూ, నా మీద తప్పు మోపడానికి చూస్తున్నారు.",Disgust
ఈ సమస్యల గురించి మాట్లాడితే నిన్ను పోగొట్టుకుంటాననని భయంగా ఉంది.,Fear
"నా ఆధార్ కార్డు ఇవ్వకపోతే, నా అప్లికేషన్ ప్రాసెస్ చేయనని ఆ అధికారి చెప్పాడు. రేపు మళ్ళీ రావలసి ఉంటుంది.",Sadness
మా తాజా ఉత్పత్తి పై కస్టమర్ల నుండి సానుకూల ఫీడ్ బ్యాక్ లేకపోవడంతో నేను కొంచెం నిరాశ చెందాను.,Sadness
ఈ డార్క్ చాక్లెట్ ట్రఫుల్ గొప్ప రుచిని రుచి చూస్తే తినకుండా ఉండలేం.,Happiness
"అన్ని టీవీ ఛానెల్లు వాళ్ళ టిఆర్పి రేటింగ్ల మీదనే శ్రద్ధ పెట్టుకుంటాయి, చూసేవాళ్ల  మీద ఎంత నెగటివ్ ప్రభావం ఉంటుందనే దాంతో సంబంధం లేకుండా రేటింగ్లను పెంచే ఏ సంచలనాత్మక వార్తలనైనా చూపిస్తాయి.",Disgust
"టీంలోవాళ్ళ మధ్య ఎప్పుడూ నడుస్తుండే గొడవలు, లోపల్లోపల కొట్లాటలు చీదరేస్తున్నాయి",Disgust
కస్టమర్ల క్షేమంకంటే లాభాలకు ఎక్కువ మొగ్గు చూపించే  వ్యాపారస్తులంటే నాకు పరమ అసహ్యం. ముఖ్యంగా మోసంచేసి నాసిరకం వైర్లని మంచివని చెప్పి అమ్మేవారంటే మరీనూ.,Disgust
"ఇంకోలా ఉంటే బాగుండు అనిపిస్తుంది, కాని చాలా మంది నాయకులు జనాల  మీద కంటే స్వల్పకాలిక లాభాల మీద దృష్టి పెడుతూ యువ తరాన్నిపెడదారి పట్టిస్తున్నారు.",Disgust
ఒక ప్రమాదంలో తన కుటుంబాన్ని పోగొట్టుకునప్పుడు అతడి గుండె బరువెక్కింది.,Sadness
అబ్బా! ముంబైకి దగ్గరలో ఉండే కొండలలో ఇంత అందమైన హైకింగ్ ట్రైల్స్ కనిపిస్తాయని ఎప్పుడూ అనుకోలేదు.,Surprise
మొరటుగా ప్రవర్తించే ఆ విజిటింగ్ డాక్టర్ను కలవటం నాకు ఇష్టం లేదు.,Anger
నేను వెళ్తున్న అడవి లోతుల్లోంచి ఒక మానవాతీత కూత వినగానే నేను వణికాను.,Fear
"కాన్సంట్రేషన్ క్యాంప్ను చూపించే సీన్ ఆ  సినిమాలో ఎంత ఘోరంగా ఉండిందంటే, కొన్ని రోజుల వరకు ప్రశాంతంగా నిద్రపోలేకపోయాను.",Disgust
మా అబ్బాయి అభిరుచులను వెనకేసుకొస్తున్న మా ఆవిడతో వాగ్వివాదానికి దిగాను.,Anger
"ఆ టీవీ షోలో ఎడిటింగ్ చాలా ఘోరంగా ఉండింది. అయోమయంగా, గందరగోళంగా అనిపించింది.",Disgust
తగ్గుతున్న జిడిపి వృద్ధి నా ఖర్చు చేసే శక్తి మీద ప్రభావం చూపుతుంది కాబట్టి అది నాకు కొంచెం ఆందోళనగా  అనిపిస్తోంది.,Fear
వీల్ గార్డ్ లేని బైక్ కొంటే వర్షం పడ్డప్పుడు నా వీపు మీద బురద చిందుతుందని భయంగా ఉంది.,Fear
"ఓపెన్ ఆటో లోంచి వర్షం వచ్చి నన్ను పూర్తిగా తడిపేసింది, నేను చలితో వణుకుతూ కూర్చున్నా.",Sadness
"ఇక్కడి నుండి ఇంక వెళ్ళిపోతున్నాను. నాకు టూ బెడ్రూమ్ అపార్ట్మెంట్ కావాలని ప్రత్యేకంగా చెప్పాను, నువ్వేమో వన్ బెడ్రూమ్ ఇళ్ళే చూపిస్తూ ఉన్నావు. నాకు సరైన ఇల్లు వెతకటం నీకేమాత్రం అక్కర్లేదు.",Anger
నెల్సన్ మండేలా మీద సినిమా చూసినప్పుడు పురోగమించిన నాగరికత అని చెప్పుకునేది ఒక మనిషిని అంత చిన్న గదిలో బంధించే అంత నీచానికి దిగజారుతుందని అనుకోలేదు.,Disgust
ఉత్పత్తి గురించి ఏమీ తెలీకుండా దాన్ని మేము  ప్రోమోట్ చెయ్యాలని ఉత్పత్తిదారులు ఆశించడం అసహ్యంగా ఉంది.,Disgust
"నేను సూపర్వైజర్ పనితీరును సమీక్షించాను, అతనికి ప్రతిఫలంగా  ఎక్కువ పారితోషకం ఇవ్వడం  నాకు సంతోషంగా ఉంది.",Happiness
ఆ స్టార్టప్ అప్రసిద్ధి నుండి కోట్ల విలువగల కంపెనీగా ఎంత త్వరగా మారిందో చూసి ఆశ్చర్యపోయాను.,Surprise
"తర్వాత బ్యాటింగ్కి వెళ్లాలంటే భయమేస్తోంది. మలింగ యార్కర్లు వేయడం మొదలుపెట్టాడు, అతని బాల్ నా తలకు తగలొచ్చు.",Fear
"అదేంటో, నా పాత ఆఫీసులో నేను ఆ ఉద్యోగాన్ని వదిలేశాను. ఒక్కరూ కూడా  నన్ను పట్టించుకోలేదు. ఒంటరినని ఎంత చిన్నబోయానో.",Sadness
స్పీకర్ మాట్లాడేటప్పుడు నిర్వాహకులు మైకును ఆఫ్ చేయడంతో ఆయన షాకయ్యారు.,Surprise
"ముంబైలో స్థానిక ఫ్యాషన్ ఎంత మోడర్న్గా, స్టైలిష్గా ఉంటుందో.",Happiness
ఆకలితో ఉన్న ఆ బిచ్చగాడి కోసం నేను కొన్న ఆహారాన్ని నిర్లక్ష్యంగా చెత్తబుట్టలో పడేసినప్పుడు నాకు విపరీతంగా కోపం వచ్చింది.,Anger
ఓ బోల్ తాజా పండ్లు తిన్నాక నాకు శక్తి వచ్చినట్లనిపించింది.,Happiness
పువ్వులను తొక్కొద్దు! అలా చేస్తే వాటిని అమ్మలేను!,Anger
నా షాపు ముందు స్టాల్ పెట్టుకోవద్దని మీలో ఒకరికి చెప్పినప్పుడల్లా నా మీద నాకే విరక్తి పుడుతుంది.,Disgust
బాగుంది. చాలా త్వరగా అయిపొయింది. రెండే సెకన్లలో నా డబ్బు బదిలీ అయిపొయింది.,Surprise
"అయ్యో, ఎంత జాగ్రత్తగా నాటిన విత్తనాలు మనం అనుకున్నట్టు పెరగనేలేదు. వాటిని చూస్తుంటే చాలా బాధగా ఉంది.",Sadness
ఫుట్బాల్ ఆటగాళ్లు మైదానంలో ఎప్పుడూ డైవ్ చేస్తూ ఉండడం ఆందోళన పుట్టిస్తోంది.,Disgust
వెనిస్ కాలువలలోని నీరు ఎంత కంపుగా ఉన్నాయంటే నాకు వాంతి వచ్చినట్టు అయింది.,Disgust
భారతదేశంలో మానవత్వం లేకుండా మొరటు పద్ధతులతో డబ్బులు దండుకునే స్థానిక వడ్డీ వ్యాపారులను నేను సహించలేను.,Disgust
ఒక కస్టమర్ నా ముఖం మీద ఉమ్మేశాడు కూడా. నా దగ్గర టిష్యూ లేకపోయేసరికి చేత్తో తుడుచుకోవాల్సి వచ్చింది.,Disgust
ఈ సంవత్సరం నా నెట్ఫ్లిక్స్ సబ్స్క్రిప్షన్ మీద భారీ తగ్గింపు వచ్చింది. ఇప్పుడు ఏ భయం లేకుండా ఎన్ని సినిమాలైనా చూడొచ్చు.,Happiness
కంపెనీలో నడుస్తూ ఉన్న బడ్జెట్ కోతలతో పని అంటే అందరికీ విరక్తి పుడుతోంది.,Sadness
నా న్యూస్ పేపర్తో నేను సాధారణంగా ఆనందించే పత్రికలు నా రోజులో రొటీన్లా మారాయి.  నువ్వు రేపు సెలవులో ఉంటే అవి రావని నిరుత్సాహం అనిపిస్తోంది.,Sadness
టైటానిక్ని చూడడానికి ఆ దురదృష్టకరమైన సబ్మెర్సిబుల్లో కిందికెళ్ళిన వాళ్ళ కుటుంబాల గురించి తలచుకుంటేనే నాకు బాధేస్తోంది.,Sadness
సైకిల్ దుకాణంలో నాకు నచ్చిన సైకిళ్ల ధరలను చూస్తూంటే నాలో ఆశ తగ్గిపోతుంది. షాపువాడు అస్సలు డిస్కౌంట్లు ఇవ్వట్లేదు.,Sadness
నిన్న నువ్వు నాతో అంత సీరియస్గా మాట్లాడుతుంటే విననందుకు నాకు చాలా బాధగా ఉంది.,Sadness
"మన ప్రత్యర్ధులు మరింత ఆకర్షణీయమైన ప్రమోషన్లు, తగ్గింపులు ఇస్తారేమోనని  ఆందోళనగా ఉంది.",Fear
మా కోడ్ డెలివరీ ఆలస్యమవుతుందని క్లయింట్కు చెప్పకపోవటంతో తప్పు చేసానని బాధపడుతున్నాను.,Sadness
"అబ్బా! ఈ టేబుల్ మురికిగా, చిందరవందరగా ఉంది, ఈ రెస్టారెంట్ చెత్త  కుండీలా, అసహ్యంగా ఉంది!!",Disgust
శతాబ్ది ఎక్స్ప్రెస్లో ఇచ్చిన ఆహారంలో ఒక వెంట్రుకను చూసి అసహ్యమేసింది.,Disgust
పారిస్లో రైల్వే క్లర్క్ నాతో ఇంగ్లీష్లో మాట్లాడనన్నప్పుడు నాకు అతడి మీద మండింది.,Anger
నా ఫండ్స్ చూసుకోడానికి మొదట్లోనే ఒక అడ్వైజర్ను పెట్టుకోలేదని నా మీద నాకే కోపంగా ఉంది.,Anger
హే! బెంగుళూరు నుండి చెన్నైకి వెళ్ళడానికి బస్సు టిక్కెట్ బుక్ చేసుకోడానికి ఇరవై శాతం ఆఫర్ వచ్చిందని చాలా సంతోషంగా ఉంది.,Happiness
"అబ్బో, స్టాక్ మార్కెట్ ఎప్పటికంటే పై స్థాయికి చేరుకుందంటే నమ్మలేకపోతున్నాను!",Surprise
"ఏ క్రీడలో అయినా పైకి రావటానికి క్రమశిక్షణ అన్నిటికంటే ముఖ్యమైన గుణం. అరగంట ఆలస్యంగా వచ్చి, అప్పటికీ గొప్ప ఆటగాడివి అవగలవనుకోకు.",Anger
హబుల్ టెలిస్కోప్ మనం కలలో కూడా చేరుకోలేనంత దూరంలో ఉన్న గెలాక్సీల ఫోటోలు తియ్యగలిగిందంటే ఆశ్చర్యమనిపించింది!,Surprise
నేను పెట్టుబడి పెట్టిన కంపెనీ స్కామ్ అని తేలిందంటే నమ్మలేకపోతున్నాను. వాళ్ళ వాటాదారులకు అలా ఎలా చేయగలిగారు?,Anger
బ్యాంకుల దోపిడీదారు రుణ పద్ధతులు చూసి నాకు కోపం ముంచుకొచ్చింది.,Anger
భారత్ చేతిలో ఓడిపోయినప్పుడు ఇంగ్లాండ్ అభిమానులు మనల్ని నానా మాటలు అనడటంతో నాలాంటి భారత క్రికెట్ అభిమానులు కోపం పట్టలేకపోయారు.,Anger
స్నార్కెలింగ్ చేయడానికి కావాల్సిన  ఈత నాకు వచ్చునన్న నమ్మకం నాకు లేదు.,Fear
"కొన్నిసార్లు, స్ట్రెస్ ఎక్కువైనప్పుడు, భుజాల మీద భారాన్ని మోస్తున్నట్టు అనిపిస్తుంది.",Sadness
ఈ నెలలో నా ఎకౌంటులోకి యాన్యుటీ మొత్తం వచ్చినప్పుడు నేను తేలికగా ఊపిరి పీల్చుకున్నాను.,Happiness
తన డబ్బంతా పోగొట్టుకున్నాక ఆ వ్యక్తి ఒక ఆశా కిరణంకోసం వెతుక్కున్నాడు.,Sadness
బస్సు ఆలస్యం అయ్యిందని బస్సు వాళ్ళు క్షమాపణ చెప్పారు. దీని వలన అసలు నేనెళ్ళాల్సిన చోటుకు టైంకు చేరుకుంటానో లేదో అర్ధంకాక చాలా బాధేసింది.,Sadness
"ఒక నటుడిగా, ఆడిషన్ అయిపోయిన చాలా రోజుల తర్వాత వరకు పాత్ర తాలూకు దుఃఖ భారంతో  వంగిపోతున్నట్టు అనిపించేది.",Sadness
వెతకడం మొదలుపెట్టిన ఒకటి  రెండు వారాల్లోనే ఎక్కువమంది జనం తిరిగే ప్రాంతంలో నా వ్యాపారానికి అద్దె భవనం దొరకుతుందని అనుకోలేదు. అది చాలా ఉపయోగకరం.,Surprise
"పాత వంటగదిలోని టైల్సుతో  కొత్త టైల్సుని మీరు ఎంత సజావుగా మ్యాచ్ చేశారో చూస్తే  ఆశ్చర్యంగా ఉంది. మీరు మామూలు మేస్త్రి అని అనుకున్నాను, కానీ మీరు నిజానికి ఒక సృజనాత్మక మేస్త్రి అని నిరూపించారు.",Surprise
మా అత్తగారి ఆరోగ్యానికి ఏ ఇబ్బంది లేదని ఆ డాక్టర్ ఖాయంగా చెప్పినప్పుడు మేం తేలికగా ఊపిరిపీల్చుకున్నాం.,Happiness
"ఈ కళాఖండాలకు సరైన పరిశోధన, వివరణ అవసరం, చూడటానికి వచ్చే గుంపులకు మాత్రమే తృప్తి కలిగించటానికి చేసే శ్రద్ధలేని ప్రయత్నాలు కాదు.",Anger
చిరాగ్గా అనిపిస్తుంది ఎందుకంటే దాన్ని ఇవాళ శుభ్రం చేయించాలనుకున్నా.,Sadness
సిస్టీన్ చాపెల్ సందర్శనని రద్దు చేసినట్టు టూర్ ఆపరేటర్ ముందుగానే మాకు చెప్పకపోవడంతో  నాకు వళ్ళు మండింది.,Anger
"నా జీర్ణ వ్యవస్థ అన్ని రకాల ఆహారాలకు సర్దుకుంది అనుకుంటున్నాను, అందుకే భయం అనిపించట్లేదు.",Happiness
కోచ్కు క్రమశిక్షణ మరియు జట్టు మీద నియంత్రణ లేకపోవడం అసహ్యమేస్తోంది.,Disgust
ఈ వారం ముంబైలో హ్యారీ స్టైల్స్ ప్రదర్శన ఇస్తున్నాడంటే నమ్మలేకపోతున్నాను.,Surprise
"అయ్యో! ఈ కొత్త షాపు పాలసీ ఏమాత్రం సౌకర్యంగా లేదు. పద్ధతి లేని పార్కింగ్, కాలుష్యంతో ఈ చుట్టుపక్కల్లో మరిన్ని సమస్యలు పుట్టుకొస్తున్నాయి.",Disgust
గత నెల నా కొడుకు తన అండర్ గ్రాడ్యుయేట్ మేజర్ను కంప్యూటర్ సైన్స్ నుండి స్టాటిస్టిక్స్కు  మార్చినప్పుడు నాకు చాలా సంతోషమేసింది.,Happiness
"సంగీతంలో, డాన్స్లో వాళ్ళ సామర్ధ్యాల గురించి ఎంతో ఆశపడ్డాం.",Sadness
నేను డ్యాన్స్ చేస్తుంటే అందరూ నన్ను ఎగతాళి చేస్తుంటారు.,Sadness
రోజూ పొద్దున్న బేకరీ నుండి కాల్చిన తాజా బ్రెడ్డు వాసన ఆహా! స్వర్గంలా ఉంటుంది.,Happiness
"వెయ్య  మంది జనం ముందు నన్ను మాట్లాడమన్నారు. వేదిక మీదకు అడుగుపెట్టగానే నా కాళ్లు వణికాయి, నోరు ఎండిపోయింది.",Fear
డిజైనర్లమైన మేము ఉత్పత్తి కురేషన్లో  చేసే కృషిని కస్టమర్లు  గమనించకపోతే చాలా నిరుత్సాహంగా అనిపిస్తుంది.,Sadness
కెమిస్ట్రీ ల్యాబ్ నుండి వచ్చే కంపు తట్టుకోలేను బాబోయ్!,Disgust
"మీ కౌన్సిలింగ్ నన్ను ఇంత లోతుగా సవాలు చేస్తుందని నేను అనుకోలేదు! నా భయాలు, దౌర్బల్యాలను అదుపు చెయ్యడం చాలా కష్టంగా ఉండింది, కానీ నా భయాలను అది సానుకూలంగా మార్చటం ఇప్పటికే కనపడుతోంది.",Surprise
వదిలేసిన కుక్కలను నేను నీడనివ్వలేకపోతున్నానని నిస్సహాయంగా అనిపిస్తుంది.,Sadness
"ఒక అకౌంటెంట్గా, ఆర్థిక రికార్డులు లేకపోవడం, వ్యాపారాల అస్తావ్యస్తమైన బుక్ కీపింగ్ వల్ల పన్ను దాఖలు చేయటం కష్టం అవ్వటం చూస్తే దిగ్భ్రాంతి అనిపించింది.",Disgust
విరాళాల గురించి మనం మాట్లాడుకున్న ఒప్పందాన్ని మీరు వెనక్కి తీసుకుంటున్నారంటే నమ్మలేకపోతున్నాను.,Anger
"బీమా సేల్స్ మెన్ ముందు జనం  పాలసీలు తీసుకోనేట్టు చేసి, ఆ తర్వాత  కనీకనపడకుండా రాసే విషయాలు వివరించే విధానం నాకు వికారం అనిపిస్తుంది.",Disgust
మా కొత్త మార్కెటింగ్ ప్రచారానికి కస్టమర్ల ప్రతిస్పందనలు ఎలా ఉంటాయో అని భయంగా ఉంది.,Fear
క్లబ్లో రాత్రంతా పెద్దగా మ్యూజిక్ వింటూ డ్యాన్స్ చేశాను. చాలా బాగుండింది.,Happiness
నా క్రెడిట్ కార్డ్కు ఎన్నో ఉపయోగకరమైన ప్రయోజనాలున్నాయి. మొన్న నాకు ఎయిర్పోర్ట్ లాంజ్కి ఫ్రీ యాక్సెస్ వచ్చింది.,Happiness
"ఇక్కడ కొన్ని మంచి నాణ్యమైన ప్రీ ఓన్డ్ పుస్తకాలు దొరుకుతాయని చెప్పారు, కానీ వీటిలో చాలా పుస్తకాలలో చిరిగిన పేజీలే ఉన్నాయి.",Anger
వాళ్ళ రంగాల్లో గుత్తాధిపత్య సంస్థలుగా ఉన్న కంపెనీలను ప్రభుత్వం కూల్చేయకపోవటం మా కజిన్కు ఏమాత్రం నచ్చట్లేదని చెప్పాడు.,Anger
ఈవెంట్ మేనేజర్ ముందుగా చెప్పిన రకరకాల సర్వీసులు మా ఈవెంట్కు అందుబాటులో లేవంటే నాకు నీరసం వచ్చినట్టు అయింది.,Sadness
"ప్రియమైన ప్రయాణీకులారా, మీ రైలు టికెట్ విజయవంతంగా రేపటికి వాయిదా వేశాం. మీ ప్రయాణం బాగా సాగాలి!",Happiness
కొత్త చట్టాల వల్ల నా డ్రైవింగ్ లైసెన్స్ ప్రక్రియ అనుకున్న దానికంటే ఎక్కువ సమయం పట్టవచ్చని విని నాకు నీరసం వచ్చినట్టు అయింది.,Sadness
నా పీహెచ్డీ ప్రోగ్రామ్ అంచనాలు  నన్ను కొంచెం  భయపెడుతున్నాయి.,Fear
"మా ఆవిడ టీ తయారుచేసే పద్ధతి నాకిష్టం, కనీసం రెండు కప్పులు తాగకుండా నా రోజు గడవదు.",Happiness
ఓ! మెట్రోలో సైకిళ్లను తేనిస్తారా. నాకిప్పటివరకు తెలియదే.,Surprise
"పేమెంట్ ప్రాసెస్ చాలా కష్టంగా ఉండింది, ఏ వివరణ లేకుండా కొరియర్ కంపెనీ తీసుకున్న ఎక్స్ట్రా ఛార్జీలు చూసి నమ్మలేకపోయాను.",Disgust
ఈ పాతకాలం నాటి కుర్చీల విలువ తెలుసుకోకుండా కొనడానికి వచ్చిన వాళ్ళను చూస్తే చాలా చిరాకొస్తోంది.,Anger
"ప్రపంచం ఎంత విశాలమైనదైనా, ప్రస్తుతం నేను ఇంట్లో ఒంటరిగా కూర్చోని ఉంటే ఒంటరితనం అనిపిస్తోంది.",Sadness
"నేను ధైర్యంగా రోడ్డు మీద నడపడానికి ముందు, డ్రైవింగ్లో నా నైపుణ్యాలను మరింత పరీక్షచేసి చూడడం అవసరమని, డ్రైవింగ్ స్కూల్ అనేసరికి కొంచెం నిరుత్సాహమనిపించింది.",Sadness
పోయిన సంవత్సరం మార్కెట్ నష్టాలలో నడుస్తున్నప్పుడు నా ఇన్వెస్ట్మెంట్ పోర్ట్ఫోలియోను చూస్తుంటే దిగులేసింది.,Sadness
"నాకు టీవీలో ""ది కాస్బీ షో"" పునఃప్రసారణ చూసి చాలా సరదాగా అనిపించింది.",Happiness
డైపర్లను ఊరగాయల పక్కన ఎందుకు పెడతారు?,Disgust
"నా ఫోన్లో బ్యాంక్ అప్లికేషన్ ఇన్స్టాల్ చేసినప్పటి నుంచి, ఏ చిన్న సమస్యకూ బ్యాంకుకెళ్ళాల్సిన అవసరం పడలేదు.",Happiness
ఒక టీవీ కార్యక్రమంలో ఒక మేజిషియన్ తనను తాను గాలిలో తేలేలా చేసుకున్నప్పుడు నమ్మలేకపోయాను.,Surprise
"వాళ్ళు ఒక గుంపుగా వెళ్ళారు, కానీ ఆమె ఒక్కతే తిరిగి వచ్చింది..",Sadness
"హె రాహుల్, నువ్వు ఇప్పుడు సీనియర్ సిటిజెన్ అయ్యుండొచ్చు కానీ ఇంకా చాలా బాగున్నావు.",Happiness
"సేల్స్మాన్ మాతో ప్రవర్తించిన పద్ధతి ఎంత చిరాకేసిందో, అతను మేం చెప్పిందసలు విననేలేదు.",Anger
బిల్లు తెరిచినప్పుడల్లా దిగులు పడతాను. గ్యాస్ సిలిండర్ ధరలు పెరుగిపోతూ ఉండటంతో నా ఖర్చుల గురించి ఆలోచించుకోవలసి వస్తోంది.,Sadness
చెన్నైలో షేర్డ్ ఆటోలలో ప్రయాణీకులు వేరేవాళ్ళతో ఆహారం పంచుకోవడం చూడముచ్చటేసింది.,Happiness
"స్థానిక వ్యాపారం నుండి పెద్ద ఆర్డర్ వచ్చి, దీర్ఘకాలిక కాంట్రాక్టు  మీద సంతకం చేసినప్పుడు మాకు ఎంతో ఆనందమేసింది.",Happiness
భారీగా మంచు కురుస్తున్నప్పుడు అర్ధరాత్రి వేళలో ఓ చిన్న యూఎస్ టౌన్కు పబ్లిక్ ట్రాన్స్పోర్ట్లో వెళ్ళాలనే ఆలోచన నాకు సౌకర్యంగా లేదు.,Fear
"మీకు పిచ్చా? ట్రీట్మెంట్ మొదలైనప్పుడు ఇంకో డాక్టర్ చెప్పింది నలభై ఐదు రోజులు రెస్ట్ అని కాదు. ఇరవై ఒక్క రోజులు రెస్ట్ తీసుకున్నాను, ఇప్పుడు ఉద్యోగానికి తిరిగి వెళ్లకపోతే నా ఉద్యోగం పోతుంది.",Anger
"రాహుల్! ఈరోజు పి.టి. సార్ మనకు ఎక్సర్సైజులు ఉండవు, ఓ గంట ఆడుకోవచ్చని చెప్పారు! త్వరగా వచ్చేయ్, బాల్ తెచ్చుకుందాం!",Surprise
నేను ఆరు నెలల కిందట రిటర్న్ చేసిన ఒక వస్తువు తాలూకు రీఫండ్ నా బ్యాంకు ఎకౌంటులోకి అనుకోకుండా రావడంతో ఆశ్చర్యం వేసింది.,Surprise
"సార్, మీరు ఐదు నిముషాల క్రితం లొకేషన్ చేరతానని చెప్పారు. ఎక్కడ ఉన్నారు?",Anger
"ఈ హోటల్లోని స్విమ్మింగ్ పూల్ శుభ్రంగా లేక, చూస్తే వికారమనిపిస్తుంది ఎందుకంటే దానిని పదిహేను రోజులకోసారి మాత్రమే శుభ్రం చేస్తారు.",Disgust
స్టాక్ మార్కెట్ బబుల్ వచ్చే అవకాశం ఉందని నాకు కొంచెం భయంగా ఉంది.,Fear
నిజాయితీగా చెప్పాలంటే వాళ్ళు ఇంతగా రాణిస్తారని నేను ఊహించలేదు.,Surprise
"ఇవాళ నువ్వేమీ తినలేదు, కానీ నీ చెక్కర స్థాయి మామూలుగా ఉంది.",Surprise
"ఆ కొరియర్ కంపెనీ నా ఉత్తరాన్ని డెలివర్ చేయకుండా, నన్ను వచ్చి దానిని తీసుకెళ్ళమని చెప్పినప్పుడు నాకు కోపం వచ్చింది.",Anger
"సమాచారం కావాలని నేను అడుగుతూ ఉన్నా క్లయింట్ పలకడం లేదు, అలాగే మా లీడర్షిప్ టీం కూడా సహాయం చేయట్లేదు, దాంతో నా ఉత్సాహం చచ్చిపోయింది.",Sadness
"నిన్న రాత్రి తెలియక హాస్టల్ మెస్లో కుళాయి పగలగొట్టాను, వాళ్ళు నన్ను తిడతారని చాలా భయంగా ఉంది.",Fear
ప్రతిరోజూ పొద్దున్నే తన వెంటపడే  కుక్కల గుంపును చూసి ఆ న్యూస్పేపర్ బాయ్ చచ్చేంత భయపడుతున్నాడని చూశాను. అందుకని తగిన చర్యలు తీసుకోవాలని నేను కార్పొరేషన్తో మాట్లాడాను.,Fear
"దురదృష్టవశాత్తు నాకు చాలా సమస్యలు  వచ్చాయి, ఇప్పుడిక నేను మీతో బ్యాంకింగ్ చేయాలనుకోవట్లేదు.",Disgust
సినిమా హాళ్లు ముసలి వాళ్ళ అవసరాలను పట్టించుకోవడం లేదని పిచ్చి కోపంగా ఉంది.,Anger
నేను నత్తను తాకవలసి వచ్చినప్పుడు  నా ఒళ్ళు జలదరిస్తుంది.,Disgust
యే లోపంలేకుండా కొత్త మోడ్యులర్ కిచెన్ పూర్తవుతుందని ఎంతో ఆశపడ్డాను. కానీ వంటింటి గట్టు మీద గీతలు చూసి చాలా బాధేసింది.,Sadness
"టీమ్  సభ్యులు సరిగ్గా కలిసి పని చెయ్యలేరు, అందుకే రాబోయే గ్రూప్ ప్రాజెక్ట్ తలుచుకుంటేనే నాకు గుండెల్లో దడ పుట్టుకొస్తుంది.",Fear
ఆ టెక్నికల్ ఉద్యోగి ఈ కంపెనీలో ఉన్న సమయంలో అతడి పని అనుభవం ఎంతగా మెరుగైందో చూసి నాకు చాలా సంతోషమనిపించింది.,Happiness
"ఇప్పటికి కనీసం మూడు రైడ్లు బుక్ చేస్కున్నాను, కానీ ప్రతి సారి డ్రైవర్ క్యాన్సెల్ చేస్తున్నాడు.",Sadness
"ఎర్తింగ్ లేని విద్యుత్ పరికరం కొని, కనెక్ట్ చేసినప్పుడు నాకు నిజంగా పిచ్చి షాక్ కొట్టింది.",Fear
మిమ్మల్ని నా ఆటోలో మీరెళ్ళాల్సిన చోటుకు తీసుకెళ్లాలా వద్దా అనేది నా ఇష్టం. నన్ను అడగడానికి మీరెవరు?,Anger
"ఈ యానివర్సరీ పర్ఫెక్ట్గా ఉండవలసింది, తనకు మంచి అసలుసిసలైన వస్తువును బహుమతిగా ఇవ్వాలనుకున్నాను. కానీ నా బడ్జెట్ కారణంగా డిజైన్ విషయంలో ఖచ్చితంగా సర్దుబాటు  చేస్కోవలసి వస్తుందని అనిపిస్తోంది.",Sadness
"మిమ్మల్ని నేనెప్పుడూ పాత కాలపు పెట్టుబడిదారుడు అనుకున్నాను, మీరు మ్యూచువల్ ఫండ్ల మీద షేర్ మార్కెట్లో మీ డబ్బు రిస్క్ చేస్తారనుకోలేదు.",Surprise
"ఆ డాక్యుమెంట్లు ఓ బాధాకరమైన నిజాన్ని బయటపెట్టి, నమ్మకాన్ని వమ్ముచేసాయి. సంపద గురించి మిణుకుమనే ఆశను కూడా అర్పేశాయి. దాంతో ఆ గది నిశ్శబ్దంతో నిండిపోయింది.",Sadness
ప్రభుత్వం అవినీతిని బయట పెట్టే విజిల్ బ్లోయర్ల నోరు మూయించడం చూస్తే నా రక్తం మరుగుతుంది.,Anger
మాట్లాడుకోవటం ఆపేసి ఇంక పనికి తిరిగి వెళ్ళండి.,Anger
వేడుకలో హైలైట్గా ఉండబోయే మా కస్టమ్ మేడ్ కేక్తో ఆశ్చర్య  ఆనందాలలో ముంచెత్తడానికి సిద్ధంగా ఉండండి,Surprise
"ఆ క్లీనింగ్ సూపర్వైజర్ పట్టుబట్టి ఆఫీసును అందంగా తీర్చిదిద్దడం గురించి, నేను, నా టీం గొప్పగా ప్రశంసలు కురిపించాం.",Happiness
"యాక్, నీ బట్టలు అలా కొరకొద్దు.",Disgust
"నమ్మకమైన ఫ్రిజ్ వస్తుందనుకున్నాను, కానీ దాని సమస్యలతో వేగుతుంటే నా ఉత్సాహమంతా నీరుగారిపోతోంది.",Sadness
పోయిన శుక్రవారం స్టోర్లో ఏదో డిస్కౌంట్ సేల్ నడుస్తోందని చూశాను. ఆ సేల్ ఇంకా నడుస్తోందా లేదా అని ఆందోళనగా ఉంది.,Fear
పడిపోతానేమోనని నాకు ఎత్తులంటే భయం.,Fear
"నా చిన్న బేకరీ చాలామంది తిరిగే దారిలో, హాయిగా, సందడిగా ఉండే ప్రాంతంలో ఉంటుందని ఊహించుకున్నాను, కానీ అందుబాటులో ఉన్న చాలా ఖాళీ స్థాలాలు మరీ చిన్నగా ఉండటం, అభివృద్ధి లేని చోట్లలో ఉండటం చూసి నిరాశనిపించింది.",Sadness
డ్రైవర్ ఇవాళ చాలా దురుసుగా నడుపుతున్నాడు. ఈ బస్ ఏమైనా యాంబులెన్స్ అనుకుంటున్నాడా?,Anger
ఆ వంటకం వంక చూడను కూడా చూడలేను తినడం అసలు ప్రశ్నే లేదు.,Disgust
షాప్ వాళ్ళు నా పాడైన టీవీని ప్రపంచ కప్  మొదలయ్యే లోపు రిపేర్ చేయగలుగుతారా అని దిగులుగా ఉంది.,Fear
"సుబ్రమణియన్ గారు చాలా నవ్వించే కమెడియన్. అతడి షోకి వెళ్లడం చాలా మంచి ఆలోచన, పార్వతీ.",Happiness
"సాధారణ సర్వీసింగ్కి న్యాయమైన ధర ఉంటుందని అనుకున్నాను, కానీ ఈ బిల్లు దారిదోపిడిలా ఉంది! నాతో తమాషా చేస్తున్నారా?",Anger
"మేము మీ అభిప్రాయానికి ఎంతో విలువిస్తాం, ఇలాంటి విషయాలు చాలా సీరియస్గా తీసుకుంటాం.",Fear
"హాయ్ రవి, నేను రిజల్ట్స్ చూశాను,  చాలా ఆశాజనకంగా ఉన్నాయి.",Happiness
ఫౌల్ జరిగిన ప్రతిసారీ రిఫరీల చుట్టూ గుమికూడి వాళ్ళని వేధించే ఫుట్బాల్ ఆటగాళ్ళంటే నాకు అసహ్యం వేస్తుంది.,Disgust
నాకు సహాయంగా ఉండమని చెప్పాను! నీ వల్లే ఆటలో ఓడిపోయాను!,Anger
వివరాల మీద ఇంతటి శ్రద్ధ పెట్టి మాడ్యులర్ కిచెన్ను ఇంత వివరణాత్మక పద్ధతిలో తయారుచేస్తారని నేనసలు అనుకోలేదు! ఇది నేను ఊహించిన దానికంటే ఎక్కువ.,Surprise
మన కామాక్షికి ఎంట్రన్స్ పరీక్షలో సెకండ్ ర్యాంక్ వస్తుందని ఎవరనుకున్నారు?,Surprise
యుకేకి వెళ్ళేటప్పుడు స్థానిక కరెన్సీ మార్పిడి నా వల్ల అవుతుందా అనేది నాకు ఖచ్చితంగా తెలియదు.,Fear
మధుమేహానికి దానిమ్మ మంచిదో కాదో నాకెలా తెలుస్తుంది?,Anger
మా వాట్సాప్ గ్రూప్లో అడ్మినిస్ట్రేటర్లు భారతీయుల గురించి అమర్యాదకరమైన కామెంట్ను పెట్టనిచ్చినందుకు నాకు భలే కోపమొచ్చింది.,Anger
ఆ రంగస్థల నాటకం అనుభవం ఉన్నవాళ్ళు చేసినట్టు ఏ మాత్రం లేదు. ఏదో హైస్కూల్ నాటకంలా అనిపించింది.,Disgust
"నేను ప్రశాంతంగా ఉండటానికే ప్రయత్నిస్తాను, కానీ ఎన్ని రోజులుగా ఘోరమైనవి ఊహించుకుంటూ ఉన్నానంటే నేను మారడం కష్టమే.",Disgust
"మీ బాధ్యతలను వదులుకుని ఇక్కడనుంచి వెళ్లిపోవడానికి సిద్ధంగా ఉంటే, ఇక్కడ మీకున్న పని  అనుభవానికి అర్ధం లేనట్టే.",Anger
దుకాణం గోడల మీద పిచ్చి రాతలు రాస్తున్న కొంతమంది చుట్టుపక్కల వాళ్ళతో నాకు చిరాకొస్తోంది.,Anger
ఏ వివరణ ఇవ్వకుండా ఎయిర్లైన్  మా విమానాన్ని ఆలస్యం చేసింది.,Anger
కరెంటు పోయిన చాలా సేపటి తర్వాత కరెంటు వచ్చినప్పుడు నేను ఆనందం పట్టలేకపోయాను.,Happiness
"ఇవాళ్ళ అనుకోకుండా పొద్దున్నే నాలుగున్నరకే నిద్ర లేచాను, దాంతో ఆ వేళప్పుడు మొదటిసారి ప్రార్థన చేసుకోగలిగాను.",Surprise
"మా హోటల్ గది శుభ్రంగా లేకపోవడం, మీ హోటల్ సిబ్బంది మేము ఎన్ని సార్లు చెప్పినా పట్టించుకోక పోవడంతో మాకు ఎంత అసహ్యమేసిందంటే ఇంక ఇక్కడ ఉండటం మాకు ఇష్టం లేదు.",Disgust
కడిగేటప్పుడు నాకు ఎదురైన సమస్యలు నాకు చాలా ఆశ్చర్యమేశాయి.,Surprise
"మా అమ్మాయి పుట్టినరోజు కోసం బహుమతులు కొనడానికి నా దగ్గర సరిపడా డబ్బులుండటంతో, ఉత్సాహంగా ఆ అందమైన స్టోర్లోకి వెళ్ళాను.",Happiness
"ఈ మ్యూజియం చూడటానికి డబ్బు కట్టి వచ్చాను, ఈ కళాఖండాలతో నాకు ఎలా ఇష్టమైతే అలా  చేస్తాను!",Anger
బెడ్లో విడిభాగాలను కలపటం ఎలా చేస్తారో అని నాకు చాలా ఆందోళనగా ఉంది.,Fear
నా రెండు కుక్కలు హాయిగా తిరగడానికి వీలుగా గార్డెన్ ఉన్న సౌకర్యమైన ఇల్లు అద్దెకు దొరికినందుకు ఆనందంగా ఉంది.,Happiness
ట్రాఫిక్  రెండు వైపుల నుంచీ ఒక పద్ధతి లేకుండా నడుస్తున్నా ప్రమాదాలు లేకపోవటం చూసి వేరే దేశాల వాళ్ళు ఎప్పుడూ ఆశ్చర్యపోతారు.,Surprise
నా స్టాక్ పోర్ట్ఫోలియో స్థిరంగా మార్కెట్ను అధిగమించినందుకు నాలో ఉత్సాహం ఉరకలేస్తోంది.,Happiness
"వాళ్ళు ముందుకు వెళ్ళిన తీరు, ఇంకా మొత్తం ప్రదర్శన నాకు ఎంతో ఆశ్చర్యం అనిపించాయి.",Happiness
"ఇవాళ్ళ మెట్రోలో ఎక్కువ రద్దీ లేదు, నాకు సీటు దొరికింది తెలుసా?",Happiness
గోధుమల బస్తాలో ఒక చచ్చిన ఎలుక కనపడింది.,Disgust
"అయ్యా, సిటీ బయట ట్రాఫిక్ జామ్ వల్ల ఇక్కడే కొంత సేపు మనం చిక్కుకుపోవచ్చు! కండక్టర్ నీరసంగా బస్సు దిగిపోయాడు.",Sadness
బోర్ కొట్టినప్పుడల్లా యూట్యూబ్ చూస్తుంటాను. కానీ ఈమధ్య చూడటానికి ఆసక్తికరంగా ఏమీ లేదు.,Sadness
మా అమ్మానాన్న ఎప్పుడూ నా జీవితంలోని ప్రతి అంశాన్ని అదుపులో పెట్టుకోవాలనుకునే పద్ధతి చాలా విసుగొస్తోంది. అది అన్యాయం.,Anger
దండెత్తి వచ్చిన వాళ్ళు మన దేశంలో గొప్ప లైబ్రరీలన్నిటినీ ఎందుకు నాశనం చేసారో తెలీదు.,Sadness
ఆమెకు నా పాన్ కార్డ్ చూపించకపోతే నా రిజిస్ట్రేషన్ క్యాన్సిల్ చేస్తానని చెప్పింది.,Fear
డబ్బులు తీసుకోకుండానే ఆ కేసును వాదిస్తానని ఆ అడ్వొకేట్ చెప్పినప్పుడు నా చెవులను నేనే నమ్మలేకపోయాను.,Surprise
నేను ఆయన పార్సల్ ఇంకా పంపలేదు కాబట్టి నాకు ఆ కస్టమర్ కాల్ తీస్కోవాలని లేదు.,Fear
"మీలాంటి మక్కువ, బాధ్యత ఉన్న పెట్ ఓనర్లతో కలిసి పనిచేయడం ఎప్పుడూ ఆనందమే.",Happiness
నాకు ఒక ముఖ్యమైన సమావేశం తప్పిపోయి దానివల్ల డబ్బు నష్ట పొబోతున్నానని మీకు తెలుసా? దీన్ని ఎంత మాత్రం ఒప్పుకోలేను.,Anger
వంటింట్లోకి ఇప్పుడే ఒక ఎలుక వెళ్ళడం చూసాను. అప్పుడే నా ఫుడ్ లో సగం తినేసాను. జబ్బు పడకుండా ఉంటే బాగుండు.,Fear
వ్యసనాలు వదిలేసినవాళ్ళు తమ జీవితాలు చక్కదిద్దుకోడానికి సహాయపడటంలో నా వంతు సహకారం అందిస్తాను. అప్పుడు వచ్చే సంతృప్తి మామూలుగా ఉండదు!,Happiness
"నాకు చాలా ఆకలేస్తోంది, నా హోటల్ రూమ్కి భోజనం ఆర్డర్ చేయడానికి ప్రయత్నిస్తున్నాను, కానీ ఆర్డర్ చేసే ప్రక్రియలో ఎదో సమస్య ఉంది, నాకు చాలా ఇబ్బందిగా  ఉంది.",Sadness
"నేను చెన్నై నుండి బెంగళూరు వెళ్తున్నప్పుడు, వెల్లూరు వరకు రెండు వైపులా పెద్ద ట్రక్కుల మధ్య  ఇరుక్కుని వెళ్తున్నప్పుడు, నాకు హైవే అస్సలు క్షేమంగా అనిపించలేదు.",Fear
"ఈ ఘర్షణలో వందలాది మంది చనిపోతుంటే, మణిపూర్ అనే ఈ తుఫానులో ఓదార్చే వాళ్ళు దొరకటం  కష్టం.",Sadness
పోయినసారి వర్షాలు పడ్డప్పుడు మా చుట్టుపక్కల భూమిలో నీళ్ళలో మురుగునీళ్ళు కలిసినప్పుడు అసహ్యమేసింది.,Disgust
హోటల్ గదిలో తగినంత టాయిలెట్ సామాన్లు పెట్టకపోవడంతో  నేను  సిబ్బందిపై అరిచేసాను.,Anger
ఇప్పుడే ఓ విలువైన సేకరణను  మంచి లాభానికి అమ్మేశాను.,Happiness
ఆ సినిమా చూడటం దండగ. నిన్న నా జీవితంలో మూడు  గంటలు పాడు చేసుకున్నాను,Disgust
"సర్వీస్ క్వాలిటీ బాలేదని నాకు చాలా బాధేస్తోంది, ఎందుకంటే నా ప్యాకేజీలను సరిగ్గా సంభాళించక పోవటం ఇదేం మొదటిసారి కాదు.",Sadness
"సంవత్సరం మొత్తం చదువుకోమని చెప్తానని నా మీద అరవడం మానేసి, ఇంక ముందుకైనా పాఠం నేర్చుకుంటావని అనుకుంటున్నాను.",Disgust
ఈమధ్య బయిట భోజనం కోసం నేను ఎంత ఖర్చు చేస్తున్నానో చూస్తే నాకే బాధగా ఉంటోంది.,Sadness
"మీ ఇంటర్నెట్ సమస్య తీర్చడానికి మా వాళ్ళు పది నిమిషాల్లో అక్కడ ఉంటారు, దయచేసి తొందరపడి ఇంటర్నెట్ ప్రొవైడర్ని మార్చొద్దు.",Fear
అడవిలో ఒంటరిగా ఉండడం అనే ఆలోచన నాకు హాయిగా లేదు.,Fear
నోటికి అడ్డం పెట్టుకోకుండా ఆహారం మీద ఇప్పుడే తుమ్మావా?,Disgust
"నేను కూడబెట్టుకున్న క్రెడిట్ కార్డు పాయింట్లతో నేను మనసుపడ్డ కారు కొనుక్కున్నప్పుడు, అది ఒక కలలా అనిపించింది.",Happiness
మాల్లో చేసిపెట్టిన బంకగా ఉండే ఆ చెత్త ఏంటో నాకు తెలియదని దాని దగ్గరకు వెళ్ళడం లేదు.,Disgust
షాపు రిఫండ్ కోసం ప్రయత్నించే వాళ్ళను ప్రోత్సహించదు కాబట్టి కస్టమర్లు రిఫండ్  పొందడం కష్టం.,Disgust
"రోజు పని పూర్తయినప్పుడు నిరాశకు గురికాకపోవడం కష్టం, ఇక మేము మాట్లాడటానికి ఒకచోట చేరతాము, పొలాల్లో మేం ఎదుర్కొంటున్న సవాళ్ల గురించి మా విసుగులను వెళ్లగక్కుతాము. బయటపెడతాము.",Sadness
"ఉడుతలు త్వరగా కరుస్తాయి, గీరుతాయని నేను వాటికి దగ్గరగా వెళ్ళడం లేదు .",Fear
"నా వీపు మీద చల్లని గాలి, వెచ్చని సూర్యరశ్మి తాకుతూ, కాలువ ఒడ్డున కూర్చుంటే ఆనందంగా ఉంటుంది.",Happiness
ఈ వాసన అసహ్యమేస్తోంది. త్వరగా డబ్బు కట్టేసి వెళ్లిపోదాం.,Disgust
ఆ యజమాని షాపు  తెరిచి ఉంటుందని చెప్పాక నూరు మైళ్ళు డ్రైవ్ చేసి వెళ్తే అది మూసేసుండడం చూసి నా కోపం కట్టలు  తెంచుకుంది.,Anger
"కళాశాలలో మొదటి సారి ఫైనాన్సియల్ అవార్డు గెలుచుకున్నపుడు గర్వంగా, సంతోషంగా అనిపించింది, అదో మంచి అనుభూతి.",Happiness
ఈ దుకాణంలో ఇన్వెంటరీ మేనేజ్మెంట్ పూర్తిగా అస్తవ్యస్తంగా ఉంది. ఏదీ ఉండాల్సిన చోట లేదు.,Disgust
"లీడర్షిప్ నాకు ఒక ప్రాజెక్ట్ నడపడానికి స్వేచ్ఛ ఇవ్వకుండా, అది విఫలం అయినప్పుడు నన్ను నిందిస్తుంటే అన్యాయంగా అనిపించి, నా రక్తం మరిగింది.",Anger
హో చి మిన్ నగరంలోని స్థానిక వీధి మార్కెట్లు షాపర్ల పాలిట స్వర్గధామం లాంటివి.,Happiness
పది మైళ్ళు ఈత కొట్టగలిగేదాన్ని కానీ ఇప్పుడు ఒక మైలుకే అలసిపోతున్నాను.,Sadness
"నా స్నేహితుడు తనకొక న్యాయం, మిగతవాళ్ళకొక న్యాయం అంటుంటే నాకు అతనిపై కోపమొచ్చింది",Anger
ఆ బ్యాంకు నన్ను అమెరికాలో ఉన్న మా అబ్బాయి ఎకౌంటును  నడుపుకోనివ్వట్లేదని పిచ్చి కోపంగా ఉంది.,Anger
"సమయపాలన, మంచి షెడ్యూలింగ్ ఎందుకు అవసరమో నేను స్పష్టంగా నొక్కిచెప్పాను, అయినా గదులు   శుభ్రంగా ఉండాల్సిన టైంకి  చెత్తగా ఉంటె నాకు పిచ్చి కోపం వస్తుంది.",Anger
గత మూడు నెలల్లో నేను పెట్టుబడి పెట్టిన షేర్ల ధరలు అట్టడుగుకు చేరినప్పుడు నాకు దిగులుగా అనిపించింది.,Sadness
"కాలం ఎలా కరిగిపోతుంది కదా. మా పాత బాత్రూంలో పాడైపోయిన టైల్స్ను చూస్తూ, ఏళ్లు ఎలా గడిచిపోయాయని ఆలోచిస్తుంటే.. లోపల ఏదో భారంగా అనిపించింది.",Sadness
వయస్సు పెరిగేకొద్దీ డబ్బు నిర్వహణ ఎలా చెయ్యాలో తెలీకుండా మా అబ్బాయికి తన బ్యాంకు ఎకౌంటు మీద ఎక్కువ నియంత్రణ ఉండటం గురించి నాకు దిగులుగా ఉంది.,Fear
ఉడుత అంత చిన్న జంతువు ఇరవై ఐదు అడుగుల నుండి నేల మీద పడి ఎలా బతికుండగలదో ఊహించలేను.,Surprise
"ఆర్థిక సంవత్సరం ముగింపు దగ్గరపడే కొద్దీ, మేం ఎదుర్కొన్న ఆర్థిక సవాళ్ల భారం పన్నుల నమోదు తయారీకి నా ఉత్సాహాన్ని దెబ్బతీస్తోంది.",Sadness
ఛీఛీ! రెస్టారెంట్ వెనుక తలుపు నుండి నేరుగా మురిక్కాలువలోకి అడుగు పెట్టేసరికి అసహ్యంతో వెనక్కి వెళ్లిపోయా.,Disgust
"కొత్త వస్తువు మార్చేందుకు బదులు మెకానిక్ మరమ్మతు చేసిన పద్ధతి నాకు చాలా నచ్చింది. అది నన్ను, పర్యావరణాన్ని రక్షించింది.",Happiness
"ఆ ఆరోగ్య కేంద్రం ఎప్పటివరకో చెప్పకుండా మూసేసారని బాధేస్తోంది, అది మళ్లీ ఎప్పుడు తెరుస్తారో అనుకుంటున్నాను.",Fear
"ఈ ఆస్పత్రి నా కేసుని నడిపిన పద్ధతి పూర్తిగా అసహ్యమేస్తోంది.ఏమీ చెప్పకపోవటం, నా ఆరోగ్యం ఇబ్బందుల గురించి పట్టించుకోకపోవటం అస్సలు ఒప్పుకోగలిగేది కాదు.",Disgust
జనాలను బండ్ల మీద తిరగనివ్వకుండా రోడ్డు మీద నిర్మాణ సామాన్లు వదిలేయడం చూస్తే నాకు కోపమొస్తుంది.,Disgust
నేను కొన్ని ఎక్స్ట్రా న్యూస్ పేపర్లు అడగొచ్చా? లేకపోతే నా కుటుంబ సభ్యులు గొడవపడతారని భయంగా ఉంది.,Fear
"మీ కెరీర్, ఇంకా వ్యక్తిగత జీవితం గురించి నేను ఏదైనా తప్పుగా అంటానేమో లేదా అడగుతానేమో అని నాకు దడగా  ఉంది.",Fear
"ఎలక్ట్రికల్ షాప్ వాళ్ళు వైర్ నాణ్యతకు ప్రాధాన్యత ఇస్తారని తెలిసి మనసుకు చాలా తేలికగా అనిపించింది. మా వాళ్ళ భద్రతకు, ఇంటి భద్రతకు ఇది చాలా అవసరం.",Happiness
"యుపిఎస్సికి ప్రిపేర్ కావడానికి ఓ సంవత్సరం సెలవు తీసుకున్నాను, అయినా క్లియర్ చేయలేదు. ఇప్పుడు నేనేం చెయ్యాలి?",Sadness
రోజుల తరబడి నా శాంతిని పాడు చేసిన ఈ  శబ్దం చేసే పనికిరాని ఫ్రిజ్తో వేగాల్సి వచ్చిందంటే నమ్మలేకపోతున్నాను!,Anger
"నేను బేకరీ వెనుకవైపు వెళ్లాను. చూద్దును కదా, అక్కడ చెత్త పేరుకుపోయి ఆ చోటు మొత్తం కంపరంగా ఉంది.  ఛీఛీ!",Disgust
అదసలు మా చెల్లి పుట్టినరోజు కోసం. మేం తనకు ఒక సర్ప్రైజ్ పార్టీ పెడుతున్నాము.,Happiness
"నేను కొత్త ల్యాప్టాప్ కావాలని అడిగాను, కానీ సహాయక సిబ్బంది నాకు కొత్తది ఇవ్వలేమని చెప్పారు.",Sadness
నా క్రెడిట్ కార్డ్ బిల్లు కట్టాలని చూసాను కానీ బ్యాంక్ సర్వర్లో సమస్య ఉండిందని ఇప్పటికే పదిసార్లు చెప్పాను. అది నా తప్పు కాదు!,Anger
మొబైల్ ఫోన్ని పడేసాక దాని స్క్రీన్ని బాగుచెయ్యడానికి అయ్యే ఖర్చు గురించి నాకు దిగులుగా ఉంది.,Fear
పక్కన ఉన్న స్వీట్ షాపులోంచి వస్తున్న సమోసా సువాసన..స్వర్గంలో ఉన్నట్టు అనిపిస్తోంది!,Happiness
ఈతకు బట్టలు తీసుకెళ్ళాను కానీ మేం ఉన్నన్ని రోజులూ మెయిన్టెనెన్స్ కోసం హోటల్ పూల్ను మూసి ఉంచేసరికి నిరాశ అనిపించింది.,Sadness
తన పోటీదారుడి కోట్ని చూడటానికి మేనేజర్ తన క్లయింట్ గదిలోకి చాటుగా దూరటం చూసినప్పుడు నాకు అసహ్యమేసింది.,Disgust
ఎయిర్ పోర్ట్ నుండి స్టేషన్ చేరుకోవడం ఆలస్యమైనందుకు నా కనెక్టింగ్ ట్రైన్ మిస్ అవుతానేమోనని దిగులుగా ఉంది.,Fear
"దెయ్యం ఎదురైతే అన్న ఆలోచనే నాకు వణుకు పుట్టిస్తుంది, బాబోయ్!",Fear
వెయ్య పేజీల పాత పుస్తకాన్ని చదవాలనే ఆలోచన నా కడుపు తిప్పుతోంది.,Disgust
గిగ్ ఎకానమీ జాబ్ మార్కెట్ ఆకారాన్ని  మారుస్తున్న వేగం చూస్తే ఆశ్చర్యమనిపిస్తుంది.,Surprise
అడ్వర్టైజ్ చేసినది కాకుండా వస్తువుకు వేరే ధర చెప్పి ఆ స్టోర్ మోసం చేయాలని చూసినందుకు నాకు మండిపోయింది.,Anger
"నేను చెన్నై నుంచి కన్యాకుమారికి ఏడు వందల కిలోమీటర్ల రోడ్ ట్రిప్కి వెళ్లాను, అది నా జీవితంలో అన్నిటికంటే గొప్ప అనుభవం.",Happiness
ధర తగ్గడం వలన మా లాభాలు తగ్గిపోతాయేమోనని దిగులుగా ఉంది.,Fear
"ఇక్కడ పెట్లకు అనుకూలమైన విధానం అద్భుతంగా ఉంది, నేనది ఊహించలేదు. బొచ్చుగల నా స్నేహితులు దీన్ని ఇష్టపడతారు!",Surprise
"అంతరిక్ష పరిశోధనల కోసం వనరులను వృధా చేయడం, దాని వల్ల పర్యావరణానికి హాని కలిగించబోవడం నాకు అసహ్యమేస్తుంది.",Disgust
వాళ్ళ ఉద్యోగాలకు బదులుగా యంత్రాలను పెట్టుకున్నప్పుడు జనం వీధుల్లో పోలీసులతో పోట్లాడారు.,Anger
నా ఖర్చులు తక్కువగా ఉన్నాయని ఈ నెల నా మనసుకు ఆనందంగా ఉంది.,Happiness
"పోయిన వీకెండ్లో రెస్టారెంట్లో నాకిష్టమైన వంటకాన్ని తిన్నాను, గొప్ప ఆనందం అనిపించింది.",Happiness
నా కంపెనీ నా ల్యాప్టాప్ని ఇంత త్వరగా మార్చి ఇస్తుందని అసలు అనుకోలేదు!,Surprise
"పెద్ద పెద్ద ఆసుపత్రుల్లో ఉండే ఈ డాక్టర్లకు ఏమీ చేతకాదు, అయినా కూడా ఎక్కువ ఫీజు వసూలు చేస్తారు, బిజీగా ఉన్నట్లు నటిస్తారు.",Anger
గొడుగు తేవడం ఎందుకు మర్చిపోయావు? ఇప్పుడు ఈ ఎండలో ఎలా కూర్చుంటాము?,Anger
"మీరు ఇప్పటికే నేరస్థులను పట్టుకొని ఉంటే, గత అరగంట పాటు సీసీటీవీ కెమెరా గురించి ప్రశ్నలతో నన్నెందుకు హింసించారు?",Anger
ఫైనల్ పరీక్షల ఒత్తిడిని నేను తట్టుకోలేనేమోనని నాకు  భయమేస్తోంది.,Fear
ఈ సంస్థకి ఆర్థిక అక్షరాస్యత కార్యక్రమాలు లేకపోవడం ఒకింత ఎబ్బెట్టుగానే ఉంది.,Disgust
కొరియర్ కంపెనీ పోగొట్టిన ప్యాకేజీకి అకస్మాత్తుగా నష్టపరిహారం వచ్చేసరికి నా నోట మాట రాలేదు.,Surprise
మీ అబ్బాయిని తర్వాతి క్లాసుకు పంపుతారనుకోను. అతడికి ఏ పరీక్షలోనూ మంచి మార్కులు రాలేదు.,Sadness
"మా కుటుంబానికి గుడికి దగ్గరలో పార్కింగ్ దొరుకుతుందని అనుకోలేదు, కానీ మాకు స్లాట్ చాలా తేలికగా దొరికింది.",Surprise
"అమ్మా, ఈరోజు లైన్లో సరిగ్గా నిలబడలేదని కామాక్షి మేడం నన్ను ఐదు రౌండ్లు పరిగెత్తించారు.",Sadness
ఏ మాత్రం సహాయం చెయ్యని మీ మొరటు సిబ్బందితో నేను ఇంక వేగలేను.,Anger
మా అబ్బాయికి ఇంజెక్షన్లంటే భయం వల్ల చేతులు అటూఇటూ కొట్టుకుంటాడేమోనని అతన్ని గట్టిగా పట్టుకొని ఉండాలంటే భయపడ్డాను.,Fear
"నా ఆర్డర్ల గురించి ఫ్లిప్కార్ట్ అదేపనిగా తప్పులు చేస్తూండటం చూసి ఇంక చాలు అనుకున్నాను, వాళ్ళ దగ్గర కొనడం మానేస్తాను.",Anger
"నా చుట్టూ ఉన్నవాళ్ళు నాకున్న కష్టాలేంటో పట్టించుకోకుండా, నన్ను చిన్నచూపు చూడటంతో విసిగిపోయాను.",Anger
నా ఎకౌంటు తయారు చేయడానికి ఇంత సేపు ఎందుకు తీస్కుంటున్నారు? నేనిక్కడ ఒక గంట పై నుంచి ఎదురుచూస్తున్నాను!,Anger
"మాడ్యులర్ కిచెన్  కొలతలు ఖచ్చితమైనవి కాకపోవచ్చని, ఇచ్చిన స్థలంలో క్యాబినెట్లు సరిగ్గా పట్టవని ఆందోళనగా ఉంది.",Fear
అబ్బో! యుపిఐ నెలకు దాదాపు పదమూడు లక్షల కోట్ల రూపాయల విలువైన ఎనిమిది వందల కోట్ల లావాదేవీలను నిర్వహిస్తుంది.,Surprise
"ఈ రోడ్ల మీద ట్రాఫిక్ చూస్తుంటే, బస్సు మనం చేరాల్సిన చోటుకి సమయానికి చేరుతుందో లేదో అనేదే నాకు దిగులుగా ఉంది. నేను ఓ ఫంక్షన్కి వెళ్ళాలి.",Fear
మీతో కప్బోర్డ్ ఎంపికల గురించి మాట్లాడాలనే ఆలోచన నన్ను  నిజంగా విస్తుపోయేలా చేసింది.,Surprise
ఒక కస్టమర్ లైన్ను పట్టించుకోకుండా పే చేయటానికి తన వస్తువులను ముందుకు పెట్టినప్పుడు నాకు చిరాకేసింది.,Anger
షాపు కౌంటరుపై  ఒక కస్టమర్ వదిలిపెట్టిన చెత్త కుప్పను చూసి  వికారం కలిగింది.,Disgust
"ఎప్పటినుండో నా కారు ఇంజిన్లో ఒక  వింత సమస్య ఉంది. ఇది చిన్నదే అయ్యుండాలని అనుకుంటున్నా, కానీ ఏం కొంప ముంచుద్దో అని మనసులో అలజడిగా ఉంది.",Fear
"క్రికెట్ స్టేడియంలో స్టాండ్ ఎంత కిక్కిరిసిపోయిందంటే, అది కూలిపోతుందేమోనని భయపడ్డాను.",Fear
ఈ వారం డీజిల్ ధరలు మళ్ళీ పెరిగాయా?,Surprise
"నేను రూమ్ సర్వీస్ కోసం మూడుసార్లు ఫోన్ చేశాను, అయినా ఎవరూ వచ్చే ప్రయత్నం చేయలేదు! హోటల్ వాళ్ళు ఇలా వ్యవహరించడం మంచి పని కాదు. ఇది బొత్తిగా తప్పు!",Anger
నా వెహికల్ నిపుణుడు నాకు మంచి ధరకు సెకండ్ హ్యాండ్ కారుని     వెతికిపెట్టినప్పుడు నాకు చాలా సంతోషం అనిపించింది.,Happiness
పోయిన నెల సంపాదించినది దాదాపు ప్రతి రూపాయి ఖర్చు చేసేసాను. ఈ నెల అద్దె కట్టలేననుకుంటా.,Sadness
జనాలకు ఆ బ్యాండ్ ఎందుకు నచ్చుతుందో నాకర్థం కాదు. వాళ్ళు ఎప్పుడూ ఒకటే సంగీతం వాయిస్తుంటారు.,Disgust
"స్టాక్ మార్కెట్ కొద్దిమందికి  ప్రత్యేకంగా ఎలా అనుకూలంగా ఉంటుందో చూసి నేను తట్టుకోలేను, నాకు చాలా కోపం వస్తుంది.",Anger
నాలో పాజిటివ్ ఎనర్జీ నిండుగా ఉంది.,Happiness
మా అబ్బాయి తన చదువు కోసం ఇన్నేళ్ళలో తీసుకున్న అప్పు గురించి తెలిసినప్పుడు దిగులుగా అనిపించింది.,Sadness
మా అబ్బాయి అంత గొప్పగా డ్రైవింగ్ చేస్తుంటే చూసి ఆశ్చర్యపోయాను! ఎవరి సహాయం లేకుండా వెయ్యి మైళ్ళకు పైగా నడిపాడు!,Surprise
"టిక్కెట్లు కొనడానికి తొందరగానే వెళ్ళాను, అయినా లైనులో నేను ముందుకొచ్చేలోపే అన్ని టిక్కెట్లు అమ్ముడైపోయాయి.",Sadness
టైటానిక్ దిగువ వరకు డైవ్ చేసి వెళ్ళడానికి ఆ యువకుడు చాలా భయపడ్డాడు.,Fear
కొత్త క్లయింట్ గురించి నువ్వు నన్ను హెచ్చరించినా నీ మాట విననందుకు నా మీద నాకే  కోపంగా ఉంది.,Sadness
"శ్రేయా ఘోషల్ పాడుతుంటే విన్నప్పుడల్లా, నాకు రోమాలు నిక్కపొడుచుకుంటాయి.",Happiness
"గత ఐదు సంవత్సరాలుగా మీరు వదలకుండా చేసే విమర్శలు, మీ అసంతృప్తి భరిస్తూ విసుగొచ్చేసింది.",Disgust
"మరొక ఆకర్షణ చూడడానికి  వెళ్ళగలిగినప్పుడు  ఈ కోటను ఎంచుకున్నందుకు అనుభవిస్తున్నాను, ఇక్కడ చాలా డబ్బులు ఖర్చు కూడా పెట్టాను.",Sadness
"ఈ దుకాణం ఎంత దుమ్ము పట్టి ఉందో, పైగా భయంకరంగా కంపు కొడుతోంది.",Disgust
ఉదయం ఎప్పుడైనా సిలిండర్ డెలివరీ అయ్యే అవకాశం ఉంటుందేమో అని ఆశ పడ్డాను. నేను బ్రేక్ఫాస్ట్ చేయడానికి గ్యాస్ సిలిండర్ కోసం ఎదురుచూడవలసి వస్తుందనుకోలేదు!,Surprise
ఇంటి ఇల్లాళ్ళకి వారు చేసే పనికి తగిన  గౌరవం ఇవ్వకపోవడం అప్పుడప్పుడు బాధాకరంగా ఉంటుంది.,Sadness
"పోలీసింగ్లో, నేరస్థులను పట్టుకోవడంలో మీ నైపుణ్యాన్ని బట్టి, నేరస్తులను పట్టుకోవడానికి మీకు కెమెరా ఫుటేజీ అవసరమనుకోలేదు.",Surprise
"వేరే వాళ్ళ డబ్బుతో పారిపోతే ఎలాంటి తీవ్రమైన పరిణామాలు ఉండవు, అందుకే వాళ్ళు అంత తేలికగా దొంగిలిస్తారు. పరారైన ఈ నేరస్థులను పట్టుకుని కొరడా దెబ్బలు కొట్టాలి.",Disgust
నా ల్యాప్టాప్లో ఎస్ఎస్డీ డిస్క్ ఇన్స్టాల్ చేసిన వెంటనే అది స్టార్ట్అప్ అయ్యేసరికి నేను నమ్మలేకపోయాను.,Surprise
"క్లయింట్ ఫీడ్ బ్యాక్కి సూపర్వైజర్ వెంటనే జవాబివ్వటాన్ని  మెచ్చుకున్నాను, అది క్లయింట్ కూడా గుర్తించారు.",Happiness
"మ్యానేజిమెంటు రవిచంద్రన్ అశ్విన్ను జట్టులో చేర్చకపోడంతో గవాస్కర్ తీవ్రంగా నిరాశపడి, దాన్ని నిస్సంశయంగా వ్యక్త పరిచారు.",Anger
"పాజిటివ్ వార్తలు, వ్యక్తుల విజయాలను మాత్రమే ప్రచురించే వెబ్సైట్లు ఉన్నాయా? ఏవైనా ఉన్నాయా అని నాకు తెలియదు.",Surprise
నా దుకాణం ఉండే బిల్డింగ్ ఓనర్  అద్దెను మూడు రెట్లు పెంచినప్పుడు నాకు పిచ్చి కోపమొచ్చింది.,Anger
పోయిన త్రైమాసికంలో నిలకడగా ఉన్న చమురు ధర ఆకాశాన్నంటడం చూస్తుంటే నిరుత్సాహంగా ఉంది.,Sadness
నా యాంటీక్ గడియారాన్ని మార్చి బదులుగా తీసుకున్న ఓ కొత్త ఫాన్సీ గడియారం ఒక వారంలోపే పని చెయ్యడం మానేసినప్పుడు నాకు బాధేసింది.,Sadness
"రోజూ నా ఫ్రెండ్కుండే నెగిటివిటి చూసి చూసి విసుగొస్తోందని వాడికి చెప్పి, పాజిటివ్గా ఉండమని చెప్పాను.",Anger
లోన్ ఎంపిక చేసుకునేటప్పుడు ఆలోచించవలసిన అంశాలు ఎన్నో ఉన్నాయని వాళ్ళు తెలుసుకోలేదు!,Surprise
ఎంత మంచి ఆలోచనో! మీరు ఉన్నట్టుండి అడిగిన కోరికకు మేము ఖచ్చితంగా సర్దుబాటు చేయగలం.,Surprise
ఈ అద్దె ఇంటి ఫ్లోర్ ప్లాన్లోనే హోమ్ ఆఫీసు ఉందట. అబ్బా! ఎంత మంచి ఆశ్చర్యం కలిగించే విషయం.,Surprise
"ఇంతకంటే చెత్త మెస్ నేనెప్పుడూ చూడలేదు. ఎప్పుడూ బోలెడు సేపు ఎదురు చూడాలి, తిండి ఎప్పుడూ చప్పగా చల్లారిపోయి ఉంటుంది.",Anger
రవాణా ఖర్చులు అదేపనిగా పెరుగుతూ ఉంటే నా గుండె తరుక్కుపోతోంది.,Sadness
"చివరి నిమిషంలో టిక్కెట్ రద్దు చేస్కోవడంలో నాకు సహాయం చేసినందుకు చాలా ధన్యవాదాలు ఆఫీసర్ గారు, మీ క్యాన్సెలేషన్, రీఫండ్ విధానాలు  చాలా సంతృప్తిగా ఉన్నాయి.",Happiness
"ఈ ప్రాజెక్ట్లో ఉండగల ప్రమాదాల గురించి నాకు చాలా ఆందోళనగా ఉంది, ఎంతంటే ప్రతిరోజు పొద్దున్న అవుతోందంటే భయపడి చస్తున్నాను.",Fear
"మా ప్రయాణంలో బస్సు పాడవుతుందేమో అని చాలా దిగులుగా ఉంది, దానివల్ల చాలా అసౌకర్యం, ఆలస్యం అవవచ్చు.",Fear
ఏ సమయమైనా సరదాగా ఉండే మా మామకు ఇంట్లో స్వాగతం చెప్పడానికి నాకు ఎప్పుడూ సంతోషమే!,Happiness
"డ్రాకులా సినిమా చూసిన తర్వాత, రాత్రిపూట చీకటిగా ఉండే చోట్లకు ఒంటరిగా వెళ్లడానికి భయపడ్డాను.",Fear
ఈ వారానికంతా నా పని పూర్తి చేసేస్తే అప్పుడు ఓ నెల సెలవు తీసుకోవచ్చని సర్ చెప్పారు!,Happiness
"సముద్రాన్ని చూసీచూడకుండా కొండ ఎటావాలుపై ఒంటరిగా ప్రశాంతంగా వీచేగాలిని, పక్షులను వింటూ హాయిగా కూర్చున్నాను.",Happiness
"అద్దె ఇంటి కిచన్ చూసి ఆనందం, ఆశ్చర్యంలో మునిగిపోయాను. అది నేను పింటరస్ట్లో చూసివాటిని బట్టి డిజైన్ చేసినట్లు ఉంది!",Surprise
ఫ్లైట్ ఓవర్బుక్ అవ్వడంతో చివరి నిమిషం వరకు నన్ను స్టాండ్బైలో ఉంచారు.,Fear
అబ్బ! నా మోడ్యులర్ కిచన్ ఆర్డర్ ఎంత  త్వరగా పూర్తి చేసారో చూసి నాకు ఆశ్చర్యంగా ఉంది. అది ఇంత త్వరగా రెడీ అవుతుందని నేను అనుకోలేదు.,Surprise
"రెస్టారెంట్లోని భోజన ప్రాంతంలో శుభ్రతను పట్టించుకోకపోవడం చూసి అసహ్యం వేసింది, నాకక్కడ తినాలనిపించలేదు.",Disgust
"రైల్వే బుకింగ్ క్లర్క్తో మాట్లాడితే, విషయాలను గందరగోళం చేస్తానేమోనని భయంగా ఉంది, ఎందుకంటే నేను ఇంతకు ముందు ఎప్పుడూ ఆన్లైన్లో బుక్ చేసుకునేవాడిని.",Fear
"నర్సు సూది సరిగ్గా గుచ్చలేదు, దాంతో అతని చేతి నుండి రక్తం కారటం మొదలై అక్కడంతా పడింది.",Disgust
"నాకు పెన్షనో, గ్రాట్యుటీనో కూడా రాదు, ముసలితనంలో ఎలా నడుపుకుంటానో తెలీదు.",Fear
"రెండ్రోజుల క్రితం, భోజన సమయపు రద్దీలో రెస్టారెంట్కి ఎదురుగుండా  పార్కింగ్ స్పాట్  దొరుకుతుందని నేను ఊహించలేదు.",Surprise
ఎక్కువ డబ్బులు వసూలు చెయ్యడానికి  డ్రైవర్ దూరపు దారిలో  వెళ్తుంటే నాకు కోపం వచ్చింది.,Anger
రాజకీయ నాయకులు ఇంగిత జ్ఞానంతో పరిష్కారాలను వెతకటం కంటే పక్షపాత గొడవలు ముఖ్యమన్నట్టు చూస్తుంటే చిరాకేస్తుంది.,Anger
అప్పులు తీస్కోని కట్టలేక తిప్పలు పడుతున్న వాళ్ళ మీద ఆ జాతీయ బ్యాంకుకి జాలి లేదంటే అసహ్యమేస్తోంది.,Disgust
"కాంట్రాక్టర్లు, రాజకీయ నాయకులు ప్రజలకు సహాయ పడకుండా ఎప్పుడూ డబ్బు సంపాదించుకోవాలనే చూస్తారు.",Disgust
గృహణులను గురిపెట్టకుండా డిటర్జెంట్లకు కొత్త అమ్మకపు వ్యూహమేంటి అసలు? ఆశ్చర్యంగా ఉంది.,Disgust
"నా సెకండ్ హ్యాండ్ పుస్తకం కోసం బుక్ సెల్లర్ ఇచ్చే ధర సరసమైనదో కాదో నాకు తెలియదు, దాంతో దానిని అమ్మాలంటే వెనకడుగు వేస్తున్నాను.",Fear
"ఈ విషయం మా దృష్టికి తెచ్చినందుకు థాంక్యూ. మీ అభిప్రాయాన్ని మేము నిజంగా గౌరవిస్తాం, మంచి బ్యాంకింగ్ అనుభవం అందించటం మా బాధ్యతగా అనుకుంటాం.",Sadness
మ్యూజిక్ క్లాస్లో పాడటం మీద దృష్టి పెట్టనప్పుడల్లా నాకు మా అబ్బాయి మీద కోపమొచ్చేది.,Anger
"ఇన్కమ్ టాక్సే కాకుండా విదేశీ చెల్లింపుల నా మీద ఇరవై శాతం పన్ను విధించారంటే రక్తం మరుగుతోంది, ముఖ్యంగా నేను వారికి ఓటు వేసినందుకు.",Anger
నా వెహికల్ నిపుణుడు నాకు మంచి ధరకు సెకండ్ హ్యాండ్ కారుని వెతికిపెట్టినప్పుడు నాకు చాలా సంతోషం అనిపించింది.,Happiness
"నువ్వు ఇన్నాళ్లూ ఎలా ఉన్నావో అలాగే ఉన్నావు, ఇప్పుడు మారిందేమీ లేదు, మరి నిన్ను బోర్డింగ్ స్కూల్లో చేర్చాలని మేం ఆలోచిస్తామని కూడా ఎందుకు అనుకున్నావు?",Surprise
ప్రభుత్వం మారిన తరువాత ఆర్థిక రంగం నుండి అన్ని ప్రతికూల వార్తలు రావటం వింటూ ఉంటే కొంచెం భయమేస్తోంది.,Fear
"నేను చేరుకోవల్సిన చోటుకి స్లీపర్ బస్సులో ప్రయాణం చేసి చాలా ఆనందించాను, రాత్రంతా విశాలమైన బెడ్డు మీద మాంచి నిద్ర తీసాను.",Happiness
వాళ్ళ ఇంట్లో స్టౌ ఆపకుండా వచ్చేసానేమో. ఇల్లు అంటుకుంటే వాళ్ళు నన్ను తిడతారు.,Fear
మసూరీలో ఆహారం చాలా రుచిగా ఉండింది. నా జీవితంలోకల్లా గొప్ప మలాయ్ కోఫ్తా అక్కడే తిన్నాను.,Happiness
"జనాలు రోడ్డుకి తప్పు వైపున డ్రైవ్ చేసి, ఆపై తాము చేసిన పనిని సమర్థించుకోవడం అవమానకరం.",Disgust
"అదృష్టవశాత్తూ, పోలీసులు నగరంలో శాంతికి విఘాతం కలిగించే విద్యార్థులకు ఎదురవబోయే కఠినమైన పర్యవసానాల గురించి మెసేజ్లు పంపారు.",Happiness
"ఇది క్లాసా, చేపల మార్కెట్టా? మీరంతా ఇప్పుడేే బెంచ్ మీద నిలబడండి!",Anger
"అఖిల భారత పాటల పోటీ న్యాయమూర్తులతో గాయకుడు అసభ్యంగా మాట్లాడాక, అతడి భవిష్యత్తును తలచుకుంటే భయమేసింది.",Fear
"మన దేశంలో, ఫిఫా ప్రపంచ కప్ కోసం ప్రపంచ స్థాయి జట్టును తయారుచేయడం మీద దృష్టి పెట్టలేనన్ని రాజకీయాలు ఉన్నాయి.",Disgust
ఇంత గొప్ప కారు మా వాష్ బేలోకి రావడం చూస్తానని నేను అనుకోలేదు.,Surprise
సాయంత్రం పూట ఆలా న్యూయార్క్ నగరంలో నడుస్తూ ఉంటె చాలా మంచిగా అనిపిస్తుంది. ఈ సిటీలో ఉత్సాహం అలా పాకేస్తుంది.,Happiness
"తనను హత్య చేస్తారనే భయంతో, తనకంటే ముందే ఆహారం తినడానికి చక్రవర్తి ఒకరికి జీతం ఇచ్చారు.",Fear
"నేనింక ఈ మబ్బు ఆట ఆడలేను. దాని నిండా అర్ధంపర్ధం లేని నియమాలు, వాటి వల్ల నేను ఎప్పుడూ గెలవను.",Anger
నాకిష్టమైన కాఫీ షాప్ ' విశ్రాంతి' కి ఇంత దగ్గరగా అద్దె ఇల్లు దొరుకుతుందని ఎప్పుడూ అనుకోలేదు. ఏదో బోనస్ వచ్చినట్టుంది!,Surprise
"నాకు గ్యాస్ వాసన వచ్చింది కానీ చెక్ చేయడానికి లైట్ స్విచ్ ఆన్ చేయటానికి భయపడ్డాను. పేలుతుందేమో, ఎందుకులే అనిపించింది.",Fear
అనవసరమైన కవరేజీ మీద బీమా కంపెనీలు ఎంత డబ్బు వసూలు చేస్తారో చూస్తే ఆశ్చర్యం వేస్తుంది.,Surprise
"సార్, అమృత్సర్ ఎక్స్ప్రెస్ బాగా మెయింటెయిన్ చేస్తారా? పోయినసారి ప్రయాణం చేసినప్పుడు నాకు వాంతి వస్తున్నట్టు అనిపించింది. టాయిలెట్లు అసహ్యంగా ఉన్నాయి.",Disgust
"నీ నిజాయితీ లేనితనం, గౌరవం లేకపోవడం చూసి నాకు అసహ్యం వేసింది.",Disgust
రేసు మీద ఎందుకు దృష్టి పెట్టలేవు? ఎప్పుడూ ఏదో ఒక ధ్యాసలో ఉంటావు. నా ఆశ చెడగోట్టావు.,Anger
"పావురాలు ఇంట్లోకి వచ్చి మురికి చేస్తాయని భయపడి, కిటికీలకు నెట్ వేసాను.",Fear
మీ సందర్భానికి సరిగ్గా సరిపోయేలా మీ కేక్ మీద ఒక మంచి మెసేజ్ రాసిస్తాం.,Happiness
"ఈ కౌన్సిలర్ నా సమస్యలతో వ్యవహరించే పద్ధతి నాకు నచ్చుతుంది. ఆమె సానుభూతి, సహనం చూపిస్తుంది.",Happiness
"నా వెన్ను బెణికినంత పనయింది, ఈసారి సిలిండర్ను జరపడానికి ప్రయత్నించినప్పుడు ఆశ్చర్యమేసింది, ఎందుకంటే గతంలో సిలిండర్ను ఇట్టే జరిపేవాణ్ణి.",Surprise
చెన్నైలోని కుమరన్ సిల్క్స్ షాపులో ప్రతి వస్తువుకు సైజు చార్ట్ ఉందంటే నమ్మలేకపోతున్నాను.,Surprise
మా స్టోర్ కస్టమర్ సర్వీస్ అసంబద్ధముగా ఉన్నందుకు కొంచెం నిరుత్సాహపడ్డాను.,Sadness
సినిమా కథలో ఎన్ని మలుపులు ఉండినాయి! అవి నేనసలు ఊహించలేదు.,Surprise
ఎక్స్  ఛానెల్లో టాక్ షో హోస్ట్లు ఎంత పక్షపాతం చూపిస్తారంటే అసహ్యం వేస్తుంది. వాళ్ళు రెండువైపులను ఎప్పుడూ సమానంగా చూపించరు.,Disgust
"అమ్మా, ఈ సంవత్సరం స్టేజ్ ప్లేలో నేను మహాబలి రాజుగా నటించొచ్చని మా టీచర్ చెప్పారు.",Happiness
నాతో పోట్లాడాలనుందా? నేను ప్రొఫెషనల్ రెజ్లర్ని! నీకు రక్తం వచ్చేలా కొట్టగలను.,Anger
"నేను సంవత్సరాలుగా ఈ బ్యాంకుకు నమ్మకమైన కస్టమర్గా ఉన్నాను, కానీ ఇవాళ నాకు చేసిన సర్వీస్ సంతృప్తిగా లేదు. నేను సూపర్వైజర్తో మాట్లాడాలని డిమాండ్ చేస్తున్నాను!",Anger
మన న్యాయస్థానాలు కేసులను పరిష్కరించడానికి సంవత్సరాలు తీస్కుంటుండటం చూస్తుంటే భలే కోపంగా అనిపిస్తుంది.,Anger
"అంబులెన్స్ డ్రైవర్ రోగిని తీస్కెళ్తూండనప్పుడు సైరన్ వేయడం చూసి నాకు కోపం, అసహ్యం అనిపించాయి.",Disgust
"నా లేడీ ఇన్స్ట్రక్టర్ చాలా ఓపికగా ఉందని ఆనందమనిపించింది, ఇది రివర్సింగ్, పార్కింగ్‌ను ప్రాక్టీసు చేసేటప్పుడు నిజంగా నా ఆత్మవిశ్వాసాన్ని పెంచుతుంది.",Happiness
రెండో ఆదాయం అనే ఎరవేసి ఆమ్వే జనాల్ని ఎలా వాళ్ళ సంస్థలోకి  తీసుకుంటోందో చూసి అసహ్యమేస్తోంది.,Disgust
ఆ ప్రసిద్ధ పర్యాటక ఆకర్షణ దగ్గర రద్దీగా ఉండటం వలన గైడ్ దాని చరిత్ర చెబుతుంటే వినలేకపోయానని బాధపడ్డాను.,Sadness
"నిజంగానే, నేనెళ్ళడానికి అన్ని చోట్లుంటే నా ఫ్రెండ్స్ మనాలినే ఎంచుకోవలసి వచ్చిందా? వాళ్ళు నా సమయాన్ని, ఇంధనాన్ని వృధా చేయాలనుకున్నట్టు ఉంది!",Anger
నా ప్రిలిమినరీస్లో గొప్పగా చేసాక మాస్టర్స్ ఫైనల్ పరీక్షలో నా మొదటి స్థానాన్ని ఇంకో విద్యార్థికి  కోల్పోయినప్పుడు అచేతనమైపోయాను.,Surprise
"మొత్తం ఈవెంటు ఒక వ్యక్తి ఉండటం మీద ఆధారపడటం ఘోరమైన పరిస్థితి, నేను లేకపోయినా ఈవెంట్ అడ్డంకులు లేకుండా నడవాలని ప్లాన్ చేసాను.",Fear
నా ఇంటి అద్దె బడ్జెట్లో పూర్తిగా ఫర్నిష్డ్ ఇల్లు దొరకింది! ఇది కదా సరసమైన లాభమంటే.,Surprise
"ఆ ఎలక్ట్రానిక్ షాప్ వాళ్ళు నాకు అమ్మిన టీవీ పనిచేయడం మానేసింది, ఇంకా దాని వారంటీ ప్రక్రియ కష్టమైనది అవటంతో నా బతుకు కష్టాలమయమైందని చిరాకేసింది.",Anger
"మన కార్బన్ విడుదలను తగ్గించి, డ్రైవింగ్ చేసే భారం ఇంకోళ్ళ నెత్తి  మీద వేసి, నాకు నా స్నేహితులతో కార్పూల్ చేయడానికి సంతోషంగా  ఉంటుంది.",Happiness
విమానంలో నా వెనుక కూర్చున్న ప్రయాణికుడు నా సీటుని దాటి కాళ్లు చాచి కూర్చోడం చూసి నా కళ్ళని నేనే నమ్మలేకపోయాను.,Surprise
"కార్తీక్! లైన్లోకి తిరిగెళ్ళు, మాట్లాడటం ఆపేయ్.",Anger
అపార్ట్మెంట్ కాంప్లెక్స్లో మాకు ఎలాంటి ప్రయోజనాలు కల్పించకుండా మెయింటెనెన్స్ ఛార్జీలు పెంచడం గురించి తీవ్ర నిరసన తెలియచేయాలనుకుంటున్నాం.,Anger
మీ దగ్గర స్టార్ వార్స్ నాటి విలువైన వస్తువు ఉందంటే నమ్మలేకపోతున్నాను.,Surprise
ఆ దుకాణంలో నాకు ఎంతో అవసరమైనప్పుడు సహాయం చేయడానికి ఎవరూ ఉండరు.,Disgust
ఆరోగ్య కేంద్రంలో ఎంతో అనుభవం ఉన్న వైద్యులు ఈ వారాంతంలో కన్సల్టేషన్కి  అందుబాటులో ఉంటారని సంతోషంగా ఉంది.,Happiness
నా సహోద్యోగికి ఆమె అడిగిన రెండువేల ఐదువందలకు బదులు ఐదు వేలు పదాల వ్యాసం రాసి ఇచ్చి ఆమెను ఆశ్చర్యంలో ముంచెత్తాను.,Surprise
ప్రత్యక్ష సంగీత వాద్యంతో వాతావరణం ఆహ్లాదంగా అనిపిస్తుంది.,Happiness
ఆ నటుడు అవార్డులకు ఎందుకు నామినేట్ అవుతూనే ఉంటాడో నాకు అర్థం కాదు. ఆయన అంత గొప్ప నటుడు కాదు.,Disgust
చెల్లుబాటు అయ్యే ఈ డిస్కౌంట్ కూపన్లను నేను కొన్న వాటికి బదులుగా తీస్కోవంటే నమ్మలేకపోతున్నాను.,Anger
హైవేపై డ్రైవ్ చేస్తున్నప్పుడు  అకస్మాత్తుగా కొన్ని గజాల వరకు కనిపించకపోవడంతో ఉలిక్కిపడ్డాను.,Surprise
మీ వెన్ను దెబ్బతింటుందని భయపడుతున్నాను.,Fear
"నాగాలాండ్లోని అక్కడి డాన్సర్ల నేర్పు, ఒయ్యారము మంత్రముగ్దులను చేస్తాయనుకో!",Surprise
"నేను న్యూస్ పేపర్ సభ్యత్వంతో సహా నెలవారీ బిల్లు కోసం బడ్జెట్ చేయాలని అనుకున్నాను, కానీ చూస్తుంటే రోజువారీ చెల్లింపునే  కొనసాగించాల్సి ఉంటుందనిపిస్తుంది.",Sadness
"నేను మొదటి సెట్ గెలుస్తాననుకున్నాను, కానీ చాలా తొందరగా అలిసిపోయాను. అదంతా నా తప్పే.",Sadness
స్థానిక ముంబై సందుల ఫుడ్ స్టాల్ల్స్ నుంచి వచ్చే వాసనలు నోరు ఊరిస్తాయి!,Surprise
"అడయార్లో కొత్తగా వచ్చిన షోకైన రెస్టారెంటులో ఎంత నాసిరకమైన సేవ ఉండిందో, మా పెళ్లి వార్షికోత్సవానికి మా ఆవిడను అక్కడికి తీసుకెళ్లినందుకు చాలా బాధపడ్డాను.",Sadness
విస్టాడోమ్ రైల్లో బెంగుళూరు నుంచి మంగళూరు  వెళ్తూ చూసిన అందమైన దృశ్యాలు నాకు ఇప్పటికీ గుర్తున్నాయి.,Happiness
అబ్బ! ఈ కమర్షియల్ అద్దె భవనంలో ఆశ్చర్యంగా ఇప్పటికే ఆఫీసు ఫర్నిచర్ ఉండటం ఖర్చును ఆదా చేసే పెద్ద విషయం.,Surprise
మాస్టర్స్ ప్రోగ్రామ్లో మా కోర్సు ప్రారంభించటం ఆరు నెలలు వాయిదా వేసారని తెలిసి గాభరా వేసింది.,Fear
"ఈ అద్దె ఇంట్లో ముందే సోలార్ పానెల్స్ ఇన్స్టాల్ చేసి ఉండటం చూసి  ఆశ్చర్యం, సంతోషం అనిపించాయి.",Surprise
ఆలస్యం చేసేందుకు ధోనీ వాడుతున్న ఎత్తుగడలు కోపం తెప్పించాయి.,Disgust
"నేను ఇంటర్నెట్తో సమస్య గురించి చెప్పగానే ఎప్పుడూ ఎవరో ఒకళ్ళు ఖచ్చితంగా వెంటనే వస్తామని చెప్తారు, కాని రోజుల తరువాత వరకు ఎప్పుడూ రారు.",Disgust
వాళ్ళ పుట్టినరోజును నిజంగా అద్భుతంగా చేసే ఒక బ్యాట్మ్యాన్ థీమ్ గల కేక్తో!,Surprise
భవిష్యత్తులో నాకు మరిన్ని సమస్యలొస్తే  ఏమౌతుందో నాకు తెలియడం లేదు.,Fear
ఓ! ఇదేనా పెట్రోల్ లేకుండా నడవగలిగే కొత్త హైబ్రిడ్ కారు?,Surprise
"గ్యాస్ డెలివరీ వ్యక్తి సిలిండర్తో వస్తున్నాడని చెప్పినప్పుడు నాకు ఉపశమనం కలిగింది, ఎందుకంటే ఆ సమయానికి అటు ఇటు నా రోజును ప్లాన్ చేసుకోగలవచ్చు.",Happiness
"నా జీవితంలో ఒత్తిడి, ఆందోళన నన్ను ఎంతలా వెనక్కి నెట్టివేస్తున్నాయో నేనెప్పుడూ గ్రహించలేదు. ఈ కౌన్సెలింగ్ ప్రక్రియ పూర్తిగా ఓ కొత్త దృక్పథం వైపు నా కళ్ళను తెరిపించింది!",Surprise
"తళ తళలాడే  సైకిళ్ల నాకు ఇష్టముండవు,  అవి నన్ను ఆడంబరంగా కనిపించేలా చేస్తాయని అసహ్యం, అందుకని కొనేటప్పుడు నేను వాటి వైపు కూడా చూడను.",Disgust
సిబ్బంది అందరికి ఒకే  టైంలో విరామ సమయం ఇవ్వాలనే  ఆలోచన నాకు అస్సలు నచ్చదు.,Disgust
"మీలాంటి అంకితభావం, అనుభవం ఉన్న అభ్యర్థిని వెతకడం మాకు చాలా కష్టం అవబోతోంది. ఈ విషయమే నా బుర్రను కలచివేస్తోంది.",Fear
నేను పికప్ కోసం ఇరవై కిలోమీటర్లు వెళ్ళే బదులు ఈ బేకర్ నుండి ఆర్డర్ చేసిన కేక్ ఇంటికే డెలివరీ అవుతుందంటే నాకు చాలా సంతోషంగా ఉంది.,Happiness
"నా చిన్న బేకరీ చాలా మంది తిరిగే దారిలో, హాయిగా, సందడిగా ఉండే ప్రాంతంలో ఉంటుందని ఊహించుకున్నాను, కానీ అందుబాటులో ఉన్న చాలా ఖాళీ స్థాలాలు మరీ చిన్నగా ఉండటం, అభివృద్ధి లేని చోట్లలో ఉండటం చూసి నిరాశనిపించింది.",Sadness
ఈ పాత్ర సంపాదించటానికి ఇది నాకున్న ఒక్కటే అవకాశమని తెలిసి క్యాస్టింగ్ డైరెక్టర్ ఆఫీసులోకి వెళ్తుంటే నా గుండె దడదడలాడింది.,Fear
సముద్రపు దొంగల కారణంగా నా ట్రక్కులను ఆఫ్రికాకు పంపాలంటే నాకు భయంగానే ఉంటుంది.,Fear
"మిమ్మల్ని నిరాశపరుస్తానేమో, నన్ను నేను నిరాశాపరుచుకుంటానేమో అని భయపడుతున్నాను.",Fear
"తర్వాత బ్యాటింగ్‌కి వెళ్లాలంటే భయమేస్తోంది. మలింగ యార్కర్లు వేయడం మొదలుపెట్టాడు, అతని బాల్ నా తలకు తగిలొచ్చు.",Fear
"నా బిడ్డకోసం ఖాతా తెరవడం గురించి నేను కొంత భయపడ్డాను, అది గందరగోళం కావడం నాకిష్టం లేదని బ్యాంక్ మ్యానేజర్కు చెప్పాను.",Fear
"ఒక ప్రముఖ విమానయాన సంస్థకు చెందిన ఇద్దరు ఫ్లైట్ అటెండెంట్లు ఒక ప్రయాణికుడిని ఎగతాళి చేసి, చేతులతో నేలమీదకి నొక్కెయ్యడం నమ్మలేక చూస్తుండిపోయాను.",Disgust
యాక్. అలా చెమట చేతులను చొక్కా మీద తుడుచుకోకు.,Disgust
"మీ దుకాణానికి వచ్చినప్పుడు ఎప్పుడూ మురికిగా, చిందరవందరగా ఉండటంతో అసహ్యమనిపిస్తుంది.",Disgust
క్లయింట్ ఆఫీసులో క్లీనింగ్ సూపర్వైజర్ సూచనలను అసలు పాటించకపోవడం వలన అది మురికిగా ఉందని చిన్నబుచ్చుకున్నాను.,Sadness
భారతదేశంలో ఫుట్బాల్ భవిష్యత్తు గురించి నాకు చాలా భయంగా ఉంది.,Fear
వా రే వాహ్! సైకిల్ షాపులోకి అడుగు పెట్టిన ఐదు నిమిషాల్లో నా బడ్జెట్లో ఇంత అద్భుతమైన బైక్ దొరుకుతుందని నేను ఊహించలేదు.,Surprise
పాత కోట గోడలపై పిచ్చి రాతలు  చూసి నాకు కోపమొచ్చింది.,Anger
మన కొత్త గ్యాలరీ ఓపెనింగ్కి వంద మంది వస్తారని ఎవరనుకొని ఉంటారు?,Surprise
"నువ్వు విషయాలను ఊహించుకోవడం మానేయాలి. అది నీ చుట్టూ ఉన్న వాళ్ళను ఇబ్బంది పెడుతోంది, దానివల్ల నాకు చిరాకొస్తోంది.",Anger
"జనాల చెంపల మీద ముద్దు పెట్టి  పలకరించాలంటే, నాకు మరీ సంతోషంగా ఉండదు, ఇబ్బందిగా ఉంటుంది.",Sadness
"వారు విరాళం ఇచ్చినప్పటికీ, పన్ను మినహాయింపుకు కావలసిన ప్రమాణాలను అందుకోలేకపోయాం.",Sadness
ఛీ! బ్రోకర్లు పెద్ద రిస్కున్న పెట్టుబడులతో అమాయక జనాలని లక్ష్యం చేసుకుంటున్న తీరు సిగ్గు చేటు!,Disgust
ఈ వీడియో ఎడిటింగ్ సాఫ్ట్వేర్ ప్రొఫెషనల్గా కనిపించే వీడియోలను తయారు చేయగలగటం చూసి ఆశ్చర్యమనిపించింది.,Surprise
ఈ పరికరం విదేశీ భాషలను వెంటవెంటనే అనువదించగలదా? చెవిలో పువ్వు పెట్టకు!,Surprise
మా అమ్మాయి పద్మ స్పోర్ట్స్ బాగా ఆడుతుంది. పోయిన ఏడాది వంద మీటర్ల పరుగు పందెంలో ఫస్ట్ వచ్చింది.,Happiness
"డ్రైవర్ ఆరు నెలలుగా తలంటి పోస్కోలేదు, అతని తల మీద ఈగలున్నాయి.",Disgust
"క్లయింట్ ఆఫీసులో క్లీనింగ్ షెడ్యూళ్ళను చక్కగా ఏర్పాటు చేసి, దానిని ఏమాత్రం మరకలు లేకుండా ఉంచిన సూపర్వైజర్ తీరు నాకు నచ్చింది.",Happiness
నార్త్ చెన్నైలో నా కారును పార్క్ చేస్తే నేను తిరిగొచ్చేసరికి నా కారుకి ఏమి కాకుండా ఉంటుందో లేదో చెప్పలేం కాబట్టి అక్కడ పార్క్ చేయాలంటే భయపడతాను.,Fear
"గ్యాస్ ఏజెన్సీ వాళ్ళు నాతో చాలా దురుసుగా మాట్లాడి, చట్టబద్ధంగా నాకు హక్కు ఉన్న అదనపు సిలిండర్ బుక్ చేయడానికి ఒప్పుకోనప్పుడు నాకు కోపం రేగింది.",Anger
"అబ్బే, కాఫెటీరియాలో మళ్ళీ ఆ రుచిపచి లేని సూప్ ఇస్తున్నారంటే నేను నమ్మలేకపోతున్నాను. వారంలో వాళ్ళు అది ఇవ్వడం ఇది నాలుగోసారి.",Disgust
ఈ సినిమా నేను అనుకున్నంత గొప్పగా లేకపోయినందుకు బాధగా ఉంది. దాన్ని ఎంజాయ్ చేయాలనుకుంటూ ఉండాను.,Sadness
నమస్తే అన్న. ఈరోజు నా మూడ్ చాలా బాగుంది. కాస్త నా గడ్డాన్ని కూడా శుభ్రంగా షేవ్ చేసేయ్.,Happiness
ఈ ఎలక్ట్రిక్ కుక్కర్కి ఉన్న కరెంటు ఎక్కువ కాలకుండా పనిచేసే  లక్షణాలు నన్ను ఆకట్టుకున్నాయి!,Surprise
వేరేవాళ్ళను పదిహేను మందిని తోసిపుచ్చిన తర్వాత ఒక వీసీ కొత్త పద్ధతిగల నా స్టార్టప్ ఆలోచనను అభివృద్ధి చేయడానికి నిధులు ఇచ్చారని నాకు భలే ఆనందంగా ఉంది.,Happiness
"ఒక జర్నలిస్ట్గా మతకలహాలు నడుస్తున్నాయని నువ్వు తప్పుడు వార్తలు ప్రచారం చేసినందుకు, పట్నంలో జనం భయంతో పరుగులు పెడుతున్నారు.",Fear
"బృహదీశ్వర ఆలయ చారిత్రక ప్రాముఖ్యత నాకు తెలియలేదు, అది తెలిసినప్పుడు చాలా విస్మయం అనిపించింది.",Surprise
నాకు కనపడేదల్లా ఎవరైనా ఆర్టిస్ట్ పాపులర్ అవగలరంటే వాళ్ళతో మీ పేరు చేర్చుకోవాలనే ఉబలాటం.,Anger
నా కారు పార్కింగ్ ముందే ఎవరో తన కారు పెట్టేసరికి నా కోపం నశాళాన్ని అంటింది.,Anger
"అబ్బా, అంత భయంకరమైన బరువు ఉండే  కేక్ గురించి ఆలోచిస్తేనే నా వెన్నులో వొణుకొస్తోంది .",Disgust
ఆయన అణు బాంబు తయారు చేయటం వల్ల జరిగిన వినాశానికి ఒపెన్హైమర్ దుఖం వ్యక్తం చేశారు.,Sadness
మా కస్టమర్ సర్వీస్కి కాల్ చేసినందుకు ధన్యవాదాలు. సహాయం చేయడానికి సంతోషిస్తున్నాము.,Happiness
కొంచెం బాధ్యతగా ఉండ లేవా? ఎప్పుడూ తాగేసి అర్థరాత్రి ఇంటికి వస్తావు.,Anger
"హోటల్లో శబ్దం భరించలేనంతగా ఉంది, దాని చుట్టూ నిర్మాణం శరవేగంగా నడుస్తోంది.",Anger
అమెరికాకు వెళ్ళడానికి అనుమతి కోసం దుబాయ్లో మా అబ్బాయికి బోర్డింగ్ పాస్ ఇవ్వనప్పుడు షాకయ్యాను.,Surprise
"క్యూలో నా వెనక నిలబడినాయన చెమటలు కారిపోతూ, కంపు కొడుతూ ఉండాడు.",Disgust
"ఎందుకు సార్ నా వైపు ఇలా చూస్తున్నారు? కాన్సిల్ చేసినందుకు నా  రిఫండ్ తీసుకోడానికొచ్చాను, మీరేమో నాకు అసహ్యం, రోత పుట్టేలా చేస్తున్నారు.",Disgust
"గో' అనే గేమ్లో లీ సెడోల్ మీద కంప్యూటర్ గెలిచిన తర్వాత అతను ఆ  గేమ్ ఆడటం మానేయాలని నిర్ణయించుకున్నాడు. అతడో గొప్ప ప్లేయర్,  అతడి గేమ్స్ చూడలేకపోతున్నానని బాధగా ఉంది.",Sadness
డ్రైవింగ్ స్కూల్ వాళ్ల దగ్గర చాలా ఎక్స్ట్రా లెసన్లు నేర్చుకున్నా కూడా నా డ్రైవింగ్ నైపుణ్యాలు బాగవటం లేదని చిరాకుగా ఉంది.,Anger
"కొన్ని అనుకోని సమస్యల వల్ల నా బిడ్డకు ఎకౌంటు తెరవనివ్వరనే ఆలోచనే నన్ను ఇబ్బంది పెడుతోంది, అంతా సజావుగా జరిగితే బావుండు.",Fear
నేను గనుక వాళ్ళ జడ్జినయ్యుంటే కోర్టులో మాదకద్రవ్యాల యజమానులకు హాయిగా మరణశిక్ష వేసేసేవాడిని. నాకు ఎంత పిచ్చి కోపం వచ్చింది.,Anger
చదువుకున్నవాళ్ళు రోడ్డుకి తప్పువైపు డ్రైవ్ చేస్తుంటే నాకు అసహ్యం వేస్తుంది.,Disgust
"నా పెట్ని చాలా జాగ్రత్తగా చూస్కుంటాను, వాటికి సాధ్యమైనంత గొప్ప జీవితం ఉండాలనుకుంటాను, కానీ దానికి ఏదో అడ్డు వస్తున్నట్టు అనిపిస్తుంది.",Sadness
లైఫ్స్టైల్ స్టోర్లో ప్లస్ సైజులో అన్ని రకాలు ఉండటం చూసి ఆశ్చర్యపోయాను.,Surprise
"హోటల్ మేనేజ్మెంట్కి ఫోన్ చేసి, మేము ఇప్పుడే చెక్ ఇన్ చేసిన హోటల్ గదిలో మురికి తువ్వాళ్లు, మరకలు పడ్డ దుప్పట్లను చూస్తే అసహ్యంగా ఉందని చెప్పాను.",Disgust
"మీరు ఒకరితో ఒకరు మాట్లాడుకోక పోయినట్టయితే, నేను మీ అందరికి ఈ చికిత్స అసలు మొదలుపెట్టి ఉండకుండాల్సింది .",Disgust
"నేను చెక్కును క్యాష్ చేస్కోవాలని నా వంతు కోసం ఓపికగా ఎదురుచూస్తుంటే, బ్యాంక్ ఉద్యోగి నామీద విరుచుకుపడినప్పుడు నాకు చిరెత్తుకొచ్చింది.",Anger
దెబ్బతిన్న ప్యాకేజీ గురించి నేను ఫిర్యాదు చేసినప్పుడు కొరియర్ కంపెనీ జవాబుదారీతనం చూపించకపోవడంతో నాకు అసహ్యమేసింది. నా ఆందోళనలను వాళ్ళు పట్టించుకోవట్లేదని స్పష్టమయ్యింది.,Disgust
"రిఫరీ, అతడు బాల్ మీద ఉమ్మేశాడు.నేను దాన్నిప్పుడు తాకను.",Disgust
"ఈవెంట్ మేనేజర్ చెప్పిన రద్దు, వాపసు విధానాలు నిజానికి నేను అనుకున్నదానికంటే బాగున్నాయి! అనుకోని మార్పులు వస్తే నాకు మనసు కొంచెం తేలికగా ఉంటుంది.",Surprise
"ఈ ఆహారాన్ని తయారు చేసింది ఎవరు? ఇది ఎంత ఘాటుగా ఉందంటే, నా నాలుక మండిపోయేలా ఉంది.",Anger
రోడ్డు పక్కన దుకాణం నడిపే అతను కస్టమర్ నోట్లో మండుతున్న పెనం పెట్టడం చూసి నాకు దిమ్మతిరిగింది.,Surprise
"వాళ్ళ కష్టమైన జీవితాలు, ఎడతెగని విమర్శల వల్ల నటీనటులు ఎక్కువగా మాట్లాడటం మానేస్తారని చూసాను.",Sadness
ఇంత పనిని రెండు రోజుల్లోనే పూర్తి చేసేసావా?,Surprise
"ఈ రోజు ఓ చిన్న పిల్లాడు ఎటిఎం నుంచి డబ్బు డ్రా చేయడానికి నాకు సాయం చేసాడు, పైగా అతనికి చాక్లెట్ కొనివ్వనివ్వలేదు. ఎంత మంచి పిల్లాడో.",Happiness
విద్యా కార్యక్రమాలకు నిధులకు కోత పెడుతున్నారని నాకు పిచ్చి కోపంగా ఉంది.,Anger
"ఈ రోజు రెస్టారెంట్లో సర్వీస్ దారుణంగా ఉందనిపించింది. సర్వర్లు పట్టించుకోలేదు, కోర్సుకు కోర్సుకు మధ్య చాలా ఆలస్యం అవుతుండింది.",Disgust
ఈ సీజన్లో మళ్లీ తెగుళ్ళను ఎదుర్కోవాలనే ఆలోచనతో నాకు దిగులుగా ఉంది. మిడుతలు పంటను నాశనం చేయడంతో మనం పడిన ఇబ్బంది గుర్తుందా?,Fear
"కారు సమస్యలను నిర్ధారించడంలో నిపుణులమని చెప్పుకుంటారు, కానీ అసలు సమస్యనే గుర్తించలేక పోయారు, వీళ్ళెక్కడ మెకానిక్కులరా బాబు! దీనికి తోడు 'డయాగ్నొస్టిక్ పరీక్షలు' అంటూ ఖరీదైన చెల్లింపులు కూడాను !",Anger
"అబ్బో! ఈ చోటు ఇంత బాగుంటుంటుందని ఎప్పుడూ అనుకోలేదు. వెబ్సైట్లో ఫోటోలతో పోలిస్తే, పూర్తి వేరుగా కనిపిస్తుంది.",Surprise
"మీరు మీ డబ్బు పెట్టుబడి పెట్టిన కంపెనీల జాబితాను బట్టి, మీరు పెట్టిన పెట్టుబడులలో మరిన్ని విఫలమవచ్చని భయమేస్తోంది.",Fear
ఒక కస్టమర్ లైన్ను పట్టించుకోకుండా పే చేయడానికి తన వస్తువులను ముందుకు పెట్టినప్పుడు నాకు చిరాకేసింది.,Anger
కష్టమైన ప్రాజెక్ట్లో చేసిన పనికి లీడర్షిప్ టీం నుండి ఏ గుర్తింపూ రాని తర్వాత కూడా చాలా మంది ప్రతిభావంతులైన ఉద్యోగులను కంపెనీలో చూస్తుంటే అయోమయంగా ఉంటుంది.,Surprise
ఈ సారి ఒక నిముషం కూడా వెయిట్ చెయ్యాల్సి రాలేదు. నా రైడ్ బుకింగ్ ఎంత తొందరగా కన్ఫర్మ్ అయిందో!,Surprise
"దొంగలు ఎంత ధైర్యంగా మారుతున్నారంటే, ఈ ఉదయం నేనొక బెడ్రూమ్లో ఉండగా ఇంకో బెడ్రూమ్లో వస్తువులు దొంగిలించారు.",Disgust
బుర్ర సరిగ్గా పనిచేస్తున్న వాళ్వెవరైనా ఆకుపచ్చ చుక్కలున్న గులాబీ రంగు కారు నడపాలనుకుంటారా?,Disgust
నా అన్నంలో రాయి ఎందుకుంది? బియ్యం సరిగ్గా శుభ్రం చెయ్యటం రాదా?,Anger
నజ్కా ప్లేటూలో నాకు అస్సలు అర్థం కాని వింత డ్రాయింగులు ఉన్నాయి!,Surprise
"విరాళం గురించి క్లయింట్ తీసుకున్న నిర్ణయం సాధారణమైనది కాదు, కానీ దాన్ని ఒప్పుకుంటాం.",Surprise
"ఆరోగ్య కేంద్రం బిల్లు మీద  ఈ అదనపు డాక్టర్ మరియు రవాణా ఖర్చులకు  నేను సిద్ధంగా లేను, ఇది ఒక చేదు అనుభవం!",Sadness
"అతిగా చేసిన మార్పులంటే నాకు విరక్తి. నా కారును ఒక తళ తళ మెరిసే, ఆడంబరంగా మార్చాలనే ఆలోచనే నాకు గిట్టదు.",Disgust
"క్లయింట్తో నా పని గురించి నేను గాలిలో మేడలు కడుతుంటే, ఒప్పందం రద్దు అవడంతో అవన్నీ తుస్స్ మని కుప్పకూలాయి.",Surprise
ప్రతిరోజూ తెల్లవారుజామున రెండింటికి  కొయంబేడు మార్కెట్కి బయలుదేరే పూలు అమ్మేవాళ్ళ కష్టాన్ని చూస్తే నాకు ఆశ్చర్యమేస్తుంది.,Surprise
కొచ్చిలో ఈ చిన్న హోటల్లో ఇంత మంచి సేవ ఉంటుందని నేను అనుకోలేదు!,Surprise
"ఈ టోస్టరు చాలా రంగుల్లో దొరుకుతుందనుకోలేదు, చూసేసరికి చాలా ఆశ్చర్యం వేసింది .",Surprise
ఏమంటున్నావు? ఆమె మళ్ళీ నడవలేదా?,Fear
"ఆ పుస్తకాలు అమ్మే అతను నా పాత పుస్తకాల కొనడానికి ఆసక్తి చూపించడంతో నా మనసు తేలిక పడింది, ఆఖరికి వాటిని కొత్తవాళ్ళు చదువుతారు.",Happiness
"ఒకసారి మళ్ళీ లెక్కలు చూసి, మనం ఎలా మెరుగుపడగలమో చూడడానికి ఎదురుచూస్తున్నాను.",Happiness
"ఇవాళ నువ్వేమీ తినలేదు, కానీ నీ చెక్కర స్టాయి మామూలుగా ఉంది.",Surprise
అబ్బో! ఈ మందగించిన ఆర్థిక స్థితిలో స్టార్టప్లలో పెట్టుబడి పెడుతున్న డబ్బును చూస్తే  నాకు ఆశ్చర్యం వేస్తుంది.,Surprise
"ఈ మధ్య నా పట్ల నీ ప్రవర్తన ఒప్పుకునేలా లేదు, ఇది నాకు నచ్చట్లేదు.",Anger
"మీ సర్వీస్ సెంటర్లో పోయినసారి నా కారును సరిగ్గా రిపేర్ చేయలేదని చిరాకుగా ఉంది. ఇప్పుడది స్టార్ట్ ఆవట్లేదు, పైగా మీరు మర్యాద లేకుండా ప్రవర్తిస్తున్నారు కాబట్టి ఇంకో సర్వీస్ సెంటర్కి వెళ్తున్నాను.",Anger
నా బ్యాంక్ బ్యాలెన్స్ గురించి నన్ను అడగొద్దు. కావాలంటే మీ రికార్డులను చెక్ చేసుకోండి. నా దగ్గర సరిపడా డబ్బుంది.,Anger
"ఒక బ్యాంకు ఉద్యోగి నాతో చెడుగా ప్రవర్తించడం వలన నేను పడుతున్న ఇబ్బంది విషయంలో బ్యాంకు అధికారి వ్యవహరించిన తీరు, నాకు సంతోషాన్ని ఇచ్చింది.",Happiness
"సిటీ అంతటా కొత్త రిటైల్ స్టోర్స్ చైన్ రావడం చూస్తుంటే దిగులుగా ఉంది, ఎందుకంటే వాళ్ళు మా దగ్గర పనిచేసే మంచి ఉద్యోగులను లాక్కుపోయే ప్రమాదం ఉంది.",Fear
ఆటో మీటర్ ఫ్యాన్లాగా గిరగిరా తిరుగుతుంటే అంత డబ్బు ఉందా లేదా అని భయంతో నా పర్సులో  చూసుకున్నా.,Sadness
ఈ సమస్యల గురించి మాట్లాడితే నిన్ను పోగొట్టుకుంటానని భయంగా ఉంది.,Fear
"బాబూ, నా ఆఫీసు ల్యాప్టాప్లో గేమ్స్ ఆడొద్దని నీకెన్నిసార్లు చెప్పాను?",Anger
ఈ దుకాణంలో ఉన్న రకరకాల ఎలక్ట్రిక్ ఫిట్టింగ్లు చూసి చాలా ఆశ్చర్యమనిపించింది. ఇది నా కొత్త ఇంటిని సెటప్ చేసుకోవడం సాఫీగా అయ్యేలా చేస్తోంది.,Happiness
"ఎక్కువ ఐస్ కట్టడం,  ఫ్రిజ్ నుండి నీళ్లు కారడం సమస్యలు పరిష్కరించబడతాయి అంటే  చాలా ఉపశమనంగా ఉంది, రోజు శుభ్రం చేయలేక చస్తున్నాను!",Happiness
"ఈ నా స్నేహితుడికి డబ్బు అవసరమైనప్పుడు మాత్రమే నాకు ఫోన్ చేస్తాడు, లేదంటే అసలు పట్టించుకోనే పట్టించుకోడు. ఇలాంటి వాళ్ళను చూస్తే అసహ్యం వేస్తుంది.",Disgust
"నా ఫ్రిజ్ పనిచేయడం మానేస్తుంది, నా సరుకులు పాడయిపోతాయని దిగులు పడాల్సిన పని ఇంకెన్నాళ్ళో ఉండదు అనుకుంటే, నాకు బరువు దించేసుకున్నట్లుంది. కొత్త ఫ్రిజ్ కొనుక్కుంటున్నాను.",Happiness
వేరేవాళ్ళ మీద తుమ్మడం ఆపు అథర్వ. కాస్త నీ నోటిని కప్పుకో. అసహ్యంగా ఉంది.,Disgust
"కొరియర్ డెలివరీ ఆలస్యం అవుతుందేమోనని భయంగా ఉంది, నాకు ఆ ప్యాకేజీ అర్జెంటుగా కావాలి.",Fear
మా వాట్సాప్ గ్రూప్లో అడ్మినిస్ట్రేటర్లు భారతీయుల గురించి అమర్యాదకరమైన కామెంట్లు పెట్టనిచ్చినందుకు నాకు భలే కోపమొచ్చింది.,Anger
పక్కింటివాడు రాత్రిపూట కుక్కను ఇంటి బయట వదిలిపెట్టినప్పుడు అది బాధతో ఏడవడం నాకు వినిపించింది.,Sadness
మా పిల్లల అవసరాల ఖర్చులు ఇంతగా పెరగడం చూస్తే చాలా నిరుత్సాహంగా అనిపిస్తుంది.,Sadness
నేను తయారు చేసిన కేక్ సరిగ్గా పొంగకపోయేసరికి నిరాశనిపించింది.,Sadness
ఆన్లైన్ క్రౌడ్ ఫండింగ్ ప్రచారాలు ఎంత త్వరగా వాళ్ళకు కావలసినన్ని నిధులను కూడబెట్టుకోగలవో అనేది ఆశ్చర్యమనిపిస్తుంది.,Surprise
"వావ్! ఈ షాపులో ప్రీ ఓన్డ్ వస్తువులను అసలు ధరలో సగానికే అమ్ముతున్నారు. డబ్బు ఆదా చేసుకుంటూ, మన జ్ఞాన దాహం తీర్చుకోడానికి ఇదో గొప్ప మార్గం.",Happiness
"నా పక్కన పరిచయం లేని వాళ్ళు కూర్చుంటే వాళ్ళ శ్వాస వాసన భరించడం నా వల్ల కాదు, అందుకే  రైడ్లు పంచుకోవాలంటే నాకిష్టం ఉండదు.",Disgust
ఆ పాత చీకటి ఇంట్లో ఉన్నట్టుండి గాలి చల్లగా అవడంతో ఏదైనా ఆత్మ ఉందేమోనన్న ఆలోచన వచ్చి భయంతో వణికిపోయాను.,Fear
ఆ క్రీడలో ఎలాగైనా సరే గెలవటమే ముఖ్యమనుకోవటం నిరుత్సాహమనిపిస్తుంది.,Disgust
"నా స్నేహితుడి కుమార్తె, తన అమ్మమ్మ పుట్టినరోజు నాడు పాడిన తర్వాత, తాను చెత్తగా పాడాననుకుని  ఏడ్చేసింది.",Sadness
"నేను సైన్స్, తత్వశాస్త్రం, విశ్వం గురించి చర్చిస్తూ గంటల తరబడి అలసట లేకుండా సంతోషంగా గడపగలను.",Happiness
శ్రీహరికోట నుండి చంద్రయాన్ మూడవ  మిషన్ బయలుదేరడం చూసినప్పుడు చాలా గర్వంగా అనిపించింది.,Happiness
"టీవీ ఆన్ చేసినప్పుడల్లా, మూడుసార్లు బీప్ అని శబ్దం వచ్చి, పొగలు రావడం మొదలవుతుంది. పేలిపోతుందనని భయంగా ఉంది.",Fear
ఈ అరుదైన మొదటి ఎడిషన్ ఓ చిన్న పుస్తకాల షాపు యొక్క మూలనున్న షెల్ఫ్లో దొరికింది! నా కళ్ళని నేనే నమ్మలేకపోయాను.,Surprise
"నాకు గ్రూప్ ప్రాజెక్టులు పెద్దగా నచ్చవు, ఎప్పుడూ అన్ని పనులు ఆఖరికి నేనే చేసినట్టు అనిపిస్తుంది.",Disgust
హోటల్ రూమ్ తలుపు తెరవలేక నేను రూమ్ బయిట చిక్కుకుపోయాను. నేను ఇప్పుడేం చెయ్యాలి!,Sadness
కర్ణాటక సంగీత కచేరీలో పదిహేడు  ఏళ్ల నా మేనకోడలు తప్పులు లేకుండా అద్భుతంగా పాడటం చూసి ఆశ్చర్యపోయాను.,Surprise
వాళ్ళ స్వార్ధం కోసం మతపరమైన వివాదాలు రేపే రాజకీయ నాయకులను చూస్తే వికారం అనిపిస్తుంది.,Disgust
పూల కుండీ అంతా పురుగులు పాకుతూ చూసి అసహ్యమేసింది.,Disgust
"కాలేజీ ప్రారంభంలో ఆలస్యం ఆ చెత్త స్టూడెంట్స్ యూనియన్ వల్ల అయింది, వాళ్ళు ఎవరి సంగతి పట్టించుకోని రోత మనుషులు.",Disgust
"నేను ఆ వస్తువుని ప్లగ్లో పెట్టను, ఎందుకంటే అది నాకు పెద్ద షాక్ ఇచ్చింది.",Fear
వాల్మార్ట్లో ఇన్ని రకాల చంటిపిల్లల ఉత్పత్తులు ఉంటాయని నేను అనుకోలేదు.,Surprise
"రాజకీయ నాయకులు ఎన్నికల్లో గెలవడానికి కుల, ప్రాంతీయ రాజకీయాలను ఉపయోగించినప్పుడు నాకు చాలా కోపం వస్తుంది.",Anger
డబ్ల్యూడబ్ల్యూఎఫ్ చూడటం నా వల్ల కాదు. ముందే ప్లాన్ చేసినట్లు అనిపిస్తుంది.,Disgust
ఇది చిన్న పిల్లలు ఆడాల్సిన ఆట. మీలాంటి పెద్దవాళ్ళు దాన్ని ఇంకా ఎలా ఆడగలరు?,Disgust
మా పోటీదారులు మెరుగైన ధరలతో మా కస్టమర్లను తమ వైపు లాక్కుంటారేమోనని నాకు భయంగా ఉంది.,Fear
"రెస్టారెంట్ సర్వీస్ వారు చూపిన శ్రద్ధ  నాకు ఎంత నచ్చాలో అంత నచ్చేసింది, ఎప్పటికీ గుర్తుండిపోయే భోజన అనుభూతిని అందించడానికి వాళ్ళు ఎంతో కష్టపడ్డారు.",Surprise
"పెరుగుతున్నపుడు,  నా ఉపాధ్యాయుల అంచనాలకు  సరితూగలేనని  ఆందోళనగా ఉండేది.",Fear
నా స్టాక్ పెట్టుబడులు నిలకడగా మార్కెట్ అంచనాలను మించిపోయాయి. పట్టరాని సంతోషమేసింది.,Happiness
ఆ సినిమా పాత్ర కోసం ఆడిషన్‌కి కెమెరా ముందు నిల్చున్నప్పుడు నా అరచేతులు తడిసిపోయి నా గుండె వేగంగా కొట్టుకుంటూండింది.,Fear
"ఆ నటుడు ఒక అభిమాని ఫోటో తీస్కోవాలని చూస్తుంటే అతడిని దూరంగా తోసేసి, అతని ఫోన్ పగలగోట్టేసాడు.",Anger
"కొరియర్ కంపెనీ నుండి ఇంత నాసిరకం సేవ చూసి నేను ఆవాక్కయ్యాను. నా పార్సల్ని సరిగ్గా హ్యాండల్ చెయ్యలేదు, అది ఘోరమైన స్థితిలో వచ్చింది.",Disgust
"మా అన్నదమ్ములు, అక్కచెల్లెళ్ళు దూరంగా వెళ్ళినప్పటి నుండి వాళ్ళకి చాలా బాధగా ఉంది. వాళ్ళు ఇప్పటికీ ఇక్కడే ఉండింటే బాగుండేది.",Sadness
"మనం ఆకలితో అలమటించకుండా, జపాన్లో శాకాహార లేదా వీగన్ ఆహారం దొరుకుతుందని ఆశిస్తున్నాను.",Fear
"నా ఉద్యోగం పోతుందని, క్లయింట్కు వ్యతిరేకంగా మాట్లాడదలచుకోలేదు.",Fear
"నేను ఆ సినిమా కోసం ఆడిషన్కు వెళ్ళినప్పుడు, కాస్టింగ్ డైరెక్టర్ నా చిన్నప్పటి ఫ్రెండ్ అయి ఉంటాడని ఊహించలేదు.",Surprise
ఈ వర్షం వల్ల నగరంలో చాలా వరదలు వస్తాయనిపిస్తోంది.,Fear
"సీటు మీద ఎవరో వాంతి చేస్కున్నారు, భయంకరంగా కంపు కొడుతోంది.",Disgust
"నేను ఎక్కువ మొత్తంలో డబ్బులు విత్డ్రా చేయడానికెళ్లినప్పుడు, అనుమానాస్పదంగా కనిపించిన నలుగురు ఏ పనీ లేకుండా బ్యాంకు చుట్టూ తిరుగుతుంటే ఆందోళనతో అటూ ఇటూ చూశాను.",Fear
"సిటీ బస్సుల్లో రచ్చ చేసి, జనాలను ఇబ్బంది పెట్టటానికి విద్యార్థులు బస్డేను సాకుగా వాడుకుంటారు.",Disgust
నలభై రెండేళ్ల ఎంఎస్ ధోనీ ఫిట్నెస్ చూసి ఆవాక్కయ్యాను.,Surprise
"నేలమీద మీద నీళ్ళ మడుగు కనిపించినప్పుడల్లా, ఫ్రిజ్ మళ్ళీ పాడైనట్టు అనిపిస్తుంది. నాకు విసుగొస్తోంది.",Sadness
స్టేజ్ ఫోర్ క్యాన్సర్ నుండి అనితా మూర్జానీ అద్భుతంగా కోలుకోవడం గురించి చదివి ఆశ్చర్యమనిపించింది.,Surprise
"ఎలక్ట్రిక్ షాపు వాళ్ళ ఉదారమైన రిటర్న్ పాలసీ నాకు భలేగా నచ్చింది, ఇంత సునాయాసంగా ఉంతుందన్న ఆలోచన భరోసానిస్తుంది.",Surprise
నేను సినిమా ఆడిషన్ మొదలు పెడుతుండగానే కాస్టింగ్ డైరెక్టర్ నన్ను వెంటనే వెళ్లిపొమ్మని చెప్పినప్పుడు నాకు బాధగా అనిపించింది.,Sadness
"నా వెనక కూర్చున్న వ్యక్తి ఆపకుండా నా సీటుని తంతూ ఉన్న తరువాత, ఎయిర్ హోస్టెస్ నా సీటుని మార్చినప్పుడు నా మనసు తేలికయ్యింది.",Happiness
"ఈ మ్యూజియంలో సరైన నిర్వహణ లేకపోవడం వల్ల ఇది చీకటిగా, మురికి కూపంలా, అసహ్యంగా ఉంటుంది.",Disgust
హెల్త్ సెంటర్లో డాక్టర్ని కలవడానికి నేను అంత సేపు వేచి ఉండాల్సి వచ్చిందంటే నమ్మలేకపోతున్నా! ఇలాంటి సర్వీస్ కోసం నేను డబ్బులివ్వడం అర్థంలేనిది.,Anger
థాయ్లాండ్లోని గుహ నుండి పదమూడు మంది ఫుట్బాల్ ఆటగాళ్లను కాపాడే అవకాశాలు ఉన్నాయని విన్నప్పుడు నా మనసు తేలిక అయ్యింది.,Happiness
ఈ  అమ్యూజ్మెంట్ పార్కులో సరైన భద్రతా చర్యలు లేకపోవడం ఘోరం.,Disgust
"ఉండండి, నేను చేసిన పనికి సరైన వెల వస్తుందా అని మాత్రమే చూసుకోవాలనుకుంటున్నాను.",Disgust
"ఈ కీలకమైన ఒప్పందం మీద నేను అంత డబ్బు ఖర్చు చేసిన తర్వాత దాన్ని నా ముఖ్యమైన పోటీదారుకు ఓడిపోయినప్పుడు ఈ సేల్స్ టీమ్ని నేను ఎందుకు ఉంచుకోవాలనుకుంటాను, అన్నారు సీఈఓ.",Anger
పురాతన కైలాస గుడి ఆవరణ ఎంత పెద్దదో చూసి నా కళ్ళను నేనే నమ్మలేకపోయాను.,Surprise
"నా వాలెట్లో సరిపడా డబ్బు లేదు, పెట్రోల్ ధరలేమో ఎన్నడూ లేనంత ఎక్కువ ఉన్నాయి.",Sadness
ఈ మధ్యే కష్టపడి పాత మొక్కలు పీకి శుభ్రం చేసిన తరువాత ఆ భూమి ఆలా బంజరుగా ఉండటం చూసినప్పుడల్లా నా గుండె  బరువెక్కిపోతుంది.,Sadness
"అబ్బో, మేం ఈ విత్తనాలు నాటిన తర్వాత ఇంత త్వరగా మొలకెత్తడం చూస్తుంటే నమ్మలేకపోతున్నాను. అవి ప్రపంచంలోకి ఎప్పుడెప్పుడు వద్దామా అన్నట్లు ఉన్నాయి!",Surprise
పీహెచ్డి ప్రోగ్రామ్లో నన్ను చేర్చుకున్నారనే శుభవార్త నాకు ఉత్సాహానిచ్చింది.,Happiness
తెలీకుండా ఎక్స్పైర్ అయిన యోగర్ట్ డ్రింకు తాగడంతో నాకు వాంతవచ్చేలా ఉంది.,Disgust
ఇజ్రాయెల్ ప్రభుత్వం సుప్రీంకోర్టు అధికారాలను కట్టడి చేస్తుందని నేను ఏ మాత్రం ఊహించలేదు.,Surprise
"ఎంతో దూరంగా ఉన్న గెలాక్సీల ఫోటోలు చూస్తూ, విశ్వం మొదలైనప్పుడు ఎలా ఉండి ఉంటుందో ఊహించుకోవడం నాకు గొప్ప ఆనందంగా అనిపిస్తుంది.",Happiness
"ఫ్రీజర్ లోపల అంతలా మంచు పేరుకుపోయి, ఫ్రిజ్ చుట్టూ నీళ్ళు కారడం చూస్తుంటే అసౌకర్యంగా ఉంటుంది, అది సురక్షితమేనా అని అనుమానం.",Fear
"అంచనాలు ఎక్కువ అవటం ఒక విషయం, కానీ ప్రోత్సహించటానికి, మరీ గట్టిగా ఒత్తిడి చెయ్యటానికి కొంచెం తేడా ఉంది.",Anger
అబ్బో! ఈ స్మార్ట్ఫోన్ కెమెరా ప్రొఫెషనల్ నాణ్యత గల ఫోటోలను తీస్తుంది.,Surprise
ఈ రచయిత కష్టమైన విషయాలను తేలిక ఉదాహరణలతో అర్థం చేసుకునేందుకు సులభంగా ఎలా చేసాడో అని ఆశ్చర్యపోయాను.,Surprise
విద్యార్థులను ఆ టీచర్ చులకన చేసే పద్ధతి చాలా దారుణం.,Disgust
నీ నోట్లోంచి  పచ్చి ఉల్లిపాయల వాసన నాకు వాంతి వచ్చేలా చేస్తోంది.,Disgust
నాకు ఇంతకు ముందు జరిగిన చేదు అనుభవం వల్ల ఈ రెస్టారెంట్లో ఈ ఆహారాన్ని రుచి చూడాలంటే ఎంత భయంగా ఉందో.,Fear
సిస్టీన్ చాపెల్ సందర్శనని రద్దు చేసినట్టు టూర్ ఆపరేటర్ ముందుగానే మాకు చెప్పకపోవడంతో  నాకు ఒళ్ళు మండింది.,Anger
ఆయన బ్రతికి ఉండడేది ఇంక కొద్ది రోజులే అని ఆ డాక్టరు చెప్పారు.,Sadness
"నా కారుకు బాడీ రిపేర్ ఖర్చు భరించగలిగేంతే ఉంది, నాకు నిజంగా సంతోషమేసింది, నా పర్సు నాకు ఖచ్చితంగా థాంక్స్ చెప్పాల్సిందే!",Happiness
ఇక్కడ కోల్కతాలో సేల్స్ వాళ్ళ ఒత్తిడి తట్టుకోలేను. అసహ్యం వేస్తుంది.,Disgust
టోక్యోకు ఈ ఒకరోజు ట్రిప్‌లో చాలా చూడాలనుకున్నాను. ఆ ప్రదేశాలన్నీ చూడ్డానికి టైం సరిపోతుందా?,Fear
పిఆర్ఎల్కి ఎంపికైనట్లు నా పేరు ప్రకటించినప్పుడు నా చెవులను నేనే  నమ్మలేకపోయాను!,Surprise
"కౌన్సెలింగ్ ద్వారా, నా ఒత్తిడిని, ఆందోళనను ఎదుర్కొనే సరైన పద్ధతులను నేర్చుకుంటున్నానని తెలిసి ఊరట కలిగింది.",Happiness
ప్రస్తుతం ఏబీ నెగెటివ్ రక్తం కొరత ఉందంటే నమ్మలేకపోతున్నాను. ఆరోగ్య కేంద్రం ఎప్పుడూ అత్యవసర పరిస్థితులకు హెచ్చుతగ్గులు లేని సరఫరా కలిగి ఉంటుందని అనుకున్నానే!,Surprise
"అబ్బో, నాకు ఈ అద్దె ఇంటిని వెతకడానికి బ్రోకరేజ్ సేవలకు స్థాయిల వారీగా ధర ఉండటమనేది చాలా తెలివైన పద్ధతి.",Surprise
"అబ్బో, నా స్టాక్లు ఆకాశాన్నంటుతున్నాయి! ఇది నా పోర్ట్ఫోలియోకు గొప్ప వార్త.",Happiness
గుడికి వెళ్లొచ్చాక నాకు ఎంతో సంతృప్తిగా ఉంది.,Happiness
"జనం తెలియక నకిలీ బంగారు ఆభరణాలు కొనుక్కోవడం గురించి కథలు విన్నాను, నేను నిజంగానే విలువైన వాటిలో పెట్టుబడి పెడుతున్నానని సరిచూసుకోవాలనుకుంటున్నాను.",Fear
"ఈ షర్టు డిజైన్ ఎంత వికృతంగా ఉందంటే, నా జీవితంలో ఎప్పటికీ దాన్ని వేసుకోను.",Disgust
"స్కూల్లో మా క్లాస్మేట్స్ చెప్పిన దెయ్యం కథ విన్న ప్రతిసారీ, కొండ మీదుగా ఇంటికి నడిచేటప్పుడు నేను నా వెనుక వైపు చూసుకుంటూ ఉండేవాడిని.",Fear
"యానీ కాన్సర్ట్ వినడంతో నాలో శక్తి నిండినట్టు అయింది, రోజంతా ఉత్సాహంగా గడిపేలా చేసింది.",Happiness
నేను ప్యారలెల్ పార్కింగ్ నేర్పును పెంపొందించుకోడానికి నాకు అదనపు పాఠాలు అవసరమని లేడీ ఇన్స్ట్రక్టర్ అన్నప్పుడు నాకు కాస్త నిరాశగా అనిపించింది.,Sadness
ఈ సంస్థకున్న మోసాల చరిత్ర కలవరపెడుతోంది.,Disgust
"ప్రీ ఓన్డ్ పుస్తకాలు అమ్మే దుకాణం కనబడే సరికి నాకు ఆనందమేసింది. ఇక్కడ అరుదైన, ప్రసిద్ధ పుస్తకాలు చవకైన ధరలో దొరుకుతాయి.",Happiness
అబ్బో!  ఈవెంట్ మేనేజర్ కూడా ఈవెంట్ భద్రతను చాలా వరకు నిర్వహిస్తాడని నేను గ్రహించలేదు! మా అతిథులు క్షేమంగా ఉంటారని  తెలిసి చాలా హాయిగా ఉంది.,Surprise
యాక్! నా పైనాపిల్ జ్యూస్లో చచ్చిన సాలెపురుగు ఉంది.,Disgust
ఈ నెలలో చాలా ఖర్చు పెట్టాక క్రెడిట్ కొరత ఉండే అవకాశం ఉండొచ్చని నాకు చాలా భయంగా ఉంది.,Fear
హలో! నీ బిజీ స్కెడ్యూల్లతో మీటింగ్కి రాగలిగావంటే నమ్మలేకపోతున్నాను!,Surprise
యాంటెన్నాలో రెండు శాతం షిఫ్ట్ కారణంగా వోయేజర్ రెండు అంతరిక్ష నౌక సౌర వ్యవస్థ బయట శాశ్వతంగా కనబకుండా పోయిందని విని నాకు బాధేసింది.,Sadness
నేను అనుకున్నంత బాగా ప్రిపేర్ అవ్వకపోవటంతో పరీక్ష హాలులోకి భయంగా వెళ్లాను.,Fear
"ఒక పాత కోటను చూడ్డానికి వెళ్ళాను, అక్కడ అర్ధరాత్రి నేనొక్కదాన్నే ఉన్నానని తెలిసినప్పుడు  భయమేసింది.",Fear
కొత్త వాళ్ళను కలవాలంటే నాకు చచ్చేంత భయమేస్తుంది!,Fear
"ఈ బాల్సమిక్ వినైగ్రేట్లో ఉండే పులుపు సలాడ్కు చక్కని రుచిని ఇస్తుంది, నాకు ఇంకా ఇంకా తినాలని అనిపించేలా చేస్తుంది.",Happiness
నా రొట్టెలో తక్కువ నెయ్యి వెయ్యలేవా? నాకు కొలెస్ట్రాల్ ఎక్కువ ఉందని తెలీదా?,Anger
"నాకు చాలా హాయిగా, సేద తీరినట్లుగా ఉంది, ఈ పరిసరాలు, ఇక్కడ ప్లే చేసే నేపథ్య సంగీతం ప్రశాంతతనిస్తాయి!",Happiness
నా ఫోనుతో క్యాబ్ బుక్ చెయ్యొచ్చంటే ఎంత బాగుందో. ఇంక ఆటోరిక్షా వెతుక్కోవాలనే బాధ లేదు.,Happiness
పెద్ద ఆర్థికసంబంధమైన ఆడిట్ సంస్థలు నిబంధనలలోని లొసుగులను తమకు తగ్గట్టు ఎలా ఉపయోగించుకుంటారనేది అసహ్యకరం.,Disgust
లోన్ మంజూరు చేయడంలో నాకు సాయం చేసినందుకు ధన్యవాదాలు రామారావు. ఎట్టకేలకు నేను ఇల్లు కట్టుకోవడం మొదలుపెట్టొచ్చు.,Happiness
నేను కింద పడ్డప్పుడు ఓ రాయి నా మోకాల్లో లోతుగా గుచ్చుకుపోయింది. కొన్ని వారాల పాటు ఆడలేననుకుంటా.,Fear
అయ్యో! ఈరోజు ప్రెజెంటేషన్కి ప్రిపేర్ అవ్వడం మర్చిపోయాను.,Fear
పోయిన వారం స్థానిక టోర్నమెంట్లో ఫుట్బాల్ రిఫరీ తీసుకున్న పక్షపాత నిర్ణయాలతో నేను కోపం పట్టలేకపోయాను.,Anger
ఆర్థిక మాంద్యం తట్టుకునెట్టటు నా సంస్థని ఆర్ధికంగా సిద్ధం చేయవలసిన అవసరం నన్ను రాత్రిపూట నిద్రపోనివ్వట్లేదు.,Fear
"నేను బేకర్ నుండి ఆర్డర్ చేసిన కేక్, బంద్ వలన సమయానికి డెలివరీ కాదేమోనని చాలా భయమేసింది.",Fear
రోజూ మనకిచ్చే అంతంత హోంవర్క్ చూస్తుంటే నీరసమొస్తుంది.,Disgust
ఎన్రాన్ యాజమాన్యం తమ తప్పులకు బాధ్యత తీసుకోవడానికి ఒప్పుకోకపోవడం చూస్తే చిరాకనిపించింది.,Disgust
"కారు మీద ఒక చిన్న నొక్కుకి గ్యారేజ్ వాళ్ళు ఇంత పెద్ద బిల్లు పంపిస్తే, అది చూసి నా తల తిరిగింది, అసహ్యమేసింది.",Disgust
ఇప్పుడే ఓ విలువైన సేకరణను  మంచి లాభానికి అమ్మేశాను. సేల్స్ మ్యాన్,Happiness
కస్టమర్ ఫిర్యాదులను పరిష్కరించేటప్పుడు కోపమొచ్చి విషయాలను మరింత దిగజార్చుతానేమోనని నాకు భయమేస్తోంది.,Fear
పరీక్ష గురించి ఆలోచించిన ప్రతిసారీ నా గుండె వేగంగా కొట్టుకుంటుంది.,Fear
"నా బ్యాగేజీ ఫ్లైట్లో లోడ్ చెయ్యనందుకు ఎయిర్లైన్ మీద కేసు పెట్టబోతున్నాను, ఇప్పుడవి కనిపించట్లేదు .",Anger
"ఒక సినిమాలో మురికిగా ఉన్న ఆసుపత్రిని చూసేసరికి, పేద రోగుల గురించి తలచుకుంటే బాధనిపించింది.",Sadness
"ఒక కస్టమర్కి ఓ అరుదైనది, ఎంతో మంది కావాలనుకునే వస్తువును వెతకడంలో సహాయం చేసినప్పుడు, నాకు భలే ఉత్సాహంగా అనిపించింది.",Happiness
ఫ్రెంచ్ ఆటగాళ్లు పది అడుగుల దూరం నుండే  బాల్ను ఎంతో బలంగా నా వైపు తన్నారు.,Fear
"ఇంట్లో ఒక కార్యక్రమం జరుగుతున్నప్పుడు చనిపోయిన మా అక్కని మా అమ్మ గుర్తుచేసుకున్నపుడు, నాకూ  ఏడుపొచ్చింది.",Sadness
"సమావేశంలో విరాళం గురించిన నిర్ణయం ముఖ్యంగా కనబడుతోంది, దాని ఫలితం ఎలా ఉంటుందో చెప్పలేం.",Fear
"కొరియర్ సేవ నాణ్యత నాకు భలే నచ్చింది, డెలివరీ అతను చాలా మర్యాదగా ప్రొఫెషనల్‌గా ఉన్నాడు.",Happiness
అతడు బౌల్ చేసే ప్రతిసారీ బాల్ను అలా ఎందుకు నాకుతాడు?,Disgust
ల్యాబులో ప్రయోగం చేసేటప్పుడు  తప్పు చేస్తాననే ఆలోచనే  నాకు నిద్రలేకుండా చేస్తోంది.,Fear
"తోటమాలి మామిడి చెట్టు మొలకెత్తుతుందన్న ఆశ వదిలేసుకున్నాడు, కానీ మూడేళ్ళ తరువాత అనుకోకుండా అది మొలకెత్తింది.",Surprise
రేపటి నుండి మొదలయ్యే న్యూస్ పేపర్ డెలివరీ గురించి కొంచెం ఆందోళనగా ఉంది. ఇది ముందున్నంత నమ్మదగినదిగా ఉంటుందా?,Fear
ఓ! దేశంలో ఈ ప్రాంతంలో చాలా తక్కువ దుకాణాలు  కాశ్మీరీ విల్లో బ్యాట్లు అమ్ముతాయి. మీదగ్గర ఉందంటే ఆశ్చర్యంగా ఉంది.,Surprise
ఆ గదిలో ఎలుక చచ్చినట్టు వాసన వస్తోంది.,Disgust
"మా అబ్బాయి ఫుట్బాల్ ఎక్కువ ఆడడు, కానీ వాడికి ఆ ఆట గురించి ఉన్న పరిజ్ఞానం చూస్తే ఆశ్చర్యమనిపిస్తుంది.",Surprise
"మహమ్మారి మూడో వేవ్ అయిపోయిందని మాత్రం సంతోషంగా ఉంది, ఎట్టకేలకు క్యాంపస్కి తిరిగి వెళ్ళొచ్చు.",Happiness
"ఈ చారిత్రక ప్రదేశం సరిగా సంరక్షించబడక, కూలిపోయిందని నాకు కొంచెం బాధనిపిస్తుంది.",Sadness
రెస్టారెంట్ వాళ్ళు ఉన్నట్టుండి తన ముందు పుట్టినరోజు కేకు పెట్టేసరికి  నా భార్య తన కళ్ళను తానే నమ్మలేకపోయింది.,Surprise
"భారతదేశంలో డ్రైవింగ్ను అమెరికాతో పోలిస్తే మొదట్లో కష్టంగా అనిపించినా, డ్రైవింగ్ పాఠాలతో, నేను సునాయాసంగా చేయగలిగాను. నేను ఇంత అనుకూలంగా మారగలనని ఆశ్చర్యపోయాను!",Surprise
అరగంటలో మ్యాచ్ ప్రారంభం కాబోతోంది. మీరందరూ ఇంకా ఎందుకు వార్మప్ చేసి లేరు?,Anger
"చురుకైన ప్రదర్శన తర్వాత ఆ అమ్మాయి పెద్దల పట్ల ఎంత వినయం, గౌరవం చూపిందో చూస్తే నాకు చాలా ముచ్చటేసింది.",Happiness
విదేశీ చెల్లింపులపై అధిక టిడిఎస్ కారణంగా నాకు తిక్క రేగుతోంది.,Anger
"పుస్తకాన్ని ప్రీ ఆర్డర్ చేయాలంటే భయంగా ఉంది, వాళ్ళు నన్ను మోసం చేస్తేనో?",Fear
"వాళ్లకు ఒక నమ్మకమైన కస్టమర్ అయినందుకు, ఎక్కువ మొత్తంలో కొన్నందుకు నాకు ప్రత్యేకంగా తగ్గింపు ఇవ్వని ఎలక్ట్రికల్ స్టోర్ మీద చిర్రెత్తింది.",Anger
కొంతమంది పెట్టుబడిదారులు ఏ స్థాయికి రిస్క్ తీసుకోడానికి సిద్ధపడతున్నారో చూస్తే నాకు మతిపోతోంది.,Surprise
సన్గ్లాస్ హట్లో రేబాన్ బ్రాండ్ అందిస్తున్న చాలా రకాల స్టైల్లను చూసి నాకు మతిపోయింది.,Surprise
"ఆమె ఇక్కడ ప్రత్యేకంగా పొందిన అన్ని విలువైన అనుభవాల తరువాత, ఆ నాయకురాలు వెళ్లిపోవాలనుకుంటారని నేను ఎప్పుడూ అనుకోలేదు.",Surprise
"కంపెనీ సీఈవోని సిస్టం బయటకు నెట్టి, రాత్రికి రాత్రి వెళ్ళిపొమ్మన్నప్పుడు పరిశ్రమ విస్తుపోయింది.",Surprise
"నేను ఈ సబ్జెక్టులో ఎంత వెనుకబడి ఉన్నానంటే, దీనికి సంబంధించిన పుస్తకాలు చదవాలంటే భయపడతాను.",Fear
సూది మార్చడం మర్చిపోయి ఆ నర్సు దాంతోనే తర్వాత రోగికి ఇంజెక్షన్ చేసింది.,Disgust
"స్టాక్ మార్కెట్ కుప్పకూలిన పద్ధతి చూస్తుంటే, రాబోయే కొన్ని నెలల్లో మార్కెట్ తిరిగి పైకి రాదని సూచిస్తున్నట్టు అనిపిస్తోంది.",Fear
అంత దగ్గరగా నిలబడకు! ఎటిఎంలో పిన్ ఎంటర్ చేస్తున్నానని కనిపించడం లేదా నీకు?,Anger
ఆసియా క్రీడల్లో భారతీయులు  ఫుట్బాల్ ఆడటం చూడచ్చన్న ఊహే నన్ను ఉత్సాహంతో ముంచెత్తుతోంది.,Happiness
మారథాన్ ఈవెంట్ తర్వాత స్టేడియం  ఘోరమైన పరిస్థితి చూస్తే నాకు భయమేసింది.,Disgust
అయ్యో అలా అయిందా. మీకు ప్రత్యేకంగా దేని గురించి అసంతృప్తి అనిపిస్తోందో కాస్త వివరిస్తారా?,Sadness
శరణార్ధుల పట్ల బ్రిటన్ అమానవీయ ప్రవర్తన  చూసి నేను  దిగ్భ్రాంతి చెందాను.,Anger
డ్రైవింగ్ స్కూల్లో లేడీ డ్రైవింగ్ ఇన్స్ట్రక్టరుతో కలిసి పనిచేయడం నాకు నచ్చలేదు. ఆమె ఎప్పుడూ చాలా అసంబంధంగా ఉండేది.,Disgust
"మీరు ఏ మాత్రం స్పందించకపోవటంతో నాకేం అర్ధం కాలేదు,  మీరు విద్యార్థులు కొత్త ఆలోచనలు ఇష్టపడతారని నిజంగా అనుకున్నాను.",Surprise
మనం కలిసి దేశంకోసం ఎంతో చెయ్యగలం కానీ దెబ్బలాటలో సమయం నష్టం చేస్తున్నామనే   ఆలోచనే  నన్ను కాస్త బాధ పెడుతోంది.,Sadness
"మాకు దొరకని ఒక ప్రాజెక్ట్ ప్రపోజల్ గురించి లీడర్షిప్ మేనేజర్ మీద తీవ్రంగా విరుచుకుపడిన తరువాత, ఆయన టీంను తీవ్రంగా కోప్పడ్డాడు.",Anger
"యాక్, బాత్ టబ్లో సాలీడు ఉంది, దాని నుండి వీలైనంత దూరంగా జరుగుతున్నాను.",Disgust
బెంగళూరుకు వెళ్లే రైలు ఆగాల్సిన స్టేషన్లో ఆగకపోయేసరికి మేమంతా అయోమయంలో పడ్డాం.,Surprise
నా పనిని టైంకు పూర్తి చేయలేకపోతే బాధపడకుండా ఉండలేను.,Sadness
"నీ అభివృద్ధి కోసం మేం ఇంత చేసాక, రాజీనామా గురించి మాట్లాడటంతో అదంతా తోసిపారేస్తున్నవంటే నమ్మలేకపోతున్నాను.",Anger
ఈ టూర్ బ్యాచీ ఎంత అవ్యవస్థితంగా ఉందో. బాబోయ్ నమ్మలేకపోతున్నా!,Disgust
భద్రతా సమస్యల వలన బడ్జెట్ హోటల్లో బస చేయటం అంటే అంత సౌకర్యంగా అనిపించడం లేదు.,Fear
"మేము అప్పుడే చెక్ ఇన్ అయిన హోటల్ గదిలో అలంకరణని, నా భార్య నేను, కళ్ళప్పగించి చూస్తూండిపోయాము.",Surprise
ముడి చమురు తీస్కెళ్తున్న మా ట్యాంకర్ ఉత్తర అట్లాంటిక్లో ఒక తుఫానులో చిక్కుకున్నప్పుడు ఎంత భయపడ్డానో.,Fear
నాకు ప్రతిరోజూ పొద్దున్నే డ్రైనేజీ నుంచి దారుణమైన వాసన వస్తుంది.,Disgust
అబ్బ! వాళ్ళు ప్రీ ఓన్డ్ పుస్తకాలు కూడా అమ్ముతారా? వాళ్ళు అవి అమ్ముతారని నేనెప్పుడూ అనుకోలేదు.,Surprise
నన్ను కాకుండా వేరేవాళ్ళ జీవితాల మీద ప్రభావం చూపే నిర్ణయం తీసుకోవలసి వచ్చినప్పుడల్లా నాకు భయమేస్తుంది .,Fear
ఫ్రిజ్ నుండి వస్తున్న విచిత్రమైన పెద్ద శబ్దాలు ఆందోళనకరంగా ఉంది. అదేదో పెద్ద ప్రాబ్లమ్ లాగా అనిపిస్తోంది.,Fear
ఆర్థిక గడువులకు కట్టుబడి ఉండలేవా? ఎందుకు నాకు పిచ్చి కోపం తెప్పిస్తున్నావు!,Anger
ఈ రోజు ఈ దుకాణంలో ప్రతి వస్తువు మీద ఒకటి కొంటే ఒకటి ఉచితం అనే ఆఫర్ ఉంది తెలుసా?,Surprise
విఫలమౌతున్న కార్పొరేషన్లను ప్రజల డబ్బుతో ప్రభుత్వం బెయిల్ మీద విడుదల చేస్తుంటే నాకు మండిపోతుంది.,Anger
అడ్రస్ సరిగ్గా ఎక్కడుందో కనుక్కోవడం తికమకగా ఉంది. మనం దారి తప్పుతున్నామేమోనని నాకు భయంగా ఉంది.,Fear
"ఆదివారం కన్సర్ట్ హాల్ దగ్గర్లో పార్కింగ్ కోసం వెతుకుతూ చుట్టూ తిరిగాను, కానీ ఓ మైలు లోపు ఏ చోటూ దొరకకపోయేసరికి నిరసం వచ్చింది.",Sadness
భారతదేశంలో ఇంతమంది మంది యువకులు మాదకద్రవ్యాలకు లోబడుతున్నారని విన్నప్పుడు మనసు మొద్దుబారుతుంది.,Sadness
ఆఫీస్ మూడొందల ఆరవై ఐదు సాఫ్ట్వేర్లో చాలాసార్లు అనవసరమైన ఎఐ పాప్అప్ రావడం చూసాక  మైక్రోసాఫ్ట్ మీద విరుచుకుపడ్డాను.,Anger
నేల నిండా ఎంత జుట్టు ఉందో. చూస్తుంటే వాంతి చేస్కోవాలనిపిస్తోంది.,Disgust
అద్దె ఇంట్లో ప్రతి ఉదయం అద్భుతమైన పర్వతాల దృశ్యాన్ని చూస్తూ లేవాలనే ఆలోచన సరిగ్గా నేను కలలుగన్నదే.,Happiness
"ఒక సీరియల్ కిల్లర్ చీకటి పడిన తరువాత నగరంలో తిరుగుతూ ఉన్నాడు, దాంతో జనం రాత్రిపూట ఇళ్ళ లోపలే ఉంటున్నారు.",Fear
"నా హోటల్ రూంలో కొంత సేపు పని చేసుకుని తర్వాత సినిమా చూస్తూ విశ్రాంతి తీసుకోవాలనుకున్నాను, కానీ నాకు వైఫై కనెక్షన్ దొరకడంలేదు, దాంతో నేను అనుకున్నవి ఏవీ జరగట్లేదు.",Sadness
"ఆ సబ్వే స్టేషన్కు ఇంకెప్పుడూ మళ్ళీ వెళ్ళను. ప్లాట్ఫారం మురికిగా ఉండి,  కంపు కొడుతూండింది.",Disgust
"స్పోర్ట్స్ పిల్లల మెదడును అభివృద్ధి చేస్తాయని అర్థం చేసుకోకుండా,  పిల్లలను ఆడనీయకుండా ఆపే పేరెంట్స్, ఇంకా స్కూళ్లంటే నాకు అసహ్యం.",Disgust
వడ్రంగి మొదట అనుకున్నదానికంటే పొడవైన అల్మారాను అంతే ఖరీదుకి డెలివర్  చేసినప్పుడునాకు నోట మాట రాలేదు.,Surprise
"నా విమానంలో ఒక ప్రయాణీకుడు తన రంగు తక్కువైన సహ ప్రయాణీకుడిని అవమానించి, అతని పక్కన కూర్చోవడానికి నిరాకరించిన్నప్పుడు నాకు వికారం కలిగింది.",Disgust
"విండోస్ మీద ఇంకా గీతలున్నాయి, బయటి వైపు ఉండిన కొన్ని మరకలను అలానే వదిలేసారు.",Fear
నా కొత్త ఇంటి కోసం వాళ్ళ దగ్గరనుంచి ఇన్ని వస్తులు కొన్నాక  కూడా ఆ కరెంటు షాపు వాడు నాకు ఇంకెక్కువ వారంటీ ఇవ్వలేదు. ఆ విషయమే నాకు చిరాకు తెప్పిస్తుంది.,Anger
"అయ్యో, ఈ గది తలుపు తెరుచుకోవట్లేదంటే నమ్మలేకపోతున్నాను! ఇంతకు ముందెన్నడూ ఈ హోటల్లో ఇలా జరగలేదు. షాకయ్యాను!",Surprise
కాక్స్ అండ్  కింగ్స్ వాళ్ళు టూర్ కోసం పాత తప్పుడు మ్యాప్లను ఇచ్చినప్పుడు నాకు కోపం వచ్చింది.,Anger
ఫుట్బాల్ ప్రపంచకప్‌లో మా జట్టు వరసగా ఓడిపోతుంటే నా గుండె జారిపోతున్నట్టు ఉండింది.,Sadness
శిక్షణ ఇవ్వబడుతున్న ఉద్యోగులు  ఏర్పాటు చేసిన సెషన్లకు వాళ్ళు రాకపోయేసరికి వారి నిర్లక్షం చూసి  ఆశ్చర్యపోయాను.,Surprise
అద్దె ఇంట్లో దానికంటూ ఒక హోం జిమ్ స్పేస్ ఉండటం చూసి నాకు చాలా ఆనందమనిపించింది.  దీన్ని తీసుకోడానికి నాకున్న ఏకైక పెద్ద కారణం అదే.,Surprise
స్థానిక పార్కులు నగర జీవితపు హడావిడి నుండి తప్పించుకుని ప్రశాంతంగా ఉండే వీలిస్తాయి.,Happiness
వాళ్ళకు మరో ఉద్యోగం సంపాదించేందుకు అనవసరమైన శిక్షణ కోసం కంపెనీ చేత ఖర్చు పెట్టించాలని చూసే ఉద్యోగులను చూసి నాకు చిరాకేస్తుంది.,Anger
ఛాలెంజర్ షటిల్ గాల్లోకి లేస్తూనే పేలి పోయినప్పుడు వ్యోమగాములు చనిపోవటంతో దేశమంతా దుఖంలో మునిగిపోయింది.,Sadness
ప్రాథమిక అత్యవసర నిధి లేని వాళ్ళు అంతమంది ఉండడం చూసి ఆశ్చర్యమనిపించింది.,Surprise
ఈ సంగీతం వింటుంటే నాకు ఎంత హాయిగా ఉంటుందో. ఎప్పుడైనా నా మూడ్ బాగుచేస్తుంది.,Happiness
నేను ఇంటికి తిరిగెళ్ళేప్పుడు రైడ్ చాలా బాగుండింది. డ్రైవర్ నాకిష్టమైన కిషోర్ కుమార్ పాటలు ప్లే చేశాడు.,Happiness
"రోడ్డుకు రాంగ్ సైడ్లో డ్రైవింగ్ చేస్తూ, నన్ను చూసి హారన్ కొట్టే మోటరిస్టులతో నాకు పిచ్చి కోపం వస్తుంది.",Anger
ఈ గేమింగ్ కన్సోల్ ఫోర్ కే రిజల్యూషన్లో గేమ్స్ ఆడగలదంటే  నమ్మలేకపోతున్నా.,Surprise
"లైట్ స్విచ్ వెయ్య వద్దు గ్యాస్ సిలిండర్ లీకవుతోంది, పేలవచ్చు.",Fear
బ్యాట్స్మ్యాన్ కొట్టిన సిక్స్ ప్రేక్షకులలో ఓ చిన్న పాపకు చాలా దగ్గరగా పడినప్పుడు నాకు గుండె ఆగినంత పనయింది.,Surprise
"ఈ ఆభరణాల చేతిపని , బంగారం స్వచ్ఛతతో కలిపి, మీ కూతురి  గ్రాడ్యుయేషన్ బహుమతి కోసం చక్కదనం మరియు ప్రామాణికత రెండింటినీ ఖచ్చితంగా అందిస్తుంది.",Happiness
ఆ యువ గాయకుడు స్టేజ్ మీద తన ప్రదర్శన పూర్తి చేసిన తర్వాత తన సంగీత గురువుకు సరైన గౌరవం చూపకపోవడం చాలా బాధ అనిపించింది.,Sadness
"నాకు మండిపోతోంది! నేను హోటల్లోకి చెక్ ఇన్ చేసినప్పటి నుంచి వై ఫైకి కనెక్ట్ అవ్వాలని చూస్తున్నాను, కానీ నాకు మాత్రం ఎర్రర్ మెసేజ్లే వస్తున్నాయి. సరైన ఇంటర్నెట్ కనెక్షన్ లేకుండా ఏ పనైనా చేయడం, చివరికి రిలాక్స్ అవటం కూడా కుదరదు.",Anger
"ఆ మార్పులతో నిజంగానే నా కారు పనితీరును మెరుగుపరచగలను అనే ఆలోచన అద్భుతమైనది. మార్పులు కేవలం అందం కోసమని అనుకున్నాను, కానీ అవి ఇంధన సామర్థ్యాన్ని మెరుగుపరుస్తాయని తెలుసుకోవడం గేమ్ ఛేంజర్.",Surprise
"ఒక అకౌంటెంట్గా, ఆర్థిక రికార్డులు లేకపోవడం, వ్యాపారాల అస్తావ్యస్తమైన బుక్ కీపింగ్ వల్ల పన్ను దాఖలు చేయటం కష్టం అవటం చూస్తే దిగ్భ్రాంతి అనిపించింది.",Disgust
మరీ ముఖ్యంగా నేను బోనస్ చెల్లించాల్సి ఉన్నందున కార్పొరేట్ లాభాలు తగ్గటం నాకు కొంత ఆందోళన కలిగిస్తోంది.,Fear
స్మశానవాటిక నుండి అంత భయంకరమైన అరుపు విన్నప్పుడు నా పై ప్రాణాలు పైనే పోయాయి.,Fear
"హాయ్ కౌసల్యా, ఇంకా ఎందుకు ఇంటికి వెళ్ళలేదు? ఆలస్యం అవడం లేదా?",Surprise
భారత బృందం చేసిన మార్స్ మిషన్ నిజంగా అద్భుతం!,Surprise
మీరు అనుకోకుండా మాడ్యులర్ వంటగది వైపుకి మొగ్గు చూపటం చాలా విశేషం.,Surprise
అమెరికాలో పిల్లలను కాల్చి చంపడం చూస్తే నా రక్తం మరుగుతుంది.,Anger
"ఈ నత్తనడకతో నాకు  తిక్క రేగుతోంది. మీరు ప్రాజెక్టుతో కాళ్ళీడుస్తుంటే నాకు డబ్బు సమయం రెండూ నష్టమే, మీరసలు మేస్త్రీయేనా అని అనుమానంగా ఉంది!",Anger
"నా దుకాణం ఉన్న పరిసరాలు మంచివి కావు, అందుకని దోపిడీ జరుగుతుందేమోనని భయంగా ఉంది.",Fear
ప్రొఫెషనల్ నటీనటులు నటించిన జూలియస్ సీజర్ నాటకాన్ని ఎంత ఆనందించామంటే నాకు నిద్రమత్తుగా అనిపించలేదు.,Happiness
ఏవిటో! మంచి విద్యుత్ అమరికల తోపాటు అనువైన రిటర్న్ పాలసీ  కూడా ఇచ్చే షాపు కోసం నేనూ మా ఇంట్లో వాళ్ళు  వెతికి వెతికి నీరసించి పోయాం.,Sadness
ఈ పరికరం నా లైట్లను దూరం నుంచి ఆన్ ఆఫ్ చేయగలదా? చెవిలో పువ్వు పెట్టకు!,Surprise
"ఎట్టకేలకు రెండేళ్ళ తర్వాత నా అభిమాన హీరో సినిమా రిలీజ్ అవుతోంది, ఆ రిలీజ్ పండుగలా కనిపిస్తోంది.",Happiness
మా అమ్మానాన్న నా నమ్మకాన్ని వాడుకొని నన్ను మోసంచేస్తారంటే నమ్మలేకపోతున్నాను. అది దారుణంగా నా గుట్టు రట్టు చేసినట్టే.,Disgust
"క్షమించండి, కానీ నా ఎకౌంటు ఓవర్డ్రాఫ్ట్లో ఉంది, ఈ నెలాఖరులోగా కట్టలేను.",Sadness
నా చిన్నప్పుడు నేను రోజూ ఆడిన నాకిష్టమైన ఆటని రీమేక్ చేశారు!,Surprise
"ఈ రోజుల్లో అమ్మేవాళ్ళందరూ వాళ్ళ వస్తువులు అమ్ముకోటానికి లౌడ్ స్పీకర్లు వాడతారు, అది నాకు పిచ్చెక్కిస్తుంది.",Anger
మన ఆదాయంలో మీ ఆర్థిక పరిస్థితుల మీద ప్రభావం చూపిన వేరే వేరే వనరులు ఏవి?,Sadness
వాళ్ళ ఉద్యోగాలకు బదులుగా యంత్రాలను పెట్టుకున్నప్పుడు జనం వీధుల్లో పోలీసులతో మాట్లాడారు.,Anger
అబ్బో! ఇది చాలా చక్కని డ్రాయింగ్ సుందరా! బాగా గీసావు.,Surprise
"ఈవెంట్ థీమ్ ఆకట్టుకునేలా ఉన్నప్పటికీ, పూర్తి ఈవెంట్ను సరిగా నిర్వహించకపోవడంతో మొత్తం గందరగోళం జరిగినప్పుడు నేను ఈవెంట్ మేనేజర్ మీద విరుచుకుపడ్డాను.",Anger
"కొంతమంది కస్టమర్లు చాలా చికాకు పెడతారు. నిన్న గేటు దగ్గర అరుస్తూ, వాళ్ళు నా దారికి అడ్డంపడి, నన్ను ఇంటికి వెళ్ళనివ్వలేదు!",Anger
ఈ సంవత్సరం చివరికల్లా ఈ బిల్డింగ్ కట్టటం అయిపోతుందనుకుంటా.,Happiness
"నేను రెస్టారెంట్లో కూర్చునే వీలు కోసం ఎదురుచూస్తుంటే, నన్ను అదేపనిగా నిర్లక్ష్యం చేయటంతో నాకు మండిపోయింది.",Anger
"భారతదేశంలో డ్రైవింగ్ అనుభవాన్ని యుఎస్‌లో అనుభవంతో పోలిస్తే, యుఎస్‌లో నేర్పే పద్ధతిన విధానం నాకు ఎక్కువ సౌకర్యంగా అనిపిస్తుంది.",Happiness
నేను ప్రత్యేకంగా ఈ ఆరోగ్య కేంద్రాన్ని ఎంచుకున్నానంటే ఇది నా మెడివెల్ బీమా పరిధిలోకి వస్తుంది కాబట్టి. నా ఇటీవలి సందర్శనలు ఏవీ కవర్ అవ్వవని ఇప్పుడు మీరు నాకు చెప్తున్నారా? ఇది నమ్మశక్యంగా లేదు!,Anger
కొన్ని దేశాలలో ప్రభుత్వానికి అప్పు ఎంతుందో చూస్తే నాకు దిమ్మ దిరిగిపోయింది!,Surprise
"మీరు వెళ్లాలనుకుంటున్న చోటంటే నాకు భయం, అందుకే అక్కడికి రాను. ఇప్పటికే నన్నుక్కడ రెండుసార్లు దోపిడీ చేశారు.",Fear
మన ఆదాయం పడిపోయింది! ఈ నిరాశని దాటడానికి మనం మార్గాలు వెతుక్కోవాలి.,Sadness
"నేను ఈజిప్టు మమ్మీల గురించి ఓ ప్రోగ్రాం చూస్తూ, ఇసుక కింద బంగారపు పూతపోసిన విగ్రహాలు దొరకటం చూసి థ్రిల్ అయ్యాను.",Happiness
ఎస్బిఐకి చాలా మంచి ఇంటర్నెట్ బ్యాంకింగ్ ఉంది. నేను ఎలాంటి సమస్యలు లేకుండా త్వరగా డబ్బు బదిలీ చేసుకోవచ్చు.,Happiness
"కలుపు తీయడానికి కాంపౌండ్ మూలకు వెళ్ళినప్పుడు, అక్కడ ఒక పెద్ద నాగు పాము ఉంటూ ఉంటుందని వణుకుతూ ఉండాను.",Fear
వెనకవైపు పట్టుకునే రాడ్ లేని ఇంటర్ సిటీ బస్సుల్లో ఎక్కడం నాకు అస్సలు నచ్చదు. ఒక్క సడన్ బ్రేక్ వేసేసరికి ప్రయాణికులు ఎగిరి బస్సు ముందు భాగంలో పడతారు.,Disgust
"ప్రతి రొజూ, ముఖ్యంగా రద్దీ ట్రాఫిక్లో డ్రైవ్ చేస్తున్నపుడు ప్రశాంతత ఎప్పటికి వస్తుందో అనిపిస్తుంది.",Sadness
"యుకేలో వర్షం ఎప్పుడు పడుతుందో ఎవ్వరూ చెప్పలేరు, ఆ వాతావరణం నాకెప్పుడూ అర్ధం కాదు.",Surprise
"నేను ఈస్ట్ కోస్ట్ రోడ్డు మీద డ్రైవ్ చేస్తున్నప్పుడు,షేర్ ఆటో డ్రైవర్ హారన్ కొడుతూనే ఉండటంతో నాకు చిర్రెత్తుకొచ్చింది.",Anger
పోటీదారుల చేతిలో విలువైన కస్టమర్లను పోగొట్టుకుంటామేమోనని దిగులుగా ఉంది.,Fear
తన పని పూర్తవక ముందే ఆ వడ్రంగి మోడ్యులర్ కిచన్ ధరను తనకు తోచినట్టు పెంచడంతో నాకు చిరాకొచ్చింది.,Anger
"మన జీవితాలను మరింత సులభంగా, మరింత ప్రయోజనకరంగా చేయడంలో కృత్రిమ మేధస్సుకు గల శక్తి  గురించి ఎంతో సంతోషంగా ఉంది.",Happiness
వెహికల్ రిజిస్ట్రేషన్ కోసం అప్లై చేసినప్పుడు ఆర్టీఓ ఆఫీసు వాళ్ళు రూల్స్ మార్చుతూ ఉండటం చూసి పట్టరాని కోపమొచ్చింది.,Anger
అదృష్టవశాత్తు కలిసొచ్చి మీ ఆదాయాన్ని అనుకోకుండా పెంచినవి  ఏవి?,Surprise
"మేడ మొత్తం ఎరువులు, పురుగులతో భయంకరమైన వాసన వస్తోంది.",Disgust
నేను ఉంటున్న హోటల్ గదిలో ఇంటర్నెట్ కనెక్షన్ ఎంత వేగంగా ఉందో నేను వీడియో కాన్ఫరెన్సింగ్ చేయగలుగుతున్నందుకు చాలా సంతోషంగా ఉంది.,Happiness
"భారీ గాలులు, బలమైన ఉరుములు కలిసిన వర్షం తరువాత, బాత్రూమ్ తలుపు తెరిచేసరికి, అక్కడ ఉన్న పెద్ద పామును చూసి భయంతో వెనకడుగు వేసాను.",Fear
ఇద్దరు వ్యక్తులు ఒకరికొకరు తిన్నగా రుణాలు ఇచ్చి పుచ్చుకునే వేదికలు ఎంత త్వరగా ప్రజాదరణ పొందాయో ఆశ్చర్యంగా ఉంది.,Surprise
"పనిలో ఒత్తిడి, ఆందోళనలను సంభాళించడానికి ప్రయత్నిస్తున్నప్పుడల్లా నేను నిరుత్సాహం, నిరాశలకు గురవుతాను.",Anger
ఎన్ఎస్ఈని మోసం చేయడానికి ఎవరో తెగించడం వలన నా పెట్టుబడుల విలువ పడిపోవడం చూస్తే చాలా చిరాకేస్తుంది.,Anger
మంచి అర్హతలున్న మా బాస్కు బదులు కంపెనీని నడపడానికి చైర్మన్ బయటి మనిషిని ఎంచుకోవడం మాకు అసహ్యమేసింది.,Disgust
ఈ రోలర్కోస్టర్లు చాలా భయమేసేట్టు ఉన్నాయి.,Fear
టూరిస్ట్ ఆపరేటర్ బుక్ చేసిన హోటల్లో గదులు బొద్దింకలతో నిండిపోయి ఉన్నాయి.,Disgust
అబ్బో! శ్యామ్ అంత త్వరగా పరుగెత్తగలడని ఎవరికి తెలుసు?,Surprise
మన గతంలో ఇంత ముఖ్యమైన భాగం పోగొట్టుకోవటం నిజంగా బాధాకరం.,Sadness
కిరాణా షాపు దగ్గర ఓ కస్టమర్ నా ముందు క్యూలో దూరినప్పుడు నాకు పిచ్చ కోపం వచ్చింది.,Anger
ఆ నీళ్లలోకి వెళ్లొద్దు. చాలా లోతుంది!,Fear
"నీకున్న గొప్ప సాఫ్ట్ స్కిల్స్, మన  ఆఫీసుకు అవి ఎంతగా ఉపయోగపడ్డాయో ఆలోచిస్తే, టీం అవసరాలకు అంత బాగా సరిపోగల వాళ్ళు ఇంకెవరైనా దొరకాలంటే ఎంత కష్టం అవుతుందో అని భయంగా ఉంది.",Fear
"లక్ష్మీ, మనం సరైన దారిలో వెళ్తున్నామో లేదో నాకు తెలియట్లేదు. ఫోన్ వేరే రూట్ చూపిస్తోంది కానీ డ్రైవర్ రాంగ్ టర్న్ తీసుకున్నాడు.",Fear
"నాకు ఈ కొరియర్ సేవ మీద మండిపోతోంది. నేను డెలివరీ త్వరగా కావాలని ప్రత్యేకించి అడిగాను, కానీ ఇప్పటికే  ఒక రోజు ఆలస్యం అయింది!",Anger
ఆ ఉద్యోగి విస్తృత నైపుణ్యం చూసి అవాక్కయ్యాను.  అతను మొదట టీంలో చేరినప్పటి నుండి చాలా ఎదిగాడు.,Surprise
ఒక ముసలి వ్యక్తిని మీ ఉద్యోగులు గౌరవించకపోవడం చూసి నాకు చిరాకేస్తోంది.,Anger
మారథాన్ ఈవెంట్ తర్వాత బిసెంట్ నగర్ బీచ్ చెత్తతో నిండిపోవడం చూసి నిరాశగా అనిపించింది.,Sadness
ఆటగాళ్ళు సమయం వృధా చేసేందుకు ఎత్తుగడలు వేస్తూ ఉండడం కోపం రెచ్చగొట్టేలా ఉన్నాయి.,Disgust
నాకు అత్యవసర పరిస్థితులకోసం   పొదుపు చేయలేదని ఆలోచిస్తే  నాకు యే ఆశా కనపడట్లేదు.,Sadness
ఈ అద్భుతమైన పురాతన కాలం నాటి కుర్చీలను అమ్మడంలో మీ ఉత్సాహం చూస్తే నిజంగా ఆనందంగా ఉంది.,Surprise
నీ ఫోన్ను నిర్లక్ష్యంగా పడెయ్యడానికి నేనే కారణమని నువ్వు నన్ను అనడం నాకు ఆశ్చర్యం అనిపిస్తోంది.,Surprise
"సైబర్ సెక్యూరిటీ ఉల్లంఘన వలన నా ఫ్యామిలీ ఫోటోలు పోయినప్పుడు నాకు పిచ్చి కోపం వచ్చింది, ఆ పని చేసినవాణ్ణి పట్టుకోగలనేమో.",Anger
దేవుడా! ఈ కొత్త జిపిఎస్ నావిగేషన్ సిస్టమ్ వల్ల నేను కొండల్లో దారి తప్పిపోకుండా బ్రతికిపోయాను. ఇదే ఇంకొకటైతే తెగ ఇబ్బందులు పడిపోయేది. అదిరిపోయింది!,Surprise
సినిమా ఆడిషన్ తర్వాత కాస్టింగ్ డైరెక్టర్ బొటనవేలు పైకెత్తి ప్రశంసిస్తున్నట్టు నవ్వినప్పుడు నాకు చాలా సంతోషమేసింది.,Happiness
"వాళ్లు ఏ మాత్రం దృష్టి పెట్టకపోవటం, గౌరవం లేకపోవటం, చెప్పినవి చేయకపోవటం చాలా అసంతృప్తి కలిగిస్తోంది.",Sadness
నా బ్యాగ్లు వచ్చే వరకు అవసరమైన వాటిని కొనుక్కోడానికి డబ్బుతో పాటు తర్వాతి ఫ్లైట్లో నా బ్యాగేజీ  నాకు చేర్చేందుకు మీరు తీసుకుంటున్న చర్యలకు సంతోషం.,Happiness
"దాని చిక్కటి డిజైన్, ఇంకా దానికి చేయవలసిన మార్పుల వల్ల  మీరు ఎంచుకున్న కేక్కి అదనంగా ఖర్చు అవుతుంది, సారీ.  అసౌకర్యమైతే క్షమించండి.",Sadness
కొండ మీద ప్రమాదం జరిగిన స్థలాన్ని దాటి వెళ్ళేటప్పుడు బాధితుల గురించి బాధపడకుండా ఉండలేకపోయాను.,Sadness
"డ్రైవింగ్ నైపుణ్యాల పరీక్షలు అంత వివరంగా ఉన్నాయని నాకు చాలా సంతోషంగా ఉంది, ఇది నా బలాలు, మెరుగుపరచవలసిన విషయాలను అర్థం చేసుకోవడానికి నాకు ఉపయోగపడుతోంది.",Happiness
నాతో లోతుగా మాట్లాడే కళాఖండాలను నా చుట్టూ ఉంచుకోవటం నాకు ఎంతో ఆనందం ఇస్తుంది.,Happiness
అబ్బో! పదేళ్ల కిందట సుభాష్ చంద్రబోస్ కూడా ఈ హోటల్లోనే బస చేసారా?,Surprise
హిమాచల్ ప్రదేశ్లో వరదల కారణంగా స్థానిక భవనాలు కొట్టుకుపోవడం చూస్తుంటే గుండెలు పిండుతున్నట్టు అనిపించింది.,Sadness
వర్షాలు మమ్మల్ని పని చేయకుండా అడ్డురావడంతో మేం అనుకున్న దానికంటే కంటే వెనుకపడటం చాలా దురదృష్టకరం.,Sadness
నువ్వు మీటింగులో వేరేవాళ్ళ గురించి మాట్లాడేటప్పుడు నీలో ప్రొఫెషనలిజం లేకపోవడం నాకు బాగా చిరాకు తెప్పిస్తుంది.,Anger
"నా కారు కోసం మెకానిక్  కొన్ని మార్పులు చేయమని సూచించాడు, ఇప్పుడు అది నాకు సరిగ్గా సరిపోయే ప్రత్యేకమైన లక్షణాలతో ఉంది. నాకు ఒళ్ళు పులకించిపోయినట్టుంది.",Happiness
నిన్న వచ్చిన సీలిండర్ ముందు కంటే తక్కువ తూగుతోందని నాకు చిరాకొస్తోంది. తక్కువకి ఎక్కువ డబ్బులు ఇచ్చుకుంటున్నామా అని ఆలోచిస్తున్నాను.,Anger
"వాళ్ళు నా డాక్యుమెంట్లు చూసుకొని, నాకు ఆ స్కీమ్కు అర్హత ఉందని చెప్పారు.",Happiness
నా ఎకౌంటులో సరిపడా డబ్బు ఉన్నప్పుడు నా చెల్లింపు పరిమితిని ఎందుకు పెంచడం లేదు?,Anger
మీరు ఏ మాత్రం విచారించకుండా మీ డబ్బు ఆ కంపెనీలో పెట్టుబడి పెట్టారంటే నాకు ఆశ్చర్యమేస్తుంది.,Surprise
"హమ్మయ్య, మొత్తానికి నా వాటర్ ఫిల్టర్కు మైంటెనెన్స్ ఫీజుని అనుకూలంగా బేరమాడేశాను.",Happiness
విద్యార్ధులకు విద్యా రుణాల భారాన్ని తగ్గించడానికి అమెరికా ప్రభుత్వం చర్యలు తీసుకున్నప్పుడు నాకు చాలా సంతోషం అనిపించింది.,Happiness
మార్కెట్ కరెక్షన్ ఉండవచ్చేమో అని నాకు కొంచెం భయంగా ఉంది.,Fear
ఇండియాలో పద్ధతిలేని పరిస్థితుల్లో డ్రైవ్ చేసొచ్చిన నేను రాత్రికి రాత్రే పర్ఫెక్ట్ డ్రైవర్ అయ్యుండాలని యూఎస్ డ్రైవింగ్ ఇన్స్ట్రక్టర్లు అనుకోవడం చూస్తే నాకు మండుతుంది.,Anger
"ఆ సైన్స్ ఫిక్షన్ సినిమాలోని స్పెషల్ ఎఫెక్ట్స్ చాలా చౌకబారుగా, పాతవాటిలాగా అనిపించాయి.",Disgust
"ఏం జరిగిందో చెప్తే నువ్వు నమ్మవు! బస్సులో కండక్టర్ నాకు తప్పు చోటుకు టికెట్ ఇచ్చాడు, నేను దిగాల్సి వచ్చే వరకు అది చూసుకోలేదు!",Surprise
మమ్మల్ని నమ్మినందుకు సంతోషం సార్. మీకు మళ్ళీ సేవ చేసేందుకు సంతోషిస్తాం.,Happiness
మా దగ్గర కెమెరా లేదని పోలీసులకు చెబితే మమ్మల్ని పిలిపించి సీసీటీవీ కెమెరా పెట్టించుకోమని బలవంతం చేస్తారని భయపడ్డాను.,Fear
నాకు నా పిల్లవాడి ఖాతా భద్రత గురించి భయంగా ఉండి తన పొదుపును జాగ్రత్తగా ఉంచే విధాల గురించి బ్యాంకుతో మాట్లాడాను.,Fear
బియ్యం ఎగుమతుల మీద భారత్ ఆంక్షలు విధించిందని పుకార్లు రావడంతో అమెరికాలో ఉండే ఎన్ఆర్ఐలు షాకయ్యి పెద్దమొత్తంలో బియ్యం కొన్నారు.,Surprise
"సరిగా లేని సీట్లు, కాళ్ళు పెట్టుకునేందుకు స్థలం లేని టూర్ బస్సును సిఫార్సు చేసావని నీ మీద కోపమొస్తోంది.",Anger
"మేము బుక్ చేసిన వసతి ఆన్లైన్ ఫోటోలతో మ్యాచ్ కాటల్లేదు, చాలా నిరాశగా ఉంది.",Sadness
"నేను అక్కడ లేనప్పుడు నా సైకిల్ మీదొక చెట్టు పడింది, ఇక నేను ఇంటికి నడుచుకుంటూ వెళ్లాలి.",Sadness
"మా పాత పరికరాలు ఏ క్షణంలోనైనా పాడైపోవచ్చని విన్నాను. దాని వలన జాప్యాలయ్యి, పనులు జరకపోవచ్చు అనుకుంటే భయమేస్తుంది.",Fear
ఆ చిన్నషాపు సౌకర్యమైన వెబ్సైట్ డిజైన్ చూసి ఆశ్చర్యమేసింది.,Surprise
నా ల్యాప్టాప్ బాగుచేసినందుకు థాంక్ యూ. ఇప్పుడు బాగానే పని చేస్తోంది.,Happiness
ఈ ప్రాంతంలో నేరాల రేటు ఇంత తక్కువగా ఉంటుందా! ఇలాంటి చోట ఇంత అందమైన అద్దె ఇల్లు దొరకడం నిజంగా ధైర్యాన్ని ఇస్తుంది.,Surprise
మేము కరెంటు పోకుండా ఉంచడానికి మా చేతనైనంత ప్రయత్నం చేస్తున్నాం కాని ప్రభుత్వం కొత్త పరికరాలు ఆమోదించడానికి  ఒప్పుకోవట్లేదు.,Disgust
సినిమా సన్నివేశంలో కొంతమంది యువకులు ఆ వృద్ధుడి మీద దాడి చేయడం చూసి నాకు కోపం రేగింది.,Anger
ఈ  పరిస్థితి మొత్తం నిరాశపరుస్తోంది . నా ప్యాకేజీ చిరిగిపోవడమే కాకుండా తెరిచి కూడా వచ్చింది.,Anger
టీవీ సేల్స్మాన్ తన దుకాణంలోకి వచ్చిన ఆడవాళ్ళను అదేపనిగా వంకరచూపులు చూస్తూ ఉండటం నాకు చాలా అసహ్యంగా అనిపించింది.,Disgust
ఈ రోజు సెలవులో ఉన్నాడని నాకు చెప్పని నిపుణుడి నిర్లక్ష్యం నాకు చాలా  కోపం తెప్పించింది.,Anger
"కంబోడియాలోని స్థానిక చరిత్ర, సంస్కృతుల గొప్పతనం నిజంగా మనసును ఆకర్షిస్తుంది.",Surprise
మా ఏసి వైర్ని కొరికేసినందుకు ఆ ఉడుత మీద నాకు పిచ్చి కోపం వచ్చింది.,Anger
"గత నెల నేను చాలా తీవ్రంగా అనారోగ్యంతో బాధపడిప్పుడు నా భార్య నాగురించి కంగారుపడిపోయి, చాలా శ్రద్ధ తీసుకోవడం నాకు బాగా నచ్చింది.",Happiness
మైక్రోవేవ్ ఓవెన్కు ఈ దుకాణదారుడు అన్యాయంగా మరీ ఎక్కువ ధర చెప్పి నాకు చిర్రెత్తించాడు.,Anger
"టూర్ కంపెనీ వాళ్ళ బ్రోచర్లో మాటిచ్చినట్లుగా మా గ్రూపుకు రవాణా ఏర్పాటు చేయలేదు, దాంతో మా అందరికీ చాలా కోపమొచ్చింది.",Anger
ఇవాళ్ళ మార్కెట్ నుంచి తాజా గులాబీలు తెచ్చాను. చాలా మంచి వాసన వస్తున్నాయి.,Happiness
ధనిక దేశాల వల్ల ఏర్పడిన దేశాల మధ్య ఈ ఆర్థిక అసమానత చూస్తే నాకు రక్తం మరుగుతుంది.,Anger
ఉబర్ డ్రైవర్లు నా రైడ్ క్యాన్సిల్ చేసినప్పుడు నాకు ఎంత తిక్కరేగుతుందో తెల్సా! అది కూడా ఏదైనా అర్జెంట్ మీటింగ్ ఉన్నపుడు.,Anger
ఈ స్మార్ట్ హోమ్ సెక్యూరిటీ సిస్టమ్లో ఫేషియల్ రెకగ్నిషన్ ఉంటుందని అనుకోలేదు. ఆకట్టుకునేలా ఉంది!,Surprise
"ద హిందూ వార్తాపత్రిక ఘోరంగా కమ్యూనిస్ట్, అది స్వతంత్ర జర్నలిజంని ఇక మీదట సూచించట్లేదు.",Disgust
ఈ అద్దె ఇంటిని వెతికి పెట్టడానికి బ్రోకరేజ్ ఫీజులు ఇంత అందుబాటులో ఉంటాయని  అనుకోలేదు!,Surprise
నవల రెండో భాగం దొరికడంతో నేను ఆనందంతో పొంగిపోయాను. అది చదవడం పరమానందం.,Happiness
"వారానికి ఒకసారే నీళ్ళని మార్చినా, నీకు వాటర్ రైడ్స్లోకి నిజంగా వెళ్ళాలని ఉందా?",Disgust
ఈ ఆకర్షణ దగ్గర కస్టమర్ సర్వీస్ లేకపోవడం చిరాక్గా ఉంది.,Disgust
"ఇన్కమ్ టాక్స్ ఆఫీస్ నుంచి నాకు ఇమెయిలో, ఉత్తరమో వచ్చినప్పుడల్లా, వాళ్ళు ఎక్కువ డబ్బు అడుగుతారేమో అనుకుంటూ నా గుండె గబా గబా కొట్టుకుంటుంది.",Fear
నా మైసూర్ పట్టు చీర మీద ఆవిడ అనుకోకుండా కేకు పడేసినప్పుడు  చిరాకేసింది.,Anger
"నేను రూమ్ నంబర్ నూట యాభై నాలుగు లోకి ఎప్పుడూ వెళ్ళను, చాలా చిందరవందరగా, రోతగా ఉంటుంది.",Disgust
"కొన్ని ముఖ్యమైన బట్టలు ఉతికించుకోవాలనుకున్నాను కానీ హోటల్ వాళ్ళకు చెప్పటం కుదరట్లేదు, ఏం చేయాలో తోచట్లేదు.",Sadness
విఫలమౌతున్న ప్రాజెక్ట్ గురించి ఆలోచిస్తూ రాత్రులు నిద్రలేకుండా  గడుపుతున్నాను.,Fear
"భారీ ట్రాఫిక్ ఉన్నప్పటికీ, మేము అనుకున్న సమయానికి మేం వెళ్లాల్సిన చోటుకి చేరుకున్నామంటే ఆశ్చర్యంగా ఉంది!",Surprise
కనబడకుండాపోయిన ఒక నగరాన్ని వెతకడానికి కున్ లున్ పర్వతాలలోకి లోతుగా వెళ్లబోతున్న యాత్రికులతో చేరడానికి నాకు ఫోన్ కాల్ వచ్చినప్పుడు చాలా సంతోషం అనిపించింది.,Happiness
ఈ వాయిస్ రికగ్నిషన్ సాఫ్ట్వేర్ యొక్క ఖచ్చితత్వం చూస్తే నాకు ఆశ్చర్యమనిపిస్తుంది.,Surprise
ఎంత సాహసం! ఈ చిన్న స్టార్టప్ మార్కెట్లో ఇంత ముఖ్యమైన సంస్థ అవుతుందని ఎప్పుడూ ఊహించి ఉండను.,Surprise
"కారుకు నల్ల అద్దాలు ఉండేవాళ్ళు రాజకీయ నాయకులు అయ్యుండాలి, వాళ్లకి  తెలివి ఉండదు.",Disgust
ఒక ముఖ్యమైన కార్యక్రమానికి హయ్యర్ మేనేజ్మెంట్ సహాయ పడకపోవడం చూసి నాకు నిరుత్సాహమనిపించింది.,Sadness
ఇప్పుడు మనకు తెలిసిన ప్రపంచం ఎన్నో తరాల అడుగుజాడలమీద నిర్మించినదని గ్రహించినప్పుడు అహంకారం మిగలదు.,Fear
ఇవాళ్ళ తినకపోతే అతను ఆకలితో చచ్చిపోతాడని భయమేస్తోంది.,Fear
పది లక్షల మందికి పైగా ఈ ఆట ఆడారు. నీకు దాని గురించి తెలియక పోవటం ఏంటి?,Surprise
నేను మాట్లాడుతుంటే నువ్వు వినకపోతే మండుతుంది. నా దగ్గర అసలైన ల్యూక్ స్కైవాల్కర్ బొమ్మ ఉందని నిన్న నీకు చెప్పాను.,Anger
"మనం ఇన్కమ్ టాక్స్ అధికారులు అడుగుతున్న అదనపు పన్ను కట్టకపోతే, గత ఐదేళ్లలో ఆర్థిక వ్యవహారాలన్నీ త్రవ్వి తీసే టాక్స్ ఆడిట్ అనే భయంకరమైన పరిస్థితి ఎదుర్కుంటారు.",Fear
నాతో చదివే విద్యార్ధి ఒకడు ముక్కులో తిప్పుకొని అదే వేలు నోట్లో పెట్టుకుంటే నాకు వాంతి చేస్కోవాలనిపించింది.,Disgust
వాషింగ్టన్లో ఉండే స్థానిక ఆర్ట్ గ్యాలరీలలో ఇంత వైవిధ్యమైన కళాకృతలు ఉంటాయని నేను అనుకోలేదు.,Surprise
"గ్యాస్ సిలిండర్ ధరలు పెరుగుతూ పోవడటం చూస్తే బెంగగా ఉంది. ఇది నా బడ్జెట్ మీద దెబ్బ కొడుతోంది, ఎలా తట్టుకోవాలో తెలియట్లేదు.",Sadness
వాషింగ్ పౌడర్ బట్టలను చాలా తెల్లగా చేస్తుందనే మీ ప్రకటనల తప్పుడు  వాదనలతో నాకు చిరాకొస్తోంది.,Anger
"ఒక సీనియర్ సిటిజన్ జీవిత కాలం పొదుపు చేసుకున్న డబ్బులను ఎవరైనా ఎలక్ట్రానిక్గా దొంగిలించి, ఆ సిగ్గుమాలిన పని వల్ల బాధ పడకుండా ఎలా ఉండగలరో నాకు తెలీదు.",Disgust
నాతో చాలాకాలం పనిచేసిన కలీగ్ సంస్థ నుంచి వెళ్ళిపోవాలని నిర్ణయించుకున్నప్పుడు అన్నేళ్ళ పాటు కలుసుండటం గుర్తుచేసుకునేసరికి పాత జ్ఞాపకాలు కళ్ళ ముందు మెదిలాయి.,Sadness
"మేము మీ సాఫ్ట్ స్కిల్స్ను పెంపొందించడానికి సమయం  వెచ్చించాము, ఇప్పుడు మీరు వాటిని మరెక్కడైనా ఉపయోగించాలనుకుంటున్నారా? చిర్రెత్తించే విషయం కాదూ ఇది!",Anger
ఈ దుకాణానికి రావడం నాకు చాలా ఇష్టం. వీళ్ళ దగ్గర ఎప్పుడూ సరికొత్త ఫోన్లన్నీచూపెడుతూ ఉంటారు.,Happiness
వాళ్ళు తమ టాక్స్ ఫైలింగ్ విషయంలో తృప్తి పడ్డారని విని మేం ఊపిరి పీల్చుకున్నాం.,Happiness
తన పోటీదారుడి కోటుని చూడటానికి మేనేజర్ తన క్లయింట్ గదిలోకి చాటుగా దూరటం చూసినప్పుడు నాకు అసహ్యమేసింది.,Disgust
"ఇక్కడ అమ్మే పుస్తకాలను వాటి అసలు ధరలో సగానికే అమ్ముతారని నాకు చెప్పారు, కానీ ఈ పుస్తకం ధర దాని సగం ధర కంటే ఎక్కువుంది. ఇప్పుడు నాకు డబ్బు తక్కువ పడింది, ఈ పుస్తకం ఎలా కొనగలను?",Sadness
ఈ వారం షోలో మోడల్స్ను నేను తయారు చేసిన డ్రెస్సులు వేసుకోనిస్తానని మేనేజర్ చెప్పిందని  చాలా సంతోషంగా ఉంది.,Happiness
"భారీ వర్షాలు కురిసినప్పుడు స్థానిక ఆహారం, నీళ్ళతో వచ్చే ఆరోగ్య ప్రమాదాలు వస్తాయేమోనని దిగులుగా ఉంటుంది.",Fear
బాగుంది. చాలా త్వరగా అయిపొయింది. రెండే సెకన్లలో నా డబ్బు బదిలీ అయిపోయింది.,Surprise
నా సమయం దండగ చేసుకోడానికి ఇక్కడికి రాలేదు! ఈ పాత్ర సంపాదించటానికి వచ్చాను.,Anger
"మీరు నన్ను బోర్డింగ్ స్కూల్లో చేర్చాలనుకోకపోతే, నేను తేలికగా  ఊపిరి తీసుకుంటాను. నువ్వు చెప్పాలనుకున్న దుర్వార్త ఏమిటో చెప్పు.",Happiness
డబ్బులిస్తామని ఆశపెట్టే ఆన్లైన్ లింక్ల మీద క్లిక్ చేయడం మూడు నెలల కిందటే ఆపేసానని నీకు తెలియదా?,Surprise
"నా అన్నంలో బొద్దింక ఉంది, మళ్ళీ ఇక్కడ తిండి తినగలననుకోవట్లేదు.",Disgust
"స్థానిక గిరిజనులతో నా నృత్యాన్ని  అభ్యసించాను, ఇప్పుడు ఆ నృత్యం నచ్చుతోంది.",Happiness
"ఎంఆర్టిఎస్ స్టేషన్ నుండి బయటకు రాగానే, నా ముందున్న చెత్త నిండిన రోడ్డు చూసి వాంతి వచ్చినట్టు అయింది.",Disgust
అథ్లెట్లు తమ ప్రత్యర్థులను అగౌరవపరచడం చూస్తుంటే నిరుత్సాహంగా ఉంది,Disgust
నా తిరిగి చెల్లింపు తాలూక దస్తావేజులను ఆసుపత్రి గందరగోళం చేయడంతో నాకు బీమా డబ్బు ఇవ్వలేదు.,Anger
"నాకు దూర ప్రయాణానికి సైకిల్ అవసరం అయినప్పుడు, సైక్లింగ్ని ఒక ఆనందంగా మార్చే బైక్ల శ్రేణిని చూసి చాలా అద్భుతంగా అనిపించింది.",Happiness
"నా ఎకౌంటును ఇప్పుడే చూసుకున్నాను, ఒక పెద్ద, అనధికారిక విత్‌డ్రాయల్ జరిగింది. ఏం జరుగుతోంది? నా డబ్బు భద్రంగానే ఉందా?",Fear
"మాడ్యులర్ కిచెన్ తుది డిజైన్ నా అంచనాలతో సరిపోదని, చివరికి నా అభిరుచికి లేదా అవసరాలకు సరిపోనిదానితో సరిపెట్టుకోవాల్సి వస్తుందేమోననే ఆలోచన మనసులో లాగుతోంది.",Fear
"ఆ డాక్యుమెంట్లు ఓ బాధాకరమైన నిజాన్ని బయటపెట్టి, నమ్మకాన్ని వమ్ము చేసాయి. సంపద గురించి మిణుకుమనే ఆశను కూడా అర్పేశాయి. దాంతో ఆ గది నిశ్శబ్దంతో నిండిపోయింది.",Sadness
ఈ భోజనం రుచి అమృతం!  మసాలాల మిశ్రమం మరియు ప్రధాన పదార్ధం యొక్క సున్నితత్వం నా అంచనాలను మించిపోయింది.,Surprise
ఆరోగ్య కేంద్రంలో ఈ అదనపు బెడ్ ఛార్జీల గురించి మొదట ఎందుకు చెప్పలేదు? ఇప్పుడు చెప్తే ఎలా?,Anger
ఆవేళ నా మాట ఎందుకు వినలేదు? అప్పు తీసుకున్న డబ్బుతో జూదం ఆడటం మంచి ఆలోచన కాదని నీకు చెప్పాను.,Anger
"దొంగతనం తర్వాత మీరు క్షేమంగా, భద్రంగా ఉన్నందుకు  సంతోషిస్తున్నాం. మీ దగ్గర నుంచి దోచుకున్న నేరస్తులను ఖచ్చితంగా పట్టుకుంటాం.",Happiness
"నాకు బస్సులో ఇంటికి తిరిగి వెళ్ళటం ఎంత ఇష్టమో. అది చౌకగా, సౌకర్యంగా ఉంటుంది, ఇంకా కొత్తవాళ్ళను కలిసే వీలుంటుంది.",Happiness
సబ్మెర్సిబుల్లో గాలి అయిపోయుంటుంది అనుకున్న చాలా సేపటి తర్వాత సముద్రపు అడుగుభాగంలో ఎవరో తడుతున్నట్టు వినిపించిన శబ్దం గురించి చదివినప్పుడు నాకు నోట మాటరాలేదు.,Surprise
ఏడాదంతా గడవడానికి నా దగ్గర సరిపడా డబ్బు ఉండకపోవచ్చు.,Fear
"ఈ బంగారపు గొలుసు రంగు వెలిసిపోయింది, మీరేమో అది అసలుదంటారా? నేనిక్కడకి నకిలీ నగల కోసం రాలేదు!",Anger
కొత్త పన్ను సంస్కరణ మధ్యతరగతి కుటుంబాలకు ఇంత గొప్పగా మేలు చేస్తుందని నేను అనుకోలేదు.,Surprise
"క్లబ్ మహీంద్రా రిసార్ట్లలో సభ్యుల కోసం ప్రత్యేకమైన డిస్కౌంట్లు ఇస్తున్నారని తెలిసి ఆశ్చర్యం, ఆనందం అనిపించింది.",Surprise
ఈ రోజు రెండు కిలోల గోధుమలు కొంటే దుకాణదారుడు అర లీటరు నెయ్యి ఉచితంగా ఇచ్చాడు.,Happiness
మాకు అడవి ప్రాంతంలో సిగ్నల్ పోయినప్పుడు నార్త్  మిచిగన్లో తప్పిపోతామేమో అనిఎంత  ఆందోళన పడ్డానో!,Fear
"త్వరగా నన్ను పడవలోకి లాగెయ్యండి, నీళ్ళలో ఓ సొరచేప ఉంది.",Fear
"మా పిల్లలు ఆడుకోడానికి, కొత్త జ్ఞాపకాలు సృష్టించుకోడానికి పెద్ద పెరడుతో ఉన్న ఒక ఇల్లు కొనేంత డబ్బు నా దగ్గర లేదని బాధగా ఉండింది.",Sadness
బలమైన సాక్ష్యాధారాలు లేకుండా విచిత్రమైన ఊహాగానాలతో దయ్యం కథలు ప్రచారం చేస్తారే జనాలు కొందరు. అలాంటివాళ్ళంటే నాకు అసహ్యం.,Disgust
అబ్బా. నాకు ల్యాప్టాప్లో సినిమాలు చూడటం నచ్చదు. ఆ స్క్రీన్ ఎంత చిన్నగా ఉంటుందో.,Disgust
మీరు ఆరు సంవత్సరాలకు పైగా ఈ హోదాలో ఉన్నారు కాబట్టి ఈ సంవత్సరం మిమ్మల్ని ప్రమోషన్ కోసం పరిశీలించ లేదంటే  ఆశ్చర్యంగా ఉంది.,Surprise
త్వరలోనే గ్యాస్ ధరలు అమాంతంగా పెరుగుతాయేమోనని నాకు అనుమానంగా ఉంది.,Fear
సైకిల్ దుకాణంలో నాకు నచ్చిన సైకిళ్ల ధరలను చూస్తూంటే నాలో ఆశ తగ్గిపోతోంది. షాపువాడు అస్సలు డిస్కౌంట్లు ఇవ్వట్లేదు.,Sadness
నేను కూడబెట్టుకున్న డబ్బు నేను అనుకున్నన్నాళ్ళు సరిపోదేమోనని  దిగులుపడ్డాను.,Fear
నేను కూడబెట్టినది కాలక్రమేణా ఎంత తక్కువగా పెరిగిందో చూస్తే గుండె తరుక్కుపోతోంది.,Sadness
ఇది నమ్మలేను! అన్ని పుస్తకాల మీద సమంగా యాభై శాతం తగ్గింపు ఉంది. మీరు చాలా గొప్ప బేరం ఇస్తున్నారు.,Surprise
"నేను గ్యారేజీలోకి వెళ్లి, మళ్లీ వెంటనే బయటకు వచ్చేసాను, లోపలంతా  జిడ్డుగా నిల్చోలేనంత మురికిగా ఉంది .",Disgust
ఆటగాళ్ళు తమను అదునుగా చేసుకొని లాభపడుతున్న నాయకుడి మీద తీవ్రంగా తిరగబడ్డారు.,Anger
నా మెడివెల్ బీమా ఖర్చులలో ఎక్కువ భాగాన్ని కవర్ చేస్తుందని నేను నిజంగా ఆశ పడ్డాను. కానీ ఇది పెద్ద మొత్తాన్ని కవర్ చేయదని నేను ఊహించలేదు. చాలా నిరాశపరిచింది.,Surprise
"నేను సొంతంగా ఓ వంటకాన్ని తయారు చేసాను, దానిని నా బాస్, అలాగే సీఈఓ ధైర్యంగా రుచి చూడాలని నిర్ణయించుకున్నారు. వాళ్లు తింటున్నప్పుడు నేను ఊపిరి బిగపట్టుకున్నాను.",Fear
నేనొక ఆంటీబయోటిక్ మాత్రమే అడుగుతున్నాను.దానికి డాక్టరు ప్రిస్క్రిప్షన్ ఎందుకు?,Anger
శుభ్రపరిచే సూచనలలో సూపర్వైజర్ వివరాల పట్ల శ్రద్ధ చూపడం చూసి నేను ఆశ్చర్యపోయాను.  చిన్న మచ్చకూడా లేని ఆఫీసు ఎన్నడూ చూడలేదు!,Surprise
స్టాక్ ధరలు ఇంత దారుణంగా పడిపోవడం చూస్తే నాకు భయం వేస్తోంది.,Fear
పుస్తకాలు కొంటే డిస్కౌంట్ వచ్చినందుకు చాలా సంతోషంగా ఉంది. వాటి మీద ఏడొందల రూపాయలు ఆదా చేశాను!,Happiness
టెన్నిస్ బాల్ సర్వ్ చెయ్యటం చాలా బాగా నేర్చుకున్నాను. నా సర్వ్తోనే మ్యాచ్లలో చాలా సెట్లు గెలిచాను.,Happiness
నేను ఫీడ్ బ్యాక్ ఇస్తే ఆ రెస్టారెంట్ మేనేజర్ కోపంగా జవాబిచ్చినప్పుడు నాకు బాధనిపించింది. నేను ఒక ఫుడ్ క్రిటిక్ని అని ఆయనకు తెలియదు.,Sadness
యురేకా ఫోర్బ్స్ ఎన్ని కాల్స్ చేసినా సమయానికి నా వాటర్ ఫిల్టర్ సర్వీసింగ్ తాలూకు సమస్యలను పట్టించుకోవట్లేదని బాధపడ్డాను.,Anger
"మీరు తక్కువ చెల్లించి నన్ను దోచుకుంటున్నారని నాకు తెలుసు, అందుకే నాకు లోల్లోపల మండిపోతోంది.",Anger
రోడ్డు పక్కన అంగడిలో జిడ్డు కారుతున్న ఆహారం చూస్తే నాకు కడుపులో తిప్పుతుంది.,Disgust
కెనడాలో చెలరేగే కార్చిచ్చుల గురించి ఏమీ తెలియక జనం భయపడుతూ ఉంటారు.,Fear
ఇవాళ్ళ ఏదో చెడు జరగబోతోందని నాకెందుకో అనిపిస్తోంది.,Fear
ఓ! ఈ పూలు ఈరోజు ఉదయం తాజాగా కోసినవా?,Surprise
రెండ్రోజుల్లో దుకాణం తెరిచే లోపు నేను పూర్తి చేయాల్సిన పనులు తలచుకుంటే భయమేస్తోంది.,Fear
నా ప్రొఫెషనల్ జీవితంలో పోగొట్టుకున్న అవకాశాల గురించి ఆలోచిస్తే నిరాశ పడకుండా ఉండలేను.,Sadness
"వెయ్యి మంది జనం ముందు నన్ను మాట్లాడమన్నారు. వేదిక మీదకు అడుగుపెట్టగానే నా కాళ్లు వణికాయి, నోరు ఎండిపోయింది.",Fear
నా అభిమాన రచయిత రాసిన పుస్తకాలను మీరు నాకు బహుమతిగా ఇవ్వటంతో నాకు ఆశ్చర్యంతో మాటలు రాలేదు!,Surprise
మీ సర్వీస్ సెంటర్ నుండి నా కారుని తీసుకెళ్ళిపోతానని బెదిరిస్తే కానీ సరిగా పని చేయని పని గురించి చర్య తీసుకుంటామని మీరు చెప్పరా?,Disgust
ఈ మిస్ వరల్డ్ పోటీ కోసం డైట్ చేస్తానని ఎందుకు ఒప్పుకున్నానో తెలియదు. పిజ్జా తినాలనుంది.,Sadness
"క్యాబ్ డ్రైవర్ నార్త్ చెన్నైకి వెళ్ళాలంటే అసహ్యించుకున్నాడు. అక్కడ రోతగా, రద్దీగా ఉంటుందని, ఆ ప్రాంతం నుండి తిరిగి వచ్చేటప్పుడు సరైన బేరం ఎప్పుడూ దొరకదని అతడి ఉద్ధేశ్యం.",Disgust
కలలో అకస్మాత్తుగా శంకరాచార్యులు నా ముందు కనిపించినప్పుడు నాకు నోట మాట రాలేదు.,Surprise
"ఒక సమోసా కావాలనడిగాను, కానీ వాళ్ళ దగ్గర అయిపోయాయని చెప్పారు.",Sadness
కస్టమర్ల క్షేమంకంటే లాభాలకు ఎక్కువ మొగ్గు చూపించే  వ్యాపారస్తులంటే నాకు పరమ అసహ్యం. ముఖ్యంగా మోసంచేసి నాసిరకం వైర్లని మాంచివని చెప్పి అమ్మేవారంటే మరీనూ.,Disgust
సూపర్వైజర్ శుభ్రపరిచే షెడ్యూల్ను ఎంత సమర్థవంతంగా నిర్వహించాడో చూస్తే ఆశ్చర్యం వేసింది ! టాస్క్ బ్యాలెన్సింగ్ నిజంగా ఆకట్టుకుంది.,Surprise
సౌకర్యంగా ఉండే వస్తువుల కోసం చూసే కస్టమర్లకు సరిపడేట్టు పనిచేయలేని కార్పెంటర్ దొరికినందుకు చిరాకేస్తుంది.,Anger
"నిజాయితీ లేకుండా, నకిలీ బొమ్మలు అమ్మే సప్లయర్లతో కూడా మీరు పని చేయటం గురించి ఆలోచిస్తారంటే నమ్మలేకుండా ఉన్నాను.",Disgust
పదమూడు మంది ఫుట్బాల్ ఆటగాళ్లను గుహల నుండి సజీవంగా బయటకు తీసుకొచ్చేసరికి నా కళ్ళను నేనే నమ్మలేకపోయాను.,Surprise
రకరకాల వంటకాలలో చాలా ఎంపికలతో రూం సర్వీస్ కోసం ఇంత విస్తృతమైన మెనూను చూస్తానని నేను అనుకోలేదు. ఈ హోటల్లో ఇది చాలా మంచి సర్ప్రైస్!,Surprise
చాలా మంది బాలీవుడ్ నటులను కార్యక్రమాల్లో ప్రదర్శనలు ఇవ్వమని మాఫియా బలవంతపెడుతుంది.,Fear
"షాపు సిబ్బంది బీదవాళ్లకు సహాయం కోసం ఒక కమ్యూనిటీ ఈవెంట్లో పాల్గొన్నారు, జనం వాళ్ళని మెచ్చుకున్నారు.",Happiness
"నేను ఒక ఉద్యోగానికి అప్లై చేస్తే, ఆ కంపెనీ నాకు చాలా మొరటు జవాబు పంపింది, నాకది చాలా చిరాకేసింది.",Anger
"మేడమ్, ఖుషీ నా నుదుటి మీద ఉమ్మేసింది.",Disgust
"పశ్చిమ ఆఫ్రికాలోని డోగోన్ తెగకు సిరియస్ బీ అని కంటికి కనిపించని ఒక నక్షత్రం గురించి తెలుసునని చదివి, నోరు వెళ్ళబెట్టాను.",Surprise
ఈ స్మార్ట్ టీవీలో ప్రసారం చేసే యాప్లు ఇన్ని ఉంటాయని నేను ఊహించలేదు!,Surprise
అబ్బో! నా కొత్త ఇంటి కోసం ఇన్ని కరెంటు వస్తువుల శ్రేణి ఉందని ఊహించలేదు. ఇది ఎంపికల సరికొత్త ప్రపంచంలా ఉంది.,Surprise
సైకిల్ షాపులో మితిమీరిన ధరగల బైకులను చూసి నాకు కడుపులో తిప్పింది. వికారం అనిపించింది.,Disgust
ఈ ఆగ్మెంటెడ్ రియాలిటీ యాప్ ఊహించలేనంత అద్భుతంగా ఉంది. ఏదో వేరే లోకంలా అనిపిస్తుంది.,Surprise
"నిన్న రాత్రి ఒక చెడ్డ కల వచ్చింది, దాంతో వణికిపోతూ లేచాను.",Fear
మా కొత్త డ్రైవర్ ఊరు బయటకు వెళ్ళినప్పుడు ప్రయాణంలో మా కారును జాగ్రత్తగా నడిపినప్పుడు నాకు సంతోషమేసింది.,Happiness
"మా హోటల్ గది శుభ్రంగా లేకపోవడం, మీ హోటల్ సిబ్బంది మేము ఎన్ని సార్లు చెప్పినా పట్టించుకోక పోవటంతో మాకు ఎంత అసహ్యమేసిందంటే ఇంక ఇక్కడ ఉండటం మాకు ఇష్టం లేదు.",Disgust
నిన్న చెన్నైలో నేను వెళ్లిన అన్ని షాపులలో నాకు ఇష్టమైన ఇజోడ్  టీ షర్టు దొరకకపోవటం చాలా బాధగా ఉంది.,Sadness
"జాబితాలో వ్యత్యాసాన్ని విజయవంతంగా పరిష్కరించి, ఖచ్చితమైన స్టాక్ స్థాయిలను నిర్ధారించిన తర్వాత నేను హాయిగా ఊపిరి పీల్చుకున్నాను.",Happiness
"నాకు మీ ఆరోగ్యం గురించి ఆందోళనగా ఉంది, మిమ్మల్ని మీరు జాగ్రత్తగా చూసుకుంటానని మాటిస్తే నేను వెనక్కి తగ్గుతాను.",Fear
వాళ్ళు ఈ బట్టలకి ఉచితంగా ఆల్టరేషన్లు చేస్తారంటే నమ్మలేకపోతున్నాను!,Surprise
పింక్ పాంథర్ సినిమాలో పీటర్ సెల్లర్స్ను చూస్తూ నవ్వు ఆపుకోలేకపోయాను.,Happiness
"మొదట మా టూర్ని ఇంకోళ్ళతో కలిపి  బుక్ చేసారు, ఇప్పుడు మా గైడుని ఇంకో గ్రూపుతో పంచుకోవాలంటున్నారు! మీకు మతి పోయిందా?",Anger
సంవత్సరాలుగా నేను ఒక నమ్మకమైన కస్టమర్ని తెలుసా! అయినా న్యూస్పేపర్ వేయనప్పుడు నేను పదేపదే అడగాల్సిరావడం చిరాకు తెప్పిస్తుంది.,Anger
"దొంగిలించుకెళ్ళిన వస్తువులు దొరకక పోతే, మా అమ్మాయి పెళ్లి ప్రమాదంలో పడుతుంది.",Fear
నేను అప్లై చేసిన కాలేజీ గురించి పొడుపు కధల్లా చెప్తుంటే చాలా  భయంగా ఉంది. స్పష్టంగా చెప్పు.,Anger
భోజనం చివర్లో పెరుగన్నం తింటే నాకు చాలా ఉత్తేజంగా ఉంటుంది.,Happiness
నా బడ్జెట్కు మీరు ఈ ఖరీదైన  వజ్రాన్ని సూచిస్తున్నారంటే నమ్మలేకపోతున్నా! నా దగ్గర ఏమైనా బంగారు గనులు ఉన్నాయనుకుంటున్నారా?,Anger
"కొనడానికి బైక్లలో ఒకదాన్ని ఎంచుకోలేకపోయినప్పుడు సైకిల్ విక్రేత అవమానకరంగా మాట్లాడాడు, ఇది విని నాకు చాలా కోపం వచ్చింది.",Anger
రెండు నెలల నుంచీ ఎందుకు అద్దె కట్టలేదు? నాకిప్పుడే చెప్పు.,Anger
గోళ్లు కొరికే వ్యక్తుల యొక్క వేళ్ళ చూస్తే నాకు అసహ్యం వేస్తుంది.,Disgust
"అది నా ఆఫీస్ కాల్ కు ఇబ్బంది కలిగించకుండా ఉంటుందా అని అనుమానం ఉన్నా కూడా, మంచికో చెడుకో, ఒక సంవత్సరానికి ఇంటర్నెట్ సబ్స్క్రిప్షన్ తీసుకున్నాను .",Fear
ఆర్థిక పరిశ్రమలోని కొన్ని రంగాలలో నియంత్రణ లేదంటే నివ్వెరపోయాను.,Surprise
చివరి త్రైమాసికంలో నేను పదోన్నతి ఇచ్చిన అభ్యర్థి రాజీనామా చేయాలనుకున్నప్పుడు నేను కలవరపడ్డాను.,Surprise
"రైల్వే బుకింగ్ క్లర్క్ ఢిల్లీ ప్రయాణంలో నాకు పై బెర్త్ బుక్ చేసుకుని, బాగా నిద్రపోమని సలహా ఇచ్చేసరికి నాకు అతనంటే కృతజ్ఞతగా అనిపించింది.",Happiness
"ఇక్కడి భోజన సౌకర్యాల మీద నాకు విరక్తి కలిగింది.  దరిద్రమైన  పరిసరాలు మరియు మురికిగా ఉన్న టేబుళ్లు, చూస్తే  వికారం వస్తుంది.",Disgust
చెక్ పోస్ట్ దగ్గర నా లారీని విడిపించుకోడానికి నేను లంచం ఇవ్వడానికి  ఒప్పుకోకపోవటంతో ఎక్సైజ్ ఇన్స్పెక్టర్ నన్ను శత్రువులా చూసాడు.,Anger
రాబోయే స్టాండర్డైజ్డ్ టెస్ట్ గురించి తలచుకుంటే భయంగా ఉంది.,Fear
"సైకిల్ తొక్కేటప్పుడు మొహం మీద చల్ల గాలి తగలటం, ప్రతి ఒక్కరూ తమ జీవితంలో ఒక్కసారైనా అనుభవించాల్సిందే.",Happiness
ఈ సంగీతకారుడు ఎంత ప్రతిభావంతుడో చూసి భలే ఆశ్చర్యపోయాను. వాళ్ళ ప్రదర్శన అద్భుతంగా ఉండింది.,Surprise
బేకరీ మెనులో నాకు కావలిసిన రుచిగల బ్రెడ్ కనపడకపోయేసరికి నాకు నీరసమొచ్చినట్టు అయింది.,Sadness
"మా అపార్ట్మెంట్ కాంప్లెక్స్లో చెత్త కుండీ పొంగి పొర్లుతూ, కంపు కొడుతోంది, వచ్చేవాళ్ళకి ఆ కంపు అసహ్యంగా ఉంటోంది.",Disgust
"సిఎస్కె మ్యాచ్ చూసిన తర్వాత, అభిమానులు వదిలేసి వెళ్లిన చెత్తంతా చూసి తట్టుకోలేకపోయాను.",Disgust
విజయం కోసం మీకున్న ఆత్రుత ఆ కళారూపాల నిజమైన సారాన్ని కప్పేస్తోంది.,Disgust
"టెన్నిస్ బాల్తో ఒక పురుగు చితికిపోయింది, కోచ్ నన్ను దాన్ని శుభ్రం చేయమంటున్నారు.",Disgust
"అబ్బా! జుట్టు కొరుక్కోవటం మాను. చూడు, ఉమ్ముతో కూడా తడిసిపోయింది.",Disgust
చదువుకున్న కస్టమర్లు కూడా మామూలు అప్లికేషన్ ఫారమ్లను సరిగ్గా నింపలేకపోవడం చీదరగా ఉంది.,Disgust
"పరిగెత్తుతున్నప్పుడు నా ఒంట్లో ఉప్పుశాతం తగ్గిపోతున్న కొద్దీ, నేను అక్కడ లేని విషయాలు చూడటం మొదలుపెట్టాను.",Fear
ఒక చిన్న మార్పు కోసం ఎక్స్ట్రా డబ్బులు అడుతున్నావంటే నమ్మలేకపోతున్నాను. నాకు చిరాకేస్తుంది.,Anger
నాకు ఈ డ్రెస్ కొన్నందుకు చాలా థాంక్స్ అమ్మా! నాకది ఎంత నచ్చిందో.,Happiness
ఈ స్మార్ట్ రిఫ్రిజిరేటర్ నా కిరాణా సామానును లెక్కలు చూస్తుందని అస్సలు అనుకోలేదు.,Surprise
ప్రత్యేకించి ఏవైనా చెయ్యాలనుకున్నప్పుడు కారు సమస్యలతో చాలా నిరుత్సాహం అనిపించొచ్చు.,Sadness
"నీ ప్రవర్తనతో నీ చుట్టుపక్కల ఉండాలనిపించట్లేదు. నాకు పట్టరాని కోపంగా ఉంది, ఇంకెప్పుడూ నా కంట పడకు.",Anger
వెయ్యి పేజీల పాత పుస్తకాన్ని చదవాలనే ఆలోచన నా కడుపు తిప్పుతోంది.,Disgust
అంబత్తూరుకు వెళ్లాలని మేము ఎంచుకోవటంతో క్యాబ్ డ్రైవరుకు ఇంత గొప్ప అభ్యంతరాలు ఉంటాయనుకోలేదు.,Surprise
"కొన్ని బైక్లపై నేను సాధించగల వేగం,  టెక్నోలోజి  మెరుగుపడిన విధానం చూసి నేను ఆశ్చర్యపోయాను.",Surprise
"వాళ్ళు విశ్లేషణలో మునిగి ఉండగా, ఆర్థిక రికార్డులలో ఊహించని విషయాలు వెల్లడి అవడంతో వారి సంభాషణ దిశ మారింది.",Surprise
"ఈవెంట్ మేనేజర్ ఇస్తాం అన్న సర్వీసులు ఎన్ని రకాలు ఉన్నాయో చూసి నిజంగా ఆశ్చర్యపోయాను. ప్రణాళిక దగ్గర నుండి అమలు వరకు, వాళ్ళే మొత్తం చూసేలా ఉన్నారు!",Surprise
ఆ మనిషి నన్ను కొట్టడానికి కారులోంచి దిగుతున్నట్లుంది.,Fear
"మానవాళి గ్రహాంతరవాసుల దాడిని ఎదుర్కోవలసి రావచ్చేమోనని నేను దిగులు పడేసరికి, భయంతో నా నుదిటి మీద చెమటలు పట్టాయి.",Fear
"ఈ దుకాణంలో ఎప్పుడూ అవే పాటలను మళ్లీ మళ్లీ ప్లే చేస్తారు, వేరే ఏం లేనట్టు. వినీ వినీ నాకు రోత పుడుతోంది.",Disgust
"అబ్బే! అసహ్యంగా ఉంది! దీని రుచి కుళ్ళిన టమెటోల లాగా ఉంది, ఈ రెస్టారెంట్లో ఇంకెప్పుడూ తినను.",Disgust
ప్లైమౌత్ మీటింగ్లో ఇండియన్ స్టోర్ నుండి ఒక మైలు పైనే దూరం వరకు ఇరవై కిలోల బియ్యం సంచిని మోసాను.  ఆతర్వాత బాగా  అలసిపోయి  నాకు నిరాశనిపించింది.,Sadness
"ఆ ప్యాకేజీ నా దగ్గరికి రాకముందే ఎవరో తెరిచారన్న విషయం అది తెరిచినప్పుడు నాకు తెలిసి, అసహ్యం వేసింది.",Disgust
"కేవలం కొన్ని గంటల్లోనే నా బట్టలు ఉతికి, ఆరబెట్టి, మడత పెట్టేస్తారని హోటల్ రిసెప్షన్ నాకు చెబితే నిజంగా ఆశ్చర్యపోయాను. అతిథులకు ఏమేం వాగ్దానం చేస్తున్నారో లాండ్రీ వారికి తెలుసో లేదో మరి.",Surprise
"ఒకప్పుడు దృఢంగా నిల్చున్నదాన్ని, సమయం, వాతావరణం దాన్ని ఎలా దెబ్బతీసాయో కదా! విరిగిపోతూ  దీనావస్థలో ఉన్న ఆ ప్రహరీ గోడను చూస్తే గుండె జారిపోతుంది.",Sadness
"లీడర్షిప్ నాకు ఒక ప్రాజెక్ట్ నడపడానికి స్వేచ్ఛ ఇవ్వకుండా, అది విఫలం అయినప్పుడు నన్ను నిందిస్తుంటే అన్యాయంగా అనిపించింది, నా రక్తం మరిగింది.",Anger
"ఇంట్లో కరెంటు పోయి, ఉష్ణోగ్రత నలభై డిగ్రీల సెంటీగ్రేడ్కు చేరినప్పుడు నిరసంగా అనిపించింది.",Sadness
ఆ చివరి క్లాస్ తర్వాత క్లాసురూమ్  ఎంత చెత్తగా ఉందో చూశారా? అసహ్యం వేస్తోంది.,Disgust
"ఈ షాపులో ప్రీ ఓన్డ్ పుస్తకాలను అమ్ముతారని చెప్పారు, కానీ ఈ పుస్తకాలు చిరిగిపోయి చాలా దారుణంగా ఉన్నాయి.",Disgust
బ్యాంకు నుండి తీసుకురాగానే తాజాగా ముద్రించిన కొత్త కరెన్సీ నోట్ల వాసనకు నాకు ఉత్సాహంగా ఉంటుంది.,Happiness
ఏంటి? పోయిన వారం మిమ్మల్ని అడిగినప్పుడు కెమెరా ఏర్పాటు చేస్కున్నారని మాకెందుకు అబద్ధం చెప్పారు?,Anger
"నేను చాలా గోల్లను స్కోర్ చేయకుండా ఆపాను, అయితే నా శ్రమ సరిపోలేదు, అవతలి జట్టు గెలిచింది.",Sadness
రెండు సంవత్సరాలు త్రాగాలనే కోరికని అణిచివేయగలిగిన తర్వాత నేను మళ్ళీ మద్యం తాగడం మొదలుపెట్టినప్పుడు నిరాశకు గురయ్యాను.,Sadness
కొన్నేళ్లుగా మన మధ్య సన్నిహిత సంబంధం ఉన్నప్పటికీ నీ విరోధమైన ప్రవర్తన మనల్ని దూరం చేస్తోంది.,Anger
"లివింగ్ రూమ్ కోసం మా దగ్గరలో ఉన్న షోరూమ్లో ఓ అందమైన టీవీ మీద నా కన్ను పడింది, కాని వారంటీ గొప్పగా లేదని తెలిసేసరికి నిరుత్సాహమొచ్చింది.",Sadness
బ్రోకర్కి కనపడని ఈ ఇంట్లో లోపలే హోమ్ థియేటర్ కట్టి ఉందంటే నేను నమ్మలేకపోయాను. అది అద్భుతం!,Surprise
ఈ చీజ్ కేక్లో క్రీమీనెస్ భలే తృప్తినిస్తుంది.,Happiness
"వడ్డీ వ్యాపారి దగ్గర అప్పు చేసి, చాలా వడ్డీ కట్టాల్సి రావడంతో ఆ పనిమనిషి చాలా బాధపడింది.",Sadness
"నేను ఈజిప్టు మమ్మీల గురించి ఓ ప్రోగ్రాం చూస్తూ, ఇసుక కింద బంగారపు పూతపోసిన, విగ్రహాలు దొరకటం చూసి థ్రిల్ అయ్యాను.",Happiness
"నా ఎకౌంటును ఇప్పుడే చూసుకున్నాను, ఒక పెద్ద, అనధికారిక విత్డ్రాయల్ జరిగింది. ఏం జరుగుతోంది? నా డబ్బు భద్రంగానే ఉందా?",Fear
"మేం ఓ విజయవంతమైన ప్రచార కార్యక్రమం నిర్వహించాం, దానికి పెద్ద ఎత్తున జనం వచ్చారు.",Happiness
"మీరు ఒకరితో ఒకరు మాట్లాడుకోక పోయేట్టయితే, నేను మీ అందరికి ఈ చికిత్స అసలు మొదలుపెట్టి ఉండకుండాల్సింది .",Disgust
"నాకు రావలసిన ప్యాకేజీ ముందే తెరిచేసి వస్తుందేమోననే ఆలోచనే దిగులుగా అనిపిస్తోంది, ఎందుకంటే ఇలా ఇంతకు ముందు జరిగింది, కొరియర్ ఈ సమస్యను వెంటనే పరిష్కరిస్తుందా?",Fear
"మా పిల్లలు అమెరికాలో ఉండడం వల్ల, తల్లిదండ్రులుగా అప్పుడప్పుడు ఒంటరిగా, దిగులుగా అనిపిస్తుంది.",Sadness
"""రద్దీగా ఉండే వీధులకు దూరంగా ఉండే ఇంటి కోసం చూస్తున్నాను, చప్పుళ్ళతో నాకు సుఖంగా ఉండదు .""",Fear
"నీ ల్యాప్టాప్లో ఆ సాఫ్ట్వేర్ క్రాష్ అవ్వడం నాకు వింతగా అనిపిస్తుంది, ఎందుకంటే అది నా దాంట్లో బాగానే పనిచేస్తుంది.",Surprise
"క్లయింట్తో నా పని గురించి  నేను గాలిలో మేడలు కడుతుంటే, ఒప్పందం రద్దు అవడంతో అవన్నీ తుస్స్ మని కుప్పకూలాయి.",Surprise
ప్రత్యక్షం సంగీత వాద్యంతో వాతావరణం ఆహ్లాదంగా అనిపిస్తుంది.,Happiness
"అయితే, మన ఇటీవలి కస్టమర్ల నుండి ఈ ఉత్పత్తి చాలా చౌకగా కనిపిస్తోందని మనకు చాలా ఫిర్యాదులు  వచ్చాయి..",Sadness
కేక్ కోసం సరైన రుచిని ఎంచుకోనేమో అని భయంగా ఉంది.,Fear
"ఇప్పుడు నా ఖాతాను మూసెయ్యండి, లేకపోతే నాకు ఎందుకు విసుగోస్తోందో అందరికంటే పై అధికారుల దగ్గరకి వెళ్లి చెప్తాను.",Anger
"ఆన్లైన్లో గడిపే టైంను యాభై శాతం తగ్గించేసి మూడు గంటలకు తెచ్చాక ఇప్పుడు మరింత ప్రశాంతంగా, పాజిటివ్గా ఉన్నాను.",Happiness
"నాకు అంతా సవ్యంగా సాగిన రోజు, చివరిలో హాయైన మ్యూజిక్ వింటే డ్యాన్స్ చేయాలనిపిస్తుంది.",Happiness
ప్రస్తుతం నా భవిష్యత్తు కోసం పెట్టుబడి పెట్టే స్థోమత నాకు లేనందుకు నాకు చాలా బాధగా ఉంది.,Sadness
"ఇంతకంటే చెత్త మెస్ నేనెప్పుడూ చూడలేదు. ఎప్పుడూ బోల్డు సేపు ఎదురు చూడాలి, తిండి ఎప్పుడూ చప్పగా చల్లారిపోయి ఉంటుంది.",Anger
బ్యాంకులో పాస్బుక్ అప్డేట్  మాత్రమే  అవసరమైన నన్ను ఒక కౌంటర్ నుండి మరొక కౌంటర్కు తిప్పినందుకు నేను చాలా విచారంగా ఉన్నను.,Sadness
"మా అబ్బాయి ప్రదర్శనకు ముందు రాత్రి ఐదు గ్లాసుల నిమ్మరసం తాగాడు, పొద్దున్న స్టేజిపై పాడగలడంటారా? ఏమో! నాకు మాత్రం ఆందోళనగా ఉంది.",Fear
"నేను అమెజాన్లో మొబైల్ ఫోన్ని ఆర్డర్ చేస్తే, ఓ దారుణమైన మోడల్ వచ్చింది, దాంతో నా సంతోషం మాయమైంది.",Sadness
"యాక్! మేడమ్, కేశవ్ తన ఎరేజర్ నములుతున్నాడు.",Disgust
"ఓ! నాకు ఇంత తక్కువ వడ్డీ రేట్లతో అప్పు తీసుకోడానికి అర్హత ఉందని తెలియదు. తెలియజేసినందుకు ధన్యవాదాలు, డేవిడ్ గారూ.",Surprise
నాకు కనపడేదల్లా ఎవరైనా ఆర్టిస్ట్ పాపులర్ అవ్వగలరంటే వాళ్ళతో మీ పేరు చేర్చుకోవాలనే ఉబలాటం.,Anger
"మా ప్రయాణంలో బస్సు పాడవు తుందేమో అని చాలా దిగులుగా ఉంది, దానివల్ల చాలా అసౌకర్యం, ఆలస్యం అవ్వవచ్చు.",Fear
"ఆ వంటకంలో చాలా కారప్పొడి వేశావు, నా బ్లడ్ ప్రెషర్ పెరిగిపోయింది.",Anger
"టమోటాలకు ఇప్పుడు డిమాండ్ ఉంది కాబట్టి, అమ్మటానికి తీసుకెళ్లే దారిలో నా టొమాటో పంటను కొట్టేస్తారేమో అని భయమేస్తోంది.",Fear
"నా కన్సల్టింగ్ వ్యాపారం విపరీతంగా పెరుగుతోందంటే, నాకు ఘరానా క్లయింట్లు ఉన్నారంటే ఆనందంగా అనిపిస్తుంది.",Happiness
"నా బెస్ట్ ఫ్రెండ్ రామ్ నాతో కలిసి ట్రిప్లో ఉండుంటే మాత్రం, ఇది ఇంకా బాగుండేది.",Sadness
"""ఓపెన్హైమర్"" అనే హాలీవుడ్ సినిమాలో భగవద్గీతకు సంబంధించిన సీన్ చూసి నాకు కోపం రేగిపోయింది.",Anger
ఈ పుస్తకాలకు ఎందుకు ఇంత ఎక్కువ వసూలు చేస్తున్నారు? ఇది ఒకసారి వాడినవా లేకపోతే ప్రెస్ నుండి వచ్చిన తాజావా?,Anger
"మారథాన్ ఈవెంట్ తర్వాత బిసెంట్ నగర్ బీచ్, చెత్తతో నిండిపోవడం చూసి నిరాశగా అనిపించింది.",Sadness
మా నగరంలో పిల్లల కోసం ఇంత అందమైన దుకాణం తెరిచారని సంతోషంగా ఉంది.,Happiness
"ఆ నటుడు ఒక అభిమాని ఫోటో తీస్కోవాలని చూస్తుంటే అతడిని దూరంగా తోసేసి, అతని ఫోన్ పగులగోట్టేసాడు.",Anger
గేమ్లో జరిగిన ఆ ఊహించని మలుపుతో ఆశ్చర్యపోయాను.,Surprise
ఇండియాలో తొంభై ఎనిమిది శాతం మంది ఆదాయపు పన్ను కట్టనప్పుడు నేను మాత్రం ఎందుకు కట్టాలి?,Anger
"మీరు కస్టమర్ చెప్పేది వినకపోయేట్టయితే, అసలు ఫీడ్బ్యాకే  అడగకండి.",Anger
"గ్యారేజీ అందించిన కనీస సర్వీసింగ్ నా కారుకు కొత్త జీవితాన్ని ఇచ్చింది, ఇది గతంలో కంటే సాఫీగా నడుస్తోంది!",Happiness
"యుఎస్లో స్థానిక మార్కెట్లు, యార్డ్ అమ్మకాలనేవి స్మారక చిహ్నాల నిధుల వంటివి.",Happiness
"ఆదివారం కన్సర్ట్ హాల్ దగ్గర్లో పార్కింగ్ కోసం వెతుకుతూ చుట్టూ తిరిగాను, కానీ ఓ మైలు లోపు ఏ చోటూ దొరకకపోయేసరికి నీరసం వచ్చింది.",Sadness
ఆఖరికి ఇంటికి వెళ్ళిపోగలను.దీపావళికి ఒక లాంగ్ వీకెండ్ వస్తోంది.,Happiness
అధికంగా వసూలు చేసిన ఒక బ్యాంకింగ్ ఫీజుకు నాకు రిఫండ్ వచ్చినప్పుడు నేను తేలికగా ఊపిరి తీస్కున్నాను.,Happiness
అయ్యో! ట్యాక్స్ ఫైలింగ్ డేట్ దగ్గర పడుతోందని గుర్తు చేయడానికి వాళ్ళు మనకి కాల్ చేసారు.,Sadness
"కస్టమ్ మేడ్ బెడ్కి డబ్బులిచ్చి, చివరికి నేను అనుకున్నట్టు లేనిది తీసుకోవడం పిచ్చి కోపం తెప్పిస్తోంది.",Anger
వాటిలో సర్వీస్ బాగుండదని నేను పెద్ద షాపుల్లో ఎలక్ట్రానిక్స్ కొనకూడదు అనుకుంటాను.,Fear
నిన్న దుకాణంలో కూరగాయలు కొన్నప్పుడు వాటి నాణ్యతతో తృప్తిగా అనిపించింది.,Happiness
తనను నగరంలో ఇంకొక భవనానికి బదిలీ చేశారని తెలుసుకున్న సెక్యూరిటీ గార్డుకి ఉత్సాహం లేకుండా పోయింది.,Sadness
ఎలోన్ మస్క్ ట్విట్టర్ను స్వాధీనం చేసుకున్న తర్వాత అందరికంటే మంచి డెవలపర్లను తీసేసినప్పుడు నమ్మలేక పోయాను.,Surprise
"దాని మీద పని చేస్తే, మీకు నిరాశ కలిగిస్తానేమో అని భయంగా ఉంది.",Fear
"నువ్వు నీ ఫోనుకు మరీ బానిస అవుతున్నావు, అందుకే దానిని తీసేస్కుంటున్నాను.",Anger
నువ్వు మళ్ళీ మాట తప్పావంటే నమ్మలేకపోతున్నాను.,Anger
"చాలా చిరాకొస్తుంది! ఈ బస్సు ఎక్కిన ప్రతిసారీ, ఎప్పుడూ ఆలస్యం అవుతుంది.",Anger
"నేను హోటల్ గదిలోకి వెళ్ళడానికి ప్రయత్నం చేస్తూ చాలా సేపటినుంచి బయటే ఉన్నాను, గది తలుపు ఏమాత్రం తెరుచుకోలేదు. ఎవ్వరు సహాయం చెయ్యడానికి రాకపోతుంటే నాకు తిక్క రేగుతోంది.",Anger
"పాతకాలపు కుర్చీలను అమ్మటానికి మీకు సహాయం చేయలేకపోతున్నాను, అయ్యో.",Sadness
"ఉండండి, నేను చేస్తానని హామీ ఇచ్చినవి, ఇప్పటికిప్పుడు ముఖ్యంగా చెయ్యాల్సిన వేరే బాధ్యతలు ఉన్నాయి.",Surprise
"ఒక బ్యాంకు ఉద్యోగి నాతో చెడుగా ప్రవర్తించడం వలన, నేను పడుతున్న ఇబ్బంది విషయంలో బ్యాంకు అధికారి వ్యవహరించిన తీరు, నాకు సంతోషాన్ని ఇచ్చింది.",Happiness
ఈ తలుపు ఇలా ఇరుక్కుపోయి ఉండిపోతే నేను హోటల్ లోంచి బయటకు రాలేనేమోనని చాలా భయంగా ఉంది.,Fear
"ప్రపంచంలో రోజువారీ వార్తలు ఈ మధ్య ఎంత నిరుత్సాహం పుట్టేట్టు ఉన్నాయంటే, వాటి గురించి అసలు చదవాలనిపించట్లేదు.",Sadness
మీ హోమ్ సర్వీస్ అనుకున్నంత నాణ్యంగా లేదని చాలా చిరాగ్గా ఉంది.,Anger
నేను వెళ్ళాల్సిన చోటుకు ఎందుకు అదే పనిగా తప్పు దారి చూపిస్తున్నావు. నీకేమైనా పిచ్చా?,Anger
అవసరమైన టీకా డోసులు అన్నీ తీసుకున్నాను. ఇప్పుడు నాకు చాలా వ్యాధుల నుండి రోగనిరోధక శక్తి  ఉంది.,Happiness
"వాట్సాప్లో నన్ను, నా తోటి భారతీయ పౌరులను కించపరిచే పోస్ట్లు చూసి నాకు చాలా బాధేసింది.",Sadness
నా ఫోన్తో పేమెంట్ చేసేటప్పుడు జాగ్రత్తగా లేనందుకు మొన్నోరోజు వంద రూపాయలు పోగొట్టుకున్నాను.,Sadness
ఈ నాసిరకపు కొరియర్ సర్వీస్ని  మళ్ళీ ఉపయోగించాలంటే కొంచెం భయంగా ఉంది.,Fear
"నిన్న రాత్రి నువ్వు నాతో సీరియస్గా మాట్లాడుతున్నప్పుడు నిద్రపోయాను, క్షమించు!",Sadness
వాళ్ళకు మరో ఉద్యోగం సంపాదించేందుకు అనవసరమైన శిక్షణ కోసం కంపెనీ చేత ఖర్చు పెట్టించాలని చూసే ఉద్యోగులను చూసి నాకు చిరాకేసింది.,Anger
సంస్థ నన్ను వాళ్ళ కొత్త సిఎంఓగా ప్రకటించిన తర్వాత ఆనందం పట్టలేకపోయాను.,Happiness
నాతో చదివే విద్యార్ధి ఒకడు ముక్కులో తోవ్వుకొని అదే వేలు నోట్లో పెట్టుకుంటే నాకు వాంతి చేస్కోవాలనిపించింది.,Disgust
"ఒకప్పుడు దృఢంగా నిల్చున్నదాన్ని, సమయం, వాతావరణం దాన్ని ఎలా దెబ్బతీస్తాయో కదా! విరిగిపోతూ  దీనావస్థలో ఉన్న ఆ ప్రహరీ గోడను చూస్తే గుండె జారిపోతుంది.",Sadness
నేను ఫిజిక్స్ ఎందుకు చదివానంటే ఆ ప్రాబ్లంలు నాకు ఉత్సాహాన్నిచ్చేవి.,Happiness
"సముద్రాన్ని చూసీచూడకుండా కొండ ఎటావాలుపై ఒంటరిగా ప్రశాంతంగా వీచేగాలిని, పక్షులను వింటూ హాయి కూర్చున్నాను.",Happiness
అబ్బో!  ఈ ఈవెంట్ మేనేజర్ కూడా ఈవెంట్ భద్రతను చాలా వరకు నిర్వహిస్తాడని నేను గ్రహించలేదు! మా అతిథులు క్షేమంగా ఉంటారని  తెలిసి చాలా హాయిగా ఉంది.,Surprise
పారిస్లో రద్దీగా ఉండే కేఫ్లు అలా దారి వెంబడి వెళ్తున్న వాళ్ళని చూడటానికి సరైన చోటుగా బాగా పనికొస్తాయి.,Happiness
ఓ! ఈ బస్సు ఢిల్లీ కూడా వెళ్తుందా? అదిక్కడి నుంచీ ఐదొందల కిలోమీటర్లు ఉంది కదా?,Surprise
"సమస్య యేంటో సులభంగా గుర్తుపట్టేస్తారేమో అనుకున్నాను, కానీ ఇది ఖరీదైన మరమ్మతులు అవసరమయ్యేంత జటిలమైన సమస్య అని తేలింది. అదే నన్ను కొంచెం కలచివేస్తోంది.",Sadness
"నేను రైలు టికెట్ బుక్ చేయడానికి వెళ్ళినప్పుడు, రైల్వే బుకింగ్ క్లర్క్ ఓ సీనియర్ సిటిజన్తో మొరటుగా మాట్లాడటం విని బాధేసింది.",Disgust
"నీకు సానుభూతి అనేదే లేకపోవడం చిర్రెత్తిస్తోంది, అందుకే నీమీద అరుస్తున్నాను.",Anger
ఆ పొడవాటి వారాంతం తర్వాత షాపులో పనిచేసేవాళ్ళు పనికి వస్తారా లేదా తెలియట్లేదు.,Fear
"ఈ కామెంట్ జనం చూసేట్టు వదిలేసారు, కానీ అంతకంటే సాధువైన కామెంట్లను వెంటనే తీసేసారంటే నాకు నోట మాట రాలేదు.",Surprise
నా బిడ్డ ఎకౌంటును సరిగ్గా చూసుకోలేమోనని బ్యాంకు వారు అనుకుంటారంటే నా మీద నాకే అసహ్యం వేసింది.,Disgust
ఉద్యోగం దరఖాస్తుల నిరంతర తిరస్కరణ  నా ఉత్సాహాన్ని నీరుకార్చుతోంది.,Sadness
ముఖ్యంగా ఒక సిటీ బస్సు నా వెనకాల ఉన్నపుడు నేను ఆలా రియర్ వ్యూ అద్దంలో చూస్తూనే ఉంటాను. వాటికి  బ్రేకులే లేనట్టు ఉంటాయి.,Fear
రాజకీయ నాయకులు వాళ్ళ అక్రమ లాభాలు కాపాడుకోవడానికి చౌకబారు పద్ధతులకు పాల్పడడంతో వాళ్ళ మీద నాకు గౌరవం తగ్గిపోయింది.,Disgust
తిరుచ్చిలో ఫెళ్ళుమని ఎండ కాసిన రోజు సాయంత్రానికి  వర్షం పడే సరికి ఎగిరి గెంతాలనిపించింది.,Happiness
దేవుడా! నాకు ఆ సమస్య వచ్చే అవకాశం ఉందని నాకసలు తెలీదు. అది నా దృష్టికి తెచ్చినందుకు థాంక్యూ డాక్టర్.,Surprise
యాక్! ఆ చిన్న పిల్లోడు ఇప్పుడే పూల్లో ముక్కు చీదాడు. బయటికెళ్దిపోదాం పద.,Disgust
"మన పొలాల పట్ల నిర్లక్ష్యం, అవి ఉన్న గందరగోళ స్థితికి నాకు పిచ్చి కోపం వచ్చింది. ఇన్నాళ్లుగా వాటిని శుభ్రం ఎవరూ పట్టించుకోలేదు.",Anger
నేను ధైర్యంగా రోడ్డు మీద నడపడానికి ముందు డ్రైవింగ్లో నా నైపుణ్యాలను మరింత పరీక్షచేసి చూడడం అవసరమని డ్రైవింగ్ స్కూల్ అనేసరికి కొంచెం నిరుత్సాహమనిపించింది.,Sadness
ఆ యజమాని షాపు  తెరిచి ఉంటుందని చెప్పాక నూరు మైళ్ళు డ్రైవ్ చేసి వెళ్తేఅది మూసేసుండడం చూసి నా కోపం కట్టలు  తెంచుకుంది.,Anger
"మీ కస్టమర్ సర్వీస్ నాకు కాల్ చేసిన ప్రతిసారీ, నా బ్యాంక్ అకౌంటు భద్రతా సమస్యల గురించి సాయం చేయకుండా కొత్త సిమ్‌ను అంటగట్టాలని చూస్తే నాకు బిపి పెరిగిపోయేది.",Anger
బ్యాంకులో పాస్‌‌బుక్‌ అప్డేట్ మాత్రమే అవసరమైన నన్ను ఒక కౌంటర్ నుండి మరొక కౌంటర్‌కు తిప్పినందుకు నేను చాలా విచారంగా ఉన్నాను.,Sadness
ఒక డ్రైవర్ పొరపాటున పడిపోవడంతో విమానాశ్రయంలో కార్ట్ అదుపు తప్పిన ఓ వీడియోను చూస్తూ నమ్మలేకపోయాను.,Surprise
"వినియోగదారులు మా సిబ్బంది నైపుణ్యానికి పట్టించుకోకుండా, వారిని అదే పనిగా ప్రశ్నలు వేయడం ఏం బాగోలేదు. చాలా బాధేస్తుంది.",Sadness
ఛీఛీ! రెస్టారెంట్ వెనక తలుపు నుండి నేరుగా మురిక్కాలువలోకి అడుగు పెట్టేసరికి అసహ్యంతో వెనక్కి వెళ్లిపోయా.,Disgust
"మేము ప్రాజెక్ట్ను ఒక నెల ఆలస్యంగా ప్రారంభించినప్పుడు, నా ఉద్యోగ ఉంటుందో పోతుందో అని వణికిపోయాను.",Fear
నా సీటును తంతూ ఉన్నందుకు అతనితో గొడవ పడితే విమానంలో నుండి దింపేస్తారని భయపడి నేను గట్టిగా మాట్లాడలేదు.,Fear
"మా పెరట్లో మీ చెత్త పడెయ్యటం మానండి. ఇది మా ఇల్లు, మీ చెత్తబుట్ట కాదు!",Anger
"ఆ పెద్ద, క్లిష్టమైన ప్రాజెక్ట్ గురించి నాకు తెలియనిది ఏదో మీకు తెలుసని భయమేస్తోంది.",Fear
"మా అన్నదమ్ములు, అక్కచెల్లెళ్ళ మధ్య ఎప్పుడూ జరిగే గొడవలతో చాలా విసిగిపోయాను. మేం ఒక్కసారైనా కలివిడిగా ఉండలేమా?",Anger
"సుందర్శ్యాం ఈ వార్త విన్నావా? ప్రొఫెసర్ సౌమ్య పరీక్షను రద్దు చేసి, మనం సెలవు తీసుకోవచ్చని చెప్పారు!",Surprise
"ఢిల్లీకి రైలు టికెట్ బుక్ చేసుకోడానికి వెళ్ళినప్పుడు ఎంఆర్టీఎస్ స్టేషన్లో రొచ్చు కంపు, చెత్త వాసనకి నాకు కడుపులో తిప్పేసింది.",Disgust
"మన విద్యా వ్యవస్థకు అవసరానికి మించి గౌరవం ఇవ్వనందుకు ""త్రి  ఇడియట్స్""ను ఇష్టంగా చూసాను.",Happiness
నేర్పుగా పని కానిచ్చుకునే పిక్ పాకెట్లను వల్ల స్థానిక పారిస్ రైళ్లలో ప్రయాణించాలంటే చాలా భయం అనిపిస్తుంది.,Fear
ఒక నాటికి కేబుల్ టీవీ బదులు స్ట్రీమింగ్ యాప్లు వస్తాయని నేను అస్సలు అనుకోలేదు.,Surprise
"మా ఈవెంట్ సమయంలో అగ్నిప్రమాదాలు, తొక్కిసలాటలను ఎదుర్కోటానికి ఈవెంట్ మేనేజర్ ఏర్పాట్ల విషయంలో నరాలు బిగపట్టి ఉన్నారు.",Fear
"ఆ వాక్యూమ్ క్లీనర్ కంపెనీకి వారమంతా, ఇరవై నాలుగ్గంటలూ కస్టమర్ సపోర్ట్ లైన్ ఉందంటే నమ్మబుద్ధి కావట్లేదు ఎందుకంటే రాత్రిపూట కాల్స్కు ఎవరూ జవాబు ఇవ్వరు.",Surprise
ఒక శాస్త్రీయ సంగీత కచేరీలో పదిహేడేళ్ల నా మేనకోడలు తన స్వర స్థాయితో నా మనసును పూర్తిగా దోచుకున్నప్పుడు భలే ఆశ్చర్యపోయాను.,Surprise
ఈ లెబనీస్ వంటకంలో కమ్మటి రుచులు ఒక దానికి ఒకటి ఎంత బాగా సరిపోయాయో అని నాకు భలే ఆశ్చర్యమనిపించింది.,Happiness
ఆ ఆటగాడు మితిమీరి గొప్పలు చెప్పుకోవడం పోగరుమోతుతనం.,Disgust
నాకు పెంపుడు జంతువులకు అనుకూలమైన అపార్ట్మెంట్ కావాలని ఇప్పటికే ఎన్నోసార్లు చెప్పాను. బ్రోకర్ నాకు చూపించిన ప్రతీ అపార్ట్మెంట్లో  పెంపుడు జంతువులను అనుమతించకపోవడం ఏం బాగోలేదు. అతనడసలు నా అవసరాలను వింటున్నాడో లేదో నాకు డౌటే.,Anger
ఛీ! పూర్తిగా కోలుకోవడంలో సహాయం చేయకుండా గంట లెక్కన ఛార్జ్ చేసే కౌన్సిలర్ల మీద నాకు విరక్తి పుడుతుంది.,Disgust
ఓ! ఈ బస్సు ఢిల్లీ కూడా వెళ్తుందా? అది అక్కడి నుంచి ఐదొందల కిలోమీటర్లు ఉంది కదా?,Surprise
నేను కలిసి పని చేయ్యాల్సిన వ్యక్తి నాతో పాటు పని చెయ్యట్లేదని నాకు కోపమొచ్చింది.,Anger
నేను ఇంకెప్పుడూ బిచ్చగాళ్ళకు ఆహారం కొనివ్వను ఎందుకంటే వాళ్లకది విలువ లేదు.,Disgust
నా మనసులో చేదు జ్ఞాపకాన్ని మిగిల్చిన సరిగా ఏర్పాటు చేయని ఈవెంట్ను అనుభూతి చెందాక ఈ ఈవెంట్ మేనేజర్కు నా అసహ్యాన్ని తెలిపాను.,Disgust
"నా పరీక్షల కోసం ముందుగానే చదవడం పూర్తి చేసి ఉండేవాన్ని, కానీ నా టెక్స్ట్ బుక్ను అడిగి తీసుకొని ఆలస్యంగా తిరిగిచ్చిన ఓ బుర్రలేని వాడి వల్ల అవలేదు.",Anger
"నేను చెక్ ఇన్ కోసం కౌంటర్ దగ్గరికెళ్లినప్పుడు ఎకానమీ సీట్లు ఓవర్బుక్ అయిపోయాయి, దాంతో ఎయిర్లైన్ సిబ్బంది నన్ను దించేయకుండా ఉచితంగా బిజినెస్ క్లాస్కి అప్గ్రేడ్ చేస్తామన్నప్పుడు ఆశ్చర్యమేసింది.",Surprise
"మాడ్రన్ ఉపకరణాలతో కూడిన వంటగది, నా వంటల ప్రయోగాల కోసం కౌంటర్‌పై ఎక్కువ చోటు ఉండాలని నేను ఆశపడ్డాను, కానీ చాలా అద్దె ఇళ్ళు నాకు నిరాశ మిగిల్చాయి.",Sadness
"ఫిలడెల్ఫియా రైలు స్టేషన్ దగ్గర  భద్రత గురించి నాకు నిజంగా భయంగా ఉంది, అక్కడ దోపిడీలు జరుగుతాయని కొన్ని భయంకరమైన కథలు విన్నాను.",Fear
"నా అభిమాన ఆటగాడు ఎం.ఎస్. ధోని ఐపిఎల్ నుండి రిటైర్ అయినప్పటి నుంచి, నాకు క్రికెట్ చూడాలనిపించడం లేదు.",Sadness
"భారతీయ సంస్కృతిని, చరిత్రను అందంగా చూపించిన ఆ సినిమా చూస్తుంటే నాకు హాయిగా అనిపించింది.",Happiness
సరిగా లేని ఈ వాతావరణంలో నేను మౌంట్ ఎవరెస్ట్ బేస్ క్యాంపుకు  ట్రిప్పు మానుకోవాలంటావా?,Fear
"ఇంట్లో వండిన ఇంత రుచికరమైన వంటలతో అప్పటికప్పుడు పొలాల్లో ఒక పిక్నిక్ చేస్కోవటానికి, భోజనానికి ఇలాంటి ఏర్పాటు నేను ఊహించలేదు! ఈ స్థలం దాగున్న అద్భుతంలా ఉంది.",Surprise
"రెస్టారెంట్లో అన్ని కోర్స్లను గ్యాప్  లేకుండా, సమయానికి డెలివరీ చేసిన తీరు నన్ను బాగా ఆకట్టుకుంది, ఇది మొత్తం డైనింగ్ ఎక్స్పీరియన్స్నే  అదరగొట్టింది.",Happiness
"బెంగుళూరులో ఆఫీస్ అవర్సులో ట్రాఫిక్ పరిస్థితి ఘోరంగా ఉంటుంది. ఆ రద్దీగా ఉన్న రోడ్లపై గంటల తరబడి ఇరుక్కుపోవడం అంటే, ఆమ్మో! భరించలేం.",Disgust
"లేడీ ఇన్స్ట్రక్టర్తో నేర్చుకోవడం అంత బాగా ఉంటుందని అస్సలు అనుకోలేదు, కానీ ఆమెకు చాలా ఓపిక, మంచి పరిజ్ఞానం ఉంది.",Surprise
"నీకు పిచ్చా? ట్రీట్మెంట్ మొదలైనప్పుడు ఇంకో డాక్టర్ చెప్పింది నలభై ఐదు రోజులు రెస్ట్ అని కాదు. ఇరవై ఒక్క రోజులు రెస్ట్ తీసుకున్నాను, ఇప్పుడు ఉద్యోగానికి తిరిగి వెళ్లకపోతే నా ఉద్యోగం పోతుంది.",Anger
